Datetime,Open,High,Low,Close,Volume,EMA_9,EMA_21,EMA_50,EMA_cross,MACD,MACD_sig,MACD_hist,MACD_cross,ADX,DI_pos,DI_neg,RSI,RSI_zone,STOCH_k,STOCH_d,ROC,BB_upper,BB_lower,BB_mid,BB_width,BB_pos,ATR,VWAP,VWAP_signal,OBV,Vol_avg,Vol_spike,Body_size,Candle_dir,Pct_from_high,Pct_from_low,Target
2026-03-17 09:30:00,837.6,839.7,837.0,839.0,1140573,837.2582,833.4651,829.8556,1,3.9128,3.4653,0.4475,1,35.4073,29.7731,10.9082,62.7817,0,60.0,60.0534,0.8413,842.5147,824.9403,833.7275,0.0211,0.8,4.5171,835.692,1,19419329,2046467.35,0,0.5185,1,-5.2887,3.1536,1
2026-03-17 09:45:00,839.15,843.8,838.6,843.55,1278213,838.5166,834.382,830.3926,1,4.208,3.6138,0.5942,1,36.7517,33.7651,10.0208,68.1531,-1,83.3333,64.9573,1.8288,843.833,825.207,834.52,0.0223,0.9848,4.5659,836.0765,1,20697542,2069756.0,0,0.8462,1,-4.7751,3.713,1
2026-03-17 10:00:00,843.85,845.6,843.0,845.2,1333206,839.8533,835.3654,830.9733,1,4.523,3.7957,0.7273,1,38.2118,35.2534,9.6003,69.8523,-1,91.7949,78.3761,2.0342,845.4794,824.9806,835.23,0.0245,0.9864,4.4255,836.5406,1,22030748,2068218.55,0,0.5192,1,-4.5241,3.9159,0
2026-03-17 10:15:00,845.05,846.95,843.2,843.65,1671151,840.6126,836.1186,831.4704,1,4.5945,3.9554,0.6391,1,39.7196,35.2991,9.0128,66.275,-1,83.2061,86.1114,1.5406,846.542,825.183,835.8625,0.0256,0.8646,4.3772,836.978,1,20359597,2102603.5,0,0.3733,-1,-4.4997,3.7253,0
2026-03-17 10:30:00,843.6,843.6,840.15,842.4,1038502,840.9701,836.6896,831.899,1,4.4985,4.0641,0.4345,1,39.8917,33.2538,13.5399,63.4528,0,76.8448,83.9486,0.7897,847.192,825.738,836.465,0.0256,0.7766,4.3146,837.2089,1,19321095,2118820.6,0,0.3478,-1,-4.6412,3.5716,1
2026-03-17 10:45:00,842.5,843.9,841.65,843.05,965174,841.3861,837.2678,832.3363,1,4.4239,4.136,0.2879,1,40.0982,32.4855,13.0177,64.304,0,80.1527,80.0679,0.5846,847.8786,826.2114,837.045,0.0259,0.7771,4.1671,837.4567,1,20286269,2126094.5,0,0.2444,1,-4.5243,3.6516,0
2026-03-17 11:00:00,843.05,843.95,840.1,840.1,945964,841.1289,837.5253,832.6408,1,4.0797,4.1248,-0.0451,-1,39.6866,30.33,14.8253,57.7319,0,63.5638,73.5204,-0.1782,848.14,826.675,837.4075,0.0256,0.6254,4.1445,837.6771,1,19340305,2115628.85,0,0.7662,-1,-4.8584,3.2889,0
2026-03-17 11:15:00,840.15,840.15,836.15,836.75,1222890,840.2531,837.4548,832.8019,1,3.4963,3.9991,-0.5028,-1,37.9642,28.2338,20.6254,51.3178,0,38.9222,60.8796,-0.7296,848.1656,826.9444,837.555,0.0253,0.4621,4.1341,837.8475,-1,18117415,2098166.45,0,0.85,-1,-5.1734,2.877,1
2026-03-17 11:30:00,836.75,837.9,835.25,837.15,729034,839.6325,837.4271,832.9724,1,3.0313,3.8055,-0.7742,-1,36.0912,26.9071,21.2522,52.0035,0,18.3333,40.2731,-0.2205,848.1105,827.5245,837.8175,0.0246,0.4676,4.0281,837.9772,-1,18846449,2080798.05,0,0.1509,1,-4.9827,2.9262,1
2026-03-17 11:45:00,837.2,840.4,837.15,840.0,618680,839.706,837.661,833.248,1,2.8598,3.6164,-0.7566,-1,34.9205,29.8299,20.0102,56.6848,0,40.5983,32.6179,0.3165,848.1155,828.4095,838.2625,0.0235,0.5882,3.9726,838.1952,1,19465129,2048229.05,0,0.8615,1,-4.6592,3.2766,1
2026-03-17 12:00:00,840.0,841.05,838.95,840.6,462976,839.8848,837.9282,833.5363,1,2.7406,3.4412,-0.7006,-1,33.9748,29.8737,19.2284,57.622,0,45.7265,34.886,0.1907,848.1577,829.2273,838.6925,0.0226,0.6008,3.8388,838.4724,1,19928105,1986350.6,0,0.2857,1,-4.5911,3.3503,0
2026-03-17 12:15:00,840.6,840.75,838.65,839.75,473006,839.8578,838.0938,833.78,1,2.5483,3.2626,-0.7144,-1,32.9915,28.6674,19.0288,55.7808,0,38.4615,41.5954,-0.4505,847.466,831.054,839.26,0.0196,0.5299,3.7146,839.0225,1,19455099,1893921.35,0,0.4048,-1,-4.6876,3.2458,1
2026-03-17 12:30:00,840.0,842.7,838.7,842.1,1107449,840.3063,838.458,834.1063,1,2.556,3.1213,-0.5653,-1,32.5233,30.2036,17.5731,59.6221,0,58.547,47.5783,-0.3668,846.5244,833.3706,839.9475,0.0157,0.6636,3.735,839.5052,1,20562548,1875368.55,0,0.525,1,-4.4209,3.5348,1
2026-03-17 12:45:00,842.1,844.35,842.0,843.5,1138980,840.945,838.9164,834.4747,1,2.6446,3.026,-0.3814,-1,32.4374,32.0506,16.7619,61.7537,0,70.5128,55.8405,-0.0178,845.8361,835.3239,840.58,0.0125,0.7778,3.6361,839.9318,1,21701528,1868968.5,0,0.5957,1,-4.262,3.7069,1
2026-03-17 13:00:00,843.65,845.2,842.5,845.0,1280466,841.756,839.4694,834.8874,1,2.8035,2.9815,-0.178,-1,32.532,32.0199,15.8562,63.9496,0,83.3333,70.7977,0.3086,846.1505,835.9295,841.04,0.0122,0.8874,3.5692,840.734,1,22981994,1725641.1,0,0.5,1,-4.0917,3.8913,0
2026-03-17 13:15:00,845.05,845.85,843.75,844.85,803040,842.3748,839.9586,835.2781,1,2.8841,2.962,-0.0779,-1,32.7543,31.9737,15.1696,63.5567,0,82.0513,78.6325,0.2135,846.5617,836.1883,841.375,0.0123,0.835,3.4643,841.3745,1,22178954,1516205.95,0,0.0952,-1,-4.1087,3.8729,0
2026-03-17 13:30:00,844.55,846.65,842.7,843.6,767743,842.6198,840.2896,835.6045,1,2.8147,2.9325,-0.1178,-1,32.5042,29.3954,16.0899,60.2348,0,71.3675,78.9174,0.4166,846.7515,836.1985,841.475,0.0125,0.7014,3.499,841.4594,1,21411211,1349181.2,0,0.2405,-1,-4.2506,3.7192,0
2026-03-17 13:45:00,843.65,844.45,842.65,843.35,642740,842.7659,840.5678,835.9082,1,2.7083,2.8877,-0.1794,-1,32.2497,28.2765,15.5831,59.5642,0,71.0526,74.8238,0.7888,846.8019,836.1931,841.4975,0.0126,0.6746,3.3776,841.4995,1,20768471,1094854.3,0,0.1667,-1,-4.279,3.6884,1
2026-03-17 14:00:00,843.3,845.7,842.3,845.65,1246293,843.3427,841.0298,836.2902,1,2.7775,2.8657,-0.0881,-1,32.3227,28.8865,14.4632,63.581,0,91.2281,77.8827,1.0153,847.2977,836.3623,841.83,0.013,0.8493,3.3792,842.0658,1,22014764,986918.55,0,0.6912,1,-4.0179,3.9712,0
2026-03-17 14:15:00,845.45,846.6,842.25,843.4,1667434,843.3542,841.2453,836.5691,1,2.6206,2.8166,-0.196,-1,32.6056,28.148,13.1601,57.5574,0,71.4912,77.924,0.4048,847.2323,837.0327,842.1325,0.0121,0.6243,3.4485,842.3153,1,20347330,1026675.7,1,0.4713,-1,-4.2733,3.6946,1
2026-03-17 14:30:00,843.35,845.45,843.35,844.3,968064,843.5433,841.523,836.8722,1,2.5396,2.7612,-0.2216,-1,32.8683,26.8884,12.5712,59.2216,0,79.386,80.7018,0.4402,847.3679,837.4271,842.3975,0.0118,0.6914,3.3522,842.6228,1,21315394,1018050.25,0,0.4524,1,-4.1712,3.8052,1
2026-03-17 14:45:00,844.25,846.45,843.55,846.15,1523224,844.0647,841.9436,837.2361,1,2.5948,2.728,-0.1331,-1,33.3623,27.3623,11.7868,62.4784,0,95.614,82.1637,0.7621,847.7417,837.3133,842.5275,0.0124,0.8474,3.3199,842.8665,1,22838618,1030300.8,0,0.6552,1,-3.9612,4.0327,1
2026-03-17 15:00:00,846.35,848.5,843.7,847.0,7414218,844.6517,842.4033,837.619,1,2.6763,2.7176,-0.0413,-1,34.2865,28.8982,10.6071,63.9049,0,86.7841,87.2614,0.5819,848.0698,837.1652,842.6175,0.0129,0.9019,3.4256,843.7616,1,30252836,1334351.4,1,0.1354,1,-3.8647,4.1372,0
2026-03-17 15:15:00,847.0,847.0,842.55,842.8,4319836,844.2814,842.4394,837.8221,1,2.3746,2.649,-0.2744,-1,34.5034,26.2729,11.9912,53.1525,0,42.132,74.8434,-0.083,848.0076,837.1424,842.575,0.0129,0.5207,3.4988,843.7661,-1,25933000,1466785.65,1,0.9438,-1,-4.3414,3.6208,0
2026-03-18 09:15:00,845.1,845.1,835.2,836.75,1034402,842.7751,841.9222,837.7801,1,1.6285,2.4449,-0.8164,-1,32.2853,21.5766,23.1187,42.1507,0,11.6541,46.8568,-0.9763,848.2904,836.2946,842.2925,0.0142,0.038,3.956,843.6594,-1,24898598,1466580.65,0,0.8434,-1,-5.0281,2.877,0
2026-03-18 09:30:00,836.75,837.35,835.55,836.7,883014,841.5601,841.4474,837.7377,1,1.0214,2.1602,-1.1388,-1,30.2257,20.8469,22.3369,42.0732,0,11.2782,21.6881,-0.9647,848.4334,835.5166,841.975,0.0153,0.0916,3.802,843.4704,-1,24015584,1462472.65,0,0.0278,-1,-5.0338,2.8708,0
2026-03-18 09:45:00,836.65,837.6,832.5,834.0,1388225,840.0481,840.7704,837.5912,-1,0.3188,1.7919,-1.4731,-1,29.1754,18.8971,25.8413,38.0087,0,9.375,10.7691,-1.138,848.9745,834.3655,841.67,0.0174,-0.025,3.8947,843.1268,-1,22627359,1484585.7,0,0.5196,-1,-5.3402,2.5389,0
2026-03-18 10:00:00,834.0,834.2,831.65,833.1,680439,838.6585,840.0731,837.415,-1,-0.3072,1.3721,-1.6793,-1,28.4184,17.991,26.2005,36.7348,0,8.6053,9.7528,-1.2154,849.4292,833.5458,841.4875,0.0189,-0.0281,3.7987,843.1184,-1,21946920,1457463.15,0,0.3529,-1,-5.4424,2.4282,1
2026-03-18 10:15:00,833.1,837.6,833.1,837.35,756919,838.3968,839.8255,837.4125,-1,-0.455,1.0067,-1.4617,-1,26.5737,22.7984,24.0124,45.9478,0,33.8279,17.2694,-0.9815,849.4178,833.5772,841.4975,0.0188,0.2382,3.8488,843.0929,-1,22703839,1458857.4,0,0.9444,1,-4.96,2.9508,0
2026-03-18 10:30:00,837.35,837.6,836.5,837.05,573027,838.1274,839.5732,837.3983,-1,-0.5896,0.6874,-1.2771,-1,24.8609,22.308,23.4958,45.4447,0,32.0475,24.8269,-0.7529,849.4834,833.2166,841.35,0.0193,0.2357,3.6524,843.0571,-1,22130812,1456574.75,0,0.2727,-1,-4.994,2.9139,1
2026-03-18 10:45:00,837.0,839.4,836.65,838.8,1213350,838.2619,839.5029,837.4532,-1,-0.5488,0.4402,-0.989,-1,23.46,24.6701,22.2095,48.9556,0,42.4332,36.1029,-0.6514,849.4641,833.0559,841.26,0.0195,0.3501,3.588,842.9075,-1,23344162,1494093.45,0,0.6545,1,-4.7954,3.129,0
2026-03-18 11:00:00,838.8,839.3,837.5,838.35,678156,838.2795,839.3981,837.4884,-1,-0.5464,0.2429,-0.7893,-1,22.1592,23.7535,21.3843,48.0984,0,39.7626,38.0811,-0.9218,849.468,832.912,841.19,0.0197,0.3285,3.4603,842.8557,-1,22666006,1504350.95,0,0.25,-1,-4.8465,3.0737,1
2026-03-18 11:15:00,838.35,840.15,837.75,838.9,723584,838.4036,839.3528,837.5438,-1,-0.4944,0.0954,-0.5898,-1,21.2232,24.3442,20.3012,49.2676,0,43.0267,41.7409,-0.9563,849.355,832.705,841.03,0.0198,0.3721,3.3845,842.8231,-1,23389590,1485157.7,0,0.2292,1,-4.7841,3.1413,1
2026-03-18 11:30:00,839.2,841.75,838.4,841.15,712830,838.9529,839.5162,837.6852,-1,-0.2686,0.0226,-0.2912,-1,20.8434,26.001,18.8648,53.8481,0,56.3798,46.3897,-0.1958,849.1608,832.6642,840.9125,0.0196,0.5144,3.3821,842.747,-1,24102420,1463850.2,0,0.5821,1,-4.5287,3.418,0
2026-03-18 11:45:00,841.15,842.1,840.3,840.75,762438,839.3123,839.6284,837.8054,-1,-0.1205,-0.006,-0.1145,-1,20.5954,25.7431,18.1229,52.9331,0,54.0059,51.1375,0.478,848.7322,832.6678,840.7,0.0191,0.5031,3.2691,842.6359,-1,23339982,1437948.8,0,0.2222,-1,-4.5741,3.3688,0
2026-03-18 12:00:00,840.55,841.5,840.35,840.65,661437,839.5799,839.7212,837.9169,-1,-0.0111,-0.007,-0.0041,-1,20.3651,25.0649,17.6454,52.692,0,53.4125,54.5994,0.4721,848.2936,832.6864,840.49,0.0186,0.5103,3.1177,842.533,-1,22678545,1430868.65,0,0.087,1,-4.5854,3.3565,0
2026-03-18 12:15:00,840.65,841.7,838.8,839.4,860328,839.5439,839.692,837.9751,-1,-0.025,-0.0106,-0.0143,-1,19.4623,23.3912,20.0361,49.6485,0,50.4886,52.6357,0.6475,847.9627,832.5973,840.28,0.0183,0.4427,3.1022,842.4084,-1,21818217,1435497.9,0,0.431,-1,-4.7273,3.2028,1
2026-03-18 12:30:00,839.2,840.75,839.2,840.75,455990,839.7851,839.7882,838.0839,-1,0.0721,0.0059,0.0662,1,18.624,22.5254,19.2945,52.8182,0,67.658,57.1864,0.9183,847.7074,832.5926,840.15,0.018,0.5397,2.9913,842.3494,-1,22274207,1426160.4,0,1.0,1,-4.5741,3.3688,0
2026-03-18 12:45:00,840.7,840.8,839.4,840.55,249922,839.9381,839.8575,838.1806,1,0.1315,0.031,0.1004,1,17.8658,21.8668,18.624,52.293,0,85.1675,67.7714,0.3822,847.025,832.765,839.895,0.017,0.5459,2.8776,842.2307,-1,22024285,1376341.85,0,0.1071,-1,-4.5968,3.3442,1
2026-03-18 13:00:00,840.7,841.45,839.5,841.2,498139,840.1905,839.9795,838.299,1,0.2283,0.0705,0.1578,1,17.432,22.4349,17.7013,53.8975,0,91.3876,81.4043,0.4958,846.7615,832.8085,839.785,0.0166,0.6014,2.8114,842.0849,-1,22522424,1317877.1,0,0.2564,1,-4.523,3.4241,0
2026-03-18 13:15:00,841.05,842.0,840.45,841.15,707867,840.3824,840.0859,838.4108,1,0.2975,0.1159,0.1817,1,17.257,22.9657,16.9811,53.7477,0,90.9091,89.1547,0.2802,846.3259,832.9291,839.6275,0.016,0.6136,2.7213,841.9762,-1,21814557,1304867.25,0,0.0645,1,-4.5287,3.418,1
2026-03-18 13:30:00,841.3,842.1,840.8,841.55,607751,840.6159,840.219,838.5339,1,0.3803,0.1688,0.2116,1,17.1371,22.4244,16.3792,54.829,0,93.8889,92.0618,0.3817,845.471,833.324,839.3975,0.0145,0.6772,2.6197,841.7583,-1,22422308,1259093.6,0,0.1923,1,-4.4833,3.4671,1
2026-03-18 13:45:00,841.55,843.8,841.3,843.4,909579,841.1727,840.5082,838.7248,1,0.5884,0.2527,0.3357,1,17.7131,25.5412,15.2591,59.54,0,94.5205,93.1062,0.5364,844.5469,833.8881,839.2175,0.0127,0.8924,2.6112,839.968,1,23331887,933861.65,0,0.74,1,-4.2733,3.6946,1
2026-03-18 14:00:00,843.4,844.45,842.7,844.3,719157,841.7982,840.8529,838.9434,1,0.8166,0.3655,0.4511,1,18.4875,26.1099,14.511,61.6362,0,98.0769,95.4955,0.3745,844.8584,833.7266,839.2925,0.0133,0.9498,2.5497,838.9629,1,24051044,753827.7,0,0.5143,1,-4.1712,3.8052,1
2026-03-18 14:15:00,844.4,846.8,843.85,845.65,666076,842.5685,841.289,839.2064,1,1.0937,0.5111,0.5826,1,19.9649,30.4865,13.3251,64.599,0,87.6344,93.4106,0.5828,845.8184,833.6566,839.7375,0.0145,0.9861,2.5783,839.2521,1,24717120,735411.4,0,0.4237,1,-4.0179,3.9712,0
2026-03-18 14:30:00,846.0,846.6,844.05,844.3,810923,842.9148,841.5627,839.4061,1,1.1907,0.647,0.5436,1,21.3367,28.3311,12.383,59.6389,0,72.3757,86.029,0.4342,846.3399,833.8951,840.1175,0.0148,0.8361,2.5763,839.7337,1,23906197,731806.85,0,0.6667,-1,-4.1712,3.8052,0
2026-03-18 14:45:00,844.3,844.7,843.35,844.3,578885,843.1919,841.8116,839.5981,1,1.2531,0.7682,0.4848,1,22.1252,27.2333,13.9123,59.6389,0,70.2381,76.7494,0.5838,846.4352,834.8298,840.6325,0.0138,0.816,2.4887,840.4226,1,24485082,691339.85,0,0.0,1,-4.1712,3.8052,0
2026-03-18 15:00:00,844.3,844.8,842.6,843.8,1543738,843.3135,841.9923,839.7628,1,1.2478,0.8642,0.3836,1,22.353,25.4994,15.1971,57.7347,0,62.5,68.3713,0.3628,845.9826,836.3524,841.1675,0.0114,0.7734,2.468,841.1151,1,22941344,734504.8,1,0.2273,-1,-4.2279,3.7438,0
2026-03-18 15:15:00,843.95,843.95,841.1,842.0,1270990,843.0508,841.993,839.8506,1,1.0858,0.9085,0.1774,1,21.6423,23.4191,18.251,51.3752,0,40.0,57.5794,0.1725,845.8937,836.9063,841.4,0.0107,0.5668,2.4953,841.4721,1,21670354,760208.35,1,0.6842,-1,-4.4322,3.5225,0
2026-03-19 09:15:00,773.9,814.4,773.9,811.4,27318761,836.7206,839.2119,838.7349,-1,-1.4944,0.4279,-1.9223,-1,25.8947,7.5562,72.7283,17.0309,1,51.4403,51.3134,-3.5426,853.8954,826.3396,840.1175,0.0328,-0.5422,7.1814,814.4598,-1,-5648407,2097495.05,1,0.9259,1,-7.9053,0.0,0
2026-03-19 09:30:00,811.5,812.1,799.95,802.65,11057322,829.9065,835.888,837.3198,-1,-4.197,-0.4971,-3.6999,-1,29.8434,6.6861,64.3531,14.1235,1,39.4376,43.626,-4.5771,859.6917,816.9283,838.31,0.051,-0.3339,7.5363,811.8608,-1,-16705729,2589693.65,1,0.7284,-1,-8.8985,0.0,0
2026-03-19 09:45:00,802.55,803.5,799.5,800.9,13819133,824.1052,832.7073,835.8915,-1,-6.4062,-1.6789,-4.7273,-1,33.5187,6.4238,62.2701,13.6226,1,37.037,42.6383,-4.8304,863.3271,809.5479,836.4375,0.0643,-0.1608,7.2837,809.3363,-1,-30524862,3246742.5,1,0.4125,-1,-9.0971,0.0,0
2026-03-19 10:00:00,800.9,804.65,799.25,799.25,9518396,819.1342,829.6657,834.4546,-1,-8.1956,-2.9822,-5.2134,-1,36.7065,7.2262,58.9104,13.1491,1,34.7737,37.0828,-5.2348,865.8031,803.1069,834.455,0.0751,-0.0615,7.1491,807.9761,-1,-40043258,3686483.1,1,0.3056,-1,-9.2844,0.0,1
2026-03-19 10:15:00,799.5,805.5,797.65,805.25,7998435,816.3573,827.4461,833.3093,-1,-9.0256,-4.1909,-4.8347,-1,39.7061,6.6634,55.9096,23.5549,1,43.0041,38.2716,-4.6251,866.2968,799.0232,832.66,0.0808,0.0926,7.1992,807.1795,-1,-32044823,4050763.35,1,0.7325,1,-8.6034,0.7507,0
2026-03-19 10:30:00,805.3,805.95,803.2,805.2,4567787,814.1259,825.4238,832.207,-1,-9.5769,-5.2681,-4.3088,-1,42.3942,6.9403,54.3137,23.5296,1,42.9355,40.2378,-4.7833,866.3299,795.4351,830.8825,0.0853,0.1377,6.8814,806.746,-1,-36612610,4241030.8,0,0.0364,-1,-8.609,0.7444,1
2026-03-19 10:45:00,805.0,809.15,804.75,806.1,4737296,812.5207,823.667,831.1832,-1,-9.828,-6.1801,-3.6479,-1,44.1914,10.0243,51.7675,25.0893,1,44.1701,43.3699,-4.5245,865.8747,792.4353,829.155,0.0886,0.1861,6.7042,806.4881,-1,-31875314,4444823.75,0,0.25,1,-8.5069,0.8571,0
2026-03-19 11:00:00,806.1,806.65,803.45,803.45,4943546,810.7066,821.8291,830.0956,-1,-10.1241,-6.9689,-3.1552,-1,45.9148,9.6693,51.3729,23.5652,1,40.535,42.5469,-4.8383,865.3913,789.3237,827.3575,0.0919,0.1857,6.4539,806.0735,-1,-36818860,4648984.65,0,0.8281,-1,-8.8077,0.5255,1
2026-03-19 11:15:00,803.65,804.55,800.65,803.55,4249485,809.2752,820.1674,829.0546,-1,-10.2327,-7.6217,-2.6111,-1,47.6324,9.2398,52.28,23.7534,1,40.6722,41.7924,-4.7701,864.359,786.636,825.4975,0.0942,0.2176,6.2714,805.774,-1,-32569375,4838659.4,0,0.0256,-1,-8.7963,0.538,1
2026-03-19 11:30:00,803.7,806.35,803.4,806.2,3090243,808.6602,818.8976,828.1584,-1,-9.9898,-8.0953,-1.8945,-1,48.8068,11.0479,50.4544,28.76,1,44.4292,41.8788,-4.2518,862.8643,784.6957,823.78,0.0949,0.2751,6.0342,805.6733,1,-29479132,4980675.45,0,0.8475,1,-8.4955,0.8696,1
2026-03-19 11:45:00,806.25,809.8,806.15,808.9,2250007,808.7082,817.9888,827.4031,-1,-9.4703,-8.3703,-1.1,-1,49.1151,14.7591,48.2111,33.5477,1,49.3653,44.8222,-0.3081,860.9044,783.4256,822.165,0.0942,0.3288,5.8639,805.559,1,-27229125,5068268.85,0,0.726,1,-8.1891,1.2074,1
2026-03-19 12:00:00,808.95,813.75,808.95,813.3,2827553,809.6265,817.5625,826.8501,-1,-8.6043,-8.4171,-0.1872,-1,48.5698,18.748,45.3273,40.5586,0,55.5712,49.7886,1.3269,858.6752,782.8698,820.7725,0.0924,0.4014,5.7915,805.4912,1,-24401572,5174253.15,0,0.9062,1,-7.6897,1.7579,1
2026-03-19 12:15:00,812.95,815.5,812.25,813.45,2985293,810.3912,817.1886,826.3246,-1,-7.8159,-8.2969,0.481,1,47.7098,20.2004,43.4516,40.7879,0,56.4597,53.7987,1.567,856.152,782.583,819.3675,0.0898,0.4196,5.6099,805.517,1,-21416279,5293130.25,0,0.1538,1,-7.6727,1.7767,0
2026-03-19 12:30:00,813.4,814.1,812.0,812.45,1908622,810.803,816.7579,825.7805,-1,-7.1888,-8.0753,0.8864,1,46.9354,19.635,42.5687,39.6885,0,92.6683,68.2331,1.6515,852.9993,782.6407,817.82,0.086,0.4237,5.3592,805.3303,1,-23324901,5343082.4,0,0.4524,-1,-7.7862,1.6515,1
2026-03-19 12:45:00,812.45,814.85,812.25,814.3,2659822,811.5024,816.5344,825.3303,-1,-6.468,-7.7538,1.2858,1,46.05,19.9664,41.0372,42.7623,0,93.2773,80.8018,1.1239,849.3476,783.2924,816.32,0.0809,0.4694,5.1621,805.283,1,-20665079,5440115.65,0,0.7115,1,-7.5762,1.883,0
2026-03-19 13:00:00,814.2,814.4,811.2,811.8,3223021,811.5619,816.104,824.7997,-1,-6.029,-7.4089,1.3798,1,45.3448,19.0576,40.6629,39.8096,0,79.2717,88.4058,0.8197,844.8169,784.4381,814.6275,0.0741,0.4532,5.022,805.2508,1,-23888100,5567962.9,0,0.75,-1,-7.8599,1.5702,0
2026-03-19 13:15:00,811.75,812.65,809.05,809.3,3478734,811.1095,815.4855,824.1918,-1,-5.8158,-7.0902,1.2744,1,44.9283,18.0617,41.6589,37.0543,0,65.2661,79.2717,0.397,839.8726,785.8824,812.8775,0.0664,0.4337,4.9204,805.1233,1,-27366834,5701353.45,0,0.6806,-1,-8.1437,1.2574,1
2026-03-19 13:30:00,809.4,811.8,809.1,810.8,1934043,811.0476,815.0595,823.6667,-1,-5.4628,-6.7648,1.3019,1,44.5414,17.3301,39.9717,39.7488,0,73.6695,72.7358,0.9148,834.0257,788.3793,811.2025,0.0563,0.4912,4.7618,805.0189,1,-25432791,5769111.35,0,0.5185,1,-7.9734,1.4451,0
2026-03-19 13:45:00,810.95,810.95,807.9,808.15,2162597,810.4681,814.4314,823.0582,-1,-5.3354,-6.4789,1.1435,1,44.3236,16.5164,39.9422,36.7553,0,50.5051,63.1469,0.5725,826.6692,792.1708,809.42,0.0426,0.4632,4.6395,804.5779,1,-27595388,5800054.3,0,0.918,-1,-8.2742,1.1135,0
2026-03-19 14:00:00,808.25,809.15,806.3,807.7,3396783,809.9145,813.8194,822.4559,-1,-5.2107,-6.2252,1.0146,1,44.3089,15.7712,40.6731,36.256,0,47.4747,57.2164,0.1861,816.3114,799.0986,807.705,0.0213,0.4997,4.5117,804.2617,1,-30992171,5906343.95,0,0.193,-1,-8.3253,1.0572,0
2026-03-19 14:15:00,807.75,808.8,805.25,805.95,2689171,809.1216,813.104,821.8086,-1,-5.1932,-6.0188,0.8257,1,44.418,14.8711,40.0398,34.3042,1,35.6902,44.5567,-0.3647,815.8976,798.9674,807.4325,0.021,0.4124,4.443,805.6053,1,-33681342,4674864.45,0,0.507,-1,-8.5239,0.8383,0
2026-03-19 14:30:00,806.0,806.3,804.0,804.65,3243050,808.2273,812.3355,821.1357,-1,-5.224,-5.8599,0.6359,1,44.6659,14.3016,40.5878,32.8879,1,26.936,36.7003,-1.0636,815.8145,799.2505,807.5325,0.0205,0.326,4.29,805.6728,-1,-36924392,4284150.85,0,0.587,-1,-8.6715,0.6756,0
2026-03-19 14:45:00,805.0,805.05,799.9,800.05,6075647,806.5918,811.2186,820.3088,-1,-5.5555,-5.799,0.2435,1,45.3358,13.0925,43.8868,28.4169,1,0.9615,21.1959,-1.6473,815.9152,799.0648,807.49,0.0209,0.0585,4.3514,806.1358,-1,-43000039,3896976.55,1,0.9612,-1,-9.1936,0.1001,0
2026-03-19 15:00:00,800.05,803.75,794.5,796.85,11395368,804.6434,809.9124,819.3889,-1,-6.0073,-5.8407,-0.1666,-1,46.4289,11.2525,45.9234,25.7903,1,11.1905,13.0293,-1.9201,816.3137,798.4263,807.37,0.0222,-0.0881,4.7013,805.6332,-1,-54395407,3990825.15,1,0.3459,-1,-9.5568,0.0,1
2026-03-19 15:15:00,796.7,801.0,796.0,800.0,6559762,803.7148,809.0113,818.6285,-1,-6.0414,-5.8808,-0.1606,-1,47.4439,10.4016,42.4505,32.4129,1,26.1905,12.7808,-1.7561,816.5774,797.6376,807.1075,0.0235,0.1247,4.7226,805.3671,-1,-47835645,3918891.5,1,0.66,1,-8.7175,0.3953,0
2026-03-20 09:15:00,787.1,793.7,781.1,791.1,5743985,801.1918,807.383,817.549,-1,-6.7093,-6.0465,-0.6628,-1,49.2712,7.9532,51.0151,25.4911,1,29.0698,22.1502,-2.5499,818.1588,794.6462,806.4025,0.0292,-0.1508,5.7353,804.1924,-1,-53579630,3977701.4,0,0.3175,1,-9.5989,0.0,0
2026-03-20 09:30:00,791.2,793.55,785.85,785.85,5741567,798.1234,805.4254,816.3059,-1,-7.575,-6.3522,-1.2228,-1,50.9679,7.2087,46.2397,22.446,1,14.0741,23.1114,-2.8976,820.1742,790.6058,805.39,0.0367,-0.1608,5.8756,802.9225,-1,-59321197,4027914.95,0,0.6948,-1,-9.4434,0.0,0
2026-03-20 09:45:00,785.7,788.95,784.8,785.75,4598314,795.6488,803.6367,815.1076,-1,-8.1748,-6.7167,-1.4581,-1,52.5918,6.8372,45.1607,22.3912,1,13.7778,18.9739,-3.0895,821.5881,787.4219,804.505,0.0425,-0.0489,5.7524,801.8829,-1,-63919511,4010653.35,0,0.012,1,-9.4549,0.0,0
2026-03-20 10:00:00,785.75,785.75,782.85,783.9,3110720,793.299,801.8425,813.8838,-1,-8.6992,-7.1132,-1.586,-1,54.1893,6.582,45.985,21.3514,1,8.4084,12.0868,-3.0007,822.828,784.217,803.5225,0.0481,-0.0082,5.5486,801.1304,-1,-67030231,3953715.1,0,0.6379,-1,-9.6681,0.0,0
2026-03-20 10:15:00,783.9,784.3,781.2,783.2,2979021,791.2792,800.1477,812.6805,-1,-9.0667,-7.5039,-1.5628,-1,55.7474,6.3108,46.2834,20.9548,1,6.6561,9.6141,-3.0333,823.5522,781.1928,802.3725,0.0528,0.0474,5.3737,800.2788,-1,-70009252,3948154.0,0,0.2258,-1,-9.6499,0.0,0
2026-03-20 10:30:00,783.2,784.15,781.5,781.8,2881740,789.3834,798.4797,811.4695,-1,-9.3631,-7.8758,-1.4873,-1,57.1941,6.0801,44.5919,20.1489,1,2.2801,5.7815,-2.9965,823.763,778.272,801.0175,0.0568,0.0776,5.1792,799.4082,-1,-72890992,3979740.65,0,0.5283,-1,-9.6811,0.0,1
2026-03-20 10:45:00,781.5,783.7,780.95,783.5,3726556,788.2067,797.118,810.3726,-1,-9.3529,-8.1712,-1.1817,-1,58.5648,5.8415,43.6269,23.9727,1,8.5,5.8121,-2.6285,822.7585,776.2965,799.5275,0.0581,0.155,5.0057,798.1931,-1,-69164436,4024690.8,0,0.7273,1,-9.4848,0.2174,0
2026-03-20 11:00:00,783.15,783.15,780.1,781.15,2818852,786.7954,795.6663,809.2267,-1,-9.4258,-8.4221,-1.0037,-1,59.8809,5.5515,42.702,22.3775,1,3.6145,4.7982,-2.3624,821.5351,774.2899,797.9125,0.0592,0.1452,4.891,797.0286,-1,-71983288,4016368.75,0,0.6557,-1,-9.7562,0.0,1
2026-03-20 11:15:00,781.15,782.4,780.0,781.85,1832001,785.8063,794.4103,808.1531,-1,-9.3197,-8.6016,-0.7181,-1,61.1083,5.3496,41.3003,23.9998,1,6.4236,6.1794,-1.8824,820.0044,772.7606,796.3825,0.0593,0.1924,4.713,796.2959,-1,-70151287,4012537.7,0,0.2917,1,-9.6754,0.0896,0
2026-03-20 11:30:00,781.75,781.95,780.6,781.15,1354661,784.875,793.2048,807.0941,-1,-9.1862,-8.7186,-0.4677,-1,62.2481,5.2342,40.4099,23.4715,1,4.3726,4.8036,-2.3563,817.7294,771.7206,794.725,0.0579,0.2049,4.4728,795.4477,-1,-71505948,3947279.65,0,0.4444,-1,-9.5682,0.0,0
2026-03-20 11:45:00,781.15,781.8,778.75,780.8,2240345,784.06,792.0771,806.063,-1,-9.0048,-8.7758,-0.229,-1,63.4132,4.9734,41.419,23.1966,1,7.7947,6.197,-1.302,815.5371,770.8129,793.175,0.0564,0.2233,4.3712,794.3132,-1,-73746293,3898145.85,0,0.1148,-1,-9.5354,0.0,1
2026-03-20 12:00:00,780.6,782.2,779.75,781.7,1695896,783.588,791.1337,805.1076,-1,-8.6883,-8.7583,0.07,1,64.3044,5.4426,39.707,25.6097,1,11.8,7.9891,-0.5281,813.4001,770.1899,791.795,0.0546,0.2664,4.234,793.2901,-1,-72050397,3809003.95,0,0.449,1,-9.3891,0.1153,0
2026-03-20 12:15:00,781.7,781.9,780.0,781.55,1869958,783.1804,790.2625,804.1837,-1,-8.3533,-8.6773,0.324,1,65.132,5.261,38.3821,25.4661,1,12.5843,10.7263,-0.5345,810.5062,770.1588,790.3325,0.0511,0.2823,4.0673,792.5528,-1,-73920355,3805799.7,0,0.0789,-1,-9.4065,0.0961,1
2026-03-20 12:30:00,781.5,784.35,780.0,783.15,1917631,783.1743,789.6159,803.3589,-1,-7.868,-8.5154,0.6475,1,64.6946,9.1425,35.4644,29.9769,1,29.4314,17.9386,-0.0957,807.7253,770.4397,789.0825,0.0473,0.3409,4.0875,791.83,-1,-72002724,3793551.4,0,0.3793,1,-9.2211,0.301,1
2026-03-20 12:45:00,783.15,789.0,783.0,786.8,3913724,783.8995,789.3599,802.7095,-1,-7.1069,-8.2337,1.1268,1,62.4258,16.078,31.8662,39.0405,0,54.3919,32.1359,0.4597,804.6177,771.4573,788.0375,0.0421,0.4627,4.2241,790.8385,-1,-68089000,3819398.45,0,0.6083,1,-8.798,0.7684,0
2026-03-20 13:00:00,786.8,787.95,784.95,785.4,2902805,784.1996,788.9999,802.0307,-1,-6.5413,-7.8953,1.3539,1,60.319,15.2451,30.2155,37.0591,0,64.878,49.5671,0.4605,801.4288,772.5912,787.01,0.0366,0.4442,4.1366,790.1033,-1,-70991805,3830080.15,0,0.4667,-1,-8.9602,0.5891,1
2026-03-20 13:15:00,785.35,786.15,785.0,785.55,1830087,784.4697,788.6863,801.3844,-1,-6.0117,-7.5185,1.5068,1,58.3626,14.9259,29.5828,37.4255,0,66.3415,61.8705,0.2616,797.99,774.12,786.055,0.0304,0.4788,3.9233,789.351,-1,-69161718,3759432.0,0,0.1739,1,-8.9006,0.6084,0
2026-03-20 13:30:00,785.55,785.8,784.1,784.5,2019442,784.4757,788.3057,800.7223,-1,-5.612,-7.1372,1.5252,1,56.7287,14.4445,30.3363,35.852,0,56.0976,62.439,0.4289,795.3442,775.2108,785.2775,0.0256,0.4614,3.7645,788.1699,-1,-71181160,3556621.75,0,0.6176,-1,-9.0224,0.4739,0
2026-03-20 13:45:00,784.5,785.05,782.4,783.1,1688915,784.2006,787.8325,800.0312,-1,-5.3466,-6.7791,1.4325,1,55.5433,13.7025,32.0733,33.8109,1,42.439,54.9593,0.1599,793.1697,776.0103,784.59,0.0219,0.4132,3.6849,786.1503,-1,-72870075,3071299.1,0,0.5283,-1,-9.132,0.2946,1
2026-03-20 14:00:00,783.15,784.45,782.35,783.2,1691468,784.0005,787.4113,799.3712,-1,-5.0697,-6.4372,1.3675,1,54.4522,13.127,30.8263,34.0995,1,43.4146,47.3171,0.2624,788.6164,778.8836,783.75,0.0124,0.4435,3.5717,784.5757,-1,-71178607,2827884.4,0,0.0238,1,-9.1204,0.3074,0
2026-03-20 14:15:00,783.2,783.55,781.5,781.55,2477543,783.5104,786.8785,798.6723,-1,-4.9266,-6.1351,1.2085,1,53.6096,12.572,31.2761,31.6474,1,27.3171,37.7236,0.0961,786.8688,779.6762,783.2725,0.0092,0.2605,3.463,784.0279,-1,-73656150,2664562.3,0,0.8049,-1,-9.3119,0.0961,0
2026-03-20 14:30:00,781.55,782.25,779.85,780.05,2791513,782.8183,786.2577,797.942,-1,-4.8781,-5.8837,1.0056,1,53.1433,11.9357,33.1727,29.566,1,12.6829,27.8049,-0.2111,786.6356,779.3294,782.9825,0.0093,0.0986,3.3871,783.3438,-1,-76447663,2517059.6,0,0.625,-1,-9.486,0.0,1
2026-03-20 14:45:00,780.0,780.6,779.0,780.25,2654310,782.3046,785.7116,797.2482,-1,-4.7685,-5.6606,0.8922,1,52.8653,11.5172,33.8723,30.2249,1,14.6341,18.2114,-0.1663,786.3136,779.1014,782.7075,0.0092,0.1593,3.2594,782.8577,-1,-73793353,2419859.4,0,0.1562,1,-9.3576,0.0256,0
2026-03-20 15:00:00,780.35,786.45,779.2,779.75,10109535,781.7937,785.1696,796.562,-1,-4.6681,-5.4621,0.794,1,50.1208,21.6235,28.9235,29.4823,1,9.7561,12.3577,-0.4341,786.2811,778.7189,782.5,0.0097,0.1364,3.5445,782.5912,-1,-83902888,2769800.15,1,0.0828,-1,-9.2945,0.0,1
2026-03-20 15:15:00,779.75,781.2,778.65,781.0,8269017,781.635,784.7905,795.9517,-1,-4.4366,-5.257,0.8204,1,47.7133,20.4896,28.5378,33.8575,1,22.7053,15.6985,-0.7372,786.2111,778.5689,782.39,0.0098,0.3181,3.4734,782.2616,-1,-75633871,3034299.95,1,0.4902,1,-8.8841,0.1603,0
2026-03-23 09:15:00,764.0,768.6,756.6,761.9,3436907,777.688,782.7096,794.6164,-1,-5.7283,-5.3513,-0.377,-1,48.4569,13.3018,50.2284,16.7532,1,16.358,16.2731,-2.9921,791.1181,771.6719,781.395,0.0249,-0.5025,4.9682,781.1346,-1,-79070778,3062058.3,0,0.175,-1,-11.1124,0.0,0
2026-03-23 09:30:00,762.2,762.4,758.55,759.6,2931233,774.0704,780.6087,793.2432,-1,-6.8585,-5.6527,-1.2058,-1,49.1475,12.5534,47.4027,15.7232,1,9.2593,16.1075,-3.3034,793.7257,766.6743,780.2,0.0347,-0.2615,4.8883,780.0211,-1,-82002011,3022292.15,0,0.6753,-1,-11.2098,0.0,0
2026-03-23 09:45:00,759.6,759.75,755.0,755.6,3220467,770.3763,778.3352,791.767,-1,-7.9849,-6.1192,-1.8658,-1,50.0436,11.6804,49.3037,14.0995,1,1.7647,9.1273,-3.6839,796.164,761.681,778.9225,0.0443,-0.1763,4.8784,778.7242,-1,-85222478,3042372.9,0,0.8421,-1,-11.6774,0.0,0
2026-03-23 10:00:00,755.5,756.1,753.0,753.4,1924336,766.981,776.0684,790.2624,-1,-8.952,-6.6857,-2.2662,-1,51.0103,11.136,50.0127,13.2868,1,1.1445,4.0562,-3.7926,797.9387,757.0613,777.5,0.0526,-0.0896,4.7514,777.8678,-1,-87146814,3046989.65,0,0.6774,-1,-11.9345,0.0,0
2026-03-23 10:15:00,753.4,754.05,751.65,753.0,1494593,764.1848,773.9712,788.8011,-1,-9.6395,-7.2765,-2.363,-1,51.9977,10.7195,50.246,13.1386,1,3.8793,2.2628,-3.856,799.0534,753.1316,776.0925,0.0592,-0.0029,4.5834,777.1822,-1,-88641407,3053986.25,0,0.1667,-1,-11.9813,0.0,1
2026-03-23 10:30:00,753.1,756.25,753.1,754.25,1454451,762.1979,772.1784,787.4462,-1,-9.9686,-7.8149,-2.1537,-1,52.2423,13.6663,47.6471,16.2828,1,7.4713,4.165,-3.4931,799.4862,750.0438,774.765,0.0638,0.0851,4.4882,776.5144,-1,-87186956,3014691.55,0,0.3651,1,-11.8352,0.166,0
2026-03-23 10:45:00,754.35,754.9,751.4,752.2,1263537,760.1983,770.3622,786.064,-1,-10.2764,-8.3072,-1.9692,-1,52.6138,12.8929,47.6994,15.3043,1,2.2825,4.5443,-3.5703,799.6463,746.9337,773.29,0.0682,0.0999,4.4176,775.8814,-1,-88450493,2993073.6,0,0.6143,-1,-12.0748,0.0,1
2026-03-23 11:00:00,752.15,754.4,750.55,753.6,1417359,758.8786,768.8383,784.7909,-1,-10.2887,-8.7035,-1.5852,-1,53.0313,12.0829,46.0897,18.8889,1,8.4958,6.0832,-3.4156,799.292,744.493,771.8925,0.071,0.1662,4.3771,775.1661,-1,-87033134,2970443.65,0,0.3766,1,-11.9112,0.1861,1
2026-03-23 11:15:00,753.7,754.65,752.5,753.9,1075983,757.8829,767.4803,783.5795,-1,-10.1572,-8.9942,-1.163,-1,53.3341,12.0663,44.4116,19.6735,1,9.3315,6.7033,-3.3152,798.3867,742.4733,770.43,0.0726,0.2044,4.218,774.5313,-1,-85957151,2928361.25,0,0.093,1,-11.8761,0.226,0
2026-03-23 11:30:00,753.9,753.95,750.55,751.25,1115659,756.5563,766.0048,782.3116,-1,-10.1498,-9.2254,-0.9245,-1,53.7961,11.3618,45.1672,18.0158,1,1.9499,6.5924,-3.8092,796.7402,740.5648,768.6525,0.0731,0.1902,4.1596,773.2553,-1,-87072810,2788458.0,0,0.7794,-1,-12.1859,0.0,1
2026-03-23 11:45:00,751.25,752.5,750.7,751.95,1032639,755.6351,764.7271,781.121,-1,-9.9725,-9.3748,-0.5977,-1,54.225,10.9958,43.7121,19.9349,1,3.8997,5.0604,-1.3059,794.8624,739.0976,766.98,0.0727,0.2305,3.991,772.1509,-1,-86040171,2694949.7,0,0.3889,1,-12.104,0.0932,0
2026-03-23 12:00:00,752.0,752.0,750.4,751.05,1518860,754.718,763.4837,779.9417,-1,-9.7917,-9.4582,-0.3336,-1,54.6534,10.6669,42.9654,19.3091,1,1.8031,2.5509,-1.1256,792.592,737.918,765.255,0.0714,0.2402,3.8202,771.0975,-1,-87559031,2679388.35,0,0.5937,-1,-12.2092,0.0,0
2026-03-23 12:15:00,751.05,751.15,748.7,749.45,2786501,753.6644,762.2079,778.746,-1,-9.6662,-9.4998,-0.1664,-1,55.2216,10.1654,44.2076,18.2143,1,2.3077,2.6702,-0.8139,790.1654,736.8396,763.5025,0.0698,0.2365,3.7224,769.4949,-1,-90345532,2717741.3,0,0.6531,-1,-12.3963,0.0,0
2026-03-23 12:30:00,749.4,751.3,748.1,749.1,1618758,752.7516,761.0163,777.5834,-1,-9.4856,-9.4969,0.0114,1,55.8088,9.5349,42.6285,17.9742,1,4.878,2.9963,-0.5707,787.5712,736.0338,761.8025,0.0677,0.2535,3.685,768.4624,-1,-91964290,2714233.45,0,0.0937,-1,-12.4372,0.0,0
2026-03-23 12:45:00,749.0,750.15,746.2,747.95,1421901,751.7912,759.8285,776.4213,-1,-9.3277,-9.4631,0.1354,1,56.5386,8.8086,43.0454,17.1733,1,10.8025,5.9961,-0.6707,784.5024,735.5776,760.04,0.0644,0.2529,3.704,767.4607,-1,-93386191,2700755.1,0,0.2658,-1,-12.5716,0.0,0
2026-03-23 13:00:00,747.95,748.0,745.85,746.35,1399413,750.703,758.6032,775.242,-1,-9.2253,-9.4155,0.1902,1,57.2498,8.4321,41.9013,16.0985,1,3.5971,6.4259,-1.0474,781.3227,735.2373,758.28,0.0608,0.2411,3.593,766.2229,-1,-94785604,2646848.6,0,0.7442,-1,-12.7586,0.0,1
2026-03-23 13:15:00,746.55,748.9,746.4,748.75,1702497,750.3124,757.7074,774.2031,-1,-8.8486,-9.3021,0.4536,1,57.4717,9.8226,39.7322,23.8022,1,27.8846,14.0947,-0.4587,777.7993,735.6307,756.715,0.0557,0.3111,3.5185,764.8447,-1,-93083107,2592397.8,0,0.88,1,-12.4781,0.3216,1
2026-03-23 13:30:00,748.65,751.0,748.55,750.4,2925850,750.3299,757.0431,773.2697,-1,-8.3209,-9.1059,0.785,1,56.7065,13.681,37.7122,28.6525,1,43.75,25.0772,-0.4246,773.4662,736.9788,755.2225,0.0483,0.3678,3.4422,763.2412,-1,-90157257,2605974.8,0,0.7143,1,-12.2852,0.5426,1
2026-03-23 13:45:00,750.4,752.95,749.5,751.0,4134680,750.4639,756.4937,772.3964,-1,-7.7648,-8.8377,1.0729,1,55.1766,16.7475,35.0128,30.3878,1,49.5192,40.3846,-0.3847,768.2007,739.3693,753.785,0.0382,0.4034,3.4427,758.0918,-1,-86022577,2307232.05,1,0.1739,1,-12.2151,0.623,1
2026-03-23 14:00:00,751.05,753.25,750.5,752.9,3007222,750.9511,756.167,771.6318,-1,-7.0891,-8.4879,1.3989,1,53.6325,16.4095,32.986,35.7193,0,77.9006,57.0566,0.2196,759.5871,745.1729,752.38,0.0192,0.5361,3.3932,753.1712,-1,-83015355,2044142.3,0,0.6727,1,-11.993,0.8776,0
2026-03-23 14:15:00,752.75,753.35,750.65,751.25,2494900,751.0109,755.72,770.8325,-1,-6.6105,-8.1125,1.502,1,52.1551,15.6767,31.0834,33.3318,1,61.3636,62.9278,-0.0931,757.5866,746.1084,751.8475,0.0153,0.4479,3.3437,752.2912,-1,-85510255,1997041.95,0,0.5556,-1,-12.1859,0.6565,1
2026-03-23 14:30:00,751.2,751.8,747.0,751.5,3117492,751.1087,755.3364,770.0744,-1,-6.1402,-7.718,1.5778,1,51.5123,14.1177,35.5542,34.0511,1,64.2045,67.8229,0.0599,755.9464,746.9386,751.4425,0.012,0.5064,3.4477,751.5444,-1,-82392763,2006354.9,1,0.0625,1,-12.1566,0.69,0
2026-03-23 14:45:00,751.5,752.35,748.75,749.4,2890890,750.767,754.7967,769.2636,-1,-5.8694,-7.3483,1.4789,1,50.6689,14.204,32.9108,31.0233,1,43.8272,56.4651,-0.0067,755.2892,746.9758,751.1325,0.0111,0.2916,3.4586,751.0204,-1,-85283653,1989876.05,0,0.5833,-1,-12.4021,0.4087,0
2026-03-23 15:00:00,749.6,749.6,743.55,743.65,7059520,749.3436,753.7834,768.2592,-1,-6.0489,-7.0884,1.0395,1,50.7346,12.5194,39.2013,24.5789,1,1.0204,36.3507,-0.7275,755.7925,745.4975,750.645,0.0137,-0.1795,3.6437,750.034,-1,-92343173,2246635.25,1,0.9835,-1,-13.0742,0.0,0
2026-03-23 15:15:00,743.65,743.7,741.25,742.3,5288071,747.9349,752.7394,767.2411,-1,-6.2284,-6.9164,0.688,1,51.0923,11.9037,41.8902,23.3524,1,8.6777,17.8418,-0.7554,756.2882,743.9318,750.11,0.0165,-0.1321,3.5585,749.1194,-1,-97631244,2436309.15,1,0.551,-1,-13.232,0.0,1
2026-03-24 09:15:00,756.9,758.75,752.85,758.4,2824979,750.0279,753.254,766.8944,-1,-5.0137,-6.5359,1.5222,1,47.6536,32.7806,30.9016,53.2894,0,98.0,35.8994,1.6145,757.2684,743.3666,750.3175,0.0185,1.0814,4.4793,749.3878,1,-94806265,2504835.55,0,0.2542,1,-11.3501,2.1689,0
2026-03-24 09:30:00,758.2,759.2,750.55,751.1,3600845,750.2423,753.0582,766.275,-1,-4.5872,-6.1461,1.5589,1,44.4685,28.5409,30.3439,44.754,0,54.8747,53.8508,0.3139,757.1702,743.3548,750.2625,0.0184,0.5606,4.7772,749.5952,1,-98407110,2621700.95,0,0.8208,-1,-12.2034,1.1855,1
2026-03-24 09:45:00,751.3,752.8,747.75,751.9,2431511,750.5739,752.9529,765.7113,-1,-4.1369,-5.7443,1.6073,1,42.0034,26.3946,32.2316,45.7789,0,59.3315,70.7354,0.1999,756.9596,743.3954,750.1775,0.0181,0.627,4.7967,749.5645,1,-95975599,2672408.55,0,0.1188,1,-12.1099,1.2933,1
2026-03-24 10:00:00,752.0,753.3,749.4,752.4,1689412,750.9391,752.9027,765.1893,-1,-3.6972,-5.3349,1.6377,1,39.6083,25.5956,30.3344,46.4477,0,62.117,58.7744,0.1864,756.7501,743.4549,750.1025,0.0177,0.6728,4.7326,749.5492,1,-94286187,2703080.0,0,0.1026,1,-12.0514,1.3606,1
2026-03-24 10:15:00,752.55,758.7,751.85,757.4,2055107,752.2313,753.3115,764.8838,-1,-2.9116,-4.8502,1.9386,1,37.2249,30.929,27.2953,52.7265,0,89.9721,70.4735,0.5977,757.772,743.048,750.41,0.0196,0.9747,4.8839,749.7416,1,-92231080,2750052.4,0,0.708,1,-11.467,2.0342,0
2026-03-24 10:30:00,757.5,757.5,752.1,755.3,1088172,752.845,753.4923,764.508,-1,-2.4305,-4.3663,1.9358,1,35.0118,28.5047,25.1558,50.0711,0,78.273,76.7874,0.5391,758.2192,742.9358,750.5775,0.0204,0.809,4.9207,749.8079,1,-93319252,2752829.05,0,0.4074,-1,-11.7124,1.7513,0
2026-03-24 10:45:00,755.1,757.3,753.35,753.5,935235,752.976,753.493,764.0763,-1,-2.1694,-3.9269,1.7575,1,32.9567,26.8469,23.6928,47.8469,0,68.2451,78.8301,0.2661,758.4459,742.9541,750.7,0.0206,0.6807,4.8514,749.8547,1,-94254487,2723647.8,0,0.4051,-1,-11.9229,1.5088,1
2026-03-24 11:00:00,753.7,757.75,753.6,757.2,1349779,753.8208,753.83,763.8067,-1,-1.645,-3.4705,1.8255,1,31.1417,25.8204,22.197,52.5162,0,88.8579,78.4587,1.0408,759.3055,742.8695,751.0875,0.0219,0.8719,4.8084,750.0204,1,-92904708,2651811.7,0,0.8434,1,-11.4904,2.0073,1
2026-03-24 11:15:00,757.5,758.8,756.0,758.2,1525656,754.6966,754.2273,763.5868,1,-1.1356,-3.0035,1.8679,1,29.6795,26.3212,21.2454,53.7222,0,94.429,83.844,1.9566,760.2623,742.8227,751.5425,0.0232,0.8817,4.665,750.2567,1,-91379052,2647156.6,0,0.25,1,-11.3735,2.142,0
2026-03-24 11:30:00,758.2,759.55,756.25,756.8,1186019,755.1173,754.4611,763.3206,1,-0.8353,-2.5699,1.7346,1,28.4834,26.1357,20.1489,51.741,0,84.9727,89.4199,1.9534,760.828,743.142,751.985,0.0235,0.7722,4.5675,750.4786,1,-92565071,2635362.5,0,0.4242,-1,-11.5371,1.9534,1
2026-03-24 11:45:00,756.8,758.55,756.15,757.45,861739,755.5839,754.7329,763.0904,1,-0.5386,-2.1636,1.625,1,27.3435,25.1204,19.528,52.6147,0,88.5246,89.3087,-0.1253,761.2915,743.7885,752.54,0.0233,0.7805,4.4127,750.6931,1,-91703332,2608478.8,0,0.2708,1,-11.4611,2.041,0
2026-03-24 12:00:00,757.45,757.8,755.5,756.9,804330,755.8471,754.9299,762.8477,1,-0.3439,-1.7997,1.4558,1,26.0862,24.152,19.8647,51.7607,0,85.5191,86.3388,0.7722,761.7142,744.1808,752.9475,0.0233,0.7254,4.2618,750.8767,1,-92507662,2563570.45,0,0.2391,-1,-11.2661,1.9669,1
2026-03-24 12:15:00,756.85,762.65,756.6,760.2,2601675,756.7177,755.409,762.7438,1,0.0758,-1.4246,1.5004,1,25.9881,29.6665,17.909,56.3397,0,88.5514,87.5317,1.1039,762.6633,744.2117,753.4375,0.0245,0.8665,4.3895,751.3846,1,-89905987,2547361.7,0,0.5537,1,-10.7065,2.4114,1
2026-03-24 12:30:00,760.2,766.9,760.0,765.55,2112601,758.4841,756.3309,762.8539,1,0.8306,-0.9735,1.8041,1,26.6249,33.1107,15.9771,62.5466,0,92.9504,89.007,1.7477,764.7079,743.6221,754.165,0.028,1.0399,4.5688,751.9556,1,-87793386,2446257.75,0,0.7754,1,-10.0781,3.1322,1
2026-03-24 12:45:00,765.7,772.1,765.5,769.8,3468758,760.7473,757.5553,763.1263,1,1.7515,-0.4285,2.18,1,27.9201,37.6788,14.3792,66.6079,-1,90.5544,90.6854,1.6372,767.5347,742.4853,755.01,0.0332,1.0904,4.7139,753.1462,1,-84324628,2469334.55,0,0.6212,1,-9.5789,3.7047,1
2026-03-24 13:00:00,769.6,772.45,767.5,771.9,1776141,762.9778,758.8594,763.4703,1,2.6205,0.1813,2.4393,1,29.1655,35.3912,13.3046,68.4295,-1,97.7733,93.7594,2.1978,770.4241,741.6609,756.0425,0.038,1.0513,4.7308,753.8554,1,-82548487,2433396.6,0,0.4646,1,-9.3322,3.9876,0
2026-03-24 13:15:00,771.95,771.95,769.45,770.9,1091106,764.5623,759.954,763.7617,1,3.1918,0.7834,2.4084,1,30.322,34.0087,12.7848,66.5672,-1,93.2755,93.8677,2.3092,772.6038,741.4212,757.0125,0.0412,0.9454,4.5714,754.502,1,-83639593,2332077.3,0,0.42,-1,-9.4497,3.8529,0
2026-03-24 13:30:00,770.9,772.6,769.6,770.0,1601465,765.6498,760.8673,764.0063,1,3.5312,1.3329,2.1983,1,31.485,33.4156,12.1705,64.8565,0,87.4699,92.8395,1.6904,774.1977,741.8873,758.0425,0.0426,0.8701,4.4592,755.3515,1,-85241058,2267606.05,0,0.3,-1,-9.5554,3.7316,0
2026-03-24 13:45:00,770.1,770.25,766.45,767.0,1575494,765.9199,761.4248,764.1237,1,3.5175,1.7699,1.7477,1,31.4497,31.3599,16.5214,59.3786,0,72.6829,84.4761,1.1606,774.3809,744.0391,759.21,0.04,0.7567,4.4121,757.5741,1,-86816552,1993404.75,0,0.8158,-1,-9.9078,3.3275,1
2026-03-24 14:00:00,766.95,768.1,765.7,767.8,1627444,766.2959,762.0044,764.2679,1,3.5306,2.122,1.4086,1,31.1682,30.1004,17.1129,60.3406,0,75.0649,78.4059,1.4535,773.9469,747.0231,760.485,0.0354,0.7717,4.2684,760.2205,1,-85189108,1810373.4,0,0.3542,1,-9.8138,3.4353,0
2026-03-24 14:15:00,767.8,769.0,765.5,767.5,1905832,766.5367,762.504,764.3947,1,3.4766,2.3929,1.0837,1,31.0787,29.8401,16.0976,59.769,0,73.1579,73.6353,1.3268,774.7011,747.1789,760.94,0.0362,0.7384,4.2135,760.8891,1,-87094940,1764416.05,0,0.0857,-1,-9.8491,3.3949,0
2026-03-24 14:30:00,767.5,768.6,765.95,767.2,1690504,766.6694,762.9309,764.5047,1,3.3708,2.5885,0.7823,1,30.9956,28.4631,15.3547,59.1654,0,68.4211,72.2146,1.3608,774.9831,748.5069,761.745,0.0348,0.706,4.1018,761.9958,1,-88785444,1668899.0,0,0.1132,-1,-9.7306,3.3544,0
2026-03-24 14:45:00,767.3,767.85,765.0,766.95,2199800,766.7255,763.2963,764.6006,1,3.2295,2.7167,0.5128,1,30.5559,27.019,16.2669,58.634,0,66.9591,69.5127,0.8879,775.1076,749.8874,762.4975,0.0331,0.6765,4.0124,763.1215,1,-90985244,1657313.45,0,0.1228,-1,-9.76,3.3208,0
2026-03-24 15:00:00,767.0,767.0,763.7,764.3,8639466,766.2404,763.3875,764.5888,1,2.8707,2.7475,0.1232,1,29.6622,25.4114,17.6429,53.1814,0,51.462,62.2807,-0.1633,774.8338,751.3512,763.0925,0.0308,0.5514,3.9615,764.0075,1,-99624710,2004816.15,1,0.8182,-1,-10.0718,2.9638,1
2026-03-24 15:15:00,764.2,766.7,762.55,766.5,6493798,766.2923,763.6705,764.6637,1,2.7323,2.7445,-0.0122,-1,28.4165,23.5163,18.3937,56.7752,0,64.3275,60.9162,-0.4287,775.0744,752.0206,763.5475,0.0302,0.6281,3.975,764.5589,1,-93130912,2226750.7,1,0.5542,1,-9.7864,3.2601,1
2026-03-25 09:15:00,769.0,783.35,768.4,782.35,3432276,769.5039,765.3686,765.3573,1,3.8571,2.967,0.8901,1,29.985,42.0316,13.8708,72.9091,-1,96.2617,70.6837,1.3538,778.415,751.385,764.9,0.0353,1.1456,4.8946,765.7681,1,-89698636,2343955.9,0,0.893,1,-7.9209,5.3954,1
2026-03-25 09:30:00,782.75,787.55,781.5,787.45,4309818,773.0931,767.376,766.2237,1,5.1013,3.3938,1.7074,1,31.8157,44.4097,12.6664,76.0118,-1,99.637,86.7421,2.1468,782.3086,750.8864,766.5975,0.041,1.1636,4.9771,767.666,1,-85388818,2512685.05,1,0.7769,1,-7.0307,6.0824,0
2026-03-25 09:45:00,787.7,788.3,785.1,785.35,2796745,775.5445,769.01,766.9737,1,5.8504,3.8851,1.9652,1,33.5788,43.4214,12.0695,72.338,-1,88.5437,94.8141,1.9935,785.0808,750.9292,768.005,0.0445,1.0079,4.8502,768.9711,1,-88185563,2585033.35,0,0.7344,-1,-7.2786,5.7995,0
2026-03-25 10:00:00,785.25,787.2,783.05,784.3,1942009,777.2956,770.4,767.6532,1,6.2869,4.3655,1.9214,1,34.5973,40.74,14.3747,70.5032,-1,84.466,90.8822,2.2555,787.1607,751.4593,769.31,0.0464,0.9199,4.8002,769.8937,1,-90127572,2605851.0,0,0.2289,-1,-7.4026,5.6581,0
2026-03-25 10:15:00,784.3,785.0,781.1,783.0,2232394,778.4365,771.5455,768.255,1,6.4535,4.7831,1.6704,1,34.9764,38.3436,16.4702,68.1968,-1,79.4175,84.1424,1.9797,788.4516,752.7884,770.62,0.0463,0.8471,4.7359,770.7212,1,-92359966,2658169.75,0,0.3333,-1,-7.5561,5.483,1
2026-03-25 10:30:00,783.0,785.5,781.5,785.05,1830155,779.7592,772.7731,768.9137,1,6.674,5.1613,1.5127,1,35.3911,36.7669,15.4654,69.8707,-1,87.3786,83.754,2.2866,789.8131,754.1869,772.0,0.0461,0.8663,4.6833,771.3831,1,-90529811,2706590.55,0,0.5125,1,-7.314,5.7591,1
2026-03-25 10:45:00,785.0,786.45,783.95,786.25,1314948,781.0573,773.9983,769.5935,1,6.8665,5.5023,1.3642,1,35.8989,36.8156,14.8554,70.8382,-1,92.0388,86.2783,2.4831,790.8945,756.0405,773.4675,0.0451,0.8667,4.5274,771.9396,1,-89214863,2732121.45,0,0.5,1,-7.1724,5.9208,1
2026-03-25 11:00:00,786.15,791.45,786.15,791.35,2363098,783.1159,775.5757,770.4467,1,7.3458,5.871,1.4748,1,36.9503,41.5677,13.6282,74.575,-1,99.654,93.0238,3.1814,792.9902,757.0598,775.025,0.0464,0.9543,4.5826,773.2886,1,-86851765,2720192.6,0,0.9811,1,-6.5702,6.6078,0
2026-03-25 11:15:00,791.3,792.2,789.0,790.1,2179100,784.5127,776.8961,771.2174,1,7.538,6.2044,1.3336,1,38.0053,40.6435,12.9335,72.1352,-1,92.9174,94.8701,3.3756,794.8056,757.6994,776.2525,0.0478,0.8732,4.4838,774.3289,1,-89030865,2723517.55,0,0.375,-1,-6.7178,6.4394,1
2026-03-25 11:30:00,790.05,791.65,788.45,790.25,1527167,785.6602,778.1101,771.9638,1,7.6146,6.4864,1.1281,1,38.7974,38.5283,13.1548,72.2525,-1,93.4233,95.3315,3.0985,796.5336,758.0164,777.275,0.0496,0.8369,4.3921,775.131,1,-87503698,2626438.0,0,0.0625,1,-6.7001,6.4597,1
2026-03-25 11:45:00,790.2,791.85,789.0,791.75,1376328,786.8781,779.3501,772.7397,1,7.7075,6.7306,0.9768,1,39.5573,37.0303,12.5294,73.456,-1,98.4823,94.941,1.2015,798.3444,758.1906,778.2675,0.0516,0.8358,4.282,775.7003,1,-86127370,2606447.35,0,0.5439,1,-6.523,6.6617,1
2026-03-25 12:00:00,791.75,792.8,791.15,792.75,1411816,788.0525,780.5683,773.5244,1,7.7722,6.939,0.8332,1,40.3833,37.6217,12.1687,74.2576,-1,99.8347,97.2468,0.6731,800.082,758.638,779.36,0.0532,0.8231,4.094,776.248,1,-84715554,2622482.85,0,0.6061,1,-6.405,6.7964,0
2026-03-25 12:15:00,792.7,793.0,791.3,792.7,1159791,788.982,781.6712,774.2764,1,7.7303,7.0972,0.6331,1,41.1763,36.8214,11.7921,74.1371,-1,99.0148,99.1106,0.9359,801.5263,759.4637,780.495,0.0539,0.7902,3.923,776.7765,1,-85875345,2600399.15,0,0.0,1,-6.4109,6.7897,1
2026-03-25 12:30:00,792.6,794.8,791.7,794.0,1366595,789.9856,782.792,775.0499,1,7.7132,7.2204,0.4927,1,42.1473,38.0387,11.1164,75.2616,-1,96.9697,98.6064,1.2368,802.7036,760.9864,781.845,0.0534,0.7914,3.8642,777.4877,1,-84508750,2589954.2,0,0.4516,1,-6.2574,6.9648,0
2026-03-25 12:45:00,794.1,794.1,790.5,790.55,1213337,790.0985,783.4972,775.6578,1,7.3366,7.2437,0.0929,1,42.5366,35.495,12.602,66.9427,-1,68.9781,88.3209,0.9642,803.1222,762.8428,782.9825,0.0514,0.6879,3.8453,778.1495,1,-85722087,2569248.85,0,0.9861,-1,-6.6647,6.5001,1
2026-03-25 13:00:00,790.6,792.45,790.3,791.65,893651,790.4088,784.2384,776.2849,1,7.0457,7.2041,-0.1584,-1,42.8111,34.0313,12.466,68.1515,-1,77.0073,80.985,0.8407,803.3436,765.0364,784.19,0.0488,0.6947,3.7242,778.795,1,-84828436,2518639.8,0,0.4884,1,-6.5348,6.6483,1
2026-03-25 13:15:00,791.65,793.5,791.0,792.9,1013230,790.907,785.0258,776.9365,1,6.8372,7.1307,-0.2935,-1,43.2367,34.4226,11.8539,69.5156,-1,86.1314,77.3723,0.8458,803.299,767.651,785.475,0.0454,0.7083,3.6368,779.4664,1,-83815206,2484776.1,0,0.5,1,-6.3872,6.8167,0
2026-03-25 13:30:00,792.9,793.9,791.7,792.65,1389350,791.2556,785.7189,777.5527,1,6.576,7.0198,-0.4438,-1,43.6976,33.7004,11.3268,68.8801,-1,84.3066,82.4818,0.1643,802.6582,770.8618,786.76,0.0404,0.6852,3.5341,780.423,1,-85204556,2444253.6,0,0.1136,-1,-6.4168,6.783,0
2026-03-25 13:45:00,792.65,793.45,791.0,791.6,1185849,791.3245,786.2536,778.1036,1,6.2127,6.8583,-0.6457,-1,43.7756,31.9943,12.1998,66.1453,-1,75.9398,82.1259,0.1898,800.3354,775.9146,788.125,0.031,0.6423,3.4567,783.9708,1,-86390405,2071572.75,0,0.4286,-1,-6.5407,6.6415,0
2026-03-25 14:00:00,791.65,791.95,788.4,788.6,1536268,790.7796,786.4669,778.5152,1,5.6179,6.6102,-0.9924,-1,42.6508,29.6518,16.6689,58.9444,0,42.8571,67.7012,-0.2088,796.3522,782.1078,789.23,0.018,0.4558,3.4634,787.5431,1,-87926673,1823696.25,0,0.8592,-1,-6.8949,6.2374,0
2026-03-25 14:15:00,788.6,789.15,783.95,785.2,2762311,789.6637,786.3517,778.7773,1,4.8166,6.2515,-1.4349,-1,39.9982,26.5818,23.8034,52.0309,0,11.5207,43.4392,-0.8273,796.0378,782.7072,789.3725,0.0169,0.187,3.5874,788.3434,-1,-90688984,1790198.0,1,0.6538,-1,-7.2963,5.7793,1
2026-03-25 14:30:00,785.25,788.6,784.2,787.4,1461261,789.2109,786.447,779.1155,1,4.3095,5.8631,-1.5536,-1,37.5351,24.2901,21.7512,55.6552,0,31.7972,28.725,-0.6749,796.0382,782.7018,789.37,0.0169,0.3523,3.6455,788.6439,-1,-89227723,1647770.15,0,0.4886,1,-7.0366,6.0757,0
2026-03-25 14:45:00,787.35,788.0,785.05,785.3,1485463,788.4288,786.3427,779.358,1,3.6955,5.4296,-1.7341,-1,35.2479,22.8667,20.4766,51.6441,0,12.4424,18.5868,-0.9335,796.0418,782.6932,789.3675,0.0169,0.1953,3.5958,788.7368,-1,-90713186,1582206.05,0,0.6949,-1,-7.2845,5.7928,0
2026-03-25 15:00:00,785.3,786.1,780.8,781.6,8932219,787.063,785.9116,779.4459,1,2.8772,4.9191,-2.0419,-1,33.6431,20.5381,26.5573,45.4314,0,5.7143,16.6513,-1.5617,796.4022,782.0628,789.2325,0.0182,-0.0323,3.7175,787.5673,-1,-99645405,1931716.55,1,0.6981,-1,-7.7214,5.2944,0
2026-03-25 15:15:00,781.65,782.4,779.1,780.1,3281310,785.6704,785.3833,779.4716,1,2.0836,4.352,-2.2684,-1,32.5859,19.2253,28.1526,43.1643,0,6.3694,8.1754,-1.3219,796.8484,781.3266,789.0875,0.0197,-0.079,3.6877,787.2407,-1,-102926715,1984162.35,1,0.4697,-1,-7.8985,5.0923,0
2026-03-27 09:15:00,773.2,773.2,763.45,764.2,3018783,781.3763,783.4575,778.8727,-1,0.1698,3.5156,-3.3458,-1,33.9691,14.2694,45.1252,27.4996,1,2.3923,4.8254,-3.4674,801.3304,774.7596,788.045,0.0337,-0.3974,4.6136,785.8864,-1,-105945498,2043593.75,0,0.9231,-1,-9.7757,2.9503,1
2026-03-27 09:30:00,764.0,766.8,763.1,765.8,1897165,778.2611,781.8523,778.36,-1,-1.204,2.5716,-3.7757,-1,35.2869,13.4403,43.0528,30.2431,1,8.5174,5.7597,-3.4178,803.4737,770.5713,787.0225,0.0418,-0.145,4.5483,784.9519,-1,-104048333,2072704.6,0,0.4865,1,-9.5868,3.1658,0
2026-03-27 09:45:00,766.0,766.0,762.9,764.55,3833512,775.5188,780.2793,777.8185,-1,-2.3663,1.5841,-3.9504,-1,36.5308,12.7707,41.2295,29.3099,1,5.2885,5.3994,-3.5451,804.6751,766.6899,785.6825,0.0483,-0.0563,4.4449,782.8653,-1,-107881845,2146225.3,1,0.4677,-1,-9.7344,2.9974,0
2026-03-27 10:00:00,764.5,766.3,763.45,763.55,2481275,773.1251,778.7585,777.2589,-1,-3.3298,0.6013,-3.931,-1,37.582,12.6652,39.2915,28.551,1,2.0968,5.3009,-3.5435,805.5148,763.1952,784.355,0.054,0.0084,4.3309,781.4257,-1,-110363120,2161334.05,0,0.3333,-1,-9.8524,2.8627,0
2026-03-27 10:15:00,763.95,764.4,762.15,763.1,1928419,771.1201,777.335,776.7037,-1,-4.0825,-0.3355,-3.7471,-1,38.7062,12.1785,40.0019,28.1972,1,2.9921,3.4591,-3.2336,805.8835,760.1115,782.9975,0.0585,0.0653,4.1823,780.3166,-1,-112291539,2181396.65,0,0.3778,-1,-9.9055,2.8021,0
2026-03-27 10:30:00,763.1,764.5,760.5,760.5,2017068,768.996,775.8045,776.0682,-1,-4.8332,-1.235,-3.5982,-1,39.9334,11.3439,40.0874,26.1785,1,0.0,1.6963,-3.1457,805.9281,756.9419,781.435,0.0627,0.0726,4.1693,779.1465,-1,-114308607,2213433.65,0,0.65,-1,-10.2125,2.4518,1
2026-03-27 10:45:00,760.6,762.0,759.3,761.8,2174570,767.5568,774.5314,775.5087,-1,-5.2626,-2.0405,-3.222,-1,41.203,10.8057,40.2942,28.9186,1,7.3206,3.4376,-3.2512,805.2219,754.5531,779.8875,0.065,0.143,4.0643,777.8615,-1,-112134037,2251571.35,0,0.4444,1,-10.059,2.627,0
2026-03-27 11:00:00,761.9,762.7,760.9,761.55,1388481,766.3555,773.3513,774.9613,-1,-5.5589,-2.7442,-2.8147,-1,42.0972,11.7309,38.9667,28.698,1,6.8913,4.7373,-3.0243,804.1476,752.5124,778.33,0.0663,0.175,3.9026,776.9953,-1,-113522518,2263005.85,0,0.1944,-1,-10.0885,2.5933,0
2026-03-27 11:15:00,761.65,761.75,759.35,760.2,1563403,765.1244,772.1557,774.3824,-1,-5.8355,-3.3625,-2.473,-1,43.1155,11.201,40.1237,27.4789,1,3.0151,5.7423,-2.738,802.5582,750.7218,776.64,0.0667,0.1828,3.7953,775.9295,-1,-115085921,2272846.25,0,0.6042,-1,-10.2479,2.4114,1
2026-03-27 11:30:00,760.0,762.85,760.0,762.0,1352071,764.4995,771.2325,773.8968,-1,-5.842,-3.8584,-1.9836,-1,43.596,12.6971,37.9326,31.6481,1,9.215,6.3738,-2.3202,801.0538,749.3712,775.2125,0.0667,0.2444,3.7277,775.085,-1,-113733850,2279782.95,0,0.7018,1,-10.0354,2.6539,0
2026-03-27 11:45:00,762.0,762.6,760.6,760.95,979074,763.7896,770.2977,773.3891,-1,-5.8643,-4.2596,-1.6048,-1,44.0423,12.1938,36.4291,30.545,1,5.7491,5.9931,-0.4253,799.0742,748.2808,773.6775,0.0657,0.2494,3.6043,774.4709,-1,-114712924,2284054.1,0,0.525,-1,-10.1594,2.5125,0
2026-03-27 12:00:00,760.9,761.6,759.7,760.0,918738,763.0317,769.3615,772.8641,-1,-5.8908,-4.5858,-1.305,-1,44.5928,11.7186,36.8554,29.5417,1,2.6119,5.8587,-0.7574,796.48,747.585,772.0325,0.0633,0.2539,3.4826,773.788,-1,-115631662,2279329.5,0,0.4737,-1,-10.2715,2.3845,0
2026-03-27 12:15:00,759.6,760.4,758.15,759.95,1384536,762.4153,768.5059,772.3576,-1,-5.8484,-4.8383,-1.01,-1,45.3309,11.1638,38.3721,29.4868,1,7.4227,5.2612,-0.6017,793.4446,747.3504,770.3975,0.0598,0.2733,3.3946,772.776,-1,-117016198,2279088.8,0,0.1556,1,-10.2774,2.3777,1
2026-03-27 12:30:00,760.15,760.45,758.6,760.25,1416133,761.9823,767.7554,771.8828,-1,-5.7246,-5.0156,-0.709,-1,45.991,10.8234,36.8281,30.3234,1,13.9535,7.996,-0.4322,790.0909,747.5691,768.83,0.0553,0.2982,3.2842,771.8758,-1,-115600065,2290603.0,0,0.0541,1,-10.242,2.4182,0
2026-03-27 12:45:00,760.25,760.8,759.15,759.5,1386443,761.4858,767.0049,771.3972,-1,-5.6221,-5.1369,-0.4853,-1,46.4173,11.2099,35.4578,29.3847,1,15.6069,12.3277,-0.4718,786.9402,747.8098,767.375,0.051,0.2988,3.1675,770.9117,-1,-116986508,2283111.75,0,0.4545,-1,-10.3306,2.3171,0
2026-03-27 13:00:00,759.5,760.05,758.25,759.5,1364759,761.0887,766.3226,770.9307,-1,-5.4778,-5.2051,-0.2728,-1,46.9666,10.7404,36.0669,29.3847,1,16.5644,15.3749,-0.1315,784.1192,748.0608,766.09,0.0471,0.3172,3.0698,769.6048,-1,-115621749,2213234.15,0,0.0,1,-10.3306,2.3171,0
2026-03-27 13:15:00,759.5,760.6,758.8,759.1,2044469,760.6909,765.666,770.4667,-1,-5.3342,-5.2309,-0.1033,-1,47.1619,11.5956,34.5103,28.8327,1,11.6564,14.6093,-0.3544,780.037,749.313,764.675,0.0402,0.3185,2.9791,768.5861,-1,-117666218,2242394.55,0,0.2222,-1,-10.3778,2.2632,1
2026-03-27 13:30:00,759.15,760.2,758.7,760.05,1156451,760.5627,765.1555,770.0582,-1,-5.0852,-5.2018,0.1166,1,47.3632,11.1632,33.4721,32.0956,1,29.9213,19.3807,-0.197,775.6115,751.2135,763.4125,0.032,0.3622,2.8735,767.769,-1,-116509767,2225943.95,0,0.6,1,-10.2656,2.3912,1
2026-03-27 13:45:00,760.0,762.0,759.5,761.6,1283878,760.7702,764.8323,769.7265,-1,-4.7085,-5.1031,0.3946,1,46.5063,14.9794,31.3725,37.1582,0,54.3307,31.9695,0.1842,771.3184,753.5066,762.4125,0.0234,0.4544,2.8468,763.885,-1,-115225889,1843526.9,0,0.64,1,-10.0826,2.6,1
2026-03-27 14:00:00,761.5,762.75,760.2,762.35,2969125,761.0862,764.6066,769.4372,-1,-4.2998,-4.9424,0.6426,1,45.3056,15.9097,29.3502,39.5083,0,89.3617,57.8712,0.0459,765.2122,757.8378,761.525,0.0097,0.6119,2.8256,762.2187,1,-112256764,1827917.65,1,0.3333,1,-9.9941,2.7011,0
2026-03-27 14:15:00,762.2,762.65,760.6,760.9,2150280,761.0489,764.2696,769.1024,-1,-4.0463,-4.7632,0.7169,1,44.1906,15.0687,27.7988,36.6543,0,58.5106,67.401,-0.0066,764.8433,757.8767,761.36,0.0092,0.434,2.7702,761.7682,-1,-114407044,1784492.5,0,0.6341,-1,-10.1653,2.5057,0
2026-03-27 14:30:00,760.85,761.05,757.3,758.1,1577933,760.4591,763.7088,768.671,-1,-4.0249,-4.6156,0.5906,1,44.0397,13.6476,33.4763,31.8671,1,14.4144,54.0956,-0.25,764.0933,757.8567,760.975,0.0082,0.039,2.8402,761.4506,-1,-115984977,1768530.9,0,0.7333,-1,-10.4959,2.1285,0
2026-03-27 14:45:00,758.2,758.65,755.9,756.15,1663899,759.5973,763.0216,768.18,-1,-4.1179,-4.516,0.3981,1,44.2077,12.7016,34.6847,29.0241,1,3.5971,25.5074,-0.5,763.8894,757.2206,760.555,0.0088,-0.1605,2.8337,760.8724,-1,-117648876,1660050.25,0,0.7455,-1,-10.7261,1.8658,1
2026-03-27 15:00:00,756.05,757.75,754.6,756.35,8506532,758.9478,762.4151,767.716,-1,-4.1278,-4.4384,0.3105,1,44.6291,11.701,35.2035,29.7167,1,21.4724,13.1613,-0.513,763.7081,756.6819,760.195,0.0092,-0.0472,2.8563,759.6411,-1,-109142344,1961313.1,1,0.0952,1,-10.7025,1.8928,1
2026-03-27 15:15:00,756.4,759.0,755.1,759.0,7938168,758.9583,762.1046,767.3742,-1,-3.8772,-4.3262,0.449,1,44.3024,13.6353,31.8575,38.3067,0,53.9877,26.3524,-0.0658,763.272,756.708,759.99,0.0086,0.3492,2.9309,759.1481,-1,-101204176,2261800.55,1,0.6667,1,-10.3896,2.2498,0
2026-03-30 09:15:00,747.6,748.95,738.65,745.5,4714895,756.2666,760.5951,766.5164,-1,-4.7136,-4.4036,-0.3099,-1,46.0839,8.8881,48.9093,22.931,1,28.4232,34.6278,-1.8433,766.3436,752.1364,759.24,0.0187,-0.4671,4.1751,757.5811,-1,-105919071,2396691.9,1,0.2039,-1,-11.9835,0.4311,1
2026-03-30 09:30:00,745.4,751.0,745.3,747.15,4681820,754.4433,759.3728,765.757,-1,-5.1835,-4.5596,-0.6239,-1,46.9967,11.4614,44.261,26.7983,1,35.2697,39.2269,-1.5742,767.239,749.776,758.5075,0.023,-0.1504,4.284,756.526,-1,-101237251,2522054.4,1,0.307,1,-11.7887,0.6534,0
2026-03-30 09:45:00,747.05,748.15,743.25,743.75,2971079,752.3046,757.9526,764.8939,-1,-5.7638,-4.8005,-0.9634,-1,48.0263,10.5346,44.065,24.1132,1,21.1618,28.2849,-2.1446,768.3308,746.9042,757.6175,0.0283,-0.1472,4.328,755.7321,-1,-104208330,2601184.3,0,0.6735,-1,-12.1901,0.1953,1
2026-03-30 10:00:00,743.85,746.8,742.9,743.85,2346437,750.6137,756.6705,764.0687,-1,-6.1448,-5.0693,-1.0755,-1,49.0134,9.8517,41.7903,24.3533,1,21.5768,26.0028,-2.3306,768.9933,744.6067,756.8,0.0322,-0.031,4.2974,755.0945,-1,-101861893,2640336.0,0,0.0,1,-12.1783,0.2088,1
2026-03-30 10:15:00,744.15,745.5,743.6,745.0,3484400,749.491,755.6096,763.3209,-1,-6.2816,-5.3118,-0.9698,-1,49.9301,9.5277,40.4158,27.2054,1,26.3485,23.029,-2.2759,768.9202,742.9798,755.95,0.0343,0.0779,4.1262,754.2748,-1,-98377493,2746952.45,0,0.4474,1,-12.0425,0.3637,1
2026-03-30 10:30:00,745.15,746.1,744.2,745.35,1874088,748.6628,754.6769,762.6161,-1,-6.2892,-5.5073,-0.782,-1,50.528,10.282,39.0332,28.094,1,27.8008,25.242,-2.0436,768.7076,741.6324,755.17,0.0359,0.1373,3.9672,753.8461,-1,-96503405,2791703.15,0,0.1053,1,-12.0012,0.4109,1
2026-03-30 10:45:00,745.6,747.1,744.65,745.55,1867997,748.0402,753.8472,761.9469,-1,-6.2076,-5.6473,-0.5603,-1,50.6554,11.6668,37.263,28.6301,1,28.6307,27.5934,-1.6555,768.4125,740.4825,754.4475,0.037,0.1814,3.8588,753.4737,-1,-94635408,2839166.1,0,0.0204,-1,-11.9776,0.4378,1
2026-03-30 11:00:00,745.55,746.75,744.5,745.9,1989461,747.6122,753.1247,761.3176,-1,-6.045,-5.7269,-0.3181,-1,50.7945,11.1659,35.9496,29.6191,1,30.083,28.8382,-1.3556,767.9437,739.5463,753.745,0.0377,0.2237,3.7439,753.0594,-1,-92645947,2869412.35,0,0.1556,1,-11.9362,0.485,0
2026-03-30 11:15:00,745.9,745.95,744.0,744.15,2185069,746.9197,752.3088,760.6444,-1,-5.9883,-5.7791,-0.2091,-1,50.9958,10.7358,35.5525,27.5626,1,22.9167,27.2101,-1.613,767.3955,738.4845,752.94,0.0384,0.196,3.6158,752.582,-1,-94831016,2907859.15,0,0.8974,-1,-12.1429,0.2492,0
2026-03-30 11:30:00,744.15,745.15,742.2,742.55,2228951,746.0458,751.4216,759.9348,-1,-6.0032,-5.824,-0.1793,-1,51.4359,10.1018,37.0563,25.7988,1,17.4107,23.4701,-2.1673,766.8936,737.2914,752.0925,0.0394,0.1776,3.5682,752.0613,-1,-97059967,2949984.55,0,0.5424,-1,-12.3318,0.0337,1
2026-03-30 11:45:00,742.55,743.15,741.0,742.6,1693600,745.3566,750.6197,759.255,-1,-5.9426,-5.8477,-0.0949,-1,52.0038,9.6544,37.8872,25.9583,1,19.4103,19.9126,-0.389,766.1895,736.3055,751.2475,0.0398,0.2106,3.4669,751.6155,-1,-95366367,2966426.6,0,0.0233,1,-12.3259,0.0404,1
2026-03-30 12:00:00,742.6,746.0,742.5,744.15,2065610,745.1153,750.0315,758.6626,-1,-5.7036,-5.8189,0.1152,1,51.1945,14.8265,35.157,30.9145,1,27.027,21.2827,-0.4015,765.2909,735.7091,750.5,0.0394,0.2853,3.4693,751.0864,-1,-93300757,2967483.65,0,0.4429,1,-12.1429,0.2492,0
2026-03-30 12:15:00,744.15,745.95,742.8,743.4,1716897,744.7722,749.4287,758.0641,-1,-5.5113,-5.7574,0.2461,1,50.4431,13.8586,32.8618,29.8725,1,23.3415,23.2596,-0.0471,764.0841,735.2509,749.6675,0.0385,0.2826,3.4465,750.7194,-1,-95017654,2995505.95,0,0.2381,-1,-12.2314,0.1482,1
2026-03-30 12:30:00,743.65,745.0,743.05,744.35,1304970,744.6878,748.967,757.5263,-1,-5.222,-5.6503,0.4283,1,49.7453,13.2805,31.4912,32.955,1,46.1538,32.1741,0.0672,762.2973,735.3127,748.805,0.036,0.3349,3.3396,750.3551,-1,-93712684,2996560.55,0,0.359,1,-12.1192,0.2762,0
2026-03-30 12:45:00,744.4,744.6,742.4,744.1,1131476,744.5702,748.5245,756.9998,-1,-4.9558,-5.5114,0.5556,1,49.2345,12.64,31.3974,32.5495,1,31.0,33.4985,-0.1208,759.994,735.791,747.8925,0.0324,0.3433,3.2582,749.6422,-1,-94844160,2904678.1,0,0.1364,-1,-12.1488,0.2425,0
2026-03-30 13:00:00,744.05,744.35,741.55,742.55,1484650,744.1662,747.9814,756.4331,-1,-4.8144,-5.372,0.5576,1,48.9389,11.8563,31.3329,30.0785,1,21.6783,32.9441,-0.3757,757.6964,736.2536,746.975,0.0287,0.2936,3.2255,749.0261,-1,-96328810,2871396.6,0,0.5357,-1,-12.3318,0.0337,0
2026-03-30 13:15:00,742.55,742.85,737.4,738.65,2919459,743.063,747.1331,755.7357,-1,-4.9598,-5.2896,0.3297,1,49.3956,10.4925,36.4876,24.9468,1,12.8866,21.855,-0.9255,756.0161,735.9889,746.0025,0.0268,0.1329,3.3843,748.2967,-1,-99248269,2938472.9,0,0.7156,-1,-12.7922,0.0,0
2026-03-30 13:30:00,738.65,739.3,737.45,737.45,1381227,741.9404,746.2528,755.0186,-1,-5.113,-5.2543,0.1412,1,49.8196,10.0691,35.0152,23.6119,1,0.5155,11.6935,-1.1329,754.5969,735.5381,745.0675,0.0256,0.1003,3.2748,747.8103,-1,-100629496,2924339.3,0,0.6486,-1,-12.9339,0.0,0
2026-03-30 13:45:00,737.45,737.9,736.0,737.15,3050241,740.9823,745.4253,754.3179,-1,-5.1987,-5.2431,0.0445,1,50.4375,9.6389,36.7798,23.2766,1,10.3604,7.9208,-0.9407,752.7216,735.4934,744.1075,0.0232,0.0962,3.1766,745.8384,-1,-103679737,2651524.75,0,0.1579,-1,-12.9693,0.0,0
2026-03-30 14:00:00,737.15,737.6,734.25,734.6,3442629,739.7058,744.4411,753.5447,-1,-5.41,-5.2765,-0.1335,-1,51.2594,8.9156,37.9397,20.5987,1,2.7237,4.5332,-1.0706,749.3659,736.4091,742.8875,0.0174,-0.1396,3.1889,743.1638,-1,-107122366,2426747.8,0,0.7612,-1,-13.2704,0.0,0
2026-03-30 14:15:00,734.6,734.6,731.0,731.95,3966090,738.1547,743.3056,752.6978,-1,-5.7253,-5.3663,-0.359,-1,52.4122,8.2033,42.1216,18.2491,1,6.0317,6.3719,-1.4342,750.128,734.292,742.21,0.0213,-0.1479,3.2183,742.1615,-1,-111088456,2389307.55,1,0.7361,-1,-13.5832,0.0,0
2026-03-30 14:30:00,731.95,733.35,730.0,731.95,6706692,736.9137,742.2733,751.8842,-1,-5.907,-5.4744,-0.4326,-1,53.5882,7.5951,41.2119,18.2491,1,12.1875,6.981,-1.6395,750.1997,732.7003,741.45,0.0236,-0.0429,3.2277,740.2303,-1,-104381764,2490551.15,1,0.0,1,-13.5832,0.0,0
2026-03-30 14:45:00,731.85,732.0,729.95,731.5,3818403,735.831,741.2939,751.0848,-1,-6.018,-5.5831,-0.4349,-1,54.6857,7.2413,39.4058,17.8482,1,9.6573,9.2922,-1.6008,750.5225,731.1525,740.8375,0.0261,0.0179,3.1436,739.2632,-1,-108200167,2532917.35,1,0.1707,-1,-13.6364,0.0,1
2026-03-30 15:00:00,731.2,731.9,727.1,731.55,18971710,734.9748,740.4081,750.3187,-1,-6.0324,-5.673,-0.3594,-1,55.9932,6.4802,41.5048,18.0636,1,23.545,15.1299,-1.7196,750.6014,729.8436,740.2225,0.028,0.0822,3.2619,736.5198,-1,-89228457,3364181.0,1,0.0729,1,-13.6305,0.0068,1
2026-03-30 15:15:00,731.5,737.0,731.15,735.0,13469326,734.9798,739.9164,749.718,-1,-5.6997,-5.6783,-0.0214,-1,54.7309,16.2635,36.4731,31.4248,1,41.7989,25.0004,-1.223,750.0961,729.3489,739.7225,0.028,0.2724,3.4468,735.7785,-1,-75759131,3863427.3,1,0.5983,1,-13.2231,0.4785,1
2026-04-01 09:15:00,744.3,755.8,744.3,751.8,3317072,738.3439,740.9968,749.7996,-1,-4.034,-5.3495,1.3155,1,52.462,39.7625,24.9099,63.0353,0,86.0627,50.4689,1.2457,751.4483,728.6417,740.045,0.0308,1.0154,4.6863,736.1798,1,-72442059,3935576.5,0,0.6522,1,-11.2397,2.7751,0
2026-04-01 09:30:00,751.75,751.9,744.7,747.15,4264078,740.1051,741.5561,749.6957,-1,-3.0538,-4.8903,1.8365,1,50.3552,35.5598,22.2771,55.4204,0,69.8606,65.9074,1.1507,751.7028,728.5472,740.125,0.0313,0.8034,4.8658,736.576,1,-76706137,4055380.55,0,0.6389,-1,-11.7887,2.1394,1
2026-04-01 09:45:00,747.1,748.5,745.1,747.25,3052610,741.5341,742.0738,749.5998,-1,-2.2432,-4.3609,2.1177,1,48.3988,33.746,21.1407,55.5448,0,70.2091,75.3775,1.3289,751.919,728.466,740.1925,0.0317,0.8009,4.7611,736.7401,1,-73653527,4108538.0,0,0.0441,1,-11.7769,2.1531,0
2026-04-01 10:00:00,747.3,748.25,745.7,745.85,1369136,742.3973,742.4171,749.4528,-1,-1.6941,-3.8276,2.1334,1,46.5822,32.4107,20.3042,53.3027,0,65.331,68.4669,1.1802,752.1413,728.4137,740.2775,0.0321,0.7349,4.6032,736.6923,1,-75022663,4067741.35,0,0.5686,-1,-11.9421,1.9617,0
2026-04-01 10:15:00,745.85,746.4,740.05,741.1,2608210,742.1378,742.2973,749.1252,-1,-1.6236,-3.3868,1.7632,1,43.5611,29.3014,26.8922,46.4515,0,48.7805,61.4402,0.8848,752.0301,728.3799,740.205,0.032,0.5378,4.728,736.6979,1,-77630873,4086704.3,0,0.748,-1,-12.503,1.3124,1
2026-04-01 10:30:00,741.35,742.5,740.3,741.85,1362558,742.0802,742.2567,748.8399,-1,-1.49,-3.0074,1.5174,1,40.7558,28.2889,25.9629,47.5968,0,51.3937,55.1684,1.3526,751.9667,728.3683,740.1675,0.0319,0.5713,4.5474,736.6636,1,-76268315,4070152.2,0,0.2273,1,-12.4144,1.4149,0
2026-04-01 10:45:00,741.85,742.7,740.85,741.4,1809632,741.9442,742.1788,748.5481,-1,-1.4042,-2.6868,1.2825,1,38.1933,27.7585,25.1751,46.948,0,49.8258,50.0,1.2911,751.7037,728.3563,740.03,0.0315,0.5587,4.3547,736.5826,1,-78077947,4057353.3,0,0.2432,-1,-12.4675,1.3534,0
2026-04-01 11:00:00,741.4,741.6,739.3,741.2,1933882,741.7954,742.0898,748.26,-1,-1.337,-2.4168,1.0798,1,35.485,26.6748,26.8233,46.6437,0,49.1289,50.1161,1.326,751.5058,728.3342,739.92,0.0313,0.5552,4.208,736.5229,1,-80011829,4068202.55,0,0.087,-1,-12.4911,1.326,1
2026-04-01 11:15:00,741.2,746.7,740.65,746.3,3338565,742.6963,742.4725,748.1831,1,-0.8622,-2.1059,1.2437,1,33.9936,32.413,24.1521,54.7066,0,66.899,55.2846,2.0163,751.7822,728.2528,740.0175,0.0318,0.767,4.3395,736.7251,1,-76673264,4169882.3,0,0.843,1,-11.889,2.0232,1
2026-04-01 11:30:00,746.2,747.4,745.2,746.5,3575615,743.457,742.8387,748.1171,1,-0.4645,-1.7776,1.3131,1,32.7395,32.3907,23.2456,54.9938,0,67.5958,61.2079,1.5646,752.1134,728.1616,740.1375,0.0324,0.7656,4.1867,737.0348,1,-73097649,4292089.25,0,0.1364,1,-11.8654,2.0506,0
2026-04-01 11:45:00,746.5,747.2,743.3,743.6,1648139,743.4856,742.9079,747.94,1,-0.3789,-1.4979,1.1189,1,31.084,30.2249,24.9488,50.0388,0,57.4913,63.9954,-1.0907,752.2168,728.1632,740.19,0.0325,0.6418,4.1662,737.0819,1,-74745788,4300263.7,0,0.7436,-1,-12.2078,1.6541,1
2026-04-01 12:00:00,743.6,747.85,743.6,746.5,2470874,744.0885,743.2344,747.8835,1,-0.0762,-1.2136,1.1373,1,29.6843,29.1385,23.1335,54.4578,0,67.5958,64.2276,-0.087,752.8917,728.2733,740.5825,0.0332,0.7404,4.1722,737.2519,1,-72274914,4277834.45,0,0.6824,1,-11.8654,2.0506,0
2026-04-01 12:15:00,746.65,747.0,745.3,746.1,1398338,744.4908,743.4949,747.8136,1,0.1299,-0.9449,1.0747,1,28.3846,28.253,22.4305,53.7516,0,60.6491,61.9121,-0.1539,753.4607,728.5693,741.015,0.0336,0.7043,3.9956,737.3839,1,-73673252,4278690.0,0,0.3235,-1,-11.9126,1.9959,0
2026-04-01 12:30:00,746.1,747.25,745.05,745.1,1438768,744.6126,743.6409,747.7071,1,0.2101,-0.7139,0.924,1,27.1777,27.105,21.5191,51.9382,0,35.1515,54.4655,-0.1006,753.8468,728.9782,741.4125,0.0335,0.6483,3.8674,737.5414,1,-75112020,4198116.35,0,0.4545,-1,-12.0307,1.8592,1
2026-04-01 12:45:00,745.1,747.25,745.1,747.0,1391573,745.0901,743.9462,747.6794,1,0.4222,-0.4867,0.9088,1,26.057,25.9934,20.6365,55.0417,0,61.1111,52.3039,0.7961,754.2815,729.7835,742.0325,0.033,0.7028,3.7447,737.7793,1,-73720447,4095563.55,0,0.8837,1,-11.8064,2.1189,1
2026-04-01 13:00:00,747.05,749.25,747.0,749.0,2237977,745.8721,744.4057,747.7312,1,0.743,-0.2407,0.9837,1,25.5283,28.772,19.7249,58.1081,0,97.4874,64.5834,0.9638,754.5687,731.2013,742.885,0.0315,0.7617,3.6379,738.3365,1,-71482470,4009157.9,0,0.8667,1,-11.5702,2.3923,0
2026-04-01 13:15:00,749.0,749.9,745.85,747.55,2124177,746.2077,744.6915,747.7241,1,0.8703,-0.0185,0.8888,1,24.6327,26.5024,20.4088,55.1701,0,77.8302,78.8096,0.8295,754.366,732.964,743.665,0.0288,0.6815,3.6674,739.1842,1,-73606647,3780032.15,0,0.358,-1,-11.7414,2.1941,0
2026-04-01 13:30:00,747.55,747.6,745.25,746.1,3433316,746.1861,744.8196,747.6604,1,0.8444,0.154,0.6903,1,23.5902,25.2574,20.6495,52.3212,0,64.1509,79.8229,0.6611,753.5585,735.2315,744.395,0.0246,0.593,3.5733,739.9177,1,-77039963,3760777.8,0,0.617,-1,-11.9126,1.9959,1
2026-04-01 13:45:00,746.1,748.1,745.3,747.25,2473097,746.3989,745.0405,747.6443,1,0.9062,0.3045,0.6017,1,22.7694,24.8367,19.4755,54.3353,0,75.0,72.327,0.1273,752.2606,738.0994,745.18,0.019,0.6462,3.518,743.3563,1,-74566866,2935847.15,0,0.4107,1,-11.7769,2.1531,1
2026-04-01 14:00:00,747.25,749.95,746.9,749.75,1756962,747.0691,745.4686,747.7269,1,1.1437,0.4723,0.6714,1,22.5324,27.0761,18.2579,58.4448,0,98.1221,79.091,0.4354,751.522,740.313,745.9175,0.015,0.8419,3.4846,746.1335,1,-72809904,2350228.95,0,0.8197,1,-11.4817,2.4949,1
2026-04-01 14:15:00,749.75,750.3,747.5,750.05,1716857,747.6653,745.8851,747.818,1,1.3408,0.646,0.6947,1,22.4087,26.2276,17.1951,58.9226,0,97.7273,90.2831,0.8674,751.1096,740.5504,745.83,0.0142,0.8996,3.4357,745.9238,1,-71093047,2270218.2,0,0.1071,1,-11.4463,2.5359,0
2026-04-01 14:30:00,750.05,750.05,744.15,744.85,1586128,747.1022,745.791,747.7016,1,1.065,0.7298,0.3352,1,21.023,23.1673,21.814,48.512,0,43.5233,79.7909,-0.221,750.9748,740.4552,745.715,0.0141,0.4178,3.6117,745.7408,-1,-72679175,2136320.7,0,0.8814,-1,-12.0602,1.825,0
2026-04-01 14:45:00,744.8,746.4,743.8,744.15,2001261,746.5118,745.6418,747.5623,1,0.781,0.7401,0.0409,1,19.6163,21.9517,21.3757,47.3004,0,12.1429,51.1311,-0.2614,750.8124,740.3076,745.56,0.0141,0.3658,3.5395,745.6062,-1,-74680436,2083753.25,0,0.25,-1,-12.1429,1.7293,0
2026-04-01 15:00:00,744.5,745.2,740.5,740.75,7100621,745.3594,745.1971,747.2952,1,0.2784,0.6477,-0.3694,-1,19.1481,19.9173,25.9018,41.8353,0,2.551,19.4057,-0.5838,750.9564,739.6536,745.305,0.0152,0.097,3.6224,745.0598,-1,-81781057,2370327.5,1,0.7979,-1,-12.5443,1.2645,1
2026-04-01 15:15:00,740.8,744.9,740.8,744.9,5180279,745.2675,745.1701,747.2012,1,0.2124,0.5607,-0.3482,-1,18.7133,18.3042,23.804,49.5044,0,44.898,19.8639,-0.2811,750.8138,740.1762,745.495,0.0143,0.4441,3.66,745.0343,-1,-76600778,2498930.95,1,1.0,1,-12.0543,1.8319,0
2026-04-02 09:15:00,729.0,731.0,726.85,730.8,1497455,742.374,743.8637,746.5581,-1,-0.9664,0.2552,-1.2217,-1,20.8586,13.2701,38.5127,33.394,1,16.8443,21.4311,-2.4299,753.1644,736.7206,744.9425,0.0221,-0.36,4.6879,744.6664,-1,-78098233,2505675.8,0,0.4337,1,-13.719,0.0,1
2026-04-02 09:30:00,730.8,734.25,730.75,732.45,1866886,740.3892,742.8261,746.0048,-1,-1.7474,-0.1453,-1.6021,-1,21.8586,17.5926,36.421,36.018,0,23.8806,28.541,-2.0199,754.2675,734.7225,744.495,0.0263,-0.1163,4.603,744.3219,-1,-76231347,2508538.5,0,0.4714,1,-13.5242,0.2258,0
2026-04-02 09:45:00,732.45,733.85,731.65,732.35,860236,738.7814,741.8738,745.4693,-1,-2.3473,-0.5857,-1.7616,-1,22.7872,16.9687,35.1295,35.9257,0,23.4542,21.393,-1.8429,755.1,733.005,744.0525,0.0297,-0.0296,4.4314,744.2594,-1,-77091583,2454856.2,0,0.0455,-1,-13.536,0.2121,0
2026-04-02 10:00:00,732.35,732.6,730.55,731.6,1113122,737.3451,740.9398,744.9254,-1,-2.8505,-1.0387,-1.8118,-1,23.8139,16.3856,35.7662,35.1966,0,20.2559,22.5302,-2.0943,755.5604,731.0746,743.3175,0.0329,0.0215,4.2613,743.9377,-1,-78204705,2343584.05,0,0.3659,-1,-13.6246,0.1095,0
2026-04-02 10:15:00,731.75,731.75,729.2,730.15,1195896,735.9061,739.9589,744.346,-1,-3.3278,-1.4965,-1.8313,-1,24.9677,15.6646,36.522,33.7696,1,14.0725,19.2608,-2.6142,755.9115,729.0885,742.5,0.0361,0.0396,4.1391,743.3777,-1,-79400601,2224598.1,0,0.6275,-1,-13.7957,0.0,1
2026-04-02 10:30:00,730.15,730.5,728.9,730.35,933599,734.7949,739.0854,743.7971,-1,-3.6479,-1.9268,-1.7212,-1,26.0844,15.2122,36.0088,34.1661,1,14.9254,16.4179,-2.6265,756.2387,727.4363,741.8375,0.0388,0.1012,3.9577,743.0409,-1,-78467002,2188871.1,0,0.125,1,-13.7721,0.0274,1
2026-04-02 10:45:00,730.35,732.0,729.05,731.7,979822,734.1759,738.414,743.3227,-1,-3.7495,-2.2913,-1.4582,-1,26.5805,17.1447,34.0561,36.9113,0,20.6823,16.5601,-1.7655,755.9773,726.2177,741.0975,0.0402,0.1842,3.8857,742.588,-1,-77487180,2114318.5,0,0.4576,1,-13.6128,0.2123,0
2026-04-02 11:00:00,731.7,732.0,730.5,731.6,1238224,733.6607,737.7945,742.863,-1,-3.7943,-2.5919,-1.2024,-1,27.0412,16.6502,33.074,36.789,0,20.2559,18.6212,-1.6865,755.6153,725.1297,740.3725,0.0412,0.2122,3.7153,742.1405,-1,-78725404,2106312.8,0,0.0667,-1,-13.6246,0.1986,0
2026-04-02 11:15:00,731.6,732.0,730.45,730.95,1185660,733.1186,737.1723,742.3958,-1,-3.838,-2.8411,-0.9969,-1,27.4789,16.1325,32.1459,35.9545,0,17.484,19.4741,-1.323,755.2736,724.0564,739.665,0.0422,0.2208,3.5607,741.7031,-1,-79911064,2093657.4,0,0.4194,-1,-13.7013,0.1096,1
2026-04-02 11:30:00,731.0,733.2,730.85,732.8,1559002,733.0549,736.7748,742.0195,-1,-3.6809,-3.0091,-0.6718,-1,27.4005,17.8202,30.5927,40.1176,0,25.6466,21.1288,-1.6244,754.4558,723.4542,738.955,0.042,0.3015,3.4742,741.1966,-1,-78352062,2102028.85,0,0.766,1,-13.4829,0.3629,1
2026-04-02 11:45:00,732.8,736.35,732.8,735.75,1106687,733.5939,736.6816,741.7737,-1,-3.2806,-3.0634,-0.2172,-1,26.1911,22.9879,28.3633,46.1308,0,45.5243,29.5516,0.6773,753.1382,723.4468,738.2925,0.0402,0.4144,3.4796,740.6331,-1,-77245375,2045464.35,0,0.831,1,-13.1346,0.767,0
2026-04-02 12:00:00,735.75,736.25,734.8,735.0,831400,733.8751,736.5288,741.508,-1,-2.9894,-3.0486,0.0592,1,25.068,22.2739,27.4824,44.8964,0,44.4142,38.5283,0.3481,751.9425,723.3875,737.665,0.0387,0.4067,3.3346,740.1397,-1,-78076775,1980825.5,0,0.5172,-1,-13.2231,0.6642,1
2026-04-02 12:15:00,735.25,735.55,734.1,735.5,598994,734.2001,736.4352,741.2724,-1,-2.6873,-2.9763,0.289,1,24.2262,21.553,28.1554,45.935,0,47.9224,45.9536,0.4301,750.8984,723.3716,737.135,0.0373,0.4406,3.2,739.4803,-1,-77477781,1839109.4,0,0.1724,1,-13.1641,0.7327,1
2026-04-02 12:30:00,735.5,737.9,734.6,737.25,898713,734.8101,736.5093,741.1147,-1,-2.2804,-2.8371,0.5568,1,22.6187,25.2028,26.0861,49.5213,0,94.1176,62.1514,0.7723,749.5954,723.6746,736.635,0.0352,0.5237,3.2071,738.8863,-1,-76579068,1760390.2,0,0.5303,1,-12.9575,0.9724,1
2026-04-02 12:45:00,737.4,739.35,736.25,737.55,2289380,735.3581,736.6039,740.9749,-1,-1.9116,-2.652,0.7404,1,21.3415,26.6957,24.2807,50.1319,0,82.7751,74.9384,1.0135,747.525,724.525,736.025,0.0312,0.5663,3.1995,738.3208,-1,-74289688,1787011.1,0,0.0484,1,-12.9221,1.0135,1
2026-04-02 13:00:00,737.55,739.2,736.0,737.8,1956020,735.8464,736.7126,740.8504,-1,-1.581,-2.4378,0.8568,1,20.0683,24.7885,23.1042,50.6675,0,85.1675,87.3534,1.0201,745.0062,725.8188,735.4125,0.0261,0.6244,3.1995,737.7621,1,-72333668,1798969.25,0,0.0781,1,-12.8926,1.0477,1
2026-04-02 13:15:00,737.85,740.8,737.45,740.8,1765769,736.8372,737.0842,740.8484,-1,-1.0647,-2.1632,1.0985,1,19.3984,26.5009,21.3821,56.6802,0,100.0,89.3142,1.2437,744.1468,726.2732,735.21,0.0243,0.8128,3.2103,737.4792,1,-70567899,1807951.3,0,0.8806,1,-12.5384,1.4586,1
2026-04-02 13:30:00,740.95,742.75,740.25,742.05,1485571,737.8797,737.5357,740.8955,1,-0.5483,-1.8402,1.292,1,19.3436,29.4115,20.1736,58.9266,0,94.9458,93.3711,1.4284,743.6604,726.5496,735.105,0.0233,0.9059,3.1595,737.2443,1,-69082328,1782166.8,0,0.44,1,-12.3908,1.6298,1
2026-04-02 13:45:00,742.25,743.2,740.75,742.7,1157219,738.8438,738.0051,740.9663,1,-0.0856,-1.4893,1.4037,1,19.4183,28.7898,19.038,60.0856,0,96.5035,97.1498,1.6075,744.0524,726.3526,735.2025,0.0241,0.9236,3.1089,736.2652,1,-67925109,1484996.7,0,0.1837,1,-12.314,1.7188,1
2026-04-02 14:00:00,742.4,745.9,741.65,745.6,1252127,740.195,738.6956,741.148,1,0.5093,-1.0896,1.5988,1,20.1846,32.0954,17.2265,64.8513,0,98.2196,96.5563,1.7467,744.2447,726.2303,735.2375,0.0245,1.0752,3.1904,735.1987,1,-66672982,1288589.1,0,0.7529,1,-11.9717,2.116,1
2026-04-02 14:15:00,745.3,749.25,745.3,748.65,2623386,741.886,739.6005,741.4422,1,1.2128,-0.6291,1.8419,1,21.5983,36.6793,15.7286,69.0383,-1,96.8085,97.1772,1.7533,746.6173,725.6427,736.13,0.0285,1.0969,3.2446,736.7357,1,-64049596,1344885.65,1,0.8481,1,-11.6116,2.5337,0
2026-04-02 14:30:00,748.65,749.45,743.55,743.95,2413337,742.2988,739.9959,741.5406,1,1.3752,-0.2282,1.6035,1,22.1775,32.1783,17.4382,57.643,0,71.0526,88.6936,1.2177,747.5762,725.8338,736.705,0.0295,0.8332,3.4343,737.8089,1,-66462933,1372208.2,1,0.7966,-1,-12.1665,1.89,1
2026-04-02 14:45:00,744.05,747.75,743.15,747.7,1559403,743.3791,740.6963,741.7821,1,1.786,0.1746,1.6114,1,22.5511,29.1726,16.6216,62.9041,0,90.5914,86.1508,1.6587,749.1435,725.8015,737.4725,0.0317,0.9382,3.5176,738.4325,1,-64903530,1407166.55,0,0.7935,1,-11.7237,2.4036,1
2026-04-02 15:00:00,747.5,753.0,747.5,752.9,7023728,745.2832,741.8057,742.2181,1,2.5023,0.6401,1.8621,1,23.9373,36.2888,14.8371,68.7083,-1,99.505,87.0497,2.1228,751.6668,725.4082,738.5375,0.0356,1.047,3.6592,741.276,1,-57879802,1702696.85,1,0.9818,1,-11.1098,3.1158,0
2026-04-02 15:15:00,752.95,754.9,748.45,751.5,6662199,746.5266,742.687,742.5821,1,2.9233,1.0968,1.8265,1,25.525,35.4731,13.0655,65.7266,-1,83.6538,91.2501,1.8914,753.2928,725.9172,739.605,0.037,0.9345,3.8585,743.3493,1,-64542001,1976012.0,1,0.2248,-1,-11.2751,2.9241,0
2026-04-06 09:15:00,760.0,760.0,746.2,746.45,1439458,746.5113,743.0291,742.7338,1,2.8169,1.4408,1.3761,1,27.6652,35.7931,10.2465,56.2449,0,47.6834,76.9474,1.1724,753.7143,727.1057,740.41,0.0359,0.727,4.5686,743.9336,1,-65981459,2001304.95,0,0.9819,-1,-11.7306,2.2324,0
2026-04-06 09:30:00,746.3,751.45,745.15,746.05,2182405,746.419,743.3037,742.8638,1,2.6696,1.6866,0.983,1,29.2419,32.3605,10.8622,55.5612,0,45.0787,58.8053,0.7087,754.0168,728.2382,741.1275,0.0348,0.691,4.6923,744.4344,1,-68163864,2061434.1,0,0.0397,-1,-11.7779,2.1776,1
2026-04-06 09:45:00,746.0,747.4,745.05,746.2,1098839,746.3752,743.567,742.9947,1,2.5357,1.8564,0.6793,1,30.6655,31.1601,10.6171,55.7783,0,42.5,45.0874,0.5593,754.1454,729.5696,741.8575,0.0331,0.6767,4.525,744.8758,1,-67065025,2054464.85,0,0.0851,1,-11.7602,2.1982,1
2026-04-06 10:00:00,746.25,748.5,745.35,748.5,1628686,746.8002,744.0155,743.2105,1,2.5854,2.0022,0.5832,1,32.143,31.3512,10.0775,59.0792,0,52.0833,46.554,0.7809,754.2651,731.2049,742.735,0.031,0.75,4.4268,745.3691,1,-65436339,2076616.15,0,0.7143,1,-11.4882,2.5132,1
2026-04-06 10:15:00,748.5,750.55,747.75,750.0,2693555,747.4401,744.5595,743.4768,1,2.7145,2.1447,0.5699,1,33.7901,33.2936,9.6099,61.1177,0,55.6541,50.0791,0.5901,754.5859,732.6041,743.595,0.0296,0.7914,4.3106,746.1038,1,-62742784,2133343.8,0,0.5357,1,-11.3108,2.7186,1
2026-04-06 10:30:00,750.0,754.0,749.2,753.9,1410360,748.7321,745.4087,743.8856,1,3.0959,2.3349,0.761,1,35.7211,36.3376,8.8517,65.8772,-1,69.1139,58.9505,0.7013,755.7469,733.2581,744.5025,0.0302,0.9179,4.3455,746.5962,1,-61332424,2148527.45,0,0.8125,1,-10.8496,3.2528,1
2026-04-06 10:45:00,753.9,754.9,752.3,754.0,1354986,749.7857,746.1897,744.2822,1,3.3674,2.5414,0.826,1,37.6094,36.2618,8.4622,65.9922,-1,68.8312,64.5331,1.3509,756.5343,734.3707,745.4525,0.0297,0.8857,4.2209,747.0335,1,-59977438,2174706.75,0,0.0385,1,-10.8378,3.2665,0
2026-04-06 11:00:00,754.25,754.45,751.15,751.8,1145221,750.1886,746.6997,744.577,1,3.3662,2.7064,0.6598,1,38.8444,34.2047,9.9591,61.1145,0,55.3134,64.4195,0.5483,756.6789,735.8561,746.2675,0.0279,0.7657,4.1551,747.3378,1,-61122659,2202018.1,0,0.7424,-1,-11.098,2.9651,1
2026-04-06 11:15:00,751.8,756.65,751.75,755.5,1338170,751.2508,747.4998,745.0054,1,3.622,2.8895,0.7325,1,40.2632,35.0941,9.1308,65.7055,-1,73.2938,65.8128,0.3453,757.4684,736.8916,747.18,0.0275,0.9043,4.2083,747.7746,1,-59784489,2223990.95,0,0.7551,1,-10.6604,3.4719,1
2026-04-06 11:30:00,755.5,756.25,754.0,756.05,978157,752.2107,748.277,745.4385,1,3.8251,3.0766,0.7485,1,41.5806,33.7077,8.7701,66.3417,-1,76.5579,68.3883,0.6055,758.0858,738.1242,748.105,0.0267,0.898,4.0684,748.4815,1,-58806332,2158429.8,0,0.2444,1,-10.5954,3.5472,1
2026-04-06 11:45:00,756.0,758.55,755.1,758.15,1475908,753.3985,749.1746,745.937,1,4.1081,3.2829,0.8252,1,43.0779,35.726,8.2331,68.727,-1,89.0208,79.6241,1.5674,758.8394,739.4056,749.1225,0.0259,0.9645,4.0242,749.2808,1,-57330424,2134424.2,0,0.6232,1,-10.3471,3.8348,0
2026-04-06 12:00:00,758.2,759.0,756.35,756.6,1277665,754.0388,749.8496,746.3551,1,4.1594,3.4582,0.7012,1,44.5195,34.8223,7.8361,65.0619,-1,77.2575,80.9454,1.4141,759.3598,740.4652,749.9125,0.0252,0.8539,3.9261,749.9257,1,-58608089,2110019.0,0,0.6038,-1,-10.5304,3.6225,1
2026-04-06 12:15:00,756.6,761.0,756.3,760.0,1584724,755.2311,750.7724,746.8902,1,4.4234,3.6513,0.7722,1,46.079,35.4742,7.1754,68.9709,-1,93.7304,86.6696,1.8494,760.5062,741.1138,750.81,0.0258,0.9739,3.9814,750.5589,1,-57023365,2114976.65,0,0.7234,1,-10.1283,4.0882,0
2026-04-06 12:30:00,760.0,760.45,757.55,759.7,1462532,756.1249,751.584,747.3926,1,4.5559,3.8322,0.7237,1,47.527,33.592,6.7947,68.2453,-1,91.8495,87.6125,1.4963,761.3439,741.9761,751.66,0.0258,0.9151,3.9041,751.0832,1,-58485897,2130242.3,0,0.1034,-1,-10.1638,4.0471,1
2026-04-06 12:45:00,759.7,765.75,759.65,765.6,1695836,758.0199,752.8582,748.1066,1,5.0785,4.0814,0.997,1,49.3654,39.31,6.0657,74.0311,-1,99.2754,94.9518,2.08,763.6736,741.6464,752.66,0.0293,1.0875,4.061,751.7738,1,-56790061,2152427.75,0,0.9672,1,-9.4661,4.8552,1
2026-04-06 13:00:00,765.75,768.05,763.05,767.75,1273478,759.9659,754.212,748.8769,1,5.6015,4.3855,1.216,1,51.2398,39.8888,5.5409,75.764,-1,98.6957,96.6068,1.8371,766.2632,740.9668,753.615,0.0336,1.0588,4.128,752.4711,1,-55516583,2084932.35,0,0.4,1,-9.2118,5.1496,0
2026-04-06 13:15:00,767.75,769.0,766.35,767.1,1028892,761.3927,755.3836,749.5916,1,5.8956,4.6875,1.2081,1,53.0457,39.6987,5.2801,74.1529,-1,91.9662,96.6457,1.7374,767.8989,741.6461,754.7725,0.0348,0.9696,4.0225,753.2626,1,-56545475,2015710.1,0,0.2453,-1,-9.2887,5.0606,1
2026-04-06 13:30:00,767.25,769.0,767.2,767.35,1203079,762.5842,756.4715,750.288,1,6.0788,4.9657,1.113,1,54.7225,38.3068,5.095,74.3786,-1,92.2353,94.299,2.0684,769.5418,741.9682,755.755,0.0365,0.9205,3.8709,753.9774,1,-55342396,1997893.9,0,0.0556,1,-9.2591,5.0948,1
2026-04-06 13:45:00,767.35,768.5,766.15,767.5,1096073,763.5673,757.4741,750.9629,1,6.165,5.2056,0.9594,1,55.7012,36.5977,6.8612,74.5223,-1,92.4242,92.2086,1.5884,771.1105,741.8595,756.485,0.0387,0.8766,3.7622,754.9962,1,-54246323,1701511.15,0,0.0638,1,-9.2414,5.1154,1
2026-04-06 14:00:00,767.5,770.0,766.85,769.7,1403053,764.7939,758.5855,751.6977,1,6.3378,5.432,0.9057,1,56.7587,37.2646,6.446,76.5961,-1,98.4085,94.356,1.8054,772.9046,741.8854,757.395,0.041,0.8967,3.7185,756.4544,1,-52843270,1438553.85,0,0.6984,1,-8.9813,5.4167,0
2026-04-06 14:15:00,769.85,771.65,767.25,767.25,2023114,765.2851,759.3732,752.3076,1,6.2055,5.5867,0.6188,1,57.8932,37.2842,5.9083,69.784,-1,78.5366,89.7898,1.2003,773.6563,743.2137,758.435,0.0401,0.7896,3.7672,757.5727,1,-54866384,1467736.65,0,0.5909,-1,-9.271,5.0811,1
2026-04-06 14:30:00,767.35,769.0,767.25,768.25,1205308,765.8781,760.1802,752.9328,1,6.1109,5.6915,0.4193,1,58.9467,35.9979,5.7044,70.9208,-1,82.9146,86.6199,1.5398,774.2198,744.8702,759.545,0.0386,0.7966,3.6231,758.7934,1,-53661076,1418881.8,0,0.5143,1,-9.1527,5.2181,0
2026-04-06 14:45:00,768.35,769.15,767.0,767.35,1331255,766.1725,760.832,753.4982,1,5.8953,5.7323,0.163,1,59.77,34.4264,5.963,68.4257,-1,75.6374,79.0295,0.9671,774.2934,746.9116,760.6025,0.036,0.7464,3.5179,759.6971,1,-54992331,1430502.6,0,0.4651,-1,-9.1141,5.0948,1
2026-04-06 15:00:00,767.35,772.6,767.25,772.4,3212345,767.418,761.8836,754.2394,1,6.0621,5.7983,0.2639,1,60.8664,37.5747,5.3385,73.9613,-1,98.8571,85.803,1.6717,775.224,748.371,761.7975,0.0352,0.8948,3.6487,761.5337,1,-51779986,1509685.55,1,0.9439,1,-8.5159,5.7865,0
2026-04-06 15:15:00,772.4,772.55,770.1,770.5,2012242,768.0344,762.6669,754.8771,1,5.9721,5.833,0.1391,1,61.8845,35.7292,5.0763,69.0559,-1,87.1166,87.2037,0.64,775.6045,750.0405,762.8225,0.0335,0.8003,3.5631,763.2869,1,-53792228,1475619.9,0,0.7755,-1,-8.6869,5.5263,0
2026-04-07 09:15:00,767.0,767.0,761.0,766.8,1659921,767.7875,763.0427,755.3447,1,5.5384,5.7741,-0.2357,-1,58.7648,29.6485,20.5146,60.6235,0,64.4172,83.4636,-0.1237,775.6723,751.2627,763.4675,0.032,0.6365,3.9872,763.8962,1,-55452149,1488097.95,0,0.0333,-1,-8.9311,5.0195,0
2026-04-07 09:30:00,766.9,767.0,763.1,763.4,1236762,766.91,763.0751,755.6606,1,4.8643,5.5922,-0.7279,-1,55.8679,27.5738,19.0791,54.0876,0,38.8704,63.4681,-0.4823,775.3457,752.5293,763.9375,0.0299,0.4764,3.9809,764.386,-1,-56688911,1482186.75,0,0.8974,-1,-6.2508,4.5539,1
2026-04-07 09:45:00,763.7,766.8,763.1,766.55,1572094,766.838,763.391,756.0876,1,4.532,5.3801,-0.8481,-1,53.1779,25.734,17.8061,58.5467,0,53.2819,52.1898,-0.1043,774.6687,754.6813,764.675,0.0261,0.5938,3.9609,764.8973,1,-55116817,1503530.4,0,0.7703,1,-5.8639,4.9853,1
2026-04-07 10:00:00,766.6,767.9,766.1,767.5,1398473,766.9704,763.7646,756.5352,1,4.2957,5.1632,-0.8675,-1,50.9533,26.9289,17.2046,59.8143,0,56.0345,49.3956,0.0,774.396,756.154,765.275,0.0238,0.622,3.8065,765.4584,1,-53718344,1506545.55,0,0.5,1,-5.7473,5.1154,0
2026-04-07 10:15:00,767.45,769.5,765.65,765.7,1102546,766.7163,763.9405,756.8946,1,3.9181,4.9142,-0.9961,-1,49.2678,27.9849,15.9627,56.3013,0,40.5172,49.9445,-0.5197,773.837,757.678,765.7575,0.0211,0.4964,3.8096,765.8369,-1,-54820890,1512765.0,0,0.4545,-1,-5.9683,4.8689,0
2026-04-07 10:30:00,765.9,766.0,763.4,764.65,1207649,766.3031,764.005,757.1987,1,3.4938,4.6301,-1.1363,-1,46.8504,26.589,19.483,54.298,0,31.4655,42.6724,-0.3389,773.3987,758.7663,766.0825,0.0191,0.4021,3.7232,766.2123,-1,-56028539,1499352.05,0,0.4808,-1,-6.0973,4.7251,0
2026-04-07 10:45:00,764.6,765.2,761.2,761.8,1898720,765.4024,763.8046,757.3791,1,2.8943,4.283,-1.3887,-1,43.8653,24.5594,22.1941,49.1825,0,6.8966,26.2931,-0.8396,772.5827,760.1023,766.3425,0.0163,0.136,3.743,766.3678,-1,-57927259,1530404.8,0,0.7,-1,-6.4473,4.3347,1
2026-04-07 11:00:00,761.6,763.5,761.2,762.75,1741924,764.872,763.7087,757.5898,1,2.4673,3.9198,-1.4525,-1,41.0934,23.451,21.1924,50.8449,0,15.0862,17.8161,-0.5995,772.2593,760.7007,766.48,0.0151,0.1773,3.6399,766.5222,-1,-56185335,1538264.8,0,0.5,1,-6.3306,4.4648,1
2026-04-07 11:15:00,762.85,769.35,761.95,768.0,3070152,765.4976,764.0988,757.998,1,2.5235,3.6406,-1.1171,-1,39.9902,30.9705,18.3264,58.8553,0,60.3448,27.4425,-0.5697,771.7919,761.9981,766.895,0.0128,0.6128,3.9085,766.8431,1,-53115183,1618645.8,1,0.6959,1,-5.6859,5.1839,0
2026-04-07 11:30:00,768.0,768.25,766.05,766.1,1043825,765.6181,764.2807,758.3157,1,2.3872,3.3899,-1.0027,-1,38.9658,29.6852,17.5659,55.3404,0,43.9655,39.7989,-0.5711,771.7953,762.0447,766.92,0.0127,0.4159,3.7865,767.0115,-1,-54159008,1586045.25,0,0.8636,-1,-5.9192,4.9236,1
2026-04-07 11:45:00,766.1,768.95,765.1,767.95,1073315,766.0844,764.6143,758.6935,1,2.4008,3.1921,-0.7913,-1,37.6624,27.5318,18.0816,57.9723,0,59.9138,54.7414,0.15,771.8129,762.0471,766.93,0.0127,0.6044,3.791,767.0518,1,-53085693,1576037.1,0,0.4805,1,-5.692,5.177,0
2026-04-07 12:00:00,768.1,768.3,765.15,765.9,886997,766.0476,764.7312,758.9761,1,2.2205,2.9978,-0.7772,-1,36.4521,25.8778,16.9953,54.1632,0,42.2414,48.7069,0.3275,771.7725,761.9675,766.87,0.0128,0.4011,3.7452,767.0207,-1,-53972690,1568942.35,0,0.6984,-1,-5.9438,4.8963,0
2026-04-07 12:15:00,765.95,766.25,763.55,764.45,757405,765.728,764.7056,759.1908,1,1.9383,2.7859,-0.8476,-1,34.7144,24.5182,19.2159,51.5816,0,29.8701,44.0084,-0.274,771.7325,761.7175,766.725,0.0131,0.2728,3.6706,766.9328,-1,-54730095,1546658.65,0,0.5556,-1,-6.1218,4.6977,0
2026-04-07 12:30:00,764.45,765.0,763.35,764.45,1222346,765.4724,764.6824,759.3971,1,1.6951,2.5677,-0.8726,-1,33.0247,23.6987,18.9788,51.5816,0,40.5882,37.5666,-0.3974,771.6615,761.4835,766.5725,0.0133,0.2915,3.5262,766.812,-1,-53507749,1552972.3,0,0.0,1,-6.1218,4.6977,1
2026-04-07 12:45:00,764.4,766.45,764.2,764.85,1660275,765.3479,764.6976,759.6109,1,1.5172,2.3576,-0.8404,-1,31.8941,25.605,18.0908,52.3089,0,43.9759,38.1448,-0.111,771.2594,761.4006,766.33,0.0129,0.3499,3.4351,766.6335,-1,-51847474,1565833.4,0,0.2,1,-6.0727,4.7524,0
2026-04-07 13:00:00,765.1,766.3,762.65,764.45,1881079,765.1684,764.6751,759.8007,1,1.3286,2.1518,-0.8232,-1,30.2283,23.6703,19.9326,51.4762,0,39.1566,41.2403,-0.0262,771.1658,761.2142,766.19,0.013,0.3252,3.4504,766.3675,-1,-53728553,1558731.65,0,0.1781,-1,-6.1218,4.6977,1
2026-04-07 13:15:00,764.5,766.9,764.45,766.8,745677,765.4947,764.8683,760.0751,1,1.3531,1.9921,-0.6389,-1,28.8758,23.7128,18.9003,55.916,0,67.4699,50.2008,0.6563,771.0127,761.2223,766.1175,0.0128,0.5697,3.379,766.2892,1,-52982876,1535750.1,0,0.9388,1,-5.5432,5.0195,1
2026-04-07 13:30:00,766.85,771.85,766.85,771.55,1786266,766.7057,765.4757,760.5251,1,1.7359,1.9408,-0.205,-1,28.9451,31.3746,16.9515,63.2379,0,97.1831,67.9365,1.1537,771.7483,760.9067,766.3275,0.0141,0.9817,3.4983,766.4407,1,-51196610,1558500.65,0,0.94,1,-4.8409,5.6701,0
2026-04-07 13:45:00,771.6,772.15,767.55,768.35,1600739,767.0346,765.737,760.832,1,1.7607,1.9048,-0.1441,-1,29.0768,29.0917,15.3944,56.4373,0,65.2968,76.6499,0.0456,770.8857,761.3643,766.125,0.0124,0.7337,3.577,766.1299,1,-52797349,1477920.35,0,0.7065,-1,-5.2356,5.2318,1
2026-04-07 14:00:00,768.2,771.0,768.2,771.0,1650405,767.8277,766.2155,761.2307,1,1.9714,1.9181,0.0533,1,29.1992,27.4395,14.5201,60.2496,0,89.4977,83.9925,0.6396,771.0066,761.2934,766.15,0.0127,0.9993,3.5215,766.0134,1,-51146944,1459828.5,0,1.0,1,-4.5969,5.5947,0
2026-04-07 14:15:00,771.0,771.7,768.25,768.7,1615022,768.0021,766.4413,761.5237,1,1.9306,1.9206,0.01,1,29.4867,26.9384,13.5025,55.694,0,68.4932,74.4292,0.0977,771.2216,761.2684,766.245,0.013,0.7467,3.5164,766.2708,1,-52761966,1457583.55,0,0.6667,-1,-4.8285,5.2797,1
2026-04-07 14:30:00,768.65,770.2,768.05,769.65,1653067,768.3317,766.733,761.8423,1,1.9524,1.927,0.0255,1,29.6518,25.7284,13.3138,57.1357,0,75.4902,77.827,0.4896,771.5651,761.5499,766.5575,0.0131,0.8088,3.4188,766.5142,1,-51108899,1478398.8,0,0.4651,1,-4.504,5.4098,1
2026-04-07 14:45:00,769.65,772.4,769.05,772.05,2220979,769.0754,767.2164,762.2426,1,2.1387,1.9693,0.1694,1,30.3532,28.5281,12.3807,60.6218,0,96.4103,80.1312,0.9942,772.3829,761.2821,766.8325,0.0145,0.97,3.4139,766.9098,1,-48887920,1510843.05,0,0.7164,1,-4.0515,5.7385,0
2026-04-07 15:00:00,772.1,773.45,770.1,770.5,9547034,769.3603,767.5149,762.5665,1,2.1367,2.0028,0.1339,1,31.2409,28.7256,11.5117,57.3763,0,72.6852,81.5285,0.7914,772.7547,761.2103,766.9825,0.0151,0.8047,3.4093,768.0054,1,-58434954,1918271.1,1,0.4776,-1,-3.6935,5.5263,1
2026-04-07 15:15:00,770.3,773.0,770.3,772.0,5815568,769.8882,767.9226,762.9364,1,2.2304,2.0483,0.182,1,32.0652,27.0762,10.8507,59.6288,0,86.5741,85.2232,0.9348,773.4316,761.1634,767.2975,0.016,0.8833,3.3587,768.5402,1,-52619386,2153922.2,1,0.6296,1,-3.5,5.7317,1
2026-04-08 09:15:00,798.85,810.25,798.85,805.6,5539363,777.0306,771.3479,764.6095,1,4.9587,2.6304,2.3283,1,35.6599,59.9079,5.7838,82.253,-1,90.2311,83.1635,5.383,787.0332,751.6568,769.345,0.046,1.5248,5.8509,772.8867,1,-47080023,2370507.9,1,0.5921,1,0.0,10.3335,1
2026-04-08 09:30:00,805.7,811.7,805.65,811.4,5656647,783.9045,774.989,766.4444,1,7.5024,3.6048,3.8976,1,39.0333,57.225,5.3544,83.9274,-1,99.3884,92.0645,5.8164,796.937,746.713,771.825,0.0651,1.288,5.8687,777.3202,1,-41423376,2558404.25,1,0.9421,1,0.0,11.1279,1
2026-04-08 09:45:00,811.35,815.0,810.55,812.25,6675301,789.5736,778.3763,768.2407,1,9.4777,4.7794,4.6983,1,42.2448,58.1582,5.0593,84.1632,-1,94.7469,94.7888,5.2751,804.5733,744.0267,774.3,0.0782,1.1268,5.7674,781.9787,1,-34748075,2805073.1,1,0.2022,1,0.0,11.2443,0
2026-04-08 10:00:00,812.25,813.75,808.1,808.65,2151786,793.3889,781.1285,769.8254,1,10.6301,5.9495,4.6806,1,44.5809,54.0826,7.7435,78.8842,-1,87.8701,94.0018,5.245,809.9181,742.7469,776.3325,0.0865,0.9811,5.759,783.9428,1,-36899861,2759154.8,0,0.6372,-1,-0.4432,10.7512,1
2026-04-08 10:15:00,808.85,811.3,807.7,811.0,2571964,796.9111,783.8441,771.4401,1,11.5993,7.0795,4.5198,1,46.6431,51.6013,7.898,79.776,-1,92.087,91.568,5.1881,815.0091,742.1459,778.5775,0.0936,0.945,5.6048,785.44,1,-34327897,2835561.75,0,0.5972,1,-0.1539,11.0731,0
2026-04-08 10:30:00,811.05,811.3,808.0,809.0,1516204,799.3289,786.131,772.913,1,12.0669,8.077,3.9899,1,48.558,49.3655,7.5558,76.8032,-1,87.5389,89.1654,5.2426,819.0087,742.2513,780.63,0.0983,0.8696,5.4401,786.4166,1,-35844101,2857706.2,0,0.6212,-1,-0.4001,10.7992,1
2026-04-08 10:45:00,809.0,811.6,808.2,810.5,2982904,801.5631,788.3463,774.387,1,12.4154,8.9447,3.4708,1,50.3501,47.5058,7.2092,77.481,-1,90.5163,90.0474,5.3076,822.7108,743.0092,782.86,0.1018,0.8468,5.2944,787.9078,1,-32861197,2962501.55,0,0.4412,1,-0.2155,11.0046,0
2026-04-08 11:00:00,810.5,811.9,810.0,810.1,876020,803.2705,790.3239,775.7875,1,12.5151,9.6587,2.8563,1,52.0292,46.6538,7.0156,76.8363,-1,89.5634,89.2062,4.9284,825.7364,744.5486,785.1425,0.1034,0.8074,5.052,788.5391,1,-33737217,2968432.3,0,0.2105,-1,-0.2647,10.9498,0
2026-04-08 11:15:00,810.05,811.25,809.5,809.95,1320279,804.6064,792.1081,777.1272,1,12.4385,10.2147,2.2238,1,53.4146,45.4429,7.575,76.5789,-1,89.2439,89.7745,5.1201,828.2171,746.6179,787.4175,0.1036,0.7761,4.8161,789.5196,1,-35057496,2973328.95,0,0.0571,-1,-0.2832,10.9293,1
2026-04-08 11:30:00,809.65,811.1,808.0,810.2,1724247,805.7251,793.7528,778.4242,1,12.2568,10.6231,1.6337,1,54.1716,43.2991,9.5004,76.7189,-1,89.7764,89.5279,4.9482,830.2558,749.1142,789.685,0.1028,0.7528,4.6935,790.7853,1,-33333249,2976527.55,0,0.1774,1,-0.2524,10.9635,0
2026-04-08 11:45:00,810.0,811.1,805.15,805.5,1385724,805.6801,794.8208,779.486,1,11.5998,10.8184,0.7813,1,53.9224,39.4519,12.9122,68.439,-1,79.3254,86.1152,-0.0124,831.1304,752.3446,791.7375,0.0995,0.6747,4.7833,792.0103,1,-34718973,2951759.8,0,0.7563,-1,-0.831,10.3198,1
2026-04-08 12:00:00,805.5,807.35,804.7,806.65,1253075,805.8741,795.8962,780.5512,1,11.0446,10.8637,0.1809,1,53.5443,37.8393,13.0785,69.3118,-1,81.4031,83.5016,-0.5854,831.8879,755.5721,793.73,0.0961,0.6693,4.6309,792.6348,1,-33465898,2977129.7,0,0.434,1,-0.6894,10.4773,1
2026-04-08 12:15:00,806.6,808.65,806.05,807.25,1008196,806.1493,796.9283,781.5983,1,10.5316,10.7973,-0.2657,-1,53.3425,38.3428,12.5371,69.7813,-1,82.6622,81.1302,-0.6156,832.6828,758.3472,795.515,0.0934,0.6579,4.4858,793.5722,1,-32457702,2938226.2,0,0.25,1,-0.6156,10.5595,0
2026-04-08 12:30:00,807.25,807.65,805.05,807.1,1105970,806.3394,797.853,782.5983,1,9.9977,10.6373,-0.6397,-1,52.8041,36.7062,13.6436,69.495,-1,51.0836,71.7163,-0.1917,832.7468,762.1582,797.4525,0.0885,0.6367,4.3511,794.4849,1,-33563672,2913487.75,0,0.0577,-1,-0.634,10.5389,1
2026-04-08 12:45:00,807.1,808.9,806.15,808.9,934654,806.8515,798.8573,783.6298,1,9.6091,10.4317,-0.8226,-1,52.4669,37.1118,13.011,71.0307,-1,40.7767,58.1742,-0.2589,832.7778,765.9172,799.3475,0.0836,0.6429,4.2368,795.4043,1,-32629018,2877700.2,0,0.6545,1,-0.4124,10.7855,1
2026-04-08 13:00:00,808.85,811.35,807.95,810.7,2124638,807.6212,799.9339,784.6913,1,9.3386,10.2131,-0.8744,-1,52.4561,39.1437,12.2545,72.5205,-1,58.2524,50.0376,0.2101,832.0721,770.8229,801.4475,0.0764,0.6511,4.177,796.6575,1,-30504380,2903181.0,0,0.5441,1,-0.1908,11.032,1
2026-04-08 13:15:00,810.6,812.85,810.1,812.45,1826970,808.587,801.0717,785.7799,1,9.16,10.0025,-0.8425,-1,52.6197,39.8861,11.6638,73.9246,-1,85.6354,61.5548,0.2406,830.8187,776.3563,803.5875,0.0678,0.6627,4.0751,797.9091,1,-28677410,2911876.15,0,0.6727,1,0.0,11.2717,0
2026-04-08 13:30:00,812.3,813.5,810.75,811.25,1371131,809.1196,801.997,786.7787,1,8.8199,9.7659,-0.9461,-1,52.8468,39.0842,11.0883,71.2368,-1,74.4318,72.7732,0.142,828.7638,782.3312,805.5475,0.0576,0.6228,3.9804,799.2767,1,-30048541,2869383.75,0,0.3818,-1,-0.1477,11.1073,1
2026-04-08 13:45:00,810.95,812.5,810.2,812.3,1190610,809.7557,802.9337,787.7796,1,8.5367,9.5201,-0.9834,-1,52.8269,37.4209,11.634,72.1896,-1,86.3636,82.1436,0.2901,824.5187,790.7563,807.6375,0.0418,0.6381,3.8604,805.0153,1,-28857931,2451562.55,0,0.587,1,-0.0185,11.2511,0
2026-04-08 14:00:00,812.45,813.0,811.25,811.65,1471347,810.1345,803.7261,788.7157,1,8.1656,9.2492,-1.0836,-1,52.8758,37.1227,11.242,70.6298,-1,78.9773,79.9242,0.179,813.9175,805.3225,809.62,0.0106,0.7362,3.7096,809.5711,1,-30329278,2234351.5,0,0.4571,-1,-0.0985,11.1621,1
2026-04-08 14:15:00,811.4,812.95,810.65,812.8,1778339,810.6676,804.551,789.6602,1,7.8736,8.9741,-1.1005,-1,52.6462,35.4328,11.9178,71.7911,-1,92.0455,85.7955,0.9063,814.0715,805.8885,809.98,0.0101,0.8446,3.609,810.3147,1,-28550939,2046300.3,0,0.6087,1,0.0,11.3196,1
2026-04-08 14:30:00,812.9,814.95,812.3,814.25,1473954,811.3841,805.4327,790.6245,1,7.6708,8.7134,-1.0426,-1,52.73,37.5734,11.2806,73.2285,-1,93.1707,88.0645,0.9422,814.5837,805.6613,810.1225,0.011,0.9626,3.5405,810.5684,1,-27076985,1837165.65,0,0.5094,1,0.0,11.5182,1
2026-04-08 14:45:00,814.55,815.85,813.35,815.5,2002335,812.2073,806.3479,791.6,1,7.5242,8.4756,-0.9514,-1,52.9347,37.4924,10.6994,74.4377,-1,96.861,94.0257,1.022,815.2524,805.3176,810.285,0.0123,1.0249,3.4661,810.416,1,-25074650,1603517.35,0,0.38,1,0.0,11.6894,0
2026-04-08 15:00:00,815.65,817.0,814.25,815.5,4226794,812.8658,807.1799,792.5372,1,7.3235,8.2452,-0.9216,-1,53.2844,37.7412,10.084,74.4377,-1,87.8049,92.6122,1.0408,816.0229,805.2321,810.6275,0.0133,0.9515,3.415,811.0714,1,-20847856,1707267.75,1,0.0545,-1,0.0,11.6894,1
2026-04-08 15:15:00,815.4,817.5,815.15,817.2,3382474,813.7327,808.0908,793.5044,1,7.2185,8.0398,-0.8213,-1,53.6783,36.9135,9.5771,76.1378,-1,97.6563,94.1074,1.0261,817.048,804.827,810.9375,0.0151,1.0124,3.3389,811.6868,1,-17465382,1747793.25,1,0.766,1,0.0,11.9222,0
2026-04-09 09:15:00,814.9,814.9,808.75,810.95,1637828,813.1761,808.3508,794.1885,1,6.5554,7.7429,-1.1876,-1,51.313,30.8984,20.3584,60.2682,0,47.3896,77.6169,0.0308,817.0806,804.9894,811.035,0.0149,0.493,3.704,811.777,-1,-19103210,1753874.45,0,0.6423,-1,-0.7648,11.0662,0
2026-04-09 09:30:00,811.0,811.25,804.5,804.95,2155234,811.5309,808.0416,794.6106,1,5.4825,7.2909,-1.8083,-1,47.8515,27.0995,25.5964,49.5836,0,3.4615,49.5024,-0.9231,817.3597,804.1553,810.7575,0.0163,0.0602,3.9216,811.6162,-1,-21258444,1712490.95,0,0.8963,-1,-1.499,10.2445,0
2026-04-09 09:45:00,805.3,805.95,800.4,801.15,1663587,809.4547,807.4151,794.867,1,4.2763,6.6879,-2.4116,-1,45.2025,24.439,30.3362,44.2349,0,4.386,18.4124,-1.245,818.1307,802.4893,810.31,0.0193,-0.0856,4.0379,811.2071,-1,-22922031,1751869.3,0,0.7477,-1,-1.964,9.724,1
2026-04-09 10:00:00,801.15,803.6,800.45,802.95,1298301,808.1538,807.0092,795.184,1,3.4262,6.0356,-2.6094,-1,42.7428,23.0554,28.6188,47.1435,0,14.9123,7.5866,-1.1511,818.4146,801.5054,809.96,0.0209,0.0854,3.9745,810.9148,-1,-21623730,1750770.4,0,0.5714,1,-1.7438,9.9706,1
2026-04-09 10:15:00,802.9,804.9,802.0,803.3,1168894,807.183,806.672,795.5023,1,2.749,5.3783,-2.6293,-1,40.0914,24.2125,27.0979,47.7146,0,16.9591,12.0858,-1.0288,818.5517,800.6783,809.615,0.0221,0.1467,3.8977,810.7173,-1,-20454836,1723002.75,0,0.1379,1,-1.7009,10.0185,0
2026-04-09 10:30:00,803.35,804.0,801.0,801.3,976945,806.0064,806.1836,795.7296,-1,2.0275,4.7081,-2.6806,-1,37.8791,22.8591,27.4464,44.74,0,5.2632,12.3782,-1.4149,818.8986,799.9114,809.405,0.0235,0.0731,3.8336,810.6112,-1,-21431781,1702563.8,0,0.6833,-1,-1.9457,9.7446,1
2026-04-09 10:45:00,801.3,803.6,801.3,803.4,657883,805.4851,805.9306,796.0304,-1,1.6067,4.0878,-2.4811,-1,35.8248,21.8507,26.2356,48.3789,0,17.5439,13.2554,-1.3325,819.026,799.459,809.2425,0.0242,0.2014,3.7241,810.6209,-1,-20773898,1672804.2,0,0.913,1,-1.6887,10.0322,0
2026-04-09 11:00:00,803.35,804.2,802.2,803.2,1123922,805.0281,805.6823,796.3116,-1,1.2427,3.5188,-2.2761,-1,33.7214,22.174,25.1948,48.0544,0,16.3743,13.0604,-1.5083,819.1426,798.9374,809.04,0.025,0.211,3.6009,810.4717,-1,-21897820,1678590.5,0,0.075,-1,-1.7132,10.0048,1
2026-04-09 11:15:00,803.2,803.7,801.5,803.35,1143856,804.6925,805.4703,796.5876,-1,0.9554,3.0061,-2.0508,-1,31.9729,21.1787,25.4921,48.3343,0,17.2515,17.0565,-1.4899,819.2276,798.4774,808.8525,0.0257,0.2348,3.5008,810.3397,-1,-20753964,1680484.8,0,0.0682,1,-1.6948,10.0253,0
2026-04-09 11:30:00,803.3,804.25,802.0,802.3,1106491,804.214,805.1821,796.8116,-1,0.6356,2.532,-1.8964,-1,30.1523,21.3325,24.2912,46.4473,0,11.1111,14.9123,-1.8233,819.2833,797.7617,808.5225,0.0266,0.2109,3.4115,810.1596,-1,-21860455,1689076.65,0,0.4444,-1,-1.8233,9.8815,0
2026-04-09 11:45:00,802.35,802.95,801.0,801.9,1265045,803.7512,804.8837,797.0112,-1,0.3459,2.0948,-1.7489,-1,28.7764,20.434,25.428,45.7151,0,8.7719,12.3782,-1.116,819.166,796.999,808.0825,0.0274,0.2211,3.3071,809.8544,-1,-23125500,1646097.0,0,0.2308,-1,-1.8722,9.8267,1
2026-04-09 12:00:00,801.9,803.65,801.3,802.8,1129662,803.561,804.6943,797.2382,-1,0.1868,1.7132,-1.5264,-1,27.2271,20.9188,24.1101,47.7124,0,14.0351,11.306,-0.2671,818.7211,796.4789,807.6,0.0275,0.2842,3.2387,809.4892,-1,-21995838,1611231.6,0,0.383,1,-1.7621,9.95,0
2026-04-09 12:15:00,802.75,803.3,801.8,802.15,857193,803.2788,804.463,797.4308,-1,0.0081,1.3722,-1.364,-1,25.7886,20.1992,23.2807,46.385,0,10.2339,11.0136,0.1248,818.3756,795.9144,807.145,0.0278,0.2776,3.1145,809.1967,-1,-22853031,1585534.7,0,0.4,-1,-1.8417,9.861,0
2026-04-09 12:30:00,802.5,803.0,801.1,801.6,1060328,802.943,804.2027,797.5943,-1,-0.1758,1.0626,-1.2384,-1,24.7066,19.2938,23.8885,45.2382,0,8.2759,10.8483,-0.1681,817.8268,795.3932,806.61,0.0278,0.2767,3.0278,808.8586,-1,-23913359,1579020.6,0,0.4737,-1,-1.909,9.7857,0
2026-04-09 12:45:00,801.55,801.85,799.15,800.5,1741918,802.4544,803.8661,797.7082,-1,-0.4057,0.7689,-1.1746,-1,24.3587,18.0553,26.9912,42.9509,0,11.157,9.8889,-0.3486,817.3201,794.7849,806.0525,0.028,0.2536,3.0044,808.2579,-1,-25655277,1592549.15,0,0.3889,-1,-2.0436,9.635,0
2026-04-09 13:00:00,800.5,801.2,799.5,799.55,647937,801.8735,803.4737,797.7805,-1,-0.6569,0.4838,-1.1407,-1,24.0358,17.3022,25.8653,41.0218,0,5.8824,8.4384,-0.2184,816.5504,794.2296,805.39,0.0277,0.2384,2.9112,807.8611,-1,-26303214,1536029.05,0,0.5588,-1,-2.1598,9.5049,0
2026-04-09 13:15:00,799.8,800.0,796.8,797.0,1360598,800.8988,802.8852,797.7499,-1,-1.0497,0.1771,-1.2267,-1,24.5479,15.9533,30.4269,36.308,0,2.4691,6.5028,-0.7966,815.48,793.575,804.5275,0.0272,0.1564,2.9318,807.1322,-1,-27663812,1530361.25,0,0.875,-1,-2.4719,9.1557,1
2026-04-09 13:30:00,796.85,798.85,796.75,797.15,1312581,800.1491,802.3638,797.7263,-1,-1.3335,-0.125,-1.2084,-1,25.0374,15.1202,28.9623,36.7683,0,4.908,4.4198,-0.7532,813.7784,793.4416,803.61,0.0253,0.1823,2.8724,806.1934,-1,-26351231,1495873.55,0,0.1429,1,-2.4535,9.1762,1
2026-04-09 13:45:00,797.2,798.9,796.45,798.35,1398274,799.7892,801.9989,797.7508,-1,-1.4449,-0.389,-1.0559,-1,25.5796,14.1892,27.933,40.4744,0,24.359,10.5787,-0.6224,811.568,793.937,802.7525,0.022,0.2503,2.8422,804.3001,-1,-24952957,1354447.55,0,0.4694,1,-2.3067,9.3405,0
2026-04-09 14:00:00,798.3,799.6,797.0,797.35,1169052,799.3014,801.5763,797.7351,-1,-1.5955,-0.6303,-0.9652,-1,25.6754,15.0264,26.0966,38.4519,0,11.5385,13.6018,-0.617,807.9134,795.6066,801.76,0.0153,0.1417,2.8249,802.3285,-1,-26122009,1243776.45,0,0.3654,-1,-2.429,9.2036,0
2026-04-09 14:15:00,797.35,797.9,795.45,796.0,1725942,798.6411,801.0694,797.667,-1,-1.803,-0.8648,-0.9382,-1,26.2501,14.0866,28.4212,35.8475,0,6.25,14.0491,-0.7358,806.0497,795.9753,801.0125,0.0126,0.0025,2.7982,801.3182,-1,-27847951,1248182.15,0,0.551,-1,-2.5942,9.0187,0
2026-04-09 14:30:00,796.0,796.15,793.25,794.1,2253501,797.7329,800.4358,797.5271,-1,-2.0966,-1.1112,-0.9854,-1,27.3735,13.0465,31.9241,32.5101,1,7.7273,8.5052,-1.0837,806.0065,794.9335,800.47,0.0138,-0.0753,2.8054,800.2251,-1,-30101452,1253095.5,1,0.6552,-1,-2.8267,8.7585,1
2026-04-09 14:45:00,794.0,795.35,793.35,794.5,2566423,797.0863,799.8962,797.4084,-1,-2.2708,-1.3431,-0.9277,-1,28.4167,12.3682,30.2644,33.9052,1,11.3636,8.447,-0.9537,806.2404,794.0346,800.1375,0.0153,0.0381,2.7479,799.5036,-1,-27535029,1298237.3,1,0.25,1,-2.7778,8.8133,1
2026-04-09 15:00:00,794.45,799.4,793.75,798.85,9991784,797.4391,799.8011,797.465,-1,-2.0345,-1.4814,-0.5531,-1,27.255,20.4682,26.1314,46.7876,0,53.8462,24.3124,-0.3431,805.9181,793.9469,799.9325,0.015,0.4096,2.9552,798.7719,1,-17543245,1732911.45,1,0.7788,1,-2.2455,9.409,0
2026-04-09 15:15:00,798.8,800.55,797.6,798.05,4488615,797.5612,799.6419,797.4879,-1,-1.8899,-1.5631,-0.3268,-1,25.6927,21.7886,24.2679,45.0486,0,46.1538,37.1212,-0.3061,805.5003,793.8397,799.67,0.0146,0.3611,2.9548,798.6249,-1,-22031860,1898897.5,1,0.2542,-1,-2.3434,9.2995,1
2026-04-10 09:15:00,803.15,807.6,801.6,807.25,1571373,799.499,800.3335,797.8707,-1,-1.0212,-1.4547,0.4335,1,25.6179,32.1491,19.4359,62.37,0,97.561,65.8537,0.963,806.6457,793.2893,799.9675,0.0167,1.0452,3.4259,798.8163,1,-20460487,1928618.9,0,0.6833,1,-1.2176,10.5595,0
2026-04-10 09:30:00,807.4,807.9,804.75,805.5,1805729,800.6992,800.8032,798.1699,-1,-0.4685,-1.2575,0.7889,1,25.6178,30.6546,18.152,58.587,0,83.6177,75.7775,1.0665,807.0237,793.1213,800.0725,0.0174,0.8904,3.4062,799.0797,1,-22266216,1986011.2,0,0.6032,-1,-1.4317,10.3198,1
2026-04-10 09:45:00,805.7,811.7,805.5,809.3,2955240,802.4194,801.5756,798.6064,1,0.2729,-0.9514,1.2243,1,26.4122,34.4172,15.9226,63.7313,0,86.9919,89.3902,1.5242,808.316,792.439,800.3775,0.0198,1.062,3.6058,799.662,1,-19310976,2077577.1,0,0.5806,1,-0.9667,10.8402,1
2026-04-10 10:00:00,809.4,810.6,808.0,810.0,1330647,803.9355,802.3415,799.0532,1,0.9066,-0.5798,1.4864,1,27.1499,32.6085,15.0858,64.6035,0,90.7859,87.1318,1.4593,809.6167,791.8033,800.71,0.0222,1.0215,3.5339,799.8893,1,-17980329,2086916.65,0,0.2308,1,-0.8811,10.9361,1
2026-04-10 10:15:00,810.15,811.8,810.1,811.1,1176816,805.3684,803.1377,799.5256,1,1.4804,-0.1678,1.6482,1,28.0695,33.8926,14.517,65.9878,-1,96.2264,91.3347,1.7245,811.132,791.168,801.15,0.0249,0.9984,3.4101,800.1237,1,-16803513,2090432.9,0,0.5588,1,-0.7465,11.0868,0
2026-04-10 10:30:00,811.1,811.5,809.2,809.95,1038053,806.2847,803.757,799.9344,1,1.8214,0.2301,1.5914,1,28.5208,32.2209,15.7311,63.2049,0,90.027,92.3464,1.7525,812.2468,790.8582,801.5525,0.0267,0.8926,3.3308,800.3201,1,-17841566,2079083.3,0,0.5,-1,-0.8872,10.9293,1
2026-04-10 10:45:00,810.0,810.45,809.45,810.4,707997,807.1078,804.3609,800.3448,1,2.1037,0.6048,1.4989,1,28.9399,31.4936,15.376,63.8474,0,92.4528,92.9021,2.0526,813.2962,790.5688,801.9325,0.0283,0.8726,3.1643,800.4262,1,-17133569,2058000.05,0,0.4,1,-0.8321,10.9909,1
2026-04-10 11:00:00,810.35,812.25,810.3,811.85,1014690,808.0562,805.0417,800.796,1,2.4166,0.9672,1.4494,1,29.7293,34.246,14.6801,65.9129,-1,97.8947,93.4582,2.1838,814.5771,790.2579,802.4175,0.0303,0.8879,3.0776,800.656,1,-16118879,2065874.9,0,0.7692,1,-0.6547,11.1895,0
2026-04-10 11:15:00,811.9,812.05,806.65,806.75,1501757,807.795,805.197,801.0295,1,2.2274,1.2192,1.0082,1,28.8907,30.1734,20.9725,54.1865,0,71.0526,87.1334,0.9889,814.9718,790.3782,802.675,0.0306,0.6657,3.2434,800.9059,1,-17620636,2087946.35,0,0.9537,-1,-1.2788,10.491,1
2026-04-10 11:30:00,806.75,810.35,806.7,808.35,2397765,807.906,805.4837,801.3166,1,2.1814,1.4116,0.7697,1,28.1121,27.7695,19.3016,56.7841,0,79.4737,82.807,1.2906,815.5611,790.5739,803.0675,0.0311,0.7114,3.2725,801.35,1,-15222871,2120738.7,0,0.4384,1,-1.083,10.7101,1
2026-04-10 11:45:00,808.5,810.25,807.2,809.35,1231488,808.1948,805.8352,801.6316,1,2.2002,1.5694,0.6309,1,27.389,25.9118,18.0104,58.3727,0,84.6561,78.3941,0.2601,816.2283,790.8867,803.5575,0.0315,0.7286,3.2566,801.5863,1,-13991383,2149916.25,0,0.2787,1,-0.9606,10.8471,1
2026-04-10 12:00:00,809.2,811.0,808.85,809.85,782015,808.5258,806.2001,801.9539,1,2.2298,1.7014,0.5284,1,26.9448,26.3454,17.14,59.1807,0,87.027,83.7189,0.54,816.7784,791.6216,804.2,0.0313,0.7246,3.1776,801.8567,1,-13209368,2120987.1,0,0.3023,1,-0.8994,10.9156,1
2026-04-10 12:15:00,809.8,811.0,809.35,810.15,867383,808.8507,806.5592,802.2753,1,2.2515,1.8115,0.44,1,26.5322,25.3335,16.4816,59.6863,0,85.6655,85.7829,0.105,817.2462,792.4538,804.85,0.0308,0.7138,3.0684,802.1621,1,-12341985,2098727.2,0,0.2121,1,-0.8627,10.9567,0
2026-04-10 12:30:00,810.25,810.25,808.6,809.2,811558,808.9205,806.7993,802.5469,1,2.1671,1.8826,0.2845,1,25.7767,24.3272,17.6325,57.2673,0,71.3615,81.3514,-0.0988,817.5508,793.2342,805.3925,0.0302,0.6566,2.9671,802.447,1,-13153543,2069391.4,0,0.6364,-1,-0.979,10.8265,1
2026-04-10 12:45:00,808.95,809.95,808.7,809.9,738488,809.1164,807.0812,802.8352,1,2.1321,1.9325,0.1996,1,25.0752,23.5636,17.079,58.5988,0,68.6667,75.2312,-0.1479,817.7407,794.2993,806.02,0.0291,0.6655,2.8445,802.7019,1,-12415055,2047863.2,0,0.76,1,-0.8933,10.9224,0
2026-04-10 13:00:00,809.9,810.35,809.4,809.75,578139,809.2431,807.3238,803.1064,1,2.0684,1.9596,0.1087,1,24.5794,24.028,16.6512,58.1804,0,62.963,67.6637,-0.0247,817.5789,795.8361,806.7075,0.027,0.6399,2.7092,803.0765,1,-12993194,1990473.05,0,0.1579,-1,-0.9116,10.9019,1
2026-04-10 13:15:00,809.7,810.5,809.4,810.3,429832,809.4545,807.5944,803.3885,1,2.0388,1.9755,0.0633,1,24.1796,23.7133,16.1469,59.327,0,65.1786,65.6027,-0.0123,816.8102,798.2248,807.5175,0.023,0.6497,2.5942,803.6644,1,-12563362,1899289.6,0,0.5455,1,-0.8443,10.9772,0
2026-04-10 13:30:00,810.3,810.8,809.8,809.8,489946,809.5236,807.7949,803.6399,1,1.9525,1.9709,-0.0184,-1,23.9347,23.8944,15.6819,57.7762,0,56.25,61.4638,-0.2525,815.4354,801.1296,808.2825,0.0177,0.6061,2.4803,804.4148,1,-13053308,1795465.75,0,0.5,-1,-0.9055,10.9087,1
2026-04-10 13:45:00,809.8,811.85,809.6,811.8,1002560,809.9789,808.159,803.9599,1,2.0221,1.9811,0.041,1,24.1377,25.3797,14.659,62.0496,0,91.9643,71.131,0.626,814.7753,803.0847,808.93,0.0145,0.7455,2.4639,807.2915,1,-12050748,1346004.55,0,0.8889,1,-0.6608,11.1826,0
2026-04-10 14:00:00,811.8,812.2,810.2,810.85,1202106,810.1531,808.4036,804.2301,1,1.9779,1.9805,-0.0026,-1,24.4651,24.9166,13.7975,58.9953,0,75.0,74.4048,0.3093,812.667,806.473,809.57,0.0077,0.7067,2.4308,809.1098,1,-13252854,1181679.1,0,0.475,-1,-0.777,11.0525,0
2026-04-10 14:15:00,810.85,810.9,808.2,809.4,1554225,810.0025,808.4942,804.4329,1,1.805,1.9454,-0.1404,-1,23.4771,22.9553,18.5423,54.5793,0,49.1071,72.0238,0.0062,812.5886,806.7664,809.6775,0.0072,0.4523,2.45,809.3768,1,-14807079,1180821.7,0,0.537,-1,-0.9545,10.8539,1
2026-04-10 14:30:00,809.25,811.9,807.3,810.85,3378929,810.172,808.7084,804.6845,1,1.7647,1.9092,-0.1446,-1,23.0088,22.8018,16.2023,57.9676,0,75.6757,66.5943,0.1235,812.175,807.715,809.945,0.0055,0.7029,2.6036,809.7011,1,-11428150,1259481.7,1,0.3478,1,-0.777,11.0525,0
2026-04-10 14:45:00,810.7,810.7,807.45,809.0,2398080,809.9376,808.7349,804.8538,1,1.5654,1.8405,-0.2751,-1,22.5739,20.7203,14.7232,52.5784,0,41.8182,55.5337,-0.1419,812.1811,807.6789,809.93,0.0056,0.2934,2.6604,809.7418,-1,-13826230,1231623.7,1,0.5231,-1,-1.0034,10.7992,1
2026-04-10 15:00:00,809.15,811.5,808.5,810.3,2368216,810.0101,808.8772,805.0673,1,1.4951,1.7714,-0.2763,-1,22.5336,21.195,13.5481,55.6954,0,62.0,59.8313,0.1359,812.2017,807.6883,809.945,0.0056,0.5787,2.6847,809.7857,1,-11458014,1283502.15,1,0.3833,1,-0.8443,10.9772,1
2026-04-10 15:15:00,810.35,811.7,809.8,810.5,2156597,810.1081,809.0247,805.2804,1,1.439,1.7049,-0.266,-1,22.5866,20.6442,12.8486,56.1727,0,65.3061,56.3748,0.0741,812.125,807.705,809.915,0.0055,0.6324,2.6286,809.8034,1,-9301417,1332491.2,1,0.0789,1,-0.8199,11.0046,0
2026-04-13 09:15:00,792.65,793.7,787.85,789.55,2121245,805.9964,807.2543,804.6635,-1,-0.2927,1.3054,-1.598,-1,25.0983,12.4152,46.3561,25.3571,1,6.9815,44.7625,-2.4946,818.0421,799.7479,808.895,0.0226,-0.5574,4.0587,808.3012,-1,-11422662,1386650.8,1,0.5299,-1,-3.3835,8.1353,1
2026-04-13 09:30:00,789.6,790.45,787.7,789.85,1841546,802.7672,805.6721,804.0826,-1,-1.6221,0.7199,-2.342,-1,27.4452,11.8002,44.33,25.9833,1,8.7755,27.0211,-2.5238,820.1775,795.5575,807.8675,0.0305,-0.2318,3.9653,807.047,-1,-9581116,1443328.25,0,0.0909,1,-3.3468,8.1764,1
2026-04-13 09:45:00,789.85,791.1,789.1,790.95,1462622,800.4037,804.3337,803.5676,-1,-2.5574,0.0644,-2.6218,-1,29.3765,12.5733,42.6743,28.3565,1,13.2653,9.6741,-2.3277,821.0082,792.6368,806.8225,0.0352,-0.0595,3.8249,806.0626,-1,-8118494,1465724.85,0,0.55,1,-3.2122,8.3271,1
2026-04-13 10:00:00,791.0,792.6,790.6,791.2,1967623,798.563,803.1397,803.0826,-1,-3.2411,-0.5967,-2.6444,-1,30.5985,14.9872,41.0242,28.9144,1,14.2857,12.1088,-2.5376,821.7812,790.3088,806.045,0.039,0.0283,3.6945,804.9762,-1,-6150871,1489018.15,0,0.1,1,-3.1816,8.3613,1
2026-04-13 10:15:00,791.2,792.0,789.85,791.7,981201,797.1904,802.0997,802.6362,-1,-3.7,-1.2173,-2.4826,-1,31.837,14.345,40.7611,30.0869,1,16.3265,14.6259,-2.3617,822.093,788.332,805.2125,0.0419,0.0998,3.5842,804.204,-1,-5169670,1418189.95,0,0.2326,1,-3.1204,8.4298,1
2026-04-13 10:30:00,791.7,792.9,791.1,792.7,986884,796.2923,801.2452,802.2466,-1,-3.9375,-1.7614,-2.1762,-1,32.6291,15.6712,39.245,32.4855,1,20.4082,17.0068,-2.0633,821.9887,786.7713,804.38,0.0438,0.1683,3.4568,803.5767,-1,-4182786,1405959.75,0,0.5556,1,-2.998,8.5667,0
2026-04-13 10:45:00,792.65,792.8,789.7,789.9,2358277,795.0138,800.2138,801.7624,-1,-4.3021,-2.2695,-2.0326,-1,33.5835,14.6599,39.6268,29.4399,1,8.9796,15.2381,-2.5837,821.8767,784.8883,803.3825,0.046,0.1355,3.4313,802.3955,-1,-6541063,1484772.85,1,0.8871,-1,-3.3407,8.1833,1
2026-04-13 11:00:00,789.85,790.1,789.2,790.0,1060402,794.0111,799.2853,801.3011,-1,-4.5308,-2.7218,-1.809,-1,34.5478,14.3699,39.9418,29.6934,1,9.3878,12.9252,-2.3486,821.4704,783.2796,802.375,0.0476,0.176,3.2505,801.722,-1,-5480661,1494423.8,0,0.1667,1,-3.3284,8.1969,0
2026-04-13 11:15:00,790.0,790.2,788.55,789.0,1340092,793.0089,798.3503,800.8187,-1,-4.7381,-3.125,-1.6131,-1,35.5473,13.8299,39.9212,28.5873,1,5.3719,7.9131,-2.6287,821.0377,781.6923,801.365,0.0491,0.1857,3.1362,800.969,-1,-6820753,1520850.5,0,0.6061,-1,-3.4508,8.06,0
2026-04-13 11:30:00,789.0,790.0,787.35,788.5,1157066,792.1071,797.4548,800.3356,-1,-4.8864,-3.4773,-1.4091,-1,36.6663,12.9858,40.2485,28.0251,1,4.6843,6.4813,-2.7144,820.3192,780.2708,800.295,0.05,0.2055,3.1014,800.3007,-1,-7977819,1541779.4,0,0.1887,-1,-3.512,7.9915,1
2026-04-13 11:45:00,788.7,790.2,788.45,789.85,1320069,791.6557,796.7635,799.9244,-1,-4.8392,-3.7497,-1.0895,-1,37.6056,12.9211,38.5742,31.9179,1,10.2669,6.7744,0.038,819.3237,779.2763,799.3,0.0501,0.264,3.0049,799.6747,-1,-6657750,1578875.9,0,0.6571,1,-3.3468,8.1764,1
2026-04-13 12:00:00,790.0,791.75,789.9,791.7,846685,791.6645,796.3031,799.6019,-1,-4.5995,-3.9197,-0.6799,-1,37.7122,16.1056,36.785,36.9503,0,17.8645,10.9386,0.2342,817.9874,778.7526,798.37,0.0491,0.33,2.926,799.3086,-1,-5811065,1599718.55,0,0.9189,1,-3.1204,8.4298,1
2026-04-13 12:15:00,791.7,793.1,791.0,792.8,1697144,791.8916,795.9847,799.3352,-1,-4.2715,-3.99,-0.2815,-1,37.1865,18.6264,34.8604,39.7997,0,22.3819,16.8378,0.2339,816.547,778.493,797.52,0.0477,0.376,2.867,798.7906,-1,-4113921,1660078.45,0,0.5238,1,-2.9858,8.5804,1
2026-04-13 12:30:00,792.8,794.7,792.65,794.25,1373525,792.3633,795.827,799.1357,-1,-3.8502,-3.9621,0.1118,1,36.0065,21.7244,33.043,43.429,0,93.8776,44.708,0.3855,814.5395,778.7455,796.6425,0.0449,0.4332,2.8086,798.2221,-1,-2740396,1678626.7,0,0.7073,1,-2.8084,8.779,0
2026-04-13 12:45:00,794.2,794.8,790.85,791.2,2739682,792.1306,795.4063,798.8245,-1,-3.7196,-3.9136,0.194,1,35.3787,19.6036,34.2659,38.2107,0,51.6779,55.9791,-0.0632,812.4527,778.8673,795.66,0.0422,0.3672,2.8902,797.3183,-1,-5480078,1755505.5,1,0.7595,-1,-3.1816,8.3613,1
2026-04-13 13:00:00,791.1,792.35,790.05,792.0,1065400,792.1045,795.0967,798.5569,-1,-3.511,-3.8331,0.322,1,34.9935,18.4728,34.2957,40.2391,0,62.4161,69.3238,-0.0883,810.4069,779.1731,794.79,0.0393,0.4107,2.848,796.5914,-1,-4414678,1731064.25,0,0.3913,1,-3.0837,8.4709,1
2026-04-13 13:15:00,791.95,793.85,791.7,793.4,1423570,792.3636,794.9424,798.3547,-1,-3.1959,-3.7056,0.5097,1,33.9738,21.288,32.4134,43.7208,0,81.2081,65.1007,0.4431,807.6887,780.1463,793.9175,0.0347,0.4812,2.7981,795.0455,-1,-2991108,1633296.3,0,0.6744,1,-2.9124,8.6626,0
2026-04-13 13:30:00,793.4,794.25,792.9,793.15,1156484,792.5209,794.7795,798.1506,-1,-2.9326,-3.551,0.6185,1,32.8539,21.5865,31.2535,43.2364,0,77.8523,73.8255,0.3987,805.0311,781.2189,793.125,0.03,0.501,2.6947,793.9174,-1,-4147592,1571216.5,0,0.1852,-1,-2.943,8.6284,1
2026-04-13 13:45:00,793.15,798.4,793.0,797.2,1937994,793.4567,794.9995,798.1133,-1,-2.3698,-3.3148,0.945,1,30.7478,28.9678,27.0793,52.4315,0,89.1403,82.7336,1.0393,801.655,783.285,792.47,0.0232,0.7575,2.8879,792.8236,1,-2209598,1549705.4,0,0.75,1,-2.4474,9.183,0
2026-04-13 14:00:00,797.2,797.7,793.5,794.7,1311160,793.7054,794.9723,797.9794,-1,-2.1012,-3.0721,0.9708,1,28.7922,26.0532,24.3547,47.3343,0,66.5158,77.8362,0.7863,795.9044,787.4556,791.68,0.0107,0.8574,2.9817,791.655,1,-3520758,1507433.55,0,0.5952,-1,-2.7533,8.8406,1
2026-04-13 14:15:00,794.7,796.45,794.0,796.0,1180920,794.1643,795.0657,797.9018,-1,-1.7632,-2.8103,1.0471,1,26.9763,24.5043,22.9068,50.0534,0,78.2805,77.9789,0.7786,796.503,787.502,792.0025,0.0114,0.9441,2.9437,791.9033,1,-2339838,1460417.3,0,0.5306,1,-2.5942,9.0187,0
2026-04-13 14:30:00,796.0,797.25,794.6,795.5,1300784,794.4314,795.1052,797.8076,-1,-1.5181,-2.5519,1.0337,1,25.5816,24.8725,21.4233,49.0054,0,73.7557,72.8507,0.48,796.917,787.653,792.285,0.0117,0.847,2.9227,792.2445,1,-3640622,1433379.2,0,0.1887,-1,-2.6554,8.9502,1
2026-04-13 14:45:00,795.35,798.4,795.05,797.75,1360975,795.0951,795.3456,797.8054,-1,-1.1293,-2.2673,1.138,1,24.6922,25.6386,19.6875,53.703,0,94.1176,82.0513,0.6244,797.7834,787.4666,792.625,0.013,0.9968,2.9532,792.5695,1,-2279647,1428296.85,0,0.7164,1,-2.3801,9.2584,0
2026-04-13 15:00:00,797.85,798.45,792.95,794.3,6579468,794.9361,795.2506,797.6679,-1,-1.0871,-2.0313,0.9442,1,22.9961,22.4259,22.0049,46.6125,0,58.5,75.4578,0.0063,797.9441,787.6159,792.78,0.013,0.6472,3.1351,793.1632,1,-8859115,1658889.1,1,0.6455,-1,-2.8023,8.7859,1
2026-04-13 15:15:00,794.25,794.7,792.3,794.7,2234143,794.8889,795.2005,797.5515,-1,-1.0097,-1.827,0.8173,1,21.5357,21.1788,22.2874,47.4784,0,56.1404,69.586,0.4424,798.1341,787.7259,792.93,0.0131,0.6701,3.0826,793.2674,1,-6624972,1721536.2,0,0.1875,1,-2.7533,8.8406,1
2026-04-15 09:15:00,805.0,811.45,804.0,806.8,1457621,797.2711,796.255,797.9142,1,0.0277,-1.456,1.4837,1,23.4061,44.4128,15.7177,65.6348,-1,78.271,64.3038,1.8687,801.6074,785.6626,793.635,0.0201,1.3257,4.0589,793.8876,1,-5167351,1745073.05,0,0.2416,1,-1.2726,10.4978,1
2026-04-15 09:30:00,806.8,809.9,806.5,809.05,1853665,799.6269,797.4182,798.3509,1,1.0197,-0.9609,1.9806,1,25.1429,41.7243,14.7663,67.8598,-1,88.785,74.3988,1.9725,804.8212,784.3638,794.5925,0.0257,1.2067,4.0118,794.8858,1,-3313686,1719842.45,0,0.6618,1,-0.9973,10.806,1
2026-04-15 09:45:00,808.9,811.5,808.9,811.35,1230126,801.9715,798.6847,798.8607,1,1.9687,-0.375,2.3437,1,26.948,42.6652,14.0651,69.9981,-1,99.3007,88.7856,2.2946,807.9893,783.3307,795.66,0.031,1.1363,3.911,795.6015,1,-2083560,1728328.65,0,0.9423,1,-0.7159,11.121,1
2026-04-15 10:00:00,811.4,814.4,810.85,813.0,1528272,804.1772,799.9861,799.4151,1,2.8214,0.2643,2.5571,1,28.9477,45.2122,13.1471,71.4649,-1,94.2505,94.1121,1.9819,810.9141,782.8059,796.86,0.0353,1.0742,3.8852,796.6005,1,-555288,1737737.65,0,0.4507,1,-0.514,11.347,1
2026-04-15 10:15:00,813.05,814.8,812.55,814.2,963456,806.1818,801.2783,799.9949,1,3.5531,0.922,2.631,1,30.8477,44.0421,12.5864,72.5172,-1,97.4026,96.9846,2.4538,813.542,782.748,798.145,0.0386,1.0214,3.7684,797.3486,1,408168,1728057.15,0,0.5111,1,-0.3671,11.5113,0
2026-04-15 10:30:00,814.1,814.6,811.35,811.6,789557,807.2654,802.2166,800.45,1,3.8784,1.5133,2.3651,1,32.1513,41.3021,14.1005,66.7716,-1,85.7778,92.477,1.9598,815.1945,783.2705,799.2325,0.0399,0.8874,3.7314,798.005,1,-381389,1701531.55,0,0.7692,-1,-0.6853,11.1552,0
2026-04-15 10:45:00,811.7,812.95,810.25,810.4,866319,807.8923,802.9606,800.8402,1,3.9934,2.0093,1.984,1,32.943,39.1244,15.5051,64.2417,0,80.4444,87.8749,1.873,816.4427,783.8923,800.1675,0.0407,0.8144,3.6577,798.512,1,-1247708,1702513.25,0,0.4815,-1,-0.8321,10.9909,0
2026-04-15 11:00:00,810.5,810.7,808.15,808.7,1383188,808.0539,803.4823,801.1485,1,3.9023,2.3879,1.5144,1,32.9129,37.133,18.9076,60.7311,0,72.8889,79.7037,1.3726,817.2738,784.6512,800.9625,0.0407,0.7372,3.5786,799.262,1,-2630896,1686815.45,0,0.7059,-1,-1.0401,10.7581,0
2026-04-15 11:15:00,808.8,809.35,806.5,807.7,1088842,807.9831,803.8658,801.4054,1,3.7068,2.6517,1.0551,1,32.3216,34.9895,21.1581,58.6991,0,68.4444,73.9259,1.687,817.8928,785.3772,801.635,0.0406,0.6865,3.5265,799.7631,1,-3719738,1672581.3,0,0.386,-1,-1.1625,10.6211,1
2026-04-15 11:30:00,807.8,809.35,807.15,808.95,558238,808.1765,804.328,801.7013,1,3.611,2.8436,0.7674,1,31.7725,33.3873,20.1893,60.4791,0,74.0,71.7778,1.7931,818.3367,786.7083,802.5225,0.0394,0.7032,3.4318,800.5741,1,-3161500,1563509.1,0,0.5227,1,-1.0095,10.7923,0
2026-04-15 11:45:00,808.9,809.45,807.8,808.9,857743,808.3212,804.7436,801.9836,1,3.4908,2.973,0.5178,1,31.285,32.4127,19.4692,60.3671,0,73.7778,72.0741,0.2603,818.6392,788.0958,803.3675,0.038,0.6811,3.3045,801.1113,1,-4019243,1553126.25,0,0.0,1,-1.0157,10.7855,1
2026-04-15 12:00:00,809.0,810.65,809.0,809.75,1004923,808.6069,805.1987,802.2881,1,3.4247,3.0634,0.3614,1,31.1062,33.828,18.7072,61.6676,0,77.5556,75.1111,0.0865,818.9778,789.3922,804.185,0.0368,0.6881,3.1935,801.7738,1,-3014320,1532193.9,0,0.4545,1,-0.9116,10.9019,0
2026-04-15 12:15:00,809.7,809.75,807.4,809.65,1096262,808.8156,805.6034,802.5768,1,3.3259,3.1159,0.21,1,30.3115,32.0157,21.3525,61.4123,0,77.1111,76.1481,-0.2095,819.0715,790.9485,805.01,0.0349,0.665,3.1332,802.3459,1,-4110582,1529182.8,0,0.0213,-1,-0.9239,10.8882,0
2026-04-15 12:30:00,809.65,809.7,808.1,809.4,1062457,808.9324,805.9485,802.8444,1,3.1907,3.1308,0.0598,1,29.5736,30.8057,20.5454,60.7353,0,50.0,68.2222,-0.4428,819.3273,791.9127,805.62,0.034,0.6379,3.0237,802.9871,1,-5173039,1485405.95,0,0.1562,-1,-0.9545,10.8539,0
2026-04-15 12:45:00,809.4,810.1,807.65,808.45,1457827,808.836,806.1759,803.0642,1,2.9725,3.0992,-0.1266,-1,28.7015,28.9982,20.4177,58.1136,0,23.494,50.2017,-0.7062,819.1041,793.5109,806.3075,0.0317,0.5837,2.9827,803.6053,1,-6630866,1492739.3,0,0.3878,-1,-1.0707,10.7238,1
2026-04-15 13:00:00,808.45,810.4,808.2,810.4,582547,809.1488,806.5599,803.3519,1,2.9233,3.064,-0.1407,-1,27.9827,28.1735,19.3214,61.7622,0,46.988,40.1606,-0.1479,819.0183,795.0367,807.0275,0.0297,0.6406,2.9268,804.0539,1,-6048319,1462820.65,0,0.8864,1,-0.8321,10.9909,0
2026-04-15 13:15:00,810.4,812.25,809.3,809.3,2081565,809.179,806.809,803.5852,1,2.7637,3.0039,-0.2402,-1,27.8549,30.6586,17.9312,58.6582,0,33.7349,34.739,-0.1357,818.5032,796.9318,807.7175,0.0267,0.5734,2.9285,804.8437,1,-8129884,1501859.7,0,0.3729,-1,-0.9667,10.8402,1
2026-04-15 13:30:00,809.3,810.55,808.95,810.35,966170,809.4132,807.1309,803.8505,1,2.6909,2.9413,-0.2504,-1,27.5688,29.4221,18.0902,60.6891,0,46.3855,42.3695,0.204,818.1587,798.5363,808.3475,0.0243,0.6021,2.8336,805.3672,1,-7163714,1482119.45,0,0.6562,1,-0.8382,10.984,0
2026-04-15 13:45:00,810.4,810.5,808.55,810.15,1228138,809.5606,807.4054,804.0975,1,2.5873,2.8705,-0.2833,-1,27.1056,27.9429,18.212,60.0836,0,45.0617,41.7274,0.3033,816.5516,801.7284,809.14,0.0183,0.5681,2.7705,808.3328,1,-8391852,1214552.95,0,0.1282,-1,-0.8627,10.9567,1
2026-04-15 14:00:00,810.35,811.9,810.25,811.15,1189361,809.8785,807.7458,804.3741,1,2.5564,2.8077,-0.2513,-1,27.1133,30.3551,17.3681,62.1186,0,72.093,54.5134,0.272,813.3286,806.5964,809.9625,0.0083,0.6764,2.6976,809.8615,1,-7202491,1162313.85,0,0.4848,1,-0.7403,11.0936,0
2026-04-15 14:15:00,811.15,812.45,810.6,811.15,1210210,810.1328,808.0553,804.6398,1,2.503,2.7468,-0.2438,-1,27.2858,30.3238,16.4978,62.1186,0,78.1513,65.102,0.2782,813.2498,807.1102,810.18,0.0076,0.658,2.637,810.0974,1,-5992281,1149943.3,0,0.0,1,-0.7403,11.0936,1
2026-04-15 14:30:00,811.1,811.85,810.9,811.7,975949,810.4462,808.3866,804.9167,1,2.4765,2.6927,-0.2162,-1,27.446,29.5061,16.0529,63.3117,0,87.395,79.2131,0.2408,813.4044,807.2206,810.3125,0.0076,0.7244,2.5165,810.2938,1,-5016332,1106057.5,0,0.6316,1,-0.673,11.1689,1
2026-04-15 14:45:00,811.65,813.05,810.8,813.0,2242548,810.957,808.806,805.2337,1,2.5313,2.6604,-0.1291,-1,27.9699,31.0394,15.0199,66.0347,-1,99.1525,88.2329,0.4138,813.6755,807.1145,810.395,0.0081,0.897,2.4975,810.4713,1,-2773784,1156678.6,1,0.6,1,-0.514,11.347,0
2026-04-15 15:00:00,813.05,813.05,808.15,808.4,4697405,810.4456,808.7691,805.3578,1,2.1784,2.564,-0.3856,-1,27.0071,26.9692,20.1421,51.476,0,17.6991,68.0822,-0.1235,813.3256,807.0044,810.165,0.0078,0.2208,2.6691,810.2309,-1,-7471189,1315135.25,1,0.949,-1,-1.0768,10.717,1
2026-04-15 15:15:00,808.4,810.2,808.05,809.6,2280402,810.2765,808.8447,805.5242,1,1.9728,2.4458,-0.473,-1,26.0634,25.3956,19.2383,54.3062,0,38.9381,51.9299,0.1422,812.5011,807.3689,809.935,0.0063,0.4347,2.632,810.0264,-1,-5190787,1380982.55,1,0.5581,1,-0.93,10.8813,1
2026-04-16 09:15:00,816.9,819.95,815.0,816.0,1529853,811.4212,809.4951,805.935,1,2.2998,2.4166,-0.1168,-1,27.5864,41.3753,14.7704,65.7724,-1,68.5259,41.721,0.691,813.7873,806.5227,810.155,0.009,1.3046,3.1833,810.3324,1,-3660934,1417997.35,0,0.1818,-1,-0.1468,11.7579,0
2026-04-16 09:30:00,815.9,816.25,811.25,812.3,1988202,811.5969,809.7501,806.1846,1,2.2346,2.3802,-0.1456,-1,27.5377,36.9151,21.263,56.8852,0,37.8049,48.4229,0.3707,814.0005,806.4995,810.25,0.0093,0.7733,3.3131,810.5048,1,-5649136,1474091.5,0,0.72,-1,-0.5996,11.2511,0
2026-04-16 09:45:00,812.25,813.95,812.0,812.0,1402905,811.6775,809.9547,806.4127,1,2.1342,2.331,-0.1968,-1,27.4924,35.3162,20.342,56.2218,0,35.3659,47.2322,0.2036,814.1685,806.6615,810.415,0.0093,0.7111,3.2157,810.6687,1,-7052041,1475077.35,0,0.1282,-1,-0.6363,11.21,0
2026-04-16 10:00:00,812.0,812.7,810.2,810.6,2426541,811.462,810.0133,806.5769,1,1.9194,2.2487,-0.3292,-1,26.7994,33.3233,23.257,53.1094,0,21.4286,31.5331,0.0555,814.1008,807.0192,810.56,0.0087,0.5056,3.1646,810.8074,-1,-9478582,1541962.3,1,0.56,-1,-0.8076,11.0183,1
2026-04-16 10:15:00,810.5,811.85,809.8,811.3,1175547,811.4296,810.1303,806.7621,1,1.7852,2.156,-0.3708,-1,26.0139,31.7416,23.0792,54.4667,0,27.3109,28.0351,0.0185,814.1522,807.2028,810.6775,0.0086,0.5896,3.085,810.8553,1,-8303035,1572827.75,0,0.3902,1,-0.722,11.1142,0
2026-04-16 10:30:00,811.35,811.7,810.0,810.45,1008866,811.2337,810.1594,806.9067,1,1.5919,2.0432,-0.4513,-1,25.2844,30.4509,22.1407,52.4802,0,20.1681,22.9692,-0.0863,814.1355,807.3745,810.755,0.0083,0.4549,2.986,810.9089,-1,-9311901,1580383.9,0,0.5294,-1,-0.826,10.9977,1
2026-04-16 10:45:00,810.45,811.05,810.25,811.0,939589,811.187,810.2358,807.0672,1,1.4661,1.9277,-0.4616,-1,24.607,29.836,21.6936,53.658,0,24.7899,24.0896,-0.0862,814.1675,807.4675,810.8175,0.0083,0.5272,2.8299,810.94,1,-8372312,1577117.2,0,0.6875,1,-0.7587,11.0731,0
2026-04-16 11:00:00,811.0,811.4,808.7,808.95,2995141,810.7396,810.1189,807.1411,1,1.1874,1.7797,-0.5923,-1,23.3529,27.796,24.1355,48.8028,0,7.563,17.507,-0.4982,814.1946,807.3704,810.7825,0.0084,0.2315,2.8206,810.8932,-1,-11367453,1672061.15,1,0.7593,-1,-1.0095,10.7923,0
2026-04-16 11:15:00,808.8,810.3,806.8,807.75,4130383,810.1417,809.9035,807.1649,1,0.8597,1.5957,-0.736,-1,21.875,25.374,26.7626,46.1692,0,7.2243,13.1924,-0.0804,814.3155,807.0845,810.7,0.0089,0.092,2.8691,810.6511,-1,-15497836,1825457.45,1,0.3,-1,-1.1564,10.628,0
2026-04-16 11:30:00,807.9,808.1,805.7,805.9,1031616,809.2933,809.5396,807.1153,-1,0.4456,1.3657,-0.92,-1,20.875,23.84,27.9156,42.373,0,1.4035,5.397,-0.457,814.6471,806.4979,810.5725,0.0101,-0.0734,2.8356,810.6118,-1,-16529452,1804146.9,0,0.8333,-1,-1.3828,10.3746,0
2026-04-16 11:45:00,805.7,805.7,801.9,802.35,2145925,807.9047,808.886,806.9285,-1,-0.1671,1.0591,-1.2262,-1,21.0394,21.5064,34.4823,36.2187,0,2.4931,3.707,-1.6728,815.5987,804.7413,810.17,0.0134,-0.2203,2.9188,810.2106,-1,-18675377,1882315.8,0,0.8816,-1,-1.8172,9.8884,0
2026-04-16 12:00:00,802.1,802.35,799.0,800.95,1995788,806.5137,808.1645,806.694,-1,-0.7569,0.6959,-1.4528,-1,21.8511,19.7617,38.7076,34.1143,1,9.3079,4.4015,-1.3973,816.507,802.998,809.7525,0.0167,-0.1516,2.9496,809.7047,-1,-20671165,1878026.95,0,0.3433,-1,-1.9885,9.6966,0
2026-04-16 12:15:00,800.7,801.05,798.75,799.9,1771128,805.191,807.4132,806.4276,-1,-1.2941,0.2979,-1.592,-1,22.658,18.6434,37.1323,32.5852,1,5.4245,5.7418,-1.4901,817.2221,801.2379,809.23,0.0198,-0.0837,2.9032,809.2459,-1,-22442293,1918274.85,0,0.3478,-1,-2.117,9.5528,0
2026-04-16 12:30:00,799.85,800.0,796.85,797.15,2847000,803.5828,806.4802,806.0638,-1,-1.9197,-0.1456,-1.7741,-1,23.8027,17.2073,38.9184,28.928,1,1.2987,5.3437,-1.6593,818.1299,799.0301,808.58,0.0236,-0.0984,2.9208,808.4302,-1,-25289293,1999217.95,0,0.8571,-1,-2.4535,9.1762,1
2026-04-16 12:45:00,797.0,799.4,796.1,797.4,1713720,802.3462,805.6547,805.724,-1,-2.3679,-0.5901,-1.7779,-1,25.0145,15.8314,37.6237,29.7004,1,6.4516,4.3916,-1.7133,818.522,797.263,807.8925,0.0263,0.0064,2.9479,807.8951,-1,-23575573,2025435.9,0,0.1212,1,-2.4229,9.2104,0
2026-04-16 13:00:00,797.45,798.4,795.5,796.0,1968206,801.077,804.777,805.3427,-1,-2.8038,-1.0328,-1.771,-1,26.2601,14.7177,36.4324,27.8734,1,2.71,3.4868,-1.783,818.8336,795.4364,807.135,0.029,0.0241,2.9445,807.2552,-1,-25543779,2063335.7,0,0.5,-1,-2.5942,9.0187,1
2026-04-16 13:15:00,795.85,799.35,795.75,798.95,2354792,800.6516,804.2473,805.092,-1,-2.8781,-1.4019,-1.4762,-1,26.9459,15.721,33.3006,36.7084,0,20.0581,9.7399,-1.4858,818.5167,794.4783,806.4975,0.0298,0.186,2.9913,806.6483,-1,-23188987,2132277.85,0,0.8611,1,-2.2332,9.4227,1
2026-04-16 13:30:00,798.95,799.7,798.7,799.55,1156314,800.4313,803.8203,804.8746,-1,-2.8556,-1.6926,-1.163,-1,27.4077,16.2043,32.4657,38.3621,0,24.7706,15.8463,-1.162,817.8187,793.8313,805.825,0.0298,0.2384,2.8491,806.1402,-1,-22032673,2077966.15,0,0.6,1,-2.1598,9.5049,1
2026-04-16 13:45:00,799.55,801.3,798.75,799.7,2749534,800.285,803.4457,804.6717,-1,-2.7935,-1.9128,-0.8807,-1,27.0597,19.2021,30.3745,38.7927,0,25.9259,23.5849,-0.9966,817.6076,793.1724,805.39,0.0303,0.2671,2.8277,805.2663,-1,-19283139,1980572.6,0,0.0588,1,-2.1415,9.5254,0
2026-04-16 14:00:00,799.5,799.7,798.0,799.05,1020154,800.038,803.0461,804.4513,-1,-2.7648,-2.0832,-0.6816,-1,26.9552,18.3534,30.982,37.568,0,22.327,24.3412,-0.85,817.2177,792.5073,804.8625,0.0307,0.2648,2.7472,804.8586,-1,-20303293,1917560.2,0,0.2647,-1,-2.221,9.4364,1
2026-04-16 14:15:00,799.1,799.3,798.5,799.2,829557,799.8704,802.6964,804.2453,-1,-2.6989,-2.2063,-0.4925,-1,26.8582,17.9513,30.3031,38.054,0,23.2704,23.8411,-0.3926,815.4869,792.5581,804.0225,0.0285,0.2897,2.6081,804.2368,-1,-19473736,1882545.4,0,0.125,1,-2.2026,9.457,1
2026-04-16 14:30:00,799.0,800.4,799.0,799.9,2596949,799.8763,802.4422,804.0749,-1,-2.5606,-2.2772,-0.2834,-1,26.203,20.3551,29.1015,40.3863,0,29.7297,25.1091,-0.1311,814.3382,792.4668,803.4025,0.0272,0.3399,2.5218,803.4641,-1,-16876787,1912982.75,0,0.6429,1,-2.117,9.5528,0
2026-04-16 14:45:00,799.9,800.4,799.1,799.55,1471700,799.8111,802.1793,803.8975,-1,-2.451,-2.312,-0.1391,-1,25.5946,19.5787,27.9915,39.5838,0,32.1429,28.381,-0.0438,813.0866,792.4734,802.78,0.0257,0.3433,2.4345,802.9827,-1,-18348487,1916422.5,0,0.2692,-1,-2.1598,9.5049,0
2026-04-16 15:00:00,799.6,799.6,793.75,794.3,10787073,798.7088,801.463,803.5211,-1,-2.7561,-2.4008,-0.3553,-1,26.5712,16.5243,37.8918,29.9654,1,4.6025,22.1584,-0.3575,812.247,791.683,801.965,0.0256,0.1273,2.6785,800.9172,-1,-29135560,2334449.1,1,0.906,-1,-2.8023,8.7859,0
2026-04-16 15:15:00,794.0,794.95,792.7,794.0,5872651,797.7671,800.7845,803.1477,-1,-2.9876,-2.5181,-0.4694,-1,27.7058,15.5214,38.4244,29.5239,1,13.4715,16.739,-0.4264,810.9988,791.2012,801.1,0.0247,0.1414,2.6479,799.883,-1,-35008211,2569304.3,1,0.0,1,-2.839,8.7448,1
2026-04-17 09:15:00,791.9,797.6,789.5,796.5,1359424,797.5137,800.395,802.887,-1,-2.9355,-2.6016,-0.3339,-1,29.3635,12.5648,38.6305,37.754,0,59.322,25.7987,0.0628,809.5013,791.3037,800.4025,0.0227,0.2855,3.0373,799.5312,-1,-33648787,2586832.2,0,0.5679,1,-2.533,9.0872,1
2026-04-17 09:30:00,796.55,800.0,795.1,799.15,2068278,797.8409,800.2818,802.7405,-1,-2.6498,-2.6112,-0.0386,-1,29.7589,16.5849,34.3658,45.0757,0,81.7797,51.5244,0.025,807.5065,792.1135,799.81,0.0192,0.4571,3.1704,799.2749,-1,-31580509,2643266.65,0,0.5306,1,-2.2088,9.4501,1
2026-04-17 09:45:00,799.1,800.8,799.0,799.95,1681118,798.2627,800.2517,802.631,-1,-2.332,-2.5554,0.2234,1,29.7724,17.7507,32.9277,47.0988,0,88.5593,76.5537,0.05,805.8193,792.9007,799.36,0.0162,0.5457,3.0725,798.691,1,-29899391,2577565.5,0,0.4722,1,-2.1109,9.5597,1
2026-04-17 10:00:00,799.9,802.65,799.45,801.0,1481092,798.8102,800.3197,802.5671,-1,-1.9726,-2.4388,0.4662,1,29.0076,20.7222,30.4853,49.7166,0,87.4525,85.9305,0.1626,804.2881,793.7569,799.0225,0.0132,0.6878,3.0816,797.9518,1,-28418299,2445100.95,0,0.3437,1,-1.9824,9.7035,1
2026-04-17 10:15:00,800.85,802.5,800.85,801.45,1294886,799.3382,800.4225,802.5233,-1,-1.6327,-2.2776,0.6449,1,28.2975,19.9025,29.2794,50.8394,0,90.8745,88.9621,0.3004,803.1871,794.4129,798.8,0.011,0.802,2.9793,797.8671,1,-27123413,2458264.45,0,0.3636,1,-1.9273,9.7651,0
2026-04-17 10:30:00,801.4,802.2,799.25,800.0,1821466,799.4705,800.3841,802.4243,-1,-1.4634,-2.1148,0.6513,1,28.086,18.4939,31.0458,47.1834,0,79.8479,86.0583,0.1001,802.8007,794.5643,798.6825,0.0103,0.66,2.9772,797.7253,1,-28944879,2442041.5,0,0.4746,-1,-2.1047,9.5665,0
2026-04-17 10:45:00,800.0,800.0,799.3,799.75,1154954,799.5264,800.3264,802.3195,-1,-1.3341,-1.9586,0.6245,1,27.8897,18.1653,30.4943,46.5617,0,77.9468,82.8897,-0.0188,802.6405,794.6045,798.6225,0.0101,0.6403,2.8146,797.6459,1,-30099833,2399999.8,0,0.3571,-1,-2.1353,9.5323,1
2026-04-17 11:00:00,799.75,800.05,799.4,800.0,1029864,799.6211,800.2967,802.2285,-1,-1.1976,-1.8064,0.6088,1,27.6823,17.9825,29.962,47.3094,0,79.8479,79.2142,0.0563,802.6521,794.6029,798.6275,0.0101,0.6705,2.66,797.6087,1,-29069969,2362936.6,0,0.3846,1,-2.1047,9.5665,1
2026-04-17 11:15:00,800.0,801.45,799.95,801.0,638902,799.8969,800.3607,802.1803,-1,-0.9973,-1.6446,0.6473,1,26.7945,21.1152,28.7163,50.3046,0,87.4525,81.749,0.8435,802.9113,794.7287,798.82,0.0102,0.7664,2.5771,797.6293,1,-28431067,2252531.7,0,0.6667,1,-1.9824,9.7035,0
2026-04-17 11:30:00,801.0,801.7,800.2,801.0,617256,800.1175,800.4188,802.134,-1,-0.8289,-1.4815,0.6525,1,25.8487,20.9246,27.4857,50.3046,0,87.4525,84.9176,0.8816,803.142,794.858,799.0,0.0104,0.7414,2.5002,797.676,1,-27813811,2197708.5,0,0.0,1,-1.9824,9.7035,0
2026-04-17 11:45:00,801.0,803.9,798.9,798.9,2515787,799.874,800.2807,802.0072,-1,-0.8551,-1.3562,0.5011,1,24.0293,24.0011,23.8212,44.187,0,65.2778,80.0609,0.3013,803.0532,795.2368,799.145,0.0098,0.4687,2.6787,797.8855,1,-30329598,2225087.55,0,0.42,-1,-2.2394,9.4159,1
2026-04-17 12:00:00,798.8,800.25,797.5,799.95,2664054,799.8892,800.2507,801.9265,-1,-0.7821,-1.2414,0.4592,1,22.842,22.2445,25.8037,47.6172,0,72.5694,75.0999,0.1001,803.1175,795.2725,799.195,0.0098,0.5962,2.6838,797.9587,1,-27665544,2240550.65,0,0.4182,1,-2.1109,9.5597,0
2026-04-17 12:15:00,799.95,800.15,799.7,799.95,531148,799.9014,800.2233,801.849,-1,-0.716,-1.1363,0.4203,1,21.7396,21.9612,25.4752,47.6172,0,72.5694,70.1389,0.0,803.1486,795.2814,799.215,0.0098,0.5934,2.5243,797.9469,1,-27134396,2209292.35,0,0.0,1,-2.1109,9.5597,0
2026-04-17 12:30:00,800.0,800.0,799.25,799.85,588172,799.8911,800.1894,801.7706,-1,-0.6641,-1.0419,0.3778,1,20.9017,21.4705,26.2466,47.2961,0,71.875,72.338,-0.1436,803.1603,795.2847,799.2225,0.0099,0.5797,2.3975,797.8426,1,-27722568,2101224.25,0,0.2,-1,-2.1231,9.546,1
2026-04-17 12:45:00,799.9,800.0,799.7,800.0,537010,799.9129,800.1722,801.7012,-1,-0.6038,-0.9543,0.3504,1,20.1236,21.2658,25.9964,47.864,0,55.6818,66.7088,-0.1809,803.2213,795.3187,799.27,0.0099,0.5924,2.2477,797.8428,1,-27185558,2077067.05,0,0.3333,1,-2.1047,9.5665,0
2026-04-17 13:00:00,800.0,800.0,799.9,799.95,581516,799.9203,800.152,801.6325,-1,-0.5537,-0.8742,0.3204,1,19.4012,21.1933,25.9077,47.6796,0,38.2813,55.2794,-0.0062,803.2696,795.3454,799.3075,0.0099,0.5811,2.0943,797.8493,1,-27767074,2064665.0,0,0.5,-1,-2.1109,9.5597,0
2026-04-17 13:15:00,799.95,800.05,799.25,799.95,625237,799.9262,800.1336,801.5665,-1,-0.5082,-0.801,0.2928,1,19.0404,20.5883,27.4875,47.6796,0,38.2813,44.0814,0.025,803.2737,795.3463,799.31,0.0099,0.5807,2.0018,797.7528,1,-27141837,1966079.4,0,0.0,1,-2.1109,9.5597,1
2026-04-17 13:30:00,799.95,800.15,799.9,800.0,758494,799.941,800.1215,801.5051,-1,-0.4627,-0.7333,0.2706,1,18.6407,20.773,27.2259,47.9123,0,39.0625,38.5417,0.0,803.3064,795.3586,799.3325,0.0099,0.584,1.8767,797.7237,1,-26383343,1930419.1,0,0.2,1,-2.1047,9.5665,0
2026-04-17 13:45:00,800.0,800.0,799.6,799.8,590839,799.9128,800.0922,801.4382,-1,-0.4377,-0.6742,0.2364,1,18.4239,20.438,27.9966,47.0114,0,35.9375,37.7604,-0.1498,802.843,796.372,799.6075,0.0081,0.5297,1.7712,798.4656,1,-26974182,1420607.4,0,0.5,-1,-2.1292,9.5391,1
2026-04-17 14:00:00,799.8,800.0,799.6,800.0,725378,799.9302,800.0839,801.3818,-1,-0.3973,-0.6188,0.2215,1,18.2226,20.089,27.5185,48.0631,0,39.0625,38.0208,-0.1248,801.8697,797.9453,799.9075,0.0049,0.5236,1.6733,799.666,1,-26248804,1163243.75,0,0.5,1,-2.1047,9.5665,0
2026-04-17 14:15:00,799.9,800.1,799.65,799.85,813219,799.9142,800.0626,801.3218,-1,-0.373,-0.5696,0.1967,1,17.9567,20.1322,26.9608,47.3048,0,36.7188,37.2396,0.1189,801.2652,798.8848,800.075,0.003,0.4055,1.5859,799.9803,-1,-27062023,1135933.5,0,0.1111,-1,-2.1231,9.546,1
2026-04-17 14:30:00,799.85,800.0,799.45,800.0,1758202,799.9314,800.0569,801.2699,-1,-0.3377,-0.5233,0.1855,1,17.8331,19.6091,27.2051,48.1852,0,39.0625,38.2813,0.0063,801.2307,799.0043,800.1175,0.0028,0.4472,1.5119,800.1426,-1,-25303821,1120429.7,1,0.2727,1,-2.1047,9.5665,0
2026-04-17 14:45:00,800.0,801.6,799.7,799.8,3158939,799.9051,800.0335,801.2123,-1,-0.3222,-0.4831,0.1608,1,16.63,25.3035,24.8071,47.0563,0,35.9375,37.2396,-0.0188,801.2296,798.9904,800.11,0.0028,0.3616,1.5396,800.1881,-1,-28462760,1194320.75,1,0.1053,-1,-2.1292,9.5391,1
2026-04-17 15:00:00,799.9,800.15,799.1,800.0,2497223,799.9241,800.0305,801.1647,-1,-0.2905,-0.4445,0.1541,1,15.7786,24.0422,26.4188,48.3592,0,39.0625,38.0208,0.0188,801.1029,799.0171,800.06,0.0026,0.4712,1.5047,800.0939,-1,-25965537,1245127.3,1,0.0952,1,-2.1047,9.5665,0
2026-04-17 15:15:00,799.95,800.4,799.75,800.0,2696736,799.9393,800.0277,801.1191,-1,-0.2622,-0.4081,0.1458,1,14.8032,24.506,25.5692,48.3592,0,60.9756,45.3252,0.0,800.8127,799.1623,799.9875,0.0021,0.5076,1.4436,800.0153,-1,-23268801,1315219.8,1,0.0769,1,-2.1047,9.5665,0
2026-04-20 09:15:00,797.1,799.5,790.0,793.7,2767547,798.6914,799.4525,800.8281,-1,-0.7397,-0.4744,-0.2653,-1,17.4574,15.9872,50.5738,25.4653,1,31.8966,43.9782,-0.7813,802.5344,796.8106,799.6725,0.0072,-0.5434,2.0548,799.4137,-1,-26036348,1362523.85,1,0.3579,-1,-2.8757,8.7037,0
2026-04-20 09:30:00,793.6,793.75,790.0,791.65,3519953,797.2831,798.7432,800.4682,-1,-1.2689,-0.6333,-0.6356,-1,19.922,14.0191,44.348,21.8418,1,14.2241,35.6988,-1.0376,803.7847,794.7503,799.2675,0.0113,-0.3432,2.1759,798.4983,-1,-29556301,1480773.8,1,0.52,-1,-3.1265,8.4229,1
2026-04-20 09:45:00,791.7,795.3,791.45,794.75,2012119,796.7765,798.3801,800.244,-1,-1.4218,-0.791,-0.6308,-1,21.279,17.1628,39.035,36.5457,0,40.9483,29.023,-0.6562,803.9146,794.0954,799.005,0.0123,0.0667,2.2955,798.1471,-1,-27544182,1529886.55,0,0.7922,1,-2.7472,8.8475,1
2026-04-20 10:00:00,795.05,795.75,793.55,795.6,1148701,796.5412,798.1274,800.0618,-1,-1.4575,-0.9243,-0.5332,-1,22.2798,17.3888,36.3548,39.8852,0,48.2759,34.4828,-0.5251,803.7684,793.7016,798.735,0.0126,0.1886,2.2886,797.9752,-1,-26395481,1555376.5,0,0.25,1,-2.6432,8.9639,0
2026-04-20 15:00:00,799.9,799.9,794.0,795.2,33676834,796.273,797.8613,799.8712,-1,-1.5008,-1.0396,-0.4612,-1,21.2178,26.1514,30.3385,38.849,0,44.8276,44.6839,-0.6,803.5901,793.2999,798.445,0.0129,0.1847,2.5466,797.1022,-1,-60072315,3208355.4,1,0.7966,-1,-2.6921,8.9091,0
2026-04-20 15:15:00,795.25,795.4,794.5,795.2,2958033,796.0584,797.6193,799.688,-1,-1.5177,-1.1352,-0.3824,-1,20.2317,25.4593,29.5356,38.849,0,44.8276,45.977,-0.5814,803.5891,792.9309,798.26,0.0134,0.2129,2.429,796.8726,-1,-57114282,3230467.7,0,0.0556,-1,-2.6921,8.9091,1
2026-04-21 09:15:00,795.9,802.45,795.5,801.85,1407811,797.2167,798.0039,799.7728,-1,-0.9831,-1.1048,0.1217,1,20.4725,38.8629,24.0205,59.257,0,95.1807,61.612,0.2313,803.8659,792.8441,798.355,0.0138,0.8171,2.7733,796.8413,1,-55706471,3167655.55,0,0.8561,1,-1.8784,9.7898,1
2026-04-21 09:30:00,801.35,803.5,801.0,802.0,1228870,798.1734,798.3672,799.8601,-1,-0.5411,-0.992,0.451,1,20.9377,39.0664,22.4629,59.5846,0,88.8889,76.2991,0.2751,804.1563,792.7587,798.4575,0.0143,0.8108,2.7538,796.9179,1,-54477601,3202541.65,0,0.26,1,-1.86,9.7202,1
2026-04-21 09:45:00,802.15,803.2,801.9,802.5,1233512,799.0387,798.7429,799.9636,1,-0.1487,-0.8234,0.6747,1,21.3696,37.6974,21.6758,60.7185,0,92.5926,92.2207,0.3125,804.5303,792.6497,798.59,0.0149,0.8291,2.65,796.9996,1,-53244089,3234808.65,0,0.2692,1,-1.7988,9.7886,0
2026-04-21 10:00:00,802.45,803.0,802.0,802.3,673680,799.6909,799.0663,800.0553,1,0.1444,-0.6298,0.7743,1,21.7707,36.634,21.0643,59.9934,0,91.1111,90.8642,0.2875,804.836,792.574,798.705,0.0154,0.7932,2.5321,797.0321,1,-53917769,3241642.15,0,0.15,-1,-1.8233,9.7613,1
2026-04-21 10:15:00,802.35,803.0,802.35,802.5,472934,800.2528,799.3785,800.1511,1,0.3884,-0.4262,0.8146,1,22.1431,35.8712,20.6257,60.5014,0,92.5926,92.0988,1.1087,805.1645,792.5005,798.8325,0.0159,0.7896,2.4012,797.0467,1,-53444835,3236213.05,0,0.2308,1,-1.7988,9.5115,1
2026-04-21 10:30:00,802.5,804.6,802.5,804.55,1139347,801.1122,799.8486,800.3236,1,0.7387,-0.1932,0.9319,1,22.9227,38.4126,19.3256,65.3569,-1,99.6575,94.4537,1.6295,805.8574,792.2676,799.0625,0.017,0.9038,2.3797,797.1402,1,-52305488,3261918.55,0,0.9762,1,-1.548,9.4626,1
2026-04-21 10:45:00,804.5,805.8,803.2,805.3,953476,801.9498,800.3442,800.5188,1,1.0645,0.0583,1.0062,1,23.9477,39.0128,17.8273,66.9573,-1,96.8354,96.3619,1.3275,806.6416,792.0134,799.3275,0.0183,0.9083,2.3955,797.2179,1,-51352012,3271667.65,0,0.3077,1,-1.4562,9.5646,1
2026-04-21 11:00:00,805.35,806.8,805.0,806.75,931043,802.9098,800.9265,800.7632,1,1.4233,0.3313,1.092,1,25.139,39.9167,16.8532,69.8566,-1,99.7024,98.7318,1.4015,807.6742,791.6758,799.675,0.02,0.9422,2.3529,797.3217,1,-50420969,3288677.85,0,0.7778,1,-1.2788,9.6873,1
2026-04-21 11:15:00,806.75,807.4,806.15,807.3,840743,803.7878,801.5059,801.0195,1,1.7321,0.6115,1.1206,1,26.3869,40.2341,16.1915,70.8996,-1,99.4253,98.6544,1.5216,808.7038,791.3762,800.04,0.0217,0.919,2.2742,797.4165,1,-49580226,3294446.1,0,0.44,1,-1.2115,9.5015,0
2026-04-21 11:30:00,807.3,807.35,806.0,806.35,767839,804.3003,801.9463,801.2285,1,1.8785,0.8649,1.0136,1,27.4549,38.4771,15.9697,66.6121,-1,93.4169,97.5149,1.4022,809.4531,791.2769,800.365,0.0227,0.8293,2.2081,797.4929,1,-50348065,3292177.1,0,0.7037,-1,-1.3277,9.3282,1
2026-04-21 11:45:00,806.35,807.9,806.35,807.65,770694,804.9702,802.4648,801.4804,1,2.0755,1.107,0.9685,1,28.589,38.3238,15.1515,69.3441,-1,98.2578,97.0334,0.7233,810.3702,791.1248,800.7475,0.024,0.8587,2.1611,797.5465,1,-49577371,3242801.7,0,0.8387,1,-1.1686,9.4673,1
2026-04-21 12:00:00,807.65,811.45,795.45,810.55,1630861,806.0862,803.1998,801.836,1,2.4375,1.3731,1.0644,1,27.7565,24.4178,34.3733,74.3802,-1,94.8424,95.5057,1.0661,811.7959,790.7741,801.285,0.0262,0.9407,3.1496,797.6188,1,-47946510,3166397.8,0,0.1812,1,-0.8138,9.4155,0
2026-04-21 12:15:00,810.55,810.65,806.2,806.35,1697589,806.1389,803.4862,802.0131,1,2.3583,1.5702,0.7882,1,26.9834,22.0241,31.0037,59.2094,0,69.9115,87.6706,0.4798,812.3205,790.8845,801.6025,0.0267,0.7215,3.2425,797.8083,1,-49644099,3126416.1,0,0.9438,-1,-1.3277,8.6652,1
2026-04-21 12:30:00,806.4,809.85,806.35,809.35,1873637,806.7812,804.0193,802.3008,1,2.5087,1.7579,0.7509,1,26.2656,20.3356,28.6268,64.7413,0,86.875,83.8763,0.8787,813.2724,790.8676,802.07,0.0279,0.8249,3.2609,798.0354,1,-47770462,3085261.15,0,0.8429,1,-0.9606,8.974,0
2026-04-21 12:45:00,809.4,809.75,808.2,808.75,1078350,807.1749,804.4494,802.5537,1,2.5501,1.9163,0.6338,1,25.599,19.6183,27.617,62.9039,0,83.125,79.9705,0.7788,813.6918,791.9532,802.8225,0.0271,0.7727,3.1387,798.3983,1,-48848812,3000801.3,0,0.4194,-1,-1.034,8.7103,1
2026-04-21 13:00:00,808.9,810.45,808.35,810.2,1481561,807.7799,804.9721,802.8535,1,2.6692,2.0669,0.6023,1,24.6873,20.2896,26.2652,65.4554,-1,92.1875,87.3958,0.7023,813.781,793.719,803.75,0.025,0.8215,3.0645,799.0869,1,-47367251,2898881.7,0,0.619,1,-0.8566,8.9052,1
2026-04-21 13:15:00,810.2,812.0,810.1,811.7,2389091,808.564,805.5838,803.2005,1,2.8517,2.2239,0.6278,1,23.2192,23.0796,25.0696,67.9141,-1,98.1873,91.1666,0.7947,814.3026,794.8924,804.5975,0.0241,0.8659,2.9813,799.7667,1,-44978160,2917730.3,0,0.7895,1,-0.673,9.1068,0
2026-04-21 13:30:00,811.85,813.85,811.35,811.55,2485920,809.1612,806.1261,803.5279,1,2.9502,2.3691,0.5811,1,21.9363,26.1652,23.5505,67.3975,-1,87.5,92.6249,0.595,814.6211,796.1689,805.395,0.0229,0.8336,2.9469,800.3789,1,-47464080,2984591.25,0,0.12,-1,-0.6914,8.7796,1
2026-04-21 13:45:00,811.6,813.5,811.35,812.8,1533517,809.8889,806.7329,803.8915,1,3.0935,2.514,0.5795,1,20.7451,24.7748,22.299,69.4809,-1,94.2935,93.3269,0.6813,814.7722,797.7778,806.275,0.0211,0.8839,2.89,805.9612,1,-45930563,1377425.4,0,0.5581,1,-0.5384,8.9471,0
2026-04-21 14:00:00,812.85,812.85,810.8,811.35,2180850,810.1811,807.1526,804.184,1,3.0548,2.6222,0.4327,1,19.4122,23.4929,22.5334,64.3444,0,86.413,89.4022,0.6201,814.1687,799.9963,807.0825,0.0176,0.8011,2.83,807.6334,1,-48111413,1338566.25,1,0.7317,-1,-0.7159,8.7528,1
2026-04-21 14:15:00,811.35,813.25,810.5,811.7,2724494,810.4849,807.566,804.4787,1,3.0176,2.7012,0.3164,1,18.3359,22.8706,20.9662,65.0167,-1,88.3152,89.6739,0.5015,814.5055,800.6445,807.575,0.0172,0.7976,2.8243,808.4251,1,-45386919,1404400.4,1,0.1273,1,-0.673,8.7997,0
2026-04-21 14:30:00,811.75,811.85,809.3,809.7,1615532,810.3279,807.76,804.6835,1,2.7946,2.7199,0.0746,1,17.233,21.3854,22.6607,58.2571,0,77.4457,84.058,-0.1049,814.4505,801.4695,807.96,0.0161,0.634,2.8047,808.8007,1,-47002451,1423733.5,0,0.8039,-1,-0.9178,8.5316,1
2026-04-21 14:45:00,809.65,811.4,809.1,811.0,1467345,810.4623,808.0545,804.9312,1,2.6916,2.7143,-0.0226,-1,16.2943,20.1164,21.8321,61.0889,0,84.5109,83.4239,0.5767,814.4916,802.2784,808.385,0.0151,0.7141,2.7687,809.1568,1,-45535106,1435425.15,0,0.587,1,-0.7587,8.684,1
2026-04-21 15:00:00,810.95,814.5,808.45,811.75,10777664,810.7199,808.3905,805.1986,1,2.6402,2.6994,-0.0593,-1,16.1048,24.5951,18.6904,62.6626,0,85.5643,82.5069,0.2965,814.4482,803.2668,808.8575,0.0138,0.7587,3.003,809.9427,1,-34757442,1940624.35,1,0.1322,1,-0.6669,8.4502,1
2026-04-21 15:15:00,811.8,813.65,810.65,811.95,2942470,810.9659,808.7141,805.4634,1,2.5857,2.6767,-0.091,-1,15.9288,22.84,17.3566,63.0913,0,86.6142,85.5631,0.3957,814.2486,804.4114,809.33,0.0122,0.7663,3.0028,810.1792,1,-31814972,2064101.15,0,0.05,1,-0.6424,8.26,0
2026-04-22 09:15:00,810.0,813.05,808.5,809.2,1060316,810.6127,808.7583,805.6099,1,2.2942,2.6002,-0.306,-1,14.7948,20.4557,20.4775,53.9237,0,36.1446,69.441,-0.1234,813.9682,805.1568,809.5625,0.0109,0.4589,3.1133,810.3551,-1,-32875288,2060149.6,0,0.1758,-1,-0.979,7.635,0
2026-04-22 09:30:00,809.3,809.3,806.75,806.8,1241683,809.8502,808.5802,805.6566,1,1.8482,2.4498,-0.6016,-1,14.4239,19.2433,23.3313,47.4443,0,5.5215,42.7601,-0.6037,813.7944,805.4806,809.6375,0.0103,0.1587,3.0731,810.4016,-1,-34116971,2074559.95,0,0.9804,-1,-1.2726,7.3158,0
2026-04-22 09:45:00,807.0,807.45,804.35,804.8,1256630,808.8401,808.2366,805.623,1,1.3182,2.2235,-0.9053,-1,14.8779,17.8576,27.2262,42.8261,0,4.4335,15.3665,-0.8317,814.0405,805.0395,809.54,0.0111,-0.0266,3.075,810.3492,-1,-35373601,2090839.3,0,0.7097,-1,-1.5174,7.0497,0
2026-04-22 10:00:00,804.7,805.35,803.15,803.6,1080303,807.7921,807.8151,805.5436,-1,0.7922,1.9372,-1.145,-1,15.6528,16.9261,28.6512,40.2919,0,3.9648,4.6399,-1.1319,814.4708,804.2392,809.355,0.0126,-0.0625,3.0125,810.2549,-1,-36453904,2102817.3,0,0.5,-1,-1.6642,6.3666,0
2026-04-22 10:15:00,803.6,804.7,801.6,801.85,986480,806.6037,807.2728,805.3988,-1,0.2314,1.5961,-1.3646,-1,16.7962,15.6845,30.2172,36.8659,0,1.938,3.4454,-1.1709,815.0821,803.1779,809.13,0.0147,-0.1115,3.0188,810.146,-1,-37440384,2113749.35,0,0.5645,-1,-1.8784,6.0578,1
2026-04-22 10:30:00,801.85,805.95,801.8,805.8,1808988,806.443,807.1389,805.4145,-1,0.1046,1.2978,-1.1932,-1,17.2477,17.0651,27.3273,47.6799,0,32.5581,12.8203,-0.7269,815.1345,802.9405,809.0375,0.0151,0.2345,3.0996,809.9615,-1,-35631396,2165664.05,0,0.9518,1,-1.395,6.5028,1
2026-04-22 10:45:00,805.85,807.35,805.3,806.6,942109,806.4744,807.0899,805.461,-1,0.0678,1.0518,-0.984,-1,17.0286,19.5452,26.0043,49.5642,0,38.7597,24.4186,-0.3829,814.9839,802.6961,808.84,0.0152,0.3177,3.0246,810.0418,-1,-34689287,2131226.45,0,0.3659,1,-1.2971,6.6085,0
2026-04-22 11:00:00,806.6,806.6,803.2,804.1,631860,805.9995,806.8181,805.4076,-1,-0.1612,0.8092,-0.9704,-1,17.4685,17.9896,28.8505,44.2063,0,19.3798,30.2326,-0.8508,815.1268,802.3282,808.7275,0.0158,0.1384,3.0514,810.0538,-1,-35321147,2077940.0,0,0.7353,-1,-1.603,5.8444,0
2026-04-22 11:15:00,804.1,805.0,803.8,803.8,480104,805.5596,806.5437,805.3446,-1,-0.3627,0.5748,-0.9375,-1,17.8769,17.4614,28.0033,43.5973,0,17.0543,25.0646,-0.9794,815.1895,801.7105,808.45,0.0167,0.155,2.9192,810.0556,-1,-35801251,2008263.35,0,0.25,-1,-1.6397,5.8049,1
2026-04-22 11:30:00,803.9,805.0,803.65,804.15,780175,805.2777,806.3261,805.2978,-1,-0.4886,0.3621,-0.8507,-1,18.3035,16.8616,27.4231,44.557,0,19.7674,18.7339,-0.9607,815.2121,801.2279,808.22,0.0173,0.209,2.8071,809.9735,-1,-35021076,1993354.6,0,0.1852,1,-1.5969,5.5592,1
2026-04-22 11:45:00,803.85,804.55,803.35,804.55,483273,805.1321,806.1647,805.2684,-1,-0.5497,0.1798,-0.7294,-1,18.7988,16.3247,27.3459,45.6943,0,22.8682,19.8966,-0.5746,815.0424,800.8326,807.9375,0.0176,0.2616,2.6923,809.9128,-1,-34537803,1943440.2,0,0.5833,1,-1.548,5.6117,0
2026-04-22 12:00:00,804.55,804.9,803.6,804.3,538095,804.9657,805.9951,805.2305,-1,-0.6112,0.0216,-0.6328,-1,19.0584,16.7043,26.3666,45.072,0,20.9302,21.1886,-0.3099,814.6207,800.5143,807.5675,0.0175,0.2684,2.5928,809.7434,-1,-35075898,1850890.4,0,0.1923,-1,-1.5786,5.5789,0
2026-04-22 12:15:00,804.3,804.35,802.65,803.4,718116,804.6526,805.7592,805.1587,-1,-0.7243,-0.1276,-0.5967,-1,19.6398,15.9023,27.7837,42.8116,0,14.9378,19.5787,-0.174,814.1874,800.1326,807.16,0.0174,0.2325,2.5291,809.4387,-1,-35794014,1762500.2,0,0.5294,-1,-1.6887,5.4608,1
2026-04-22 12:30:00,803.4,804.3,802.65,803.65,451920,804.4521,805.5675,805.0995,-1,-0.7847,-0.259,-0.5257,-1,20.1796,15.1423,26.456,43.6569,0,17.9039,17.924,0.0062,813.3845,800.0205,806.7025,0.0166,0.2716,2.4663,809.221,-1,-35342094,1708420.35,0,0.1515,1,-1.6581,5.4936,1
2026-04-22 12:45:00,803.85,804.25,802.95,804.05,407042,804.3716,805.4295,805.0584,-1,-0.7911,-0.3655,-0.4257,-1,20.6809,14.5523,25.4251,45.0562,0,31.8182,21.5533,0.2744,812.7565,799.9185,806.3375,0.0159,0.3218,2.383,808.9876,-1,-34935052,1619729.95,0,0.1538,1,-1.6092,5.5461,0
2026-04-22 13:00:00,804.05,804.5,803.5,803.75,468522,804.2473,805.2768,805.007,-1,-0.8111,-0.4546,-0.3565,-1,20.9665,14.879,24.63,44.1702,0,36.7521,28.8247,-0.2544,811.9533,799.9267,805.94,0.0149,0.3179,2.2842,808.653,-1,-35403574,1506931.35,0,0.3,-1,-1.6459,5.5067,0
2026-04-22 13:15:00,803.8,803.95,801.45,802.65,748789,803.9279,805.038,804.9146,-1,-0.9053,-0.5447,-0.3605,-1,22.0321,13.7236,29.085,40.9875,0,20.339,29.6364,-0.4897,811.5036,799.6714,805.5875,0.0147,0.2517,2.2996,808.4104,-1,-36152363,1463594.2,0,0.46,-1,-1.7805,5.3623,0
2026-04-22 13:30:00,802.65,803.4,801.85,802.5,485139,803.6423,804.8073,804.8199,-1,-0.9807,-0.6319,-0.3488,-1,23.0215,13.0471,27.6513,40.5583,0,17.7966,24.9626,-0.199,810.6693,799.6557,805.1625,0.0137,0.2583,2.2461,808.202,-1,-36637502,1414483.9,0,0.0968,-1,-1.7988,5.3426,0
2026-04-22 13:45:00,802.5,802.8,801.6,802.0,770983,803.3138,804.5521,804.7093,-1,-1.0685,-0.7192,-0.3493,-1,24.0346,12.5321,27.3822,39.089,0,9.322,15.8192,-0.2239,809.439,799.911,804.675,0.0118,0.2192,2.1713,805.9627,-1,-37408485,914149.85,0,0.4167,-1,-1.86,5.277,0
2026-04-22 14:00:00,802.2,803.5,801.05,801.5,779819,802.9511,804.2746,804.5835,-1,-1.165,-0.8084,-0.3566,-1,24.4021,13.813,25.1953,37.6213,0,7.1429,11.4205,-0.3295,807.7628,800.5422,804.1525,0.009,0.1327,2.1912,804.6546,-1,-38188304,806017.3,0,0.2857,-1,-1.9212,5.2113,0
2026-04-22 14:15:00,801.55,801.8,800.75,801.5,629779,802.6608,804.0224,804.4626,-1,-1.2273,-0.8922,-0.3351,-1,24.8763,13.322,25.3154,37.6213,0,12.8205,9.7618,-0.3791,806.7261,800.8089,803.7675,0.0074,0.1168,2.1097,804.1438,-1,-37558525,784490.45,0,0.0476,-1,-1.9212,5.2113,1
2026-04-22 14:30:00,801.5,802.9,801.25,802.0,745600,802.5287,803.8385,804.366,-1,-1.2223,-0.9582,-0.2641,-1,24.4363,16.3491,23.8788,40.2243,0,29.4118,16.4584,-0.286,806.2309,800.8241,803.5275,0.0067,0.2175,2.0769,803.7573,-1,-36812925,759686.3,0,0.303,1,-1.86,5.277,0
2026-04-22 14:45:00,802.05,802.4,801.5,801.75,711670,802.3729,803.6487,804.2634,-1,-1.2243,-1.0114,-0.2129,-1,24.0279,15.8217,23.1085,39.3404,0,23.5294,21.9206,-0.2054,806.1179,800.6321,803.375,0.0068,0.2038,1.9928,803.5139,-1,-37524595,732438.3,0,0.3333,-1,-1.8906,5.2442,0
2026-04-22 15:00:00,801.75,802.0,800.0,800.05,1875627,801.9084,803.3215,804.0982,-1,-1.3476,-1.0787,-0.269,-1,24.4002,14.6878,26.8274,33.8869,1,1.0204,17.9872,-0.448,806.2956,800.0994,803.1975,0.0077,-0.008,1.9933,803.1338,-1,-39400222,772204.5,1,0.85,-1,-2.0986,5.021,0
2026-04-22 15:15:00,800.0,800.2,798.15,799.4,1981191,801.4067,802.965,803.9139,-1,-1.4807,-1.1591,-0.3216,-1,25.4876,13.6111,31.4765,32.0571,1,18.5185,14.3561,-0.5783,806.5477,799.6023,803.075,0.0086,-0.0291,1.9974,802.6907,-1,-41381413,821940.05,1,0.2927,-1,-2.1782,4.9357,0
2026-04-23 09:15:00,793.0,794.5,790.05,794.5,1617850,800.0253,802.1955,803.5448,-1,-1.959,-1.319,-0.6399,-1,28.2609,10.0075,46.0788,22.2871,1,30.7958,16.7783,-1.1509,807.4093,797.6107,802.51,0.0122,-0.3175,2.5226,801.5242,-1,-42999263,812383.15,1,0.3371,1,-2.7778,4.2925,0
2026-04-23 09:30:00,794.45,794.7,792.8,794.0,1266705,798.8203,801.4504,803.1704,-1,-2.3512,-1.5255,-0.8258,-1,30.7099,10.0359,43.5553,21.5649,1,27.3356,25.55,-1.0777,807.6726,796.0874,801.88,0.0144,-0.1802,2.4781,800.6582,-1,-44265968,828612.95,1,0.2368,-1,-2.839,4.2268,1
2026-04-23 09:45:00,793.9,796.55,793.4,796.15,1573496,798.2862,800.9686,802.8951,-1,-2.4603,-1.7124,-0.7478,-1,31.8602,14.3731,39.6758,31.7993,1,42.2145,33.4487,-0.7913,807.6876,795.2774,801.4825,0.0155,0.0703,2.5261,800.0394,-1,-42692472,875694.75,1,0.7143,1,-2.5759,4.3789,0
2026-04-23 10:00:00,796.15,796.6,794.6,794.8,857285,797.589,800.4078,802.5777,-1,-2.6254,-1.895,-0.7303,-1,32.8989,13.6915,37.3981,29.2211,1,32.872,34.1407,-0.8978,807.7816,794.2834,801.0325,0.0169,0.0383,2.4885,799.7022,-1,-43549757,894553.8,0,0.675,-1,-2.7411,3.9702,0
2026-04-23 10:15:00,794.75,795.65,794.0,794.2,838283,796.9112,799.8434,802.2491,-1,-2.7726,-2.0705,-0.7021,-1,33.9975,13.0271,37.3479,28.1294,1,29.8561,34.9809,-0.9108,807.7428,793.3272,800.535,0.018,0.0605,2.4286,799.2663,-1,-44388040,897459.2,0,0.3333,-1,-2.8145,3.8917,0
2026-04-23 10:30:00,794.2,794.5,792.0,792.5,1076822,796.0289,799.1759,801.8668,-1,-2.992,-2.2548,-0.7372,-1,35.4303,12.0713,40.4775,25.2511,1,18.2156,26.9812,-1.1229,807.6907,792.1743,799.9325,0.0194,0.021,2.4337,798.7751,-1,-45464862,927136.65,0,0.68,-1,-3.0225,3.6693,0
2026-04-23 10:45:00,792.75,792.75,790.5,791.65,1125360,795.1532,798.4917,801.4662,-1,-3.1977,-2.4434,-0.7542,-1,37.0324,11.2698,42.2163,23.9325,1,11.8959,19.9892,-1.2905,807.5761,791.0239,799.3,0.0207,0.0378,2.4206,798.2005,-1,-46590222,956499.9,0,0.4889,-1,-3.1265,3.5581,0
2026-04-23 11:00:00,791.55,792.1,790.75,790.95,1070965,794.3125,797.8061,801.0538,-1,-3.3781,-2.6304,-0.7478,-1,38.52,10.8062,40.4797,22.8731,1,6.6914,12.2677,-1.3471,807.4824,789.8726,798.6775,0.022,0.0612,2.3441,797.6253,-1,-47661187,974142.35,0,0.4444,-1,-3.2122,3.4665,0
2026-04-23 11:15:00,791.0,792.0,789.6,789.9,1541074,793.43,797.0873,800.6164,-1,-3.5648,-2.8172,-0.7476,-1,40.1077,10.0173,41.0226,21.3468,1,2.2556,6.9477,-1.2687,807.269,788.711,797.99,0.0233,0.0641,2.3481,796.9617,-1,-49202261,1028600.05,0,0.4583,-1,-3.3407,3.3292,0
2026-04-23 11:30:00,789.85,790.0,786.5,786.85,1374426,792.114,796.1567,800.0765,-1,-3.9138,-3.0365,-0.8772,-1,42.0472,8.9869,45.9137,17.6603,1,2.1341,3.6937,-1.5699,807.1608,787.0992,797.13,0.0252,-0.0124,2.4304,796.2478,-1,-50576687,1076969.25,0,0.8571,-1,-3.7139,2.9302,1
2026-04-23 11:45:00,786.95,788.5,786.6,788.25,994758,791.3412,795.4379,799.6127,-1,-4.0309,-3.2354,-0.7954,-1,43.8482,8.4771,43.3092,24.1366,1,11.0063,5.132,-0.7867,806.6127,786.0973,796.355,0.0258,0.1049,2.3925,795.7033,-1,-49581929,1103281.05,0,0.6842,1,-3.5426,3.1133,0
2026-04-23 12:00:00,788.3,788.3,786.2,786.5,1278451,790.373,794.6254,799.0985,-1,-4.2163,-3.4316,-0.7847,-1,45.5772,7.9409,41.7747,21.8257,1,1.8987,5.0131,-0.9446,806.2298,784.8652,795.5475,0.0269,0.0765,2.3716,794.9796,-1,-50860380,1129764.15,0,0.8571,-1,-3.7567,2.5691,0
2026-04-23 12:15:00,786.45,786.55,783.6,783.8,2052399,789.0584,793.6412,798.4986,-1,-4.5289,-3.651,-0.8778,-1,47.5137,7.2475,45.8233,18.8302,1,1.2048,4.7033,-1.5512,805.9504,783.2746,794.6125,0.0285,0.0232,2.4129,793.9495,-1,-52912779,1208127.15,1,0.8983,-1,-4.0871,2.0108,1
2026-04-23 12:30:00,783.8,785.6,782.8,785.55,1474490,788.3567,792.9057,797.9908,-1,-4.5826,-3.8373,-0.7452,-1,49.4013,6.6536,44.4095,25.9264,1,19.9275,7.677,-1.1638,805.2509,782.3291,793.79,0.0289,0.1405,2.4406,793.1443,-1,-51438289,1243302.5,0,0.625,1,-3.873,2.2386,1
2026-04-23 12:45:00,785.55,786.8,785.15,786.6,992173,788.0054,792.3324,797.5441,-1,-4.4887,-3.9676,-0.5211,-1,50.2972,9.9199,42.2142,29.8871,1,27.5362,16.2229,-0.9569,804.3402,781.7498,793.045,0.0285,0.2147,2.3841,792.593,-1,-50446116,1253920.2,0,0.6364,1,-3.7445,2.3286,0
2026-04-23 13:00:00,786.5,786.65,785.0,785.4,824899,787.4843,791.7022,797.0678,-1,-4.4597,-4.066,-0.3936,-1,51.1542,9.4185,40.5399,28.0417,1,18.8406,22.1014,-0.8959,803.3026,781.1774,792.24,0.0279,0.1909,2.3317,792.1493,-1,-51271015,1263676.2,0,0.6667,-1,-3.8913,2.1725,1
2026-04-23 13:15:00,785.4,787.2,785.15,786.8,1443849,787.3474,791.2565,796.6652,-1,-4.2744,-4.1077,-0.1667,-1,51.5437,10.5214,37.9719,33.2221,1,28.9855,25.1208,-0.6126,801.8211,781.1389,791.48,0.0261,0.2737,2.3116,791.5445,-1,-49827166,1298588.65,0,0.6829,1,-3.72,2.2283,0
2026-04-23 13:30:00,786.8,786.95,783.5,783.75,1058999,786.6279,790.5741,796.1587,-1,-4.3239,-4.1509,-0.173,-1,52.2206,9.4378,38.9867,28.4216,1,7.393,18.4064,-0.9103,800.3039,780.8561,790.58,0.0246,0.1488,2.3929,790.9909,-1,-50886165,1315955.1,0,0.8841,-1,-4.0932,1.7197,1
2026-04-23 13:45:00,783.85,785.85,783.55,784.85,726004,786.2724,790.0538,795.7152,-1,-4.2256,-4.1659,-0.0598,-1,52.8492,8.7881,36.3026,32.2253,1,17.5214,17.9666,-0.6393,798.813,780.827,789.82,0.0228,0.2237,2.3862,790.0886,-1,-50160161,1258473.95,0,0.4348,1,-3.9586,1.8624,0
2026-04-23 14:00:00,784.9,784.95,783.85,784.35,663305,785.8879,789.5352,795.2695,-1,-4.1404,-4.1608,0.0204,1,53.4328,8.4871,35.0594,31.4083,1,15.5779,13.4974,-0.3177,797.2062,780.9288,789.0675,0.0206,0.2102,2.2944,789.169,-1,-50823466,1192579.65,0,0.5,-1,-4.0198,1.5997,1
2026-04-23 14:15:00,784.25,786.45,784.1,785.3,1205966,785.7703,789.1502,794.8786,-1,-3.9506,-4.1187,0.1681,1,52.784,12.529,32.4988,34.7911,1,26.8817,19.9937,-0.3742,796.5023,780.7127,788.6075,0.02,0.2905,2.2983,788.7035,-1,-49617500,1171985.45,0,0.4468,1,-3.9036,0.1978,0
2026-04-23 14:30:00,785.4,786.85,785.0,785.1,1109787,785.6362,788.782,794.4951,-1,-3.7729,-4.0496,0.2767,1,51.8839,13.0592,30.6039,34.4064,1,25.0,22.4865,-0.178,795.7901,780.5349,788.1625,0.0194,0.2992,2.2663,788.2788,-1,-50727287,1164139.55,0,0.1622,-1,-3.928,0.1722,0
2026-04-23 14:45:00,785.0,785.95,784.25,784.95,1264998,785.499,788.4336,794.1208,-1,-3.6026,-3.9602,0.3576,1,51.2834,12.3468,31.3411,34.1018,1,29.8611,27.2476,0.1467,794.4018,780.8032,787.6025,0.0173,0.3049,2.2259,787.6156,-1,-51992285,1148714.65,0,0.0294,-1,-3.9464,0.1531,0
2026-04-23 15:00:00,784.95,786.7,783.95,784.0,4277390,785.1992,788.0306,793.7239,-1,-3.5039,-3.8689,0.365,1,50.1519,13.6422,28.6211,32.1601,1,21.0526,25.3046,-0.1973,793.1698,780.9552,787.0625,0.0155,0.2493,2.2633,786.9222,-1,-56269675,1319719.9,1,0.3455,-1,-4.0627,0.0319,0
2026-04-23 15:15:00,784.0,784.65,782.8,783.9,3079690,784.9394,787.6551,793.3386,-1,-3.3946,-3.7741,0.3794,1,49.4915,12.8351,30.6053,31.9538,1,20.0,23.6379,-0.3432,791.8437,781.2513,786.5475,0.0135,0.2501,2.2338,786.3593,-1,-59349365,1431790.25,1,0.0541,-1,-4.0749,0.0191,0
2026-04-24 09:15:00,779.0,784.0,779.0,780.15,711896,783.9815,786.9728,792.8214,-1,-3.5695,-3.7331,0.1637,1,49.8555,10.9498,37.2733,25.3804,1,14.0244,18.359,-0.6684,791.1858,780.6742,785.93,0.0134,-0.0499,2.4314,785.9727,-1,-60061261,1413543.95,0,0.23,1,-4.5338,0.0,0
2026-04-24 09:30:00,780.3,780.3,777.0,777.55,1222246,782.6952,786.1162,792.2225,-1,-3.8732,-3.7612,-0.112,-1,50.5697,9.9147,39.4791,22.001,1,5.3922,13.1388,-1.1756,790.9814,779.4686,785.225,0.0147,-0.1666,2.4934,785.4168,-1,-61283507,1418388.25,0,0.8333,-1,-4.8519,0.0,1
2026-04-24 09:45:00,777.6,779.85,777.6,777.7,1106586,781.6962,785.3511,791.653,-1,-4.055,-3.8199,-0.2351,-1,51.2329,9.2578,36.8634,22.641,1,6.8627,8.7598,-0.7719,790.5751,778.5499,784.5625,0.0153,-0.0707,2.4796,784.9223,-1,-60176921,1420169.3,0,0.0444,1,-4.8336,0.0193,1
2026-04-24 10:00:00,777.65,781.2,777.6,780.8,2069113,781.5169,784.9373,791.2274,-1,-3.904,-3.8368,-0.0673,-1,50.8982,12.095,33.16,34.5861,1,37.2549,16.5033,-0.516,789.8045,778.4105,784.1075,0.0145,0.2097,2.5596,784.2636,-1,-58107808,1446571.25,0,0.875,1,-4.4542,0.418,1
2026-04-24 10:15:00,780.8,781.2,779.55,780.95,655199,781.4035,784.5749,790.8244,-1,-3.7292,-3.8152,0.086,1,50.5875,11.5236,31.5934,35.1082,0,38.7255,27.6144,-0.4335,789.522,778.103,783.8125,0.0146,0.2493,2.4947,784.0063,-1,-57452609,1410609.9,0,0.0909,1,-4.4359,0.4373,1
2026-04-24 10:30:00,781.0,783.25,780.85,782.55,1245390,781.6328,784.3908,790.4999,-1,-3.4222,-3.7366,0.3145,1,48.9605,16.6152,29.4165,40.5585,0,55.7789,43.9198,-0.3502,788.8804,778.1746,783.5275,0.0137,0.4087,2.4879,783.7959,-1,-56207219,1423141.5,0,0.6458,1,-4.2401,0.643,1
2026-04-24 10:45:00,782.7,786.4,782.55,785.5,1745218,782.4063,784.4916,790.3038,-1,-2.9073,-3.5708,0.6635,1,45.8554,23.5512,26.2873,49.0545,0,86.2944,60.2663,0.0509,788.7363,778.2187,783.4775,0.0134,0.6923,2.5852,783.7159,1,-54462001,1446479.85,0,0.7273,1,-3.8791,1.0224,0
2026-04-24 11:00:00,785.6,787.0,784.0,784.5,1162463,782.825,784.4924,790.0762,-1,-2.5505,-3.3667,0.8162,1,42.7116,23.2602,24.133,46.6219,0,75.0,72.3578,-0.0573,788.7887,778.2363,783.5125,0.0135,0.5936,2.6148,783.7077,1,-55624464,1401983.05,0,0.3667,-1,-4.0015,0.8938,1
2026-04-24 11:15:00,784.5,785.7,784.0,784.9,672539,783.24,784.5294,789.8732,-1,-2.21,-3.1354,0.9254,1,39.7923,22.1523,22.9836,47.7383,0,79.0,80.0981,0.1148,788.7134,778.2466,783.48,0.0134,0.6357,2.5495,783.6853,1,-54951925,1361885.5,0,0.2353,1,-3.9525,0.9453,0
2026-04-24 11:30:00,784.9,785.6,784.15,784.75,303205,783.542,784.5495,789.6723,-1,-1.93,-2.8943,0.9643,1,37.0816,21.2238,22.0202,47.3385,0,77.5,77.1667,0.1084,788.46,778.315,783.3875,0.013,0.6343,2.4709,783.6051,1,-55255130,1327437.1,0,0.1034,-1,-3.9709,0.926,1
2026-04-24 11:45:00,784.8,786.3,784.2,786.3,545186,784.0936,784.7086,789.5401,-1,-1.565,-2.6284,1.0634,1,34.6503,21.9669,20.669,51.8284,0,93.0,83.1667,0.7883,788.5908,778.2742,783.4325,0.0132,0.7779,2.4444,783.5812,1,-54709944,1313451.45,0,0.7143,1,-3.7812,1.1253,1
2026-04-24 12:00:00,786.1,787.55,785.9,786.8,1020686,784.6349,784.8987,789.4326,-1,-1.2213,-2.347,1.1257,1,32.9777,24.622,19.6487,53.2142,0,92.891,87.797,1.1896,788.5908,778.2742,783.4325,0.0132,0.8264,2.3877,783.5498,1,-53689258,1292293.3,0,0.4242,1,-3.72,1.1896,0
2026-04-24 12:15:00,786.8,787.5,785.05,785.25,449956,784.7579,784.9307,789.2686,-1,-1.0617,-2.0899,1.0282,1,30.9617,22.8207,20.7494,48.5514,0,78.1991,88.03,0.9708,788.7254,778.2896,783.5075,0.0133,0.667,2.3921,783.5426,1,-54139214,1261841.15,0,0.6327,-1,-3.9097,0.9903,0
2026-04-24 12:30:00,785.3,787.15,785.15,785.2,745023,784.8463,784.9552,789.109,-1,-0.9286,-1.8577,0.9291,1,29.0898,21.4418,19.4956,48.4041,0,77.7251,82.9384,0.5635,788.7631,778.2869,783.525,0.0134,0.6599,2.3641,783.5755,1,-54884237,1262792.1,0,0.05,-1,-3.9158,0.9839,1
2026-04-24 12:45:00,785.3,786.45,785.2,785.75,420863,785.0271,785.0274,788.9773,-1,-0.7699,-1.6401,0.8702,1,27.3515,20.6038,18.7336,50.1946,0,82.9384,79.6209,0.6146,788.9121,778.2779,783.595,0.0136,0.7026,2.2846,783.5915,1,-54463374,1250670.0,0,0.36,1,-3.8485,1.0546,0
2026-04-24 13:00:00,785.7,786.0,784.15,784.55,1198632,784.9316,784.984,788.8037,-1,-0.7324,-1.4586,0.7261,1,25.6753,19.3956,20.9633,46.4103,0,69.8492,76.8376,0.2556,788.8364,778.2786,783.5575,0.0135,0.594,2.2535,783.5726,1,-55662006,1250303.3,0,0.6216,-1,-3.9953,0.9003,0
2026-04-24 13:15:00,784.55,784.7,783.55,784.5,705514,784.8453,784.94,788.6349,-1,-0.6988,-1.3066,0.6079,1,24.4503,18.663,22.1422,46.2539,0,69.3467,74.0448,-0.1273,788.7778,778.2772,783.5275,0.0134,0.5926,2.1747,783.4984,1,-56367520,1230089.65,0,0.0435,-1,-4.0015,0.8938,0
2026-04-24 13:30:00,784.5,784.95,782.7,782.7,427235,784.4163,784.7364,788.4022,-1,-0.808,-1.2069,0.3989,1,23.7613,17.2871,23.2948,40.9068,0,39.375,59.5237,-0.2294,788.6349,778.1951,783.415,0.0133,0.4315,2.1801,783.4149,-1,-56794755,1188201.5,0,0.8,-1,-4.2217,0.6623,1
2026-04-24 13:45:00,782.7,784.0,782.6,784.0,690112,784.333,784.6694,788.2296,-1,-0.7807,-1.1217,0.341,1,23.1739,16.4734,22.5345,45.7817,0,47.0149,51.9122,-0.1147,788.6349,778.1951,783.415,0.0133,0.556,2.1244,783.1076,1,-56104643,1008837.6,0,0.9286,1,-4.0627,0.8295,0
2026-04-24 14:00:00,784.0,784.15,781.2,781.9,1223191,783.8464,784.4177,787.9813,-1,-0.9179,-1.0809,0.163,1,23.3224,14.8835,24.9398,40.0361,0,11.0236,32.4712,-0.3632,788.5704,778.0596,783.315,0.0134,0.3654,2.1833,782.9479,-1,-57327834,916012.65,0,0.7119,-1,-4.3196,0.5594,1
2026-04-24 14:15:00,781.9,783.8,781.55,783.55,1118008,783.7871,784.3388,787.8076,-1,-0.8833,-1.0414,0.1581,1,23.4602,13.7903,23.108,45.7925,0,37.0079,31.6821,-0.3497,788.5359,778.4341,783.485,0.0129,0.5064,2.1881,783.0212,1,-56209826,936318.25,0,0.7333,1,-3.9767,0.7717,1
2026-04-24 14:30:00,783.5,785.5,783.05,784.65,778049,783.9597,784.3671,787.6837,-1,-0.7584,-0.9848,0.2264,1,22.3412,18.1992,21.2755,49.2877,0,54.3307,34.1207,-0.2733,788.1101,779.5699,783.84,0.0109,0.5948,2.2068,783.3966,1,-55431777,914108.4,0,0.4694,1,-3.8419,0.9131,1
2026-04-24 14:45:00,784.65,785.55,784.0,785.45,1020134,784.2578,784.4655,787.5961,-1,-0.5881,-0.9055,0.3174,1,21.2682,17.4317,20.185,51.7256,0,66.9291,52.7559,0.0255,787.485,780.97,784.2275,0.0083,0.6876,2.1599,783.7914,1,-54411643,909785.8,0,0.5161,1,-3.7439,1.016,0
2026-04-24 15:00:00,785.1,785.3,783.1,784.7,2061241,784.3462,784.4868,787.4826,-1,-0.5078,-0.8259,0.3181,1,20.7916,16.0855,21.5838,49.3313,0,55.1181,58.7927,-0.0637,787.2781,781.5669,784.4225,0.0073,0.5486,2.1735,784.3031,1,-56472884,909392.2,1,0.1818,-1,-3.8358,0.9196,1
2026-04-24 15:15:00,784.7,786.2,784.65,785.15,1521410,784.507,784.5471,787.3911,-1,-0.4032,-0.7414,0.3382,1,19.7109,18.2686,20.4614,50.8028,0,62.2047,61.4173,-0.0764,787.0142,782.2508,784.6325,0.0061,0.6086,2.1289,784.5138,1,-54951474,952702.75,1,0.2903,1,-3.7806,0.9774,1
2026-04-27 09:15:00,788.5,792.8,787.35,789.4,699270,785.4856,784.9883,787.4699,1,0.0224,-0.5886,0.611,1,20.7747,32.9955,16.0304,62.0208,0,70.6897,62.6708,0.6182,787.9552,781.9948,784.975,0.0076,1.2424,2.5233,784.87,1,-54252204,925396.75,0,0.1651,1,-3.2598,1.524,0
2026-04-27 09:30:00,789.4,789.5,786.8,788.0,759981,785.9885,785.2621,787.4907,1,0.2439,-0.4221,0.666,1,21.4446,30.4862,16.3604,57.3793,0,58.6207,63.8384,0.4461,788.3548,781.8452,785.1,0.0083,0.9455,2.5359,785.0154,1,-55012185,876134.9,0,0.5185,-1,-3.4314,1.344,1
2026-04-27 09:45:00,787.95,789.9,787.75,789.7,710834,786.7308,785.6655,787.5773,1,0.5503,-0.2276,0.7779,1,22.1926,29.7588,15.3588,61.1786,0,73.2759,67.5287,0.8943,789.1657,781.5543,785.36,0.0097,1.0702,2.5083,785.1759,1,-54301351,853553.45,0,0.814,1,-3.223,1.5626,1
2026-04-27 10:00:00,789.7,792.4,789.3,790.65,1045268,787.5146,786.1187,787.6978,1,0.8598,-0.0101,0.87,1,23.5935,34.1764,14.0254,63.1551,0,81.4655,71.1207,0.8482,790.0868,781.2082,785.6475,0.0113,1.0634,2.5506,785.5238,1,-53256083,872189.9,0,0.3065,1,-3.1066,1.6848,0
2026-04-27 10:15:00,790.65,792.2,788.75,789.0,420676,787.8117,786.3806,787.7489,1,0.9609,0.1841,0.7769,1,24.5574,30.9556,14.2061,57.6637,0,67.2414,73.9943,0.908,790.509,781.211,785.86,0.0118,0.8377,2.6149,785.6426,1,-53676759,878063.45,0,0.4783,-1,-3.3088,1.4726,1
2026-04-27 10:30:00,789.0,789.7,787.05,789.45,559480,788.1394,786.6596,787.8156,1,1.0651,0.3603,0.7048,1,24.4762,28.7169,17.818,58.7179,0,71.1207,73.2759,0.753,790.9219,781.1131,786.0175,0.0125,0.8499,2.6174,785.7423,1,-53117279,878778.15,0,0.1698,1,-3.2537,1.5304,1
2026-04-27 10:45:00,789.25,790.95,788.05,790.45,353597,788.6015,787.0042,787.9189,1,1.2143,0.5311,0.6832,1,24.8011,29.8467,16.4187,61.0398,0,79.7414,72.7011,0.7392,791.4656,780.9344,786.2,0.0134,0.9036,2.6376,785.7666,1,-52763682,845423.7,0,0.4138,1,-3.1311,1.6591,0
2026-04-27 11:00:00,790.45,790.5,788.25,788.8,340381,788.6412,787.1675,787.9534,1,1.1858,0.662,0.5238,1,25.1027,28.0088,15.4076,55.4937,0,65.5172,72.1264,0.4265,791.7415,781.0135,786.3775,0.0136,0.7258,2.6099,785.8314,1,-53104063,839944.95,0,0.7333,-1,-3.3333,1.4469,0
2026-04-27 11:15:00,788.65,789.15,785.25,785.5,460574,788.0129,787.0159,787.8572,1,0.8867,0.707,0.1797,1,23.8234,25.1212,21.7497,46.4112,0,35.1111,60.1232,0.1019,791.7449,781.0401,786.3925,0.0136,0.4166,2.702,785.8537,-1,-53564637,825722.5,0,0.8077,-1,-3.7377,1.0224,1
2026-04-27 11:30:00,785.7,787.55,785.35,785.95,1019003,787.6004,786.919,787.7824,1,0.6781,0.7012,-0.0231,-1,22.6356,23.6405,20.4678,47.669,0,29.7436,43.4573,0.1019,791.7508,781.0542,786.4025,0.0136,0.4577,2.6662,785.8806,1,-52545634,855629.5,0,0.1136,1,-3.6826,1.0803,1
2026-04-27 11:45:00,785.95,788.0,785.5,787.95,552754,787.6703,787.0127,787.789,1,0.6665,0.6943,-0.0277,-1,21.7221,23.261,19.0908,52.9541,0,50.0,38.2849,-0.1837,791.8905,781.2545,786.5725,0.0135,0.6295,2.6543,785.9946,1,-51992880,823335.6,0,0.8,1,-3.4375,1.3375,0
2026-04-27 12:00:00,787.95,788.6,786.2,787.0,636239,787.5362,787.0116,787.7581,1,0.5741,0.6702,-0.0962,-1,21.1278,23.3741,17.8493,50.3528,0,40.2062,39.9833,-0.1269,791.9317,781.4633,786.6975,0.0133,0.5289,2.6361,786.119,1,-52629119,819871.85,0,0.3958,-1,-3.5539,1.2154,1
2026-04-27 12:15:00,787.0,787.85,786.6,787.5,378770,787.529,787.056,787.7479,1,0.535,0.6432,-0.1082,-1,20.576,22.5516,17.2212,51.6977,0,34.9693,41.7252,-0.2786,791.8466,782.0284,786.9375,0.0125,0.5573,2.5371,786.2165,1,-52250349,817448.6,0,0.4,1,-3.4926,1.2797,0
2026-04-27 12:30:00,787.2,788.05,786.65,786.8,467599,787.3832,787.0327,787.7108,1,0.4424,0.603,-0.1606,-1,20.1564,22.215,16.5199,49.6691,0,20.5298,31.9018,-0.4869,791.7996,782.3554,787.0775,0.012,0.4706,2.4559,786.3589,1,-52717948,806322.95,0,0.2857,-1,-3.5784,1.1896,1
2026-04-27 12:45:00,786.8,787.35,786.05,787.25,507811,787.3565,787.0524,787.6927,1,0.4007,0.5626,-0.1618,-1,19.3878,21.3458,17.6794,51.0002,0,27.972,27.8237,-0.2218,791.4263,783.2637,787.345,0.0104,0.4884,2.3733,786.6891,1,-52210137,770553.95,0,0.3462,1,-3.5233,1.2475,1
2026-04-27 13:00:00,787.2,789.6,787.2,789.5,417055,787.7852,787.275,787.7636,1,0.543,0.5587,-0.0156,-1,19.693,26.5715,16.4034,57.1084,0,59.4406,35.9808,0.0063,791.4308,783.8542,787.6425,0.0096,0.7452,2.3752,787.0309,1,-51793082,735506.3,0,0.9583,1,-3.2475,1.5369,1
2026-04-27 13:15:00,789.55,790.75,789.2,790.0,588924,788.2282,787.5227,787.8513,1,0.6882,0.5846,0.1036,1,20.4112,28.8477,15.6193,58.3509,0,66.4336,51.2821,-0.0569,791.5686,784.2514,787.91,0.0093,0.7856,2.3163,787.2916,1,-51204158,726050.05,0,0.2903,1,-3.1863,1.6012,1
2026-04-27 13:30:00,790.0,791.45,789.5,790.65,522106,788.7126,787.807,787.961,1,0.8459,0.6368,0.2091,1,21.3275,29.2765,14.6694,59.9742,0,77.6978,67.8573,0.2345,791.8315,784.5085,788.17,0.0093,0.8387,2.2901,787.579,1,-50682052,701148.65,0,0.3333,1,-3.1066,1.6848,1
2026-04-27 13:45:00,790.65,792.0,790.5,791.4,643969,789.25,788.1336,788.0959,1,1.0197,0.7134,0.3063,1,22.3707,29.631,13.9657,61.8232,0,91.1111,78.4142,0.7511,792.0597,784.9503,788.505,0.009,0.9072,2.2337,788.2943,1,-50038083,630285.05,0,0.5,1,-3.0147,1.7812,0
2026-04-27 14:00:00,791.45,791.7,790.2,791.4,372233,789.68,788.4306,788.2255,1,1.1442,0.7996,0.3447,1,23.1146,28.1755,14.2621,61.8232,0,91.1111,86.64,0.6934,792.2337,785.4013,788.8175,0.0087,0.878,2.1813,788.7787,1,-49665850,572826.2,0,0.0333,-1,-3.0147,1.7812,0
2026-04-27 14:15:00,791.35,792.65,791.25,791.35,554310,790.014,788.696,788.348,1,1.2248,0.8846,0.3402,1,24.1566,30.0425,13.5911,61.6031,0,82.4324,88.2182,0.4315,792.4993,785.3307,788.915,0.0091,0.8397,2.1255,788.8581,1,-50220160,565578.2,0,0.0,1,-3.0208,1.7748,0
2026-04-27 14:30:00,791.3,791.3,789.4,790.65,850898,790.1412,788.8736,788.4383,1,1.2181,0.9513,0.2668,1,23.8158,28.0621,18.9492,58.466,0,72.973,82.1722,0.4638,792.6823,785.4127,789.0475,0.0092,0.7204,2.1129,789.0274,1,-51071058,570124.05,0,0.3421,-1,-3.1066,1.6848,0
2026-04-27 14:45:00,790.65,790.65,789.2,790.05,718415,790.123,788.9806,788.5015,1,1.1511,0.9913,0.1598,1,23.3692,26.655,18.6906,55.8411,0,64.3836,73.263,0.3238,792.7155,785.4145,789.065,0.0093,0.6349,2.0656,789.081,1,-51789473,570503.1,0,0.4138,-1,-3.1801,1.6076,0
2026-04-27 15:00:00,790.05,790.2,789.25,790.0,1382452,790.0984,789.0732,788.5602,1,1.0815,1.0093,0.0722,1,22.9545,25.7442,18.052,55.617,0,62.9371,66.7645,0.4067,792.6373,785.4277,789.0325,0.0091,0.6342,1.9859,789.0161,1,-53171925,587362.3,1,0.0526,-1,-3.1863,1.6012,0
2026-04-27 15:15:00,790.0,790.25,789.35,790.0,1430479,790.0787,789.1575,788.6167,1,1.0146,1.0104,0.0043,1,22.5954,25.0641,17.4439,55.617,0,59.8485,62.3897,0.3493,792.7117,785.4533,789.0825,0.0092,0.6264,1.9083,789.0796,1,-51741446,637852.45,1,0.0,1,-3.1863,1.6012,0
2026-04-28 09:15:00,785.85,790.0,784.85,790.0,772151,790.063,789.2341,788.6709,1,0.9507,0.9984,-0.0477,-1,22.2203,20.7555,29.466,55.617,0,66.0256,62.9371,0.0633,792.7582,785.4618,789.11,0.0092,0.622,2.1399,789.0471,1,-50969295,648486.0,0,0.8058,1,-3.1863,1.6012,1
2026-04-28 09:30:00,789.95,791.8,788.55,791.4,1002653,790.3304,789.431,788.778,1,1.0015,0.999,0.0024,1,20.9154,24.3779,26.3836,61.0792,0,83.9744,69.9495,0.1772,792.8979,785.4171,789.1575,0.0095,0.7998,2.2192,789.1402,1,-49966642,680938.8,0,0.4462,1,-3.0147,1.7812,1
2026-04-28 09:45:00,791.4,792.75,790.7,792.3,1280506,790.7243,789.6918,788.9161,1,1.1016,1.0196,0.082,1,19.5915,25.8351,24.6332,64.1349,0,94.3038,81.4346,0.2087,793.3096,785.3554,789.3325,0.0101,0.8731,2.2071,789.3834,1,-48686136,727945.05,1,0.439,1,-2.9044,1.897,1
2026-04-28 10:00:00,792.35,794.45,792.3,793.3,1129824,791.2394,790.0198,789.088,1,1.2473,1.0651,0.1822,1,19.0948,29.5461,22.9161,67.215,-1,88.0208,88.7663,0.2401,793.6493,785.7957,789.7225,0.0099,0.9555,2.203,789.7609,1,-47556312,761407.55,0,0.4419,1,-2.7819,2.0256,0
2026-04-28 10:15:00,793.3,793.9,792.5,792.55,763367,791.5016,790.2498,789.2238,1,1.2874,1.1096,0.1778,1,18.6336,28.169,21.848,62.8551,0,80.2083,87.511,0.1453,793.7588,786.3462,790.0525,0.0094,0.8369,2.1457,790.1619,1,-48319679,748625.75,0,0.5357,-1,-2.8738,1.9291,0
2026-04-28 10:30:00,792.55,792.75,790.8,790.9,1125141,791.3812,790.3089,789.2895,1,1.1725,1.1221,0.0504,1,17.3314,26.3285,26.1168,54.4824,0,63.0208,77.0833,-0.0569,793.7929,786.6071,790.2,0.0091,0.5974,2.1317,790.3646,1,-49444820,777245.1,0,0.8462,-1,-3.076,1.7169,0
2026-04-28 10:45:00,790.95,792.0,790.3,790.65,912176,791.235,790.3399,789.3429,1,1.0492,1.1076,-0.0584,-1,16.3032,24.8067,26.3073,53.3234,0,60.4167,67.8819,0.0,793.664,787.101,790.3825,0.0083,0.5408,2.1009,790.5249,1,-50356996,791041.95,0,0.1765,-1,-3.1066,1.6848,0
2026-04-28 11:00:00,790.65,790.85,789.25,790.0,843436,790.988,790.309,789.3686,1,0.8888,1.0638,-0.175,-1,15.8334,23.4338,28.4832,50.3258,0,53.6458,59.0278,-0.0063,793.5197,787.4953,790.5075,0.0076,0.4158,2.0651,790.574,-1,-51200432,814275.25,0,0.4062,-1,-3.1863,1.6012,0
2026-04-28 11:15:00,789.95,790.0,787.05,787.25,1169664,790.2404,790.0309,789.2855,1,0.5336,0.9577,-0.4242,-1,16.2762,21.1137,33.0467,40.0641,0,25.0,46.3542,-0.3481,793.4359,787.6241,790.53,0.0074,-0.0644,2.1283,790.4975,-1,-52370096,849378.5,0,0.9153,-1,-3.5233,1.2475,1
2026-04-28 11:30:00,787.3,788.8,787.05,788.2,1062071,789.8323,789.8645,789.243,-1,0.325,0.8312,-0.5062,-1,16.6874,19.8577,31.0808,44.2901,0,34.8958,37.8472,-0.2278,793.2922,787.8628,790.5775,0.0069,0.0621,2.1013,790.4519,-1,-51308025,877091.5,0,0.5143,1,-3.4069,1.3697,0
2026-04-28 11:45:00,788.3,788.65,787.25,787.3,948255,789.3259,789.6314,789.1668,-1,0.0861,0.6822,-0.5961,-1,17.0692,18.8896,29.5656,41.3179,0,25.5208,28.4722,-0.3418,793.5068,787.4282,790.4675,0.0077,-0.0211,2.0512,790.3481,-1,-52256280,903651.5,0,0.7143,-1,-3.5172,1.2539,0
2026-04-28 12:00:00,787.35,787.45,785.5,786.95,946988,788.8507,789.3876,789.0798,-1,-0.13,0.5197,-0.6497,-1,18.088,17.6024,33.6664,40.1883,0,21.875,27.4306,-0.5623,793.7172,786.9128,790.315,0.0086,0.0055,2.0439,790.1689,-1,-53203268,921554.7,0,0.2051,-1,-3.56,1.2089,0
2026-04-28 12:15:00,787.0,788.25,785.3,785.45,836862,788.1705,789.0296,788.9375,-1,-0.4175,0.3323,-0.7498,-1,18.5138,18.5533,30.3022,35.6858,0,6.25,17.8819,-0.8646,794.057,786.053,790.055,0.0101,-0.0753,2.1087,789.9875,-1,-54040130,937292.5,0,0.5254,-1,-3.7439,1.016,1
2026-04-28 12:30:00,785.4,786.8,785.25,786.8,915290,787.8964,788.8269,788.8537,-1,-0.5303,0.1598,-0.69,-1,18.9293,17.5604,28.8532,41.9855,0,20.3125,16.1458,-0.8194,794.0156,785.6344,789.825,0.0106,0.1391,2.0688,789.7648,-1,-53124840,950858.55,0,0.9032,1,-3.5784,1.1896,0
2026-04-28 12:45:00,786.8,787.15,785.35,785.5,803676,787.4171,788.5245,788.7222,-1,-0.7163,-0.0154,-0.7008,-1,19.0729,17.6786,27.0432,38.1139,0,2.7174,9.76,-0.8895,794.0531,785.0069,789.53,0.0115,0.0545,2.0496,789.5837,-1,-53928516,972430.7,0,0.7222,-1,-3.7377,1.0224,1
2026-04-28 13:00:00,785.55,787.35,785.45,786.6,708723,787.2537,788.3495,788.6389,-1,-0.7661,-0.1656,-0.6005,-1,19.0636,17.2025,25.2431,42.911,0,14.6739,12.5679,-0.5437,793.9063,784.6787,789.2925,0.0117,0.2082,2.0389,789.4097,-1,-53219793,980151.35,0,0.5526,1,-3.6029,1.1639,1
2026-04-28 13:15:00,786.6,787.25,786.5,786.7,649136,787.143,788.1996,788.5629,-1,-0.7884,-0.2901,-0.4983,-1,19.055,16.7291,24.5485,43.341,0,15.7609,11.0507,-0.4996,793.7968,784.3932,789.095,0.0119,0.2453,1.9468,789.2774,-1,-52570657,970063.25,0,0.1333,1,-3.5907,1.1768,0
2026-04-28 13:30:00,786.7,787.15,784.5,786.55,2461353,787.0244,788.0496,788.484,-1,-0.8089,-0.3939,-0.415,-1,19.9774,15.1435,29.3751,42.82,0,21.8085,17.4144,-0.4367,793.726,784.114,788.92,0.0122,0.2534,1.997,788.8802,-1,-55032010,1057210.15,1,0.0566,-1,-3.6091,1.1575,0
2026-04-28 13:45:00,786.55,786.55,784.55,785.2,1597070,786.6595,787.7906,788.3552,-1,-0.9234,-0.4998,-0.4236,-1,20.8338,14.0603,27.274,38.3518,0,8.4848,15.3514,-0.2604,793.72,783.64,788.68,0.0128,0.1548,1.9973,788.5618,-1,-56629080,1067941.05,0,0.675,-1,-3.7745,0.9839,0
2026-04-28 14:00:00,785.2,785.35,783.5,783.75,1365372,786.0776,787.4232,788.1746,-1,-1.1183,-0.6235,-0.4948,-1,22.0622,13.1251,29.235,34.2213,1,2.9412,11.0782,-0.5646,793.801,782.934,788.3675,0.0138,0.0751,1.9867,788.1945,-1,-57994452,1064685.7,0,0.7838,-1,-3.9522,0.7974,1
2026-04-28 14:15:00,783.85,785.7,783.6,785.1,1439313,785.8821,787.212,788.054,-1,-1.1505,-0.7289,-0.4216,-1,22.8972,13.3914,27.0367,40.6322,0,21.7687,11.0649,-0.2794,793.68,782.565,788.1225,0.0141,0.2281,1.9948,787.9689,-1,-56555139,1098043.8,0,0.5952,1,-3.7868,0.971,1
2026-04-28 14:30:00,784.9,786.35,784.9,786.2,1202534,785.9457,787.12,787.9813,-1,-1.0749,-0.7981,-0.2768,-1,23.1148,15.0561,25.605,45.3094,0,41.5385,22.0828,-0.0953,793.2667,782.4583,787.8625,0.0137,0.3462,1.9559,787.7338,-1,-55352605,1108037.85,0,0.8966,1,-3.652,1.1125,0
2026-04-28 14:45:00,786.1,786.35,785.0,785.25,1058186,785.8065,786.95,787.8742,-1,-1.0792,-0.8543,-0.2249,-1,23.3168,14.297,24.3141,42.2161,0,33.0189,32.1087,-0.0255,792.6223,782.3977,787.51,0.013,0.279,1.9126,787.3835,-1,-56410791,1096921.85,0,0.6296,-1,-3.7684,0.9903,0
2026-04-28 15:00:00,785.25,786.3,781.5,781.7,5675887,784.9852,786.4728,787.6321,-1,-1.3535,-0.9542,-0.3993,-1,24.9177,11.9836,32.1785,33.1172,1,2.7972,25.7848,-0.6482,791.9136,781.9464,786.93,0.0127,-0.0247,2.1189,786.2253,-1,-62086678,1324225.0,1,0.7396,-1,-4.2034,0.5337,1
2026-04-28 15:15:00,781.75,782.9,778.35,782.35,3366423,784.4582,786.098,787.4249,-1,-1.5011,-1.0636,-0.4375,-1,27.2016,10.2847,37.4312,35.8438,0,40.404,25.4067,-0.401,791.0756,781.7644,786.42,0.0118,0.0629,2.2925,785.4663,-1,-58720255,1454377.8,1,0.1319,1,-4.1238,0.6173,1
2026-04-29 09:15:00,785.45,785.45,781.25,783.0,594775,784.1665,785.8163,787.2514,-1,-1.5478,-1.1604,-0.3874,-1,27.6183,16.5137,32.8078,38.5419,0,46.9697,30.057,-0.4577,790.4268,781.6232,786.025,0.0112,0.1564,2.4288,785.1828,-1,-58125480,1427859.5,0,0.5833,-1,-4.0441,0.7009,1
2026-04-29 09:30:00,783.0,784.0,780.25,783.9,999881,784.1132,785.6421,787.12,-1,-1.4949,-1.2273,-0.2676,-1,28.2939,14.7606,32.1558,42.1686,0,61.6667,49.6801,-0.3559,789.6302,781.7448,785.6875,0.01,0.2733,2.5231,784.912,-1,-57125599,1432244.75,0,0.24,1,-3.9338,0.8167,1
2026-04-29 09:45:00,783.9,785.75,783.9,785.2,806424,784.3306,785.6019,787.0447,-1,-1.3328,-1.2484,-0.0844,-1,27.9216,19.023,30.439,47.0308,0,76.1111,61.5825,-0.1716,788.8596,782.0354,785.4475,0.0087,0.4637,2.4751,784.7621,1,-56319175,1430394.15,0,0.7027,1,-3.7745,0.9839,1
2026-04-29 10:00:00,785.1,787.5,784.95,786.55,833958,784.7745,785.6881,787.0253,-1,-1.0828,-1.2153,0.1324,1,26.7048,22.6655,28.2038,51.5832,0,89.6175,75.7984,0.1719,788.7637,782.0613,785.4125,0.0085,0.6697,2.4804,784.6703,1,-55485217,1413608.85,0,0.5686,1,-3.6091,1.1575,0
2026-04-29 10:15:00,786.55,787.0,784.75,786.05,806344,785.0296,785.721,786.987,-1,-0.9146,-1.1551,0.2406,1,25.6517,21.1871,26.944,49.8736,0,84.153,83.2939,0.2935,788.4214,782.1886,785.305,0.0079,0.6195,2.464,784.5798,1,-56291561,1400822.5,0,0.2222,-1,-3.6703,1.0932,0
2026-04-29 10:30:00,786.15,786.55,784.9,785.3,1059899,785.0837,785.6827,786.9209,-1,-0.8322,-1.0906,0.2584,1,24.6737,20.1492,25.624,47.339,0,75.9563,83.2423,0.0255,788.1842,782.2258,785.205,0.0076,0.5159,2.4058,784.5113,1,-57351460,1406404.7,0,0.5152,-1,-3.7623,0.9967,1
2026-04-29 10:45:00,785.15,787.0,785.0,786.8,656332,785.4269,785.7843,786.9161,-1,-0.6384,-1.0001,0.3617,1,23.522,20.2905,24.0839,52.5344,0,92.3497,84.153,0.0763,788.1598,782.2352,785.1975,0.0075,0.7705,2.3768,784.4805,1,-56695128,1391871.9,0,0.825,1,-3.5784,1.1896,1
2026-04-29 11:00:00,786.7,788.25,786.0,787.4,930515,785.8215,785.9312,786.9351,-1,-0.4315,-0.8864,0.4549,1,21.879,22.6842,22.4492,54.4694,0,91.4141,86.5734,0.2738,788.4087,782.1813,785.295,0.0079,0.838,2.3678,784.5161,1,-55764613,1396554.55,0,0.3111,1,-3.5049,1.2668,0
2026-04-29 11:15:00,787.45,789.25,786.6,786.9,1254085,786.0372,786.0193,786.9337,1,-0.3044,-0.77,0.4656,1,20.8305,23.8773,20.6697,52.547,0,78.4404,87.4014,0.6652,788.4236,782.1764,785.3,0.008,0.7561,2.3879,784.595,1,-57018698,1413494.3,0,0.2075,-1,-3.5662,1.2025,0
2026-04-29 11:30:00,786.9,787.95,785.2,785.2,497058,785.8698,785.9448,786.8657,-1,-0.3369,-0.6834,0.3465,1,19.5322,21.9342,23.1305,46.5335,0,62.844,77.5662,0.3643,788.4075,782.1625,785.285,0.008,0.4864,2.4138,784.5817,1,-57515756,1398163.4,0,0.6182,-1,-3.7745,0.9839,0
2026-04-29 11:45:00,785.25,785.65,784.5,785.0,592994,785.6958,785.8589,786.7926,-1,-0.3745,-0.6216,0.2471,1,18.6547,21.1588,24.4647,45.8684,0,61.0092,67.4312,0.2554,788.2701,782.1399,785.205,0.0078,0.4666,2.3235,784.5437,1,-58108750,1392376.95,0,0.2174,-1,-3.799,0.9581,0
2026-04-29 12:00:00,785.05,786.5,784.6,784.95,975166,785.5467,785.7763,786.7203,-1,-0.4037,-0.578,0.1743,1,17.3947,22.5541,23.0169,45.6926,0,60.5505,61.4679,0.1339,788.1059,782.1291,785.1175,0.0076,0.472,2.2933,784.5192,1,-59083916,1408678.45,0,0.0526,-1,-3.8051,0.9517,1
2026-04-29 12:15:00,784.95,786.2,784.65,786.05,513761,785.6473,785.8012,786.694,-1,-0.3342,-0.5293,0.1951,1,16.2248,21.4394,21.8794,50.2139,0,70.6422,64.0673,0.1083,788.0406,782.1444,785.0925,0.0075,0.6624,2.2402,784.3958,1,-58570155,1311298.85,0,0.7097,1,-3.6703,1.0932,1
2026-04-29 12:30:00,786.05,787.15,785.8,786.55,460038,785.8279,785.8692,786.6884,-1,-0.2361,-0.4706,0.2346,1,15.4986,23.6072,20.9101,52.1635,0,70.0,67.0642,0.0,788.1759,782.1441,785.16,0.0077,0.7304,2.1766,784.3683,1,-58110117,1254447.25,0,0.3704,1,-3.6091,1.1575,0
2026-04-29 12:45:00,786.45,786.6,785.05,785.5,448904,785.7623,785.8357,786.6418,-1,-0.2403,-0.4246,0.1843,1,14.3986,22.3812,22.337,47.9198,0,58.3333,66.3252,-0.07,788.1955,782.2995,785.2475,0.0075,0.5428,2.1318,784.4029,1,-58559021,1208623.85,0,0.6129,-1,-3.7377,1.0224,1
2026-04-29 13:00:00,785.5,786.85,785.4,786.3,948308,785.8698,785.8779,786.6284,-1,-0.177,-0.375,0.1981,1,13.5183,22.1256,21.2265,51.1787,0,44.8598,57.731,0.1273,788.2897,782.3253,785.3075,0.0076,0.6664,2.0831,784.45,1,-57610713,1184073.6,0,0.5517,1,-3.6397,1.1253,0
2026-04-29 13:15:00,786.4,786.8,785.0,785.05,611793,785.7059,785.8026,786.5665,-1,-0.2251,-0.3451,0.12,1,12.6448,20.7467,21.2885,46.3033,0,11.5789,38.2574,-0.2224,788.2053,782.2947,785.25,0.0075,0.4662,2.0629,784.4098,1,-58222506,1154536.55,0,0.75,-1,-3.7929,0.9646,1
2026-04-29 13:30:00,785.05,786.3,785.05,786.05,998439,785.7747,785.8251,786.5462,-1,-0.1805,-0.3121,0.1317,1,11.8337,19.8227,20.3404,50.376,0,32.6316,29.6901,-0.1715,788.2658,782.3142,785.29,0.0076,0.6277,2.0048,784.4184,1,-57224067,1151549.2,0,0.8,1,-3.6703,1.0932,1
2026-04-29 13:45:00,786.05,787.65,786.0,786.95,1357504,786.0098,785.9274,786.5621,1,-0.0716,-0.264,0.1924,1,11.7228,23.5138,19.1294,53.7743,0,51.5789,31.9298,0.0064,788.1125,782.9925,785.5525,0.0065,0.773,1.9795,784.9757,1,-55866563,935630.05,0,0.5455,1,-3.56,1.2089,0
2026-04-29 14:00:00,786.95,787.0,783.2,783.95,1081071,785.5978,785.7476,786.4596,-1,-0.2249,-0.2562,0.0313,1,11.7524,20.4884,26.1488,43.1636,0,12.3967,32.2024,-0.1592,787.8664,783.3986,785.6325,0.0057,0.1234,2.1095,785.7324,-1,-56947634,821362.45,0,0.7895,-1,-3.9277,0.8231,0
2026-04-29 14:15:00,783.9,784.35,782.0,782.0,898903,784.8782,785.4069,786.2847,-1,-0.4979,-0.3046,-0.1934,-1,12.3182,18.8713,28.1153,37.9253,0,0.0,21.3252,-0.3822,788.0792,783.0858,785.5825,0.0064,-0.2175,2.1267,785.6628,-1,-57846537,836568.85,0,0.8085,-1,-4.1667,0.5723,1
2026-04-29 14:30:00,782.05,783.35,781.5,783.3,941613,784.5626,785.2154,786.1677,-1,-0.6025,-0.3641,-0.2383,-1,13.0563,17.6877,28.0471,42.9004,0,23.2258,11.8742,-0.2102,788.142,782.963,785.5525,0.0066,0.0651,2.1069,785.6731,-1,-56904924,833655.45,0,0.6757,1,-4.0074,0.7395,0
2026-04-29 14:45:00,783.4,783.55,780.55,780.55,931297,783.7601,784.7913,785.9474,-1,-0.8969,-0.4707,-0.4262,-1,14.1311,15.9417,28.4044,36.2768,0,0.0,7.7419,-0.6997,788.7067,781.9333,785.32,0.0086,-0.2042,2.1707,785.4792,-1,-57836221,839899.1,0,0.95,-1,-4.3444,0.3858,0
2026-04-29 15:00:00,780.6,781.2,778.1,778.1,2824169,782.6281,784.183,785.6397,-1,-1.3128,-0.6391,-0.6737,-1,15.9699,14.3638,33.4155,31.5964,1,0.0,7.7419,-1.0743,789.4668,780.3282,784.8975,0.0116,-0.2438,2.2371,784.4874,-1,-60660390,939409.65,1,0.8065,-1,-4.6446,0.0707,1
2026-04-29 15:15:00,778.05,778.75,777.5,778.4,2284424,781.7824,783.6572,785.3557,-1,-1.5998,-0.8312,-0.7685,-1,17.8551,13.7718,34.0165,32.7407,1,8.867,2.9557,-0.9039,789.8508,779.1792,784.515,0.0136,-0.073,2.1666,783.7231,-1,-58375966,1013313.65,1,0.28,1,-4.6078,0.1093,0
2026-04-30 09:15:00,770.05,772.25,763.1,763.5,1856613,778.126,781.8248,784.4987,-1,-2.9949,-1.264,-1.731,-1,21.7336,8.9241,55.1721,17.2794,1,1.6293,3.4988,-2.8997,794.0043,772.8457,783.425,0.027,-0.4417,3.1047,782.0922,-1,-60232579,1053149.35,1,0.7158,-1,-6.4338,0.0,1
2026-04-30 09:30:00,763.45,767.6,763.45,767.3,1560339,775.9608,780.5043,783.8242,-1,-3.7508,-1.7613,-1.9894,-1,25.3351,8.0921,50.0282,26.7765,1,17.1079,9.2014,-2.261,795.0136,769.8864,782.45,0.0321,-0.1029,3.1794,780.8327,-1,-58672240,1098349.7,0,0.9277,1,-5.9681,0.4977,0
2026-04-30 09:45:00,767.3,769.5,766.25,767.0,1959745,774.1686,779.2767,783.1644,-1,-4.3241,-2.2739,-2.0502,-1,27.778,11.764,46.3811,26.5176,1,15.8859,11.5411,-2.4235,795.4486,767.4114,781.43,0.0359,-0.0147,3.1844,779.4453,-1,-60631985,1149811.2,1,0.0923,-1,-6.0049,0.4584,0
2026-04-30 10:00:00,766.95,767.55,764.85,764.9,2350805,772.3149,777.9697,782.4482,-1,-4.8916,-2.7974,-2.0942,-1,30.2053,11.0437,46.7161,24.7165,1,7.332,13.442,-2.802,795.8331,764.8269,780.33,0.0397,0.0024,3.1498,777.687,-1,-62982790,1204647.2,1,0.7593,-1,-6.2623,0.1834,0
2026-04-30 10:15:00,764.95,765.45,762.65,763.55,1435292,770.5619,776.6588,781.7071,-1,-5.3881,-3.3156,-2.0726,-1,32.6916,10.3369,48.7549,23.6064,1,3.6,8.9393,-2.6022,796.1953,762.2997,779.2475,0.0435,0.0369,3.1248,776.7281,-1,-64418082,1251558.9,0,0.5,-1,-6.4277,0.0065,1
2026-04-30 10:30:00,763.45,767.75,762.55,767.45,1859832,769.9395,775.8216,781.148,-1,-5.4047,-3.7334,-1.6713,-1,33.9698,14.1832,43.2222,32.9719,1,19.5219,10.1513,-1.8606,795.8448,760.8952,778.37,0.0449,0.1875,3.2731,775.7759,-1,-62558250,1314900.8,0,0.7692,1,-5.9498,0.5174,0
2026-04-30 10:45:00,767.4,767.5,765.2,765.9,939294,769.1316,774.9197,780.55,-1,-5.4796,-4.0826,-1.397,-1,35.1566,13.4558,41.0057,31.3281,1,13.3466,12.1562,-2.2214,795.4225,759.4125,777.4175,0.0463,0.1802,3.2035,775.0779,-1,-63497544,1313107.2,0,0.6522,-1,-6.1397,0.3143,0
2026-04-30 11:00:00,765.9,767.6,765.65,765.65,1455623,768.4353,774.077,779.9657,-1,-5.4959,-4.3653,-1.1306,-1,36.2115,13.0834,39.1715,31.0591,1,12.6789,15.1825,-1.9089,794.6405,758.1545,776.3975,0.047,0.2054,3.114,774.4089,-1,-64953167,1360200.3,0,0.1282,-1,-6.1703,0.2816,0
2026-04-30 11:15:00,765.9,766.55,765.0,765.2,846003,767.7882,773.27,779.3866,-1,-5.4819,-4.5886,-0.8933,-1,37.2977,12.6009,39.2735,30.5507,1,12.156,12.7272,-1.6579,793.5704,757.0896,775.33,0.0471,0.2223,3.0023,773.9366,-1,-65799170,1379498.55,0,0.4516,-1,-6.2255,0.2227,1
2026-04-30 11:30:00,765.2,767.35,765.05,767.15,817456,767.6606,772.7136,778.9068,-1,-5.2529,-4.7215,-0.5314,-1,37.8951,13.8353,37.0879,35.4797,0,21.9048,15.5799,-1.4453,792.358,756.467,774.4125,0.0463,0.2977,2.9521,773.5305,-1,-64981714,1397926.15,0,0.8478,1,-5.9865,0.4781,0
2026-04-30 11:45:00,766.9,768.95,766.85,767.0,1286124,767.5285,772.1942,778.4398,-1,-5.0256,-4.7823,-0.2433,-1,37.6625,17.0703,35.1638,35.2723,0,21.1905,18.4171,0.4584,790.7981,756.0969,773.4475,0.0449,0.3142,2.8913,772.8369,-1,-66267838,1414816.95,0,0.0476,1,-6.0049,0.4584,1
2026-04-30 12:00:00,767.15,770.95,766.2,770.4,2292081,768.1028,772.0311,778.1246,-1,-4.519,-4.7296,0.2106,1,36.5575,19.8791,31.2185,43.3543,0,42.0912,28.3955,0.404,789.2628,756.1672,772.715,0.0428,0.4301,3.024,772.2968,-1,-63975757,1498831.35,1,0.6842,1,-5.5882,0.9037,1
2026-04-30 12:15:00,770.75,772.15,769.4,770.9,1476962,768.6622,771.9283,777.8412,-1,-4.0307,-4.5899,0.5591,1,35.0393,21.4324,29.1775,44.4528,0,51.5432,38.2749,0.5085,787.3403,756.5747,771.9575,0.0399,0.4656,3.0045,771.7823,-1,-62498795,1522757.5,0,0.0545,1,-5.527,0.9692,0
2026-04-30 12:30:00,770.95,771.45,770.0,770.5,1016865,769.0298,771.7984,777.5534,-1,-3.6341,-4.3987,0.7646,1,33.6296,20.6652,28.133,43.7223,0,81.9588,58.531,0.7321,784.8971,757.3729,771.135,0.0357,0.4769,2.8934,771.0641,-1,-63515660,1505725.55,0,0.3103,-1,-5.576,0.9168,1
2026-04-30 12:45:00,770.4,773.55,770.2,772.8,961151,769.7838,771.8895,777.3669,-1,-3.0985,-4.1387,1.0401,1,31.4751,24.1016,25.8324,48.9198,0,93.1818,75.5613,1.2114,783.0619,758.0931,770.5775,0.0324,0.589,2.926,770.6079,1,-62554509,1499729.55,0,0.7164,1,-5.2941,1.2181,1
2026-04-30 13:00:00,772.65,774.5,772.0,774.05,1210729,770.6371,772.0859,777.2369,-1,-2.5439,-3.8197,1.2758,1,29.3313,24.9587,24.2393,51.5392,0,96.2343,90.4583,0.86,781.6493,758.7107,770.18,0.0298,0.6687,2.8956,770.363,1,-61343780,1515320.85,0,0.56,1,-5.1409,1.3818,1
2026-04-30 13:15:00,773.9,776.45,773.5,775.2,1914468,771.5496,772.369,777.157,-1,-1.9886,-3.4535,1.4649,1,28.0112,27.9487,22.4778,53.8823,0,91.0072,93.4744,1.2143,779.8498,759.7002,769.775,0.0262,0.7692,2.8995,770.2779,1,-59429312,1563963.6,0,0.4407,1,-5.0,1.5324,1
2026-04-30 13:30:00,775.05,777.5,774.0,777.45,1629080,772.7297,772.8309,777.1685,-1,-1.3514,-3.0331,1.6817,1,27.1187,28.123,20.5679,58.1463,0,99.6656,95.6357,1.5412,779.1051,760.1349,769.62,0.0246,0.9128,2.9424,770.2573,1,-57800232,1598852.75,0,0.6857,1,-4.7243,1.8271,0
2026-04-30 13:45:00,777.4,778.75,775.0,776.7,1846459,773.5238,773.1826,777.1501,1,-0.8966,-2.6058,1.7092,1,26.6695,28.5882,18.7316,56.2784,0,87.3457,92.6728,1.5029,778.8015,760.2985,769.55,0.024,0.8864,3.0001,769.8394,1,-59646691,1549967.25,0,0.1867,-1,-4.8162,1.7289,0
2026-04-30 14:00:00,776.7,777.2,775.2,776.4,933751,774.099,773.4751,777.1207,1,-0.554,-2.1954,1.6414,1,26.2524,27.1937,17.8178,55.5102,0,82.9091,89.9734,1.2058,778.3534,760.5466,769.45,0.0231,0.8903,2.9286,769.3963,1,-60580442,1482433.6,0,0.15,-1,-4.8529,1.6896,0
2026-04-30 14:15:00,776.45,776.65,774.2,774.9,1484996,774.2592,773.6047,777.0336,1,-0.3989,-1.8361,1.4372,1,25.3892,25.5495,19.2083,51.7098,0,72.0,80.7516,1.03,778.7854,761.2546,770.02,0.0228,0.7784,2.8944,769.8906,1,-62065438,1463852.75,0,0.6327,-1,-5.0368,1.4931,1
2026-04-30 14:30:00,774.7,777.5,774.5,776.35,1330770,774.6774,773.8542,777.0068,1,-0.1571,-1.5003,1.3432,1,24.8822,25.7551,17.79,54.9226,0,82.5455,79.1515,0.7723,779.558,761.387,770.4725,0.0236,0.8235,2.902,770.3786,1,-60734668,1452374.3,0,0.55,1,-4.4845,1.683,0
2026-04-30 14:45:00,776.25,776.7,772.9,774.05,1593339,774.5519,773.872,776.8908,1,-0.1494,-1.2301,1.0807,1,23.6616,23.3983,20.0151,49.3177,0,65.6934,73.413,0.4086,779.8913,761.7587,770.825,0.0235,0.6779,2.9661,770.8013,1,-62328007,1434054.0,0,0.5789,-1,-4.7675,1.3818,0
2026-04-30 15:00:00,774.2,774.85,769.55,771.55,7343124,773.9515,773.6609,776.6814,1,-0.3411,-1.0523,0.7112,1,22.6987,20.5708,25.2344,44.055,0,42.6295,63.6228,0.1363,779.8085,762.5065,771.1575,0.0224,0.5227,3.1328,771.4106,1,-69671131,1683669.95,1,0.5,-1,-5.075,1.0544,1
2026-04-30 15:15:00,771.55,774.8,770.35,774.5,3691987,774.0612,773.7372,776.5959,1,-0.2521,-0.8923,0.6402,1,21.8046,18.5446,22.7488,50.7355,0,66.1355,58.1528,0.22,779.7237,763.6863,771.705,0.0208,0.6743,3.2269,771.8968,1,-65979144,1796504.7,1,0.6629,1,-4.7121,1.4407,1
2026-05-04 09:15:00,779.1,784.05,778.2,782.7,756581,775.789,774.552,776.8352,1,0.4746,-0.6189,1.0935,1,22.2595,33.0669,18.5303,63.7082,0,90.785,66.5166,1.1175,781.5522,763.3828,772.4675,0.0235,1.0632,3.6786,772.4281,1,-65222563,1741342.15,0,0.6154,1,-3.7032,2.5147,1
2026-05-04 09:30:00,782.9,786.2,781.55,785.85,1903801,777.8012,775.5791,777.1888,1,1.2899,-0.2371,1.527,1,23.0931,34.234,16.8882,67.2733,-1,97.8979,84.9394,1.3738,783.7481,763.1819,773.465,0.0266,1.1022,3.748,773.2354,1,-63318762,1789567.5,0,0.6344,1,-3.3157,2.9273,0
2026-05-04 09:45:00,785.85,786.0,782.75,783.6,748056,778.9609,776.3083,777.4402,1,1.7345,0.1572,1.5773,1,23.8672,32.0933,15.8321,62.5469,0,84.3844,91.0224,0.791,784.891,763.834,774.3625,0.0272,0.9387,3.7124,773.7552,1,-64066818,1754189.15,0,0.6923,-1,-3.5925,2.6326,0
2026-05-04 10:00:00,783.75,784.45,779.45,779.5,894894,779.0688,776.5984,777.521,1,1.7359,0.4729,1.263,1,23.3915,29.0804,20.5417,54.9683,0,59.7598,80.6807,0.3605,784.9412,765.2138,775.0775,0.0255,0.7242,3.8044,774.1399,1,-64961712,1756633.7,0,0.85,-1,-4.0969,2.0956,1
2026-05-04 10:15:00,779.5,782.0,778.5,781.9,800331,779.635,777.0804,777.6927,1,1.9087,0.7601,1.1487,1,22.6378,27.1585,20.978,58.1639,0,74.1742,72.7728,0.7084,785.3993,766.2307,775.815,0.0247,0.8174,3.7826,774.4691,1,-64161381,1755777.45,0,0.6857,1,-3.8017,2.41,1
2026-05-04 10:30:00,782.0,784.3,780.05,783.25,1054702,780.358,777.6413,777.9106,1,2.1301,1.0341,1.096,1,22.4892,29.3031,19.3092,59.8881,0,82.2823,72.0721,1.0776,785.8325,767.4225,776.6275,0.0237,0.8597,3.816,774.9662,1,-63106679,1744206.35,0,0.2941,1,-3.6356,2.5868,0
2026-05-04 10:45:00,783.05,784.4,781.8,781.95,600480,780.6764,778.033,778.069,1,2.1755,1.2624,0.9131,1,22.3748,28.0353,18.3476,57.4334,0,74.4745,76.977,0.7213,786.2221,768.1879,777.205,0.0232,0.7631,3.7291,775.5058,1,-63707159,1659626.3,0,0.4231,-1,-3.7955,2.4165,1
2026-05-04 11:00:00,781.9,785.25,781.65,785.2,936786,781.5811,778.6845,778.3487,1,2.4456,1.499,0.9466,1,22.4743,27.7295,17.0793,61.664,0,93.994,83.5836,1.4405,787.0904,768.7496,777.92,0.0236,0.8969,3.7199,775.9625,1,-62770373,1632617.5,0,0.9167,1,-3.3957,2.8422,0
2026-05-04 11:15:00,785.25,785.5,782.7,784.5,1170083,782.1649,779.2132,778.5899,1,2.5735,1.7139,0.8596,1,22.6288,26.7005,16.1445,60.2745,0,89.7898,86.0861,1.6784,787.5522,769.6878,778.62,0.0229,0.8291,3.6542,776.4222,1,-63940456,1640278.4,0,0.2679,-1,-3.4818,2.7505,0
2026-05-04 11:30:00,784.4,785.1,783.8,784.0,652465,782.5319,779.6484,778.8021,1,2.6044,1.892,0.7124,1,22.7723,25.9893,15.7145,59.2475,0,86.7868,90.1902,1.2266,787.9859,770.3741,779.18,0.0226,0.7737,3.4861,776.7057,1,-64592921,1624844.1,0,0.3077,-1,-3.5433,2.685,0
2026-05-04 11:45:00,784.0,784.85,781.75,783.3,503285,782.6855,779.9803,778.9784,1,2.5432,2.0222,0.5209,1,22.0344,24.3253,18.9422,57.7636,0,82.5826,86.3864,0.0767,788.2924,770.9926,779.6425,0.0222,0.7114,3.4585,776.9316,1,-65096206,1589471.9,0,0.2258,-1,-3.6294,2.5933,0
2026-05-04 12:00:00,783.45,784.3,778.85,778.9,1321094,781.9284,779.8821,778.9754,1,2.1152,2.0408,0.0744,1,20.6138,21.6955,22.6471,49.3901,0,56.1562,75.1752,-0.8844,788.2445,771.4105,779.8275,0.0216,0.4449,3.6007,777.2059,1,-66417300,1559803.2,0,0.8349,-1,-4.1708,2.017,1
2026-05-04 12:15:00,779.0,780.5,778.1,779.9,1123497,781.5227,779.8837,779.0116,1,1.8356,1.9998,-0.1642,-1,19.5384,20.6373,23.0667,51.1242,0,60.2524,66.3304,-0.4722,788.2961,771.6039,779.95,0.0214,0.497,3.515,777.3371,1,-65293803,1534524.05,0,0.375,1,-4.0477,2.148,0
2026-05-04 12:30:00,779.9,780.0,778.05,778.3,1033868,780.8782,779.7398,778.9837,1,1.4679,1.8934,-0.4255,-1,18.5567,19.7927,22.2276,48.2741,0,3.0675,39.8253,-0.1539,788.2801,771.7799,780.03,0.0212,0.3952,3.4032,777.4193,1,-66327671,1493894.5,0,0.8205,-1,-4.2446,1.9384,0
2026-05-04 12:45:00,778.2,779.0,776.55,776.85,1128660,780.0726,779.4771,778.9,1,1.0475,1.7242,-0.6767,-1,18.1476,18.7541,24.2738,45.7831,0,3.1088,22.1429,-0.6459,788.2652,771.8398,780.0525,0.0211,0.305,3.3351,777.4569,-1,-67456331,1503639.95,0,0.551,-1,-4.423,1.7485,0
2026-05-04 13:00:00,776.85,777.2,776.05,776.15,734077,779.288,779.1746,778.7922,1,0.6503,1.5095,-0.8591,-1,17.9301,18.2695,24.7701,44.587,0,1.005,2.3938,-0.9065,788.1877,772.0423,780.115,0.0207,0.2544,3.179,777.5439,-1,-68190408,1466094.0,0,0.6087,-1,-4.5091,1.6568,0
2026-05-04 13:15:00,776.05,776.45,773.5,773.75,830209,778.1804,778.6815,778.5945,-1,0.1403,1.2356,-1.0953,-1,18.4886,17.0523,28.8789,40.6643,0,2.0833,2.0657,-1.0487,788.3736,771.5964,779.985,0.0215,0.1284,3.1627,777.524,-1,-69020617,1441065.95,0,0.7797,-1,-4.8044,1.3425,1
2026-05-04 13:30:00,773.6,776.3,772.6,775.65,820744,777.6743,778.4059,778.479,-1,-0.1094,0.9666,-1.076,-1,19.2484,15.6444,28.5029,44.8044,0,23.6434,8.9106,-1.2163,788.2538,771.8762,780.065,0.021,0.2304,3.201,777.6147,-1,-68199873,1402436.2,0,0.5541,1,-4.5706,1.5914,0
2026-05-04 13:45:00,775.65,776.9,773.55,774.75,721278,777.0895,778.0735,778.3328,-1,-0.3755,0.6982,-1.0737,-1,19.6623,15.8133,26.3793,43.2644,0,16.6667,14.1311,-1.2428,787.8476,772.6024,780.225,0.0195,0.1409,3.2117,779.4588,-1,-68921151,1071343.9,0,0.2687,-1,-4.6813,1.4735,1
2026-05-04 14:00:00,774.9,776.75,774.0,776.45,611480,776.9616,777.9259,778.2589,-1,-0.4441,0.4697,-0.9139,-1,20.0465,14.8361,24.7492,46.9719,0,29.845,23.385,-0.963,787.6955,772.9495,780.3225,0.0189,0.2374,3.1787,780.5908,-1,-68309671,917318.55,0,0.5636,1,-4.4722,1.6961,1
2026-05-04 14:15:00,776.7,777.8,776.25,777.25,641257,777.0193,777.8645,778.2194,-1,-0.429,0.29,-0.719,-1,19.8647,16.7488,23.8544,48.6717,0,36.0465,27.5194,-0.7724,787.4541,772.6459,780.05,0.019,0.3109,3.0624,780.4241,-1,-67668414,911552.35,0,0.3548,1,-4.3738,1.8009,0
2026-05-04 14:30:00,777.1,777.45,774.4,774.6,1288419,776.5354,777.5677,778.0774,-1,-0.6237,0.1073,-0.7309,-1,20.3009,15.5569,26.4732,43.6772,0,15.5039,27.1318,-0.5521,786.7516,772.2234,779.4875,0.0186,0.1636,3.0615,779.6186,-1,-68956833,880783.25,0,0.8197,-1,-4.6998,1.4538,0
2026-05-04 14:45:00,774.65,775.4,773.75,774.0,941825,776.0283,777.2434,777.9175,-1,-0.8169,-0.0776,-0.7394,-1,20.9038,14.9377,26.9875,42.611,0,11.2,20.9168,-0.7565,786.389,771.626,779.0075,0.019,0.1608,2.9607,779.1528,-1,-69898658,890471.7,0,0.3939,-1,-4.7736,1.3752,1
2026-05-04 15:00:00,774.1,779.15,773.15,779.1,2028326,776.6427,777.4122,777.9639,-1,-0.5522,-0.1725,-0.3797,-1,19.7296,21.3522,23.3478,53.0924,0,53.0612,26.5884,0.1028,786.3657,771.6093,778.9875,0.0189,0.5076,3.1778,778.843,1,-67870332,947143.3,1,0.8333,1,-4.1462,2.0432,1
2026-05-04 15:15:00,779.15,782.3,779.0,779.5,3514154,777.2141,777.602,778.0241,-1,-0.3066,-0.1993,-0.1073,-1,19.0888,26.8338,21.6207,53.8051,0,58.9744,41.0785,0.3411,786.1295,771.6055,778.8675,0.0186,0.5435,3.1865,779.0017,1,-64356178,1082834.45,1,0.1061,1,-4.0969,2.0956,0
2026-05-05 09:15:00,774.5,774.5,769.45,771.8,1166740,776.1313,777.0745,777.7801,-1,-0.7249,-0.3044,-0.4205,-1,19.5074,21.5947,35.9524,40.9182,0,18.2879,43.4412,-0.5605,785.8827,770.7073,778.295,0.0195,0.072,3.6767,778.4509,-1,-65522918,1088436.35,0,0.5347,-1,-5.0443,1.0871,0
2026-05-05 09:30:00,771.75,773.2,770.55,770.8,1025667,775.065,776.5041,777.5063,-1,-1.1242,-0.4684,-0.6558,-1,19.8961,20.4603,34.0638,39.5919,0,10.5058,29.256,-0.3813,785.7932,769.6818,777.7375,0.0207,0.0694,3.6034,778.015,-1,-66548585,1109695.7,0,0.3585,-1,-5.1673,0.9561,1
2026-05-05 09:45:00,770.8,773.3,770.5,772.85,1096760,774.622,776.1719,777.3237,-1,-1.2606,-0.6268,-0.6338,-1,20.2223,19.5078,32.1426,43.6258,0,26.4591,18.4176,-0.361,784.6704,769.5696,777.12,0.0194,0.2172,3.546,777.4783,-1,-65451825,1117694.4,0,0.7321,1,-4.9151,1.2246,0
2026-05-05 10:00:00,772.8,773.0,771.1,771.95,1101011,774.0876,775.7881,777.113,-1,-1.425,-0.7865,-0.6385,-1,20.5251,18.7355,30.8702,42.2906,0,19.4553,18.8067,-0.3614,783.5555,769.4295,776.4925,0.0182,0.1784,3.4284,776.8538,-1,-66552836,1114240.8,0,0.4474,-1,-5.0258,1.1067,0
2026-05-05 10:15:00,771.95,771.95,770.15,770.4,915345,773.3501,775.2983,776.8497,-1,-1.6612,-0.9614,-0.6997,-1,21.0286,18.0083,31.7206,40.019,0,7.393,17.7691,-0.7792,782.4599,769.1651,775.8125,0.0171,0.0929,3.3121,776.3939,-1,-67468181,1127384.8,0,0.8611,-1,-5.2165,0.9037,0
2026-05-05 10:30:00,770.45,771.15,769.5,770.3,1167973,772.7401,774.8439,776.5929,-1,-1.8352,-1.1362,-0.6991,-1,21.6486,17.3436,32.0038,39.8702,0,6.6148,11.1543,-0.8942,781.275,769.05,775.1625,0.0158,0.1023,3.1934,775.9384,-1,-68636154,1160619.2,0,0.0909,-1,-5.2288,0.8906,0
2026-05-05 10:45:00,770.4,771.2,766.5,766.85,1173892,771.5621,774.1172,776.2108,-1,-2.2259,-1.3541,-0.8718,-1,22.8656,15.5798,35.2405,35.0308,0,2.2152,5.4077,-1.0005,781.411,767.709,774.56,0.0177,-0.0627,3.301,775.2719,-1,-69810046,1153259.1,0,0.7553,-1,-5.6533,0.4388,0
2026-05-05 11:00:00,766.95,768.75,766.2,766.85,846951,770.6197,773.4565,775.8437,-1,-2.5066,-1.5846,-0.922,-1,24.0551,14.7059,33.9238,35.0308,0,4.0373,4.2891,-0.9238,781.0782,766.7368,773.9075,0.0185,0.0079,3.2474,774.7659,-1,-68963095,1139431.8,0,0.0392,-1,-5.6533,0.4388,0
2026-05-05 11:15:00,766.65,767.95,765.6,766.4,720416,769.7757,772.815,775.4734,-1,-2.7339,-1.8145,-0.9194,-1,25.2823,13.9305,33.4813,34.3991,1,4.7904,3.681,-1.6301,780.8899,765.7351,773.3125,0.0196,0.0439,3.1833,774.321,-1,-69683511,1123759.2,0,0.1064,-1,-5.7087,0.3798,0
2026-05-05 11:30:00,766.4,767.45,764.65,765.95,1153880,769.0106,772.1909,775.0999,-1,-2.9167,-2.0349,-0.8818,-1,26.6158,13.0476,33.5096,33.7439,1,7.3654,5.3977,-1.7383,780.8029,764.7321,772.7675,0.0208,0.0758,3.1559,773.7373,-1,-70837391,1125020.2,0,0.1607,-1,-5.764,0.3209,0
2026-05-05 11:45:00,765.95,765.95,764.55,765.5,784867,768.3085,771.5827,774.7234,-1,-3.0626,-2.2405,-0.8221,-1,27.8748,12.6171,32.6396,33.0657,1,5.3521,5.836,-0.8163,780.7031,763.7669,772.235,0.0219,0.1023,3.0305,773.356,-1,-71622258,1127559.7,0,0.3214,-1,-5.8194,0.262,1
2026-05-05 12:00:00,765.55,766.45,764.2,765.85,1383399,767.8168,771.0615,774.3755,-1,-3.1141,-2.4152,-0.6989,-1,28.7628,13.136,30.8762,34.1739,1,9.116,7.2779,-0.6422,780.7157,762.9643,771.84,0.023,0.1626,2.9747,772.8421,-1,-70238859,1155219.2,0,0.1333,1,-5.7763,0.3078,1
2026-05-05 12:15:00,765.75,767.0,765.3,765.9,703875,767.4334,770.5923,774.0431,-1,-3.1149,-2.5551,-0.5598,-1,29.2737,13.9452,29.576,34.3412,1,9.3923,7.9535,-0.8993,780.4069,762.2981,771.3525,0.0235,0.1989,2.8837,772.563,-1,-69534984,1149375.75,0,0.0882,1,-5.7702,0.3143,0
2026-05-05 12:30:00,766.0,767.0,764.65,764.8,1211520,766.9067,770.0657,773.6806,-1,-3.1678,-2.6777,-0.4902,-1,29.9235,13.1226,29.4629,32.3913,1,5.8252,8.1112,-0.9262,780.1968,761.5132,770.855,0.0242,0.1759,2.8456,772.1207,-1,-70746504,1173887.85,0,0.5106,-1,-5.9055,0.1703,1
2026-05-05 12:45:00,764.75,770.7,764.7,770.35,1865049,767.5954,770.0916,773.55,-1,-2.7305,-2.6882,-0.0422,-1,28.647,19.8974,25.3511,48.3318,0,67.5824,27.6,-0.0065,779.5326,761.5674,770.55,0.0233,0.4889,3.0709,771.7646,-1,-68881455,1236566.3,1,0.9333,1,-5.2227,0.8972,1
2026-05-05 13:00:00,770.5,774.0,770.0,773.75,2528036,768.8263,770.4241,773.5579,-1,-2.0855,-2.5677,0.4822,1,26.9762,25.5988,23.0423,55.2869,0,97.449,56.9522,0.4479,778.9561,761.7939,770.375,0.0223,0.6967,3.1372,771.7138,1,-66353419,1330905.25,1,0.8125,1,-4.8044,1.3425,0
2026-05-05 13:15:00,773.75,774.5,770.35,772.4,2007721,769.541,770.6038,773.5124,-1,-1.664,-2.387,0.7229,1,25.5911,24.3473,20.9142,52.2778,0,79.6117,81.5477,0.7237,778.6815,761.8485,770.265,0.0219,0.6268,3.2096,771.5878,1,-68361140,1366870.35,0,0.3253,-1,-4.9705,1.1657,1
2026-05-05 13:30:00,772.6,774.95,771.35,774.7,2130056,770.5728,770.9761,773.559,-1,-1.1314,-2.1358,1.0044,1,24.4586,23.4063,19.253,56.6107,0,97.6744,91.5783,1.0237,778.7839,761.8161,770.3,0.022,0.7593,3.2375,771.6507,1,-66231084,1426281.9,0,0.5833,1,-4.6875,1.4669,0
2026-05-05 13:45:00,774.9,775.55,772.45,774.25,2432796,771.3083,771.2738,773.5861,1,-0.7371,-1.8561,1.119,1,23.6154,23.1283,17.9322,55.548,0,88.5463,88.6108,1.0243,777.7629,762.3521,770.0575,0.02,0.772,3.2276,771.4709,1,-68663880,1446505.4,1,0.2097,-1,-4.7429,1.408,0
2026-05-05 14:00:00,774.1,775.25,772.0,772.85,1316714,771.6166,771.4171,773.5572,1,-0.5315,-1.5912,1.0597,1,22.6277,21.4657,17.6385,52.2612,0,76.2115,87.4774,0.9008,776.2563,763.1937,769.725,0.017,0.7392,3.2292,770.408,1,-69980594,1336633.4,0,0.3846,-1,-4.9151,1.2246,1
2026-05-05 14:15:00,773.05,776.7,772.6,776.7,1580617,772.6333,771.8973,773.6805,1,-0.0572,-1.2844,1.2272,1,22.2335,22.7025,16.0691,59.3794,0,100.0,88.2526,1.4631,777.1315,762.8085,769.97,0.0186,0.9699,3.2914,770.63,1,-68399977,1357327.25,0,0.8902,1,-4.4414,1.7289,0
2026-05-05 14:30:00,776.3,776.65,773.8,775.1,2184636,773.1266,772.1885,773.7362,1,0.1874,-0.99,1.1774,1,21.8675,21.2615,15.0491,55.6647,0,87.2,87.8038,1.2078,777.6835,762.6865,770.185,0.0195,0.8277,3.2635,770.9493,1,-70584613,1415275.7,1,0.4211,-1,-4.6383,1.5193,0
2026-05-05 14:45:00,775.15,775.7,773.0,773.05,1569449,773.1113,772.2668,773.7093,1,0.2134,-0.7493,0.9627,1,21.1146,19.9893,15.9215,51.2416,0,70.8,86.0,0.9335,777.7082,762.6818,770.195,0.0195,0.69,3.2232,771.0628,1,-72154062,1438910.15,0,0.7778,-1,-4.8905,1.2508,1
2026-05-05 15:00:00,773.05,773.6,770.6,773.1,3667294,773.109,772.3425,773.6854,1,0.2353,-0.5524,0.7877,1,19.8912,18.6538,20.2028,51.3432,0,71.2,76.4,1.0853,777.8359,762.6691,770.2525,0.0197,0.6877,3.2073,771.1896,1,-68486768,1567224.3,1,0.0167,1,-4.8844,1.2574,1
2026-05-05 15:15:00,773.1,773.75,772.2,773.6,1322628,773.2072,772.4569,773.682,1,0.2897,-0.384,0.6737,1,18.687,18.3321,19.4786,52.4106,0,75.2,72.4,0.4219,778.1353,762.6897,770.4125,0.02,0.7064,3.0889,771.283,1,-67164140,1587588.45,0,0.3226,1,-4.8228,1.3229,1
2026-05-06 09:15:00,778.5,779.9,775.4,777.5,969280,774.0658,772.9153,773.8317,1,0.6401,-0.1792,0.8193,1,19.2572,29.0844,16.8371,59.8157,0,84.2623,76.8874,0.4847,779.0892,762.4558,770.7725,0.0216,0.9045,3.3183,771.5128,1,-66194860,1577653.8,0,0.2222,-1,-4.343,1.8337,0
2026-05-06 09:30:00,778.0,778.45,775.75,775.8,1030721,774.4126,773.1776,773.9089,1,0.7717,0.011,0.7607,1,19.7867,27.3712,15.8453,55.7439,0,73.1148,77.5257,0.4402,779.6072,762.8328,771.22,0.0218,0.773,3.2741,771.8063,1,-67225581,1570495.25,0,0.8148,-1,-4.5522,1.611,1
2026-05-06 09:45:00,775.8,777.7,774.6,776.95,1238463,774.9201,773.5205,774.0282,1,0.9578,0.2004,0.7574,1,19.746,25.513,17.288,57.8349,0,80.5921,79.3231,0.2904,780.2145,763.2355,771.725,0.022,0.8077,3.2617,772.1068,1,-65987118,1590070.85,0,0.371,1,-4.4107,1.7616,1
2026-05-06 10:00:00,776.95,777.2,774.25,777.0,685496,775.3361,773.8368,774.1447,1,1.0966,0.3796,0.717,1,19.5471,23.8535,16.9352,57.928,0,70.7071,74.8046,0.3552,780.6718,763.8382,772.255,0.0218,0.7819,3.2394,772.3178,1,-65301622,1588324.85,0,0.0169,1,-4.4045,1.7682,1
2026-05-06 10:15:00,777.0,778.65,776.35,778.15,817874,775.8989,774.2289,774.3018,1,1.2847,0.5606,0.724,1,19.8241,25.883,16.0582,60.1091,0,81.6754,77.6582,0.6858,781.1326,764.5974,772.865,0.0214,0.8196,3.1723,772.6896,1,-64483748,1571524.55,0,0.5,1,-4.263,1.9188,1
2026-05-06 10:30:00,778.1,779.35,778.0,778.65,773329,776.4491,774.6309,774.4723,1,1.4572,0.7399,0.7173,1,20.294,26.7062,15.5492,61.0544,0,86.5591,79.6472,0.2511,781.4262,765.6188,773.5225,0.0204,0.8244,3.0421,773.0205,1,-63710419,1570947.65,0,0.4074,1,-4.2015,1.9843,0
2026-05-06 10:45:00,778.65,778.7,777.35,777.6,932477,776.6793,774.9008,774.595,1,1.4921,0.8904,0.6017,1,20.3924,25.8246,16.6253,57.9487,0,75.2688,81.1678,0.3225,781.3653,766.8547,774.11,0.0187,0.7405,2.9213,773.5029,1,-64642896,1548401.55,0,0.7778,-1,-4.3307,1.8468,1
2026-05-06 11:00:00,777.4,778.5,777.4,778.05,595045,776.9534,775.1871,774.7305,1,1.5382,1.0199,0.5183,1,20.4837,25.0977,16.1573,58.9133,0,80.1075,80.6452,0.6468,781.104,768.331,774.7175,0.0165,0.7609,2.7912,773.7589,1,-64047851,1542960.05,0,0.5909,1,-4.2753,1.9057,1
2026-05-06 11:15:00,778.0,779.0,778.0,779.0,395096,777.3627,775.5337,774.8979,1,1.6327,1.1425,0.4902,1,20.7494,25.7656,15.7239,60.9498,0,90.3226,81.8996,0.7632,780.199,770.656,775.4275,0.0123,0.8744,2.6632,774.1571,1,-63652755,1502138.85,0,1.0,1,-4.1585,2.0301,0
2026-05-06 11:30:00,779.0,779.35,776.1,776.85,731398,777.2602,775.6534,774.9744,1,1.5166,1.2173,0.2993,1,19.9597,23.5545,19.3915,54.3803,0,67.2043,79.2115,0.4201,779.947,771.558,775.7525,0.0108,0.6308,2.7052,774.5996,1,-64384153,1445456.3,0,0.6615,-1,-4.423,1.7485,0
2026-05-06 11:45:00,776.8,777.8,775.8,776.1,501651,777.0282,775.694,775.0186,1,1.3485,1.2435,0.1049,1,19.0738,22.287,19.1551,52.264,0,59.1398,72.2222,-0.1801,779.9639,771.7761,775.87,0.0106,0.5281,2.6548,774.8259,1,-64885804,1344137.05,0,0.35,-1,-4.5153,1.6503,0
2026-05-06 12:00:00,776.2,776.35,775.35,776.0,485019,776.8225,775.7218,775.0571,1,1.1934,1.2335,-0.0401,-1,18.0168,21.6594,19.8829,51.9736,0,58.0645,61.4695,0.0258,779.8217,772.2783,776.05,0.0097,0.4934,2.5366,775.0372,1,-65370823,1268001.95,0,0.2,-1,-4.5276,1.6372,0
2026-05-06 12:15:00,775.85,776.0,773.5,775.15,643883,776.488,775.6698,775.0607,1,0.9905,1.1849,-0.1944,-1,17.3107,20.133,23.6966,49.4578,0,38.3117,51.8387,-0.2317,779.817,772.328,776.0725,0.0096,0.3768,2.534,775.1553,-1,-66014706,1193693.3,0,0.28,-1,-4.6321,1.5259,1
2026-05-06 12:30:00,775.0,776.4,774.8,775.5,510490,776.2904,775.6544,775.0779,1,0.8482,1.1176,-0.2694,-1,16.4467,20.3585,22.5989,50.5199,0,31.25,42.5421,-0.1931,779.7966,772.4734,776.135,0.0094,0.4133,2.4673,775.2837,1,-65504216,1097578.0,0,0.3125,1,-4.5891,1.5717,1
2026-05-06 12:45:00,775.45,776.15,774.9,776.1,496519,776.2523,775.6949,775.118,1,0.7749,1.049,-0.2741,-1,15.6445,19.5948,21.7513,52.3677,0,44.4444,38.002,-0.2634,779.6357,772.9593,776.2975,0.0086,0.4704,2.3803,775.4133,1,-65007697,1056568.25,0,0.52,1,-4.5153,1.6503,1
2026-05-06 13:00:00,776.2,776.55,775.15,776.45,516476,776.2919,775.7635,775.1703,1,0.7366,0.9866,-0.25,-1,14.6717,19.9834,20.8098,53.4596,0,50.4274,42.0406,-0.2825,779.6189,772.9511,776.285,0.0086,0.5247,2.3103,775.436,1,-64491221,1003361.2,0,0.1786,1,-4.4722,1.6961,1
2026-05-06 13:15:00,776.55,778.45,776.45,777.55,726060,776.5435,775.9259,775.2636,1,0.7859,0.9464,-0.1605,-1,14.4575,24.667,19.5105,56.8105,0,69.2308,54.7009,-0.0064,779.7383,773.0767,776.4075,0.0086,0.6715,2.2881,775.5456,1,-63765161,930432.4,0,0.5,1,-4.3369,1.8402,1
2026-05-06 13:30:00,777.4,778.9,777.0,778.8,983368,776.9948,776.1872,775.4023,1,0.9153,0.9402,-0.0249,-1,14.4674,24.608,18.3391,60.3078,0,90.5983,70.0855,0.0964,779.8021,773.5879,776.695,0.008,0.8387,2.2604,775.8341,1,-62781793,901128.35,0,0.7368,1,-4.1831,2.0039,1
2026-05-06 13:45:00,778.8,780.55,778.3,780.0,1380669,777.5958,776.5338,775.5826,1,1.102,0.9725,0.1294,1,15.182,28.0735,17.0348,63.374,0,92.1986,84.0092,0.1284,780.0027,774.0773,777.04,0.0076,0.9995,2.2597,776.9585,1,-61401124,786797.1,1,0.5333,1,-4.0354,2.1611,1
2026-05-06 14:00:00,780.0,781.9,779.5,781.9,683353,778.4567,777.0217,775.8303,1,1.3872,1.0555,0.3317,1,16.3443,30.2016,15.7482,67.6369,-1,100.0,94.2656,0.6501,780.687,774.223,777.455,0.0083,1.1877,2.2697,777.4767,1,-60717771,754833.35,0,0.7917,1,-3.8017,2.41,1
2026-05-06 14:15:00,781.9,793.65,781.9,792.0,3667939,781.1653,778.3833,776.4644,1,2.4006,1.3245,1.0761,1,19.6968,50.0807,11.263,80.5778,-1,91.8114,94.67,2.0487,785.2972,771.0628,778.18,0.0183,1.4709,2.9469,779.883,1,-57049832,889766.3,1,0.8596,1,-2.457,3.7328,1
2026-05-06 14:30:00,792.1,795.85,789.0,795.0,3474751,783.9323,779.8939,777.1913,1,3.4065,1.7409,1.6656,1,23.0344,47.3559,9.5545,82.7803,-1,96.1969,96.0028,2.4485,789.2602,769.0198,779.14,0.026,1.2836,3.2256,782.3474,1,-53575081,1011967.8,1,0.4234,1,-2.0876,4.1257,1
2026-05-06 14:45:00,794.9,798.1,794.05,798.0,3268896,786.7458,781.5399,778.0073,1,4.3951,2.2718,2.1234,1,26.3402,48.078,8.713,84.6544,-1,99.5935,95.8673,2.9478,793.1604,767.2246,780.1925,0.0332,1.1866,3.2845,784.7864,1,-50306185,1113489.45,1,0.7654,1,-1.7181,4.5187,0
2026-05-06 15:00:00,798.0,798.75,795.45,796.0,4126548,788.5967,782.8545,778.7129,1,4.9601,2.8094,2.1506,1,29.4671,46.042,8.0879,78.5191,-1,89.1089,94.9664,2.6435,795.7197,766.5653,781.1425,0.0373,1.0096,3.2856,786.9341,1,-54432733,1285542.05,1,0.6061,-1,-1.9644,4.2567,0
2026-05-06 15:15:00,796.0,796.65,795.2,796.0,2884168,790.0773,784.0495,779.3908,1,5.3461,3.3168,2.0294,1,32.2406,44.5303,8.3885,78.5191,-1,89.1089,92.6038,2.5641,797.899,766.171,782.035,0.0406,0.9401,3.1545,788.1417,1,-51548565,1388856.75,1,0.0,1,-1.9644,4.2567,0
2026-05-07 09:15:00,792.7,796.55,792.0,793.85,977931,790.8319,784.9405,779.9579,1,5.4162,3.7366,1.6795,1,33.2713,40.083,14.5746,72.0123,-1,80.5941,86.2706,2.241,799.3776,766.2124,782.795,0.0424,0.8333,3.2542,788.6129,1,-52526496,1399086.85,0,0.2527,1,-2.2292,3.9751,1
2026-05-07 09:30:00,793.55,795.9,793.1,795.1,1191028,791.6855,785.8641,780.5517,1,5.5091,4.0911,1.4179,1,34.2283,37.5947,13.6698,73.3928,-1,84.7599,84.821,2.2571,800.898,766.442,783.67,0.044,0.8317,3.2218,789.2239,1,-51335468,1412014.4,0,0.5536,1,-1.7425,4.1388,0
2026-05-07 09:45:00,795.1,795.5,792.05,793.7,2115417,792.0884,786.5764,781.0673,1,5.4074,4.3544,1.053,1,34.6285,34.7336,14.9457,69.2714,-1,78.826,81.3933,1.9132,802.007,766.898,784.4525,0.0448,0.7634,3.2381,789.7704,1,-53450885,1488033.0,0,0.4058,-1,-1.6237,3.9555,0
2026-05-07 10:00:00,793.95,797.7,790.3,790.35,2542164,791.7407,786.9195,781.4313,1,4.9988,4.4833,0.5156,1,35.4092,33.9855,12.7112,60.5146,0,64.4068,75.9976,1.3269,802.5665,767.4735,785.02,0.0447,0.6519,3.5353,790.1479,1,-55993049,1595386.4,1,0.4865,-1,-2.0146,3.5167,1
2026-05-07 10:15:00,790.35,793.9,790.3,793.5,2126924,792.0926,787.5177,781.9046,1,4.8731,4.5612,0.3118,1,36.1342,31.5168,11.7878,64.9955,0,76.4574,73.2301,1.4836,803.3494,768.3556,785.8525,0.0445,0.7185,3.54,790.5816,1,-53866125,1665162.7,0,0.875,1,-1.6241,3.9293,0
2026-05-07 10:30:00,793.6,793.7,791.9,792.15,939700,792.1041,787.9388,782.3064,1,4.6113,4.5712,0.0401,1,36.8073,30.3304,11.3441,61.7607,0,69.6552,70.1731,0.0189,803.7569,769.5531,786.655,0.0435,0.6607,3.4157,790.8458,1,-54805825,1687065.15,0,0.8056,-1,-1.7915,3.7525,0
2026-05-07 10:45:00,792.2,792.9,790.15,791.0,905874,791.8832,788.2171,782.6473,1,4.2619,4.5094,-0.2474,-1,36.5341,28.5616,14.3938,59.0639,0,62.1027,69.4051,-0.5031,803.876,770.934,787.405,0.0418,0.6091,3.3681,791.0713,-1,-55711699,1708107.9,0,0.4364,-1,-1.934,3.6018,0
2026-05-07 11:00:00,790.95,791.3,790.0,790.75,607101,791.6566,788.4474,782.9651,1,3.9197,4.3914,-0.4717,-1,36.2053,27.738,14.3115,58.4663,0,58.4416,63.3998,-0.9085,803.7112,772.6588,788.185,0.0394,0.5826,3.2204,791.3699,-1,-56318800,1706268.8,0,0.1538,-1,-1.965,3.5691,0
2026-05-07 11:15:00,790.75,791.35,788.65,789.6,915094,791.2453,788.5522,783.2253,1,3.5152,4.2162,-0.701,-1,35.2287,26.0575,16.4737,55.6754,0,45.6973,55.4139,-0.804,803.2877,774.4923,788.89,0.0365,0.5247,3.1832,791.5637,-1,-57233894,1726499.0,0,0.4259,-1,-1.8582,3.4185,1
2026-05-07 11:30:00,789.65,791.45,789.35,790.25,594642,791.0462,788.7065,783.5007,1,3.21,4.015,-0.8049,-1,34.3532,25.029,15.6781,56.9269,0,15.8416,39.9935,-0.7224,802.7483,776.4467,789.5975,0.0333,0.5248,3.1059,791.77,-1,-56639252,1731405.15,0,0.2857,1,-1.7774,3.5036,1
2026-05-07 11:45:00,790.3,792.35,789.7,791.75,784690,791.187,788.9832,783.8242,1,3.054,3.8228,-0.7688,-1,33.8259,25.5792,14.7124,59.7512,0,30.6931,30.744,-0.2645,802.0654,778.6596,790.3625,0.0296,0.5593,3.0733,791.9914,-1,-55854562,1744815.85,0,0.5472,1,-1.591,3.7001,1
2026-05-07 12:00:00,791.8,796.55,791.8,793.2,1108666,791.5896,789.3665,784.1919,1,3.0126,3.6607,-0.6481,-1,34.4156,32.2206,13.1344,62.3231,0,45.0495,30.5281,-0.239,801.308,780.982,791.145,0.0257,0.6011,3.1966,792.3484,1,-54745896,1763946.15,0,0.2947,1,-1.4107,3.89,0
2026-05-07 12:15:00,793.35,795.2,793.0,793.05,1026718,791.8817,789.7014,784.5393,1,2.9339,3.5154,-0.5814,-1,34.9631,30.6006,12.4741,61.8826,0,48.6188,41.4538,-0.0819,800.3134,783.4016,791.8575,0.0214,0.5705,3.1254,792.7821,1,-55772614,1766113.65,0,0.1364,-1,-1.3987,3.8703,1
2026-05-07 12:30:00,793.05,801.0,792.9,800.45,2244443,793.5953,790.6785,785.1632,1,3.4292,3.4981,-0.069,-1,36.5014,37.4163,10.4006,72.2889,-1,95.5466,63.0716,1.2779,800.2262,785.5338,792.88,0.0185,1.0152,3.4808,793.6153,1,-53528171,1809302.35,0,0.9136,1,-0.4477,4.8396,0
2026-05-07 12:45:00,800.6,801.5,795.65,796.0,1582302,794.0763,791.1623,785.5882,1,3.4231,3.4831,-0.06,-1,37.9999,34.1113,9.21,61.4283,0,57.1984,67.1213,0.3151,799.0451,788.1249,793.585,0.0138,0.7211,3.65,794.0209,1,-55110473,1854249.8,0,0.7863,-1,-1.0012,4.2567,0
2026-05-07 13:00:00,796.0,797.4,794.75,795.4,615135,794.341,791.5476,785.973,1,3.3315,3.4528,-0.1213,-1,38.9195,32.307,10.5192,60.1168,0,52.5292,68.4247,0.4103,799.2189,788.2911,793.755,0.0138,0.6505,3.5786,794.5753,1,-55725608,1701609.6,0,0.2264,-1,-1.0758,4.1781,1
2026-05-07 13:15:00,795.65,796.55,793.5,795.55,996667,794.5828,791.9114,786.3486,1,3.2337,3.409,-0.1753,-1,39.1373,30.3192,12.3936,60.3447,0,53.6965,54.4747,0.5752,799.2766,788.2884,793.7825,0.0138,0.6609,3.5408,794.7373,1,-54728941,1577705.4,0,0.0328,-1,-1.0202,4.1978,0
2026-05-07 13:30:00,795.6,796.6,794.6,795.05,776733,794.6762,792.1967,786.6898,1,3.0803,3.3432,-0.2629,-1,39.35,29.1608,11.8775,59.1316,0,49.8054,52.0104,0.5438,798.8179,788.4521,793.635,0.0131,0.6365,3.4308,794.5329,1,-55505674,1453097.25,0,0.275,-1,-0.9469,4.1323,1
2026-05-07 13:45:00,795.2,797.2,794.55,796.45,1106044,795.031,792.5834,787.0725,1,3.0367,3.2819,-0.2452,-1,39.6787,28.7952,11.2114,61.4674,0,60.7004,54.7341,0.8675,798.885,788.43,793.6575,0.0132,0.7671,3.375,794.2493,1,-54399630,1302072.05,0,0.4717,1,-0.7539,4.3157,1
2026-05-07 14:00:00,796.4,797.6,795.8,796.6,1093789,795.3448,792.9485,787.4462,1,2.98,3.2215,-0.2416,-1,40.0732,28.5362,10.7696,61.7199,0,61.8677,57.4578,0.8035,798.9749,788.4001,793.6875,0.0133,0.7754,3.2625,794.1561,1,-53305841,1212553.1,0,0.1111,1,-0.6733,4.3353,1
2026-05-07 14:15:00,796.65,797.85,795.65,797.5,2197626,795.7758,793.3623,787.8404,1,2.9733,3.1719,-0.1986,-1,40.4973,27.6893,10.2385,63.2746,0,68.8716,63.8132,0.7262,799.413,788.327,793.87,0.014,0.8274,3.1866,794.4023,1,-51108215,1273537.85,1,0.3864,1,-0.5611,4.4532,0
2026-05-07 14:30:00,797.5,798.45,796.55,796.9,2730705,796.0007,793.6839,788.1957,1,2.8864,3.1148,-0.2284,-1,41.0329,27.8599,9.7895,61.4818,0,64.2023,64.9805,0.4665,799.6368,788.2832,793.96,0.0143,0.7589,3.0947,794.6822,1,-53838920,1350521.7,1,0.3158,-1,-0.6359,4.3746,0
2026-05-07 14:45:00,797.05,797.5,795.5,796.8,1343248,796.1605,793.9672,788.5331,1,2.7774,3.0473,-0.2699,-1,40.845,26.5405,11.8122,61.1708,0,61.3169,64.7969,0.4729,799.9228,788.3072,794.115,0.0146,0.7312,3.0165,794.8555,1,-55182168,1311913.25,0,0.125,-1,-0.6484,4.3615,0
2026-05-07 15:00:00,796.85,799.1,793.0,795.25,10546528,795.9784,794.0838,788.7965,1,2.5367,2.9452,-0.4085,-1,39.2615,22.9678,15.7391,56.4069,0,47.0339,57.5177,-0.6496,799.9199,788.8001,794.36,0.014,0.58,3.2368,795.2951,-1,-65728696,1712131.45,1,0.2623,-1,-0.8107,4.1585,1
2026-05-07 15:15:00,795.3,796.4,795.0,796.05,2590250,795.9927,794.2626,789.081,1,2.383,2.8327,-0.4497,-1,37.7911,22.2282,15.2323,58.2156,0,43.8144,50.7217,0.0063,800.0795,788.8955,794.4875,0.0141,0.6397,3.1056,795.5012,1,-63138446,1735297.75,0,0.5357,1,-0.5497,4.2633,0
2026-05-08 09:15:00,786.1,788.7,785.25,787.15,1097656,794.2242,793.616,789.0053,1,1.5255,2.5713,-1.0458,-1,37.0805,17.5369,31.0708,38.8856,0,11.6923,34.1802,-1.0372,800.6168,787.8582,794.2375,0.0161,-0.0555,3.6552,795.3133,-1,-64236102,1743195.55,0,0.3043,1,-1.6616,3.0976,0
2026-05-08 09:30:00,787.1,787.15,784.1,785.05,1212755,792.3894,792.8372,788.8502,-1,0.6687,2.1908,-1.5221,-1,36.6651,16.4791,31.4709,35.86,0,5.4598,20.3222,-1.3198,801.3648,786.5152,793.94,0.0187,-0.0987,3.6119,795.0747,-1,-65448857,1758539.6,0,0.6721,-1,-1.9239,2.8225,1
2026-05-08 09:45:00,785.05,785.5,784.1,785.15,957043,790.9415,792.1384,788.7051,-1,-0.0022,1.7522,-1.7544,-1,36.2794,16.002,30.5597,36.1149,0,6.0345,7.7289,-1.2452,801.9202,785.3998,793.66,0.0208,-0.0151,3.4539,794.876,-1,-64491814,1776036.7,0,0.0714,1,-1.9114,2.8356,0
2026-05-08 10:00:00,785.2,785.25,783.25,784.0,774331,789.5532,791.3985,788.5205,-1,-0.6195,1.2778,-1.8974,-1,36.1131,15.3197,31.0689,34.4207,1,4.7319,5.4087,-1.5632,802.506,784.254,793.38,0.023,-0.0139,3.3501,794.7712,-1,-65266145,1768998.55,0,0.6,-1,-2.0551,2.685,1
2026-05-08 10:15:00,783.8,784.8,783.2,784.5,861137,788.5426,790.7714,788.3629,-1,-1.0562,0.811,-1.8673,-1,35.9703,14.7768,30.0787,35.8302,0,8.1761,6.3141,-1.519,802.9294,783.2556,793.0925,0.0248,0.0633,3.2251,794.5888,-1,-64405008,1782323.3,0,0.4375,1,-1.9926,2.7505,0
2026-05-08 10:30:00,784.5,785.0,783.2,783.45,746258,787.524,790.1058,788.1702,-1,-1.4701,0.3548,-1.8249,-1,35.7369,14.6259,28.8405,34.1693,1,1.5723,4.8268,-1.7618,803.3692,781.9858,792.6775,0.027,0.0685,3.1233,794.4376,-1,-65151266,1780401.7,0,0.5833,-1,-2.1238,2.613,0
2026-05-08 10:45:00,783.45,783.7,781.95,782.0,905419,786.4192,789.3689,787.9282,-1,-1.8933,-0.0948,-1.7985,-1,35.8381,14.0215,30.6002,31.9657,1,0.2915,3.3467,-1.8697,803.771,780.464,792.1175,0.0294,0.0659,3.0252,794.152,-1,-66056685,1770239.35,0,0.8286,-1,-2.305,2.4231,1
2026-05-08 11:00:00,782.0,784.1,781.6,783.35,1268052,785.8054,788.8218,787.7487,-1,-2.0956,-0.495,-1.6006,-1,35.7137,14.1398,28.7713,36.0978,0,10.0,3.9546,-1.688,803.8825,779.3825,791.6325,0.0309,0.1619,2.9877,793.7675,-1,-64788633,1782306.05,0,0.54,1,-2.1363,2.5999,0
2026-05-08 11:15:00,783.2,783.3,781.5,781.8,538361,785.0043,788.1834,787.5154,-1,-2.3539,-0.8668,-1.4871,-1,35.6263,13.4969,27.7089,33.5763,1,1.7045,3.9987,-1.6913,802.9626,778.4374,790.7,0.031,0.1371,2.9064,793.2964,-1,-65326994,1697001.95,0,0.7778,-1,-2.3299,2.3969,0
2026-05-08 11:30:00,781.75,782.0,780.65,781.55,771972,784.3134,787.5804,787.2815,-1,-2.5493,-1.2033,-1.346,-1,35.7874,13.0313,28.9251,33.1738,1,4.878,5.5275,-1.8215,802.6032,777.3518,789.9775,0.032,0.1663,2.7952,792.8081,-1,-66098966,1656485.45,0,0.1481,-1,-2.3612,2.3641,1
2026-05-08 11:45:00,781.55,782.7,781.25,782.65,639116,783.9808,787.1322,787.0999,-1,-2.5856,-1.4797,-1.1059,-1,35.5047,14.3837,27.8152,36.7657,0,10.8401,5.8076,-0.5717,802.0931,776.5869,789.34,0.0323,0.2377,2.6992,792.5471,-1,-65459850,1657684.5,0,0.7586,1,-2.2237,2.5082,0
2026-05-08 12:00:00,782.35,782.7,780.0,780.5,1184991,783.2846,786.5292,786.841,-1,-2.7561,-1.735,-1.0211,-1,35.6212,13.356,29.1356,33.0289,1,2.6178,6.112,-0.5796,801.5603,775.6147,788.5875,0.0329,0.1883,2.6992,792.0598,-1,-66644841,1667100.7,0,0.6852,-1,-2.4923,2.2266,0
2026-05-08 12:15:00,780.5,780.7,779.6,780.1,974785,782.6477,785.9448,786.5767,-1,-2.8902,-1.9661,-0.9242,-1,35.8467,12.95,29.3553,32.3697,1,2.9762,5.478,-0.6432,800.9592,774.7208,787.84,0.0333,0.205,2.585,791.6355,-1,-67619626,1677003.3,0,0.3636,-1,-2.5423,2.1742,0
2026-05-08 12:30:00,780.15,780.6,779.5,779.8,751430,782.0781,785.3861,786.3109,-1,-2.9863,-2.1701,-0.8162,-1,36.0866,12.5396,28.713,31.8562,1,3.2609,2.9516,-0.5357,799.9474,774.0676,787.0075,0.0329,0.2215,2.4789,791.2236,-1,-68371056,1659272.6,0,0.3182,-1,-2.5798,2.1349,0
2026-05-08 12:45:00,779.8,780.0,779.15,779.45,630328,781.5525,784.8465,786.0419,-1,-3.0554,-2.3472,-0.7083,-1,36.4208,12.2173,29.0333,31.2337,1,3.75,3.329,-0.6437,798.7007,773.5993,786.15,0.0319,0.2331,2.3626,790.8164,-1,-69001384,1636099.55,0,0.4118,-1,-2.6235,2.0891,0
2026-05-08 13:00:00,779.45,779.95,778.6,779.1,812545,781.062,784.3241,785.7696,-1,-3.1027,-2.4983,-0.6044,-1,36.9072,11.7029,29.5263,30.5899,1,7.2464,4.7524,-0.5552,796.9906,773.4694,785.23,0.03,0.2394,2.2902,790.082,-1,-69813929,1566845.5,0,0.2593,-1,-2.6672,2.0432,1
2026-05-08 13:15:00,779.1,780.0,778.6,780.0,924089,780.8496,783.931,785.5434,-1,-3.0326,-2.6051,-0.4274,-1,37.3173,11.3377,28.2002,34.3377,1,21.0526,10.683,-0.2558,795.0475,773.7225,784.385,0.0272,0.2944,2.2267,789.0844,-1,-68889840,1476514.7,0,0.6429,1,-2.5548,2.1611,0
2026-05-08 13:30:00,780.0,781.0,779.25,779.6,1071693,780.5997,783.5373,785.3103,-1,-2.975,-2.6791,-0.2959,-1,36.8794,13.9491,26.5925,33.4727,1,15.625,14.6413,-0.4787,792.7164,774.3336,783.525,0.0235,0.2865,2.1926,788.4048,-1,-69961533,1462936.95,0,0.2286,-1,-2.6048,2.1087,0
2026-05-08 13:45:00,779.6,779.9,778.55,779.15,1380093,780.3098,783.1384,785.0687,-1,-2.9319,-2.7297,-0.2022,-1,36.7535,13.3183,27.7348,32.4813,1,9.3023,15.3267,-0.339,790.3504,775.0896,782.72,0.0195,0.2661,2.1324,783.8996,-1,-71341626,1004615.2,0,0.3333,-1,-2.661,2.0498,0
2026-05-08 14:00:00,778.9,779.5,778.1,778.25,1501682,779.8978,782.694,784.8013,-1,-2.9365,-2.771,-0.1654,-1,36.8128,12.678,27.9467,30.5334,1,2.5,9.1424,-0.4222,786.6791,776.9809,781.83,0.0124,0.1309,2.0801,781.8578,-1,-72843308,950186.8,1,0.4643,-1,-2.7734,1.9319,1
2026-05-08 14:15:00,778.25,779.7,777.3,779.0,1658039,779.7182,782.3582,784.5738,-1,-2.8468,-2.7862,-0.0606,-1,37.1706,11.6445,28.3858,34.081,1,25.0,12.2674,-0.4664,785.7573,777.0877,781.4225,0.0111,0.2206,2.103,781.297,-1,-71185269,978205.95,1,0.3125,1,-2.6797,2.0301,1
2026-05-08 14:30:00,779.05,780.4,778.8,780.0,2696032,779.7746,782.1438,784.3945,-1,-2.6643,-2.7618,0.0975,1,36.8938,13.4197,26.8163,38.5846,0,45.0,24.1667,-0.0641,785.2084,777.1316,781.17,0.0103,0.3551,2.067,780.8583,-1,-68489237,1052369.8,1,0.5937,1,-2.5548,2.1611,1
2026-05-08 14:45:00,779.95,781.0,778.95,780.6,2319252,779.9397,782.0035,784.2457,-1,-2.4431,-2.6981,0.255,1,36.1362,14.543,24.9155,41.1812,0,61.1111,43.7037,0.0641,784.5478,777.3372,780.9425,0.0092,0.4525,2.0658,780.6152,-1,-66169985,1120480.25,1,0.3171,1,-2.4799,2.2397,1
2026-05-08 15:00:00,780.5,781.7,779.8,781.45,3961752,780.2417,781.9532,784.136,-1,-2.1741,-2.5933,0.4191,1,34.8737,16.0164,23.2693,44.7452,0,76.8519,60.9877,0.2116,784.1489,777.4811,780.815,0.0085,0.5952,2.054,780.5647,1,-62208233,1279851.3,1,0.5,1,-2.3737,2.351,0
2026-05-08 15:15:00,781.5,782.0,780.3,781.3,3623384,780.4534,781.8938,784.0248,-1,-1.9506,-2.4647,0.5141,1,33.4662,16.114,21.8765,44.2358,0,74.0741,70.679,0.2373,783.5436,777.7664,780.655,0.0074,0.6116,2.0287,780.5365,1,-65831617,1417963.65,1,0.1176,-1,-2.3924,2.3314,0
2026-05-11 09:15:00,771.85,774.85,769.6,773.2,1180812,779.0027,781.1034,783.6003,-1,-2.3994,-2.4517,0.0523,1,35.2884,11.1621,43.2577,26.6152,1,29.0323,59.9861,-0.7573,784.2469,776.0381,780.1425,0.0105,-0.3457,2.7195,780.1222,-1,-67012429,1439691.35,0,0.2571,1,-3.4043,1.2705,0
2026-05-11 09:30:00,773.0,773.05,769.85,770.2,1384116,777.2422,780.1122,783.0748,-1,-2.963,-2.5539,-0.4091,-1,36.9805,10.196,39.5135,22.9663,1,4.8387,35.9817,-1.2564,785.4291,773.6759,779.5525,0.0151,-0.2957,2.7645,779.6174,-1,-68396545,1463626.2,0,0.875,-1,-3.7791,0.8775,0
2026-05-11 09:45:00,770.2,771.8,769.8,770.1,1285792,775.8137,779.202,782.566,-1,-3.3788,-2.7189,-0.6599,-1,38.5599,9.6585,37.5623,22.8539,1,4.0323,12.6344,-1.2186,785.8012,771.9788,778.89,0.0177,-0.1359,2.7099,779.0729,-1,-69682337,1464513.2,0,0.05,-1,-3.7916,0.8644,0
2026-05-11 10:00:00,770.1,771.0,768.8,768.9,1076179,774.431,778.2655,782.0301,-1,-3.7618,-2.9275,-0.8343,-1,40.1922,9.0908,38.0262,21.4936,1,0.7576,3.2095,-1.3155,786.2679,770.2221,778.245,0.0206,-0.0824,2.6735,778.6735,-1,-70758516,1491404.1,0,0.5455,-1,-3.9415,0.7073,0
2026-05-11 10:15:00,769.0,769.25,767.2,768.35,901827,773.2148,777.3641,781.4936,-1,-4.0628,-3.1545,-0.9083,-1,41.9532,8.5844,40.2554,20.8801,1,7.7703,4.1867,-1.2721,786.5305,768.6395,777.585,0.023,-0.0162,2.629,778.29,-1,-71660343,1497896.85,0,0.3171,-1,-4.0102,0.6352,1
2026-05-11 10:30:00,768.6,769.45,768.35,768.85,474148,772.3418,776.5901,780.9978,-1,-4.2125,-3.3661,-0.8464,-1,43.4491,8.8837,39.0001,23.0308,1,11.1486,6.5588,-1.303,786.289,767.501,776.895,0.0242,0.0718,2.5197,778.0564,-1,-71186195,1489648.45,0,0.2273,1,-3.9478,0.7007,1
2026-05-11 10:45:00,768.85,770.8,768.75,770.0,595708,771.8735,775.991,780.5665,-1,-4.19,-3.5309,-0.6591,-1,43.916,12.239,36.7031,27.8861,1,18.9189,12.6126,-1.2821,786.0681,766.6719,776.37,0.025,0.1716,2.4862,777.7668,-1,-70590487,1460184.3,0,0.561,1,-3.8041,0.8513,0
2026-05-11 11:00:00,770.0,770.25,769.15,769.95,521813,771.4888,775.4418,780.1501,-1,-4.1286,-3.6505,-0.4782,-1,44.3495,11.8362,35.4951,27.804,1,18.5811,16.2162,-1.3643,785.7864,765.9386,775.8625,0.0256,0.2021,2.3872,777.5417,-1,-71112300,1437535.7,0,0.0455,-1,-3.8104,0.8448,0
2026-05-11 11:15:00,770.0,771.9,769.5,769.95,2248592,771.181,774.9425,779.7501,-1,-4.0335,-3.7271,-0.3064,-1,43.6702,15.9217,32.9471,27.804,1,18.5811,18.6937,-1.4716,785.44,765.3,775.37,0.026,0.2309,2.3881,776.9543,-1,-68863708,1512393.8,0,0.0208,-1,-3.8104,0.8448,1
2026-05-11 11:30:00,769.9,771.3,769.55,770.8,688471,771.1048,774.5659,779.3992,-1,-3.8452,-3.7507,-0.0945,-1,43.0394,15.0721,31.189,31.7659,1,24.3243,20.4955,-1.3439,785.0124,764.8626,774.9375,0.026,0.2947,2.3425,776.7551,-1,-68175237,1515300.95,0,0.5143,1,-3.7042,0.9561,0
2026-05-11 11:45:00,770.8,770.95,769.0,769.0,750496,770.6839,774.0599,778.9913,-1,-3.7975,-3.76,-0.0374,-1,42.6285,14.1651,31.0094,28.2326,1,12.1622,18.3559,-0.5432,784.6339,764.2311,774.4325,0.0263,0.2337,2.3145,776.5127,-1,-68925733,1512198.5,0,0.9231,-1,-3.929,0.7204,1
2026-05-11 12:00:00,769.05,770.35,768.7,770.0,976765,770.5471,773.6909,778.6387,-1,-3.637,-3.7354,0.0985,1,42.3437,13.4287,30.3425,32.7105,1,18.9189,18.4685,-0.026,783.9724,763.8926,773.9325,0.0259,0.3042,2.267,776.2004,-1,-67948968,1514832.3,0,0.5758,1,-3.8041,0.8513,1
2026-05-11 12:15:00,770.0,771.25,769.8,770.65,3651166,770.5677,773.4144,778.3255,-1,-3.418,-3.6719,0.254,1,41.4335,15.7096,28.9197,35.5265,0,23.3108,18.1306,0.0714,783.2691,763.7009,773.485,0.0253,0.3551,2.2087,775.4525,-1,-64297802,1643805.95,1,0.4483,1,-3.7229,0.9365,1
2026-05-11 12:30:00,770.65,771.15,769.35,771.05,1118042,770.6641,773.1995,778.0401,-1,-3.1755,-3.5727,0.3971,1,40.7588,14.7828,28.6885,37.2663,0,50.3268,30.8522,0.2796,782.5584,763.6016,773.08,0.0245,0.3929,2.1795,775.1247,-1,-63179760,1630703.4,0,0.2222,1,-3.6729,0.9889,1
2026-05-11 12:45:00,771.05,771.9,770.1,771.4,1410998,770.8113,773.0359,777.7798,-1,-2.9214,-3.4424,0.521,1,39.5912,16.3887,26.9747,38.822,0,71.7949,48.4775,0.397,781.9348,763.5402,772.7375,0.0238,0.4273,2.1524,774.7903,-1,-61768762,1626169.2,0,0.1944,1,-3.6292,1.0347,0
2026-05-11 13:00:00,771.55,771.65,769.9,771.25,1676609,770.899,772.8735,777.5237,-1,-2.7011,-3.2941,0.5931,1,38.5945,15.4241,26.0597,38.3827,0,86.1702,69.4306,0.3122,781.1015,763.5985,772.35,0.0227,0.4372,2.1236,774.3941,-1,-63445371,1627097.7,0,0.1714,-1,-3.6479,1.0151,0
2026-05-11 13:15:00,771.4,771.4,770.1,770.35,661925,770.7892,772.6441,777.2424,-1,-2.5694,-3.1492,0.5798,1,37.6691,14.7304,24.8877,35.7675,0,67.0213,74.9955,0.0455,779.9144,763.8206,771.8675,0.0209,0.4057,2.0648,773.8403,-1,-64107296,1525392.35,0,0.8077,-1,-3.7604,0.8972,1
2026-05-11 13:30:00,770.45,771.8,770.2,771.3,865367,770.8914,772.5219,777.0093,-1,-2.3612,-2.9916,0.6304,1,36.4844,15.3081,23.4877,40.3849,0,87.234,80.1418,0.1753,778.3811,764.4239,771.4025,0.0181,0.4927,2.0316,773.2523,-1,-63241929,1452698.1,0,0.5312,1,-3.6417,1.0216,0
2026-05-11 13:45:00,771.25,772.9,770.95,771.25,2853956,770.9631,772.4063,776.7835,-1,-2.1751,-2.8283,0.6532,1,34.5458,18.1342,21.8727,40.221,0,63.7363,72.6639,0.1688,776.1341,765.6509,770.8925,0.0136,0.5341,2.0258,771.9978,-1,-66095885,1397308.3,1,0.0,1,-3.6479,1.0151,0
2026-05-11 14:00:00,771.45,771.75,770.5,771.2,1372376,771.0105,772.2966,776.5645,-1,-2.0086,-2.6644,0.6558,1,33.011,17.3125,22.5129,40.046,0,59.5238,70.1647,0.0519,772.5806,768.1944,770.3875,0.0057,0.6852,1.9704,770.6549,1,-67468261,1284757.9,0,0.2,-1,-3.6542,1.0085,0
2026-05-11 14:15:00,771.45,771.55,770.05,771.2,1866093,771.0484,772.1969,776.3541,-1,-1.8552,-2.5025,0.6473,1,31.8482,16.3547,22.9271,40.046,0,59.5238,60.928,0.2861,772.1096,768.4654,770.2875,0.0047,0.7504,1.9368,770.5898,1,-65602168,1319021.95,0,0.1667,-1,-3.6542,1.0085,0
2026-05-11 14:30:00,771.2,771.4,768.7,769.3,1541572,770.6987,771.9336,776.0775,-1,-1.8654,-2.3751,0.5097,1,31.4827,14.7707,25.5491,33.6025,1,14.2857,44.4444,-0.0909,772.1147,768.3703,770.2425,0.0049,0.2483,1.9913,770.5208,-1,-67143740,1326894.75,0,0.7037,-1,-3.8916,0.7597,0
2026-05-11 14:45:00,769.45,770.0,767.7,767.7,1495169,770.099,771.5487,775.749,-1,-1.9799,-2.2961,0.3162,1,31.601,13.5655,27.0121,29.3236,1,0.0,24.6032,-0.3828,772.2988,767.9462,770.1225,0.0057,-0.0566,2.0133,770.4037,-1,-68638909,1337363.6,0,0.7609,-1,-4.0914,0.5501,0
2026-05-11 15:00:00,767.9,767.9,762.1,763.3,3977708,768.7392,770.7988,775.2608,-1,-2.3979,-2.3164,-0.0815,-1,33.3596,11.1047,39.6267,21.2935,1,11.1111,8.4656,-1.0051,773.5076,766.1774,769.8425,0.0095,-0.3925,2.2838,769.6331,-1,-72616617,1482440.05,1,0.7931,-1,-4.6411,0.0,1
2026-05-11 15:15:00,763.3,766.25,762.1,766.0,3828968,768.1913,770.3626,774.8976,-1,-2.4828,-2.3497,-0.1331,-1,34.9926,9.7428,34.767,33.3542,1,36.1111,15.7407,-0.7,773.7107,765.7393,769.725,0.0104,0.0327,2.4171,769.1009,-1,-68787649,1628797.1,1,0.6506,1,-4.3038,0.3537,0
2026-05-12 09:15:00,756.6,759.7,754.5,756.4,1466717,765.8331,769.0932,774.1722,-1,-3.2867,-2.5371,-0.7496,-1,37.61,7.1325,43.1584,21.0204,1,10.3261,19.1828,-1.9254,776.1519,762.0531,769.1025,0.0183,-0.401,3.0659,768.5694,-1,-70254366,1678425.55,0,0.0385,-1,-5.5032,0.0,0
2026-05-12 09:30:00,756.4,757.0,755.2,755.75,1029450,763.8165,767.8802,773.4498,-1,-3.931,-2.8159,-1.1151,-1,40.0403,6.8243,41.2935,20.4685,1,6.7935,17.7436,-1.8952,777.5092,759.2708,768.39,0.0237,-0.193,2.9755,768.1659,-1,-71283816,1700112.65,0,0.3611,-1,-5.5844,0.0,0
2026-05-12 09:45:00,755.75,756.7,755.0,755.25,2445987,762.1032,766.732,772.7361,-1,-4.4309,-3.1389,-1.292,-1,42.3186,6.537,40.0504,20.0328,1,4.0761,7.0652,-2.0809,778.3809,756.9291,767.655,0.0279,-0.0783,2.8844,767.2903,-1,-73729803,1796321.35,0,0.2941,-1,-5.6468,0.0,1
2026-05-12 10:00:00,755.3,758.75,755.05,758.05,999583,761.2925,765.9427,772.1601,-1,-4.5487,-3.4209,-1.1278,-1,43.1444,10.926,36.4533,29.1308,1,19.2935,10.0543,-1.7115,778.5066,755.6134,767.06,0.0298,0.1064,2.9426,766.797,-1,-72730220,1733870.9,0,0.7432,1,-5.297,0.3707,0
2026-05-12 10:15:00,758.1,759.05,755.7,756.0,797085,760.234,765.0389,771.5264,-1,-4.7527,-3.6872,-1.0655,-1,43.7321,10.7673,33.5181,26.7327,1,8.1522,10.5072,-1.971,778.5879,754.0521,766.32,0.032,0.0794,2.9717,766.4963,-1,-73527305,1739301.6,0,0.6269,-1,-5.5531,0.0993,0
2026-05-12 10:30:00,756.0,756.95,755.25,755.65,814145,759.3172,764.1853,770.9038,-1,-4.8863,-3.927,-0.9592,-1,44.3669,10.3135,33.221,26.3342,1,6.25,11.2319,-2.0163,778.693,752.612,765.6525,0.0341,0.1165,2.8809,766.182,-1,-74341450,1742484.05,0,0.2059,-1,-5.5969,0.053,0
2026-05-12 10:45:00,755.65,755.95,754.9,755.3,942265,758.5138,763.3776,770.2919,-1,-4.9631,-4.1343,-0.8289,-1,45.0275,10.0322,33.2241,25.918,1,4.3478,6.25,-1.8198,778.5391,751.2959,764.9175,0.0356,0.147,2.7501,765.7915,-1,-75283715,1740759.05,0,0.3333,-1,-5.6406,0.0066,1
2026-05-12 11:00:00,755.3,756.15,754.3,756.15,950111,758.041,762.7205,769.7373,-1,-4.899,-4.2872,-0.6118,-1,45.7646,9.5386,33.1851,28.8584,1,10.6017,7.0665,-1.5045,778.0578,750.3272,764.1925,0.0363,0.21,2.6858,764.9451,-1,-74333604,1605706.3,0,0.4595,1,-5.5344,0.1192,1
2026-05-12 11:15:00,756.2,757.5,755.8,757.1,661316,757.8528,762.2096,769.2417,-1,-4.7172,-4.3732,-0.344,-1,45.5283,12.7827,31.6444,32.1021,1,16.2319,10.3938,-0.8123,777.3137,749.6763,763.495,0.0362,0.2686,2.6154,764.5782,-1,-73672288,1582870.0,0,0.5294,1,-5.4157,0.245,1
2026-05-12 11:30:00,757.15,758.5,756.65,757.4,856661,757.7623,761.7723,768.7773,-1,-4.497,-4.398,-0.099,-1,44.677,14.9125,30.0114,33.1388,1,18.1287,14.9874,-1.1227,776.357,749.233,762.795,0.0356,0.3011,2.5607,764.0863,-1,-72815627,1555153.15,0,0.1351,1,-5.3782,0.2847,0
2026-05-12 11:45:00,757.4,757.95,756.15,757.25,573959,757.6598,761.3612,768.3253,-1,-4.2852,-4.3754,0.0902,1,44.0399,14.1475,29.8969,32.8686,1,18.7898,17.7168,0.1124,775.2791,748.9109,762.095,0.0346,0.3163,2.5064,763.5703,-1,-73389586,1500020.65,0,0.0833,-1,-5.397,0.2648,0
2026-05-12 12:00:00,757.3,757.5,755.6,755.9,873461,757.3078,760.8647,767.838,-1,-4.1782,-4.336,0.1578,1,43.6177,13.368,29.8445,30.461,1,11.7647,16.2277,0.0198,774.248,748.497,761.3725,0.0338,0.2875,2.4631,763.2067,-1,-74263047,1510597.45,0,0.7368,-1,-5.5656,0.0861,0
2026-05-12 12:15:00,756.0,757.05,755.0,755.75,1013389,756.9963,760.3998,767.364,-1,-4.0586,-4.2805,0.2219,1,43.4093,12.5636,29.8099,30.1963,1,12.1339,14.2295,0.0662,772.8413,748.3487,760.595,0.0322,0.3022,2.4336,762.739,-1,-75276436,1517998.55,0,0.122,-1,-5.5844,0.0662,0
2026-05-12 12:30:00,755.8,755.85,753.5,753.5,898264,756.297,759.7725,766.8203,-1,-4.0982,-4.244,0.1458,1,43.6421,11.6949,32.1622,26.4797,1,0.0,7.9662,-0.6002,771.2913,748.1237,759.7075,0.0305,0.2321,2.4276,761.5712,-1,-76174700,1420213.95,0,0.9787,-1,-5.8655,0.0,0
2026-05-12 12:45:00,753.75,754.2,752.35,753.3,921159,755.6976,759.1841,766.2901,-1,-4.0985,-4.2149,0.1165,1,44.1505,11.0473,33.8234,26.1714,1,14.1791,8.771,-0.3571,769.4321,748.1929,758.8125,0.028,0.2405,2.3863,760.8278,-1,-77095859,1397653.1,0,0.2432,-1,-5.8904,0.0,1
2026-05-12 13:00:00,753.25,754.95,752.7,754.7,1630528,755.4981,758.7765,765.8356,-1,-3.9403,-4.16,0.2197,1,44.072,12.5544,31.5362,32.1294,1,35.0746,16.4179,-0.1257,767.0839,748.8911,757.9875,0.024,0.3193,2.3766,759.7526,-1,-75465331,1385874.85,0,0.6444,1,-5.7155,0.1858,1
2026-05-12 13:15:00,754.95,757.15,754.5,755.0,2062545,755.3985,758.4331,765.4107,-1,-3.7475,-4.0775,0.33,1,42.5784,18.1208,29.0449,33.3702,1,39.5522,29.602,-0.0397,764.8151,749.7299,757.2725,0.0199,0.3494,2.3961,758.8972,-1,-73402786,1411923.5,0,0.0189,1,-5.6781,0.2257,0
2026-05-12 13:30:00,755.0,755.9,753.65,754.0,1087810,755.1188,758.0301,764.9632,-1,-3.6336,-3.9887,0.3551,1,41.4916,16.9001,29.6332,31.315,1,24.6269,33.0846,-0.2843,762.538,750.637,756.5875,0.0157,0.2826,2.3857,758.2119,-1,-74490596,1391555.55,0,0.4444,-1,-5.803,0.0929,0
2026-05-12 13:45:00,754.1,755.7,752.9,753.6,1097195,754.815,757.6274,764.5176,-1,-3.5348,-3.8979,0.3631,1,40.7388,15.5007,29.3974,30.5057,1,20.3252,28.1681,-0.4623,761.3218,750.8832,756.1025,0.0138,0.2603,2.4153,757.0377,-1,-75587791,1247529.9,0,0.1786,-1,-5.853,0.0398,0
2026-05-12 14:00:00,753.55,755.0,752.05,753.0,1215142,754.452,757.2067,764.0659,-1,-3.465,-3.8113,0.3464,1,40.3202,14.1694,29.3473,29.2831,1,14.7287,19.8936,-0.5809,758.2604,752.6446,755.4525,0.0074,0.0633,2.4535,755.5094,-1,-76802933,1116838.6,0,0.1864,-1,-5.9279,0.0,0
2026-05-12 14:15:00,752.95,753.85,751.1,751.75,2099032,753.9116,756.7107,763.5829,-1,-3.4705,-3.7432,0.2727,1,40.2294,13.0447,29.7599,26.8674,1,8.7838,14.6126,-0.7263,758.4185,752.0215,755.22,0.0085,-0.0424,2.4747,755.1233,-1,-78901965,1148454.35,1,0.4364,-1,-6.0841,0.0,1
2026-05-12 14:30:00,751.75,753.0,751.25,752.35,1461066,753.5993,756.3142,763.1424,-1,-3.3874,-3.672,0.2846,1,40.1452,12.3717,28.2245,29.8585,1,16.8919,13.4681,-0.4696,758.4714,751.6286,755.05,0.0091,0.1054,2.4229,754.9029,-1,-77440899,1170035.15,0,0.3429,1,-6.0091,0.0798,0
2026-05-12 14:45:00,752.35,753.25,751.4,751.5,2661113,753.1794,755.8766,762.6858,-1,-3.3515,-3.6079,0.2564,1,39.8765,12.435,26.6588,28.1048,1,5.4054,10.3604,-0.5624,758.6145,751.1105,754.8625,0.0099,0.0519,2.382,754.5041,-1,-80102012,1180791.45,1,0.4595,-1,-6.1153,0.0,0
2026-05-12 15:00:00,751.6,751.8,748.0,748.85,8344809,752.3135,755.2378,762.1433,-1,-3.4966,-3.5857,0.089,1,40.6234,11.0759,33.5246,23.4755,1,8.5427,10.28,-0.6171,758.6955,750.1095,754.4025,0.0114,-0.1467,2.4833,753.0791,-1,-88446821,1548052.75,1,0.7237,-1,-6.4464,0.0,1
2026-05-12 15:15:00,748.95,755.4,748.95,755.0,4594231,752.8508,755.2162,761.8631,-1,-3.0798,-3.4845,0.4047,1,39.1691,18.4783,27.8699,45.7915,0,73.6842,29.2108,0.2257,758.5928,750.1122,754.3525,0.0112,0.5764,2.7737,752.9961,1,-83852590,1737910.05,1,0.938,1,-5.6781,0.8213,0
2026-05-13 09:15:00,751.0,758.35,750.15,750.4,1088916,752.3607,754.7783,761.4136,-1,-3.0852,-3.4046,0.3195,1,36.5299,21.7201,22.7063,37.0811,0,23.1884,35.1384,-0.5698,758.6169,749.5631,754.09,0.012,0.0924,3.1613,752.9265,-1,-84941506,1751648.6,0,0.0732,-1,-6.2527,0.207,0
2026-05-13 09:30:00,750.35,750.8,747.6,750.35,1499438,751.9585,754.3758,760.9797,-1,-3.0582,-3.3353,0.2772,1,34.9351,20.151,26.8226,36.9988,0,25.5814,40.818,-0.6159,758.6124,749.0726,753.8425,0.0127,0.1339,3.1641,752.7206,-1,-86440944,1779507.25,0,0.0,1,-6.259,0.2003,1
2026-05-13 09:45:00,750.35,751.5,748.5,750.95,1064885,751.7568,754.0643,760.5864,-1,-2.9543,-3.2591,0.3048,1,33.169,20.3673,24.9993,38.7571,0,31.1628,26.6442,-0.4045,758.3877,748.7773,753.5825,0.0128,0.2261,3.1524,752.5741,-1,-85376059,1785245.95,0,0.2,1,-6.184,0.2804,1
2026-05-13 10:00:00,750.8,752.7,750.5,751.45,826351,751.6955,753.8267,760.2281,-1,-2.7994,-3.1672,0.3678,1,31.0518,22.1087,23.7256,40.2536,0,35.814,30.8527,-0.2853,757.905,748.695,753.3,0.0122,0.2991,3.0843,752.4726,-1,-84549708,1793497.7,0,0.2955,1,-6.1216,0.3472,1
2026-05-13 10:15:00,751.45,753.75,750.9,752.0,1402952,751.7564,753.6606,759.9054,-1,-2.6022,-3.0542,0.452,1,28.9815,23.0864,22.1512,41.9344,0,40.9302,35.969,-0.1328,757.2597,748.8003,753.03,0.0112,0.3782,3.0676,752.344,-1,-83146756,1820812.25,0,0.193,1,-6.0528,0.4206,1
2026-05-13 10:30:00,752.0,753.95,750.65,752.65,1193506,751.9351,753.5687,759.6209,-1,-2.3662,-2.9166,0.5504,1,26.9594,21.322,21.0372,43.9415,0,46.9767,41.2403,0.1197,756.5611,749.0389,752.8,0.01,0.4801,3.0842,752.2724,1,-81953250,1851789.6,0,0.197,1,-5.9716,0.5074,0
2026-05-13 10:45:00,752.6,753.5,750.15,750.5,552218,751.6481,753.2898,759.2632,-1,-2.3259,-2.7984,0.4726,1,25.1913,19.6779,20.5659,39.1241,0,26.9767,38.2946,-0.2459,756.1342,748.9258,752.53,0.0096,0.2184,3.1032,752.1624,-1,-82505468,1835727.45,0,0.6269,-1,-6.2402,0.2203,1
2026-05-13 11:00:00,750.25,751.95,750.1,751.85,596160,751.6885,753.1589,758.9725,-1,-2.1601,-2.6708,0.5107,1,23.571,18.815,19.7827,43.3256,0,39.5349,37.8295,0.0466,755.63,749.04,752.335,0.0088,0.4264,3.0137,752.043,-1,-81909308,1814866.0,0,0.8649,1,-6.0716,0.4006,0
2026-05-13 11:15:00,751.85,752.5,750.5,750.65,365219,751.4808,752.9308,758.6461,-1,-2.1013,-2.5569,0.4556,1,21.9653,19.2369,18.8218,40.6406,0,28.3721,31.6279,0.2404,755.52,748.865,752.1925,0.0088,0.2682,2.9413,751.9783,-1,-82274527,1788213.75,0,0.6,-1,-6.2215,0.2404,1
2026-05-13 11:30:00,750.65,756.25,750.5,755.95,794840,752.3746,753.2053,758.5404,-1,-1.6085,-2.3672,0.7587,1,21.9218,25.2475,16.3614,54.1545,0,77.6744,48.5271,0.1258,756.0102,748.6398,752.325,0.0098,0.9918,3.1419,751.9949,1,-81479687,1781897.8,0,0.9217,1,-5.5594,0.9481,0
2026-05-13 11:45:00,755.85,756.6,754.05,754.05,977056,752.7097,753.2821,758.3643,-1,-1.3556,-2.1649,0.8093,1,21.9947,24.5705,15.4,49.7792,0,60.0,55.3488,0.4864,755.904,748.681,752.2925,0.0096,0.7433,3.0996,751.9771,1,-82456743,1749224.2,0,0.7059,-1,-5.7967,0.6944,1
2026-05-13 12:00:00,754.15,755.95,754.1,755.95,456370,753.3578,753.5246,758.2696,-1,-0.9905,-1.93,0.9395,1,22.0625,23.4641,14.7065,53.799,0,77.6744,71.7829,0.7463,756.1141,748.5659,752.34,0.01,0.9783,3.0139,751.8022,1,-82000373,1668915.45,0,0.973,1,-5.5594,0.9481,1
2026-05-13 12:15:00,755.95,756.7,755.15,756.3,636513,753.9462,753.7769,758.1924,1,-0.6652,-1.677,1.0118,1,22.3882,24.4125,14.1469,54.5212,0,80.9302,72.8682,0.7124,756.5508,748.3592,752.455,0.0109,0.9694,2.9094,751.7946,1,-81363860,1646350.6,0,0.2258,1,-5.5156,0.9949,0
2026-05-13 12:30:00,756.35,756.6,752.95,754.25,1516388,754.007,753.8199,758.0378,1,-0.5663,-1.4549,0.8886,1,21.5052,22.2639,18.2066,49.6282,0,61.8605,73.4884,0.3726,756.6292,748.3458,752.4875,0.011,0.7128,2.9623,751.8475,1,-82880248,1667310.25,0,0.5753,-1,-5.7718,0.7211,1
2026-05-13 12:45:00,754.35,759.85,754.15,759.8,792565,755.1656,754.3636,758.1069,1,-0.0397,-1.1719,1.1322,1,21.7941,26.7448,15.8592,60.0749,0,99.5918,80.7942,1.0372,758.0556,747.5994,752.8275,0.0139,1.1668,3.1578,751.9385,1,-82087683,1646181.4,0,0.9561,1,-5.0784,1.4622,0
2026-05-13 13:00:00,759.9,759.95,755.75,755.95,1699821,755.3225,754.5078,758.0223,1,0.0663,-0.9242,0.9905,1,22.0927,24.4834,14.3872,52.0159,0,65.0655,75.5059,0.4385,758.411,747.664,753.0375,0.0143,0.771,3.2323,752.1953,1,-83787504,1626220.85,0,0.9405,-1,-5.5594,0.9481,0
2026-05-13 13:15:00,756.0,756.1,753.95,754.95,625015,755.248,754.548,757.9018,1,0.0688,-0.7256,0.7944,1,21.4767,23.2917,17.7621,50.1346,0,49.2386,71.2986,0.5929,758.5938,747.7412,753.1675,0.0144,0.6642,3.155,752.2504,1,-84412519,1584418.3,0,0.4884,-1,-5.6843,0.8146,1
2026-05-13 13:30:00,754.75,756.05,754.55,755.2,519855,755.2384,754.6073,757.7959,1,0.0899,-0.5625,0.6524,1,20.9047,22.4699,17.1355,50.6155,0,51.7766,55.3602,0.4456,758.791,747.914,753.3525,0.0144,0.6699,3.0367,752.3215,1,-83892664,1477355.4,0,0.3,1,-5.6531,0.848,0
2026-05-13 13:45:00,755.1,755.75,754.05,754.2,1191634,755.0307,754.5702,757.6549,1,0.0256,-0.4449,0.4705,1,20.1224,21.5422,17.6423,48.5968,0,41.6244,47.5465,0.4729,758.6579,748.5821,753.62,0.0134,0.5576,2.9413,753.4791,1,-85084298,1119696.65,0,0.5294,-1,-5.778,0.7144,1
2026-05-13 14:00:00,754.25,755.45,753.95,754.6,643672,754.9446,754.5729,757.5351,1,0.0069,-0.3545,0.3614,1,19.344,20.7291,17.228,49.465,0,45.6853,46.3621,-0.1786,758.619,748.581,753.6,0.0133,0.5996,2.8383,753.6109,1,-84440626,922168.7,0,0.2333,1,-5.728,0.7678,0
2026-05-13 14:15:00,754.7,755.4,753.45,753.95,1199099,754.7456,754.5163,757.3945,1,-0.0597,-0.2956,0.2359,1,18.3522,19.6885,17.6503,48.0449,0,39.0863,42.132,-0.0133,758.5775,748.9775,753.7775,0.0127,0.518,2.7749,753.691,1,-85639725,927677.85,0,0.3846,-1,-5.8092,0.681,0
2026-05-13 14:30:00,754.05,754.75,752.05,752.65,904878,754.3265,754.3466,757.2084,-1,-0.2149,-0.2794,0.0645,1,17.3606,18.3175,20.0319,45.2469,0,22.7513,35.841,-0.4365,758.4633,749.3217,753.8925,0.0121,0.3641,2.7695,754.0067,-1,-86544603,897949.85,0,0.5185,-1,-5.9716,0.5074,1
2026-05-13 14:45:00,752.65,753.85,751.95,752.85,851119,754.0312,754.2106,757.0375,-1,-0.3181,-0.2872,-0.0309,-1,16.489,17.3993,19.2916,45.7702,0,24.8677,28.9018,-0.4562,758.3854,749.5896,753.9875,0.0117,0.3707,2.7074,754.1743,-1,-85693484,887261.55,0,0.1053,1,-5.9467,0.5342,0
2026-05-13 15:00:00,752.85,752.85,748.4,750.15,2524885,753.255,753.8414,756.7674,-1,-0.6107,-0.3519,-0.2588,-1,17.1403,15.4464,26.0804,40.1868,0,15.1515,20.9235,-0.5436,758.5032,749.3418,753.9225,0.0122,0.0882,2.8319,753.8044,-1,-88218369,972188.25,1,0.6067,-1,-6.284,0.1736,0
2026-05-13 15:15:00,750.1,750.3,748.35,749.15,2028101,752.434,753.4149,756.4687,-1,-0.9128,-0.464,-0.4487,-1,17.7624,14.6694,24.8975,38.3223,0,6.8966,15.6386,-1.4017,758.7517,748.8083,753.78,0.0132,0.0344,2.7689,753.4568,-1,-90246470,1003445.7,1,0.4872,-1,-6.4089,0.0401,1
2026-05-14 09:15:00,750.85,754.6,750.6,754.0,952106,752.7472,753.4681,756.3719,-1,-0.7521,-0.5217,-0.2305,-1,16.7319,23.1154,21.6235,50.3536,0,48.7069,23.585,-0.258,758.7925,748.9025,753.8475,0.0131,0.5154,2.9604,753.5007,1,-89294364,991375.7,0,0.7875,1,-5.803,0.6877,0
2026-05-14 09:30:00,754.15,754.9,752.2,752.3,1555178,752.6577,753.3619,756.2122,-1,-0.7533,-0.568,-0.1853,-1,15.8932,22.3285,20.2059,46.9001,0,34.0517,29.8851,-0.351,758.6976,749.1774,753.9375,0.0126,0.328,2.9418,753.5294,-1,-90849542,1041523.7,0,0.6852,-1,-6.0154,0.4607,1
2026-05-14 09:45:00,752.3,753.9,750.6,753.35,1908344,752.7962,753.3609,756.0999,-1,-0.6619,-0.5868,-0.0751,-1,15.0731,20.5548,22.4523,49.2168,0,43.1034,41.954,-0.245,758.6852,749.3398,754.0125,0.0124,0.4291,2.9674,753.5107,-1,-88941198,1107132.9,1,0.3182,1,-5.8842,0.6009,0
2026-05-14 10:00:00,753.6,754.25,752.7,753.1,957056,752.857,753.3371,755.9823,-1,-0.6027,-0.59,-0.0127,-1,14.1575,20.6331,21.585,48.6723,0,40.9483,39.3678,-0.1458,758.5711,749.6989,754.135,0.0118,0.3833,2.8661,753.5408,-1,-89898254,1136724.75,0,0.3226,-1,-5.9154,0.5675,0
2026-05-14 10:15:00,753.05,753.1,750.35,751.0,681741,752.4856,753.1247,755.7869,-1,-0.7169,-0.6153,-0.1016,-1,14.2148,19.2149,25.9749,44.2444,0,34.1935,39.4151,-0.4771,758.4417,749.3333,753.8875,0.0121,0.183,2.8578,753.4545,-1,-90579995,1131069.8,0,0.7455,-1,-6.1778,0.2871,0
2026-05-14 10:30:00,751.0,752.4,749.0,749.15,800548,751.8185,752.7633,755.5266,-1,-0.9459,-0.6815,-0.2644,-1,14.72,17.6038,27.1262,40.7292,0,10.3896,28.5105,-0.6366,758.6409,748.6441,753.6425,0.0133,0.0506,2.8966,753.2749,-1,-91380543,1122244.4,0,0.5441,-1,-6.4089,0.0401,0
2026-05-14 10:45:00,749.0,750.4,747.05,748.35,1384179,751.1248,752.3621,755.2452,-1,-1.1783,-0.7808,-0.3974,-1,15.7726,16.1657,29.6655,39.2759,0,14.9425,19.8419,-0.5713,758.6425,747.8825,753.2625,0.0143,0.0434,2.929,752.9578,-1,-92764722,1168634.85,0,0.194,-1,-6.5088,0.0,1
2026-05-14 11:00:00,748.35,752.3,748.3,752.0,525448,751.2998,752.3292,755.1179,-1,-1.0557,-0.8358,-0.2199,-1,15.842,19.1445,26.8454,48.3337,0,58.9286,28.0869,-0.1129,758.266,747.829,753.0475,0.0139,0.3996,3.0055,752.826,-1,-92239274,1163081.6,0,0.9125,1,-6.0528,0.4877,1
2026-05-14 11:15:00,752.05,764.3,752.0,762.0,2520284,753.4398,753.2084,755.3878,1,-0.15,-0.6986,0.5486,1,16.8534,37.9201,20.4177,64.1231,0,86.6667,53.5126,1.5797,759.9444,746.9256,753.435,0.0173,1.1579,3.6694,753.4014,1,-89718990,1213276.4,1,0.8089,1,-4.8035,1.824,1
2026-05-14 11:30:00,761.95,775.2,761.95,771.3,3923937,757.0119,754.8531,756.0118,1,1.3032,-0.2983,1.6015,1,19.1998,47.5599,15.9792,72.5307,-1,86.1456,77.247,2.9567,763.8476,744.1724,754.01,0.0261,1.3788,4.3537,755.5736,1,-85795053,1369845.0,1,0.7057,1,-3.6417,3.0667,1
2026-05-14 11:45:00,771.45,773.0,767.15,772.0,3888098,760.0095,756.4119,756.6388,1,2.4828,0.2579,2.2248,1,21.3786,43.1045,14.4823,73.0428,-1,88.6323,87.1482,2.3873,767.3894,742.2356,754.8125,0.0333,1.1833,4.4606,757.4693,1,-81906955,1479258.85,1,0.094,1,-3.5543,3.1603,0
2026-05-14 12:00:00,771.95,771.95,767.75,769.8,1568285,761.9676,757.629,757.1549,1,3.2031,0.847,2.3561,1,23.4018,40.1611,13.4933,68.7077,-1,80.8171,85.1983,2.3262,769.7287,741.3813,755.555,0.0375,1.0025,4.4455,758.155,1,-83475240,1526422.35,0,0.5119,-1,-3.8291,2.8663,0
2026-05-14 12:15:00,769.8,771.45,769.4,769.65,1033221,763.5041,758.7218,757.645,1,3.719,1.4214,2.2977,1,25.2804,38.7853,13.0311,68.4095,-1,80.2842,83.2445,2.1637,771.7214,740.8336,756.2775,0.0408,0.9329,4.2744,758.6032,1,-84508461,1552090.65,0,0.0732,-1,-3.8478,2.8463,1
2026-05-14 12:30:00,769.65,769.9,768.25,769.75,930351,764.7533,759.7244,758.1197,1,4.0888,1.9549,2.134,1,26.6142,37.6668,14.6652,68.5076,-1,80.6394,80.5802,2.2109,773.5333,740.5767,757.055,0.0435,0.8852,4.087,759.0789,1,-83578110,1539026.5,0,0.0606,1,-3.8353,2.8596,1
2026-05-14 12:45:00,769.8,771.75,769.5,771.0,1708576,766.0026,760.7494,758.6248,1,4.4317,2.4502,1.9814,1,28.1025,39.477,14.0693,69.7713,-1,85.0799,82.0012,2.6631,775.3831,740.3669,757.875,0.0462,0.8748,3.9557,759.7943,1,-81869534,1592271.7,0,0.5333,1,-3.6792,3.0267,1
2026-05-14 13:00:00,771.0,773.4,770.05,771.6,881945,767.1221,761.7358,759.1336,1,4.6977,2.8997,1.7979,1,29.6966,40.0749,13.2089,70.3856,-1,87.2114,84.3102,2.9967,777.1426,740.3724,758.7575,0.0485,0.8493,3.9125,760.3371,1,-80987589,1576414.0,0,0.1791,1,-3.6042,3.1068,1
2026-05-14 13:15:00,771.8,776.3,771.15,774.8,5331581,768.6577,762.9235,759.748,1,5.1078,3.3413,1.7664,1,31.5192,41.5677,11.9944,73.4808,-1,94.8718,89.0544,3.5344,779.2845,740.4455,759.865,0.0511,0.8845,4.0009,762.5563,1,-75656008,1797749.15,1,0.5825,1,-3.2044,3.5344,1
2026-05-14 13:30:00,774.8,777.0,774.1,775.85,1947757,770.0961,764.0986,760.3794,1,5.4547,3.764,1.6907,1,33.2901,40.6472,11.3609,74.4254,-1,96.1603,92.7478,3.1715,781.3396,740.6904,761.015,0.0534,0.865,3.9222,763.4669,1,-73708251,1852581.05,0,0.3621,1,-3.0733,3.6748,1
2026-05-14 13:45:00,775.9,777.8,774.1,777.65,3558122,771.6069,765.3306,761.0567,1,5.8078,4.1728,1.6351,1,35.0258,39.36,10.5923,76.0033,-1,99.5122,96.8481,2.0538,783.3008,741.4792,762.39,0.0549,0.8649,3.9064,765.5479,1,-70150129,1904242.9,1,0.473,1,-2.8484,3.9153,0
2026-05-14 14:00:00,777.7,778.3,775.2,775.8,1256526,772.4455,766.2823,761.6349,1,5.8708,4.5124,1.3584,1,36.6961,38.0235,9.9829,71.1448,-1,92.0,95.8908,0.5834,784.4846,742.9604,763.7225,0.0544,0.7909,3.8488,766.7994,1,-71406655,1865664.15,0,0.6129,-1,-3.0795,3.6681,1
2026-05-14 14:15:00,775.75,776.45,774.45,776.1,1102703,773.1764,767.1748,762.2021,1,5.8772,4.7853,1.0918,1,37.9045,36.562,11.0406,71.4634,-1,92.6667,94.7263,0.5311,785.754,743.901,764.8275,0.0547,0.7693,3.7167,767.4094,1,-70303952,1873194.0,0,0.175,1,-3.042,3.7082,0
2026-05-14 14:30:00,776.05,776.3,773.0,773.75,1679630,773.2911,767.7726,762.655,1,5.6277,4.9538,0.6739,1,38.3759,34.2245,13.1439,65.3747,-1,82.6996,89.1221,0.5131,786.3414,745.4586,765.9,0.0534,0.692,3.6869,768.3102,1,-71983582,1879416.6,0,0.697,-1,-3.3356,3.3941,0
2026-05-14 14:45:00,773.85,773.85,771.0,772.15,1643726,773.0629,768.1705,763.0273,1,5.2405,5.0111,0.2293,1,37.9779,32.3037,16.3447,61.5309,0,62.3853,79.2505,0.3248,786.6043,747.0757,766.84,0.0515,0.6343,3.6272,769.2898,1,-73627308,1866185.7,0,0.5965,-1,-3.5355,3.1803,0
2026-05-14 15:00:00,772.1,772.1,767.35,769.25,4917113,772.3003,768.2687,763.2714,1,4.646,4.9381,-0.2921,-1,36.3062,29.3191,21.8602,55.1961,0,18.8341,54.6397,-0.065,786.3938,748.9012,767.6475,0.0488,0.5427,3.7109,769.6923,-1,-78544421,2064188.55,1,0.6,-1,-3.8978,2.7928,1
2026-05-14 15:15:00,769.25,771.4,768.2,770.1,2625240,771.8603,768.4352,763.5392,1,4.1952,4.7895,-0.5944,-1,34.7539,27.4953,20.5003,56.6063,0,25.1142,35.4445,-0.1167,785.7358,751.4692,768.6025,0.0446,0.5437,3.6744,769.9921,1,-75919181,2161363.5,0,0.2656,1,-3.7916,2.9064,1
2026-05-15 09:15:00,773.9,781.8,768.05,781.6,1260153,773.8082,769.632,764.2474,1,4.7115,4.7739,-0.0624,-1,35.2167,38.2555,15.9183,70.2494,-1,98.6159,47.5214,1.296,785.7533,754.6967,770.225,0.0403,0.8663,4.3941,770.5615,1,-74659028,2184343.75,0,0.56,1,-2.3549,4.4431,0
2026-05-15 09:30:00,781.55,781.55,778.4,779.7,1280810,774.9866,770.5472,764.8534,1,4.9108,4.8013,0.1095,1,35.6464,36.2261,15.0738,66.5278,-1,85.4671,69.7324,0.6324,784.1841,759.4009,771.7925,0.0321,0.8191,4.3088,771.533,1,-75939838,2179175.3,0,0.5873,-1,-2.5923,4.1892,0
2026-05-15 09:45:00,780.0,780.4,776.5,776.55,1085510,775.2993,771.0929,765.3121,1,4.7596,4.793,-0.0333,-1,35.4198,33.8681,17.2638,60.7789,0,63.6678,82.5836,0.0902,781.605,764.435,773.02,0.0222,0.7056,4.2796,771.9335,1,-77025348,2207178.4,0,0.8846,-1,-2.9858,3.7683,1
2026-05-15 10:00:00,776.5,778.3,775.6,778.0,870194,775.8394,771.7209,765.8097,1,4.7027,4.7749,-0.0722,-1,34.9191,32.3005,18.0076,62.39,0,73.7024,74.2791,0.045,781.0182,766.6218,773.82,0.0186,0.7903,4.1668,772.7848,1,-76155154,2124673.9,0,0.5556,1,-2.8047,3.962,1
2026-05-15 10:15:00,778.0,780.8,777.35,779.45,1478029,776.5615,772.4235,766.3446,1,4.7201,4.7639,-0.0438,-1,34.8839,34.7054,16.9293,63.9833,0,83.737,73.7024,0.4705,781.7255,766.7295,774.2275,0.0194,0.8483,4.1156,773.345,1,-74677125,2002378.5,0,0.4203,1,-2.6235,4.1558,1
2026-05-15 10:30:00,779.3,780.2,778.4,780.0,475689,777.2492,773.1123,766.8801,1,4.7239,4.7559,-0.0321,-1,34.8513,33.5758,16.3783,64.596,0,87.5433,81.6609,0.5025,782.4538,766.8012,774.6275,0.0202,0.8432,3.9502,773.7043,1,-74201436,1831758.05,0,0.3889,1,-2.5548,4.2293,1
2026-05-15 10:45:00,780.0,780.45,779.2,780.3,488351,777.8594,773.7657,767.4064,1,4.6969,4.7441,-0.0472,-1,34.8661,33.2532,15.9891,64.9462,0,89.6194,86.9666,0.8465,783.0216,767.2834,775.1525,0.0203,0.8271,3.7573,773.9613,1,-73713085,1777761.35,0,0.24,1,-2.5173,4.2694,0
2026-05-15 11:00:00,780.3,780.3,776.2,776.6,905584,777.6075,774.0234,767.7669,1,4.3271,4.6607,-0.3336,-1,33.8101,30.6781,20.4172,57.4032,0,64.0138,80.3922,0.5763,782.9702,768.0298,775.5,0.0193,0.5736,3.7818,774.1675,1,-74618669,1771379.5,0,0.9024,-1,-2.9796,3.775,0
2026-05-15 11:15:00,776.65,776.7,774.4,775.1,835217,777.106,774.1212,768.0545,1,3.8684,4.5023,-0.6339,-1,32.256,29.307,23.0023,54.633,0,53.6332,69.0888,0.7605,782.763,768.772,775.7675,0.018,0.4523,3.676,774.3248,1,-75453886,1766622.8,0,0.6739,-1,-3.167,3.5745,1
2026-05-15 11:30:00,774.85,776.75,773.25,775.75,674053,776.8348,774.2693,768.3562,1,3.5168,4.3052,-0.7884,-1,30.4609,27.307,23.6748,55.6322,0,58.1315,58.5928,0.7337,782.6507,769.3593,776.005,0.0171,0.4808,3.6634,774.5211,1,-74779833,1714896.65,0,0.2571,1,-3.0858,3.6614,0
2026-05-15 11:45:00,775.75,775.85,774.0,774.4,488368,776.3478,774.2812,768.5933,1,3.0935,4.0628,-0.9693,-1,28.794,26.2859,22.7896,53.0202,0,48.7889,53.5179,-0.9212,782.5264,769.7636,776.145,0.0164,0.3633,3.5339,774.5982,-1,-75268201,1695217.8,0,0.7297,-1,-3.2544,3.481,1
2026-05-15 12:00:00,774.4,777.35,773.7,776.65,483312,776.4083,774.4965,768.9092,1,2.9061,3.8315,-0.9253,-1,27.66,27.376,21.1122,56.6715,0,64.3599,57.0934,-0.3912,782.5918,769.8832,776.2375,0.0164,0.5325,3.5422,774.7143,1,-74784889,1452804.35,0,0.6164,1,-2.9733,3.7817,0
2026-05-15 12:15:00,776.7,776.7,774.3,774.6,553104,776.0466,774.5059,769.1324,1,2.5627,3.5777,-1.015,-1,26.607,26.0199,20.0663,52.656,0,47.6364,53.5951,-0.2511,782.5678,769.7822,776.175,0.0165,0.3768,3.4606,774.6582,-1,-75337993,1383071.7,0,0.875,-1,-3.2294,3.5077,1
2026-05-15 12:30:00,774.7,776.5,774.3,776.5,413770,776.1373,774.6872,769.4213,1,2.416,3.3454,-0.9294,-1,25.6293,24.8067,19.1308,55.7832,0,61.4545,57.8169,-0.1928,782.4768,769.7582,776.1175,0.0164,0.5301,3.3705,774.4072,1,-74924223,1225854.1,0,0.8182,1,-2.9921,3.7616,0
2026-05-15 12:45:00,776.25,777.15,775.55,776.4,587809,776.1898,774.8429,769.695,1,2.2655,3.1294,-0.8639,-1,24.9245,25.364,18.4568,55.5751,0,37.9518,49.0142,-0.3913,782.5062,769.7888,776.1475,0.0164,0.5199,3.2441,774.3487,1,-75512032,1192418.25,0,0.0937,1,-3.0046,3.7482,0
2026-05-15 13:00:00,776.45,776.65,775.1,775.95,495598,776.1419,774.9436,769.9403,1,2.0859,2.9207,-0.8348,-1,24.0735,24.4648,18.8317,54.5884,0,35.7616,45.056,-0.5192,782.4992,769.7808,776.14,0.0164,0.4851,3.1231,774.3192,1,-76007630,1162063.0,0,0.3226,-1,-3.0608,3.6881,1
2026-05-15 13:15:00,775.95,777.2,775.0,776.9,404471,776.2935,775.1214,770.2132,1,1.9972,2.736,-0.7388,-1,23.4718,24.4923,17.8637,56.3503,0,48.3444,40.6859,-0.4357,782.5675,770.0275,776.2975,0.0162,0.548,3.0571,774.3546,1,-75603159,1098305.05,0,0.4318,1,-2.9421,3.8151,0
2026-05-15 13:30:00,776.6,777.0,772.5,773.7,1801459,775.7748,774.9922,770.3499,1,1.6497,2.5187,-0.8691,-1,21.8449,22.0012,21.6974,49.3979,0,14.4578,32.8546,-0.3734,782.4741,770.2759,776.375,0.0157,0.2807,3.1602,774.5085,-1,-77404618,1106191.7,1,0.6444,-1,-3.3419,3.3875,0
2026-05-15 13:45:00,773.7,774.25,771.7,773.1,795014,775.2398,774.8202,770.4578,1,1.3107,2.2771,-0.9664,-1,20.5417,20.7154,22.2629,48.1971,0,16.0,26.2674,-0.258,781.9566,771.1784,776.5675,0.0139,0.1783,3.1166,775.7924,-1,-78199632,900086.75,0,0.2353,-1,-3.4168,3.3073,0
2026-05-15 14:00:00,773.0,773.35,772.2,773.1,486026,774.8119,774.6638,770.5614,1,1.0302,2.0278,-0.9975,-1,19.3316,20.1436,21.6484,48.1971,0,16.0,15.4859,-0.3416,781.5124,771.9226,776.7175,0.0123,0.1228,2.9761,776.6785,-1,-77713606,793126.05,0,0.087,1,-3.4168,3.3073,0
2026-05-15 14:15:00,773.1,773.4,771.2,771.7,706902,774.1895,774.3944,770.6061,-1,0.6871,1.7596,-1.0726,-1,18.6091,19.0598,22.9293,45.2225,0,5.4945,12.4982,-0.3487,780.9425,771.5025,776.2225,0.0122,0.0209,2.9207,776.4283,-1,-78420508,765463.5,0,0.6364,-1,-3.5917,3.1202,0
2026-05-15 14:30:00,771.7,771.8,769.6,770.85,1237722,773.5216,774.0722,770.6156,-1,0.3426,1.4762,-1.1336,-1,18.5295,18.016,25.6566,43.4683,0,16.129,12.5412,-0.7468,780.7649,770.7951,775.78,0.0129,0.0055,2.8692,775.678,-1,-79658230,763309.1,1,0.3864,-1,-3.6979,3.0066,0
2026-05-15 14:45:00,771.0,771.0,766.55,768.05,1386243,772.4273,773.5247,770.515,-1,-0.1546,1.15,-1.3047,-1,19.385,16.0957,30.2274,38.2104,0,13.8889,11.8375,-0.8456,781.3516,769.3584,775.355,0.0155,-0.1091,2.9821,774.8926,-1,-81044473,778345.75,1,0.6629,-1,-4.0477,2.6325,0
2026-05-15 15:00:00,767.8,768.9,766.9,767.1,1783251,771.3618,772.9406,770.3811,-1,-0.6182,0.7964,-1.4146,-1,20.1794,15.3061,28.7445,36.5931,0,5.0926,11.7035,-1.2106,781.6657,767.9543,774.81,0.0177,-0.0623,2.912,773.98,-1,-82827724,823998.6,1,0.35,-1,-4.1664,2.5055,1
2026-05-15 15:15:00,767.1,770.0,765.45,769.8,1778539,771.0495,772.6551,770.3583,-1,-0.7589,0.4853,-1.2443,-1,21.3142,13.6638,29.0796,43.8653,0,36.5546,18.512,-0.8501,781.1673,767.4877,774.3275,0.0177,0.169,3.029,772.9306,-1,-81049185,839024.1,1,0.5934,1,-3.8291,2.8663,0
2026-05-18 09:15:00,758.85,758.85,751.45,752.25,795779,767.2896,770.8001,769.6482,-1,-2.2605,-0.0638,-2.1967,-1,24.4416,9.3204,44.0881,24.3312,1,3.1068,14.918,-3.0543,784.3475,761.5325,772.94,0.0295,-0.4069,4.1233,771.8745,-1,-81844964,855028.6,0,0.8919,-1,-6.0216,0.5211,1
2026-05-18 09:30:00,752.3,754.9,752.15,754.55,884897,764.7417,769.3228,769.0561,-1,-3.2278,-0.6966,-2.5312,-1,27.3456,8.8655,41.9366,28.8058,1,12.0388,17.2334,-2.8768,785.0803,758.2247,771.6525,0.0348,-0.1368,4.0252,770.7375,-1,-80960067,874855.9,0,0.8182,1,-5.7343,0.8285,1
2026-05-18 09:45:00,754.4,755.75,752.65,755.75,1087067,762.9433,768.0889,768.5343,-1,-3.8531,-1.3279,-2.5252,-1,29.6768,9.9032,39.5912,31.0952,1,16.699,10.6149,-2.32,785.4976,755.7224,770.61,0.0386,0.0009,3.9592,769.3957,-1,-79873000,883930.05,0,0.4355,1,-5.5844,0.9888,1
2026-05-18 10:00:00,755.65,757.2,755.65,756.9,917064,761.7347,767.0718,768.078,-1,-4.2074,-1.9038,-2.3036,-1,31.2261,12.3486,38.4337,33.3085,1,21.165,16.6343,-2.0955,785.571,753.829,769.7,0.0412,0.0967,3.7871,768.4517,-1,-78955936,888022.4,0,0.8065,1,-5.4407,1.1425,1
2026-05-18 10:15:00,756.9,758.65,756.6,758.45,818367,761.0777,766.288,767.7005,-1,-4.3133,-2.3857,-1.9276,-1,32.072,14.6824,36.8973,36.2795,0,27.1845,21.6828,-1.895,785.1717,752.4983,768.835,0.0425,0.1822,3.663,767.7135,-1,-78137569,895238.1,0,0.7561,1,-5.247,1.3496,1
2026-05-18 10:30:00,758.45,761.5,758.0,760.0,978876,760.8622,765.7163,767.3985,-1,-4.2236,-2.7533,-1.4703,-1,31.795,19.2524,34.3711,39.1965,0,33.4638,27.2711,-1.5161,784.6749,751.5551,768.115,0.0431,0.255,3.6514,767.1074,-1,-77158693,919763.5,0,0.4429,1,-5.0534,1.5568,1
2026-05-18 10:45:00,760.0,761.65,759.55,761.35,669631,760.9597,765.3194,767.1613,-1,-3.9974,-3.0021,-0.9953,-1,31.4842,18.7394,32.9149,41.6999,0,43.4211,34.6898,-1.2324,783.674,751.026,767.35,0.0425,0.3162,3.5405,766.6532,-1,-76489062,929079.45,0,0.6429,1,-4.8848,1.7372,1
2026-05-18 11:00:00,761.35,763.5,761.05,763.1,725614,761.3878,765.1176,767.002,-1,-3.635,-3.1287,-0.5063,-1,30.5383,21.6085,31.2514,44.8685,0,53.0752,43.32,-0.6445,782.8452,750.7048,766.775,0.0419,0.3857,3.4626,766.2424,-1,-75763448,937704.95,0,0.7143,1,-4.6661,1.971,1
2026-05-18 11:15:00,763.2,765.75,763.1,764.65,1127277,762.0402,765.0751,766.9098,-1,-3.1861,-3.1402,-0.0459,-1,28.9304,25.1277,29.5139,47.5858,0,60.1367,52.211,-0.3194,781.6368,750.7282,766.1825,0.0403,0.4504,3.4046,765.939,-1,-74636171,973380.3,0,0.5472,1,-4.4725,2.1781,1
2026-05-18 11:30:00,764.7,769.0,764.65,767.25,1395443,763.0822,765.2728,766.9231,-1,-2.5906,-3.0303,0.4397,1,27.2047,29.5649,26.8728,51.871,0,77.6413,63.6177,-0.3313,780.4677,750.9823,765.725,0.0385,0.5517,3.4721,765.7075,1,-73240728,1013762.0,0,0.5862,1,-4.1477,2.5256,0
2026-05-18 11:45:00,767.2,767.4,764.45,764.45,989072,763.3558,765.198,766.8261,-1,-2.3179,-2.8878,0.5699,1,25.5439,27.7512,25.6401,47.3787,0,66.4962,68.0914,1.6218,779.1299,751.1701,765.15,0.0365,0.475,3.4348,765.4512,-1,-74229800,1038435.7,0,0.9322,-1,-4.4975,2.1514,1
2026-05-18 12:00:00,764.5,767.55,764.0,767.5,935158,764.1846,765.4073,766.8526,-1,-1.8345,-2.6771,0.8426,1,23.8642,25.7074,24.6854,52.2317,0,86.5229,76.8868,1.7163,777.6433,751.7167,764.68,0.0339,0.6088,3.4431,765.2834,1,-73294642,1064970.05,0,0.8451,1,-4.1164,2.559,1
2026-05-18 12:15:00,767.55,770.0,767.55,769.45,701237,765.2377,765.7748,766.9544,-1,-1.2794,-2.3976,1.1182,1,22.9901,29.5316,23.3795,55.0839,0,97.035,83.3514,1.8128,776.9633,751.9717,764.4675,0.0327,0.6994,3.3757,764.5993,1,-72593405,1009958.95,0,0.7755,1,-3.8728,2.8195,1
2026-05-18 12:30:00,769.5,773.0,769.45,771.35,1272102,766.4601,766.2817,767.1268,1,-0.6783,-2.0537,1.3755,1,22.9007,33.646,21.6298,57.7321,0,92.3434,91.9671,1.9091,776.6554,752.1046,764.38,0.0321,0.7839,3.3881,764.6859,1,-71321303,1033813.35,0,0.5211,1,-3.6355,3.0734,1
2026-05-18 12:45:00,771.4,772.9,769.8,772.85,1030803,767.7381,766.8788,767.3512,1,-0.0799,-1.659,1.579,1,22.8177,31.4337,20.2076,59.7497,0,99.2806,96.2197,1.8986,776.6078,752.1272,764.3675,0.032,0.8465,3.3676,764.8461,1,-70290500,1061052.2,0,0.4677,1,-3.4481,3.2739,0
2026-05-18 13:00:00,772.7,773.8,771.35,772.2,771568,768.6305,767.3625,767.5414,1,0.3379,-1.2596,1.5975,1,22.9547,31.7146,19.1366,58.4477,0,92.435,94.6863,1.6053,776.6945,752.0905,764.3925,0.0322,0.8173,3.302,764.8809,1,-71062068,1064285.5,0,0.2041,-1,-3.5293,3.187,1
2026-05-18 13:15:00,772.0,773.7,771.6,772.8,868644,769.4644,767.8568,767.7476,1,0.7093,-0.8658,1.5751,1,23.0819,30.2355,18.2441,59.3287,0,94.4904,95.402,1.5039,777.0239,751.9561,764.49,0.0328,0.8315,3.2162,764.8583,1,-70193424,1045831.6,0,0.381,1,-3.4543,3.2672,0
2026-05-18 13:30:00,772.85,773.5,771.35,772.15,942401,770.0015,768.2471,767.9203,1,0.9404,-0.5046,1.4449,1,23.0914,28.7567,17.9205,57.8966,0,90.407,92.4441,1.186,777.5841,751.8059,764.695,0.0337,0.7892,3.14,764.9535,1,-71135825,1023639.5,0,0.3256,-1,-3.5355,3.1803,1
2026-05-18 13:45:00,772.2,774.05,771.0,773.05,916215,770.6112,768.6837,768.1214,1,1.1824,-0.1672,1.3496,1,23.2541,28.0112,16.6746,59.3594,0,93.7695,92.8889,1.0985,778.3559,751.6291,764.9925,0.0349,0.8015,3.1336,765.0718,1,-70219610,980287.7,0,0.2787,1,-3.4231,3.3006,0
2026-05-18 14:00:00,773.05,773.25,769.1,769.75,1434166,770.439,768.7807,768.1853,1,1.0954,0.0853,1.01,1,22.5589,25.4214,19.3658,52.1982,0,70.3448,84.8404,0.3258,778.3498,751.6302,764.99,0.0349,0.6781,3.2062,765.182,1,-71653776,963069.05,0,0.7952,-1,-3.8353,2.8596,0
2026-05-18 14:15:00,769.7,770.05,768.1,769.4,1262334,770.2312,768.837,768.2329,1,0.9868,0.2656,0.7212,1,21.501,24.2852,20.7923,51.4887,0,64.2308,76.115,0.6475,777.9707,753.7243,765.8475,0.0317,0.6465,3.1165,765.8817,1,-72916110,986396.8,0,0.1538,-1,-3.8791,2.8129,0
2026-05-18 14:30:00,769.3,769.8,766.0,766.8,1315690,769.5449,768.6518,768.1767,1,0.683,0.3491,0.3339,1,20.2055,22.2027,23.7482,46.439,0,33.79,56.1219,-0.0912,777.4202,755.4998,766.46,0.0286,0.5155,3.1653,766.5169,1,-74231800,1007936.45,0,0.6579,-1,-4.2039,2.4654,1
2026-05-18 14:45:00,766.95,768.25,766.75,767.7,916353,769.176,768.5653,768.158,1,0.5091,0.3811,0.128,1,19.0025,21.4218,22.913,48.3282,0,36.8159,44.9455,-0.2274,776.8587,757.2563,767.0575,0.0256,0.5328,3.0463,767.2068,1,-73315447,999400.75,0,0.5,1,-4.0914,2.5857,1
2026-05-18 15:00:00,767.7,771.35,767.35,767.8,3298446,768.9008,768.4957,768.144,1,0.375,0.3799,-0.0049,-1,18.5128,26.5663,20.811,48.5453,0,37.8109,36.1389,-0.4602,776.2252,758.9798,767.6025,0.0225,0.5115,3.1145,767.8822,-1,-70017001,1118469.85,1,0.025,1,-4.079,2.5991,1
2026-05-18 15:15:00,767.8,768.85,767.0,768.8,2245831,768.8806,768.5234,768.1697,1,0.3454,0.373,-0.0276,-1,17.9147,25.4055,20.7283,50.7733,0,47.7612,40.796,-0.524,775.6575,760.5825,768.12,0.0196,0.5451,3.0241,768.257,1,-67771170,1189843.05,1,0.5405,1,-3.954,2.7327,0
2026-05-19 09:15:00,767.05,769.6,766.7,767.85,1149722,768.6745,768.4622,768.1572,1,0.2425,0.3469,-0.1044,-1,17.6141,25.4369,19.3043,48.6195,0,22.9814,36.1845,-0.5633,775.0718,761.9532,768.5125,0.0171,0.4495,3.0153,768.5911,-1,-68920892,1198385.35,0,0.2759,1,-4.0727,2.6057,1
2026-05-19 09:30:00,768.0,769.35,764.7,769.05,1632686,768.7496,768.5156,768.1922,1,0.2548,0.3285,-0.0736,-1,16.5036,22.7394,21.8183,51.4226,0,46.5241,39.0889,-0.4852,774.5746,763.2204,768.8975,0.0148,0.5134,3.132,768.7407,1,-67288206,1246538.1,0,0.2258,1,-3.9228,2.7661,0
2026-05-19 09:45:00,769.1,769.1,764.0,765.4,1302243,768.0797,768.2324,768.0827,-1,-0.0296,0.2569,-0.2864,-1,15.448,20.2082,20.9175,43.6263,0,13.9303,27.8119,-0.8742,774.2946,763.7304,769.0125,0.0137,0.158,3.2726,768.7854,-1,-68590449,1275369.55,0,0.7255,-1,-4.3788,2.2783,1
2026-05-19 10:00:00,765.4,767.6,764.75,766.85,1263244,767.8337,768.1067,768.0344,-1,-0.1364,0.1782,-0.3146,-1,14.4677,18.9394,19.6042,47.0601,0,28.3582,29.6042,-0.802,774.1206,764.1244,769.1225,0.013,0.2727,3.2424,768.8562,-1,-67327205,1282167.9,0,0.5088,1,-4.1976,2.4721,1
2026-05-19 10:15:00,766.7,768.2,766.0,768.05,975273,767.877,768.1015,768.035,-1,-0.1228,0.118,-0.2408,-1,13.5699,19.3528,18.6317,49.7861,0,40.2985,27.529,-0.2209,774.1126,764.2124,769.1625,0.0129,0.3876,3.168,768.9051,-1,-66351932,1261159.4,0,0.6136,1,-4.0477,2.6325,0
2026-05-19 10:30:00,768.15,769.2,766.75,767.6,1187026,767.8216,768.0559,768.0179,-1,-0.1466,0.0651,-0.2117,-1,13.1572,20.5579,17.5856,48.7719,0,35.8209,34.8259,-0.2339,773.8423,764.7977,769.32,0.0118,0.3098,3.1167,768.9909,-1,-67538958,1271057.1,0,0.2245,-1,-4.1039,2.5723,1
2026-05-19 10:45:00,767.55,769.0,767.15,768.35,964912,767.9273,768.0827,768.0309,-1,-0.1038,0.0313,-0.1351,-1,12.7741,19.6603,16.8177,50.5789,0,43.2836,39.801,0.2021,773.8313,764.8937,769.3625,0.0116,0.3867,3.0262,769.0567,-1,-66574046,1272544.8,0,0.4324,1,-4.0102,2.6725,0
2026-05-19 11:00:00,768.35,768.9,766.9,766.95,807068,767.7318,767.9797,767.9885,-1,-0.1808,-0.0111,-0.1697,-1,12.2864,18.7091,16.6088,47.2299,0,31.8919,36.9988,-0.0977,773.8277,764.6473,769.2375,0.0119,0.2508,2.9529,769.0118,-1,-67381114,1277836.35,0,0.7,-1,-4.1851,2.4855,0
2026-05-19 11:15:00,766.95,766.95,765.5,766.8,749236,767.5455,767.8725,767.9419,-1,-0.251,-0.0591,-0.1919,-1,11.6923,18.0281,19.5185,46.8718,0,38.0952,37.7569,-0.1302,773.6098,764.4102,769.01,0.012,0.2598,2.8455,768.8195,-1,-68130350,1251693.05,0,0.1034,-1,-4.2039,2.4654,1
2026-05-19 11:30:00,766.8,768.0,765.25,767.55,1185480,767.5464,767.8431,767.9266,-1,-0.2433,-0.0959,-0.1474,-1,11.0956,19.4227,18.1679,48.9558,0,48.2993,39.4288,-0.1626,773.0293,764.4607,768.745,0.0111,0.3605,2.8387,768.6067,-1,-66944870,1259426.9,0,0.2727,1,-4.1102,2.5656,1
2026-05-19 11:45:00,767.7,768.9,767.25,768.1,643483,767.6571,767.8665,767.9334,-1,-0.1906,-0.1149,-0.0757,-1,10.9621,20.9259,17.3904,50.4895,0,55.7823,47.3923,0.0326,772.5253,764.5547,768.54,0.0104,0.4448,2.7538,768.4749,-1,-66301387,1253022.65,0,0.2424,1,-4.0415,2.6391,0
2026-05-19 12:00:00,768.1,768.4,767.05,768.1,1466295,767.7457,767.8877,767.9399,-1,-0.1472,-0.1213,-0.0258,-1,10.7261,20.1654,17.2968,50.4895,0,55.7823,53.288,-0.1235,771.7793,764.8307,768.305,0.009,0.4705,2.6535,768.2962,-1,-64835092,1282905.2,0,0.0,1,-4.0415,2.6391,1
2026-05-19 12:15:00,768.0,770.7,767.3,770.4,1528636,768.2765,768.1161,768.0364,1,0.072,-0.0827,0.1547,1,11.5034,24.4254,15.7449,56.7869,0,95.5224,69.029,0.6533,771.3736,765.0614,768.2175,0.0082,0.8458,2.7069,768.2194,1,-63306456,1312216.95,0,0.7059,1,-3.7541,2.9465,0
2026-05-19 12:30:00,770.35,770.4,766.55,767.1,1016873,768.0412,768.0237,767.9997,1,-0.0203,-0.0702,0.0499,1,11.7876,22.0166,16.1133,47.4596,0,46.2687,65.8578,0.0326,770.1974,765.6426,767.92,0.0059,0.32,2.7885,768.0557,-1,-64323329,1317249.85,0,0.8442,-1,-4.1664,2.5055,0
2026-05-19 12:45:00,767.1,767.55,765.9,766.25,909823,767.683,767.8625,767.931,-1,-0.1602,-0.0882,-0.072,-1,11.681,21.0581,17.1269,45.3915,0,33.5821,58.4577,-0.2344,769.9703,765.5197,767.745,0.0058,0.1641,2.7072,767.8564,-1,-65233152,1291032.7,0,0.5152,-1,-4.2726,2.3919,0
2026-05-19 13:00:00,766.25,767.2,765.35,766.1,1188683,767.3664,767.7023,767.8592,-1,-0.28,-0.1266,-0.1534,-1,11.2723,20.0065,17.7563,45.0186,0,31.3433,37.0647,-0.1954,769.7792,765.3808,767.58,0.0057,0.1635,2.646,767.7156,-1,-66421835,1287350.15,0,0.0811,-1,-4.2913,2.3719,1
2026-05-19 13:15:00,766.1,767.8,765.9,767.45,926174,767.3831,767.6793,767.8432,-1,-0.2629,-0.1538,-0.1091,-1,11.1894,20.6122,16.8268,49.0728,0,45.3782,36.7678,-0.1171,769.7836,765.4414,767.6125,0.0057,0.4626,2.5927,767.7008,-1,-65495661,1267874.35,0,0.7105,1,-4.1227,2.5523,0
2026-05-19 13:30:00,767.5,768.3,766.15,766.5,1209277,767.2065,767.5721,767.7905,-1,-0.3224,-0.1875,-0.1348,-1,11.357,20.7708,15.8178,46.4757,0,22.9358,33.2191,-0.0587,769.7763,765.3287,767.5525,0.0058,0.2634,2.5611,767.6718,-1,-66704938,1282520.55,0,0.4651,-1,-4.2414,2.4253,0
2026-05-19 13:45:00,766.45,767.8,764.7,766.3,1696978,767.0252,767.4565,767.7321,-1,-0.3812,-0.2263,-0.1549,-1,10.6501,19.0015,18.4546,45.9247,0,26.6667,31.6602,-0.0652,769.7632,765.1918,767.4775,0.006,0.2424,2.5996,767.4133,-1,-68401916,1202447.15,0,0.0484,-1,-4.2664,2.3986,0
2026-05-19 14:00:00,766.5,767.15,764.9,765.75,2079432,766.7702,767.3013,767.6543,-1,-0.4668,-0.2744,-0.1925,-1,9.9937,17.8154,17.3026,44.3668,0,17.5,22.3675,-0.2345,769.6442,765.0058,767.325,0.006,0.1604,2.5746,767.2089,-1,-70481348,1194127.2,1,0.3333,-1,-4.3351,2.3251,0
2026-05-19 14:15:00,765.8,766.8,764.9,765.1,1625328,766.4361,767.1012,767.5542,-1,-0.5805,-0.3356,-0.2449,-1,9.3841,16.8584,16.3732,42.5306,0,6.6667,16.9444,-0.3906,769.6851,764.6899,767.1875,0.0065,0.0821,2.5264,767.0618,-1,-72106676,1217907.5,0,0.3684,-1,-4.4163,2.2383,0
2026-05-19 14:30:00,765.1,765.9,764.3,764.4,1458634,766.0289,766.8557,767.4305,-1,-0.7187,-0.4122,-0.3065,-1,8.9872,16.0752,17.3546,40.5827,0,1.5625,8.5764,-0.4817,769.5783,764.3317,766.955,0.0068,0.013,2.4602,766.8864,-1,-73565310,1209204.9,0,0.4375,-1,-4.5037,2.1447,0
2026-05-19 14:45:00,764.4,765.3,763.15,763.8,1996893,765.5831,766.5779,767.2881,-1,-0.8667,-0.5031,-0.3636,-1,9.2857,15.0627,19.6306,38.9365,0,8.6093,5.6128,-0.8567,769.767,763.983,766.875,0.0075,-0.0316,2.4381,766.699,-1,-75562203,1243937.4,1,0.2791,-1,-4.5787,2.0645,1
2026-05-19 15:00:00,764.0,764.15,760.75,764.05,5606430,765.2765,766.3481,767.1611,-1,-0.9528,-0.5931,-0.3598,-1,10.6741,13.6034,24.5674,40.0281,0,33.1658,14.4459,-0.3976,769.8784,763.5916,766.735,0.0082,0.0729,2.5068,765.9991,-1,-69955773,1461096.7,1,0.0147,1,-4.5474,2.0979,0
2026-05-19 15:15:00,764.05,765.05,761.0,762.8,2948399,764.7812,766.0255,766.9901,-1,-1.1092,-0.6963,-0.4129,-1,11.343,14.5561,21.8517,36.5135,0,20.603,20.7927,-0.4502,769.9877,762.9573,766.4725,0.0092,-0.0224,2.617,765.6666,-1,-72904172,1559753.0,1,0.3086,-1,-4.7036,1.9309,0
2026-05-20 09:15:00,759.05,761.8,757.35,759.7,730670,763.765,765.4505,766.7042,-1,-1.4663,-0.8503,-0.616,-1,13.2641,12.5463,28.0818,29.5775,1,17.603,23.7906,-0.8354,770.6219,761.5331,766.0775,0.0119,-0.2017,2.8194,765.4385,-1,-73634842,1536935.2,0,0.1461,1,-5.0909,1.5167,1
2026-05-20 09:30:00,759.75,761.95,759.1,760.65,1826003,763.142,765.0141,766.4668,-1,-1.6536,-1.0109,-0.6427,-1,14.9495,12.0208,26.0557,33.7319,1,25.2874,21.1645,-0.8861,770.6842,760.7008,765.6925,0.013,-0.0051,2.8216,765.0736,-1,-71808839,1579989.75,0,0.3158,1,-4.9722,1.6436,0
2026-05-20 09:45:00,760.7,761.0,759.0,760.3,696524,762.5736,764.5855,766.2249,-1,-1.8094,-1.1706,-0.6388,-1,16.5466,11.3993,24.967,32.9604,1,26.9406,23.277,-0.8089,770.8349,759.8851,765.36,0.0143,0.0379,2.7629,764.8993,-1,-72505363,1574462.55,0,0.2,-1,-5.0159,1.5968,0
2026-05-20 10:00:00,760.3,760.55,758.1,758.3,563650,761.7189,764.0141,765.9142,-1,-2.0704,-1.3506,-0.7198,-1,18.3182,10.6714,25.7184,28.8938,1,8.6758,20.3013,-1.044,771.1645,758.7055,764.935,0.0163,-0.0326,2.7405,764.7565,-1,-73069013,1565183.25,0,0.8163,-1,-5.2658,1.3296,0
2026-05-20 10:15:00,758.25,758.25,756.5,758.0,824660,760.9751,763.4674,765.6038,-1,-2.2753,-1.5355,-0.7397,-1,20.4236,10.1581,28.7566,28.3292,1,12.7119,16.1094,-1.0121,771.2505,757.6645,764.4575,0.0178,0.0247,2.6733,764.4819,-1,-73893673,1547142.25,0,0.1429,-1,-5.3033,1.2895,0
2026-05-20 10:30:00,757.85,760.0,756.8,756.8,1547919,760.1401,762.8612,765.2586,-1,-2.5056,-1.7295,-0.776,-1,21.169,13.9126,26.332,26.1298,1,2.5424,7.9767,-1.0848,771.237,756.548,763.8925,0.0192,0.0172,2.711,764.0876,-1,-75441592,1592364.05,0,0.3281,-1,-5.4532,1.1292,0
2026-05-20 10:45:00,756.9,757.0,755.2,756.6,955705,759.4321,762.292,764.919,-1,-2.6734,-1.9183,-0.7551,-1,22.3619,13.2365,29.3718,25.7706,1,11.1111,8.7884,-1.0204,771.0451,755.5899,763.3175,0.0202,0.0654,2.6459,763.673,-1,-76397297,1566834.55,0,0.1667,-1,-5.4782,1.1024,1
2026-05-20 11:00:00,756.6,759.35,756.6,758.85,760994,759.3156,761.9791,764.681,-1,-2.5949,-2.0536,-0.5413,-1,22.1087,18.5829,27.1974,36.3664,0,30.5439,14.7325,-0.6481,769.9747,755.5053,762.74,0.019,0.2312,2.6533,763.2487,-1,-75636303,1528452.45,0,0.8182,1,-5.1971,1.4031,1
2026-05-20 11:15:00,758.9,761.55,758.9,761.45,1142963,759.7425,761.931,764.5543,-1,-2.2965,-2.1022,-0.1943,-1,20.8357,23.1489,25.223,45.965,0,53.8793,31.8448,-0.3403,769.4254,755.4896,762.4575,0.0183,0.4277,2.6567,762.9934,-1,-74493340,1534756.95,0,0.9623,1,-4.8723,1.7505,0
2026-05-20 11:30:00,761.45,762.25,758.8,759.3,1205416,759.654,761.6918,764.3483,-1,-2.208,-2.1234,-0.0846,-1,19.3542,22.8893,22.9322,40.5217,0,38.3178,40.9137,-0.4588,768.9793,755.2407,762.11,0.018,0.2955,2.7133,762.7766,-1,-75698756,1549536.6,0,0.6232,-1,-5.1409,1.4632,0
2026-05-20 11:45:00,759.55,761.35,759.05,759.25,528795,759.5732,761.4699,764.1483,-1,-2.1175,-2.1222,0.0047,1,17.9784,21.4881,21.5285,40.4019,0,40.099,44.0987,-0.0592,768.4883,755.0467,761.7675,0.0176,0.3127,2.6838,762.5913,-1,-76227551,1516542.2,0,0.1304,-1,-5.1471,1.4565,0
2026-05-20 12:00:00,759.05,759.25,757.0,757.2,607873,759.0986,761.0817,763.8758,-1,-2.1859,-2.1349,-0.051,-1,17.5585,20.1863,25.7439,35.736,0,20.3046,32.9071,-0.4536,767.7228,754.7872,761.255,0.017,0.1865,2.6528,762.357,-1,-76835424,1500627.15,0,0.8222,-1,-5.4032,1.1826,1
2026-05-20 12:15:00,757.2,758.8,756.8,757.8,535988,758.8389,760.7833,763.6376,-1,-2.1668,-2.1413,-0.0255,-1,17.2469,19.0798,24.8809,37.9931,0,26.3959,28.9332,-0.3288,766.9813,754.6587,760.82,0.0162,0.2549,2.6062,762.0831,-1,-76299436,1466962.7,0,0.3,1,-5.3283,1.2628,0
2026-05-20 12:30:00,757.75,758.15,757.3,757.6,443885,758.5911,760.494,763.4008,-1,-2.1431,-2.1417,-0.0014,-1,16.9576,18.6129,24.272,37.5201,0,34.0426,26.9144,-0.0923,766.1532,754.6168,760.385,0.0152,0.2586,2.4807,761.7608,-1,-76743321,1404308.05,0,0.1765,-1,-5.3532,1.2361,0
2026-05-20 12:45:00,757.65,758.2,757.0,757.35,478054,758.3429,760.2081,763.1635,-1,-2.1201,-2.1373,0.0173,1,16.8206,17.9451,24.2981,36.9016,0,30.4965,30.3116,-0.0858,765.3178,754.6122,759.965,0.0141,0.2557,2.3893,761.3566,-1,-77221375,1324239.15,0,0.25,-1,-5.3845,1.2026,1
2026-05-20 13:00:00,757.5,758.8,756.1,758.7,671849,758.4143,760.071,762.9885,-1,-1.9701,-2.1039,0.1338,1,17.0829,16.51,25.0207,42.4214,0,49.6454,38.0615,0.2511,764.4709,754.8191,759.645,0.0127,0.4021,2.4115,760.9946,-1,-76549526,1276565.2,0,0.4444,1,-5.2158,1.383,0
2026-05-20 13:15:00,758.7,759.0,756.3,756.7,683419,758.0714,759.7646,762.7419,-1,-1.9898,-2.0811,0.0913,1,17.1962,15.7882,23.0366,37.2258,0,21.2766,33.8061,0.0132,763.7219,754.7981,759.26,0.0118,0.2131,2.4321,760.6654,-1,-77232945,1237804.45,0,0.7407,-1,-5.4657,1.1158,1
2026-05-20 13:30:00,756.7,758.7,756.5,757.8,529141,758.0171,759.586,762.5481,-1,-1.8947,-2.0438,0.1491,1,17.3015,14.761,21.538,41.4716,0,36.8794,35.9338,-0.1384,762.9415,754.9785,758.96,0.0105,0.3543,2.4155,760.3042,-1,-76703804,1164416.85,0,0.5,1,-5.3283,1.2628,1
2026-05-20 13:45:00,757.95,758.95,757.6,758.95,462033,758.2037,759.5282,762.407,-1,-1.7069,-1.9764,0.2695,1,17.2173,14.9159,20.6502,45.6132,0,53.1915,37.1158,-0.3283,761.9316,755.4784,758.705,0.0085,0.538,2.3394,759.4304,-1,-76241771,907197.0,0,0.7407,1,-5.1846,1.4164,1
2026-05-20 14:00:00,759.35,761.45,758.95,760.5,1014426,758.663,759.6165,762.3322,-1,-1.4167,-1.8645,0.4478,1,16.393,21.3789,19.0816,50.679,0,75.1773,55.0827,0.158,761.3556,755.8244,758.59,0.0073,0.8453,2.3509,758.8446,1,-75227345,810498.35,0,0.46,1,-4.9909,1.6236,1
2026-05-20 14:15:00,760.5,761.85,759.7,760.6,912072,759.0504,759.7059,762.2643,-1,-1.1652,-1.7246,0.5594,1,15.8388,21.1966,17.8274,50.9961,0,73.1707,67.1798,0.1778,761.4989,755.7711,758.635,0.0076,0.8431,2.3365,758.9143,1,-74315273,819568.45,0,0.0465,1,-4.9784,1.6369,0
2026-05-20 14:30:00,760.65,761.45,759.6,760.35,555396,759.3103,759.7645,762.1892,-1,-0.9748,-1.5747,0.5999,1,15.2592,19.9797,17.1143,50.1283,0,69.1057,72.4846,0.416,761.4444,755.7956,758.62,0.0074,0.8063,2.3018,758.7718,1,-74870669,756038.1,0,0.1622,-1,-5.0097,1.6035,1
2026-05-20 14:45:00,760.15,761.1,760.05,761.0,612291,759.6482,759.8768,762.1426,-1,-0.7627,-1.4123,0.6496,1,14.721,19.3024,16.5341,52.3965,0,79.6748,73.9837,0.4223,761.5775,755.7325,758.655,0.0077,0.9012,2.2124,758.7895,1,-74258378,751826.45,0,0.8095,1,-4.9285,1.6904,0
2026-05-20 15:00:00,761.05,761.05,758.15,759.95,2555574,759.7086,759.8834,762.0566,-1,-0.6716,-1.2641,0.5926,1,14.3154,17.5343,21.0208,48.5549,0,66.9565,71.9123,0.3102,761.708,755.767,758.7375,0.0078,0.7041,2.2615,758.9222,1,-76813952,851422.65,1,0.3793,-1,-5.0597,1.5501,1
2026-05-20 15:15:00,759.95,760.8,759.0,760.7,1898476,759.9069,759.9577,762.0034,-1,-0.5327,-1.1178,0.5852,1,13.9388,16.5227,19.808,51.3014,0,80.0,75.5438,0.4423,761.9405,755.8045,758.8725,0.0081,0.7978,2.2285,759.1137,1,-74915476,905113.45,1,0.4167,1,-4.966,1.6503,1
2026-05-21 09:15:00,766.05,768.0,762.1,763.75,1665611,760.6755,760.3024,762.0719,1,-0.1745,-0.9292,0.7547,1,15.4611,33.0481,15.8214,60.5299,0,64.2857,70.4141,0.6656,762.8017,755.6383,759.22,0.0094,1.1324,2.5908,759.7227,1,-73249865,910998.05,1,0.3898,-1,-4.5849,2.0579,1
2026-05-21 09:30:00,763.8,766.15,763.5,765.85,1171188,761.7104,760.8068,762.22,1,0.2756,-0.6882,0.9638,1,16.8746,30.6374,14.6673,65.3927,-1,81.9328,75.4062,1.2092,764.0861,755.2789,759.6825,0.0116,1.2003,2.595,760.2478,1,-72078677,921772.2,0,0.7736,1,-4.3226,2.3385,0
2026-05-21 09:45:00,766.05,766.45,763.65,763.85,1904936,762.1383,761.0834,762.2839,1,0.4656,-0.4574,0.9231,1,18.2762,29.1105,13.5432,58.0566,0,65.1261,70.4482,0.7984,764.6734,755.1916,759.9325,0.0125,0.9132,2.6096,760.7531,1,-73983613,978969.3,1,0.7857,-1,-4.5724,2.0712,0
2026-05-21 10:00:00,763.85,764.55,763.0,763.3,887913,762.3707,761.2849,762.3238,1,0.5653,-0.2529,0.8182,1,19.1586,27.8386,14.7837,56.1898,0,60.5042,69.1877,0.5732,764.9494,755.1006,760.025,0.013,0.8325,2.5339,760.8917,1,-74871526,966216.8,0,0.3548,-1,-4.6411,1.9977,1
2026-05-21 10:15:00,763.3,765.25,763.0,764.55,1076164,762.8065,761.5818,762.4111,1,0.7366,-0.055,0.7916,1,20.2132,28.0479,13.8385,59.3862,0,70.5128,65.381,0.5325,765.5756,754.9994,760.2875,0.0139,0.903,2.5137,761.1296,1,-73795362,959754.2,0,0.5556,1,-4.485,2.1648,1
2026-05-21 10:30:00,764.55,766.6,763.55,765.05,1069881,763.2552,761.897,762.5146,1,0.9024,0.1365,0.7659,1,21.6162,29.4321,12.6572,60.6238,0,74.3478,68.4549,0.5851,766.2298,754.9252,760.5775,0.0149,0.8956,2.552,761.3764,1,-72725481,986808.5,0,0.1639,1,-4.4225,2.2316,0
2026-05-21 10:45:00,765.05,766.05,762.1,763.15,1524155,763.2342,762.011,762.5395,1,0.8704,0.2833,0.5871,1,21.9793,26.3006,15.2161,53.9022,0,53.3654,66.0753,0.3683,766.41,755.34,760.875,0.0145,0.7055,2.6518,761.6576,1,-74249636,1032622.6,0,0.481,-1,-4.6599,1.9777,0
2026-05-21 11:00:00,763.1,763.1,761.0,761.35,930003,762.8573,761.9509,762.4929,1,0.6918,0.365,0.3269,1,21.6705,24.7566,17.3264,48.4245,0,32.4873,53.4002,0.046,766.4064,755.6986,761.0525,0.0141,0.5278,2.616,761.7629,-1,-75179639,1052323.35,0,0.8333,-1,-4.8848,1.7372,1
2026-05-21 11:15:00,761.4,762.75,758.6,762.5,1029003,762.7859,762.0008,762.4931,1,0.6358,0.4191,0.2166,1,20.1768,22.0641,21.7317,51.795,0,44.1624,43.3384,0.3355,766.4414,756.1536,761.2975,0.0135,0.6169,2.7256,761.8238,1,-74150636,1081579.25,0,0.2651,1,-4.7411,1.8908,0
2026-05-21 11:30:00,762.65,762.75,761.2,762.0,429389,762.6287,762.0007,762.4738,1,0.5447,0.4443,0.1005,1,18.7898,21.1394,20.8208,50.2572,0,39.0863,38.5787,0.1709,766.3493,756.7107,761.53,0.0127,0.5488,2.6416,761.9223,1,-74580025,1079146.0,0,0.4194,-1,-4.8035,1.824,0
2026-05-21 11:45:00,761.95,762.0,759.8,759.9,487382,762.083,761.8097,762.3729,1,0.2997,0.4153,-0.1157,-1,18.0308,19.8667,23.3986,44.3071,0,17.7665,33.6717,-0.5041,766.2954,756.8846,761.59,0.0124,0.3204,2.61,762.0188,-1,-75067407,1069922.65,0,0.9318,-1,-5.0659,1.5434,0
2026-05-21 12:00:00,759.95,761.2,759.2,759.2,519688,761.5064,761.5725,762.2484,-1,0.0484,0.342,-0.2935,-1,17.5836,18.7608,23.7661,42.5008,0,10.6599,22.5042,-0.8683,766.009,757.421,761.715,0.0113,0.2071,2.5665,762.1169,-1,-75587095,1061736.1,0,0.375,-1,-5.1534,1.4499,0
2026-05-21 12:15:00,759.35,760.95,758.0,758.7,1847259,760.9451,761.3114,762.1093,-1,-0.1889,0.2358,-0.4247,-1,17.6598,17.2368,25.1399,41.2086,0,7.0,11.8088,-0.6742,765.9052,757.6148,761.76,0.0109,0.1309,2.5939,761.9838,-1,-77434354,1127642.0,1,0.2203,-1,-5.2158,1.383,0
2026-05-21 12:30:00,758.75,759.25,756.5,758.1,1247212,760.3761,761.0194,761.9521,-1,-0.4205,0.1045,-0.525,-1,18.2825,15.9371,27.3572,39.6505,0,13.913,10.5243,-0.6813,765.9925,757.4425,761.7175,0.0112,0.0769,2.605,761.8372,-1,-78681566,1166900.95,0,0.2364,-1,-5.2908,1.3029,0
2026-05-21 12:45:00,758.15,758.4,755.75,756.1,650551,759.5209,760.5722,761.7226,-1,-0.7567,-0.0677,-0.689,-1,19.1166,14.7805,27.4258,34.9122,1,3.2258,8.0463,-1.1052,766.4063,756.5887,761.4975,0.0129,-0.0498,2.6082,761.761,-1,-79332117,1148707.2,0,0.7736,-1,-5.5406,1.0356,1
2026-05-21 13:00:00,756.1,757.3,755.2,756.45,1527611,758.9067,760.1974,761.5158,-1,-0.9836,-0.2509,-0.7327,-1,20.0764,13.9184,27.3537,36.3458,0,10.9649,9.3679,-1.1241,766.662,755.918,761.29,0.0141,0.0495,2.5719,761.4488,-1,-77804506,1179484.15,0,0.1667,1,-5.1473,1.0824,0
2026-05-21 13:15:00,756.4,756.95,755.7,755.75,1162944,758.2754,759.7931,761.2897,-1,-1.206,-0.4419,-0.7641,-1,20.9676,13.4168,26.3679,34.6997,1,4.8246,6.3384,-0.9697,766.9429,755.1771,761.06,0.0155,0.0487,2.4775,761.2159,-1,-78967450,1209861.55,0,0.52,-1,-5.2351,0.9888,1
2026-05-21 13:30:00,755.8,758.0,755.5,757.4,742355,758.1003,759.5756,761.1371,-1,-1.2349,-0.6005,-0.6344,-1,21.078,15.4757,24.4687,41.4331,0,19.2982,11.6959,-0.5188,766.9757,754.7843,760.88,0.016,0.2146,2.4791,761.0988,-1,-78225095,1216364.75,0,0.64,1,-5.0282,1.2093,0
2026-05-21 13:45:00,757.5,758.85,755.5,756.8,1021562,757.8402,759.3233,760.9671,-1,-1.2913,-0.7387,-0.5526,-1,20.6385,16.4076,22.1647,39.8249,0,14.0351,12.7193,-0.7475,767.064,754.381,760.7225,0.0167,0.1907,2.5413,761.0723,-1,-79246657,1139664.15,0,0.209,-1,-5.1034,1.1292,1
2026-05-21 14:00:00,756.8,757.4,755.7,757.05,1277710,757.6822,759.1166,760.8135,-1,-1.3008,-0.8511,-0.4497,-1,20.2305,15.6046,21.08,40.855,0,17.0507,16.7947,-0.6496,767.0805,753.9995,760.54,0.0172,0.2332,2.4812,760.8989,-1,-77968947,1108625.85,0,0.1471,1,-5.0721,1.1626,1
2026-05-21 14:15:00,756.9,758.65,756.55,758.1,1254077,757.7657,759.0242,760.707,-1,-1.2097,-0.9228,-0.2869,-1,19.0672,18.2892,19.7915,45.1053,0,36.7089,22.5982,-0.2369,766.7065,753.8085,760.2575,0.017,0.3327,2.454,760.4338,-1,-76714870,1088049.15,0,0.5714,1,-4.9404,1.3029,1
2026-05-21 14:30:00,758.05,761.7,757.85,760.35,2092143,758.2826,759.1447,760.693,-1,-0.945,-0.9272,-0.0178,-1,18.9134,24.8507,17.6602,52.9139,0,68.2119,40.6572,0.1515,765.9014,754.0636,759.9825,0.0156,0.531,2.5537,760.1463,1,-74622727,1134096.9,1,0.5974,1,-4.6583,1.6035,1
2026-05-21 14:45:00,760.45,761.3,760.05,760.65,1322234,758.7561,759.2816,760.6914,-1,-0.703,-0.8824,0.1794,1,18.7707,23.949,17.0194,53.8564,0,72.1854,59.0354,0.257,765.4819,754.1631,759.8225,0.0149,0.5731,2.4606,759.7892,1,-73300493,1104961.8,0,0.16,1,-4.5489,1.6436,0
2026-05-21 15:00:00,760.7,761.2,757.65,757.8,3956663,758.5649,759.1469,760.578,-1,-0.7327,-0.8524,0.1198,1,17.5144,21.5566,22.0727,44.7022,0,38.2353,59.5442,-0.0396,765.0362,754.0588,759.5475,0.0145,0.3408,2.5384,759.5118,-1,-77257156,1258399.3,1,0.8169,-1,-4.8946,1.2628,1
2026-05-21 15:15:00,757.95,759.4,757.25,758.8,2009024,758.6119,759.1153,760.5082,-1,-0.6678,-0.8155,0.1477,1,16.5387,20.238,21.8605,48.0395,0,55.3846,55.2684,0.3571,764.2502,754.2698,759.26,0.0131,0.4539,2.5107,759.2366,-1,-75248132,1305042.3,1,0.3953,1,-4.6794,1.3964,1
2026-05-22 09:15:00,760.5,768.5,760.45,766.4,1505298,760.1695,759.7776,760.7393,1,-0.0031,-0.653,0.6499,1,18.0375,37.0948,16.8522,65.2195,-1,84.2105,59.2768,1.3154,764.6543,754.0007,759.3275,0.014,1.1639,3.0242,759.3351,1,-73742834,1326813.15,0,0.7329,1,-3.7246,2.412,1
2026-05-22 09:30:00,766.35,769.4,766.0,769.2,1440900,761.9756,760.6342,761.0711,1,0.741,-0.3742,1.1153,1,19.611,36.2491,15.5108,69.253,-1,98.5915,79.3956,1.7797,766.3068,752.9532,759.63,0.0176,1.2167,3.051,759.5626,1,-72301934,1322650.4,0,0.8382,1,-2.2804,2.7861,1
2026-05-22 09:45:00,768.95,771.0,768.55,769.95,1223051,763.5705,761.4811,761.4193,1,1.3755,-0.0243,1.3998,1,21.3817,37.9395,14.6084,70.2483,-1,93.3544,92.0522,1.657,768.0942,752.0258,760.06,0.0211,1.1155,3.0081,759.9539,1,-71078883,1337302.8,0,0.4082,1,-1.9359,2.8863,1
2026-05-22 10:00:00,769.9,775.0,769.2,773.75,2383049,765.6064,762.5964,761.9028,1,2.16,0.4126,1.7474,1,23.6729,41.9469,12.7216,74.7143,-1,93.6869,95.2109,2.2397,770.6013,750.6437,760.6225,0.0262,1.1578,3.2075,760.9819,1,-68695834,1405005.1,1,0.6638,1,-1.452,3.3941,0
2026-05-22 10:15:00,773.75,774.0,771.1,771.4,982725,766.7651,763.3967,762.2753,1,2.5625,0.8426,1.72,1,25.8005,39.2193,11.8943,67.9238,-1,81.5385,89.5266,1.8955,772.1172,750.0678,761.0925,0.029,0.9675,3.1856,761.3505,1,-69678559,1432671.9,0,0.8103,-1,-1.6699,3.0801,0
2026-05-22 10:30:00,771.4,771.5,769.55,771.2,1196918,767.6521,764.1061,762.6253,1,2.8328,1.2406,1.5922,1,27.0282,37.4556,14.934,67.3627,-1,80.5128,85.2461,1.728,773.5072,749.8078,761.6575,0.0311,0.9026,3.0973,761.7467,1,-70875477,1468148.7,0,0.1026,-1,-1.6953,3.0534,0
2026-05-22 10:45:00,771.3,771.95,769.6,770.35,447068,768.1917,764.6738,762.9282,1,2.9444,1.5814,1.3631,1,28.2533,36.446,14.1105,64.9084,0,76.1538,79.4017,1.3152,774.5874,749.8426,762.215,0.0325,0.8288,3.0439,761.9157,1,-71322545,1464517.7,0,0.4043,-1,-1.6721,2.9398,0
2026-05-22 11:00:00,770.35,770.35,768.6,768.65,458056,768.2833,765.0352,763.1526,1,2.8627,1.8376,1.0251,1,28.9006,34.9025,15.9329,60.1856,0,67.0984,74.5884,1.0517,775.2782,750.1468,762.7125,0.0329,0.7363,2.9515,762.2139,1,-71780601,1395057.55,0,0.9714,-1,-1.8766,2.7126,0
2026-05-22 11:15:00,768.8,770.25,767.8,768.45,515067,768.3167,765.3457,763.3603,1,2.7501,2.0201,0.73,1,29.1153,32.8076,16.9365,59.6358,0,64.4986,69.2503,1.4054,775.8456,750.6144,763.23,0.0331,0.7069,2.9157,762.5352,1,-72295668,1358450.3,0,0.1429,-1,-1.9021,2.6859,1
2026-05-22 11:30:00,768.35,770.45,768.1,770.3,565710,768.7133,765.7961,763.6325,1,2.7782,2.1718,0.6064,1,29.3656,31.3892,15.9477,63.0023,0,73.5211,68.3727,1.5156,776.4686,751.4114,763.94,0.0328,0.7538,2.8753,762.822,1,-71729958,1354208.25,0,0.8298,1,-1.578,2.9331,0
2026-05-22 11:45:00,770.3,771.9,769.75,770.05,490319,768.9807,766.1828,763.8841,1,2.7485,2.2871,0.4614,1,29.9626,33.3501,15.0803,62.2468,0,72.1127,70.0441,0.4763,776.923,752.317,764.62,0.0322,0.7207,2.8235,763.3494,1,-72220277,1302343.65,0,0.1163,-1,-1.6099,2.8997,0
2026-05-22 12:00:00,770.0,770.1,768.55,768.85,316909,768.9545,766.4253,764.0789,1,2.5983,2.3493,0.2489,1,29.8949,31.9989,17.6061,58.6133,0,65.3521,70.3286,-0.0455,777.0006,753.5494,765.275,0.0306,0.6524,2.7325,763.7555,1,-72537186,1260041.9,0,0.7419,-1,-1.7632,2.7394,0
2026-05-22 12:15:00,768.85,769.25,768.25,768.7,243223,768.9036,766.632,764.2601,1,2.4389,2.3673,0.0717,1,29.6778,31.1227,17.9455,58.1563,0,64.507,67.3239,-0.1623,777.0719,754.6081,765.84,0.0293,0.6273,2.6088,764.0086,1,-72780409,1235085.3,0,0.15,-1,-1.6505,2.7193,1
2026-05-22 12:30:00,768.75,769.25,767.75,769.05,525336,768.9329,766.8519,764.4479,1,2.3143,2.3567,-0.0424,-1,29.2118,29.8045,18.5973,58.9603,0,59.1065,62.9886,-0.6074,776.9583,755.9467,766.4525,0.0274,0.6236,2.5296,764.4037,1,-72255073,1210274.0,0,0.2,1,-1.6057,2.7661,1
2026-05-22 12:45:00,769.25,772.0,768.9,771.6,957043,769.4663,767.2835,764.7284,1,2.3936,2.364,0.0296,1,29.5878,34.8791,16.9951,64.337,0,62.2222,61.9453,0.0259,776.9715,757.3885,767.18,0.0255,0.7257,2.5703,765.0725,1,-71298030,1194240.65,0,0.7581,1,-1.2794,3.1068,0
2026-05-22 13:00:00,771.6,771.95,770.2,771.0,548184,769.7731,767.6214,764.9744,1,2.3806,2.3674,0.0133,1,29.937,33.1433,16.1493,62.2698,0,44.8276,55.3854,-0.0259,776.8049,758.8451,767.825,0.0234,0.6768,2.5117,765.6092,1,-71846214,1158946.0,0,0.3429,-1,-1.3562,3.0267,0
2026-05-22 13:15:00,771.0,771.15,768.85,769.8,1606271,769.7784,767.8194,765.1636,1,2.2476,2.3434,-0.0958,-1,29.5178,30.9623,18.9491,58.2394,0,28.2759,45.1086,-0.0714,776.6252,759.9698,768.2975,0.0217,0.5902,2.4966,766.4355,1,-73452485,1134652.4,0,0.5217,-1,-1.5097,2.8663,0
2026-05-22 13:30:00,769.65,769.85,768.15,768.4,798443,769.5028,767.8722,765.2905,1,2.0061,2.276,-0.2698,-1,28.7615,29.4213,20.0554,53.8594,0,10.4,27.8345,-0.0325,776.2385,761.1315,768.685,0.0197,0.4811,2.4397,766.8647,1,-74250928,1108462.85,0,0.7353,-1,-1.6888,2.6792,0
2026-05-22 13:45:00,768.35,769.4,767.2,768.35,1087457,769.2722,767.9156,765.4105,1,1.79,2.1788,-0.3887,-1,27.5744,27.5128,21.5555,53.7041,0,23.9583,20.8781,-0.013,774.893,763.532,769.2125,0.0148,0.4241,2.4226,768.5827,-1,-75338385,965002.55,0,0.0,1,-1.6952,2.6725,0
2026-05-22 14:00:00,768.4,768.5,765.6,767.1,624218,768.8378,767.8415,765.4767,1,1.5006,2.0431,-0.5425,-1,25.7204,25.193,24.39,49.8344,0,23.4375,19.2653,-0.4154,772.9119,766.3431,769.6275,0.0085,0.1152,2.4567,769.6625,-1,-75962603,895762.25,0,0.4483,-1,-1.8552,2.5055,0
2026-05-22 14:15:00,767.15,767.5,765.3,765.5,565070,768.1702,767.6286,765.4777,1,1.1292,1.8604,-0.7312,-1,23.9025,23.5694,23.697,45.3317,0,2.9851,16.7936,-0.5909,773.0615,766.1035,769.5825,0.009,-0.0867,2.4383,769.947,-1,-76527673,848750.85,0,0.75,-1,-2.0599,2.2917,0
2026-05-22 14:30:00,765.5,766.05,764.15,764.35,709589,767.4062,767.3306,765.4334,1,0.7335,1.635,-0.9015,-1,22.7223,22.2365,25.7797,42.3686,0,2.5478,9.6568,-0.5853,773.5011,765.1789,769.34,0.0108,-0.0996,2.3999,769.8793,-1,-77237262,812185.3,0,0.6053,-1,-2.207,2.138,1
2026-05-22 14:45:00,764.45,766.2,764.3,766.2,858303,767.1649,767.2278,765.4635,-1,0.5628,1.4205,-0.8578,-1,21.5503,21.4132,24.2998,48.231,0,26.1146,10.5492,-0.3252,773.5196,764.7854,769.1525,0.0114,0.162,2.3642,769.6497,-1,-76378959,793947.9,0,0.9211,1,-1.9703,2.3852,1
2026-05-22 15:00:00,766.2,766.95,765.15,766.75,2245275,767.0819,767.1844,765.5139,-1,0.4664,1.2297,-0.7633,-1,20.0772,22.5338,22.9554,49.8638,0,33.121,20.5945,-0.2991,772.7406,764.8644,768.8025,0.0102,0.2394,2.3239,768.7153,-1,-74133684,787059.2,1,0.3056,1,-1.8999,2.4587,1
2026-05-22 15:15:00,766.65,769.1,766.4,766.8,2257185,767.0256,767.1494,765.5644,-1,0.3896,1.0617,-0.6721,-1,19.5522,27.218,21.0721,50.0181,0,33.758,30.9979,-0.6221,772.413,764.732,768.5725,0.01,0.2692,2.3507,768.3459,-1,-71876499,850782.2,1,0.0556,1,-1.8936,2.4654,1
2026-05-25 09:15:00,776.05,785.95,776.05,785.2,2667539,770.6604,768.7904,766.3344,1,1.7928,1.2079,0.5849,1,22.3879,50.6294,12.9544,77.4855,-1,96.5596,54.4795,1.8418,777.4397,761.1053,769.2725,0.0212,1.4751,3.5507,770.2183,1,-69208960,924313.25,1,0.9242,1,0.0,4.9242,0
2026-05-25 09:30:00,785.2,785.9,781.4,782.55,1658212,773.0384,770.0413,766.9703,1,2.6604,1.4984,1.162,1,25.0211,46.132,11.8036,71.3998,-1,84.4037,71.5738,1.6563,779.8946,759.8704,769.8825,0.026,1.1326,3.6185,771.3087,1,-70867172,984870.45,1,0.5889,-1,-0.3375,4.5701,0
2026-05-25 09:45:00,782.6,782.65,779.6,780.65,1007841,774.5607,771.0057,767.5068,1,3.1582,1.8304,1.3278,1,26.7615,43.3231,14.6784,67.3174,-1,75.6881,85.5505,1.5942,781.5136,759.4514,770.4825,0.0286,0.9609,3.5779,771.8372,1,-71875013,1012359.7,0,0.6393,-1,-0.5795,4.3162,1
2026-05-25 10:00:00,780.55,781.95,779.75,781.5,1805974,775.9485,771.9597,768.0555,1,3.58,2.1803,1.3997,1,28.3775,41.3665,14.0155,68.1936,-1,79.5872,79.893,1.7115,783.1114,759.1586,771.135,0.0311,0.9327,3.4795,772.6829,1,-70069039,1076905.05,1,0.4318,1,-0.4712,4.4297,1
2026-05-25 10:15:00,781.35,783.35,781.15,782.95,561725,777.3488,772.9588,768.6396,1,3.9854,2.5413,1.4441,1,30.0695,42.3994,13.3654,69.6865,-1,86.2385,80.5046,2.0662,784.791,758.744,771.7675,0.0337,0.9293,3.3881,773.0191,1,-69507314,1076705.8,0,0.7273,1,-0.2866,4.6235,1
2026-05-25 10:30:00,782.9,785.6,782.85,785.05,1554839,778.8891,774.058,769.2832,1,4.4251,2.9181,1.507,1,31.9279,44.7159,12.58,71.7543,-1,95.8716,87.2324,2.5539,786.7322,758.3028,772.5175,0.0368,0.9408,3.3425,773.8622,1,-67952475,1129931.8,0,0.7818,1,-0.0191,4.9041,0
2026-05-25 10:45:00,785.15,785.85,784.9,785.0,725823,780.1113,775.0528,769.8995,1,4.7152,3.2775,1.4377,1,33.6848,44.3222,12.3108,71.629,-1,95.6422,92.5841,2.7016,788.4221,758.2279,773.325,0.039,0.8867,3.1716,774.2862,1,-68678298,1150377.5,0,0.1579,-1,-0.0255,4.8974,0
2026-05-25 11:00:00,785.1,785.1,783.85,784.9,637613,781.069,775.948,770.4878,1,4.8808,3.5982,1.2826,1,34.8351,43.018,14.4203,71.3606,-1,95.1835,95.5657,2.4406,789.8771,758.3929,774.135,0.0407,0.8419,3.0344,774.6253,1,-69315911,1170097.0,0,0.16,-1,-0.0382,4.8841,0
2026-05-25 11:15:00,784.85,785.0,783.95,784.65,653601,781.7852,776.7391,771.0431,1,4.9349,3.8655,1.0694,1,35.9032,41.9027,14.0464,70.648,-1,94.0367,94.9541,2.3345,791.1114,758.7186,774.915,0.0418,0.8005,2.8926,775.0332,1,-69969512,1176510.25,0,0.1905,-1,-0.07,4.8507,0
2026-05-25 11:30:00,784.7,784.95,783.55,784.3,552173,782.2882,777.4264,771.563,1,4.8932,4.071,0.8221,1,36.6954,40.3986,14.5678,69.6001,-1,92.4312,93.8838,2.2822,792.1671,758.9329,775.55,0.0429,0.7633,2.786,775.4275,1,-70521685,1156266.75,0,0.2857,-1,-0.1146,4.8039,0
2026-05-25 11:45:00,784.35,784.75,784.15,784.2,376709,782.6705,778.0422,772.0586,1,4.7967,4.2162,0.5806,1,37.431,39.7403,14.3304,69.2839,-1,91.9169,92.7949,-0.1274,793.0981,759.3219,776.21,0.0435,0.7366,2.6299,775.6787,1,-70898394,1147693.0,0,0.25,-1,-0.1274,4.7905,0
2026-05-25 12:00:00,784.4,784.4,783.0,783.45,518226,782.8264,778.5338,772.5053,1,4.6067,4.2943,0.3124,1,37.4991,38.1769,16.998,66.8315,-1,87.9808,90.7763,0.115,793.7926,759.9924,776.8925,0.0435,0.694,2.542,776.2889,1,-71416620,1093290.75,0,0.6786,-1,-0.2229,4.6903,0
2026-05-25 12:15:00,783.4,783.9,783.1,783.25,347671,782.9111,778.9626,772.9267,1,4.3893,4.3133,0.076,1,37.5624,37.2746,16.5963,66.159,-1,86.1893,88.6956,0.3331,794.2803,760.9897,777.635,0.0428,0.6687,2.4176,776.6839,1,-71764291,1070752.15,0,0.1875,-1,-0.2483,4.6636,1
2026-05-25 12:30:00,783.25,783.95,783.1,783.5,489811,783.0289,779.3751,773.3413,1,4.189,4.2884,-0.0995,-1,37.6341,36.4479,16.1592,66.6113,-1,75.2525,83.1409,0.2559,794.6531,762.1319,778.3925,0.0418,0.6571,2.3056,777.2817,1,-71274480,1040869.85,0,0.2941,1,-0.2165,4.697,0
2026-05-25 12:45:00,783.6,783.7,782.6,783.15,517580,783.0531,779.7182,773.726,1,3.9563,4.222,-0.2657,-1,37.3965,35.1576,17.1963,65.2956,-1,56.3492,72.597,0.0255,794.7145,763.6755,779.195,0.0398,0.6274,2.2195,777.7363,1,-71792060,1035537.95,0,0.4091,-1,-0.2611,4.6502,1
2026-05-25 13:00:00,783.25,785.0,782.9,784.9,754939,783.4225,780.1893,774.1642,1,3.8686,4.1513,-0.2827,-1,37.5477,36.9723,16.0296,68.6318,-1,84.8,72.1339,-0.0191,794.5208,765.8092,780.165,0.0368,0.6649,2.211,778.2867,1,-71037121,1045031.4,0,0.7857,1,-0.0382,4.8841,0
2026-05-25 13:15:00,784.9,784.9,784.15,784.4,614356,783.618,780.5721,774.5656,1,3.7158,4.0642,-0.3484,-1,37.6881,36.032,15.622,66.66,-1,76.2295,72.4596,-0.0764,793.6428,768.6922,781.1675,0.0319,0.6296,2.1066,778.928,1,-71651477,1040269.75,0,0.6667,-1,-0.1019,4.8173,0
2026-05-25 13:30:00,784.4,784.45,783.25,783.45,445078,783.5844,780.8337,774.914,1,3.4781,3.947,-0.4689,-1,37.2223,34.5195,18.1146,62.959,0,48.9362,69.9886,-0.1847,792.4653,771.5947,782.03,0.0267,0.568,2.0418,779.5949,1,-72096555,1019608.5,0,0.7917,-1,-0.2229,4.6903,1
2026-05-25 13:45:00,783.5,784.0,783.45,783.6,512250,783.5875,781.0852,775.2546,1,3.2641,3.8104,-0.5463,-1,36.7898,33.8187,17.7469,63.3054,0,30.7692,51.9783,-0.1338,790.609,775.136,782.8725,0.0198,0.547,1.9353,781.3089,1,-71584305,932957.25,0,0.1818,1,-0.2038,4.7104,1
2026-05-25 14:00:00,783.6,784.95,783.35,784.0,850803,783.67,781.3502,775.5976,1,3.0912,3.6666,-0.5754,-1,36.7237,35.3468,16.6857,64.2652,0,43.0769,40.9274,-0.0383,786.0744,781.3906,783.7325,0.006,0.5571,1.9113,783.2619,1,-70733502,862638.15,0,0.25,1,-0.1528,4.7638,1
2026-05-25 14:15:00,784.0,784.3,782.95,784.25,1079667,783.786,781.6138,775.9369,1,2.9404,3.5213,-0.5809,-1,36.3711,33.5253,17.3528,64.8834,0,66.0,46.6154,0.0064,785.9429,781.4271,783.685,0.0058,0.6251,1.8712,783.4481,1,-69653835,783244.55,0,0.1852,1,-0.121,4.7972,1
2026-05-25 14:30:00,784.25,786.6,784.25,786.5,1068838,784.3288,782.058,776.3511,1,2.9682,3.4107,-0.4425,-1,36.8072,39.1939,15.8241,69.9263,-1,97.5,68.859,0.3893,786.3864,781.3786,783.8825,0.0064,1.0227,1.9054,783.6317,1,-68584997,753775.85,0,0.9574,1,0.0,5.0979,1
2026-05-25 14:45:00,786.4,787.7,786.35,786.85,1172910,784.833,782.4936,776.7628,1,2.9842,3.3254,-0.3412,-1,37.519,41.3795,15.0063,70.6328,-1,83.3333,82.2778,0.4596,786.5497,781.8353,784.1925,0.006,1.0637,1.8658,784.0646,1,-67412087,762029.3,1,0.3333,1,0.0,5.1447,1
2026-05-25 15:00:00,786.85,787.3,786.05,787.0,1427850,785.2664,782.9033,777.1643,1,2.9746,3.2552,-0.2806,-1,37.955,39.3514,15.447,70.9478,-1,86.2745,89.0359,0.4467,786.787,782.148,784.4675,0.0059,1.0459,1.8218,784.6901,1,-65984237,743123.1,1,0.12,1,0.0,5.1647,1
2026-05-25 15:15:00,787.0,787.8,785.85,787.1,1783443,785.6332,783.2848,777.5539,1,2.9412,3.1924,-0.2513,-1,38.5092,38.3085,14.2719,71.1698,-1,86.5385,85.3821,0.5044,787.1516,782.1984,784.675,0.0063,0.9896,1.8309,785.0141,1,-64200794,804209.0,1,0.0513,1,0.0,5.1781,1
2026-05-26 09:15:00,784.4,788.65,784.3,787.9,949629,786.0865,783.7044,777.9597,1,2.9453,3.143,-0.1977,-1,37.8768,32.3891,17.5725,72.9506,-1,87.6033,86.8054,0.3822,787.6643,781.9707,784.8175,0.0073,1.0414,2.0109,785.1845,1,-63251165,773948.5,0,0.8046,1,0.0,5.285,1
2026-05-26 09:30:00,787.95,790.8,787.85,789.05,1164664,786.6792,784.1903,778.3946,1,3.0067,3.1157,-0.109,-1,37.9999,36.4952,15.7905,75.3115,-1,78.6585,84.2668,0.5928,788.4136,781.6264,785.02,0.0086,1.0938,2.078,785.4777,1,-62086501,795890.55,0,0.3729,1,0.0,5.4386,0
2026-05-26 09:45:00,789.25,789.25,785.75,786.6,939359,786.6634,784.4094,778.7164,1,2.8251,3.0576,-0.2325,-1,36.8234,32.3091,20.8615,62.7467,0,48.7805,71.6808,0.4021,788.5668,781.6432,785.105,0.0088,0.7159,2.1795,785.6113,1,-63025860,810977.85,0,0.7571,-1,-0.3105,5.1112,1
2026-05-26 10:00:00,786.25,788.2,785.5,788.0,882669,786.9307,784.7358,779.0804,1,2.7623,2.9985,-0.2363,-1,35.5893,29.4982,19.8521,66.2153,-1,64.557,63.9987,0.5615,788.9476,781.5974,785.2725,0.0094,0.8711,2.2167,785.7412,1,-62143191,822431.25,0,0.6481,1,-0.1331,5.2983,1
2026-05-26 10:15:00,788.0,790.15,787.6,789.75,1300274,787.4946,785.1917,779.4988,1,2.8212,2.9631,-0.1419,-1,35.1363,33.3168,18.2382,69.9783,-1,86.6242,66.6539,0.7334,789.6717,781.4183,785.545,0.0105,1.0095,2.2405,786.0475,1,-60842917,859836.3,1,0.6863,1,0.0,5.5322,0
2026-05-26 10:30:00,789.65,790.6,789.0,789.6,944936,787.9156,785.5924,779.895,1,2.8233,2.9351,-0.1119,-1,34.8628,33.0464,17.2885,69.2661,-1,84.7134,78.6315,0.6822,790.2495,781.3805,785.815,0.0113,0.9268,2.1948,786.2792,1,-61787853,888247.65,0,0.0312,-1,-0.019,5.5121,0
2026-05-26 10:45:00,789.85,790.0,789.0,789.25,701956,788.1825,785.9249,780.2618,1,2.7648,2.901,-0.1363,-1,34.6087,31.9274,16.7031,67.539,-1,80.2548,83.8641,0.3497,790.6404,781.5696,786.105,0.0115,0.8467,2.1094,786.4788,1,-62489809,897434.15,0,0.6,-1,-0.0633,5.4654,1
2026-05-26 11:00:00,789.15,789.95,788.55,789.75,804916,788.496,786.2727,780.6339,1,2.7273,2.8663,-0.139,-1,34.0667,30.3766,17.4531,68.7382,-1,86.6242,83.8641,0.3686,791.0316,781.8284,786.43,0.0117,0.8607,2.0587,786.6651,1,-61684893,920296.4,0,0.4286,1,0.0,5.5322,0
2026-05-26 11:15:00,789.55,789.8,787.65,788.25,554177,788.4468,786.4524,780.9326,1,2.5473,2.8025,-0.2552,-1,32.9673,28.1178,19.268,61.4088,0,67.5159,78.1316,0.1588,791.1278,782.2072,786.6675,0.0113,0.6774,2.0653,786.8057,1,-62239070,923514.7,0,0.6047,-1,-0.1899,5.3317,1
2026-05-26 11:30:00,788.35,790.35,787.1,789.65,1103525,788.6874,786.7431,781.2744,1,2.4888,2.7398,-0.2509,-1,32.1873,26.909,17.1874,65.1444,-1,82.4427,78.861,0.324,791.3257,782.6593,786.9925,0.011,0.8066,2.1499,787.034,1,-61135545,952811.95,0,0.4,1,-0.0127,5.5188,0
2026-05-26 11:45:00,789.65,789.85,788.2,788.5,618897,788.65,786.9028,781.5578,1,2.3229,2.6564,-0.3335,-1,31.4629,25.409,16.2293,60.006,0,64.6154,71.5247,0.0762,791.4416,782.9034,787.1725,0.0108,0.6555,2.1142,787.2038,1,-61754442,946009.85,0,0.697,-1,-0.1583,5.3651,0
2026-05-26 12:00:00,788.5,788.7,785.6,785.95,672062,788.11,786.8162,781.73,1,1.9631,2.5177,-0.5546,-1,29.2547,22.8335,23.0854,50.495,0,25.3846,57.4809,-0.3929,791.3686,783.1314,787.25,0.0105,0.3422,2.1846,787.2758,-1,-62426504,948895.15,0,0.8226,-1,-0.4812,5.0244,0
2026-05-26 12:15:00,785.7,785.95,785.0,785.35,489612,787.558,786.6829,781.872,1,1.6109,2.3364,-0.7255,-1,27.5167,22.0945,24.3825,48.5453,0,16.1538,35.3846,-0.1589,791.187,783.503,787.345,0.0098,0.2404,2.0964,787.3116,-1,-62916116,951121.85,0,0.3684,-1,-0.5571,4.9442,0
2026-05-26 12:30:00,785.2,785.5,784.35,785.3,898038,787.1064,786.5572,782.0064,1,1.3126,2.1316,-0.819,-1,26.2344,21.1999,25.6837,48.3777,0,15.3846,18.9744,-0.3426,791.0026,783.8574,787.43,0.0091,0.2019,2.0288,787.3028,-1,-63814154,970411.25,0,0.087,1,-0.5635,4.9375,1
2026-05-26 12:45:00,785.3,785.7,783.4,785.65,2156325,786.8151,786.4747,782.1493,1,1.0919,1.9237,-0.8318,-1,25.5045,19.4994,26.9367,49.6874,0,30.4054,20.648,-0.5192,790.8317,784.1933,787.5125,0.0084,0.2194,2.0482,787.1859,-1,-61657829,1035687.35,1,0.1522,1,-0.5192,4.9843,0
2026-05-26 13:00:00,785.4,785.4,782.7,783.2,777406,786.0921,786.177,782.1905,-1,0.7111,1.6812,-0.9701,-1,25.1482,17.5545,26.6167,41.7098,0,6.3291,17.373,-0.8105,791.0092,783.9108,787.46,0.009,-0.1001,2.1126,787.233,-1,-62435235,1020574.3,0,0.8148,-1,-0.8294,4.6569,1
2026-05-26 13:15:00,783.2,784.5,782.2,784.2,1368955,785.7137,785.9973,782.2693,-1,0.4844,1.4418,-0.9574,-1,25.042,16.198,26.2398,45.5524,0,23.8095,20.1813,-0.6398,791.1509,783.5391,787.345,0.0097,0.0868,2.126,787.0699,-1,-61066280,1035580.15,0,0.4348,1,-0.7028,4.7905,0
2026-05-26 13:30:00,784.35,784.8,782.15,782.15,1050936,785.0009,785.6475,782.2646,-1,0.1378,1.181,-1.0432,-1,24.7232,15.7713,23.944,39.7652,0,0.0,10.0462,-0.9623,791.5386,782.6814,787.11,0.0113,-0.06,2.1634,786.8698,-1,-62117216,1029481.45,0,0.8302,-1,-0.9623,4.5166,0
2026-05-26 13:45:00,782.15,783.0,781.0,781.15,906935,784.2307,785.2387,782.2209,-1,-0.2152,0.9018,-1.117,-1,24.9567,14.7242,26.1718,37.2773,0,1.5625,8.4573,-0.9007,791.9529,781.6821,786.8175,0.0131,-0.0518,2.1517,786.643,-1,-63024151,1003435.7,0,0.5,-1,-1.089,4.383,0
2026-05-26 14:00:00,781.3,782.25,779.55,780.45,1385137,783.4746,784.8033,782.1515,-1,-0.5451,0.6124,-1.1575,-1,25.7521,13.4281,28.5953,35.5984,0,8.3333,3.2986,-1.1651,792.3179,780.6521,786.485,0.0148,-0.0173,2.1909,786.2033,-1,-64409288,983520.4,0,0.3148,-1,-1.1776,4.2894,1
2026-05-26 14:15:00,780.55,781.9,779.55,781.0,1160036,782.9797,784.4576,782.1063,-1,-0.7535,0.3392,-1.0927,-1,26.4907,12.4046,26.4158,37.9626,0,13.4259,7.7739,-0.9512,792.3981,779.8819,786.14,0.0159,0.0893,2.2023,785.8533,-1,-63249252,994040.75,0,0.1915,1,-1.1079,4.3629,0
2026-05-26 14:30:00,780.85,781.85,777.65,777.9,1930070,781.9637,783.8614,781.9414,-1,-1.1555,0.0403,-1.1957,-1,27.843,10.8176,28.8238,31.0447,1,1.9685,7.9093,-1.0242,792.6399,778.5251,785.5825,0.018,-0.0443,2.345,785.0344,-1,-65179322,1032311.05,1,0.7024,-1,-1.5005,3.9487,1
2026-05-26 14:45:00,778.05,780.0,777.6,779.75,583551,781.521,783.4877,781.8554,-1,-1.3097,-0.2297,-1.0799,-1,29.1147,10.0281,26.8722,38.2738,0,16.8627,10.7524,-0.7131,792.7189,777.7611,785.24,0.019,0.133,2.3489,784.764,-1,-64595771,1014520.65,0,0.7083,1,-1.2662,4.1959,0
2026-05-26 15:00:00,779.6,780.65,776.85,778.9,5471410,780.9968,783.0706,781.7395,-1,-1.4833,-0.4804,-1.0029,-1,30.5379,8.9183,26.0825,36.3863,0,15.7692,11.5335,-0.815,792.6349,776.9351,784.785,0.02,0.1252,2.4525,783.3648,-1,-70067181,1243957.7,1,0.1842,-1,-1.3739,4.0823,1
2026-05-26 15:15:00,778.95,780.95,778.5,780.25,1696341,780.8474,782.8142,781.6811,-1,-1.4948,-0.6833,-0.8115,-1,31.5808,9.1557,24.2213,41.3347,0,28.692,20.4413,-0.6873,792.0496,776.5704,784.31,0.0197,0.2377,2.4524,782.8337,-1,-68370840,1263761.05,0,0.5306,1,-1.2029,4.2627,0
2026-05-27 09:15:00,769.5,771.7,762.55,765.35,2591486,777.7479,781.2265,781.0407,-1,-2.6754,-1.0817,-1.5937,-1,34.8997,5.8872,47.7442,21.4771,1,11.9658,18.809,-2.2791,794.0666,772.1284,783.0975,0.028,-0.309,3.5415,781.0225,-1,-70962326,1346088.55,1,0.4536,-1,-3.0896,2.2717,1
2026-05-27 09:30:00,765.3,766.5,762.65,766.0,3194421,775.3984,779.8423,780.4509,-1,-3.518,-1.569,-1.949,-1,37.9816,5.4328,44.0597,23.2102,1,14.9028,18.5202,-2.3208,794.8117,769.0583,781.935,0.0329,-0.1188,3.5635,779.0875,-1,-67767905,1470711.8,1,0.1818,1,-3.0073,2.3585,0
2026-05-27 09:45:00,765.85,765.85,761.25,761.95,2455331,772.7087,778.2157,779.7253,-1,-4.4611,-2.1474,-2.3137,-1,40.9335,4.9276,42.7032,20.2162,1,2.863,9.9105,-2.5826,795.5698,765.5202,780.545,0.0385,-0.1188,3.6483,777.5497,-1,-70223236,1553232.55,1,0.8478,-1,-3.5201,1.8173,1
2026-05-27 10:00:00,761.9,764.65,761.3,764.5,2168348,771.0669,776.9688,779.1283,-1,-4.9458,-2.7071,-2.2387,-1,43.6747,4.6025,39.8859,26.6334,1,13.4576,10.4078,-2.1315,795.4733,763.2417,779.3575,0.0414,0.039,3.627,776.4295,-1,-68054888,1633941.1,0,0.7761,1,-3.1972,2.1581,1
2026-05-27 10:15:00,764.4,765.5,764.0,765.15,1326276,769.8836,775.8944,778.5801,-1,-5.2173,-3.2091,-2.0082,-1,45.7212,6.2077,38.6562,28.2183,1,16.5605,10.9604,-1.9604,794.6522,761.6128,778.1325,0.0425,0.1071,3.475,775.5413,-1,-66728612,1645078.65,0,0.5,1,-3.1149,2.2449,0
2026-05-27 10:30:00,765.2,765.5,763.5,763.65,1066790,768.6368,774.7813,777.9946,-1,-5.4903,-3.6654,-1.8249,-1,47.6692,5.9446,38.0772,26.7805,1,10.1911,13.403,-2.2215,793.8363,759.9437,776.89,0.0436,0.1094,3.3697,774.9321,-1,-67795402,1667473.3,0,0.775,-1,-3.3048,2.0445,1
2026-05-27 10:45:00,763.7,765.0,763.1,764.55,1182778,767.8195,773.8512,777.4674,-1,-5.5697,-4.0462,-1.5235,-1,49.5172,5.6975,37.3695,29.1143,1,15.1724,13.9747,-1.7162,793.0431,758.5969,775.82,0.0444,0.1728,3.2647,774.3232,-1,-66612624,1693009.1,0,0.4474,1,-3.1909,2.1648,1
2026-05-27 11:00:00,764.3,765.45,763.95,765.3,736179,767.3156,773.0738,776.9902,-1,-5.5087,-4.3387,-1.17,-1,50.9354,6.5271,36.0938,31.0855,1,19.2857,14.8831,-1.8532,792.0392,757.5958,774.8175,0.0445,0.2237,3.1386,773.9603,-1,-65876445,1705337.45,0,0.6667,1,-3.0959,2.265,1
2026-05-27 11:15:00,765.3,766.2,765.0,765.6,897857,766.9725,772.3943,776.5435,-1,-5.3742,-4.5458,-0.8283,-1,51.752,8.1262,35.0626,31.9013,1,21.0654,18.5078,-1.7075,790.7948,756.8702,773.8325,0.0438,0.2573,3.0002,773.4483,-1,-64978588,1705328.4,0,0.25,1,-3.0579,2.3051,0
2026-05-27 11:30:00,765.6,765.75,764.0,764.05,989725,766.388,771.6358,776.0536,-1,-5.3312,-4.7029,-0.6283,-1,52.661,7.7772,36.0108,29.93,1,13.5922,17.9811,-2.0763,789.3134,756.1916,772.7525,0.0429,0.2373,2.9109,772.4317,-1,-65968313,1646998.4,0,0.8857,-1,-3.2542,2.0979,0
2026-05-27 11:45:00,764.1,764.15,763.1,763.3,1338462,765.7704,770.878,775.5535,-1,-5.2965,-4.8216,-0.4749,-1,53.6358,7.5673,37.3527,28.9963,1,10.4061,15.0212,-0.2679,788.0776,755.4374,771.7575,0.0423,0.2409,2.778,771.8124,-1,-67306775,1675051.2,0,0.7619,-1,-3.3492,1.9977,0
2026-05-27 12:00:00,763.3,763.4,761.35,761.7,1687304,764.9563,770.0436,775.0102,-1,-5.3367,-4.9246,-0.4121,-1,54.7753,7.1608,39.9318,27.0571,1,2.2843,8.7609,-0.5614,786.4612,754.8038,770.6325,0.0411,0.2178,2.726,770.8519,-1,-68994079,1690968.65,0,0.7805,-1,-3.5518,1.7839,0
2026-05-27 12:15:00,761.7,762.35,760.55,760.7,2462111,764.105,769.1942,774.449,-1,-5.3871,-5.0171,-0.37,-1,55.9327,6.8146,40.1499,25.8916,1,0.7353,4.4752,-0.1641,785.0244,754.0956,769.56,0.0402,0.2135,2.6598,769.814,-1,-71456190,1761527.4,0,0.5556,-1,-3.6784,1.6503,1
2026-05-27 12:30:00,760.6,762.25,760.5,762.25,955421,763.734,768.5629,773.9706,-1,-5.2416,-5.062,-0.1796,-1,57.0139,6.4864,38.3535,30.8627,1,15.625,6.2149,-0.2943,783.4271,753.8029,768.615,0.0385,0.2851,2.5948,769.2873,-1,-70500769,1763951.7,0,0.9429,1,-3.4821,1.8574,0
2026-05-27 12:45:00,762.25,762.25,759.5,759.55,1597588,762.8972,767.7435,773.4051,-1,-5.2832,-5.1063,-0.1769,-1,58.146,5.9974,38.2035,27.4132,1,0.7143,5.6915,-0.7319,781.8336,753.3064,767.57,0.0372,0.2189,2.6059,768.4414,-1,-72098357,1774574.25,0,0.9818,-1,-3.824,1.4966,0
2026-05-27 13:00:00,759.75,760.2,758.2,758.95,2541923,762.1078,766.9441,772.8382,-1,-5.3035,-5.1457,-0.1578,-1,59.352,5.6631,39.6973,26.699,1,9.375,8.5714,-0.6155,779.7858,753.1492,766.4675,0.0348,0.2178,2.5626,767.4093,-1,-74640280,1843668.6,0,0.4,-1,-3.9,1.4164,1
2026-05-27 13:15:00,758.75,760.25,758.45,759.5,1430320,761.5862,766.2674,772.3152,-1,-5.215,-5.1596,-0.0555,-1,60.4307,5.5152,37.6623,28.5369,1,16.25,8.7798,-0.6605,778.0998,752.9952,765.5475,0.0328,0.2591,2.5082,766.4722,-1,-73209960,1818681.1,0,0.4167,1,-3.8303,1.4899,0
2026-05-27 13:30:00,759.4,761.2,759.1,759.3,2062016,761.129,765.634,771.8048,-1,-5.1023,-5.1481,0.0458,1,60.6446,7.9187,35.3835,28.2594,1,13.75,13.125,-0.784,775.5178,753.5322,764.525,0.0288,0.2623,2.479,765.9175,-1,-75271976,1892604.35,0,0.0476,-1,-3.8557,1.4632,1
2026-05-27 13:45:00,759.3,759.7,758.55,759.35,1283623,760.7732,765.0627,771.3163,-1,-4.9518,-5.1088,0.157,1,60.9423,7.6459,35.8122,28.4467,1,14.375,14.7917,-0.8164,772.5502,754.5448,763.5475,0.0236,0.2669,2.3841,763.5675,-1,-73988353,1683215.0,0,0.0435,1,-3.8493,1.4699,1
2026-05-27 14:00:00,759.5,761.15,759.2,759.4,1922771,760.4985,764.5479,770.849,-1,-4.7735,-5.0418,0.2683,1,60.0746,11.5949,33.6923,28.6473,1,15.0,14.375,-0.6086,767.4393,757.5707,762.505,0.0129,0.1854,2.3531,762.5429,-1,-72065582,1694536.5,0,0.0513,-1,-3.843,1.4766,0
2026-05-27 14:15:00,759.35,761.5,759.0,759.4,3853540,760.2788,764.0799,770.4,-1,-4.5794,-4.9493,0.3699,1,59.0069,11.7766,31.1468,28.6473,1,15.0,14.7917,-0.5109,767.1372,757.2778,762.2075,0.0129,0.2152,2.3636,761.9663,-1,-68212042,1757639.2,1,0.02,1,-3.843,1.4766,0
2026-05-27 14:30:00,759.1,759.95,758.0,758.15,3170629,759.8531,763.5409,769.9197,-1,-4.4748,-4.8544,0.3796,1,58.2918,11.0738,32.3484,26.4935,1,1.8293,10.6098,-0.4661,766.7244,756.9056,761.815,0.0129,0.1267,2.334,761.3911,-1,-71382671,1756449.6,1,0.4872,-1,-4.0013,1.3095,0
2026-05-27 14:45:00,758.05,758.35,757.25,757.7,2840199,759.4225,763.0099,769.4404,-1,-4.3778,-4.7591,0.3813,1,57.8239,10.6864,33.602,25.7431,1,5.2941,7.3745,-0.3944,766.8279,756.3771,761.6025,0.0137,0.1266,2.2459,760.9889,-1,-74222870,1775693.0,1,0.3182,-1,-4.0582,1.2494,1
2026-05-27 15:00:00,757.8,759.4,756.9,759.4,4953475,759.418,762.6817,769.0467,-1,-4.1163,-4.6305,0.5142,1,56.5755,13.1562,30.9517,33.4155,1,34.4828,13.8687,-0.3739,766.4793,756.2157,761.3475,0.0135,0.3103,2.264,760.5344,-1,-69269395,1914949.35,1,0.64,1,-3.843,1.4766,0
2026-05-27 15:15:00,759.55,759.9,758.15,759.25,5135071,759.3844,762.3697,768.6625,-1,-3.8765,-4.4797,0.6032,1,55.0444,14.0213,29.2147,33.0906,1,36.1538,25.3102,-0.0395,765.949,756.156,761.0525,0.0129,0.3159,2.2273,760.2225,-1,-74404466,2105389.1,1,0.1714,-1,-3.862,1.4565,0
2026-05-29 09:15:00,749.8,756.65,749.8,751.1,2461366,757.7275,761.3452,767.9738,-1,-4.2946,-4.4427,0.1481,1,55.4764,10.5712,43.768,21.0917,1,10.3586,26.9984,-1.0343,766.8173,754.0327,760.425,0.0168,-0.2294,2.7432,759.6885,-1,-76865832,2175117.9,0,0.1898,1,-4.894,0.3675,1
2026-05-29 09:30:00,751.1,756.35,750.9,755.1,2235606,757.202,760.7775,767.4689,-1,-4.2541,-4.405,0.1509,1,55.8775,9.1698,37.9659,33.7827,1,42.5703,29.6942,-0.5793,766.4515,753.4535,759.9525,0.0171,0.1267,2.9366,759.2887,-1,-74630226,2227759.3,0,0.7339,1,-4.3875,0.902,1
2026-05-29 09:45:00,755.1,757.6,753.9,757.5,1557310,757.2616,760.4795,767.078,-1,-3.9824,-4.3205,0.338,1,55.5025,11.3447,34.6113,40.0163,0,61.8474,38.2587,-0.2371,765.6545,753.4705,759.5625,0.016,0.3307,2.9911,759.0963,-1,-73072916,2268815.85,0,0.6486,1,-4.0836,1.2227,1
2026-05-29 10:00:00,757.45,759.35,755.5,758.8,1411661,757.5693,760.3268,766.7534,-1,-3.6205,-4.1805,0.56,1,54.1947,14.4177,31.4931,43.1388,0,76.9231,60.4469,-0.0724,764.6516,753.7934,759.2225,0.0143,0.4611,3.0524,758.9317,-1,-71661255,2294506.05,0,0.3506,1,-3.919,1.3964,0
2026-05-29 10:15:00,758.75,759.65,757.25,758.1,1296218,757.6754,760.1244,766.414,-1,-3.3515,-4.0147,0.6632,1,52.8215,14.3083,29.697,41.8748,0,70.9402,69.9035,-0.1712,763.8962,753.9538,758.925,0.0131,0.417,3.0058,758.7935,-1,-72957473,2309830.7,0,0.2708,-1,-4.0076,1.3029,0
2026-05-29 10:30:00,758.15,758.55,756.25,757.2,1549032,757.5803,759.8585,766.0527,-1,-3.1744,-3.8466,0.6722,1,51.8017,13.5129,30.4631,40.2421,0,63.2479,70.3704,-0.2897,763.2143,754.0257,758.62,0.0121,0.3455,2.9554,758.6085,-1,-74506505,2320359.2,0,0.413,-1,-4.1216,1.1826,1
2026-05-29 10:45:00,757.1,759.7,756.9,759.0,1085481,757.8643,759.7805,765.7761,-1,-2.8558,-3.6485,0.7926,1,50.224,15.3849,28.3938,44.8717,0,78.6325,70.9402,0.1121,762.8629,754.1071,758.485,0.0115,0.5588,2.9443,758.4763,1,-73421024,2290268.05,0,0.6786,1,-3.8936,1.4231,0
2026-05-29 11:00:00,759.05,760.45,758.5,758.95,1278025,758.0814,759.705,765.5084,-1,-2.5777,-3.4343,0.8566,1,48.3622,16.5036,27.0174,44.7679,0,78.2051,73.3618,0.165,762.6633,754.1317,758.3975,0.0112,0.5648,2.8733,758.3496,1,-74699049,2231063.75,0,0.0513,-1,-3.9,1.4164,0
2026-05-29 11:15:00,759.0,759.4,757.15,757.2,1134620,757.9051,759.4773,765.1826,-1,-2.47,-3.2415,0.7714,1,47.0487,15.5659,28.8913,41.1791,0,63.2479,73.3618,-0.2897,762.0515,754.2385,758.145,0.0103,0.379,2.8288,758.2679,-1,-75833669,2240023.7,0,0.8,-1,-4.1216,0.8121,1
2026-05-29 11:30:00,757.1,757.9,756.5,757.75,806787,757.8741,759.3202,764.8911,-1,-2.3136,-3.0559,0.7423,1,46.0203,14.9951,29.5344,42.7329,0,74.6479,72.0336,-0.1976,761.9105,754.1995,758.055,0.0102,0.4604,2.7267,758.1731,-1,-75026882,2200483.65,0,0.4643,1,-4.0519,0.8854,1
2026-05-29 11:45:00,757.85,759.5,757.45,758.75,819061,758.0493,759.2684,764.6503,-1,-2.085,-2.8617,0.7767,1,44.1933,18.4423,27.9198,45.5493,0,84.0376,73.9778,1.0185,761.8922,754.1978,758.045,0.0102,0.5916,2.6784,758.124,1,-74207821,2114340.55,0,0.439,1,-3.9253,1.0185,0
2026-05-29 12:00:00,758.7,758.7,756.25,756.9,679726,757.8194,759.0531,764.3464,-1,-2.0296,-2.6953,0.6657,1,42.89,17.2068,29.2649,41.4846,0,66.6667,75.1174,0.2384,761.7323,754.0977,757.915,0.0101,0.3671,2.6656,758.0663,-1,-74887547,2076810.85,0,0.7347,-1,-4.1595,0.7722,0
2026-05-29 12:15:00,756.9,756.9,755.6,756.8,652597,757.6155,758.8483,764.0504,-1,-1.9711,-2.5505,0.5793,1,41.885,16.5846,30.0147,41.2702,0,65.7277,72.144,-0.0924,761.5814,753.9986,757.79,0.01,0.3694,2.5681,757.9472,-1,-75540144,2006339.9,0,0.0769,-1,-4.1722,0.7589,0
2026-05-29 12:30:00,756.8,757.5,755.9,756.2,650701,757.3324,758.6075,763.7426,-1,-1.9507,-2.4305,0.4798,1,40.6101,17.5412,28.642,39.9366,0,60.0939,64.1628,-0.3426,761.4133,753.8517,757.6325,0.01,0.3106,2.4989,757.8832,-1,-76190845,1974693.8,0,0.375,-1,-4.2482,0.679,0
2026-05-29 12:45:00,756.2,756.2,754.2,754.6,768984,756.7859,758.2432,763.384,-1,-2.0401,-2.3524,0.3123,1,39.9785,16.5239,31.9104,36.5453,0,38.7435,54.855,-0.4617,761.3012,753.4838,757.3925,0.0103,0.1428,2.4633,757.7234,-1,-76959829,1917004.45,0,0.8,-1,-4.4508,0.466,0
2026-05-29 13:00:00,754.7,754.7,753.55,753.7,748153,756.1688,757.8302,763.0043,-1,-2.1587,-2.3137,0.155,1,39.5881,15.9511,32.7636,34.7574,1,2.1739,33.6704,-0.4622,761.2153,752.9997,757.1075,0.0109,0.0852,2.3695,757.3986,-1,-77707982,1761735.1,0,0.8696,-1,-4.5647,0.3462,0
2026-05-29 13:15:00,753.7,753.85,753.0,753.55,780969,755.645,757.4411,762.6335,-1,-2.2389,-2.2987,0.0598,1,39.3909,15.5227,33.6214,34.4548,1,7.3826,16.1,-0.7181,761.2337,752.5213,756.8775,0.0115,0.1181,2.261,757.1795,-1,-78488951,1642252.1,0,0.1765,-1,-4.5837,0.3262,0
2026-05-29 13:30:00,753.5,753.9,752.8,752.8,784422,755.076,757.0192,762.2479,-1,-2.3362,-2.3062,-0.0299,-1,39.2695,14.9628,33.0644,32.9122,1,0.0,3.1855,-0.8103,761.3151,751.9499,756.6325,0.0124,0.0908,2.178,757.0231,-1,-79273373,1539463.25,0,0.6364,-1,-4.6787,0.2263,1
2026-05-29 13:45:00,752.8,753.65,752.0,753.0,1062607,754.6608,756.6538,761.8852,-1,-2.3697,-2.3189,-0.0508,-1,39.404,14.1388,33.9135,33.7638,1,11.8343,6.4056,-0.5547,761.069,751.556,756.3125,0.0126,0.1518,2.1403,756.5753,-1,-78210766,1344919.85,0,0.1212,1,-4.6534,0.253,1
2026-05-29 14:00:00,753.05,753.85,752.9,753.35,720693,754.3986,756.3534,761.5505,-1,-2.3411,-2.3234,-0.0178,-1,39.3803,14.3671,32.7939,35.3115,0,15.9763,9.2702,-0.5807,760.7403,751.2947,756.0175,0.0125,0.2176,2.0553,755.8958,-1,-77490073,1124200.95,0,0.3158,1,-4.6091,0.2996,1
2026-05-29 14:15:00,753.3,754.3,752.55,753.7,1047238,754.2589,756.1122,761.2426,-1,-2.2641,-2.3115,0.0474,1,39.0157,15.0646,30.778,36.8993,0,20.1183,15.9763,-0.6656,760.4458,751.8492,756.1475,0.0114,0.2153,2.0335,756.1723,-1,-76442835,1053494.55,0,0.2286,1,-4.5647,0.3462,1
2026-05-29 14:30:00,753.7,755.45,753.7,755.0,1060433,754.4071,756.0111,760.9978,-1,-2.0742,-2.2641,0.1898,1,37.846,18.2094,28.867,42.5407,0,40.0,25.3649,-0.251,760.4459,751.8391,756.1425,0.0114,0.3673,2.0132,756.3257,-1,-75382402,994735.9,0,0.7429,1,-4.4001,0.5192,0
2026-05-29 14:45:00,755.0,755.25,753.4,753.55,1161090,754.2357,755.7874,760.7058,-1,-2.0175,-2.2148,0.1972,1,36.8911,17.0072,28.0318,38.4153,0,20.6667,26.9283,-0.4294,760.3426,751.5474,755.945,0.0116,0.2277,2.0016,756.1906,-1,-76543492,974924.9,0,0.7838,-1,-4.5837,0.3262,0
2026-05-29 15:00:00,753.55,753.6,742.1,745.25,39263801,752.4386,754.8294,760.0997,-1,-2.6122,-2.2942,-0.318,-1,38.6525,11.7945,49.5569,24.0426,1,18.1034,26.2567,-1.448,761.4924,749.0426,755.2675,0.0165,-0.3046,2.68,749.8454,-1,-115807293,2867531.9,1,0.7217,-1,-5.6347,0.0,1
2026-05-29 15:15:00,744.95,747.25,738.65,747.25,29756573,751.4009,754.1404,759.5958,-1,-2.8888,-2.4132,-0.4757,-1,40.6698,9.4595,47.6879,30.7646,1,42.8928,27.221,-0.974,761.7124,747.7376,754.725,0.0185,-0.0349,3.1029,747.8231,-1,-86050720,4290549.65,1,0.2674,1,-5.3814,0.2684,0
