Datetime,Open,High,Low,Close,Volume,EMA_9,EMA_21,EMA_50,EMA_cross,MACD,MACD_sig,MACD_hist,MACD_cross,ADX,DI_pos,DI_neg,RSI,RSI_zone,STOCH_k,STOCH_d,ROC,BB_upper,BB_lower,BB_mid,BB_width,BB_pos,ATR,VWAP,VWAP_signal,OBV,Vol_avg,Vol_spike,Body_size,Candle_dir,Pct_from_high,Pct_from_low,Target
2026-03-17 09:30:00,1398.4,1401.8,1396.3,1397.8,389350,1392.4902,1387.2235,1387.0171,1,4.0636,1.7146,2.349,1,28.7591,26.5467,11.3537,65.8159,-1,84.1924,86.7648,1.2899,1401.2007,1366.5393,1383.87,0.025,0.9019,6.1568,1386.8346,1,-9251654,933677.1,0,0.1091,-1,-1.9088,6.5803,1
2026-03-17 09:45:00,1397.8,1401.5,1396.2,1398.8,600948,1393.7522,1388.2759,1387.4791,1,4.4207,2.2558,2.1649,1,29.5354,24.898,10.7658,66.7388,-1,87.6289,85.7961,1.6791,1403.0708,1367.0092,1385.04,0.026,0.8816,6.0956,1387.4115,1,-8650706,948468.4,0,0.1887,1,-1.8386,6.6565,1
2026-03-17 10:00:00,1398.8,1403.2,1398.5,1400.3,354183,1395.0617,1389.369,1387.9819,1,4.7698,2.7586,2.0112,1,30.5008,25.5291,10.163,68.1288,-1,89.8246,87.2153,1.3608,1405.0441,1367.2659,1386.155,0.0273,0.8744,5.9959,1387.8085,1,-8296523,951100.5,0,0.3191,1,-1.7333,6.7709,1
2026-03-17 10:15:00,1400.4,1402.0,1399.4,1400.9,278183,1396.2294,1390.4173,1388.4885,1,5.0368,3.2143,1.8225,1,31.3973,24.705,9.8349,68.6924,-1,91.844,89.7658,1.243,1406.4144,1368.7356,1387.575,0.0272,0.8536,5.7533,1388.3379,1,-8018340,940647.0,0,0.1923,1,-1.6912,6.8166,0
2026-03-17 10:30:00,1400.5,1401.7,1395.7,1399.3,612117,1396.8435,1391.2248,1388.9125,1,5.061,3.5836,1.4774,1,30.9497,22.8703,13.6841,65.3726,-1,86.1702,89.2796,0.6256,1407.1387,1370.6413,1388.89,0.0263,0.7852,5.7709,1388.9509,1,-8630457,953640.1,0,0.2,-1,-1.8035,6.6946,0
2026-03-17 10:45:00,1399.3,1401.6,1398.4,1399.3,363108,1397.3348,1391.9589,1389.3198,1,5.0222,3.8713,1.1509,1,30.534,21.9347,13.1243,65.3726,-1,86.1702,88.0615,0.4018,1407.9242,1372.0958,1390.01,0.0258,0.7593,5.5873,1389.4121,1,-8267349,953205.65,0,0.0,1,-1.8035,6.6946,0
2026-03-17 11:00:00,1399.5,1400.2,1397.2,1397.9,261837,1397.4478,1392.499,1389.6563,1,4.8229,4.0617,0.7613,1,29.7458,21.0647,14.1903,62.3164,0,76.652,82.9975,0.3734,1408.4522,1373.4378,1390.945,0.0252,0.6986,5.4025,1389.7844,1,-8529186,945256.3,0,0.5333,-1,-1.9018,6.5879,0
2026-03-17 11:15:00,1397.9,1399.0,1391.3,1392.0,758709,1396.3583,1392.4537,1389.7482,1,4.1412,4.0776,0.0636,1,27.8708,18.9834,20.3589,51.4087,0,47.1698,69.9973,-0.3508,1408.3265,1374.7535,1391.54,0.0241,0.5137,5.5666,1390.3546,1,-9287895,948233.3,0,0.7662,-1,-2.3158,6.138,0
2026-03-17 11:30:00,1392.3,1393.3,1388.7,1389.3,429511,1394.9466,1392.167,1389.7307,1,3.3445,3.9309,-0.5865,-1,26.7066,17.8489,22.5203,47.3262,0,4.1379,42.6532,-0.4086,1407.8034,1376.3666,1392.085,0.0226,0.4114,5.4976,1390.8322,-1,-9717406,935697.3,0,0.6522,-1,-2.5053,5.9321,1
2026-03-17 11:45:00,1389.3,1392.9,1388.7,1392.3,286266,1394.4173,1392.1791,1389.8314,1,2.9215,3.7291,-0.8076,-1,25.6255,16.8582,21.2703,51.8971,0,24.8276,25.3784,-0.422,1407.1458,1378.4442,1392.795,0.0206,0.4828,5.4049,1391.2316,1,-9431140,922119.75,0,0.7143,1,-2.2947,6.1609,1
2026-03-17 12:00:00,1392.8,1395.1,1391.7,1393.6,193851,1394.2538,1392.3082,1389.9792,1,2.6605,3.5153,-0.8548,-1,24.0169,19.0666,20.2885,53.7693,0,33.7931,20.9195,-0.3005,1406.5702,1380.3798,1393.475,0.0188,0.5048,5.2617,1391.921,1,-9237289,878702.1,0,0.2353,1,-2.2035,6.26,0
2026-03-17 12:15:00,1393.7,1393.7,1389.0,1389.9,252876,1393.3831,1392.0893,1389.9761,1,2.1305,3.2384,-1.1078,-1,23.1541,17.8407,22.6776,48.0386,0,8.2759,22.2989,-0.6363,1404.6173,1383.7527,1394.185,0.015,0.2946,5.2216,1392.8891,-1,-9490165,835138.35,0,0.8085,-1,-2.4632,5.9779,1
2026-03-17 12:30:00,1389.9,1396.1,1388.2,1395.7,466502,1393.8465,1392.4175,1390.2006,1,2.1537,3.0214,-0.8677,-1,21.7112,19.1479,20.3135,55.962,0,50.0,30.6897,-0.3285,1403.5607,1386.2293,1394.895,0.0124,0.5464,5.4129,1393.5381,1,-9023663,819608.25,0,0.7342,1,-2.0561,6.4201,1
2026-03-17 12:45:00,1395.7,1399.5,1394.8,1398.8,524550,1394.8372,1392.9978,1390.5378,1,2.3946,2.8961,-0.5015,-1,20.7516,22.4783,19.0416,59.5154,0,70.6667,42.9808,-0.1499,1402.7773,1388.5227,1395.65,0.0102,0.721,5.362,1394.3177,1,-8499113,794009.35,0,0.6596,1,-1.8386,6.6565,1
2026-03-17 13:00:00,1398.6,1400.8,1394.5,1400.1,1180505,1395.8897,1393.6434,1390.9128,1,2.6598,2.8488,-0.189,-1,20.1422,22.3255,17.4633,60.9388,0,79.3333,66.6667,0.0572,1403.1075,1389.1425,1396.125,0.01,0.7846,5.429,1395.3071,1,-7318608,754936.85,1,0.2381,1,-1.7474,6.7556,0
2026-03-17 13:15:00,1400.4,1401.9,1398.1,1399.7,392369,1396.6518,1394.194,1391.2574,1,2.8053,2.8401,-0.0348,-1,19.8127,22.6639,16.5711,60.237,0,76.6667,75.5556,0.0286,1403.4802,1389.3698,1396.425,0.0101,0.7321,5.3126,1395.873,1,-7710977,663642.05,0,0.1842,-1,-1.7754,6.7251,0
2026-03-17 13:30:00,1399.4,1402.5,1397.1,1398.5,395370,1397.0214,1394.5855,1391.5414,1,2.7917,2.8304,-0.0388,-1,19.213,21.0203,16.7123,58.0762,0,72.028,76.0093,0.0429,1403.6088,1389.8212,1396.715,0.0099,0.6295,5.3188,1396.472,1,-8106347,586321.3,0,0.1667,-1,-1.8596,6.6336,1
2026-03-17 13:45:00,1398.5,1400.9,1398.3,1399.0,335214,1397.4171,1394.9868,1391.8339,1,2.789,2.8222,-0.0331,-1,18.6562,20.2585,16.1066,58.7403,0,75.5245,74.7397,0.5029,1403.7855,1389.8545,1396.82,0.01,0.6565,5.1246,1396.8568,1,-7771133,492638.8,0,0.1923,1,-1.8246,6.6717,1
2026-03-17 14:00:00,1398.8,1404.5,1398.4,1403.6,863116,1398.6537,1395.7698,1392.2953,1,3.1221,2.8821,0.24,1,18.9577,23.5097,14.7556,64.3375,0,94.4785,80.677,1.0293,1404.754,1389.746,1397.25,0.0107,0.9231,5.1943,1397.6482,1,-6908017,464885.95,1,0.7869,1,-1.5018,7.0225,0
2026-03-17 14:15:00,1403.6,1405.9,1399.2,1400.3,991358,1398.983,1396.1817,1392.6092,1,3.0843,2.9226,0.1617,1,19.5208,23.2737,13.4237,58.2342,0,68.3616,79.4549,0.5746,1404.9672,1389.7428,1397.355,0.0109,0.6934,5.3019,1398.0295,1,-7899375,496496.15,1,0.4925,-1,-1.7333,6.7709,1
2026-03-17 14:30:00,1400.3,1402.9,1400.3,1400.9,368836,1399.3664,1396.6106,1392.9344,1,3.0673,2.9515,0.1158,1,20.0437,22.4277,12.9357,58.9959,0,71.7514,78.1972,0.5238,1405.2768,1389.7432,1397.51,0.0111,0.7182,5.1089,1398.13,1,-7530539,495470.45,0,0.2308,1,-1.6912,6.8166,1
2026-03-17 14:45:00,1401.2,1405.1,1398.5,1405.0,995451,1400.4931,1397.3733,1393.4075,1,3.3462,3.0304,0.3157,1,20.9768,23.4135,11.7664,63.8475,0,94.9153,78.3427,1.0864,1406.2358,1389.4042,1397.82,0.012,0.9266,5.2154,1398.5466,1,-6535088,515195.6,1,0.5758,1,-1.4035,7.1292,0
2026-03-17 15:00:00,1404.7,1404.9,1395.7,1401.1,4165464,1400.6145,1397.7121,1393.7092,1,3.2154,3.0674,0.1479,1,20.8444,20.5893,13.9788,56.9454,0,72.8814,79.8493,0.3869,1406.33,1389.39,1397.86,0.0121,0.6913,5.5071,1399.0895,1,-10700552,705759.65,1,0.3913,-1,-1.6772,6.8319,0
2026-03-17 15:15:00,1401.1,1401.1,1392.3,1394.8,2563620,1399.4516,1397.4473,1393.752,1,2.5737,2.9687,-0.395,-1,19.6937,18.3355,16.6778,47.9314,0,37.2881,68.3616,-0.286,1406.0045,1389.1055,1397.555,0.0121,0.337,5.7423,1398.5886,-1,-13264172,820031.5,1,0.7159,-1,-2.1193,6.3515,1
2026-03-18 09:15:00,1397.6,1409.6,1397.6,1406.5,444298,1400.8613,1398.2703,1394.2519,1,2.975,2.9699,0.005,1,20.295,24.8043,13.9184,60.4517,0,85.514,65.2278,0.4571,1407.2031,1388.6269,1397.915,0.0133,0.9621,6.3893,1398.7404,1,-12819874,811640.55,0,0.7417,1,-1.2982,7.2436,1
2026-03-18 09:30:00,1406.5,1409.9,1406.0,1407.1,369897,1402.109,1399.073,1394.7557,1,3.3033,3.0366,0.2667,1,20.9009,24.0368,13.2942,60.97,0,87.0968,69.9663,0.5287,1408.4119,1388.1981,1398.305,0.0145,0.9351,6.2115,1398.9208,1,-12449977,811980.0,0,0.1538,1,-1.2561,7.2894,1
2026-03-18 09:45:00,1407.4,1412.0,1407.1,1409.3,561128,1403.5472,1400.0027,1395.3261,1,3.6984,3.169,0.5294,1,21.7947,25.1136,12.5337,62.8905,0,86.2944,86.3017,0.7723,1410.0551,1387.6949,1398.875,0.016,0.9662,6.1178,1399.2863,1,-11888849,826944.55,0,0.3878,1,-1.1018,7.0897,0
2026-03-18 10:00:00,1409.6,1409.6,1405.5,1406.2,265012,1404.0778,1400.5661,1395.7525,1,3.7185,3.2789,0.4396,1,22.1414,23.8824,13.8323,58.5209,0,70.5584,81.3165,0.5147,1410.7321,1388.4379,1399.585,0.0159,0.7967,5.9737,1399.6606,1,-12153861,802259.7,0,0.8293,-1,-1.3193,6.498,1
2026-03-18 10:15:00,1406.6,1409.5,1406.2,1408.0,248591,1404.8622,1401.2419,1396.2328,1,3.8355,3.3902,0.4453,1,22.4632,22.9089,13.2685,60.248,0,79.6954,78.8494,0.3135,1411.1861,1389.8539,1400.52,0.0152,0.8506,5.7827,1400.0395,1,-11905270,793213.7,0,0.4242,1,-1.193,5.7375,1
2026-03-18 10:30:00,1408.1,1409.6,1407.3,1408.9,234722,1405.6698,1401.9381,1396.7296,1,3.9552,3.5032,0.452,1,22.7813,22.3579,12.8746,61.1197,0,84.264,78.1726,0.6142,1411.9113,1390.7887,1401.35,0.0151,0.8574,5.534,1400.3248,1,-11670548,790636.5,0,0.3478,1,-1.1298,5.4014,1
2026-03-18 10:45:00,1409.0,1410.6,1408.2,1409.0,223828,1406.3358,1402.5801,1397.2108,1,4.0119,3.605,0.407,1,23.2748,22.9812,12.459,61.2214,0,84.7716,82.9103,0.5782,1412.5537,1391.6863,1402.12,0.0149,0.8297,5.3101,1400.5351,1,-11446720,792135.35,0,0.0,1,-1.1228,5.4088,1
2026-03-18 11:00:00,1409.0,1412.9,1408.9,1412.1,374936,1407.4887,1403.4455,1397.7947,1,4.2579,3.7356,0.5224,1,24.1646,24.8719,11.7766,64.3372,0,96.1165,88.384,0.5053,1412.9248,1393.5352,1403.23,0.0138,0.9575,5.2165,1400.941,1,-11071784,798238.35,0,0.775,1,-0.9053,5.4829,0
2026-03-18 11:15:00,1412.0,1412.0,1408.6,1410.1,169689,1408.0109,1404.0505,1398.2772,1,4.2426,3.837,0.4056,1,24.8752,23.6512,11.6193,60.9355,0,86.4078,89.0986,0.6424,1413.4376,1394.4624,1403.95,0.0135,0.8241,5.0939,1401.2682,1,-11241473,783397.7,0,0.5588,-1,-1.0456,5.3335,0
2026-03-18 11:30:00,1410.1,1410.7,1408.5,1409.5,177320,1408.3087,1404.5459,1398.7173,1,4.1344,3.8965,0.2379,1,25.4942,22.8907,11.3918,59.9121,0,83.4951,88.6731,1.0539,1413.9573,1395.0127,1404.485,0.0135,0.7647,4.8872,1401.4864,1,-11418793,766036.2,0,0.2727,-1,-1.0877,5.2887,0
2026-03-18 11:45:00,1409.5,1409.9,1408.5,1409.0,113482,1408.447,1404.9508,1399.1206,1,3.9626,3.9097,0.0529,1,26.069,22.3972,11.1462,59.0224,0,81.068,83.657,0.1777,1414.3727,1395.4873,1404.93,0.0134,0.7155,4.6381,1401.7974,1,-11532275,712685.05,0,0.3571,-1,-1.1228,5.2514,0
2026-03-18 12:00:00,1409.2,1409.4,1407.3,1408.1,211022,1408.3776,1405.2371,1399.4727,1,3.7111,3.87,-0.1589,-1,26.0685,21.6434,12.6943,57.371,0,76.699,80.4207,0.0711,1414.5694,1396.1306,1405.35,0.0131,0.6491,4.4568,1401.9473,1,-11743297,703617.7,0,0.5238,-1,-1.186,5.1841,0
2026-03-18 12:15:00,1408.0,1408.7,1405.3,1405.3,353043,1407.7621,1405.2428,1399.7012,1,3.2483,3.7456,-0.4973,-1,25.2456,20.4437,15.2512,52.454,0,63.1068,73.6246,-0.2838,1414.359,1397.021,1405.69,0.0123,0.4775,4.3813,1402.1329,1,-12096340,701501.35,0,0.7941,-1,-1.3825,4.975,1
2026-03-18 12:30:00,1405.9,1407.2,1405.5,1407.1,131586,1407.6297,1405.4117,1399.9914,1,2.9924,3.595,-0.6026,-1,24.4814,19.7837,14.7589,55.1171,0,62.0915,67.2991,0.064,1414.2155,1397.9745,1406.095,0.0116,0.5619,4.2041,1402.2417,1,-11964754,691319.95,0,0.7059,1,-1.2561,5.1094,1
2026-03-18 12:45:00,1407.3,1411.2,1406.9,1411.0,244291,1408.3037,1405.9197,1400.4231,1,3.0688,3.4897,-0.4209,-1,24.8389,25.1258,13.6824,60.305,0,75.0,66.7328,0.2131,1414.7693,1398.1607,1406.465,0.0118,0.7731,4.2109,1402.3845,1,-11720463,660378.7,0,0.8605,1,-0.9825,5.4008,0
2026-03-18 13:00:00,1411.2,1412.3,1409.6,1410.6,326605,1408.763,1406.3452,1400.8222,1,3.0618,3.4042,-0.3423,-1,25.4189,25.8597,13.0393,59.5448,0,69.7368,68.9428,0.1207,1414.9624,1398.9976,1406.98,0.0113,0.7267,4.103,1402.6507,1,-12047068,627141.05,0,0.2222,-1,-1.0105,5.3709,0
2026-03-18 13:15:00,1410.8,1410.8,1408.5,1409.9,293754,1408.9904,1406.6683,1401.1782,1,2.9656,3.3165,-0.3508,-1,25.4792,24.7907,14.4773,58.163,0,60.5263,68.4211,0.0639,1414.9944,1399.8656,1407.43,0.0107,0.6633,3.9742,1402.8556,1,-12340822,623386.95,0,0.3913,-1,-1.0596,5.3186,0
2026-03-18 13:30:00,1409.5,1410.4,1408.6,1409.7,351419,1409.1323,1406.9439,1401.5124,1,2.8405,3.2213,-0.3807,-1,25.5353,23.9561,13.9899,57.7506,0,57.8947,62.7193,-0.17,1415.2048,1400.1252,1407.665,0.0107,0.6349,3.8189,1403.0541,1,-12692241,591185.35,0,0.1111,1,-1.0737,5.3037,0
2026-03-18 13:45:00,1409.7,1411.0,1407.2,1409.5,443405,1409.2058,1407.1763,1401.8256,1,2.6942,3.1159,-0.4217,-1,24.9635,22.2528,15.6147,57.313,0,55.2632,57.8947,-0.0426,1415.0274,1401.1426,1408.085,0.0099,0.6019,3.8176,1404.6712,1,-13135646,405082.4,0,0.0526,-1,-1.0877,5.2494,1
2026-03-18 14:00:00,1409.7,1411.5,1409.1,1409.6,238985,1409.2847,1407.3967,1402.1305,1,2.5568,3.004,-0.4473,-1,24.5852,22.1874,14.8944,57.4865,0,56.5789,56.5789,0.0071,1412.1668,1405.4832,1408.825,0.0047,0.616,3.7163,1408.7128,1,-12896661,288850.65,0,0.0417,-1,-1.0807,5.2569,1
2026-03-18 14:15:00,1409.4,1411.9,1409.3,1410.5,357907,1409.5277,1407.6788,1402.4587,1,2.4918,2.9016,-0.4098,-1,24.3592,21.84,14.1338,59.0974,0,68.4211,60.0877,0.1065,1412.2634,1405.7866,1409.025,0.0046,0.7277,3.6366,1409.1531,1,-12538754,284531.1,0,0.4231,1,-1.0175,4.9713,0
2026-03-18 14:30:00,1410.4,1410.8,1408.0,1408.9,421036,1409.4022,1407.7898,1402.7113,1,2.2849,2.7782,-0.4934,-1,23.5335,20.6188,15.9395,55.1001,0,51.4286,58.8095,0.0568,1412.2322,1405.9978,1409.115,0.0044,0.4655,3.5768,1409.2548,-1,-12959790,287088.05,0,0.5357,-1,-1.1298,4.8523,1
2026-03-18 14:45:00,1409.1,1410.7,1408.7,1410.0,277943,1409.5218,1407.9907,1402.9971,1,2.1844,2.6595,-0.4751,-1,22.7668,19.7685,15.2822,57.2414,0,67.1429,62.3308,0.3344,1412.2904,1406.0096,1409.15,0.0045,0.6353,3.4642,1409.2608,1,-12681847,272928.8,0,0.45,1,-1.0526,4.9341,0
2026-03-18 15:00:00,1410.3,1410.6,1408.1,1408.3,1179150,1409.2774,1408.0188,1403.2051,1,1.9452,2.5166,-0.5714,-1,21.7598,18.7288,15.7407,53.0321,0,42.8571,53.8095,0.0853,1412.1224,1406.3876,1409.255,0.0041,0.3335,3.3953,1409.3024,-1,-13860997,318635.7,1,0.8,-1,-1.1719,4.8076,0
2026-03-18 15:15:00,1408.3,1408.4,1405.1,1407.2,1060473,1408.8619,1407.9444,1403.3617,1,1.6479,2.3429,-0.695,-1,20.8648,17.426,20.9696,50.447,0,29.1667,46.3889,-0.2693,1412.1722,1406.2578,1409.215,0.0042,0.1593,3.3885,1408.9963,-1,-14921470,359229.8,1,0.3333,-1,-1.2491,4.7258,0
2026-03-19 09:15:00,1392.0,1405.0,1392.0,1400.6,428044,1407.2095,1407.2767,1403.2534,-1,0.8697,2.0483,-1.1785,-1,22.8636,12.9556,37.6996,38.3637,0,42.3645,38.1294,-0.7089,1413.5833,1404.0167,1408.8,0.0068,-0.3571,4.2322,1408.4406,-1,-15349514,368895.9,0,0.6615,1,-1.7123,4.1106,1
2026-03-19 09:30:00,1400.5,1404.5,1399.5,1400.9,590791,1405.9476,1406.697,1403.1612,-1,0.274,1.6934,-1.4194,-1,24.7196,11.8763,34.5589,39.0781,0,43.8424,38.4579,-0.6383,1414.2855,1402.5045,1408.395,0.0084,-0.1362,4.287,1407.8974,-1,-14758723,387244.05,1,0.08,1,-1.6912,2.5399,1
2026-03-19 09:45:00,1400.9,1405.2,1400.3,1404.1,441862,1405.5781,1406.4609,1403.198,-1,0.0595,1.3666,-1.3072,-1,26.163,12.071,31.766,46.2355,0,59.6059,48.6043,-0.3972,1413.9112,1402.0788,1407.995,0.0084,0.1708,4.3308,1407.4684,-1,-14316861,390590.35,0,0.6531,1,-1.4667,2.7741,1
2026-03-19 10:00:00,1404.0,1408.0,1403.9,1406.3,412803,1405.7225,1406.4463,1403.3196,-1,0.0662,1.1065,-1.0404,-1,26.4486,15.8873,29.6097,50.5379,0,70.4433,57.9639,-0.227,1413.6826,1401.9274,1407.805,0.0083,0.372,4.3143,1407.3383,-1,-13904058,402746.05,0,0.561,1,-1.3123,2.9351,1
2026-03-19 10:15:00,1406.5,1412.0,1404.1,1408.4,515363,1406.258,1406.6239,1403.5188,-1,0.2382,0.9329,-0.6947,-1,25.4539,20.1771,25.954,54.2975,0,82.0,70.6831,-0.0851,1413.5835,1401.9165,1407.75,0.0083,0.5557,4.5705,1407.3421,1,-13388695,419648.2,0,0.2405,1,-1.1649,3.0889,1
2026-03-19 10:30:00,1408.4,1415.6,1408.0,1414.9,653133,1407.9864,1407.3763,1403.9652,1,0.8888,0.9241,-0.0353,-1,23.6744,23.2608,23.0106,63.5362,0,97.0339,83.1591,0.3119,1414.6476,1401.4424,1408.045,0.0094,1.0191,4.7869,1407.7209,1,-12735562,446630.75,0,0.8553,1,-0.7088,3.5646,0
2026-03-19 10:45:00,1415.0,1415.1,1406.6,1406.8,397969,1407.7491,1407.3239,1404.0763,1,0.7422,0.8877,-0.1455,-1,22.2777,20.4654,22.2247,49.9779,0,62.7119,80.5819,-0.1491,1414.6047,1401.3553,1407.98,0.0094,0.4109,5.0521,1407.7859,-1,-13133531,455978.1,0,0.9647,-1,-1.2772,2.9717,0
2026-03-19 11:00:00,1407.2,1410.1,1405.1,1405.6,285538,1407.3193,1407.1672,1404.1361,1,0.5232,0.8148,-0.2916,-1,21.3286,19.0176,22.7747,48.3324,0,57.6271,72.4576,-0.3121,1414.5967,1401.3933,1407.995,0.0094,0.3186,5.0484,1407.8117,-1,-13419069,452602.85,0,0.32,-1,-1.3614,2.8839,0
2026-03-19 11:15:00,1405.6,1408.4,1404.4,1405.5,316601,1406.9554,1407.0156,1404.1896,-1,0.3377,0.7194,-0.3817,-1,20.6091,17.9251,22.4717,48.19,0,57.2034,59.1808,-0.1988,1414.5964,1401.2336,1407.915,0.0095,0.3193,4.9735,1407.7703,-1,-13735670,461853.6,0,0.025,-1,-1.3684,2.8766,0
2026-03-19 11:30:00,1405.4,1408.0,1401.1,1401.9,444778,1405.9443,1406.5506,1404.0998,-1,-0.0987,0.5558,-0.6545,-1,20.652,16.1966,24.9166,43.2501,0,41.9492,52.2599,-0.3766,1414.4704,1400.4496,1407.46,0.01,0.1034,5.1111,1407.527,-1,-14180448,471877.95,0,0.5072,-1,-1.6211,2.6131,0
2026-03-19 11:45:00,1401.8,1403.3,1399.4,1401.5,336260,1405.0555,1406.0914,1403.9978,-1,-0.4714,0.3503,-0.8217,-1,21.0215,15.2986,25.9519,42.726,0,40.2542,46.4689,0.0643,1414.3159,1399.6941,1407.005,0.0104,0.1235,5.0246,1407.1946,-1,-14516708,472360.7,0,0.0769,-1,-1.6491,2.5838,0
2026-03-19 12:00:00,1401.5,1401.9,1397.5,1401.1,262964,1404.2644,1405.6377,1403.8842,-1,-0.7899,0.1223,-0.9122,-1,21.7137,14.3331,27.0393,42.1757,0,38.5593,40.2542,0.0143,1414.179,1398.951,1406.565,0.0108,0.1411,4.98,1406.9191,-1,-14779672,470821.2,0,0.0909,-1,-1.6772,2.5545,0
2026-03-19 12:15:00,1400.9,1401.5,1397.8,1400.0,297711,1403.4115,1405.1251,1403.7319,-1,-1.1182,-0.1258,-0.9924,-1,22.3564,13.5582,25.5775,40.6258,0,33.8983,37.5706,-0.292,1414.0604,1398.0996,1406.08,0.0114,0.1191,4.8885,1406.5923,-1,-15077383,468135.8,0,0.2432,-1,-1.7544,2.474,0
2026-03-19 12:30:00,1400.0,1400.2,1397.5,1398.2,196677,1402.3692,1404.4956,1403.5149,-1,-1.5063,-0.4019,-1.1044,-1,23.0122,13.0057,24.9879,38.155,0,26.2712,32.9096,-0.576,1414.0291,1397.0009,1405.515,0.0121,0.0704,4.7322,1406.2921,-1,-15274060,455799.4,0,0.6667,-1,-1.8807,2.3423,1
2026-03-19 12:45:00,1398.3,1401.6,1397.1,1400.2,379551,1401.9354,1404.1051,1403.3849,-1,-1.6336,-0.6483,-0.9854,-1,23.0902,14.2398,23.2847,42.3504,0,16.7568,25.6421,-0.5822,1413.6426,1396.4474,1405.045,0.0122,0.2182,4.7156,1405.9217,-1,-14894509,462827.7,0,0.4222,1,-1.7404,2.4887,0
2026-03-19 13:00:00,1400.2,1400.8,1395.6,1396.7,300419,1400.8883,1403.4319,1403.1228,-1,-1.994,-0.9174,-1.0766,-1,23.4945,13.1263,23.7195,37.5498,0,5.5,16.176,-1.2863,1413.2987,1395.4113,1404.355,0.0127,0.072,4.7502,1405.4724,-1,-15194928,459953.3,0,0.6731,-1,-1.986,2.2325,0
2026-03-19 13:15:00,1397.0,1397.5,1394.1,1394.9,374281,1399.6906,1402.6563,1402.8003,-1,-2.3971,-1.2133,-1.1838,-1,24.1846,12.4413,24.784,35.3316,0,3.7209,8.6592,-0.8459,1413.2351,1394.0749,1403.655,0.0137,0.0431,4.6538,1404.8916,-1,-15569209,457615.55,0,0.6176,-1,-2.1123,2.1007,1
2026-03-19 13:30:00,1395.3,1397.4,1394.2,1396.1,241208,1398.9725,1402.0602,1402.5376,-1,-2.59,-1.4887,-1.1013,-1,24.8255,11.8163,23.539,37.9627,0,9.3023,6.1744,-0.6759,1412.6145,1393.3055,1402.96,0.0138,0.1447,4.5499,1404.504,-1,-15328001,455778.8,0,0.25,1,-2.0281,2.1886,0
2026-03-19 13:45:00,1395.7,1397.5,1390.0,1393.2,585421,1397.818,1401.2548,1402.1714,-1,-2.9429,-1.7795,-1.1634,-1,26.2191,10.4867,27.1918,34.3278,1,12.5,8.5078,-0.8751,1412.4167,1391.9933,1402.205,0.0146,0.0591,4.7607,1403.1306,-1,-15913422,426092.35,0,0.3333,-1,-2.2316,1.9763,0
2026-03-19 14:00:00,1393.2,1393.7,1389.0,1391.2,502633,1396.4944,1400.3407,1401.7411,-1,-3.3454,-2.0927,-1.2527,-1,27.6766,9.7465,26.7743,32.0487,1,8.4291,10.0771,-0.7632,1412.4027,1390.4073,1401.405,0.0157,0.036,4.7563,1401.882,-1,-16416055,398200.35,0,0.4255,-1,-2.3719,1.8299,0
2026-03-19 14:15:00,1391.2,1392.9,1390.0,1390.0,265502,1395.1955,1399.4006,1401.2807,-1,-3.7184,-2.4178,-1.3005,-1,29.0301,9.3098,25.5748,30.7304,1,4.7393,8.5562,-0.8205,1412.9461,1388.8039,1400.875,0.0172,0.0495,4.6237,1401.6576,-1,-16681557,390073.25,0,0.4138,-1,-2.4561,1.7421,1
2026-03-19 14:30:00,1390.3,1393.8,1390.1,1392.7,456400,1394.6964,1398.7915,1400.9442,-1,-3.7528,-2.6848,-1.068,-1,29.8559,10.1645,24.0541,37.0089,0,19.0722,10.7469,-0.5995,1413.0509,1387.8791,1400.465,0.018,0.1915,4.5649,1401.0965,-1,-16225157,383353.7,0,0.6486,1,-2.2667,1.9397,0
2026-03-19 14:45:00,1393.1,1393.4,1380.0,1381.5,652362,1392.0571,1397.2195,1400.1817,-1,-4.6305,-3.074,-1.5565,-1,32.0322,8.2921,33.5075,26.3427,1,5.3571,9.7229,-1.3214,1414.2544,1384.4156,1399.335,0.0213,-0.0977,5.196,1399.6428,-1,-16877519,393878.7,1,0.8657,-1,-3.0526,1.1199,1
2026-03-19 15:00:00,1381.3,1389.8,1376.8,1385.7,4734293,1390.7857,1396.1723,1399.6138,-1,-4.9303,-3.4452,-1.4851,-1,34.3415,6.9538,32.0724,34.0219,1,33.5849,19.3381,-0.894,1413.9838,1382.6262,1398.305,0.0224,0.098,5.7534,1393.3935,-1,-12143226,609953.2,1,0.3385,1,-2.7579,1.4273,0
2026-03-19 15:15:00,1385.7,1394.0,1384.8,1384.8,1167388,1389.5886,1395.1385,1399.0328,-1,-5.1808,-3.7923,-1.3885,-1,35.0092,11.1925,28.5594,33.2226,1,31.8725,23.6049,-1.0998,1413.136,1381.114,1397.125,0.0229,0.1151,5.9996,1392.299,-1,-13310614,642554.45,1,0.0978,-1,-2.8211,1.3614,1
2026-03-20 09:15:00,1398.0,1413.5,1398.0,1413.4,536205,1394.3509,1396.7986,1399.5963,-1,-3.0365,-3.6412,0.6046,1,33.3507,26.4583,20.8772,62.984,0,99.7275,55.0616,1.1957,1412.738,1381.362,1397.05,0.0225,1.0211,7.621,1391.9195,1,-12774409,636708.05,0,0.9935,1,-0.814,3.4548,0
2026-03-20 09:30:00,1413.0,1413.8,1409.2,1410.1,793558,1397.5007,1398.0078,1400.0082,-1,-1.5852,-3.23,1.6448,1,31.8507,25.5737,19.9509,59.679,0,90.0,73.8667,1.0897,1413.3721,1381.0579,1397.215,0.0231,0.8987,7.4053,1392.5419,1,-13567967,656487.5,0,0.6304,-1,-1.0456,3.2133,1
2026-03-20 09:45:00,1410.0,1416.7,1409.5,1415.5,1051027,1401.1005,1399.598,1400.6157,1,0.0007,-2.5838,2.5845,1,30.8465,26.5969,18.5625,63.092,0,96.9925,95.5733,1.3896,1415.3984,1380.0216,1397.71,0.0253,1.0029,7.3906,1393.8617,1,-12516940,694761.95,1,0.7639,1,-0.6667,3.6085,1
2026-03-20 10:00:00,1415.1,1422.5,1414.0,1422.3,703412,1405.3404,1401.6618,1401.4661,1,1.7857,-1.7099,3.4956,1,30.6063,29.9812,17.0538,66.8924,-1,99.5624,95.5183,2.0887,1419.0159,1378.0841,1398.55,0.0293,1.0802,7.4698,1394.858,1,-11813528,714102.5,0,0.8471,1,-0.1895,4.1063,1
2026-03-20 10:15:00,1422.0,1426.0,1419.2,1426.0,767365,1409.4723,1403.8744,1402.4282,1,3.459,-0.6762,4.1351,1,30.752,31.3876,15.9378,68.7763,-1,100.0,98.8516,2.5014,1423.451,1376.059,1399.755,0.0339,1.0538,7.422,1396.1069,1,-11046163,730231.85,0,0.5882,1,0.0,4.3771,1
2026-03-20 10:30:00,1426.0,1429.9,1426.0,1428.1,1163056,1413.1979,1406.0767,1403.4349,1,4.898,0.4387,4.4594,1,31.2659,34.0531,15.3186,69.8258,-1,96.6102,98.7242,2.741,1427.8152,1374.3548,1401.085,0.0382,1.0053,7.1704,1398.3954,1,-9883107,771571.65,1,0.5385,1,0.0,4.5308,1
2026-03-20 10:45:00,1427.9,1430.0,1426.2,1428.3,947240,1416.2183,1408.097,1404.41,1,5.9857,1.5481,4.4376,1,31.7526,32.8224,14.7186,69.9295,-1,96.8045,97.8049,2.5562,1431.6895,1373.2005,1402.445,0.0417,0.942,6.9297,1400.1163,1,-8935867,805785.45,0,0.1053,1,0.0,4.5455,1
2026-03-20 11:00:00,1428.4,1429.9,1425.7,1428.9,647609,1418.7546,1409.9882,1405.3704,1,6.8174,2.6019,4.2155,1,32.0908,31.3603,14.5932,70.2596,-1,97.9323,97.1157,3.4311,1435.2853,1372.4947,1403.89,0.0447,0.8983,6.7347,1401.2259,1,-8288258,823280.35,0,0.119,1,0.0,4.5894,0
2026-03-20 11:15:00,1428.8,1429.5,1426.8,1427.9,349512,1420.5837,1411.6165,1406.2539,1,7.3116,3.5439,3.7678,1,32.4048,30.4221,14.1566,68.902,-1,96.0526,96.9298,3.0454,1438.3244,1372.4256,1405.375,0.0469,0.8418,6.4465,1401.8211,1,-8637770,830922.1,0,0.3333,-1,-0.07,4.5162,0
2026-03-20 11:30:00,1428.1,1429.3,1426.3,1427.3,475230,1421.927,1413.0423,1407.0793,1,7.5677,4.3486,3.219,1,32.5677,29.3707,14.2434,68.0523,-1,94.9248,96.3033,3.069,1440.9222,1372.5378,1406.73,0.0486,0.8008,6.2003,1402.6047,1,-9113000,835706.05,0,0.2667,-1,-0.112,4.4723,0
2026-03-20 11:45:00,1427.7,1428.2,1424.0,1425.5,327680,1422.6416,1414.1748,1407.8016,1,7.5384,4.9866,2.5518,1,32.1281,27.9161,16.2501,65.445,-1,91.5414,94.1729,0.8561,1442.9716,1373.3684,1408.17,0.0494,0.749,6.0574,1403.1487,1,-9440680,837069.1,0,0.5238,-1,-0.2379,4.3405,0
2026-03-20 12:00:00,1425.5,1426.4,1423.2,1425.1,316675,1423.1333,1415.168,1408.48,1,7.3977,5.4688,1.9289,1,31.5169,26.826,16.5918,64.8504,0,90.7895,92.4185,1.0638,1444.6677,1374.6923,1409.68,0.0496,0.7204,5.8533,1403.7331,1,-9757355,834188.8,0,0.125,-1,-0.2659,4.3112,0
2026-03-20 12:15:00,1425.0,1425.0,1419.5,1420.5,564620,1422.6066,1415.6528,1408.9514,1,6.8362,5.7423,1.0939,1,30.0604,24.9871,19.9836,58.2912,0,78.9823,87.1044,0.3532,1445.609,1376.191,1410.9,0.0492,0.6383,5.8352,1404.4396,1,-10321975,850359.4,0,0.8182,-1,-0.5879,3.9745,1
2026-03-20 12:30:00,1420.5,1424.4,1419.2,1423.7,477545,1422.8253,1416.3843,1409.5298,1,6.5736,5.9085,0.6651,1,28.6388,23.3841,19.0717,61.229,0,80.3125,83.3614,0.0984,1446.5648,1378.2852,1412.425,0.0483,0.6651,5.7899,1405.3247,1,-9844430,844965.6,0,0.6154,1,-0.3639,4.2088,1
2026-03-20 12:45:00,1423.6,1425.7,1422.7,1424.3,386098,1423.1202,1417.1039,1410.109,1,6.3408,5.995,0.3458,1,27.5696,24.1488,18.3407,61.7727,0,72.5962,77.297,-0.1192,1447.1356,1381.0244,1414.08,0.0468,0.6546,5.5906,1406.1797,1,-9458332,839138.85,0,0.2333,1,-0.3219,4.2527,0
2026-03-20 13:00:00,1424.2,1426.8,1423.1,1424.0,456314,1423.2962,1417.7308,1410.6537,1,6.0623,6.0085,0.0538,1,26.7888,24.4191,17.4522,61.3097,0,70.7317,74.5468,-0.2871,1447.1619,1384.3981,1415.78,0.0443,0.631,5.4556,1406.9138,1,-9914646,848679.45,0,0.0541,-1,-0.3429,4.2307,1
2026-03-20 13:15:00,1424.1,1426.6,1423.9,1425.7,245321,1423.7769,1418.4553,1411.2438,1,5.9106,5.9889,-0.0783,-1,26.0638,23.5236,16.8122,63.0018,0,73.125,72.151,-0.182,1447.2138,1387.6462,1417.43,0.042,0.6388,5.2587,1407.585,1,-9669325,838125.5,0,0.5926,1,-0.2239,4.3551,1
2026-03-20 13:30:00,1425.4,1428.7,1424.4,1426.9,472913,1424.4016,1419.223,1411.8577,1,5.8201,5.9551,-0.1351,-1,25.812,25.0216,15.8173,64.1923,0,71.2963,71.7177,-0.14,1444.7241,1394.6759,1419.7,0.0353,0.6439,5.1902,1409.0189,1,-9196412,829153.05,0,0.3488,1,-0.14,4.443,0
2026-03-20 13:45:00,1426.9,1427.3,1423.3,1423.7,385937,1424.2612,1419.63,1412.3221,1,5.4276,5.8496,-0.422,-1,25.2422,23.6213,16.4711,58.7624,0,41.6667,62.0293,-0.2941,1441.19,1402.01,1421.6,0.0276,0.5536,5.1052,1419.1582,1,-9582349,611735.25,0,0.8,-1,-0.3639,4.2088,1
2026-03-20 14:00:00,1423.7,1427.1,1423.3,1424.7,511490,1424.349,1420.0909,1412.8076,1,5.138,5.7073,-0.5693,-1,24.713,22.342,15.5791,59.9038,0,50.9259,54.6296,-0.1822,1433.5409,1413.6491,1423.595,0.014,0.5556,5.012,1422.5726,1,-9070859,578940.35,0,0.2632,1,-0.2939,4.2819,0
2026-03-20 14:15:00,1424.1,1425.6,1422.2,1423.6,583660,1424.1992,1420.4099,1413.2308,1,4.7648,5.5188,-0.754,-1,23.8629,21.234,16.411,58.002,0,41.1215,44.5714,-0.1333,1432.8853,1415.3247,1424.105,0.0123,0.4712,4.8969,1423.2925,1,-9654519,581313.1,0,0.1471,-1,-0.3709,4.2014,0
2026-03-20 14:30:00,1423.7,1425.0,1417.5,1417.8,905362,1422.9194,1420.1727,1413.41,1,3.9554,5.2061,-1.2507,-1,22.5645,18.996,21.2862,49.1428,0,2.5,31.5158,-0.5122,1431.2148,1417.7652,1424.49,0.0094,0.0026,5.0828,1423.875,-1,-10559881,586903.3,1,0.7867,-1,-0.7768,3.7769,0
2026-03-20 14:45:00,1417.8,1420.4,1416.8,1417.7,869157,1421.8755,1419.9479,1413.5782,1,3.2682,4.8185,-1.5503,-1,21.5315,18.0145,21.1911,49.0038,0,7.2,16.9405,-0.1971,1430.7832,1418.4168,1424.6,0.0087,-0.058,4.9769,1424.3629,-1,-11429038,577809.8,1,0.0278,-1,-0.7838,3.7696,0
2026-03-20 15:00:00,1417.7,1418.2,1410.7,1416.1,4813230,1420.7204,1419.5981,1413.6771,1,2.565,4.3678,-1.8028,-1,21.8448,16.1432,27.4386,46.7268,0,30.0,13.2333,-0.5338,1431.4482,1417.1318,1424.29,0.0101,-0.0721,5.1571,1421.7001,-1,-16242268,783300.7,1,0.2133,-1,-0.8958,3.6525,0
2026-03-20 15:15:00,1416.1,1418.0,1410.6,1414.0,3573465,1419.3763,1419.0892,1413.6898,1,1.8172,3.8577,-2.0405,-1,22.1538,14.5385,24.8453,43.8471,0,18.7845,18.6615,-0.7232,1432.08,1415.3,1423.69,0.0118,-0.0775,5.3173,1420.1647,-1,-19815733,923605.7,1,0.2838,-1,-1.0428,3.4988,0
2026-03-23 09:15:00,1400.4,1409.5,1395.5,1404.8,685604,1416.461,1417.7901,1413.3411,-1,0.4768,3.1815,-2.7047,-1,24.3221,11.469,36.8323,33.97,1,28.012,25.5989,-1.3483,1434.0332,1411.0168,1422.525,0.0162,-0.2701,6.2589,1419.0145,-1,-20501337,899733.1,0,0.3143,1,-1.6866,2.8254,1
2026-03-23 09:30:00,1404.7,1408.0,1403.7,1405.9,555555,1414.3488,1416.7092,1413.0493,-1,-0.4911,2.447,-2.9381,-1,26.3356,10.8933,34.9835,35.8313,0,31.3253,26.0406,-1.3888,1434.6726,1408.1374,1421.405,0.0187,-0.0843,6.119,1418.1071,-1,-19945782,880148.85,0,0.2791,1,-1.6096,2.9059,0
2026-03-23 09:45:00,1405.7,1407.5,1403.8,1404.2,712262,1412.3191,1415.572,1412.7023,-1,-1.3794,1.6817,-3.0611,-1,28.2053,10.4091,33.4287,34.2256,1,26.2048,28.5141,-1.5909,1434.9313,1405.4087,1420.17,0.0208,-0.0409,5.9462,1417.2166,-1,-20658044,883381.5,0,0.4054,-1,-1.7286,2.7814,0
2026-03-23 10:00:00,1404.4,1405.4,1400.3,1400.3,829068,1409.9153,1414.1836,1412.2159,-1,-2.3708,0.8712,-3.242,-1,30.2589,9.7649,35.6072,30.8141,1,14.4578,23.996,-1.6436,1435.4421,1402.1379,1418.79,0.0235,-0.0552,5.8858,1416.3125,-1,-21487112,907359.3,0,0.8039,-1,-2.0015,2.496,0
2026-03-23 10:15:00,1400.3,1402.1,1392.0,1393.2,914603,1406.5722,1412.276,1411.4702,-1,-3.6869,-0.0404,-3.6465,-1,32.7591,8.6262,41.0378,25.7768,1,3.2698,14.6441,-2.211,1436.6336,1397.5364,1417.085,0.0276,-0.1109,6.1868,1415.012,-1,-22401715,929327.95,0,0.703,-1,-2.4984,1.9763,0
2026-03-23 10:30:00,1393.2,1397.1,1391.3,1393.2,313168,1403.8978,1410.5419,1410.7537,-1,-4.676,-0.9675,-3.7085,-1,35.1234,8.046,39.0892,25.7768,1,5.0802,7.6026,-2.1354,1437.1876,1393.7524,1415.47,0.0307,-0.0127,6.1592,1414.4633,-1,-22088547,928602.35,0,0.0,1,-2.4984,1.9763,1
2026-03-23 10:45:00,1393.4,1396.9,1391.0,1396.5,413160,1402.4182,1409.2653,1410.1948,-1,-5.1344,-1.8009,-3.3335,-1,37.3381,7.4938,36.7555,31.7877,1,15.1515,7.8338,-1.5023,1436.7754,1391.3046,1414.04,0.0322,0.1143,6.1407,1413.8511,-1,-21675387,933426.6,0,0.5254,1,-2.2675,2.2178,0
2026-03-23 11:00:00,1396.5,1400.0,1394.0,1396.0,282168,1401.1346,1408.0594,1409.6381,-1,-5.4749,-2.5357,-2.9392,-1,38.4373,10.5818,34.1861,31.3731,1,13.8504,11.3607,-1.5306,1436.6401,1388.9899,1412.815,0.0337,0.1471,6.1306,1413.3474,-1,-21957555,919304.0,0,0.0833,-1,-2.3025,2.1812,1
2026-03-23 11:15:00,1396.3,1398.4,1393.0,1398.3,274888,1400.5677,1407.1722,1409.1935,-1,-5.4959,-3.1277,-2.3681,-1,39.5499,9.9103,33.1918,35.5378,0,21.0983,16.7001,-1.257,1435.6204,1387.4696,1411.545,0.0341,0.2249,6.0784,1412.8551,-1,-21682667,909171.15,0,0.3704,1,-2.1415,2.3496,0
2026-03-23 11:30:00,1397.7,1399.0,1393.8,1395.2,295400,1399.4941,1406.0838,1408.6447,-1,-5.6969,-3.6416,-2.0553,-1,40.3927,10.0108,31.1425,32.6608,1,12.3529,15.7672,-1.3296,1434.4221,1385.7579,1410.09,0.0345,0.194,6.0157,1412.3371,-1,-21978067,904636.25,0,0.4808,-1,-2.3585,2.1227,1
2026-03-23 11:45:00,1395.2,1399.5,1394.6,1398.6,244292,1399.3153,1405.4034,1408.2508,-1,-5.5183,-4.0169,-1.5014,-1,41.0099,10.0222,29.3062,38.5378,0,25.8503,19.7672,-0.4413,1432.7638,1384.8762,1408.82,0.034,0.2866,5.936,1411.8215,-1,-21733775,894035.15,0,0.6939,1,-2.1205,2.3715,1
2026-03-23 12:00:00,1398.7,1401.4,1397.3,1399.9,498344,1399.4322,1404.9031,1407.9233,-1,-5.2118,-4.2559,-0.9559,-1,40.9558,11.8546,27.8277,40.6699,0,32.7206,23.6413,-0.4268,1430.4555,1384.6045,1407.53,0.0326,0.3336,5.8048,1411.3001,-1,-21235431,906686.3,0,0.2927,1,-2.0295,2.4667,0
2026-03-23 12:15:00,1399.2,1399.9,1396.3,1398.4,655435,1399.2258,1404.3119,1407.5499,-1,-5.0319,-4.4111,-0.6208,-1,41.0435,11.3148,27.8254,38.9893,0,27.4074,28.6594,-0.413,1427.5313,1384.6787,1406.105,0.0305,0.3202,5.6474,1410.4346,-1,-21890866,915812.4,0,0.2222,-1,-2.1345,2.3569,1
2026-03-23 12:30:00,1398.4,1401.0,1397.0,1400.5,415031,1399.4806,1403.9654,1407.2734,-1,-4.666,-4.4621,-0.204,-1,40.7504,12.1511,26.3877,42.5676,0,51.3514,37.1598,0.0143,1424.8967,1384.9933,1404.945,0.0284,0.3886,5.5297,1409.8857,-1,-21475835,917267.1,0,0.525,1,-1.9875,2.5106,0
2026-03-23 12:45:00,1400.5,1401.4,1398.4,1399.7,570417,1399.5245,1403.5776,1406.9764,-1,-4.3901,-4.4477,0.0576,1,40.3391,12.1984,25.3306,41.5674,0,51.1765,43.3117,0.4666,1421.5631,1385.8269,1403.695,0.0255,0.3882,5.349,1409.1531,-1,-22046252,920213.45,0,0.2667,-1,-2.0435,2.4521,1
2026-03-23 13:00:00,1399.7,1400.5,1398.1,1400.4,605204,1399.6996,1403.2888,1406.7185,-1,-4.068,-4.3717,0.3037,1,40.01,11.7915,24.9026,42.8331,0,56.9697,53.1658,0.5168,1417.9239,1387.1461,1402.535,0.0219,0.4306,5.1384,1408.3776,-1,-21441048,921290.65,0,0.2917,1,-1.9945,2.5033,0
2026-03-23 13:15:00,1400.4,1401.9,1399.0,1399.3,419690,1399.6197,1402.9261,1406.4276,-1,-3.8571,-4.2688,0.4118,1,39.1805,13.3095,23.8664,41.3185,0,57.6389,55.2617,0.2005,1415.3535,1387.8665,1401.61,0.0196,0.416,4.9785,1407.5916,-1,-21860738,897007.05,0,0.3793,-1,-2.0715,2.4228,1
2026-03-23 13:30:00,1399.5,1403.0,1399.4,1401.7,452021,1400.0357,1402.8147,1406.2422,-1,-3.4564,-4.1063,0.6499,1,38.0093,14.1975,22.5758,45.8201,0,89.1667,67.9251,0.4083,1412.4095,1389.2105,1400.81,0.0166,0.5384,4.8872,1406.8999,-1,-21408717,876150.25,0,0.6111,1,-1.9036,2.5984,1
2026-03-23 13:45:00,1401.7,1408.6,1401.3,1407.3,881692,1401.4886,1403.2224,1406.2837,-1,-2.6563,-3.8163,1.16,1,35.3627,20.6402,20.2491,54.5762,0,92.6136,79.8064,0.6436,1410.1394,1390.6006,1400.37,0.014,0.8547,5.0595,1403.9556,1,-20527025,679573.35,0,0.7671,1,-1.5117,3.0083,1
2026-03-23 14:00:00,1407.6,1412.0,1406.4,1409.2,1038184,1403.0309,1403.7658,1406.398,-1,-1.8477,-3.4226,1.5749,1,33.6991,23.7844,18.6604,57.1089,0,86.6667,89.4823,1.0034,1408.7119,1391.5481,1400.13,0.0123,1.0284,5.0981,1401.137,1,-19488841,552809.3,1,0.2857,1,-1.3787,3.1474,1
2026-03-23 14:15:00,1409.4,1412.0,1406.5,1409.9,933339,1404.4047,1404.3235,1406.5354,1,-1.1372,-2.9655,1.8283,1,32.1543,21.9619,17.2305,58.0373,0,88.9474,89.4092,0.808,1409.7721,1390.9979,1400.385,0.0134,1.0068,5.1268,1401.6956,1,-18555502,565196.05,1,0.0909,1,-1.3297,3.1987,1
2026-03-23 14:30:00,1409.7,1410.4,1403.6,1410.0,1664982,1405.5238,1404.8395,1406.6712,1,-0.5597,-2.4843,1.9247,1,29.9199,19.9286,19.5836,58.1765,0,89.4737,88.3626,0.7215,1410.6078,1390.5722,1400.59,0.0143,0.9697,5.2463,1402.3545,1,-16890520,620667.4,1,0.0441,1,-1.3227,3.206,1
2026-03-23 14:45:00,1410.0,1415.5,1409.3,1415.1,1940524,1407.439,1405.7723,1407.0018,1,0.3061,-1.9263,2.2323,1,28.9719,25.1226,17.9517,64.6246,0,98.1567,92.1926,1.1942,1412.9108,1389.3592,1401.135,0.0168,1.093,5.3144,1403.7647,1,-14949996,682080.5,1,0.8226,1,-0.9658,3.5793,0
2026-03-23 15:00:00,1415.0,1415.0,1405.0,1407.3,1524292,1407.4112,1405.9112,1407.0135,1,0.3586,-1.4693,1.8279,1,27.0397,21.9183,21.0921,51.5375,0,60.7656,82.7986,0.4855,1413.5532,1389.4168,1401.485,0.0172,0.7409,5.6563,1404.434,1,-16474288,716841.7,1,0.77,-1,-1.5117,3.0083,1
2026-03-23 15:15:00,1407.2,1408.4,1402.7,1407.8,1047330,1407.489,1406.0829,1407.0443,1,0.4356,-1.0883,1.5239,1,25.4646,20.3415,22.4776,52.2057,0,59.8958,72.9394,0.5787,1413.952,1390.478,1402.215,0.0167,0.7379,5.6594,1405.1169,1,-15426958,723478.05,0,0.1053,1,-1.4767,3.0449,1
2026-03-24 09:15:00,1418.9,1422.0,1410.7,1416.0,407173,1409.1912,1406.9845,1407.3955,1,1.1451,-0.6416,1.7867,1,25.5506,32.5453,18.8412,61.5648,0,76.6537,65.7717,1.114,1415.7772,1390.9328,1403.355,0.0177,1.009,6.2694,1405.6696,1,-15019785,728178.3,0,0.2566,-1,-0.9028,3.6451,0
2026-03-24 09:30:00,1416.2,1417.0,1409.9,1411.7,526649,1409.6929,1407.4131,1407.5643,1,1.3449,-0.2443,1.5892,1,25.4609,29.9373,18.2343,55.4345,0,58.8,65.1165,0.8862,1416.6262,1391.6038,1404.115,0.0178,0.8031,6.3288,1406.2339,1,-15546434,733852.75,0,0.6338,-1,-1.2037,3.3304,1
2026-03-24 09:45:00,1412.0,1415.4,1408.5,1415.0,421218,1410.7544,1408.1029,1407.8559,1,1.7493,0.1544,1.5949,1,25.0747,27.6209,18.3933,58.8232,0,70.7113,68.7217,0.9488,1417.8496,1392.2804,1405.065,0.0182,0.8886,6.3696,1406.6075,1,-15125216,740805.25,0,0.4348,1,-0.9728,3.572,0
2026-03-24 10:00:00,1415.0,1415.2,1412.6,1413.8,443349,1411.3635,1408.6208,1408.089,1,1.9505,0.5136,1.4369,1,24.716,26.78,17.8334,57.1223,0,65.6904,65.0672,0.4619,1418.7686,1392.9114,1405.84,0.0184,0.8078,6.1003,1407.0064,1,-15568565,749228.3,0,0.4615,-1,-1.0568,3.4841,1
2026-03-24 10:15:00,1413.8,1415.9,1412.3,1414.4,330617,1411.9708,1409.1462,1408.3365,1,2.1338,0.8377,1.2962,1,24.4938,26.4614,17.059,57.7796,0,66.9565,67.7861,0.369,1419.269,1394.331,1406.8,0.0177,0.8048,5.9217,1407.3813,1,-15237948,750989.15,0,0.1667,1,-1.0148,3.528,0
2026-03-24 10:30:00,1414.4,1414.7,1406.7,1412.0,455158,1411.9766,1409.4056,1408.4802,1,2.0616,1.0825,0.9792,1,23.0435,23.9704,22.0427,54.2001,0,55.7522,62.7997,0.1489,1419.5382,1395.4018,1407.47,0.0171,0.6877,6.0702,1407.6508,1,-15693106,761532.45,0,0.3,-1,-1.1827,3.3524,1
2026-03-24 10:45:00,1412.0,1415.9,1410.5,1412.1,462593,1412.0013,1409.6505,1408.6221,1,1.9896,1.2639,0.7257,1,21.9157,23.8585,20.6309,54.3271,0,52.1739,58.2942,0.1489,1419.7838,1396.3762,1408.08,0.0166,0.6717,6.0223,1408.0748,1,-15230513,759744.9,0,0.0185,1,-1.1757,3.3597,1
2026-03-24 11:00:00,1411.8,1414.6,1411.8,1413.7,358409,1412.341,1410.0187,1408.8213,1,2.0381,1.4187,0.6194,1,20.8685,23.0346,19.9185,56.4092,0,56.9948,54.9736,-0.0989,1419.9,1397.79,1408.845,0.0157,0.7196,5.7921,1408.6366,1,-14872104,744893.6,0,0.6786,1,-1.0638,3.4768,0
2026-03-24 11:15:00,1413.8,1415.0,1411.6,1412.8,272886,1412.4328,1410.2715,1408.9773,1,1.9811,1.5312,0.4499,1,19.977,22.5477,19.058,54.8933,0,52.3316,53.8334,0.3908,1419.9434,1398.9766,1409.46,0.0149,0.6593,5.6213,1408.9767,1,-15144990,737786.35,0,0.2941,-1,-1.1267,3.4109,0
2026-03-24 11:30:00,1412.8,1414.0,1411.8,1412.2,208367,1412.3863,1410.4468,1409.1037,1,1.866,1.5981,0.2678,1,19.1492,21.8888,18.501,53.8542,0,49.2228,52.8497,0.3125,1419.6133,1400.5567,1410.085,0.0135,0.611,5.3769,1409.3925,1,-15353357,719683.85,0,0.2727,-1,-1.1687,3.367,1
2026-03-24 11:45:00,1412.4,1414.2,1410.4,1412.9,257328,1412.489,1410.6699,1409.2525,1,1.8103,1.6406,0.1698,1,18.0148,20.7602,19.4467,54.9262,0,52.8497,51.468,-0.2189,1419.1983,1402.2217,1410.71,0.012,0.629,5.2643,1409.8685,1,-15096029,702290.05,0,0.1316,1,-1.1197,3.4182,0
2026-03-24 12:00:00,1413.0,1413.6,1411.2,1411.5,225174,1412.2912,1410.7453,1409.3407,1,1.6345,1.6394,-0.0049,-1,16.9613,20.0568,18.7878,52.3089,0,45.5959,49.2228,-0.0142,1418.0021,1404.6379,1411.32,0.0095,0.5135,5.0597,1410.2017,1,-15321203,692564.25,0,0.625,-1,-1.2177,3.3158,1
2026-03-24 12:15:00,1411.4,1420.1,1409.2,1413.3,811977,1412.493,1410.9776,1409.4959,1,1.6216,1.6358,-0.0142,-1,17.3845,25.6828,16.117,55.2607,0,54.9223,51.1226,-0.1201,1416.9577,1406.8423,1411.9,0.0072,0.6384,5.4768,1410.7112,1,-14509226,710562.05,0,0.1743,1,-1.0917,3.4475,1
2026-03-24 12:30:00,1413.1,1419.9,1413.1,1415.2,1034254,1413.0344,1411.3614,1409.7196,1,1.7446,1.6576,0.0871,1,17.7773,23.4438,14.7119,58.2016,0,55.5556,52.0246,0.099,1417.0806,1407.5094,1412.295,0.0068,0.8035,5.5713,1411.4024,1,-13474972,718190.15,0,0.3088,1,-0.9588,3.5866,1
2026-03-24 12:45:00,1415.4,1418.5,1414.8,1416.1,1013247,1413.6475,1411.7922,1409.9698,1,1.893,1.7047,0.1883,1,18.1422,22.3044,13.9969,59.5577,0,70.1493,60.209,0.1202,1417.4779,1407.8021,1412.64,0.0068,0.8576,5.4377,1411.9197,1,-12461725,716943.3,0,0.1892,1,-0.8958,3.6525,1
2026-03-24 13:00:00,1416.1,1416.4,1412.6,1416.3,390249,1414.178,1412.202,1410.2181,1,2.0035,1.7644,0.2391,1,17.7878,21.1665,16.2362,59.8693,0,71.6418,65.7822,0.3045,1417.8767,1408.0433,1412.96,0.007,0.8397,5.3207,1412.1756,1,-12071476,689788.8,0,0.0526,1,-0.8818,3.6671,0
2026-03-24 13:15:00,1416.3,1416.7,1414.0,1416.1,302811,1414.5624,1412.5564,1410.4487,1,2.0514,1.8218,0.2296,1,17.5299,20.7888,15.6263,59.3766,0,70.1493,70.6468,0.2833,1418.1661,1408.3639,1413.265,0.0069,0.7892,5.1335,1412.8182,1,-12374287,621680.25,0,0.0741,-1,-0.8958,3.6525,0
2026-03-24 13:30:00,1416.0,1416.5,1414.0,1415.0,331322,1414.6499,1412.7785,1410.6272,1,1.9777,1.853,0.1247,1,17.2904,20.0381,15.062,56.6171,0,61.9403,67.9104,0.092,1418.1538,1408.3662,1413.26,0.0069,0.6778,4.9454,1412.8037,1,-12705609,541220.15,0,0.4,-1,-0.9728,3.572,0
2026-03-24 13:45:00,1415.2,1415.6,1411.4,1412.6,305175,1414.2399,1412.7623,1410.7046,1,1.706,1.8236,-0.1176,-1,16.2254,18.8093,17.9346,51.0431,0,44.0299,58.7065,-0.0142,1417.6056,1409.4444,1413.525,0.0058,0.3867,4.8922,1413.404,-1,-13010784,480264.3,0,0.619,-1,-1.1407,3.3963,1
2026-03-24 14:00:00,1412.5,1414.1,1411.4,1412.7,269819,1413.9319,1412.7566,1410.7828,1,1.4817,1.7552,-0.2735,-1,15.2365,18.0433,17.2042,51.2584,0,32.1101,46.0267,0.0354,1416.9311,1410.6089,1413.77,0.0045,0.3308,4.7356,1414.2264,-1,-12740965,441388.75,0,0.0741,1,-1.1337,3.4036,0
2026-03-24 14:15:00,1412.8,1416.0,1409.3,1410.3,386524,1413.2056,1412.5333,1410.7639,1,1.0976,1.6237,-0.5261,-1,14.6234,16.2723,18.5919,46.0263,0,10.0917,28.7439,-0.184,1416.8138,1410.1562,1413.485,0.0047,0.0216,4.8759,1414.03,-1,-13127489,440356.3,0,0.3731,-1,-1.3017,3.2279,0
2026-03-24 14:30:00,1410.3,1413.0,1407.0,1409.1,430494,1412.3844,1412.2212,1410.6987,1,0.6885,1.4367,-0.7482,-1,14.6826,14.8652,20.299,43.6284,0,16.0305,19.4108,-0.17,1417.1262,1409.5838,1413.355,0.0053,-0.0641,4.9562,1413.8864,-1,-13557983,435548.55,0,0.2,-1,-1.3857,3.1401,1
2026-03-24 14:45:00,1409.0,1412.0,1408.5,1411.4,538509,1412.1876,1412.1465,1410.7262,1,0.5435,1.258,-0.7145,-1,14.7376,14.0993,19.2531,49.1019,0,33.5878,19.9034,-0.1344,1416.9586,1409.3914,1413.175,0.0054,0.2654,4.8522,1413.7318,-1,-13019474,441413.1,0,0.6857,1,-1.2247,3.3084,1
2026-03-24 15:00:00,1411.1,1413.8,1408.1,1411.6,4466208,1412.07,1412.0968,1410.7604,-1,0.4397,1.0944,-0.6546,-1,14.1387,15.548,17.6575,49.5605,0,35.1145,28.2443,-0.2544,1416.8971,1409.2329,1413.065,0.0054,0.3089,4.9127,1412.8357,-1,-8553266,642556.05,1,0.0877,1,-1.2107,3.3231,1
2026-03-24 15:15:00,1411.5,1414.6,1408.2,1414.0,2793405,1412.456,1412.2699,1410.8875,1,0.5449,0.9845,-0.4396,-1,13.3065,15.2703,16.0492,54.8214,0,53.4351,40.7125,-0.1483,1416.8531,1409.2369,1413.045,0.0054,0.6254,5.019,1412.7024,1,-5759861,765695.45,1,0.3906,1,-1.0428,3.4988,1
2026-03-25 09:15:00,1419.4,1420.8,1414.1,1416.9,455674,1413.3448,1412.6908,1411.1233,1,0.8523,0.958,-0.1057,-1,13.8824,22.4346,14.5344,60.2204,0,71.7391,53.4296,0.0424,1417.415,1409.165,1413.29,0.0058,0.9376,5.1462,1412.8849,1,-5304187,765721.25,0,0.3731,-1,-0.8398,3.711,1
2026-03-25 09:30:00,1416.8,1420.4,1415.3,1419.8,422097,1414.6359,1413.3371,1411.4635,1,1.3149,1.0294,0.2855,1,14.4172,20.8455,13.5049,64.7562,0,92.7536,72.6426,0.2613,1418.6364,1408.7136,1413.675,0.007,1.1173,5.1429,1413.0416,1,-4882090,763696.45,0,0.5882,1,-0.6369,3.9233,0
2026-03-25 09:45:00,1420.0,1421.4,1417.0,1418.7,567233,1415.4487,1413.8246,1411.7473,1,1.5745,1.1384,0.4361,1,15.1482,20.9617,12.671,61.8743,0,81.25,81.9143,0.2615,1419.3486,1408.5014,1413.925,0.0077,0.9402,5.0898,1413.2536,1,-5449323,774137.65,0,0.2955,-1,-0.7138,3.8428,1
2026-03-25 10:00:00,1418.3,1420.8,1416.0,1419.9,795545,1416.339,1414.3769,1412.067,1,1.8557,1.2819,0.5738,1,15.444,19.5439,13.2231,63.7686,0,89.5833,87.8623,0.5168,1420.2632,1408.2968,1414.28,0.0085,0.9697,5.0691,1413.5363,1,-4653778,800270.6,0,0.3333,1,-0.6299,3.9306,1
2026-03-25 10:15:00,1419.8,1421.2,1419.2,1420.3,353328,1417.1312,1414.9154,1412.3899,1,2.0868,1.4429,0.6439,1,15.8236,19.5574,12.8336,64.4035,0,92.3611,87.7315,0.538,1421.129,1408.241,1414.685,0.0091,0.9357,4.8499,1413.694,1,-4300450,807518.65,0,0.25,1,-0.6019,3.9599,1
2026-03-25 10:30:00,1420.3,1426.9,1419.0,1425.8,577736,1418.8649,1415.9049,1412.9158,1,2.6828,1.6909,0.992,1,17.4112,25.4137,11.4046,71.7373,-1,94.4724,92.1389,1.0991,1423.3258,1407.3342,1415.33,0.0113,1.1547,5.0678,1414.0707,1,-3722714,823539.05,0,0.6962,1,-0.217,4.3625,0
2026-03-25 10:45:00,1425.7,1426.1,1424.1,1425.4,688077,1420.1719,1416.7681,1413.4053,1,3.0873,1.9702,1.1172,1,18.8853,24.6649,11.0686,70.5981,-1,92.4623,93.0986,1.1568,1424.9327,1407.1173,1416.025,0.0126,1.0262,4.8486,1414.5491,1,-4410791,846684.2,0,0.15,-1,-0.2449,4.3332,1
2026-03-25 11:00:00,1425.1,1429.5,1424.5,1427.4,1117792,1421.6176,1417.7346,1413.9542,1,3.5286,2.2819,1.2467,1,20.8345,27.8498,10.2551,72.9141,-1,90.6667,92.5338,1.1336,1426.8172,1406.6428,1416.73,0.0142,1.0289,4.8594,1415.3815,1,-3292999,861974.95,0,0.46,1,-0.105,4.4796,0
2026-03-25 11:15:00,1427.4,1430.4,1426.7,1427.0,482155,1422.694,1418.5769,1414.4658,1,3.8022,2.5859,1.2163,1,22.7831,27.6547,9.6877,71.6977,-1,85.4701,89.533,1.091,1428.3194,1406.3206,1417.32,0.0155,0.94,4.7766,1415.7046,1,-3775154,834370.0,0,0.1081,-1,-0.133,4.4503,0
2026-03-25 11:30:00,1427.1,1428.0,1423.5,1423.7,473040,1422.8952,1419.0427,1414.8279,1,3.71,2.8107,0.8992,1,23.3095,25.7861,13.8382,62.4423,0,71.3675,82.5014,0.686,1429.0248,1406.3752,1417.7,0.016,0.7649,4.7569,1415.931,1,-4248194,807359.65,0,0.7556,-1,-0.3639,4.2088,1
2026-03-25 11:45:00,1423.7,1426.8,1422.6,1424.6,552703,1423.2362,1419.5479,1415.2111,1,3.6672,2.982,0.6852,1,23.469,24.1461,14.3209,63.8142,0,73.991,76.9429,0.5434,1429.8066,1406.4234,1418.115,0.0165,0.7773,4.7171,1416.247,1,-3695491,815482.35,0,0.2143,1,-0.3009,4.2746,1
2026-03-25 12:00:00,1424.4,1424.8,1423.1,1424.7,325696,1423.529,1420.0162,1415.5832,1,3.5999,3.1056,0.4943,1,23.617,23.4948,13.9346,63.9717,0,74.4395,73.266,0.3451,1430.5372,1406.5528,1418.545,0.0169,0.7566,4.5016,1416.4175,1,-3369795,816626.6,0,0.1765,1,-0.2939,4.2819,1
2026-03-25 12:15:00,1424.6,1427.9,1424.4,1426.1,449980,1424.0432,1420.5693,1415.9956,1,3.6179,3.2081,0.4098,1,24.4139,27.1672,13.1482,66.1901,-1,80.6306,76.3537,0.5216,1431.4079,1406.7921,1419.1,0.0173,0.7844,4.43,1416.7085,1,-2919815,822559.5,0,0.4286,1,-0.196,4.3844,0
2026-03-25 12:30:00,1426.1,1426.5,1423.8,1426.1,314647,1424.4545,1421.0721,1416.3919,1,3.5907,3.2846,0.3061,1,24.9113,25.9506,13.5546,66.1901,-1,73.6196,76.2299,0.4367,1432.0637,1407.4863,1419.775,0.0173,0.7574,4.3065,1416.9409,1,-2605168,823033.1,0,0.0,1,-0.196,4.3844,0
2026-03-25 12:45:00,1426.1,1426.7,1422.0,1423.6,398856,1424.2836,1421.3019,1416.6746,1,3.329,3.2935,0.0356,1,24.667,23.9407,15.471,58.7041,0,54.9669,69.739,0.2323,1432.2673,1408.3727,1420.32,0.0168,0.6373,4.3346,1417.1815,1,-3004024,829484.95,0,0.5319,-1,-0.3709,4.2014,0
2026-03-25 13:00:00,1423.4,1424.8,1423.0,1423.2,308435,1424.0669,1421.4745,1416.9305,1,3.0542,3.2456,-0.1914,-1,24.4401,23.1996,14.9921,57.5819,0,50.0,59.5288,-0.1824,1432.0399,1409.8901,1420.965,0.0156,0.6009,4.1535,1417.4271,1,-3312459,825580.5,0,0.1111,-1,-0.3989,4.1722,0
2026-03-25 13:15:00,1423.1,1424.8,1422.0,1422.6,340770,1423.7735,1421.5768,1417.1528,1,2.7562,3.1477,-0.3915,-1,23.8281,22.0559,16.0137,55.8571,0,45.8333,50.2667,-0.1964,1431.2945,1411.9855,1421.64,0.0136,0.5497,4.0569,1417.748,1,-3653229,821094.3,0,0.1786,-1,-0.4409,4.1282,1
2026-03-25 13:30:00,1422.6,1424.3,1422.1,1423.0,362568,1423.6188,1421.7062,1417.3821,1,2.5232,3.0228,-0.4996,-1,23.2597,21.1727,15.3724,56.7865,0,35.0877,43.6404,-0.3083,1430.6617,1413.7783,1422.22,0.0119,0.5462,3.9242,1418.1041,1,-3290661,812297.25,0,0.1818,1,-0.4129,4.1575,0
2026-03-25 13:45:00,1423.0,1425.0,1422.2,1422.8,354297,1423.4551,1421.8056,1417.5946,1,2.296,2.8775,-0.5815,-1,22.9495,21.3718,14.5726,56.1499,0,33.3333,38.0848,-0.2943,1429.6734,1415.8866,1422.78,0.0097,0.5015,3.8439,1420.8102,1,-3644958,606701.7,0,0.0714,-1,-0.4269,4.1429,0
2026-03-25 14:00:00,1422.7,1424.3,1419.4,1419.8,467623,1422.724,1421.6233,1417.6811,1,1.8525,2.6725,-0.82,-1,21.5159,19.4633,18.3741,47.5417,0,3.6364,24.0191,-0.2739,1428.8614,1417.2786,1423.07,0.0081,0.2177,3.9194,1423.2604,-1,-4112581,490412.6,0,0.5918,-1,-0.6369,3.9233,0
2026-03-25 14:15:00,1420.0,1421.4,1418.2,1418.6,333987,1421.8992,1421.3484,1417.7171,1,1.3881,2.4156,-1.0275,-1,20.204,18.3132,19.5043,44.5965,0,3.2787,13.4161,-0.4212,1428.6225,1417.6875,1423.155,0.0077,0.0835,3.868,1423.4093,-1,-4446568,484328.25,0,0.4375,-1,-0.7208,3.8355,0
2026-03-25 14:30:00,1418.3,1419.5,1416.9,1417.5,291943,1421.0194,1420.9986,1417.7086,1,0.9208,2.1166,-1.1958,-1,19.4285,17.4128,21.0036,42.0264,0,4.4444,3.7865,-0.5054,1428.8697,1417.2103,1423.04,0.0082,0.0248,3.7774,1423.4598,-1,-4738511,477820.55,0,0.3077,-1,-0.7978,3.7549,0
2026-03-25 14:45:00,1417.5,1418.1,1414.0,1415.3,557799,1419.8755,1420.4805,1417.6141,-1,0.3686,1.767,-1.3984,-1,19.5712,16.071,24.8356,37.3858,0,9.2857,5.6696,-0.7573,1429.3572,1416.3828,1422.87,0.0091,-0.0835,3.8004,1423.2753,-1,-5296310,477348.85,0,0.5366,-1,-0.9518,3.5939,0
2026-03-25 15:00:00,1414.6,1417.8,1408.7,1412.0,6115906,1418.3004,1419.7096,1417.394,-1,-0.3314,1.3473,-1.6788,-1,20.8697,13.5713,30.0316,31.7267,1,17.1875,10.3059,-0.9887,1430.4329,1414.5171,1422.475,0.0112,-0.1582,4.179,1419.214,-1,-11412216,743366.9,1,0.2857,-1,-1.1827,3.3524,1
2026-03-25 15:15:00,1412.0,1413.9,1410.0,1413.8,1395880,1417.4003,1419.1723,1417.253,-1,-0.7325,0.9314,-1.6639,-1,22.0754,12.6623,28.0201,37.3016,0,26.5625,17.6786,-0.6884,1430.9255,1413.3745,1422.15,0.0123,0.0242,4.1591,1418.6081,-1,-10016336,795494.5,1,0.4615,1,-1.0568,3.4841,0
2026-03-27 09:15:00,1401.0,1401.0,1385.4,1386.4,664890,1411.2003,1416.193,1416.0431,-1,-3.2242,0.1003,-3.3244,-1,25.5425,8.3017,48.2005,15.9503,1,2.3529,15.3676,-2.5857,1437.9123,1402.4477,1420.18,0.025,-0.4525,5.8906,1417.2667,-1,-10681226,799852.2,0,0.9359,-1,-2.9743,1.4786,0
2026-03-27 09:30:00,1386.0,1386.4,1376.0,1381.8,1315919,1405.3202,1413.0664,1414.7002,-1,-5.5065,-1.0211,-4.4854,-1,29.1366,7.3091,53.2445,14.4544,1,11.4398,13.4518,-2.868,1442.1781,1393.8219,1418.0,0.0341,-0.2486,6.2127,1414.0994,-1,-11997145,831244.3,1,0.4038,-1,-3.2962,1.1419,0
2026-03-27 09:45:00,1381.8,1381.8,1374.2,1375.8,679411,1399.4162,1409.6785,1413.1747,-1,-7.7106,-2.359,-5.3516,-1,32.5351,6.6804,50.7021,12.7719,1,3.0476,5.6135,-3.3169,1445.3608,1385.4792,1415.42,0.0423,-0.1616,6.3118,1411.6533,-1,-12676556,809325.25,0,0.7895,-1,-3.7161,0.7027,0
2026-03-27 10:00:00,1375.6,1378.9,1374.8,1375.2,330664,1394.5729,1406.5441,1411.6855,-1,-9.3974,-3.7667,-5.6307,-1,35.6909,6.3625,48.2892,12.6138,1,1.9685,5.4853,-3.3455,1446.9816,1378.6784,1412.83,0.0483,-0.0509,6.1538,1410.4317,-1,-13007220,801750.7,0,0.0976,-1,-3.7581,0.6588,1
2026-03-27 10:15:00,1375.2,1376.8,1373.4,1375.9,372423,1390.8383,1403.7583,1410.2822,-1,-10.5561,-5.1246,-5.4315,-1,38.6729,6.1031,47.9992,13.9523,1,4.845,3.287,-3.092,1447.7577,1373.1223,1410.44,0.0529,0.0372,5.9571,1409.1777,-1,-12634797,796719.85,0,0.2059,1,-3.7091,0.71,0
2026-03-27 10:30:00,1375.3,1378.5,1372.7,1373.5,556157,1387.3707,1401.0075,1408.8397,-1,-11.535,-6.4067,-5.1283,-1,40.9477,7.7201,44.6548,13.2055,1,1.5296,2.781,-3.1792,1447.8764,1367.8936,1407.885,0.0568,0.0701,5.9459,1407.4445,-1,-13190954,796892.55,0,0.3103,-1,-3.8771,0.5343,0
2026-03-27 10:45:00,1373.5,1373.9,1370.3,1372.2,413836,1384.3365,1398.3887,1407.4029,-1,-12.2742,-7.5802,-4.6941,-1,43.1778,7.3766,45.6344,12.8056,1,3.4735,3.2827,-3.1958,1447.33,1363.19,1405.26,0.0599,0.1071,5.7783,1406.1921,-1,-13604790,801299.55,0,0.3611,-1,-3.9681,0.4392,0
2026-03-27 11:00:00,1372.2,1373.4,1368.6,1370.9,584012,1381.6492,1395.8897,1405.9714,-1,-12.8172,-8.6276,-4.1896,-1,45.33,6.9335,45.0207,12.4013,1,4.1293,3.0441,-3.1371,1445.9589,1359.0411,1402.5,0.062,0.1364,5.7084,1404.3638,-1,-14188802,808001.15,0,0.2708,-1,-4.0591,0.344,0
2026-03-27 11:15:00,1371.0,1371.1,1363.0,1364.3,795838,1378.1794,1393.0179,1404.3372,-1,-13.6231,-9.6267,-3.9964,-1,47.5703,6.2512,47.3938,10.5754,1,2.226,3.2763,-3.3782,1444.4759,1354.3441,1399.41,0.0644,0.1105,5.8792,1402.1365,-1,-14984640,832060.7,0,0.8272,-1,-4.521,0.0,1
2026-03-27 11:30:00,1364.3,1367.2,1362.3,1365.2,630372,1375.5835,1390.489,1402.8024,-1,-14.0274,-10.5068,-3.5206,-1,49.6786,5.8746,45.3991,12.468,1,5.0699,3.8084,-3.4375,1442.4668,1350.5132,1396.49,0.0658,0.1597,5.8093,1400.2261,-1,-14354268,843636.5,0,0.1837,1,-4.458,0.066,0
2026-03-27 11:45:00,1365.0,1366.0,1357.1,1358.0,694677,1372.0668,1387.5355,1401.0455,-1,-14.7586,-11.3572,-3.4015,-1,51.83,5.2552,46.7726,10.5452,1,1.4754,2.9238,-2.0485,1440.3996,1346.0604,1393.23,0.0677,0.1266,6.0301,1398.2029,-1,-15048945,862948.6,0,0.7865,-1,-4.9619,0.0,0
2026-03-27 12:00:00,1357.7,1359.8,1354.1,1357.5,670108,1369.1534,1384.805,1399.3378,-1,-15.2033,-12.1264,-3.0769,-1,53.9266,4.899,47.1697,10.425,1,5.3375,3.961,-1.7586,1437.5712,1342.3788,1389.975,0.0685,0.1588,6.0065,1396.1551,-1,-15719053,879415.5,0,0.0351,-1,-4.9969,0.0,0
2026-03-27 12:15:00,1357.4,1358.9,1355.1,1357.0,575009,1366.7228,1382.2772,1397.6775,-1,-15.4183,-12.7848,-2.6335,-1,55.8734,4.6717,44.9807,10.2985,1,4.8495,3.8875,-1.3665,1433.8043,1339.5457,1386.675,0.068,0.1852,5.8489,1394.3408,-1,-16294062,890037.55,0,0.1053,-1,-5.0318,0.0,1
2026-03-27 12:30:00,1357.2,1359.3,1353.3,1357.5,954144,1364.8782,1380.0248,1396.1019,-1,-15.3711,-13.302,-2.0691,-1,57.7424,4.33,43.885,11.4552,1,8.805,6.3307,-1.2871,1429.1021,1337.7179,1383.41,0.0661,0.2165,5.8597,1391.8307,-1,-15339918,920029.9,0,0.05,1,-4.9969,0.0368,0
2026-03-27 12:45:00,1357.4,1357.6,1352.2,1353.0,627604,1362.5026,1377.568,1394.4116,-1,-15.518,-13.7452,-1.7727,-1,59.5152,4.0434,42.3285,10.1826,1,2.3392,5.3312,-1.6644,1424.3786,1335.7614,1380.07,0.0642,0.1945,5.8268,1389.8215,-1,-15967522,928028.95,0,0.8148,-1,-5.3118,0.0,0
2026-03-27 13:00:00,1352.9,1353.4,1350.1,1351.6,537213,1360.3221,1375.2072,1392.7328,-1,-15.5679,-14.1098,-1.4581,-1,61.2316,3.8746,43.218,9.8172,1,4.7319,5.292,-1.5945,1418.9522,1334.4878,1376.72,0.0614,0.2026,5.6464,1388.2035,-1,-16504735,938190.25,0,0.3939,-1,-5.4098,0.0,1
2026-03-27 13:15:00,1351.5,1357.8,1351.5,1353.5,666638,1358.9576,1373.2339,1391.1942,-1,-15.278,-14.3434,-0.9346,-1,61.345,9.0888,39.8019,14.3113,1,11.8056,6.2922,-1.3628,1412.4793,1334.5607,1373.52,0.0567,0.2431,5.693,1386.5674,-1,-15838097,956925.0,0,0.3175,1,-5.2768,0.1406,1
2026-03-27 13:30:00,1353.7,1355.4,1351.0,1353.8,514949,1357.9261,1371.4671,1389.7278,-1,-14.8528,-14.4453,-0.4075,-1,61.4865,8.5788,38.206,15.0313,1,13.0282,9.8552,-1.2474,1405.2109,1335.6791,1370.445,0.0507,0.2606,5.6007,1384.8191,-1,-15323148,954782.5,0,0.0227,1,-5.2558,0.1628,0
2026-03-27 13:45:00,1353.9,1356.2,1351.2,1352.6,770410,1356.8609,1369.752,1388.2718,-1,-14.4462,-14.4455,-0.0007,-1,61.3503,9.0557,35.7509,14.5063,1,8.8028,11.2122,-0.8576,1397.3365,1337.6135,1367.475,0.0437,0.2509,5.5578,1370.5946,-1,-16093558,687507.7,0,0.26,-1,-5.3398,0.074,1
2026-03-27 14:00:00,1352.3,1354.3,1351.6,1354.1,770722,1356.3087,1368.329,1386.9317,-1,-13.8433,-14.325,0.4817,1,61.2237,8.7295,34.463,18.3459,1,16.8067,12.8792,-0.8131,1385.9992,1342.9808,1364.49,0.0315,0.2585,5.3536,1365.1171,-1,-15322836,656249.8,0,0.6667,1,-5.2348,0.185,0
2026-03-27 14:15:00,1354.1,1354.5,1350.1,1350.4,1147314,1355.127,1366.6991,1385.4991,-1,-13.5084,-14.1617,0.6533,1,61.2435,8.2104,34.4409,16.3905,1,1.2876,8.9657,-0.5596,1382.5239,1342.8561,1362.69,0.0291,0.1902,5.2855,1362.7216,-1,-16470150,680371.0,1,0.8409,-1,-5.4937,0.0,0
2026-03-27 14:30:00,1350.3,1350.7,1345.0,1348.6,1243114,1353.8216,1365.0538,1384.0521,-1,-13.2356,-13.9765,0.7409,1,61.6694,7.5815,38.6565,15.5236,1,13.7931,10.6291,-0.6556,1379.7123,1342.3477,1361.03,0.0275,0.1673,5.3151,1359.5626,-1,-17713264,676730.75,1,0.2982,-1,-5.6197,0.0,1
2026-03-27 14:45:00,1348.6,1351.7,1348.0,1349.6,1018153,1352.9773,1363.6489,1382.701,-1,-12.7913,-13.7395,0.9482,1,61.7024,8.5698,36.6917,18.1146,1,20.7207,11.9338,-0.5453,1377.7384,1341.7016,1359.72,0.0265,0.2192,5.1998,1357.9767,-1,-16695111,693667.85,0,0.2703,1,-5.5497,0.0742,0
2026-03-27 15:00:00,1349.4,1351.4,1346.8,1346.8,3002994,1351.7418,1362.1172,1381.2931,-1,-12.5208,-13.4957,0.9749,1,61.8352,8.0238,36.016,16.5811,1,8.5714,14.3618,-0.7882,1375.6798,1340.9202,1358.3,0.0256,0.1692,5.1569,1355.8603,-1,-19698105,827284.35,1,0.5652,-1,-5.7457,0.0,1
2026-03-27 15:15:00,1347.0,1348.3,1345.1,1348.0,2750221,1350.9934,1360.8338,1379.9875,-1,-12.0704,-13.2107,1.1402,1,62.1002,7.6583,36.7955,19.7179,1,20.2703,16.5208,-0.3695,1372.8279,1340.9821,1356.905,0.0235,0.2204,5.0171,1354.2081,-1,-16947884,946174.25,1,0.3125,1,-5.6617,0.0891,1
2026-03-30 09:15:00,1335.9,1358.8,1335.5,1356.9,755129,1352.1748,1360.4762,1379.0821,-1,-10.8701,-12.7425,1.8725,1,59.2025,17.5039,27.1106,38.261,0,89.916,39.5859,0.3921,1370.0644,1342.0856,1356.075,0.0206,0.5295,6.3231,1353.4559,1,-16192755,956122.85,0,0.9013,1,-5.0388,0.7499,1
2026-03-30 09:30:00,1357.4,1365.0,1355.9,1358.1,765192,1353.3598,1360.2601,1378.2593,-1,-9.71,-12.136,2.426,1,55.2564,22.55,24.4084,40.2644,0,76.6102,62.2655,0.3399,1367.3087,1343.4313,1355.37,0.0176,0.6143,6.5214,1353.303,1,-15427563,973690.65,0,0.0769,1,-4.9549,0.839,1
2026-03-30 09:45:00,1358.1,1362.3,1356.4,1359.9,430643,1354.6678,1360.2274,1377.5393,-1,-8.5469,-11.4182,2.8713,1,51.5922,21.0828,22.8203,43.2397,0,82.7119,83.0793,0.4506,1364.6785,1344.9615,1354.82,0.0146,0.7576,6.477,1352.908,1,-14996920,966022.2,0,0.3051,1,-4.8289,0.9727,0
2026-03-30 10:00:00,1359.9,1361.5,1353.6,1358.0,510493,1355.3343,1360.0249,1376.7731,-1,-7.6897,-10.6725,2.9828,1,48.6728,19.2744,23.903,40.9227,0,76.2712,78.5311,0.3992,1363.4962,1345.5138,1354.505,0.0133,0.6944,6.5787,1352.4835,1,-15507413,951754.95,0,0.2405,-1,-4.9619,0.8316,0
2026-03-30 10:15:00,1357.8,1359.0,1352.1,1352.1,408471,1354.6874,1359.3045,1375.8055,-1,-7.4012,-10.0183,2.617,1,46.2108,17.8355,23.7415,34.7039,1,56.2712,71.7514,-0.1477,1361.4267,1346.2733,1353.85,0.0112,0.3845,6.6016,1352.1091,-1,-15915884,940659.9,0,0.8261,-1,-5.3748,0.3935,0
2026-03-30 10:30:00,1352.3,1354.6,1348.7,1351.6,1185568,1354.0699,1358.6041,1374.8563,-1,-7.1307,-9.4408,2.31,1,44.4578,16.6882,25.9212,34.2291,1,54.5763,62.3729,0.0889,1360.9168,1346.1432,1353.53,0.0109,0.3694,6.5515,1351.7827,-1,-17101452,965204.45,0,0.1186,-1,-5.4098,0.3564,0
2026-03-30 10:45:00,1351.7,1353.9,1344.3,1348.1,1700809,1352.8759,1357.6491,1373.807,-1,-7.1168,-8.976,1.8592,1,43.435,14.9977,27.9382,31.0294,1,42.7119,51.1864,-0.0371,1360.5717,1345.5483,1353.06,0.0111,0.1698,6.7693,1351.3541,-1,-18802261,1016739.5,1,0.375,-1,-5.6547,0.0965,0
2026-03-30 11:00:00,1348.0,1349.8,1340.5,1343.5,885478,1351.0008,1356.3629,1372.6185,-1,-7.3917,-8.6591,1.2674,1,42.9413,13.5642,29.1733,27.4036,1,27.1186,41.4689,-0.452,1360.7383,1344.0317,1352.385,0.0124,-0.0318,6.95,1350.9072,-1,-19687739,1032262.95,0,0.4839,-1,-5.9766,0.0,1
2026-03-30 11:15:00,1344.4,1345.8,1339.6,1343.9,694421,1349.5806,1355.2299,1371.4923,-1,-7.4909,-8.4255,0.9346,1,42.5862,12.6932,28.2321,28.1894,1,28.4746,32.7684,-0.2153,1360.4853,1342.9247,1351.705,0.013,0.0555,6.8965,1350.3701,-1,-18993318,1019276.8,0,0.0806,-1,-5.9486,0.0298,0
2026-03-30 11:30:00,1343.9,1349.9,1342.7,1342.7,882983,1348.2045,1354.0908,1370.3632,-1,-7.579,-8.2562,0.6772,1,41.2658,15.9828,26.1334,27.2369,1,24.4068,26.6667,-0.3932,1360.7773,1341.6027,1351.19,0.0142,0.0572,6.9181,1350.0262,-1,-19876301,1032045.75,0,0.1667,-1,-6.0326,0.0,0
2026-03-30 11:45:00,1343.3,1343.3,1338.3,1341.6,437745,1346.8836,1352.9553,1369.2352,-1,-7.6494,-8.1348,0.4854,1,40.604,15.141,29.3917,26.3577,1,20.678,24.5198,-1.1276,1361.1435,1340.2365,1350.69,0.0155,0.0652,6.7811,1349.7915,-1,-20314046,1027072.35,0,0.34,-1,-6.1096,0.0,1
2026-03-30 12:00:00,1341.6,1351.3,1340.9,1348.8,655654,1347.2669,1352.5775,1368.4338,-1,-7.043,-7.9164,0.8734,1,38.3934,21.6606,26.2901,40.0078,0,45.0847,30.0565,-0.6848,1360.8564,1340.0536,1350.455,0.0154,0.4204,7.0396,1349.557,-1,-19658392,1026523.15,0,0.6923,1,-5.6057,0.5367,0
2026-03-30 12:15:00,1348.7,1350.5,1343.4,1345.0,519623,1346.8135,1351.8887,1367.5148,-1,-6.7908,-7.6913,0.9005,1,36.3406,20.1011,24.3973,36.1946,0,32.2034,32.6554,-1.0957,1360.5568,1339.4732,1350.015,0.0156,0.2621,7.0439,1349.3782,-1,-20178015,1026756.85,0,0.5211,-1,-5.8716,0.2534,1
2026-03-30 12:30:00,1345.1,1353.5,1344.1,1350.8,493247,1347.6108,1351.7897,1366.8594,-1,-6.0531,-7.3637,1.3105,1,33.8974,21.2009,22.126,44.8368,0,51.8644,43.0508,-0.5302,1360.4075,1339.4425,1349.925,0.0155,0.5417,7.2122,1349.23,1,-19684768,1012898.7,0,0.6064,1,-5.4657,0.6857,0
2026-03-30 12:45:00,1350.8,1351.9,1347.3,1350.4,465580,1348.1686,1351.6633,1366.2139,-1,-5.4381,-6.9786,1.5404,1,31.6286,20.2094,21.0913,44.3902,0,45.3184,43.1287,-0.1257,1360.0505,1339.4295,1349.74,0.0153,0.532,7.0256,1349.0863,1,-20150348,997641.6,0,0.087,-1,-5.4937,0.6559,0
2026-03-30 13:00:00,1350.3,1351.5,1346.3,1348.8,497685,1348.2949,1351.403,1365.531,-1,-5.0219,-6.5872,1.5653,1,29.7025,19.1208,20.991,42.5641,0,43.75,46.9776,-0.2072,1359.9736,1339.3464,1349.66,0.0153,0.4583,6.8952,1348.9273,-1,-20648033,965160.15,0,0.2885,-1,-5.6057,0.5367,0
2026-03-30 13:15:00,1348.9,1350.0,1345.8,1345.8,509106,1347.7959,1350.8937,1364.7572,-1,-4.878,-6.2454,1.3674,1,28.0073,18.265,20.5844,39.2997,0,32.3276,40.4653,-0.1706,1359.9625,1339.0775,1349.52,0.0155,0.3219,6.7027,1348.9353,-1,-21157139,928459.75,0,0.7381,-1,-5.8157,0.3131,0
2026-03-30 13:30:00,1345.8,1347.5,1344.4,1345.2,371420,1347.2767,1350.3761,1363.9903,-1,-4.7574,-5.9478,1.1904,1,26.7,17.6375,21.4287,38.661,0,33.3333,36.4703,0.1265,1359.9106,1338.6894,1349.3,0.0157,0.3068,6.4454,1348.8211,-1,-21528559,896123.1,0,0.1935,-1,-5.8577,0.2683,0
2026-03-30 13:45:00,1345.6,1346.2,1343.5,1345.2,425496,1346.8614,1349.9055,1363.2534,-1,-4.6088,-5.68,1.0712,1,25.6586,17.0869,21.8003,38.661,0,42.3313,35.9974,0.0967,1359.9284,1338.5116,1349.22,0.0159,0.3123,6.1778,1348.8096,-1,-21103063,767248.2,0,0.1481,-1,-5.8577,0.2683,1
2026-03-30 14:00:00,1345.0,1349.6,1344.3,1345.4,556238,1346.5691,1349.4959,1362.5533,-1,-4.4238,-5.4288,1.0049,1,23.9054,20.0005,20.4507,39.044,0,45.5128,40.3925,0.2011,1359.917,1338.263,1349.09,0.0161,0.3296,6.1151,1349.0597,-1,-20546825,657549.05,0,0.0755,1,-5.8437,0.2832,0
2026-03-30 14:15:00,1345.4,1348.0,1343.2,1344.4,610776,1346.1353,1349.0327,1361.8414,-1,-4.3083,-5.2047,0.8964,1,22.511,18.8616,20.5911,37.7742,0,40.1316,42.6586,0.2087,1358.8506,1338.0794,1348.465,0.0154,0.3043,6.0212,1348.8006,-1,-21157601,650331.4,0,0.2083,-1,-5.9136,0.2087,1
2026-03-30 14:30:00,1344.4,1349.0,1344.4,1346.0,720279,1346.1082,1348.757,1361.2202,-1,-4.041,-4.9719,0.9309,1,20.9823,19.0213,19.4482,41.0762,0,50.6579,45.4341,-0.2076,1357.2964,1338.4236,1347.86,0.014,0.4014,5.9197,1348.0295,-1,-20437322,648085.75,0,0.3478,1,-5.8017,0.328,0
2026-03-30 14:45:00,1346.0,1346.9,1343.6,1345.8,1013771,1346.0466,1348.4881,1360.6154,-1,-3.8016,-4.7379,0.9363,1,19.7487,18.2392,19.6454,40.7849,0,49.3421,46.7105,0.0595,1354.8305,1339.4795,1347.155,0.0114,0.4117,5.7326,1347.4694,-1,-21451093,677242.15,0,0.0606,-1,-5.8157,0.3131,0
2026-03-30 15:00:00,1344.5,1347.6,1339.8,1341.5,5292979,1345.1373,1347.8529,1359.8658,-1,-3.9136,-4.573,0.6594,1,19.4191,16.5111,22.3999,35.0318,0,21.0526,40.3509,-0.6885,1352.5802,1340.0798,1346.33,0.0093,0.1136,5.8802,1345.884,-1,-26744072,916366.45,1,0.3846,-1,-6.1166,0.0,1
2026-03-30 15:15:00,1341.5,1355.0,1340.2,1350.0,2315670,1346.1098,1348.0481,1359.4789,-1,-3.2788,-4.3142,1.0354,1,18.5894,21.9431,18.7666,50.0355,0,67.1053,45.8333,-0.0296,1352.1458,1340.3042,1346.225,0.0088,0.8188,6.5174,1346.0001,1,-24428402,1011726.4,1,0.5743,1,-5.5217,0.6336,1
2026-04-01 09:15:00,1376.3,1377.4,1365.0,1372.0,465001,1351.2879,1350.2255,1359.9699,1,-0.989,-3.6491,2.6601,1,20.4118,36.5585,14.1806,69.6025,-1,85.6383,57.9321,1.72,1359.8142,1334.6758,1347.245,0.0187,1.4847,8.009,1346.2647,1,-23963401,975698.05,0,0.3468,-1,-3.9821,2.2736,0
2026-04-01 09:30:00,1372.0,1372.6,1369.0,1371.0,429983,1355.2303,1352.1141,1360.4025,1,0.7365,-2.772,3.5085,1,22.1041,35.3366,13.7067,68.2934,-1,82.9787,78.5741,1.8725,1364.6828,1332.0972,1348.39,0.0242,1.1939,7.6941,1346.6112,1,-24393384,912156.75,0,0.2778,-1,-4.0521,2.199,1
2026-04-01 09:45:00,1370.8,1374.4,1370.1,1373.5,383928,1358.8842,1354.0583,1360.9161,1,2.2793,-1.7617,4.0411,1,23.8168,35.6055,13.1417,69.8216,-1,89.6277,86.0816,2.1038,1369.3265,1330.4535,1349.89,0.0288,1.1074,7.4516,1347.2755,1,-24009456,887079.25,0,0.6279,1,-3.8771,2.3854,1
2026-04-01 10:00:00,1373.5,1378.7,1373.5,1375.0,369534,1362.1074,1355.9621,1361.4684,1,3.5819,-0.693,4.2749,1,25.7286,38.0044,12.4722,70.7331,-1,90.4884,87.6983,2.2153,1373.5138,1329.3762,1351.445,0.0327,1.0337,7.2908,1348.0457,1,-23639922,870834.9,0,0.2885,1,-3.7721,2.4972,0
2026-04-01 10:15:00,1375.0,1376.0,1370.5,1370.5,326772,1363.7859,1357.2837,1361.8226,1,4.2025,0.2861,3.9164,1,26.8692,35.92,14.7798,64.4445,0,78.9203,86.3455,1.8656,1376.0002,1329.6698,1352.835,0.0342,0.8813,7.1629,1348.6707,1,-23966694,843024.35,0,0.8182,-1,-4.0871,2.1618,1
2026-04-01 10:30:00,1371.1,1373.9,1370.1,1371.2,342193,1365.2687,1358.5488,1362.1904,1,4.6968,1.1682,3.5286,1,27.8433,34.5116,14.613,64.9663,0,80.7198,83.3762,1.9935,1378.1912,1330.4388,1354.315,0.0353,0.8536,6.9227,1349.34,1,-23624501,838246.75,0,0.0263,1,-4.0381,2.2139,0
2026-04-01 10:45:00,1371.1,1373.0,1369.6,1371.0,599239,1366.415,1359.6807,1362.5358,1,5.0145,1.9375,3.077,1,28.6356,33.2552,14.6164,64.6742,0,80.2057,79.9486,1.8574,1380.2189,1330.6311,1355.425,0.0366,0.8141,6.6711,1350.2158,1,-24223740,835426.0,0,0.0294,-1,-4.0521,2.199,1
2026-04-01 11:00:00,1371.0,1374.9,1369.5,1372.2,408021,1367.572,1360.8189,1362.9148,1,5.3021,2.6104,2.6917,1,29.5621,33.3684,13.7596,65.6713,-1,83.2905,81.4053,1.9617,1382.1205,1331.4495,1356.785,0.0373,0.8042,6.5803,1350.8789,1,-23815719,829845.9,0,0.2222,1,-3.9681,2.2885,1
2026-04-01 11:15:00,1372.2,1376.5,1370.9,1375.0,362876,1369.0576,1362.108,1363.3887,1,5.6903,3.2264,2.4639,1,30.5817,33.0736,12.9142,67.9449,-1,90.4884,84.6615,2.4972,1384.3621,1331.6279,1357.995,0.0388,0.8225,6.5102,1351.4337,1,-23452843,823327.35,0,0.5,1,-3.7721,2.4972,1
2026-04-01 11:30:00,1374.9,1377.6,1372.2,1376.7,451487,1370.5861,1363.4346,1363.9108,1,6.0652,3.7941,2.271,1,31.6387,32.3117,12.1396,69.2754,-1,94.8586,89.5458,1.9778,1386.6366,1331.9834,1359.31,0.0402,0.8182,6.4309,1352.1384,1,-23001356,822622.7,0,0.3333,1,-3.6532,2.6239,0
2026-04-01 11:45:00,1376.7,1377.8,1370.9,1373.9,527358,1371.2489,1364.386,1364.3025,1,6.0664,4.2486,1.8178,1,32.2693,29.8482,12.6505,64.5249,0,87.6607,91.0026,0.1385,1388.1499,1332.9801,1360.565,0.0405,0.7417,6.4644,1352.9431,1,-23528714,824106.35,0,0.4058,-1,-3.8491,2.4152,1
2026-04-01 12:00:00,1373.8,1379.0,1373.8,1377.9,399882,1372.5791,1365.6145,1364.8357,1,6.3174,4.6624,1.655,1,32.993,29.4537,11.9134,67.9103,-1,97.1939,93.2377,0.5033,1389.8669,1334.4731,1362.17,0.0407,0.784,6.3741,1353.7068,1,-23128832,818645.15,0,0.7885,1,-3.5692,2.7134,0
2026-04-01 12:15:00,1377.9,1378.9,1373.8,1374.9,388551,1373.0433,1366.4587,1365.2304,1,6.2027,4.9704,1.2323,1,33.6651,27.746,11.2226,63.0505,0,89.433,91.4292,0.1019,1390.7311,1336.5789,1363.655,0.0397,0.7077,6.2831,1354.4136,1,-23517383,819501.7,0,0.5882,-1,-3.7791,2.4898,0
2026-04-01 12:30:00,1374.9,1376.9,1372.0,1373.1,444753,1373.0546,1367.0624,1365.539,1,5.8985,5.156,0.7425,1,33.7447,26.1757,12.6665,60.2639,0,57.8571,81.4947,-0.1382,1391.0318,1339.0682,1365.05,0.0381,0.6549,6.1843,1355.1894,1,-23962136,820464.55,0,0.3673,-1,-3.9051,2.3556,1
2026-04-01 12:45:00,1373.1,1375.8,1372.9,1374.1,271226,1373.2637,1367.7022,1365.8747,1,5.6728,5.2594,0.4134,1,33.8186,25.2644,12.2255,61.2875,0,51.0,66.0967,0.2627,1391.1015,1341.8685,1366.485,0.036,0.6547,5.9497,1355.8123,1,-23690910,806213.95,0,0.3448,1,-3.8351,2.4301,1
2026-04-01 13:00:00,1374.1,1376.7,1373.7,1376.5,364239,1373.911,1368.502,1366.2914,1,5.6228,5.3321,0.2907,1,34.0275,25.4412,11.769,63.7042,0,73.6842,60.8471,0.3865,1390.8536,1345.3264,1368.09,0.0333,0.6847,5.739,1356.6753,1,-23326671,793887.1,0,0.8,1,-3.6672,2.609,0
2026-04-01 13:15:00,1376.3,1376.7,1371.9,1372.9,374801,1373.7088,1368.9018,1366.5506,1,5.2323,5.3121,-0.0798,-1,33.6267,23.9033,13.3244,57.8686,0,35.7895,53.4912,0.1386,1389.8795,1348.9905,1369.435,0.0299,0.5847,5.672,1357.5627,1,-23701472,776613.2,0,0.7083,-1,-3.9191,2.3407,0
2026-04-01 13:30:00,1373.1,1373.2,1363.3,1364.9,488925,1371.947,1368.538,1366.4858,1,4.2286,5.0954,-0.8668,-1,31.3833,21.0739,22.0299,47.4635,0,10.1911,39.8883,-0.532,1387.9034,1352.8766,1370.39,0.0256,0.3433,5.974,1358.6939,1,-24190397,750370.9,0,0.8283,-1,-4.479,1.7443,1
2026-04-01 13:45:00,1365.0,1368.2,1362.9,1365.9,569838,1370.7376,1368.2982,1366.4629,1,3.4737,4.7711,-1.2973,-1,29.3825,19.7276,21.1047,48.705,0,18.6335,21.538,-0.6618,1383.3519,1359.8681,1371.61,0.0171,0.2569,5.9258,1367.1745,-1,-23620559,514213.85,0,0.1698,1,-4.409,1.8189,1
2026-04-01 14:00:00,1365.9,1369.0,1365.1,1368.6,327122,1370.3101,1368.3256,1366.5467,1,3.0582,4.4285,-1.3703,-1,27.3415,19.7654,20.0877,52.0032,0,35.4037,21.4094,-0.5884,1379.0841,1365.9959,1372.54,0.0095,0.199,5.7811,1372.4307,-1,-23293437,414786.45,0,0.6923,1,-4.22,2.0201,1
2026-04-01 14:15:00,1368.6,1369.6,1367.3,1368.8,174877,1370.0081,1368.3688,1366.635,1,2.7137,4.0855,-1.3719,-1,25.4722,19.9531,19.4912,52.2482,0,36.646,30.2277,-0.3712,1379.1226,1365.6374,1372.38,0.0098,0.2345,5.5325,1372.4022,-1,-23118560,400280.25,0,0.087,1,-4.206,2.035,0
2026-04-01 14:30:00,1368.8,1369.2,1366.0,1368.0,275930,1369.6065,1368.3352,1366.6886,1,2.349,3.7382,-1.3892,-1,23.8857,19.1032,20.3915,51.1243,0,31.677,34.5756,-0.7185,1379.2177,1365.2423,1372.23,0.0102,0.1973,5.3659,1372.3223,-1,-23394490,392577.6,0,0.25,-1,-4.262,1.9754,0
2026-04-01 14:45:00,1368.1,1368.5,1364.2,1364.2,918284,1368.5252,1367.9593,1366.591,1,1.7334,3.3373,-1.6038,-1,22.8364,17.994,21.638,46.0567,0,8.0745,25.4658,-0.7782,1379.5456,1363.9844,1371.765,0.0113,0.0139,5.2897,1371.574,-1,-24312774,419295.4,1,0.907,-1,-4.528,1.6921,1
2026-04-01 15:00:00,1364.6,1371.2,1364.6,1369.6,1731054,1368.7401,1368.1085,1366.709,1,1.6621,3.0022,-1.3401,-1,21.2515,19.8951,19.6389,53.1618,0,41.6149,27.1222,-0.2549,1379.182,1363.808,1371.495,0.0112,0.3767,5.4119,1370.8645,-1,-22581720,487371.4,1,0.7576,1,-4.15,2.0947,1
2026-04-01 15:15:00,1369.9,1371.1,1368.6,1369.9,941456,1368.9721,1368.2713,1366.8341,1,1.6113,2.724,-1.1128,-1,19.7798,19.2124,18.965,53.528,0,43.4783,31.0559,-0.3057,1379.172,1363.758,1371.465,0.0112,0.3985,5.2039,1370.7275,-1,-21640264,518105.6,1,0.0,1,-4.1291,2.117,0
2026-04-02 09:15:00,1358.0,1358.0,1349.4,1350.8,446027,1365.3377,1366.683,1366.2053,-1,0.0294,2.1851,-2.1557,-1,21.3862,14.7444,36.3354,34.8471,1,4.7458,29.9463,-1.8671,1382.3037,1358.5863,1370.445,0.0173,-0.3283,6.2965,1369.9278,-1,-22086291,523297.3,0,0.8372,-1,-5.4657,0.6933,0
2026-04-02 09:30:00,1350.1,1351.6,1343.3,1343.5,671587,1360.9701,1364.5755,1365.3149,-1,-1.7926,1.3896,-3.1822,-1,23.4029,13.387,39.7564,30.4702,1,0.5952,16.2731,-2.1415,1385.7497,1352.3903,1369.07,0.0244,-0.2665,6.4396,1368.3391,-1,-22757878,526914.7,0,0.7952,-1,-5.9766,0.1491,0
2026-04-02 09:45:00,1343.4,1345.0,1338.1,1338.8,634857,1356.5361,1362.2323,1364.2751,-1,-3.5746,0.3967,-3.9713,-1,25.6521,12.3676,42.4677,28.0292,1,1.8135,2.3848,-1.9122,1388.5743,1346.2257,1367.4,0.031,-0.1753,6.4725,1366.5588,-1,-23392735,538256.5,0,0.6667,-1,-6.3055,0.0,0
2026-04-02 10:00:00,1338.8,1338.9,1328.6,1333.8,661864,1351.9889,1359.6475,1363.08,-1,-5.3289,-0.7484,-4.5805,-1,28.2907,11.0188,47.8952,25.6729,1,10.8108,4.4065,-2.3501,1390.749,1339.931,1365.34,0.0372,-0.1206,6.7459,1364.3487,-1,-24054599,553205.9,0,0.4854,-1,-6.6555,0.0,0
2026-04-02 10:15:00,1333.8,1333.8,1328.1,1332.3,470593,1348.0511,1357.1614,1361.873,-1,-6.7623,-1.9512,-4.8111,-1,30.7666,10.3463,45.5075,24.9941,1,8.642,7.0888,-2.6523,1391.7281,1334.5119,1363.12,0.042,-0.0387,6.6712,1362.4955,-1,-24525192,554161.2,0,0.2632,-1,-6.7604,0.0,1
2026-04-02 10:30:00,1331.9,1334.0,1331.0,1333.0,244749,1345.0409,1354.9649,1360.7407,-1,-7.7524,-3.1114,-4.641,-1,33.0177,10.2233,43.9859,25.9777,1,10.8647,10.1058,-2.6154,1392.0572,1330.0928,1361.075,0.0455,0.0469,6.4089,1361.2481,-1,-24280443,540030.75,0,0.3667,1,-6.7115,0.0525,1
2026-04-02 10:45:00,1332.5,1340.8,1332.1,1340.7,550558,1344.1727,1353.6681,1359.9548,-1,-7.8255,-4.0542,-3.7713,-1,33.5911,16.6467,39.8271,35.931,0,29.2343,16.247,-1.9956,1390.3994,1328.0306,1359.215,0.0459,0.2031,6.5726,1359.5011,-1,-23729885,547564.55,0,0.9425,1,-6.1726,0.6305,0
2026-04-02 11:00:00,1340.7,1341.7,1338.5,1340.7,560996,1343.4782,1352.4892,1359.1997,-1,-7.7936,-4.8021,-2.9915,-1,33.9392,17.0611,38.3894,35.931,0,29.2343,23.1111,-1.7226,1388.812,1326.198,1357.505,0.0461,0.2316,6.3317,1357.9611,-1,-23168889,556186.8,0,0.0,1,-6.1726,0.6305,0
2026-04-02 11:15:00,1340.4,1341.0,1336.8,1338.2,317632,1342.4225,1351.1901,1358.3762,-1,-7.8793,-5.4175,-2.4617,-1,34.4202,16.2328,38.4907,34.1995,1,23.4339,27.3009,-2.2926,1387.2853,1324.2347,1355.76,0.0465,0.2215,6.1794,1356.7551,-1,-23486521,549830.75,0,0.5238,-1,-6.3475,0.4428,1
2026-04-02 11:30:00,1338.3,1341.5,1338.1,1338.3,390580,1341.598,1350.0183,1357.5889,-1,-7.8486,-5.9037,-1.9448,-1,34.7539,16.1708,36.9277,34.3358,1,23.6659,25.4447,-2.3067,1385.1906,1322.7494,1353.97,0.0461,0.249,5.9809,1355.7145,-1,-23095941,555798.45,0,0.0,1,-6.3405,0.4503,1
2026-04-02 11:45:00,1338.3,1342.8,1338.1,1341.2,346757,1341.5184,1349.2166,1356.9462,-1,-7.5038,-6.2237,-1.28,-1,34.7604,16.8257,34.8227,38.326,0,30.3944,25.8314,-0.7107,1382.0942,1322.3158,1352.205,0.0442,0.3159,5.8894,1354.5917,-1,-22749184,554924.35,0,0.617,1,-6.1376,0.668,1
2026-04-02 12:00:00,1340.7,1345.8,1340.7,1343.7,416744,1341.9547,1348.7151,1356.4267,-1,-6.9487,-6.3687,-0.5799,-1,34.0873,19.4485,32.648,41.6196,0,36.1949,30.0851,0.0149,1379.2695,1322.2205,1350.745,0.0422,0.3765,5.833,1353.5256,-1,-22332440,557021.5,0,0.5882,1,-5.9626,0.8557,1
2026-04-02 12:15:00,1343.7,1344.5,1341.1,1344.5,308087,1342.4638,1348.3319,1355.959,-1,-6.3708,-6.3691,-0.0016,-1,33.4622,18.6139,31.2469,42.6746,0,38.1395,34.9096,0.4258,1377.6035,1321.8465,1349.725,0.0413,0.4063,5.6592,1352.633,-1,-22024353,547979.6,0,0.2353,1,-5.9066,0.9157,1
2026-04-02 12:30:00,1344.6,1346.9,1343.2,1344.7,263549,1342.911,1348.0018,1355.5175,-1,-5.8294,-6.2612,0.4318,1,32.332,20.8286,29.7507,42.9521,0,55.5184,43.2843,0.8172,1375.599,1321.731,1348.665,0.0399,0.4264,5.5193,1351.7454,-1,-21760804,532665.15,0,0.027,1,-5.8926,0.9307,0
2026-04-02 12:45:00,1345.0,1345.7,1341.0,1341.5,631983,1342.6288,1347.4107,1354.9678,-1,-5.5941,-6.1278,0.5336,1,31.6188,19.5481,30.7994,39.6447,0,57.0213,50.2264,0.6905,1372.7832,1321.8368,1347.31,0.0378,0.386,5.4608,1350.7533,-1,-22392787,547908.2,0,0.7447,-1,-6.1166,0.6905,0
2026-04-02 13:00:00,1341.6,1345.2,1338.7,1341.0,893073,1342.3031,1346.8279,1354.42,-1,-5.3859,-5.9794,0.5935,1,31.2919,17.9084,31.184,39.1376,0,68.617,60.3856,0.6002,1369.5156,1322.3244,1345.92,0.0351,0.3957,5.535,1349.789,-1,-23285860,583818.0,1,0.0923,-1,-6.1516,0.653,1
2026-04-02 13:15:00,1341.4,1345.3,1340.6,1344.8,683967,1342.8024,1346.6435,1354.0428,-1,-4.8583,-5.7552,0.8969,1,30.9628,16.9408,29.272,44.9056,0,88.8298,71.4894,0.3058,1366.07,1323.45,1344.76,0.0317,0.5009,5.4754,1349.0271,-1,-22601893,604219.85,0,0.7234,1,-5.8856,0.9382,1
2026-04-02 13:30:00,1344.7,1346.3,1342.0,1345.6,518952,1343.362,1346.5487,1353.7117,-1,-4.3257,-5.4693,1.1436,1,30.3901,17.3006,27.6044,46.0645,0,93.0851,83.5106,0.3655,1363.2005,1324.4595,1343.83,0.0288,0.5457,5.3914,1347.5269,-1,-22082941,584253.25,0,0.2093,1,-5.8297,0.9983,0
2026-04-02 13:45:00,1345.7,1348.2,1343.0,1345.6,413145,1343.8096,1346.4624,1353.3936,-1,-3.8592,-5.1473,1.2881,1,29.3584,18.6293,25.6978,46.0645,0,84.8837,88.9329,0.553,1358.0334,1327.2266,1342.63,0.0229,0.5964,5.3777,1343.9537,1,-21669796,518357.8,0,0.0192,-1,-5.8297,0.9983,1
2026-04-02 14:00:00,1345.2,1352.3,1345.0,1352.3,579545,1345.5077,1346.9931,1353.3507,-1,-2.9152,-4.7009,1.7857,1,27.4327,22.1781,23.2682,55.2145,0,100.0,92.6563,1.0461,1351.9548,1331.5452,1341.75,0.0152,1.0169,5.515,1341.8579,1,-21090251,500262.25,0,0.9726,1,-5.3608,1.5012,1
2026-04-02 14:15:00,1352.1,1356.2,1352.0,1354.1,777949,1347.2261,1347.6392,1353.3801,-1,-1.9988,-4.1604,2.1617,1,26.0838,26.0894,21.9805,57.3099,0,89.1753,91.353,0.9618,1352.7848,1331.0452,1341.915,0.0162,1.0605,5.4211,1342.31,1,-20312302,516858.35,1,0.4762,1,-5.2348,1.6363,0
2026-04-02 14:30:00,1354.0,1356.9,1346.6,1347.7,951039,1347.3209,1347.6447,1353.1573,-1,-1.7686,-3.6821,1.9135,1,24.6761,22.7626,25.863,48.6028,0,54.2289,81.1347,0.2977,1353.268,1330.982,1342.125,0.0166,0.7502,5.7696,1342.7928,1,-21263341,530830.95,1,0.6117,-1,-5.6827,1.1559,1
2026-04-02 14:45:00,1348.1,1351.7,1347.3,1349.4,713524,1347.7367,1347.8043,1353.01,-1,-1.4324,-3.2321,1.7997,1,23.3689,21.5013,24.4298,50.7435,0,60.1064,67.8368,0.3644,1354.1188,1331.1912,1342.655,0.0171,0.7942,5.6718,1343.3662,1,-20549817,534764.3,0,0.2955,1,-5.5637,1.2835,1
2026-04-02 15:00:00,1349.5,1355.2,1344.1,1354.9,4605187,1349.1694,1348.4494,1353.0841,1,-0.714,-2.7285,2.0145,1,21.956,22.8137,21.2333,56.9856,0,89.3617,67.899,0.7585,1355.5958,1331.8242,1343.71,0.0177,0.9707,6.0595,1346.3276,1,-15944630,731930.45,1,0.4865,1,-5.1788,1.6963,0
2026-04-02 15:15:00,1355.4,1357.4,1347.6,1350.9,3366385,1349.5155,1348.6721,1352.9984,1,-0.4621,-2.2752,1.8131,1,21.0546,22.7734,18.884,51.8402,0,65.2406,71.5696,0.7007,1355.6905,1333.5895,1344.64,0.0164,0.7832,6.3267,1347.8109,1,-19311015,876720.05,1,0.4592,-1,-5.4587,1.3961,0
2026-04-06 09:15:00,1355.0,1355.0,1324.2,1325.5,876620,1344.7124,1346.5656,1351.9201,-1,-2.2857,-2.2773,-0.0084,-1,22.0531,16.5687,34.4384,32.0503,1,3.9157,52.8393,-1.1559,1357.2157,1331.3143,1344.265,0.0193,-0.2245,8.0748,1347.3919,-1,-20187635,908313.6,0,0.9578,-1,-7.2363,0.0,0
2026-04-06 09:30:00,1325.2,1327.8,1316.3,1317.0,1500489,1339.1699,1343.8778,1350.5507,-1,-4.3664,-2.6951,-1.6713,-1,23.577,14.9327,37.8208,28.1742,1,1.7032,23.6198,-2.0672,1360.6367,1325.5233,1343.08,0.0261,-0.2427,8.3194,1345.5449,-1,-21688124,955810.15,1,0.713,-1,-7.8312,0.0,1
2026-04-06 09:45:00,1316.8,1320.5,1316.1,1318.1,1000991,1334.9559,1341.5344,1349.2781,-1,-5.8591,-3.3279,-2.5312,-1,25.0061,14.349,36.52,29.3647,1,4.8426,3.4871,-2.0437,1362.6091,1321.2909,1341.95,0.0308,-0.0772,8.0395,1344.2974,-1,-20687133,977809.9,0,0.2955,1,-7.7542,0.0835,1
2026-04-06 10:00:00,1318.0,1323.5,1317.0,1321.9,562001,1332.3447,1339.7494,1348.2044,-1,-6.6587,-3.9941,-2.6646,-1,25.7853,16.2112,34.3817,33.4675,1,14.0436,6.8631,-1.7613,1363.5343,1318.7357,1341.135,0.0334,0.0706,7.9295,1343.7208,-1,-20125132,990028.35,0,0.6,1,-7.4883,0.3721,0
2026-04-06 10:15:00,1321.9,1322.3,1313.1,1314.5,1608991,1328.7758,1337.454,1346.8827,-1,-7.7996,-4.7552,-3.0444,-1,26.8273,14.8829,35.0379,29.8334,1,3.1603,7.3488,-2.7952,1365.1708,1314.7192,1339.945,0.0377,-0.0043,8.0203,1341.7294,-1,-21734123,1050948.9,1,0.8043,-1,-8.0062,0.0,0
2026-04-06 10:30:00,1314.5,1314.5,1307.5,1308.9,1030095,1324.8006,1334.8582,1345.3932,-1,-9.0513,-5.6144,-3.4369,-1,28.2087,13.9466,37.8667,27.408,1,2.8056,6.6698,-3.338,1366.9369,1309.7231,1338.33,0.0428,-0.0144,7.9474,1340.2541,-1,-22764218,1085115.8,0,0.8,-1,-8.3981,0.0,0
2026-04-06 10:45:00,1309.0,1310.8,1300.5,1302.5,1691359,1320.3405,1331.9166,1343.7111,-1,-10.4394,-6.5794,-3.86,-1,29.936,12.6822,40.5949,24.915,1,3.5149,3.1603,-3.3539,1368.7102,1303.8298,1336.27,0.0486,-0.0205,8.1154,1337.5725,-1,-24455577,1148846.55,0,0.6311,-1,-8.846,0.0,0
2026-04-06 11:00:00,1302.5,1302.5,1295.2,1298.3,1757611,1315.9324,1328.8605,1341.9303,-1,-11.743,-7.6121,-4.1308,-1,31.833,11.8615,42.6664,23.4102,1,4.9839,3.7682,-3.7869,1370.0962,1297.8238,1333.96,0.0542,0.0066,8.0572,1334.6999,-1,-26213188,1221322.75,0,0.5753,-1,-9.1399,0.0,1
2026-04-06 11:15:00,1298.3,1302.5,1298.0,1301.9,905088,1313.1259,1326.4095,1340.3604,-1,-12.3433,-8.5584,-3.7849,-1,33.5945,11.3729,40.9088,27.4549,1,10.7717,6.4235,-3.9117,1370.1606,1293.4794,1331.82,0.0576,0.1098,7.8031,1333.3684,-1,-25308100,1253399.7,0,0.8,1,-8.888,0.2773,0
2026-04-06 11:30:00,1301.9,1302.9,1299.1,1300.6,653354,1310.6207,1324.0632,1338.8012,-1,-12.7767,-9.402,-3.3747,-1,35.1465,11.3423,39.4317,26.9024,1,8.6817,8.1458,-3.7234,1370.1417,1289.4083,1329.775,0.0607,0.1386,7.5172,1332.2861,-1,-25961454,1254468.25,0,0.3421,-1,-8.9789,0.1772,1
2026-04-06 11:45:00,1300.5,1304.9,1300.0,1302.2,837441,1308.9366,1322.0757,1337.3659,-1,-12.843,-10.0902,-2.7528,-1,36.1577,12.7496,37.5489,28.8014,1,11.254,10.2358,-1.7578,1369.5638,1286.1062,1327.835,0.0629,0.1928,7.3302,1330.9518,-1,-25124013,1251686.65,0,0.3469,1,-8.867,0.3004,0
2026-04-06 12:00:00,1302.3,1303.2,1298.4,1298.4,749189,1306.8293,1319.9233,1335.8378,-1,-13.0517,-10.6825,-2.3692,-1,37.2137,12.1382,37.3468,27.0069,1,5.1447,8.3601,-1.4123,1368.3576,1282.6724,1325.515,0.0646,0.1836,7.1495,1329.6841,-1,-25873202,1254947.75,0,0.8125,-1,-9.1329,0.0077,0
2026-04-06 12:15:00,1298.4,1298.6,1294.8,1295.6,1285532,1304.5834,1317.7121,1334.2598,-1,-13.2899,-11.204,-2.0859,-1,38.4487,11.6614,39.601,25.7345,1,1.278,5.8922,-1.707,1366.7046,1279.3254,1323.015,0.066,0.1863,6.9102,1327.7266,-1,-27158734,1293276.75,0,0.7368,-1,-9.3289,0.0,0
2026-04-06 12:30:00,1295.6,1295.6,1290.0,1292.3,1600626,1302.1267,1315.4019,1332.6144,-1,-13.5883,-11.6808,-1.9074,-1,39.9022,10.9772,42.3069,24.2824,1,3.5385,3.3204,-2.2392,1364.7013,1275.9987,1320.35,0.0672,0.1838,6.8167,1325.3773,-1,-28759360,1352650.8,0,0.5893,-1,-9.5598,0.0,1
2026-04-06 12:45:00,1292.3,1300.8,1291.6,1300.8,1417839,1301.8614,1314.0745,1331.3667,-1,-12.9891,-11.9425,-1.0466,-1,40.1266,15.2608,38.3278,34.5295,1,28.5714,11.1293,-1.0422,1360.352,1275.198,1317.775,0.0646,0.3007,6.9869,1323.4632,-1,-27341521,1394565.5,0,0.9239,1,-8.9649,0.6577,1
2026-04-06 13:00:00,1300.7,1303.2,1296.6,1303.2,946949,1302.1291,1313.0859,1330.2622,-1,-12.1802,-11.99,-0.1902,-1,39.8549,16.6903,35.7314,37.1172,0,39.403,23.8376,-0.4355,1354.7961,1275.6639,1315.23,0.0602,0.348,6.9593,1321.8558,-1,-26394572,1403015.5,0,0.3788,1,-8.797,0.8435,0
2026-04-06 13:15:00,1302.9,1304.9,1300.6,1301.5,925832,1302.0033,1312.0326,1329.1342,-1,-11.5433,-11.9007,0.3574,1,39.2657,17.7268,34.1102,36.0309,0,34.3284,34.1009,-0.0768,1349.9467,1275.8933,1312.92,0.0564,0.3458,6.7693,1320.2427,-1,-27320404,1401755.15,0,0.3256,-1,-8.9159,0.7119,0
2026-04-06 13:30:00,1301.6,1304.5,1298.5,1298.5,1043572,1301.3026,1310.8024,1327.9329,-1,-11.152,-11.751,0.5989,1,38.9335,16.5954,34.167,34.1324,1,26.3158,33.349,0.0154,1343.8488,1276.9012,1310.375,0.0511,0.3226,6.7144,1318.7813,-1,-28363976,1418257.55,0,0.5167,-1,-9.1259,0.4798,1
2026-04-06 13:45:00,1298.5,1303.8,1298.5,1300.9,634428,1301.2221,1309.9022,1326.8728,-1,-10.527,-11.5062,0.9792,1,38.6251,15.6454,32.2111,36.9926,0,44.4898,35.0446,-0.0768,1334.3732,1280.9768,1307.675,0.0408,0.3731,6.6133,1312.1628,-1,-27729548,1219719.6,0,0.4528,1,-8.9579,0.6655,1
2026-04-06 14:00:00,1300.9,1303.9,1300.1,1303.8,814426,1301.7377,1309.3474,1325.968,-1,-9.6859,-11.1421,1.4562,1,38.3154,15.0945,30.8477,40.3626,0,66.3462,45.7172,0.246,1323.2067,1287.4333,1305.32,0.0274,0.4575,6.4124,1305.6716,-1,-26915122,1092121.65,0,0.7632,1,-8.755,0.8899,0
2026-04-06 14:15:00,1303.8,1305.0,1301.3,1301.7,1035096,1301.7301,1308.6522,1325.0163,-1,-9.0841,-10.7305,1.6464,1,37.76,15.7165,29.5367,38.7465,0,78.0,62.9453,-0.0384,1319.4742,1288.7858,1304.13,0.0235,0.4208,6.2186,1304.3656,-1,-27950218,1100045.45,0,0.5676,-1,-8.902,0.7274,1
2026-04-06 14:30:00,1301.7,1304.6,1301.5,1303.4,903805,1302.0641,1308.1747,1324.1686,-1,-8.3735,-10.2591,1.8856,1,37.2442,15.1361,28.4459,40.8125,0,89.3333,77.8932,0.3851,1317.6124,1289.2876,1303.45,0.0217,0.4982,5.9959,1303.1933,1,-27046413,1070211.25,0,0.5484,1,-8.783,0.8589,0
2026-04-06 14:45:00,1303.8,1305.0,1302.0,1303.4,1016118,1302.3313,1307.7407,1323.3541,-1,-7.7213,-9.7516,2.0302,1,36.6568,15.0693,27.3916,40.8125,0,89.3333,85.5556,0.602,1315.1845,1290.2455,1302.715,0.0191,0.5275,5.7819,1302.5034,1,-26030295,1070967.6,0,0.1333,-1,-8.783,0.8589,1
2026-04-06 15:00:00,1303.2,1307.0,1302.0,1306.4,2061727,1303.145,1307.6188,1322.6893,-1,-6.883,-9.1778,2.2948,1,35.5679,16.6242,25.6832,44.6344,0,96.4706,91.7124,1.0911,1311.0058,1292.8742,1301.94,0.0139,0.746,5.726,1302.2913,1,-23968568,1145953.9,1,0.64,1,-8.573,1.0911,0
2026-04-06 15:15:00,1306.5,1306.6,1304.4,1306.0,1698859,1303.716,1307.4716,1322.0348,-1,-6.1797,-8.5782,2.3985,1,34.5568,16.147,24.9459,44.2244,0,94.1176,93.3072,0.3998,1308.8097,1294.2203,1301.515,0.0112,0.8074,5.4742,1301.5376,1,-25667427,1150447.3,0,0.2273,-1,-8.601,1.0601,0
2026-04-07 09:15:00,1297.6,1301.4,1292.6,1298.3,845022,1302.6328,1306.6378,1321.104,-1,-6.1725,-8.0971,1.9246,1,35.2318,13.5884,34.9469,37.1492,0,48.8235,79.8039,-0.376,1307.5614,1294.4086,1300.985,0.0101,0.2959,6.0403,1300.9902,-1,-26512449,1141193.65,0,0.0795,1,-9.1399,0.4643,0
2026-04-07 09:30:00,1298.3,1298.6,1291.5,1292.3,734989,1300.5663,1305.3344,1319.9744,-1,-6.5752,-7.7927,1.2175,1,35.9707,12.4616,33.3337,32.7522,1,13.5294,52.1569,-0.7069,1308.0139,1292.9361,1300.475,0.0116,-0.0422,6.116,1300.4805,-1,-27247438,1093375.15,0,0.8451,-1,-9.5598,0.0,1
2026-04-07 09:45:00,1292.3,1296.7,1292.3,1296.5,685508,1299.753,1304.5313,1319.0539,-1,-6.4807,-7.5303,1.0496,1,36.6569,11.8082,31.5858,38.2609,0,32.2581,31.537,-0.154,1308.0673,1292.7027,1300.385,0.0118,0.2471,5.9934,1300.4587,-1,-26561930,1039770.0,0,0.9545,1,-9.2659,0.325,1
2026-04-07 10:00:00,1296.7,1298.4,1295.6,1298.4,819751,1299.4824,1303.9739,1318.2439,-1,-6.1812,-7.2605,1.0793,1,36.7962,13.5047,30.4901,40.6303,0,44.5161,30.1012,-0.1922,1307.9057,1292.5143,1300.21,0.0118,0.3824,5.7653,1300.3253,-1,-25742179,1035503.15,0,0.6071,1,-9.1329,0.472,1
2026-04-07 10:15:00,1298.4,1300.5,1297.4,1298.9,570031,1299.3659,1303.5126,1317.4853,-1,-5.8363,-6.9756,1.1394,1,36.3328,15.6589,29.279,41.269,0,47.7419,41.5054,-0.3758,1307.8391,1292.4109,1300.125,0.0119,0.4206,5.5749,1300.2697,-1,-25172148,1031337.0,0,0.1613,1,-9.0979,0.5107,0
2026-04-07 10:30:00,1299.0,1299.0,1295.8,1297.3,392850,1298.9527,1302.9478,1316.6937,-1,-5.6271,-6.7059,1.0788,1,36.1356,14.9968,30.1553,39.7936,0,37.4194,43.2258,-0.338,1307.6261,1292.1339,1299.88,0.0119,0.3335,5.4053,1300.1262,-1,-25564998,1009107.45,0,0.5312,-1,-9.2099,0.3869,0
2026-04-07 10:45:00,1297.3,1298.2,1292.6,1293.4,548580,1297.8422,1302.0799,1315.7803,-1,-5.7103,-6.5068,0.7965,1,36.3872,13.8898,32.1473,36.3795,0,12.2581,32.4731,-0.7672,1307.8588,1291.4012,1299.63,0.0127,0.1214,5.4192,1299.9828,-1,-26113578,999077.0,0,0.6964,-1,-9.4828,0.0851,0
2026-04-07 11:00:00,1293.3,1295.4,1291.1,1293.1,1013213,1296.8938,1301.2635,1314.8908,-1,-5.7343,-6.3523,0.618,1,36.8114,13.0908,32.3047,36.1227,0,12.5786,20.752,-0.7902,1308.0449,1290.9651,1299.505,0.0131,0.125,5.3393,1299.8722,-1,-27126791,985461.05,0,0.0465,-1,-9.5038,0.0619,1
2026-04-07 11:15:00,1293.0,1295.0,1291.5,1294.8,1059269,1296.475,1300.6759,1314.103,-1,-5.5521,-6.1923,0.6402,1,37.2052,12.4624,30.7539,38.7602,0,23.2704,16.0357,-0.8879,1307.81,1291.45,1299.63,0.0126,0.2048,5.2079,1300.1393,-1,-26067522,958393.2,0,0.5143,1,-9.3848,0.1935,0
2026-04-07 11:30:00,1294.8,1295.4,1293.1,1293.2,373011,1295.82,1299.9963,1313.2832,-1,-5.4737,-6.0485,0.5748,1,37.4338,12.6244,29.7435,37.2032,0,13.2075,16.3522,-0.9801,1307.8715,1290.6285,1299.25,0.0133,0.1491,5.0002,1300.1991,-1,-26440533,906151.8,0,0.6957,-1,-9.4968,0.0696,1
2026-04-07 11:45:00,1293.1,1295.8,1292.5,1295.3,385307,1295.716,1299.5693,1312.578,-1,-5.1824,-5.8753,0.6929,1,37.7369,12.0144,29.1849,40.577,0,26.4151,20.9644,-0.2311,1307.4402,1290.2698,1298.855,0.0132,0.293,4.8787,1300.0316,-1,-26055226,878069.7,0,0.6667,1,-9.3498,0.2321,1
2026-04-07 12:00:00,1295.3,1295.7,1293.5,1295.4,1971514,1295.6528,1299.1903,1311.9044,-1,-4.8872,-5.6777,0.7905,1,38.0183,11.6116,28.2065,40.7403,0,27.044,22.2222,0.2399,1307.171,1289.929,1298.55,0.0133,0.3173,4.6874,1299.3698,-1,-24083712,930353.8,1,0.0455,1,-9.3429,0.2399,0
2026-04-07 12:15:00,1294.9,1295.5,1293.2,1294.4,287535,1295.4022,1298.7548,1311.2179,-1,-4.6799,-5.4781,0.7982,1,38.3305,11.1893,27.655,39.5695,0,21.2903,24.9165,-0.162,1307.154,1289.536,1298.345,0.0136,0.2761,4.5169,1299.2231,-1,-24371247,892551.95,0,0.2174,-1,-9.4128,0.1625,1
2026-04-07 12:30:00,1294.4,1298.5,1293.6,1297.8,673877,1295.8818,1298.668,1310.6917,-1,-4.193,-5.2211,1.0281,1,37.4382,15.043,25.525,45.3231,0,65.0485,37.7943,-0.0462,1306.9224,1289.4576,1298.19,0.0135,0.4777,4.5442,1299.0602,-1,-23697370,894524.4,0,0.6939,1,-9.1749,0.4256,0
2026-04-07 12:45:00,1297.8,1299.0,1295.2,1295.4,749947,1295.7854,1298.3709,1310.0921,-1,-3.9552,-4.9679,1.0128,1,36.4259,14.9291,23.9823,42.2641,0,45.7447,44.0278,-0.2695,1306.185,1289.355,1297.77,0.013,0.3592,4.4911,1298.7922,-1,-24447317,891300.45,0,0.6316,-1,-9.3429,0.2399,0
2026-04-07 13:00:00,1295.5,1296.5,1292.3,1294.6,976118,1295.5483,1298.0281,1309.4845,-1,-3.7876,-4.7319,0.9443,1,36.1064,13.9272,27.0066,41.2644,0,37.234,49.3424,-0.2081,1305.7354,1289.0946,1297.415,0.0128,0.3308,4.4703,1298.3288,-1,-25423435,888351.55,0,0.2143,-1,-9.3988,0.178,0
2026-04-07 13:15:00,1294.6,1297.9,1293.5,1294.0,621994,1295.2387,1297.6619,1308.8773,-1,-3.661,-4.5177,0.8567,1,35.2858,15.1865,25.1058,40.4908,0,30.8511,37.9433,0.0464,1304.9146,1288.9754,1296.945,0.0123,0.3152,4.4653,1297.9651,-1,-26045429,874261.0,0,0.1364,-1,-9.4408,0.1315,1
2026-04-07 13:30:00,1293.9,1299.8,1293.9,1298.2,674305,1295.8309,1297.7108,1308.4586,-1,-3.185,-4.2511,1.0661,1,33.8551,16.7565,22.7895,47.8597,0,75.5319,47.8723,0.3944,1304.1164,1289.2536,1296.685,0.0115,0.6019,4.5678,1297.6128,1,-25371124,857170.35,0,0.7288,1,-9.1469,0.4566,0
2026-04-07 13:45:00,1298.2,1304.0,1296.4,1296.9,1581695,1296.0448,1297.6371,1308.0053,-1,-2.8795,-3.9768,1.0973,1,31.5962,21.1257,20.2037,45.9626,0,44.9612,50.4481,0.1622,1302.1645,1290.2555,1296.21,0.0092,0.5579,4.7843,1296.8235,1,-26952819,833168.75,1,0.1711,-1,-9.2379,0.356,1
2026-04-07 14:00:00,1297.4,1300.0,1297.0,1298.6,790017,1296.5558,1297.7247,1307.6365,-1,-2.4718,-3.6758,1.2041,1,29.4987,20.1227,19.2445,48.8197,0,58.1395,59.5442,0.4176,1299.9487,1291.7313,1295.84,0.0063,0.8359,4.664,1295.9557,1,-26162802,787726.65,0,0.4,1,-9.1189,0.4875,0
2026-04-07 14:15:00,1298.9,1299.6,1294.3,1295.6,753841,1296.3646,1297.5315,1307.1644,-1,-2.3634,-3.4133,1.0499,1,27.9743,18.5051,21.7926,44.3621,0,34.8837,45.9948,0.0232,1299.6559,1291.7541,1295.705,0.0061,0.4867,4.7095,1295.9021,-1,-26916643,783167.6,0,0.6226,-1,-9.3289,0.2554,1
2026-04-07 14:30:00,1295.6,1298.0,1294.2,1297.0,966927,1296.4917,1297.4832,1306.7658,-1,-2.1399,-3.1587,1.0187,1,26.5854,17.4237,20.6728,46.8032,0,44.0,45.6744,0.1235,1299.6014,1292.2786,1295.94,0.0057,0.6448,4.6445,1296.0142,1,-25949716,794764.5,0,0.3684,1,-9.2309,0.3637,1
2026-04-07 14:45:00,1297.1,1301.9,1296.6,1300.6,1603629,1297.3134,1297.7665,1306.524,-1,-1.6533,-2.8576,1.2043,1,25.201,21.9557,19.0046,52.5663,0,70.9402,49.9413,0.479,1300.3304,1291.9596,1296.145,0.0065,1.0322,4.6913,1296.4003,1,-24346087,840670.55,1,0.6604,1,-8.9789,0.6423,1
2026-04-07 15:00:00,1300.6,1307.9,1299.4,1303.9,5413785,1298.6307,1298.3241,1306.4211,1,-0.9899,-2.484,1.4941,1,25.1993,27.9046,16.6799,57.1491,0,74.359,63.0997,0.47,1301.7329,1291.1071,1296.42,0.0082,1.204,4.9634,1298.2139,1,-18932302,1070372.25,1,0.3882,1,-8.748,0.8976,1
2026-04-07 15:15:00,1304.8,1308.0,1301.6,1306.5,2829756,1300.2046,1299.0674,1306.4242,1,-0.2515,-2.0375,1.7861,1,25.2161,25.5276,15.1747,60.3957,0,90.4459,78.5817,0.8569,1303.6367,1289.9633,1296.8,0.0105,1.2094,5.066,1299.0518,1,-16102546,1183358.5,1,0.2656,1,-8.566,1.0988,1
2026-04-08 09:15:00,1345.0,1345.0,1327.5,1341.1,1363778,1308.3836,1302.8885,1307.7841,1,3.0901,-1.012,4.1021,1,28.3203,51.5648,9.5764,81.0126,-1,92.5996,85.8015,3.5918,1319.484,1278.496,1298.99,0.0316,1.5274,7.4541,1301.2272,1,-14738768,1231904.9,0,0.2229,-1,-6.1446,3.7762,0
2026-04-08 09:30:00,1341.1,1342.6,1337.1,1338.2,1152996,1314.3469,1306.0987,1308.9768,1,5.4415,0.2787,5.1628,1,31.2028,48.7953,9.0621,77.3768,-1,87.0968,90.0474,3.4158,1327.7096,1274.7504,1301.23,0.0407,1.1981,7.3145,1303.1074,1,-15891764,1262125.7,0,0.5273,-1,-6.3475,3.5518,1
2026-04-08 09:45:00,1338.4,1341.0,1337.0,1339.1,805733,1319.2975,1309.0988,1310.1581,1,7.2936,1.6817,5.6119,1,33.8574,46.8256,8.7972,77.7111,-1,88.8046,89.5003,3.1505,1334.4107,1272.6493,1303.53,0.0474,1.0759,7.0778,1304.6646,1,-15086031,1251751.7,0,0.175,1,-6.2846,3.6215,1
2026-04-08 10:00:00,1339.1,1345.2,1338.7,1342.1,765410,1323.858,1312.0989,1311.4108,1,8.9009,3.1255,5.7753,1,36.4939,47.9994,8.2167,78.8339,-1,94.1399,90.0137,3.4852,1340.7308,1271.0592,1305.895,0.0534,1.0197,7.0365,1306.2862,1,-14320621,1237058.75,0,0.4615,1,-6.0746,3.8536,0
2026-04-08 10:15:00,1342.1,1343.7,1340.1,1341.6,723862,1327.4064,1314.7808,1312.5947,1,10.0188,4.5042,5.5146,1,38.942,46.1819,7.9056,78.1275,-1,93.0368,91.9937,3.3113,1345.9028,1270.7272,1308.315,0.0575,0.9428,6.7911,1307.4948,1,-15044483,1254601.3,0,0.1389,-1,-6.1096,3.8149,1
2026-04-08 10:30:00,1341.7,1344.0,1341.2,1343.6,454042,1330.6451,1317.4007,1313.8106,1,10.94,5.7913,5.1487,1,41.2283,45.0916,7.6626,78.9404,-1,96.8811,94.6859,3.7048,1350.788,1270.672,1310.73,0.0611,0.9103,6.506,1308.3328,1,-14590441,1258038.05,0,0.6786,1,-5.9696,3.9697,1
2026-04-08 10:45:00,1343.8,1347.0,1339.4,1344.9,1063622,1333.4961,1319.9007,1315.0297,1,11.6408,6.9612,4.6796,1,43.482,44.6284,7.0308,79.4744,-1,96.0227,95.3135,3.6931,1355.2366,1271.1734,1313.205,0.064,0.877,6.5841,1310.9815,1,-13526819,1212643.45,0,0.1447,1,-5.8786,4.0703,1
2026-04-08 11:00:00,1345.0,1348.3,1344.1,1347.0,907483,1336.1969,1322.3643,1316.2835,1,12.2247,8.0139,4.2108,1,45.6302,43.9887,6.7019,80.3416,-1,97.597,96.8336,3.5676,1359.3859,1272.2841,1315.835,0.0662,0.8578,6.4138,1312.4682,1,-12619336,1243640.85,0,0.4762,1,-5.7317,4.2328,0
2026-04-08 11:15:00,1347.1,1348.5,1343.0,1344.7,1124134,1337.8975,1324.3948,1317.3979,1,12.3595,8.883,3.4764,1,47.3106,41.2666,7.5248,76.5281,-1,93.0018,95.5405,3.1291,1362.6353,1273.7247,1318.18,0.0674,0.7983,6.3486,1314.3515,1,-13743470,1266153.7,0,0.4364,-1,-5.8926,4.0548,1
2026-04-08 11:30:00,1344.8,1348.1,1343.1,1347.6,639440,1339.838,1326.5043,1318.5823,1,12.5555,9.6175,2.9379,1,48.8709,38.9094,7.095,77.9493,-1,98.3425,96.3138,3.1458,1365.716,1275.864,1320.79,0.068,0.7984,6.2522,1315.6909,1,-13104030,1260628.35,0,0.56,1,-5.6236,4.2792,0
2026-04-08 11:45:00,1347.6,1348.7,1342.3,1342.8,648859,1340.4304,1327.9858,1319.532,1,12.1831,10.1306,2.0524,1,50.0667,36.0692,7.4895,70.356,-1,88.6756,93.34,0.1268,1367.4133,1278.9867,1323.2,0.0668,0.7217,6.2628,1317.2772,1,-13752889,1244265.4,0,0.75,-1,-5.9269,3.9078,1
2026-04-08 12:00:00,1342.9,1346.0,1341.9,1345.0,475994,1341.3443,1329.5325,1320.5307,1,11.928,10.4901,1.4379,1,51.0451,34.3399,7.5982,71.7159,-1,92.4949,93.171,0.5081,1368.8003,1282.6997,1325.75,0.0649,0.7236,6.1083,1318.3539,1,-13276895,1236965.4,0,0.5122,1,-5.7727,4.078,0
2026-04-08 12:15:00,1345.0,1345.5,1344.3,1344.3,224281,1341.9355,1330.875,1321.4628,1,11.5363,10.6993,0.837,1,51.9536,33.8287,7.4851,70.606,-1,90.6582,90.6096,0.3883,1369.8772,1286.2328,1328.055,0.063,0.6942,5.7577,1319.1817,1,-13501176,1214464.2,0,0.5833,-1,-5.8218,4.0238,0
2026-04-08 12:30:00,1344.5,1344.5,1340.0,1342.2,498080,1341.9884,1331.9046,1322.2761,1,10.9305,10.7456,0.1849,1,51.3693,31.9103,12.4796,67.2437,-1,69.3396,84.1642,0.0075,1369.9995,1290.6405,1330.32,0.0597,0.6497,5.6679,1321.0452,1,-13999256,1160283.45,0,0.5111,-1,-5.9689,3.8613,0
2026-04-08 12:45:00,1342.2,1342.3,1340.5,1340.8,381897,1341.7507,1332.7132,1323.0025,1,10.2196,10.6404,-0.4208,-1,50.8267,31.1493,12.182,65.0207,-1,32.4786,64.1588,-0.0596,1369.5432,1295.3168,1332.43,0.0557,0.6128,5.3916,1322.1629,1,-14381153,1139877.45,0,0.7778,-1,-6.067,3.753,1
2026-04-08 13:00:00,1341.0,1344.0,1339.5,1343.5,708166,1342.1006,1333.6938,1323.8063,1,9.7615,10.4646,-0.7031,-1,50.5357,31.5492,11.4471,67.2681,-1,55.5556,52.4579,-0.0074,1368.1066,1301.5434,1334.825,0.0499,0.6303,5.3279,1323.641,1,-13672987,1137593.7,0,0.5556,1,-5.8778,3.9619,1
2026-04-08 13:15:00,1343.3,1349.9,1343.2,1349.4,628332,1343.5604,1335.1217,1324.81,1,9.7621,10.3241,-0.562,-1,50.8944,36.5335,10.4374,71.5671,-1,95.5357,61.19,0.3346,1366.3681,1308.5219,1337.445,0.0433,0.7067,5.4259,1325.4851,1,-13044655,1120663.95,0,0.9104,1,-5.4645,4.4185,0
2026-04-08 13:30:00,1349.1,1350.0,1346.1,1346.1,735704,1344.0684,1336.1197,1325.6449,1,9.388,10.1369,-0.7489,-1,51.2371,34.7537,9.8906,66.3204,-1,63.2075,71.4329,-0.0668,1363.3698,1316.0702,1339.72,0.0353,0.6349,5.3169,1328.1526,1,-13780359,1077267.7,0,0.7692,-1,-5.6957,4.1631,1
2026-04-08 13:45:00,1346.2,1347.9,1344.3,1346.6,467371,1344.5747,1337.0725,1326.4667,1,9.0278,9.9151,-0.8872,-1,50.9423,33.0332,11.8762,66.7185,-1,67.9245,75.5559,0.1413,1358.9995,1324.7105,1341.855,0.0256,0.6384,5.1943,1336.6271,1,-13312988,829947.0,0,0.1111,1,-5.6606,4.2018,0
2026-04-08 14:00:00,1346.7,1346.9,1344.2,1344.4,385189,1344.5397,1337.7386,1327.1699,1,8.4672,9.6255,-1.1583,-1,50.6341,31.7632,11.562,63.1796,0,47.1698,59.434,-0.2375,1349.3061,1338.1939,1343.75,0.0083,0.5585,5.0161,1343.1091,1,-13698177,707718.65,0,0.8519,-1,-5.8148,4.0316,1
2026-04-08 14:15:00,1344.5,1349.2,1343.4,1349.0,1039157,1345.4318,1338.7624,1328.026,1,8.2985,9.3601,-1.0616,-1,50.6349,32.4078,10.6176,67.1081,-1,90.4762,68.5235,0.4617,1350.0062,1338.2838,1344.145,0.0087,0.9142,5.0721,1343.9334,1,-12659020,691487.6,1,0.7759,1,-5.4925,4.3875,1
2026-04-08 14:30:00,1348.8,1349.6,1347.5,1349.6,485715,1346.2654,1339.7476,1328.8721,1,8.1196,9.112,-0.9924,-1,50.6846,31.9954,10.2899,67.5938,-1,96.1905,77.9455,0.342,1350.3663,1339.0637,1344.715,0.0084,0.9322,4.8598,1344.5226,1,-12173305,658123.55,0,0.381,1,-5.4505,4.434,0
2026-04-08 14:45:00,1349.6,1350.6,1347.2,1348.1,798340,1346.6324,1340.5069,1329.6261,1,7.7672,8.8431,-1.0758,-1,50.8562,31.8635,9.7644,65.0094,-1,77.4775,88.048,0.2827,1350.372,1339.958,1345.165,0.0077,0.7818,4.7555,1345.1082,1,-12971645,657753.9,0,0.4412,-1,-5.5556,4.3179,0
2026-04-08 15:00:00,1348.1,1348.8,1345.0,1348.0,1047024,1346.9059,1341.1881,1330.3466,1,7.3947,8.5534,-1.1587,-1,50.1544,30.0184,12.5515,64.8315,0,76.5766,83.4148,0.4321,1350.6072,1340.3128,1345.46,0.0077,0.7467,4.6873,1345.4535,1,-14018669,671834.6,1,0.0263,-1,-5.5626,4.3101,1
2026-04-08 15:15:00,1348.1,1349.5,1347.0,1349.2,1097871,1347.3647,1341.9165,1331.086,1,7.1143,8.2656,-1.1513,-1,49.6134,29.9388,12.0569,66.0331,-1,87.3874,80.4805,0.6265,1350.9128,1340.7672,1345.84,0.0075,0.8312,4.5311,1345.8925,1,-12920798,690535.05,1,0.44,1,-5.4785,4.403,0
2026-04-09 09:15:00,1345.1,1350.0,1338.3,1349.2,720581,1347.7318,1342.5786,1331.7963,1,6.8135,7.9751,-1.1617,-1,46.4612,24.9776,22.3812,66.0331,-1,88.6179,84.194,0.4243,1351.2847,1340.9553,1346.12,0.0077,0.7982,5.0431,1345.9849,1,-12200217,703862.0,0,0.3504,1,-5.4785,4.403,0
2026-04-09 09:30:00,1349.2,1349.2,1342.1,1342.1,489918,1346.6054,1342.5351,1332.2004,1,5.9338,7.5669,-1.6331,-1,43.5341,22.5369,20.1942,53.4916,0,30.8943,68.9665,-0.541,1351.4142,1340.5458,1345.98,0.0081,0.143,5.19,1346.1045,-1,-12690135,675176.8,0,1.0,-1,-5.9759,3.8536,0
2026-04-09 09:45:00,1342.7,1343.5,1335.6,1336.7,586710,1344.6243,1342.0046,1332.3769,1,4.7462,7.0027,-2.2565,-1,41.4191,20.1747,26.7016,46.2904,0,7.3333,42.2818,-0.6983,1352.2093,1338.7207,1345.465,0.01,-0.1498,5.3836,1345.7456,-1,-13276845,659138.15,0,0.7595,-1,-6.3542,3.4357,0
2026-04-09 10:00:00,1336.7,1338.1,1334.0,1336.7,426990,1343.0395,1341.5224,1332.5464,1,3.7616,6.3545,-2.5929,-1,39.7411,19.0582,27.3835,46.2904,0,16.2651,18.1642,-0.7352,1352.817,1337.313,1345.065,0.0115,-0.0395,5.2919,1345.4525,-1,-12849855,624280.95,0,0.0,1,-6.3542,3.4357,1
2026-04-09 10:15:00,1336.7,1339.0,1335.3,1337.1,340176,1341.8516,1341.1204,1332.725,1,2.9793,5.6795,-2.7002,-1,37.9521,19.327,25.9859,46.9045,0,18.6747,14.091,-0.543,1352.9301,1336.1499,1344.54,0.0125,0.0566,5.1782,1345.1776,-1,-12509679,609317.75,0,0.1081,1,-6.3262,3.4667,0
2026-04-09 10:30:00,1337.1,1338.5,1331.6,1332.3,516830,1339.9413,1340.3185,1332.7083,-1,1.9495,4.9335,-2.984,-1,36.9501,17.5301,28.5554,40.8665,0,3.6842,12.8747,-1.238,1353.9472,1334.0828,1344.015,0.0148,-0.0897,5.3012,1344.7352,-1,-13026509,602716.3,0,0.6957,-1,-6.6625,3.0953,1
2026-04-09 10:45:00,1332.3,1336.5,1331.5,1334.7,341640,1338.893,1339.8077,1332.7864,-1,1.3119,4.2092,-2.8972,-1,36.0366,16.3443,26.7591,44.6997,0,16.7539,13.0376,-1.104,1354.212,1332.788,1343.5,0.0159,0.0892,5.2797,1344.4515,-1,-12684869,595998.6,0,0.48,1,-6.4943,3.281,1
2026-04-09 11:00:00,1334.9,1338.0,1334.7,1337.0,605184,1338.5144,1339.5525,1332.9516,-1,0.9809,3.5635,-2.5826,-1,34.7605,17.6797,25.5315,48.1673,0,28.7958,16.4113,-0.8234,1354.2046,1332.0654,1343.135,0.0165,0.2229,5.1383,1344.0591,-1,-12079685,615043.75,0,0.6364,1,-6.3332,3.4589,1
2026-04-09 11:15:00,1337.0,1339.0,1334.7,1338.3,464268,1338.4715,1339.4386,1333.1614,-1,0.8141,3.0136,-2.1995,-1,33.2929,18.017,23.9874,50.0729,0,35.6021,27.0506,-0.7196,1354.2044,1331.6756,1342.94,0.0168,0.294,5.0784,1343.8787,-1,-11615417,613353.15,0,0.3023,1,-6.2421,3.5595,0
2026-04-09 11:30:00,1338.3,1339.3,1335.2,1336.5,337695,1338.0772,1339.1715,1333.2923,-1,0.5306,2.517,-1.9865,-1,31.8428,17.3913,22.5848,47.4705,0,26.178,30.192,-0.9413,1354.3043,1331.1457,1342.725,0.0172,0.2312,5.0085,1343.7723,-1,-11953112,611143.05,0,0.439,-1,-6.3682,3.4203,1
2026-04-09 11:45:00,1336.7,1339.0,1335.5,1338.4,339623,1338.1418,1339.1013,1333.4926,-1,0.4539,2.1044,-1.6505,-1,30.4963,16.5041,21.4327,50.4008,0,36.1257,32.6353,-0.8005,1354.1935,1330.7465,1342.47,0.0175,0.3264,4.9008,1343.6824,-1,-11613489,592715.9,0,0.4857,1,-6.2351,3.5673,0
2026-04-09 12:00:00,1338.7,1339.6,1336.0,1336.8,404946,1337.8734,1338.8921,1333.6223,-1,0.2611,1.7357,-1.4747,-1,29.0504,16.5128,20.2864,47.9739,0,28.6486,30.3174,-0.3949,1353.3586,1330.3214,1341.84,0.0172,0.2812,4.8079,1343.2598,-1,-12018435,581546.6,0,0.5278,-1,-6.3472,3.4435,0
2026-04-09 12:15:00,1336.7,1337.5,1336.0,1336.3,194113,1337.5587,1338.6565,1333.7273,-1,0.0671,1.402,-1.3349,-1,27.7078,16.1258,19.8109,47.2088,0,25.9459,30.2401,-0.0299,1352.9356,1329.7644,1341.35,0.0173,0.2821,4.5716,1342.8685,-1,-12212548,554467.05,0,0.2667,-1,-6.3822,3.4048,0
2026-04-09 12:30:00,1336.5,1337.6,1334.5,1335.4,283048,1337.127,1338.3604,1333.7929,-1,-0.1574,1.0901,-1.2475,-1,26.8818,15.3264,21.2276,45.7932,0,21.0811,25.2252,-0.0973,1352.3891,1329.1909,1340.79,0.0173,0.2677,4.4665,1342.5403,-1,-12495596,545250.9,0,0.3548,-1,-6.4453,3.3351,0
2026-04-09 12:45:00,1335.4,1335.6,1333.0,1334.5,310816,1336.6016,1338.0095,1333.8206,-1,-0.4033,0.7914,-1.1948,-1,26.5102,14.6695,22.7904,44.3607,0,16.9492,21.3254,-0.1945,1352.0791,1328.5109,1340.295,0.0176,0.2541,4.3331,1342.2123,-1,-12806412,541532.25,0,0.3462,-1,-6.5083,3.2655,0
2026-04-09 13:00:00,1334.7,1335.4,1333.5,1334.5,237851,1336.1813,1337.6904,1333.8473,-1,-0.5914,0.5149,-1.1063,-1,26.1651,14.1909,22.0468,44.3607,0,25.0,21.0101,0.1651,1350.898,1328.242,1339.57,0.0169,0.2762,4.1594,1341.5118,-1,-12568561,501466.95,0,0.1053,-1,-6.5083,3.2655,0
2026-04-09 13:15:00,1334.4,1335.3,1332.5,1332.8,383040,1335.505,1337.2459,1333.8062,-1,-0.8676,0.2384,-1.106,-1,26.1163,13.4922,22.7197,41.5157,0,16.0494,19.3328,-0.1424,1349.4327,1328.0273,1338.73,0.016,0.223,4.0623,1340.8424,-1,-12951601,496333.2,0,0.5714,-1,-6.6274,3.1339,0
2026-04-09 13:30:00,1332.7,1334.9,1332.0,1332.3,377605,1334.864,1336.7962,1333.7471,-1,-1.114,-0.0321,-1.0819,-1,26.2066,12.7898,22.4345,40.6892,0,9.8765,16.9753,-0.3515,1348.0771,1327.8029,1337.94,0.0152,0.2218,3.9792,1339.8793,-1,-13329206,475296.45,0,0.1379,-1,-6.6625,3.0953,1
2026-04-09 13:45:00,1332.4,1334.9,1332.1,1333.5,448478,1334.5912,1336.4966,1333.7375,-1,-1.1986,-0.2654,-0.9332,-1,26.2905,12.1331,21.2826,43.5918,0,24.6914,16.8724,-0.3587,1346.3998,1328.0302,1337.215,0.0137,0.2978,3.895,1338.6897,-1,-12880728,445369.15,0,0.3929,1,-6.5784,3.1881,0
2026-04-09 14:00:00,1333.6,1335.3,1332.5,1332.6,399945,1334.193,1336.1423,1333.6928,-1,-1.3231,-0.4769,-0.8461,-1,26.1583,12.2459,20.1674,41.9342,0,13.5802,16.0494,-0.2918,1343.9439,1328.8261,1336.385,0.0113,0.2496,3.8168,1337.1144,-1,-13280673,410472.85,0,0.3571,-1,-6.6414,3.1185,0
2026-04-09 14:15:00,1332.6,1332.6,1328.1,1329.2,616716,1333.1944,1335.5112,1333.5167,-1,-1.6767,-0.7169,-0.9598,-1,27.1948,11.2276,26.6208,36.3161,0,9.5652,15.9456,-0.6874,1340.9183,1329.8517,1335.385,0.0083,-0.0589,3.8656,1335.7955,-1,-13897389,405279.6,1,0.7556,-1,-6.8796,2.8554,0
2026-04-09 14:30:00,1329.2,1330.3,1327.6,1328.8,739652,1332.3155,1334.9011,1333.3317,-1,-1.9666,-0.9668,-0.9998,-1,28.2659,10.6552,26.2076,35.71,0,10.0,11.0485,-0.5984,1340.0588,1329.3812,1334.72,0.008,-0.0544,3.7823,1334.6766,-1,-14637041,417766.3,1,0.1481,-1,-6.9077,2.8244,1
2026-04-09 14:45:00,1328.8,1332.0,1328.2,1329.3,1216359,1331.7124,1334.3919,1333.1736,-1,-2.1314,-1.1998,-0.9317,-1,28.3896,13.1001,24.3276,37.1227,0,14.1667,11.244,-0.5238,1340.0986,1328.6014,1334.35,0.0086,0.0608,3.7836,1333.7647,-1,-13420682,449248.75,1,0.1316,1,-6.8726,2.8631,1
2026-04-09 15:00:00,1329.2,1337.0,1326.7,1330.7,7063360,1331.5099,1334.0563,1333.0766,-1,-2.1246,-1.3847,-0.7399,-1,26.5212,19.2371,20.1153,41.0302,0,31.0078,18.3915,-0.352,1339.902,1328.198,1334.05,0.0088,0.2138,4.2491,1332.6572,-1,-6357322,781067.25,1,0.1456,1,-6.7746,2.9714,0
2026-04-09 15:15:00,1330.9,1330.9,1327.3,1329.1,2242139,1331.0279,1333.6057,1332.9206,-1,-2.2226,-1.5523,-0.6703,-1,24.7862,18.0601,18.8845,38.1149,0,18.6047,21.2597,-0.4046,1339.7036,1327.5964,1333.65,0.0091,0.1242,4.2027,1332.1152,-1,-8599461,876165.4,1,0.5,-1,-6.8866,2.8476,1
2026-04-10 09:15:00,1336.5,1344.5,1333.1,1340.0,532681,1332.8223,1334.187,1333.1983,-1,-1.4046,-1.5228,0.1181,1,25.7959,33.5077,14.732,59.3201,0,74.7191,41.4438,0.4121,1340.6496,1327.4204,1334.035,0.0099,0.9509,5.0025,1332.2709,1,-8066780,876957.95,0,0.307,1,-6.123,3.6911,1
2026-04-10 09:30:00,1340.1,1342.4,1339.9,1342.4,669742,1334.7379,1334.9336,1333.5591,-1,-0.5563,-1.3295,0.7732,1,26.7335,32.2673,14.1866,62.377,0,88.2022,60.5087,0.7203,1341.9742,1326.8658,1334.42,0.0113,1.0282,4.8238,1332.5818,1,-7397038,893363.05,0,0.92,1,-5.9549,3.8768,1
2026-04-10 09:45:00,1342.5,1350.8,1342.4,1347.5,2332629,1337.2903,1336.076,1334.1058,1,0.5216,-0.9593,1.4808,1,28.5805,40.2685,12.5108,67.8975,-1,86.3071,83.0761,1.1409,1344.371,1325.519,1334.945,0.0141,1.166,5.0792,1334.1632,1,-5064409,979735.3,1,0.5952,1,-5.5976,4.2715,1
2026-04-10 10:00:00,1347.9,1348.0,1343.7,1347.6,511387,1339.3522,1337.1237,1334.635,1,1.3681,-0.4938,1.8619,1,30.2956,37.8064,11.7459,67.9967,-1,86.722,87.0771,1.0574,1346.2619,1324.5581,1335.41,0.0163,1.0617,5.0235,1334.4078,1,-4553022,982091.25,0,0.0698,-1,-5.5906,4.2792,0
2026-04-10 10:15:00,1347.6,1348.5,1345.6,1346.0,363363,1340.6818,1337.9306,1335.0807,1,1.8881,-0.0174,1.9055,1,31.9397,36.932,11.2465,64.5606,0,80.083,84.3707,1.0056,1347.6771,1324.0929,1335.885,0.0177,0.9289,4.8719,1334.5904,1,-4916385,983374.65,0,0.5517,-1,-5.7027,4.1554,0
2026-04-10 10:30:00,1346.0,1347.2,1345.3,1345.7,404921,1341.6854,1338.6369,1335.4971,1,2.25,0.4361,1.8139,1,33.3598,35.8564,11.3788,63.9084,0,78.8382,81.8811,1.2413,1348.7609,1323.7391,1336.25,0.0187,0.8777,4.6596,1334.7735,1,-5321306,986639.55,0,0.1579,-1,-5.7237,4.1322,0
2026-04-10 10:45:00,1345.7,1346.4,1344.3,1344.8,459943,1342.3083,1339.1972,1335.8619,1,2.4361,0.8361,1.6001,1,34.3122,34.6549,12.5931,61.8888,0,75.1037,78.0083,1.2041,1349.7053,1323.5947,1336.65,0.0195,0.8121,4.4768,1334.96,1,-5781249,989389.4,0,0.4286,-1,-5.7867,4.0625,1
2026-04-10 11:00:00,1344.8,1349.0,1344.8,1348.5,356446,1343.5467,1340.0429,1336.3576,1,2.8494,1.2387,1.6106,1,35.5255,36.4891,11.7454,66.5666,-1,90.4564,81.4661,1.4444,1351.2962,1323.2238,1337.26,0.021,0.9004,4.457,1335.1669,1,-5424803,997506.05,0,0.881,1,-5.5275,4.3488,0
2026-04-10 11:15:00,1348.3,1349.5,1345.7,1346.5,700451,1344.1373,1340.6299,1336.7553,1,2.9811,1.5872,1.3939,1,36.7133,35.0531,11.0225,62.1276,0,82.1577,82.5726,1.1873,1352.3809,1323.2491,1337.815,0.0218,0.7981,4.4101,1335.5726,1,-6125254,1018376.2,0,0.4737,-1,-5.6676,4.1941,0
2026-04-10 11:30:00,1346.3,1349.5,1345.4,1346.0,1180956,1344.5099,1341.1181,1337.1178,1,3.0105,1.8719,1.1386,1,37.6943,32.7136,10.7752,61.0318,0,80.083,84.2324,1.2715,1353.2911,1323.4889,1338.39,0.0223,0.7553,4.3879,1336.2238,1,-7306210,1061883.2,0,0.0732,-1,-5.7027,4.1554,1
2026-04-10 11:45:00,1346.0,1346.8,1344.5,1346.6,497816,1344.9279,1341.6165,1337.4897,1,3.047,2.1069,0.9401,1,38.2289,31.4457,11.8742,61.9002,0,82.5726,81.6044,0.4925,1354.1948,1323.7952,1338.995,0.0227,0.7502,4.2388,1336.4689,1,-6808394,1074881.45,0,0.2609,1,-5.6606,4.2018,1
2026-04-10 12:00:00,1346.6,1349.8,1345.8,1349.1,341813,1345.7623,1342.2968,1337.945,1,3.2404,2.3336,0.9068,1,39.1625,34.3934,11.0706,65.3637,-1,92.9461,85.2006,0.4991,1355.3382,1324.2818,1339.81,0.0232,0.7991,4.2217,1336.7087,1,-6466581,1072820.1,0,0.625,1,-5.4855,4.3953,0
2026-04-10 12:15:00,1349.5,1350.0,1347.9,1348.3,572103,1346.2699,1342.8425,1338.3511,1,3.2911,2.5251,0.766,1,40.0571,33.4768,10.6626,63.3782,0,89.3617,88.2935,0.0594,1356.1567,1325.0633,1340.61,0.0232,0.7473,4.0702,1337.0899,1,-7038684,1082545.0,0,0.5714,-1,-5.5415,4.3334,1
2026-04-10 12:30:00,1348.4,1350.0,1348.0,1349.3,510864,1346.8759,1343.4296,1338.7804,1,3.3731,2.6947,0.6784,1,40.8878,32.2575,10.2742,64.8169,0,91.5254,91.2777,0.1262,1357.0268,1325.7732,1341.4,0.0233,0.7528,3.9223,1337.4467,1,-6527820,1085664.3,0,0.45,1,-5.4715,4.4107,0
2026-04-10 12:45:00,1349.2,1350.0,1347.3,1348.0,504722,1347.1007,1343.8451,1339.142,1,3.2953,2.8148,0.4804,1,41.3203,30.6353,11.0613,61.4379,0,74.3119,85.0664,0.1486,1357.5013,1326.8387,1342.17,0.0228,0.6901,3.835,1337.7738,1,-7032542,1090903.15,0,0.4444,-1,-5.5626,4.3101,0
2026-04-10 13:00:00,1347.9,1348.6,1346.9,1346.9,306428,1347.0606,1344.1228,1339.4462,1,3.1089,2.8736,0.2353,1,41.5239,29.6252,11.4725,58.6517,0,53.5714,73.1363,0.0892,1357.2939,1328.8161,1343.055,0.0212,0.635,3.6825,1338.1357,1,-7338970,1075388.75,0,0.5882,-1,-5.6396,4.225,1
2026-04-10 13:15:00,1347.0,1347.9,1346.3,1347.4,301767,1347.1285,1344.4207,1339.7581,1,2.9674,2.8924,0.075,1,41.4081,28.667,12.3142,59.5497,0,58.7302,62.2045,0.1933,1356.7295,1331.2405,1343.985,0.019,0.634,3.5337,1338.5898,1,-7037203,1053494.5,0,0.25,1,-5.6046,4.2637,1
2026-04-10 13:30:00,1347.4,1348.0,1346.7,1347.9,261164,1347.2828,1344.737,1340.0774,1,2.8626,2.8864,-0.0238,-1,41.3233,28.0898,11.9754,60.4741,0,63.1579,58.4865,-0.0445,1355.819,1334.011,1344.915,0.0162,0.6369,3.3742,1339.2354,1,-6776039,1005734.75,0,0.3846,1,-5.5696,4.3024,1
2026-04-10 13:45:00,1347.9,1349.0,1345.4,1349.0,479552,1347.6262,1345.1246,1340.4273,1,2.8356,2.8763,-0.0407,-1,40.5547,25.9593,13.806,62.5043,0,82.4561,68.1147,0.1857,1354.6885,1336.9715,1345.83,0.0132,0.6789,3.3903,1343.5943,1,-6296487,676544.35,0,0.3056,1,-5.4925,4.3875,0
2026-04-10 14:00:00,1349.0,1349.3,1347.0,1347.8,779722,1347.661,1345.3678,1340.7165,1,2.6864,2.8383,-0.1519,-1,39.9244,25.3187,13.1212,58.9472,0,61.4035,69.0058,0.1337,1351.2117,1342.3183,1346.765,0.0066,0.6164,3.3124,1346.574,1,-7076209,603423.5,0,0.5217,-1,-5.5766,4.2947,0
2026-04-10 14:15:00,1348.0,1348.0,1342.5,1344.7,841062,1347.0688,1345.3071,1340.8727,1,2.2916,2.729,-0.4373,-1,37.328,22.4512,20.9017,50.8902,0,29.3333,57.731,-0.1411,1350.3544,1343.6456,1347.0,0.005,0.1572,3.4687,1346.7889,-1,-7917271,618842.55,0,0.6,-1,-5.7938,4.0548,1
2026-04-10 14:30:00,1344.7,1348.5,1342.5,1348.0,1626010,1347.255,1345.5519,1341.1522,1,2.2195,2.6271,-0.4076,-1,35.0888,20.7933,18.4472,57.5429,0,73.3333,54.6901,-0.0815,1349.908,1344.652,1347.28,0.0039,0.637,3.6495,1346.9957,1,-6291261,666655.95,1,0.55,1,-5.5626,4.3101,0
2026-04-10 14:45:00,1347.9,1348.3,1344.2,1347.2,950207,1347.244,1345.7017,1341.3893,1,2.0738,2.5164,-0.4426,-1,33.0095,19.1393,16.9798,55.5773,0,62.6667,55.1111,-0.0816,1349.8912,1344.6388,1347.265,0.0039,0.4876,3.6817,1346.9802,1,-7241468,597534.85,1,0.1707,-1,-5.6186,4.2482,1
2026-04-10 15:00:00,1347.4,1352.2,1346.8,1349.9,1778406,1347.7752,1346.0834,1341.7231,1,2.1514,2.4434,-0.292,-1,32.3149,24.5212,15.2583,60.4834,0,76.2887,70.7629,0.0445,1350.2454,1344.5146,1347.38,0.0043,0.9397,3.8044,1347.3584,1,-5463062,660885.8,1,0.463,1,-5.4295,4.4572,1
2026-04-10 15:15:00,1349.9,1351.6,1349.0,1350.2,1301604,1348.2602,1346.4576,1342.0555,1,2.2117,2.3971,-0.1854,-1,31.67,23.2965,14.4962,60.9988,0,79.3814,72.7789,0.1632,1350.6303,1344.5497,1347.59,0.0045,0.9292,3.7184,1347.6427,1,-4161458,707797.85,1,0.1154,1,-5.4084,4.4804,0
2026-04-13 09:15:00,1323.6,1325.0,1311.7,1314.2,1711756,1341.4481,1343.5251,1340.9632,-1,-0.6381,1.79,-2.4282,-1,33.6556,12.968,51.0224,22.7138,1,6.1728,53.9476,-2.4278,1360.9007,1331.1293,1346.015,0.0221,-0.5686,6.2028,1344.2881,-1,-5873214,773139.6,1,0.7068,-1,-7.9305,1.6947,1
2026-04-13 09:30:00,1313.5,1315.0,1312.9,1314.8,738923,1336.1185,1340.9137,1339.9371,-1,-2.8158,0.8689,-3.6846,-1,35.4994,12.6388,49.7273,23.5748,1,7.6543,31.0695,-2.4195,1364.6933,1324.3367,1344.515,0.03,-0.2363,5.9097,1342.8516,-1,-5134291,787088.6,0,0.619,1,-7.8885,1.7411,1
2026-04-13 09:45:00,1315.0,1317.1,1313.6,1315.8,955907,1332.0548,1338.6307,1338.9906,-1,-4.41,-0.1869,-4.2231,-1,36.7332,14.7025,47.5606,25.0729,1,10.1235,7.9835,-2.3815,1366.5064,1319.2536,1342.88,0.0352,-0.0731,5.7376,1341.1517,-1,-4178384,817061.65,0,0.2286,1,-7.8184,1.8185,1
2026-04-13 10:00:00,1315.8,1321.7,1315.0,1321.1,2145161,1329.8638,1337.037,1338.289,-1,-5.186,-1.1867,-3.9993,-1,36.8955,19.1495,43.6405,32.6126,1,23.2099,13.6626,-2.0682,1366.9873,1316.2327,1341.61,0.0378,0.0959,5.8064,1338.2726,-1,-2033223,889297.15,1,0.791,1,-7.4471,2.2286,1
2026-04-13 10:15:00,1320.8,1327.6,1319.8,1324.6,862274,1328.8111,1335.9063,1337.7522,-1,-5.4557,-2.0405,-3.4152,-1,35.947,24.4403,39.5533,37.1129,0,31.8519,21.7284,-1.7213,1366.8733,1314.2067,1340.54,0.0393,0.1973,5.9488,1336.9803,-1,-1170949,873363.05,0,0.4872,1,-7.2019,2.4994,0
2026-04-13 10:30:00,1324.6,1324.9,1320.9,1323.8,775790,1327.8089,1334.8058,1337.205,-1,-5.6686,-2.7662,-2.9025,-1,35.0662,23.2383,37.6081,36.5127,0,29.8765,28.3128,-1.5543,1366.5467,1312.2533,1339.4,0.0405,0.2127,5.8096,1336.1257,-1,-1946739,887261.75,0,0.2,-1,-7.258,2.4375,0
2026-04-13 10:45:00,1323.9,1324.7,1320.0,1320.2,513209,1326.2871,1333.478,1336.5382,-1,-6.058,-3.4245,-2.6335,-1,34.3532,21.8769,36.5266,33.8589,1,20.9877,27.572,-2.0623,1365.9461,1309.9639,1337.955,0.0418,0.1828,5.7303,1335.4796,-1,-2459948,895831.55,0,0.7872,-1,-7.5102,2.1589,0
2026-04-13 11:00:00,1320.4,1320.6,1317.7,1320.0,1158236,1325.0297,1332.2527,1335.8896,-1,-6.3101,-4.0016,-2.3084,-1,33.9598,21.0572,38.1298,33.7123,1,20.4938,23.786,-2.019,1365.1506,1307.9294,1336.54,0.0428,0.2109,5.5281,1334.0653,-1,-3618184,925138.2,0,0.1379,-1,-7.5242,2.1435,0
2026-04-13 11:15:00,1319.9,1321.0,1319.7,1320.0,695820,1324.0237,1331.1388,1335.2665,-1,-6.4356,-4.4884,-1.9472,-1,33.5087,21.2297,37.4523,33.7123,1,20.4938,20.6584,-2.215,1363.9217,1306.2283,1335.075,0.0432,0.2387,5.2261,1333.1393,-1,-2922364,934386.0,0,0.0769,1,-7.5242,2.1435,0
2026-04-13 11:30:00,1320.0,1320.1,1318.5,1318.8,854407,1322.979,1330.0171,1334.6207,-1,-6.5563,-4.902,-1.6543,-1,33.2409,20.7413,38.3162,32.7263,1,17.5309,19.5062,-2.3256,1362.6524,1304.5776,1333.615,0.0435,0.2449,4.9671,1332.1052,-1,-3776771,951870.25,0,0.75,-1,-7.5823,2.0506,0
2026-04-13 11:45:00,1318.9,1319.7,1317.3,1317.5,570537,1321.8832,1328.8792,1333.9493,-1,-6.6799,-5.2576,-1.4223,-1,33.1452,19.998,38.7349,31.6465,1,14.321,17.4486,0.2511,1361.3197,1302.9703,1332.145,0.0438,0.249,4.7838,1331.4494,-1,-4347308,965075.7,0,0.5833,-1,-7.6152,1.95,0
2026-04-13 12:00:00,1317.4,1317.7,1315.1,1316.0,1459858,1320.7066,1327.7083,1333.2454,-1,-6.8203,-5.5701,-1.2501,-1,33.3327,19.1955,40.5761,30.4001,1,10.6173,14.1564,0.0913,1359.6765,1301.4735,1330.575,0.0437,0.2496,4.6278,1330.1337,-1,-5807166,1022980.25,0,0.5385,-1,-7.7204,1.8339,0
2026-04-13 12:15:00,1316.0,1317.3,1312.6,1314.1,1081403,1319.3852,1326.4712,1332.4946,-1,-7.0041,-5.8569,-1.1472,-1,33.8051,17.8045,41.4902,28.8501,1,6.015,10.3178,-0.1292,1357.6899,1300.0801,1328.885,0.0434,0.2434,4.6329,1329.1342,-1,-6888569,1063992.2,0,0.4043,-1,-7.8536,1.6869,0
2026-04-13 12:30:00,1313.9,1314.2,1311.5,1312.9,813279,1318.0882,1325.2375,1331.7262,-1,-7.164,-6.1183,-1.0457,-1,34.3719,17.0406,41.4581,27.8831,1,8.6957,8.4427,-0.6207,1355.1313,1299.0287,1327.08,0.0423,0.2472,4.4949,1328.1079,-1,-7701848,1080678.55,0,0.3704,-1,-7.9377,1.5941,0
2026-04-13 12:45:00,1312.7,1313.9,1310.0,1311.4,1710902,1316.7506,1323.9795,1330.9291,-1,-7.3273,-6.3601,-0.9672,-1,35.0731,15.9744,41.2706,26.6794,1,7.9545,7.5551,-0.9965,1352.4065,1298.1135,1325.26,0.041,0.2447,4.4524,1326.1786,-1,-9412750,1127237.55,1,0.3333,-1,-8.0429,1.478,1
2026-04-13 13:00:00,1311.5,1314.0,1310.7,1312.8,537587,1315.9604,1322.9632,1330.2182,-1,-7.2601,-6.5401,-0.72,-1,35.6933,15.2762,39.0445,29.7286,1,15.9091,10.8531,-0.8309,1349.7844,1297.5456,1323.665,0.0395,0.292,4.3701,1325.1338,-1,-8875163,1112063.8,0,0.3939,1,-7.7831,1.5863,1
2026-04-13 13:15:00,1312.7,1314.4,1312.1,1314.0,812761,1315.5684,1322.1484,1329.5822,-1,-7.0289,-6.6379,-0.3911,-1,36.1378,15.3585,37.5253,32.3265,1,22.7273,15.5303,-0.4696,1345.8587,1298.0713,1321.965,0.0361,0.3333,4.2222,1323.0838,-1,-8062402,1071401.35,0,0.5652,1,-7.6728,1.6792,1
2026-04-13 13:30:00,1313.8,1317.1,1313.8,1316.0,882846,1315.6547,1321.5894,1329.0495,-1,-6.6082,-6.6319,0.0237,1,35.6879,19.1276,35.3972,36.5376,0,34.0909,24.2424,-0.303,1341.4033,1299.4067,1320.405,0.0318,0.3951,4.1563,1321.7313,-1,-7179556,1068033.3,0,0.6667,1,-7.5193,1.8339,1
2026-04-13 13:45:00,1316.0,1317.4,1315.0,1316.2,422904,1315.7637,1321.0995,1328.5456,-1,-6.1873,-6.543,0.3557,1,35.1766,18.8457,33.8918,36.9601,0,41.6107,32.8096,-0.2879,1334.8172,1302.6228,1318.72,0.0244,0.4217,4.0309,1319.1339,-1,-6756652,1000258.2,0,0.0833,1,-7.5053,1.8494,0
2026-04-13 14:00:00,1316.2,1316.7,1314.0,1315.8,485566,1315.771,1320.6177,1328.0458,-1,-5.8189,-6.3982,0.5793,1,34.8801,17.9223,34.0459,36.4376,0,39.4558,38.3858,-0.2275,1324.1269,1309.8731,1317.0,0.0108,0.4158,3.9358,1316.9302,-1,-7242218,959456.3,0,0.1481,-1,-7.5204,1.8185,1
2026-04-13 14:15:00,1316.0,1316.9,1315.1,1316.1,449067,1315.8368,1320.207,1327.5773,-1,-5.4401,-6.2066,0.7665,1,34.5349,17.6908,32.8889,37.1551,0,55.4545,45.507,-0.1063,1324.1199,1310.0701,1317.095,0.0107,0.4292,3.7833,1316.9043,-1,-6793151,896321.85,0,0.0556,1,-7.3038,1.8417,1
2026-04-13 14:30:00,1316.0,1317.6,1316.0,1316.6,597247,1315.9894,1319.8791,1327.1469,-1,-5.0414,-5.9735,0.9322,1,33.9602,18.5119,31.8526,38.4031,0,60.0,51.6368,0.0456,1324.1358,1310.2342,1317.185,0.0106,0.4579,3.6273,1317.0095,-1,-6195904,889238.05,0,0.375,1,-7.1902,1.8804,1
2026-04-13 14:45:00,1316.2,1318.4,1315.8,1317.6,764544,1316.3116,1319.6719,1326.7725,-1,-4.5918,-5.6972,1.1054,1,33.1321,19.1524,30.1881,40.9295,0,75.2475,63.5674,0.2663,1324.1983,1310.3517,1317.275,0.0105,0.5235,3.5539,1317.1027,1,-5431360,879669.9,0,0.5385,1,-7.0476,1.9577,0
2026-04-13 15:00:00,1317.5,1318.2,1312.4,1315.1,4147780,1316.0692,1319.2563,1326.3147,-1,-4.3866,-5.4351,1.0484,1,33.0828,17.0162,33.3594,36.8592,0,52.5773,62.6083,0.1676,1323.7271,1310.2229,1316.975,0.0103,0.3612,3.7144,1316.4701,-1,-9579140,979800.85,1,0.4138,-1,-7.0798,1.7643,0
2026-04-13 15:15:00,1315.3,1315.5,1313.6,1314.0,1298082,1315.6554,1318.7784,1325.8318,-1,-4.2637,-5.2008,0.9371,1,33.0371,16.372,32.0964,35.2005,0,47.619,58.4813,0.1983,1322.328,1310.562,1316.445,0.0089,0.2922,3.5848,1316.0097,-1,-10877222,1001591.25,0,0.6842,-1,-7.059,1.6792,1
2026-04-15 09:15:00,1337.0,1338.9,1334.9,1336.8,551852,1319.8843,1320.4168,1326.2619,-1,-2.2999,-4.6206,2.3207,1,33.1737,43.3969,20.9191,67.6732,-1,92.7336,64.31,1.8282,1327.3403,1306.8497,1317.095,0.0156,1.4617,5.1073,1316.3092,1,-10325370,990394.35,0,0.05,-1,-5.4463,3.4435,1
2026-04-15 09:30:00,1336.9,1339.8,1336.0,1338.9,577944,1323.6875,1322.0971,1326.7575,1,-0.5677,-3.81,3.2424,1,33.3964,42.3298,19.7867,69.204,-1,96.9799,79.1108,1.895,1331.9811,1304.0789,1318.03,0.0212,1.248,5.0139,1316.8093,1,-9747426,993631.1,0,0.5263,1,-3.4261,3.606,0
2026-04-15 09:45:00,1338.9,1339.8,1336.7,1336.9,314264,1326.33,1323.4428,1327.1553,1,0.6364,-2.9207,3.5572,1,33.6032,40.408,18.8883,65.9986,-1,90.2685,93.3273,1.5881,1335.0681,1302.6819,1318.875,0.0246,1.0566,4.8772,1316.9962,1,-10061690,951432.5,0,0.6452,-1,-3.2494,3.4512,1
2026-04-15 10:00:00,1336.9,1339.7,1336.5,1338.5,421896,1328.764,1324.8116,1327.6002,1,1.7002,-1.9965,3.6968,1,33.7437,38.4666,18.2811,67.3034,-1,95.5326,94.2603,1.6943,1338.1185,1301.4815,1319.8,0.0278,1.0104,4.7574,1317.3539,1,-9639794,937736.3,0,0.5,1,-2.8594,3.575,0
2026-04-15 10:15:00,1338.4,1339.0,1336.8,1337.0,390091,1330.4112,1325.9196,1327.9688,1,2.3946,-1.1183,3.5129,1,33.8742,37.1452,17.6531,64.7931,0,89.8917,91.8976,1.6112,1340.4894,1300.9306,1320.71,0.03,0.9118,4.5747,1317.7026,1,-10029885,914520.5,0,0.6364,-1,-2.9683,3.4589,1
2026-04-15 10:30:00,1337.0,1338.7,1336.9,1338.5,332067,1332.0289,1327.0633,1328.3818,1,3.0311,-0.2884,3.3195,1,33.9954,36.054,17.1345,66.1527,-1,95.2555,93.5599,1.702,1342.9272,1300.5928,1321.76,0.032,0.8954,4.3765,1318.0619,1,-9697818,902597.0,0,0.8333,1,-2.8594,3.575,1
2026-04-15 10:45:00,1338.5,1341.9,1338.5,1341.0,657532,1333.8232,1328.3303,1328.8766,1,3.6946,0.5082,3.1864,1,34.548,39.3282,16.1683,68.3465,-1,96.9492,94.0321,1.8533,1345.5755,1300.4445,1323.01,0.0341,0.8986,4.3068,1319.0678,1,-9040286,862480.7,0,0.7353,1,-2.678,3.7685,0
2026-04-15 11:00:00,1340.9,1341.0,1336.8,1337.5,397141,1334.5585,1329.1639,1329.2148,1,3.8931,1.1852,2.708,1,34.536,36.5838,17.8646,62.262,0,85.0847,92.4298,1.5103,1347.1982,1301.1618,1324.18,0.0348,0.7893,4.2992,1319.8194,1,-9437427,828267.6,0,0.8095,-1,-2.932,3.4976,1
2026-04-15 11:15:00,1337.3,1340.2,1337.1,1339.4,363783,1335.5268,1330.0945,1329.6142,1,4.1559,1.7793,2.3766,1,34.5248,34.6613,16.9257,64.129,0,91.5254,91.1864,1.8478,1348.8223,1302.1877,1325.505,0.0352,0.798,4.2135,1320.601,1,-9073644,805792.8,0,0.6774,1,-2.7941,3.6447,1
2026-04-15 11:30:00,1339.6,1341.0,1339.3,1340.1,196651,1336.4415,1331.004,1330.0254,1,4.3702,2.2975,2.0727,1,34.6435,35.0344,16.4163,64.8195,0,93.8983,90.1695,1.9863,1350.1407,1303.7393,1326.94,0.035,0.7836,4.034,1321.8992,1,-8876993,730080.25,0,0.2941,1,-2.7433,3.6988,1
2026-04-15 11:45:00,1340.2,1341.1,1339.6,1340.4,218964,1337.2332,1331.8582,1330.4323,1,4.5123,2.7404,1.7718,1,34.7706,34.2456,15.9598,65.1293,-1,94.9153,93.4463,0.2693,1351.2744,1305.3656,1328.32,0.0346,0.7631,3.853,1322.5361,1,-8658029,714149.1,0,0.1333,1,-2.7215,3.722,0
2026-04-15 12:00:00,1340.4,1340.9,1339.5,1339.7,194561,1337.7265,1332.5711,1330.7957,1,4.5163,3.0956,1.4207,1,34.8499,33.3144,15.72,63.7193,0,92.5424,93.7853,0.0598,1352.0813,1307.1287,1329.605,0.0338,0.7246,3.6778,1323.3227,1,-8852590,683239.1,0,0.5,-1,-2.7723,3.6679,1
2026-04-15 12:15:00,1340.1,1341.2,1339.5,1340.6,367755,1338.3012,1333.301,1331.1802,1,4.5398,3.3844,1.1553,1,34.9815,32.7765,15.1803,64.7752,0,95.4064,94.288,0.2768,1352.8871,1308.7829,1330.835,0.0331,0.7214,3.5365,1324.3174,1,-8484835,657484.55,0,0.2941,1,-2.707,3.7375,0
2026-04-15 12:30:00,1340.7,1340.8,1339.5,1340.6,299124,1338.761,1333.9646,1331.5496,1,4.5065,3.6088,0.8976,1,35.1037,31.8752,14.7628,64.7752,0,81.4286,89.7924,0.1569,1353.4226,1310.6874,1332.055,0.0321,0.7,3.3767,1324.948,1,-8185711,651295.55,0,0.0769,-1,-2.707,3.7375,0
2026-04-15 12:45:00,1339.9,1341.9,1338.2,1338.7,572150,1338.7488,1334.3951,1331.83,1,4.2774,3.7426,0.5349,1,34.6342,29.3973,16.3465,60.4664,0,45.7627,74.1992,0.1272,1353.3821,1313.0179,1333.2,0.0303,0.6363,3.3998,1325.9372,1,-8757861,655624.75,0,0.3243,-1,-2.8449,3.5905,1
2026-04-15 13:00:00,1338.7,1339.9,1338.5,1339.4,221992,1338.879,1334.85,1332.1269,1,4.1051,3.8151,0.29,1,34.1982,28.4947,15.8446,61.483,0,53.7037,60.2983,0.0672,1353.1025,1315.6275,1334.365,0.0281,0.6344,3.257,1326.512,1,-8535869,644271.0,0,0.5,1,-2.7941,3.6447,1
2026-04-15 13:15:00,1339.4,1343.1,1338.8,1340.0,870730,1339.1032,1335.3182,1332.4356,1,3.9711,3.8463,0.1248,1,34.5368,32.7287,14.3838,62.376,0,53.0303,50.8322,-0.0746,1352.5306,1318.5394,1335.535,0.0255,0.6314,3.3315,1327.8902,1,-7665139,657945.15,0,0.1395,1,-2.7506,3.6911,0
2026-04-15 13:30:00,1339.9,1341.6,1338.8,1339.5,395619,1339.1826,1335.6984,1332.7126,1,3.781,3.8332,-0.0522,-1,34.8512,30.7412,13.5103,61.1046,0,42.8571,49.8637,0.1495,1351.5586,1321.7014,1336.63,0.0223,0.5961,3.2935,1328.8988,1,-8060758,639498.9,0,0.1429,-1,-2.7868,3.6524,0
2026-04-15 13:45:00,1339.6,1340.4,1336.5,1336.6,1022226,1338.6661,1335.7804,1332.8651,1,3.3577,3.7381,-0.3804,-1,34.0688,28.1748,17.3058,54.2036,0,1.5152,32.4675,-0.209,1348.9092,1326.5008,1337.705,0.0168,0.4507,3.3368,1335.7088,1,-9082984,483221.2,1,0.7692,-1,-2.9973,3.428,1
2026-04-15 14:00:00,1336.9,1339.2,1336.4,1338.6,496616,1338.6528,1336.0367,1333.09,1,3.1473,3.6199,-0.4727,-1,33.2977,26.4665,16.4731,57.7477,0,32.8358,25.736,-0.1119,1341.6289,1336.2411,1338.935,0.004,0.4378,3.2985,1338.9667,-1,-8586368,443147.9,0,0.6071,1,-2.8522,3.5828,1
2026-04-15 14:15:00,1338.6,1342.0,1337.6,1340.5,489999,1339.0223,1336.4424,1333.3806,1,3.0981,3.5156,-0.4175,-1,33.3051,29.9256,14.9401,60.8475,0,61.194,31.8483,0.0075,1341.7081,1336.5319,1339.12,0.0039,0.7666,3.3772,1339.1578,1,-8096369,440055.25,0,0.4318,1,-2.7143,3.7298,1
2026-04-15 14:30:00,1340.4,1341.4,1339.8,1341.2,329665,1339.4578,1336.8749,1333.6872,1,3.0801,3.4285,-0.3484,-1,33.3119,28.8733,14.4147,61.955,0,71.6418,55.2239,0.112,1341.9738,1336.4962,1339.235,0.0041,0.8587,3.2502,1339.2835,1,-7766704,427641.3,0,0.5,1,-2.6635,3.784,1
2026-04-15 14:45:00,1341.3,1344.8,1339.7,1344.6,1130736,1340.4863,1337.5772,1334.1152,1,3.3022,3.4032,-0.101,-1,34.0639,32.9437,12.8622,66.8583,-1,97.619,76.8183,0.2984,1343.0221,1336.2179,1339.62,0.0051,1.2319,3.3824,1339.7859,1,-6635968,468464.9,1,0.6471,1,-2.4167,4.047,0
2026-04-15 15:00:00,1344.7,1346.7,1342.0,1344.5,1764677,1341.289,1338.2066,1334.5224,1,3.4305,3.4087,0.0218,1,35.108,33.6662,11.6202,66.5865,-1,78.6408,82.6339,0.2909,1343.8857,1335.9543,1339.92,0.0059,1.0775,3.4765,1340.6071,1,-8400645,535603.95,1,0.0426,-1,-2.424,4.0393,0
2026-04-15 15:15:00,1344.5,1344.7,1341.0,1344.1,1145761,1341.8512,1338.7423,1334.898,1,3.4601,3.419,0.0411,1,35.5828,31.1186,12.7861,65.4404,-1,74.7573,83.6724,0.4034,1344.3995,1336.1505,1340.275,0.0062,0.9637,3.4924,1340.9751,1,-9546406,573387.45,1,0.1081,-1,-2.453,4.0084,0
2026-04-16 09:15:00,1352.0,1352.0,1340.0,1343.6,535607,1342.201,1339.1839,1335.2393,1,3.4039,3.416,-0.012,-1,37.1389,37.3305,10.1131,63.9585,0,46.1538,66.5173,0.3136,1344.8116,1336.2484,1340.53,0.0064,0.8585,4.1001,1341.2527,1,-10082013,583564.45,0,0.7,-1,-2.4893,3.9697,0
2026-04-16 09:30:00,1344.0,1344.1,1338.1,1338.2,955599,1341.4008,1339.0945,1335.3554,1,2.8904,3.3108,-0.4205,-1,37.7983,33.5535,12.2938,50.6246,0,11.5385,44.1499,-0.1343,1344.7827,1335.9973,1340.39,0.0066,0.2507,4.2358,1341.2065,-1,-11037612,598467.8,1,0.9667,-1,-2.8812,3.5518,0
2026-04-16 09:45:00,1338.2,1339.7,1332.7,1333.1,1086997,1339.7406,1338.5495,1335.2669,1,2.0482,3.0583,-1.0101,-1,36.5684,29.7692,19.6077,41.7681,0,2.0725,19.9216,-0.4778,1345.4672,1334.8728,1340.17,0.0079,-0.1673,4.4333,1340.7749,-1,-12124609,632960.6,1,0.7286,-1,-3.2513,3.1572,1
2026-04-16 10:00:00,1333.0,1336.1,1332.0,1334.0,985091,1338.5925,1338.1359,1335.2172,1,1.4369,2.734,-1.2971,-1,35.2196,27.7921,19.4394,43.6419,0,10.0,7.8703,-0.1945,1345.8383,1333.9617,1339.9,0.0089,0.0032,4.4095,1340.3262,-1,-11139518,664026.0,0,0.2439,1,-3.186,3.2268,1
2026-04-16 10:15:00,1334.2,1336.6,1333.5,1335.2,1233444,1337.914,1337.869,1335.2166,1,1.0373,2.3947,-1.3574,-1,34.0737,27.1937,18.4421,46.1308,0,16.0,9.3575,-0.254,1345.9346,1333.3754,1339.655,0.0094,0.1453,4.3159,1339.8786,-1,-9906074,715865.65,1,0.3226,1,-3.0989,3.3197,0
2026-04-16 10:30:00,1335.1,1336.5,1334.5,1334.9,657960,1337.3112,1337.5991,1335.2042,-1,0.6884,2.0534,-1.365,-1,33.0096,26.2577,17.8073,45.5888,0,14.5,13.5,-0.4178,1345.9787,1332.7813,1339.38,0.0099,0.1605,4.1505,1339.6672,-1,-10564034,737815.45,0,0.1,-1,-3.1207,3.2964,1
2026-04-16 10:45:00,1335.1,1338.2,1334.7,1337.6,811513,1337.369,1337.5992,1335.2981,-1,0.6227,1.7673,-1.1446,-1,32.4068,27.617,16.7226,51.152,0,28.0,19.5,-0.2684,1345.9166,1332.6334,1339.275,0.0099,0.3739,4.104,1339.513,-1,-9752521,768663.05,0,0.7143,1,-2.9247,3.5054,1
2026-04-16 11:00:00,1337.5,1340.6,1337.1,1338.5,1254919,1337.5952,1337.6811,1335.4237,-1,0.6358,1.541,-0.9052,-1,32.3434,30.1382,15.6931,52.8814,0,32.5,25.0,-0.4537,1345.7909,1332.5491,1339.17,0.0099,0.4494,4.0609,1339.432,-1,-8497602,813021.25,1,0.2857,1,-2.8594,3.575,1
2026-04-16 11:15:00,1338.4,1341.0,1335.6,1338.6,1973334,1337.7961,1337.7646,1335.5482,1,0.6469,1.3622,-0.7153,-1,31.736,27.3415,16.8145,53.0802,0,33.0,31.1667,-0.4388,1345.6618,1332.4782,1339.07,0.0098,0.4643,4.1565,1339.304,-1,-6524268,896731.75,1,0.037,1,-2.8522,3.5828,0
2026-04-16 11:30:00,1338.6,1340.5,1337.2,1337.3,720313,1337.6969,1337.7224,1335.6169,-1,0.5445,1.1986,-0.6542,-1,31.172,25.7678,15.8467,50.1201,0,26.5,30.6667,-0.5059,1345.6357,1332.3643,1339.0,0.0099,0.3719,4.0954,1339.2559,-1,-7244581,904139.9,0,0.3939,-1,-2.9465,3.4822,0
2026-04-16 11:45:00,1337.4,1339.3,1336.1,1336.2,1055946,1337.3975,1337.584,1335.6398,-1,0.3703,1.033,-0.6627,-1,30.23,24.3069,16.8972,47.6964,0,21.0,26.8333,-0.5508,1345.5828,1332.0972,1338.84,0.0101,0.3042,4.0314,1339.1411,-1,-8300527,945837.6,0,0.375,-1,-3.0263,3.397,0
2026-04-16 12:00:00,1336.8,1337.4,1334.6,1335.4,594093,1336.998,1337.3854,1335.6304,-1,0.1657,0.8595,-0.6938,-1,28.8078,23.0741,18.7572,45.9559,0,17.0,21.5,-0.2092,1345.4912,1331.7288,1338.61,0.0103,0.2668,3.9435,1338.9649,-1,-8894620,932005.75,0,0.5,-1,-3.0844,3.3351,0
2026-04-16 12:15:00,1335.3,1336.9,1334.1,1334.7,808814,1336.5384,1337.1413,1335.5939,-1,-0.0522,0.6772,-0.7294,-1,27.3077,21.8791,18.7106,44.4281,0,13.5,17.1667,0.12,1345.4425,1331.2975,1338.37,0.0106,0.2405,3.8618,1338.7857,-1,-9703434,952665.5,0,0.2143,-1,-3.1352,3.281,0
2026-04-16 12:30:00,1334.6,1335.2,1330.5,1331.2,1260665,1335.4707,1336.6012,1335.4216,-1,-0.5016,0.4414,-0.943,-1,25.9557,20.0061,23.6659,37.6826,0,3.2558,11.2519,-0.2099,1345.8061,1330.3939,1338.1,0.0115,0.0523,3.9217,1338.4123,-1,-10964099,964587.45,0,0.7234,-1,-3.3892,3.0101,1
2026-04-16 12:45:00,1331.2,1333.8,1330.0,1332.3,691334,1334.8366,1336.2102,1335.2992,-1,-0.7602,0.2011,-0.9613,-1,24.844,18.6184,22.937,40.7285,0,16.3121,11.0226,-0.2172,1345.8884,1329.6816,1337.785,0.0121,0.1616,3.913,1338.1948,-1,-10272765,974323.35,0,0.2895,1,-3.3094,3.0953,0
2026-04-16 13:00:00,1332.3,1333.3,1330.0,1332.3,727351,1334.3293,1335.8547,1335.1816,-1,-0.9542,-0.03,-0.9242,-1,23.8118,17.4841,21.5396,40.7285,0,20.9091,13.4923,-0.1948,1345.7138,1329.0362,1337.375,0.0125,0.1957,3.8692,1337.9158,-1,-9545414,986190.95,0,0.0,1,-3.3094,3.0953,1
2026-04-16 13:15:00,1331.8,1334.9,1331.3,1332.4,898676,1333.9434,1335.5406,1335.0725,-1,-1.0873,-0.2414,-0.8458,-1,22.259,19.2848,20.101,41.0324,0,21.8182,19.6798,-0.3888,1345.3484,1328.5216,1336.935,0.0126,0.2305,3.85,1337.6453,-1,-8646738,1014641.5,0,0.1667,1,-3.3021,3.103,1
2026-04-16 13:30:00,1332.5,1334.0,1332.3,1333.7,322788,1333.8947,1335.3733,1335.0187,-1,-1.0754,-0.4082,-0.6672,-1,20.817,18.6513,19.4407,44.9813,0,33.6364,25.4545,-0.3586,1344.1321,1328.6479,1336.39,0.0116,0.3263,3.6964,1337.2612,-1,-8323950,974244.1,0,0.7059,1,-3.2078,3.2036,1
2026-04-16 13:45:00,1333.7,1336.9,1332.5,1336.1,1691208,1334.3358,1335.4394,1335.0611,-1,-0.8625,-0.4991,-0.3634,-1,20.1792,22.6155,17.8099,51.446,0,55.4545,36.9697,-0.1868,1342.7594,1329.1806,1335.97,0.0102,0.5096,3.7466,1336.4297,-1,-6632742,970570.65,1,0.5455,1,-3.0336,3.3893,1
2026-04-16 14:00:00,1336.0,1337.5,1333.7,1336.8,699313,1334.8286,1335.5631,1335.1293,-1,-0.63,-0.5253,-0.1047,-1,19.7731,22.1215,16.5209,53.1742,0,61.8182,50.303,-0.0374,1341.3043,1329.9057,1335.605,0.0085,0.6048,3.7505,1336.0008,1,-5933429,948248.25,0,0.2105,1,-2.9828,3.4435,1
2026-04-16 14:15:00,1337.0,1339.5,1336.5,1339.5,553106,1335.7629,1335.921,1335.3007,-1,-0.2252,-0.4652,0.24,1,19.9821,24.7035,15.5633,59.2056,0,86.3636,67.8788,0.247,1340.1502,1330.6498,1335.4,0.0071,0.9316,3.6968,1335.8141,1,-5380323,949123.2,0,0.8333,1,-2.7868,3.6524,1
2026-04-16 14:30:00,1339.5,1341.5,1338.8,1341.0,1137447,1336.8103,1336.3827,1335.5242,1,0.2141,-0.3294,0.5435,1,20.6934,27.3297,14.7355,62.1244,0,95.6522,81.278,0.4194,1340.7544,1330.3256,1335.54,0.0078,1.0236,3.6256,1335.8729,1,-4242876,958215.6,0,0.5556,1,-2.678,3.7685,1
2026-04-16 14:45:00,1341.3,1343.0,1340.3,1342.0,1296283,1337.8483,1336.8934,1335.7781,1,0.6356,-0.1364,0.772,1,21.7058,28.859,13.9371,63.975,0,92.3077,91.4412,0.5469,1341.7775,1330.1925,1335.985,0.0087,1.0192,3.5595,1336.3069,1,-2946593,968679.9,0,0.2593,1,-2.6054,3.8459,1
2026-04-16 15:00:00,1341.7,1345.7,1339.6,1343.5,5310875,1338.9786,1337.494,1336.0809,1,1.0783,0.1066,0.9717,1,23.2041,30.653,12.3138,66.6103,-1,85.9873,91.3157,0.924,1343.0294,1329.8906,1336.46,0.0098,1.0358,3.741,1337.8863,1,2364282,1184969.1,1,0.2951,1,-2.4966,3.9619,1
2026-04-16 15:15:00,1343.1,1346.8,1341.5,1345.8,1967650,1340.3429,1338.2491,1336.4621,1,1.5963,0.4045,1.1918,1,24.8001,29.6803,11.1037,70.2089,-1,94.0476,90.7809,1.0133,1344.6818,1329.2982,1336.99,0.0115,1.0727,3.8523,1338.5757,1,4331932,1221679.4,1,0.5094,1,-2.3296,4.1399,1
2026-04-17 09:15:00,1341.4,1351.5,1341.4,1346.9,320354,1341.6543,1339.0355,1336.8714,1,2.0717,0.738,1.3338,1,27.0097,32.5089,9.2402,71.7756,-1,78.6047,86.2132,1.0958,1346.3359,1328.8441,1337.59,0.0131,1.0322,4.2986,1338.7718,1,4652286,1204799.1,0,0.5446,1,-2.2498,4.225,1
2026-04-17 09:30:00,1346.8,1349.0,1345.1,1347.4,369212,1342.8034,1339.7959,1337.2843,1,2.4605,1.0825,1.378,1,29.0615,30.3881,8.6374,72.484,-1,80.9302,84.5275,1.1258,1347.8154,1328.3446,1338.08,0.0146,0.9787,4.2701,1338.9693,1,5021498,1182684.05,0,0.1538,1,-2.2135,4.2637,1
2026-04-17 09:45:00,1347.9,1349.5,1346.7,1348.9,379969,1344.0228,1340.6236,1337.7398,1,2.8567,1.4373,1.4194,1,31.0381,29.7864,8.2227,74.5478,-1,87.907,82.4806,1.1397,1349.4202,1327.7798,1338.6,0.0162,0.976,4.1651,1339.1391,1,5401467,1138936.55,0,0.3571,1,-2.1047,4.3798,1
2026-04-17 10:00:00,1348.7,1351.8,1348.5,1349.8,645913,1345.1782,1341.4578,1338.2128,1,3.2063,1.7911,1.4152,1,33.1841,32.0791,7.7503,75.7243,-1,90.8257,86.5543,1.0254,1351.0305,1327.2895,1339.16,0.0177,0.9482,4.1033,1339.5351,1,6047380,1072565.5,0,0.3333,1,-2.0393,4.4494,0
2026-04-17 10:15:00,1349.7,1350.6,1348.7,1349.0,241312,1345.9426,1342.1434,1338.6358,1,3.3799,2.1089,1.271,1,35.1768,30.9758,7.4838,72.5156,-1,86.3415,88.358,0.9126,1352.3233,1327.1667,1339.745,0.0188,0.8679,3.946,1339.6903,1,5806068,1048615.45,0,0.3684,-1,-2.0974,4.3875,1
2026-04-17 10:30:00,1348.7,1351.7,1348.0,1350.8,447699,1346.9141,1342.9304,1339.1128,1,3.621,2.4113,1.2097,1,37.174,30.8919,6.9803,75.0748,-1,94.8718,90.6796,0.8436,1353.8171,1327.1329,1340.475,0.0199,0.8869,3.9284,1340.0497,1,6253767,1018203.1,0,0.5676,1,-1.9668,4.5268,1
2026-04-17 10:45:00,1350.9,1351.8,1350.6,1351.2,208651,1347.7712,1343.6822,1339.5868,1,3.8005,2.6891,1.1114,1,39.0421,30.374,6.82,75.6181,-1,96.8912,92.7015,0.7606,1355.1707,1327.3593,1341.265,0.0207,0.8572,3.7335,1340.2926,1,6462418,998931.0,0,0.25,1,-1.9377,4.5578,1
2026-04-17 11:00:00,1351.2,1364.1,1351.1,1361.2,862313,1350.457,1345.2747,1340.4344,1,4.6955,3.0904,1.6051,1,41.8383,43.9457,5.3792,84.6351,-1,90.4605,94.0745,1.4307,1358.6277,1326.5523,1342.59,0.0239,1.0802,4.3954,1341.2935,1,7324731,1001605.95,0,0.7692,1,-1.212,5.3316,1
2026-04-17 11:15:00,1361.5,1367.0,1361.5,1365.0,741631,1353.3656,1347.0679,1341.3978,1,5.6464,3.6016,2.0448,1,44.5801,44.5036,4.8835,86.6548,-1,93.4426,93.5981,1.6003,1362.1763,1326.3837,1344.28,0.0266,1.0789,4.4957,1342.7566,1,8066362,975654.25,0,0.6364,1,-0.9362,5.6256,1
2026-04-17 11:30:00,1365.0,1367.9,1364.0,1365.4,362497,1355.7725,1348.7345,1342.339,1,6.359,4.1531,2.2059,1,47.1688,43.1632,4.578,86.8508,-1,91.4089,91.7707,1.4564,1365.1659,1326.7041,1345.935,0.0286,1.0061,4.4532,1343.5778,1,8428859,959212.4,0,0.1026,1,-0.9072,5.6566,0
2026-04-17 11:45:00,1365.2,1368.1,1362.0,1362.1,862683,1357.038,1349.9495,1343.114,1,6.5815,4.6388,1.9428,1,48.701,39.0487,7.2671,76.8287,-1,78.9474,87.933,1.1285,1366.8164,1328.0336,1347.425,0.0288,0.8784,4.5708,1344.9336,1,7566176,965979.0,0,0.5082,-1,-1.1467,5.4012,1
2026-04-17 12:00:00,1362.1,1364.7,1359.5,1362.8,1272322,1358.1904,1351.1177,1343.886,1,6.7367,5.0584,1.6784,1,49.1207,35.9064,10.551,77.4238,-1,81.4035,83.9199,1.1429,1368.1521,1329.7379,1348.945,0.0285,0.8607,4.6157,1346.6084,1,8838498,984661.3,0,0.1346,1,-1.0959,5.4554,1
2026-04-17 12:15:00,1362.7,1364.9,1362.2,1362.9,202579,1359.1323,1352.1889,1344.6316,1,6.7895,5.4046,1.3849,1,49.5336,34.6793,10.0967,77.5126,-1,80.5243,80.2917,1.0379,1369.1894,1331.6206,1350.405,0.0278,0.8326,4.4789,1347.0004,1,9041077,978650.85,0,0.0741,1,-1.0886,5.4631,0
2026-04-17 12:30:00,1362.9,1363.1,1360.4,1360.6,331996,1359.4258,1352.9535,1345.2578,1,6.5701,5.6377,0.9324,1,49.2024,33.1424,12.6037,70.6275,-1,71.9101,77.946,0.8001,1369.7052,1333.5548,1351.63,0.0267,0.7481,4.3518,1348.3611,1,8709081,910690.25,0,0.8519,-1,-1.1551,5.2852,1
2026-04-17 12:45:00,1360.8,1361.9,1360.1,1360.7,185738,1359.6807,1353.6577,1345.8634,1,6.3312,5.7764,0.5548,1,48.7763,32.1205,12.729,70.7491,-1,67.8261,73.4202,0.8673,1369.9559,1335.6941,1352.825,0.0253,0.7298,4.1696,1348.981,1,8894819,885011.5,0,0.0556,-1,-1.1478,5.2929,1
2026-04-17 13:00:00,1360.6,1362.5,1359.2,1360.8,330162,1359.9045,1354.307,1346.4491,1,6.0799,5.8371,0.2428,1,48.0154,30.2772,13.5636,70.879,-1,65.8879,68.5413,0.7403,1370.2038,1337.5762,1353.89,0.0241,0.7118,4.1075,1349.5366,1,9224981,873864.3,0,0.0606,1,-1.1406,5.3006,0
2026-04-17 13:15:00,1360.8,1361.2,1357.0,1359.5,506212,1359.8236,1354.7791,1346.9609,1,5.71,5.8117,-0.1017,-1,46.4613,28.0693,16.3942,66.7304,-1,57.2139,63.6426,0.6143,1370.1702,1339.4598,1354.815,0.0227,0.6526,4.1141,1350.4426,1,8718769,842302.55,0,0.3095,-1,-1.235,5.2,1
2026-04-17 13:30:00,1359.5,1363.0,1359.0,1361.9,326364,1360.2389,1355.4265,1347.5468,1,5.5466,5.7587,-0.2121,-1,45.3888,29.2475,15.2534,70.1984,-1,69.1542,64.0853,0.0514,1370.2674,1341.3526,1355.81,0.0213,0.7106,4.1059,1351.3742,1,9045133,793806.6,0,0.6,1,-0.8012,5.3857,1
2026-04-17 13:45:00,1361.9,1363.2,1360.9,1362.8,186348,1360.7511,1356.0968,1348.145,1,5.4272,5.6924,-0.2652,-1,44.4339,28.3985,14.6233,71.4023,-1,73.6318,66.6667,-0.1612,1370.3675,1343.1825,1356.775,0.02,0.7216,3.9769,1355.7331,1,9231481,537580.25,0,0.3913,1,-0.5183,5.4554,1
2026-04-17 14:00:00,1362.9,1364.0,1362.5,1363.4,164165,1361.2809,1356.7607,1348.7432,1,5.3196,5.6178,-0.2982,-1,43.7157,29.1015,14.2109,72.2083,-1,73.1429,71.9763,-0.1465,1370.5525,1344.7575,1357.655,0.019,0.7227,3.8,1358.298,1,9395646,447406.0,0,0.3333,1,-0.4745,5.5018,0
2026-04-17 14:15:00,1363.5,1364.9,1361.2,1361.2,439666,1361.2647,1357.1643,1349.2317,1,4.9992,5.4941,-0.4949,-1,42.499,27.0737,15.6689,64.9768,0,59.4118,68.7288,-0.0661,1370.3567,1346.3833,1358.37,0.0176,0.618,3.7929,1358.9118,1,8955980,453371.6,0,0.6216,-1,-0.6351,5.3316,1
2026-04-17 14:30:00,1361.2,1363.4,1358.3,1362.9,731708,1361.5918,1357.6857,1349.7677,1,4.8268,5.3606,-0.5338,-1,40.2748,24.5359,19.5304,67.6711,-1,53.1532,61.9026,0.0073,1370.1593,1348.1307,1359.145,0.0162,0.6705,3.8862,1359.5751,1,9687688,471496.4,1,0.3333,1,-0.511,5.4631,1
2026-04-17 14:45:00,1363.3,1364.5,1362.0,1364.4,665181,1362.1534,1358.2961,1350.3415,1,4.7564,5.2398,-0.4834,-1,38.5075,25.4537,18.6095,69.8733,-1,66.6667,59.7439,0.1101,1370.0907,1349.7493,1359.92,0.015,0.7202,3.7872,1360.2913,1,10352869,485757.0,0,0.44,1,-0.4015,5.5792,1
2026-04-17 15:00:00,1364.5,1366.8,1363.0,1365.5,1322546,1362.8227,1358.951,1350.936,1,4.7348,5.1388,-0.404,-1,37.4448,27.9667,17.2761,71.4113,-1,76.5766,65.4655,0.3601,1370.0175,1351.3925,1360.705,0.0137,0.7575,3.7881,1361.5409,1,11675415,519588.65,1,0.2632,1,-0.3212,5.6643,0
2026-04-17 15:15:00,1365.5,1365.7,1363.1,1364.5,980488,1363.1582,1359.4555,1351.4679,1,4.5841,5.0279,-0.4437,-1,36.458,26.5642,16.4097,68.0121,-1,76.5306,73.258,0.2793,1369.2129,1353.7471,1361.48,0.0114,0.6953,3.7033,1362.0582,1,10694927,556547.45,1,0.3846,-1,-0.3942,5.5869,0
2026-04-20 09:15:00,1362.8,1364.7,1352.9,1364.2,542137,1363.3666,1359.8868,1351.9672,1,4.3899,4.9003,-0.5104,-1,35.0821,21.3349,30.1957,66.982,-1,81.295,78.1341,0.2499,1368.2056,1356.0944,1362.15,0.0089,0.6693,4.2816,1362.462,1,10152790,561269.35,0,0.1186,1,-0.4161,5.5637,0
2026-04-20 09:30:00,1364.2,1365.0,1357.5,1357.9,619516,1362.2732,1359.7062,1352.1999,1,3.6852,4.6572,-0.9721,-1,33.7178,19.2765,26.6101,49.8924,0,35.9712,64.5989,-0.1177,1366.4666,1358.5034,1362.485,0.0058,-0.0758,4.5115,1362.54,-1,9533274,581812.6,0,0.84,-1,-0.5566,5.0762,1
2026-04-20 09:45:00,1358.6,1360.2,1355.7,1359.4,547608,1361.6986,1359.6783,1352.4822,1,3.2107,4.3679,-1.1573,-1,32.8272,17.9028,27.5643,52.9692,0,46.7626,54.6763,-0.1836,1366.5656,1358.2244,1362.395,0.0061,0.1409,4.5107,1362.6262,-1,10080882,566077.35,0,0.1778,1,-0.4467,5.1923,1
2026-04-20 10:00:00,1359.5,1360.8,1358.3,1360.8,131141,1361.5189,1359.7803,1352.8084,1,2.914,4.0771,-1.1631,-1,31.8096,18.1521,26.4372,55.7031,0,56.8345,46.5228,-0.1468,1366.2309,1358.1391,1362.185,0.0059,0.3288,4.367,1362.4639,-1,10212023,535552.85,0,0.52,1,-0.3442,5.3006,1
2026-04-20 15:00:00,1365.0,1365.0,1363.1,1364.0,9996455,1362.0151,1360.1639,1353.2473,1,2.9036,3.8424,-0.9388,-1,29.6593,23.7902,24.616,61.2481,0,79.8561,61.1511,0.044,1365.9804,1358.2496,1362.115,0.0057,0.7438,4.3551,1363.1762,1,20208478,1017250.75,1,0.5263,-1,-0.1098,5.5482,0
2026-04-20 15:15:00,1363.9,1364.7,1360.1,1362.9,1179225,1362.1921,1360.4126,1353.6258,1,2.7747,3.6289,-0.8542,-1,28.3554,22.0025,27.667,58.5355,0,71.9424,69.5444,0.1249,1366.0355,1358.2745,1362.155,0.0057,0.596,4.3726,1363.1042,-1,19029253,1033077.85,0,0.2174,-1,-0.1904,5.4631,0
2026-04-21 09:15:00,1360.8,1367.7,1360.8,1361.5,316210,1362.0537,1360.5115,1353.9346,1,2.5303,3.4092,-0.8788,-1,26.3803,24.3272,24.6721,55.1857,0,58.1081,69.9689,-0.1027,1365.9686,1358.2114,1362.09,0.0057,0.4239,4.5531,1363.1577,-1,18713043,985272.25,0,0.1014,1,-0.2929,5.3548,0
2026-04-21 09:30:00,1361.2,1362.0,1359.0,1360.6,551699,1361.7629,1360.5195,1354.196,1,2.2383,3.175,-0.9367,-1,24.9607,23.1537,26.3763,53.0826,0,52.027,60.6925,-0.2785,1365.887,1358.063,1361.975,0.0057,0.3243,4.4422,1363.0837,-1,18161344,1002728.25,0,0.2,-1,-0.3588,5.2852,1
2026-04-21 09:45:00,1360.6,1363.2,1360.6,1362.0,536282,1361.8103,1360.6541,1354.502,1,2.0956,2.9591,-0.8635,-1,23.3362,24.1446,25.2399,55.8981,0,61.4865,57.2072,-0.2563,1365.9058,1358.1842,1362.045,0.0057,0.4942,4.3106,1363.0814,-1,18697626,1012942.55,0,0.5385,1,-0.2563,5.3935,1
2026-04-21 10:00:00,1362.0,1364.6,1361.8,1363.3,466250,1362.1083,1360.8947,1354.8471,1,2.0637,2.78,-0.7164,-1,21.8625,25.375,24.0388,58.3948,0,70.2703,61.2613,-0.0879,1366.021,1358.329,1362.175,0.0056,0.6463,4.2027,1363.1046,1,19163876,1026968.15,0,0.4643,1,-0.1611,5.4941,0
2026-04-21 10:15:00,1363.3,1364.0,1360.4,1361.1,457392,1361.9066,1360.9133,1355.0923,1,1.8396,2.5919,-0.7523,-1,20.4694,23.8064,24.9568,52.9334,0,55.4054,62.3874,-0.2272,1366.0167,1358.3633,1362.19,0.0056,0.3576,4.1597,1363.1127,-1,18706484,1033329.65,0,0.6111,-1,-0.3222,5.3238,1
2026-04-21 10:30:00,1361.5,1363.0,1360.4,1362.5,394065,1362.0253,1361.0576,1355.3828,1,1.7548,2.4245,-0.6697,-1,19.1758,22.7142,23.8119,55.7684,0,64.8649,63.5135,0.3388,1365.9629,1358.7171,1362.34,0.0053,0.5221,4.0483,1363.1863,-1,19100549,1027722.3,0,0.3846,1,-0.2197,5.4322,1
2026-04-21 10:45:00,1362.5,1367.2,1361.0,1367.2,717410,1363.0602,1361.616,1355.8462,1,2.0433,2.3483,-0.305,-1,18.7081,27.4599,21.3023,63.6782,0,96.6216,72.2973,0.5738,1366.7919,1358.4181,1362.605,0.0061,1.0487,4.2019,1363.2824,1,19817959,1047274.6,0,0.7581,1,0.0,5.7959,0
2026-04-21 11:00:00,1367.3,1369.8,1365.8,1366.8,732778,1363.8082,1362.0873,1356.2758,1,2.2141,2.3214,-0.1073,-1,18.8288,30.0212,19.8488,62.6514,0,82.2485,81.245,0.4409,1367.3747,1358.2353,1362.805,0.0067,0.9371,4.1875,1363.4336,1,19085181,1074596.1,0,0.125,-1,-0.0293,5.7649,0
2026-04-21 11:15:00,1367.0,1367.0,1361.2,1361.6,459560,1363.3666,1362.043,1356.4845,1,1.9079,2.2387,-0.3308,-1,17.6948,27.1306,25.5741,51.1122,0,41.844,73.5714,-0.176,1367.3051,1358.1249,1362.715,0.0067,0.3785,4.3027,1363.431,-1,18625621,1089365.85,0,0.931,-1,-0.4096,5.3625,0
2026-04-21 11:30:00,1361.6,1361.6,1357.6,1360.6,964293,1362.8132,1361.9118,1356.6459,1,1.5665,2.1043,-0.5378,-1,17.0203,25.32,29.8738,49.2343,0,34.7518,52.9481,-0.1688,1367.3219,1358.0481,1362.685,0.0068,0.2752,4.2811,1363.2995,-1,17661328,1115597.2,0,0.25,-1,-0.4827,5.2852,0
2026-04-21 11:45:00,1360.4,1362.7,1358.2,1360.0,637058,1362.2506,1361.738,1356.7775,1,1.2333,1.9301,-0.6968,-1,16.1265,25.2545,27.639,48.0925,0,19.6721,32.0893,-0.1102,1367.3201,1357.7599,1362.54,0.007,0.2343,4.2967,1363.2717,-1,17024270,1110864.7,0,0.0889,-1,-0.5266,5.2387,0
2026-04-21 12:00:00,1360.0,1363.3,1358.5,1359.2,755902,1361.6405,1361.5073,1356.8725,1,0.8943,1.7229,-0.8286,-1,15.1481,24.2452,25.4518,46.5426,0,13.1148,22.5129,-0.1029,1367.191,1357.369,1362.28,0.0072,0.1864,4.3327,1363.1613,-1,16268368,1115400.75,0,0.1667,-1,-0.5851,5.1768,0
2026-04-21 12:15:00,1359.3,1359.9,1357.0,1357.2,792426,1360.7524,1361.1157,1356.8853,-1,0.4591,1.4702,-1.0111,-1,14.594,23.058,26.7383,42.8269,0,1.5625,11.4498,-0.3524,1367.0145,1356.7155,1361.865,0.0076,0.047,4.2303,1362.857,-1,15475942,1088894.75,0,0.7241,-1,-0.7314,5.0221,0
2026-04-21 12:30:00,1357.2,1359.0,1355.6,1356.6,1179939,1359.9219,1360.7052,1356.8741,-1,0.0649,1.1891,-1.1242,-1,14.4012,21.7154,27.579,41.75,0,7.0423,7.2398,-0.4915,1366.9516,1355.9884,1361.47,0.0081,0.0558,4.171,1362.4758,-1,14296003,1098867.3,0,0.1765,-1,-0.7753,4.9756,1
2026-04-21 12:45:00,1356.7,1357.7,1355.1,1356.9,827321,1359.3175,1360.3592,1356.8751,-1,-0.2207,0.9072,-1.1278,-1,14.3377,20.7218,27.197,42.5281,0,12.2449,6.9499,-0.3086,1366.7797,1355.4303,1361.105,0.0083,0.1295,4.0588,1362.3019,-1,15123324,1113126.5,0,0.0769,1,-0.7534,4.9988,0
2026-04-21 13:00:00,1356.9,1357.3,1354.3,1354.8,1452092,1358.414,1359.8539,1356.7938,-1,-0.6094,0.6038,-1.2133,-1,14.4683,19.607,27.1684,38.6372,0,3.2258,7.5043,-0.5651,1367.1146,1354.7854,1360.95,0.0091,0.0012,3.9832,1361.9303,-1,13671232,1154755.3,0,0.7,-1,-0.907,4.8363,1
2026-04-21 13:15:00,1354.9,1356.2,1352.4,1355.2,1049117,1357.7712,1359.4308,1356.7313,-1,-0.8752,0.308,-1.1832,-1,15.0251,18.2665,28.7294,39.7676,0,16.092,10.5209,-0.8777,1367.3701,1354.1099,1360.74,0.0097,0.0822,3.9701,1361.6856,-1,14720349,1179830.75,0,0.0789,1,-0.8777,4.8673,0
2026-04-21 13:30:00,1355.3,1356.8,1353.0,1353.1,889416,1356.837,1358.8553,1356.5889,-1,-1.2409,-0.0018,-1.2392,-1,15.3313,18.0967,26.7592,36.0165,0,4.023,7.7802,-1.0023,1367.7738,1352.9362,1360.355,0.0109,0.011,3.9579,1361.4251,-1,13830933,1217744.5,0,0.5789,-1,-1.0313,4.7048,1
2026-04-21 13:45:00,1353.5,1355.0,1352.3,1353.7,962138,1356.2096,1358.3866,1356.4756,-1,-1.4655,-0.2945,-1.171,-1,15.7853,17.1944,26.7176,37.8211,0,8.0,9.3716,-0.5802,1367.5974,1352.0826,1359.84,0.0114,0.1042,3.8681,1359.236,-1,14793071,766028.65,0,0.0741,1,-0.9874,4.7512,0
2026-04-21 14:00:00,1353.9,1354.4,1351.3,1352.1,1336310,1355.3877,1357.8151,1356.304,-1,-1.7523,-0.5861,-1.1663,-1,16.4492,16.1959,27.0394,34.9872,1,4.3243,5.4491,-0.6247,1367.6138,1350.9862,1359.3,0.0122,0.067,3.8132,1358.4093,-1,13456761,773882.9,1,0.5806,-1,-1.1044,4.6274,1
2026-04-21 14:15:00,1352.2,1355.9,1351.5,1355.6,1273463,1355.4301,1357.6137,1356.2764,-1,-1.6779,-0.8044,-0.8735,-1,16.4813,17.6548,24.835,44.7413,0,23.2432,11.8559,-0.3235,1367.4039,1350.6061,1359.005,0.0124,0.2973,3.8551,1357.9988,-1,14730224,821745.55,1,0.7727,1,-0.8484,4.8982,0
2026-04-21 14:30:00,1355.7,1356.4,1353.5,1353.5,768755,1355.0441,1357.2397,1356.1675,-1,-1.768,-0.9971,-0.7709,-1,16.3195,17.6322,23.4766,40.7872,0,14.0127,13.8601,-0.4194,1367.3443,1349.9557,1358.65,0.0128,0.2038,3.7869,1357.7517,-1,13961469,832598.35,0,0.7586,-1,-1.002,4.7357,0
2026-04-21 14:45:00,1353.8,1355.0,1352.8,1353.5,758722,1354.7353,1356.8998,1356.0629,-1,-1.8184,-1.1614,-0.657,-1,16.3742,16.8779,23.8334,40.7872,0,18.3333,18.5298,-0.2726,1367.0527,1349.3973,1358.225,0.013,0.2324,3.6736,1357.4397,-1,14720191,843720.35,0,0.1364,-1,-1.002,4.7357,0
2026-04-21 15:00:00,1353.7,1355.8,1350.4,1352.8,6373290,1354.3482,1356.5271,1355.9349,-1,-1.8931,-1.3077,-0.5853,-1,17.0757,15.1634,25.9272,39.4397,0,18.6047,16.9836,-0.2801,1366.5068,1348.8932,1357.7,0.013,0.2218,3.7969,1356.0791,-1,8346901,1139072.35,1,0.1667,-1,-1.0532,4.6816,1
2026-04-21 15:15:00,1352.9,1356.0,1352.5,1353.3,1867958,1354.1386,1356.2337,1355.8316,-1,-1.8901,-1.4242,-0.4659,-1,17.6391,14.5377,24.2105,40.9406,0,22.4806,19.8062,-0.2653,1366.1707,1348.4493,1357.31,0.0131,0.2737,3.7757,1355.8046,-1,10214859,1209600.65,1,0.1143,1,-1.0167,4.7203,0
2026-04-22 09:15:00,1353.4,1357.9,1351.5,1351.5,333395,1353.6109,1355.8034,1355.6617,-1,-2.0098,-1.5413,-0.4685,-1,17.3515,16.2852,21.4178,37.3518,0,11.5789,17.5547,-0.2436,1365.6294,1347.8906,1356.76,0.0131,0.2035,3.9631,1355.674,-1,9881464,1206567.15,0,0.2969,-1,-1.1483,4.581,1
2026-04-22 09:30:00,1351.3,1355.0,1351.3,1354.1,226610,1353.7087,1355.6485,1355.6005,-1,-1.8733,-1.6077,-0.2656,-1,17.1474,15.194,20.3449,44.8694,0,43.0233,25.6943,-0.0812,1363.626,1348.584,1356.105,0.0111,0.3667,3.9443,1355.3657,-1,10108074,1182027.15,0,0.7568,1,-0.9582,4.7822,0
2026-04-22 09:45:00,1354.1,1354.2,1350.7,1352.0,314052,1353.367,1355.3168,1355.4593,-1,-1.9125,-1.6687,-0.2438,-1,17.1525,14.2232,20.1403,40.6287,0,21.3333,25.3118,-0.0813,1361.27,1349.46,1355.365,0.0087,0.2151,3.9126,1354.9424,-1,9794022,1161090.85,0,0.6,-1,-1.1118,4.6197,1
2026-04-22 10:00:00,1351.6,1356.6,1350.2,1356.0,389898,1353.8936,1355.3789,1355.4805,-1,-1.6023,-1.6554,0.0531,1,16.1464,16.8247,17.8894,50.2699,0,75.3247,46.5604,0.1699,1360.2678,1349.9022,1355.085,0.0076,0.5883,4.0903,1354.7658,1,10183920,1157607.75,0,0.6875,1,-0.8192,4.9292,1
2026-04-22 10:15:00,1355.9,1359.6,1355.9,1358.0,361876,1354.7149,1355.6172,1355.5793,-1,-1.1815,-1.5606,0.3791,1,15.8033,21.005,16.7255,54.2686,0,82.9787,59.8789,0.4364,1359.6889,1350.2211,1354.955,0.007,0.8216,4.0624,1354.5941,1,10545796,1127486.9,0,0.5676,1,-0.6729,5.084,1
2026-04-22 10:30:00,1357.8,1360.3,1357.1,1359.8,250596,1355.7319,1355.9975,1355.7448,-1,-0.6948,-1.3875,0.6927,1,15.6995,21.0547,15.77,57.575,0,95.0495,84.451,0.3098,1359.6369,1350.2531,1354.945,0.0069,1.0174,4.0008,1354.4806,1,10796392,1108163.8,0,0.625,1,-0.5413,5.2232,1
2026-04-22 10:45:00,1359.8,1363.2,1359.6,1362.2,452481,1357.0255,1356.5613,1355.998,1,-0.114,-1.1328,1.0187,1,16.4077,24.9066,14.7491,61.5651,0,92.3077,90.112,0.6428,1360.4643,1349.7257,1355.095,0.0079,1.1616,3.9722,1354.427,1,11248873,1092992.75,0,0.6667,1,-0.3657,5.409,1
2026-04-22 11:00:00,1362.3,1365.3,1361.4,1363.9,631134,1358.4004,1357.2285,1356.3078,1,0.4778,-0.8106,1.2885,1,17.5595,26.9388,13.7134,64.138,0,90.7285,92.6952,0.7684,1361.9875,1348.8725,1355.43,0.0097,1.1458,3.967,1354.5602,1,11880007,1084928.15,0,0.4103,1,-0.2414,5.5405,0
2026-04-22 11:15:00,1364.0,1364.4,1362.6,1363.3,332832,1359.3803,1357.7804,1356.5821,1,0.8883,-0.4709,1.3591,1,18.6291,26.0302,13.2509,62.5466,0,86.755,89.9304,0.7762,1363.1586,1348.3714,1355.765,0.0109,1.0096,3.8122,1354.5599,1,11547175,1042572.8,0,0.3889,-1,-0.2853,5.4941,0
2026-04-22 11:30:00,1363.2,1363.6,1361.5,1362.6,257715,1360.0243,1358.2186,1356.818,1,1.1439,-0.1479,1.2918,1,19.1159,24.9721,14.8416,60.6556,0,82.1192,86.5342,0.6872,1364.014,1348.086,1356.05,0.0117,0.9112,3.6899,1354.5798,1,11289460,1014092.5,0,0.2857,-1,-0.3365,5.4399,1
2026-04-22 11:45:00,1362.3,1363.7,1361.5,1363.7,210466,1360.7594,1358.7169,1357.0879,1,1.4188,0.1654,1.2534,1,19.5957,24.0763,14.1907,62.5706,0,89.404,86.0927,0.9027,1365.0988,1347.8912,1356.495,0.0127,0.9187,3.5835,1354.6049,1,11499926,952011.2,0,0.6364,1,-0.256,5.525,0
2026-04-22 12:00:00,1363.6,1364.6,1362.1,1363.6,268404,1361.3275,1359.1608,1357.3433,1,1.6101,0.4544,1.1558,1,20.2958,24.6836,13.468,62.2739,0,88.7417,86.755,0.7016,1366.0299,1347.8001,1356.915,0.0134,0.8667,3.5061,1354.735,1,11231522,912975.55,0,0.0,1,-0.2633,5.5173,0
2026-04-22 12:15:00,1363.2,1364.0,1361.7,1362.3,308568,1361.522,1359.4462,1357.5377,1,1.6379,0.6911,0.9469,1,20.7381,23.4979,13.6565,58.3966,0,80.1325,86.0927,0.7618,1366.6012,1348.1488,1357.375,0.0136,0.7669,3.42,1354.8953,1,10922954,883933.15,0,0.3913,-1,-0.3584,5.4167,1
2026-04-22 12:30:00,1362.3,1364.0,1361.6,1362.9,256756,1361.7976,1359.7602,1357.748,1,1.6889,0.8907,0.7983,1,21.0945,22.2944,13.1704,59.6455,0,84.106,84.3267,0.5088,1367.1988,1348.4712,1357.835,0.0138,0.7705,3.3471,1355.085,1,11179710,848664.05,0,0.25,1,-0.3145,5.4631,1
2026-04-22 12:45:00,1362.7,1364.3,1361.6,1363.5,245805,1362.1381,1360.1002,1357.9735,1,1.7575,1.064,0.6935,1,21.5265,21.641,12.4009,60.9091,0,88.0795,84.106,0.405,1367.6906,1349.1194,1358.405,0.0137,0.7744,3.3009,1355.4186,1,11425515,794138.8,0,0.2963,1,-0.2706,5.5096,0
2026-04-22 13:00:00,1363.3,1364.4,1362.1,1363.4,302299,1362.3905,1360.4001,1358.1863,1,1.7832,1.2079,0.5753,1,21.9631,20.7613,11.7701,60.5687,0,87.4172,86.5342,0.2647,1368.2306,1349.3594,1358.795,0.0139,0.744,3.2294,1355.6711,1,11123216,745580.6,0,0.0435,1,-0.2779,5.5018,0
2026-04-22 13:15:00,1363.5,1363.7,1359.6,1361.7,361035,1362.2524,1360.5183,1358.3241,1,1.6474,1.2958,0.3516,1,20.9578,18.9141,16.148,54.9464,0,76.1589,83.8852,-0.0367,1368.394,1350.016,1359.205,0.0135,0.6358,3.2916,1355.8842,1,10762181,725194.6,0,0.439,-1,-0.4023,5.3703,0
2026-04-22 13:30:00,1361.7,1362.0,1360.4,1361.4,237679,1362.0819,1360.5985,1358.4448,1,1.4983,1.3363,0.162,1,20.0243,18.2324,15.5659,53.9939,0,58.5106,74.0289,-0.1833,1368.4469,1350.7531,1359.6,0.013,0.6017,3.1707,1356.0906,1,10524502,699142.45,0,0.1875,-1,-0.4242,5.3471,0
2026-04-22 13:45:00,1361.4,1361.8,1359.4,1361.0,225296,1361.8655,1360.635,1358.545,1,1.3325,1.3355,-0.003,-1,18.6414,17.2292,17.002,52.6826,0,47.561,60.7435,-0.1687,1368.3009,1351.7191,1360.01,0.0122,0.5597,3.1157,1358.7381,1,10299206,391742.75,0,0.1667,-1,-0.4535,5.3161,0
2026-04-22 14:00:00,1361.1,1361.7,1359.0,1360.1,315309,1361.5124,1360.5863,1358.6059,1,1.1157,1.2916,-0.1759,-1,17.4641,16.1525,16.8653,49.7545,0,17.4603,41.1773,-0.1835,1368.049,1352.651,1360.35,0.0113,0.4838,3.086,1360.2435,-1,9983897,314110.3,0,0.3704,-1,-0.5193,5.2465,0
2026-04-22 14:15:00,1360.6,1360.9,1358.6,1359.9,361134,1361.1899,1360.5239,1358.6567,1,0.9171,1.2167,-0.2996,-1,16.5758,15.2766,16.8939,49.1015,0,19.403,28.1414,-0.2787,1367.3232,1354.2168,1360.77,0.0096,0.4336,3.0299,1360.5674,-1,9622763,315497.25,0,0.3043,-1,-0.5339,5.231,1
2026-04-22 14:30:00,1359.9,1361.0,1359.4,1360.7,332135,1361.0919,1360.5399,1358.7368,1,0.8148,1.1363,-0.3214,-1,15.6921,14.9243,16.2344,51.8254,0,35.0,23.9544,-0.2127,1366.8976,1355.3024,1361.1,0.0085,0.4655,2.9277,1360.8078,-1,9954898,320773.5,0,0.5,1,-0.4754,5.2929,1
2026-04-22 14:45:00,1360.7,1363.0,1360.4,1362.3,464900,1361.3336,1360.7,1358.8766,1,0.8531,1.0797,-0.2265,-1,15.345,18.8887,15.1963,56.8045,0,61.6667,38.6899,0.0,1365.6495,1357.5805,1361.615,0.0059,0.5849,2.9043,1361.292,1,10419798,328315.9,0,0.6154,1,-0.3584,5.3515,1
2026-04-22 15:00:00,1362.2,1363.5,1360.0,1363.5,865460,1361.7668,1360.9545,1359.0579,1,0.9691,1.0575,-0.0885,-1,15.2609,18.4982,13.9071,60.1326,0,81.6667,59.4444,0.044,1365.1711,1358.8089,1361.99,0.0047,0.7373,2.9469,1361.809,1,11285258,352094.0,1,0.3714,1,-0.2706,5.4443,0
2026-04-22 15:15:00,1363.4,1365.9,1360.1,1362.0,815977,1361.8135,1361.0495,1359.1732,1,0.9293,1.0319,-0.1026,-1,16.1761,21.5069,12.0784,54.4819,0,46.5753,63.3029,-0.11,1364.793,1359.587,1362.19,0.0038,0.4635,3.1507,1362.0943,-1,10469281,374799.05,1,0.2414,-1,-0.3803,5.3283,0
2026-04-23 09:15:00,1352.2,1355.3,1347.7,1354.9,544870,1360.4308,1360.4905,1359.0057,-1,0.3211,0.8897,-0.5686,-1,17.3523,15.9413,31.3927,36.8367,0,39.5604,55.9341,-0.6234,1365.9477,1357.9423,1361.945,0.0059,-0.38,3.947,1361.53,-1,9924411,389512.75,0,0.3553,1,-0.8996,4.7792,0
2026-04-23 09:30:00,1354.9,1354.9,1352.3,1353.7,562534,1359.0846,1359.8732,1358.7976,-1,-0.2548,0.6608,-0.9156,-1,18.4446,15.1725,29.8787,34.7861,1,32.967,39.7009,-0.5875,1366.8942,1356.1458,1361.52,0.0079,-0.2275,3.8508,1360.9599,-1,9361877,395015.4,0,0.4615,-1,-0.9874,4.6864,0
2026-04-23 09:45:00,1353.0,1354.7,1352.2,1352.5,362952,1357.7677,1359.2029,1358.5506,-1,-0.7988,0.3689,-1.1677,-1,19.48,14.4508,28.6478,32.8186,1,26.3736,32.967,-0.6537,1367.4862,1354.4138,1360.95,0.0096,-0.1464,3.7543,1360.3748,-1,8998925,381606.3,0,0.2,-1,-1.0752,4.5936,1
2026-04-23 10:00:00,1352.8,1353.9,1352.0,1352.9,488086,1356.7942,1358.6299,1358.329,-1,-1.184,0.0583,-1.2423,-1,20.4866,13.9093,27.9688,34.1554,1,28.5714,29.304,-0.5952,1367.7441,1353.1159,1360.43,0.0108,-0.0148,3.6219,1359.7777,-1,9487011,389369.0,0,0.0526,1,-1.0459,4.6165,0
2026-04-23 10:15:00,1353.0,1354.4,1351.6,1352.0,328697,1355.8353,1358.0272,1358.0808,-1,-1.5441,-0.2622,-1.2819,-1,21.1853,14.1309,26.3989,32.5843,1,23.6264,26.1905,-0.5955,1368.0021,1351.7979,1359.9,0.0119,0.0125,3.5632,1359.3888,-1,9158314,392918.1,0,0.3571,-1,-1.1118,4.5469,0
2026-04-23 10:30:00,1351.6,1352.0,1347.1,1347.6,640457,1354.1883,1357.0793,1357.6698,-1,-2.1597,-0.6417,-1.518,-1,22.7972,12.7791,32.6589,26.2314,1,2.6596,18.2858,-0.9045,1368.604,1349.586,1359.095,0.014,-0.1044,3.6587,1358.4875,-1,8517857,414417.65,1,0.8163,-1,-1.4336,4.1422,1
2026-04-23 10:45:00,1347.8,1348.3,1344.1,1348.2,680261,1352.9906,1356.2721,1357.2985,-1,-2.5694,-1.0272,-1.5422,-1,24.7837,11.7422,35.8047,28.2847,1,18.8073,15.0311,-0.9186,1368.7044,1347.9456,1358.325,0.0153,0.0123,3.6973,1357.4263,-1,9198118,435010.5,1,0.0952,1,-1.3897,4.1886,0
2026-04-23 11:00:00,1348.2,1348.5,1346.4,1346.7,454955,1351.7325,1355.4019,1356.8828,-1,-2.9809,-1.4179,-1.5629,-1,26.5349,11.6494,34.3058,26.3128,1,11.9266,11.1312,-1.1451,1368.9101,1346.1799,1357.545,0.0167,0.0229,3.5832,1356.7176,-1,8743163,442329.85,0,0.7143,-1,-1.4994,4.0726,0
2026-04-23 11:15:00,1346.7,1347.8,1345.3,1345.8,408479,1350.546,1354.529,1356.4482,-1,-3.341,-1.8026,-1.5385,-1,28.3381,11.056,34.7996,25.1786,1,7.7982,12.844,-1.2981,1368.8595,1344.5205,1356.69,0.0179,0.0526,3.5059,1356.0702,-1,8334684,449916.0,0,0.36,-1,-1.5652,4.0031,1
2026-04-23 11:30:00,1345.8,1347.5,1345.2,1346.0,302993,1349.6368,1353.7536,1356.0385,-1,-3.5692,-2.1559,-1.4133,-1,30.0288,10.5249,33.3367,25.9426,1,8.7156,9.4801,-1.1747,1368.4092,1343.2208,1355.815,0.0186,0.1103,3.4197,1355.5493,-1,8637677,452775.4,0,0.087,1,-1.5506,4.0185,1
2026-04-23 11:45:00,1346.0,1348.8,1345.7,1347.7,277496,1349.2494,1353.2033,1355.7115,-1,-3.5717,-2.439,-1.1326,-1,30.9202,12.5724,31.1636,32.2727,1,16.5138,11.0092,-0.5314,1367.5923,1342.4677,1355.03,0.0185,0.2083,3.3969,1355.0394,-1,8915173,451535.25,0,0.5484,1,-1.4263,4.1499,1
2026-04-23 12:00:00,1347.7,1351.8,1347.0,1351.5,378732,1349.6995,1353.0484,1355.5463,-1,-3.2297,-2.5972,-0.6326,-1,30.3793,17.4673,28.1083,43.8302,0,33.945,19.7248,-0.1625,1366.7824,1342.2576,1354.52,0.0181,0.3769,3.4971,1354.5683,-1,9293905,452420.1,0,0.7917,1,-1.1483,4.4436,0
2026-04-23 12:15:00,1351.5,1352.0,1348.1,1348.5,325003,1349.4596,1352.6349,1355.27,-1,-3.1644,-2.7106,-0.4538,-1,29.7929,16.4924,25.8876,38.2768,0,20.1835,23.5474,-0.2957,1365.978,1341.772,1353.875,0.0179,0.2779,3.5259,1354.2149,-1,8968902,456786.3,0,0.7692,-1,-1.3678,4.0831,1
2026-04-23 12:30:00,1348.9,1349.9,1346.2,1349.0,456853,1349.3677,1352.3045,1355.0241,-1,-3.0372,-2.7759,-0.2613,-1,29.7436,15.2606,27.7895,39.6493,0,43.75,32.6261,-0.2883,1365.0921,1341.4579,1353.275,0.0175,0.3191,3.5383,1353.7729,-1,9425755,468364.15,0,0.027,1,-1.3312,4.1216,1
2026-04-23 12:45:00,1349.2,1351.6,1347.0,1351.3,234987,1349.7542,1352.2132,1354.8781,-1,-2.7195,-2.7647,0.0451,1,28.9688,17.233,25.2631,45.6374,0,66.6667,43.5334,-0.0518,1364.2514,1341.4186,1352.835,0.0169,0.4328,3.6142,1353.4561,-1,9660742,464348.05,0,0.4565,1,-1.163,4.2992,1
2026-04-23 13:00:00,1351.5,1352.7,1350.5,1352.2,182899,1350.2433,1352.212,1354.7731,-1,-2.3678,-2.6853,0.3175,1,27.8059,18.6986,24.1331,47.8193,0,76.4151,62.2773,0.3413,1363.3971,1341.5029,1352.45,0.0162,0.4886,3.5132,1353.1713,-1,9843641,455436.3,0,0.3182,1,-1.0971,4.3686,1
2026-04-23 13:15:00,1352.2,1355.0,1351.1,1352.8,673879,1350.7547,1352.2654,1354.6957,-1,-2.0174,-2.5517,0.5343,1,25.8792,21.8673,22.2344,49.2807,0,79.8165,74.2994,0.3412,1362.3324,1341.7776,1352.055,0.0152,0.5362,3.5408,1352.9039,-1,10517520,472523.5,0,0.1538,1,-1.0532,4.3022,0
2026-04-23 13:30:00,1352.6,1353.0,1349.1,1350.3,1029976,1350.6637,1352.0868,1354.5233,-1,-1.9193,-2.4252,0.5059,1,24.7254,20.1593,24.5033,43.7788,0,56.8807,71.0374,0.2673,1360.6098,1342.3002,1351.455,0.0135,0.4369,3.5664,1352.2699,-1,9487544,500777.3,1,0.5897,-1,-1.2361,3.8213,1
2026-04-23 13:45:00,1350.3,1353.3,1349.8,1352.5,220249,1351.031,1352.1243,1354.444,-1,-1.6451,-2.2692,0.6241,1,23.5421,19.3459,22.7834,49.1581,0,77.0642,71.2538,0.4978,1358.24,1343.57,1350.905,0.0109,0.6087,3.5617,1351.331,1,9707793,468516.75,0,0.6286,1,-1.0752,3.7273,0
2026-04-23 14:00:00,1352.6,1352.6,1349.0,1349.4,737865,1350.7048,1351.8767,1354.2462,-1,-1.6588,-2.1471,0.4883,1,22.7018,17.9503,22.7429,42.9256,0,48.6239,60.8563,0.2526,1355.571,1344.979,1350.275,0.0078,0.4174,3.5644,1350.2563,-1,8969928,464611.15,1,0.8889,-1,-1.3019,3.2836,0
2026-04-23 14:15:00,1349.1,1351.2,1345.6,1346.2,578237,1349.8038,1351.3606,1353.9306,-1,-1.9059,-2.0989,0.193,1,22.8841,16.0149,26.837,37.6229,0,10.2041,45.2974,-0.1113,1354.9716,1344.7084,1349.84,0.0076,0.1453,3.7098,1349.9569,-1,8391691,466279.5,0,0.5179,-1,-1.536,2.6537,0
2026-04-23 14:30:00,1346.2,1347.0,1343.0,1343.7,483132,1348.5831,1350.6642,1353.5294,-1,-2.2772,-2.1345,-0.1427,-1,23.6501,14.7883,29.7598,34.0807,1,5.8333,21.5538,-0.5771,1354.8075,1343.8725,1349.34,0.0081,-0.0158,3.7306,1349.4515,-1,7908559,462309.4,0,0.625,-1,-1.7188,2.463,1
2026-04-23 14:45:00,1343.7,1345.2,1342.5,1343.9,628687,1347.6465,1350.0493,1353.1518,-1,-2.5262,-2.2129,-0.3133,-1,24.4686,14.0084,29.167,34.6111,1,11.2,9.0791,-0.3411,1354.6611,1343.1589,1348.91,0.0085,0.0644,3.6569,1348.9419,-1,8537246,475596.15,0,0.0741,1,-1.7042,2.4783,0
2026-04-23 15:00:00,1343.6,1346.6,1340.8,1341.9,2972400,1346.4972,1349.3084,1352.7105,-1,-2.852,-2.3407,-0.5113,-1,25.5832,12.4852,29.1826,31.8513,1,7.7465,8.2599,-0.5263,1354.5656,1342.1544,1348.36,0.0092,-0.0205,3.81,1347.332,-1,5564846,599811.85,1,0.2931,-1,-1.8505,2.3258,1
2026-04-23 15:15:00,1342.0,1344.6,1340.7,1344.4,1335880,1346.0777,1348.8622,1352.3846,-1,-2.8754,-2.4476,-0.4278,-1,26.6388,11.5739,27.2396,38.4573,0,25.8741,14.9402,-0.5106,1354.1783,1341.7817,1347.98,0.0092,0.2112,3.8164,1346.7761,-1,6900726,650171.0,1,0.6154,1,-1.6676,2.5164,0
2026-04-24 09:15:00,1341.1,1345.0,1337.4,1338.4,503394,1344.5422,1347.9111,1351.8362,-1,-3.3396,-2.626,-0.7135,-1,28.2422,10.0365,29.3891,30.7525,1,5.6818,13.1008,-1.0206,1354.9965,1340.0435,1347.52,0.0111,-0.1099,4.0867,1346.4157,-1,6397332,643317.85,0,0.3553,-1,-2.1065,2.0589,0
2026-04-24 09:30:00,1338.2,1340.5,1335.5,1335.5,537337,1342.7337,1346.7828,1351.1956,-1,-3.8965,-2.8801,-1.0164,-1,30.0335,9.1731,30.1298,27.8484,1,0.0,10.5186,-1.2788,1356.0003,1337.7697,1346.885,0.0135,-0.1245,4.1519,1346.001,-1,5859995,636171.65,0,0.54,-1,-2.3186,1.8377,1
2026-04-24 09:45:00,1335.8,1338.5,1334.3,1337.7,362427,1341.727,1345.9571,1350.6663,-1,-4.113,-3.1267,-0.9863,-1,31.8754,8.5109,30.0173,33.0163,1,16.4251,7.369,-0.9331,1356.3922,1336.4778,1346.435,0.0148,0.0614,4.1554,1345.6948,-1,6222422,631545.25,0,0.4524,1,-2.1577,2.0055,1
2026-04-24 10:00:00,1337.7,1338.9,1337.3,1338.3,460325,1341.0416,1345.261,1350.1814,-1,-4.1878,-3.3389,-0.8489,-1,33.3759,8.9852,29.1538,34.3964,1,19.3237,11.9163,-1.0499,1356.6306,1335.4894,1346.06,0.0157,0.1329,3.9728,1345.402,-1,6682747,634137.55,0,0.375,1,-2.1138,2.0512,0
2026-04-24 10:15:00,1337.7,1338.2,1333.0,1335.8,786737,1339.9933,1344.4009,1349.6174,-1,-4.3982,-3.5508,-0.8474,-1,35.3722,8.149,33.9914,31.4855,1,12.7273,16.1587,-1.0079,1357.0282,1334.0718,1345.55,0.0171,0.0753,4.0676,1344.8012,-1,5896010,658324.75,0,0.3654,-1,-2.2967,1.8606,0
2026-04-24 10:30:00,1335.5,1336.2,1333.0,1333.5,222934,1338.6946,1343.4099,1348.9854,-1,-4.6963,-3.7799,-0.9164,-1,37.2259,7.684,32.0517,29.0498,1,2.4631,11.5047,-0.9434,1357.4038,1332.2762,1344.84,0.0187,0.0487,4.0057,1344.5665,-1,5673076,655596.65,0,0.625,-1,-2.4649,1.6852,0
2026-04-24 10:45:00,1333.5,1334.2,1331.3,1331.7,323435,1337.2957,1342.3454,1348.3075,-1,-5.02,-4.0279,-0.9921,-1,39.157,7.2786,33.4533,27.2717,1,1.8182,5.6695,-0.8931,1357.2511,1330.4489,1343.85,0.0199,0.0467,3.9267,1344.1046,-1,5349641,652831.8,0,0.6207,-1,-2.5965,1.548,1
2026-04-24 11:00:00,1331.7,1332.4,1329.4,1332.1,321969,1336.2566,1341.414,1347.6719,-1,-5.1845,-4.2592,-0.9252,-1,41.1639,6.8746,35.1119,28.3216,1,11.6379,5.3064,-0.878,1357.1788,1328.8812,1343.03,0.0211,0.1137,3.8605,1343.6536,-1,5671610,652680.1,0,0.1333,1,-2.5673,1.5785,1
2026-04-24 11:15:00,1332.1,1335.8,1330.5,1335.5,428112,1336.1052,1340.8763,1347.1946,-1,-4.983,-4.404,-0.579,-1,41.3676,12.3456,31.758,36.6884,0,27.9817,13.8126,-0.4769,1356.588,1328.122,1342.355,0.0212,0.2592,3.9633,1343.1688,-1,6099722,651243.05,0,0.6415,1,-2.3186,1.8377,0
2026-04-24 11:30:00,1335.6,1336.1,1332.5,1334.5,416073,1335.7842,1340.2967,1346.6968,-1,-4.8482,-4.4928,-0.3554,-1,41.4227,12.0835,29.684,35.3803,0,28.9773,22.8656,-0.7364,1355.5183,1327.5117,1341.515,0.0209,0.2495,3.9374,1342.7705,-1,5683649,660297.35,0,0.3056,-1,-2.3917,1.7615,0
2026-04-24 11:45:00,1334.5,1335.7,1331.4,1331.6,316370,1334.9474,1339.5061,1346.1047,-1,-4.9186,-4.578,-0.3406,-1,41.6761,11.1471,29.366,31.8354,1,12.7907,23.2499,-0.5081,1354.221,1326.749,1340.485,0.0205,0.1766,3.9633,1342.4126,-1,5367279,666970.9,0,0.6744,-1,-2.6039,1.5403,1
2026-04-24 12:00:00,1332.0,1333.3,1331.3,1332.8,172162,1334.5179,1338.8964,1345.583,-1,-4.822,-4.6268,-0.1952,-1,41.9301,10.7306,28.4555,34.7488,1,19.7674,20.5118,-0.2022,1352.3752,1326.5948,1339.485,0.0192,0.2407,3.823,1341.7252,-1,5539441,641885.05,0,0.4,1,-2.5161,1.6318,0
2026-04-24 12:15:00,1333.0,1333.7,1327.5,1327.7,333294,1333.1543,1337.8786,1344.8817,-1,-5.0982,-4.7211,-0.3772,-1,42.8047,9.5404,32.0974,29.0634,1,1.1429,11.2337,-0.7476,1351.2171,1325.4929,1338.355,0.0192,0.0858,3.9928,1340.6234,-1,5206147,607050.95,0,0.8548,-1,-2.8891,1.2429,1
2026-04-24 12:30:00,1327.7,1330.5,1326.8,1329.2,420094,1332.3634,1337.0896,1344.2667,-1,-5.1369,-4.8042,-0.3326,-1,43.7195,8.9056,31.2205,32.5585,1,13.1868,11.3657,-0.68,1348.8841,1325.4959,1337.19,0.0175,0.1584,3.9719,1340.0214,-1,5626241,617043.2,0,0.4054,1,-2.7794,1.3573,1
2026-04-24 12:45:00,1329.2,1331.4,1328.5,1330.0,197961,1331.8908,1336.4451,1343.7072,-1,-5.0448,-4.8523,-0.1925,-1,44.1063,10.0823,29.5603,34.4145,1,23.3577,12.5624,-0.4342,1346.8741,1325.5659,1336.22,0.0159,0.2081,3.8953,1339.208,-1,5824202,590048.0,0,0.2759,1,-2.7209,1.4183,0
2026-04-24 13:00:00,1330.2,1330.2,1327.7,1328.9,367942,1331.2926,1335.7592,1343.1266,-1,-5.0029,-4.8825,-0.1205,-1,44.6046,9.608,29.675,33.067,1,17.3554,17.9666,-0.345,1345.4205,1325.2895,1335.355,0.0151,0.1793,3.7957,1338.4598,-1,5456260,579533.25,0,0.52,-1,-2.8013,1.3345,1
2026-04-24 13:15:00,1328.9,1333.0,1328.2,1332.7,410269,1331.5741,1335.4811,1342.7177,-1,-4.6099,-4.828,0.218,1,43.7053,13.9277,27.0443,41.5772,0,48.7603,29.8245,0.0751,1344.1637,1325.4463,1334.805,0.014,0.3875,3.8674,1337.9486,-1,5866529,575890.1,0,0.7917,1,-2.5234,1.6242,0
2026-04-24 13:30:00,1332.6,1332.9,1328.7,1330.0,465649,1331.2593,1334.9828,1342.2189,-1,-4.4649,-4.7553,0.2904,1,42.8701,12.8539,24.9592,37.8908,0,28.0702,31.3953,-0.1576,1342.6965,1325.5235,1334.11,0.0129,0.2607,3.8912,1337.3169,-1,5400880,567738.2,0,0.619,-1,-2.7209,1.4183,0
2026-04-24 13:45:00,1330.0,1331.1,1329.7,1329.8,543652,1330.9674,1334.5116,1341.7319,-1,-4.3164,-4.6676,0.3512,1,42.0947,12.5077,24.287,37.6247,0,31.9149,36.2485,-0.4268,1341.4951,1325.5149,1333.505,0.012,0.2682,3.7132,1334.9576,-1,4857228,446300.8,0,0.1429,-1,-2.7355,1.4031,0
2026-04-24 14:00:00,1329.8,1330.1,1327.7,1328.2,380650,1330.4139,1333.9378,1341.2013,-1,-4.2784,-4.5897,0.3113,1,41.8661,11.9153,27.0837,35.478,0,15.0538,25.0129,-0.4721,1339.2605,1326.1295,1332.695,0.0099,0.1577,3.6194,1333.2702,-1,4476578,398539.3,0,0.6667,-1,-2.8525,1.2811,1
2026-04-24 14:15:00,1327.9,1329.5,1327.5,1329.3,179940,1330.1911,1333.5162,1340.7345,-1,-4.1122,-4.4942,0.382,1,41.7009,11.4295,26.3871,38.0932,0,26.8817,24.6168,-0.1727,1338.4104,1326.0696,1332.24,0.0093,0.2618,3.5038,1332.7037,-1,4656518,382366.6,0,0.7,1,-2.7721,1.365,0
2026-04-24 14:30:00,1329.1,1330.3,1327.6,1328.5,386763,1329.8529,1333.0602,1340.2548,-1,-3.9989,-4.3952,0.3962,1,41.1051,12.448,24.9105,36.9211,0,18.2796,20.0717,-0.3226,1338.0751,1325.7049,1331.89,0.0093,0.226,3.4463,1332.1824,-1,4269755,374837.9,0,0.2222,-1,-2.8306,1.3039,0
2026-04-24 14:45:00,1328.5,1328.8,1327.7,1328.3,420947,1329.5423,1332.6275,1339.7859,-1,-3.8805,-4.2922,0.4117,1,40.5518,12.1497,24.3136,36.6178,0,16.129,20.4301,0.0452,1337.1818,1325.6582,1331.42,0.0087,0.2293,3.2787,1331.7411,-1,3848808,377763.9,0,0.1818,-1,-2.8452,1.2887,0
2026-04-24 15:00:00,1328.2,1328.5,1325.5,1327.5,809024,1329.1339,1332.1613,1339.3041,-1,-3.8074,-4.1953,0.3879,1,40.6283,11.3507,27.5369,35.3662,0,19.6078,18.0055,-0.1279,1335.9434,1325.8166,1330.88,0.0076,0.1662,3.2588,1330.8987,-1,3039784,395198.85,1,0.2333,-1,-2.9037,1.2277,1
2026-04-24 15:15:00,1327.5,1331.9,1327.4,1331.0,813063,1329.5071,1332.0558,1338.9785,-1,-3.4275,-4.0417,0.6142,1,38.9688,17.5157,24.8928,44.3312,0,67.0732,34.27,0.0752,1335.1754,1326.1046,1330.64,0.0068,0.5397,3.3475,1330.3438,1,3852847,396515.15,1,0.7778,1,-2.6477,1.4946,0
2026-04-27 09:15:00,1312.3,1330.9,1311.1,1326.7,907037,1328.9457,1331.5689,1338.497,-1,-3.4338,-3.9201,0.4863,1,40.1951,12.0194,42.7843,37.4572,0,69.0265,51.9025,-0.1656,1334.945,1325.655,1330.3,0.007,0.1125,4.5298,1329.4594,-1,2945810,430720.3,1,0.7273,1,-2.9623,1.1667,0
2026-04-27 09:30:00,1326.7,1327.7,1324.2,1324.7,906820,1328.0965,1330.9444,1337.9559,-1,-3.5592,-3.8479,0.2888,1,41.3337,11.3451,40.3841,34.7576,1,62.1005,66.0667,-0.6003,1335.1429,1324.7571,1329.95,0.0078,-0.0055,4.4563,1328.9689,-1,2038990,459889.55,1,0.5714,-1,-3.1085,1.0142,1
2026-04-27 09:45:00,1325.4,1342.7,1325.4,1342.4,1592015,1330.9572,1331.9858,1338.1302,-1,-2.2049,-3.5193,1.3145,1,38.6708,28.4104,30.8108,61.324,0,99.0506,76.7259,0.9323,1337.9471,1322.9829,1330.465,0.0112,1.2976,5.4237,1330.0933,1,3631005,523391.85,1,0.9827,1,-1.8139,2.3639,0
2026-04-27 10:00:00,1342.8,1344.8,1338.4,1339.3,781938,1332.6258,1332.6508,1338.1761,-1,-1.366,-3.0887,1.7227,1,35.975,28.7767,28.2468,56.9501,0,83.6795,81.6102,0.7144,1338.8023,1322.5077,1330.655,0.0122,1.0305,5.4934,1330.7174,1,2849067,541083.15,0,0.5469,-1,-2.0407,2.1275,0
2026-04-27 10:15:00,1339.0,1341.5,1336.3,1336.9,447105,1333.4806,1333.0371,1338.126,1,-0.8846,-2.6478,1.7632,1,33.6925,26.8236,29.0706,53.7535,0,76.5579,86.4293,0.655,1339.2108,1322.3392,1330.775,0.0127,0.863,5.4724,1330.8871,1,2401962,542634.75,0,0.4038,-1,-2.2162,1.9445,0
2026-04-27 10:30:00,1337.1,1337.1,1332.9,1335.8,636992,1333.9445,1333.2882,1338.0348,1,-0.5851,-2.2353,1.6502,1,32.1131,25.3283,31.9628,52.3045,0,73.2938,77.8437,0.489,1339.6971,1322.2729,1330.985,0.0131,0.7763,5.3816,1331.0798,1,1764970,558665.85,0,0.3095,-1,-2.2967,1.8606,1
2026-04-27 10:45:00,1335.8,1340.6,1334.4,1337.3,1366055,1334.6156,1333.6529,1338.006,1,-0.2242,-1.8331,1.6089,1,30.0064,27.8619,29.3608,54.1208,0,77.7448,75.8655,0.6624,1340.3213,1322.0987,1331.21,0.0137,0.8342,5.44,1331.7623,1,3131025,618360.5,1,0.2419,1,-2.187,1.975,0
2026-04-27 11:00:00,1337.1,1337.7,1335.0,1336.7,425375,1335.0325,1333.9299,1337.9548,1,0.0133,-1.4638,1.4771,1,28.0502,26.8373,28.2811,53.2473,0,75.9644,75.6677,0.6324,1340.9212,1322.3988,1331.66,0.0139,0.7721,5.2443,1331.9799,1,2705650,622964.55,0,0.1481,-1,-2.2308,1.9292,1
2026-04-27 11:15:00,1336.8,1339.3,1336.4,1337.1,420385,1335.446,1334.2181,1337.9213,1,0.2312,-1.1248,1.356,1,26.1589,27.9934,27.1272,53.7828,0,77.1513,76.9535,0.7232,1341.5341,1322.5759,1332.055,0.0142,0.7661,5.0769,1332.2756,1,3126035,622979.1,0,0.1034,1,-2.2016,1.9597,0
2026-04-27 11:30:00,1337.0,1337.4,1334.0,1335.1,573193,1335.3768,1334.2983,1337.8106,1,0.2396,-0.8519,1.0916,1,24.6271,26.622,29.2564,50.6583,0,71.2166,74.7774,0.308,1341.8286,1322.7914,1332.31,0.0143,0.6466,4.9571,1332.4552,1,2552842,641740.7,0,0.5588,-1,-2.3479,1.8072,1
2026-04-27 11:45:00,1335.2,1340.5,1333.5,1340.1,528986,1336.3214,1334.8257,1337.9004,1,0.6424,-0.553,1.1955,1,23.1242,28.3527,26.3898,57.332,0,86.0534,78.1405,1.01,1342.8279,1322.9121,1332.87,0.0149,0.863,5.103,1332.7819,1,3081828,649792.9,0,0.7,1,-1.9822,2.1885,1
2026-04-27 12:00:00,1340.1,1342.0,1338.2,1341.1,623177,1337.2771,1335.3961,1338.0259,1,1.0304,-0.2363,1.2668,1,22.0017,28.9552,24.9601,58.5398,0,89.0208,82.0969,1.238,1343.8728,1322.7072,1333.29,0.0159,0.869,5.0099,1333.189,1,3705005,660438.3,0,0.2632,1,-1.909,2.2648,1
2026-04-27 12:15:00,1341.6,1345.5,1340.2,1343.7,585045,1338.5617,1336.151,1338.2484,1,1.5301,0.1169,1.4132,1,21.5589,31.7458,23.0817,61.5846,0,94.7674,89.9472,0.0968,1345.3604,1322.5896,1333.975,0.0171,0.9271,5.0306,1333.7182,1,4290050,666408.1,0,0.3962,1,-1.7188,2.463,1
2026-04-27 12:30:00,1343.7,1351.0,1343.1,1349.7,785192,1340.7894,1337.3827,1338.6975,1,2.3828,0.5701,1.8127,1,21.9475,35.8278,20.594,67.5137,-1,96.7419,93.51,0.7765,1348.071,1321.869,1334.97,0.0196,1.0622,5.2356,1334.6817,1,5075242,678485.1,0,0.7595,1,-1.28,2.9205,0
2026-04-27 12:45:00,1349.6,1349.9,1346.4,1347.4,425901,1342.1115,1338.2934,1339.0388,1,2.8402,1.0241,1.8161,1,22.3084,34.0756,19.5868,63.4697,0,86.5672,92.6922,0.7854,1349.7026,1322.1574,1335.93,0.0206,0.9164,5.1116,1335.2634,1,4649341,680747.65,0,0.6286,-1,-1.4482,2.7452,1
2026-04-27 13:00:00,1347.4,1348.4,1345.1,1347.5,552086,1343.1892,1339.1304,1339.3706,1,3.1742,1.4541,1.72,1,22.3244,32.4634,20.5239,63.5718,0,86.3281,89.879,0.8759,1351.1352,1322.5448,1336.84,0.0214,0.8729,4.9822,1335.8102,1,5201427,699354.95,0,0.0303,1,-1.4409,2.7528,1
2026-04-27 13:15:00,1347.6,1350.9,1347.1,1350.0,545937,1344.5514,1340.1185,1339.7874,1,3.5991,1.8831,1.716,1,22.715,34.3103,19.3865,66.1227,-1,94.4751,89.1235,0.9497,1352.7628,1323.0672,1337.915,0.0222,0.907,4.8978,1336.5238,1,5747364,707313.65,0,0.6316,1,-1.258,2.9434,1
2026-04-27 13:30:00,1350.0,1354.0,1348.7,1354.0,387519,1346.4411,1341.3805,1340.3448,1,4.2101,2.3485,1.8616,1,23.5065,36.1684,17.8968,69.7702,-1,100.0,93.6011,1.2942,1354.9197,1323.4803,1339.2,0.0235,0.9707,4.9265,1337.2014,1,6134883,705642.25,0,0.7547,1,-0.9655,3.2484,1
2026-04-27 13:45:00,1354.2,1357.2,1351.9,1356.0,863214,1348.3529,1342.7095,1340.9587,1,4.8004,2.8389,1.9615,1,24.6415,38.0187,16.5289,71.4268,-1,95.0617,96.5123,1.4135,1356.9974,1324.2526,1340.625,0.0244,0.9695,4.9532,1338.861,1,6998097,708351.75,0,0.3396,1,-0.8192,3.4009,0
2026-04-27 14:00:00,1355.9,1358.2,1354.2,1356.0,735205,1349.8823,1343.9177,1341.5485,1,5.2081,3.3127,1.8954,1,25.8152,37.2573,15.5622,71.4268,-1,91.0931,95.3849,1.5654,1358.9207,1324.8293,1341.875,0.0254,0.9143,4.8851,1340.2679,1,7733302,704458.85,0,0.025,1,-0.8192,3.4009,1
2026-04-27 14:15:00,1355.8,1356.8,1354.0,1356.6,850656,1351.2258,1345.0707,1342.1388,1,5.5161,3.7534,1.7627,1,26.8454,35.684,15.2067,71.9614,-1,93.5223,93.2257,1.2313,1360.071,1326.669,1343.37,0.0249,0.8961,4.7362,1342.332,1,8583958,701639.8,0,0.2857,1,-0.7753,3.4467,1
2026-04-27 14:30:00,1356.7,1360.7,1354.0,1360.4,1257294,1353.0607,1346.4642,1342.8549,1,5.9977,4.2023,1.7954,1,28.2745,37.8946,13.7143,75.1344,-1,98.8971,94.5041,1.4391,1361.1071,1329.2029,1345.155,0.0237,0.9778,4.8764,1344.7928,1,9841252,719163.5,1,0.5522,1,-0.4974,3.7365,1
2026-04-27 14:45:00,1360.4,1368.0,1358.2,1365.3,1840615,1355.5085,1348.1766,1343.7351,1,6.6975,4.7013,1.9962,1,30.2941,42.7943,11.8781,78.5113,-1,92.1739,94.8644,1.6075,1364.4348,1328.1652,1346.3,0.0269,1.0239,5.2281,1348.054,1,11681867,731593.5,1,0.5,1,-0.139,4.1101,0
2026-04-27 15:00:00,1365.1,1365.7,1363.5,1365.1,2383586,1357.4268,1349.7151,1344.573,1,7.1535,5.1917,1.9618,1,32.1694,41.4525,11.5056,78.0454,-1,91.5942,94.2217,1.141,1367.163,1328.017,1347.59,0.029,0.9473,5.0118,1350.8558,1,9298281,811675.9,1,0.0,1,-0.1536,4.0949,1
2026-04-27 15:15:00,1365.1,1371.5,1364.6,1370.5,2194648,1360.0415,1351.6046,1345.5897,1,7.86,5.7254,2.1346,1,34.3574,45.5325,10.4038,81.2761,-1,96.997,93.5884,1.7144,1370.5757,1327.9643,1349.27,0.0316,0.9982,5.1467,1353.3679,1,11492929,899053.05,1,0.7826,1,0.0,4.5066,0
2026-04-28 09:15:00,1358.9,1367.6,1357.1,1363.8,1221567,1360.7932,1352.7133,1346.3038,1,7.7895,6.1382,1.6513,1,34.4477,37.935,18.007,67.9211,-1,75.3994,87.9969,1.2096,1371.931,1329.409,1350.67,0.0315,0.8088,5.7362,1354.6118,1,10271362,928281.8,0,0.4667,1,-0.4889,3.9957,1
2026-04-28 09:30:00,1363.8,1367.7,1361.7,1367.4,985101,1362.1145,1354.0484,1347.1311,1,7.9327,6.4971,1.4356,1,34.5426,35.2341,16.6661,70.7064,-1,85.5634,85.9866,1.2889,1373.697,1330.653,1352.175,0.0318,0.8537,5.7551,1356.4975,1,11256463,909234.1,0,0.6,1,-0.2262,4.2702,1
2026-04-28 09:45:00,1367.3,1368.7,1361.8,1368.4,1058580,1363.3716,1355.3531,1347.9652,1,8.0343,6.8045,1.2297,1,34.746,33.4828,15.2588,71.448,-1,88.2576,83.0734,1.0635,1375.1586,1332.3614,1353.76,0.0316,0.8421,5.8368,1357.5017,1,12315043,940894.35,0,0.1594,1,-0.1532,4.3465,0
2026-04-28 10:00:00,1368.3,1369.7,1362.5,1362.9,3375771,1363.2773,1356.0392,1348.5509,1,7.5835,6.9603,0.6232,1,35.0525,31.7847,13.9364,62.1315,0,67.4242,80.4151,0.5088,1375.3587,1334.7413,1355.05,0.03,0.6933,5.9342,1359.0537,1,8939272,1088663.65,1,0.75,-1,-0.5545,3.9271,1
2026-04-28 10:15:00,1362.6,1379.5,1362.3,1375.0,1729617,1365.6218,1357.7629,1349.5881,1,8.1092,7.1901,0.9191,1,36.2839,36.3774,11.3956,71.0692,-1,86.1111,80.5976,1.4012,1376.9579,1337.1321,1357.045,0.0293,0.9508,6.7389,1360.6391,1,10668889,1146484.85,1,0.7209,1,0.0,4.8498,1
2026-04-28 10:30:00,1375.0,1376.9,1373.6,1375.9,658764,1367.6775,1359.4117,1350.6199,1,8.5004,7.4522,1.0482,1,37.4274,35.0569,10.982,71.6061,-1,88.3117,80.6157,1.4227,1378.7694,1338.9006,1358.835,0.0293,0.928,6.4933,1361.5813,1,11327653,1152973.75,0,0.2727,1,0.0,4.9184,1
2026-04-28 10:45:00,1375.9,1383.4,1375.5,1382.6,858464,1370.662,1361.5198,1351.8741,1,9.2445,7.8106,1.4339,1,38.9775,39.098,10.0421,75.2829,-1,97.4603,90.6277,1.6319,1381.6514,1340.1686,1360.91,0.0305,1.0229,6.5938,1362.8443,1,12186117,1164738.1,0,0.8481,1,0.0,5.4293,1
2026-04-28 11:00:00,1383.1,1387.7,1381.5,1386.5,1133890,1373.8296,1363.7907,1353.2319,1,10.0333,8.2552,1.7781,1,40.6873,41.1389,9.3648,77.1387,-1,96.4392,94.0704,1.5528,1385.0414,1341.0586,1363.05,0.0323,1.0332,6.5656,1364.3926,1,13320007,1192180.35,0,0.5484,1,0.0,5.7267,0
2026-04-28 11:15:00,1386.6,1386.6,1374.2,1374.7,560871,1374.0037,1364.7825,1354.0738,1,9.5956,8.5233,1.0724,1,40.5897,35.9204,15.6447,61.9766,0,61.4243,85.1079,0.7032,1385.9535,1342.6465,1364.3,0.0317,0.7401,6.9824,1365.2748,1,12759136,1180964.3,0,0.9597,-1,-0.8511,4.8269,1
2026-04-28 11:30:00,1374.6,1381.5,1372.7,1381.1,1339891,1375.4229,1366.2659,1355.1337,1,9.6539,8.7494,0.9045,1,40.19,32.7458,15.7685,65.8924,-1,80.4154,79.4263,0.7734,1387.3588,1344.6112,1365.985,0.0313,0.8536,7.1122,1366.2951,1,14099027,1226663.8,0,0.7386,1,-0.3895,5.3149,0
2026-04-28 11:45:00,1381.2,1383.3,1379.0,1379.0,955244,1376.1383,1367.4235,1356.0696,1,9.422,8.8839,0.5381,1,39.998,33.1509,15.0677,63.5787,0,71.5686,71.1361,1.1145,1387.8691,1347.2509,1367.56,0.0297,0.7816,6.9113,1367.2639,1,13143783,1246821.7,0,0.5116,-1,-0.5409,5.1548,1
2026-04-28 12:00:00,1379.2,1383.8,1378.1,1383.3,692329,1377.5707,1368.8668,1357.1375,1,9.476,9.0023,0.4737,1,39.6199,31.1732,15.1108,66.1961,-1,85.6209,79.2017,1.1628,1388.9544,1349.4956,1369.225,0.0288,0.8567,6.8248,1368.0535,1,13836112,1254141.3,0,0.7193,1,-0.2308,5.4827,0
2026-04-28 12:15:00,1383.2,1383.3,1377.1,1377.2,660251,1377.4965,1369.6244,1357.9242,1,8.9237,8.9866,-0.0629,-1,39.04,29.1371,15.1773,59.6475,0,65.6863,74.2919,0.6431,1389.0993,1351.6707,1370.385,0.0273,0.6821,6.7802,1368.5855,1,13175861,1267777.9,0,0.9677,-1,-0.6708,5.0175,1
2026-04-28 12:30:00,1377.0,1380.2,1374.2,1380.0,844688,1377.9972,1370.5676,1358.79,1,8.6127,8.9118,-0.2992,-1,37.8524,27.2801,17.2904,61.5288,0,74.8366,75.3813,1.2547,1389.5173,1353.6527,1371.585,0.0261,0.7346,6.7245,1369.3656,1,14020549,1266851.6,0,0.5,1,-0.4688,5.2311,0
2026-04-28 12:45:00,1380.0,1380.8,1377.8,1380.0,768338,1378.3978,1371.4251,1359.6217,1,8.2708,8.7836,-0.5128,-1,36.8336,27.0385,16.7167,61.5288,0,70.3846,70.3025,0.3636,1389.5598,1356.0102,1372.785,0.0244,0.7151,6.4584,1370.057,1,14788887,1268508.25,0,0.0,1,-0.4688,5.2311,0
2026-04-28 13:00:00,1380.1,1380.1,1375.8,1379.1,1852370,1378.5382,1372.1228,1360.3856,1,7.8369,8.5943,-0.7574,-1,35.4319,25.7212,18.1683,60.4777,0,66.7954,70.6722,0.2326,1389.1388,1358.6812,1373.91,0.0222,0.6704,6.3042,1371.0982,1,12936517,1318593.95,0,0.2326,-1,-0.5337,5.1624,1
2026-04-28 13:15:00,1379.1,1383.9,1379.0,1381.9,484052,1379.2106,1373.0117,1361.2293,1,7.631,8.4016,-0.7706,-1,34.6953,28.6452,17.1434,62.6173,0,77.1654,71.4484,-0.0506,1389.2523,1360.7177,1374.985,0.0208,0.7423,6.2039,1371.9221,1,13420569,1279931.85,0,0.5714,1,-0.3318,5.3759,1
2026-04-28 13:30:00,1382.0,1386.5,1378.6,1385.5,1531657,1380.4685,1374.147,1362.1811,1,7.6699,8.2553,-0.5853,-1,34.3631,29.0258,15.6139,65.2241,-1,91.3386,78.4331,-0.0721,1390.2368,1361.7532,1375.995,0.0207,0.8337,6.3251,1373.214,1,14952226,1264483.95,0,0.443,1,-0.0721,5.6504,0
2026-04-28 13:45:00,1385.5,1385.5,1380.0,1383.1,831577,1380.9948,1374.9609,1363.0014,1,7.4216,8.0885,-0.667,-1,34.0546,27.2061,14.635,62.1144,0,69.3333,79.2791,0.611,1390.5312,1363.2588,1376.895,0.0198,0.7275,6.2662,1374.4004,1,14120649,1186883.5,0,0.4364,-1,-0.2452,5.4674,0
2026-04-28 14:00:00,1383.1,1384.5,1380.3,1380.6,1142719,1380.9158,1375.4735,1363.6916,1,6.943,7.8594,-0.9165,-1,33.7682,25.8721,13.9174,58.9609,0,52.6667,71.1129,-0.0362,1390.7975,1364.0025,1377.4,0.0195,0.6194,6.1186,1375.3084,1,12977930,1134287.05,0,0.5952,-1,-0.4255,5.2768,1
2026-04-28 14:15:00,1380.3,1385.5,1379.6,1384.9,1667654,1381.7127,1376.3305,1364.5233,1,6.8319,7.6539,-0.822,-1,33.6553,25.256,12.9564,62.4885,0,81.3333,67.7778,0.4278,1390.6738,1366.2362,1378.455,0.0177,0.7637,6.103,1376.5458,1,14645584,1156591.4,0,0.7797,1,-0.1154,5.6047,1
2026-04-28 14:30:00,1384.9,1390.4,1384.9,1390.0,2930016,1383.3701,1377.5732,1365.5224,1,7.0739,7.5379,-0.4641,-1,34.2244,29.3943,12.1165,66.1995,-1,97.7401,77.2467,0.4843,1391.6848,1367.4852,1379.585,0.0175,0.9304,6.0599,1378.3647,1,17575600,1253837.15,1,0.9273,1,0.0,5.9936,1
2026-04-28 14:45:00,1390.1,1393.7,1390.0,1391.0,2832838,1384.8961,1378.7938,1366.5215,1,7.2626,7.4828,-0.2203,-1,35.1351,32.0767,11.5729,66.8911,-1,87.1429,88.7388,1.002,1392.6455,1368.7845,1380.715,0.0173,0.931,5.8913,1380.2332,1,20408438,1342550.05,1,0.2432,1,0.0,6.0698,0
2026-04-28 15:00:00,1391.0,1392.3,1386.3,1387.0,6060314,1385.3169,1379.5398,1367.3246,1,7.0086,7.388,-0.3794,-1,34.9345,29.7463,15.2122,61.4725,0,65.641,83.508,0.5072,1390.9175,1372.9225,1381.92,0.013,0.7823,5.8991,1383.6736,1,14348124,1476777.2,1,0.6667,-1,-0.2876,5.7648,1
2026-04-28 15:15:00,1387.0,1394.0,1386.0,1394.0,3467851,1387.0535,1380.8544,1368.3707,1,7.2881,7.368,-0.0799,-1,34.9755,28.9437,13.7752,66.5753,-1,100.0,84.2613,1.0145,1392.7164,1373.0236,1382.87,0.0142,1.0652,6.0492,1385.1538,1,17815975,1563688.9,1,0.875,1,0.0,6.2986,1
2026-04-29 09:15:00,1392.0,1409.5,1392.0,1400.9,1100586,1389.8228,1382.6767,1369.6463,1,7.9745,7.4893,0.4852,1,36.4679,39.7976,11.2677,70.6954,-1,75.6374,80.4261,1.5807,1396.2031,1372.0369,1384.12,0.0175,1.1944,6.8671,1385.898,1,18916561,1585780.0,0,0.5086,1,0.0,6.8248,1
2026-04-29 09:30:00,1401.0,1406.8,1400.9,1405.0,1079680,1392.8582,1384.7061,1371.0327,1,8.7485,7.7411,1.0073,1,37.8537,37.3305,10.5692,72.8379,-1,87.2521,87.6298,1.6716,1400.3303,1370.1497,1385.24,0.0218,1.1547,6.798,1386.6629,1,19996241,1596840.8,0,0.678,1,0.0,7.1374,1
2026-04-29 09:45:00,1405.0,1406.7,1403.4,1405.9,446915,1395.4666,1386.6328,1372.4001,1,9.3269,8.0583,1.2686,1,39.1405,35.9867,10.1888,73.2994,-1,89.3175,84.069,1.4724,1403.7885,1368.6315,1386.21,0.0254,1.0601,6.5481,1386.9818,1,20443156,1562492.05,0,0.2727,1,0.0,7.206,1
2026-04-29 10:00:00,1405.9,1412.2,1405.6,1411.6,1544806,1398.6933,1388.9026,1373.9373,1,10.1286,8.4724,1.6562,1,40.7224,39.3934,9.4556,76.0721,-1,98.3516,91.6404,2.0606,1408.0005,1368.1095,1388.055,0.0287,1.0902,6.5518,1388.223,1,21987962,1611688.8,0,0.8636,1,0.0,7.6407,1
2026-04-29 10:15:00,1411.7,1427.6,1410.4,1424.9,1962460,1403.9346,1392.175,1375.9359,1,11.7022,9.1183,2.5838,1,42.9382,47.8178,7.867,81.0238,-1,94.4898,94.053,3.2087,1415.5526,1364.9374,1390.245,0.0364,1.1847,7.3124,1390.5779,1,23950422,1642817.25,0,0.7674,1,0.0,8.6549,0
2026-04-29 10:30:00,1425.0,1427.4,1420.0,1420.3,815766,1407.2077,1394.7319,1377.6756,1,12.4347,9.7816,2.6531,1,44.9958,44.3643,7.2988,75.2254,-1,85.102,92.6478,2.5561,1420.2168,1364.4032,1392.31,0.0401,1.0015,7.3187,1391.6717,1,23134656,1635843.35,0,0.6351,-1,-0.3228,8.3041,1
2026-04-29 10:45:00,1420.5,1422.5,1419.7,1422.0,1057569,1410.1662,1397.2108,1379.4138,1,13.0026,10.4258,2.5768,1,46.832,43.096,7.3965,75.9115,-1,88.3333,89.3084,2.3022,1424.6403,1363.8497,1394.245,0.0436,0.9566,6.9959,1392.8301,1,24192225,1654105.35,0,0.5357,1,-0.2035,8.4337,1
2026-04-29 11:00:00,1422.0,1423.8,1421.8,1423.2,604589,1412.7729,1399.5734,1381.1309,1,13.395,11.0196,2.3754,1,48.5947,43.5673,7.2373,76.4082,-1,90.8333,88.0896,2.3149,1428.3614,1364.7286,1396.545,0.0456,0.9189,6.6391,1393.6536,1,24796814,1651322.25,0,0.6,1,-0.1193,8.5252,0
2026-04-29 11:15:00,1423.1,1423.2,1417.6,1420.2,1047588,1414.2583,1401.4486,1382.6631,1,13.3105,11.4778,1.8327,1,49.1606,40.9127,11.3661,72.3899,-1,84.5833,87.9167,2.3937,1431.0094,1366.1006,1398.555,0.0464,0.8335,6.5648,1394.8892,1,23749226,1661467.25,0,0.5179,-1,-0.3298,8.2965,1
2026-04-29 11:30:00,1420.5,1422.5,1420.0,1420.3,458279,1415.4667,1403.1623,1384.139,1,13.1006,11.8024,1.2983,1,49.6861,39.7484,11.0426,72.4419,-1,82.904,86.1069,1.8867,1433.17,1367.97,1400.57,0.0466,0.8026,6.2745,1395.6102,1,24207505,1645964.3,0,0.08,-1,-0.3228,8.3041,1
2026-04-29 11:45:00,1420.5,1422.5,1419.4,1420.5,483668,1416.4733,1404.7385,1385.5649,1,12.8028,12.0025,0.8004,1,50.0144,38.293,11.347,72.5533,-1,82.9327,83.4733,1.3991,1434.7783,1370.5017,1402.64,0.0458,0.7779,6.0478,1397.0107,1,24691173,1577529.2,0,0.0,1,-0.3088,8.2038,1
2026-04-29 12:00:00,1420.6,1423.0,1419.7,1420.9,807886,1417.3587,1406.2077,1386.9506,1,12.4555,12.0931,0.3624,1,50.3606,37.3608,10.8899,72.7902,-1,83.8942,83.2436,1.1317,1436.1861,1372.9939,1404.59,0.045,0.7581,5.8515,1397.8579,1,25499059,1593720.9,0,0.0909,1,-0.2807,8.1355,0
2026-04-29 12:15:00,1420.9,1422.4,1419.1,1420.2,908408,1417.9269,1407.4797,1388.2545,1,11.9856,12.0716,-0.086,-1,50.5042,35.8074,11.1931,71.6251,-1,82.2115,83.0128,1.0171,1437.3431,1375.3069,1406.325,0.0441,0.7237,5.6692,1399.22,1,24590651,1562558.45,0,0.2121,-1,-0.3298,8.0822,0
2026-04-29 12:30:00,1420.6,1422.3,1415.7,1416.9,1121477,1417.7215,1408.3361,1389.3779,1,11.2177,11.9008,-0.6832,-1,49.6647,32.8644,14.5072,66.2423,-1,69.9438,78.6832,0.3755,1437.429,1378.601,1408.015,0.0418,0.651,5.7357,1400.3296,1,23469174,1577053.45,0,0.5606,-1,-0.5614,7.8311,0
2026-04-29 12:45:00,1416.9,1417.4,1413.5,1415.1,762296,1417.1972,1408.951,1390.3866,1,10.3445,11.5896,-1.245,-1,48.3041,31.2309,16.59,63.4417,0,53.1835,68.4463,-0.6878,1436.4422,1383.0378,1409.74,0.0379,0.6004,5.6046,1401.3761,1,22706878,1558032.3,0,0.4615,-1,-0.6878,7.6941,1
2026-04-29 13:00:00,1415.3,1418.3,1414.5,1417.5,383852,1417.2578,1409.7282,1391.4499,1,9.734,11.2184,-1.4844,-1,47.1655,30.8568,15.7676,65.534,-1,58.2645,60.4639,-0.1971,1435.6808,1387.0592,1411.37,0.0344,0.6261,5.4757,1402.581,1,23090730,1493842.2,0,0.5789,1,-0.5193,7.8767,0
2026-04-29 13:15:00,1417.5,1419.3,1416.5,1417.1,344569,1417.2262,1410.3984,1392.4558,1,9.1129,10.7973,-1.6845,-1,46.2495,31.0406,15.1709,64.8677,0,52.2727,54.5736,-0.3446,1435.0611,1390.3889,1412.725,0.0316,0.5979,5.2846,1404.2899,1,22746161,1364569.85,0,0.1429,-1,-0.5474,7.8463,1
2026-04-29 13:30:00,1417.2,1418.7,1415.5,1417.5,1396785,1417.281,1411.044,1393.4379,1,8.5543,10.3487,-1.7945,-1,45.1059,29.6591,15.8865,65.2482,-1,41.2791,50.6054,-0.4005,1434.1011,1393.9989,1414.05,0.0284,0.586,5.1357,1406.3832,1,24142946,1292767.2,0,0.0937,1,-0.5193,7.8767,0
2026-04-29 13:45:00,1417.5,1418.3,1414.3,1415.5,1617407,1416.9248,1411.4491,1394.3031,1,7.8596,9.8509,-1.9913,-1,43.6908,27.9826,16.6843,61.6523,0,14.3885,35.9801,-0.3309,1431.2231,1399.7269,1415.475,0.0223,0.5008,5.0546,1412.1641,1,22525539,1070621.85,1,0.5,-1,-0.6597,7.7245,0
2026-04-29 14:00:00,1415.5,1416.3,1411.5,1415.3,1375705,1416.5998,1411.7992,1395.1265,1,7.2098,9.3227,-2.1129,-1,41.5973,26.0777,19.5196,61.2886,0,30.8943,28.854,-0.352,1428.8379,1404.2421,1416.54,0.0174,0.4496,5.0364,1416.0599,-1,21149834,966014.55,0,0.0417,-1,-0.6737,7.7093,0
2026-04-29 14:15:00,1415.3,1417.1,1414.1,1414.9,689876,1416.2599,1412.081,1395.9019,1,6.5866,8.7755,-2.1888,-1,39.813,26.1035,18.6644,60.5195,0,27.6423,24.3084,-0.3942,1427.2846,1407.1954,1417.24,0.0142,0.3835,4.8909,1416.9228,-1,20459958,945479.05,0,0.1333,-1,-0.7018,6.8091,1
2026-04-29 14:30:00,1414.9,1417.4,1414.9,1416.7,655255,1416.3479,1412.501,1396.7175,1,6.1669,8.2538,-2.0868,-1,38.2183,25.5699,17.9583,62.7827,0,44.4444,34.327,-0.2956,1426.1688,1409.4812,1417.825,0.0118,0.4326,4.7201,1417.6431,-1,21115213,924257.8,0,0.72,1,-0.5755,6.945,1
2026-04-29 14:45:00,1416.8,1419.4,1415.1,1419.3,938735,1416.9383,1413.119,1397.6031,1,5.9752,7.7981,-1.8228,-1,37.148,26.9413,16.7822,65.8297,-1,67.8261,46.6376,-0.0634,1424.8051,1412.1849,1418.495,0.0089,0.5638,4.6901,1417.9473,1,22053948,948848.8,0,0.5814,1,-0.393,7.1412,1
2026-04-29 15:00:00,1419.2,1425.3,1415.7,1425.1,2425031,1418.5707,1414.2082,1398.6814,1,6.2196,7.4824,-1.2627,-1,37.1479,31.6367,14.4993,71.4459,-1,98.5507,70.2738,0.5787,1425.2702,1413.0698,1419.17,0.0086,0.986,5.0408,1419.0801,1,24478979,992860.05,1,0.6146,1,0.0,7.5791,1
2026-04-29 15:15:00,1425.1,1432.3,1424.1,1430.1,5338395,1420.8765,1415.6529,1399.9135,1,6.7391,7.3337,-0.5946,-1,37.9917,37.6122,12.8868,75.2261,-1,89.4231,85.2666,1.06,1426.7967,1412.0633,1419.43,0.0104,1.2242,5.2665,1421.1618,1,29817374,1161656.8,1,0.6098,1,0.0,7.9565,0
2026-04-30 09:15:00,1412.8,1415.7,1407.4,1409.3,886222,1418.5612,1415.0754,1400.2816,1,5.41,6.949,-1.539,-1,35.3098,28.2468,27.9965,47.2202,0,7.6305,65.2014,-0.5785,1427.4492,1410.3108,1418.88,0.0121,-0.059,6.5117,1420.7186,-1,28931152,1165179.6,0,0.4217,-1,-1.4544,6.3864,0
2026-04-30 09:30:00,1409.2,1410.0,1406.0,1406.4,448900,1416.129,1414.2867,1400.5215,1,4.0757,6.3743,-2.2986,-1,32.9609,26.9723,28.3125,44.7204,0,1.5209,32.8582,-0.7551,1428.11,1408.09,1418.1,0.0141,-0.0844,6.3323,1420.4247,-1,28482252,1134746.15,0,0.7,-1,-1.6572,6.1674,0
2026-04-30 09:45:00,1406.6,1407.0,1400.2,1401.1,667677,1413.1232,1413.0879,1400.5442,1,2.5611,5.6117,-3.0506,-1,31.5675,24.9142,32.6603,40.5005,0,2.8037,3.9851,-1.157,1429.157,1404.833,1416.995,0.0172,-0.1535,6.3657,1419.84,-1,27814575,1137900.55,0,0.8088,-1,-2.0278,5.7673,0
2026-04-30 10:00:00,1401.1,1402.8,1398.4,1398.6,629705,1410.2185,1411.7708,1400.468,-1,1.1458,4.7185,-3.5727,-1,30.4987,23.6564,33.0767,38.6479,0,0.59,1.6382,-1.1939,1430.3673,1401.4627,1415.915,0.0204,-0.099,6.2253,1419.2558,-1,27184870,1117006.4,0,0.5682,-1,-2.2026,5.5786,0
2026-04-30 10:15:00,1398.6,1400.3,1396.6,1398.4,709211,1407.8548,1410.5553,1400.3869,-1,0.008,3.7764,-3.7684,-1,29.731,22.6222,33.7575,38.4962,0,5.042,2.8119,-1.1941,1430.9935,1398.6465,1414.82,0.0229,-0.0076,6.0449,1418.5681,-1,26475659,1129553.0,0,0.0541,-1,-2.2166,5.5635,0
2026-04-30 10:30:00,1398.3,1398.9,1395.1,1395.6,482825,1405.4039,1409.1957,1400.1992,-1,-1.107,2.7997,-3.9067,-1,29.2058,21.5787,34.0212,36.3452,0,1.3441,2.3254,-1.3641,1431.542,1395.608,1413.575,0.0254,-0.0002,5.8846,1418.0493,-1,25992834,1129510.85,0,0.7105,-1,-2.4124,5.3522,1
2026-04-30 10:45:00,1395.6,1399.0,1393.1,1398.8,697964,1404.0831,1408.2507,1400.1443,-1,-1.7126,1.8972,-3.6099,-1,28.9672,20.0336,34.0124,40.4411,0,14.5408,6.9756,-1.2635,1431.2012,1393.7388,1412.47,0.0265,0.1351,5.8857,1417.2815,-1,26690798,1124014.75,0,0.5424,1,-2.1887,5.5937,1
2026-04-30 11:00:00,1398.8,1400.2,1397.6,1400.2,709498,1403.3065,1407.5188,1400.1465,-1,-2.0559,1.1066,-3.1625,-1,28.492,20.8921,32.8946,42.1936,0,18.1122,11.3324,-1.3457,1430.5754,1392.3646,1411.47,0.0271,0.2051,5.651,1416.5761,-1,27400296,1114069.25,0,0.5385,1,-2.0908,5.6994,1
2026-04-30 11:15:00,1400.2,1408.4,1399.7,1407.6,1546219,1404.1652,1407.5262,1400.4388,-1,-1.7112,0.5431,-2.2542,-1,26.5493,28.66,29.4115,50.4866,0,36.9898,23.2143,-1.228,1430.0116,1391.9984,1411.005,0.0269,0.4104,5.8688,1415.7185,-1,28946515,1135306.35,0,0.8506,1,-1.5733,6.258,0
2026-04-30 11:30:00,1407.2,1408.1,1403.4,1403.5,2271756,1404.0321,1407.1602,1400.5588,-1,-1.7486,0.0847,-1.8333,-1,24.7454,26.9969,27.7048,46.5057,0,26.5306,27.2109,-1.86,1429.6035,1391.2465,1410.425,0.0272,0.3195,5.7853,1414.7251,-1,26674759,1210779.35,1,0.7872,-1,-1.86,5.9485,1
2026-04-30 11:45:00,1403.8,1407.1,1402.1,1406.0,1686970,1404.4257,1407.0547,1400.7722,-1,-1.5586,-0.2439,-1.3146,-1,23.2862,25.314,27.5985,49.1392,0,32.9082,32.1429,-0.2342,1428.8342,1390.8658,1409.85,0.0269,0.3986,5.7292,1414.0559,-1,28361729,1275935.25,0,0.44,1,-1.6852,6.1372,1
2026-04-30 12:00:00,1406.0,1412.7,1402.2,1411.6,2210734,1405.8606,1407.4679,1401.1968,-1,-0.9452,-0.3842,-0.561,-1,22.2416,28.776,24.1885,54.5381,0,47.1939,35.5442,0.3697,1428.2885,1390.8615,1409.575,0.0266,0.5541,6.07,1413.5893,-1,30572463,1369243.5,1,0.5333,1,-1.2936,6.56,1
2026-04-30 12:15:00,1411.7,1416.8,1410.3,1416.8,670408,1408.0485,1408.3163,1401.8087,-1,-0.0391,-0.3152,0.2761,1,21.8545,31.3865,22.3476,58.9007,0,60.4592,46.8537,1.1205,1428.1966,1390.8834,1409.54,0.0265,0.6946,6.1007,1413.4246,1,31242871,1332924.65,0,0.7846,1,-0.93,6.9525,1
2026-04-30 12:30:00,1416.6,1418.7,1415.2,1417.8,606881,1409.9988,1409.1784,1402.4358,1,0.7511,-0.1019,0.853,1,21.7485,32.3543,21.4031,59.7016,0,96.4844,68.0458,1.3728,1428.4847,1390.8253,1409.655,0.0267,0.7163,5.9149,1413.3502,1,31849752,1282398.35,0,0.3429,1,-0.8601,7.028,0
2026-04-30 12:45:00,1417.7,1419.8,1415.9,1416.4,440942,1411.279,1409.8349,1402.9834,1,1.2499,0.1684,1.0815,1,21.7976,32.154,20.3699,57.9977,0,87.2659,81.4032,1.2872,1428.6116,1390.8084,1409.71,0.0268,0.677,5.771,1413.3653,1,31408810,1235660.2,0,0.3333,-1,-0.958,6.9223,1
2026-04-30 13:00:00,1416.4,1421.5,1415.6,1420.5,1120729,1413.1232,1410.8045,1403.6704,1,1.9535,0.5255,1.4281,1,22.0723,31.9105,18.8848,61.4663,0,96.4789,93.4097,1.7842,1429.3512,1390.6288,1409.99,0.0275,0.7714,5.7802,1413.5705,1,32529539,1257202.85,0,0.6949,1,-0.6713,7.2318,1
2026-04-30 13:15:00,1420.5,1423.5,1418.1,1422.2,771869,1414.9386,1411.8404,1404.397,1,2.6182,0.944,1.6742,1,22.5918,32.2542,17.6187,62.8367,0,95.7237,93.1562,1.6729,1430.1488,1390.3812,1410.265,0.0282,0.8001,5.7531,1413.734,1,33301408,1263033.55,0,0.3148,1,-0.5524,7.3602,1
2026-04-30 13:30:00,1422.0,1427.0,1420.9,1426.8,1217372,1417.3109,1413.2004,1405.2756,1,3.476,1.4504,2.0256,1,23.5072,34.1487,16.29,66.3264,-1,99.41,97.2042,1.8997,1431.4524,1389.8276,1410.64,0.0295,0.8882,5.7778,1414.1118,1,34518780,1276965.4,0,0.7869,1,-0.2308,7.7074,1
2026-04-30 13:45:00,1426.8,1429.6,1424.3,1427.7,929412,1419.3887,1414.5185,1406.155,1,4.1803,1.9964,2.1839,1,24.6535,35.1313,15.2163,66.9797,-1,94.7945,96.6427,1.428,1431.971,1389.569,1410.77,0.0301,0.8993,5.7437,1413.8188,1,35448192,1202184.45,0,0.1698,1,-0.1678,7.7753,0
2026-04-30 14:00:00,1427.6,1428.3,1425.6,1425.9,561075,1420.6909,1415.5532,1406.9293,1,4.5409,2.5053,2.0356,1,25.7179,33.9053,14.6853,64.2931,0,89.863,94.6892,1.596,1431.0626,1390.0574,1410.56,0.0291,0.8741,5.5263,1410.0308,1,34887117,963318.45,0,0.6296,-1,-0.2937,7.6395,1
2026-04-30 14:15:00,1425.7,1428.8,1425.2,1426.2,990326,1421.7928,1416.5211,1407.685,1,4.7955,2.9633,1.8322,1,26.7672,32.9502,13.9846,64.5483,0,89.375,91.3442,1.4367,1432.9945,1389.8155,1411.405,0.0306,0.8426,5.3887,1410.8495,1,35877443,968523.65,0,0.1389,1,-0.2727,7.6621,1
2026-04-30 14:30:00,1426.8,1435.5,1426.0,1434.0,1239381,1424.2342,1418.1101,1408.7169,1,5.5626,3.4832,2.0794,1,28.4621,37.4374,12.3146,70.4605,-1,95.8101,91.6827,1.5869,1436.3559,1389.2141,1412.785,0.0334,0.95,5.6824,1412.2148,1,37116824,1008047.7,0,0.7579,1,0.0,8.2509,0
2026-04-30 14:45:00,1433.8,1434.1,1428.1,1430.0,1483473,1425.3874,1419.191,1409.5516,1,5.7812,3.9428,1.8384,1,30.036,34.625,11.3895,64.5183,0,83.5329,89.5727,0.9317,1438.2965,1390.1635,1414.23,0.034,0.8276,5.7051,1413.8251,1,35633351,1048837.5,0,0.6333,-1,-0.2789,7.949,1
2026-04-30 15:00:00,1430.5,1432.5,1426.5,1431.2,4409317,1426.5499,1420.2827,1410.4005,1,5.9822,4.3507,1.6315,1,31.016,32.0335,12.5329,65.4594,-1,87.1257,88.8229,0.9451,1439.8872,1391.8328,1415.86,0.0339,0.8192,5.7261,1417.0712,1,40042668,1237818.1,1,0.1167,1,-0.1953,8.0396,1
2026-04-30 15:15:00,1431.2,1436.3,1430.0,1436.0,2007440,1428.4399,1421.7116,1411.4044,1,6.4545,4.7714,1.683,1,32.3389,34.2405,11.555,69.0012,-1,99.1202,89.9263,1.3838,1441.8921,1393.5879,1417.74,0.0341,0.878,5.7671,1418.8906,1,42050108,1302729.55,1,0.7619,1,0.0,8.4019,1
2026-05-04 09:15:00,1433.7,1446.4,1433.7,1438.5,526469,1430.4519,1423.2378,1412.467,1,6.9503,5.2072,1.7431,1,34.3866,40.8006,9.8812,70.6871,-1,78.1163,88.1208,1.2672,1443.4026,1396.3674,1419.885,0.0331,0.8958,6.2623,1419.7206,1,42576577,1304911.75,0,0.378,1,0.0,8.5906,1
2026-05-04 09:30:00,1438.5,1445.7,1438.5,1443.4,576278,1433.0415,1425.0707,1413.6801,1,7.6505,5.6959,1.9546,1,36.2881,37.4854,9.0783,73.7056,-1,90.3846,89.2071,1.4906,1445.6705,1398.5595,1422.115,0.0331,0.9518,6.3293,1420.8381,1,43152855,1298827.45,0,0.6806,1,0.0,8.9605,0
2026-05-04 09:45:00,1443.8,1444.0,1438.3,1441.8,447482,1434.7932,1426.5916,1414.7828,1,7.9843,6.1536,1.8307,1,37.994,35.0568,8.7174,71.1299,-1,85.0649,84.522,1.0513,1446.9766,1401.4134,1424.195,0.032,0.8864,6.2844,1421.7887,1,42705373,1285726.65,0,0.3509,-1,-0.1108,8.8397,0
2026-05-04 10:00:00,1441.8,1443.6,1436.1,1437.0,475592,1435.2346,1427.5378,1415.6541,1,7.7719,6.4772,1.2947,1,38.9151,32.1091,10.4509,63.9139,0,69.4805,81.6434,0.6514,1447.7574,1403.5726,1425.665,0.031,0.7565,6.3712,1423.1576,1,42229781,1232195.3,0,0.64,-1,-0.4434,8.4774,1
2026-05-04 10:15:00,1437.2,1441.9,1437.2,1441.9,459905,1436.5677,1428.8434,1416.6833,1,7.9078,6.7633,1.1444,1,39.7703,30.3156,9.8672,67.5347,-1,84.0989,79.5481,1.1221,1448.268,1406.902,1427.585,0.029,0.8461,6.2661,1425.3102,1,42689686,1141602.75,0,1.0,1,-0.1039,8.8473,1
2026-05-04 10:30:00,1442.2,1448.5,1442.0,1446.2,1067777,1438.4941,1430.4213,1417.8408,1,8.2671,7.0641,1.2031,1,41.1531,35.5384,9.1276,70.3466,-1,91.6667,81.7487,1.4023,1449.2863,1409.9037,1429.595,0.0275,0.9216,6.2899,1427.8214,1,43757463,1110643.1,0,0.6154,1,0.0,9.1719,0
2026-05-04 10:45:00,1446.1,1446.9,1443.7,1445.1,822344,1439.8153,1431.7557,1418.9098,1,8.3668,7.3246,1.0421,1,42.4371,34.2,8.7839,68.7072,-1,85.9504,87.2387,0.7741,1450.2395,1412.3005,1431.27,0.0265,0.8645,6.0692,1430.5247,1,42935119,1041223.6,0,0.3125,-1,-0.0761,9.0889,1
2026-05-04 11:00:00,1445.1,1449.0,1444.8,1448.5,653655,1441.5522,1433.2779,1420.0702,1,8.6207,7.5838,1.0368,1,43.7997,34.9986,8.3399,70.9599,-1,97.8992,91.8387,1.2937,1452.0198,1413.6902,1432.855,0.0268,0.9082,5.9357,1431.5679,1,43588774,1040385.95,0,0.8095,1,0.0,9.3455,1
2026-05-04 11:15:00,1448.1,1450.7,1447.7,1448.7,655609,1442.9818,1434.6799,1421.193,1,8.7373,7.8145,0.9228,1,45.1979,35.8095,8.0278,71.0918,-1,92.1569,92.0021,1.2228,1453.4427,1415.3573,1434.4,0.0266,0.8755,5.726,1432.534,1,44244383,1042822.35,0,0.2,1,0.0,9.3606,1
2026-05-04 11:30:00,1448.7,1450.0,1447.2,1449.6,423129,1444.3054,1436.0363,1422.307,1,8.8009,8.0118,0.7891,1,46.3201,34.5113,8.3841,71.7141,-1,95.5466,95.2009,0.9471,1454.3086,1417.8114,1436.06,0.0254,0.871,5.517,1433.188,1,44667512,1041931.7,0,0.3214,1,0.0,9.4285,1
2026-05-04 11:45:00,1449.7,1452.7,1448.3,1450.7,490854,1445.5844,1437.3694,1423.4204,1,8.8382,8.1771,0.6611,1,47.5875,36.0635,7.8995,72.4934,-1,92.3664,93.3566,0.8481,1455.4119,1419.7281,1437.57,0.0248,0.868,5.4372,1434.3858,1,45158366,1010437.95,0,0.2273,1,0.0,9.5116,0
2026-05-04 12:00:00,1450.7,1451.3,1446.5,1446.8,963625,1445.8275,1438.2267,1424.3373,1,8.4556,8.2328,0.2228,1,48.1226,33.7702,9.7818,65.5928,-1,77.4809,88.4646,0.2356,1455.595,1422.005,1438.8,0.0233,0.7382,5.3917,1435.5347,1,44194741,1020025.75,0,0.8125,-1,-0.2688,9.2172,1
2026-05-04 12:15:00,1447.0,1451.0,1446.7,1450.3,1079195,1446.722,1439.3243,1425.3554,1,8.3387,8.254,0.0847,1,48.6196,31.8182,9.2164,68.4915,-1,89.4273,86.4249,0.5895,1456.534,1423.416,1439.975,0.023,0.8118,5.3137,1436.9086,1,45273936,1013116.9,0,0.7674,1,-0.0276,9.4814,1
2026-05-04 12:30:00,1450.3,1455.3,1449.5,1453.5,1592852,1448.0776,1440.613,1426.4591,1,8.4073,8.2846,0.1227,1,49.5037,35.0963,8.5025,70.905,-1,91.6667,86.1916,1.1482,1457.8177,1424.7123,1441.265,0.023,0.8696,5.3485,1438.5469,1,46866788,1046288.9,1,0.5517,1,0.0,9.723,1
2026-05-04 12:45:00,1454.0,1464.0,1454.0,1461.7,1591600,1450.8021,1442.53,1427.8411,1,9.0194,8.4316,0.5878,1,50.9458,41.3625,7.387,75.9819,-1,91.7563,90.9501,1.3732,1460.3025,1425.8075,1443.055,0.0239,1.0405,5.7164,1440.4001,1,48458388,1097815.15,0,0.77,1,0.0,10.342,0
2026-05-04 13:00:00,1461.0,1461.7,1456.8,1460.1,939802,1452.6617,1444.1273,1429.1062,1,9.2686,8.599,0.6696,1,52.285,38.8039,6.93,73.2944,-1,86.0215,89.8148,0.9611,1461.6992,1427.8008,1444.75,0.0235,0.9528,5.6581,1441.8388,1,47518586,1095288.95,0,0.1837,-1,-0.1095,10.2212,0
2026-05-04 13:15:00,1460.1,1460.5,1455.1,1455.2,872456,1453.1693,1445.1339,1430.1295,1,8.9672,8.6726,0.2946,1,52.9454,36.15,8.6092,65.6376,-1,68.4588,82.0789,0.6989,1462.5882,1429.0318,1445.81,0.0232,0.7798,5.6397,1443.0259,1,46646130,1076942.7,0,0.9074,-1,-0.4447,9.8513,1
2026-05-04 13:30:00,1455.4,1460.5,1454.7,1460.2,1152780,1454.5755,1446.5035,1431.3087,1,9.0278,8.7437,0.2842,1,53.4198,33.4998,8.4836,69.1762,-1,85.8209,80.1004,0.8077,1463.5622,1431.0778,1447.32,0.0224,0.8965,5.6511,1444.7251,1,47798910,1060408.05,0,0.8276,1,-0.1026,10.2287,1
2026-05-04 13:45:00,1460.2,1461.8,1458.9,1460.9,879167,1455.8404,1447.8123,1432.4691,1,9.0283,8.8006,0.2277,1,53.9769,33.93,8.1614,69.6474,-1,85.9091,80.0629,0.8421,1464.2938,1433.3162,1448.805,0.0214,0.8904,5.4546,1449.1674,1,48678077,883900.55,0,0.2414,1,-0.0547,10.2816,1
2026-05-04 14:00:00,1461.0,1463.0,1459.1,1461.1,908851,1456.8923,1449.0203,1433.5919,1,8.9417,8.8288,0.1129,1,54.6014,33.7652,7.736,69.7895,-1,85.7143,85.8148,0.7933,1465.2601,1434.8599,1450.06,0.021,0.8632,5.3436,1451.644,1,49586928,828971.1,0,0.0256,1,-0.041,10.2967,1
2026-05-04 14:15:00,1461.4,1462.2,1459.3,1461.8,644523,1457.8738,1450.1821,1434.6981,1,8.8278,8.8286,-0.0008,-1,55.1813,32.4121,7.426,70.3134,-1,88.5417,86.7217,0.7651,1466.2733,1436.1767,1451.225,0.0207,0.8514,5.169,1452.3909,1,50231451,834873.8,0,0.1379,1,0.0,10.3495,0
2026-05-04 14:30:00,1461.9,1463.0,1457.8,1459.2,1146322,1458.1391,1451.0019,1435.659,1,8.4305,8.749,-0.3185,-1,55.103,30.0841,8.9645,65.7524,-1,72.5714,82.2758,0.8571,1466.996,1437.034,1452.015,0.0206,0.7398,5.1713,1453.225,1,49085129,863376.0,0,0.5192,-1,-0.1779,10.1532,1
2026-05-04 14:45:00,1459.1,1461.9,1457.8,1459.5,1141613,1458.4113,1451.7744,1436.5939,1,8.0472,8.6086,-0.5615,-1,55.0303,28.3548,8.4492,66.0262,-1,74.2857,78.4663,0.6344,1467.4476,1438.3524,1452.9,0.02,0.7268,5.0947,1453.9341,1,50226742,898082.55,0,0.0976,1,-0.1573,10.1759,1
2026-05-04 15:00:00,1459.5,1463.5,1459.2,1461.1,1359320,1458.949,1452.6222,1437.5549,1,7.7827,8.4435,-0.6607,-1,55.1648,28.8946,7.9341,67.518,-1,83.4286,76.7619,0.5229,1467.0938,1441.1162,1454.105,0.0179,0.7693,5.038,1454.8424,1,51586062,942268.95,0,0.3721,1,-0.0479,10.2967,1
2026-05-04 15:15:00,1461.4,1467.2,1461.1,1467.0,2342586,1460.5592,1453.9293,1438.7096,1,7.9575,8.3463,-0.3888,-1,55.6991,31.6008,7.2581,72.3409,-1,99.0338,85.5827,0.3626,1468.2392,1442.4808,1455.36,0.0177,0.9519,5.1138,1456.3236,1,53928648,1036403.0,1,0.918,1,0.0,10.7421,0
2026-05-05 09:15:00,1457.0,1469.1,1457.0,1467.0,738129,1461.8474,1455.1175,1439.8191,1,8.0038,8.2778,-0.274,-1,54.6039,26.7348,11.3581,72.3409,-1,90.625,91.0291,0.4726,1469.5097,1443.2903,1456.4,0.018,0.9043,5.6128,1457.1777,1,54666777,1019920.6,0,0.8264,1,0.0,10.7421,1
2026-05-05 09:30:00,1467.0,1473.1,1465.4,1467.3,736191,1462.9379,1456.225,1440.8968,1,7.9727,8.2168,-0.244,-1,54.1228,29.1415,10.2739,72.581,-1,75.4237,88.3608,0.8315,1470.3614,1444.6586,1457.51,0.0176,0.8809,5.7619,1458.0753,1,55402968,1015612.95,0,0.039,1,0.0,10.7647,1
2026-05-05 09:45:00,1467.6,1469.0,1465.1,1467.5,606403,1463.8503,1457.25,1441.94,1,7.8735,8.1481,-0.2746,-1,53.5698,27.6993,10.1461,72.7508,-1,70.6806,78.9098,0.4999,1471.3159,1445.6041,1458.46,0.0176,0.8516,5.6289,1458.6916,1,56009371,1013250.35,0,0.0256,-1,0.0,10.7798,0
2026-05-05 10:00:00,1467.4,1469.0,1464.0,1465.7,758266,1464.2202,1458.0182,1442.8718,1,7.5625,8.031,-0.4685,-1,52.6569,25.9277,10.9043,68.6311,-1,59.7826,68.629,0.3286,1471.7122,1446.9078,1459.31,0.017,0.7576,5.584,1459.2832,1,55251105,1018383.2,0,0.34,-1,-0.1227,10.6439,0
2026-05-05 10:15:00,1465.7,1465.9,1454.2,1455.6,954195,1462.4962,1457.7984,1443.3709,1,6.4269,7.7102,-1.2833,-1,49.1119,22.3289,21.017,51.1339,0,7.4074,45.9569,-0.3764,1471.3297,1447.8903,1459.61,0.0161,0.3289,6.0209,1459.4601,-1,54296910,1044936.5,0,0.8632,-1,-0.8109,9.8815,0
2026-05-05 10:30:00,1455.3,1456.0,1451.0,1454.3,892618,1460.857,1457.4803,1443.7995,1,5.3602,7.2402,-1.8799,-1,46.022,20.9881,23.5979,49.3886,0,14.9321,27.374,-0.5131,1471.0587,1448.5213,1459.79,0.0154,0.2564,5.9479,1459.4264,-1,53404292,1065024.7,0,0.2,-1,-0.8995,9.7833,0
2026-05-05 10:45:00,1454.5,1457.8,1452.8,1452.8,492010,1459.2456,1457.0548,1444.1525,1,4.3438,6.6609,-2.3171,-1,42.7776,21.8999,22.1646,47.3791,0,8.1448,10.1614,-0.4386,1470.2215,1449.9585,1460.09,0.0139,0.1402,5.8802,1459.8286,-1,52912282,1041443.95,0,0.34,-1,-1.0017,9.6701,0
2026-05-05 11:00:00,1452.8,1456.0,1452.1,1452.3,826983,1457.8565,1456.6226,1444.472,1,3.458,6.0203,-2.5623,-1,39.9095,20.8368,21.96,46.697,0,5.8824,9.6531,-0.4933,1469.9663,1450.4137,1460.19,0.0134,0.0965,5.7388,1460.1234,-1,52085299,1028833.35,0,0.1282,-1,-1.0358,9.6324,0
2026-05-05 11:15:00,1452.9,1453.1,1450.0,1451.7,447112,1456.6252,1456.1751,1444.7554,1,2.6768,5.3516,-2.6748,-1,37.6755,20.0055,23.7865,45.8442,0,7.3593,7.1288,-0.6434,1470.1503,1450.0497,1460.1,0.0138,0.0821,5.5503,1460.5304,-1,51638187,971546.35,0,0.3871,-1,-1.0767,9.5871,1
2026-05-05 11:30:00,1452.0,1456.7,1451.5,1454.4,439885,1456.1801,1456.0137,1445.1337,1,2.2496,4.7312,-2.4816,-1,35.1614,23.3146,22.1874,50.2477,0,19.0476,10.7631,-0.8589,1470.053,1449.417,1459.735,0.0141,0.2415,5.5253,1460.4329,-1,52078072,913960.6,0,0.4615,1,-0.8927,9.7909,0
2026-05-05 11:45:00,1454.7,1456.0,1453.2,1454.1,566842,1455.7641,1455.8397,1445.4853,-1,1.8654,4.1581,-2.2927,-1,32.8268,22.4399,21.355,49.7635,0,17.7489,14.7186,-0.8793,1470.0381,1448.8319,1459.435,0.0145,0.2484,5.3306,1460.2902,-1,51511230,895312.6,0,0.2143,-1,-0.9131,9.7682,1
2026-05-05 12:00:00,1454.4,1460.7,1453.8,1460.1,1186277,1456.6313,1456.227,1446.0584,1,2.0217,3.7308,-1.7091,-1,31.5931,26.576,19.4212,58.3978,0,43.7229,26.8398,-0.4907,1470.1053,1449.2547,1459.68,0.0143,0.5201,5.4427,1460.3148,-1,52697507,911003.65,0,0.8261,1,-0.5043,10.2212,1
2026-05-05 12:15:00,1460.2,1462.8,1458.1,1460.3,710445,1457.365,1456.5973,1446.6169,1,2.1371,3.412,-1.275,-1,30.8131,27.7037,18.2115,58.6529,0,44.5887,35.3535,-0.4906,1470.1114,1449.2586,1459.685,0.0143,0.5295,5.3897,1460.4381,-1,53407952,888886.9,0,0.0213,1,-0.4906,10.2363,0
2026-05-05 12:30:00,1460.1,1462.0,1459.0,1460.3,1006386,1457.952,1456.9339,1447.1535,1,2.2031,3.1702,-0.9671,-1,30.0888,26.5663,17.4638,58.6529,0,44.5887,44.3001,-0.3684,1470.0707,1449.2393,1459.655,0.0143,0.531,5.219,1460.4331,-1,54414338,895247.85,0,0.0667,1,-0.4906,10.2363,1
2026-05-05 12:45:00,1459.5,1465.7,1459.5,1465.2,711867,1459.4016,1457.6854,1447.8612,1,2.6206,3.0603,-0.4397,-1,30.0408,29.3387,16.0015,64.788,0,65.8009,51.6595,0.6595,1470.5394,1449.1806,1459.86,0.0146,0.75,5.289,1460.5226,1,55126205,885398.65,0,0.9194,1,-0.1567,10.6062,1
2026-05-05 13:00:00,1465.3,1467.2,1464.4,1466.0,1111365,1460.7213,1458.4412,1448.5725,1,2.9817,3.0446,-0.0629,-1,30.2276,30.2869,15.3754,65.6833,-1,84.2105,64.8667,0.8045,1471.0546,1449.0854,1460.07,0.015,0.7699,5.1113,1460.8289,1,56237570,908740.75,0,0.25,1,-0.1022,10.6666,0
2026-05-05 13:15:00,1465.9,1466.8,1461.5,1464.9,1368774,1461.557,1459.0284,1449.2128,1,3.1429,3.0643,0.0786,1,29.5744,28.0496,18.2816,63.3001,0,78.4211,76.1441,0.8329,1471.5286,1449.1814,1460.355,0.0153,0.7034,5.1247,1461.1462,1,54868796,919863.35,0,0.1887,-1,-0.1772,10.5835,0
2026-05-05 13:30:00,1464.3,1465.0,1461.1,1462.4,935194,1461.7256,1459.3349,1449.73,1,3.0339,3.0582,-0.0243,-1,28.8572,26.4984,17.8378,58.1371,0,72.093,78.2415,0.6954,1471.7007,1449.2993,1460.5,0.0153,0.5848,5.0373,1461.3216,1,53933602,909542.4,0,0.4872,-1,-0.3475,10.3948,1
2026-05-05 13:45:00,1462.6,1464.6,1458.4,1463.1,946112,1462.0005,1459.6772,1450.2543,1,2.9698,3.0405,-0.0707,-1,27.4648,24.2065,20.0615,59.142,0,76.1628,75.559,0.7853,1471.8559,1449.3441,1460.6,0.0154,0.6111,5.1203,1461.3637,1,54879714,888882.0,0,0.0806,1,-0.2998,10.4476,0
2026-05-05 14:00:00,1462.9,1464.3,1459.1,1460.4,521933,1461.6804,1459.7429,1450.6521,1,2.6703,2.9665,-0.2962,-1,26.1718,22.4525,18.6078,53.7797,0,60.4651,69.5736,0.4125,1471.1363,1449.4037,1460.27,0.0149,0.506,5.126,1460.812,-1,54357781,797849.35,0,0.4808,-1,-0.4838,10.2438,1
2026-05-05 14:15:00,1460.4,1463.0,1459.2,1461.8,802421,1461.7043,1459.9299,1451.0893,1,2.5169,2.8766,-0.3596,-1,24.9712,21.2412,17.604,56.0071,0,68.6047,68.4109,0.5295,1470.4606,1449.5594,1460.01,0.0143,0.5856,5.0313,1460.6744,1,55160202,801063.95,0,0.3684,1,-0.3884,10.3495,0
2026-05-05 14:30:00,1462.2,1462.9,1459.1,1461.1,945964,1461.5835,1460.0363,1451.4819,1,2.3122,2.7637,-0.4514,-1,23.8258,20.0749,16.7819,54.5905,0,64.5349,64.5349,0.0685,1469.6217,1449.7783,1459.7,0.0136,0.5706,4.9433,1460.3358,1,54214238,811552.6,0,0.2895,-1,-0.4361,10.2967,0
2026-05-05 14:45:00,1461.5,1461.9,1459.1,1460.0,714436,1461.2668,1460.033,1451.8159,1,2.0378,2.6185,-0.5807,-1,22.7621,19.2368,16.0812,52.3499,0,54.1401,62.4266,-0.0205,1468.5839,1450.0661,1459.325,0.0127,0.5365,4.7902,1460.0809,-1,53499802,816954.25,0,0.5357,-1,-0.5111,10.2136,1
2026-05-05 15:00:00,1459.9,1464.9,1459.9,1464.4,2850421,1461.8934,1460.43,1452.3094,1,2.1505,2.5249,-0.3744,-1,22.5552,22.2665,14.886,59.509,0,80.0,66.225,0.2808,1468.3558,1450.1642,1459.26,0.0125,0.7825,4.8052,1460.2896,1,56350223,921562.0,1,0.9,1,-0.2112,10.5458,0
2026-05-05 15:15:00,1464.5,1467.1,1460.3,1463.0,1180169,1462.1147,1460.6636,1452.7287,1,2.1027,2.4405,-0.3378,-1,22.8587,23.2566,13.4246,56.5954,0,68.6567,67.5989,-0.1502,1468.7022,1450.5578,1459.63,0.0124,0.6857,4.9477,1460.5787,1,55170054,932860.7,0,0.2206,-1,-0.3066,10.4401,1
2026-05-06 09:15:00,1466.6,1473.1,1465.0,1465.9,281427,1462.8718,1461.1397,1453.2452,1,2.2725,2.4069,-0.1343,-1,24.2005,28.1627,11.6027,60.8693,0,52.0,66.8856,-0.0068,1469.3281,1451.0919,1460.21,0.0125,0.812,5.3157,1461.0313,1,55451481,902301.15,0,0.0864,-1,-0.109,10.659,0
2026-05-06 09:30:00,1465.9,1467.0,1463.1,1463.7,271810,1463.0374,1461.3724,1453.6552,1,2.2042,2.3663,-0.1621,-1,24.7922,26.6582,13.5855,56.3372,0,36.0544,52.237,-0.0819,1469.3227,1452.1873,1460.755,0.0117,0.6719,5.2146,1461.2669,1,55179671,891291.15,0,0.5641,-1,-0.2589,10.4929,0
2026-05-06 09:45:00,1463.7,1465.5,1461.1,1461.8,435850,1462.7899,1461.4113,1453.9746,1,1.974,2.2879,-0.3138,-1,24.6952,25.0334,15.5279,52.6886,0,23.1293,37.0612,-0.041,1468.8736,1453.5864,1461.23,0.0105,0.5373,5.1564,1461.6753,1,54743821,871734.5,0,0.4318,-1,-0.3884,10.3495,0
2026-05-06 10:00:00,1461.8,1461.8,1453.0,1455.5,485177,1461.332,1460.8739,1454.0344,1,1.2686,2.084,-0.8154,-1,23.2811,22.1284,24.4073,42.7923,0,12.4378,23.8738,-0.5194,1468.2525,1454.5875,1461.42,0.0094,0.0668,5.4167,1461.7968,-1,54258644,873637.75,0,0.7159,-1,-0.8177,9.8739,0
2026-05-06 10:15:00,1455.3,1456.1,1451.9,1453.8,307680,1459.8256,1460.2308,1454.0252,-1,0.5659,1.7804,-1.2145,-1,22.1886,20.8828,24.5076,40.5775,0,8.9623,14.8431,-0.4519,1468.3496,1454.4304,1461.39,0.0095,-0.0453,5.3298,1461.85,-1,53950964,867027.5,0,0.3571,-1,-0.9336,9.7456,1
2026-05-06 10:30:00,1454.0,1454.7,1450.0,1454.4,226805,1458.7405,1459.7007,1454.0399,-1,0.0567,1.4357,-1.379,-1,21.5485,19.5563,25.5188,41.7239,0,19.0476,13.4826,-0.5062,1468.3027,1454.5073,1461.405,0.0094,-0.0078,5.2848,1461.9796,-1,54177769,850025.65,0,0.0851,1,-0.8927,9.7909,0
2026-05-06 10:45:00,1454.4,1454.4,1444.3,1445.2,473781,1456.0324,1458.3825,1453.6933,-1,-1.0768,0.9332,-2.0099,-1,21.9177,17.0498,29.4814,31.6431,1,3.125,10.3783,-1.0882,1470.5361,1450.7839,1460.66,0.0135,-0.2827,5.6287,1461.8473,-1,53703988,814400.85,0,0.9109,-1,-1.5196,9.0964,1
2026-05-06 11:00:00,1445.5,1448.7,1445.0,1447.3,360686,1454.2859,1457.375,1453.4425,-1,-1.785,0.3895,-2.1746,-1,22.2605,16.2291,28.0624,35.4753,0,10.4167,10.8631,-0.8699,1471.4782,1448.5418,1460.01,0.0157,-0.0541,5.491,1461.5758,-1,54064674,796912.9,0,0.4865,1,-1.3765,9.2549,1
2026-05-06 11:15:00,1448.0,1450.4,1447.6,1450.0,220048,1453.4287,1456.7045,1453.3075,-1,-2.1042,-0.1092,-1.995,-1,22.1169,17.8361,26.8945,40.1232,0,19.7917,11.1111,-0.9833,1471.7621,1447.2279,1459.495,0.0168,0.113,5.3202,1461.4739,-1,54284722,757596.0,0,0.7143,1,-1.1925,9.4587,0
2026-05-06 11:30:00,1450.0,1450.0,1445.5,1447.3,240720,1452.203,1455.8496,1453.0719,-1,-2.5457,-0.5965,-1.9492,-1,22.3458,16.7465,28.1023,37.2348,0,10.4167,13.5417,-1.0731,1471.658,1445.542,1458.6,0.0179,0.0673,5.2616,1461.1498,-1,54044002,734038.65,0,0.6,-1,-1.3765,9.2549,0
2026-05-06 11:45:00,1447.5,1448.4,1445.3,1445.6,192485,1450.8824,1454.9178,1452.7789,-1,-2.9981,-1.0768,-1.9213,-1,22.5928,16.0204,27.1636,35.5018,0,4.5139,11.5741,-1.3848,1471.3349,1443.8251,1457.58,0.0189,0.0645,5.1072,1460.563,-1,53851517,688094.65,0,0.6129,-1,-1.4923,9.1266,1
2026-05-06 12:00:00,1445.6,1447.0,1445.1,1446.0,115778,1449.9059,1454.1071,1452.5131,-1,-3.2866,-1.5188,-1.7678,-1,22.8589,15.5747,26.7008,36.2536,0,5.9028,6.9444,-1.2093,1470.8381,1442.4319,1456.635,0.0195,0.1256,4.8781,1460.0087,-1,53967295,625444.85,0,0.2105,1,-1.4651,9.1568,0
2026-05-06 12:15:00,1446.3,1446.4,1438.5,1440.6,501450,1448.0447,1452.8792,1452.0459,-1,-3.9059,-1.9962,-1.9097,-1,24.1456,13.8494,32.9976,31.0003,1,6.0694,5.4953,-1.4503,1471.0934,1439.9966,1455.545,0.0214,0.0194,5.094,1459.0352,-1,53465845,603757.65,0,0.7215,-1,-1.833,8.7492,0
2026-05-06 12:30:00,1440.6,1441.2,1431.2,1432.0,339592,1444.8358,1450.9811,1451.2598,-1,-5.0326,-2.6035,-2.4291,-1,26.145,12.0324,38.2458,24.8296,1,1.9093,4.6271,-1.6146,1472.1982,1435.7818,1453.99,0.025,-0.1038,5.4444,1458.0702,-1,53126253,573431.65,0,0.86,-1,-2.4191,8.0999,1
2026-05-06 12:45:00,1432.0,1433.0,1427.5,1432.8,348697,1442.4286,1449.3282,1450.5359,-1,-5.7942,-3.2416,-2.5526,-1,28.3235,11.1648,40.3388,26.2993,1,13.4177,7.1321,-1.4445,1472.7472,1432.4728,1452.61,0.0277,0.0081,5.4484,1457.0899,-1,53474950,564769.85,0,0.1455,1,-2.3646,8.1603,1
2026-05-06 13:00:00,1432.8,1434.7,1430.9,1433.0,211548,1440.5429,1447.8439,1449.8482,-1,-6.3089,-3.8551,-2.4538,-1,29.8483,12.8743,38.2848,26.6852,1,14.4737,9.9336,-1.4714,1472.553,1429.787,1451.17,0.0295,0.0751,5.3306,1456.2931,-1,53686498,535226.2,0,0.0526,1,-2.3509,8.1754,1
2026-05-06 13:15:00,1433.0,1436.3,1431.3,1433.8,467027,1439.1943,1446.5671,1449.2189,-1,-6.5765,-4.3994,-2.1771,-1,30.8024,14.1614,35.7084,28.3024,1,18.3673,15.4196,-0.7888,1471.95,1427.66,1449.805,0.0305,0.1386,5.307,1454.8273,-1,54153525,511279.35,0,0.16,1,-2.2964,8.2358,0
2026-05-06 13:30:00,1433.8,1435.2,1431.5,1433.5,494578,1438.0555,1445.3792,1448.6024,-1,-6.7351,-4.8665,-1.8686,-1,31.6884,13.4405,33.8908,28.0525,1,20.979,17.94,-0.9535,1471.1904,1425.7696,1448.48,0.0314,0.1702,5.1922,1453.375,-1,53658947,500286.45,0,0.0811,-1,-2.3169,8.2132,1
2026-05-06 13:45:00,1433.5,1435.6,1431.5,1434.9,662367,1437.4244,1444.4266,1448.0651,-1,-6.6709,-5.2274,-1.4435,-1,32.3847,13.2296,31.9501,31.1094,1,27.2059,22.1841,-1.0414,1469.2143,1424.7957,1447.005,0.0307,0.2275,5.1142,1448.1997,-1,54321314,390883.75,1,0.3415,1,-2.2215,8.3189,1
2026-05-06 14:00:00,1434.9,1437.2,1433.3,1436.8,366812,1437.2995,1443.7332,1447.6233,-1,-6.393,-5.4605,-0.9325,-1,32.5203,14.7697,30.1798,35.1374,0,34.5725,27.5858,-0.7255,1467.0503,1424.3397,1445.695,0.0295,0.2917,5.0275,1444.9762,-1,54688126,350215.9,0,0.4872,1,-2.092,8.4623,1
2026-05-06 14:15:00,1436.8,1450.9,1436.8,1450.0,1166927,1439.8396,1444.3029,1447.7165,-1,-5.0495,-5.3783,0.3288,1,30.799,29.3908,24.8242,54.8765,0,96.1538,52.6441,0.3044,1464.2799,1425.5201,1444.9,0.0268,0.6316,5.6755,1444.2916,1,55855053,394490.9,1,0.9362,1,-1.1925,9.4587,0
2026-05-06 14:30:00,1450.5,1450.9,1442.9,1445.4,780064,1440.9517,1444.4027,1447.6257,-1,-4.3063,-5.1639,0.8576,1,29.2008,26.5157,22.3959,49.2515,0,76.4957,69.074,-0.0415,1461.3514,1426.6186,1443.985,0.0241,0.5407,5.8415,1443.8302,1,55074989,419903.6,1,0.6375,-1,-1.506,9.1115,0
2026-05-06 14:45:00,1445.4,1445.7,1440.7,1442.7,607966,1441.3013,1444.2479,1447.4325,-1,-3.8903,-4.9092,1.0189,1,27.2836,24.8777,23.7305,46.2545,0,64.9573,79.2023,0.1458,1458.3532,1427.7068,1443.03,0.0212,0.4892,5.7814,1442.8089,-1,54467023,428509.4,0,0.54,-1,-1.6899,8.9077,0
2026-05-06 15:00:00,1443.0,1443.7,1436.0,1438.2,2235259,1440.6811,1443.6981,1447.0704,-1,-3.879,-4.7031,0.8241,1,25.9996,22.5659,27.1975,41.7001,0,45.7265,62.3932,0.433,1456.4958,1427.8342,1442.165,0.0199,0.3617,5.9185,1441.3927,-1,52231764,516013.5,1,0.6234,-1,-1.9966,8.568,1
2026-05-06 15:15:00,1438.2,1439.8,1435.7,1438.7,1613377,1440.2849,1443.2437,1446.7422,-1,-3.7861,-4.5197,0.7337,1,24.8576,21.4242,26.1917,42.379,0,47.8632,52.849,0.4118,1454.7674,1428.0526,1441.41,0.0185,0.3986,5.7886,1440.5993,-1,53845141,581298.35,1,0.122,1,-1.9625,8.6057,0
2026-05-07 09:15:00,1442.0,1442.0,1430.5,1435.8,393546,1439.3879,1442.567,1446.3131,-1,-3.9014,-4.3961,0.4946,1,24.6118,18.5842,28.7138,39.5056,0,35.4701,43.0199,0.1954,1452.6252,1428.3348,1440.48,0.0169,0.3073,6.1965,1440.21,-1,53451595,589635.4,0,0.5391,-1,-2.1601,8.3868,1
2026-05-07 09:30:00,1436.0,1443.4,1434.7,1442.2,539727,1439.9503,1442.5336,1446.1518,-1,-3.4368,-4.2042,0.7674,1,24.0762,18.3412,25.915,47.9011,0,62.8205,48.7179,0.5859,1452.3113,1428.3487,1440.33,0.0166,0.578,6.3754,1439.8951,1,53991322,592932.7,0,0.7126,1,-1.724,8.8699,1
2026-05-07 09:45:00,1442.3,1444.5,1440.0,1444.0,565039,1440.7602,1442.6669,1446.0674,-1,-2.8901,-3.9414,1.0513,1,23.3353,18.6556,24.5804,50.0027,0,70.5128,56.2678,0.7325,1451.8449,1428.4851,1440.165,0.0162,0.6642,6.2414,1439.8203,1,54556361,603150.35,0,0.3778,1,-1.6014,9.0058,0
2026-05-07 10:00:00,1443.9,1445.8,1436.6,1438.5,457670,1440.3082,1442.2881,1445.7706,-1,-2.8675,-3.7266,0.8591,1,23.192,16.7557,25.8408,44.1432,0,39.2157,57.5163,0.2509,1450.3746,1428.8054,1439.59,0.015,0.4495,6.4527,1439.6679,-1,54098691,615031.45,0,0.587,-1,-1.9761,8.5906,1
2026-05-07 10:15:00,1438.5,1442.3,1437.4,1441.0,437071,1440.4466,1442.171,1445.5836,-1,-2.6177,-3.5048,0.8871,1,23.0588,15.831,24.4146,47.1735,0,51.4706,53.733,0.2923,1449.4936,1429.0564,1439.275,0.0142,0.5844,6.3418,1439.5349,1,54535762,624849.0,0,0.5102,1,-1.8058,8.7793,1
2026-05-07 10:30:00,1441.0,1443.8,1440.1,1443.2,259134,1440.9972,1442.2646,1445.4901,-1,-2.2167,-3.2472,1.0305,1,22.5604,16.8923,23.366,49.7566,0,62.2549,50.9804,-0.469,1449.1271,1429.1829,1439.155,0.0139,0.7028,6.1531,1439.4876,1,54794896,628181.45,0,0.5946,1,-1.6559,8.9454,0
2026-05-07 10:45:00,1443.3,1443.8,1436.6,1437.0,442474,1440.1978,1441.786,1445.1571,-1,-2.3718,-3.0721,0.7003,1,22.6852,15.4973,25.4507,43.3266,0,31.8627,48.5294,-0.5812,1448.2018,1429.2082,1438.705,0.0132,0.4102,6.2279,1439.4167,-1,54352422,644516.25,0,0.875,-1,-2.0784,8.4774,0
2026-05-07 11:00:00,1437.2,1437.6,1433.7,1435.3,396661,1439.2182,1441.1963,1444.7706,-1,-2.602,-2.9781,0.3761,1,23.2359,14.7851,27.6983,41.7341,0,23.5294,39.2157,-0.5129,1448.0061,1428.8739,1438.44,0.0133,0.3359,6.0616,1439.2014,-1,53955761,639276.8,0,0.4872,-1,-2.1942,8.3491,0
2026-05-07 11:15:00,1435.3,1436.3,1433.4,1435.3,302700,1438.4346,1440.6603,1444.3992,-1,-2.7526,-2.933,0.1804,1,23.7915,14.2603,27.0824,41.7341,0,23.5294,26.3072,-0.2016,1447.8288,1429.3812,1438.605,0.0128,0.3208,5.8358,1439.2189,-1,54258461,637432.2,0,0.0,1,-2.1942,8.3491,0
2026-05-07 11:30:00,1435.3,1438.5,1434.4,1434.5,311076,1437.6477,1440.1003,1444.011,-1,-2.9031,-2.927,0.0239,1,23.694,16.2804,25.6938,40.9133,0,19.6078,22.2222,-0.2919,1447.7277,1429.6523,1438.69,0.0126,0.2682,5.7118,1439.358,-1,53947385,635551.15,0,0.1951,-1,-2.2487,8.2887,1
2026-05-07 11:45:00,1434.5,1440.0,1433.6,1439.3,333330,1437.9781,1440.0275,1443.8262,-1,-2.605,-2.8626,0.2576,1,23.2019,16.8483,23.6549,47.5752,0,57.5163,33.5512,0.2438,1447.6584,1430.3516,1439.005,0.012,0.517,5.761,1439.4202,-1,54280715,641640.25,0,0.75,1,-1.9216,8.651,1
2026-05-07 12:00:00,1438.8,1442.5,1437.9,1441.8,373793,1438.7425,1440.1887,1443.7468,-1,-2.1423,-2.7185,0.5762,1,22.1098,19.0183,22.2861,50.6933,0,73.8562,50.3268,-0.0277,1447.7946,1431.0154,1439.405,0.0117,0.6427,5.678,1439.6647,1,54654508,636978.55,0,0.6522,1,-1.7513,8.8397,0
2026-05-07 12:15:00,1442.4,1444.0,1441.4,1441.5,460136,1439.294,1440.3079,1443.6587,-1,-1.7793,-2.5307,0.7514,1,20.7342,20.3342,21.5278,50.3066,0,71.8954,67.756,-0.1731,1447.7831,1431.8269,1439.805,0.0111,0.6062,5.4582,1440.0041,1,54194372,635256.45,0,0.3462,-1,-1.7717,8.8171,1
2026-05-07 12:30:00,1441.4,1449.5,1439.0,1448.0,909706,1441.0352,1441.0072,1443.8289,1,-0.9562,-2.2158,1.2596,1,20.1973,24.4651,18.7528,57.8148,0,92.1053,79.2856,0.6604,1448.8596,1432.0604,1440.46,0.0117,0.9488,5.8183,1440.6971,1,55104078,647623.4,0,0.6286,1,-1.3288,9.3078,0
2026-05-07 12:45:00,1448.0,1448.8,1441.5,1442.0,621970,1441.2282,1441.0974,1443.7572,1,-0.779,-1.9284,1.1495,1,19.6987,22.3118,17.1022,50.2652,0,53.4161,72.4723,0.0694,1448.971,1432.469,1440.72,0.0115,0.5776,5.9241,1440.9943,1,54482108,660381.3,0,0.8219,-1,-1.7376,8.8548,0
2026-05-07 13:00:00,1442.4,1445.7,1441.4,1442.0,299060,1441.3825,1441.1795,1443.6883,1,-0.6313,-1.669,1.0377,1,19.2092,21.1319,16.3208,50.2652,0,53.4161,66.3125,-0.0831,1447.4293,1433.2107,1440.32,0.0099,0.6182,5.8081,1440.5798,1,54781168,616987.95,0,0.093,-1,-1.7376,8.8548,0
2026-05-07 13:15:00,1441.9,1443.2,1437.7,1440.0,429666,1441.106,1441.0722,1443.5437,1,-0.6679,-1.4688,0.8009,1,17.8522,19.6971,19.7803,47.8496,0,40.9938,49.2754,0.2088,1446.7664,1433.3336,1440.05,0.0093,0.4963,5.7861,1440.1911,-1,54351502,599468.05,0,0.3455,-1,-1.8739,8.7039,0
2026-05-07 13:30:00,1440.0,1440.7,1437.6,1438.4,306496,1440.5648,1440.8293,1443.3419,-1,-0.8166,-1.3383,0.5217,1,16.616,18.9175,19.125,45.9473,0,31.0559,41.8219,0.216,1446.4732,1433.1968,1439.835,0.0092,0.3919,5.5943,1440.0094,-1,54045006,584394.55,0,0.5161,-1,-1.983,8.5831,1
2026-05-07 13:45:00,1438.4,1441.0,1437.6,1440.3,372888,1440.5119,1440.7812,1443.2226,-1,-0.7722,-1.2251,0.4529,1,15.4672,18.4666,18.2708,48.5625,0,42.8571,38.3023,0.3484,1446.5377,1433.3423,1439.94,0.0092,0.5273,5.4375,1440.1565,1,54417894,491276.0,0,0.5588,1,-1.8535,8.7265,0
2026-05-07 14:00:00,1440.2,1440.4,1437.2,1439.8,411761,1440.3695,1440.692,1443.0884,-1,-0.7686,-1.1338,0.3652,1,14.4333,17.6669,18.0209,47.9057,0,39.7516,37.8882,0.3695,1446.5687,1433.4213,1439.995,0.0091,0.4852,5.2777,1440.4986,-1,54006133,431195.2,0,0.125,-1,-1.8876,8.6888,1
2026-05-07 14:15:00,1439.6,1444.2,1438.0,1442.5,1193350,1440.7956,1440.8564,1443.0654,-1,-0.5416,-1.0154,0.4738,1,14.3006,21.2822,16.5274,51.7045,0,56.5217,46.3768,0.2223,1446.694,1433.966,1440.33,0.0088,0.6705,5.3436,1440.8175,1,55199483,471185.4,1,0.4677,1,-1.7036,8.8926,0
2026-05-07 14:30:00,1442.7,1444.0,1436.6,1438.0,1363950,1440.2365,1440.5967,1442.8667,-1,-0.7165,-0.9556,0.2391,1,13.7704,19.2334,16.7576,45.7203,0,28.5714,41.6149,-0.2636,1446.5005,1433.7395,1440.12,0.0089,0.3339,5.4905,1440.6844,-1,53835533,512396.55,1,0.6351,-1,-2.0102,8.5529,0
2026-05-07 14:45:00,1438.5,1439.0,1435.4,1436.1,361441,1439.4092,1440.1879,1442.6014,-1,-0.997,-0.9639,-0.0331,-1,12.9375,18.3099,17.5535,43.4345,0,15.7233,33.6055,-0.3746,1446.0738,1433.3762,1439.725,0.0088,0.2145,5.3554,1440.4249,-1,53474092,502216.65,0,0.6667,-1,-2.1397,8.4095,0
2026-05-07 15:00:00,1436.1,1441.9,1431.0,1434.5,6539162,1438.4273,1439.6708,1442.2837,-1,-1.333,-1.0377,-0.2953,-1,12.9555,15.8313,20.6418,41.5506,0,18.9189,21.0712,-0.9323,1446.2561,1432.7939,1439.525,0.0094,0.1267,5.7515,1438.553,-1,46934930,806291.25,1,0.1468,-1,-2.2487,8.2887,1
2026-05-07 15:15:00,1434.6,1437.0,1433.5,1435.5,1177230,1437.8419,1439.2917,1442.0176,-1,-1.5013,-1.1304,-0.3709,-1,12.9721,15.1233,19.7187,43.2085,0,24.3243,19.6555,-0.4508,1446.1645,1432.3355,1439.25,0.0096,0.2288,5.5907,1438.2848,-1,48112160,843299.2,0,0.2571,1,-2.1806,8.3642,0
2026-05-08 09:15:00,1428.0,1428.0,1418.0,1427.0,273773,1435.6735,1438.1742,1441.4287,-1,-2.2941,-1.3631,-0.9309,-1,15.342,12.1885,33.0802,34.3019,1,28.5714,23.9382,-1.0402,1446.9299,1429.9501,1438.44,0.0118,-0.1737,6.4413,1437.9958,-1,47838387,844031.15,0,0.1,-1,-2.7598,7.7225,0
2026-05-08 09:30:00,1426.3,1426.3,1419.4,1419.5,403638,1432.4388,1436.4766,1440.5687,-1,-3.4874,-1.788,-1.6994,-1,17.5426,11.1743,30.3277,28.6836,1,4.7619,19.2192,-1.4236,1449.4117,1425.7183,1437.565,0.0165,-0.2624,6.5241,1437.5762,-1,47434749,842089.35,0,0.9855,-1,-3.2709,7.1563,1
2026-05-08 09:45:00,1419.2,1423.9,1418.0,1423.7,366874,1430.691,1435.3151,1439.9072,-1,-4.0475,-2.2399,-1.8076,-1,19.7332,10.4475,29.8985,35.0948,0,18.5065,17.2799,-1.022,1450.2674,1423.7026,1436.985,0.0185,-0.0001,6.4795,1437.2816,-1,47801623,840600.0,0,0.7627,1,-2.9847,7.4734,1
2026-05-08 10:00:00,1423.9,1428.9,1423.1,1428.5,269370,1430.2528,1434.6955,1439.4599,-1,-4.0573,-2.6034,-1.4539,-1,20.4095,15.328,27.9724,41.5607,0,37.9061,20.3915,-0.8193,1450.4214,1422.8686,1436.645,0.0192,0.2044,6.431,1437.155,-1,48070993,838933.5,0,0.7931,1,-2.6576,7.8357,1
2026-05-08 10:15:00,1428.4,1433.0,1426.2,1432.0,306193,1430.6023,1434.4505,1439.1673,-1,-3.7396,-2.8306,-0.909,-1,20.0986,18.7103,25.8684,45.8006,0,53.4351,36.6159,-0.5417,1450.4168,1422.6232,1436.52,0.0193,0.3374,6.4573,1437.0568,-1,48377186,838689.35,0,0.5294,1,-2.4191,8.0999,0
2026-05-08 10:30:00,1432.0,1432.0,1429.5,1431.3,185997,1430.7418,1434.1641,1438.8588,-1,-3.5038,-2.9653,-0.5386,-1,19.8099,18.1692,25.1202,45.0959,0,50.7634,47.3682,-0.7764,1450.1338,1422.1062,1436.12,0.0195,0.328,6.1747,1436.9768,-1,48191189,831322.7,0,0.28,-1,-2.4668,8.0471,0
2026-05-08 10:45:00,1431.3,1431.3,1426.1,1426.2,194201,1429.8334,1433.4401,1438.3624,-1,-3.6861,-3.1094,-0.5767,-1,20.0763,17.0638,27.5699,40.2383,0,31.2977,45.1654,-0.8206,1449.7338,1420.9462,1435.34,0.0201,0.1825,6.105,1436.7838,-1,47996988,822343.1,0,0.9808,-1,-2.8143,7.6621,1
2026-05-08 11:00:00,1426.2,1431.4,1426.1,1429.2,282404,1429.7068,1433.0546,1438.0031,-1,-3.5475,-3.197,-0.3505,-1,20.2987,16.1137,25.8441,44.0558,0,42.7481,41.6031,-0.4805,1449.0644,1420.3856,1434.725,0.02,0.3073,6.0475,1436.4909,-1,48279392,813456.5,0,0.566,1,-2.6099,7.8886,0
2026-05-08 11:15:00,1429.2,1429.7,1426.1,1426.6,147201,1429.0854,1432.4678,1437.5559,-1,-3.6059,-3.2788,-0.3271,-1,20.5053,15.4082,24.7125,41.577,0,32.8244,35.6234,-0.5507,1447.034,1420.276,1433.655,0.0187,0.2363,5.8727,1435.8768,-1,48132191,775331.25,0,0.7222,-1,-2.7871,7.6923,1
2026-05-08 11:30:00,1426.7,1429.2,1425.8,1427.3,121250,1428.7283,1431.998,1437.1537,-1,-3.5548,-3.334,-0.2208,-1,20.7503,14.7512,24.035,42.5148,0,35.7692,37.1139,-0.5712,1445.9962,1419.8438,1432.92,0.0183,0.2851,5.6961,1435.4677,-1,48253441,750295.25,0,0.1765,1,-2.7394,7.7451,0
2026-05-08 11:45:00,1426.7,1427.1,1423.5,1424.6,184640,1427.9027,1431.3255,1436.6614,-1,-3.6896,-3.4051,-0.2845,-1,21.3807,14.0312,25.8162,39.8572,0,27.6151,32.0696,-0.1682,1444.9074,1419.1926,1432.05,0.018,0.2103,5.5607,1435.1868,-1,48068801,744574.25,0,0.5833,-1,-2.9233,7.5413,0
2026-05-08 12:00:00,1424.6,1424.6,1422.4,1423.9,214684,1427.1021,1430.6504,1436.161,-1,-3.809,-3.4859,-0.3231,-1,22.1511,13.6168,26.5305,39.1735,0,24.6862,29.3568,0.31,1444.0265,1418.4635,1431.245,0.0179,0.2127,5.3206,1434.8681,-1,47854117,733825.15,0,0.3182,-1,-2.971,7.4885,1
2026-05-08 12:15:00,1424.0,1426.8,1423.3,1425.5,335596,1426.7817,1430.1822,1435.7429,-1,-3.7315,-3.535,-0.1965,-1,22.1734,15.9884,25.2527,41.6378,0,39.4737,30.5916,0.1264,1443.1724,1418.0276,1430.6,0.0176,0.2972,5.1906,1434.5634,-1,48189713,735280.15,0,0.4286,1,-2.862,7.6093,0
2026-05-08 12:30:00,1425.8,1425.8,1423.6,1424.4,115450,1426.3054,1429.6565,1435.2981,-1,-3.716,-3.5712,-0.1448,-1,22.1941,15.4836,24.4554,40.4252,0,42.6667,35.6088,-0.287,1441.8219,1417.7881,1429.805,0.0168,0.2751,4.977,1434.353,-1,48074263,722408.25,0,0.6364,-1,-2.937,7.5262,0
2026-05-08 12:45:00,1424.2,1424.9,1422.1,1422.1,177888,1425.4643,1428.9696,1434.7805,-1,-3.845,-3.626,-0.219,-1,22.5172,14.8413,25.6631,37.9375,0,27.3333,36.4912,-0.6913,1440.4598,1417.3802,1428.92,0.0162,0.2045,4.8215,1434.0728,-1,47896375,710714.6,0,0.75,-1,-3.0937,7.3526,1
2026-05-08 13:00:00,1422.6,1423.7,1421.7,1422.7,239988,1424.9114,1428.3996,1434.3068,-1,-3.8544,-3.6716,-0.1827,-1,22.8985,14.3824,25.488,38.9922,0,31.3333,33.7778,-0.6009,1437.935,1417.925,1427.93,0.014,0.2386,4.6199,1433.1926,-1,48136363,663046.5,0,0.05,1,-3.0528,7.3979,1
2026-05-08 13:15:00,1422.7,1427.5,1422.3,1427.0,452460,1425.3291,1428.2724,1434.0202,-1,-3.4748,-3.6323,0.1575,1,22.0017,19.0593,23.4571,46.0664,0,46.9027,35.1898,0.0561,1436.2559,1418.5041,1427.38,0.0124,0.4786,4.6614,1432.2141,-1,48588823,617472.0,0,0.8269,1,-2.7598,7.7225,0
2026-05-08 13:30:00,1427.0,1427.3,1425.1,1425.8,150604,1425.4233,1428.0476,1433.6979,-1,-3.2335,-3.5525,0.319,1,21.169,18.3916,22.6353,44.5151,0,36.2832,38.1731,-0.2379,1434.8031,1418.9269,1426.865,0.0111,0.4329,4.4855,1432.0003,-1,48438219,606930.15,0,0.5455,-1,-2.8416,7.6319,0
2026-05-08 13:45:00,1425.8,1426.2,1424.6,1424.9,213176,1425.3187,1427.7615,1433.3528,-1,-3.0794,-3.4579,0.3785,1,20.5268,17.9004,22.8653,43.3364,0,31.068,38.0846,-0.1192,1433.5408,1419.2292,1426.385,0.01,0.3962,4.2794,1427.4776,-1,48225043,290630.85,0,0.5625,-1,-2.9029,7.564,1
2026-05-08 14:00:00,1425.0,1427.3,1423.6,1426.0,279933,1425.4549,1427.6013,1433.0645,-1,-2.8358,-3.3335,0.4976,1,19.5599,18.6381,21.4395,45.2448,0,44.3299,37.227,-0.0911,1431.7165,1420.1035,1425.91,0.0081,0.5077,4.2381,1425.491,1,48504976,245766.0,0,0.2703,1,-2.8279,7.647,1
2026-05-08 14:15:00,1426.0,1427.6,1425.6,1427.4,203612,1425.8439,1427.583,1432.8424,-1,-2.501,-3.167,0.666,1,18.5596,18.5107,20.6884,47.6608,0,58.7629,44.7202,0.1965,1431.7541,1420.1059,1425.93,0.0082,0.6262,4.0782,1425.6143,1,48708588,242257.95,0,0.7,1,-2.7325,7.7527,1
2026-05-08 14:30:00,1427.4,1441.7,1427.4,1440.0,895721,1428.6752,1428.7119,1433.123,-1,-1.2051,-2.7746,1.5695,1,19.8848,35.5243,16.2936,63.3395,0,91.5,64.8643,1.1307,1434.7679,1419.1421,1426.955,0.011,1.3348,4.8083,1427.7123,1,49604309,266862.1,1,0.8811,1,-1.8739,8.7039,0
2026-05-08 14:45:00,1440.5,1442.8,1437.7,1438.5,316059,1430.6401,1429.6017,1433.3339,1,-0.2956,-2.2788,1.9832,1,21.2628,34.4716,15.0645,60.9969,0,79.6209,76.6279,0.912,1436.8268,1418.5632,1427.695,0.0128,1.0916,4.8292,1428.8327,1,49288250,264321.35,0,0.3922,-1,-1.9761,8.5906,0
2026-05-08 15:00:00,1438.2,1438.4,1433.3,1434.6,794671,1431.4321,1430.0561,1433.3836,1,0.1091,-1.8012,1.9104,1,21.3102,31.8347,20.3847,55.273,0,61.1374,77.4194,0.7161,1437.6137,1418.3863,1428.0,0.0135,0.8433,4.8556,1429.8279,1,48493579,290586.4,1,0.7059,-1,-2.2419,8.2962,1
2026-05-08 15:15:00,1434.6,1437.4,1434.4,1436.0,798655,1432.3457,1430.5964,1433.4862,1,0.5367,-1.3336,1.8703,1,21.3543,30.3904,19.4599,56.8388,0,67.7725,69.5103,0.9774,1438.2928,1418.1072,1428.2,0.0141,0.8864,4.7231,1430.5736,1,49292234,315209.5,1,0.4667,1,-2.1465,8.4019,0
2026-05-11 09:15:00,1424.7,1426.0,1418.0,1421.1,438108,1430.0965,1429.7331,1433.0004,1,-0.323,-1.1315,0.8085,1,21.3012,23.5009,35.7032,40.5633,0,12.5,47.1367,-0.1125,1438.1295,1417.2505,1427.69,0.0146,0.1844,5.6714,1429.9704,-1,48854126,327815.05,0,0.45,-1,-3.1618,7.2771,0
2026-05-11 09:30:00,1421.6,1422.5,1415.3,1415.3,739651,1427.1372,1428.421,1432.3063,-1,-1.4556,-1.1963,-0.2593,-1,21.5822,21.4101,35.863,36.2161,0,0.0,26.7575,-0.8199,1438.8946,1415.3954,1427.145,0.0165,-0.0041,5.7806,1428.75,-1,48114475,355087.55,1,0.875,-1,-3.5571,6.8393,1
2026-05-11 09:45:00,1415.1,1420.8,1415.0,1419.8,279967,1425.6698,1427.6373,1431.8159,-1,-1.9674,-1.3505,-0.6168,-1,21.8801,19.876,33.664,41.4583,0,17.2662,9.9221,-0.4208,1438.8041,1414.5459,1426.675,0.017,0.2166,5.782,1428.3411,-1,48394442,354965.7,0,0.8103,1,-3.2504,7.179,1
2026-05-11 10:00:00,1419.9,1420.9,1417.4,1420.2,228487,1424.5758,1426.9612,1431.3603,-1,-2.314,-1.5432,-0.7708,-1,22.1344,19.1188,32.1663,41.9153,0,18.705,11.9904,-0.3298,1438.8085,1413.9015,1426.355,0.0175,0.2529,5.619,1428.0777,-1,48622929,359030.0,0,0.0857,1,-3.2232,7.2092,0
2026-05-11 10:15:00,1420.2,1420.4,1415.5,1415.7,345495,1422.8007,1425.9374,1430.7462,-1,-2.9182,-1.8182,-1.1,-1,22.6277,17.917,32.5817,38.2937,0,2.518,12.8297,-0.7223,1439.0517,1412.4983,1425.775,0.0186,0.1206,5.5677,1427.5807,-1,48277434,370242.25,0,0.9184,-1,-3.5298,6.8695,0
2026-05-11 10:30:00,1416.0,1417.0,1414.2,1415.6,301579,1421.3605,1424.9977,1430.1522,-1,-3.3663,-2.1279,-1.2385,-1,23.2598,17.2497,33.0975,38.2147,0,4.8951,8.706,-0.8267,1439.3211,1411.3289,1425.325,0.0196,0.1526,5.37,1427.1621,-1,47975855,376089.2,0,0.1429,-1,-3.5366,6.8619,1
2026-05-11 10:45:00,1415.6,1419.1,1414.5,1418.4,395489,1420.7684,1424.3979,1429.6914,-1,-3.4556,-2.3934,-1.0622,-1,23.3172,19.0055,31.0514,41.8339,0,14.6853,7.3661,-1.5,1439.3599,1410.7401,1425.05,0.0201,0.2676,5.315,1426.7558,-1,48371344,385129.45,0,0.6087,1,-3.3458,7.0733,1
2026-05-11 11:00:00,1418.5,1420.0,1418.0,1418.7,157040,1420.3547,1423.8799,1429.2603,-1,-3.4623,-2.6072,-0.8551,-1,23.1459,19.7368,30.1778,42.2244,0,15.7343,11.7716,-1.3764,1439.2817,1410.1383,1424.71,0.0205,0.2938,5.0782,1426.6612,-1,48528384,376201.65,0,0.1,1,-3.3254,7.0959,0
2026-05-11 11:15:00,1418.7,1419.4,1417.4,1418.0,242491,1419.8838,1423.3454,1428.8187,-1,-3.484,-2.7825,-0.7014,-1,23.0877,19.1564,30.1726,41.5239,0,13.2867,14.5688,-1.1571,1439.2531,1409.5269,1424.39,0.0209,0.285,4.8583,1426.4263,-1,48285893,382553.7,0,0.35,-1,-3.3731,7.0431,0
2026-05-11 11:30:00,1418.0,1418.0,1415.1,1416.6,221758,1419.227,1422.7321,1428.3396,-1,-3.5729,-2.9406,-0.6323,-1,23.4151,18.3154,32.3298,40.0913,0,8.3916,12.4709,-1.351,1439.3366,1408.8934,1424.115,0.0214,0.2531,4.7184,1426.2206,-1,48064135,384747.2,0,0.4828,-1,-3.4685,6.9374,0
2026-05-11 11:45:00,1416.8,1417.3,1411.3,1412.3,587217,1417.8416,1421.7838,1427.7106,-1,-3.9448,-3.1415,-0.8034,-1,24.2823,16.6835,35.0922,35.985,0,3.1746,8.2843,-0.6192,1439.6615,1407.5285,1423.595,0.0226,0.1485,4.81,1425.4065,-1,47476918,402108.65,0,0.75,-1,-3.7615,6.6128,0
2026-05-11 12:00:00,1412.9,1413.0,1410.4,1411.0,298900,1416.4733,1420.8034,1427.0553,-1,-4.295,-3.3722,-0.9228,-1,25.2119,16.0175,35.0732,34.8237,1,2.1429,4.5697,-0.3038,1439.6764,1405.9136,1422.795,0.0237,0.1507,4.6521,1424.8673,-1,47178018,394430.65,0,0.7308,-1,-3.8501,6.5147,0
2026-05-11 12:15:00,1411.0,1412.0,1409.1,1409.6,335335,1415.0986,1419.7849,1426.3707,-1,-4.6321,-3.6242,-1.0079,-1,26.256,15.2846,35.5195,33.5673,1,1.7668,2.3614,-0.7184,1439.7437,1404.2263,1421.985,0.025,0.1513,4.527,1424.237,-1,46842683,403667.2,0,0.4828,-1,-3.9455,6.409,0
2026-05-11 12:30:00,1409.1,1409.5,1405.0,1405.3,580877,1413.1389,1418.4681,1425.5444,-1,-5.1864,-3.9366,-1.2498,-1,27.7439,14.1765,39.4062,29.9887,1,1.4286,1.7794,-1.0491,1440.1233,1401.8867,1421.005,0.0269,0.0893,4.5322,1422.9982,-1,46261806,422052.25,0,0.8444,-1,-4.2385,6.0844,0
2026-05-11 12:45:00,1405.3,1405.5,1400.6,1402.9,875919,1411.0911,1417.0528,1424.6564,-1,-5.7531,-4.2999,-1.4532,-1,29.5878,13.088,43.2751,28.1827,1,10.5023,4.5659,-0.9041,1440.362,1399.338,1419.85,0.0289,0.0868,4.5585,1420.9782,-1,45385887,451851.55,1,0.4898,-1,-4.402,5.9032,0
2026-05-11 13:00:00,1403.0,1403.5,1399.3,1401.9,894891,1409.2529,1415.6753,1423.764,-1,-6.2113,-4.6822,-1.5291,-1,31.4242,12.2218,42.4596,27.4412,1,12.037,7.9893,-0.9678,1440.1916,1396.9584,1418.575,0.0305,0.1143,4.5329,1419.0693,-1,44490996,486415.5,1,0.2619,-1,-4.4702,5.8277,1
2026-05-11 13:15:00,1401.9,1402.7,1400.9,1402.4,253246,1407.8823,1414.4685,1422.9262,-1,-6.4596,-5.0377,-1.4219,-1,33.1295,11.8595,41.201,28.4548,1,14.3519,12.2971,-1.128,1437.0337,1396.3563,1416.695,0.0287,0.1486,4.3376,1416.8883,-1,44744242,454291.75,0,0.2778,1,-4.4361,5.8655,0
2026-05-11 13:30:00,1402.9,1403.5,1398.4,1400.0,587285,1406.3059,1413.1531,1422.0271,-1,-6.7719,-5.3845,-1.3874,-1,34.9592,10.8759,41.8495,26.5384,1,7.2727,11.2205,-1.3181,1433.7303,1395.8097,1414.77,0.0268,0.1105,4.3921,1415.0987,-1,44156957,467853.05,0,0.5686,-1,-4.5997,5.6843,0
2026-05-11 13:45:00,1399.7,1401.5,1399.5,1399.7,390945,1404.9847,1411.9301,1421.1516,-1,-6.9634,-5.7003,-1.2631,-1,36.6582,10.5078,40.4332,26.2999,1,6.0185,9.2144,-1.2906,1430.7475,1395.3025,1413.025,0.0251,0.1241,4.2212,1412.6448,-1,43766012,447666.75,0,0.0,1,-4.6201,5.6617,0
2026-05-11 14:00:00,1399.6,1400.5,1397.2,1397.5,568384,1403.4877,1410.6183,1420.2241,-1,-7.2096,-6.0022,-1.2074,-1,38.4598,9.9118,42.0932,24.5574,1,1.3158,4.869,-1.3483,1426.6531,1395.5469,1411.1,0.022,0.0628,4.1554,1409.5844,-1,43197628,436153.2,0,0.6364,-1,-4.77,5.4956,1
2026-05-11 14:15:00,1397.8,1400.5,1397.5,1399.3,601044,1402.6502,1409.5894,1419.4035,-1,-7.1767,-6.2371,-0.9397,-1,40.1328,9.3903,39.8786,28.7188,1,9.2105,5.5149,-0.9205,1425.6623,1394.3577,1410.01,0.0222,0.1579,4.0729,1408.2779,-1,43798672,444300.0,0,0.5,1,-4.6474,5.6315,0
2026-05-11 14:30:00,1399.4,1400.3,1397.4,1397.9,331590,1401.7002,1408.5267,1418.5602,-1,-7.1809,-6.4258,-0.755,-1,41.6967,8.9027,37.9868,27.4505,1,3.1532,4.5598,-0.9284,1425.4404,1392.8396,1409.14,0.0231,0.1552,3.9891,1407.0747,-1,43467082,423896.95,0,0.5172,-1,-4.7428,5.5258,0
2026-05-11 14:45:00,1397.9,1399.2,1394.3,1394.5,631729,1400.2601,1407.2515,1417.6167,-1,-7.3735,-6.6154,-0.7581,-1,43.4555,8.1341,40.1691,24.6083,1,0.8439,4.4025,-1.0712,1424.5914,1391.1586,1407.875,0.0237,0.0999,4.0542,1405.919,-1,42835353,441485.05,0,0.6939,-1,-4.9744,5.2691,0
2026-05-11 15:00:00,1394.5,1394.7,1387.4,1387.8,1881784,1397.7681,1405.4832,1416.4474,-1,-7.9749,-6.8873,-1.0876,-1,45.6017,7.1445,46.7814,20.1752,1,1.3378,1.7783,-1.2453,1424.1201,1388.3899,1406.255,0.0254,-0.0165,4.286,1402.7595,-1,40953569,524149.9,1,0.9178,-1,-5.431,4.7633,0
2026-05-11 15:15:00,1387.7,1389.0,1382.6,1385.0,2494661,1395.2145,1403.6211,1415.2142,-1,-8.5785,-7.2255,-1.353,-1,47.8554,6.4084,49.6887,18.6621,1,7.8947,3.3588,-1.2759,1424.2712,1385.1688,1404.72,0.0278,-0.0043,4.437,1398.9626,-1,38458908,631608.2,1,0.4219,-1,-5.6218,4.552,0
2026-05-12 09:15:00,1392.0,1392.3,1381.2,1382.8,1299858,1392.7316,1401.7283,1413.943,-1,-9.1292,-7.6062,-1.5229,-1,48.7769,10.1721,41.6699,17.5485,1,5.1948,4.8091,-1.3624,1424.1493,1382.0107,1403.08,0.03,0.0187,4.913,1397.3043,-1,37159050,681522.15,1,0.8288,-1,-5.7717,4.3859,1
2026-05-12 09:30:00,1382.8,1384.7,1381.2,1382.9,565702,1390.7653,1400.0166,1412.7257,-1,-9.4486,-7.9747,-1.4739,-1,49.6327,9.6436,39.505,17.7887,1,6.0071,6.3655,-1.3905,1422.8878,1379.7222,1401.305,0.0308,0.0736,4.812,1396.1412,-1,37724752,690032.8,0,0.0286,1,-5.7649,4.3934,1
2026-05-12 09:45:00,1382.9,1388.3,1382.6,1383.5,753449,1389.3122,1398.5151,1411.5796,-1,-9.5433,-8.2884,-1.2549,-1,49.2237,14.1125,36.206,19.3072,1,9.465,6.889,-1.1786,1420.9065,1378.1835,1399.545,0.0305,0.1244,4.8755,1395.2995,-1,38478201,719853.25,0,0.1053,1,-5.724,4.4387,0
2026-05-12 10:00:00,1383.5,1383.9,1377.5,1380.3,471048,1387.5098,1396.8592,1410.3529,-1,-9.764,-8.5836,-1.1805,-1,49.3964,12.8182,40.194,17.4554,1,10.7692,8.7471,-1.386,1418.8274,1376.4926,1397.66,0.0303,0.0899,4.9844,1394.4442,-1,38007153,731281.1,0,0.5,-1,-5.9421,3.3855,1
2026-05-12 10:15:00,1380.3,1383.8,1380.1,1382.1,364747,1386.4278,1395.5174,1409.2449,-1,-9.6821,-8.8033,-0.8789,-1,49.5567,12.1258,38.0228,21.9881,1,17.6923,12.6422,-1.102,1416.2533,1375.6167,1395.935,0.0291,0.1595,4.8926,1393.8046,-1,38371900,738430.55,0,0.4865,1,-5.8194,3.5203,1
2026-05-12 10:30:00,1382.1,1383.9,1382.0,1382.4,591804,1385.6223,1394.3249,1408.1922,-1,-9.4837,-8.9393,-0.5443,-1,49.6717,11.9267,36.9199,22.7495,1,18.8462,15.7692,-1.2077,1414.1115,1374.7685,1394.44,0.0282,0.194,4.6789,1392.5743,-1,38963704,738659.9,0,0.1579,1,-5.799,3.5428,1
2026-05-12 10:45:00,1382.4,1383.9,1381.5,1383.9,294855,1385.2778,1393.3772,1407.2396,-1,-9.1004,-8.9716,-0.1289,-1,49.8362,11.474,36.3093,26.6066,1,26.6667,21.0684,-1.0015,1411.7129,1374.4571,1393.085,0.0267,0.2535,4.5161,1392.0028,-1,39258559,738457.65,0,0.625,1,-5.6968,3.6552,1
2026-05-12 11:00:00,1383.9,1386.5,1382.6,1386.0,753739,1385.4222,1392.7066,1406.4066,-1,-8.529,-8.883,0.3541,1,49.0682,14.912,34.0475,31.7447,1,36.9565,27.4898,-0.6095,1409.1363,1374.6737,1391.905,0.0248,0.3287,4.4721,1391.2544,-1,40012298,759377.85,0,0.5385,1,-5.5537,3.8124,1
2026-05-12 11:15:00,1386.4,1393.4,1385.9,1388.7,746994,1386.0778,1392.3423,1405.7123,-1,-7.7687,-8.6602,0.8915,1,46.4167,23.7204,30.1571,37.7763,0,48.6957,37.4396,0.0649,1407.2098,1374.9402,1391.075,0.0232,0.4264,4.6884,1390.5804,-1,40759292,767683.7,0,0.3067,1,-5.3697,4.0147,1
2026-05-12 11:30:00,1388.0,1389.7,1386.2,1388.8,416541,1386.6222,1392.0203,1405.049,-1,-7.0765,-8.3434,1.267,1,43.9545,22.4323,28.5193,37.9948,0,49.5614,45.0712,0.2744,1405.5822,1375.1578,1390.37,0.0219,0.4484,4.6035,1389.7843,-1,41175833,744714.8,0,0.2286,1,-5.3629,4.0222,1
2026-05-12 11:45:00,1389.0,1390.5,1387.9,1389.0,607436,1387.0978,1391.7457,1404.4197,-1,-6.4375,-7.9623,1.5247,1,41.4639,22.7794,27.3319,38.4604,0,52.9954,50.4175,0.4484,1403.9916,1375.4584,1389.725,0.0205,0.4746,4.4604,1389.0354,-1,41783269,730342.05,0,0.0,1,-5.3492,4.0372,0
2026-05-12 12:00:00,1388.9,1390.0,1380.8,1383.0,498259,1386.2782,1390.9507,1403.5797,-1,-6.3422,-7.6382,1.296,1,40.4263,19.6601,34.1571,30.9523,1,31.9767,44.8445,0.0072,1402.0473,1375.4627,1388.755,0.0191,0.2835,4.7989,1388.6656,-1,41285010,742592.7,0,0.6413,-1,-5.7581,3.2013,0
2026-05-12 12:15:00,1382.5,1384.0,1379.2,1381.1,534429,1385.2426,1390.0552,1402.6981,-1,-6.3469,-7.38,1.0331,1,39.7002,18.2555,34.0982,29.0203,1,22.6415,35.8712,-0.1735,1400.4411,1375.1789,1387.81,0.0182,0.2344,4.799,1387.9294,-1,40750581,739949.9,0,0.2917,-1,-5.8876,2.9826,0
2026-05-12 12:30:00,1381.2,1381.2,1377.1,1380.0,568336,1384.1941,1389.141,1401.808,-1,-6.3659,-7.1772,0.8113,1,39.3269,17.1297,35.154,27.9332,1,17.7914,24.1366,-0.0217,1398.6397,1375.0103,1386.825,0.017,0.2112,4.7491,1387.2858,-1,40182245,748819.45,0,0.2927,-1,-5.9625,2.7015,0
2026-05-12 12:45:00,1380.0,1381.8,1378.7,1379.9,527561,1383.3353,1388.301,1400.9489,-1,-6.3162,-7.005,0.6887,1,38.8049,17.2361,33.4732,27.8312,1,17.1779,19.2036,-0.1592,1397.0486,1374.8414,1385.945,0.016,0.2278,4.6313,1386.6102,-1,39654684,746778.3,0,0.0323,-1,-5.9693,2.4121,0
2026-05-12 13:00:00,1380.0,1380.4,1376.4,1378.3,671180,1382.3282,1387.3918,1400.0607,-1,-6.333,-6.8706,0.5376,1,38.6605,16.1623,34.9701,26.1827,1,11.1765,15.3819,-0.2966,1394.6366,1375.1534,1384.895,0.0141,0.1615,4.5862,1385.7413,-1,38983504,750285.1,0,0.425,-1,-6.0784,2.2933,0
2026-05-12 13:15:00,1378.3,1380.3,1373.6,1374.4,1039637,1380.7426,1386.2107,1399.0544,-1,-6.5851,-6.8135,0.2284,1,38.9062,14.5295,35.6592,22.6596,1,4.0404,10.7983,-0.6865,1392.5279,1374.9121,1383.72,0.0127,-0.0291,4.7372,1384.8334,-1,37943867,785687.45,0,0.5821,-1,-6.3441,1.9963,1
2026-05-12 13:30:00,1374.4,1376.8,1372.4,1374.7,668284,1379.5341,1385.1643,1398.0993,-1,-6.6836,-6.7875,0.1039,1,39.2889,13.5607,35.0999,23.5122,1,10.9524,8.7231,-0.8153,1390.8963,1374.5637,1382.73,0.0118,0.0083,4.7131,1383.9528,-1,38612151,787515.2,0,0.0682,1,-6.3237,1.8296,0
2026-05-12 13:45:00,1375.0,1376.4,1372.0,1372.2,594535,1378.0672,1383.9857,1397.0836,-1,-6.884,-6.8068,-0.0772,-1,39.697,12.6521,33.3573,21.3955,1,0.9346,5.3091,-1.1882,1390.9661,1372.9339,1381.95,0.013,-0.0407,4.6907,1382.742,-1,38017616,723152.75,0,0.6364,-1,-6.494,1.3442,1
2026-05-12 14:00:00,1372.1,1374.9,1370.8,1373.0,886565,1377.0538,1382.987,1396.1392,-1,-6.8988,-6.8252,-0.0736,-1,40.2371,11.855,33.0997,23.7608,1,9.7345,7.2072,-1.1377,1391.0459,1371.6541,1381.35,0.014,0.0694,4.6485,1381.5215,-1,38904181,642747.95,0,0.2195,1,-6.4395,1.2537,0
2026-05-12 14:15:00,1373.0,1374.5,1370.2,1371.1,1120926,1375.863,1381.9064,1395.1573,-1,-6.9833,-6.8568,-0.1265,-1,40.82,11.0675,31.8278,22.0627,1,3.8793,4.8495,-1.2887,1391.4061,1370.1239,1380.765,0.0154,0.0459,4.6236,1380.2725,-1,37783255,633801.35,1,0.4419,-1,-6.569,1.1136,0
2026-05-12 14:30:00,1371.4,1371.4,1367.6,1369.5,1027668,1374.5904,1380.7785,1394.1511,-1,-7.0976,-6.905,-0.1926,-1,41.6989,10.4094,34.0037,20.7199,1,7.3643,6.9927,-0.9761,1391.7529,1368.4371,1380.095,0.0169,0.0456,4.5648,1379.3153,-1,36755587,656899.65,1,0.5,-1,-6.678,0.9509,0
2026-05-12 14:45:00,1369.6,1370.9,1365.2,1366.9,1622594,1373.0523,1379.5168,1393.0824,-1,-7.3137,-6.9867,-0.3269,-1,42.7945,9.4972,34.7137,18.7254,1,6.7194,5.9877,-1.0282,1392.1356,1366.3944,1379.265,0.0187,0.0196,4.6459,1377.6709,-1,35132993,700356.9,1,0.4737,-1,-6.8552,0.4778,0
2026-05-12 15:00:00,1366.9,1367.5,1360.5,1361.4,4734480,1370.7219,1377.8698,1391.84,-1,-7.8383,-7.157,-0.6813,-1,44.2711,8.5108,38.0819,15.3576,1,3.0,5.6946,-1.3478,1393.3433,1363.2967,1378.32,0.0218,-0.0631,4.814,1373.8291,-1,30398513,913528.5,1,0.7857,-1,-7.23,0.0,1
2026-05-12 15:15:00,1361.7,1367.0,1360.3,1366.9,1561251,1369.9575,1376.8726,1390.8619,-1,-7.7213,-7.2699,-0.4514,-1,45.66,7.6877,34.6878,29.0916,1,22.2222,10.6472,-0.9421,1393.2639,1361.8561,1377.56,0.0228,0.1606,4.9487,1372.9465,-1,31959764,973353.7,1,0.7761,1,-6.8552,0.404,0
2026-05-13 09:15:00,1363.3,1372.3,1357.1,1357.1,502746,1367.386,1375.0751,1389.5379,-1,-8.3234,-7.4806,-0.8428,-1,45.0464,12.8823,28.0585,22.1844,1,0.0,8.4074,-1.5381,1394.1626,1358.4274,1376.295,0.026,-0.0371,5.681,1372.367,-1,31457018,968900.8,0,0.4079,-1,-7.523,0.0,0
2026-05-13 09:30:00,1357.7,1363.0,1354.2,1356.4,514008,1365.1888,1373.3773,1388.2384,-1,-8.7562,-7.7357,-1.0204,-1,44.8699,11.5108,28.5798,21.7865,1,7.971,10.0644,-1.3097,1394.3952,1355.4448,1374.92,0.0283,0.0245,5.9038,1371.8251,-1,30943010,979858.45,0,0.1477,-1,-7.5707,0.0,0
2026-05-13 09:45:00,1356.4,1358.4,1352.7,1355.9,412952,1363.331,1371.7885,1386.9702,-1,-9.0353,-7.9956,-1.0397,-1,44.8967,10.715,28.4233,21.49,1,10.9966,6.3225,-1.3676,1393.8606,1352.9694,1373.415,0.0298,0.0717,5.8892,1370.9616,-1,30530058,962819.1,0,0.0877,-1,-7.6048,0.0,1
2026-05-13 10:00:00,1355.7,1359.8,1354.4,1356.9,406328,1362.0448,1370.435,1385.791,-1,-9.0712,-8.2108,-0.8605,-1,44.4586,11.7172,26.5506,23.7257,1,15.1625,11.3767,-1.115,1392.2145,1351.4355,1371.825,0.0297,0.134,5.8543,1369.9369,-1,30936386,945785.8,0,0.2222,1,-7.5366,0.0738,0
2026-05-13 10:15:00,1357.0,1360.0,1355.5,1356.0,485721,1360.8359,1369.1227,1384.6227,-1,-9.0678,-8.3822,-0.6857,-1,43.9841,11.3111,25.0683,23.0885,1,11.9565,12.7052,-1.2382,1390.1206,1350.2494,1370.185,0.0291,0.1442,5.7575,1369.2088,-1,30450665,949244.8,0,0.2222,-1,-7.598,0.0074,1
2026-05-13 10:30:00,1356.3,1358.2,1354.2,1357.2,364897,1360.1087,1368.0388,1383.5473,-1,-8.8661,-8.479,-0.3871,-1,43.7459,10.7373,25.4453,25.9446,1,18.6722,15.2637,-1.0138,1387.3096,1349.8804,1368.595,0.0273,0.1956,5.632,1368.3162,-1,30815562,937117.85,0,0.225,1,-7.5162,0.0959,0
2026-05-13 10:45:00,1357.3,1358.0,1354.0,1354.1,341253,1358.907,1366.7717,1382.3925,-1,-8.8543,-8.554,-0.3003,-1,43.5565,10.1811,24.3862,23.5152,1,5.9072,12.1786,-1.1245,1385.6542,1348.6458,1367.15,0.0271,0.1474,5.5154,1367.6419,-1,30474309,929267.55,0,0.8,-1,-7.7274,0.0,1
2026-05-13 11:00:00,1354.2,1359.3,1353.0,1355.3,393040,1358.1856,1365.7288,1381.3301,-1,-8.6484,-8.5729,-0.0755,-1,42.8783,11.0254,22.4166,26.3887,1,11.7117,12.097,-0.8486,1383.8854,1347.8346,1365.86,0.0264,0.2071,5.5715,1366.9914,-1,30867349,922198.1,0,0.1746,1,-7.6457,0.0886,0
2026-05-13 11:15:00,1355.3,1356.2,1353.2,1353.3,248357,1357.2085,1364.5989,1380.2309,-1,-8.5481,-8.5679,0.0198,1,42.2486,10.5869,21.525,24.7216,1,2.7523,6.7904,-0.595,1382.1133,1346.9367,1364.525,0.0258,0.1809,5.3878,1366.4264,-1,30618992,906199.15,0,0.6667,-1,-7.7819,0.0,1
2026-05-13 11:30:00,1353.6,1361.6,1353.0,1360.7,556932,1357.9068,1364.2445,1379.4649,-1,-7.7818,-8.4107,0.6289,1,39.8099,16.2958,19.1711,39.86,0,40.8163,18.4268,-0.4536,1379.7301,1347.3999,1363.565,0.0237,0.4114,5.6172,1365.7828,-1,31175924,907667.7,0,0.8256,1,-7.2777,0.5468,0
2026-05-13 11:45:00,1360.7,1363.8,1358.6,1359.2,403626,1358.1654,1363.7859,1378.6702,-1,-7.2124,-8.171,0.9587,1,36.9919,18.025,17.8967,38.1838,0,33.1633,25.5773,0.1547,1377.3764,1347.8436,1362.61,0.0217,0.3845,5.5874,1365.1921,-1,30772298,894290.0,0,0.2885,-1,-7.3799,0.436,1
2026-05-13 12:00:00,1359.3,1360.8,1358.2,1360.2,245321,1358.5723,1363.4599,1377.9459,-1,-6.6043,-7.8577,1.2534,1,34.4323,17.4021,17.8099,39.9954,0,38.2653,37.415,0.2802,1375.662,1348.138,1361.9,0.0202,0.4382,5.374,1364.4503,-1,31017619,854574.2,0,0.3462,1,-7.3118,0.5099,1
2026-05-13 12:15:00,1360.2,1362.3,1359.6,1362.3,280921,1359.3179,1363.3544,1377.3324,-1,-5.8851,-7.4632,1.5781,1,32.3054,18.8217,17.1472,43.7252,0,48.9796,40.1361,0.472,1373.7347,1348.8253,1361.28,0.0183,0.5409,5.183,1363.9916,-1,31298540,835206.05,0,0.7778,1,-7.1687,0.665,0
2026-05-13 12:30:00,1362.1,1362.9,1358.1,1360.6,570085,1359.5743,1363.104,1376.6762,-1,-5.3901,-7.0486,1.6584,1,30.101,17.5701,18.085,41.4776,0,40.3061,42.517,0.2727,1372.1025,1349.2975,1360.7,0.0168,0.4956,5.1557,1363.5333,-1,30728455,833983.55,0,0.3125,-1,-7.2845,0.5394,1
2026-05-13 12:45:00,1361.1,1370.0,1360.5,1369.2,534207,1361.4994,1363.6582,1376.383,-1,-4.2549,-6.4898,2.2349,1,29.5075,24.667,15.8399,54.281,0,95.3757,61.5538,0.9735,1371.1901,1349.8299,1360.51,0.0157,0.9068,5.466,1363.1239,1,31262662,816365.65,0,0.8526,1,-6.6985,1.1749,0
2026-05-13 13:00:00,1369.6,1370.0,1365.2,1366.1,659442,1362.4195,1363.8802,1375.9797,-1,-3.5643,-5.9047,2.3404,1,28.9564,23.1062,14.8376,50.0319,0,77.4566,71.0462,0.6558,1370.141,1350.379,1360.26,0.0145,0.7955,5.4184,1362.6668,1,30603220,793291.45,0,0.7292,-1,-6.9097,0.9458,0
2026-05-13 13:15:00,1366.1,1366.1,1362.6,1364.7,369265,1362.8756,1363.9547,1375.5374,-1,-3.0942,-5.3426,2.2484,1,27.6734,22.0124,17.6516,48.197,0,68.8235,80.552,0.7828,1369.1999,1350.8401,1360.02,0.0135,0.7549,5.2814,1362.2487,1,30233955,760371.3,0,0.4,-1,-7.0051,0.8424,1
2026-05-13 13:30:00,1364.0,1368.0,1364.0,1366.4,291392,1363.5805,1364.177,1375.1791,-1,-2.5551,-4.7851,2.23,1,26.8966,23.4156,16.6799,50.5677,0,78.8235,75.0346,0.819,1369.1022,1350.8878,1359.995,0.0134,0.8516,5.1899,1361.6968,1,30525347,693811.2,0,0.6,1,-6.8893,0.968,0
2026-05-13 13:45:00,1366.5,1367.2,1363.0,1364.7,436592,1363.8044,1364.2246,1374.7681,-1,-2.2392,-4.2759,2.0367,1,25.878,22.0433,17.0977,48.1925,0,68.8235,72.1569,0.8424,1369.4802,1350.8398,1360.16,0.0137,0.7436,5.1192,1361.1357,1,30088755,478916.8,0,0.4286,-1,-7.0051,0.8424,1
2026-05-13 14:00:00,1365.2,1366.7,1363.8,1365.0,310333,1364.0435,1364.2951,1374.3851,-1,-1.9423,-3.8092,1.8669,1,24.9321,21.1229,16.3837,48.6509,0,70.5882,72.7451,0.316,1369.144,1350.986,1360.065,0.0134,0.7718,4.9606,1360.6114,1,30399088,416370.9,0,0.069,-1,-6.9847,0.8646,0
2026-05-13 14:15:00,1365.1,1366.4,1361.4,1362.7,534306,1363.7748,1364.1501,1373.9268,-1,-1.871,-3.4216,1.5506,1,23.3275,19.603,18.6587,45.3389,0,57.0588,65.4902,0.2575,1369.3863,1351.3037,1360.345,0.0133,0.6302,4.9635,1360.7025,1,29864782,417948.9,0,0.48,-1,-7.1414,0.6946,0
2026-05-13 14:30:00,1363.1,1364.0,1360.0,1360.0,871845,1363.0199,1363.7728,1373.3807,-1,-2.0092,-3.1391,1.1299,1,21.8777,18.4587,19.6125,41.7461,0,41.1765,56.2745,-0.0147,1369.3866,1351.6634,1360.525,0.013,0.4704,4.8946,1360.9329,-1,28992937,435840.75,1,0.775,-1,-7.3254,0.4951,1
2026-05-13 14:45:00,1360.1,1361.5,1358.7,1361.0,692508,1362.6159,1363.5207,1372.8952,-1,-2.0148,-2.9142,0.8995,1,20.8843,17.6807,20.7428,43.5309,0,47.0588,48.4314,-0.0954,1369.3843,1352.1757,1360.78,0.0126,0.5128,4.745,1361.1336,-1,29685445,449818.55,1,0.3214,1,-7.2572,0.569,0
2026-05-13 15:00:00,1361.2,1361.2,1356.9,1358.6,1415463,1361.8127,1363.0734,1372.3346,-1,-2.1876,-2.7689,0.5813,1,20.4258,16.5285,22.119,40.3367,0,12.9771,33.7375,-0.147,1369.347,1352.383,1360.865,0.0125,0.3665,4.7132,1360.9841,-1,28269982,500275.3,1,0.6047,-1,-7.4208,0.3916,1
2026-05-13 15:15:00,1358.7,1362.0,1357.9,1361.2,1349137,1361.6902,1362.9031,1371.8979,-1,-2.0907,-2.6333,0.5425,1,19.7329,16.7156,20.7317,45.0416,0,32.8244,30.9535,-0.5843,1369.3081,1352.9419,1361.125,0.012,0.5046,4.6694,1361.0781,1,29619119,543446.1,1,0.6098,1,-7.2436,0.5838,1
2026-05-14 09:15:00,1368.7,1369.5,1365.2,1368.6,371689,1363.0721,1363.421,1371.7686,-1,-1.4007,-2.3868,0.9861,1,19.5194,25.5741,18.238,55.7395,0,89.313,45.0382,0.183,1370.2832,1353.1068,1361.695,0.0126,0.902,4.9288,1361.4591,1,29990808,543785.7,0,0.0233,-1,-6.7394,1.1306,0
2026-05-14 09:30:00,1368.1,1368.6,1363.1,1363.6,392396,1363.1777,1363.4372,1371.4482,-1,-1.243,-2.158,0.915,1,18.7408,23.5524,19.8146,48.824,0,51.145,57.7608,-0.0806,1370.0468,1354.2932,1362.17,0.0116,0.5908,4.9696,1361.7802,1,29598412,546342.85,0,0.8182,-1,-7.0801,0.7611,0
2026-05-14 09:45:00,1363.4,1364.5,1360.3,1361.3,252215,1362.8022,1363.2429,1371.0503,-1,-1.2887,-1.9841,0.6954,1,17.4915,22.1147,22.6746,45.997,0,33.5878,58.0153,-0.3732,1369.7085,1355.2315,1362.47,0.0106,0.4192,4.9146,1362.0016,-1,29346197,539301.6,0,0.5,-1,-7.2368,0.5911,1
2026-05-14 10:00:00,1361.7,1362.4,1358.5,1361.9,264414,1362.6217,1363.1209,1370.6914,-1,-1.262,-1.8397,0.5777,1,16.7488,20.8424,24.0254,46.8614,0,38.1679,40.9669,-0.2052,1368.808,1356.992,1362.9,0.0087,0.4154,4.8421,1362.154,-1,29610611,540104.45,0,0.0513,1,-7.1959,0.6355,1
2026-05-14 10:15:00,1361.8,1363.1,1360.2,1362.2,270229,1362.5374,1363.0371,1370.3584,-1,-1.2027,-1.7123,0.5096,1,15.8742,20.9876,22.9673,47.3155,0,42.0635,37.9397,-0.2051,1368.8069,1357.1431,1362.975,0.0086,0.4336,4.7034,1362.3428,-1,29880840,525769.3,0,0.1379,1,-7.1755,0.6577,1
2026-05-14 10:30:00,1362.2,1366.0,1361.8,1362.7,573143,1362.5699,1363.0065,1370.0581,-1,-1.1027,-1.5904,0.4877,1,15.1456,24.0766,21.491,48.1113,0,46.0317,42.0877,0.0,1368.7226,1357.5774,1363.15,0.0082,0.4596,4.6674,1362.4733,1,30453983,534245.15,0,0.119,1,-7.1414,0.6946,0
2026-05-14 10:45:00,1362.7,1362.9,1359.3,1361.4,384617,1362.3359,1362.8605,1369.7186,-1,-1.1155,-1.4954,0.3799,1,14.2844,22.7282,24.1768,46.159,0,35.7143,41.2698,0.1029,1368.6791,1357.7409,1363.21,0.008,0.3345,4.5912,1362.4901,-1,30069366,541209.95,0,0.3611,-1,-7.23,0.5985,1
2026-05-14 11:00:00,1361.4,1362.6,1360.8,1362.2,205342,1362.3087,1362.8004,1369.4237,-1,-1.049,-1.4061,0.3572,1,13.4847,22.0628,23.469,47.569,0,42.0635,41.2698,0.0882,1368.6777,1357.7323,1363.205,0.008,0.4082,4.3918,1362.5067,-1,30274708,537431.0,0,0.4444,1,-7.1755,0.6577,1
2026-05-14 11:15:00,1362.4,1368.2,1362.4,1366.2,588393,1363.087,1363.1095,1369.2973,-1,-0.6658,-1.2581,0.5922,1,13.606,28.8404,21.2372,54.049,0,73.8095,50.5291,0.5594,1368.9689,1358.0011,1363.485,0.008,0.7475,4.5067,1362.7802,1,30863101,538346.4,0,0.6552,1,-6.9029,0.9532,1
2026-05-14 11:30:00,1366.2,1372.0,1364.1,1372.0,777960,1364.8696,1363.9177,1369.4033,1,0.1047,-0.9855,1.0902,1,14.4133,31.129,18.7138,61.4825,0,100.0,71.9577,0.7934,1369.7865,1357.4635,1363.625,0.009,1.1796,4.7491,1363.0619,1,31641061,550534.05,0,0.7342,1,-6.5077,1.3818,1
2026-05-14 11:45:00,1371.6,1377.8,1370.4,1373.0,935585,1366.4957,1364.7434,1369.5443,1,0.7869,-0.631,1.4179,1,16.0136,36.1862,16.7108,62.6057,0,77.0335,83.6143,0.3215,1371.3076,1356.6324,1363.97,0.0108,1.1153,4.9384,1363.7105,1,32576646,564341.2,1,0.1892,1,-6.4395,1.4557,0
2026-05-14 12:00:00,1372.9,1373.0,1368.3,1369.6,465137,1367.1165,1365.1849,1369.5465,1,1.0412,-0.2966,1.3378,1,16.9305,33.7177,18.6188,56.5659,0,60.7656,79.2663,0.44,1371.9502,1356.4798,1364.215,0.0113,0.8481,4.9214,1363.9553,1,32111509,569134.8,0,0.7021,-1,-6.6712,1.2045,1
2026-05-14 12:15:00,1369.6,1376.2,1369.6,1374.0,468897,1368.4932,1365.9862,1369.7212,1,1.5796,0.0786,1.5009,1,18.2252,35.0987,16.8777,61.7136,0,80.9045,72.9012,0.9329,1373.3956,1355.7944,1364.595,0.0129,1.0343,5.0413,1364.278,1,32580406,578010.05,0,0.6667,1,-6.3714,1.5296,0
2026-05-14 12:30:00,1374.0,1376.0,1369.9,1371.3,604582,1369.0546,1366.4693,1369.7831,1,1.768,0.4165,1.3515,1,19.4274,32.1099,15.4405,57.2312,0,66.3212,69.3304,0.6902,1374.1988,1355.6512,1364.925,0.0136,0.8437,5.1169,1364.6711,1,31975824,586409.55,0,0.4426,-1,-6.5554,1.3301,0
2026-05-14 12:45:00,1371.4,1372.1,1368.1,1368.4,535754,1368.9237,1366.6448,1369.7289,1,1.6641,0.666,0.9981,1,20.0243,30.2886,17.1172,52.7957,0,51.2953,66.1737,0.4551,1374.4919,1355.6981,1365.095,0.0138,0.6759,5.0371,1364.8762,1,31440070,597680.6,0,0.75,-1,-6.753,1.1158,0
2026-05-14 13:00:00,1368.4,1371.5,1367.6,1368.3,588962,1368.7989,1366.7953,1369.6728,1,1.5558,0.844,0.7118,1,20.4339,28.5861,16.8757,52.6442,0,50.7772,56.1313,0.4109,1374.8034,1355.9466,1365.375,0.0138,0.6551,4.9559,1365.1462,1,30851108,600413.4,0,0.0256,-1,-6.7598,1.1084,1
2026-05-14 13:15:00,1368.6,1369.5,1365.6,1368.5,639152,1368.7391,1366.9503,1369.6268,1,1.4692,0.969,0.5001,1,20.2401,26.9544,18.8395,52.9351,0,51.8135,51.2953,0.5215,1374.9841,1356.6159,1365.8,0.0134,0.647,4.8805,1365.5761,1,31490260,588778.75,0,0.0256,-1,-6.7462,1.1232,1
2026-05-14 13:30:00,1368.5,1370.5,1366.5,1370.3,924481,1369.0513,1367.2548,1369.6532,1,1.5281,1.0808,0.4473,1,20.2557,26.8385,17.7222,55.5799,0,59.4595,54.0167,0.5946,1375.3713,1357.1587,1366.265,0.0133,0.7215,4.8176,1366.146,1,32414741,600377.4,1,0.45,1,-6.6235,1.2562,0
2026-05-14 13:45:00,1370.2,1371.1,1366.8,1368.0,1045293,1368.8411,1367.3225,1369.5884,1,1.3734,1.1394,0.2341,1,20.3897,26.0107,16.5836,51.5905,0,47.027,52.7667,0.1318,1375.1548,1358.3152,1366.735,0.0123,0.5751,4.7806,1367.2507,1,31369448,581868.9,1,0.5116,-1,-6.7802,1.0862,0
2026-05-14 14:00:00,1367.9,1369.2,1366.3,1366.3,397049,1368.3328,1367.2296,1369.4594,1,1.101,1.1317,-0.0307,-1,20.3525,24.8511,16.613,48.8022,0,37.8378,48.1081,-0.4155,1375.0239,1358.9561,1366.99,0.0118,0.4571,4.6463,1368.1205,-1,30972399,534264.5,0,0.5517,-1,-6.8961,0.9606,0
2026-05-14 14:15:00,1366.4,1367.3,1364.1,1365.7,617792,1367.8063,1367.0905,1369.312,1,0.8271,1.0708,-0.2437,-1,19.6265,23.6007,19.2361,47.8199,0,28.8235,37.8961,-0.5317,1374.8621,1358.8279,1366.845,0.0117,0.4286,4.543,1367.9957,-1,30354607,546569.65,0,0.2187,-1,-6.937,0.9163,0
2026-05-14 14:30:00,1365.7,1365.9,1362.0,1362.2,707954,1366.685,1366.6459,1369.0331,1,0.3239,0.9214,-0.5975,-1,18.3491,22.1388,21.38,42.4518,0,1.2658,22.6424,-0.5403,1374.9275,1358.6225,1366.775,0.0119,0.2194,4.4971,1367.8054,-1,29646653,562347.55,0,0.8974,-1,-7.1755,0.6577,0
2026-05-14 14:45:00,1362.1,1363.4,1359.3,1359.5,582833,1365.248,1365.9963,1368.6593,-1,-0.2894,0.6792,-0.9687,-1,17.6112,20.6879,24.2946,38.8305,0,1.0811,10.3901,-1.0553,1375.1124,1358.2576,1366.685,0.0123,0.0737,4.4687,1367.5751,-1,29063820,578878.45,0,0.6341,-1,-7.3595,0.4581,1
2026-05-14 15:00:00,1360.1,1363.8,1358.6,1362.6,3100643,1364.7184,1365.6876,1368.4216,-1,-0.5194,0.4395,-0.9589,-1,17.0974,18.9883,23.4046,44.6668,0,20.8333,7.7267,-0.6344,1375.0731,1358.3669,1366.72,0.0122,0.2534,4.5209,1366.426,-1,32164463,720689.9,1,0.4808,1,-7.1482,0.6872,1
2026-05-14 15:15:00,1362.8,1368.6,1360.9,1368.6,1217318,1365.4947,1365.9523,1368.4286,-1,-0.215,0.3086,-0.5236,-1,16.406,24.0098,20.6935,53.8456,0,56.8182,26.2442,0.0146,1375.1632,1358.9168,1367.04,0.0119,0.596,4.748,1366.4756,1,33381781,768044.35,1,0.7532,1,-6.7394,1.1306,0
2026-05-15 09:15:00,1361.8,1361.8,1348.6,1350.7,1572622,1362.5358,1364.5657,1367.7334,-1,-1.4019,-0.0335,-1.3684,-1,17.07,18.134,30.6799,35.1254,0,7.6087,28.4201,-1.2863,1377.1254,1355.7546,1366.44,0.0156,-0.2365,5.8374,1365.3518,-1,31809159,818018.3,1,0.8409,-1,-7.9591,0.0,0
2026-05-15 09:30:00,1350.5,1351.0,1341.5,1342.5,1181909,1358.5286,1362.5598,1366.7438,-1,-2.9701,-0.6208,-2.3492,-1,18.5401,16.1164,35.5816,29.9829,1,2.8986,22.4418,-1.8999,1380.3324,1350.6576,1365.495,0.0217,-0.2749,6.0991,1364.043,-1,30627250,857882.9,0,0.8421,-1,-8.5179,0.0,1
2026-05-15 09:45:00,1342.5,1348.0,1341.0,1347.1,963486,1356.2429,1361.1543,1365.9735,-1,-3.7978,-1.2562,-2.5416,-1,19.9589,14.809,33.2745,35.6725,0,19.6141,10.0405,-1.6931,1381.5737,1347.9063,1364.74,0.0247,-0.0239,6.1634,1363.0635,-1,31590736,895790.1,0,0.6571,1,-8.2044,0.3426,0
2026-05-15 10:00:00,1347.1,1347.6,1345.0,1345.1,313362,1354.0143,1359.6948,1365.1549,-1,-4.5627,-1.9175,-2.6452,-1,21.2763,14.3435,32.2287,34.365,1,13.4426,11.9851,-1.674,1382.5434,1344.8266,1363.685,0.0277,0.0073,5.9089,1362.674,-1,31277374,882038.55,0,0.7692,-1,-8.3407,0.1937,0
2026-05-15 10:15:00,1345.1,1345.3,1338.6,1342.3,476523,1351.6715,1358.1135,1364.2587,-1,-5.3332,-2.6007,-2.7326,-1,23.1673,13.1928,37.3064,32.5653,1,11.3846,14.8138,-1.7566,1382.8023,1341.5977,1362.2,0.0302,0.017,5.9654,1361.8074,-1,30800851,866966.7,0,0.4179,-1,-8.5315,0.0,0
2026-05-15 10:30:00,1342.3,1342.4,1338.4,1339.9,499604,1349.3172,1356.4577,1363.3034,-1,-6.0676,-3.2941,-2.7736,-1,24.9422,12.5457,35.7218,31.0637,1,4.5872,9.8048,-1.8891,1382.6726,1338.4174,1360.545,0.0325,0.0335,5.825,1360.5097,-1,30301247,845167.65,0,0.6,-1,-8.6951,0.0,1
2026-05-15 10:45:00,1339.8,1341.0,1339.6,1340.0,528063,1347.4537,1354.9616,1362.3896,-1,-6.5659,-3.9484,-2.6175,-1,26.5904,12.318,35.0734,31.206,1,4.893,6.9549,-1.6297,1382.4934,1335.6366,1359.065,0.0345,0.0931,5.5089,1359.6091,-1,30829310,848313.95,0,0.1429,1,-8.6882,0.0075,0
2026-05-15 11:00:00,1340.0,1340.0,1336.3,1339.3,347173,1345.823,1353.5378,1361.4841,-1,-6.9373,-4.5462,-2.3911,-1,28.4498,11.7129,37.7319,30.7277,1,9.1185,6.1996,-1.4858,1381.2124,1333.4476,1357.33,0.0352,0.1225,5.3797,1358.7946,-1,30482137,842227.75,0,0.1892,-1,-8.7359,0.0,0
2026-05-15 11:15:00,1339.6,1339.9,1338.2,1338.7,172733,1344.3984,1352.1889,1360.5906,-1,-7.1971,-5.0764,-2.1207,-1,30.1764,11.4349,36.8365,30.2991,1,7.4303,7.1473,-1.754,1379.9925,1331.4075,1355.7,0.0358,0.1501,5.1169,1358.0844,-1,30309404,820635.3,0,0.5294,-1,-8.7768,0.0,0
2026-05-15 11:30:00,1338.4,1340.5,1336.5,1338.1,259735,1343.1387,1350.9081,1359.7086,-1,-7.3665,-5.5344,-1.8321,-1,31.9499,10.7863,37.1577,29.8506,1,5.5728,7.3739,-2.2286,1378.8961,1329.4739,1354.185,0.0365,0.1745,5.0371,1357.3869,-1,30049669,806834.35,0,0.075,-1,-8.8177,0.0,0
2026-05-15 11:45:00,1338.0,1338.4,1335.0,1335.3,699901,1341.571,1349.4892,1358.7514,-1,-7.6386,-5.9552,-1.6834,-1,33.7432,10.2539,37.5013,27.7839,1,0.8929,4.632,-1.1401,1377.6593,1327.4107,1352.535,0.0372,0.157,4.9202,1356.0499,-1,29349768,812381.3,0,0.7941,-1,-9.0085,0.0,1
2026-05-15 12:00:00,1335.4,1337.5,1335.3,1335.6,354069,1340.3768,1348.2265,1357.8435,-1,-7.7408,-6.3123,-1.4285,-1,35.4084,9.9129,36.2543,28.3562,1,1.7857,2.7504,-0.514,1375.9257,1325.8543,1350.89,0.0371,0.1946,4.7259,1355.1349,-1,29703837,798127.15,0,0.0909,1,-8.9881,0.0225,1
2026-05-15 12:15:00,1335.5,1337.3,1334.5,1335.9,748622,1339.4814,1347.1059,1356.983,-1,-7.7087,-6.5916,-1.1171,-1,37.0389,9.4808,35.9194,28.9625,1,4.1056,2.2614,-0.8314,1373.3474,1324.9926,1349.17,0.0358,0.2256,4.5883,1353.405,-1,30452459,789334.2,0,0.1429,1,-8.9676,0.0449,1
2026-05-15 12:30:00,1335.9,1337.0,1335.6,1337.0,974541,1338.9851,1346.1872,1356.1993,-1,-7.508,-6.7749,-0.7331,-1,38.5528,9.2634,35.0957,31.2597,1,9.1575,5.0163,-0.6022,1370.7207,1324.5193,1347.62,0.0343,0.2701,4.3606,1351.3459,-1,31427000,785796.6,0,0.7857,1,-8.8927,0.1273,0
2026-05-15 12:45:00,1337.0,1338.3,1335.8,1335.9,1052732,1338.3681,1345.252,1355.4033,-1,-7.353,-6.8905,-0.4624,-1,39.4031,11.0685,33.6133,30.2077,1,8.4848,7.2493,-0.4768,1368.0564,1324.1436,1346.1,0.0326,0.2677,4.2277,1350.0159,-1,30374268,818580.75,0,0.44,-1,-8.9676,0.0449,1
2026-05-15 13:00:00,1335.9,1337.4,1335.8,1336.0,1095641,1337.8945,1344.4109,1354.6424,-1,-7.1397,-6.9404,-0.1993,-1,40.1926,10.7554,32.6624,30.4369,1,11.1111,9.5845,-0.2911,1365.0315,1324.1985,1344.615,0.0304,0.289,4.04,1348.5555,-1,31469909,842473.2,0,0.0625,1,-8.9608,0.0524,1
2026-05-15 13:15:00,1335.9,1337.2,1335.5,1336.5,1307156,1337.6156,1343.6917,1353.9309,-1,-6.8514,-6.9226,0.0712,1,40.9716,10.4182,32.1916,31.6455,1,15.2672,11.621,-0.2612,1362.3445,1324.3155,1343.33,0.0283,0.3204,3.8728,1347.0439,-1,32777065,872433.3,0,0.3529,1,-8.9267,0.0899,1
2026-05-15 13:30:00,1336.5,1337.4,1335.5,1337.4,844145,1337.5725,1343.1198,1353.2826,-1,-6.4756,-6.8332,0.3576,1,41.5954,10.4221,31.0209,33.8727,1,26.8519,17.7434,-0.1419,1359.8717,1324.5783,1342.225,0.0263,0.3633,3.7319,1346.1035,-1,33621210,885498.9,0,0.4737,1,-8.8654,0.1573,0
2026-05-15 13:45:00,1337.4,1337.4,1332.6,1334.1,1165961,1336.878,1342.2998,1352.5304,-1,-6.3706,-6.7406,0.37,1,42.6274,9.4838,33.6675,30.0114,1,15.3061,19.1417,-0.3436,1356.0794,1325.5206,1340.8,0.0228,0.2808,3.8082,1342.2017,-1,32455249,788764.8,0,0.6875,-1,-9.0903,0.0,1
2026-05-15 14:00:00,1334.2,1336.5,1334.1,1336.0,417150,1336.7024,1341.7271,1351.8821,-1,-6.0642,-6.6054,0.5411,1,43.5857,9.0453,32.1108,34.6318,1,40.4762,27.5447,-0.1569,1347.7065,1330.6335,1339.17,0.0127,0.3143,3.7076,1340.0787,-1,32872399,748756.4,0,0.75,1,-8.9608,0.1424,0
2026-05-15 14:15:00,1336.2,1336.5,1334.7,1335.8,397062,1336.5219,1341.1883,1351.2515,-1,-5.771,-6.4385,0.6675,1,44.4756,8.7197,30.9548,34.3745,1,40.5063,32.0962,0.0374,1345.232,1331.618,1338.425,0.0102,0.3072,3.5714,1338.3995,-1,32475337,689978.4,0,0.2222,-1,-8.9744,0.1274,0
2026-05-15 14:30:00,1335.8,1336.7,1335.0,1335.6,652899,1336.3375,1340.6802,1350.6377,-1,-5.4915,-6.2491,0.7576,1,45.1822,8.8272,29.8614,34.1017,1,37.9747,39.6524,0.0,1344.7234,1331.4366,1338.08,0.0099,0.3133,3.4377,1337.6821,-1,31822438,663527.9,0,0.1176,-1,-8.9881,0.1124,0
2026-05-15 14:45:00,1335.6,1335.6,1329.4,1331.2,900805,1335.31,1339.8184,1349.8754,-1,-5.5609,-6.1114,0.5506,1,46.6357,7.7518,37.2274,28.7047,1,16.2162,31.5657,-0.3518,1343.1842,1331.3858,1337.285,0.0088,-0.0157,3.635,1336.7385,-1,30921633,660393.85,0,0.7097,-1,-9.2879,0.0,1
2026-05-15 15:00:00,1331.1,1337.9,1330.5,1337.3,1283411,1335.708,1339.5894,1349.3823,-1,-5.0653,-5.9022,0.8369,1,46.8309,10.9105,32.187,42.3312,0,87.7778,47.3229,0.0224,1341.5831,1332.2069,1336.895,0.007,0.5432,3.9039,1336.3998,1,32205044,708896.3,1,0.8378,1,-8.8722,0.4582,1
2026-05-15 15:15:00,1337.3,1340.0,1336.0,1339.0,1072862,1336.3664,1339.5359,1348.9751,-1,-4.4836,-5.6185,1.1349,1,46.0775,13.9489,29.8355,45.4597,0,90.566,64.8533,0.2321,1340.8425,1332.6175,1336.73,0.0062,0.776,3.9108,1336.3574,1,33277906,738713.25,0,0.425,1,-8.7564,0.5859,0
2026-05-18 09:15:00,1333.0,1333.7,1322.6,1324.3,313201,1333.9531,1338.1508,1348.0075,-1,-5.1495,-5.5247,0.3752,1,47.0882,10.5468,42.4871,30.202,1,9.7701,62.7046,-0.8757,1342.5356,1329.3644,1335.95,0.0099,-0.3845,4.8029,1336.0209,-1,32964705,729393.1,0,0.7838,-1,-9.7581,0.0,0
2026-05-18 09:30:00,1324.2,1324.2,1319.5,1323.5,340318,1331.8625,1336.8189,1347.0464,-1,-5.6763,-5.555,-0.1213,-1,48.2698,9.7938,44.0645,29.6193,1,19.5122,39.9494,-0.9727,1343.3935,1326.8565,1335.125,0.0124,-0.203,4.8027,1335.5457,-1,32624387,720005.85,0,0.1489,-1,-9.8126,0.0,0
2026-05-18 09:45:00,1323.9,1323.9,1319.1,1320.0,452541,1329.49,1335.2899,1345.9857,-1,-6.3036,-5.7047,-0.5989,-1,49.3976,9.0946,41.5136,27.1515,1,4.3062,11.1962,-1.301,1344.4997,1323.8203,1334.16,0.0155,-0.1847,4.8025,1335.0204,-1,32171846,725274.25,0,0.8125,-1,-10.0511,0.0,1
2026-05-18 10:00:00,1320.0,1325.8,1320.0,1322.9,317678,1328.172,1334.1635,1345.0804,-1,-6.4919,-5.8622,-0.6297,-1,49.7801,11.1062,37.9848,32.1927,1,18.1818,14.0001,-0.8395,1344.5793,1322.1607,1333.37,0.0168,0.033,4.8737,1334.7115,-1,32489524,732521.5,0,0.5,1,-9.8535,0.2197,1
2026-05-18 10:15:00,1322.9,1327.9,1321.8,1327.1,240936,1327.9576,1333.5214,1344.3753,-1,-6.2303,-5.9358,-0.2945,-1,49.4362,13.1542,34.6489,38.7983,0,38.2775,20.2552,-0.6662,1344.126,1321.514,1332.82,0.017,0.247,4.9613,1334.4966,-1,32730460,731581.55,0,0.6885,1,-9.5673,0.5379,1
2026-05-18 10:30:00,1327.0,1334.3,1325.1,1332.4,320016,1328.8461,1333.4195,1343.9057,-1,-5.5317,-5.855,0.3233,1,47.3369,20.1963,30.3235,45.9534,0,63.6364,40.0319,-0.2545,1343.9243,1321.4257,1332.675,0.0169,0.4878,5.2641,1334.3238,-1,33050476,712587.3,0,0.587,1,-9.2061,0.9394,1
2026-05-18 10:45:00,1332.4,1336.6,1330.9,1336.5,443610,1330.3769,1333.6995,1343.6153,-1,-4.5941,-5.6028,1.0087,1,44.8527,21.7459,27.992,50.7502,0,83.2536,61.7225,0.0674,1344.0228,1321.4172,1332.72,0.017,0.6672,5.2952,1334.2897,1,33494086,717064.35,0,0.7193,1,-8.9267,1.25,1
2026-05-18 11:00:00,1336.5,1338.9,1335.1,1336.9,262084,1331.6815,1333.9905,1343.3519,-1,-3.7754,-5.2373,1.4619,1,42.0398,23.7747,26.5276,51.2052,0,85.1675,77.3525,0.4282,1344.1373,1321.4027,1332.77,0.0171,0.6817,5.1884,1334.2533,1,33756170,692737.45,0,0.1053,1,-8.8995,1.2803,1
2026-05-18 11:15:00,1336.9,1339.6,1336.6,1339.0,529276,1333.1452,1334.4459,1343.1813,-1,-2.9233,-4.7745,1.8512,1,39.2756,23.7559,25.398,53.6274,0,95.2153,87.8788,0.1271,1344.4182,1321.3218,1332.87,0.0173,0.7654,5.0321,1334.2513,1,34285446,670474.2,0,0.7,1,-8.7564,1.4394,1
2026-05-18 11:30:00,1338.9,1341.9,1338.4,1339.3,288268,1334.3762,1334.8872,1343.029,-1,-2.1985,-4.2593,2.0608,1,36.7243,25.8868,24.1081,53.9789,0,88.5965,89.6598,0.0224,1344.8585,1321.2215,1333.04,0.0177,0.7648,4.9227,1334.1782,1,34573714,632251.0,0,0.1143,1,-8.7359,1.4621,0
2026-05-18 11:45:00,1339.2,1339.5,1337.0,1337.1,186316,1334.9209,1335.0883,1342.7965,-1,-1.7811,-3.7637,1.9826,1,34.1571,24.9135,25.3071,50.9304,0,78.9474,87.5864,0.9665,1344.9782,1321.2118,1333.095,0.0178,0.6685,4.7496,1334.0294,1,34387398,586784.75,0,0.84,-1,-8.8859,1.2955,0
2026-05-18 12:00:00,1337.5,1337.6,1333.4,1335.0,1554570,1334.9367,1335.0803,1342.4908,-1,-1.6013,-3.3312,1.7299,1,32.5105,23.3268,29.1544,48.1358,0,69.7368,79.0936,0.8689,1344.835,1321.205,1333.02,0.0177,0.5838,4.7104,1333.9399,1,32832828,599155.45,1,0.5952,-1,-9.029,1.1364,0
2026-05-18 12:15:00,1335.0,1335.0,1333.7,1334.9,306117,1334.9294,1335.0639,1342.1931,-1,-1.4502,-2.955,1.5048,1,30.9815,22.8418,28.5484,48.0007,0,69.2982,72.6608,1.1288,1344.5741,1321.2159,1332.895,0.0175,0.5858,4.4668,1333.7473,1,32526711,572254.05,0,0.0769,-1,-9.0358,1.1288,1
2026-05-18 12:30:00,1335.0,1339.0,1335.0,1338.3,280564,1335.6035,1335.3581,1342.0404,1,-1.044,-2.5728,1.5288,1,28.9134,27.7696,26.6656,52.8455,0,84.2105,74.4152,1.1641,1345.0121,1321.1979,1333.105,0.0179,0.7181,4.4406,1333.7401,1,32807275,527984.2,0,0.825,1,-8.8041,1.3864,0
2026-05-18 12:45:00,1338.3,1340.5,1337.0,1337.4,251581,1335.9628,1335.5437,1341.8585,1,-0.7857,-2.2154,1.4297,1,27.3118,28.6321,25.1413,51.4782,0,80.2632,77.924,0.7761,1345.1655,1321.1845,1333.175,0.018,0.6762,4.3734,1333.7785,1,32555694,519705.75,0,0.2571,-1,-8.8654,1.3182,0
2026-05-18 13:00:00,1337.8,1338.9,1332.7,1333.9,1580502,1335.5502,1335.3943,1341.5464,1,-0.8535,-1.943,1.0895,1,25.8352,25.8167,29.4887,46.4456,0,64.9123,76.462,0.1126,1345.0158,1321.1442,1333.08,0.0179,0.5344,4.5039,1333.9032,-1,30975192,578877.75,1,0.629,-1,-9.1039,1.053,1
2026-05-18 13:15:00,1333.8,1335.7,1333.8,1334.8,237733,1335.4002,1335.3403,1341.2818,1,-0.8251,-1.7194,0.8943,1,24.4641,25.0053,28.5619,47.8573,0,67.5799,70.9184,-0.1272,1344.947,1321.133,1333.04,0.0179,0.5739,4.3179,1333.8126,1,31212925,558119.45,0,0.5263,1,-9.0426,1.1212,1
2026-05-18 13:30:00,1334.7,1335.9,1333.0,1335.0,243691,1335.3202,1335.3093,1341.0355,1,-0.7776,-1.5311,0.7535,1,23.3638,23.7769,28.5139,48.1841,0,65.6716,66.0546,-0.1421,1345.1348,1321.3252,1333.23,0.0179,0.5743,4.2166,1333.9814,1,31456616,525263.75,0,0.1034,1,-9.029,1.1364,0
2026-05-18 13:45:00,1335.0,1336.1,1334.0,1334.7,189592,1335.1961,1335.2539,1340.787,-1,-0.7554,-1.3759,0.6206,1,22.288,23.251,27.4619,47.7011,0,57.1429,63.4648,-0.3211,1344.8803,1321.3197,1333.1,0.0177,0.5679,4.0654,1333.8298,1,31267024,470572.8,0,0.1429,-1,-9.0494,1.1136,0
2026-05-18 14:00:00,1335.0,1336.0,1332.0,1333.6,446302,1334.8769,1335.1036,1340.5052,-1,-0.8171,-1.2642,0.447,1,21.7439,21.615,29.0477,45.8848,0,24.5455,49.12,-0.4256,1344.3005,1321.3595,1332.83,0.0172,0.5336,4.0607,1333.2817,1,30820722,439244.8,0,0.35,-1,-9.1244,1.0303,0
2026-05-18 14:15:00,1333.9,1334.0,1331.2,1333.2,369127,1334.5415,1334.9305,1340.2187,-1,-0.8881,-1.1889,0.3009,1,21.4157,20.5263,29.0237,45.2106,0,18.6916,33.46,-0.2917,1344.0572,1322.4928,1333.275,0.0162,0.4965,3.9707,1333.4888,-1,30451595,442041.1,0,0.25,-1,-9.1516,1.0,0
2026-05-18 14:30:00,1333.2,1333.5,1330.1,1332.1,403685,1334.0532,1334.6732,1339.9003,-1,-1.0213,-1.1554,0.1341,1,21.355,19.2578,29.2294,43.3255,0,16.9492,20.0621,-0.2172,1343.5377,1323.8723,1333.705,0.0147,0.4184,3.9299,1333.8406,-1,30047910,445209.45,0,0.3235,-1,-9.2266,0.9167,1
2026-05-18 14:45:00,1332.4,1333.0,1331.8,1332.5,378488,1333.7426,1334.4756,1339.6101,-1,-1.0822,-1.1408,0.0586,1,21.2986,18.8159,28.5586,44.236,0,20.339,18.6599,-0.1798,1341.9356,1326.7244,1334.33,0.0114,0.3797,3.7349,1334.4384,-1,30426398,441506.8,0,0.0833,1,-9.1993,0.947,1
2026-05-18 15:00:00,1332.7,1339.4,1332.2,1335.0,1855358,1333.9941,1334.5233,1339.4293,-1,-0.9181,-1.0962,0.1782,1,20.1828,27.865,24.8706,49.6779,0,47.1154,28.1345,-0.2466,1340.4433,1329.4267,1334.935,0.0083,0.5059,3.9824,1334.9879,1,32281756,518390.8,1,0.3194,1,-9.029,1.1364,0
2026-05-18 15:15:00,1334.8,1335.0,1334.0,1335.0,773084,1334.1952,1334.5666,1339.2556,-1,-0.779,-1.0328,0.2538,1,19.1468,27.337,24.3993,49.6779,0,47.1154,38.1899,-0.1795,1339.5062,1331.1538,1335.33,0.0063,0.4605,3.7694,1335.1726,-1,33054840,544998.2,0,0.2,1,-9.029,1.1364,1
2026-05-19 09:15:00,1339.7,1344.0,1336.3,1341.2,576884,1335.5962,1335.1697,1339.3319,1,-0.1666,-0.8596,0.6929,1,19.9499,38.6119,20.6133,60.7068,0,79.8561,58.029,0.5473,1340.4434,1331.0966,1335.77,0.007,1.081,4.143,1335.5792,1,33631724,557841.6,0,0.1948,1,-8.6065,1.6061,1
2026-05-19 09:30:00,1341.2,1342.5,1335.1,1341.8,592586,1336.837,1335.7724,1339.4287,1,0.3629,-0.6151,0.978,1,20.3579,33.9476,20.0822,61.5843,0,84.1727,70.3814,0.5244,1341.3946,1330.6754,1336.035,0.008,1.0378,4.3757,1335.8363,1,34224310,565290.4,0,0.0811,1,-8.5656,1.6515,0
2026-05-19 09:45:00,1341.8,1342.1,1338.6,1338.6,719765,1337.1896,1336.0295,1339.3962,1,0.5184,-0.3884,0.9068,1,20.7368,31.9799,18.9182,54.5834,0,61.1511,75.06,0.2697,1341.5847,1330.6553,1336.12,0.0082,0.7269,4.3131,1336.0516,1,33504545,588174.45,0,0.9143,-1,-8.7836,1.4091,1
2026-05-19 10:00:00,1338.7,1342.9,1338.5,1341.9,585227,1338.1317,1336.5632,1339.4943,1,0.8976,-0.1312,1.0287,1,21.2335,30.9759,17.5416,59.6745,0,84.8921,76.7386,0.5394,1342.1642,1330.3658,1336.265,0.0088,0.9776,4.3193,1336.1964,1,34089772,590972.0,0,0.7273,1,-8.5588,1.6591,0
2026-05-19 10:15:00,1342.0,1343.0,1337.8,1339.0,578662,1338.3053,1336.7847,1339.475,1,0.9531,0.0857,0.8674,1,21.4661,28.3505,17.1958,53.9509,0,64.0288,70.024,0.4049,1342.1198,1330.3802,1336.25,0.0088,0.7343,4.3822,1336.2876,1,33511110,605491.7,0,0.5769,-1,-8.663,1.4394,1
2026-05-19 10:30:00,1339.0,1342.0,1337.8,1341.0,558691,1338.8443,1337.1679,1339.5348,1,1.1452,0.2976,0.8476,1,21.6822,26.4039,16.0151,57.0131,0,78.4173,75.7794,0.5851,1342.6635,1330.2265,1336.445,0.0093,0.8662,4.3692,1336.4421,1,34069801,624110.45,0,0.4762,1,-8.5266,1.5909,0
2026-05-19 10:45:00,1341.4,1341.5,1338.1,1340.4,343805,1339.1554,1337.4617,1339.5687,1,1.2349,0.485,0.7498,1,21.8828,24.9126,15.1106,55.814,0,74.1007,72.1823,0.6231,1343.1251,1330.3049,1336.715,0.0096,0.7874,4.3,1336.7035,1,33725996,563572.2,0,0.2941,-1,-8.5675,1.5455,0
2026-05-19 11:00:00,1340.4,1341.1,1339.0,1339.2,396368,1339.1643,1337.6198,1339.5542,1,1.1953,0.6271,0.5682,1,22.0691,24.0106,14.5635,53.3952,0,65.4676,72.6619,0.5028,1343.3705,1330.4895,1336.93,0.0096,0.6762,4.1428,1336.8689,1,33329628,568084.75,0,0.5714,-1,-8.6494,1.4545,0
2026-05-19 11:15:00,1339.2,1339.3,1336.2,1337.4,311098,1338.8115,1337.5998,1339.4698,1,1.0071,0.7031,0.304,1,21.1859,22.7038,18.6868,49.9018,0,52.518,64.0288,0.1798,1343.2991,1330.4709,1336.885,0.0096,0.5401,4.0683,1336.8758,1,33018530,569611.45,0,0.5806,-1,-8.7722,1.3182,0
2026-05-19 11:30:00,1337.4,1337.4,1333.6,1335.8,789863,1338.2092,1337.4362,1339.3258,1,0.7205,0.7066,0.0139,1,19.8113,21.1819,22.0207,46.9607,0,41.0072,52.9976,0.0599,1343.2313,1330.3787,1336.805,0.0096,0.4218,4.0492,1336.7613,-1,32228667,596525.55,0,0.4211,-1,-8.8813,1.197,1
2026-05-19 11:45:00,1335.9,1337.7,1335.3,1337.1,290825,1337.9873,1337.4056,1339.2386,1,0.5915,0.6836,-0.0921,-1,18.4401,20.8033,21.0604,49.5618,0,43.4426,45.6559,-0.3057,1343.2519,1330.6781,1336.965,0.0094,0.5107,3.9314,1336.9965,1,32519492,532041.7,0,0.5,1,-8.7926,1.2955,0
2026-05-19 12:00:00,1337.1,1337.2,1334.5,1335.6,872376,1337.5099,1337.2415,1339.0959,1,0.364,0.6196,-0.2556,-1,17.4227,19.7594,21.4904,46.715,0,28.8136,37.7545,-0.4621,1343.2463,1330.7637,1337.005,0.0093,0.3874,3.8434,1336.9484,-1,31647116,563773.85,1,0.5556,-1,-8.895,1.1818,1
2026-05-19 12:15:00,1335.6,1337.6,1333.6,1337.6,654665,1337.5279,1337.2741,1339.0372,1,0.3412,0.5639,-0.2228,-1,16.7643,18.2948,21.5653,50.775,0,38.4615,36.9059,-0.0747,1343.3118,1330.9582,1337.135,0.0092,0.5376,3.8546,1336.9585,1,32301781,584322.55,0,0.5,1,-8.7585,1.3333,0
2026-05-19 12:30:00,1337.6,1337.6,1332.9,1334.5,536999,1336.9223,1337.0219,1338.8593,-1,0.0721,0.4656,-0.3935,-1,16.3749,16.726,20.9932,45.0459,0,14.4144,27.2298,-0.5515,1343.3182,1330.9318,1337.125,0.0093,0.2881,3.915,1336.903,-1,31764782,601692.9,0,0.6596,-1,-8.97,1.0985,0
2026-05-19 12:45:00,1334.6,1334.6,1332.9,1333.3,539844,1336.1979,1336.6835,1338.6413,-1,-0.2353,0.3254,-0.5607,-1,16.0134,16.1854,20.3146,43.0222,0,3.9604,18.9454,-0.4257,1343.3386,1330.8814,1337.11,0.0093,0.1942,3.7568,1336.8677,-1,31224938,606370.0,0,0.7647,-1,-9.0518,1.0076,0
2026-05-19 13:00:00,1333.4,1335.0,1332.6,1333.2,343072,1335.5983,1336.3668,1338.4279,-1,-0.4814,0.164,-0.6454,-1,15.5031,16.2079,19.3631,42.8495,0,5.7692,8.048,-0.5817,1343.3386,1330.8814,1337.11,0.0093,0.1861,3.6599,1336.8991,-1,30881866,605067.25,0,0.0833,-1,-9.0587,1.0,1
2026-05-19 13:15:00,1333.4,1334.9,1332.7,1333.7,380470,1335.2186,1336.1244,1338.2425,-1,-0.6288,0.0055,-0.6343,-1,15.0293,15.4916,18.5073,44.059,0,10.5769,6.7688,-0.4999,1343.1963,1331.1837,1337.19,0.009,0.2095,3.5556,1336.9675,-1,31262336,603906.5,0,0.1364,1,-9.0246,1.0379,0
2026-05-19 13:30:00,1333.9,1335.0,1331.1,1333.4,736869,1334.8549,1335.8767,1338.0526,-1,-0.7611,-0.1478,-0.6133,-1,15.1909,14.2862,20.2594,43.4646,0,19.3277,11.8913,-0.4331,1343.1122,1331.3578,1337.235,0.0088,0.1737,3.5802,1336.8803,-1,30525467,621825.55,0,0.1282,-1,-9.0388,1.0152,1
2026-05-19 13:45:00,1333.2,1334.4,1331.8,1333.5,1159417,1334.5839,1335.6607,1337.874,-1,-0.8481,-0.2879,-0.5602,-1,15.3409,13.5304,19.1876,43.7371,0,22.0183,17.3077,-0.2916,1343.1857,1331.1343,1337.16,0.009,0.1963,3.5102,1336.733,-1,31684884,587028.5,1,0.1154,1,-9.032,1.0227,1
2026-05-19 14:00:00,1333.4,1336.5,1332.6,1335.2,1021489,1334.7071,1335.6188,1337.7692,-1,-0.771,-0.3845,-0.3865,-1,14.447,16.7047,17.6768,48.2989,0,39.4231,26.9231,-0.0449,1343.182,1331.158,1337.17,0.009,0.3362,3.538,1336.6988,-1,32706373,599448.75,1,0.4615,1,-8.916,1.1515,0
2026-05-19 14:15:00,1335.2,1337.1,1332.5,1333.0,1277114,1334.3657,1335.3807,1337.5822,-1,-0.8773,-0.4831,-0.3942,-1,13.4816,16.3718,16.0696,43.3953,0,19.0,26.8138,-0.3066,1342.7351,1330.7849,1336.76,0.0089,0.1854,3.6139,1336.2744,-1,31429259,634460.25,1,0.4783,-1,-9.0661,0.9848,0
2026-05-19 14:30:00,1332.9,1333.0,1327.9,1328.5,1115624,1333.1926,1334.7552,1337.226,-1,-1.3095,-0.6484,-0.6612,-1,14.1236,14.7686,23.3285,35.4641,0,5.2632,21.2287,-0.5316,1342.614,1329.576,1336.095,0.0098,-0.0825,3.72,1335.5696,-1,30313635,660612.15,1,0.8627,-1,-9.3731,0.6439,0
2026-05-19 14:45:00,1328.3,1329.4,1325.8,1326.1,1732126,1331.7741,1333.9684,1336.7897,-1,-1.8247,-0.8836,-0.9411,-1,15.2863,13.7454,25.7538,32.095,1,2.521,8.9281,-0.8597,1343.194,1327.746,1335.47,0.0116,-0.1065,3.7115,1334.3259,-1,28581509,711230.2,1,0.6111,-1,-9.5368,0.4621,0
2026-05-19 15:00:00,1326.5,1326.7,1320.8,1321.3,3552659,1329.6792,1332.8167,1336.1822,-1,-2.5905,-1.225,-1.3655,-1,17.3992,12.2477,32.1815,26.6433,1,2.9586,3.5809,-0.9891,1343.7837,1325.0963,1334.44,0.014,-0.2031,3.8678,1331.7411,-1,25028850,859601.8,1,0.8814,-1,-9.8642,0.0985,1
2026-05-19 15:15:00,1321.3,1323.1,1319.9,1322.5,1439283,1328.2434,1331.8788,1335.6457,-1,-3.0652,-1.593,-1.4721,-1,19.5136,11.5149,31.9387,29.8513,1,14.6893,6.723,-0.81,1344.0523,1323.1777,1333.615,0.0157,-0.0325,3.8201,1330.6886,-1,26468133,902632.85,1,0.375,1,-9.7824,0.1894,1
2026-05-20 09:15:00,1317.0,1323.8,1312.7,1323.3,385585,1327.2547,1331.0989,1335.1615,-1,-3.3383,-1.9421,-1.3962,-1,22.4241,9.4113,37.9538,31.9867,1,42.5703,20.0727,-0.7426,1343.5085,1321.9515,1332.73,0.0162,0.0626,4.3401,1330.1573,-1,26853718,893977.55,0,0.5676,1,-9.7278,0.25,0
2026-05-20 09:30:00,1323.7,1326.6,1321.0,1322.5,569039,1326.3038,1330.3172,1334.665,-1,-3.5781,-2.2693,-1.3088,-1,24.0411,13.0761,34.5269,30.9714,1,39.3574,32.2057,-0.8398,1342.8866,1320.7834,1331.835,0.0166,0.0777,4.4301,1329.757,-1,26284679,905239.25,0,0.2143,-1,-9.7824,0.1894,0
2026-05-20 09:45:00,1322.7,1323.8,1321.8,1322.4,228030,1325.523,1329.5974,1334.184,-1,-3.7332,-2.5621,-1.1711,-1,25.5426,12.6373,33.3681,30.8396,1,39.7541,40.5606,-0.825,1342.232,1319.758,1330.995,0.0169,0.1176,4.2565,1329.4457,-1,26056649,896822.35,0,0.15,-1,-9.6536,0.1818,1
2026-05-20 10:00:00,1322.7,1323.8,1320.1,1323.5,354227,1325.1184,1329.0431,1333.765,-1,-3.7244,-2.7945,-0.9299,-1,27.1824,11.8452,34.1564,34.1583,1,44.2623,41.1246,-0.7499,1341.5857,1319.0143,1330.3,0.017,0.1987,4.2167,1329.1665,-1,26410876,898978.8,0,0.2162,1,-9.4609,0.2652,1
2026-05-20 10:15:00,1323.8,1325.2,1322.0,1324.9,282591,1325.0747,1328.6665,1333.4174,-1,-3.5634,-2.9483,-0.6151,-1,28.1473,13.6049,32.2725,38.2214,0,50.0,44.6721,-0.7714,1340.9783,1318.5317,1329.755,0.0169,0.2837,4.1441,1328.7926,-1,26693467,873615.2,0,0.3437,1,-8.9729,0.3712,1
2026-05-20 10:30:00,1325.0,1335.7,1324.7,1331.7,682610,1326.3998,1328.9423,1333.35,-1,-2.8542,-2.9295,0.0753,1,26.2266,27.4834,26.8003,53.297,0,77.8689,57.377,-0.0975,1340.2385,1318.7315,1329.485,0.0162,0.603,4.6338,1328.7368,1,27376077,893204.45,0,0.6091,1,-8.4365,0.8864,1
2026-05-20 10:45:00,1332.4,1335.9,1329.4,1333.7,317623,1327.8598,1329.3748,1333.3638,-1,-2.1065,-2.7649,0.6584,1,24.4861,25.1064,24.1902,56.6478,0,86.0656,71.3115,0.3914,1339.9577,1318.8223,1329.39,0.0159,0.7039,4.7671,1328.4607,1,27693700,865466.8,0,0.2,1,-8.299,1.0379,1
2026-05-20 11:00:00,1333.7,1335.3,1333.2,1333.9,170036,1329.0679,1329.7862,1333.3848,-1,-1.4807,-2.508,1.0274,1,22.8698,24.2835,23.3973,56.9802,0,86.8852,83.6066,0.5882,1339.3107,1319.0993,1329.205,0.0152,0.7323,4.5766,1328.2143,1,27863736,841235.35,0,0.0952,1,-8.0069,1.053,1
2026-05-20 11:15:00,1333.9,1337.5,1333.2,1334.5,411187,1330.1543,1330.2147,1333.4285,-1,-0.9257,-2.1916,1.2659,1,21.8735,26.0952,21.8203,58.0201,0,87.9032,86.9513,0.999,1339.3107,1319.0993,1329.205,0.0152,0.762,4.5569,1328.1648,1,28274923,834944.75,0,0.1395,1,-7.9655,1.0985,1
2026-05-20 11:30:00,1334.9,1346.3,1333.2,1346.3,1363708,1333.3834,1331.677,1333.9333,1,0.4611,-1.661,2.1221,1,22.488,33.5345,17.8688,72.2349,-1,100.0,91.5962,1.7996,1342.3262,1317.3838,1329.855,0.0188,1.1593,5.1671,1329.0689,1,29638631,876137.95,1,0.8702,1,-7.1517,1.9924,1
2026-05-20 11:45:00,1346.2,1349.2,1346.0,1347.3,653779,1336.1667,1333.0973,1334.4575,1,1.622,-1.0044,2.6264,1,23.4433,36.1306,17.0563,73.0672,-1,94.7945,94.2326,1.8136,1345.126,1315.994,1330.56,0.0219,1.0746,5.0266,1329.6574,1,30292410,891673.3,0,0.3437,1,-7.0828,2.0682,0
2026-05-20 12:00:00,1347.7,1347.7,1345.2,1346.3,235575,1338.1934,1334.2975,1334.9219,1,2.4334,-0.3169,2.7502,1,24.1121,34.7992,17.6069,70.7822,-1,92.0548,95.6164,1.7996,1347.2573,1315.1227,1331.19,0.0241,0.9702,4.8461,1329.792,1,30056835,884428.55,0,0.56,-1,-7.1517,1.9924,1
2026-05-20 12:15:00,1346.2,1349.4,1346.1,1347.7,374140,1340.0947,1335.5159,1335.423,1,3.153,0.3771,2.7759,1,24.9681,35.6313,16.7306,72.0978,-1,95.3678,94.0724,1.9132,1349.502,1314.308,1331.905,0.0264,0.9488,4.7357,1330.0359,1,30430975,866292.1,0,0.4545,1,-7.0552,2.0985,1
2026-05-20 12:30:00,1347.8,1355.6,1346.4,1355.0,642944,1343.0758,1337.2872,1336.1907,1,4.2632,1.1543,3.1089,1,26.4993,39.7604,14.5554,77.7289,-1,98.6014,95.3413,2.3801,1353.258,1312.702,1332.98,0.0304,1.043,5.0546,1330.6683,1,31073919,840468.45,0,0.7826,1,-6.5517,2.6515,0
2026-05-20 12:45:00,1355.0,1357.2,1352.2,1354.5,512336,1345.3606,1338.852,1336.9087,1,5.0445,1.9324,3.1122,1,28.0853,39.2116,13.5262,76.5888,-1,92.7224,95.5639,2.2341,1356.2858,1311.6042,1333.945,0.0335,0.96,5.0507,1331.1647,1,30561583,815010.8,0,0.1,-1,-6.5862,2.6136,0
2026-05-20 13:00:00,1354.6,1355.8,1351.2,1353.5,360868,1346.9885,1340.1836,1337.5594,1,5.5194,2.6498,2.8697,1,29.26,36.6443,14.0639,74.2433,-1,90.027,93.7836,1.637,1358.87,1311.07,1334.97,0.0358,0.8877,5.0185,1331.4366,1,30200715,769198.5,0,0.2391,-1,-6.6552,2.5379,0
2026-05-20 13:15:00,1353.5,1355.2,1352.0,1352.5,326271,1348.0908,1341.3033,1338.1453,1,5.7488,3.2696,2.4792,1,30.3507,34.931,13.4063,71.8728,-1,87.3315,90.027,1.4096,1361.0404,1311.2996,1336.17,0.0372,0.8283,4.8886,1332.049,1,29874444,729730.85,0,0.3125,-1,-6.7241,2.4621,1
2026-05-20 13:30:00,1352.5,1357.3,1352.2,1354.9,438036,1349.4526,1342.5394,1338.8023,1,6.0545,3.8266,2.2279,1,31.617,35.395,12.4104,74.017,-1,93.2011,90.1865,1.5743,1363.3029,1311.9171,1337.61,0.0384,0.8365,4.9037,1333.4428,1,30312480,665026.35,0,0.4706,1,-6.5586,2.6439,1
2026-05-20 13:45:00,1355.4,1357.4,1354.3,1355.8,313704,1350.7221,1343.7449,1339.4689,1,6.2968,4.3206,1.9762,1,32.8051,33.9031,11.8349,74.793,-1,95.107,91.8799,1.5961,1365.0487,1313.6213,1339.335,0.0384,0.8202,4.7748,1337.8517,1,30626184,503078.6,0,0.129,1,-6.4966,2.7121,1
2026-05-20 14:00:00,1356.1,1359.0,1354.7,1358.0,692075,1352.1777,1345.0408,1340.1956,1,6.5904,4.7746,1.8158,1,34.1054,34.1173,11.0681,76.6303,-1,96.6216,94.9766,0.869,1366.8313,1315.3887,1341.11,0.0384,0.8283,4.7409,1341.767,1,31318259,465718.2,0,0.4419,1,-6.3448,2.8788,0
2026-05-20 14:15:00,1358.1,1358.9,1356.5,1358.0,646630,1353.3422,1346.2189,1340.8938,1,6.7453,5.1687,1.5766,1,35.3129,32.8386,10.6533,76.6303,-1,96.124,95.9509,0.7942,1368.2056,1317.4844,1342.845,0.0378,0.7988,4.5737,1343.7289,1,31964889,478770.45,0,0.0417,-1,-6.3448,2.8788,1
2026-05-20 14:30:00,1358.3,1358.8,1357.4,1358.5,406070,1354.3737,1347.3354,1341.5843,1,6.8296,5.5009,1.3287,1,36.4341,32.0832,10.4082,77.0709,-1,98.062,96.9359,0.9062,1369.0669,1320.2231,1344.645,0.0363,0.7837,4.347,1345.5857,1,32370959,470622.0,0,0.1429,1,-6.3103,2.9167,1
2026-05-20 14:45:00,1358.8,1360.4,1358.2,1360.1,578644,1355.519,1348.4958,1342.3104,1,6.9455,5.7898,1.1557,1,37.6939,33.6061,10.0182,78.4695,-1,98.8971,97.6944,0.9201,1369.5739,1323.4861,1346.53,0.0342,0.7944,4.1937,1346.9496,1,32949603,488152.7,0,0.5909,1,-6.0704,3.0379,1
2026-05-20 15:00:00,1360.0,1360.6,1357.3,1360.2,936305,1356.4552,1349.5598,1343.0119,1,6.9652,6.0249,0.9403,1,38.4624,31.688,11.003,78.5576,-1,97.4026,98.1206,0.3838,1369.5511,1327.1789,1348.365,0.0314,0.7793,4.1298,1348.9118,1,33885908,517256.6,1,0.0606,1,-6.0635,3.0455,1
2026-05-20 15:15:00,1360.3,1362.0,1359.5,1360.9,802849,1357.3441,1350.5907,1343.7134,1,6.957,6.2113,0.7457,1,39.3879,32.7698,10.5135,79.1988,-1,93.4524,96.584,0.4725,1369.0646,1331.2654,1350.165,0.028,0.784,4.0134,1350.4372,1,34688757,543269.5,0,0.24,1,-6.0152,3.0985,0
2026-05-21 09:15:00,1370.8,1370.8,1358.4,1359.7,392818,1357.8153,1351.4189,1344.3403,1,6.7756,6.3242,0.4515,1,41.2204,40.1048,8.4946,75.0553,-1,55.0607,81.9719,0.4581,1368.8666,1334.2634,1351.565,0.0256,0.7351,4.6125,1352.1766,1,34295939,528779.9,0,0.8952,-1,-6.0981,3.0076,0
2026-05-21 09:30:00,1359.7,1360.3,1356.2,1359.0,588158,1358.0523,1352.108,1344.9152,1,6.5005,6.3594,0.141,1,42.0945,37.5381,11.3851,72.6671,-1,51.6393,66.7175,0.4806,1368.3274,1337.3326,1352.83,0.0229,0.6991,4.5759,1353.0811,1,33707781,542306.65,0,0.1707,-1,-6.1464,2.9545,0
2026-05-21 09:45:00,1359.0,1360.4,1356.0,1356.1,589632,1357.6618,1352.471,1345.3538,1,5.9795,6.2834,-0.304,-1,42.8313,34.9527,10.9141,63.6334,0,25.0,43.9,0.0886,1366.8128,1341.0672,1353.94,0.019,0.5839,4.5633,1353.5983,1,33118149,563286.45,0,0.6591,-1,-6.3467,2.7348,1
2026-05-21 10:00:00,1356.2,1357.8,1354.0,1356.4,447185,1357.4094,1352.8281,1345.787,1,5.527,6.1322,-0.6051,-1,42.77,32.8486,13.4255,64.1302,0,26.5306,34.39,0.0443,1364.3377,1345.7323,1355.035,0.0137,0.5734,4.5088,1354.3702,1,33565334,565086.35,0,0.0526,1,-6.326,2.7576,0
2026-05-21 10:15:00,1356.5,1359.3,1355.4,1356.0,401248,1357.1276,1353.1165,1346.1875,1,5.0777,5.9213,-0.8436,-1,42.9304,33.1987,12.5879,62.8964,0,21.2766,24.2691,-0.1473,1363.918,1347.122,1355.52,0.0124,0.5286,4.4653,1356.1088,-1,33164086,516963.35,0,0.1282,-1,-6.3536,2.7273,0
2026-05-21 10:30:00,1356.1,1356.7,1351.5,1355.3,536405,1356.762,1353.315,1346.5449,1,4.6119,5.6594,-1.0475,-1,41.7539,30.4693,17.7191,60.6959,0,19.6891,22.4988,-0.1988,1363.4288,1348.4112,1355.92,0.0111,0.4587,4.5178,1356.5749,-1,32627681,511094.65,0,0.1538,-1,-6.4019,2.6742,0
2026-05-21 10:45:00,1355.8,1356.3,1351.0,1351.1,465299,1355.6296,1353.1136,1346.7235,1,3.8594,5.2994,-1.44,-1,40.5046,27.9473,17.0333,49.5044,0,0.5051,13.8236,-0.5447,1362.663,1349.657,1356.16,0.0096,0.111,4.5736,1356.6362,-1,32162382,522580.85,0,0.8868,-1,-6.692,2.3561,0
2026-05-21 11:00:00,1351.0,1351.6,1349.3,1350.0,471931,1354.5037,1352.8306,1346.852,1,3.1381,4.8672,-1.729,-1,38.814,26.9065,19.1517,47.0572,0,3.2558,7.8167,-0.7426,1362.2342,1350.3158,1356.275,0.0088,-0.0265,4.4112,1356.6685,-1,31690451,527470.4,0,0.4348,-1,-6.768,2.2727,1
2026-05-21 11:15:00,1350.0,1353.9,1348.6,1353.5,463335,1354.303,1352.8914,1347.1127,1,2.8164,4.457,-1.6406,-1,37.7201,28.3015,17.5314,54.7262,0,22.0721,8.611,-0.4926,1362.2584,1350.1416,1356.2,0.0089,0.2772,4.4747,1356.7287,-1,32153786,518489.95,0,0.6604,1,-6.5262,2.5379,0
2026-05-21 11:30:00,1353.2,1354.0,1351.8,1353.5,475538,1354.1424,1352.9468,1347.3632,1,2.5323,4.0721,-1.5398,-1,36.7247,27.4358,16.8925,54.7262,0,22.0721,15.8,-0.5438,1362.2798,1350.0202,1356.15,0.009,0.2838,4.3122,1356.6656,-1,32629324,516650.05,0,0.1364,1,-6.5262,2.5379,1
2026-05-21 11:45:00,1353.6,1357.0,1353.1,1355.6,468094,1354.4339,1353.188,1347.6862,1,2.4484,3.7473,-1.299,-1,36.3868,30.6547,15.7938,58.8719,0,31.5315,25.2252,-0.3015,1362.2705,1350.2395,1356.255,0.0089,0.4456,4.2828,1356.7108,-1,33097418,522011.35,0,0.5128,1,-6.3812,2.697,0
2026-05-21 12:00:00,1355.7,1358.9,1354.2,1354.3,473329,1354.4071,1353.2891,1347.9456,1,2.251,3.4481,-1.1971,-1,36.4055,31.4153,14.5643,55.4848,0,25.6757,26.4264,-0.3458,1362.1843,1350.5057,1356.345,0.0086,0.3249,4.3126,1356.7773,-1,32624089,529364.25,0,0.2979,-1,-6.471,2.5985,0
2026-05-21 12:15:00,1354.2,1354.8,1348.6,1349.9,1005358,1353.5057,1352.981,1348.0222,1,1.7197,3.1024,-1.3827,-1,34.6809,28.2871,22.108,45.8662,0,5.8559,21.021,-0.4572,1362.5555,1349.6345,1356.095,0.0095,0.0205,4.4474,1356.3432,-1,31618731,557730.35,1,0.6935,-1,-6.7749,2.2652,0
2026-05-21 12:30:00,1350.1,1350.9,1345.4,1348.8,670288,1352.5646,1352.6009,1348.0527,-1,1.1961,2.7211,-1.525,-1,32.286,25.8299,25.2416,43.821,0,13.3858,14.9725,-0.5603,1362.9474,1348.5426,1355.745,0.0106,0.0179,4.5226,1355.8926,-1,30948443,575559.55,0,0.2364,-1,-6.8508,2.1818,0
2026-05-21 12:45:00,1348.2,1348.9,1345.3,1348.0,384130,1351.6516,1352.1826,1348.0507,-1,0.7084,2.3186,-1.6102,-1,30.0381,24.3396,23.9455,42.3422,0,17.8808,12.3742,-0.59,1363.1097,1347.3803,1355.245,0.0116,0.0394,4.4567,1355.5186,-1,30564313,560162.3,0,0.0556,-1,-6.9061,2.1212,1
2026-05-21 13:00:00,1348.1,1352.2,1346.2,1351.0,597045,1351.5213,1352.0751,1348.1663,-1,0.5576,1.9664,-1.4088,-1,28.6984,27.2168,21.6984,49.2575,0,37.7483,23.005,-0.3173,1362.8605,1346.9295,1354.895,0.0118,0.2555,4.5669,1355.0803,-1,31161358,557683.05,0,0.4833,1,-6.3432,2.3485,1
2026-05-21 13:15:00,1351.1,1352.9,1350.0,1351.4,508352,1351.4971,1352.0137,1348.2931,-1,0.465,1.6661,-1.2011,-1,27.6035,27.0734,20.6879,50.1166,0,43.5714,33.0669,0.0222,1362.464,1346.616,1354.54,0.0117,0.3019,4.4479,1354.8018,-1,31669710,562797.15,0,0.1034,1,-6.3154,2.3788,1
2026-05-21 13:30:00,1351.9,1355.0,1350.5,1354.7,306162,1352.1376,1352.2579,1348.5444,-1,0.6504,1.463,-0.8126,-1,27.0241,28.4882,19.1941,56.6389,0,67.1429,49.4875,0.3481,1361.7747,1346.7653,1354.27,0.0111,0.5286,4.4516,1354.5117,1,31975872,549173.05,0,0.6222,1,-6.0867,2.6288,0
2026-05-21 13:45:00,1354.8,1355.0,1351.6,1354.0,257804,1352.5101,1352.4163,1348.7583,1,0.7323,1.3168,-0.5845,-1,26.4861,26.9073,18.129,54.9962,0,63.9706,58.2283,0.0369,1360.9541,1346.9659,1353.96,0.0103,0.5029,4.3765,1354.0461,-1,31718068,515248.0,0,0.2353,-1,-6.1352,2.5758,0
2026-05-21 14:00:00,1354.2,1354.2,1351.0,1352.1,579515,1352.4281,1352.3875,1348.8894,1,0.6367,1.1808,-0.5441,-1,25.7912,25.4745,18.162,50.6982,0,50.0,60.3711,-0.1034,1359.7812,1347.2588,1353.52,0.0093,0.3866,4.2924,1353.4156,-1,31138553,504081.3,0,0.6562,-1,-6.2669,2.4318,0
2026-05-21 14:15:00,1352.0,1353.7,1350.2,1351.9,461207,1352.3225,1352.3432,1349.0074,-1,0.5385,1.0523,-0.5138,-1,24.8806,23.971,18.4392,50.253,0,48.5294,54.1667,-0.2729,1358.7407,1347.5193,1353.13,0.0083,0.3904,4.2358,1352.9786,-1,30677346,507500.75,0,0.0286,-1,-6.2808,2.4167,1
2026-05-21 14:30:00,1351.9,1355.6,1350.3,1353.5,1054363,1352.558,1352.4484,1349.1836,1,0.5831,0.9585,-0.3754,-1,24.5024,25.0139,16.8202,53.7519,0,60.2941,52.9412,-0.0591,1357.7859,1347.9241,1352.855,0.0073,0.5654,4.3118,1352.688,1,31731709,530811.0,1,0.3019,1,-6.1698,2.5379,0
2026-05-21 14:45:00,1353.8,1355.5,1351.1,1351.8,1010935,1352.4064,1352.3894,1349.2862,1,0.4758,0.8619,-0.3862,-1,24.1513,23.1933,15.596,49.7483,0,47.7941,52.2059,0.1408,1357.3565,1347.9235,1352.64,0.007,0.411,4.3181,1352.4412,-1,30720774,551876.15,1,0.4545,-1,-6.125,2.4091,0
2026-05-21 15:00:00,1351.8,1352.9,1347.9,1348.0,2858651,1351.5251,1351.9904,1349.2358,-1,0.0831,0.7062,-0.6231,-1,22.7307,21.2964,19.5547,42.1846,0,19.8529,42.6471,-0.0593,1357.0177,1347.4223,1352.22,0.0071,0.0602,4.3668,1351.7168,-1,27862123,672449.45,1,0.76,-1,-6.3889,2.1212,1
2026-05-21 15:15:00,1348.3,1349.3,1346.4,1349.0,1151384,1351.0201,1351.7185,1349.2265,-1,-0.1457,0.5358,-0.6815,-1,21.255,20.2614,21.1182,44.5728,0,27.2059,31.6176,0.0742,1356.5331,1347.2069,1351.87,0.0069,0.1923,4.2621,1351.2878,-1,29013507,709956.25,1,0.2414,1,-6.3194,2.197,1
2026-05-22 09:15:00,1351.0,1357.8,1349.1,1356.8,409393,1352.1761,1352.1805,1349.5235,-1,0.2989,0.4884,-0.1895,-1,21.5608,30.7229,18.2238,58.8511,0,92.0,46.3529,0.4293,1356.8674,1347.0226,1351.945,0.0073,0.9932,4.5862,1351.2608,1,29422900,703605.65,0,0.6667,1,-5.7778,2.7879,0
2026-05-22 09:30:00,1356.7,1357.8,1353.1,1353.9,283565,1352.5209,1352.3368,1349.6952,1,0.4125,0.4733,-0.0607,-1,21.8447,28.4779,16.8922,53.3485,0,68.8,62.6686,0.185,1357.0623,1347.1077,1352.085,0.0074,0.6823,4.5943,1351.2842,1,29139335,694518.95,0,0.5957,-1,-5.9792,2.5682,1
2026-05-22 09:45:00,1353.5,1356.7,1351.5,1356.1,236176,1353.2367,1352.6789,1349.9463,1,0.6723,0.5131,0.1593,1,21.6085,26.1971,18.0036,56.6592,0,86.4,82.4,0.1033,1357.5626,1347.2174,1352.39,0.0076,0.8586,4.6376,1351.3784,1,29375511,682731.2,0,0.5,1,-5.8264,2.7348,0
2026-05-22 10:00:00,1356.1,1356.5,1353.8,1355.2,152492,1353.6293,1352.9081,1350.1523,1,0.7964,0.5697,0.2267,1,21.3891,25.0742,17.2319,54.9415,0,77.5862,77.5954,0.0886,1357.7721,1347.1779,1352.475,0.0078,0.7572,4.4992,1351.4001,1,29223019,667189.05,0,0.3333,-1,-5.8889,2.6667,0
2026-05-22 10:15:00,1355.0,1355.5,1352.5,1353.5,152667,1353.6035,1352.9619,1350.2836,1,0.749,0.6056,0.1434,1,20.7627,23.8508,18.5053,51.75,0,62.2807,75.4223,0.1035,1357.7721,1347.1779,1352.475,0.0078,0.5968,4.3921,1351.3666,1,29070352,651045.5,0,0.5,-1,-6.0069,2.5379,1
2026-05-22 10:30:00,1353.5,1355.2,1353.0,1355.0,173704,1353.8828,1353.1472,1350.4686,1,0.8229,0.6491,0.1739,1,20.1811,22.9659,17.8188,54.274,0,75.4386,71.7685,0.2293,1357.6774,1347.2126,1352.445,0.0077,0.7442,4.2355,1351.2658,1,29244056,636326.0,0,0.6818,1,-5.9028,2.6515,1
2026-05-22 10:45:00,1355.1,1357.3,1354.0,1357.1,218606,1354.5262,1353.5065,1350.7286,1,1.039,0.727,0.3119,1,20.1748,25.2656,16.8112,57.6166,0,93.8596,77.193,0.266,1358.1478,1347.0222,1352.585,0.0082,0.9058,4.1687,1351.179,1,29462662,623589.85,0,0.6061,1,-5.7569,2.8106,0
2026-05-22 11:00:00,1357.2,1357.2,1355.0,1355.1,124286,1354.641,1353.6514,1350.9001,1,1.0369,0.789,0.2479,1,20.169,24.2799,16.1554,53.598,0,76.3158,81.8713,0.2441,1358.3675,1347.3225,1352.845,0.0082,0.7042,4.0281,1351.2351,1,29338376,579536.25,0,0.9545,-1,-5.8958,2.6591,0
2026-05-22 11:15:00,1355.5,1355.8,1353.0,1354.7,154795,1354.6528,1353.7467,1351.0491,1,0.9915,0.8295,0.162,1,19.4232,23.0476,18.9609,52.8048,0,72.807,80.9942,0.497,1358.3903,1347.8897,1353.14,0.0078,0.6486,3.9404,1351.4543,1,29183581,553761.6,0,0.2857,-1,-5.9236,2.6288,1
2026-05-22 11:30:00,1354.6,1358.3,1354.0,1358.2,220653,1355.3622,1354.1516,1351.3295,1,1.2239,0.9084,0.3155,1,19.4018,25.7652,17.4925,58.5811,0,99.1597,82.7608,0.682,1358.7844,1348.5156,1353.65,0.0076,0.9431,3.9661,1351.7058,1,29404234,545587.75,0,0.8372,1,-5.6806,2.8939,1
2026-05-22 11:45:00,1358.2,1359.4,1357.0,1359.2,291212,1356.1298,1354.6105,1351.6382,1,1.4717,1.021,0.4507,1,19.6535,26.6578,16.7145,60.0843,0,98.4615,90.1427,0.1769,1359.5778,1348.5422,1354.06,0.0081,0.9658,3.8542,1352.0005,1,29695446,530296.1,0,0.4167,1,-5.6111,2.9697,1
2026-05-22 12:00:00,1359.0,1360.9,1357.8,1360.1,371713,1356.9238,1355.1096,1351.97,1,1.721,1.161,0.5599,1,20.2427,27.9239,15.7406,61.4407,0,94.4828,97.368,0.4579,1360.4591,1348.5309,1354.495,0.0088,0.9699,3.8003,1352.2979,1,30067159,523464.15,0,0.3548,1,-5.5486,3.0379,0
2026-05-22 12:15:00,1360.1,1360.2,1358.0,1358.7,96816,1357.2791,1355.436,1352.2339,1,1.7849,1.2858,0.4991,1,20.7898,26.7334,15.0695,58.1315,0,84.8276,92.5906,0.1917,1360.935,1348.455,1354.695,0.0092,0.8209,3.686,1352.3279,1,29970343,512996.85,0,0.6364,-1,-5.6458,2.9318,1
2026-05-22 12:30:00,1358.8,1361.7,1358.0,1360.5,183508,1357.9232,1355.8963,1352.5581,1,1.9583,1.4203,0.538,1,21.6566,27.7231,13.9893,61.0371,0,90.4762,89.9288,0.3911,1361.74,1348.3,1355.02,0.0099,0.9077,3.687,1352.4369,1,30153851,509282.05,0,0.4595,1,-5.5208,3.0682,1
2026-05-22 12:45:00,1360.8,1365.5,1360.6,1364.0,417462,1359.1386,1356.633,1353.0068,1,2.351,1.6064,0.7446,1,23.2267,32.2835,12.6679,65.9808,-1,89.2857,88.1965,0.7758,1363.2416,1347.9884,1355.615,0.0113,1.0497,3.7808,1352.8923,1,30571313,501179.4,0,0.6531,1,-5.2778,3.3333,1
2026-05-22 13:00:00,1364.2,1367.4,1363.5,1364.3,238476,1360.1709,1357.33,1353.4497,1,2.6558,1.8163,0.8395,1,25.0034,33.4916,11.7366,66.3747,-1,80.5031,86.755,0.6863,1364.5388,1347.9312,1356.235,0.0122,0.9856,3.7893,1353.2336,1,30809789,490042.85,0,0.0256,1,-5.2569,3.3561,0
2026-05-22 13:15:00,1364.8,1364.8,1362.2,1362.2,220921,1360.5767,1357.7728,1353.7928,1,2.6969,1.9924,0.7044,1,26.0699,31.8126,13.6549,61.0471,0,65.1007,78.2965,0.3758,1365.2616,1348.0784,1356.67,0.0127,0.8218,3.7044,1353.4877,1,30588868,448370.75,0,1.0,-1,-5.4028,3.197,0
2026-05-22 13:30:00,1362.6,1363.3,1361.1,1361.3,227240,1360.7214,1358.0934,1354.0872,1,2.6265,2.1192,0.5072,1,26.5822,30.4227,15.2427,58.8664,0,59.0604,68.2214,0.4575,1365.6572,1348.6328,1357.145,0.0125,0.7441,3.5969,1353.8062,1,30361628,409186.0,0,0.5909,-1,-5.4653,3.1288,0
2026-05-22 13:45:00,1361.7,1362.6,1360.0,1360.4,228061,1360.6571,1358.3031,1354.3348,1,2.4696,2.1893,0.2803,1,26.5916,28.8202,16.6684,56.6857,0,51.3889,58.5167,0.4208,1365.2692,1350.2608,1357.765,0.0111,0.6756,3.5257,1356.2669,1,30133567,277656.5,0,0.5,-1,-5.5278,3.0606,0
2026-05-22 14:00:00,1360.4,1361.0,1357.2,1359.6,239522,1360.4457,1358.421,1354.5412,1,2.2548,2.2024,0.0523,1,25.5288,26.6137,21.0335,54.7443,0,45.8333,52.0942,0.1031,1364.6588,1351.9312,1358.295,0.0094,0.6025,3.5453,1358.4146,1,29894045,232063.4,0,0.2105,-1,-5.5833,3.0,0
2026-05-22 14:15:00,1359.5,1359.8,1355.9,1358.0,440698,1359.9565,1358.3827,1354.6769,1,1.9331,2.1485,-0.2155,-1,24.0959,24.5374,21.9931,50.9836,0,34.7222,43.9815,-0.0883,1364.6838,1352.0262,1358.355,0.0093,0.472,3.5706,1358.7033,-1,29453347,233628.65,1,0.3846,-1,-5.6944,2.8788,0
2026-05-22 14:30:00,1357.5,1358.2,1356.0,1356.3,312472,1359.2252,1358.1934,1354.7405,1,1.5234,2.0235,-0.5001,-1,22.7653,23.4271,20.9979,47.2681,0,22.9167,34.4907,-0.2794,1364.5472,1352.4028,1358.475,0.0089,0.3209,3.4727,1358.8063,-1,29140875,235074.0,0,0.5455,-1,-5.8125,2.75,0
2026-05-22 14:45:00,1356.3,1357.8,1354.4,1354.9,126292,1358.3602,1357.894,1354.7468,1,1.0734,1.8335,-0.7601,-1,21.3052,21.7863,22.8232,44.3986,0,6.7164,21.4518,-0.2797,1364.6025,1352.2275,1358.415,0.0091,0.216,3.4675,1358.9287,-1,29014583,229579.8,0,0.4118,-1,-5.9097,2.6439,0
2026-05-22 15:00:00,1355.0,1355.4,1352.4,1353.3,568617,1357.3481,1357.4764,1354.69,-1,0.581,1.583,-1.002,-1,20.5806,20.4269,25.5589,41.3118,0,6.0,11.8777,-0.5292,1364.7554,1351.8846,1358.32,0.0095,0.11,3.4341,1358.4495,-1,28445966,250386.05,1,0.5667,-1,-5.9228,2.5227,1
2026-05-22 15:15:00,1353.3,1358.7,1353.3,1354.5,541445,1356.7785,1357.2058,1354.6826,-1,0.2843,1.3232,-1.039,-1,19.4129,24.8169,22.801,44.4322,0,14.0,8.9055,-0.6965,1364.6689,1352.0711,1358.37,0.0093,0.1928,3.5746,1358.2842,-1,28987411,269824.95,1,0.2222,1,-5.6755,2.6136,1
2026-05-25 09:15:00,1365.5,1370.9,1360.3,1360.6,285733,1357.5428,1357.5143,1354.9147,1,0.5352,1.1656,-0.6305,-1,20.7598,37.7486,16.8531,56.9595,0,44.3243,21.4414,-0.2712,1364.8214,1352.4786,1358.65,0.0091,0.658,4.4907,1358.6997,1,29273144,275426.4,0,0.4623,-1,-5.2507,3.0758,0
2026-05-25 09:30:00,1360.6,1361.1,1358.1,1359.4,341427,1357.9143,1357.6858,1355.0905,1,0.6299,1.0585,-0.4286,-1,21.3728,35.9035,19.6137,54.3631,0,37.8378,32.0541,-0.2055,1364.9022,1352.6278,1358.765,0.009,0.5517,4.3842,1358.8499,1,28931717,281567.45,0,0.4,-1,-4.3417,2.9848,1
2026-05-25 09:45:00,1359.6,1362.0,1359.2,1360.1,276653,1358.3514,1357.9052,1355.287,1,0.7528,0.9974,-0.2445,-1,22.0816,35.7274,18.6953,55.6336,0,41.6216,41.2613,-0.0882,1364.9383,1353.0917,1359.015,0.0087,0.5916,4.271,1358.9919,1,29208370,289185.8,0,0.1786,1,-4.2318,3.0379,1
2026-05-25 10:00:00,1360.5,1363.1,1360.0,1362.1,161181,1359.1011,1358.2866,1355.5542,1,1.0001,0.9979,0.0022,1,22.9121,35.7145,17.7067,59.134,0,52.4324,43.964,0.125,1365.1049,1353.6651,1359.385,0.0084,0.7373,4.1874,1359.1883,1,29369551,289505.1,0,0.5161,1,-4.091,3.1894,0
2026-05-25 10:15:00,1362.1,1364.4,1360.5,1361.0,201719,1359.4809,1358.5333,1355.7677,1,1.0947,1.0173,0.0774,1,23.886,35.5554,16.5229,56.4939,0,46.4865,46.8468,0.103,1365.2591,1353.7909,1359.525,0.0084,0.6286,4.1669,1359.3754,1,29167832,288558.4,0,0.2821,-1,-4.1684,3.1061,1
2026-05-25 10:30:00,1360.5,1362.5,1359.5,1362.0,152447,1359.9847,1358.8484,1356.0121,1,1.2361,1.061,0.175,1,24.4563,33.6896,17.405,58.3159,0,51.8919,50.2703,0.2946,1365.4964,1353.8336,1359.665,0.0086,0.7002,4.0835,1359.472,1,29320279,281620.15,0,0.5,1,-3.9966,3.1818,0
2026-05-25 10:45:00,1362.0,1362.0,1360.2,1361.3,162124,1360.2478,1359.0713,1356.2195,1,1.2769,1.1042,0.1727,1,24.986,32.5847,16.8342,56.5312,0,48.1081,48.8288,0.3687,1365.5976,1353.8524,1359.725,0.0086,0.6341,3.9204,1359.5139,1,29158155,271140.7,0,0.3889,-1,-4.046,3.1288,1
2026-05-25 11:00:00,1361.3,1362.8,1360.8,1362.1,154852,1360.6182,1359.3466,1356.4501,1,1.3582,1.155,0.2032,1,25.6276,32.8647,16.1986,58.1091,0,52.4324,50.8108,0.5314,1365.8355,1353.9545,1359.895,0.0087,0.6856,3.7832,1359.5909,1,29313007,274042.5,0,0.4,1,-3.9896,3.1894,0
2026-05-25 11:15:00,1362.1,1362.4,1359.4,1360.7,217771,1360.6346,1359.4697,1356.6168,1,1.2947,1.1829,0.1118,1,25.6987,30.9753,17.9502,54.3884,0,44.8649,48.4685,0.5468,1365.8502,1353.9598,1359.905,0.0087,0.5669,3.7273,1359.6242,1,29095236,275755.65,0,0.4667,-1,-4.0882,3.0833,0
2026-05-25 11:30:00,1360.7,1360.7,1358.2,1359.3,156304,1360.3677,1359.4542,1356.722,1,1.1185,1.1701,-0.0515,-1,25.3289,29.4555,19.4246,50.8799,0,37.2973,44.8649,0.3544,1365.3131,1354.0269,1359.67,0.0083,0.4672,3.6396,1359.3201,-1,28938932,262697.75,0,0.56,-1,-4.1396,2.9773,1
2026-05-25 11:45:00,1359.3,1361.0,1359.0,1359.4,147321,1360.1741,1359.4493,1356.827,1,0.9757,1.1312,-0.1555,-1,25.0582,28.8693,18.6368,51.1225,0,37.8378,40.0,-0.0882,1364.653,1354.197,1359.425,0.0077,0.4976,3.5225,1359.0684,1,29086253,258140.0,0,0.05,1,-4.0378,2.9848,1
2026-05-25 12:00:00,1359.4,1361.1,1358.0,1360.7,227441,1360.2793,1359.563,1356.9789,1,0.9564,1.0962,-0.1398,-1,24.4253,27.0388,19.5004,54.2827,0,44.8649,40.0,0.0956,1364.4582,1354.2418,1359.35,0.0075,0.6321,3.4923,1358.9356,1,29313694,258466.0,0,0.4194,1,-3.6536,3.0833,1
2026-05-25 12:15:00,1360.9,1361.8,1360.0,1360.9,283846,1360.4034,1359.6845,1357.1327,1,0.9464,1.0663,-0.1199,-1,24.0296,27.4907,18.7568,54.7673,0,43.1818,41.9615,0.0588,1364.4106,1354.2494,1359.33,0.0075,0.6545,3.3714,1358.9134,1,29597540,261296.3,0,0.0,1,-3.5507,3.0985,0
2026-05-25 12:30:00,1361.0,1361.5,1359.0,1359.6,256083,1360.2428,1359.6769,1357.2294,1,0.824,1.0178,-0.1938,-1,23.2629,26.0073,19.9031,50.9846,0,12.4031,33.4833,-0.1835,1364.3488,1354.2312,1359.29,0.0074,0.5306,3.3092,1358.8774,1,29341457,262697.4,0,0.56,-1,-3.5471,3.0,1
2026-05-25 12:45:00,1359.6,1360.0,1357.5,1359.8,216993,1360.1542,1359.6881,1357.3302,1,0.7347,0.9612,-0.2265,-1,21.9797,24.5789,22.1053,51.5392,0,33.3333,29.6394,-0.0882,1364.362,1354.238,1359.3,0.0074,0.5494,3.2514,1358.8688,1,29558450,261570.95,0,0.08,1,-3.2377,3.0152,1
2026-05-25 13:00:00,1359.6,1364.0,1358.3,1363.9,343917,1360.9034,1360.071,1357.5879,1,0.9834,0.9656,0.0178,1,21.9283,29.9971,19.4785,61.2243,0,92.7536,46.1634,0.1395,1364.9959,1354.1941,1359.595,0.0079,0.8985,3.4263,1359.1661,1,29902367,256731.9,0,0.7544,1,-2.78,3.3258,1
2026-05-25 13:15:00,1363.8,1365.5,1363.6,1364.5,300608,1361.6227,1360.4736,1357.8589,1,1.2149,1.0155,0.1994,1,22.239,31.9997,18.6816,62.4083,0,87.5,71.1957,0.2351,1365.5851,1354.4249,1360.005,0.0082,0.9028,3.3173,1359.6234,1,30202975,256138.7,0,0.3684,1,-2.7025,3.3712,0
2026-05-25 13:30:00,1364.5,1365.3,1362.7,1362.7,279381,1361.8382,1360.676,1358.0488,1,1.2389,1.0602,0.1787,1,22.1708,30.1801,19.5877,56.8044,0,65.0,81.7512,0.044,1365.569,1355.221,1360.395,0.0076,0.7227,3.266,1359.9261,1,29923594,263793.15,0,0.6923,-1,-2.8309,3.2348,1
2026-05-25 13:45:00,1363.0,1364.0,1362.3,1363.0,185217,1362.0705,1360.8873,1358.2429,1,1.2675,1.1016,0.1658,1,21.9465,29.0183,19.7394,57.4896,0,68.75,73.75,0.169,1365.0174,1356.7426,1360.88,0.0061,0.7562,3.1542,1360.7699,1,30108811,244623.15,0,0.0,1,-2.6429,3.2576,1
2026-05-25 14:00:00,1362.9,1364.5,1362.9,1363.1,211628,1362.2764,1361.0884,1358.4334,1,1.2834,1.138,0.1454,1,21.8793,29.1021,18.9981,57.7302,0,70.0,67.9167,0.2796,1364.347,1358.273,1361.31,0.0045,0.7947,3.0432,1361.5219,1,30320439,228132.3,0,0.125,1,-2.6148,3.2652,1
2026-05-25 14:15:00,1363.0,1364.9,1362.8,1364.5,179850,1362.7211,1361.3986,1358.6713,1,1.3929,1.189,0.204,1,21.9331,28.5953,18.0405,61.0545,0,87.5,75.4167,0.3752,1364.8225,1358.1875,1361.505,0.0049,0.9514,2.9758,1361.47,1,30500289,222838.15,0,0.7143,1,-2.487,3.3712,1
2026-05-25 14:30:00,1364.6,1365.3,1362.6,1365.0,222721,1363.1769,1361.726,1358.9195,1,1.5028,1.2517,0.251,1,22.1029,27.6962,16.8635,62.198,0,93.75,83.75,0.316,1365.2849,1358.2851,1361.785,0.0051,0.9593,2.9561,1361.7677,1,30723010,216902.85,0,0.1481,1,-2.4512,3.4091,1
2026-05-25 14:45:00,1365.1,1367.5,1365.1,1366.6,350426,1363.8615,1362.1691,1359.2207,1,1.6993,1.3412,0.3581,1,22.8761,31.3797,15.8335,65.6713,-1,91.0,90.75,0.4188,1366.0969,1358.1231,1362.11,0.0059,1.0631,2.9235,1362.2193,1,31073436,220591.5,1,0.625,1,-2.2391,3.5303,1
2026-05-25 15:00:00,1366.8,1368.7,1366.2,1368.7,507648,1364.8292,1362.7628,1359.5924,1,2.0015,1.4733,0.5282,1,23.8944,32.4055,14.8562,69.6172,-1,100.0,94.9167,0.6693,1367.3538,1357.5262,1362.44,0.0072,1.137,2.8933,1362.8383,1,31581084,237914.85,1,0.76,1,-1.8501,3.6894,0
2026-05-25 15:15:00,1368.6,1368.8,1365.3,1366.5,484007,1365.1634,1363.1025,1359.8633,1,2.0399,1.5866,0.4533,1,24.3679,29.6467,15.7806,61.6256,0,79.646,90.2153,0.4927,1367.8846,1357.5454,1362.715,0.0076,0.8661,2.9366,1363.26,1,31097077,252029.25,1,0.6,-1,-1.6199,3.5227,0
2026-05-26 09:15:00,1360.2,1364.4,1357.7,1361.8,321908,1364.4907,1362.9841,1359.9393,1,1.6718,1.6037,0.0682,1,23.2879,24.093,29.0029,48.7503,0,38.0531,72.5664,-0.154,1367.8809,1357.5291,1362.705,0.0076,0.4126,3.3554,1363.1952,-1,30775169,260502.3,0,0.2388,1,-1.9582,3.1667,1
2026-05-26 09:30:00,1362.3,1363.8,1361.5,1362.0,269774,1363.9926,1362.8947,1360.0201,1,1.3804,1.559,-0.1786,-1,22.285,22.8863,27.5503,49.2363,0,39.823,52.5074,-0.1832,1367.8868,1357.5932,1362.74,0.0076,0.4281,3.28,1363.2184,-1,31044943,265884.8,0,0.1304,-1,-1.9438,3.1818,1
2026-05-26 09:45:00,1362.5,1365.5,1361.8,1365.0,297001,1364.194,1363.0861,1360.2154,1,1.3756,1.5223,-0.1467,-1,20.7821,24.7274,25.3506,55.98,0,66.3717,48.0826,0.1688,1368.1143,1357.6557,1362.885,0.0077,0.7022,3.31,1363.3038,1,31341944,272992.25,0,0.6757,1,-1.7279,3.4091,1
2026-05-26 10:00:00,1365.4,1367.0,1363.9,1365.9,454628,1364.5352,1363.3419,1360.4383,1,1.428,1.5034,-0.0755,-1,19.6794,26.3174,23.647,57.7916,0,73.8739,60.0229,0.2128,1368.4306,1357.8594,1363.145,0.0078,0.7606,3.295,1363.5815,1,31796572,284835.1,1,0.1613,1,-1.6631,3.4773,1
2026-05-26 10:15:00,1365.8,1367.4,1365.0,1366.6,353072,1364.9482,1363.6381,1360.6799,1,1.5086,1.5045,0.0041,1,18.7795,25.8053,22.3924,59.198,0,80.1802,73.4752,0.2568,1368.6903,1358.3297,1363.51,0.0076,0.7982,3.2311,1363.8572,1,32149644,294673.5,0,0.3333,1,-1.6127,3.5303,0
2026-05-26 10:30:00,1367.0,1368.5,1366.0,1366.3,223728,1365.2186,1363.8801,1360.9003,1,1.5306,1.5097,0.0209,1,18.286,26.8274,21.1345,58.3014,0,77.4775,77.1772,0.1319,1368.8086,1358.9014,1363.855,0.0073,0.7468,3.1789,1364.0726,1,31925916,298493.85,0,0.28,-1,-1.6343,3.5076,0
2026-05-26 10:45:00,1366.0,1366.3,1363.3,1363.5,235798,1364.8748,1363.8455,1361.0023,1,1.307,1.4692,-0.1621,-1,17.09,25.0117,25.7954,50.5984,0,52.2523,69.97,-0.1099,1368.7378,1359.2522,1363.995,0.007,0.4478,3.1661,1364.2417,-1,31690118,298911.7,0,0.8333,-1,-1.8359,3.2955,0
2026-05-26 11:00:00,1363.3,1363.8,1361.7,1362.2,187666,1364.3399,1363.6959,1361.0493,1,1.0133,1.378,-0.3647,-1,16.4793,23.7975,28.2418,47.4629,0,40.5405,56.7568,-0.322,1368.665,1359.455,1364.06,0.0068,0.298,3.09,1364.3495,-1,31502452,294102.7,0,0.5238,-1,-1.9294,3.197,0
2026-05-26 11:15:00,1362.2,1362.6,1360.5,1361.3,162074,1363.7319,1363.4781,1361.0591,1,0.6998,1.2424,-0.5425,-1,16.2669,22.6152,29.6776,45.3669,0,32.4324,41.7417,-0.5407,1368.4719,1359.8181,1364.145,0.0063,0.1712,3.0192,1364.4598,-1,31340378,289402.25,0,0.4286,-1,-1.9942,3.1288,1
2026-05-26 11:30:00,1361.0,1363.3,1360.5,1361.6,197092,1363.3055,1363.3074,1361.0803,-1,0.4702,1.0879,-0.6177,-1,15.8023,22.774,27.7015,46.2194,0,35.1351,36.036,-0.3586,1368.2611,1360.2089,1364.235,0.0059,0.1728,3.0036,1364.5705,-1,31537470,288407.2,0,0.2143,1,-1.9726,3.1515,1
2026-05-26 11:45:00,1361.6,1364.0,1361.4,1362.5,349964,1363.1444,1363.234,1361.136,-1,0.3567,0.9417,-0.585,-1,15.1019,23.0331,25.9721,48.8008,0,43.2432,36.9369,0.0514,1368.26,1360.07,1364.165,0.006,0.2967,2.9748,1364.6022,-1,31887434,288709.55,0,0.3462,1,-1.9078,3.2197,0
2026-05-26 12:00:00,1362.5,1363.3,1361.4,1362.0,238167,1362.9155,1363.1218,1361.1699,-1,0.2238,0.7981,-0.5743,-1,14.4516,21.9544,24.7558,47.4385,0,38.7387,39.039,0.0,1368.2378,1359.8422,1364.04,0.0062,0.257,2.898,1364.5071,-1,31649267,285587.5,0,0.2632,-1,-1.9438,3.1818,0
2026-05-26 12:15:00,1361.5,1362.8,1360.3,1360.4,110146,1362.4124,1362.8744,1361.1397,-1,-0.0105,0.6364,-0.6469,-1,14.2427,20.5882,25.9534,43.2755,0,24.3243,35.4354,-0.337,1368.3814,1359.4686,1363.925,0.0065,0.1045,2.8696,1364.4881,-1,31539121,277125.75,0,0.44,-1,-1.6341,3.0606,0
2026-05-26 12:30:00,1360.9,1361.7,1358.4,1359.2,255977,1361.7699,1362.5403,1361.0636,-1,-0.2896,0.4512,-0.7408,-1,14.6722,18.9149,28.5234,40.4111,0,13.8889,25.6507,-0.4905,1368.6349,1358.8351,1363.735,0.0072,0.0372,2.9003,1364.3186,-1,31283144,280663.75,0,0.5152,-1,-1.5857,2.9697,1
2026-05-26 12:45:00,1359.2,1360.8,1355.0,1360.8,444660,1361.576,1362.3821,1361.0533,-1,-0.3774,0.2855,-0.6629,-1,15.9807,16.3932,32.536,45.5829,0,42.963,27.0587,-0.4244,1368.6795,1358.5605,1363.62,0.0074,0.2213,3.1074,1363.9336,-1,31727804,292315.35,1,0.2759,1,-1.3913,3.0909,1
2026-05-26 13:00:00,1360.7,1361.8,1358.2,1361.4,477404,1361.5408,1362.2928,1361.0669,-1,-0.394,0.1496,-0.5436,-1,16.7384,17.3247,29.8737,47.4257,0,47.4074,34.7531,-0.3586,1368.5966,1358.3334,1363.465,0.0075,0.2988,3.1426,1363.6603,-1,32205208,307193.05,1,0.1944,1,-1.3407,3.1364,1
2026-05-26 13:15:00,1361.3,1362.9,1359.1,1362.3,1078251,1361.6926,1362.2935,1361.1152,-1,-0.3308,0.0535,-0.3843,-1,16.9539,18.3138,27.3315,50.1525,0,54.0741,48.1481,-0.088,1368.4349,1358.2251,1363.33,0.0075,0.3991,3.1896,1363.2969,-1,33283459,349969.55,1,0.2632,1,-1.1609,3.2045,0
2026-05-26 13:30:00,1362.3,1363.4,1360.2,1360.2,384615,1361.3941,1362.1032,1361.0793,-1,-0.4449,-0.0462,-0.3987,-1,16.9339,18.1212,25.3733,44.3698,0,38.5185,46.6667,-0.1468,1368.0569,1357.9631,1363.01,0.0074,0.2216,3.1903,1363.0312,-1,32898844,351679.0,0,0.6562,-1,-1.0548,3.0455,0
2026-05-26 13:45:00,1361.0,1361.5,1357.1,1358.0,313372,1360.7153,1361.7301,1360.9586,-1,-0.7048,-0.1779,-0.5269,-1,17.7882,16.3831,29.6973,39.2624,0,22.2222,38.2716,-0.2424,1367.2574,1357.6926,1362.475,0.007,0.0321,3.2767,1362.4815,-1,32585472,341965.2,0,0.6818,-1,-1.2148,2.8788,0
2026-05-26 14:00:00,1358.0,1358.8,1355.1,1356.2,1035861,1359.8122,1361.2274,1360.772,-1,-1.044,-0.3511,-0.6929,-1,19.0511,15.0738,31.6438,35.6469,0,10.6195,23.7867,-0.3966,1367.1025,1356.8175,1361.96,0.0076,-0.06,3.307,1361.3841,-1,31549611,369557.9,1,0.4865,-1,-1.2955,2.7424,1
2026-05-26 14:15:00,1356.4,1359.1,1356.0,1357.9,470571,1359.4298,1360.9249,1360.6593,-1,-1.1622,-0.5133,-0.6489,-1,20.0813,14.7108,29.5155,41.158,0,32.2222,21.688,-0.3376,1367.2042,1356.3258,1361.765,0.008,0.1447,3.2922,1361.1557,-1,32020182,376991.05,0,0.4839,1,-1.1718,2.8712,0
2026-05-26 14:30:00,1357.9,1358.0,1354.0,1355.4,877738,1358.6238,1360.4227,1360.4531,-1,-1.441,-0.6989,-0.7421,-1,21.4921,13.4534,31.2664,36.2426,0,14.0,18.9472,-0.4846,1367.5375,1355.3325,1361.435,0.009,0.0055,3.3427,1360.5364,-1,31142444,407389.25,1,0.625,-1,-1.3537,2.6818,0
2026-05-26 14:45:00,1355.5,1356.1,1354.0,1355.3,316413,1357.9591,1359.957,1360.251,-1,-1.651,-0.8893,-0.7617,-1,22.8021,12.8333,29.8251,36.0571,0,13.0,19.7407,-0.3749,1367.3754,1354.5246,1360.95,0.0094,0.0603,3.254,1360.1975,-1,30826031,408359.85,0,0.0952,-1,-1.361,2.6742,0
2026-05-26 15:00:00,1355.0,1360.2,1353.0,1354.8,3340876,1357.3272,1359.4881,1360.0372,-1,-1.8366,-1.0788,-0.7578,-1,22.1694,19.2492,25.487,35.09,0,16.3636,14.4545,-0.3237,1366.9309,1353.8591,1360.395,0.0096,0.072,3.5358,1358.7066,-1,27485155,552672.25,1,0.0278,-1,-1.3974,2.6364,1
2026-05-26 15:15:00,1354.9,1358.4,1354.7,1357.0,1009913,1357.2618,1359.2619,1359.9181,-1,-1.7856,-1.2201,-0.5655,-1,21.5818,17.8152,23.5883,42.4092,0,38.4615,22.6084,-0.2792,1365.9483,1353.8817,1359.915,0.0089,0.2584,3.5475,1358.3036,-1,28495068,585514.3,1,0.5676,1,-1.2373,2.803,0
2026-05-27 09:15:00,1358.0,1358.0,1351.4,1356.7,384928,1357.1494,1359.029,1359.7919,-1,-1.7492,-1.326,-0.4233,-1,21.942,15.5848,26.8949,41.7184,0,44.1667,32.9973,-0.3452,1364.8565,1354.0135,1359.435,0.008,0.2478,3.7656,1358.0457,-1,28110140,593574.3,0,0.197,-1,-1.2591,2.7803,1
2026-05-27 09:30:00,1355.8,1357.0,1350.9,1357.0,519329,1357.1195,1358.8446,1359.6824,-1,-1.6768,-1.3961,-0.2807,-1,22.3995,13.858,24.8231,42.7232,0,48.8,43.8094,-0.389,1364.2919,1353.9281,1359.11,0.0076,0.2964,3.9323,1357.7916,-1,28629469,607750.85,0,0.1967,1,-1.2373,2.803,0
2026-05-27 09:45:00,1356.7,1359.9,1355.1,1355.5,456279,1356.7956,1358.5405,1359.5184,-1,-1.7207,-1.461,-0.2596,-1,21.6518,17.8544,22.6923,39.094,0,36.8,43.2556,-0.3455,1363.9807,1353.5693,1358.775,0.0077,0.1854,3.9943,1357.6842,-1,28173190,621181.5,0,0.25,-1,-1.3464,2.6894,1
2026-05-27 10:00:00,1355.4,1358.7,1354.2,1357.5,311343,1356.9365,1358.4459,1359.4393,-1,-1.5759,-1.484,-0.0919,-1,21.2154,16.4305,22.4776,45.7153,0,52.8,46.1333,-0.0368,1363.6845,1353.4855,1358.585,0.0075,0.3936,4.0304,1357.6136,-1,28484533,628644.95,0,0.4667,1,-1.2009,2.8409,0
2026-05-27 10:15:00,1357.8,1357.9,1354.1,1355.0,274797,1356.5492,1358.1327,1359.2652,-1,-1.6439,-1.516,-0.1279,-1,20.8396,15.3195,21.1356,39.8792,0,32.8,40.8,-0.0885,1363.3855,1353.1245,1358.255,0.0076,0.1828,4.014,1357.5061,-1,28209736,632530.2,0,0.7368,-1,-1.3828,2.6515,1
2026-05-27 10:30:00,1355.5,1359.4,1354.9,1356.2,283297,1356.4794,1357.957,1359.145,-1,-1.5827,-1.5293,-0.0534,-1,19.8853,16.7496,19.4576,43.601,0,42.4,42.6667,-0.1252,1362.7531,1353.1269,1357.94,0.0071,0.3192,4.0487,1357.3483,-1,28493033,629196.85,0,0.1556,1,-1.2955,2.7424,1
2026-05-27 10:45:00,1356.1,1359.0,1352.5,1358.0,982628,1356.7835,1357.9609,1359.1001,-1,-1.3732,-1.4981,0.1249,1,19.7383,14.9085,21.3775,48.7283,0,66.9811,47.3937,0.1918,1362.1795,1353.3005,1357.74,0.0065,0.5293,4.2238,1357.1985,1,29475661,666419.9,0,0.2923,1,-1.1645,2.8788,1
2026-05-27 11:00:00,1358.3,1358.9,1356.9,1358.3,276012,1357.0868,1357.9917,1359.0687,-1,-1.1694,-1.4324,0.2629,1,19.6019,14.3845,20.6262,49.5515,0,79.5699,62.9837,0.2214,1361.9144,1353.3556,1357.635,0.0063,0.5777,4.0649,1357.1832,1,29751673,674713.2,0,0.0,1,-1.1426,2.9015,0
2026-05-27 11:15:00,1358.4,1360.9,1357.4,1358.2,494490,1357.3094,1358.0106,1359.0346,-1,-1.0044,-1.3468,0.3423,1,18.6541,17.0406,19.3449,49.2675,0,73.0,73.1837,0.251,1361.8131,1353.3569,1357.585,0.0062,0.5727,4.0246,1357.1944,1,29257183,686638.85,0,0.0571,-1,-1.1499,2.8939,0
2026-05-27 11:30:00,1358.6,1359.2,1355.2,1357.1,382541,1357.2675,1357.9279,1358.9588,-1,-0.9515,-1.2677,0.3162,1,18.4671,15.8303,21.8773,46.1357,0,62.0,71.5233,0.0074,1361.3648,1353.4352,1357.4,0.0058,0.4622,4.0228,1357.1393,-1,28874642,683532.9,0,0.375,-1,-1.23,2.8106,0
2026-05-27 11:45:00,1357.5,1358.9,1355.6,1356.5,243858,1357.114,1357.7981,1358.8623,-1,-0.947,-1.2036,0.2566,1,18.2935,14.8907,20.5787,44.4749,0,56.0,63.6667,-0.0147,1360.6823,1353.6277,1357.155,0.0052,0.4072,3.9712,1357.0185,-1,28630784,671855.6,0,0.303,-1,-1.2737,2.7652,0
2026-05-27 12:00:00,1356.1,1356.7,1354.5,1354.8,209288,1356.6512,1357.5255,1358.703,-1,-1.0683,-1.1765,0.1082,1,18.4721,14.2821,21.7812,40.0735,0,39.0,52.3333,-0.1621,1359.5539,1354.0061,1356.78,0.0041,0.1431,3.8447,1356.6117,-1,28421496,628407.45,0,0.5909,-1,-1.3974,2.6364,1
2026-05-27 12:15:00,1355.0,1358.5,1354.7,1355.2,650868,1356.361,1357.3141,1358.5657,-1,-1.1193,-1.1651,0.0458,1,17.8546,16.6199,20.2422,41.5395,0,43.0,46.0,-0.0221,1358.8974,1354.1626,1356.53,0.0035,0.2191,3.8415,1356.448,-1,29072364,641720.1,0,0.0526,1,-1.3683,2.6667,0
2026-05-27 12:30:00,1354.8,1355.9,1353.9,1354.4,146510,1355.9688,1357.0492,1358.4023,-1,-1.2103,-1.1741,-0.0362,-1,17.5495,15.9799,21.003,39.4603,0,35.0,39.0,-0.2284,1358.7893,1353.9107,1356.35,0.0036,0.1003,3.71,1356.3683,-1,28925854,633377.0,0,0.2,-1,-1.4265,2.6061,0
2026-05-27 12:45:00,1354.4,1354.6,1352.2,1353.3,107370,1355.435,1356.7083,1358.2022,-1,-1.3555,-1.2104,-0.1451,-1,17.8032,15.2224,23.3652,36.7374,0,24.0,34.0,-0.1255,1358.9838,1353.4262,1356.205,0.0041,-0.0227,3.6164,1356.3116,-1,28818484,586952.45,0,0.4583,-1,-1.5066,2.5227,1
2026-05-27 13:00:00,1353.3,1355.8,1352.7,1353.6,385260,1355.068,1356.4258,1358.0217,-1,-1.4299,-1.2543,-0.1756,-1,17.5022,16.6753,21.9198,37.994,0,16.092,25.0307,-0.1917,1358.8744,1353.1056,1355.99,0.0043,0.0857,3.5795,1356.1815,-1,29203744,582686.9,0,0.0968,1,-1.4847,2.5455,1
2026-05-27 13:15:00,1353.6,1355.5,1352.6,1355.4,227441,1355.1344,1356.3325,1357.9189,-1,-1.3284,-1.2691,-0.0592,-1,17.2568,15.6971,20.8362,45.0474,0,36.7816,25.6245,-0.1915,1358.8744,1353.1056,1355.99,0.0043,0.3977,3.531,1356.1772,-1,29431185,550172.05,0,0.6207,1,-1.3537,2.6818,0
2026-05-27 13:30:00,1355.4,1359.6,1355.1,1355.1,589459,1355.1275,1356.2205,1357.8084,-1,-1.2576,-1.2668,0.0092,1,16.62,22.4301,18.9759,44.1461,0,33.3333,28.7356,-0.2356,1358.8752,1353.0848,1355.98,0.0043,0.348,3.6002,1356.2286,-1,28841726,563824.35,0,0.0667,-1,-1.3755,2.6591,1
2026-05-27 13:45:00,1355.1,1358.0,1354.5,1357.3,280656,1355.562,1356.3186,1357.7884,-1,-1.0123,-1.2159,0.2036,1,15.7964,20.8694,18.8483,51.7676,0,58.6207,42.9119,-0.0663,1359.0015,1353.2085,1356.105,0.0043,0.7063,3.593,1356.3342,1,29122382,410813.35,0,0.6286,1,-1.2154,2.8258,0
2026-05-27 14:00:00,1357.4,1358.0,1355.2,1355.2,411313,1355.4896,1356.2169,1357.6869,-1,-0.9761,-1.1679,0.1919,1,15.0315,19.6892,17.7824,45.3994,0,34.4828,42.1456,-0.14,1358.9066,1353.1234,1356.015,0.0043,0.3591,3.5364,1356.2749,-1,28711069,380883.35,0,0.7857,-1,-1.3683,2.6667,0
2026-05-27 14:15:00,1355.2,1358.1,1351.6,1352.6,1481386,1354.9117,1355.8881,1357.4874,-1,-1.144,-1.1632,0.0191,1,14.8919,17.2502,22.4403,39.0022,0,10.7527,34.6187,-0.2875,1359.0398,1352.5802,1355.81,0.0048,0.0031,3.7481,1355.9453,-1,27229683,435706.25,1,0.4,-1,-1.5575,2.4697,0
2026-05-27 14:30:00,1352.6,1354.3,1350.0,1350.9,935564,1354.1094,1355.4346,1357.2291,-1,-1.3981,-1.2102,-0.188,-1,15.2366,15.8513,23.638,35.4817,0,8.2569,17.8308,-0.2879,1359.3257,1351.6843,1355.505,0.0056,-0.1026,3.7875,1355.5694,-1,26294119,456518.0,1,0.3953,-1,-1.6812,2.3409,0
2026-05-27 14:45:00,1350.8,1351.8,1349.0,1350.5,805681,1353.3875,1354.986,1356.9652,-1,-1.6132,-1.2908,-0.3225,-1,15.8373,14.9984,24.2878,34.6883,1,14.1509,11.0535,-0.3468,1359.6548,1350.8552,1355.255,0.0065,-0.0404,3.717,1355.072,-1,25488438,473988.1,1,0.1071,-1,-1.7103,2.3106,1
2026-05-27 15:00:00,1350.3,1352.2,1348.6,1350.7,1085720,1352.85,1354.5964,1356.7195,-1,-1.7474,-1.3821,-0.3653,-1,16.395,13.9585,22.6037,35.4653,0,19.0909,13.8329,-0.2732,1359.6094,1350.2206,1354.915,0.0069,0.0511,3.7086,1354.5355,-1,26574158,512706.95,1,0.1111,1,-1.6958,2.3258,1
2026-05-27 15:15:00,1350.6,1354.0,1350.0,1352.9,824631,1352.86,1354.4422,1356.5697,-1,-1.6571,-1.4371,-0.22,-1,16.0946,16.3366,20.872,43.4371,0,39.0909,24.1109,-0.0296,1359.5853,1350.0347,1354.81,0.007,0.3,3.7294,1354.3361,-1,27398789,540198.65,1,0.575,1,-1.5357,2.4924,0
2026-05-29 09:15:00,1364.0,1368.5,1348.7,1351.0,1233782,1352.488,1354.1293,1356.3513,-1,-1.7191,-1.4935,-0.2256,-1,17.6452,32.8348,14.8197,38.9609,0,12.0603,23.414,-0.1921,1359.555,1349.545,1354.55,0.0074,0.1454,4.8773,1354.4575,-1,26165007,587722.9,1,0.6566,-1,-1.6739,2.3485,0
2026-05-29 09:30:00,1351.2,1352.1,1348.6,1349.3,710131,1351.8504,1353.6902,1356.0748,-1,-1.8836,-1.5715,-0.3121,-1,19.0526,31.1171,14.1939,35.4417,0,3.5176,18.2229,-0.4501,1359.3519,1348.8781,1354.115,0.0077,0.0403,4.7789,1354.007,-1,25454876,574098.05,0,0.5429,-1,-1.7977,2.2197,1
2026-05-29 09:45:00,1349.4,1351.5,1349.0,1350.4,395373,1351.5603,1353.3911,1355.8523,-1,-1.9033,-1.6379,-0.2654,-1,20.3595,29.9133,13.6449,39.2645,0,9.0452,8.2077,-0.3468,1358.8247,1348.6153,1353.72,0.0075,0.1748,4.6162,1353.7849,-1,25850249,580066.1,0,0.4,1,-1.7176,2.303,0
2026-05-29 10:00:00,1350.4,1353.4,1349.2,1350.0,1197543,1351.2483,1353.0828,1355.6228,-1,-1.929,-1.6961,-0.2329,-1,21.8763,30.9157,12.7523,38.3747,0,7.0352,6.5327,-0.5378,1358.2232,1348.3968,1353.31,0.0073,0.1632,4.5864,1353.298,-1,24652706,615218.75,1,0.0952,-1,-1.7467,2.2727,0
2026-05-29 10:15:00,1350.1,1350.4,1344.5,1345.1,1073689,1350.0186,1352.3571,1355.2101,-1,-2.318,-1.8205,-0.4975,-1,21.7381,28.132,18.7771,29.5421,1,2.5,6.1935,-0.7453,1358.4813,1346.9387,1352.71,0.0085,-0.1593,4.6803,1352.6362,-1,23579017,649776.15,1,0.8475,-1,-2.1033,1.9015,1
2026-05-29 10:30:00,1345.0,1349.8,1344.2,1345.2,788668,1349.0549,1351.7065,1354.8175,-1,-2.5884,-1.9741,-0.6143,-1,21.5208,25.7609,17.646,29.8967,1,4.1152,4.5501,-0.5471,1358.5041,1345.7859,1352.145,0.0094,-0.0461,4.746,1352.1944,-1,24367685,677016.65,0,0.0357,1,-2.0961,1.9091,0
2026-05-29 10:45:00,1345.3,1345.4,1340.4,1342.2,760314,1347.6839,1350.8423,1354.3227,-1,-3.01,-2.1813,-0.8288,-1,20.2654,23.8298,22.0205,25.7151,1,6.4057,4.3403,-0.644,1359.0795,1343.9505,1351.515,0.0112,-0.1157,4.7641,1351.6337,-1,23607371,704567.95,0,0.62,-1,-2.3144,1.6818,1
2026-05-29 11:00:00,1342.2,1342.9,1341.3,1342.5,292207,1346.6471,1350.0839,1353.8591,-1,-3.2822,-2.4014,-0.8807,-1,19.0998,23.2296,21.466,26.8175,1,7.4733,5.9981,-0.5924,1359.1954,1342.5646,1350.88,0.0123,-0.0039,4.5381,1351.2204,-1,23899578,686634.9,0,0.1875,1,-2.2926,1.7045,0
2026-05-29 11:15:00,1342.5,1344.2,1339.5,1339.7,504238,1345.2577,1349.1399,1353.3038,-1,-3.6813,-2.6574,-1.0239,-1,17.9281,21.5156,22.708,23.3368,1,0.6897,4.8562,-0.8144,1359.6058,1340.6842,1350.145,0.014,-0.052,4.5497,1350.8229,-1,23395340,704521.3,0,0.5957,-1,-2.4964,1.4924,0
2026-05-29 11:30:00,1339.7,1341.7,1338.0,1338.0,2710026,1343.8062,1348.1272,1352.7037,-1,-4.0877,-2.9435,-1.1442,-1,17.2171,20.2488,23.7579,21.5112,1,0.0,2.721,-1.1013,1360.0886,1338.6714,1349.38,0.0159,-0.0313,4.489,1348.9251,-1,20685314,834654.1,1,0.4595,-1,-2.6201,1.3636,0
2026-05-29 11:45:00,1338.1,1339.5,1335.4,1336.8,762772,1342.4049,1347.0974,1352.08,-1,-4.4553,-3.2458,-1.2094,-1,17.1612,18.9196,26.3612,20.3038,1,4.2296,1.6398,-1.0511,1360.3697,1336.7103,1348.54,0.0175,0.0038,4.4612,1348.2874,-1,19922542,853529.7,0,0.3171,-1,-2.7074,1.2727,0
2026-05-29 12:00:00,1336.2,1336.8,1335.2,1335.5,406324,1341.0239,1346.0431,1351.4298,-1,-4.7961,-3.5559,-1.2403,-1,17.1544,18.4116,25.989,19.056,1,0.9009,1.7102,-1.0228,1360.2169,1334.8731,1347.545,0.0188,0.0247,4.2568,1347.9121,-1,19516218,862473.85,0,0.4375,-1,-2.802,1.1742,1
2026-05-29 12:15:00,1335.5,1336.7,1334.3,1336.6,455199,1340.1392,1345.1846,1350.8483,-1,-4.9208,-3.8289,-1.0919,-1,17.3574,17.6463,26.4675,23.3487,1,6.7251,3.9519,-1.0219,1359.6468,1333.5932,1346.62,0.0193,0.1154,4.1242,1347.2925,-1,19971417,855760.85,0,0.4583,1,-2.722,1.2576,0
2026-05-29 12:30:00,1336.6,1336.6,1335.0,1335.5,500167,1339.2113,1344.3042,1350.2464,-1,-5.0502,-4.0731,-0.977,-1,17.5459,17.135,25.7005,22.0873,1,3.5088,3.7116,-1.0741,1358.4476,1332.6124,1345.53,0.0192,0.1118,3.9439,1346.8073,-1,19471250,866736.4,0,0.6875,-1,-2.802,1.1742,1
2026-05-29 12:45:00,1335.6,1336.7,1334.8,1335.8,393506,1338.5291,1343.5311,1349.6798,-1,-5.07,-4.2725,-0.7975,-1,17.7725,16.5227,25.1583,23.3043,1,7.8534,6.0291,-0.6914,1357.3402,1331.7798,1344.56,0.019,0.1573,3.7979,1346.3349,-1,19864756,865846.05,0,0.1053,1,-2.5888,1.197,0
2026-05-29 13:00:00,1335.8,1335.8,1331.0,1331.7,2048451,1337.1632,1342.4556,1348.9748,-1,-5.3549,-4.489,-0.8659,-1,18.8656,15.0587,29.9437,18.9481,1,3.125,4.8291,-1.0036,1356.8983,1330.1317,1343.515,0.0199,0.0586,3.8695,1344.1452,-1,17816305,894199.3,1,0.8542,-1,-2.8169,0.8864,0
2026-05-29 13:15:00,1331.7,1334.0,1329.0,1329.4,634623,1335.6106,1341.2687,1348.2071,-1,-5.7005,-4.7313,-0.9692,-1,20.2687,13.6972,30.8529,17.0255,1,1.6393,4.2059,-0.9537,1356.7029,1328.1771,1342.44,0.0212,0.0429,3.9502,1343.2598,-1,17181682,879152.25,0,0.46,-1,-2.9847,0.7121,1
2026-05-29 13:30:00,1329.3,1332.5,1329.1,1332.4,478545,1334.9685,1340.4624,1347.5872,-1,-5.667,-4.9184,-0.7486,-1,21.5715,12.8466,28.937,27.3765,1,15.8879,6.8841,-0.7523,1355.9336,1327.1364,1341.535,0.0215,0.1828,3.9109,1342.5941,-1,17660227,862795.45,0,0.9118,1,-2.7658,0.9394,0
2026-05-29 13:45:00,1332.3,1332.6,1326.3,1330.2,847528,1334.0148,1339.5295,1346.9054,-1,-5.7517,-5.0851,-0.6666,-1,23.2928,11.4303,30.6468,24.9213,1,16.5957,11.3743,-0.7091,1355.0708,1325.9492,1340.51,0.0217,0.146,4.0816,1341.4476,-1,16812699,850885.85,0,0.3333,-1,-2.9264,0.7727,0
2026-05-29 14:00:00,1330.1,1330.4,1327.7,1329.1,338871,1333.0318,1338.5814,1346.2071,-1,-5.8402,-5.2361,-0.6041,-1,24.8912,10.8768,29.1628,23.7732,1,14.6597,15.7144,-0.6652,1353.5216,1325.1184,1339.32,0.0212,0.1402,3.9829,1340.6525,-1,16473828,826597.85,0,0.3704,-1,-2.8933,0.6894,1
2026-05-29 14:15:00,1329.0,1330.7,1327.4,1330.4,495085,1332.5055,1337.8376,1345.5872,-1,-5.7393,-5.3368,-0.4026,-1,26.3754,10.2251,27.4155,27.9949,1,22.905,18.0535,-0.4788,1351.9308,1324.6492,1338.29,0.0204,0.2108,3.9341,1339.0987,-1,16968913,789663.0,0,0.4242,1,-2.7983,0.7879,1
2026-05-29 14:30:00,1330.2,1331.5,1330.0,1330.8,300747,1332.1644,1337.1978,1345.0073,-1,-5.563,-5.382,-0.181,-1,27.3384,11.4534,26.6343,29.2926,1,25.1397,20.9015,-0.3519,1350.389,1324.341,1337.365,0.0195,0.248,3.7602,1338.4326,-1,17269660,769193.8,0,0.4,1,-2.7691,0.8182,0
2026-05-29 14:45:00,1330.7,1331.0,1326.7,1327.5,713127,1331.2315,1336.3162,1344.3208,-1,-5.6247,-5.4305,-0.1941,-1,28.8794,10.5274,30.6858,25.2498,1,7.7922,18.6123,-0.6808,1348.4618,1323.9782,1336.22,0.0183,0.1438,3.7988,1337.6781,-1,16556533,785081.5,0,0.7442,-1,-3.0102,0.5682,0
2026-05-29 15:00:00,1327.5,1328.5,1318.8,1319.6,12055377,1328.9052,1334.7965,1343.3513,-1,-6.2391,-5.5923,-0.6468,-1,31.3307,8.7991,39.0188,18.6234,1,3.8647,12.2655,-1.1906,1347.2653,1322.1347,1334.7,0.0188,-0.1009,4.2203,1330.1033,-1,4501156,1327973.2,1,0.8144,-1,-3.5873,0.0,1
2026-05-29 15:15:00,1319.7,1323.6,1317.2,1321.9,11023243,1327.5042,1333.6241,1342.5101,-1,-6.4659,-5.767,-0.6989,-1,33.758,7.8799,37.5543,24.8102,1,23.9796,11.8788,-1.0406,1346.3322,1320.7478,1333.54,0.0192,0.045,4.376,1326.8374,-1,15524399,1825450.9,1,0.3437,1,-3.4193,0.1743,0
