Datetime,Open,High,Low,Close,Volume
2026-03-19 09:30:00,96.48,96.53,96.3,96.32,0
2026-03-19 09:35:00,96.34,96.6,96.31,96.6,528
2026-03-19 09:40:00,96.59,96.7,96.44,96.52,454
2026-03-19 09:45:00,96.51,96.68,96.43,96.65,199
2026-03-19 09:50:00,96.62,96.81,96.59,96.71,371
2026-03-19 09:55:00,96.7,96.82,96.58,96.59,377
2026-03-19 10:00:00,96.59,96.66,96.34,96.43,557
2026-03-19 10:05:00,96.45,96.54,96.38,96.52,282
2026-03-19 10:10:00,96.51,96.84,96.51,96.6,487
2026-03-19 10:15:00,96.62,96.75,96.53,96.63,335
2026-03-19 10:20:00,96.63,96.72,96.6,96.63,175
2026-03-19 10:25:00,96.62,96.64,96.5,96.53,285
2026-03-19 10:30:00,96.51,96.59,96.35,96.4,350
2026-03-19 10:35:00,96.41,96.5,96.31,96.37,501
2026-03-19 10:40:00,96.37,96.49,96.08,96.1,772
2026-03-19 10:45:00,96.1,96.16,95.96,96.1,612
2026-03-19 10:50:00,96.1,96.23,96.1,96.21,245
2026-03-19 10:55:00,96.24,96.44,96.22,96.27,509
2026-03-19 11:00:00,96.29,96.76,96.29,96.68,1132
2026-03-19 11:05:00,96.68,96.92,96.62,96.84,592
2026-03-19 11:10:00,96.85,97.16,96.52,97.06,2046
2026-03-19 11:15:00,97.07,97.27,96.47,96.53,1470
2026-03-19 11:20:00,96.54,96.73,96.38,96.5,648
2026-03-19 11:25:00,96.48,96.52,96.24,96.48,685
2026-03-19 11:30:00,96.45,96.72,96.39,96.6,685
2026-03-19 11:35:00,96.6,96.63,96.42,96.53,648
2026-03-19 11:40:00,96.54,96.55,96.12,96.21,789
2026-03-19 11:45:00,96.2,96.28,96.12,96.23,479
2026-03-19 11:50:00,96.19,96.27,96.06,96.07,584
2026-03-19 11:55:00,96.06,96.5,96.04,96.48,881
2026-03-19 12:00:00,96.49,96.81,96.46,96.63,1651
2026-03-19 12:05:00,96.6,96.8,96.44,96.63,1120
2026-03-19 12:10:00,96.62,96.67,96.21,96.32,833
2026-03-19 12:15:00,96.33,96.54,96.26,96.53,1068
2026-03-19 12:20:00,96.54,96.74,96.34,96.66,763
2026-03-19 12:25:00,96.64,96.7,96.29,96.33,844
2026-03-19 12:30:00,96.34,96.61,96.1,96.47,1563
2026-03-19 12:35:00,96.48,96.69,96.35,96.58,2688
2026-03-19 12:40:00,96.57,96.99,96.56,96.69,2229
2026-03-19 12:45:00,96.69,96.73,95.61,95.78,2599
2026-03-19 12:50:00,95.78,95.93,95.32,95.41,2523
2026-03-19 12:55:00,95.4,95.81,95.4,95.8,1318
2026-03-19 13:00:00,95.79,96.22,95.71,96.16,1667
2026-03-19 13:05:00,96.15,96.55,96.14,96.52,1642
2026-03-19 13:10:00,96.5,96.75,96.42,96.47,1396
2026-03-19 13:15:00,96.49,96.67,96.32,96.37,1399
2026-03-19 13:20:00,96.42,96.77,96.19,96.58,2639
2026-03-19 13:25:00,96.57,96.88,96.54,96.77,821
2026-03-19 13:30:00,96.75,96.75,96.26,96.64,1661
2026-03-19 13:35:00,96.63,96.69,96.43,96.47,967
2026-03-19 13:40:00,96.5,96.54,96.0,96.16,1427
2026-03-19 13:45:00,96.16,96.23,95.83,96.21,1465
2026-03-19 13:50:00,96.21,96.28,95.81,95.89,1709
2026-03-19 13:55:00,95.93,96.53,95.82,96.4,2045
2026-03-19 14:00:00,96.42,96.52,96.22,96.41,1933
2026-03-19 14:05:00,96.4,97.3,96.39,96.94,3939
2026-03-19 14:10:00,96.94,97.21,96.7,96.9,3061
2026-03-19 14:15:00,96.91,97.11,96.56,96.64,2154
2026-03-19 14:20:00,96.65,96.91,96.39,96.5,3060
2026-03-19 14:25:00,96.48,96.99,96.42,96.79,2166
2026-03-19 14:30:00,96.79,96.79,95.82,96.31,3919
2026-03-19 14:35:00,96.32,96.64,96.13,96.58,2809
2026-03-19 14:40:00,96.6,96.77,96.21,96.36,2208
2026-03-19 14:45:00,96.36,97.18,96.18,97.1,3017
2026-03-19 14:50:00,97.1,97.37,96.76,97.33,1923
2026-03-19 14:55:00,97.31,98.96,97.16,98.3,12612
2026-03-19 15:00:00,98.28,98.39,97.45,97.91,3862
2026-03-19 15:05:00,97.87,98.24,97.5,97.56,3739
2026-03-19 15:10:00,97.55,97.62,96.94,97.01,2392
2026-03-19 15:15:00,97.02,97.07,95.06,95.08,6639
2026-03-19 15:20:00,95.06,95.73,94.9,95.24,4555
2026-03-19 15:25:00,95.18,95.29,94.41,95.16,4329
2026-03-19 15:30:00,95.16,95.69,94.96,95.66,4792
2026-03-19 15:35:00,95.66,95.7,94.95,95.39,2326
2026-03-19 15:40:00,95.38,95.62,94.86,95.56,3498
2026-03-19 15:45:00,95.57,95.89,95.52,95.7,2793
2026-03-19 15:50:00,95.71,96.03,95.6,95.7,1758
2026-03-19 15:55:00,95.72,95.86,95.05,95.3,1934
2026-03-19 16:00:00,95.3,95.58,95.25,95.45,1390
2026-03-19 16:05:00,95.46,95.9,95.41,95.85,1993
2026-03-19 16:10:00,95.86,96.28,95.8,95.97,1946
2026-03-19 16:15:00,95.96,96.17,95.85,95.94,1832
2026-03-19 16:20:00,95.95,96.39,95.86,96.27,1486
2026-03-19 16:25:00,96.26,96.5,96.22,96.23,991
2026-03-19 16:30:00,96.23,96.47,95.95,96.28,1401
2026-03-19 16:35:00,96.27,96.63,96.15,96.57,2147
2026-03-19 16:40:00,96.56,96.81,96.5,96.65,1957
2026-03-19 16:45:00,96.67,96.9,96.64,96.7,1189
2026-03-19 16:50:00,96.7,96.81,96.65,96.69,561
2026-03-19 16:55:00,96.68,97.03,96.62,96.66,1305
2026-03-19 17:00:00,96.66,97.18,96.61,97.12,1330
2026-03-19 17:05:00,97.11,97.74,97.07,97.53,2389
2026-03-19 17:10:00,97.53,97.6,97.3,97.53,1956
2026-03-19 17:15:00,97.54,97.66,97.21,97.3,1538
2026-03-19 17:20:00,97.3,97.43,96.65,96.94,2170
2026-03-19 17:25:00,96.95,97.03,96.54,96.64,1501
2026-03-19 17:30:00,96.67,96.94,96.57,96.82,1514
2026-03-19 17:35:00,96.82,96.82,95.5,96.05,6392
2026-03-19 17:40:00,96.02,96.5,95.88,96.34,2241
2026-03-19 17:45:00,96.34,96.79,96.17,96.59,1818
2026-03-19 17:50:00,96.6,96.61,96.19,96.25,1354
2026-03-19 17:55:00,96.22,96.59,96.13,96.18,1575
2026-03-19 18:00:00,96.23,96.43,95.27,95.88,5494
2026-03-19 18:05:00,95.87,96.03,95.29,95.98,3501
2026-03-19 18:10:00,96.0,96.2,95.78,95.86,1558
2026-03-19 18:15:00,95.84,96.09,95.75,96.03,1327
2026-03-19 18:20:00,96.02,96.47,95.91,95.98,2651
2026-03-19 18:25:00,96.0,96.29,95.98,96.29,1341
2026-03-19 18:30:00,96.29,96.57,95.92,96.27,5055
2026-03-19 18:35:00,96.27,97.0,96.16,96.59,3884
2026-03-19 18:40:00,96.59,96.9,96.29,96.45,2566
2026-03-19 18:45:00,96.45,96.48,95.41,95.98,5716
2026-03-19 18:50:00,95.98,97.08,95.36,96.82,8142
2026-03-19 18:55:00,96.84,97.12,96.61,96.65,3010
2026-03-19 19:00:00,96.66,97.25,96.49,96.75,4973
2026-03-19 19:05:00,96.75,96.86,96.34,96.67,4696
2026-03-19 19:10:00,96.67,96.98,96.5,96.63,4097
2026-03-19 19:15:00,96.62,96.89,96.42,96.64,4078
2026-03-19 19:20:00,96.66,96.74,95.65,96.12,6281
2026-03-19 19:25:00,96.12,96.39,95.98,96.11,3395
2026-03-19 19:30:00,96.09,96.6,95.78,96.57,5685
2026-03-19 19:35:00,96.58,96.9,96.45,96.53,4451
2026-03-19 19:40:00,96.52,96.74,95.88,96.4,5711
2026-03-19 19:45:00,96.41,96.84,96.29,96.77,3027
2026-03-19 19:50:00,96.79,97.2,96.58,96.86,3626
2026-03-19 19:55:00,96.88,97.13,96.77,96.97,2467
2026-03-19 20:00:00,96.98,97.24,96.41,96.68,4319
2026-03-19 20:05:00,96.65,96.81,96.45,96.77,2146
2026-03-19 20:10:00,96.76,96.9,96.34,96.56,2797
2026-03-19 20:15:00,96.57,96.8,96.23,96.37,3028
2026-03-19 20:20:00,96.39,96.52,96.1,96.35,3874
2026-03-19 20:25:00,96.36,96.67,96.3,96.5,2615
2026-03-19 20:30:00,96.51,96.66,96.18,96.24,2626
2026-03-19 20:35:00,96.24,96.24,95.69,96.0,5695
2026-03-19 20:40:00,96.02,96.33,95.79,96.03,3529
2026-03-19 20:45:00,96.02,96.23,95.81,96.21,2835
2026-03-19 20:50:00,96.19,96.62,96.17,96.55,4008
2026-03-19 20:55:00,96.54,96.73,96.04,96.08,3452
2026-03-19 21:00:00,96.09,96.38,96.0,96.37,3385
2026-03-19 21:05:00,96.36,96.88,96.29,96.81,5229
2026-03-19 21:10:00,96.8,98.76,96.74,98.71,16819
2026-03-19 21:15:00,98.7,100.28,98.66,99.87,27667
2026-03-19 21:20:00,99.86,100.48,98.32,98.79,12847
2026-03-19 21:25:00,98.78,98.87,98.0,98.08,10149
2026-03-19 21:30:00,98.05,98.43,96.95,97.54,10473
2026-03-19 21:35:00,97.57,97.86,97.27,97.59,4450
2026-03-19 21:40:00,97.59,97.9,97.54,97.71,3586
2026-03-19 21:45:00,97.72,98.45,97.72,98.18,3638
2026-03-19 21:50:00,98.19,98.53,98.14,98.42,2707
2026-03-19 21:55:00,98.42,98.67,98.17,98.4,3652
2026-03-19 22:00:00,98.39,98.41,97.76,97.82,3747
2026-03-19 22:05:00,97.81,98.48,97.78,97.94,3243
2026-03-19 22:10:00,97.94,97.97,97.23,97.29,3933
2026-03-19 22:15:00,97.29,97.43,96.96,97.05,3987
2026-03-19 22:20:00,97.09,97.31,96.64,96.81,3594
2026-03-19 22:25:00,96.82,97.3,96.74,97.14,2410
2026-03-19 22:30:00,97.13,97.28,96.97,97.1,1689
2026-03-19 22:35:00,97.1,97.16,96.49,97.0,3212
2026-03-19 22:40:00,97.0,97.11,96.84,96.93,2175
2026-03-19 22:45:00,96.93,97.13,96.79,96.79,2649
2026-03-19 22:50:00,96.79,96.87,95.76,96.01,4529
2026-03-19 22:55:00,96.02,96.04,95.34,95.4,5704
2026-03-19 23:00:00,95.4,96.19,95.12,96.15,7607
2026-03-19 23:05:00,96.16,96.22,95.9,95.97,2369
2026-03-19 23:10:00,95.99,96.4,95.88,95.93,3759
2026-03-19 23:15:00,95.93,96.28,95.83,96.11,2863
2026-03-19 23:20:00,96.12,96.14,95.49,95.85,2782
2026-03-19 23:25:00,95.85,95.95,95.7,95.8,2162
2026-03-19 23:30:00,95.8,96.08,95.42,95.52,5718
2026-03-19 23:35:00,95.49,95.5,94.57,94.8,10831
2026-03-19 23:40:00,94.79,94.86,94.16,94.73,6153
2026-03-19 23:45:00,94.72,95.11,94.45,94.93,5964
2026-03-19 23:50:00,94.93,95.32,94.89,95.28,5880
2026-03-19 23:55:00,95.27,95.83,95.17,95.61,19706
2026-03-20 00:00:00,95.62,95.81,95.56,95.71,3420
2026-03-20 00:05:00,95.71,95.79,95.54,95.59,1493
2026-03-20 00:10:00,95.58,96.09,95.56,96.01,2195
2026-03-20 00:15:00,96.01,96.14,95.8,96.05,1829
2026-03-20 00:20:00,96.05,96.2,95.51,95.52,2287
2026-03-20 00:25:00,95.54,95.63,94.63,94.98,4176
2026-03-20 00:30:00,94.97,95.3,93.27,93.53,6936
2026-03-20 00:35:00,93.53,94.18,92.36,92.89,9949
2026-03-20 00:40:00,92.91,93.71,92.1,93.46,8569
2026-03-20 00:45:00,93.47,93.47,92.19,92.72,6787
2026-03-20 00:50:00,92.74,93.3,92.32,93.09,4009
2026-03-20 00:55:00,93.07,94.0,92.97,93.92,4492
2026-03-20 01:00:00,93.93,94.33,93.62,94.16,2696
2026-03-20 01:05:00,94.18,94.43,93.61,93.89,3279
2026-03-20 01:10:00,93.86,94.24,93.65,93.93,1636
2026-03-20 01:15:00,93.95,94.22,93.95,94.14,936
2026-03-20 01:20:00,94.13,94.33,94.08,94.28,961
2026-03-20 01:25:00,94.29,94.55,94.1,94.23,1726
2026-03-20 01:30:00,94.22,94.77,94.21,94.34,1430
2026-03-20 01:35:00,94.32,94.56,94.18,94.5,1128
2026-03-20 01:40:00,94.51,94.66,94.37,94.53,613
2026-03-20 01:45:00,94.51,94.52,94.15,94.24,1051
2026-03-20 01:50:00,94.24,94.45,94.23,94.36,630
2026-03-20 01:55:00,94.37,94.44,94.29,94.32,376
2026-03-20 02:00:00,94.34,94.35,93.97,94.01,584
2026-03-20 02:05:00,94.04,94.59,94.04,94.56,901
2026-03-20 02:10:00,94.56,94.77,94.53,94.73,1361
2026-03-20 02:15:00,94.72,94.72,94.44,94.53,566
2026-03-20 02:20:00,94.49,94.72,94.43,94.66,908
2026-03-20 02:25:00,94.65,94.76,94.5,94.59,658
2026-03-20 03:30:00,94.46,94.64,94.07,94.22,0
2026-03-20 03:35:00,94.25,94.8,94.11,94.79,339
2026-03-20 03:40:00,94.76,94.76,94.56,94.6,146
2026-03-20 03:45:00,94.6,94.63,94.3,94.3,318
2026-03-20 03:50:00,94.29,94.56,94.29,94.37,263
2026-03-20 03:55:00,94.39,94.46,94.22,94.25,138
2026-03-20 04:00:00,94.27,94.31,93.95,93.97,295
2026-03-20 04:05:00,94.0,94.18,93.98,94.08,222
2026-03-20 04:10:00,94.06,94.1,93.96,94.06,134
2026-03-20 04:15:00,94.06,94.15,93.96,94.05,128
2026-03-20 04:20:00,94.05,94.14,94.05,94.09,95
2026-03-20 04:25:00,94.08,94.08,93.95,93.99,121
2026-03-20 04:30:00,93.95,93.96,93.63,93.76,672
2026-03-20 04:35:00,93.79,93.8,93.62,93.71,275
2026-03-20 04:40:00,93.72,93.97,93.69,93.83,188
2026-03-20 04:45:00,93.82,93.94,93.79,93.94,124
2026-03-20 04:50:00,93.95,94.03,93.87,94.0,104
2026-03-20 04:55:00,94.0,94.03,93.87,93.93,132
2026-03-20 05:00:00,93.92,93.93,93.76,93.91,188
2026-03-20 05:05:00,93.92,93.99,93.84,93.84,138
2026-03-20 05:10:00,93.84,93.93,93.81,93.88,83
2026-03-20 05:15:00,93.91,94.15,93.91,94.05,343
2026-03-20 05:20:00,94.03,94.14,93.9,93.9,190
2026-03-20 05:25:00,93.91,94.08,93.88,93.96,193
2026-03-20 05:30:00,93.96,93.97,93.4,93.59,1506
2026-03-20 05:35:00,93.57,93.69,93.54,93.63,349
2026-03-20 05:40:00,93.59,93.68,93.47,93.6,424
2026-03-20 05:45:00,93.6,93.67,93.55,93.62,458
2026-03-20 05:50:00,93.61,94.09,93.56,93.99,967
2026-03-20 05:55:00,93.96,94.03,93.84,93.94,397
2026-03-20 06:00:00,93.95,94.39,93.92,94.26,639
2026-03-20 06:05:00,94.23,94.3,94.16,94.25,446
2026-03-20 06:10:00,94.24,94.45,94.23,94.34,484
2026-03-20 06:15:00,94.33,94.36,93.99,94.04,476
2026-03-20 06:20:00,94.04,94.21,94.0,94.07,203
2026-03-20 06:25:00,94.08,94.25,94.04,94.2,295
2026-03-20 06:30:00,94.17,94.35,93.78,94.15,2054
2026-03-20 06:35:00,94.16,94.16,93.55,93.64,843
2026-03-20 06:40:00,93.65,93.73,92.79,92.88,1658
2026-03-20 06:45:00,92.86,93.09,92.64,92.85,1840
2026-03-20 06:50:00,92.85,93.03,92.6,92.96,1129
2026-03-20 06:55:00,92.95,93.03,92.86,92.91,606
2026-03-20 07:00:00,92.92,93.01,92.76,92.91,600
2026-03-20 07:05:00,92.93,93.11,92.53,92.63,1266
2026-03-20 07:10:00,92.63,92.87,92.47,92.58,1030
2026-03-20 07:15:00,92.58,92.74,92.56,92.72,480
2026-03-20 07:20:00,92.74,92.96,92.58,92.84,694
2026-03-20 07:25:00,92.85,93.05,92.82,92.97,761
2026-03-20 07:30:00,92.96,93.43,92.96,93.36,1397
2026-03-20 07:35:00,93.35,93.36,92.99,93.12,776
2026-03-20 07:40:00,93.13,93.23,93.02,93.1,802
2026-03-20 07:45:00,93.09,93.16,92.99,93.12,394
2026-03-20 07:50:00,93.11,93.25,92.86,93.25,808
2026-03-20 07:55:00,93.25,93.3,93.14,93.24,471
2026-03-20 08:00:00,93.27,93.36,93.15,93.32,464
2026-03-20 08:05:00,93.34,93.72,93.31,93.55,1104
2026-03-20 08:10:00,93.54,93.61,93.42,93.52,615
2026-03-20 08:15:00,93.52,93.67,93.38,93.66,388
2026-03-20 08:20:00,93.65,93.66,93.48,93.61,298
2026-03-20 08:25:00,93.61,93.69,93.54,93.66,194
2026-03-20 08:30:00,93.65,93.65,93.52,93.57,266
2026-03-20 08:35:00,93.57,93.66,93.51,93.51,341
2026-03-20 08:40:00,93.51,93.65,93.38,93.62,638
2026-03-20 08:45:00,93.61,93.68,93.44,93.6,367
2026-03-20 08:50:00,93.62,93.9,93.59,93.84,611
2026-03-20 08:55:00,93.83,94.16,93.8,93.98,874
2026-03-20 09:00:00,93.97,93.97,93.58,93.6,576
2026-03-20 09:05:00,93.61,93.66,93.49,93.59,269
2026-03-20 09:10:00,93.57,93.73,93.57,93.63,205
2026-03-20 09:15:00,93.63,93.63,93.55,93.59,170
2026-03-20 09:20:00,93.58,93.66,93.55,93.61,123
2026-03-20 09:25:00,93.65,93.87,93.64,93.82,276
2026-03-20 09:30:00,93.85,93.85,93.52,93.58,496
2026-03-20 09:35:00,93.57,93.6,93.45,93.48,143
2026-03-20 09:40:00,93.51,93.51,93.41,93.48,125
2026-03-20 09:45:00,93.46,93.64,93.41,93.56,245
2026-03-20 09:50:00,93.57,93.62,93.51,93.62,206
2026-03-20 09:55:00,93.62,93.67,93.55,93.62,494
2026-03-20 10:00:00,93.62,93.83,93.61,93.73,233
2026-03-20 10:05:00,93.73,93.84,93.64,93.8,153
2026-03-20 10:10:00,93.78,93.83,93.7,93.76,114
2026-03-20 10:15:00,93.76,93.96,93.76,93.95,295
2026-03-20 10:20:00,93.95,94.04,93.92,94.0,323
2026-03-20 10:25:00,93.99,94.07,93.91,94.05,204
2026-03-20 10:30:00,94.06,94.07,93.8,93.88,361
2026-03-20 10:35:00,93.87,93.91,93.73,93.82,413
2026-03-20 10:40:00,93.81,93.95,93.8,93.95,325
2026-03-20 10:45:00,93.96,94.02,93.87,93.87,164
2026-03-20 10:50:00,93.91,93.95,93.84,93.95,92
2026-03-20 10:55:00,93.95,93.99,93.81,93.87,495
2026-03-20 11:00:00,93.85,94.23,93.82,94.1,1065
2026-03-20 11:05:00,94.09,94.15,93.92,93.95,363
2026-03-20 11:10:00,93.92,93.95,93.69,93.75,425
2026-03-20 11:15:00,93.74,93.74,93.44,93.54,774
2026-03-20 11:20:00,93.52,93.57,93.36,93.4,393
2026-03-20 11:25:00,93.39,93.45,93.29,93.44,368
2026-03-20 11:30:00,93.44,93.63,93.43,93.54,641
2026-03-20 11:35:00,93.55,93.66,93.45,93.51,349
2026-03-20 11:40:00,93.5,93.7,93.47,93.57,453
2026-03-20 11:45:00,93.57,93.73,93.5,93.64,372
2026-03-20 11:50:00,93.67,93.97,93.63,93.92,405
2026-03-20 11:55:00,93.92,94.14,93.82,93.89,617
2026-03-20 12:00:00,93.89,94.05,93.86,93.95,444
2026-03-20 12:05:00,93.95,94.21,93.89,94.19,415
2026-03-20 12:10:00,94.16,94.46,94.13,94.14,716
2026-03-20 12:15:00,94.15,94.36,94.14,94.34,554
2026-03-20 12:20:00,94.32,94.75,94.28,94.67,1173
2026-03-20 12:25:00,94.68,94.72,94.4,94.51,540
2026-03-20 12:30:00,94.51,94.63,94.31,94.48,774
2026-03-20 12:35:00,94.49,94.68,94.41,94.56,682
2026-03-20 12:40:00,94.57,94.78,94.53,94.73,805
2026-03-20 12:45:00,94.7,94.74,94.43,94.45,821
2026-03-20 12:50:00,94.45,94.5,94.32,94.34,661
2026-03-20 12:55:00,94.32,94.48,94.28,94.43,606
2026-03-20 13:00:00,94.43,94.47,93.96,93.99,889
2026-03-20 13:05:00,94.0,94.17,93.92,94.05,625
2026-03-20 13:10:00,94.04,94.07,93.83,93.9,363
2026-03-20 13:15:00,93.91,93.91,93.56,93.76,1056
2026-03-20 13:20:00,93.75,93.75,93.54,93.64,773
2026-03-20 13:25:00,93.62,93.77,93.59,93.69,739
2026-03-20 13:30:00,93.66,93.99,93.57,93.67,1382
2026-03-20 13:35:00,93.68,93.76,93.34,93.4,1281
2026-03-20 13:40:00,93.41,93.72,93.29,93.7,1771
2026-03-20 13:45:00,93.69,93.71,93.44,93.65,1389
2026-03-20 13:50:00,93.67,94.25,93.67,94.22,2036
2026-03-20 13:55:00,94.22,94.58,94.16,94.54,2714
2026-03-20 14:00:00,94.56,94.68,94.06,94.31,3111
2026-03-20 14:05:00,94.29,94.77,94.2,94.74,1638
2026-03-20 14:10:00,94.75,95.13,94.57,95.1,2316
2026-03-20 14:15:00,95.1,95.5,95.06,95.1,2903
2026-03-20 14:20:00,95.09,95.45,95.05,95.44,1311
2026-03-20 14:25:00,95.42,95.52,95.36,95.49,934
2026-03-20 14:30:00,95.47,95.48,95.22,95.31,1312
2026-03-20 14:35:00,95.33,95.58,95.33,95.41,1204
2026-03-20 14:40:00,95.39,95.73,95.34,95.7,1482
2026-03-20 14:45:00,95.72,95.82,95.47,95.66,1282
2026-03-20 14:50:00,95.64,95.75,95.45,95.6,1246
2026-03-20 14:55:00,95.6,95.78,95.48,95.73,842
2026-03-20 15:00:00,95.7,95.84,95.21,95.47,1624
2026-03-20 15:05:00,95.47,95.54,95.26,95.42,1103
2026-03-20 15:10:00,95.43,95.75,95.08,95.48,1839
2026-03-20 15:15:00,95.48,95.7,95.3,95.43,2009
2026-03-20 15:20:00,95.42,96.02,95.2,95.96,1931
2026-03-20 15:25:00,95.94,96.16,95.86,95.88,1996
2026-03-20 15:30:00,95.88,96.39,95.88,96.13,1525
2026-03-20 15:35:00,96.13,96.45,96.12,96.25,1333
2026-03-20 15:40:00,96.25,96.33,95.82,95.9,1223
2026-03-20 15:45:00,95.89,96.08,95.76,96.0,1006
2026-03-20 15:50:00,96.0,96.11,95.89,95.93,1072
2026-03-20 15:55:00,95.92,96.0,95.72,95.99,794
2026-03-20 16:00:00,96.0,96.09,95.73,96.05,970
2026-03-20 16:05:00,96.08,96.14,95.74,95.91,634
2026-03-20 16:10:00,95.93,95.97,95.61,95.65,1342
2026-03-20 16:15:00,95.65,96.03,95.64,95.86,919
2026-03-20 16:20:00,95.88,95.92,95.3,95.63,1442
2026-03-20 16:25:00,95.63,95.65,95.35,95.44,652
2026-03-20 16:30:00,95.43,95.51,95.12,95.18,1096
2026-03-20 16:35:00,95.18,95.47,95.13,95.36,872
2026-03-20 16:40:00,95.34,95.35,94.97,95.12,1448
2026-03-20 16:45:00,95.11,95.15,94.5,94.97,2140
2026-03-20 16:50:00,94.96,94.99,94.46,94.87,2306
2026-03-20 16:55:00,94.89,94.98,94.55,94.61,1690
2026-03-20 17:00:00,94.6,94.66,94.31,94.5,1712
2026-03-20 17:05:00,94.5,94.78,94.47,94.72,1247
2026-03-20 17:10:00,94.72,94.75,94.34,94.36,925
2026-03-20 17:15:00,94.39,94.61,94.31,94.38,1217
2026-03-20 17:20:00,94.38,94.54,94.08,94.13,829
2026-03-20 17:25:00,94.15,94.48,94.08,94.19,1148
2026-03-20 17:30:00,94.18,94.65,93.9,94.57,2742
2026-03-20 17:35:00,94.57,94.57,93.97,94.06,1496
2026-03-20 17:40:00,94.05,94.38,93.91,94.22,2441
2026-03-20 17:45:00,94.19,94.62,94.19,94.33,1752
2026-03-20 17:50:00,94.34,94.57,94.26,94.53,1165
2026-03-20 17:55:00,94.53,94.73,94.18,94.2,1873
2026-03-20 18:00:00,94.22,94.73,94.21,94.6,2001
2026-03-20 18:05:00,94.61,94.88,94.47,94.86,1255
2026-03-20 18:10:00,94.88,94.99,94.66,94.83,1687
2026-03-20 18:15:00,94.85,95.06,94.79,94.87,2565
2026-03-20 18:20:00,94.84,95.08,94.81,95.06,1097
2026-03-20 18:25:00,95.06,95.2,94.93,95.0,2162
2026-03-20 18:30:00,95.0,95.09,94.78,94.96,3133
2026-03-20 18:35:00,94.93,95.33,94.93,95.06,2130
2026-03-20 18:40:00,95.04,95.44,94.94,95.27,2358
2026-03-20 18:45:00,95.27,95.47,95.16,95.43,1893
2026-03-20 18:50:00,95.42,95.49,95.06,95.38,2177
2026-03-20 18:55:00,95.36,95.63,95.31,95.54,2417
2026-03-20 19:00:00,95.53,95.61,95.31,95.52,2711
2026-03-20 19:05:00,95.53,95.64,95.33,95.36,2027
2026-03-20 19:10:00,95.36,95.6,95.0,95.49,3977
2026-03-20 19:15:00,95.5,95.51,95.04,95.44,3308
2026-03-20 19:20:00,95.45,96.04,95.42,95.68,4309
2026-03-20 19:25:00,95.67,96.22,95.54,96.03,3032
2026-03-20 19:30:00,96.01,96.01,95.43,95.54,2512
2026-03-20 19:35:00,95.53,95.68,95.28,95.64,2323
2026-03-20 19:40:00,95.62,95.97,95.47,95.95,1711
2026-03-20 19:45:00,95.94,96.15,95.73,96.08,2478
2026-03-20 19:50:00,96.07,96.18,95.71,95.85,2148
2026-03-20 19:55:00,95.85,95.89,95.51,95.86,1683
2026-03-20 20:00:00,95.87,96.04,95.77,95.88,1578
2026-03-20 20:05:00,95.87,96.43,95.83,96.35,3259
2026-03-20 20:10:00,96.34,96.67,96.34,96.66,2455
2026-03-20 20:15:00,96.65,96.91,96.41,96.69,3515
2026-03-20 20:20:00,96.7,96.99,96.6,96.96,2979
2026-03-20 20:25:00,96.95,97.07,96.7,96.85,3515
2026-03-20 20:30:00,96.84,97.04,96.31,96.86,4963
2026-03-20 20:35:00,96.86,96.97,96.71,96.86,1408
2026-03-20 20:40:00,96.86,96.86,96.34,96.39,2481
2026-03-20 20:45:00,96.39,96.68,96.19,96.39,3040
2026-03-20 20:50:00,96.38,96.61,95.69,96.48,5265
2026-03-20 20:55:00,96.48,96.83,96.23,96.7,2887
2026-03-20 21:00:00,96.7,96.82,96.59,96.66,2621
2026-03-20 21:05:00,96.64,96.89,96.58,96.61,2244
2026-03-20 21:10:00,96.6,96.69,96.35,96.4,2631
2026-03-20 21:15:00,96.41,96.61,96.24,96.5,2546
2026-03-20 21:20:00,96.49,96.7,96.43,96.64,1882
2026-03-20 21:25:00,96.64,96.68,96.5,96.56,1340
2026-03-20 21:30:00,96.56,96.7,96.23,96.28,2410
2026-03-20 21:35:00,96.28,96.96,96.24,96.93,2767
2026-03-20 21:40:00,96.94,97.35,96.9,97.28,3094
2026-03-20 21:45:00,97.26,97.42,97.22,97.37,2933
2026-03-20 21:50:00,97.38,97.43,97.0,97.17,2630
2026-03-20 21:55:00,97.19,97.36,97.05,97.17,2255
2026-03-20 22:00:00,97.16,97.42,97.03,97.38,1887
2026-03-20 22:05:00,97.37,97.53,97.28,97.5,2204
2026-03-20 22:10:00,97.5,97.57,97.24,97.3,2205
2026-03-20 22:15:00,97.28,97.72,97.27,97.66,3120
2026-03-20 22:20:00,97.67,97.78,97.55,97.59,2660
2026-03-20 22:25:00,97.59,97.64,97.35,97.54,2870
2026-03-20 22:30:00,97.54,97.61,97.38,97.48,2113
2026-03-20 22:35:00,97.47,98.18,97.39,97.96,7409
2026-03-20 22:40:00,97.97,98.14,97.8,97.86,3273
2026-03-20 22:45:00,97.88,98.27,97.75,98.2,4649
2026-03-20 22:50:00,98.18,98.26,97.82,97.9,3012
2026-03-20 22:55:00,97.88,98.32,97.85,98.16,4443
2026-03-20 23:00:00,98.16,98.27,98.02,98.12,2642
2026-03-20 23:05:00,98.11,98.33,97.96,98.22,2313
2026-03-20 23:10:00,98.23,98.41,98.15,98.34,1902
2026-03-20 23:15:00,98.33,98.51,98.23,98.47,3561
2026-03-20 23:20:00,98.48,98.5,97.92,98.05,3847
2026-03-20 23:25:00,98.05,98.16,97.82,98.02,3721
2026-03-20 23:30:00,98.02,98.06,97.37,97.39,5679
2026-03-20 23:35:00,97.39,97.5,96.94,97.3,6441
2026-03-20 23:40:00,97.31,97.56,97.26,97.36,3684
2026-03-20 23:45:00,97.38,97.71,97.12,97.15,5054
2026-03-20 23:50:00,97.14,98.21,97.1,98.17,8463
2026-03-20 23:55:00,98.16,98.36,97.85,98.12,16734
2026-03-21 00:00:00,98.11,98.36,97.99,98.29,4274
2026-03-21 00:05:00,98.26,98.43,98.1,98.38,2341
2026-03-21 00:10:00,98.4,98.75,98.27,98.68,2860
2026-03-21 00:15:00,98.66,98.7,98.47,98.52,2183
2026-03-21 00:20:00,98.52,98.56,98.08,98.54,3305
2026-03-21 00:25:00,98.53,98.74,98.42,98.59,2043
2026-03-21 00:30:00,98.59,98.61,98.26,98.46,1259
2026-03-21 00:35:00,98.48,98.65,98.42,98.58,1466
2026-03-21 00:40:00,98.57,98.75,98.49,98.67,1885
2026-03-21 00:45:00,98.67,98.68,98.14,98.21,1857
2026-03-21 00:50:00,98.23,98.39,97.9,98.35,2132
2026-03-21 00:55:00,98.36,98.42,98.09,98.26,1181
2026-03-21 01:00:00,98.25,98.48,98.16,98.45,742
2026-03-21 01:05:00,98.45,98.49,98.32,98.43,1028
2026-03-21 01:10:00,98.45,98.53,97.79,97.94,2069
2026-03-21 01:15:00,97.93,98.32,97.86,98.22,2295
2026-03-21 01:20:00,98.24,98.24,97.4,97.69,3679
2026-03-21 01:25:00,97.68,97.7,97.43,97.48,2498
2026-03-21 01:30:00,97.49,98.02,97.44,97.98,2148
2026-03-21 01:35:00,97.97,98.07,97.88,97.92,1078
2026-03-21 01:40:00,97.92,97.93,97.49,97.53,1645
2026-03-21 01:45:00,97.52,97.79,97.49,97.77,772
2026-03-21 01:50:00,97.76,97.93,97.57,97.83,869
2026-03-21 01:55:00,97.83,97.9,97.68,97.85,639
2026-03-21 02:00:00,97.86,97.97,97.8,97.95,408
2026-03-21 02:05:00,97.94,97.98,97.73,97.74,411
2026-03-21 02:10:00,97.76,97.99,97.73,97.94,582
2026-03-21 02:15:00,97.93,97.99,97.83,97.94,448
2026-03-21 02:20:00,97.93,98.16,97.88,98.03,662
2026-03-21 02:25:00,98.04,98.14,97.99,98.09,991
2026-03-23 03:40:00,98.52,99.0,98.22,98.66,1426
2026-03-23 03:45:00,98.64,98.83,98.4,98.59,3599
2026-03-23 03:50:00,98.61,98.81,97.59,97.84,1873
2026-03-23 03:55:00,97.82,97.96,96.96,97.44,2227
2026-03-23 04:00:00,97.44,97.5,96.75,97.21,1590
2026-03-23 04:05:00,97.2,97.94,97.14,97.65,2055
2026-03-23 04:10:00,97.64,98.25,97.6,97.94,1302
2026-03-23 04:15:00,97.95,98.16,97.75,97.85,706
2026-03-23 04:20:00,97.87,98.0,97.7,97.86,1065
2026-03-23 04:25:00,97.85,98.19,97.76,98.08,1130
2026-03-23 04:30:00,98.09,98.22,97.94,98.03,622
2026-03-23 04:35:00,98.03,98.08,97.89,98.01,347
2026-03-23 04:40:00,98.0,98.1,97.84,97.94,313
2026-03-23 04:45:00,97.95,98.11,97.82,98.04,517
2026-03-23 04:50:00,98.04,98.45,98.04,98.3,898
2026-03-23 04:55:00,98.3,98.41,98.2,98.27,450
2026-03-23 05:00:00,98.27,98.36,98.09,98.14,701
2026-03-23 05:05:00,98.13,98.18,97.92,98.05,426
2026-03-23 05:10:00,98.05,98.1,97.92,98.07,301
2026-03-23 05:15:00,98.1,98.14,98.05,98.08,190
2026-03-23 05:20:00,98.1,98.6,98.02,98.6,518
2026-03-23 05:25:00,98.57,98.78,98.54,98.59,577
2026-03-23 05:30:00,98.58,98.94,98.58,98.64,1405
2026-03-23 05:35:00,98.62,98.75,98.42,98.43,685
2026-03-23 05:40:00,98.44,98.48,98.25,98.33,598
2026-03-23 05:45:00,98.35,98.56,98.31,98.35,507
2026-03-23 05:50:00,98.35,98.42,98.08,98.19,655
2026-03-23 05:55:00,98.19,98.28,97.94,97.96,376
2026-03-23 06:00:00,97.96,98.18,97.9,98.0,385
2026-03-23 06:05:00,98.05,98.38,98.03,98.32,477
2026-03-23 06:10:00,98.31,98.37,98.05,98.23,476
2026-03-23 06:15:00,98.23,98.25,98.04,98.23,334
2026-03-23 06:20:00,98.24,98.38,98.14,98.25,407
2026-03-23 06:25:00,98.26,98.26,98.09,98.16,210
2026-03-23 06:30:00,98.16,98.64,97.99,98.16,1650
2026-03-23 06:35:00,98.17,98.46,98.02,98.31,1001
2026-03-23 06:40:00,98.27,98.46,98.19,98.26,621
2026-03-23 06:45:00,98.27,98.33,98.1,98.29,506
2026-03-23 06:50:00,98.24,98.43,98.14,98.37,532
2026-03-23 06:55:00,98.36,98.61,98.27,98.51,800
2026-03-23 07:00:00,98.49,98.6,98.35,98.44,800
2026-03-23 07:05:00,98.42,98.44,98.15,98.37,776
2026-03-23 07:10:00,98.39,98.7,98.35,98.57,834
2026-03-23 07:15:00,98.57,98.73,98.53,98.61,256
2026-03-23 07:20:00,98.63,98.75,98.51,98.67,401
2026-03-23 07:25:00,98.65,98.69,98.53,98.58,270
2026-03-23 07:30:00,98.57,98.84,98.54,98.82,546
2026-03-23 07:35:00,98.83,99.03,98.43,98.47,1473
2026-03-23 07:40:00,98.48,98.79,98.4,98.66,412
2026-03-23 07:45:00,98.63,98.68,98.46,98.49,276
2026-03-23 07:50:00,98.47,98.58,98.45,98.55,233
2026-03-23 07:55:00,98.57,98.82,98.57,98.74,486
2026-03-23 08:00:00,98.72,98.85,98.63,98.73,418
2026-03-23 08:05:00,98.75,99.11,98.67,99.01,474
2026-03-23 08:10:00,99.03,99.05,98.83,98.92,436
2026-03-23 08:15:00,98.91,99.0,98.79,98.91,363
2026-03-23 08:20:00,98.93,98.93,98.69,98.73,547
2026-03-23 08:25:00,98.75,98.92,98.73,98.89,434
2026-03-23 08:30:00,98.89,99.0,98.86,98.96,274
2026-03-23 08:35:00,98.97,99.06,98.87,98.99,456
2026-03-23 08:40:00,98.98,99.16,98.96,99.09,332
2026-03-23 08:45:00,99.1,99.17,98.96,99.04,488
2026-03-23 08:50:00,99.02,99.11,98.95,99.09,379
2026-03-23 08:55:00,99.1,99.1,98.96,99.0,229
2026-03-23 09:00:00,99.0,99.09,99.0,99.06,253
2026-03-23 09:05:00,99.06,99.24,99.05,99.18,398
2026-03-23 09:10:00,99.17,99.17,98.99,99.04,361
2026-03-23 09:15:00,99.03,99.18,99.03,99.14,187
2026-03-23 09:20:00,99.12,99.33,99.12,99.26,323
2026-03-23 09:25:00,99.26,99.26,99.14,99.2,123
2026-03-23 09:30:00,99.21,99.23,99.12,99.19,163
2026-03-23 09:35:00,99.19,99.21,99.05,99.06,303
2026-03-23 09:40:00,99.07,99.16,99.05,99.16,135
2026-03-23 09:45:00,99.15,99.3,99.11,99.29,201
2026-03-23 09:50:00,99.3,99.3,99.18,99.19,175
2026-03-23 09:55:00,99.19,99.21,99.11,99.15,175
2026-03-23 10:00:00,99.16,99.3,99.09,99.11,341
2026-03-23 10:05:00,99.11,99.13,99.02,99.1,153
2026-03-23 10:10:00,99.1,99.14,99.03,99.07,83
2026-03-23 10:15:00,99.06,99.19,99.04,99.11,169
2026-03-23 10:20:00,99.09,99.09,98.8,98.85,436
2026-03-23 10:25:00,98.84,98.93,98.81,98.89,149
2026-03-23 10:30:00,98.9,98.99,98.81,98.85,229
2026-03-23 10:35:00,98.84,98.86,98.69,98.78,598
2026-03-23 10:40:00,98.77,98.84,98.73,98.79,188
2026-03-23 10:45:00,98.79,98.94,98.75,98.94,317
2026-03-23 10:50:00,98.93,98.94,98.85,98.93,159
2026-03-23 10:55:00,98.9,98.92,98.69,98.7,204
2026-03-23 11:00:00,98.71,98.83,98.38,98.49,742
2026-03-23 11:05:00,98.48,98.55,98.11,98.13,805
2026-03-23 11:10:00,98.15,98.21,97.96,98.16,680
2026-03-23 11:15:00,98.17,98.46,98.16,98.3,539
2026-03-23 11:20:00,98.3,98.35,98.19,98.22,356
2026-03-23 11:25:00,98.21,98.6,98.16,98.49,1044
2026-03-23 11:30:00,98.5,98.72,98.38,98.72,467
2026-03-23 11:35:00,98.71,99.14,98.69,99.1,972
2026-03-23 11:40:00,99.11,99.69,99.07,99.48,1695
2026-03-23 11:45:00,99.49,100.29,99.47,100.23,1976
2026-03-23 11:50:00,100.24,100.34,99.86,100.19,1421
2026-03-23 11:55:00,100.19,100.24,99.67,99.89,1687
2026-03-23 12:00:00,99.88,99.91,99.41,99.74,1453
2026-03-23 12:05:00,99.75,100.46,99.75,100.29,1331
2026-03-23 12:10:00,100.26,100.84,100.17,100.66,2335
2026-03-23 12:15:00,100.65,100.72,100.06,100.26,2880
2026-03-23 12:20:00,100.26,100.56,100.21,100.51,756
2026-03-23 12:25:00,100.52,100.67,100.46,100.57,450
2026-03-23 12:30:00,100.55,100.74,100.33,100.63,764
2026-03-23 12:35:00,100.61,100.99,100.61,100.98,1027
2026-03-23 12:40:00,100.97,100.99,100.62,100.81,845
2026-03-23 12:45:00,100.8,101.08,100.78,100.97,882
2026-03-23 12:50:00,100.96,101.27,100.89,101.14,1407
2026-03-23 12:55:00,101.14,101.47,101.1,101.45,1197
2026-03-23 13:00:00,101.45,101.56,101.2,101.5,1195
2026-03-23 13:05:00,101.48,101.62,101.19,101.43,1306
2026-03-23 13:10:00,101.44,101.57,101.37,101.4,645
2026-03-23 13:15:00,101.4,101.67,101.38,101.53,924
2026-03-23 13:20:00,101.53,101.67,101.4,101.42,997
2026-03-23 13:25:00,101.43,101.59,101.04,101.1,1468
2026-03-23 13:30:00,101.1,101.1,100.72,100.73,1860
2026-03-23 13:35:00,100.76,100.76,100.28,100.43,1597
2026-03-23 13:40:00,100.42,100.42,99.83,100.31,2330
2026-03-23 13:45:00,100.3,100.52,100.12,100.25,1774
2026-03-23 13:50:00,100.23,100.37,100.11,100.29,1318
2026-03-23 13:55:00,100.31,100.47,100.04,100.28,3411
2026-03-23 14:00:00,100.26,100.33,99.67,99.67,1945
2026-03-23 14:05:00,99.68,100.06,99.61,99.7,1890
2026-03-23 14:10:00,99.71,99.81,99.4,99.74,1833
2026-03-23 14:15:00,99.72,100.13,99.61,99.67,1991
2026-03-23 14:20:00,99.67,99.84,99.34,99.54,1394
2026-03-23 14:25:00,99.57,99.81,99.34,99.34,1257
2026-03-23 14:30:00,99.32,99.44,99.14,99.21,1187
2026-03-23 14:35:00,99.22,99.24,98.92,98.95,1604
2026-03-23 14:40:00,98.95,98.95,98.24,98.36,2938
2026-03-23 14:45:00,98.36,98.49,98.18,98.19,1720
2026-03-23 14:50:00,98.19,98.65,98.11,98.64,1651
2026-03-23 14:55:00,98.64,98.99,98.64,98.93,2326
2026-03-23 15:00:00,98.91,99.24,98.78,99.16,1224
2026-03-23 15:05:00,99.18,99.38,99.16,99.27,795
2026-03-23 15:10:00,99.27,99.35,99.09,99.16,512
2026-03-23 15:15:00,99.17,99.2,98.84,99.1,1034
2026-03-23 15:20:00,99.09,99.15,98.88,99.05,600
2026-03-23 15:25:00,99.04,99.15,98.84,98.89,536
2026-03-23 15:30:00,98.88,99.18,98.74,99.09,974
2026-03-23 15:35:00,99.11,99.43,99.04,99.14,1217
2026-03-23 15:40:00,99.15,99.19,98.93,98.99,515
2026-03-23 15:45:00,99.0,99.17,98.91,99.0,345
2026-03-23 15:50:00,99.03,99.27,99.01,99.23,532
2026-03-23 15:55:00,99.25,99.39,99.11,99.17,706
2026-03-23 16:00:00,99.17,99.18,98.64,98.67,786
2026-03-23 16:05:00,98.66,98.89,98.55,98.84,570
2026-03-23 16:10:00,98.84,98.91,98.44,98.55,953
2026-03-23 16:15:00,98.53,98.67,98.03,98.21,1435
2026-03-23 16:20:00,98.2,98.57,97.4,98.4,4413
2026-03-23 16:25:00,98.42,98.69,98.41,98.59,998
2026-03-23 16:30:00,98.58,98.77,98.42,98.59,889
2026-03-23 16:35:00,98.59,98.63,84.37,86.49,21066
2026-03-23 16:40:00,86.34,88.62,85.36,88.32,12466
2026-03-23 16:45:00,88.28,89.82,87.82,89.37,9400
2026-03-23 16:50:00,89.38,91.14,88.92,90.6,12490
2026-03-23 16:55:00,90.63,91.0,89.55,90.7,8946
2026-03-23 17:00:00,90.66,90.8,89.5,90.17,4792
2026-03-23 17:05:00,90.15,91.1,89.8,90.76,4369
2026-03-23 17:10:00,90.74,91.5,90.47,91.19,4150
2026-03-23 17:15:00,91.19,92.07,91.14,91.31,5032
2026-03-23 17:20:00,91.35,92.24,91.25,91.68,4139
2026-03-23 17:25:00,91.67,92.92,91.63,92.5,5303
2026-03-23 17:30:00,92.49,93.21,92.25,92.85,4284
2026-03-23 17:35:00,92.81,93.32,92.41,92.58,3265
2026-03-23 17:40:00,92.55,92.82,91.95,92.46,3740
2026-03-23 17:45:00,92.43,92.45,91.41,91.6,3994
2026-03-23 17:50:00,91.58,91.9,91.15,91.48,3337
2026-03-23 17:55:00,91.46,91.82,91.0,91.66,2657
2026-03-23 18:00:00,91.63,91.64,91.04,91.35,2290
2026-03-23 18:05:00,91.35,91.71,90.58,91.18,3281
2026-03-23 18:10:00,91.17,91.5,89.18,89.61,8518
2026-03-23 18:15:00,89.6,89.92,88.59,88.75,6149
2026-03-23 18:20:00,88.78,89.69,88.63,89.47,5501
2026-03-23 18:25:00,89.47,89.74,89.04,89.4,3961
2026-03-23 18:30:00,89.37,89.62,88.13,89.22,7848
2026-03-23 18:35:00,89.22,89.72,89.1,89.3,3874
2026-03-23 18:40:00,89.32,90.28,89.1,90.21,3238
2026-03-23 18:45:00,90.2,90.73,89.98,90.56,3915
2026-03-23 18:50:00,90.56,91.22,90.42,90.89,4176
2026-03-23 18:55:00,90.88,91.29,90.68,90.94,4143
2026-03-23 19:00:00,90.95,90.99,90.38,90.69,4508
2026-03-23 19:05:00,90.68,91.07,89.82,89.87,3518
2026-03-23 19:10:00,89.87,90.34,89.0,89.6,6492
2026-03-23 19:15:00,89.55,89.65,88.62,88.72,4867
2026-03-23 19:20:00,88.73,89.07,88.36,89.06,5219
2026-03-23 19:25:00,89.07,89.61,88.95,89.14,3228
2026-03-23 19:30:00,89.15,89.26,87.97,88.44,4768
2026-03-23 19:35:00,88.45,88.87,88.27,88.71,3796
2026-03-23 19:40:00,88.69,89.07,88.4,88.98,3619
2026-03-23 19:45:00,88.96,89.03,88.37,88.57,3678
2026-03-23 19:50:00,88.56,88.77,88.12,88.34,3418
2026-03-23 19:55:00,88.34,89.5,88.27,89.47,4721
2026-03-23 20:00:00,89.46,89.55,89.04,89.42,3219
2026-03-23 20:05:00,89.38,90.07,89.36,89.68,3225
2026-03-23 20:10:00,89.69,90.29,89.51,90.15,3500
2026-03-23 20:15:00,90.15,90.31,89.45,89.55,4377
2026-03-23 20:20:00,89.52,89.86,89.2,89.61,2989
2026-03-23 20:25:00,89.59,89.83,89.22,89.25,2379
2026-03-23 20:30:00,89.25,89.25,86.58,86.74,13255
2026-03-23 20:35:00,86.72,87.14,85.88,86.19,10754
2026-03-23 20:40:00,86.2,86.5,85.43,85.81,9125
2026-03-23 20:45:00,85.83,86.89,85.79,86.85,6469
2026-03-23 20:50:00,86.85,87.1,86.29,86.48,4003
2026-03-23 20:55:00,86.49,87.15,86.37,86.97,3399
2026-03-23 21:00:00,86.96,87.19,86.67,86.92,3614
2026-03-23 21:05:00,86.92,87.98,86.92,87.95,4617
2026-03-23 21:10:00,87.96,88.73,87.81,88.61,5395
2026-03-23 21:15:00,88.6,89.2,88.54,88.6,6487
2026-03-23 21:20:00,88.61,90.25,88.5,90.04,8229
2026-03-23 21:25:00,90.05,90.83,89.97,90.5,7223
2026-03-23 21:30:00,90.47,90.87,90.0,90.78,5817
2026-03-23 21:35:00,90.76,90.94,90.1,90.49,4957
2026-03-23 21:40:00,90.48,90.96,90.43,90.78,4647
2026-03-23 21:45:00,90.76,91.14,90.58,91.06,4138
2026-03-23 21:50:00,91.06,91.36,90.86,91.17,5005
2026-03-23 21:55:00,91.18,91.87,91.18,91.59,6437
2026-03-23 22:00:00,91.61,91.74,90.37,90.55,5183
2026-03-23 22:05:00,90.54,90.56,89.72,90.43,4575
2026-03-23 22:10:00,90.43,90.47,89.58,89.87,3457
2026-03-23 22:15:00,89.87,90.16,89.36,89.97,5630
2026-03-23 22:20:00,89.97,89.97,89.11,89.3,3635
2026-03-23 22:25:00,89.3,89.75,89.24,89.65,2446
2026-03-23 22:30:00,89.65,89.99,89.03,89.88,2800
2026-03-23 22:35:00,89.87,90.04,89.4,89.45,2922
2026-03-23 22:40:00,89.45,90.16,89.17,90.02,2778
2026-03-23 22:45:00,90.02,90.31,89.51,89.63,2557
2026-03-23 22:50:00,89.63,89.85,89.48,89.56,1556
2026-03-23 22:55:00,89.57,89.58,89.01,89.19,2337
2026-03-23 23:00:00,89.18,89.27,88.79,89.11,3115
2026-03-23 23:05:00,89.09,89.17,88.5,88.72,3189
2026-03-23 23:10:00,88.72,89.54,88.52,89.2,5010
2026-03-23 23:15:00,89.18,89.47,89.02,89.42,2011
2026-03-23 23:20:00,89.43,89.51,88.87,88.93,1926
2026-03-23 23:25:00,88.92,89.11,88.5,88.68,3251
2026-03-23 23:30:00,88.67,89.02,88.52,88.56,2008
2026-03-23 23:35:00,88.56,89.51,88.54,88.85,3868
2026-03-23 23:40:00,88.87,88.88,87.39,87.63,5077
2026-03-23 23:45:00,87.66,88.13,87.42,87.97,2634
2026-03-23 23:50:00,87.97,88.02,87.19,87.5,3765
2026-03-23 23:55:00,87.5,88.5,87.3,88.18,12579
2026-03-24 00:00:00,88.2,88.25,87.58,87.63,3026
2026-03-24 00:05:00,87.64,87.64,86.73,87.21,7264
2026-03-24 00:10:00,87.2,87.79,87.09,87.42,2794
2026-03-24 00:15:00,87.41,87.73,87.14,87.2,1387
2026-03-24 00:20:00,87.22,87.7,87.19,87.55,825
2026-03-24 00:25:00,87.55,87.74,87.4,87.72,837
2026-03-24 00:30:00,87.7,87.83,87.63,87.74,645
2026-03-24 00:35:00,87.75,87.78,87.49,87.53,843
2026-03-24 00:40:00,87.53,87.75,87.43,87.72,727
2026-03-24 00:45:00,87.72,88.0,87.66,87.95,2561
2026-03-24 00:50:00,87.94,88.46,87.93,88.37,1864
2026-03-24 00:55:00,88.39,88.5,87.69,88.03,2582
2026-03-24 01:00:00,88.04,88.28,87.9,88.04,844
2026-03-24 01:05:00,88.02,88.37,88.01,88.26,765
2026-03-24 01:10:00,88.26,88.56,88.2,88.45,699
2026-03-24 01:15:00,88.47,88.62,88.25,88.5,814
2026-03-24 01:20:00,88.5,88.84,88.48,88.8,1017
2026-03-24 01:25:00,88.81,88.85,88.64,88.71,875
2026-03-24 01:30:00,88.7,89.0,88.67,88.77,695
2026-03-24 01:35:00,88.77,88.85,88.39,88.54,688
2026-03-24 01:40:00,88.52,88.87,88.5,88.81,672
2026-03-24 01:45:00,88.81,88.97,88.68,88.92,529
2026-03-24 01:50:00,88.94,89.11,88.88,88.93,694
2026-03-24 01:55:00,88.93,89.3,88.9,89.24,1280
2026-03-24 02:00:00,89.23,89.46,89.2,89.3,590
2026-03-24 02:05:00,89.31,89.35,89.09,89.1,281
2026-03-24 02:10:00,89.11,89.18,88.81,88.9,286
2026-03-24 02:15:00,88.89,88.96,88.8,88.89,337
2026-03-24 02:20:00,88.89,88.95,88.79,88.88,358
2026-03-24 02:25:00,88.9,89.02,88.84,88.87,442
2026-03-24 03:30:00,88.78,89.5,88.72,88.94,0
2026-03-24 03:35:00,89.06,89.5,88.99,89.33,260
2026-03-24 03:40:00,89.3,89.31,89.11,89.11,193
2026-03-24 03:45:00,89.1,89.22,88.85,89.13,331
2026-03-24 03:50:00,89.18,89.21,89.06,89.06,103
2026-03-24 03:55:00,89.08,89.09,88.94,89.01,111
2026-03-24 04:00:00,89.03,89.09,88.93,89.02,119
2026-03-24 04:05:00,89.01,89.03,88.86,88.96,201
2026-03-24 04:10:00,88.94,89.14,88.94,89.04,113
2026-03-24 04:15:00,89.03,89.13,88.99,89.09,93
2026-03-24 04:20:00,89.06,89.13,88.96,88.98,202
2026-03-24 04:25:00,88.98,89.13,88.92,89.13,98
2026-03-24 04:30:00,89.13,89.13,89.02,89.08,61
2026-03-24 04:35:00,89.08,89.25,89.07,89.21,126
2026-03-24 04:40:00,89.24,89.3,89.04,89.06,194
2026-03-24 04:45:00,89.05,89.08,88.5,88.71,648
2026-03-24 04:50:00,88.73,88.79,88.65,88.7,174
2026-03-24 04:55:00,88.68,88.7,88.55,88.7,231
2026-03-24 05:00:00,88.73,88.83,88.7,88.81,104
2026-03-24 05:05:00,88.83,88.83,88.65,88.8,160
2026-03-24 05:10:00,88.79,88.97,88.79,88.9,116
2026-03-24 05:15:00,88.92,89.29,88.92,89.19,587
2026-03-24 05:20:00,89.19,89.49,89.1,89.48,456
2026-03-24 05:25:00,89.47,89.59,89.36,89.45,600
2026-03-24 05:30:00,89.44,90.06,89.35,89.78,2091
2026-03-24 05:35:00,89.79,89.87,89.49,89.87,1166
2026-03-24 05:40:00,89.84,90.12,89.77,90.09,1041
2026-03-24 05:45:00,90.08,90.25,89.93,90.1,1599
2026-03-24 05:50:00,90.1,90.24,89.94,90.15,1042
2026-03-24 05:55:00,90.17,90.23,90.06,90.2,413
2026-03-24 06:00:00,90.2,90.5,90.07,90.15,1102
2026-03-24 06:05:00,90.17,90.84,90.17,90.75,1636
2026-03-24 06:10:00,90.73,90.94,90.6,90.86,860
2026-03-24 06:15:00,90.86,91.0,90.74,90.82,776
2026-03-24 06:20:00,90.82,90.85,90.52,90.64,787
2026-03-24 06:25:00,90.63,90.67,90.18,90.41,870
2026-03-24 06:30:00,90.4,91.17,90.39,91.16,1223
2026-03-24 06:35:00,91.15,91.45,91.1,91.17,1224
2026-03-24 06:40:00,91.16,91.2,90.91,91.02,622
2026-03-24 06:45:00,91.0,91.34,90.96,91.2,755
2026-03-24 06:50:00,91.2,91.36,91.08,91.25,582
2026-03-24 06:55:00,91.24,91.5,91.22,91.3,768
2026-03-24 07:00:00,91.3,91.56,91.27,91.44,948
2026-03-24 07:05:00,91.44,91.55,91.3,91.53,674
2026-03-24 07:10:00,91.52,91.7,91.48,91.7,529
2026-03-24 07:15:00,91.68,91.9,91.67,91.68,873
2026-03-24 07:20:00,91.68,91.73,91.39,91.58,572
2026-03-24 07:25:00,91.6,91.61,91.41,91.53,376
2026-03-24 07:30:00,91.52,91.83,91.35,91.79,533
2026-03-24 07:35:00,91.77,91.81,91.57,91.71,525
2026-03-24 07:40:00,91.72,91.83,91.66,91.73,366
2026-03-24 07:45:00,91.72,92.0,91.69,91.86,1211
2026-03-24 07:50:00,91.86,91.96,91.5,91.57,761
2026-03-24 07:55:00,91.55,91.56,91.33,91.36,582
2026-03-24 08:00:00,91.36,91.6,91.28,91.39,921
2026-03-24 08:05:00,91.4,91.41,91.17,91.36,473
2026-03-24 08:10:00,91.34,91.4,91.1,91.19,587
2026-03-24 08:15:00,91.2,91.25,90.95,91.24,810
2026-03-24 08:20:00,91.22,91.52,91.21,91.45,496
2026-03-24 08:25:00,91.41,91.42,91.19,91.26,550
2026-03-24 08:30:00,91.28,91.63,91.24,91.5,416
2026-03-24 08:35:00,91.48,91.53,91.28,91.47,494
2026-03-24 08:40:00,91.47,91.6,91.46,91.49,323
2026-03-24 08:45:00,91.49,91.63,91.48,91.55,159
2026-03-24 08:50:00,91.56,91.7,91.52,91.67,238
2026-03-24 08:55:00,91.68,91.7,91.39,91.42,226
2026-03-24 09:00:00,91.43,91.66,91.35,91.62,199
2026-03-24 09:05:00,91.62,91.75,91.61,91.71,170
2026-03-24 09:10:00,91.69,91.72,91.61,91.68,125
2026-03-24 09:15:00,91.68,91.74,91.64,91.68,195
2026-03-24 09:20:00,91.7,91.86,91.63,91.65,334
2026-03-24 09:25:00,91.66,91.77,91.6,91.66,229
2026-03-24 09:30:00,91.62,91.85,91.57,91.83,360
2026-03-24 09:35:00,91.83,91.96,91.76,91.85,444
2026-03-24 09:40:00,91.84,91.96,91.82,91.9,178
2026-03-24 09:45:00,91.89,92.04,91.87,91.94,315
2026-03-24 09:50:00,91.94,91.95,91.88,91.88,117
2026-03-24 09:55:00,91.87,91.92,91.8,91.8,178
2026-03-24 10:00:00,91.8,91.94,91.78,91.81,233
2026-03-24 10:05:00,91.82,91.85,91.67,91.68,270
2026-03-24 10:10:00,91.7,91.83,91.65,91.7,200
2026-03-24 10:15:00,91.69,91.74,91.5,91.61,503
2026-03-24 10:20:00,91.63,91.66,91.51,91.53,129
2026-03-24 10:25:00,91.52,91.61,91.47,91.52,136
2026-03-24 10:30:00,91.54,91.73,91.48,91.66,362
2026-03-24 10:35:00,91.67,91.91,91.67,91.78,569
2026-03-24 10:40:00,91.77,91.79,91.49,91.61,359
2026-03-24 10:45:00,91.62,91.67,91.31,91.53,752
2026-03-24 10:50:00,91.54,91.84,91.5,91.69,401
2026-03-24 10:55:00,91.67,92.08,91.54,92.01,477
2026-03-24 11:00:00,92.0,92.29,91.97,92.23,734
2026-03-24 11:05:00,92.22,92.24,91.83,91.94,517
2026-03-24 11:10:00,91.97,91.97,91.5,91.58,582
2026-03-24 11:15:00,91.58,91.78,91.4,91.62,411
2026-03-24 11:20:00,91.61,91.74,91.5,91.72,307
2026-03-24 11:25:00,91.68,91.69,91.54,91.58,228
2026-03-24 11:30:00,91.59,91.6,90.87,91.18,1800
2026-03-24 11:35:00,91.18,91.48,91.14,91.18,580
2026-03-24 11:40:00,91.17,91.35,90.98,91.22,467
2026-03-24 11:45:00,91.23,91.31,91.08,91.29,322
2026-03-24 11:50:00,91.29,91.31,90.87,91.03,711
2026-03-24 11:55:00,91.04,91.28,90.74,91.2,947
2026-03-24 12:00:00,91.2,91.2,90.79,90.89,676
2026-03-24 12:05:00,90.89,91.2,90.82,91.14,448
2026-03-24 12:10:00,91.17,91.38,91.15,91.29,384
2026-03-24 12:15:00,91.29,91.66,91.24,91.59,884
2026-03-24 12:20:00,91.56,91.58,90.82,90.84,1038
2026-03-24 12:25:00,90.86,90.95,90.61,90.84,941
2026-03-24 12:30:00,90.86,91.08,90.46,90.55,1327
2026-03-24 12:35:00,90.55,90.74,90.24,90.67,1305
2026-03-24 12:40:00,90.67,90.72,90.47,90.55,908
2026-03-24 12:45:00,90.55,90.58,89.83,90.41,2860
2026-03-24 12:50:00,90.41,90.58,90.22,90.58,938
2026-03-24 12:55:00,90.59,90.71,90.36,90.39,1298
2026-03-24 13:00:00,90.39,90.84,90.34,90.71,972
2026-03-24 13:05:00,90.68,90.87,90.62,90.68,613
2026-03-24 13:10:00,90.68,90.74,90.48,90.53,915
2026-03-24 13:15:00,90.56,90.65,90.39,90.42,734
2026-03-24 13:20:00,90.43,90.44,89.74,89.9,2222
2026-03-24 13:25:00,89.9,89.91,89.39,89.44,2510
2026-03-24 13:30:00,89.45,89.78,89.4,89.52,3009
2026-03-24 13:35:00,89.52,89.8,89.32,89.61,2275
2026-03-24 13:40:00,89.61,89.72,89.38,89.41,1374
2026-03-24 13:45:00,89.4,89.85,89.11,89.84,1779
2026-03-24 13:50:00,89.83,90.09,89.72,89.9,1851
2026-03-24 13:55:00,89.89,90.69,89.89,90.48,3430
2026-03-24 14:00:00,90.46,90.6,90.12,90.24,2373
2026-03-24 14:05:00,90.24,90.33,90.02,90.24,1264
2026-03-24 14:10:00,90.24,90.4,89.93,90.28,1203
2026-03-24 14:15:00,90.26,90.26,89.84,89.93,1180
2026-03-24 14:20:00,89.92,90.4,89.82,90.16,1870
2026-03-24 14:25:00,90.17,90.81,90.11,90.54,1329
2026-03-24 14:30:00,90.54,90.76,90.43,90.62,811
2026-03-24 14:35:00,90.61,91.04,90.52,91.01,766
2026-03-24 14:40:00,91.0,91.25,90.86,91.14,864
2026-03-24 14:45:00,91.17,91.19,90.77,90.85,1071
2026-03-24 14:50:00,90.85,91.2,90.82,91.09,441
2026-03-24 14:55:00,91.09,91.34,91.0,91.31,1523
2026-03-24 15:00:00,91.29,91.45,91.09,91.34,1057
2026-03-24 15:05:00,91.32,91.33,91.11,91.11,546
2026-03-24 15:10:00,91.12,91.12,90.5,90.63,1614
2026-03-24 15:15:00,90.62,90.84,90.55,90.62,627
2026-03-24 15:20:00,90.64,90.79,90.47,90.5,762
2026-03-24 15:25:00,90.52,90.54,90.27,90.4,905
2026-03-24 15:30:00,90.42,90.64,90.13,90.55,813
2026-03-24 15:35:00,90.51,90.52,90.03,90.16,612
2026-03-24 15:40:00,90.14,90.14,89.46,89.61,1305
2026-03-24 15:45:00,89.61,89.75,89.43,89.55,963
2026-03-24 15:50:00,89.52,89.91,89.52,89.88,1137
2026-03-24 15:55:00,89.84,90.18,89.75,90.1,888
2026-03-24 16:00:00,90.09,90.3,89.95,90.17,884
2026-03-24 16:05:00,90.16,90.21,89.86,90.04,923
2026-03-24 16:10:00,90.02,90.28,89.86,90.14,913
2026-03-24 16:15:00,90.13,90.57,90.12,90.5,1088
2026-03-24 16:20:00,90.51,90.54,90.25,90.37,728
2026-03-24 16:25:00,90.37,90.57,90.3,90.37,591
2026-03-24 16:30:00,90.37,90.65,90.14,90.36,1372
2026-03-24 16:35:00,90.33,90.42,89.97,90.34,1134
2026-03-24 16:40:00,90.36,90.49,90.21,90.42,1030
2026-03-24 16:45:00,90.43,90.59,90.28,90.35,1029
2026-03-24 16:50:00,90.35,90.48,90.23,90.41,638
2026-03-24 16:55:00,90.41,90.63,90.41,90.58,618
2026-03-24 17:00:00,90.61,90.61,90.29,90.35,663
2026-03-24 17:05:00,90.36,90.56,90.27,90.51,553
2026-03-24 17:10:00,90.52,90.93,90.5,90.9,1431
2026-03-24 17:15:00,90.89,90.95,90.36,90.58,1307
2026-03-24 17:20:00,90.6,91.43,90.53,91.06,3077
2026-03-24 17:25:00,91.07,91.21,90.85,90.87,1211
2026-03-24 17:30:00,90.86,91.15,90.78,91.04,639
2026-03-24 17:35:00,91.05,91.22,90.94,91.19,597
2026-03-24 17:40:00,91.19,91.54,91.14,91.51,2032
2026-03-24 17:45:00,91.48,91.74,91.4,91.59,1865
2026-03-24 17:50:00,91.6,91.8,91.45,91.55,1185
2026-03-24 17:55:00,91.58,91.63,91.19,91.38,1260
2026-03-24 18:00:00,91.4,91.8,91.37,91.74,2095
2026-03-24 18:05:00,91.75,91.93,91.63,91.84,1598
2026-03-24 18:10:00,91.83,91.9,91.68,91.83,1730
2026-03-24 18:15:00,91.84,92.21,91.75,92.02,2542
2026-03-24 18:20:00,92.03,92.05,91.51,91.62,4174
2026-03-24 18:25:00,91.64,91.97,91.63,91.8,2759
2026-03-24 18:30:00,91.79,92.02,91.5,91.54,3984
2026-03-24 18:35:00,91.53,92.57,91.44,92.23,6223
2026-03-24 18:40:00,92.24,92.26,91.78,91.91,2484
2026-03-24 18:45:00,91.91,92.22,91.69,92.16,2970
2026-03-24 18:50:00,92.17,92.48,92.15,92.39,2984
2026-03-24 18:55:00,92.4,92.5,92.02,92.47,2604
2026-03-24 19:00:00,92.48,92.68,92.22,92.27,2892
2026-03-24 19:05:00,92.27,92.37,92.0,92.35,2248
2026-03-24 19:10:00,92.37,92.68,92.3,92.65,1894
2026-03-24 19:15:00,92.66,92.66,92.38,92.44,2150
2026-03-24 19:20:00,92.45,92.45,92.28,92.42,1584
2026-03-24 19:25:00,92.42,92.45,92.07,92.07,1830
2026-03-24 19:30:00,92.08,92.14,91.47,91.53,3462
2026-03-24 19:35:00,91.53,91.68,91.38,91.46,2965
2026-03-24 19:40:00,91.47,91.8,91.27,91.45,2748
2026-03-24 19:45:00,91.46,91.64,91.35,91.58,1571
2026-03-24 19:50:00,91.59,91.74,91.41,91.67,1487
2026-03-24 19:55:00,91.68,91.8,91.55,91.72,1935
2026-03-24 20:00:00,91.71,91.76,91.57,91.7,1816
2026-03-24 20:05:00,91.7,92.31,91.64,92.13,4509
2026-03-24 20:10:00,92.12,92.28,91.84,91.89,2407
2026-03-24 20:15:00,91.88,91.98,91.36,91.91,4430
2026-03-24 20:20:00,91.91,92.08,90.66,91.27,7089
2026-03-24 20:25:00,91.3,91.82,90.52,91.16,7781
2026-03-24 20:30:00,91.15,91.17,90.56,90.97,4109
2026-03-24 20:35:00,90.98,91.43,90.93,91.28,1689
2026-03-24 20:40:00,91.32,91.49,91.27,91.37,1310
2026-03-24 20:45:00,91.38,91.66,91.32,91.59,1317
2026-03-24 20:50:00,91.58,91.64,91.07,91.15,2385
2026-03-24 20:55:00,91.16,91.28,91.0,91.1,1841
2026-03-24 21:00:00,91.11,91.59,91.05,91.38,2738
2026-03-24 21:05:00,91.36,91.55,91.28,91.39,978
2026-03-24 21:10:00,91.37,91.72,91.31,91.63,1626
2026-03-24 21:15:00,91.62,91.79,91.51,91.7,1384
2026-03-24 21:20:00,91.7,91.94,91.38,91.92,2172
2026-03-24 21:25:00,91.91,92.39,91.84,92.23,5897
2026-03-24 21:30:00,92.22,92.51,92.22,92.36,3560
2026-03-24 21:35:00,92.36,92.59,92.25,92.42,2388
2026-03-24 21:40:00,92.42,92.55,92.31,92.48,1925
2026-03-24 21:45:00,92.48,92.54,92.34,92.43,1996
2026-03-24 21:50:00,92.42,92.56,92.13,92.16,2612
2026-03-24 21:55:00,92.16,92.41,92.0,92.02,2475
2026-03-24 22:00:00,92.02,92.25,91.92,92.14,1926
2026-03-24 22:05:00,92.14,92.51,92.14,92.45,1498
2026-03-24 22:10:00,92.45,92.56,92.26,92.33,1696
2026-03-24 22:15:00,92.31,92.49,92.22,92.44,1063
2026-03-24 22:20:00,92.45,92.67,92.36,92.57,1913
2026-03-24 22:25:00,92.56,92.89,92.51,92.64,3703
2026-03-24 22:30:00,92.67,92.88,92.59,92.86,1676
2026-03-24 22:35:00,92.88,93.36,92.86,93.13,5533
2026-03-24 22:40:00,93.12,93.35,93.05,93.2,2582
2026-03-24 22:45:00,93.2,93.2,92.84,92.89,2132
2026-03-24 22:50:00,92.91,93.09,92.82,93.07,1057
2026-03-24 22:55:00,93.06,93.15,92.9,92.93,1179
2026-03-24 23:00:00,92.93,92.96,92.59,92.78,1782
2026-03-24 23:05:00,92.79,92.8,92.53,92.62,2181
2026-03-24 23:10:00,92.63,92.86,92.53,92.86,1340
2026-03-24 23:15:00,92.84,93.02,92.6,92.72,1998
2026-03-24 23:20:00,92.72,92.87,92.32,92.52,2345
2026-03-24 23:25:00,92.56,92.57,91.19,91.76,10658
2026-03-24 23:30:00,91.77,92.01,91.34,91.81,3666
2026-03-24 23:35:00,91.84,92.19,91.68,92.14,2079
2026-03-24 23:40:00,92.1,92.23,91.89,92.23,2022
2026-03-24 23:45:00,92.21,92.62,91.77,91.89,4605
2026-03-24 23:50:00,91.87,92.29,91.76,92.26,1991
2026-03-24 23:55:00,92.26,92.46,92.08,92.29,7677
2026-03-25 00:00:00,92.27,92.5,92.13,92.16,2372
2026-03-25 00:05:00,92.17,92.23,90.95,91.1,4219
2026-03-25 00:10:00,91.14,92.17,91.09,91.83,3341
2026-03-25 00:15:00,91.83,92.07,91.8,91.98,842
2026-03-25 00:20:00,91.97,92.11,91.5,91.71,1798
2026-03-25 00:25:00,91.74,92.12,91.66,91.76,1338
2026-03-25 00:30:00,91.76,91.82,91.22,91.45,1998
2026-03-25 00:35:00,91.44,91.58,91.16,91.34,869
2026-03-25 00:40:00,91.35,91.45,91.22,91.4,565
2026-03-25 00:45:00,91.41,91.59,91.38,91.51,455
2026-03-25 00:50:00,91.51,91.76,91.33,91.49,1340
2026-03-25 00:55:00,91.51,91.65,91.46,91.65,439
2026-03-25 01:00:00,91.65,91.77,91.54,91.58,449
2026-03-25 01:05:00,91.59,91.84,91.59,91.79,744
2026-03-25 01:10:00,91.77,91.8,91.54,91.56,372
2026-03-25 01:15:00,91.55,91.7,91.54,91.6,387
2026-03-25 01:20:00,91.58,91.74,91.56,91.7,365
2026-03-25 01:25:00,91.72,91.99,91.69,91.9,670
2026-03-25 01:30:00,91.9,91.94,91.81,91.81,398
2026-03-25 01:35:00,91.8,91.91,91.77,91.89,137
2026-03-25 01:40:00,91.9,91.95,91.85,91.9,217
2026-03-25 01:45:00,91.89,91.89,91.31,91.33,1090
2026-03-25 01:50:00,91.31,91.39,87.55,87.93,11105
2026-03-25 01:55:00,87.92,89.13,86.34,88.75,9077
2026-03-25 02:00:00,88.76,89.6,88.62,89.21,3275
2026-03-25 02:05:00,89.24,89.47,87.6,88.16,4101
2026-03-25 02:10:00,88.18,89.41,88.17,88.98,2864
2026-03-25 02:15:00,88.93,89.14,88.32,88.34,1472
2026-03-25 02:20:00,88.34,88.79,87.73,88.02,2406
2026-03-25 02:25:00,88.04,88.69,88.02,88.39,1326
2026-03-25 03:30:00,88.49,89.0,88.46,88.61,0
2026-03-25 03:35:00,88.58,88.58,87.8,88.48,1151
2026-03-25 03:40:00,88.48,88.72,88.1,88.61,457
2026-03-25 03:45:00,88.68,89.1,88.64,89.05,819
2026-03-25 03:50:00,89.04,89.13,88.78,88.99,517
2026-03-25 03:55:00,88.97,89.36,88.96,88.96,488
2026-03-25 04:00:00,88.96,88.98,88.75,88.79,303
2026-03-25 04:05:00,88.8,88.99,88.8,88.89,228
2026-03-25 04:10:00,88.88,88.99,88.7,88.7,213
2026-03-25 04:15:00,88.74,88.75,88.44,88.72,492
2026-03-25 04:20:00,88.72,88.93,88.67,88.87,132
2026-03-25 04:25:00,88.86,88.91,88.69,88.78,191
2026-03-25 04:30:00,88.75,88.93,88.57,88.93,218
2026-03-25 04:35:00,88.91,88.99,88.75,88.93,280
2026-03-25 04:40:00,88.95,89.0,88.87,88.98,216
2026-03-25 04:45:00,88.97,89.0,88.82,88.87,383
2026-03-25 04:50:00,88.85,88.89,88.65,88.72,235
2026-03-25 04:55:00,88.72,88.85,88.63,88.63,201
2026-03-25 05:00:00,88.62,88.8,88.58,88.63,369
2026-03-25 05:05:00,88.67,88.68,88.51,88.66,221
2026-03-25 05:10:00,88.64,88.91,88.63,88.72,432
2026-03-25 05:15:00,88.72,88.88,88.65,88.86,121
2026-03-25 05:20:00,88.84,88.86,88.76,88.83,119
2026-03-25 05:25:00,88.84,88.9,88.83,88.86,88
2026-03-25 05:30:00,88.89,89.0,88.24,88.66,1981
2026-03-25 05:35:00,88.67,88.89,88.11,88.15,1341
2026-03-25 05:40:00,88.15,88.38,87.5,87.81,2009
2026-03-25 05:45:00,87.81,87.9,87.5,87.65,1307
2026-03-25 05:50:00,87.66,87.96,87.14,87.49,894
2026-03-25 05:55:00,87.53,87.7,87.49,87.63,422
2026-03-25 06:00:00,87.65,88.19,87.28,87.33,1911
2026-03-25 06:05:00,87.32,87.33,86.72,86.85,1324
2026-03-25 06:10:00,86.89,87.39,86.83,87.35,815
2026-03-25 06:15:00,87.35,87.57,87.27,87.57,524
2026-03-25 06:20:00,87.57,87.8,87.55,87.72,713
2026-03-25 06:25:00,87.73,87.87,87.53,87.79,488
2026-03-25 06:30:00,87.79,87.96,87.12,87.23,1383
2026-03-25 06:35:00,87.21,87.53,86.85,87.19,1111
2026-03-25 06:40:00,87.21,87.35,86.79,87.33,804
2026-03-25 06:45:00,87.35,87.74,87.3,87.5,887
2026-03-25 06:50:00,87.52,87.52,87.11,87.28,611
2026-03-25 06:55:00,87.29,87.67,87.29,87.54,309
2026-03-25 07:00:00,87.55,87.71,87.42,87.5,274
2026-03-25 07:05:00,87.48,87.7,87.36,87.61,306
2026-03-25 07:10:00,87.64,88.08,87.49,87.57,997
2026-03-25 07:15:00,87.58,87.69,87.42,87.53,216
2026-03-25 07:20:00,87.58,87.65,87.4,87.49,851
2026-03-25 07:25:00,87.48,87.6,87.4,87.59,216
2026-03-25 07:30:00,87.6,87.67,87.51,87.53,309
2026-03-25 07:35:00,87.54,87.77,87.32,87.73,633
2026-03-25 07:40:00,87.75,88.13,87.73,87.94,598
2026-03-25 07:45:00,87.93,88.03,87.86,87.96,213
2026-03-25 07:50:00,87.98,88.15,87.96,88.0,210
2026-03-25 07:55:00,88.0,88.19,87.92,88.15,271
2026-03-25 08:00:00,88.16,88.39,88.0,88.34,504
2026-03-25 08:05:00,88.35,88.42,88.08,88.34,574
2026-03-25 08:10:00,88.36,88.58,88.25,88.55,433
2026-03-25 08:15:00,88.51,88.75,88.34,88.62,647
2026-03-25 08:20:00,88.59,88.89,88.34,88.88,581
2026-03-25 08:25:00,88.89,89.17,88.81,89.0,864
2026-03-25 08:30:00,89.03,89.13,88.73,88.77,915
2026-03-25 08:35:00,88.81,88.85,88.46,88.49,635
2026-03-25 08:40:00,88.52,88.6,88.41,88.54,334
2026-03-25 08:45:00,88.52,88.59,88.37,88.59,311
2026-03-25 08:50:00,88.62,88.88,88.55,88.88,332
2026-03-25 08:55:00,88.85,88.85,88.57,88.68,345
2026-03-25 09:00:00,88.67,88.96,88.65,88.79,464
2026-03-25 09:05:00,88.79,88.84,88.66,88.76,293
2026-03-25 09:10:00,88.76,89.23,88.72,89.2,1097
2026-03-25 09:15:00,89.19,89.19,89.0,89.13,184
2026-03-25 09:20:00,89.13,89.15,88.89,88.98,219
2026-03-25 09:25:00,88.96,88.98,88.84,88.94,72
2026-03-25 09:30:00,88.96,89.1,88.84,88.89,372
2026-03-25 09:35:00,88.88,88.89,88.75,88.77,257
2026-03-25 09:40:00,88.76,88.8,88.46,88.55,587
2026-03-25 09:45:00,88.55,88.64,88.5,88.58,170
2026-03-25 09:50:00,88.58,88.59,88.38,88.4,177
2026-03-25 09:55:00,88.41,88.55,88.32,88.52,356
2026-03-25 10:00:00,88.55,88.61,88.49,88.58,146
2026-03-25 10:05:00,88.57,88.74,88.46,88.59,282
2026-03-25 10:10:00,88.61,88.7,88.48,88.6,265
2026-03-25 10:15:00,88.62,88.75,88.51,88.59,153
2026-03-25 10:20:00,88.57,88.59,88.44,88.46,448
2026-03-25 10:25:00,88.47,88.51,88.28,88.33,287
2026-03-25 10:30:00,88.37,88.64,88.36,88.61,117
2026-03-25 10:35:00,88.63,88.84,88.6,88.8,220
2026-03-25 10:40:00,88.8,88.84,88.45,88.72,322
2026-03-25 10:45:00,88.72,88.74,88.61,88.64,145
2026-03-25 10:50:00,88.65,88.73,88.56,88.69,141
2026-03-25 10:55:00,88.71,88.91,88.69,88.86,210
2026-03-25 11:00:00,88.89,89.04,88.81,88.93,313
2026-03-25 11:05:00,88.92,88.99,88.82,88.93,232
2026-03-25 11:10:00,88.95,88.97,88.69,88.7,257
2026-03-25 11:15:00,88.71,89.15,88.69,89.03,395
2026-03-25 11:20:00,89.05,89.26,89.02,89.15,426
2026-03-25 11:25:00,89.18,89.35,89.11,89.17,474
2026-03-25 11:30:00,89.15,89.44,89.14,89.32,555
2026-03-25 11:35:00,89.32,89.48,89.24,89.31,462
2026-03-25 11:40:00,89.32,89.33,89.15,89.27,380
2026-03-25 11:45:00,89.26,89.3,89.01,89.01,596
2026-03-25 11:50:00,89.01,89.15,88.91,89.13,326
2026-03-25 11:55:00,89.14,89.37,89.05,89.36,292
2026-03-25 12:00:00,89.34,89.36,89.22,89.32,161
2026-03-25 12:05:00,89.29,89.5,89.25,89.27,362
2026-03-25 12:10:00,89.25,89.51,89.19,89.49,408
2026-03-25 12:15:00,89.46,89.57,89.37,89.44,337
2026-03-25 12:20:00,89.45,89.46,89.18,89.3,524
2026-03-25 12:25:00,89.29,89.38,89.12,89.22,369
2026-03-25 12:30:00,89.21,89.21,88.94,89.04,691
2026-03-25 12:35:00,89.04,89.21,88.87,89.16,709
2026-03-25 12:40:00,89.15,89.2,88.82,88.89,557
2026-03-25 12:45:00,88.88,88.92,88.68,88.87,572
2026-03-25 12:50:00,88.88,89.26,88.87,89.13,727
2026-03-25 12:55:00,89.12,89.2,89.0,89.04,379
2026-03-25 13:00:00,89.04,89.13,88.64,88.89,785
2026-03-25 13:05:00,88.87,88.94,88.63,88.72,394
2026-03-25 13:10:00,88.7,88.71,88.4,88.56,1482
2026-03-25 13:15:00,88.58,88.7,88.25,88.29,684
2026-03-25 13:20:00,88.31,88.65,88.31,88.47,795
2026-03-25 13:25:00,88.45,88.53,88.27,88.37,736
2026-03-25 13:30:00,88.35,88.54,88.18,88.25,939
2026-03-25 13:35:00,88.25,88.41,87.63,88.13,2142
2026-03-25 13:40:00,88.12,88.22,87.88,87.95,760
2026-03-25 13:45:00,87.95,87.97,87.39,87.53,1603
2026-03-25 13:50:00,87.52,87.58,87.25,87.31,2445
2026-03-25 13:55:00,87.33,87.37,86.77,87.1,4416
2026-03-25 14:00:00,87.09,87.32,86.61,86.68,2420
2026-03-25 14:05:00,86.67,87.52,86.59,87.34,3873
2026-03-25 14:10:00,87.33,87.38,86.93,87.22,1614
2026-03-25 14:15:00,87.2,87.5,87.19,87.31,1223
2026-03-25 14:20:00,87.32,87.76,87.27,87.75,1147
2026-03-25 14:25:00,87.75,87.77,87.46,87.63,724
2026-03-25 14:30:00,87.61,87.61,87.37,87.43,1103
2026-03-25 14:35:00,87.44,87.55,87.21,87.48,613
2026-03-25 14:40:00,87.46,87.52,87.22,87.39,556
2026-03-25 14:45:00,87.38,87.81,87.32,87.62,1542
2026-03-25 14:50:00,87.6,88.05,87.48,88.04,936
2026-03-25 14:55:00,88.05,88.29,88.02,88.25,1198
2026-03-25 15:00:00,88.25,88.25,87.93,88.03,987
2026-03-25 15:05:00,88.04,88.2,87.98,88.14,468
2026-03-25 15:10:00,88.13,88.59,88.11,88.55,999
2026-03-25 15:15:00,88.56,88.79,88.48,88.6,1152
2026-03-25 15:20:00,88.62,88.66,88.33,88.42,1147
2026-03-25 15:25:00,88.42,88.46,87.18,87.75,3129
2026-03-25 15:30:00,87.71,87.77,87.02,87.27,2419
2026-03-25 15:35:00,87.25,87.57,87.21,87.43,714
2026-03-25 15:40:00,87.41,87.55,87.26,87.3,667
2026-03-25 15:45:00,87.31,87.59,87.04,87.42,814
2026-03-25 15:50:00,87.43,87.73,87.39,87.55,688
2026-03-25 15:55:00,87.57,87.78,87.5,87.69,534
2026-03-25 16:00:00,87.7,87.94,87.66,87.8,588
2026-03-25 16:05:00,87.83,87.87,87.49,87.54,403
2026-03-25 16:10:00,87.55,87.84,87.43,87.8,644
2026-03-25 16:15:00,87.81,87.81,87.28,87.33,645
2026-03-25 16:20:00,87.3,87.43,86.91,87.06,1650
2026-03-25 16:25:00,87.07,87.24,86.9,87.09,941
2026-03-25 16:30:00,87.1,87.2,86.69,86.81,1483
2026-03-25 16:35:00,86.81,87.0,86.69,86.77,981
2026-03-25 16:40:00,86.78,86.93,86.46,86.65,1653
2026-03-25 16:45:00,86.65,86.88,86.56,86.88,959
2026-03-25 16:50:00,86.88,86.98,86.64,86.75,793
2026-03-25 16:55:00,86.76,86.98,86.59,86.85,1333
2026-03-25 17:00:00,86.84,87.14,86.68,87.13,965
2026-03-25 17:05:00,87.14,87.17,86.91,87.12,661
2026-03-25 17:10:00,87.11,87.29,87.09,87.24,603
2026-03-25 17:15:00,87.25,87.96,87.09,87.7,3891
2026-03-25 17:20:00,87.7,87.96,87.24,87.39,2968
2026-03-25 17:25:00,87.37,87.57,87.24,87.26,966
2026-03-25 17:30:00,87.25,87.54,87.03,87.32,1191
2026-03-25 17:35:00,87.31,87.4,87.04,87.16,918
2026-03-25 17:40:00,87.15,87.43,87.06,87.19,1130
2026-03-25 17:45:00,87.17,88.43,87.17,88.41,4142
2026-03-25 17:50:00,88.42,88.87,87.92,88.8,5424
2026-03-25 17:55:00,88.76,89.05,88.45,88.88,4219
2026-03-25 18:00:00,88.88,89.39,88.82,88.88,3531
2026-03-25 18:05:00,88.86,89.01,88.32,88.37,2724
2026-03-25 18:10:00,88.38,88.62,88.3,88.56,2240
2026-03-25 18:15:00,88.55,88.7,88.31,88.5,1791
2026-03-25 18:20:00,88.49,88.61,88.36,88.48,1257
2026-03-25 18:25:00,88.48,88.54,88.26,88.46,1120
2026-03-25 18:30:00,88.45,88.76,87.78,87.87,6431
2026-03-25 18:35:00,87.87,87.96,87.56,87.83,2017
2026-03-25 18:40:00,87.84,87.85,87.51,87.63,1624
2026-03-25 18:45:00,87.6,87.79,87.42,87.45,1933
2026-03-25 18:50:00,87.48,87.79,87.46,87.58,1379
2026-03-25 18:55:00,87.59,87.84,87.44,87.68,1435
2026-03-25 19:00:00,87.68,87.95,87.46,87.87,2179
2026-03-25 19:05:00,87.86,88.15,87.56,87.77,3531
2026-03-25 19:10:00,87.75,88.1,87.5,88.05,3248
2026-03-25 19:15:00,88.04,88.5,87.95,88.47,3254
2026-03-25 19:20:00,88.45,88.81,88.42,88.52,5196
2026-03-25 19:25:00,88.52,88.79,88.25,88.69,5215
2026-03-25 19:30:00,88.7,88.91,88.37,88.6,3304
2026-03-25 19:35:00,88.61,88.98,88.48,88.79,3999
2026-03-25 19:40:00,88.79,89.03,88.64,88.67,2147
2026-03-25 19:45:00,88.68,88.73,88.5,88.69,1577
2026-03-25 19:50:00,88.68,89.0,88.46,88.93,2245
2026-03-25 19:55:00,88.92,89.04,88.26,88.54,3755
2026-03-25 20:00:00,88.61,88.8,88.39,88.57,2068
2026-03-25 20:05:00,88.56,88.81,88.47,88.69,1683
2026-03-25 20:10:00,88.7,88.89,88.63,88.83,1601
2026-03-25 20:15:00,88.82,88.83,88.44,88.53,2222
2026-03-25 20:20:00,88.52,88.88,88.52,88.87,1448
2026-03-25 20:25:00,88.87,89.18,88.87,89.02,2680
2026-03-25 20:30:00,89.02,89.09,88.84,88.93,1742
2026-03-25 20:35:00,88.93,89.08,88.85,89.02,1463
2026-03-25 20:40:00,89.01,89.69,88.96,89.55,4736
2026-03-25 20:45:00,89.56,90.19,89.47,89.97,7097
2026-03-25 20:50:00,89.96,89.99,89.56,89.66,3538
2026-03-25 20:55:00,89.7,89.84,89.4,89.44,1767
2026-03-25 21:00:00,89.45,89.5,89.09,89.27,2381
2026-03-25 21:05:00,89.27,89.72,89.21,89.64,2270
2026-03-25 21:10:00,89.63,89.8,89.52,89.71,1594
2026-03-25 21:15:00,89.72,90.0,89.72,89.94,3171
2026-03-25 21:20:00,89.94,90.25,89.82,90.06,3402
2026-03-25 21:25:00,90.05,90.39,89.96,90.34,3973
2026-03-25 21:30:00,90.36,90.68,90.26,90.38,5486
2026-03-25 21:35:00,90.38,90.48,90.09,90.17,2848
2026-03-25 21:40:00,90.17,90.56,90.17,90.3,2278
2026-03-25 21:45:00,90.31,90.36,90.14,90.31,2273
2026-03-25 21:50:00,90.3,90.36,89.48,89.56,2561
2026-03-25 21:55:00,89.55,90.17,89.36,89.99,5552
2026-03-25 22:00:00,89.99,90.26,89.76,89.91,1964
2026-03-25 22:05:00,89.9,90.29,89.81,90.26,2460
2026-03-25 22:10:00,90.25,90.34,90.11,90.2,1850
2026-03-25 22:15:00,90.19,90.33,90.02,90.3,2430
2026-03-25 22:20:00,90.3,90.5,90.15,90.25,3847
2026-03-25 22:25:00,90.27,90.35,90.12,90.19,1240
2026-03-25 22:30:00,90.18,90.36,89.93,90.29,1923
2026-03-25 22:35:00,90.31,90.8,90.29,90.74,3319
2026-03-25 22:40:00,90.76,90.76,90.5,90.6,1902
2026-03-25 22:45:00,90.61,90.95,90.34,90.58,5224
2026-03-25 22:50:00,90.58,90.88,90.56,90.77,2076
2026-03-25 22:55:00,90.77,90.77,90.19,90.41,3128
2026-03-25 23:00:00,90.39,90.56,90.0,90.01,1971
2026-03-25 23:05:00,90.02,90.19,89.9,90.07,2155
2026-03-25 23:10:00,90.07,90.17,89.64,90.1,3534
2026-03-25 23:15:00,90.08,90.18,89.87,90.13,1580
2026-03-25 23:20:00,90.14,90.49,89.81,90.36,3210
2026-03-25 23:25:00,90.35,90.45,89.23,90.31,5686
2026-03-25 23:30:00,90.32,90.49,90.24,90.36,1452
2026-03-25 23:35:00,90.38,90.46,90.12,90.22,1996
2026-03-25 23:40:00,90.22,90.54,90.09,90.32,2195
2026-03-25 23:45:00,90.33,90.48,90.13,90.17,2327
2026-03-25 23:50:00,90.16,90.23,89.92,89.97,2356
2026-03-25 23:55:00,89.97,90.43,89.91,90.33,11200
2026-03-26 00:00:00,90.32,90.32,90.03,90.09,1901
2026-03-26 00:05:00,90.1,90.21,90.01,90.14,1066
2026-03-26 00:10:00,90.15,90.5,90.06,90.48,1520
2026-03-26 00:15:00,90.48,90.78,90.46,90.6,2396
2026-03-26 00:20:00,90.61,90.78,90.52,90.76,1437
2026-03-26 00:25:00,90.77,91.38,90.77,91.21,3931
2026-03-26 00:30:00,91.24,91.73,91.0,91.2,2620
2026-03-26 00:35:00,91.22,91.28,91.04,91.09,760
2026-03-26 00:40:00,91.08,91.13,90.84,90.85,740
2026-03-26 00:45:00,90.87,90.91,90.68,90.86,871
2026-03-26 00:50:00,90.85,90.86,90.67,90.79,411
2026-03-26 00:55:00,90.8,90.87,90.56,90.67,797
2026-03-26 01:00:00,90.68,90.92,90.68,90.91,299
2026-03-26 01:05:00,90.93,90.94,90.76,90.79,362
2026-03-26 01:10:00,90.8,91.0,90.79,90.99,899
2026-03-26 01:15:00,90.99,91.15,90.94,91.09,543
2026-03-26 01:20:00,91.1,91.12,90.96,91.1,467
2026-03-26 01:25:00,91.09,91.09,90.93,90.95,295
2026-03-26 01:30:00,90.94,91.26,90.94,91.2,495
2026-03-26 01:35:00,91.18,91.22,91.09,91.17,213
2026-03-26 01:40:00,91.16,91.27,91.16,91.24,257
2026-03-26 01:45:00,91.23,91.34,91.15,91.19,284
2026-03-26 01:50:00,91.17,91.36,91.17,91.33,286
2026-03-26 01:55:00,91.33,91.39,91.27,91.29,434
2026-03-26 02:00:00,91.29,91.42,91.27,91.35,271
2026-03-26 02:05:00,91.32,91.34,91.22,91.27,221
2026-03-26 02:10:00,91.27,91.32,91.2,91.3,274
2026-03-26 02:15:00,91.29,91.5,91.27,91.43,945
2026-03-26 02:20:00,91.43,91.46,91.34,91.37,434
2026-03-26 02:25:00,91.37,91.42,91.27,91.29,610
2026-03-26 03:30:00,91.38,91.42,91.0,91.27,0
2026-03-26 03:35:00,91.27,91.27,90.95,91.02,231
2026-03-26 03:40:00,90.99,91.17,90.88,91.1,444
2026-03-26 03:45:00,91.1,91.16,91.08,91.1,88
2026-03-26 03:50:00,91.13,91.23,91.1,91.23,68
2026-03-26 03:55:00,91.24,91.29,91.16,91.16,74
2026-03-26 04:00:00,91.17,91.21,91.0,91.02,138
2026-03-26 04:05:00,91.0,91.08,90.97,91.0,229
2026-03-26 04:10:00,91.01,91.06,91.0,91.06,35
2026-03-26 04:15:00,91.03,91.06,91.0,91.01,82
2026-03-26 04:20:00,91.0,91.08,90.91,91.06,129
2026-03-26 04:25:00,91.06,91.09,90.97,91.0,40
2026-03-26 04:30:00,90.98,91.0,90.81,90.83,172
2026-03-26 04:35:00,90.84,90.95,90.71,90.89,223
2026-03-26 04:40:00,90.89,90.98,90.89,90.97,79
2026-03-26 04:45:00,90.97,90.98,90.87,90.9,108
2026-03-26 04:50:00,90.93,91.15,90.91,91.12,131
2026-03-26 04:55:00,91.1,91.1,90.97,91.05,83
2026-03-26 05:00:00,91.07,91.23,90.96,90.97,170
2026-03-26 05:05:00,90.96,91.05,90.9,90.97,132
2026-03-26 05:10:00,90.99,91.03,90.93,90.96,67
2026-03-26 05:15:00,90.98,91.03,90.91,90.96,60
2026-03-26 05:20:00,90.96,91.04,90.94,91.04,336
2026-03-26 05:25:00,91.05,91.08,91.02,91.08,71
2026-03-26 05:30:00,91.08,91.4,90.95,91.24,859
2026-03-26 05:35:00,91.24,91.46,91.18,91.38,541
2026-03-26 05:40:00,91.38,91.55,91.25,91.32,445
2026-03-26 05:45:00,91.3,91.3,91.09,91.1,407
2026-03-26 05:50:00,91.12,91.17,91.03,91.11,285
2026-03-26 05:55:00,91.14,91.4,91.12,91.24,316
2026-03-26 06:00:00,91.25,91.31,91.1,91.16,245
2026-03-26 06:05:00,91.16,91.25,91.05,91.24,200
2026-03-26 06:10:00,91.25,91.36,91.24,91.33,218
2026-03-26 06:15:00,91.33,91.52,91.32,91.43,368
2026-03-26 06:20:00,91.42,91.6,91.38,91.54,378
2026-03-26 06:25:00,91.52,91.55,91.18,91.24,489
2026-03-26 06:30:00,91.2,91.35,90.94,91.28,1008
2026-03-26 06:35:00,91.27,91.57,91.25,91.45,733
2026-03-26 06:40:00,91.42,91.61,91.38,91.48,678
2026-03-26 06:45:00,91.45,91.58,91.42,91.57,177
2026-03-26 06:50:00,91.58,91.58,91.41,91.42,178
2026-03-26 06:55:00,91.43,91.57,91.36,91.37,192
2026-03-26 07:00:00,91.36,91.48,91.2,91.22,287
2026-03-26 07:05:00,91.22,91.44,91.21,91.36,221
2026-03-26 07:10:00,91.36,91.4,91.21,91.35,226
2026-03-26 07:15:00,91.34,91.5,91.27,91.35,245
2026-03-26 07:20:00,91.33,91.46,91.28,91.36,269
2026-03-26 07:25:00,91.38,91.4,91.25,91.27,151
2026-03-26 07:30:00,91.29,91.33,91.08,91.13,270
2026-03-26 07:35:00,91.12,91.5,91.12,91.39,392
2026-03-26 07:40:00,91.39,91.51,91.34,91.39,242
2026-03-26 07:45:00,91.38,91.46,91.34,91.45,216
2026-03-26 07:50:00,91.46,91.5,91.33,91.37,240
2026-03-26 07:55:00,91.35,91.38,91.28,91.38,210
2026-03-26 08:00:00,91.36,91.72,91.32,91.55,528
2026-03-26 08:05:00,91.55,91.63,91.43,91.5,290
2026-03-26 08:10:00,91.47,91.52,91.38,91.47,240
2026-03-26 08:15:00,91.48,91.62,91.44,91.58,431
2026-03-26 08:20:00,91.59,91.92,91.59,91.86,734
2026-03-26 08:25:00,91.87,91.99,91.85,91.9,916
2026-03-26 08:30:00,91.91,92.1,91.84,91.94,794
2026-03-26 08:35:00,91.93,92.03,91.85,91.9,284
2026-03-26 08:40:00,91.9,91.9,91.66,91.71,307
2026-03-26 08:45:00,91.68,91.85,91.67,91.85,233
2026-03-26 08:50:00,91.85,91.85,91.74,91.81,99
2026-03-26 08:55:00,91.83,91.85,91.75,91.81,167
2026-03-26 09:00:00,91.8,91.82,91.65,91.67,212
2026-03-26 09:05:00,91.68,91.7,91.61,91.65,203
2026-03-26 09:10:00,91.65,91.72,91.58,91.7,382
2026-03-26 09:15:00,91.68,91.76,91.67,91.75,403
2026-03-26 09:20:00,91.76,91.79,91.67,91.7,270
2026-03-26 09:25:00,91.7,91.79,91.7,91.72,109
2026-03-26 09:30:00,91.75,91.85,91.74,91.81,155
2026-03-26 09:35:00,91.81,91.88,91.64,91.67,241
2026-03-26 09:40:00,91.69,91.72,91.62,91.68,103
2026-03-26 09:45:00,91.67,91.74,91.63,91.73,79
2026-03-26 09:50:00,91.75,91.84,91.72,91.77,111
2026-03-26 09:55:00,91.76,91.81,91.68,91.81,167
2026-03-26 10:00:00,91.79,91.86,91.79,91.84,105
2026-03-26 10:05:00,91.84,91.88,91.8,91.84,223
2026-03-26 10:10:00,91.84,91.9,91.81,91.88,70
2026-03-26 10:15:00,91.88,91.9,91.83,91.83,64
2026-03-26 10:20:00,91.84,92.0,91.82,91.96,372
2026-03-26 10:25:00,91.96,92.15,91.9,92.07,759
2026-03-26 10:30:00,92.08,92.18,92.04,92.06,464
2026-03-26 10:35:00,92.06,92.17,91.98,92.09,291
2026-03-26 10:40:00,92.09,92.17,92.07,92.14,189
2026-03-26 10:45:00,92.15,92.23,92.1,92.17,230
2026-03-26 10:50:00,92.16,92.2,92.0,92.06,537
2026-03-26 10:55:00,92.05,92.13,92.0,92.1,593
2026-03-26 11:00:00,92.11,92.23,92.05,92.13,688
2026-03-26 11:05:00,92.14,92.15,91.92,92.09,430
2026-03-26 11:10:00,92.09,92.31,92.08,92.27,334
2026-03-26 11:15:00,92.27,92.43,92.21,92.35,540
2026-03-26 11:20:00,92.32,92.32,92.19,92.3,345
2026-03-26 11:25:00,92.3,92.37,92.24,92.34,373
2026-03-26 11:30:00,92.34,92.47,92.3,92.34,474
2026-03-26 11:35:00,92.35,92.47,92.34,92.35,616
2026-03-26 11:40:00,92.36,92.47,92.33,92.47,355
2026-03-26 11:45:00,92.47,92.47,92.31,92.39,251
2026-03-26 11:50:00,92.4,92.48,92.34,92.39,301
2026-03-26 11:55:00,92.41,92.41,92.11,92.23,1049
2026-03-26 12:00:00,92.22,92.5,92.13,92.35,1121
2026-03-26 12:05:00,92.35,92.35,92.14,92.17,554
2026-03-26 12:10:00,92.17,92.4,92.17,92.25,681
2026-03-26 12:15:00,92.26,92.29,92.1,92.27,534
2026-03-26 12:20:00,92.29,92.34,92.21,92.28,307
2026-03-26 12:25:00,92.29,92.31,92.18,92.31,396
2026-03-26 12:30:00,92.31,92.7,92.29,92.56,1222
2026-03-26 12:35:00,92.57,92.89,92.55,92.76,1361
2026-03-26 12:40:00,92.75,92.94,92.61,92.87,560
2026-03-26 12:45:00,92.88,93.03,92.78,92.93,1447
2026-03-26 12:50:00,92.94,93.22,92.78,92.89,1493
2026-03-26 12:55:00,92.89,93.09,92.87,93.05,407
2026-03-26 13:00:00,93.04,93.21,93.0,93.06,567
2026-03-26 13:05:00,93.06,93.2,93.02,93.13,445
2026-03-26 13:10:00,93.12,93.33,93.02,93.04,1045
2026-03-26 13:15:00,93.05,93.07,92.84,92.88,599
2026-03-26 13:20:00,92.87,93.22,92.83,93.18,526
2026-03-26 13:25:00,93.18,93.25,93.07,93.08,516
2026-03-26 13:30:00,93.05,93.05,92.82,92.86,687
2026-03-26 13:35:00,92.88,92.96,92.76,92.91,587
2026-03-26 13:40:00,92.92,93.1,92.7,92.99,1162
2026-03-26 13:45:00,93.0,93.03,92.8,92.81,670
2026-03-26 13:50:00,92.82,93.12,92.76,93.02,829
2026-03-26 13:55:00,93.02,93.66,92.76,93.58,2355
2026-03-26 14:00:00,93.55,93.82,93.44,93.75,2183
2026-03-26 14:05:00,93.76,94.13,93.68,93.82,3199
2026-03-26 14:10:00,93.82,93.89,93.65,93.8,962
2026-03-26 14:15:00,93.82,93.92,93.7,93.84,562
2026-03-26 14:20:00,93.85,93.86,93.56,93.62,782
2026-03-26 14:25:00,93.63,93.7,93.4,93.66,1230
2026-03-26 14:30:00,93.64,93.8,93.48,93.53,1071
2026-03-26 14:35:00,93.54,93.57,93.2,93.37,1240
2026-03-26 14:40:00,93.37,93.6,93.28,93.58,762
2026-03-26 14:45:00,93.59,93.81,93.53,93.73,1111
2026-03-26 14:50:00,93.73,93.91,93.67,93.74,792
2026-03-26 14:55:00,93.73,93.8,93.58,93.68,765
2026-03-26 15:00:00,93.68,93.95,93.49,93.55,1674
2026-03-26 15:05:00,93.55,93.62,93.35,93.45,1004
2026-03-26 15:10:00,93.45,93.67,93.37,93.65,672
2026-03-26 15:15:00,93.63,93.73,93.5,93.56,595
2026-03-26 15:20:00,93.57,93.63,93.37,93.42,654
2026-03-26 15:25:00,93.41,93.62,93.25,93.51,951
2026-03-26 15:30:00,93.51,93.75,93.51,93.64,758
2026-03-26 15:35:00,93.65,93.68,93.12,93.32,996
2026-03-26 15:40:00,93.32,93.45,93.03,93.04,504
2026-03-26 15:45:00,93.06,93.3,92.91,93.21,1179
2026-03-26 15:50:00,93.21,93.25,92.89,93.03,533
2026-03-26 15:55:00,93.05,93.05,92.72,92.9,1433
2026-03-26 16:00:00,92.88,92.94,92.66,92.8,1121
2026-03-26 16:05:00,92.81,93.28,92.66,93.21,1620
2026-03-26 16:10:00,93.26,93.3,93.04,93.1,737
2026-03-26 16:15:00,93.1,93.51,92.98,93.31,1068
2026-03-26 16:20:00,93.29,93.36,93.16,93.34,650
2026-03-26 16:25:00,93.33,93.35,93.17,93.25,501
2026-03-26 16:30:00,93.24,93.46,93.1,93.27,922
2026-03-26 16:35:00,93.27,93.28,93.11,93.14,601
2026-03-26 16:40:00,93.15,93.31,93.04,93.3,629
2026-03-26 16:45:00,93.3,93.45,93.2,93.3,747
2026-03-26 16:50:00,93.29,93.45,93.28,93.39,566
2026-03-26 16:55:00,93.39,93.72,93.39,93.59,994
2026-03-26 17:00:00,93.6,93.97,93.57,93.73,1290
2026-03-26 17:05:00,93.74,93.89,93.69,93.87,877
2026-03-26 17:10:00,93.88,94.26,93.8,94.14,1385
2026-03-26 17:15:00,94.16,94.37,94.09,94.33,1133
2026-03-26 17:20:00,94.32,94.52,94.25,94.31,1334
2026-03-26 17:25:00,94.32,94.84,94.32,94.66,1644
2026-03-26 17:30:00,94.68,94.82,94.54,94.56,1356
2026-03-26 17:35:00,94.57,94.61,94.25,94.44,1477
2026-03-26 17:40:00,94.44,94.45,94.14,94.2,1574
2026-03-26 17:45:00,94.21,94.28,93.96,94.05,1062
2026-03-26 17:50:00,94.07,94.23,94.02,94.15,1300
2026-03-26 17:55:00,94.15,94.2,94.0,94.07,1417
2026-03-26 18:00:00,94.06,94.38,94.06,94.37,1362
2026-03-26 18:05:00,94.39,94.48,94.3,94.33,1025
2026-03-26 18:10:00,94.34,94.57,94.3,94.51,1030
2026-03-26 18:15:00,94.51,94.54,94.24,94.32,1348
2026-03-26 18:20:00,94.34,94.63,94.31,94.46,3186
2026-03-26 18:25:00,94.46,94.63,94.35,94.43,1689
2026-03-26 18:30:00,94.43,94.48,93.94,94.1,3308
2026-03-26 18:35:00,94.09,94.27,94.01,94.09,1413
2026-03-26 18:40:00,94.1,94.22,93.4,93.86,2766
2026-03-26 18:45:00,93.87,94.0,93.58,93.94,2186
2026-03-26 18:50:00,93.95,93.97,93.76,93.82,1251
2026-03-26 18:55:00,93.84,93.91,93.59,93.63,1644
2026-03-26 19:00:00,93.63,94.07,93.57,93.91,2205
2026-03-26 19:05:00,93.91,94.12,93.64,94.0,3214
2026-03-26 19:10:00,94.02,94.14,93.36,93.39,3142
2026-03-26 19:15:00,93.39,93.57,93.17,93.45,4024
2026-03-26 19:20:00,93.43,93.43,92.86,92.98,4045
2026-03-26 19:25:00,92.99,93.46,92.72,92.86,5234
2026-03-26 19:30:00,92.88,93.19,92.63,92.82,2874
2026-03-26 19:35:00,92.82,93.1,92.72,92.94,2218
2026-03-26 19:40:00,92.95,93.08,92.66,92.7,2516
2026-03-26 19:45:00,92.69,93.02,92.63,92.95,3048
2026-03-26 19:50:00,92.94,93.14,92.89,93.04,2473
2026-03-26 19:55:00,93.04,93.18,92.88,93.05,2400
2026-03-26 20:00:00,93.05,93.13,92.6,92.75,2216
2026-03-26 20:05:00,92.73,93.15,92.43,93.05,3988
2026-03-26 20:10:00,93.04,93.74,92.62,93.63,6876
2026-03-26 20:15:00,93.65,93.92,93.32,93.74,4038
2026-03-26 20:20:00,93.72,94.01,93.52,94.01,2859
2026-03-26 20:25:00,94.01,94.19,93.63,93.7,5268
2026-03-26 20:30:00,93.68,94.02,93.49,94.02,2837
2026-03-26 20:35:00,94.01,94.24,93.6,94.23,4029
2026-03-26 20:40:00,94.24,94.28,94.04,94.16,2107
2026-03-26 20:45:00,94.16,94.33,94.12,94.24,1903
2026-03-26 20:50:00,94.24,94.25,93.94,94.03,1788
2026-03-26 20:55:00,94.03,94.15,94.0,94.05,1130
2026-03-26 21:00:00,94.05,94.4,94.05,94.29,2298
2026-03-26 21:05:00,94.29,94.45,94.02,94.37,2634
2026-03-26 21:10:00,94.36,94.74,94.36,94.55,2062
2026-03-26 21:15:00,94.56,94.6,93.86,94.23,4192
2026-03-26 21:20:00,94.24,94.47,94.16,94.43,1733
2026-03-26 21:25:00,94.42,94.74,94.38,94.59,2288
2026-03-26 21:30:00,94.58,94.7,94.4,94.43,1666
2026-03-26 21:35:00,94.45,94.67,94.45,94.56,1323
2026-03-26 21:40:00,94.56,94.62,94.39,94.46,1819
2026-03-26 21:45:00,94.47,94.66,94.32,94.42,1996
2026-03-26 21:50:00,94.41,94.73,94.35,94.65,2688
2026-03-26 21:55:00,94.64,95.1,94.58,94.94,5029
2026-03-26 22:00:00,94.95,95.24,94.95,95.07,2016
2026-03-26 22:05:00,95.08,95.15,94.88,94.95,1515
2026-03-26 22:10:00,94.96,95.09,94.73,94.75,1694
2026-03-26 22:15:00,94.75,94.79,94.61,94.7,2138
2026-03-26 22:20:00,94.72,94.9,94.63,94.67,1259
2026-03-26 22:25:00,94.68,94.76,94.52,94.71,1026
2026-03-26 22:30:00,94.71,95.18,94.71,95.09,2833
2026-03-26 22:35:00,95.09,95.11,94.74,94.83,1428
2026-03-26 22:40:00,94.84,94.99,94.79,94.91,1398
2026-03-26 22:45:00,94.91,95.03,94.81,94.87,1554
2026-03-26 22:50:00,94.87,94.96,94.74,94.83,1793
2026-03-26 22:55:00,94.82,95.08,94.7,94.7,2136
2026-03-26 23:00:00,94.69,94.92,94.61,94.9,1588
2026-03-26 23:05:00,94.91,95.16,94.89,95.16,2627
2026-03-26 23:10:00,95.16,95.4,95.05,95.26,2026
2026-03-26 23:15:00,95.26,95.31,95.18,95.21,1453
2026-03-26 23:20:00,95.21,95.36,95.21,95.35,1777
2026-03-26 23:25:00,95.34,95.44,95.21,95.24,2303
2026-03-26 23:30:00,95.24,95.29,94.94,95.04,2517
2026-03-26 23:35:00,95.03,95.08,94.8,94.81,2243
2026-03-26 23:40:00,94.8,94.83,94.63,94.63,3983
2026-03-26 23:45:00,94.64,94.72,94.43,94.51,3370
2026-03-26 23:50:00,94.52,94.71,94.35,94.64,3373
2026-03-26 23:55:00,94.64,94.71,94.4,94.43,8178
2026-03-27 00:00:00,94.43,94.47,94.15,94.42,3431
2026-03-27 00:05:00,94.41,94.51,94.24,94.3,1302
2026-03-27 00:10:00,94.32,94.39,94.18,94.37,895
2026-03-27 00:15:00,94.36,94.41,94.11,94.16,791
2026-03-27 00:20:00,94.16,94.3,94.07,94.28,1231
2026-03-27 00:25:00,94.27,94.34,94.24,94.32,587
2026-03-27 00:30:00,94.32,94.56,94.32,94.47,788
2026-03-27 00:35:00,94.46,94.49,94.34,94.39,389
2026-03-27 00:40:00,94.38,94.66,94.33,94.52,1224
2026-03-27 00:45:00,94.52,94.54,94.35,94.37,320
2026-03-27 00:50:00,94.38,94.45,94.35,94.36,378
2026-03-27 00:55:00,94.36,94.42,94.22,94.3,767
2026-03-27 01:00:00,94.31,94.44,94.3,94.4,344
2026-03-27 01:05:00,94.4,94.41,94.17,94.26,951
2026-03-27 01:10:00,94.25,94.53,94.24,94.46,587
2026-03-27 01:15:00,94.46,94.47,94.34,94.38,497
2026-03-27 01:20:00,94.37,94.39,94.23,94.27,530
2026-03-27 01:25:00,94.26,94.26,93.98,94.1,1199
2026-03-27 01:30:00,94.11,94.27,93.99,94.1,401
2026-03-27 01:35:00,94.08,94.46,94.07,94.44,961
2026-03-27 01:40:00,94.43,94.45,89.51,92.35,11566
2026-03-27 01:45:00,92.34,93.2,91.75,93.11,4105
2026-03-27 01:50:00,93.11,93.5,92.67,93.29,1941
2026-03-27 01:55:00,93.29,93.97,93.14,93.39,1959
2026-03-27 02:00:00,93.38,93.5,92.9,93.34,1457
2026-03-27 02:05:00,93.31,93.38,93.04,93.25,941
2026-03-27 02:10:00,93.26,93.63,93.26,93.54,965
2026-03-27 02:15:00,93.56,93.68,93.52,93.63,557
2026-03-27 02:20:00,93.62,93.96,93.56,93.78,769
2026-03-27 02:25:00,93.79,93.82,93.66,93.79,674
2026-03-27 03:30:00,93.31,93.74,93.02,93.47,0
2026-03-27 03:35:00,93.47,93.47,93.27,93.27,226
2026-03-27 03:40:00,93.24,93.27,93.09,93.18,223
2026-03-27 03:45:00,93.18,93.47,93.15,93.46,353
2026-03-27 03:50:00,93.47,93.5,93.41,93.5,129
2026-03-27 03:55:00,93.49,93.5,93.34,93.5,290
2026-03-27 04:00:00,93.47,93.5,93.11,93.14,162
2026-03-27 04:05:00,93.12,93.26,93.1,93.17,136
2026-03-27 04:10:00,93.19,93.37,93.19,93.27,437
2026-03-27 04:15:00,93.29,93.29,93.24,93.25,35
2026-03-27 04:20:00,93.27,93.34,93.27,93.33,62
2026-03-27 04:25:00,93.34,93.34,93.19,93.24,63
2026-03-27 04:30:00,93.26,93.28,93.19,93.27,108
2026-03-27 04:35:00,93.31,93.46,93.29,93.4,98
2026-03-27 04:40:00,93.43,93.44,93.31,93.32,74
2026-03-27 04:45:00,93.34,93.38,93.29,93.33,45
2026-03-27 04:50:00,93.32,93.43,93.28,93.38,100
2026-03-27 04:55:00,93.37,93.46,93.35,93.36,44
2026-03-27 05:00:00,93.36,93.45,93.31,93.31,201
2026-03-27 05:05:00,93.32,93.42,93.21,93.26,129
2026-03-27 05:10:00,93.25,93.28,93.1,93.24,144
2026-03-27 05:15:00,93.27,93.31,93.11,93.14,174
2026-03-27 05:20:00,93.14,93.2,93.06,93.11,120
2026-03-27 05:25:00,93.12,93.32,93.12,93.25,243
2026-03-27 05:30:00,93.24,93.33,92.83,92.85,1300
2026-03-27 05:35:00,92.85,92.91,92.74,92.75,580
2026-03-27 05:40:00,92.78,92.95,92.74,92.92,412
2026-03-27 05:45:00,92.9,93.32,92.86,93.22,614
2026-03-27 05:50:00,93.2,93.72,93.15,93.66,802
2026-03-27 05:55:00,93.64,93.77,93.55,93.59,395
2026-03-27 06:00:00,93.57,93.74,93.55,93.67,206
2026-03-27 06:05:00,93.66,93.93,93.64,93.76,496
2026-03-27 06:10:00,93.78,93.87,93.57,93.83,599
2026-03-27 06:15:00,93.82,93.93,93.75,93.89,318
2026-03-27 06:20:00,93.9,94.15,93.89,94.04,558
2026-03-27 06:25:00,94.05,94.08,93.93,94.08,223
2026-03-27 06:30:00,94.08,94.2,93.7,93.77,553
2026-03-27 06:35:00,93.79,93.79,93.37,93.43,570
2026-03-27 06:40:00,93.44,93.5,93.07,93.47,551
2026-03-27 06:45:00,93.43,93.6,93.33,93.49,343
2026-03-27 06:50:00,93.47,93.65,93.43,93.59,359
2026-03-27 06:55:00,93.58,93.6,93.34,93.44,168
2026-03-27 07:00:00,93.44,93.49,93.1,93.35,355
2026-03-27 07:05:00,93.34,93.4,93.16,93.33,227
2026-03-27 07:10:00,93.31,93.41,93.09,93.31,417
2026-03-27 07:15:00,93.33,93.47,93.27,93.43,314
2026-03-27 07:20:00,93.46,93.6,93.2,93.29,548
2026-03-27 07:25:00,93.28,93.32,92.97,93.06,527
2026-03-27 07:30:00,93.04,93.05,92.08,92.77,2423
2026-03-27 07:35:00,92.78,92.81,92.56,92.65,332
2026-03-27 07:40:00,92.65,92.98,92.62,92.94,499
2026-03-27 07:45:00,92.94,93.26,92.91,93.11,560
2026-03-27 07:50:00,93.1,93.18,93.06,93.1,214
2026-03-27 07:55:00,93.11,93.22,93.0,93.08,211
2026-03-27 08:00:00,93.11,93.21,93.04,93.12,273
2026-03-27 08:05:00,93.13,93.45,93.11,93.37,441
2026-03-27 08:10:00,93.36,93.45,93.31,93.31,151
2026-03-27 08:15:00,93.3,93.38,93.16,93.36,223
2026-03-27 08:20:00,93.39,93.53,93.37,93.42,323
2026-03-27 08:25:00,93.43,93.57,93.38,93.4,195
2026-03-27 08:30:00,93.38,93.47,93.36,93.44,232
2026-03-27 08:35:00,93.41,93.56,93.4,93.42,210
2026-03-27 08:40:00,93.43,93.5,93.35,93.38,305
2026-03-27 08:45:00,93.38,93.62,93.38,93.58,329
2026-03-27 08:50:00,93.6,93.65,93.47,93.64,171
2026-03-27 08:55:00,93.64,93.74,93.57,93.7,248
2026-03-27 09:00:00,93.71,93.8,93.62,93.78,463
2026-03-27 09:05:00,93.78,93.8,93.52,93.53,258
2026-03-27 09:10:00,93.54,93.6,93.48,93.57,280
2026-03-27 09:15:00,93.56,93.64,93.45,93.49,171
2026-03-27 09:20:00,93.47,93.49,93.42,93.47,135
2026-03-27 09:25:00,93.46,93.51,93.43,93.46,74
2026-03-27 09:30:00,93.49,93.54,93.45,93.49,101
2026-03-27 09:35:00,93.49,93.68,93.47,93.64,177
2026-03-27 09:40:00,93.63,93.73,93.6,93.61,212
2026-03-27 09:45:00,93.63,93.65,93.57,93.62,111
2026-03-27 09:50:00,93.63,93.65,93.59,93.62,92
2026-03-27 09:55:00,93.61,93.75,93.61,93.71,148
2026-03-27 10:00:00,93.72,93.75,93.67,93.7,132
2026-03-27 10:05:00,93.69,93.82,93.68,93.74,142
2026-03-27 10:10:00,93.72,93.81,93.71,93.8,94
2026-03-27 10:15:00,93.79,93.79,93.74,93.77,61
2026-03-27 10:20:00,93.76,93.78,93.67,93.76,167
2026-03-27 10:25:00,93.76,93.87,93.72,93.82,217
2026-03-27 10:30:00,93.8,93.88,93.79,93.85,138
2026-03-27 10:35:00,93.86,93.86,93.73,93.76,157
2026-03-27 10:40:00,93.74,93.75,93.62,93.65,182
2026-03-27 10:45:00,93.64,93.7,93.57,93.63,235
2026-03-27 10:50:00,93.63,93.72,93.61,93.71,83
2026-03-27 10:55:00,93.72,93.78,93.7,93.77,121
2026-03-27 11:00:00,93.76,93.99,93.65,93.93,497
2026-03-27 11:05:00,93.93,94.04,93.54,93.64,624
2026-03-27 11:10:00,93.66,93.87,93.63,93.74,403
2026-03-27 11:15:00,93.74,93.8,93.63,93.77,197
2026-03-27 11:20:00,93.77,93.9,93.77,93.88,328
2026-03-27 11:25:00,93.87,94.09,93.87,94.07,664
2026-03-27 11:30:00,94.06,94.27,94.02,94.13,596
2026-03-27 11:35:00,94.13,94.25,94.02,94.02,344
2026-03-27 11:40:00,94.03,94.04,93.87,93.95,427
2026-03-27 11:45:00,93.93,93.93,93.67,93.86,337
2026-03-27 11:50:00,93.87,93.95,93.77,93.93,301
2026-03-27 11:55:00,93.91,94.14,93.91,93.95,572
2026-03-27 12:00:00,93.96,94.0,93.83,93.85,295
2026-03-27 12:05:00,93.84,94.02,93.83,93.98,230
2026-03-27 12:10:00,94.0,94.13,93.99,94.1,277
2026-03-27 12:15:00,94.1,94.27,94.07,94.26,432
2026-03-27 12:20:00,94.25,94.45,94.16,94.35,1101
2026-03-27 12:25:00,94.37,94.37,94.22,94.35,316
2026-03-27 12:30:00,94.33,94.62,94.22,94.52,1214
2026-03-27 12:35:00,94.51,94.75,94.5,94.71,869
2026-03-27 12:40:00,94.71,94.92,94.63,94.88,706
2026-03-27 12:45:00,94.87,94.93,94.73,94.81,721
2026-03-27 12:50:00,94.82,94.97,94.79,94.9,568
2026-03-27 12:55:00,94.91,95.15,94.81,95.09,1213
2026-03-27 13:00:00,95.08,95.28,95.07,95.27,805
2026-03-27 13:05:00,95.27,95.3,95.17,95.23,708
2026-03-27 13:10:00,95.24,95.47,95.19,95.39,1071
2026-03-27 13:15:00,95.4,95.44,94.69,94.94,1880
2026-03-27 13:20:00,94.95,95.27,94.92,95.18,891
2026-03-27 13:25:00,95.19,95.21,95.03,95.07,603
2026-03-27 13:30:00,95.08,95.3,94.86,95.04,1033
2026-03-27 13:35:00,95.03,95.16,94.93,95.1,652
2026-03-27 13:40:00,95.12,95.14,94.98,95.07,664
2026-03-27 13:45:00,95.07,95.55,95.06,95.55,1187
2026-03-27 13:50:00,95.55,95.76,95.47,95.62,1705
2026-03-27 13:55:00,95.63,96.11,95.61,95.98,2889
2026-03-27 14:00:00,95.97,96.1,95.69,95.75,1382
2026-03-27 14:05:00,95.74,96.1,95.74,95.96,951
2026-03-27 14:10:00,95.96,96.0,95.82,95.92,565
2026-03-27 14:15:00,95.9,96.23,95.84,96.08,1051
2026-03-27 14:20:00,96.06,96.31,95.95,96.16,1022
2026-03-27 14:25:00,96.16,96.3,96.08,96.1,569
2026-03-27 14:30:00,96.1,96.18,95.94,96.16,889
2026-03-27 14:35:00,96.17,96.75,96.15,96.59,1844
2026-03-27 14:40:00,96.58,96.75,96.2,96.24,1321
2026-03-27 14:45:00,96.24,96.4,96.14,96.21,585
2026-03-27 14:50:00,96.19,96.26,95.97,96.12,932
2026-03-27 14:55:00,96.11,96.18,95.98,96.1,643
2026-03-27 15:00:00,96.12,96.22,95.84,95.88,885
2026-03-27 15:05:00,95.89,96.04,95.77,95.94,757
2026-03-27 15:10:00,95.93,96.13,95.91,95.96,561
2026-03-27 15:15:00,95.95,96.16,95.94,96.04,466
2026-03-27 15:20:00,96.03,96.07,95.85,96.01,439
2026-03-27 15:25:00,96.01,96.19,95.91,96.1,1127
2026-03-27 15:30:00,96.1,96.29,96.05,96.09,901
2026-03-27 15:35:00,96.11,96.13,95.8,95.9,775
2026-03-27 15:40:00,95.92,96.27,95.92,96.13,844
2026-03-27 15:45:00,96.14,96.32,96.05,96.29,607
2026-03-27 15:50:00,96.29,96.35,96.2,96.31,559
2026-03-27 15:55:00,96.33,96.38,96.2,96.35,460
2026-03-27 16:00:00,96.34,96.52,96.25,96.32,662
2026-03-27 16:05:00,96.32,96.52,96.32,96.48,365
2026-03-27 16:10:00,96.47,96.68,96.44,96.66,608
2026-03-27 16:15:00,96.67,96.69,96.49,96.68,815
2026-03-27 16:20:00,96.69,96.95,96.65,96.93,1247
2026-03-27 16:25:00,96.94,97.14,96.93,97.04,2134
2026-03-27 16:30:00,97.03,97.22,96.87,96.87,1378
2026-03-27 16:35:00,96.87,97.14,96.8,97.08,996
2026-03-27 16:40:00,97.09,97.14,96.95,96.98,607
2026-03-27 16:45:00,96.99,97.13,96.97,97.03,515
2026-03-27 16:50:00,97.03,97.03,96.81,96.86,618
2026-03-27 16:55:00,96.86,96.88,96.62,96.69,685
2026-03-27 17:00:00,96.69,96.76,96.42,96.56,949
2026-03-27 17:05:00,96.54,96.61,96.29,96.44,838
2026-03-27 17:10:00,96.48,96.66,96.47,96.58,672
2026-03-27 17:15:00,96.6,96.71,96.5,96.53,747
2026-03-27 17:20:00,96.52,96.67,96.48,96.53,655
2026-03-27 17:25:00,96.54,96.84,96.45,96.64,963
2026-03-27 17:30:00,96.64,96.83,96.56,96.67,992
2026-03-27 17:35:00,96.68,96.7,96.44,96.66,1014
2026-03-27 17:40:00,96.65,96.99,96.59,96.98,2417
2026-03-27 17:45:00,96.98,97.05,96.82,96.85,934
2026-03-27 17:50:00,96.86,97.25,96.8,97.11,2062
2026-03-27 17:55:00,97.1,97.2,97.0,97.01,1025
2026-03-27 18:00:00,97.02,97.03,96.75,96.8,1546
2026-03-27 18:05:00,96.8,96.96,96.8,96.83,684
2026-03-27 18:10:00,96.84,96.95,96.76,96.83,582
2026-03-27 18:15:00,96.81,96.96,96.64,96.87,1148
2026-03-27 18:20:00,96.86,96.93,96.7,96.76,1181
2026-03-27 18:25:00,96.75,96.89,96.67,96.77,1071
2026-03-27 18:30:00,96.77,97.19,96.57,97.03,2991
2026-03-27 18:35:00,97.06,97.41,96.99,97.21,3314
2026-03-27 18:40:00,97.22,97.72,97.11,97.21,5079
2026-03-27 18:45:00,97.2,97.24,96.89,96.97,2150
2026-03-27 18:50:00,96.97,97.19,96.76,97.05,1817
2026-03-27 18:55:00,97.04,97.05,96.74,96.91,1609
2026-03-27 19:00:00,96.9,97.15,96.64,97.06,2511
2026-03-27 19:05:00,97.07,97.39,97.05,97.34,1905
2026-03-27 19:10:00,97.35,97.42,97.19,97.37,1404
2026-03-27 19:15:00,97.36,97.5,97.11,97.47,2603
2026-03-27 19:20:00,97.47,97.64,97.32,97.5,1933
2026-03-27 19:25:00,97.5,97.87,97.49,97.76,2310
2026-03-27 19:30:00,97.77,97.84,97.2,97.37,2776
2026-03-27 19:35:00,97.36,97.58,97.19,97.56,3983
2026-03-27 19:40:00,97.55,97.64,97.07,97.12,3038
2026-03-27 19:45:00,97.14,97.41,96.86,97.31,4656
2026-03-27 19:50:00,97.33,97.97,97.24,97.85,3556
2026-03-27 19:55:00,97.86,97.99,97.64,97.94,2933
2026-03-27 20:00:00,97.93,98.05,97.73,97.77,3192
2026-03-27 20:05:00,97.79,98.32,97.78,98.21,3341
2026-03-27 20:10:00,98.2,98.2,97.89,97.97,1724
2026-03-27 20:15:00,97.96,98.19,97.9,98.05,2359
2026-03-27 20:20:00,98.07,98.35,98.02,98.18,2648
2026-03-27 20:25:00,98.18,98.25,98.07,98.18,1932
2026-03-27 20:30:00,98.18,98.19,97.94,97.95,1743
2026-03-27 20:35:00,97.94,98.17,97.67,98.06,2255
2026-03-27 20:40:00,98.05,98.06,97.8,97.96,1024
2026-03-27 20:45:00,97.96,98.03,97.79,97.83,2618
2026-03-27 20:50:00,97.86,98.1,97.13,97.49,5026
2026-03-27 20:55:00,97.48,97.7,97.18,97.35,3038
2026-03-27 21:00:00,97.35,97.45,97.05,97.25,2716
2026-03-27 21:05:00,97.24,97.5,96.96,97.46,1855
2026-03-27 21:10:00,97.46,97.73,97.32,97.64,1589
2026-03-27 21:15:00,97.63,97.76,97.5,97.73,1442
2026-03-27 21:20:00,97.73,98.0,97.57,97.96,2394
2026-03-27 21:25:00,97.96,98.14,97.89,97.99,2466
2026-03-27 21:30:00,97.98,98.03,97.73,97.96,2198
2026-03-27 21:35:00,97.97,98.26,97.96,98.13,2224
2026-03-27 21:40:00,98.12,98.39,98.12,98.26,2095
2026-03-27 21:45:00,98.25,98.44,98.19,98.42,2886
2026-03-27 21:50:00,98.44,98.44,98.16,98.41,1978
2026-03-27 21:55:00,98.4,98.49,98.17,98.22,1908
2026-03-27 22:00:00,98.22,98.39,98.0,98.32,2456
2026-03-27 22:05:00,98.32,98.56,98.26,98.48,1665
2026-03-27 22:10:00,98.5,98.63,98.37,98.5,1971
2026-03-27 22:15:00,98.5,98.56,98.19,98.29,2281
2026-03-27 22:20:00,98.3,98.68,98.2,98.68,1767
2026-03-27 22:25:00,98.68,98.9,98.67,98.81,2467
2026-03-27 22:30:00,98.81,98.84,98.63,98.64,1228
2026-03-27 22:35:00,98.62,98.72,98.08,98.43,3738
2026-03-27 22:40:00,98.45,98.64,98.39,98.56,1124
2026-03-27 22:45:00,98.56,98.79,98.52,98.72,1350
2026-03-27 22:50:00,98.73,98.8,98.57,98.64,1511
2026-03-27 22:55:00,98.63,98.72,98.53,98.66,1226
2026-03-27 23:00:00,98.67,98.78,98.57,98.65,1444
2026-03-27 23:05:00,98.65,98.79,98.63,98.64,1431
2026-03-27 23:10:00,98.65,98.77,98.51,98.6,2806
2026-03-27 23:15:00,98.6,98.63,98.2,98.49,2859
2026-03-27 23:20:00,98.51,98.7,98.43,98.58,2104
2026-03-27 23:25:00,98.57,98.7,98.5,98.59,1959
2026-03-27 23:30:00,98.6,98.92,98.55,98.89,2811
2026-03-27 23:35:00,98.88,99.14,98.85,99.06,4505
2026-03-27 23:40:00,99.05,99.57,99.03,99.39,5503
2026-03-27 23:45:00,99.37,99.84,99.37,99.53,6517
2026-03-27 23:50:00,99.52,100.04,99.46,99.96,7778
2026-03-27 23:55:00,99.93,100.0,99.49,99.52,14027
2026-03-28 00:00:00,99.5,99.65,99.08,99.18,4082
2026-03-28 00:05:00,99.18,99.5,99.17,99.23,2271
2026-03-28 00:10:00,99.21,99.63,98.78,99.29,5168
2026-03-28 00:15:00,99.29,99.61,99.25,99.53,1564
2026-03-28 00:20:00,99.52,99.53,99.38,99.38,960
2026-03-28 00:25:00,99.36,99.38,99.1,99.17,1485
2026-03-28 00:30:00,99.16,99.26,99.08,99.24,828
2026-03-28 00:35:00,99.22,99.54,99.12,99.47,1549
2026-03-28 00:40:00,99.46,99.52,98.83,99.09,2529
2026-03-28 00:45:00,99.1,99.28,99.05,99.19,1033
2026-03-28 00:50:00,99.2,99.5,99.2,99.41,1430
2026-03-28 00:55:00,99.44,99.88,99.44,99.82,1767
2026-03-28 01:00:00,99.84,100.34,99.73,100.09,2918
2026-03-28 01:05:00,100.11,100.53,100.07,100.37,1858
2026-03-28 01:10:00,100.38,100.54,100.0,100.11,2087
2026-03-28 01:15:00,100.09,100.14,99.86,99.96,977
2026-03-28 01:20:00,99.95,100.32,99.38,99.65,3179
2026-03-28 01:25:00,99.6,99.79,99.27,99.66,1417
2026-03-28 01:30:00,99.64,100.12,99.0,100.0,2519
2026-03-28 01:35:00,99.99,100.06,99.85,99.96,897
2026-03-28 01:40:00,99.99,100.22,99.85,100.01,1076
2026-03-28 01:45:00,100.02,100.39,99.98,100.26,634
2026-03-28 01:50:00,100.25,100.75,100.23,100.67,1582
2026-03-28 01:55:00,100.64,100.77,100.52,100.54,1163
2026-03-28 02:00:00,100.54,101.23,100.39,101.15,2340
2026-03-28 02:05:00,101.14,101.2,100.87,100.94,867
2026-03-28 02:10:00,100.93,101.0,100.37,100.89,1621
2026-03-28 02:15:00,100.84,100.95,100.7,100.75,956
2026-03-28 02:20:00,100.76,100.86,100.52,100.83,635
2026-03-28 02:25:00,100.85,101.24,100.82,101.18,1024
2026-03-30 03:40:00,103.05,103.14,102.2,102.52,1513
2026-03-30 03:45:00,102.56,102.89,102.49,102.7,846
2026-03-30 03:50:00,102.73,102.75,102.28,102.51,1204
2026-03-30 03:55:00,102.51,102.83,102.51,102.7,375
2026-03-30 04:00:00,102.69,102.7,102.07,102.12,940
2026-03-30 04:05:00,102.11,102.4,102.07,102.21,288
2026-03-30 04:10:00,102.22,102.66,102.22,102.5,398
2026-03-30 04:15:00,102.5,102.66,102.4,102.53,262
2026-03-30 04:20:00,102.54,102.61,102.46,102.51,193
2026-03-30 04:25:00,102.49,102.52,102.02,102.12,460
2026-03-30 04:30:00,102.13,102.17,101.86,102.05,642
2026-03-30 04:35:00,102.03,102.24,102.0,102.22,271
2026-03-30 04:40:00,102.21,102.37,102.1,102.33,208
2026-03-30 04:45:00,102.31,102.38,102.17,102.38,339
2026-03-30 04:50:00,102.35,102.37,102.12,102.36,268
2026-03-30 04:55:00,102.34,102.4,102.26,102.29,217
2026-03-30 05:00:00,102.29,102.6,102.24,102.57,351
2026-03-30 05:05:00,102.58,102.88,102.56,102.85,670
2026-03-30 05:10:00,102.85,102.87,102.72,102.73,335
2026-03-30 05:15:00,102.72,102.92,102.4,102.51,1216
2026-03-30 05:20:00,102.54,102.68,102.42,102.56,715
2026-03-30 05:25:00,102.56,102.79,102.55,102.79,248
2026-03-30 05:30:00,102.8,103.13,102.76,103.02,972
2026-03-30 05:35:00,103.02,103.02,102.76,102.95,692
2026-03-30 05:40:00,102.96,102.96,102.78,102.82,281
2026-03-30 05:45:00,102.81,102.89,101.39,101.53,2330
2026-03-30 05:50:00,101.58,101.85,101.05,101.74,2364
2026-03-30 05:55:00,101.72,102.16,101.25,102.12,1538
2026-03-30 06:00:00,102.1,102.31,101.86,102.07,852
2026-03-30 06:05:00,102.06,102.37,102.03,102.36,543
2026-03-30 06:10:00,102.36,102.59,102.16,102.49,680
2026-03-30 06:15:00,102.49,102.86,102.42,102.83,917
2026-03-30 06:20:00,102.83,103.11,102.8,103.04,1008
2026-03-30 06:25:00,103.04,103.15,102.82,103.02,855
2026-03-30 06:30:00,103.05,103.21,102.75,102.94,1070
2026-03-30 06:35:00,102.92,103.13,102.64,103.08,556
2026-03-30 06:40:00,103.05,103.1,102.88,103.01,492
2026-03-30 06:45:00,102.98,103.11,102.68,102.85,712
2026-03-30 06:50:00,102.83,103.08,102.77,102.97,419
2026-03-30 06:55:00,102.97,103.0,102.76,102.86,249
2026-03-30 07:00:00,102.9,103.02,102.7,102.73,320
2026-03-30 07:05:00,102.69,102.72,102.5,102.55,523
2026-03-30 07:10:00,102.54,102.55,101.92,101.94,1226
2026-03-30 07:15:00,101.96,102.12,101.82,101.95,622
2026-03-30 07:20:00,101.95,102.03,101.74,101.89,765
2026-03-30 07:25:00,101.87,101.99,101.71,101.98,398
2026-03-30 07:30:00,101.99,102.21,101.9,102.17,436
2026-03-30 07:35:00,102.19,102.3,101.95,102.27,482
2026-03-30 07:40:00,102.28,102.63,102.28,102.56,678
2026-03-30 07:45:00,102.54,102.93,102.48,102.89,876
2026-03-30 07:50:00,102.9,103.02,102.72,102.79,486
2026-03-30 07:55:00,102.78,103.06,102.78,102.85,439
2026-03-30 08:00:00,102.88,102.89,102.39,102.5,553
2026-03-30 08:05:00,102.56,102.56,102.18,102.38,331
2026-03-30 08:10:00,102.39,102.44,102.24,102.29,300
2026-03-30 08:15:00,102.28,102.3,101.72,101.81,726
2026-03-30 08:20:00,101.81,101.85,101.16,101.79,1565
2026-03-30 08:25:00,101.8,101.83,101.62,101.67,227
2026-03-30 08:30:00,101.67,101.68,101.39,101.46,491
2026-03-30 08:35:00,101.46,101.46,100.8,100.84,1862
2026-03-30 08:40:00,100.9,101.06,100.72,100.99,1370
2026-03-30 08:45:00,101.01,101.12,100.68,100.72,1129
2026-03-30 08:50:00,100.72,100.75,100.26,100.41,2169
2026-03-30 08:55:00,100.38,100.79,100.29,100.73,1238
2026-03-30 09:00:00,100.72,101.49,100.69,101.26,1344
2026-03-30 09:05:00,101.25,101.61,101.23,101.43,679
2026-03-30 09:10:00,101.44,101.57,101.32,101.49,327
2026-03-30 09:15:00,101.45,101.75,101.45,101.56,440
2026-03-30 09:20:00,101.56,101.68,101.48,101.51,243
2026-03-30 09:25:00,101.52,101.73,101.51,101.62,179
2026-03-30 09:30:00,101.58,101.58,101.16,101.39,405
2026-03-30 09:35:00,101.4,101.5,101.15,101.33,395
2026-03-30 09:40:00,101.32,101.43,101.23,101.43,163
2026-03-30 09:45:00,101.39,101.47,101.34,101.37,121
2026-03-30 09:50:00,101.36,101.36,101.1,101.33,225
2026-03-30 09:55:00,101.33,101.39,101.08,101.19,247
2026-03-30 10:00:00,101.19,101.33,101.11,101.18,180
2026-03-30 10:05:00,101.15,101.3,101.13,101.28,124
2026-03-30 10:10:00,101.29,101.45,101.27,101.27,223
2026-03-30 10:15:00,101.26,101.37,101.2,101.32,212
2026-03-30 10:20:00,101.3,101.46,101.25,101.42,328
2026-03-30 10:25:00,101.41,101.49,101.32,101.47,216
2026-03-30 10:30:00,101.49,101.53,101.33,101.39,366
2026-03-30 10:35:00,101.36,101.36,100.93,101.0,728
2026-03-30 10:40:00,101.0,101.07,100.81,101.03,512
2026-03-30 10:45:00,101.05,101.11,100.98,101.07,210
2026-03-30 10:50:00,101.07,101.18,101.05,101.07,194
2026-03-30 10:55:00,101.06,101.47,101.06,101.4,367
2026-03-30 11:00:00,101.38,101.47,100.78,100.89,647
2026-03-30 11:05:00,100.9,101.23,100.7,101.17,425
2026-03-30 11:10:00,101.19,101.37,101.16,101.16,275
2026-03-30 11:15:00,101.16,101.32,100.86,100.86,405
2026-03-30 11:20:00,100.91,100.95,100.67,100.7,356
2026-03-30 11:25:00,100.68,100.86,100.56,100.85,331
2026-03-30 11:30:00,100.83,100.97,100.42,100.47,726
2026-03-30 11:35:00,100.48,100.69,100.47,100.69,271
2026-03-30 11:40:00,100.67,100.89,100.59,100.69,569
2026-03-30 11:45:00,100.7,100.86,100.52,100.76,707
2026-03-30 11:50:00,100.76,100.79,100.59,100.73,354
2026-03-30 11:55:00,100.69,101.0,100.69,100.96,435
2026-03-30 12:00:00,100.96,100.99,100.8,100.94,454
2026-03-30 12:05:00,100.94,101.12,100.85,101.07,723
2026-03-30 12:10:00,101.06,101.06,100.75,100.98,538
2026-03-30 12:15:00,100.95,101.11,100.62,100.62,703
2026-03-30 12:20:00,100.62,101.33,100.58,101.2,720
2026-03-30 12:25:00,101.2,101.77,101.2,101.59,1015
2026-03-30 12:30:00,101.58,102.16,101.55,102.13,1531
2026-03-30 12:35:00,102.13,102.19,101.66,101.74,910
2026-03-30 12:40:00,101.74,101.8,101.23,101.33,1187
2026-03-30 12:45:00,101.31,101.44,101.14,101.4,678
2026-03-30 12:50:00,101.41,101.61,101.29,101.49,690
2026-03-30 12:55:00,101.47,101.96,101.47,101.89,730
2026-03-30 13:00:00,101.89,101.99,101.73,101.87,631
2026-03-30 13:05:00,101.88,102.02,101.79,101.94,670
2026-03-30 13:10:00,101.96,102.11,101.7,101.97,963
2026-03-30 13:15:00,101.98,102.0,101.68,101.74,576
2026-03-30 13:20:00,101.73,101.88,101.65,101.67,485
2026-03-30 13:25:00,101.68,102.02,101.64,101.69,833
2026-03-30 13:30:00,101.68,102.0,101.5,101.61,1003
2026-03-30 13:35:00,101.63,101.75,101.39,101.43,632
2026-03-30 13:40:00,101.45,101.77,101.36,101.65,695
2026-03-30 13:45:00,101.64,101.69,101.41,101.63,783
2026-03-30 13:50:00,101.64,102.27,101.58,102.18,1242
2026-03-30 13:55:00,102.16,102.49,101.8,102.41,2072
2026-03-30 14:00:00,102.44,102.45,101.3,101.63,1748
2026-03-30 14:05:00,101.63,101.71,101.16,101.22,807
2026-03-30 14:10:00,101.2,101.39,101.11,101.18,774
2026-03-30 14:15:00,101.18,101.2,100.83,100.93,1148
2026-03-30 14:20:00,100.92,101.01,100.66,100.96,960
2026-03-30 14:25:00,100.96,101.1,100.89,101.07,1023
2026-03-30 14:30:00,101.06,101.21,100.91,101.02,1059
2026-03-30 14:35:00,101.0,101.26,100.8,101.0,927
2026-03-30 14:40:00,101.0,101.33,100.76,101.3,594
2026-03-30 14:45:00,101.28,101.85,101.27,101.46,1882
2026-03-30 14:50:00,101.48,101.56,101.31,101.39,312
2026-03-30 14:55:00,101.39,101.65,101.39,101.56,320
2026-03-30 15:00:00,101.56,101.59,101.32,101.33,292
2026-03-30 15:05:00,101.34,101.5,101.12,101.2,710
2026-03-30 15:10:00,101.17,101.63,101.13,101.54,442
2026-03-30 15:15:00,101.51,101.52,101.19,101.37,459
2026-03-30 15:20:00,101.36,101.73,101.31,101.68,543
2026-03-30 15:25:00,101.68,101.73,101.47,101.59,508
2026-03-30 15:30:00,101.6,101.8,101.57,101.7,665
2026-03-30 15:35:00,101.7,101.75,101.34,101.42,756
2026-03-30 15:40:00,101.42,101.63,101.3,101.48,330
2026-03-30 15:45:00,101.47,101.56,101.36,101.52,405
2026-03-30 15:50:00,101.5,101.64,101.5,101.61,348
2026-03-30 15:55:00,101.58,101.68,101.47,101.66,326
2026-03-30 16:00:00,101.61,101.95,101.6,101.92,641
2026-03-30 16:05:00,101.93,102.04,101.76,101.94,609
2026-03-30 16:10:00,101.92,101.92,101.72,101.74,341
2026-03-30 16:15:00,101.74,101.86,101.68,101.85,278
2026-03-30 16:20:00,101.86,101.93,101.79,101.85,327
2026-03-30 16:25:00,101.85,101.99,101.64,101.7,779
2026-03-30 16:30:00,101.69,101.73,101.3,101.52,950
2026-03-30 16:35:00,101.5,101.54,101.25,101.38,543
2026-03-30 16:40:00,101.39,101.51,100.97,100.99,1098
2026-03-30 16:45:00,100.99,101.21,100.57,100.76,1514
2026-03-30 16:50:00,100.74,101.0,100.71,100.86,716
2026-03-30 16:55:00,100.86,101.64,99.43,101.12,5628
2026-03-30 17:00:00,101.08,101.77,100.96,101.74,1864
2026-03-30 17:05:00,101.71,101.72,101.21,101.26,1228
2026-03-30 17:10:00,101.26,101.59,101.25,101.48,754
2026-03-30 17:15:00,101.48,101.49,100.89,100.91,983
2026-03-30 17:20:00,100.91,100.98,100.72,100.91,1122
2026-03-30 17:25:00,100.93,101.2,100.88,101.11,493
2026-03-30 17:30:00,101.1,101.14,100.79,100.83,700
2026-03-30 17:35:00,100.85,101.09,100.61,101.05,1431
2026-03-30 17:40:00,101.04,101.42,101.04,101.35,1769
2026-03-30 17:45:00,101.35,101.49,101.12,101.14,1122
2026-03-30 17:50:00,101.15,101.43,101.12,101.19,643
2026-03-30 17:55:00,101.2,101.25,100.91,100.98,789
2026-03-30 18:00:00,100.98,101.04,100.76,100.83,680
2026-03-30 18:05:00,100.83,101.0,100.51,100.7,1244
2026-03-30 18:10:00,100.7,100.77,100.5,100.59,1514
2026-03-30 18:15:00,100.58,100.89,100.55,100.81,992
2026-03-30 18:20:00,100.81,101.17,100.79,101.08,937
2026-03-30 18:25:00,101.05,101.06,100.5,100.68,1928
2026-03-30 18:30:00,100.69,100.69,99.99,100.48,4732
2026-03-30 18:35:00,100.49,101.48,100.39,101.36,4811
2026-03-30 18:40:00,101.38,101.47,101.16,101.29,2513
2026-03-30 18:45:00,101.29,101.75,101.2,101.61,2620
2026-03-30 18:50:00,101.63,101.64,101.32,101.39,1705
2026-03-30 18:55:00,101.38,101.79,101.35,101.77,2276
2026-03-30 19:00:00,101.77,102.12,101.43,102.07,3512
2026-03-30 19:05:00,102.06,102.62,102.0,102.32,4038
2026-03-30 19:10:00,102.31,102.65,102.25,102.58,2920
2026-03-30 19:15:00,102.58,102.86,102.4,102.69,3996
2026-03-30 19:20:00,102.7,102.83,102.34,102.54,2755
2026-03-30 19:25:00,102.53,102.69,102.35,102.4,2655
2026-03-30 19:30:00,102.41,102.41,102.18,102.32,2200
2026-03-30 19:35:00,102.31,102.51,102.07,102.16,3538
2026-03-30 19:40:00,102.15,102.21,101.65,101.94,4462
2026-03-30 19:45:00,101.95,102.4,101.9,102.29,3365
2026-03-30 19:50:00,102.28,102.28,101.67,101.86,2652
2026-03-30 19:55:00,101.86,101.9,101.56,101.76,2825
2026-03-30 20:00:00,101.75,102.15,101.7,101.94,2305
2026-03-30 20:05:00,101.93,102.37,101.89,102.21,2177
2026-03-30 20:10:00,102.2,102.4,102.15,102.23,1882
2026-03-30 20:15:00,102.21,102.27,101.33,101.82,4661
2026-03-30 20:20:00,101.82,101.97,101.61,101.9,2411
2026-03-30 20:25:00,101.89,102.14,101.82,102.07,2150
2026-03-30 20:30:00,102.07,102.12,101.78,101.94,2052
2026-03-30 20:35:00,101.93,102.6,101.82,102.48,3994
2026-03-30 20:40:00,102.48,102.56,102.26,102.51,2365
2026-03-30 20:45:00,102.5,102.7,102.39,102.61,2288
2026-03-30 20:50:00,102.61,102.7,102.36,102.36,1991
2026-03-30 20:55:00,102.36,102.39,102.15,102.26,2576
2026-03-30 21:00:00,102.28,102.6,102.16,102.22,3073
2026-03-30 21:05:00,102.2,102.27,101.88,101.98,2332
2026-03-30 21:10:00,102.01,102.05,101.5,101.53,2423
2026-03-30 21:15:00,101.54,102.05,101.5,101.85,1993
2026-03-30 21:20:00,101.85,102.32,101.75,102.32,2913
2026-03-30 21:25:00,102.33,103.03,102.28,102.97,5153
2026-03-30 21:30:00,102.96,103.5,102.9,103.33,4255
2026-03-30 21:35:00,103.34,103.86,103.25,103.61,4542
2026-03-30 21:40:00,103.6,103.62,103.19,103.22,1805
2026-03-30 21:45:00,103.23,103.4,103.13,103.15,1670
2026-03-30 21:50:00,103.15,103.16,102.88,103.1,1602
2026-03-30 21:55:00,103.1,103.16,102.93,103.1,1153
2026-03-30 22:00:00,103.08,103.18,102.84,103.0,2338
2026-03-30 22:05:00,102.99,103.15,102.72,102.78,1548
2026-03-30 22:10:00,102.78,102.87,102.46,102.66,1859
2026-03-30 22:15:00,102.65,103.0,102.64,102.97,1625
2026-03-30 22:20:00,102.97,103.12,102.76,103.03,1487
2026-03-30 22:25:00,103.03,103.1,102.83,102.93,983
2026-03-30 22:30:00,102.92,103.36,102.73,103.35,2297
2026-03-30 22:35:00,103.34,103.36,103.18,103.21,1763
2026-03-30 22:40:00,103.19,103.5,103.16,103.46,1425
2026-03-30 22:45:00,103.46,103.63,103.36,103.43,1692
2026-03-30 22:50:00,103.43,103.65,103.38,103.57,1136
2026-03-30 22:55:00,103.58,103.58,103.19,103.34,1256
2026-03-30 23:00:00,103.34,103.73,103.33,103.69,1825
2026-03-30 23:05:00,103.68,103.7,103.3,103.43,1274
2026-03-30 23:10:00,103.43,103.6,103.27,103.33,1297
2026-03-30 23:15:00,103.32,103.36,102.96,103.2,2844
2026-03-30 23:20:00,103.2,103.39,103.07,103.27,2426
2026-03-30 23:25:00,103.3,103.51,103.23,103.37,2223
2026-03-30 23:30:00,103.38,103.41,102.89,103.01,2175
2026-03-30 23:35:00,103.02,103.04,102.79,103.0,2168
2026-03-30 23:40:00,103.01,103.22,102.76,102.88,3081
2026-03-30 23:45:00,102.87,102.89,102.35,102.44,4338
2026-03-30 23:50:00,102.44,102.9,102.35,102.79,3960
2026-03-30 23:55:00,102.79,102.99,102.58,102.92,10004
2026-03-31 00:00:00,102.9,103.13,102.89,103.12,2111
2026-03-31 00:05:00,103.1,103.24,102.95,103.22,1042
2026-03-31 00:10:00,103.23,103.27,103.09,103.12,673
2026-03-31 00:15:00,103.11,103.22,103.11,103.21,672
2026-03-31 00:20:00,103.22,103.4,103.22,103.31,752
2026-03-31 00:25:00,103.3,103.39,103.22,103.32,429
2026-03-31 00:30:00,103.31,103.49,103.16,103.45,825
2026-03-31 00:35:00,103.45,103.78,103.43,103.76,1314
2026-03-31 00:40:00,103.76,104.21,103.75,104.13,3628
2026-03-31 00:45:00,104.12,104.16,103.92,104.08,583
2026-03-31 00:50:00,104.06,104.14,103.95,103.95,691
2026-03-31 00:55:00,103.97,104.06,103.89,103.92,530
2026-03-31 01:00:00,103.93,103.99,103.82,103.89,665
2026-03-31 01:05:00,103.91,103.96,103.79,103.91,674
2026-03-31 01:10:00,103.91,104.02,103.84,103.87,990
2026-03-31 01:15:00,103.86,104.0,103.64,103.96,2161
2026-03-31 01:20:00,103.96,104.31,103.94,104.27,1467
2026-03-31 01:25:00,104.26,104.35,104.01,104.13,1964
2026-03-31 01:30:00,104.12,104.58,104.11,104.45,1039
2026-03-31 01:35:00,104.44,104.74,104.43,104.68,1210
2026-03-31 01:40:00,104.68,104.95,104.66,104.91,991
2026-03-31 01:45:00,104.89,104.97,104.73,104.74,588
2026-03-31 01:50:00,104.72,105.12,104.72,104.94,1077
2026-03-31 01:55:00,104.96,105.22,104.85,105.08,618
2026-03-31 02:00:00,105.12,105.3,105.07,105.29,463
2026-03-31 02:05:00,105.27,105.36,105.14,105.15,552
2026-03-31 02:10:00,105.13,105.14,104.93,105.03,552
2026-03-31 02:15:00,104.99,105.19,104.97,105.07,424
2026-03-31 02:20:00,105.09,105.12,104.83,105.0,678
2026-03-31 02:25:00,105.0,105.02,104.88,105.01,923
2026-03-31 03:30:00,105.07,105.21,104.5,104.59,0
2026-03-31 03:35:00,104.59,104.95,104.59,104.86,322
2026-03-31 03:40:00,104.88,104.97,104.75,104.76,229
2026-03-31 03:45:00,104.8,104.83,104.77,104.78,58
2026-03-31 03:50:00,104.75,104.78,104.64,104.65,92
2026-03-31 03:55:00,104.65,104.75,104.57,104.73,193
2026-03-31 04:00:00,104.73,105.04,104.73,104.92,361
2026-03-31 04:05:00,104.92,104.97,104.8,104.87,134
2026-03-31 04:10:00,104.85,104.9,104.8,104.89,46
2026-03-31 04:15:00,104.89,104.97,104.83,104.89,88
2026-03-31 04:20:00,104.89,105.0,104.81,104.92,253
2026-03-31 04:25:00,104.95,105.64,104.93,105.57,800
2026-03-31 04:30:00,105.58,106.5,105.5,106.33,1642
2026-03-31 04:35:00,106.33,106.7,106.06,106.5,1806
2026-03-31 04:40:00,106.5,106.55,105.84,106.09,913
2026-03-31 04:45:00,106.08,106.23,105.93,106.13,193
2026-03-31 04:50:00,106.18,106.25,105.88,106.1,363
2026-03-31 04:55:00,106.06,106.27,106.03,106.13,270
2026-03-31 05:00:00,106.11,106.33,106.04,106.19,378
2026-03-31 05:05:00,106.19,106.32,106.02,106.3,257
2026-03-31 05:10:00,106.31,106.5,106.21,106.49,355
2026-03-31 05:15:00,106.46,106.73,106.36,106.69,613
2026-03-31 05:20:00,106.68,106.86,106.3,106.38,730
2026-03-31 05:25:00,106.37,106.44,106.17,106.21,376
2026-03-31 05:30:00,106.18,106.24,105.66,105.84,1317
2026-03-31 05:35:00,105.84,106.03,105.75,105.85,672
2026-03-31 05:40:00,105.8,106.31,105.75,106.24,895
2026-03-31 05:45:00,106.26,106.54,106.19,106.36,1054
2026-03-31 05:50:00,106.37,106.45,106.18,106.38,429
2026-03-31 05:55:00,106.36,106.43,106.24,106.25,179
2026-03-31 06:00:00,106.26,106.44,106.22,106.32,381
2026-03-31 06:05:00,106.3,106.38,105.75,105.92,1782
2026-03-31 06:10:00,105.96,106.23,105.75,105.8,1079
2026-03-31 06:15:00,105.75,105.75,104.58,105.02,2614
2026-03-31 06:20:00,105.03,105.39,104.75,104.8,1055
2026-03-31 06:25:00,104.8,104.84,104.06,104.07,1876
2026-03-31 06:30:00,104.06,104.49,103.72,104.33,1682
2026-03-31 06:35:00,104.36,104.75,104.15,104.63,1040
2026-03-31 06:40:00,104.64,104.7,103.56,103.62,1362
2026-03-31 06:45:00,103.64,104.03,103.25,103.33,2196
2026-03-31 06:50:00,103.33,103.63,102.96,103.43,1497
2026-03-31 06:55:00,103.46,103.58,102.8,102.88,1528
2026-03-31 07:00:00,102.88,102.95,101.66,102.04,3741
2026-03-31 07:05:00,101.99,102.1,101.19,101.24,2226
2026-03-31 07:10:00,101.2,101.82,100.89,101.65,2650
2026-03-31 07:15:00,101.65,101.95,101.53,101.8,1243
2026-03-31 07:20:00,101.81,101.9,100.83,101.36,1936
2026-03-31 07:25:00,101.34,101.71,101.24,101.68,884
2026-03-31 07:30:00,101.66,101.9,101.63,101.73,832
2026-03-31 07:35:00,101.73,101.83,101.43,101.83,702
2026-03-31 07:40:00,101.8,102.23,101.71,101.83,1295
2026-03-31 07:45:00,101.83,102.04,101.62,101.9,604
2026-03-31 07:50:00,101.91,102.28,101.82,102.27,656
2026-03-31 07:55:00,102.25,102.33,102.12,102.22,569
2026-03-31 08:00:00,102.23,102.58,102.23,102.38,804
2026-03-31 08:05:00,102.37,102.47,102.0,102.14,655
2026-03-31 08:10:00,102.16,102.39,102.03,102.08,421
2026-03-31 08:15:00,102.08,102.32,102.01,102.11,420
2026-03-31 08:20:00,102.12,102.14,101.84,101.96,545
2026-03-31 08:25:00,101.98,102.38,101.96,102.24,436
2026-03-31 08:30:00,102.26,102.35,101.96,102.06,384
2026-03-31 08:35:00,102.08,102.1,101.57,101.78,749
2026-03-31 08:40:00,101.75,102.0,101.63,101.79,384
2026-03-31 08:45:00,101.81,102.07,101.81,102.04,340
2026-03-31 08:50:00,102.02,102.12,101.94,102.07,208
2026-03-31 08:55:00,102.08,102.18,102.0,102.17,362
2026-03-31 09:00:00,102.16,102.55,102.15,102.46,651
2026-03-31 09:05:00,102.44,102.88,102.44,102.77,1084
2026-03-31 09:10:00,102.78,102.86,102.62,102.83,444
2026-03-31 09:15:00,102.83,103.15,102.75,103.08,717
2026-03-31 09:20:00,103.05,103.16,102.94,103.02,535
2026-03-31 09:25:00,103.03,103.13,102.95,103.0,231
2026-03-31 09:30:00,102.97,103.0,102.81,102.9,383
2026-03-31 09:35:00,102.89,102.91,102.78,102.85,145
2026-03-31 09:40:00,102.85,103.08,102.85,103.01,362
2026-03-31 09:45:00,103.01,103.13,102.95,102.96,184
2026-03-31 09:50:00,102.97,103.08,102.88,102.93,190
2026-03-31 09:55:00,102.92,103.02,102.91,103.0,103
2026-03-31 10:00:00,103.0,103.0,102.73,102.8,344
2026-03-31 10:05:00,102.8,102.85,102.59,102.72,243
2026-03-31 10:10:00,102.7,102.88,102.63,102.82,219
2026-03-31 10:15:00,102.85,102.85,102.68,102.74,149
2026-03-31 10:20:00,102.76,102.79,102.66,102.73,83
2026-03-31 10:25:00,102.75,102.81,102.73,102.8,65
2026-03-31 10:30:00,102.78,102.96,102.7,102.88,229
2026-03-31 10:35:00,102.85,103.02,102.79,102.96,185
2026-03-31 10:40:00,102.98,103.34,102.96,103.33,501
2026-03-31 10:45:00,103.34,103.45,103.16,103.39,531
2026-03-31 10:50:00,103.37,103.39,103.04,103.04,238
2026-03-31 10:55:00,103.05,103.15,102.88,102.91,303
2026-03-31 11:00:00,102.9,103.13,102.74,103.02,378
2026-03-31 11:05:00,103.0,103.08,102.8,102.84,220
2026-03-31 11:10:00,102.81,103.0,102.74,102.78,360
2026-03-31 11:15:00,102.78,102.9,102.46,102.65,587
2026-03-31 11:20:00,102.68,102.88,102.52,102.79,390
2026-03-31 11:25:00,102.8,102.8,102.57,102.72,174
2026-03-31 11:30:00,102.7,102.88,102.64,102.75,327
2026-03-31 11:35:00,102.78,102.95,102.63,102.9,221
2026-03-31 11:40:00,102.89,103.06,102.83,102.96,329
2026-03-31 11:45:00,102.97,103.06,102.68,102.77,370
2026-03-31 11:50:00,102.79,102.85,102.45,102.71,495
2026-03-31 11:55:00,102.73,102.86,102.65,102.68,268
2026-03-31 12:00:00,102.69,102.87,102.56,102.71,395
2026-03-31 12:05:00,102.72,102.95,102.7,102.88,332
2026-03-31 12:10:00,102.88,103.01,102.81,102.99,314
2026-03-31 12:15:00,102.95,103.05,102.74,102.85,181
2026-03-31 12:20:00,102.88,103.05,102.69,102.93,271
2026-03-31 12:25:00,102.95,102.95,102.58,102.66,428
2026-03-31 12:30:00,102.67,102.96,102.59,102.94,684
2026-03-31 12:35:00,102.95,103.21,102.94,103.09,510
2026-03-31 12:40:00,103.09,103.36,103.09,103.28,756
2026-03-31 12:45:00,103.29,103.32,103.17,103.28,322
2026-03-31 12:50:00,103.29,103.37,103.12,103.35,409
2026-03-31 12:55:00,103.35,103.44,103.23,103.32,461
2026-03-31 13:00:00,103.32,103.34,103.04,103.13,622
2026-03-31 13:05:00,103.12,103.22,102.88,102.91,514
2026-03-31 13:10:00,102.91,102.96,102.72,102.75,637
2026-03-31 13:15:00,102.73,102.77,102.34,102.4,1210
2026-03-31 13:20:00,102.41,102.5,101.8,102.07,1963
2026-03-31 13:25:00,102.07,102.32,101.9,102.03,863
2026-03-31 13:30:00,102.04,102.64,101.95,102.01,1380
2026-03-31 13:35:00,102.05,102.31,101.91,102.26,774
2026-03-31 13:40:00,102.24,102.52,102.22,102.45,959
2026-03-31 13:45:00,102.46,102.51,102.15,102.42,692
2026-03-31 13:50:00,102.4,102.61,102.16,102.43,816
2026-03-31 13:55:00,102.44,102.48,102.0,102.29,1932
2026-03-31 14:00:00,102.29,102.63,102.2,102.51,912
2026-03-31 14:05:00,102.5,102.82,102.31,102.74,1356
2026-03-31 14:10:00,102.72,102.91,102.67,102.72,696
2026-03-31 14:15:00,102.71,102.83,102.45,102.47,513
2026-03-31 14:20:00,102.46,102.9,102.37,102.62,1007
2026-03-31 14:25:00,102.6,102.72,102.46,102.46,411
2026-03-31 14:30:00,102.47,102.54,102.11,102.16,794
2026-03-31 14:35:00,102.16,102.17,101.83,102.0,1003
2026-03-31 14:40:00,102.02,102.11,101.85,102.08,440
2026-03-31 14:45:00,102.08,102.15,101.87,101.95,869
2026-03-31 14:50:00,101.94,102.02,101.52,101.58,1183
2026-03-31 14:55:00,101.56,102.13,101.3,102.06,2454
2026-03-31 15:00:00,102.06,102.59,101.98,102.53,1764
2026-03-31 15:05:00,102.53,103.17,102.53,103.16,1475
2026-03-31 15:10:00,103.16,103.16,102.92,103.07,1140
2026-03-31 15:15:00,103.06,103.59,103.06,103.46,1469
2026-03-31 15:20:00,103.46,104.0,103.3,103.97,1891
2026-03-31 15:25:00,103.97,104.33,103.94,104.2,2419
2026-03-31 15:30:00,104.2,104.27,103.95,103.99,2097
2026-03-31 15:35:00,104.0,104.02,103.68,103.84,1255
2026-03-31 15:40:00,103.84,104.16,103.67,104.12,918
2026-03-31 15:45:00,104.12,104.52,104.12,104.46,1359
2026-03-31 15:50:00,104.47,104.6,104.42,104.44,961
2026-03-31 15:55:00,104.45,104.45,104.15,104.28,1016
2026-03-31 16:00:00,104.3,104.6,104.22,104.56,1013
2026-03-31 16:05:00,104.59,105.0,104.5,104.81,2453
2026-03-31 16:10:00,104.81,105.0,104.7,104.82,1431
2026-03-31 16:15:00,104.83,104.98,104.73,104.79,831
2026-03-31 16:20:00,104.77,104.83,104.53,104.73,1107
2026-03-31 16:25:00,104.74,104.87,104.73,104.82,647
2026-03-31 16:30:00,104.83,104.89,104.44,104.46,1160
2026-03-31 16:35:00,104.45,104.93,104.45,104.91,572
2026-03-31 16:40:00,104.9,105.22,103.73,104.31,3511
2026-03-31 16:45:00,104.29,104.39,103.25,103.85,4090
2026-03-31 16:50:00,103.84,104.09,103.59,103.67,1620
2026-03-31 16:55:00,103.67,103.9,103.12,103.5,3202
2026-03-31 17:00:00,103.52,104.08,103.45,103.69,1789
2026-03-31 17:05:00,103.68,104.04,103.54,103.64,1241
2026-03-31 17:10:00,103.63,103.63,102.7,102.74,1823
2026-03-31 17:15:00,102.71,103.12,102.54,102.84,2292
2026-03-31 17:20:00,102.84,103.24,102.75,103.18,1840
2026-03-31 17:25:00,103.18,103.32,102.81,102.82,1110
2026-03-31 17:30:00,102.8,103.14,102.73,103.05,1145
2026-03-31 17:35:00,103.07,103.37,102.74,102.79,1494
2026-03-31 17:40:00,102.77,103.93,102.77,103.9,3921
2026-03-31 17:45:00,103.9,104.03,102.67,102.88,3474
2026-03-31 17:50:00,102.92,103.39,102.52,103.31,2006
2026-03-31 17:55:00,103.28,103.32,102.27,102.63,2864
2026-03-31 18:00:00,102.63,103.0,102.63,102.8,1844
2026-03-31 18:05:00,102.78,102.9,102.6,102.88,940
2026-03-31 18:10:00,102.86,103.0,102.76,102.89,914
2026-03-31 18:15:00,102.9,103.17,102.71,103.06,1167
2026-03-31 18:20:00,103.04,103.26,102.96,103.01,1403
2026-03-31 18:25:00,103.0,103.29,102.94,103.16,1057
2026-03-31 18:30:00,103.18,103.3,102.69,103.19,1841
2026-03-31 18:35:00,103.2,103.46,103.19,103.32,1699
2026-03-31 18:40:00,103.31,103.59,103.13,103.18,1825
2026-03-31 18:45:00,103.17,103.27,102.93,103.03,1598
2026-03-31 18:50:00,103.04,103.18,102.88,103.08,947
2026-03-31 18:55:00,103.11,103.89,103.11,103.75,2564
2026-03-31 19:00:00,103.76,103.78,103.24,103.45,2723
2026-03-31 19:05:00,103.46,103.8,103.3,103.42,1886
2026-03-31 19:10:00,103.43,103.48,102.99,103.36,3357
2026-03-31 19:15:00,103.33,103.34,102.8,102.87,3404
2026-03-31 19:20:00,102.88,103.0,102.2,102.38,3446
2026-03-31 19:25:00,102.37,102.91,102.3,102.47,2714
2026-03-31 19:30:00,102.47,102.85,102.36,102.5,1837
2026-03-31 19:35:00,102.52,103.03,102.48,102.69,3542
2026-03-31 19:40:00,102.7,102.77,102.13,102.21,3036
2026-03-31 19:45:00,102.19,102.55,102.11,102.35,4064
2026-03-31 19:50:00,102.37,102.83,102.3,102.49,3648
2026-03-31 19:55:00,102.51,102.86,102.5,102.66,2670
2026-03-31 20:00:00,102.66,102.7,102.2,102.5,3248
2026-03-31 20:05:00,102.5,103.2,102.36,103.13,3418
2026-03-31 20:10:00,103.12,103.58,103.1,103.36,2426
2026-03-31 20:15:00,103.36,104.1,103.35,104.02,4133
2026-03-31 20:20:00,104.02,104.32,103.94,104.26,3179
2026-03-31 20:25:00,104.25,104.4,104.21,104.29,3726
2026-03-31 20:30:00,104.29,104.37,103.75,104.14,4951
2026-03-31 20:35:00,104.15,104.69,103.96,104.43,3799
2026-03-31 20:40:00,104.43,104.53,103.81,103.9,3176
2026-03-31 20:45:00,103.89,104.07,103.52,103.81,3451
2026-03-31 20:50:00,103.79,104.24,103.79,104.0,2496
2026-03-31 20:55:00,104.0,104.69,103.87,104.47,5575
2026-03-31 21:00:00,104.48,104.78,104.3,104.44,3011
2026-03-31 21:05:00,104.45,104.49,104.15,104.34,1853
2026-03-31 21:10:00,104.33,104.41,104.07,104.35,2196
2026-03-31 21:15:00,104.36,104.5,104.22,104.41,3785
2026-03-31 21:20:00,104.38,104.5,104.0,104.23,3590
2026-03-31 21:25:00,104.22,104.71,104.16,104.61,2574
2026-03-31 21:30:00,104.62,104.69,104.14,104.52,2158
2026-03-31 21:35:00,104.53,104.63,104.13,104.31,1748
2026-03-31 21:40:00,104.31,104.9,104.31,104.63,2843
2026-03-31 21:45:00,104.62,104.68,104.38,104.57,1335
2026-03-31 21:50:00,104.59,104.82,104.53,104.71,1753
2026-03-31 21:55:00,104.71,104.8,104.49,104.74,1877
2026-03-31 22:00:00,104.75,104.94,104.73,104.79,1572
2026-03-31 22:05:00,104.8,105.04,103.15,103.2,6776
2026-03-31 22:10:00,103.19,103.24,100.0,101.5,27139
2026-03-31 22:15:00,101.53,102.82,101.12,101.69,11767
2026-03-31 22:20:00,101.69,102.56,100.86,101.69,9187
2026-03-31 22:25:00,101.71,102.34,101.51,101.83,3661
2026-03-31 22:30:00,101.81,101.87,99.62,100.27,9477
2026-03-31 22:35:00,100.27,101.66,100.24,101.27,8211
2026-03-31 22:40:00,101.27,101.59,100.64,100.75,4250
2026-03-31 22:45:00,100.77,101.08,100.19,100.31,4025
2026-03-31 22:50:00,100.35,100.7,100.22,100.28,2884
2026-03-31 22:55:00,100.27,101.85,100.2,101.56,6898
2026-03-31 23:00:00,101.57,101.68,100.85,100.89,3221
2026-03-31 23:05:00,100.88,102.24,100.75,101.84,4908
2026-03-31 23:10:00,101.86,102.36,101.77,101.99,2836
2026-03-31 23:15:00,102.01,102.08,101.67,101.81,2553
2026-03-31 23:20:00,101.8,102.24,101.61,102.16,2450
2026-03-31 23:25:00,102.16,102.64,102.12,102.43,3443
2026-03-31 23:30:00,102.44,102.5,101.69,102.1,3829
2026-03-31 23:35:00,102.12,102.18,101.53,101.6,2874
2026-03-31 23:40:00,101.6,101.99,101.5,101.6,2752
2026-03-31 23:45:00,101.61,101.64,100.95,101.34,4711
2026-03-31 23:50:00,101.32,101.97,101.28,101.88,4574
2026-03-31 23:55:00,101.87,102.13,100.93,101.15,19939
2026-04-01 00:00:00,101.16,101.85,100.8,101.82,4762
2026-04-01 00:05:00,101.81,101.9,101.45,101.73,1654
2026-04-01 00:10:00,101.75,102.36,101.75,102.27,2514
2026-04-01 00:15:00,102.25,102.47,102.05,102.39,1409
2026-04-01 00:20:00,102.38,102.42,102.11,102.38,789
2026-04-01 00:25:00,102.37,102.41,102.09,102.34,1186
2026-04-01 00:30:00,102.33,102.36,102.1,102.23,1068
2026-04-01 00:35:00,102.22,102.5,102.21,102.38,815
2026-04-01 00:40:00,102.38,102.38,102.13,102.2,399
2026-04-01 00:45:00,102.18,102.22,101.94,102.0,698
2026-04-01 00:50:00,101.98,102.27,101.85,102.26,772
2026-04-01 00:55:00,102.24,102.44,102.22,102.28,702
2026-04-01 01:00:00,102.26,102.27,102.03,102.22,949
2026-04-01 01:05:00,102.22,102.22,101.8,101.94,741
2026-04-01 01:10:00,101.93,102.13,101.9,102.01,762
2026-04-01 01:15:00,102.02,102.12,101.92,102.03,586
2026-04-01 01:20:00,102.03,102.03,101.65,101.69,852
2026-04-01 01:25:00,101.68,102.28,101.67,102.08,1380
2026-04-01 01:30:00,102.1,102.15,101.63,102.04,1430
2026-04-01 01:35:00,102.05,102.06,101.76,101.83,382
2026-04-01 01:40:00,101.82,101.93,101.68,101.84,602
2026-04-01 01:45:00,101.83,101.97,101.78,101.8,253
2026-04-01 01:50:00,101.79,101.88,101.72,101.76,567
2026-04-01 01:55:00,101.76,101.79,101.53,101.63,405
2026-04-01 02:00:00,101.58,101.72,101.38,101.4,747
2026-04-01 02:05:00,101.41,101.43,101.1,101.12,674
2026-04-01 02:10:00,101.17,101.67,100.67,101.47,2268
2026-04-01 02:15:00,101.45,101.78,101.33,101.65,481
2026-04-01 02:20:00,101.62,101.69,101.45,101.5,294
2026-04-01 02:25:00,101.48,101.59,101.39,101.56,726
2026-04-01 03:30:00,101.72,102.05,101.52,101.67,0
2026-04-01 03:35:00,101.67,102.36,101.55,102.33,512
2026-04-01 03:40:00,102.36,102.36,102.09,102.22,487
2026-04-01 03:45:00,102.2,102.2,102.03,102.06,171
2026-04-01 03:50:00,102.06,102.58,102.03,102.53,561
2026-04-01 03:55:00,102.49,102.85,102.49,102.64,317
2026-04-01 04:00:00,102.61,102.65,102.41,102.48,185
2026-04-01 04:05:00,102.49,102.56,102.39,102.5,118
2026-04-01 04:10:00,102.48,102.49,102.14,102.26,193
2026-04-01 04:15:00,102.25,102.34,102.18,102.22,112
2026-04-01 04:20:00,102.22,102.29,102.18,102.24,61
2026-04-01 04:25:00,102.28,102.28,102.16,102.2,67
2026-04-01 04:30:00,102.2,102.23,102.14,102.18,58
2026-04-01 04:35:00,102.18,102.18,101.75,101.83,341
2026-04-01 04:40:00,101.81,101.96,101.75,101.84,112
2026-04-01 04:45:00,101.84,101.94,101.8,101.81,95
2026-04-01 04:50:00,101.81,101.93,101.78,101.85,139
2026-04-01 04:55:00,101.82,102.0,101.81,102.0,73
2026-04-01 05:00:00,101.99,102.01,101.75,101.75,262
2026-04-01 05:05:00,101.75,102.07,101.75,102.03,315
2026-04-01 05:10:00,102.05,102.09,102.04,102.05,96
2026-04-01 05:15:00,102.05,102.24,102.03,102.12,179
2026-04-01 05:20:00,102.14,102.18,101.89,102.11,470
2026-04-01 05:25:00,102.11,102.11,101.61,101.61,1041
2026-04-01 05:30:00,101.63,102.0,101.55,101.9,1255
2026-04-01 05:35:00,101.9,102.37,101.9,102.33,656
2026-04-01 05:40:00,102.32,102.54,102.27,102.43,393
2026-04-01 05:45:00,102.44,102.52,102.37,102.47,296
2026-04-01 05:50:00,102.46,102.57,102.4,102.44,335
2026-04-01 05:55:00,102.43,102.52,102.31,102.36,249
2026-04-01 06:00:00,102.36,102.46,102.23,102.31,297
2026-04-01 06:05:00,102.3,102.37,102.22,102.37,319
2026-04-01 06:10:00,102.36,102.37,102.17,102.27,255
2026-04-01 06:15:00,102.26,102.32,102.13,102.17,230
2026-04-01 06:20:00,102.16,102.24,102.12,102.2,185
2026-04-01 06:25:00,102.2,102.41,102.1,102.14,375
2026-04-01 06:30:00,102.14,102.36,101.88,102.34,1621
2026-04-01 06:35:00,102.34,102.75,102.32,102.48,942
2026-04-01 06:40:00,102.47,102.78,102.42,102.6,635
2026-04-01 06:45:00,102.58,102.98,102.58,102.7,624
2026-04-01 06:50:00,102.71,103.05,102.62,102.83,439
2026-04-01 06:55:00,102.82,102.87,102.58,102.62,386
2026-04-01 07:00:00,102.62,102.73,102.46,102.7,467
2026-04-01 07:05:00,102.7,102.86,102.68,102.82,255
2026-04-01 07:10:00,102.81,103.16,102.81,103.04,989
2026-04-01 07:15:00,103.06,103.11,102.95,102.99,419
2026-04-01 07:20:00,102.98,103.16,102.98,103.03,321
2026-04-01 07:25:00,103.04,103.15,102.92,102.98,179
2026-04-01 07:30:00,102.96,102.97,102.76,102.84,275
2026-04-01 07:35:00,102.84,102.93,102.74,102.77,223
2026-04-01 07:40:00,102.77,102.85,102.68,102.76,191
2026-04-01 07:45:00,102.74,102.74,102.58,102.61,177
2026-04-01 07:50:00,102.6,102.78,102.58,102.7,173
2026-04-01 07:55:00,102.65,102.72,102.58,102.59,149
2026-04-01 08:00:00,102.57,102.8,102.53,102.77,259
2026-04-01 08:05:00,102.77,102.88,102.72,102.79,91
2026-04-01 08:10:00,102.81,102.86,102.64,102.8,180
2026-04-01 08:15:00,102.79,102.82,102.7,102.81,164
2026-04-01 08:20:00,102.8,103.01,102.78,102.97,306
2026-04-01 08:25:00,102.95,103.31,102.92,103.18,522
2026-04-01 08:30:00,103.18,103.25,103.12,103.15,220
2026-04-01 08:35:00,103.15,103.15,102.91,102.92,229
2026-04-01 08:40:00,102.93,103.17,102.88,103.12,279
2026-04-01 08:45:00,103.13,103.28,103.1,103.21,270
2026-04-01 08:50:00,103.23,103.31,103.23,103.31,192
2026-04-01 08:55:00,103.29,103.3,103.17,103.19,180
2026-04-01 09:00:00,103.18,103.26,103.07,103.22,234
2026-04-01 09:05:00,103.22,103.22,102.94,103.0,359
2026-04-01 09:10:00,103.0,103.0,102.84,102.88,186
2026-04-01 09:15:00,102.86,102.96,102.8,102.91,186
2026-04-01 09:20:00,102.9,102.98,102.87,102.95,166
2026-04-01 09:25:00,102.97,103.0,102.91,102.91,59
2026-04-01 09:30:00,102.96,102.99,102.88,102.9,52
2026-04-01 09:35:00,102.88,102.9,102.82,102.88,67
2026-04-01 09:40:00,102.91,103.04,102.9,102.99,153
2026-04-01 09:45:00,102.99,103.04,102.96,102.96,58
2026-04-01 09:50:00,102.93,102.98,102.93,102.94,43
2026-04-01 09:55:00,102.93,103.02,102.93,102.97,153
2026-04-01 10:00:00,102.97,103.13,102.95,103.04,186
2026-04-01 10:05:00,103.08,103.13,102.85,102.88,168
2026-04-01 10:10:00,102.89,102.93,102.83,102.86,136
2026-04-01 10:15:00,102.88,102.94,102.72,102.78,250
2026-04-01 10:20:00,102.74,102.82,102.51,102.82,487
2026-04-01 10:25:00,102.83,102.9,102.51,102.56,425
2026-04-01 10:30:00,102.57,102.63,102.5,102.5,191
2026-04-01 10:35:00,102.5,102.68,102.48,102.57,185
2026-04-01 10:40:00,102.57,102.62,102.33,102.39,294
2026-04-01 10:45:00,102.4,102.45,102.27,102.33,269
2026-04-01 10:50:00,102.32,102.36,102.22,102.28,263
2026-04-01 10:55:00,102.28,102.44,102.2,102.35,255
2026-04-01 11:00:00,102.39,102.4,101.92,101.98,757
2026-04-01 11:05:00,101.98,102.16,101.85,101.86,459
2026-04-01 11:10:00,101.85,101.88,101.63,101.72,819
2026-04-01 11:15:00,101.73,101.88,101.32,101.48,1020
2026-04-01 11:20:00,101.46,101.46,101.03,101.08,1524
2026-04-01 11:25:00,101.06,101.38,101.04,101.28,674
2026-04-01 11:30:00,101.26,101.34,101.11,101.23,584
2026-04-01 11:35:00,101.23,101.25,100.87,101.0,842
2026-04-01 11:40:00,101.03,101.03,100.42,100.51,2049
2026-04-01 11:45:00,100.51,100.77,100.3,100.34,1340
2026-04-01 11:50:00,100.33,100.36,99.87,100.14,2060
2026-04-01 11:55:00,100.15,100.15,99.09,99.35,3172
2026-04-01 12:00:00,99.33,99.33,97.9,98.44,5613
2026-04-01 12:05:00,98.45,98.57,97.82,98.25,2858
2026-04-01 12:10:00,98.26,98.33,96.79,97.24,3602
2026-04-01 12:15:00,97.25,98.02,97.16,97.94,2703
2026-04-01 12:20:00,97.94,98.43,97.92,98.09,2241
2026-04-01 12:25:00,98.09,98.1,96.65,96.98,3393
2026-04-01 12:30:00,96.95,97.66,96.61,97.61,2347
2026-04-01 12:35:00,97.62,97.88,97.08,97.16,2448
2026-04-01 12:40:00,97.16,97.56,97.06,97.32,1404
2026-04-01 12:45:00,97.31,97.78,97.16,97.66,1621
2026-04-01 12:50:00,97.67,97.75,97.4,97.47,1246
2026-04-01 12:55:00,97.45,97.6,97.23,97.32,934
2026-04-01 13:00:00,97.32,97.39,96.96,97.12,1181
2026-04-01 13:05:00,97.1,97.2,96.78,96.95,1190
2026-04-01 13:10:00,96.96,97.36,96.5,96.76,2260
2026-04-01 13:15:00,96.75,97.47,96.5,97.39,1791
2026-04-01 13:20:00,97.38,97.86,97.35,97.75,2393
2026-04-01 13:25:00,97.76,98.59,97.7,98.36,2828
2026-04-01 13:30:00,98.36,98.63,98.08,98.17,2260
2026-04-01 13:35:00,98.16,98.34,97.95,98.21,1281
2026-04-01 13:40:00,98.2,98.95,98.2,98.85,2006
2026-04-01 13:45:00,98.86,98.87,98.41,98.43,1239
2026-04-01 13:50:00,98.45,98.76,98.42,98.64,1015
2026-04-01 13:55:00,98.64,99.2,98.44,99.11,1918
2026-04-01 14:00:00,99.1,99.28,98.63,98.78,1607
2026-04-01 14:05:00,98.77,99.07,98.65,98.73,937
2026-04-01 14:10:00,98.75,98.94,98.59,98.76,850
2026-04-01 14:15:00,98.75,99.04,98.62,99.03,675
2026-04-01 14:20:00,99.02,99.22,98.81,99.03,1139
2026-04-01 14:25:00,99.02,99.42,98.99,99.32,1083
2026-04-01 14:30:00,99.32,99.46,99.11,99.32,1012
2026-04-01 14:35:00,99.32,99.75,99.22,99.71,1167
2026-04-01 14:40:00,99.71,99.8,99.48,99.53,1140
2026-04-01 14:45:00,99.53,100.14,99.45,100.05,1311
2026-04-01 14:50:00,100.02,100.43,100.0,100.18,1252
2026-04-01 14:55:00,100.19,100.22,99.82,100.13,1132
2026-04-01 15:00:00,100.13,100.23,100.0,100.15,575
2026-04-01 15:05:00,100.14,100.46,100.05,100.43,804
2026-04-01 15:10:00,100.42,100.66,100.19,100.22,1813
2026-04-01 15:15:00,100.21,100.31,99.88,100.04,1219
2026-04-01 15:20:00,100.05,100.42,99.83,100.24,1050
2026-04-01 15:25:00,100.25,100.49,100.0,100.06,1703
2026-04-01 15:30:00,100.04,100.23,99.88,100.21,596
2026-04-01 15:35:00,100.21,100.32,100.0,100.17,680
2026-04-01 15:40:00,100.17,100.22,99.9,100.12,609
2026-04-01 15:45:00,100.14,100.28,100.05,100.11,820
2026-04-01 15:50:00,100.1,100.1,99.66,99.98,1242
2026-04-01 15:55:00,99.99,100.36,99.98,100.34,1777
2026-04-01 16:00:00,100.35,100.35,100.13,100.24,807
2026-04-01 16:05:00,100.24,100.59,100.24,100.4,968
2026-04-01 16:10:00,100.38,100.4,99.9,99.93,1563
2026-04-01 16:15:00,99.91,99.92,99.48,99.75,1835
2026-04-01 16:20:00,99.74,99.87,99.44,99.81,1223
2026-04-01 16:25:00,99.84,100.18,99.84,99.98,1094
2026-04-01 16:30:00,99.96,100.16,99.73,99.82,850
2026-04-01 16:35:00,99.83,100.11,99.66,99.89,803
2026-04-01 16:40:00,99.87,100.04,99.79,99.8,654
2026-04-01 16:45:00,99.8,100.12,99.65,99.67,974
2026-04-01 16:50:00,99.66,99.93,99.65,99.67,612
2026-04-01 16:55:00,99.67,99.68,99.12,99.17,1563
2026-04-01 17:00:00,99.17,99.22,98.74,98.8,2079
2026-04-01 17:05:00,98.81,98.91,98.37,98.42,1927
2026-04-01 17:10:00,98.4,98.87,98.33,98.56,1320
2026-04-01 17:15:00,98.57,98.91,98.49,98.62,800
2026-04-01 17:20:00,98.6,98.76,98.38,98.68,822
2026-04-01 17:25:00,98.66,98.82,98.45,98.8,1452
2026-04-01 17:30:00,98.78,98.81,98.16,98.48,2809
2026-04-01 17:35:00,98.47,98.67,98.01,98.61,2347
2026-04-01 17:40:00,98.64,99.01,98.59,98.85,1683
2026-04-01 17:45:00,98.82,98.89,98.65,98.67,692
2026-04-01 17:50:00,98.66,98.98,98.6,98.79,988
2026-04-01 17:55:00,98.78,99.59,98.74,99.51,2546
2026-04-01 18:00:00,99.5,99.58,99.37,99.54,1454
2026-04-01 18:05:00,99.53,99.91,99.2,99.89,2794
2026-04-01 18:10:00,99.89,100.3,98.62,99.0,3670
2026-04-01 18:15:00,99.05,100.12,98.71,99.99,7803
2026-04-01 18:20:00,100.0,100.44,99.81,100.28,2770
2026-04-01 18:25:00,100.28,100.89,100.08,100.58,2856
2026-04-01 18:30:00,100.59,100.95,100.39,100.76,2950
2026-04-01 18:35:00,100.78,101.01,100.67,100.83,1970
2026-04-01 18:40:00,100.82,100.96,100.12,100.46,4284
2026-04-01 18:45:00,100.47,100.73,100.01,100.3,2997
2026-04-01 18:50:00,100.32,100.93,100.1,100.11,2383
2026-04-01 18:55:00,100.1,100.32,99.88,100.12,2305
2026-04-01 19:00:00,100.14,100.25,99.54,99.64,3447
2026-04-01 19:05:00,99.66,99.82,98.87,99.13,4966
2026-04-01 19:10:00,99.12,99.91,98.78,99.5,6272
2026-04-01 19:15:00,99.46,99.58,99.0,99.09,2794
2026-04-01 19:20:00,99.07,99.37,98.44,98.82,4220
2026-04-01 19:25:00,98.83,99.14,98.61,98.96,2566
2026-04-01 19:30:00,98.96,99.44,98.89,99.06,2887
2026-04-01 19:35:00,99.03,99.43,98.88,99.02,2048
2026-04-01 19:40:00,99.02,99.25,98.57,98.68,2322
2026-04-01 19:45:00,98.68,98.81,98.46,98.63,2342
2026-04-01 19:50:00,98.62,99.12,98.59,98.82,3068
2026-04-01 19:55:00,98.79,99.11,98.7,98.85,1981
2026-04-01 20:00:00,98.87,99.26,98.23,99.18,4681
2026-04-01 20:05:00,99.17,99.5,98.53,98.78,4438
2026-04-01 20:10:00,98.82,99.58,98.81,98.95,3917
2026-04-01 20:15:00,98.96,99.34,98.73,98.85,2726
2026-04-01 20:20:00,98.85,99.09,98.6,98.85,2395
2026-04-01 20:25:00,98.84,99.09,98.68,99.07,1575
2026-04-01 20:30:00,99.06,99.37,98.94,99.14,2160
2026-04-01 20:35:00,99.15,99.38,99.02,99.09,2376
2026-04-01 20:40:00,99.09,99.36,99.05,99.28,1611
2026-04-01 20:45:00,99.25,99.48,99.12,99.18,2265
2026-04-01 20:50:00,99.19,99.99,99.12,99.9,2916
2026-04-01 20:55:00,99.9,100.2,99.76,100.04,4067
2026-04-01 21:00:00,100.02,100.14,99.72,99.79,2516
2026-04-01 21:05:00,99.78,99.94,99.54,99.59,1952
2026-04-01 21:10:00,99.57,99.9,99.56,99.85,1697
2026-04-01 21:15:00,99.84,100.15,99.8,100.02,1707
2026-04-01 21:20:00,100.02,100.28,100.0,100.12,2073
2026-04-01 21:25:00,100.11,100.12,99.6,99.73,3280
2026-04-01 21:30:00,99.74,99.87,99.63,99.85,2099
2026-04-01 21:35:00,99.85,100.08,99.73,99.94,1688
2026-04-01 21:40:00,99.93,100.74,99.93,100.68,4387
2026-04-01 21:45:00,100.67,100.86,100.35,100.4,2959
2026-04-01 21:50:00,100.4,100.49,100.21,100.33,1261
2026-04-01 21:55:00,100.34,100.39,100.06,100.09,2014
2026-04-01 22:00:00,100.09,100.26,99.96,100.2,2349
2026-04-01 22:05:00,100.21,100.31,100.12,100.15,1133
2026-04-01 22:10:00,100.17,100.18,99.81,99.82,1664
2026-04-01 22:15:00,99.82,100.09,99.82,100.05,1498
2026-04-01 22:20:00,100.05,100.2,99.97,100.17,1228
2026-04-01 22:25:00,100.15,100.26,99.97,100.03,878
2026-04-01 22:30:00,100.01,100.04,99.76,99.79,1715
2026-04-01 22:35:00,99.8,99.8,99.19,99.3,3233
2026-04-01 22:40:00,99.29,99.4,99.15,99.22,1921
2026-04-01 22:45:00,99.21,99.55,99.18,99.52,1661
2026-04-01 22:50:00,99.52,99.53,99.16,99.49,1854
2026-04-01 22:55:00,99.5,99.54,99.31,99.32,988
2026-04-01 23:00:00,99.33,99.38,99.0,99.19,2107
2026-04-01 23:05:00,99.18,99.25,99.0,99.06,1638
2026-04-01 23:10:00,99.05,99.06,98.88,98.95,1759
2026-04-01 23:15:00,98.95,98.97,98.62,98.81,2669
2026-04-01 23:20:00,98.81,98.94,98.58,98.91,2245
2026-04-01 23:25:00,98.89,99.5,98.8,99.31,3769
2026-04-01 23:30:00,99.31,99.79,99.29,99.71,3549
2026-04-01 23:35:00,99.72,99.77,99.47,99.59,2101
2026-04-01 23:40:00,99.59,99.59,99.17,99.4,3253
2026-04-01 23:45:00,99.42,99.94,99.4,99.83,2834
2026-04-01 23:50:00,99.83,99.88,99.43,99.56,4233
2026-04-01 23:55:00,99.54,100.26,99.48,100.14,16118
2026-04-02 00:00:00,100.15,100.44,100.11,100.38,2935
2026-04-02 00:05:00,100.39,100.44,100.01,100.22,2651
2026-04-02 00:10:00,100.21,100.34,99.77,99.87,1983
2026-04-02 00:15:00,99.86,100.02,99.75,99.94,1109
2026-04-02 00:20:00,99.95,100.1,99.88,99.95,918
2026-04-02 00:25:00,99.95,100.05,99.77,99.83,1073
2026-04-02 00:30:00,99.85,99.85,99.76,99.83,761
2026-04-02 00:35:00,99.84,99.89,99.66,99.8,1117
2026-04-02 00:40:00,99.81,99.85,99.73,99.8,700
2026-04-02 00:45:00,99.8,99.8,99.65,99.73,632
2026-04-02 00:50:00,99.72,99.76,99.67,99.74,727
2026-04-02 00:55:00,99.75,99.75,99.56,99.67,1827
2026-04-02 01:00:00,99.67,99.71,99.5,99.5,840
2026-04-02 01:05:00,99.51,99.56,98.85,98.99,3212
2026-04-02 01:10:00,98.99,99.27,98.96,99.22,856
2026-04-02 01:15:00,99.23,99.46,99.13,99.36,1219
2026-04-02 01:20:00,99.37,99.65,99.34,99.56,934
2026-04-02 01:25:00,99.58,99.59,99.17,99.52,1115
2026-04-02 01:30:00,99.53,100.0,99.5,99.68,673
2026-04-02 01:35:00,99.67,99.68,99.56,99.65,288
2026-04-02 01:40:00,99.65,99.7,99.53,99.55,284
2026-04-02 01:45:00,99.54,99.6,99.18,99.19,677
2026-04-02 01:50:00,99.19,99.28,99.17,99.26,328
2026-04-02 01:55:00,99.27,99.38,99.26,99.29,241
2026-04-02 02:00:00,99.3,99.33,99.01,99.07,232
2026-04-02 02:05:00,99.08,99.11,98.86,98.92,316
2026-04-02 02:10:00,98.89,98.94,98.87,98.92,109
2026-04-02 02:15:00,98.92,98.95,98.76,98.92,656
2026-04-02 02:20:00,98.94,98.95,98.81,98.94,351
2026-04-02 02:25:00,98.94,98.98,98.83,98.91,908
2026-04-02 03:30:00,98.92,98.97,98.37,98.84,0
2026-04-02 03:35:00,98.89,98.9,98.7,98.76,129
2026-04-02 03:40:00,98.73,98.73,98.59,98.7,76
2026-04-02 03:45:00,98.74,98.92,98.71,98.9,103
2026-04-02 03:50:00,98.9,99.0,98.87,98.92,159
2026-04-02 03:55:00,98.91,98.99,98.86,98.9,127
2026-04-02 04:00:00,98.93,99.0,98.88,98.97,198
2026-04-02 04:05:00,98.98,98.99,98.86,98.95,56
2026-04-02 04:10:00,98.95,99.19,98.92,99.15,206
2026-04-02 04:15:00,99.12,99.21,99.08,99.11,90
2026-04-02 04:20:00,99.1,99.1,98.99,99.03,82
2026-04-02 04:25:00,99.0,99.05,98.95,99.05,97
2026-04-02 04:30:00,99.03,99.15,99.03,99.06,71
2026-04-02 04:35:00,99.03,99.03,98.95,99.0,71
2026-04-02 04:40:00,98.99,99.06,98.97,99.0,31
2026-04-02 04:45:00,98.97,98.97,98.68,98.83,202
2026-04-02 04:50:00,98.87,98.88,98.75,98.8,91
2026-04-02 04:55:00,98.82,98.97,98.79,98.91,125
2026-04-02 05:00:00,98.94,98.94,98.86,98.9,184
2026-04-02 05:05:00,98.92,98.96,98.89,98.91,45
2026-04-02 05:10:00,98.92,98.95,98.82,98.92,174
2026-04-02 05:15:00,98.92,99.03,98.72,98.81,323
2026-04-02 05:20:00,98.79,99.0,98.63,98.7,408
2026-04-02 05:25:00,98.72,98.94,98.67,98.94,164
2026-04-02 05:30:00,98.88,99.02,98.41,98.58,1289
2026-04-02 05:35:00,98.59,98.75,97.83,97.93,1675
2026-04-02 05:40:00,97.94,98.36,97.7,98.09,1211
2026-04-02 05:45:00,98.08,98.5,98.07,98.47,548
2026-04-02 05:50:00,98.46,98.5,98.32,98.47,171
2026-04-02 05:55:00,98.47,98.59,98.27,98.55,375
2026-04-02 06:00:00,98.56,98.76,98.44,98.62,308
2026-04-02 06:05:00,98.64,98.67,98.27,98.33,462
2026-04-02 06:10:00,98.33,98.39,97.83,97.94,695
2026-04-02 06:15:00,97.9,97.97,97.5,97.89,900
2026-04-02 06:20:00,97.88,98.21,97.84,98.15,524
2026-04-02 06:25:00,98.13,98.31,97.98,98.03,630
2026-04-02 06:30:00,98.03,99.98,97.78,99.74,3379
2026-04-02 06:35:00,99.75,101.42,99.75,100.3,5767
2026-04-02 06:40:00,100.25,100.63,98.86,100.29,3788
2026-04-02 06:45:00,100.3,103.16,100.29,102.94,6465
2026-04-02 06:50:00,102.96,103.16,102.16,103.11,4317
2026-04-02 06:55:00,103.07,103.56,102.74,102.87,3335
2026-04-02 07:00:00,102.87,104.29,102.84,103.74,3015
2026-04-02 07:05:00,103.74,104.07,103.13,103.4,2442
2026-04-02 07:10:00,103.4,103.79,103.06,103.59,1898
2026-04-02 07:15:00,103.59,103.92,103.41,103.68,878
2026-04-02 07:20:00,103.65,104.14,103.34,103.89,1720
2026-04-02 07:25:00,103.9,104.5,103.75,104.17,1779
2026-04-02 07:30:00,104.12,104.26,103.78,103.83,869
2026-04-02 07:35:00,103.8,104.38,103.7,104.19,869
2026-04-02 07:40:00,104.16,104.64,104.09,104.52,1163
2026-04-02 07:45:00,104.51,104.51,104.24,104.32,700
2026-04-02 07:50:00,104.35,104.46,103.76,103.9,1093
2026-04-02 07:55:00,103.88,104.23,103.87,104.13,710
2026-04-02 08:00:00,104.14,104.18,103.69,103.74,1253
2026-04-02 08:05:00,103.74,104.09,103.61,103.91,689
2026-04-02 08:10:00,103.91,104.02,103.65,103.68,432
2026-04-02 08:15:00,103.67,103.81,103.54,103.78,473
2026-04-02 08:20:00,103.79,104.14,103.75,103.96,531
2026-04-02 08:25:00,103.96,104.01,103.76,103.8,268
2026-04-02 08:30:00,103.8,104.25,103.78,104.03,493
2026-04-02 08:35:00,104.07,104.27,104.04,104.25,215
2026-04-02 08:40:00,104.21,104.27,104.05,104.2,180
2026-04-02 08:45:00,104.18,104.2,103.86,103.94,334
2026-04-02 08:50:00,103.95,103.98,103.75,103.76,289
2026-04-02 08:55:00,103.78,104.01,103.71,103.95,280
2026-04-02 09:00:00,103.97,104.34,103.9,104.16,541
2026-04-02 09:05:00,104.16,104.25,104.02,104.1,335
2026-04-02 09:10:00,104.1,104.37,104.07,104.21,349
2026-04-02 09:15:00,104.18,104.54,104.17,104.47,493
2026-04-02 09:20:00,104.48,104.76,104.41,104.52,556
2026-04-02 09:25:00,104.53,104.83,104.46,104.72,523
2026-04-02 09:30:00,104.7,104.96,104.65,104.86,1017
2026-04-02 09:35:00,104.89,105.62,104.88,105.26,1833
2026-04-02 09:40:00,105.26,105.31,105.0,105.18,539
2026-04-02 09:45:00,105.16,105.3,105.08,105.14,404
2026-04-02 09:50:00,105.16,105.36,105.12,105.13,433
2026-04-02 09:55:00,105.16,105.62,105.1,105.44,1386
2026-04-02 10:00:00,105.4,105.65,105.2,105.33,849
2026-04-02 10:05:00,105.31,105.56,105.21,105.32,515
2026-04-02 10:10:00,105.29,105.43,105.2,105.29,443
2026-04-02 10:15:00,105.3,105.35,105.03,105.08,369
2026-04-02 10:20:00,105.06,105.2,104.89,105.0,458
2026-04-02 10:25:00,105.0,105.09,104.86,104.96,318
2026-04-02 10:30:00,104.94,104.99,104.65,104.89,682
2026-04-02 10:35:00,104.91,105.03,104.82,104.82,270
2026-04-02 10:40:00,104.84,104.99,104.75,104.97,310
2026-04-02 10:45:00,104.95,105.05,104.82,104.99,283
2026-04-02 10:50:00,104.96,104.96,104.8,104.91,210
2026-04-02 10:55:00,104.89,104.94,104.76,104.76,255
2026-04-02 11:00:00,104.76,105.07,104.51,105.07,843
2026-04-02 11:05:00,105.07,105.34,104.98,105.11,513
2026-04-02 11:10:00,105.14,105.29,104.91,105.22,494
2026-04-02 11:15:00,105.23,105.76,105.19,105.68,925
2026-04-02 11:20:00,105.67,105.83,105.47,105.63,624
2026-04-02 11:25:00,105.65,106.15,105.63,106.14,1056
2026-04-02 11:30:00,106.1,106.29,105.85,106.06,1554
2026-04-02 11:35:00,106.06,106.45,106.0,106.35,1397
2026-04-02 11:40:00,106.36,106.57,106.34,106.56,1633
2026-04-02 11:45:00,106.56,106.57,106.19,106.28,1285
2026-04-02 11:50:00,106.27,106.27,105.96,106.04,961
2026-04-02 11:55:00,106.05,106.27,105.87,106.27,819
2026-04-02 12:00:00,106.27,106.44,106.21,106.41,687
2026-04-02 12:05:00,106.43,106.75,106.43,106.56,1618
2026-04-02 12:10:00,106.55,106.65,106.32,106.34,1064
2026-04-02 12:15:00,106.35,106.55,106.35,106.51,583
2026-04-02 12:20:00,106.5,106.58,106.14,106.33,1099
2026-04-02 12:25:00,106.35,106.35,105.95,106.1,850
2026-04-02 12:30:00,106.07,106.39,105.93,106.17,870
2026-04-02 12:35:00,106.21,106.35,106.0,106.21,727
2026-04-02 12:40:00,106.19,106.27,105.98,106.14,612
2026-04-02 12:45:00,106.15,106.16,105.81,106.14,829
2026-04-02 12:50:00,106.12,106.65,106.11,106.58,1614
2026-04-02 12:55:00,106.6,106.64,106.4,106.51,1284
2026-04-02 13:00:00,106.53,106.67,106.43,106.55,656
2026-04-02 13:05:00,106.57,106.62,106.37,106.43,513
2026-04-02 13:10:00,106.44,106.56,106.27,106.33,809
2026-04-02 13:15:00,106.34,106.43,106.17,106.22,677
2026-04-02 13:20:00,106.21,106.58,106.18,106.48,721
2026-04-02 13:25:00,106.48,106.5,106.23,106.24,412
2026-04-02 13:30:00,106.24,106.74,106.06,106.7,1133
2026-04-02 13:35:00,106.72,107.05,106.71,106.75,1754
2026-04-02 13:40:00,106.75,106.86,106.63,106.79,488
2026-04-02 13:45:00,106.81,107.01,106.77,106.91,865
2026-04-02 13:50:00,106.91,107.05,106.82,106.94,1446
2026-04-02 13:55:00,106.91,107.09,106.72,106.76,1067
2026-04-02 14:00:00,106.78,106.82,106.5,106.68,1116
2026-04-02 14:05:00,106.7,107.1,106.67,106.88,1053
2026-04-02 14:10:00,106.87,107.15,106.78,107.12,1030
2026-04-02 14:15:00,107.13,107.17,106.95,107.06,514
2026-04-02 14:20:00,107.07,107.14,106.99,107.05,365
2026-04-02 14:25:00,107.02,107.24,106.98,107.23,617
2026-04-02 14:30:00,107.2,107.33,107.1,107.3,1158
2026-04-02 14:35:00,107.3,107.35,107.12,107.28,1450
2026-04-02 14:40:00,107.28,107.32,107.02,107.08,986
2026-04-02 14:45:00,107.1,107.24,106.93,107.21,670
2026-04-02 14:50:00,107.19,107.38,107.1,107.24,797
2026-04-02 14:55:00,107.26,107.38,107.11,107.36,645
2026-04-02 15:00:00,107.35,107.81,107.35,107.78,1955
2026-04-02 15:05:00,107.8,107.9,107.75,107.85,1213
2026-04-02 15:10:00,107.86,108.03,107.75,107.99,1749
2026-04-02 15:15:00,107.99,108.0,107.71,107.73,1205
2026-04-02 15:20:00,107.74,107.77,107.45,107.57,1089
2026-04-02 15:25:00,107.57,107.79,107.42,107.67,992
2026-04-02 15:30:00,107.65,107.75,107.49,107.63,1232
2026-04-02 15:35:00,107.63,107.97,107.56,107.95,1591
2026-04-02 15:40:00,107.94,108.02,107.85,107.9,1130
2026-04-02 15:45:00,107.9,108.08,107.83,107.93,1156
2026-04-02 15:50:00,107.92,108.01,107.81,107.86,720
2026-04-02 15:55:00,107.85,108.21,107.8,108.17,995
2026-04-02 16:00:00,108.17,108.37,108.1,108.33,1131
2026-04-02 16:05:00,108.33,108.35,108.07,108.28,759
2026-04-02 16:10:00,108.28,108.32,107.74,108.06,1639
2026-04-02 16:15:00,108.07,108.31,108.01,108.18,1594
2026-04-02 16:20:00,108.2,108.53,108.2,108.43,1524
2026-04-02 16:25:00,108.42,108.62,108.31,108.41,1280
2026-04-02 16:30:00,108.41,108.63,108.33,108.48,1488
2026-04-02 16:35:00,108.47,108.67,108.44,108.55,1036
2026-04-02 16:40:00,108.55,108.72,108.49,108.66,1017
2026-04-02 16:45:00,108.66,108.87,108.64,108.77,1315
2026-04-02 16:50:00,108.78,108.87,108.63,108.63,1059
2026-04-02 16:55:00,108.64,109.25,108.56,109.08,3159
2026-04-02 17:00:00,109.08,109.33,109.07,109.18,2315
2026-04-02 17:05:00,109.19,109.45,109.09,109.38,1623
2026-04-02 17:10:00,109.38,109.47,109.15,109.35,1431
2026-04-02 17:15:00,109.34,109.54,109.3,109.41,1698
2026-04-02 17:20:00,109.42,109.84,109.41,109.46,3050
2026-04-02 17:25:00,109.46,109.93,109.45,109.76,2013
2026-04-02 17:30:00,109.77,109.91,109.48,109.75,2337
2026-04-02 17:35:00,109.75,110.14,109.45,110.07,2734
2026-04-02 17:40:00,110.07,110.45,110.04,110.31,4283
2026-04-02 17:45:00,110.32,110.67,110.27,110.52,2415
2026-04-02 17:50:00,110.52,110.61,109.46,109.47,5180
2026-04-02 17:55:00,109.48,110.22,109.4,110.08,2968
2026-04-02 18:00:00,110.08,110.74,110.0,110.64,2372
2026-04-02 18:05:00,110.64,111.48,110.61,110.79,6138
2026-04-02 18:10:00,110.78,111.71,110.77,111.53,4612
2026-04-02 18:15:00,111.54,112.77,111.51,112.15,7180
2026-04-02 18:20:00,112.16,112.74,111.79,112.63,8435
2026-04-02 18:25:00,112.61,113.34,112.3,113.14,7047
2026-04-02 18:30:00,113.15,113.97,111.82,112.2,11997
2026-04-02 18:35:00,112.21,112.6,111.75,112.18,5309
2026-04-02 18:40:00,112.18,113.81,112.04,113.4,5464
2026-04-02 18:45:00,113.39,113.44,112.54,113.11,4723
2026-04-02 18:50:00,113.1,113.61,112.83,113.56,3342
2026-04-02 18:55:00,113.56,113.56,112.5,112.64,4415
2026-04-02 19:00:00,112.65,112.68,111.71,111.9,7008
2026-04-02 19:05:00,111.92,113.04,111.5,113.0,6940
2026-04-02 19:10:00,112.98,113.48,112.67,113.17,6093
2026-04-02 19:15:00,113.17,113.23,111.5,111.84,6286
2026-04-02 19:20:00,111.83,111.97,110.77,111.44,5660
2026-04-02 19:25:00,111.42,111.56,110.7,111.03,5067
2026-04-02 19:30:00,111.03,111.72,110.5,111.42,4058
2026-04-02 19:35:00,111.43,111.69,110.33,110.73,4035
2026-04-02 19:40:00,110.73,111.57,110.69,111.52,3248
2026-04-02 19:45:00,111.52,111.52,110.58,111.02,3445
2026-04-02 19:50:00,111.01,111.05,110.25,110.68,3973
2026-04-02 19:55:00,110.66,111.22,110.57,110.99,3071
2026-04-02 20:00:00,111.0,111.18,110.1,110.41,3755
2026-04-02 20:05:00,110.43,110.52,106.62,108.12,18065
2026-04-02 20:10:00,108.1,109.5,107.6,107.65,7221
2026-04-02 20:15:00,107.65,109.23,107.07,109.05,7169
2026-04-02 20:20:00,109.06,109.67,108.79,108.98,4020
2026-04-02 20:25:00,108.96,109.17,108.41,108.81,3592
2026-04-02 20:30:00,108.8,109.57,108.64,108.74,4775
2026-04-02 20:35:00,108.73,109.38,108.55,108.81,3090
2026-04-02 20:40:00,108.8,109.39,108.37,109.1,4775
2026-04-02 20:45:00,109.1,109.47,108.54,109.33,3238
2026-04-02 20:50:00,109.36,110.47,109.33,110.29,4484
2026-04-02 20:55:00,110.27,110.5,109.8,110.02,3848
2026-04-02 21:00:00,110.01,110.8,109.97,110.5,3747
2026-04-02 21:05:00,110.49,110.96,110.18,110.92,3389
2026-04-02 21:10:00,110.9,111.5,110.8,111.06,4750
2026-04-02 21:15:00,111.07,111.58,111.06,111.51,2637
2026-04-02 21:20:00,111.5,112.13,111.44,111.7,4920
2026-04-02 21:25:00,111.72,111.94,111.44,111.51,3252
2026-04-02 21:30:00,111.5,111.55,110.76,111.25,4506
2026-04-02 21:35:00,111.26,111.5,110.85,111.26,2109
2026-04-02 21:40:00,111.24,111.78,111.13,111.65,2201
2026-04-02 21:45:00,111.63,112.0,111.4,111.95,2142
2026-04-02 21:50:00,111.95,112.16,111.79,111.94,1894
2026-04-02 21:55:00,111.96,112.09,111.49,111.75,1967
2026-04-02 22:00:00,111.73,111.92,111.06,111.18,1994
2026-04-02 22:05:00,111.17,111.35,111.0,111.17,1381
2026-04-02 22:10:00,111.17,111.65,110.68,111.46,1952
2026-04-02 22:15:00,111.45,111.62,110.98,111.02,1525
2026-04-02 22:20:00,111.01,111.25,110.5,110.65,2796
2026-04-02 22:25:00,110.66,111.07,110.6,111.0,1741
2026-04-02 22:30:00,111.01,111.53,110.64,110.82,3189
2026-04-02 22:35:00,110.83,110.95,110.45,110.72,1997
2026-04-02 22:40:00,110.72,111.0,110.21,110.46,2441
2026-04-02 22:45:00,110.45,110.92,110.04,110.86,2286
2026-04-02 22:50:00,110.86,111.05,110.67,110.83,1645
2026-04-02 22:55:00,110.83,111.22,110.43,111.11,3437
2026-04-02 23:00:00,111.1,111.44,111.08,111.41,2135
2026-04-02 23:05:00,111.42,111.92,111.3,111.49,3939
2026-04-02 23:10:00,111.48,111.69,111.21,111.41,1607
2026-04-02 23:15:00,111.4,111.98,111.37,111.89,2390
2026-04-02 23:20:00,111.92,112.0,111.59,111.64,1452
2026-04-02 23:25:00,111.63,111.88,111.58,111.71,1448
2026-04-02 23:30:00,111.69,111.79,111.17,111.31,2241
2026-04-02 23:35:00,111.32,111.8,111.07,111.78,2105
2026-04-02 23:40:00,111.78,112.3,111.65,111.95,3046
2026-04-02 23:45:00,111.92,112.1,111.65,111.81,2650
2026-04-02 23:50:00,111.82,112.23,111.79,112.15,3272
2026-04-02 23:55:00,112.15,112.3,111.36,111.48,16570
2026-04-03 00:00:00,111.48,111.8,111.27,111.64,3649
2026-04-03 00:05:00,111.64,111.87,111.48,111.51,991
2026-04-03 00:10:00,111.5,111.56,111.0,111.28,1548
2026-04-03 00:15:00,111.28,111.41,110.95,111.32,1055
2026-04-03 00:20:00,111.31,111.42,110.97,111.04,1666
2026-04-03 00:25:00,111.06,111.16,110.79,111.13,1076
2026-04-03 00:30:00,111.11,111.3,110.77,111.08,1256
2026-04-03 00:35:00,111.07,111.37,110.93,110.97,843
2026-04-03 00:40:00,110.94,111.16,110.85,111.14,797
2026-04-03 00:45:00,111.13,111.42,111.12,111.34,909
2026-04-03 00:50:00,111.36,111.53,111.18,111.32,701
2026-04-03 00:55:00,111.31,111.59,111.3,111.48,711
2026-04-03 01:00:00,111.47,111.64,111.39,111.61,752
2026-04-03 01:05:00,111.6,111.76,111.44,111.46,664
2026-04-03 01:10:00,111.48,111.49,111.22,111.43,746
2026-04-03 01:15:00,111.45,111.55,111.34,111.53,635
2026-04-03 01:20:00,111.52,111.64,111.39,111.51,738
2026-04-03 01:25:00,111.51,111.59,111.25,111.47,1084
2026-04-03 01:30:00,111.45,111.52,111.32,111.46,564
2026-04-03 01:35:00,111.46,111.7,111.41,111.69,317
2026-04-03 01:40:00,111.7,111.96,111.63,111.8,905
2026-04-03 01:45:00,111.78,111.79,111.48,111.61,543
2026-04-03 01:50:00,111.6,111.76,111.58,111.72,225
2026-04-03 01:55:00,111.74,111.82,111.66,111.66,303
2026-04-03 02:00:00,111.66,111.8,111.57,111.76,284
2026-04-03 02:05:00,111.77,111.88,111.7,111.79,361
2026-04-03 02:10:00,111.77,111.79,111.53,111.61,568
2026-04-03 02:15:00,111.61,111.83,111.57,111.77,430
2026-04-03 02:20:00,111.76,111.95,111.68,111.89,410
2026-04-03 02:25:00,111.88,112.01,111.88,112.0,715
2026-04-06 03:30:00,112.96,114.83,112.5,113.62,1820
2026-04-06 03:35:00,113.56,115.0,113.5,114.89,1895
2026-04-06 03:40:00,114.85,115.48,114.2,114.28,2199
2026-04-06 03:45:00,114.36,114.9,114.31,114.87,833
2026-04-06 03:50:00,114.88,115.07,114.58,114.89,880
2026-04-06 03:55:00,114.89,115.02,114.75,114.91,453
2026-04-06 04:00:00,114.88,114.95,114.51,114.66,1059
2026-04-06 04:05:00,114.69,114.89,114.31,114.38,734
2026-04-06 04:10:00,114.38,114.72,114.3,114.58,475
2026-04-06 04:15:00,114.54,114.61,114.25,114.35,314
2026-04-06 04:20:00,114.38,114.43,113.9,114.06,719
2026-04-06 04:25:00,114.02,114.02,113.08,113.69,1158
2026-04-06 04:30:00,113.69,113.69,113.2,113.47,893
2026-04-06 04:35:00,113.48,113.55,112.88,113.48,1019
2026-04-06 04:40:00,113.49,113.98,113.33,113.73,512
2026-04-06 04:45:00,113.77,113.96,113.46,113.94,352
2026-04-06 04:50:00,113.92,113.98,113.71,113.94,337
2026-04-06 04:55:00,113.92,113.98,113.78,113.87,254
2026-04-06 05:00:00,113.85,113.87,113.53,113.67,301
2026-04-06 05:05:00,113.67,113.91,113.63,113.87,174
2026-04-06 05:10:00,113.88,114.45,113.87,114.38,398
2026-04-06 05:15:00,114.38,114.39,113.99,114.19,166
2026-04-06 05:20:00,114.15,114.26,114.06,114.2,67
2026-04-06 05:25:00,114.21,114.36,114.16,114.31,91
2026-04-06 05:30:00,114.3,114.35,113.09,113.11,1242
2026-04-06 05:35:00,113.11,113.32,112.79,113.01,956
2026-04-06 05:40:00,113.01,113.38,112.89,113.0,586
2026-04-06 05:45:00,112.96,113.04,112.82,112.95,372
2026-04-06 05:50:00,113.01,113.01,112.29,112.39,1007
2026-04-06 05:55:00,112.33,112.58,112.2,112.44,641
2026-04-06 06:00:00,112.42,112.66,112.37,112.54,551
2026-04-06 06:05:00,112.52,112.58,112.33,112.49,351
2026-04-06 06:10:00,112.51,112.52,111.8,112.25,1026
2026-04-06 06:15:00,112.23,112.55,112.12,112.43,512
2026-04-06 06:20:00,112.4,112.5,112.32,112.35,289
2026-04-06 06:25:00,112.33,112.36,112.12,112.2,323
2026-04-06 06:30:00,112.23,112.26,111.86,112.14,578
2026-04-06 06:35:00,112.13,112.31,111.99,112.24,392
2026-04-06 06:40:00,112.29,112.35,111.95,112.17,392
2026-04-06 06:45:00,112.2,112.7,112.11,112.6,495
2026-04-06 06:50:00,112.62,112.79,112.24,112.36,520
2026-04-06 06:55:00,112.36,112.36,111.5,111.64,1368
2026-04-06 07:00:00,111.61,112.03,111.6,111.95,509
2026-04-06 07:05:00,111.92,112.11,111.76,111.88,431
2026-04-06 07:10:00,111.89,111.94,111.54,111.81,287
2026-04-06 07:15:00,111.75,112.0,111.73,111.93,236
2026-04-06 07:20:00,111.98,112.05,111.71,111.96,408
2026-04-06 07:25:00,111.94,112.0,111.64,111.8,271
2026-04-06 07:30:00,111.8,112.0,111.25,111.81,811
2026-04-06 07:35:00,111.78,111.85,111.51,111.56,315
2026-04-06 07:40:00,111.62,111.69,111.48,111.57,491
2026-04-06 07:45:00,111.62,111.66,111.11,111.11,929
2026-04-06 07:50:00,111.15,111.34,109.5,110.21,3205
2026-04-06 07:55:00,110.2,110.7,110.09,110.6,863
2026-04-06 08:00:00,110.6,111.16,110.6,110.97,776
2026-04-06 08:05:00,110.95,111.31,110.91,111.29,478
2026-04-06 08:10:00,111.28,111.72,111.28,111.49,808
2026-04-06 08:15:00,111.46,111.69,111.14,111.34,465
2026-04-06 08:20:00,111.28,111.39,111.0,111.24,287
2026-04-06 08:25:00,111.22,111.57,111.16,111.51,349
2026-04-06 08:30:00,111.52,111.84,111.4,111.64,519
2026-04-06 08:35:00,111.69,111.92,111.56,111.65,308
2026-04-06 08:40:00,111.64,111.65,111.42,111.61,215
2026-04-06 08:45:00,111.65,112.28,111.42,112.28,1121
2026-04-06 08:50:00,112.3,112.35,111.49,111.54,560
2026-04-06 08:55:00,111.53,111.89,111.47,111.68,396
2026-04-06 09:00:00,111.69,112.08,111.68,111.95,304
2026-04-06 09:05:00,111.94,111.94,111.61,111.84,258
2026-04-06 09:10:00,111.81,111.97,111.52,111.64,334
2026-04-06 09:15:00,111.63,111.74,111.5,111.69,203
2026-04-06 09:20:00,111.65,111.65,111.16,111.41,349
2026-04-06 09:25:00,111.45,111.45,111.21,111.29,117
2026-04-06 09:30:00,111.33,111.33,110.78,110.93,670
2026-04-06 09:35:00,110.92,111.26,110.88,111.21,211
2026-04-06 09:40:00,111.22,111.42,110.92,111.02,398
2026-04-06 09:45:00,111.02,111.34,110.88,111.28,213
2026-04-06 09:50:00,111.25,111.46,111.1,111.12,195
2026-04-06 09:55:00,111.16,111.16,111.01,111.12,169
2026-04-06 10:00:00,111.14,111.36,111.02,111.27,229
2026-04-06 10:05:00,111.25,111.32,111.13,111.18,82
2026-04-06 10:10:00,111.18,111.35,111.15,111.33,85
2026-04-06 10:15:00,111.32,111.35,111.17,111.27,131
2026-04-06 10:20:00,111.27,111.34,110.96,111.23,237
2026-04-06 10:25:00,111.23,111.66,111.2,111.41,290
2026-04-06 10:30:00,111.42,111.52,111.22,111.24,307
2026-04-06 10:35:00,111.26,111.42,111.06,111.06,206
2026-04-06 10:40:00,111.08,111.36,111.02,111.25,187
2026-04-06 10:45:00,111.25,111.39,111.18,111.35,101
2026-04-06 10:50:00,111.32,111.56,111.18,111.22,354
2026-04-06 10:55:00,111.25,111.61,111.23,111.59,176
2026-04-06 11:00:00,111.59,111.79,111.52,111.72,311
2026-04-06 11:05:00,111.7,111.77,111.62,111.74,247
2026-04-06 11:10:00,111.74,112.08,111.74,111.85,434
2026-04-06 11:15:00,111.87,112.03,111.78,111.95,317
2026-04-06 11:20:00,111.96,111.96,111.65,111.73,211
2026-04-06 11:25:00,111.73,111.82,111.65,111.74,180
2026-04-06 11:30:00,111.75,112.27,111.68,112.15,565
2026-04-06 11:35:00,112.14,112.21,111.18,111.44,771
2026-04-06 11:40:00,111.44,111.54,110.81,110.98,1098
2026-04-06 11:45:00,110.98,111.39,110.98,111.39,438
2026-04-06 11:50:00,111.38,111.54,111.22,111.54,353
2026-04-06 11:55:00,111.51,111.7,111.36,111.52,310
2026-04-06 12:00:00,111.54,111.56,111.29,111.37,283
2026-04-06 12:05:00,111.42,111.73,111.39,111.64,427
2026-04-06 12:10:00,111.64,111.67,111.45,111.55,292
2026-04-06 12:15:00,111.56,111.88,111.43,111.65,612
2026-04-06 12:20:00,111.67,111.75,110.64,111.02,1876
2026-04-06 12:25:00,111.0,111.18,110.74,110.87,453
2026-04-06 12:30:00,110.8,111.08,110.54,110.95,503
2026-04-06 12:35:00,110.9,111.2,110.82,111.13,362
2026-04-06 12:40:00,111.1,111.64,110.8,110.8,788
2026-04-06 12:45:00,110.79,110.86,110.28,110.78,958
2026-04-06 12:50:00,110.79,111.24,110.68,111.17,303
2026-04-06 12:55:00,111.16,111.21,110.95,111.0,279
2026-04-06 13:00:00,110.97,111.02,110.72,111.02,321
2026-04-06 13:05:00,111.02,111.02,110.44,110.54,300
2026-04-06 13:10:00,110.5,110.6,109.89,110.26,1068
2026-04-06 13:15:00,110.27,110.39,109.63,109.9,604
2026-04-06 13:20:00,109.91,109.99,108.89,109.44,1582
2026-04-06 13:25:00,109.43,109.57,109.13,109.42,598
2026-04-06 13:30:00,109.38,109.53,108.92,109.3,694
2026-04-06 13:35:00,109.36,109.64,108.94,109.54,734
2026-04-06 13:40:00,109.52,109.84,109.4,109.65,376
2026-04-06 13:45:00,109.64,110.0,109.5,109.95,467
2026-04-06 13:50:00,109.96,109.96,109.46,109.51,574
2026-04-06 13:55:00,109.52,109.89,109.36,109.69,898
2026-04-06 14:00:00,109.7,110.18,109.67,109.85,778
2026-04-06 14:05:00,109.84,109.9,109.55,109.62,595
2026-04-06 14:10:00,109.62,109.85,109.57,109.7,387
2026-04-06 14:15:00,109.69,109.8,109.42,109.54,435
2026-04-06 14:20:00,109.51,109.81,109.46,109.63,210
2026-04-06 14:25:00,109.64,109.65,109.47,109.49,237
2026-04-06 14:30:00,109.47,109.72,109.18,109.31,651
2026-04-06 14:35:00,109.31,109.73,109.22,109.53,491
2026-04-06 14:40:00,109.51,109.68,109.31,109.33,239
2026-04-06 14:45:00,109.31,109.6,109.18,109.39,321
2026-04-06 14:50:00,109.34,109.61,109.34,109.56,377
2026-04-06 14:55:00,109.55,109.8,109.45,109.59,505
2026-04-06 15:00:00,109.59,109.66,109.22,109.48,367
2026-04-06 15:05:00,109.49,109.79,109.4,109.74,469
2026-04-06 15:10:00,109.75,109.99,109.58,109.96,317
2026-04-06 15:15:00,109.97,110.48,109.94,110.42,754
2026-04-06 15:20:00,110.43,111.72,110.43,111.26,1645
2026-04-06 15:25:00,111.19,111.64,110.93,111.46,1087
2026-04-06 15:30:00,111.41,111.46,110.96,110.96,645
2026-04-06 15:35:00,110.95,110.97,110.29,110.45,734
2026-04-06 15:40:00,110.4,110.41,109.97,110.28,637
2026-04-06 15:45:00,110.25,110.53,110.23,110.47,295
2026-04-06 15:50:00,110.48,110.68,110.38,110.6,371
2026-04-06 15:55:00,110.59,110.72,110.49,110.55,173
2026-04-06 16:00:00,110.55,110.61,110.13,110.28,307
2026-04-06 16:05:00,110.27,110.43,110.23,110.43,144
2026-04-06 16:10:00,110.46,110.5,110.29,110.29,272
2026-04-06 16:15:00,110.27,111.44,109.94,110.11,1685
2026-04-06 16:20:00,110.15,110.17,109.76,110.1,541
2026-04-06 16:25:00,110.12,110.12,109.75,109.94,584
2026-04-06 16:30:00,109.92,110.08,109.6,109.93,633
2026-04-06 16:35:00,110.0,110.32,109.94,110.26,302
2026-04-06 16:40:00,110.24,110.5,110.22,110.41,407
2026-04-06 16:45:00,110.41,110.55,110.01,110.06,530
2026-04-06 16:50:00,110.05,110.41,110.02,110.39,301
2026-04-06 16:55:00,110.39,110.46,110.01,110.15,415
2026-04-06 17:00:00,110.15,110.25,109.77,109.85,590
2026-04-06 17:05:00,109.87,110.06,109.82,109.93,247
2026-04-06 17:10:00,109.9,110.36,109.88,110.33,410
2026-04-06 17:15:00,110.29,110.4,110.13,110.24,299
2026-04-06 17:20:00,110.19,110.31,110.09,110.21,235
2026-04-06 17:25:00,110.21,110.31,109.98,110.12,316
2026-04-06 17:30:00,110.1,110.47,109.93,110.4,663
2026-04-06 17:35:00,110.39,110.54,110.29,110.47,514
2026-04-06 17:40:00,110.49,110.97,110.45,110.91,928
2026-04-06 17:45:00,110.92,110.96,110.49,110.56,572
2026-04-06 17:50:00,110.57,110.79,110.44,110.74,534
2026-04-06 17:55:00,110.75,110.86,110.47,110.6,946
2026-04-06 18:00:00,110.63,110.75,110.31,110.5,509
2026-04-06 18:05:00,110.48,110.58,110.16,110.26,608
2026-04-06 18:10:00,110.27,110.65,110.17,110.55,992
2026-04-06 18:15:00,110.55,110.58,110.26,110.49,473
2026-04-06 18:20:00,110.52,110.72,110.21,110.24,737
2026-04-06 18:25:00,110.26,110.53,110.16,110.16,613
2026-04-06 18:30:00,110.19,110.75,109.84,110.72,1824
2026-04-06 18:35:00,110.72,111.32,110.6,110.95,2793
2026-04-06 18:40:00,110.92,111.41,110.92,111.35,1152
2026-04-06 18:45:00,111.33,111.89,111.25,111.87,2377
2026-04-06 18:50:00,111.85,112.34,111.77,112.24,1865
2026-04-06 18:55:00,112.24,112.45,112.19,112.27,1681
2026-04-06 19:00:00,112.29,112.5,112.0,112.22,2836
2026-04-06 19:05:00,112.22,113.14,111.93,112.72,3971
2026-04-06 19:10:00,112.71,113.05,112.5,113.01,2072
2026-04-06 19:15:00,112.98,113.03,112.0,112.53,2426
2026-04-06 19:20:00,112.54,112.62,112.13,112.39,1065
2026-04-06 19:25:00,112.39,112.55,111.78,111.95,1893
2026-04-06 19:30:00,111.94,112.56,111.63,112.41,2317
2026-04-06 19:35:00,112.42,112.83,112.4,112.4,1658
2026-04-06 19:40:00,112.41,112.66,111.51,111.67,2027
2026-04-06 19:45:00,111.67,111.67,110.86,110.93,2419
2026-04-06 19:50:00,110.92,111.11,110.58,110.95,2283
2026-04-06 19:55:00,110.95,111.15,110.67,110.86,2593
2026-04-06 20:00:00,110.87,111.06,110.5,110.76,2268
2026-04-06 20:05:00,110.75,111.99,110.29,111.5,5275
2026-04-06 20:10:00,111.56,111.66,110.77,111.2,2301
2026-04-06 20:15:00,111.22,111.46,111.06,111.3,888
2026-04-06 20:20:00,111.27,111.27,110.69,110.94,1170
2026-04-06 20:25:00,110.95,111.16,110.69,110.96,878
2026-04-06 20:30:00,110.95,111.4,110.85,111.23,1160
2026-04-06 20:35:00,111.27,111.83,111.26,111.6,1295
2026-04-06 20:40:00,111.6,111.95,111.32,111.63,1917
2026-04-06 20:45:00,111.63,112.17,111.54,112.05,1274
2026-04-06 20:50:00,112.06,112.18,111.89,112.07,998
2026-04-06 20:55:00,112.08,112.39,112.07,112.2,1396
2026-04-06 21:00:00,112.19,112.54,112.11,112.51,1069
2026-04-06 21:05:00,112.52,112.7,112.27,112.35,1569
2026-04-06 21:10:00,112.35,112.52,112.21,112.32,1133
2026-04-06 21:15:00,112.32,112.4,111.84,112.16,1315
2026-04-06 21:20:00,112.17,112.33,111.75,112.05,1151
2026-04-06 21:25:00,112.05,112.13,111.79,111.89,746
2026-04-06 21:30:00,111.88,112.06,111.46,111.73,1435
2026-04-06 21:35:00,111.72,111.85,111.51,111.82,774
2026-04-06 21:40:00,111.81,111.81,111.36,111.37,953
2026-04-06 21:45:00,111.38,111.72,111.17,111.68,739
2026-04-06 21:50:00,111.7,112.0,111.59,111.97,1350
2026-04-06 21:55:00,111.97,112.0,111.81,111.9,502
2026-04-06 22:00:00,111.9,111.96,111.5,111.66,930
2026-04-06 22:05:00,111.64,111.86,111.55,111.73,585
2026-04-06 22:10:00,111.69,111.8,111.28,111.41,940
2026-04-06 22:15:00,111.35,111.55,111.3,111.5,656
2026-04-06 22:20:00,111.49,112.14,111.44,111.99,1242
2026-04-06 22:25:00,112.0,112.28,111.89,112.25,1260
2026-04-06 22:30:00,112.24,112.98,112.22,112.74,2443
2026-04-06 22:35:00,112.74,113.0,112.65,112.96,1106
2026-04-06 22:40:00,112.94,113.86,112.93,113.61,3303
2026-04-06 22:45:00,113.66,113.89,113.58,113.67,1586
2026-04-06 22:50:00,113.69,114.0,113.27,113.3,1534
2026-04-06 22:55:00,113.3,113.51,112.87,112.92,1567
2026-04-06 23:00:00,112.89,113.4,112.75,113.2,1921
2026-04-06 23:05:00,113.2,113.77,113.12,113.74,1229
2026-04-06 23:10:00,113.75,114.28,113.7,113.98,2049
2026-04-06 23:15:00,114.0,114.14,113.78,114.03,1317
2026-04-06 23:20:00,114.02,114.11,113.8,113.95,778
2026-04-06 23:25:00,113.94,114.13,113.52,114.07,1141
2026-04-06 23:30:00,114.07,114.22,113.5,113.82,1850
2026-04-06 23:35:00,113.85,113.87,113.36,113.5,1275
2026-04-06 23:40:00,113.51,113.52,112.5,113.14,4142
2026-04-06 23:45:00,113.13,113.13,112.4,112.7,1730
2026-04-06 23:50:00,112.7,113.0,112.55,112.95,1407
2026-04-06 23:55:00,112.97,113.14,112.07,112.25,13039
2026-04-07 00:00:00,112.25,112.5,111.73,112.38,3231
2026-04-07 00:05:00,112.36,112.59,112.24,112.4,1248
2026-04-07 00:10:00,112.4,112.56,112.34,112.44,738
2026-04-07 00:15:00,112.43,112.45,112.2,112.31,598
2026-04-07 00:20:00,112.3,112.36,112.04,112.04,694
2026-04-07 00:25:00,112.04,112.23,111.85,112.22,768
2026-04-07 00:30:00,112.21,112.5,112.14,112.34,949
2026-04-07 00:35:00,112.33,112.5,112.14,112.48,464
2026-04-07 00:40:00,112.49,112.66,112.46,112.61,445
2026-04-07 00:45:00,112.61,112.97,112.6,112.86,803
2026-04-07 00:50:00,112.82,112.99,112.8,112.91,374
2026-04-07 00:55:00,112.9,112.9,112.55,112.75,651
2026-04-07 01:00:00,112.73,112.84,112.5,112.51,658
2026-04-07 01:05:00,112.53,112.78,112.47,112.71,413
2026-04-07 01:10:00,112.71,112.83,112.56,112.67,596
2026-04-07 01:15:00,112.68,112.75,112.22,112.26,737
2026-04-07 01:20:00,112.3,112.39,111.86,112.1,967
2026-04-07 01:25:00,112.13,112.54,112.09,112.46,933
2026-04-07 01:30:00,112.45,112.53,112.24,112.35,358
2026-04-07 01:35:00,112.35,112.51,112.35,112.5,214
2026-04-07 01:40:00,112.48,112.62,112.44,112.54,475
2026-04-07 01:45:00,112.52,112.59,112.44,112.46,214
2026-04-07 01:50:00,112.44,112.55,112.26,112.5,328
2026-04-07 01:55:00,112.51,112.55,112.38,112.5,343
2026-04-07 02:00:00,112.51,112.97,112.49,112.95,524
2026-04-07 02:05:00,112.95,113.06,112.92,112.97,408
2026-04-07 02:10:00,112.96,112.99,112.81,112.83,320
2026-04-07 02:15:00,112.82,112.88,112.64,112.72,242
2026-04-07 02:20:00,112.7,112.77,112.51,112.52,138
2026-04-07 02:25:00,112.52,112.68,112.5,112.61,627
2026-04-07 03:30:00,112.62,112.85,112.51,112.85,0
2026-04-07 03:35:00,112.83,112.83,112.51,112.68,233
2026-04-07 03:40:00,112.65,112.79,112.63,112.79,39
2026-04-07 03:45:00,112.79,112.89,112.77,112.85,127
2026-04-07 03:50:00,112.84,113.19,112.77,113.12,242
2026-04-07 03:55:00,113.07,113.07,112.88,112.95,75
2026-04-07 04:00:00,112.93,113.41,112.88,113.33,588
2026-04-07 04:05:00,113.33,113.39,113.15,113.3,297
2026-04-07 04:10:00,113.31,113.48,113.29,113.44,199
2026-04-07 04:15:00,113.47,113.62,113.35,113.47,489
2026-04-07 04:20:00,113.45,113.54,113.2,113.42,298
2026-04-07 04:25:00,113.48,113.49,113.35,113.37,98
2026-04-07 04:30:00,113.41,113.46,113.06,113.14,229
2026-04-07 04:35:00,113.13,113.3,113.04,113.23,149
2026-04-07 04:40:00,113.22,113.39,113.15,113.39,84
2026-04-07 04:45:00,113.38,113.43,113.26,113.26,104
2026-04-07 04:50:00,113.26,113.52,113.19,113.5,255
2026-04-07 04:55:00,113.5,113.54,113.47,113.53,65
2026-04-07 05:00:00,113.54,113.57,113.43,113.44,159
2026-04-07 05:05:00,113.44,113.65,113.43,113.62,257
2026-04-07 05:10:00,113.6,113.62,113.53,113.58,78
2026-04-07 05:15:00,113.58,113.64,113.58,113.62,73
2026-04-07 05:20:00,113.64,113.7,113.6,113.67,188
2026-04-07 05:25:00,113.69,113.95,113.67,113.84,510
2026-04-07 05:30:00,113.83,113.91,113.45,113.45,864
2026-04-07 05:35:00,113.51,113.76,113.49,113.49,342
2026-04-07 05:40:00,113.51,113.55,113.05,113.05,569
2026-04-07 05:45:00,113.07,113.16,112.66,112.8,799
2026-04-07 05:50:00,112.81,113.12,112.7,113.03,593
2026-04-07 05:55:00,113.03,113.09,112.9,113.04,183
2026-04-07 06:00:00,113.09,113.26,113.02,113.22,410
2026-04-07 06:05:00,113.22,113.66,113.22,113.6,658
2026-04-07 06:10:00,113.64,113.65,113.36,113.41,385
2026-04-07 06:15:00,113.42,113.43,113.25,113.3,285
2026-04-07 06:20:00,113.31,113.4,113.25,113.26,177
2026-04-07 06:25:00,113.26,113.32,113.25,113.32,194
2026-04-07 06:30:00,113.36,113.52,112.75,112.78,1172
2026-04-07 06:35:00,112.76,113.24,112.75,113.05,431
2026-04-07 06:40:00,113.07,113.27,113.01,113.24,472
2026-04-07 06:45:00,113.23,113.31,112.75,112.9,432
2026-04-07 06:50:00,112.91,113.78,112.9,113.76,926
2026-04-07 06:55:00,113.76,113.88,113.55,113.67,507
2026-04-07 07:00:00,113.66,114.04,113.64,113.99,651
2026-04-07 07:05:00,113.98,114.5,113.98,114.47,1210
2026-04-07 07:10:00,114.48,114.61,114.36,114.5,904
2026-04-07 07:15:00,114.51,114.51,114.25,114.3,509
2026-04-07 07:20:00,114.34,114.7,114.33,114.64,852
2026-04-07 07:25:00,114.65,115.17,114.61,114.92,1845
2026-04-07 07:30:00,114.91,115.35,114.88,115.26,1086
2026-04-07 07:35:00,115.26,115.5,115.04,115.17,1226
2026-04-07 07:40:00,115.16,115.42,115.0,115.29,561
2026-04-07 07:45:00,115.31,115.35,114.86,114.95,498
2026-04-07 07:50:00,114.96,115.14,114.9,114.96,392
2026-04-07 07:55:00,114.94,114.94,114.71,114.85,356
2026-04-07 08:00:00,114.84,115.11,114.75,114.91,423
2026-04-07 08:05:00,114.94,115.15,114.9,115.0,206
2026-04-07 08:10:00,115.01,115.01,114.75,114.9,247
2026-04-07 08:15:00,114.92,114.96,114.5,114.7,474
2026-04-07 08:20:00,114.67,114.85,114.64,114.84,200
2026-04-07 08:25:00,114.84,115.04,114.83,114.96,398
2026-04-07 08:30:00,114.97,115.03,114.82,114.9,151
2026-04-07 08:35:00,114.93,115.37,114.93,115.15,532
2026-04-07 08:40:00,115.13,115.29,115.07,115.23,326
2026-04-07 08:45:00,115.21,115.66,115.06,115.6,756
2026-04-07 08:50:00,115.62,115.74,115.25,115.36,627
2026-04-07 08:55:00,115.37,115.4,115.15,115.17,222
2026-04-07 09:00:00,115.17,115.37,115.13,115.35,146
2026-04-07 09:05:00,115.36,115.55,115.36,115.46,287
2026-04-07 09:10:00,115.46,115.55,115.43,115.44,166
2026-04-07 09:15:00,115.43,115.44,115.35,115.37,151
2026-04-07 09:20:00,115.39,115.53,115.35,115.51,146
2026-04-07 09:25:00,115.51,115.69,115.38,115.6,265
2026-04-07 09:30:00,115.63,116.14,115.53,116.0,1185
2026-04-07 09:35:00,116.0,116.42,115.91,116.22,980
2026-04-07 09:40:00,116.22,116.56,116.18,116.47,515
2026-04-07 09:45:00,116.46,116.49,116.16,116.41,611
2026-04-07 09:50:00,116.41,116.47,116.26,116.3,228
2026-04-07 09:55:00,116.29,116.29,116.04,116.07,810
2026-04-07 10:00:00,116.1,116.1,115.58,115.74,702
2026-04-07 10:05:00,115.72,115.97,115.62,115.88,233
2026-04-07 10:10:00,115.88,115.94,115.45,115.58,494
2026-04-07 10:15:00,115.6,115.64,115.27,115.3,366
2026-04-07 10:20:00,115.32,115.46,115.14,115.18,316
2026-04-07 10:25:00,115.17,115.5,115.15,115.44,191
2026-04-07 10:30:00,115.43,115.43,114.95,115.38,538
2026-04-07 10:35:00,115.36,115.37,115.16,115.25,258
2026-04-07 10:40:00,115.28,115.32,115.17,115.22,93
2026-04-07 10:45:00,115.23,115.36,115.08,115.3,183
2026-04-07 10:50:00,115.29,115.65,115.2,115.6,343
2026-04-07 10:55:00,115.64,115.78,115.61,115.73,410
2026-04-07 11:00:00,115.7,116.04,115.59,115.75,619
2026-04-07 11:05:00,115.78,115.85,115.46,115.54,269
2026-04-07 11:10:00,115.55,115.73,115.5,115.55,225
2026-04-07 11:15:00,115.57,115.58,115.28,115.52,250
2026-04-07 11:20:00,115.51,115.53,115.06,115.35,249
2026-04-07 11:25:00,115.39,115.46,115.23,115.27,168
2026-04-07 11:30:00,115.25,115.43,115.11,115.19,331
2026-04-07 11:35:00,115.22,115.34,115.04,115.23,408
2026-04-07 11:40:00,115.25,115.35,115.17,115.34,266
2026-04-07 11:45:00,115.34,115.43,115.24,115.34,401
2026-04-07 11:55:00,112.41,115.13,112.41,115.03,1407
2026-04-07 12:00:00,115.04,115.4,114.81,115.36,674
2026-04-07 12:05:00,115.38,115.43,114.76,114.99,710
2026-04-07 12:10:00,115.02,115.07,114.75,114.89,576
2026-04-07 12:15:00,114.9,115.16,114.69,115.0,831
2026-04-07 12:20:00,115.02,115.04,114.72,114.9,430
2026-04-07 12:25:00,114.9,114.91,114.72,114.86,225
2026-04-07 12:30:00,114.85,114.91,114.62,114.85,852
2026-04-07 12:35:00,114.85,114.99,114.71,114.76,385
2026-04-07 12:40:00,114.75,115.02,114.58,114.7,628
2026-04-07 12:45:00,114.73,114.96,114.64,114.92,478
2026-04-07 12:50:00,114.93,115.04,114.78,114.94,515
2026-04-07 12:55:00,114.96,115.07,114.88,115.01,397
2026-04-07 13:00:00,115.0,115.08,114.86,115.06,384
2026-04-07 13:05:00,115.06,115.06,114.79,114.99,415
2026-04-07 13:10:00,114.98,115.18,114.92,115.1,370
2026-04-07 13:15:00,115.1,115.25,115.01,115.1,548
2026-04-07 13:20:00,115.12,115.5,115.11,115.43,796
2026-04-07 13:25:00,115.45,115.63,115.36,115.37,605
2026-04-07 13:30:00,115.36,115.4,113.75,114.68,3879
2026-04-07 13:35:00,114.67,114.84,114.31,114.45,1198
2026-04-07 13:40:00,114.43,114.5,113.83,113.89,1089
2026-04-07 13:45:00,113.89,113.95,113.3,113.33,1819
2026-04-07 13:50:00,113.34,113.42,112.47,112.87,2967
2026-04-07 13:55:00,112.89,113.58,112.89,113.49,1871
2026-04-07 14:00:00,113.49,113.57,112.76,113.0,1544
2026-04-07 14:05:00,112.97,113.06,112.38,112.83,1412
2026-04-07 14:10:00,112.81,112.92,112.33,112.57,1324
2026-04-07 14:15:00,112.56,113.1,112.42,112.95,1157
2026-04-07 14:20:00,112.94,113.03,112.66,112.86,689
2026-04-07 14:25:00,112.88,112.93,112.46,112.69,684
2026-04-07 14:30:00,112.68,112.82,112.5,112.64,759
2026-04-07 14:35:00,112.63,113.07,112.23,112.33,1463
2026-04-07 14:40:00,112.33,112.65,112.1,112.64,1012
2026-04-07 14:45:00,112.64,112.7,112.0,112.29,1677
2026-04-07 14:50:00,112.3,112.54,112.08,112.09,931
2026-04-07 14:55:00,112.09,112.2,111.53,111.9,2222
2026-04-07 15:00:00,111.91,111.94,111.28,111.4,1645
2026-04-07 15:05:00,111.41,111.79,111.4,111.6,875
2026-04-07 15:10:00,111.6,111.78,111.57,111.72,794
2026-04-07 15:15:00,111.73,112.35,111.71,112.31,1351
2026-04-07 15:20:00,112.31,112.48,112.15,112.44,672
2026-04-07 15:25:00,112.44,112.65,112.36,112.55,984
2026-04-07 15:30:00,112.53,112.63,112.27,112.57,802
2026-04-07 15:35:00,112.59,114.33,111.75,112.21,2666
2026-04-07 15:40:00,112.34,113.45,112.26,112.72,1992
2026-04-07 15:45:00,112.73,113.15,112.31,113.12,979
2026-04-07 15:50:00,113.13,113.25,112.76,112.9,846
2026-04-07 15:55:00,112.88,114.44,112.88,113.8,4511
2026-04-07 16:00:00,113.81,113.89,113.39,113.75,1664
2026-04-07 16:05:00,113.76,114.05,113.57,113.76,1151
2026-04-07 16:10:00,113.74,114.18,113.54,113.73,1392
2026-04-07 16:15:00,113.77,114.46,113.77,114.2,1448
2026-04-07 16:20:00,114.23,114.62,114.23,114.3,1257
2026-04-07 16:25:00,114.32,114.45,114.02,114.2,1000
2026-04-07 16:30:00,114.17,114.4,113.9,114.24,1172
2026-04-07 16:35:00,114.25,114.53,113.99,114.39,919
2026-04-07 16:40:00,114.38,114.87,114.37,114.67,1229
2026-04-07 16:45:00,114.69,114.78,114.42,114.72,1557
2026-04-07 16:50:00,114.72,114.86,114.39,114.67,1061
2026-04-07 16:55:00,114.65,114.79,114.37,114.67,1042
2026-04-07 17:00:00,114.7,114.8,114.56,114.72,539
2026-04-07 17:05:00,114.69,114.72,114.35,114.57,1372
2026-04-07 17:10:00,114.57,114.7,114.37,114.63,1315
2026-04-07 17:15:00,114.65,115.0,114.62,114.87,2530
2026-04-07 17:20:00,114.87,115.54,114.84,115.44,2610
2026-04-07 17:25:00,115.44,115.93,115.39,115.82,2545
2026-04-07 17:30:00,115.83,116.04,115.66,115.94,2068
2026-04-07 17:35:00,115.97,116.29,115.5,116.07,3483
2026-04-07 17:40:00,116.07,116.45,115.99,116.2,2487
2026-04-07 17:45:00,116.17,116.17,114.58,115.14,4177
2026-04-07 17:50:00,115.16,115.25,114.65,115.16,2946
2026-04-07 17:55:00,115.13,115.19,114.53,114.72,974
2026-04-07 18:00:00,114.7,115.06,114.4,114.92,1546
2026-04-07 18:05:00,114.93,115.24,114.72,114.87,1690
2026-04-07 18:10:00,114.88,115.48,114.86,115.38,1386
2026-04-07 18:15:00,115.38,115.82,115.33,115.72,1614
2026-04-07 18:20:00,115.72,115.76,115.15,115.16,1441
2026-04-07 18:25:00,115.17,115.47,114.11,115.07,3794
2026-04-07 18:30:00,115.05,115.43,114.75,114.92,1969
2026-04-07 18:35:00,114.93,114.98,114.52,114.77,1552
2026-04-07 18:40:00,114.81,115.9,114.81,115.25,4126
2026-04-07 18:45:00,115.28,115.7,115.02,115.66,1477
2026-04-07 18:50:00,115.66,115.73,115.37,115.43,1490
2026-04-07 18:55:00,115.45,115.47,114.95,115.26,2141
2026-04-07 19:00:00,115.3,115.88,115.07,115.77,3194
2026-04-07 19:05:00,115.79,115.92,115.52,115.83,2303
2026-04-07 19:10:00,115.82,116.11,115.67,116.02,2962
2026-04-07 19:15:00,116.03,116.24,115.79,115.82,2129
2026-04-07 19:20:00,115.83,115.99,115.52,115.7,2342
2026-04-07 19:25:00,115.67,116.27,115.63,116.22,1583
2026-04-07 19:30:00,116.21,116.35,116.04,116.12,2058
2026-04-07 19:35:00,116.14,116.84,116.1,116.51,4182
2026-04-07 19:40:00,116.51,116.88,116.36,116.72,2240
2026-04-07 19:45:00,116.72,117.05,116.59,116.9,3103
2026-04-07 19:50:00,116.87,116.91,115.83,115.97,3105
2026-04-07 19:55:00,116.0,116.56,115.99,116.54,2511
2026-04-07 20:00:00,116.54,116.88,116.22,116.33,3084
2026-04-07 20:05:00,116.33,116.75,116.03,116.3,2680
2026-04-07 20:10:00,116.31,116.47,116.0,116.27,1907
2026-04-07 20:15:00,116.28,116.32,115.42,115.87,2606
2026-04-07 20:20:00,115.88,116.17,115.86,115.95,1720
2026-04-07 20:25:00,115.97,116.5,115.81,116.42,2597
2026-04-07 20:30:00,116.43,117.05,116.42,117.02,3200
2026-04-07 20:35:00,117.04,117.59,117.03,117.53,4009
2026-04-07 20:40:00,117.57,117.63,117.17,117.31,2483
2026-04-07 20:45:00,117.31,117.36,116.02,116.27,5837
2026-04-07 20:50:00,116.27,116.75,116.25,116.68,2080
2026-04-07 20:55:00,116.69,116.69,115.69,115.82,4512
2026-04-07 21:00:00,115.82,116.35,115.7,116.2,2748
2026-04-07 21:05:00,116.19,116.29,115.85,116.13,2073
2026-04-07 21:10:00,116.14,116.14,115.65,115.81,1673
2026-04-07 21:15:00,115.79,115.87,115.42,115.62,2606
2026-04-07 21:20:00,115.64,115.74,115.19,115.33,2041
2026-04-07 21:25:00,115.33,115.38,114.5,114.98,4011
2026-04-07 21:30:00,114.96,114.96,113.63,114.43,4902
2026-04-07 21:35:00,114.42,115.0,114.21,114.95,3323
2026-04-07 21:40:00,114.96,115.18,114.76,115.15,1516
2026-04-07 21:45:00,115.16,115.53,115.06,115.51,1796
2026-04-07 21:50:00,115.52,115.64,114.58,114.82,3141
2026-04-07 21:55:00,114.8,115.24,114.53,114.85,2077
2026-04-07 22:00:00,114.86,115.1,114.58,114.71,1438
2026-04-07 22:05:00,114.7,115.38,114.7,115.3,1456
2026-04-07 22:10:00,115.28,115.33,114.84,114.92,1300
2026-04-07 22:15:00,114.9,114.9,114.5,114.64,1493
2026-04-07 22:20:00,114.64,114.88,114.28,114.58,1846
2026-04-07 22:25:00,114.6,115.16,114.6,115.14,1874
2026-04-07 22:30:00,115.13,115.33,114.44,114.46,2250
2026-04-07 22:35:00,114.46,114.96,114.39,114.87,1467
2026-04-07 22:40:00,114.89,115.36,114.89,115.25,1782
2026-04-07 22:45:00,115.23,115.42,114.97,115.23,1537
2026-04-07 22:50:00,115.23,115.56,115.18,115.49,1973
2026-04-07 22:55:00,115.49,115.87,115.23,115.41,1610
2026-04-07 23:00:00,115.4,115.4,114.37,114.46,3416
2026-04-07 23:05:00,114.44,114.52,113.83,114.21,4076
2026-04-07 23:10:00,114.21,114.51,113.93,114.28,3176
2026-04-07 23:15:00,114.32,114.5,113.88,114.08,1930
2026-04-07 23:20:00,114.06,114.06,113.34,113.68,4311
2026-04-07 23:25:00,113.68,114.02,113.51,113.92,2580
2026-04-07 23:30:00,113.91,113.96,113.46,113.68,2044
2026-04-07 23:35:00,113.67,114.1,113.6,113.87,2330
2026-04-07 23:40:00,113.86,114.06,113.37,113.6,2397
2026-04-07 23:45:00,113.59,113.75,112.83,112.93,3842
2026-04-07 23:50:00,112.93,113.21,112.7,112.9,4404
2026-04-07 23:55:00,112.89,113.19,112.52,112.85,16447
2026-04-08 00:00:00,112.86,113.34,112.72,113.29,3198
2026-04-08 00:05:00,113.27,113.76,113.27,113.7,1913
2026-04-08 00:10:00,113.69,114.39,113.68,114.3,2085
2026-04-08 00:15:00,114.28,114.59,114.26,114.48,1587
2026-04-08 00:20:00,114.46,115.23,114.45,115.12,2371
2026-04-08 00:25:00,115.15,115.5,115.04,115.12,1964
2026-04-08 00:30:00,115.1,115.24,114.57,114.83,2017
2026-04-08 00:35:00,114.85,115.37,114.73,115.35,2203
2026-04-08 00:40:00,115.35,115.37,114.84,115.1,1568
2026-04-08 00:45:00,115.14,115.14,112.09,112.44,5495
2026-04-08 00:50:00,112.44,113.56,112.04,113.19,4137
2026-04-08 00:55:00,113.21,113.42,112.8,113.21,1524
2026-04-08 01:00:00,113.23,113.86,113.15,113.83,1408
2026-04-08 01:05:00,113.82,113.99,113.55,113.65,841
2026-04-08 01:10:00,113.63,114.0,113.02,113.57,1519
2026-04-08 01:15:00,113.62,113.69,109.2,112.18,10111
2026-04-08 01:20:00,112.18,112.5,111.38,112.32,2026
2026-04-08 01:25:00,112.3,112.5,111.99,112.23,1491
2026-04-08 01:30:00,112.23,112.43,111.0,111.45,2164
2026-04-08 01:35:00,111.5,112.49,111.47,111.87,1136
2026-04-08 01:40:00,111.83,112.49,111.71,112.15,651
2026-04-08 01:45:00,112.15,112.49,111.41,111.77,1035
2026-04-08 01:50:00,111.8,112.36,111.75,111.92,676
2026-04-08 01:55:00,111.91,112.38,111.07,111.32,1329
2026-04-08 02:00:00,111.29,111.29,110.5,110.82,1295
2026-04-08 02:05:00,110.86,111.6,110.5,111.54,1296
2026-04-08 02:10:00,111.56,111.61,110.3,110.7,1593
2026-04-08 02:15:00,110.75,111.27,110.34,111.12,1564
2026-04-08 02:20:00,111.16,111.29,110.81,111.04,750
2026-04-08 02:25:00,111.02,111.05,110.17,110.34,1550
2026-04-08 03:30:00,108.74,109.19,107.06,108.28,0
2026-04-08 03:35:00,108.38,108.42,107.5,107.67,1430
2026-04-08 03:40:00,107.66,108.15,107.6,108.1,799
2026-04-08 03:45:00,108.04,108.89,108.03,108.47,848
2026-04-08 03:50:00,108.53,108.61,108.0,108.22,539
2026-04-08 03:55:00,108.21,108.25,107.73,107.98,500
2026-04-08 04:00:00,107.95,108.08,103.0,104.69,5952
2026-04-08 04:05:00,104.67,104.72,102.0,102.0,7041
2026-04-08 04:10:00,102.06,103.74,100.91,102.67,5299
2026-04-08 04:15:00,102.74,103.75,101.44,101.45,4672
2026-04-08 04:20:00,101.44,101.9,97.33,98.6,8788
2026-04-08 04:25:00,98.68,99.5,97.67,98.78,5207
2026-04-08 04:30:00,98.79,98.79,95.56,95.8,5863
2026-04-08 04:35:00,95.79,96.2,93.23,94.48,7298
2026-04-08 04:40:00,94.47,96.44,94.27,94.75,5152
2026-04-08 04:45:00,94.62,95.1,93.66,94.8,3212
2026-04-08 04:50:00,94.68,94.79,91.05,91.46,5582
2026-04-08 04:55:00,91.49,93.75,91.33,93.75,3568
2026-04-08 05:00:00,93.69,94.49,93.16,94.15,3553
2026-04-08 05:05:00,94.06,96.0,94.04,95.16,3248
2026-04-08 05:10:00,95.11,95.93,94.34,95.8,2062
2026-04-08 05:15:00,95.8,95.9,95.0,95.3,1372
2026-04-08 05:20:00,95.3,96.57,95.27,96.29,2357
2026-04-08 05:25:00,96.3,96.85,95.56,96.46,1822
2026-04-08 05:30:00,96.52,96.55,94.05,94.58,5352
2026-04-08 05:35:00,94.64,96.67,94.5,96.35,3266
2026-04-08 05:40:00,96.41,96.49,95.53,96.35,1902
2026-04-08 05:45:00,96.34,96.93,96.2,96.73,2364
2026-04-08 05:50:00,96.7,97.16,96.52,97.13,2070
2026-04-08 05:55:00,97.14,97.76,96.98,97.3,3190
2026-04-08 06:00:00,97.27,98.32,97.2,98.12,3201
2026-04-08 06:05:00,98.12,98.23,96.61,96.98,2992
2026-04-08 06:10:00,97.02,97.73,96.95,97.71,1410
2026-04-08 06:15:00,97.68,97.73,96.81,96.91,1590
2026-04-08 06:20:00,96.9,96.95,96.11,96.36,1916
2026-04-08 06:25:00,96.37,96.96,96.25,96.93,949
2026-04-08 06:30:00,96.97,97.24,96.33,97.21,1736
2026-04-08 06:35:00,97.23,97.26,96.34,96.4,1031
2026-04-08 06:40:00,96.42,96.42,95.81,96.19,1516
2026-04-08 06:45:00,96.21,96.7,96.03,96.64,864
2026-04-08 06:50:00,96.65,96.89,96.5,96.8,1131
2026-04-08 06:55:00,96.79,97.24,96.7,97.22,1222
2026-04-08 07:00:00,97.18,97.2,96.75,96.75,754
2026-04-08 07:05:00,96.77,96.94,96.7,96.83,576
2026-04-08 07:10:00,96.81,97.42,96.8,97.34,973
2026-04-08 07:15:00,97.33,97.42,97.04,97.18,631
2026-04-08 07:20:00,97.16,97.4,96.93,97.23,746
2026-04-08 07:25:00,97.26,97.38,96.72,96.72,852
2026-04-08 07:30:00,96.73,96.73,96.31,96.53,1677
2026-04-08 07:35:00,96.52,96.56,96.06,96.23,1861
2026-04-08 07:40:00,96.23,96.55,96.03,96.46,838
2026-04-08 07:45:00,96.43,96.67,96.33,96.63,767
2026-04-08 07:50:00,96.65,96.94,96.45,96.91,850
2026-04-08 07:55:00,96.89,97.32,96.89,97.04,1491
2026-04-08 08:00:00,97.01,97.01,96.45,96.57,785
2026-04-08 08:05:00,96.56,96.7,96.09,96.09,834
2026-04-08 08:10:00,96.08,96.42,96.0,96.37,1237
2026-04-08 08:15:00,96.33,96.47,96.15,96.22,494
2026-04-08 08:20:00,96.2,96.44,96.19,96.39,233
2026-04-08 08:25:00,96.4,96.57,96.34,96.43,425
2026-04-08 08:30:00,96.42,96.42,95.73,95.79,955
2026-04-08 08:35:00,95.82,95.96,95.66,95.89,394
2026-04-08 08:40:00,95.9,96.0,95.83,95.92,281
2026-04-08 08:45:00,95.91,95.97,95.6,95.84,810
2026-04-08 08:50:00,95.87,95.88,95.51,95.6,823
2026-04-08 08:55:00,95.6,95.8,95.5,95.78,383
2026-04-08 09:00:00,95.77,95.89,95.55,95.7,625
2026-04-08 09:05:00,95.74,95.78,95.62,95.69,202
2026-04-08 09:10:00,95.67,96.19,95.55,95.94,701
2026-04-08 09:15:00,95.92,96.15,95.79,96.1,299
2026-04-08 09:20:00,96.15,96.5,96.11,96.45,487
2026-04-08 09:25:00,96.44,96.65,96.42,96.48,329
2026-04-08 09:30:00,96.35,96.45,96.03,96.27,412
2026-04-08 09:35:00,96.28,96.28,96.01,96.1,287
2026-04-08 09:40:00,96.1,96.27,96.04,96.15,223
2026-04-08 09:45:00,96.15,96.34,96.02,96.22,250
2026-04-08 09:50:00,96.25,96.37,96.13,96.22,239
2026-04-08 09:55:00,96.18,96.27,95.85,95.89,533
2026-04-08 10:00:00,95.9,95.9,95.53,95.68,768
2026-04-08 10:05:00,95.67,96.09,95.5,96.02,585
2026-04-08 10:10:00,96.02,96.58,95.92,96.57,696
2026-04-08 10:15:00,96.54,97.22,96.5,97.14,1509
2026-04-08 10:20:00,97.17,97.22,96.46,96.98,930
2026-04-08 10:25:00,96.91,97.01,96.61,96.73,292
2026-04-08 10:30:00,96.7,96.84,96.54,96.61,297
2026-04-08 10:35:00,96.58,96.8,96.46,96.71,377
2026-04-08 10:40:00,96.74,96.81,96.59,96.63,230
2026-04-08 10:45:00,96.62,96.87,96.53,96.8,442
2026-04-08 10:50:00,96.78,96.93,96.23,96.39,493
2026-04-08 10:55:00,96.4,96.41,95.94,95.98,467
2026-04-08 11:00:00,95.98,96.03,95.37,95.58,1554
2026-04-08 11:05:00,95.55,95.85,95.49,95.8,535
2026-04-08 11:10:00,95.82,95.94,95.63,95.72,423
2026-04-08 11:15:00,95.74,96.01,95.57,95.82,302
2026-04-08 11:20:00,95.82,95.89,95.56,95.76,435
2026-04-08 11:25:00,95.79,95.95,95.72,95.76,397
2026-04-08 11:30:00,95.74,95.93,95.52,95.6,1000
2026-04-08 11:35:00,95.55,95.85,95.4,95.42,1217
2026-04-08 11:40:00,95.42,95.43,94.7,94.8,2322
2026-04-08 11:45:00,94.77,95.05,94.6,94.93,1238
2026-04-08 11:50:00,94.91,94.96,94.7,94.78,841
2026-04-08 11:55:00,94.79,94.83,94.62,94.67,719
2026-04-08 12:00:00,94.66,94.98,94.65,94.81,988
2026-04-08 12:05:00,94.8,94.83,94.6,94.7,815
2026-04-08 12:10:00,94.69,94.81,94.57,94.66,581
2026-04-08 12:15:00,94.66,94.83,94.56,94.78,686
2026-04-08 12:20:00,94.78,95.47,94.74,95.46,1216
2026-04-08 12:25:00,95.49,96.0,95.47,95.88,1822
2026-04-08 12:30:00,95.86,96.4,95.8,96.26,1365
2026-04-08 12:35:00,96.28,96.39,96.04,96.23,762
2026-04-08 12:40:00,96.24,96.59,96.05,96.3,853
2026-04-08 12:45:00,96.3,96.35,96.14,96.23,622
2026-04-08 12:50:00,96.22,96.54,96.19,96.37,1062
2026-04-08 12:55:00,96.39,96.46,96.13,96.18,582
2026-04-08 13:00:00,96.18,96.45,96.14,96.37,583
2026-04-08 13:05:00,96.37,96.49,96.23,96.48,432
2026-04-08 13:10:00,96.48,96.48,96.15,96.22,549
2026-04-08 13:15:00,96.22,96.25,95.81,95.94,971
2026-04-08 13:20:00,95.95,96.0,95.66,95.74,674
2026-04-08 13:25:00,95.73,96.05,95.63,95.97,740
2026-04-08 13:30:00,95.96,95.99,95.42,95.52,718
2026-04-08 13:35:00,95.52,95.8,95.46,95.8,778
2026-04-08 13:40:00,95.81,95.86,95.65,95.66,1445
2026-04-08 13:45:00,95.67,95.78,95.47,95.67,901
2026-04-08 13:50:00,95.65,96.19,95.57,96.12,1046
2026-04-08 13:55:00,96.13,96.65,96.12,96.47,1647
2026-04-08 14:00:00,96.48,96.69,96.14,96.19,1016
2026-04-08 14:05:00,96.21,96.22,95.24,95.26,1682
2026-04-08 14:10:00,95.26,95.78,95.19,95.65,1199
2026-04-08 14:15:00,95.61,95.66,95.18,95.34,658
2026-04-08 14:20:00,95.35,95.42,95.09,95.33,660
2026-04-08 14:25:00,95.3,95.3,94.91,94.92,1096
2026-04-08 14:30:00,94.91,95.38,94.85,95.26,617
2026-04-08 14:35:00,95.23,95.26,95.04,95.08,594
2026-04-08 14:40:00,95.09,95.27,94.98,95.26,575
2026-04-08 14:45:00,95.25,95.37,95.02,95.13,530
2026-04-08 14:50:00,95.15,95.18,94.89,94.93,577
2026-04-08 14:55:00,94.96,95.36,94.89,95.34,571
2026-04-08 15:00:00,95.32,95.32,94.88,94.96,499
2026-04-08 15:05:00,94.97,95.04,94.23,94.37,1860
2026-04-08 15:10:00,94.34,94.93,94.14,94.9,1197
2026-04-08 15:15:00,94.93,95.36,94.92,95.19,837
2026-04-08 15:20:00,95.2,95.34,94.88,94.96,1146
2026-04-08 15:25:00,94.97,94.97,94.6,94.64,1039
2026-04-08 15:30:00,94.65,94.84,94.18,94.29,973
2026-04-08 15:35:00,94.28,94.59,94.13,94.17,905
2026-04-08 15:40:00,94.14,94.74,94.13,94.68,795
2026-04-08 15:45:00,94.66,95.6,94.64,95.52,1361
2026-04-08 15:50:00,95.52,95.6,94.97,95.14,739
2026-04-08 15:55:00,95.13,95.22,94.74,94.77,531
2026-04-08 16:00:00,94.77,94.78,94.44,94.5,547
2026-04-08 16:05:00,94.51,94.59,94.24,94.49,950
2026-04-08 16:10:00,94.5,94.58,94.35,94.38,728
2026-04-08 16:15:00,94.36,94.75,94.26,94.73,699
2026-04-08 16:20:00,94.72,94.74,94.42,94.64,343
2026-04-08 16:25:00,94.61,94.98,94.57,94.93,932
2026-04-08 16:30:00,94.94,95.15,94.73,94.78,739
2026-04-08 16:35:00,94.8,95.28,94.8,95.05,1038
2026-04-08 16:40:00,95.06,95.07,94.31,94.4,1333
2026-04-08 16:45:00,94.39,94.63,94.33,94.52,908
2026-04-08 16:50:00,94.51,94.61,93.54,93.6,1735
2026-04-08 16:55:00,93.65,93.84,93.16,93.35,2461
2026-04-08 17:00:00,93.35,93.79,93.12,93.3,1873
2026-04-08 17:05:00,93.32,94.06,93.26,93.86,1697
2026-04-08 17:10:00,93.85,93.91,93.42,93.47,1178
2026-04-08 17:15:00,93.48,93.56,93.17,93.35,1073
2026-04-08 17:20:00,93.36,93.48,93.24,93.42,1495
2026-04-08 17:25:00,93.4,93.56,93.16,93.25,1757
2026-04-08 17:30:00,93.22,93.27,92.61,92.64,2824
2026-04-08 17:35:00,92.63,92.84,92.33,92.81,3798
2026-04-08 17:40:00,92.81,92.93,92.2,92.28,2988
2026-04-08 17:45:00,92.28,93.33,92.2,93.29,3362
2026-04-08 17:50:00,93.27,94.83,93.26,94.79,9865
2026-04-08 17:55:00,94.8,95.21,93.8,94.07,5146
2026-04-08 18:00:00,94.08,94.08,93.2,93.23,1972
2026-04-08 18:05:00,93.2,93.47,92.95,93.07,2395
2026-04-08 18:10:00,93.05,93.23,92.87,92.88,1716
2026-04-08 18:15:00,92.87,92.91,92.42,92.6,2542
2026-04-08 18:20:00,92.6,92.8,92.36,92.4,1883
2026-04-08 18:25:00,92.41,92.74,92.37,92.57,2178
2026-04-08 18:30:00,92.59,92.73,92.07,92.12,3778
2026-04-08 18:35:00,92.12,92.79,92.02,92.3,3548
2026-04-08 18:40:00,92.29,92.61,92.1,92.13,2422
2026-04-08 18:45:00,92.12,92.44,91.85,92.42,3987
2026-04-08 18:50:00,92.42,92.87,92.38,92.61,2874
2026-04-08 18:55:00,92.6,93.17,92.45,93.14,3211
2026-04-08 19:00:00,93.14,93.59,92.95,93.05,5463
2026-04-08 19:05:00,93.07,94.17,92.87,94.07,4891
2026-04-08 19:10:00,94.08,94.44,93.67,93.9,4850
2026-04-08 19:15:00,93.9,93.92,92.48,92.5,4421
2026-04-08 19:20:00,92.51,93.3,92.44,93.19,4439
2026-04-08 19:25:00,93.19,93.28,92.78,93.25,2644
2026-04-08 19:30:00,93.24,93.29,92.47,92.58,4142
2026-04-08 19:35:00,92.57,93.44,92.48,93.07,3577
2026-04-08 19:40:00,93.06,93.14,92.54,92.68,2966
2026-04-08 19:45:00,92.65,93.88,92.52,93.71,4324
2026-04-08 19:50:00,93.71,94.41,93.46,94.35,4560
2026-04-08 19:55:00,94.34,94.8,94.22,94.34,3713
2026-04-08 20:00:00,94.39,95.57,94.22,95.25,6416
2026-04-08 20:05:00,95.26,96.12,95.13,95.84,6259
2026-04-08 20:10:00,95.83,95.94,95.41,95.86,4138
2026-04-08 20:15:00,95.83,95.9,95.21,95.46,2941
2026-04-08 20:20:00,95.44,96.03,95.16,95.34,3781
2026-04-08 20:25:00,95.35,96.32,95.3,95.58,4766
2026-04-08 20:30:00,95.56,95.69,94.86,95.28,3972
2026-04-08 20:35:00,95.24,95.99,95.15,95.9,3572
2026-04-08 20:40:00,95.89,96.02,95.42,95.61,3698
2026-04-08 20:45:00,95.62,95.86,95.34,95.46,2347
2026-04-08 20:50:00,95.45,95.75,95.26,95.55,1835
2026-04-08 20:55:00,95.57,96.41,95.48,96.37,3872
2026-04-08 21:00:00,96.38,96.43,95.74,95.77,3490
2026-04-08 21:05:00,95.77,95.79,95.07,95.12,3123
2026-04-08 21:10:00,95.12,95.43,95.0,95.34,2577
2026-04-08 21:15:00,95.34,95.44,95.0,95.09,2044
2026-04-08 21:20:00,95.08,95.08,94.68,94.81,2274
2026-04-08 21:25:00,94.83,95.05,94.64,94.94,1953
2026-04-08 21:30:00,94.97,95.02,94.54,94.78,2035
2026-04-08 21:35:00,94.8,95.09,94.52,94.69,1959
2026-04-08 21:40:00,94.67,95.24,94.54,95.22,3090
2026-04-08 21:45:00,95.2,95.62,95.18,95.37,3451
2026-04-08 21:50:00,95.36,95.45,95.09,95.36,1636
2026-04-08 21:55:00,95.35,95.5,94.91,95.07,2080
2026-04-08 22:00:00,95.05,95.25,94.72,94.89,1932
2026-04-08 22:05:00,94.88,95.42,94.88,95.27,2658
2026-04-08 22:10:00,95.25,95.35,94.94,95.28,1488
2026-04-08 22:15:00,95.28,95.33,94.6,94.69,2750
2026-04-08 22:20:00,94.68,94.78,94.32,94.34,2727
2026-04-08 22:25:00,94.35,94.42,94.14,94.42,1922
2026-04-08 22:30:00,94.42,94.56,94.06,94.54,2586
2026-04-08 22:35:00,94.54,94.98,94.5,94.89,2524
2026-04-08 22:40:00,94.89,94.89,94.34,94.56,2395
2026-04-08 22:45:00,94.56,95.06,94.5,94.97,2501
2026-04-08 22:50:00,94.97,95.59,94.85,95.51,4229
2026-04-08 22:55:00,95.51,96.28,95.49,95.92,5098
2026-04-08 23:00:00,95.93,96.18,95.58,95.6,2944
2026-04-08 23:05:00,95.59,95.84,95.27,95.63,3279
2026-04-08 23:10:00,95.6,95.66,94.95,95.02,2568
2026-04-08 23:15:00,95.03,95.16,94.89,95.09,2365
2026-04-08 23:20:00,95.08,95.22,94.86,95.18,1990
2026-04-08 23:25:00,95.2,95.35,95.09,95.32,1930
2026-04-08 23:30:00,95.31,95.36,94.31,94.36,4967
2026-04-08 23:35:00,94.31,94.41,93.77,93.84,4800
2026-04-08 23:40:00,93.82,94.1,93.71,93.9,3782
2026-04-08 23:45:00,93.9,95.0,93.61,94.8,6771
2026-04-08 23:50:00,94.81,95.55,94.72,95.24,8207
2026-04-08 23:55:00,95.23,95.67,94.13,94.4,19470
2026-04-09 00:00:00,94.41,94.53,94.11,94.41,4104
2026-04-09 00:05:00,94.4,94.74,94.25,94.74,1787
2026-04-09 00:10:00,94.74,95.08,94.67,94.94,2827
2026-04-09 00:15:00,94.91,95.18,94.76,95.17,1228
2026-04-09 00:20:00,95.16,95.2,94.93,94.98,1677
2026-04-09 00:25:00,94.97,95.46,94.96,95.43,1814
2026-04-09 00:30:00,95.43,95.62,95.29,95.5,1360
2026-04-09 00:35:00,95.51,95.87,95.51,95.86,1010
2026-04-09 00:40:00,95.87,95.91,95.39,95.75,1133
2026-04-09 00:45:00,95.75,96.2,95.68,96.15,1113
2026-04-09 00:50:00,96.15,96.75,96.13,96.67,1972
2026-04-09 00:55:00,96.68,96.91,96.34,96.82,1854
2026-04-09 01:00:00,96.86,96.88,96.15,96.18,1928
2026-04-09 01:05:00,96.16,96.43,95.88,96.23,2946
2026-04-09 01:10:00,96.27,96.6,96.26,96.44,856
2026-04-09 01:15:00,96.45,96.48,96.13,96.47,598
2026-04-09 01:20:00,96.48,96.48,96.12,96.33,1108
2026-04-09 01:25:00,96.31,96.42,95.86,96.09,1579
2026-04-09 01:30:00,96.09,96.29,95.7,96.28,1309
2026-04-09 01:35:00,96.29,96.53,95.98,96.03,1128
2026-04-09 01:40:00,95.98,96.24,95.86,96.19,543
2026-04-09 01:45:00,96.15,96.35,96.1,96.35,211
2026-04-09 01:50:00,96.34,96.4,96.29,96.31,318
2026-04-09 01:55:00,96.34,96.36,96.22,96.29,347
2026-04-09 02:00:00,96.27,96.54,96.27,96.44,326
2026-04-09 02:05:00,96.45,96.54,96.42,96.46,215
2026-04-09 02:10:00,96.44,96.75,96.42,96.65,360
2026-04-09 02:15:00,96.63,96.75,96.33,96.35,388
2026-04-09 02:20:00,96.39,96.62,95.98,96.6,863
2026-04-09 02:25:00,96.59,96.65,96.45,96.5,441
2026-04-09 03:30:00,96.78,96.95,96.39,96.45,0
2026-04-09 03:35:00,96.45,96.67,96.25,96.55,275
2026-04-09 03:40:00,96.57,96.79,96.46,96.68,154
2026-04-09 03:45:00,96.66,97.5,96.54,97.48,715
2026-04-09 03:50:00,97.46,97.88,96.93,97.07,902
2026-04-09 03:55:00,97.07,97.13,96.86,97.02,300
2026-04-09 04:00:00,97.06,97.22,96.89,97.03,247
2026-04-09 04:05:00,97.04,97.04,96.63,96.83,438
2026-04-09 04:10:00,96.81,96.88,96.72,96.85,96
2026-04-09 04:15:00,96.85,97.05,96.76,96.81,217
2026-04-09 04:20:00,96.81,96.87,96.72,96.83,241
2026-04-09 04:25:00,96.79,96.88,96.73,96.8,144
2026-04-09 04:30:00,96.82,97.11,96.78,96.83,288
2026-04-09 04:35:00,96.82,96.82,96.51,96.67,379
2026-04-09 04:40:00,96.7,96.84,96.58,96.75,218
2026-04-09 04:45:00,96.74,96.84,96.6,96.84,148
2026-04-09 04:50:00,96.83,97.01,96.82,96.87,142
2026-04-09 04:55:00,96.85,96.89,96.71,96.78,167
2026-04-09 05:00:00,96.76,96.92,96.65,96.87,240
2026-04-09 05:05:00,96.88,97.04,96.87,96.93,151
2026-04-09 05:10:00,96.89,97.27,96.75,97.14,382
2026-04-09 05:15:00,97.13,97.17,97.02,97.15,240
2026-04-09 05:20:00,97.15,97.16,96.8,96.84,329
2026-04-09 05:25:00,96.85,97.16,96.85,97.13,230
2026-04-09 05:30:00,97.1,97.17,96.87,97.15,805
2026-04-09 05:35:00,97.15,97.34,96.92,97.3,524
2026-04-09 05:40:00,97.32,97.52,97.06,97.1,648
2026-04-09 05:45:00,97.12,97.2,96.85,96.87,756
2026-04-09 05:50:00,96.86,96.95,96.38,96.59,1622
2026-04-09 05:55:00,96.6,97.08,96.6,97.04,607
2026-04-09 06:00:00,97.05,97.13,96.94,97.12,319
2026-04-09 06:05:00,97.12,97.17,97.02,97.04,370
2026-04-09 06:10:00,97.02,97.22,96.98,97.18,386
2026-04-09 06:15:00,97.16,97.45,97.16,97.37,501
2026-04-09 06:20:00,97.38,97.73,97.27,97.69,725
2026-04-09 06:25:00,97.72,97.81,97.62,97.67,524
2026-04-09 06:30:00,97.67,97.81,97.33,97.7,858
2026-04-09 06:35:00,97.67,97.79,97.57,97.66,513
2026-04-09 06:40:00,97.68,97.95,97.66,97.86,656
2026-04-09 06:45:00,97.87,98.23,97.83,98.05,1071
2026-04-09 06:50:00,98.07,98.38,97.98,98.09,729
2026-04-09 06:55:00,98.1,98.23,98.03,98.14,433
2026-04-09 07:00:00,98.13,98.17,97.64,97.68,767
2026-04-09 07:05:00,97.67,97.87,97.61,97.62,415
2026-04-09 07:10:00,97.62,97.74,97.5,97.73,337
2026-04-09 07:15:00,97.71,97.77,97.5,97.56,423
2026-04-09 07:20:00,97.56,97.56,97.0,97.15,1049
2026-04-09 07:25:00,97.14,97.25,96.85,96.95,762
2026-04-09 07:30:00,96.98,97.02,96.75,96.92,502
2026-04-09 07:35:00,96.91,97.04,96.7,96.91,534
2026-04-09 07:40:00,96.91,97.12,96.86,96.94,400
2026-04-09 07:45:00,96.94,96.96,96.54,96.6,449
2026-04-09 07:50:00,96.61,96.9,96.51,96.87,419
2026-04-09 07:55:00,96.85,97.05,96.82,96.98,317
2026-04-09 08:00:00,97.0,97.04,96.74,97.02,324
2026-04-09 08:05:00,97.04,97.1,96.81,96.94,354
2026-04-09 08:10:00,96.95,97.06,96.95,97.03,244
2026-04-09 08:15:00,97.02,97.15,96.97,97.08,295
2026-04-09 08:20:00,97.1,97.15,97.0,97.04,137
2026-04-09 08:25:00,97.07,97.26,96.92,97.24,423
2026-04-09 08:30:00,97.25,97.29,97.11,97.16,210
2026-04-09 08:35:00,97.14,97.14,96.72,96.81,390
2026-04-09 08:40:00,96.79,97.02,96.77,96.94,178
2026-04-09 08:45:00,96.91,97.0,96.87,96.94,102
2026-04-09 08:50:00,96.96,96.98,96.79,96.85,183
2026-04-09 08:55:00,96.84,97.06,96.84,97.0,129
2026-04-09 09:00:00,97.02,97.1,96.96,97.02,89
2026-04-09 09:05:00,97.0,97.08,96.96,97.04,114
2026-04-09 09:10:00,97.04,97.2,97.03,97.17,142
2026-04-09 09:15:00,97.15,97.41,97.13,97.17,451
2026-04-09 09:20:00,97.15,97.33,97.0,97.15,276
2026-04-09 09:25:00,97.12,97.19,97.08,97.19,122
2026-04-09 09:30:00,97.15,97.41,97.13,97.39,264
2026-04-09 09:35:00,97.38,97.47,97.29,97.33,269
2026-04-09 09:40:00,97.29,97.48,97.26,97.43,290
2026-04-09 09:45:00,97.46,97.46,97.34,97.43,166
2026-04-09 09:50:00,97.43,97.53,97.42,97.47,161
2026-04-09 09:55:00,97.47,97.49,97.43,97.44,91
2026-04-09 10:00:00,97.48,97.6,97.48,97.57,168
2026-04-09 10:05:00,97.57,97.59,97.51,97.56,100
2026-04-09 10:10:00,97.57,97.76,97.55,97.72,218
2026-04-09 10:15:00,97.7,97.72,97.57,97.58,109
2026-04-09 10:20:00,97.57,97.74,97.54,97.72,136
2026-04-09 10:25:00,97.7,97.8,97.67,97.77,199
2026-04-09 10:30:00,97.77,98.02,97.73,97.99,434
2026-04-09 10:35:00,97.98,98.08,97.89,97.93,303
2026-04-09 10:40:00,97.93,97.96,97.72,97.78,347
2026-04-09 10:45:00,97.81,97.84,97.58,97.6,313
2026-04-09 10:50:00,97.59,97.67,97.42,97.6,403
2026-04-09 10:55:00,97.59,97.75,97.56,97.69,107
2026-04-09 11:00:00,97.71,97.77,97.33,97.34,375
2026-04-09 11:05:00,97.37,97.51,97.28,97.37,264
2026-04-09 11:10:00,97.39,97.64,97.39,97.42,271
2026-04-09 11:15:00,97.4,97.72,97.35,97.63,331
2026-04-09 11:20:00,97.63,97.69,97.49,97.52,186
2026-04-09 11:25:00,97.52,97.53,97.27,97.37,480
2026-04-09 11:30:00,97.37,97.39,96.96,97.13,607
2026-04-09 11:35:00,97.13,97.37,97.13,97.31,309
2026-04-09 11:40:00,97.32,97.57,97.29,97.52,386
2026-04-09 11:45:00,97.51,97.56,97.4,97.54,190
2026-04-09 11:50:00,97.55,97.69,97.39,97.62,243
2026-04-09 11:55:00,97.63,97.82,97.43,97.48,635
2026-04-09 12:00:00,97.48,97.56,97.38,97.56,504
2026-04-09 12:05:00,97.58,97.7,97.44,97.48,550
2026-04-09 12:10:00,97.47,97.62,97.37,97.39,384
2026-04-09 12:15:00,97.38,97.72,97.37,97.67,546
2026-04-09 12:20:00,97.64,97.85,97.61,97.72,797
2026-04-09 12:25:00,97.74,97.74,97.0,97.04,1295
2026-04-09 12:30:00,97.04,97.34,96.96,97.29,918
2026-04-09 12:35:00,97.29,97.57,97.24,97.53,554
2026-04-09 12:40:00,97.5,97.53,97.28,97.43,472
2026-04-09 12:45:00,97.41,97.7,97.32,97.57,596
2026-04-09 12:50:00,97.57,97.71,97.54,97.67,587
2026-04-09 12:55:00,97.66,97.73,97.58,97.64,669
2026-04-09 13:00:00,97.64,97.64,97.36,97.43,598
2026-04-09 13:05:00,97.43,97.43,97.16,97.27,849
2026-04-09 13:10:00,97.25,97.67,97.25,97.54,835
2026-04-09 13:15:00,97.56,97.8,97.51,97.8,867
2026-04-09 13:20:00,97.8,98.08,97.79,97.9,1560
2026-04-09 13:25:00,97.9,97.95,97.68,97.68,683
2026-04-09 13:30:00,97.67,97.72,97.47,97.51,944
2026-04-09 13:35:00,97.53,97.57,97.26,97.44,995
2026-04-09 13:40:00,97.43,97.48,97.36,97.43,785
2026-04-09 13:45:00,97.43,97.74,97.43,97.63,745
2026-04-09 13:50:00,97.62,97.62,97.32,97.44,1190
2026-04-09 13:55:00,97.41,97.82,97.35,97.79,1204
2026-04-09 14:00:00,97.78,97.87,97.61,97.73,781
2026-04-09 14:05:00,97.74,97.77,97.59,97.66,416
2026-04-09 14:10:00,97.66,97.83,97.45,97.47,521
2026-04-09 14:15:00,97.47,97.82,97.45,97.82,443
2026-04-09 14:20:00,97.83,98.1,97.8,97.87,817
2026-04-09 14:25:00,97.88,98.04,97.85,97.89,532
2026-04-09 14:30:00,97.89,97.95,97.59,97.64,590
2026-04-09 14:35:00,97.64,97.64,97.22,97.27,1112
2026-04-09 14:40:00,97.27,97.49,97.19,97.46,667
2026-04-09 14:45:00,97.47,97.58,97.24,97.33,634
2026-04-09 14:50:00,97.34,97.54,97.34,97.5,309
2026-04-09 14:55:00,97.49,97.59,97.34,97.38,442
2026-04-09 15:00:00,97.38,97.46,97.25,97.4,650
2026-04-09 15:05:00,97.41,97.5,97.32,97.34,348
2026-04-09 15:10:00,97.34,97.49,97.34,97.39,301
2026-04-09 15:15:00,97.41,97.51,97.36,97.46,307
2026-04-09 15:20:00,97.46,97.66,97.37,97.41,404
2026-04-09 15:25:00,97.42,97.69,97.35,97.65,442
2026-04-09 15:30:00,97.64,98.18,97.58,98.16,1585
2026-04-09 15:35:00,98.15,98.69,98.15,98.45,2063
2026-04-09 15:40:00,98.44,98.93,98.38,98.82,1305
2026-04-09 15:45:00,98.84,99.58,98.79,99.36,2467
2026-04-09 15:50:00,99.38,99.38,98.91,99.14,1122
2026-04-09 15:55:00,99.15,99.22,98.91,99.09,928
2026-04-09 16:00:00,99.09,99.16,98.73,99.0,862
2026-04-09 16:05:00,99.0,99.23,98.91,99.05,1024
2026-04-09 16:10:00,99.06,99.22,98.96,99.08,800
2026-04-09 16:15:00,99.09,99.37,99.06,99.19,712
2026-04-09 16:20:00,99.18,99.5,99.12,99.35,1033
2026-04-09 16:25:00,99.34,99.69,99.31,99.6,1228
2026-04-09 16:30:00,99.62,99.66,99.15,99.32,1559
2026-04-09 16:35:00,99.36,99.61,99.21,99.29,1052
2026-04-09 16:40:00,99.29,99.52,99.26,99.43,929
2026-04-09 16:45:00,99.44,99.59,99.38,99.52,553
2026-04-09 16:50:00,99.5,99.6,99.31,99.45,996
2026-04-09 16:55:00,99.45,99.6,99.25,99.54,776
2026-04-09 17:00:00,99.53,99.53,99.3,99.35,642
2026-04-09 17:05:00,99.36,99.44,99.1,99.17,588
2026-04-09 17:10:00,99.17,99.45,98.91,98.94,1785
2026-04-09 17:15:00,98.95,98.96,98.42,98.48,2439
2026-04-09 17:20:00,98.47,98.88,98.39,98.59,1570
2026-04-09 17:25:00,98.59,98.95,98.47,98.88,807
2026-04-09 17:30:00,98.88,98.93,98.6,98.93,692
2026-04-09 17:35:00,98.94,98.97,98.76,98.79,959
2026-04-09 17:40:00,98.79,99.4,98.79,99.32,1247
2026-04-09 17:45:00,99.31,99.48,99.14,99.4,1303
2026-04-09 17:50:00,99.35,99.48,99.28,99.35,741
2026-04-09 17:55:00,99.33,99.43,99.05,99.1,1071
2026-04-09 18:00:00,99.06,99.5,98.74,99.21,1868
2026-04-09 18:05:00,99.19,99.53,99.12,99.46,1354
2026-04-09 18:10:00,99.47,99.74,99.15,99.51,2607
2026-04-09 18:15:00,99.51,99.99,99.48,99.79,1940
2026-04-09 18:20:00,99.8,99.91,99.6,99.64,1736
2026-04-09 18:25:00,99.64,99.72,99.32,99.36,1845
2026-04-09 18:30:00,99.36,100.29,99.22,99.76,5757
2026-04-09 18:35:00,99.74,99.95,99.52,99.72,2192
2026-04-09 18:40:00,99.7,99.77,99.4,99.69,1409
2026-04-09 18:45:00,99.69,99.85,99.31,99.83,1698
2026-04-09 18:50:00,99.83,99.86,99.49,99.51,1310
2026-04-09 18:55:00,99.51,99.58,99.05,99.05,2128
2026-04-09 19:00:00,99.06,99.56,99.0,99.47,2449
2026-04-09 19:05:00,99.46,99.51,99.19,99.24,1241
2026-04-09 19:10:00,99.25,99.49,99.2,99.41,1613
2026-04-09 19:15:00,99.39,100.25,99.35,100.01,2577
2026-04-09 19:20:00,100.03,100.62,100.01,100.46,3718
2026-04-09 19:25:00,100.45,100.76,100.26,100.64,2021
2026-04-09 19:30:00,100.65,100.82,100.44,100.74,3107
2026-04-09 19:35:00,100.75,100.9,100.6,100.69,2110
2026-04-09 19:40:00,100.7,100.85,100.32,100.39,2815
2026-04-09 19:45:00,100.38,101.48,100.25,101.3,5436
2026-04-09 19:50:00,101.32,101.59,101.18,101.42,2763
2026-04-09 19:55:00,101.42,101.99,101.33,101.88,3699
2026-04-09 20:00:00,101.83,102.22,101.69,102.18,4022
2026-04-09 20:05:00,102.17,102.7,102.03,102.19,3907
2026-04-09 20:10:00,102.21,102.3,101.96,102.19,2171
2026-04-09 20:15:00,102.2,102.2,101.84,102.02,2269
2026-04-09 20:20:00,102.03,102.24,101.88,102.12,1772
2026-04-09 20:25:00,102.11,102.21,101.56,101.9,3357
2026-04-09 20:30:00,101.88,102.64,101.82,102.52,3662
2026-04-09 20:35:00,102.53,102.63,102.12,102.52,2302
2026-04-09 20:40:00,102.54,102.56,101.62,101.81,3253
2026-04-09 20:45:00,101.8,101.85,100.9,100.99,6154
2026-04-09 20:50:00,100.99,101.4,100.86,101.06,3589
2026-04-09 20:55:00,101.08,101.83,101.08,101.68,3790
2026-04-09 21:00:00,101.68,101.76,99.43,99.88,10914
2026-04-09 21:05:00,99.86,100.6,99.33,100.27,7842
2026-04-09 21:10:00,100.29,100.38,99.67,100.07,4134
2026-04-09 21:15:00,100.06,100.38,98.94,99.63,4809
2026-04-09 21:20:00,99.64,99.77,98.86,99.15,3335
2026-04-09 21:25:00,99.16,99.44,98.88,99.16,2586
2026-04-09 21:30:00,99.13,99.18,97.84,98.36,6491
2026-04-09 21:35:00,98.36,98.58,97.61,98.08,4497
2026-04-09 21:40:00,98.06,98.32,97.53,98.22,3559
2026-04-09 21:45:00,98.22,98.35,97.0,97.14,5150
2026-04-09 21:50:00,97.16,97.48,96.86,97.42,5320
2026-04-09 21:55:00,97.41,97.68,96.93,97.15,3857
2026-04-09 22:00:00,97.15,97.77,97.1,97.41,2798
2026-04-09 22:05:00,97.44,97.71,97.12,97.31,3785
2026-04-09 22:10:00,97.31,97.77,97.26,97.71,2337
2026-04-09 22:15:00,97.72,98.39,97.72,98.07,3891
2026-04-09 22:20:00,98.06,98.06,97.24,97.43,3127
2026-04-09 22:25:00,97.43,97.74,97.23,97.43,3093
2026-04-09 22:30:00,97.44,97.74,97.16,97.3,2577
2026-04-09 22:35:00,97.29,97.5,96.55,96.6,4403
2026-04-09 22:40:00,96.61,97.07,96.5,96.82,3476
2026-04-09 22:45:00,96.8,96.94,96.16,96.41,3432
2026-04-09 22:50:00,96.42,96.77,96.15,96.51,2953
2026-04-09 22:55:00,96.5,96.63,96.34,96.59,1799
2026-04-09 23:00:00,96.59,97.0,96.08,96.12,4259
2026-04-09 23:05:00,96.12,96.17,95.25,95.65,6483
2026-04-09 23:10:00,95.65,95.86,95.35,95.75,3147
2026-04-09 23:15:00,95.77,95.95,95.48,95.8,2377
2026-04-09 23:20:00,95.78,96.54,95.74,96.38,4102
2026-04-09 23:25:00,96.36,96.45,96.2,96.33,2288
2026-04-09 23:30:00,96.31,97.47,96.04,97.31,5558
2026-04-09 23:35:00,97.32,97.36,96.87,97.11,3526
2026-04-09 23:40:00,97.13,97.5,97.05,97.25,2906
2026-04-09 23:45:00,97.23,97.31,96.7,97.07,4790
2026-04-09 23:50:00,97.09,98.49,96.94,97.91,7565
2026-04-09 23:55:00,97.9,98.15,97.6,97.89,14390
2026-04-10 00:00:00,97.89,98.66,97.83,98.27,4366
2026-04-10 00:05:00,98.25,98.56,98.11,98.26,1517
2026-04-10 00:10:00,98.27,98.36,97.88,98.23,2014
2026-04-10 00:15:00,98.23,98.27,97.84,98.08,1476
2026-04-10 00:20:00,98.09,98.5,98.06,98.4,2181
2026-04-10 00:25:00,98.39,98.47,98.24,98.41,737
2026-04-10 00:30:00,98.4,98.53,97.89,98.03,1284
2026-04-10 00:35:00,98.03,98.14,97.9,98.11,833
2026-04-10 00:40:00,98.09,98.5,97.99,98.39,735
2026-04-10 00:45:00,98.38,99.1,98.24,99.03,1945
2026-04-10 00:50:00,98.99,99.39,98.82,98.99,2114
2026-04-10 00:55:00,99.0,99.26,98.93,99.03,810
2026-04-10 01:00:00,99.04,99.12,98.84,98.97,792
2026-04-10 01:05:00,98.95,99.25,98.86,98.98,892
2026-04-10 01:10:00,98.97,99.37,98.94,99.11,1026
2026-04-10 01:15:00,99.1,99.39,99.01,99.36,518
2026-04-10 01:20:00,99.37,99.49,99.24,99.24,696
2026-04-10 01:25:00,99.25,99.5,99.24,99.3,651
2026-04-10 01:30:00,99.29,99.34,99.07,99.2,799
2026-04-10 01:35:00,99.2,99.24,98.88,98.91,649
2026-04-10 01:40:00,98.89,99.08,98.67,98.94,678
2026-04-10 01:45:00,98.9,99.0,98.54,98.75,798
2026-04-10 01:50:00,98.78,98.97,98.35,98.4,734
2026-04-10 01:55:00,98.43,98.6,98.33,98.55,482
2026-04-10 02:00:00,98.58,98.72,98.38,98.72,244
2026-04-10 02:05:00,98.72,98.95,98.7,98.77,248
2026-04-10 02:10:00,98.81,98.86,98.51,98.62,479
2026-04-10 02:15:00,98.65,98.69,98.42,98.47,325
2026-04-10 02:20:00,98.5,98.52,97.99,98.06,1277
2026-04-10 02:25:00,98.05,98.13,97.83,97.98,1581
2026-04-10 03:30:00,98.23,98.44,98.04,98.16,0
2026-04-10 03:35:00,98.17,98.49,98.17,98.42,175
2026-04-10 03:40:00,98.43,98.46,98.02,98.03,159
2026-04-10 03:45:00,98.03,98.27,98.03,98.16,235
2026-04-10 03:50:00,98.13,98.35,98.05,98.19,154
2026-04-10 03:55:00,98.19,98.68,98.19,98.52,288
2026-04-10 04:00:00,98.53,99.0,98.51,98.73,796
2026-04-10 04:05:00,98.76,99.02,98.53,98.71,524
2026-04-10 04:10:00,98.73,98.78,98.6,98.71,90
2026-04-10 04:15:00,98.69,99.2,98.68,99.05,493
2026-04-10 04:20:00,99.09,99.17,99.02,99.06,286
2026-04-10 04:25:00,99.06,99.07,98.86,99.0,157
2026-04-10 04:30:00,99.01,99.1,98.74,98.81,272
2026-04-10 04:35:00,98.82,98.82,98.42,98.63,364
2026-04-10 04:40:00,98.67,98.67,98.43,98.43,216
2026-04-10 04:45:00,98.43,98.55,98.28,98.31,270
2026-04-10 04:50:00,98.31,98.31,98.24,98.3,222
2026-04-10 04:55:00,98.27,98.5,98.23,98.47,280
2026-04-10 05:00:00,98.45,98.63,98.4,98.5,218
2026-04-10 05:05:00,98.51,98.6,98.44,98.59,83
2026-04-10 05:10:00,98.55,98.63,98.46,98.54,71
2026-04-10 05:15:00,98.52,98.57,98.46,98.46,54
2026-04-10 05:20:00,98.46,98.54,98.4,98.51,89
2026-04-10 05:25:00,98.53,98.69,98.5,98.62,90
2026-04-10 05:30:00,98.62,98.64,98.3,98.37,494
2026-04-10 05:35:00,98.37,98.59,98.33,98.58,187
2026-04-10 05:40:00,98.55,98.55,98.36,98.43,284
2026-04-10 05:45:00,98.44,98.47,98.33,98.41,192
2026-04-10 05:50:00,98.39,98.52,98.29,98.39,154
2026-04-10 05:55:00,98.39,98.42,98.26,98.37,259
2026-04-10 06:00:00,98.37,98.64,98.31,98.54,263
2026-04-10 06:05:00,98.54,98.58,98.44,98.52,82
2026-04-10 06:10:00,98.51,98.58,98.44,98.55,84
2026-04-10 06:15:00,98.55,98.87,98.54,98.84,418
2026-04-10 06:20:00,98.83,99.04,98.81,98.97,620
2026-04-10 06:25:00,98.95,99.1,98.89,98.91,457
2026-04-10 06:30:00,98.93,99.24,98.78,99.16,754
2026-04-10 06:35:00,99.16,99.19,98.88,98.91,442
2026-04-10 06:40:00,98.9,98.95,98.73,98.73,235
2026-04-10 06:45:00,98.76,98.85,98.6,98.83,466
2026-04-10 06:50:00,98.84,98.97,98.68,98.69,256
2026-04-10 06:55:00,98.7,98.79,98.63,98.72,245
2026-04-10 07:00:00,98.7,98.79,98.42,98.5,363
2026-04-10 07:05:00,98.51,98.57,98.33,98.46,450
2026-04-10 07:10:00,98.46,98.9,98.4,98.7,431
2026-04-10 07:15:00,98.72,98.77,98.51,98.56,173
2026-04-10 07:20:00,98.59,98.68,98.54,98.56,99
2026-04-10 07:25:00,98.55,98.67,98.46,98.61,139
2026-04-10 07:30:00,98.58,98.8,98.52,98.77,410
2026-04-10 07:35:00,98.78,98.78,98.59,98.65,126
2026-04-10 07:40:00,98.65,98.74,98.62,98.67,127
2026-04-10 07:45:00,98.69,98.89,98.67,98.86,160
2026-04-10 07:50:00,98.85,98.9,98.78,98.84,240
2026-04-10 07:55:00,98.82,98.86,98.74,98.83,206
2026-04-10 08:00:00,98.84,98.9,98.68,98.76,727
2026-04-10 08:05:00,98.77,98.9,98.69,98.82,158
2026-04-10 08:10:00,98.84,98.87,98.71,98.73,133
2026-04-10 08:15:00,98.72,98.81,98.64,98.65,145
2026-04-10 08:20:00,98.66,98.68,98.47,98.58,176
2026-04-10 08:25:00,98.59,98.75,98.56,98.75,146
2026-04-10 08:30:00,98.77,98.77,98.53,98.55,374
2026-04-10 08:35:00,98.55,98.64,98.42,98.57,213
2026-04-10 08:40:00,98.57,98.69,98.57,98.69,56
2026-04-10 08:45:00,98.66,98.77,98.62,98.66,102
2026-04-10 08:50:00,98.67,98.83,98.66,98.71,279
2026-04-10 08:55:00,98.72,98.76,98.66,98.72,357
2026-04-10 09:00:00,98.71,98.71,98.29,98.36,418
2026-04-10 09:05:00,98.37,98.5,98.15,98.24,374
2026-04-10 09:10:00,98.3,98.32,98.0,98.03,615
2026-04-10 09:15:00,98.02,98.02,97.58,97.78,859
2026-04-10 09:20:00,97.79,97.87,97.65,97.65,375
2026-04-10 09:25:00,97.69,97.85,97.67,97.79,172
2026-04-10 09:30:00,97.8,97.83,97.66,97.81,196
2026-04-10 09:35:00,97.82,98.08,97.82,97.97,359
2026-04-10 09:40:00,97.97,98.0,97.81,97.98,165
2026-04-10 09:45:00,97.95,98.06,97.92,98.04,121
2026-04-10 09:50:00,98.04,98.15,98.01,98.12,165
2026-04-10 09:55:00,98.12,98.25,98.06,98.15,344
2026-04-10 10:00:00,98.16,98.23,98.05,98.23,178
2026-04-10 10:05:00,98.22,98.39,98.22,98.33,300
2026-04-10 10:10:00,98.35,98.37,98.19,98.22,155
2026-04-10 10:15:00,98.25,98.33,98.2,98.31,99
2026-04-10 10:20:00,98.31,98.37,98.27,98.27,119
2026-04-10 10:25:00,98.29,98.44,98.21,98.41,214
2026-04-10 10:30:00,98.39,98.41,98.24,98.28,118
2026-04-10 10:35:00,98.27,98.34,98.24,98.31,162
2026-04-10 10:40:00,98.31,98.5,98.31,98.46,199
2026-04-10 10:45:00,98.46,98.46,98.33,98.37,125
2026-04-10 10:50:00,98.36,98.43,98.36,98.38,57
2026-04-10 10:55:00,98.35,98.45,98.35,98.4,113
2026-04-10 11:00:00,98.42,98.42,98.11,98.24,360
2026-04-10 11:05:00,98.24,98.42,98.21,98.37,230
2026-04-10 11:10:00,98.39,98.75,98.31,98.64,501
2026-04-10 11:15:00,98.64,98.66,98.54,98.65,188
2026-04-10 11:20:00,98.63,98.67,98.45,98.54,224
2026-04-10 11:25:00,98.54,98.65,98.52,98.62,224
2026-04-10 11:30:00,98.6,98.68,98.53,98.59,221
2026-04-10 11:35:00,98.6,98.6,98.36,98.37,296
2026-04-10 11:40:00,98.38,98.53,98.37,98.52,236
2026-04-10 11:45:00,98.51,98.63,98.43,98.59,195
2026-04-10 11:50:00,98.6,98.62,98.47,98.52,143
2026-04-10 11:55:00,98.5,98.66,98.45,98.53,225
2026-04-10 12:00:00,98.53,98.66,98.29,98.36,458
2026-04-10 12:05:00,98.36,98.75,98.33,98.69,478
2026-04-10 12:10:00,98.71,98.85,98.62,98.64,467
2026-04-10 12:15:00,98.63,98.63,98.36,98.58,735
2026-04-10 12:20:00,98.58,98.65,98.47,98.65,249
2026-04-10 12:25:00,98.66,98.78,98.6,98.64,438
2026-04-10 12:30:00,98.64,99.4,98.59,99.2,1819
2026-04-10 12:35:00,99.2,99.49,99.12,99.37,1180
2026-04-10 12:40:00,99.37,99.65,99.35,99.65,786
2026-04-10 12:45:00,99.63,99.87,99.63,99.79,739
2026-04-10 12:50:00,99.78,100.0,99.62,99.66,857
2026-04-10 12:55:00,99.67,99.67,99.43,99.52,682
2026-04-10 13:00:00,99.55,99.6,99.44,99.56,325
2026-04-10 13:05:00,99.56,99.79,99.53,99.76,431
2026-04-10 13:10:00,99.74,100.0,99.72,99.89,645
2026-04-10 13:15:00,99.9,99.95,99.78,99.78,344
2026-04-10 13:20:00,99.78,99.88,99.71,99.77,480
2026-04-10 13:25:00,99.76,99.79,99.55,99.67,723
2026-04-10 13:30:00,99.67,99.82,99.52,99.63,615
2026-04-10 13:35:00,99.62,99.64,99.39,99.47,445
2026-04-10 13:40:00,99.49,99.8,99.43,99.69,498
2026-04-10 13:45:00,99.72,99.78,99.55,99.75,327
2026-04-10 13:50:00,99.73,99.74,99.48,99.48,566
2026-04-10 13:55:00,99.5,99.65,99.33,99.65,1225
2026-04-10 14:00:00,99.64,99.79,99.38,99.42,786
2026-04-10 14:05:00,99.4,99.57,99.38,99.49,400
2026-04-10 14:10:00,99.48,99.74,99.47,99.71,330
2026-04-10 14:15:00,99.72,100.14,99.71,100.02,1204
2026-04-10 14:20:00,100.02,100.41,99.97,100.29,1040
2026-04-10 14:25:00,100.27,100.42,100.21,100.27,603
2026-04-10 14:30:00,100.25,100.26,99.82,99.86,513
2026-04-10 14:35:00,99.88,100.04,99.78,100.03,455
2026-04-10 14:40:00,100.03,100.17,99.88,100.03,588
2026-04-10 14:45:00,100.04,100.1,98.73,98.85,1922
2026-04-10 14:50:00,98.82,98.93,98.33,98.87,2181
2026-04-10 14:55:00,98.88,98.91,98.53,98.66,794
2026-04-10 15:00:00,98.65,99.28,98.58,99.1,1255
2026-04-10 15:05:00,99.09,99.22,98.71,99.21,1023
2026-04-10 15:10:00,99.2,99.21,98.75,98.82,437
2026-04-10 15:15:00,98.82,99.1,98.76,98.97,409
2026-04-10 15:20:00,98.95,99.03,98.45,98.57,972
2026-04-10 15:25:00,98.58,98.73,98.16,98.56,1397
2026-04-10 15:30:00,98.58,98.8,98.51,98.7,665
2026-04-10 15:35:00,98.72,98.97,98.71,98.85,544
2026-04-10 15:40:00,98.84,99.0,98.75,98.82,308
2026-04-10 15:45:00,98.84,98.91,98.64,98.68,284
2026-04-10 15:50:00,98.68,98.7,98.46,98.53,354
2026-04-10 15:55:00,98.52,98.54,98.16,98.5,886
2026-04-10 16:00:00,98.5,98.66,98.11,98.21,991
2026-04-10 16:05:00,98.17,98.39,98.1,98.12,593
2026-04-10 16:10:00,98.11,98.12,97.76,98.01,1198
2026-04-10 16:15:00,97.99,98.11,97.8,97.8,558
2026-04-10 16:20:00,97.8,97.88,97.57,97.78,1095
2026-04-10 16:25:00,97.78,98.08,97.78,98.0,475
2026-04-10 16:30:00,98.0,98.24,97.97,98.08,608
2026-04-10 16:35:00,98.09,98.49,98.09,98.46,447
2026-04-10 16:40:00,98.45,98.5,98.12,98.17,710
2026-04-10 16:45:00,98.14,98.31,98.05,98.07,248
2026-04-10 16:50:00,98.08,98.09,97.41,97.6,1692
2026-04-10 16:55:00,97.6,97.93,97.58,97.93,689
2026-04-10 17:00:00,97.92,97.99,97.68,97.93,616
2026-04-10 17:05:00,97.92,98.03,97.83,97.94,495
2026-04-10 17:10:00,97.95,98.05,97.84,97.93,380
2026-04-10 17:15:00,97.91,98.19,97.89,98.17,416
2026-04-10 17:20:00,98.18,98.22,97.84,97.92,501
2026-04-10 17:25:00,97.92,98.12,97.83,98.09,671
2026-04-10 17:30:00,98.11,98.37,97.85,98.07,772
2026-04-10 17:35:00,98.06,98.22,97.9,97.95,544
2026-04-10 17:40:00,97.95,98.05,97.67,97.68,1044
2026-04-10 17:45:00,97.69,97.83,97.0,97.16,2368
2026-04-10 17:50:00,97.15,97.63,97.12,97.48,1529
2026-04-10 17:55:00,97.47,97.62,97.33,97.59,897
2026-04-10 18:00:00,97.61,97.7,97.44,97.6,731
2026-04-10 18:05:00,97.61,97.71,97.39,97.41,889
2026-04-10 18:10:00,97.4,97.63,97.25,97.48,1769
2026-04-10 18:15:00,97.47,97.69,97.4,97.5,723
2026-04-10 18:20:00,97.49,97.92,97.44,97.83,860
2026-04-10 18:25:00,97.82,98.2,97.72,98.18,1643
2026-04-10 18:30:00,98.19,98.45,97.92,97.95,2459
2026-04-10 18:35:00,97.96,98.05,97.41,97.68,2844
2026-04-10 18:40:00,97.69,97.93,97.64,97.89,1558
2026-04-10 18:45:00,97.92,98.25,97.72,97.92,2328
2026-04-10 18:50:00,97.93,98.28,97.88,98.25,1056
2026-04-10 18:55:00,98.26,98.42,98.16,98.3,1574
2026-04-10 19:00:00,98.28,98.52,98.15,98.37,1963
2026-04-10 19:05:00,98.38,98.8,98.29,98.37,1838
2026-04-10 19:10:00,98.37,98.79,98.28,98.56,1735
2026-04-10 19:15:00,98.55,98.58,98.4,98.54,1367
2026-04-10 19:20:00,98.53,98.54,98.16,98.27,1483
2026-04-10 19:25:00,98.26,98.49,98.24,98.4,1003
2026-04-10 19:30:00,98.43,98.51,98.12,98.22,1277
2026-04-10 19:35:00,98.21,98.65,98.05,98.42,2608
2026-04-10 19:40:00,98.43,98.56,97.85,97.93,2326
2026-04-10 19:45:00,97.95,97.98,97.69,97.8,1842
2026-04-10 19:50:00,97.81,97.81,97.57,97.57,1474
2026-04-10 19:55:00,97.57,97.6,97.22,97.51,3397
2026-04-10 20:00:00,97.5,97.62,97.3,97.6,1375
2026-04-10 20:05:00,97.6,97.81,97.3,97.74,2401
2026-04-10 20:10:00,97.75,99.0,97.73,98.73,6602
2026-04-10 20:15:00,98.72,98.97,98.44,98.77,3101
2026-04-10 20:20:00,98.76,98.95,98.44,98.92,3124
2026-04-10 20:25:00,98.91,99.0,98.39,98.51,2221
2026-04-10 20:30:00,98.52,98.71,98.37,98.57,1802
2026-04-10 20:35:00,98.57,98.79,98.44,98.58,1845
2026-04-10 20:40:00,98.59,98.67,98.43,98.65,1664
2026-04-10 20:45:00,98.65,98.97,98.53,98.92,2440
2026-04-10 20:50:00,98.95,99.0,98.27,98.3,3679
2026-04-10 20:55:00,98.32,98.99,98.32,98.76,3885
2026-04-10 21:00:00,98.76,99.16,98.47,99.08,3002
2026-04-10 21:05:00,99.08,99.42,99.03,99.34,3076
2026-04-10 21:10:00,99.33,99.46,99.03,99.21,2504
2026-04-10 21:15:00,99.21,99.33,99.04,99.22,2010
2026-04-10 21:20:00,99.23,99.24,99.02,99.04,1814
2026-04-10 21:25:00,99.03,99.37,99.02,99.19,2050
2026-04-10 21:30:00,99.18,99.5,99.13,99.27,1877
2026-04-10 21:35:00,99.26,99.47,99.25,99.25,1865
2026-04-10 21:40:00,99.26,99.26,98.79,98.88,2696
2026-04-10 21:45:00,98.9,98.92,98.72,98.81,1630
2026-04-10 21:50:00,98.78,98.97,98.61,98.64,1739
2026-04-10 21:55:00,98.66,98.93,98.64,98.81,1784
2026-04-10 22:00:00,98.82,98.86,98.47,98.66,2400
2026-04-10 22:05:00,98.66,98.74,98.38,98.59,2502
2026-04-10 22:10:00,98.6,98.93,98.6,98.73,1840
2026-04-10 22:15:00,98.73,98.81,98.48,98.52,1987
2026-04-10 22:20:00,98.51,98.57,98.12,98.26,2499
2026-04-10 22:25:00,98.27,98.37,98.15,98.2,2131
2026-04-10 22:30:00,98.2,98.45,98.16,98.43,2034
2026-04-10 22:35:00,98.44,98.44,98.15,98.2,1927
2026-04-10 22:40:00,98.21,98.25,98.0,98.09,2255
2026-04-10 22:45:00,98.09,98.29,97.97,98.07,1517
2026-04-10 22:50:00,98.07,98.55,98.07,98.34,2820
2026-04-10 22:55:00,98.34,98.5,98.19,98.35,1811
2026-04-10 23:00:00,98.35,98.46,98.14,98.24,1729
2026-04-10 23:05:00,98.23,98.39,98.14,98.26,1460
2026-04-10 23:10:00,98.27,98.58,98.2,98.58,1994
2026-04-10 23:15:00,98.6,98.73,98.33,98.41,1938
2026-04-10 23:20:00,98.41,98.41,98.11,98.19,1513
2026-04-10 23:25:00,98.19,98.22,97.92,97.98,2090
2026-04-10 23:30:00,97.98,98.39,97.86,98.27,3162
2026-04-10 23:35:00,98.26,98.28,97.7,98.0,4168
2026-04-10 23:40:00,98.01,98.09,97.61,97.64,2886
2026-04-10 23:45:00,97.65,97.74,96.93,97.0,5486
2026-04-10 23:50:00,97.0,97.09,96.43,96.55,9135
2026-04-10 23:55:00,96.54,96.97,96.38,96.56,12903
2026-04-11 00:00:00,96.55,96.64,96.02,96.2,4052
2026-04-11 00:05:00,96.23,96.46,95.94,96.1,1736
2026-04-11 00:10:00,96.08,96.38,95.96,96.26,1276
2026-04-11 00:15:00,96.26,96.52,96.26,96.32,952
2026-04-11 00:20:00,96.31,96.4,96.05,96.15,757
2026-04-11 00:25:00,96.14,96.42,96.08,96.34,709
2026-04-11 00:30:00,96.34,96.46,96.14,96.14,759
2026-04-11 00:35:00,96.13,96.16,95.9,96.14,960
2026-04-11 00:40:00,96.13,96.16,95.69,95.77,1237
2026-04-11 00:45:00,95.76,96.04,95.76,95.8,804
2026-04-11 00:50:00,95.8,96.13,95.52,95.77,2437
2026-04-11 00:55:00,95.77,95.99,95.77,95.87,568
2026-04-11 01:00:00,95.89,96.28,95.89,96.15,1384
2026-04-11 01:05:00,96.16,96.2,96.07,96.17,439
2026-04-11 01:10:00,96.15,96.31,96.12,96.15,989
2026-04-11 01:15:00,96.13,96.28,96.05,96.26,780
2026-04-11 01:20:00,96.27,96.39,96.23,96.33,598
2026-04-11 01:25:00,96.34,96.41,96.09,96.21,823
2026-04-11 01:30:00,96.19,96.29,95.96,96.07,677
2026-04-11 01:35:00,96.08,96.14,95.86,95.94,321
2026-04-11 01:40:00,95.92,96.04,95.86,95.88,229
2026-04-11 01:45:00,95.87,95.92,95.66,95.74,477
2026-04-11 01:50:00,95.76,95.89,95.75,95.8,119
2026-04-11 01:55:00,95.8,95.83,95.53,95.63,814
2026-04-11 02:00:00,95.63,95.84,95.61,95.81,254
2026-04-11 02:05:00,95.8,95.92,95.79,95.87,219
2026-04-11 02:10:00,95.87,95.88,95.62,95.62,216
2026-04-11 02:15:00,95.66,95.83,95.6,95.71,274
2026-04-11 02:20:00,95.7,95.72,95.51,95.59,286
2026-04-11 02:25:00,95.57,96.57,95.51,96.57,700
2026-04-13 03:40:00,104.85,104.94,103.91,104.32,1647
2026-04-13 03:45:00,104.36,104.45,103.8,104.16,1225
2026-04-13 03:50:00,104.15,104.81,104.01,104.53,1334
2026-04-13 03:55:00,104.57,104.83,104.52,104.7,780
2026-04-13 04:00:00,104.69,104.92,104.52,104.56,868
2026-04-13 04:05:00,104.53,104.7,104.36,104.62,402
2026-04-13 04:10:00,104.62,104.7,104.26,104.37,268
2026-04-13 04:15:00,104.38,104.5,104.17,104.49,485
2026-04-13 04:20:00,104.5,104.71,104.45,104.64,533
2026-04-13 04:25:00,104.62,104.73,104.38,104.55,606
2026-04-13 04:30:00,104.57,104.8,104.53,104.76,584
2026-04-13 04:35:00,104.75,104.97,104.74,104.91,604
2026-04-13 04:40:00,104.92,104.99,104.8,104.91,446
2026-04-13 04:45:00,104.91,105.18,104.87,105.08,476
2026-04-13 04:50:00,105.09,105.38,105.09,105.25,469
2026-04-13 04:55:00,105.24,105.36,105.12,105.24,248
2026-04-13 05:00:00,105.25,105.31,105.05,105.11,358
2026-04-13 05:05:00,105.15,105.63,105.12,105.48,530
2026-04-13 05:10:00,105.44,105.47,105.21,105.21,251
2026-04-13 05:15:00,105.24,105.29,105.06,105.17,299
2026-04-13 05:20:00,105.17,105.17,104.75,104.89,445
2026-04-13 05:25:00,104.89,104.96,104.7,104.72,314
2026-04-13 05:30:00,104.72,105.03,104.65,104.99,520
2026-04-13 05:35:00,104.99,105.04,104.61,104.64,452
2026-04-13 05:40:00,104.62,104.71,104.36,104.41,840
2026-04-13 05:45:00,104.43,104.5,104.24,104.32,806
2026-04-13 05:50:00,104.31,104.5,104.26,104.33,492
2026-04-13 05:55:00,104.34,104.53,104.33,104.53,216
2026-04-13 06:00:00,104.52,104.66,104.51,104.6,301
2026-04-13 06:05:00,104.61,104.63,104.5,104.55,110
2026-04-13 06:10:00,104.56,104.62,104.52,104.54,74
2026-04-13 06:15:00,104.54,104.59,104.5,104.54,119
2026-04-13 06:20:00,104.54,104.6,104.11,104.19,579
2026-04-13 06:25:00,104.17,104.38,104.09,104.1,719
2026-04-13 06:30:00,104.1,104.43,103.85,104.18,1389
2026-04-13 06:35:00,104.22,104.52,104.21,104.26,958
2026-04-13 06:40:00,104.25,104.39,104.09,104.31,668
2026-04-13 06:45:00,104.3,104.33,104.17,104.27,288
2026-04-13 06:50:00,104.29,104.3,103.97,104.17,412
2026-04-13 06:55:00,104.19,104.25,104.08,104.12,355
2026-04-13 07:00:00,104.12,104.17,103.97,104.13,303
2026-04-13 07:05:00,104.14,104.24,103.99,104.19,224
2026-04-13 07:10:00,104.21,104.46,104.18,104.34,504
2026-04-13 07:15:00,104.35,104.48,104.3,104.46,344
2026-04-13 07:20:00,104.45,104.48,104.2,104.35,332
2026-04-13 07:25:00,104.34,104.36,104.26,104.31,156
2026-04-13 07:30:00,104.3,104.52,104.3,104.42,350
2026-04-13 07:35:00,104.4,104.63,104.4,104.58,280
2026-04-13 07:40:00,104.59,104.81,104.59,104.72,729
2026-04-13 07:45:00,104.73,104.99,104.67,104.92,558
2026-04-13 07:50:00,104.93,104.96,104.83,104.88,196
2026-04-13 07:55:00,104.86,104.96,104.82,104.96,219
2026-04-13 08:00:00,104.95,104.95,104.74,104.84,237
2026-04-13 08:05:00,104.86,104.95,104.79,104.9,169
2026-04-13 08:10:00,104.88,104.98,104.87,104.91,85
2026-04-13 08:15:00,104.91,105.08,104.84,105.04,317
2026-04-13 08:20:00,105.07,105.09,104.91,104.96,233
2026-04-13 08:25:00,104.95,104.96,104.87,104.9,116
2026-04-13 08:30:00,104.89,104.99,104.81,104.97,169
2026-04-13 08:35:00,104.97,105.01,104.87,104.89,151
2026-04-13 08:40:00,104.94,104.99,104.88,104.89,121
2026-04-13 08:45:00,104.88,104.94,104.86,104.91,86
2026-04-13 08:50:00,104.92,104.93,104.86,104.91,114
2026-04-13 08:55:00,104.9,104.9,104.75,104.81,323
2026-04-13 09:00:00,104.8,104.99,104.79,104.96,254
2026-04-13 09:05:00,104.96,105.18,104.96,105.17,795
2026-04-13 09:10:00,105.18,105.18,104.8,104.82,349
2026-04-13 09:15:00,104.82,105.0,104.8,104.96,332
2026-04-13 09:20:00,104.96,104.96,104.89,104.93,81
2026-04-13 09:25:00,104.91,104.94,104.83,104.85,73
2026-04-13 09:30:00,104.86,104.89,104.73,104.89,197
2026-04-13 09:35:00,104.88,104.94,104.86,104.93,113
2026-04-13 09:40:00,104.93,104.99,104.88,104.9,119
2026-04-13 09:45:00,104.89,104.89,104.6,104.66,286
2026-04-13 09:50:00,104.64,104.67,104.56,104.59,168
2026-04-13 09:55:00,104.57,104.71,104.56,104.69,116
2026-04-13 10:00:00,104.67,104.75,104.61,104.72,118
2026-04-13 10:05:00,104.72,104.81,104.72,104.77,70
2026-04-13 10:10:00,104.78,104.85,104.7,104.83,130
2026-04-13 10:15:00,104.85,104.85,104.77,104.78,102
2026-04-13 10:20:00,104.77,104.78,104.67,104.69,99
2026-04-13 10:25:00,104.69,104.77,104.62,104.77,203
2026-04-13 10:30:00,104.78,104.89,104.78,104.81,124
2026-04-13 10:35:00,104.82,104.83,104.62,104.71,289
2026-04-13 10:40:00,104.7,104.77,104.66,104.76,46
2026-04-13 10:45:00,104.75,104.79,104.69,104.74,65
2026-04-13 10:50:00,104.73,104.74,104.68,104.7,49
2026-04-13 10:55:00,104.7,104.76,104.7,104.76,72
2026-04-13 11:00:00,104.74,104.91,104.7,104.88,210
2026-04-13 11:05:00,104.87,104.91,104.67,104.69,295
2026-04-13 11:10:00,104.67,104.68,104.44,104.45,370
2026-04-13 11:15:00,104.44,104.48,104.35,104.43,388
2026-04-13 11:20:00,104.46,104.56,104.39,104.51,172
2026-04-13 11:25:00,104.52,104.52,104.16,104.32,689
2026-04-13 11:30:00,104.3,104.31,103.91,103.95,852
2026-04-13 11:35:00,103.93,104.17,103.93,104.12,297
2026-04-13 11:40:00,104.13,104.29,104.09,104.27,260
2026-04-13 11:45:00,104.27,104.32,104.18,104.29,278
2026-04-13 11:50:00,104.29,104.32,103.82,103.86,582
2026-04-13 11:55:00,103.84,103.85,103.6,103.78,1376
2026-04-13 12:00:00,103.78,103.85,103.6,103.66,411
2026-04-13 12:05:00,103.62,103.83,103.6,103.78,184
2026-04-13 12:10:00,103.78,103.78,103.51,103.6,381
2026-04-13 12:15:00,103.6,103.6,103.05,103.2,968
2026-04-13 12:20:00,103.19,103.38,103.19,103.26,316
2026-04-13 12:25:00,103.28,103.33,103.24,103.27,184
2026-04-13 12:30:00,103.25,103.25,102.96,103.15,1035
2026-04-13 12:35:00,103.15,103.58,103.12,103.54,718
2026-04-13 12:40:00,103.53,103.59,103.38,103.56,428
2026-04-13 12:45:00,103.57,103.7,103.5,103.54,429
2026-04-13 12:50:00,103.56,103.65,103.51,103.64,189
2026-04-13 12:55:00,103.62,103.7,103.41,103.53,523
2026-04-13 13:00:00,103.51,103.57,103.28,103.55,448
2026-04-13 13:05:00,103.56,103.7,103.53,103.58,752
2026-04-13 13:10:00,103.56,103.66,103.38,103.46,377
2026-04-13 13:15:00,103.48,103.61,103.36,103.61,209
2026-04-13 13:20:00,103.61,103.7,103.52,103.67,385
2026-04-13 13:25:00,103.7,103.7,103.57,103.69,443
2026-04-13 13:30:00,103.7,103.78,103.36,103.51,656
2026-04-13 13:35:00,103.51,103.9,103.51,103.85,501
2026-04-13 13:40:00,103.85,104.08,103.79,104.08,487
2026-04-13 13:45:00,104.07,104.24,103.97,104.03,613
2026-04-13 13:50:00,104.04,104.15,103.87,103.89,396
2026-04-13 13:55:00,103.86,104.15,103.77,104.08,721
2026-04-13 14:00:00,104.05,104.32,103.88,104.3,686
2026-04-13 14:05:00,104.31,104.5,104.16,104.44,593
2026-04-13 14:10:00,104.47,104.75,104.46,104.68,632
2026-04-13 14:15:00,104.68,104.8,104.51,104.57,610
2026-04-13 14:20:00,104.55,104.73,104.54,104.57,482
2026-04-13 14:25:00,104.56,104.66,104.55,104.61,233
2026-04-13 14:30:00,104.62,104.62,104.01,104.24,815
2026-04-13 14:35:00,104.23,104.64,104.11,104.63,443
2026-04-13 14:40:00,104.62,104.64,104.47,104.48,267
2026-04-13 14:45:00,104.5,104.54,104.43,104.48,262
2026-04-13 14:50:00,104.49,104.51,104.41,104.47,166
2026-04-13 14:55:00,104.47,104.72,104.42,104.68,440
2026-04-13 15:00:00,104.68,104.69,104.32,104.37,436
2026-04-13 15:05:00,104.38,104.47,104.31,104.43,236
2026-04-13 15:10:00,104.42,104.5,104.32,104.41,208
2026-04-13 15:15:00,104.42,104.5,104.34,104.5,225
2026-04-13 15:20:00,104.51,104.63,104.48,104.61,233
2026-04-13 15:25:00,104.63,104.68,104.41,104.51,352
2026-04-13 15:30:00,104.48,104.48,104.33,104.4,529
2026-04-13 15:35:00,104.37,104.42,104.19,104.24,588
2026-04-13 15:40:00,104.25,104.39,104.21,104.34,467
2026-04-13 15:45:00,104.36,104.57,104.33,104.49,334
2026-04-13 15:50:00,104.49,104.66,104.43,104.59,441
2026-04-13 15:55:00,104.57,104.58,104.4,104.46,201
2026-04-13 16:00:00,104.48,104.48,104.36,104.4,249
2026-04-13 16:05:00,104.39,104.42,104.28,104.33,324
2026-04-13 16:10:00,104.33,104.5,104.29,104.42,563
2026-04-13 16:15:00,104.44,104.44,103.83,103.9,616
2026-04-13 16:20:00,103.92,104.08,103.88,104.04,781
2026-04-13 16:25:00,104.03,104.05,103.82,103.83,283
2026-04-13 16:30:00,103.85,103.96,103.59,103.64,960
2026-04-13 16:35:00,103.65,103.81,103.42,103.75,654
2026-04-13 16:40:00,103.74,103.93,103.65,103.89,316
2026-04-13 16:45:00,103.87,103.87,103.64,103.76,346
2026-04-13 16:50:00,103.8,103.96,103.65,103.91,255
2026-04-13 16:55:00,103.92,104.12,103.92,104.04,714
2026-04-13 17:00:00,104.05,104.12,103.98,104.1,441
2026-04-13 17:05:00,104.1,104.12,103.97,104.03,576
2026-04-13 17:10:00,104.03,104.1,103.87,103.89,382
2026-04-13 17:15:00,103.89,104.2,103.71,104.08,1186
2026-04-13 17:20:00,104.09,104.4,104.07,104.3,645
2026-04-13 17:25:00,104.29,104.35,104.17,104.25,519
2026-04-13 17:30:00,104.27,104.37,103.7,104.15,1591
2026-04-13 17:35:00,104.1,104.3,103.95,104.26,596
2026-04-13 17:40:00,104.25,104.39,104.04,104.08,772
2026-04-13 17:45:00,104.08,104.23,103.97,104.04,1093
2026-04-13 17:50:00,104.04,104.21,104.0,104.2,430
2026-04-13 17:55:00,104.21,104.22,104.1,104.15,554
2026-04-13 18:00:00,104.15,104.21,104.05,104.08,517
2026-04-13 18:05:00,104.06,104.22,104.0,104.16,649
2026-04-13 18:10:00,104.14,104.15,103.86,103.91,786
2026-04-13 18:15:00,103.89,103.92,103.5,103.67,1903
2026-04-13 18:20:00,103.67,103.72,103.36,103.6,850
2026-04-13 18:25:00,103.6,103.87,103.55,103.65,1466
2026-04-13 18:30:00,103.65,103.73,103.34,103.59,1886
2026-04-13 18:35:00,103.6,103.65,103.43,103.44,1160
2026-04-13 18:40:00,103.45,103.58,103.31,103.41,985
2026-04-13 18:45:00,103.4,103.81,103.37,103.59,1431
2026-04-13 18:50:00,103.58,103.77,103.54,103.67,1154
2026-04-13 18:55:00,103.7,103.73,103.45,103.5,905
2026-04-13 19:00:00,103.49,103.69,103.15,103.16,2245
2026-04-13 19:05:00,103.15,103.44,103.05,103.23,2170
2026-04-13 19:10:00,103.24,103.44,103.17,103.31,1294
2026-04-13 19:15:00,103.31,103.33,101.48,101.78,7094
2026-04-13 19:20:00,101.78,101.9,100.36,101.6,10372
2026-04-13 19:25:00,101.56,102.06,101.38,101.72,3150
2026-04-13 19:30:00,101.73,101.95,101.15,101.4,3586
2026-04-13 19:35:00,101.44,101.48,100.58,101.12,4483
2026-04-13 19:40:00,101.12,101.36,100.96,101.11,2265
2026-04-13 19:45:00,101.11,101.55,101.05,101.39,2192
2026-04-13 19:50:00,101.39,101.78,101.07,101.53,2778
2026-04-13 19:55:00,101.57,102.05,101.47,101.96,2107
2026-04-13 20:00:00,101.94,102.08,101.66,101.73,1881
2026-04-13 20:05:00,101.72,101.8,101.46,101.57,1347
2026-04-13 20:10:00,101.58,101.86,101.46,101.67,1477
2026-04-13 20:15:00,101.65,102.5,101.53,102.27,2617
2026-04-13 20:20:00,102.28,102.45,102.09,102.1,1567
2026-04-13 20:25:00,102.1,102.22,101.82,102.03,1732
2026-04-13 20:30:00,102.02,102.76,102.01,102.5,2841
2026-04-13 20:35:00,102.5,102.67,102.15,102.32,1652
2026-04-13 20:40:00,102.33,102.47,102.22,102.27,1407
2026-04-13 20:45:00,102.25,102.63,102.11,102.62,1790
2026-04-13 20:50:00,102.6,102.63,102.27,102.48,1764
2026-04-13 20:55:00,102.49,102.7,102.45,102.61,1907
2026-04-13 21:00:00,102.62,103.04,102.62,102.99,2560
2026-04-13 21:05:00,102.97,103.15,102.32,102.75,2868
2026-04-13 21:10:00,102.76,103.19,102.65,103.04,1892
2026-04-13 21:15:00,103.03,103.08,102.84,102.91,1419
2026-04-13 21:20:00,102.94,103.11,102.84,103.03,1635
2026-04-13 21:25:00,103.03,103.1,102.83,102.84,1248
2026-04-13 21:30:00,102.83,103.0,102.63,102.85,1534
2026-04-13 21:35:00,102.87,103.0,101.99,102.42,4684
2026-04-13 21:40:00,102.43,102.53,102.06,102.28,2016
2026-04-13 21:45:00,102.29,102.43,101.84,102.2,2773
2026-04-13 21:50:00,102.2,102.38,101.81,101.99,3184
2026-04-13 21:55:00,101.99,101.99,101.38,101.58,3556
2026-04-13 22:00:00,101.59,101.63,100.66,100.95,5851
2026-04-13 22:05:00,100.96,100.99,99.67,99.93,7521
2026-04-13 22:10:00,99.91,100.64,99.22,100.22,9537
2026-04-13 22:15:00,100.24,100.57,99.75,100.2,5372
2026-04-13 22:20:00,100.17,100.2,99.37,100.01,5677
2026-04-13 22:25:00,100.03,100.26,99.39,99.48,4674
2026-04-13 22:30:00,99.48,99.6,99.04,99.37,3949
2026-04-13 22:35:00,99.4,99.95,99.23,99.85,2422
2026-04-13 22:40:00,99.84,99.98,99.39,99.5,1969
2026-04-13 22:45:00,99.49,99.74,98.97,99.32,2671
2026-04-13 22:50:00,99.33,99.82,99.27,99.31,2570
2026-04-13 22:55:00,99.29,99.47,99.1,99.16,1980
2026-04-13 23:00:00,99.17,99.38,99.11,99.22,2214
2026-04-13 23:05:00,99.21,99.32,98.77,98.93,2112
2026-04-13 23:10:00,98.93,99.27,98.75,98.97,2116
2026-04-13 23:15:00,98.97,99.16,98.87,99.1,1816
2026-04-13 23:20:00,99.09,99.36,98.91,99.11,2121
2026-04-13 23:25:00,99.1,99.24,99.01,99.16,1672
2026-04-13 23:30:00,99.17,99.19,98.68,98.83,2925
2026-04-13 23:35:00,98.84,99.08,98.77,98.91,1697
2026-04-13 23:40:00,98.9,98.92,98.5,98.66,2452
2026-04-13 23:45:00,98.64,98.78,98.55,98.67,2670
2026-04-13 23:50:00,98.67,98.85,98.47,98.82,5261
2026-04-13 23:55:00,98.82,99.4,98.8,98.97,13176
2026-04-14 00:00:00,98.98,99.13,98.8,98.82,2095
2026-04-14 00:05:00,98.85,98.98,98.71,98.85,847
2026-04-14 00:10:00,98.83,98.83,98.61,98.63,1195
2026-04-14 00:15:00,98.63,98.64,98.06,98.29,1754
2026-04-14 00:20:00,98.3,98.33,97.28,97.39,2769
2026-04-14 00:25:00,97.4,97.48,97.03,97.13,1953
2026-04-14 00:30:00,97.12,97.48,97.04,97.37,1471
2026-04-14 00:35:00,97.38,97.76,97.36,97.65,1029
2026-04-14 00:40:00,97.64,97.86,97.62,97.72,508
2026-04-14 00:45:00,97.72,97.79,97.54,97.68,583
2026-04-14 00:50:00,97.66,97.71,97.53,97.66,355
2026-04-14 00:55:00,97.66,97.9,97.56,97.69,787
2026-04-14 01:00:00,97.69,97.87,97.49,97.86,460
2026-04-14 01:05:00,97.87,98.04,97.8,98.02,626
2026-04-14 01:10:00,97.98,98.18,97.9,97.95,792
2026-04-14 01:15:00,97.95,98.05,97.87,97.95,358
2026-04-14 01:20:00,97.93,97.94,97.74,97.81,695
2026-04-14 01:25:00,97.8,98.09,97.78,98.03,611
2026-04-14 01:30:00,98.05,98.28,97.85,97.93,1083
2026-04-14 01:35:00,97.94,98.1,97.85,97.95,376
2026-04-14 01:40:00,97.93,97.93,97.71,97.92,417
2026-04-14 01:45:00,97.93,98.23,97.9,98.16,704
2026-04-14 01:50:00,98.15,98.15,97.87,97.94,396
2026-04-14 01:55:00,97.96,98.01,97.87,97.91,226
2026-04-14 02:00:00,97.93,97.97,97.87,97.9,198
2026-04-14 02:05:00,97.9,98.24,97.87,98.23,199
2026-04-14 02:10:00,98.24,98.24,98.0,98.04,196
2026-04-14 02:15:00,98.02,98.04,97.71,97.87,551
2026-04-14 02:20:00,97.89,98.02,97.84,97.98,279
2026-04-14 02:25:00,97.94,98.05,97.88,98.01,354
2026-04-14 03:30:00,97.99,98.0,97.63,97.81,0
2026-04-14 03:35:00,97.78,97.81,97.45,97.71,181
2026-04-14 03:40:00,97.71,97.97,97.71,97.84,175
2026-04-14 03:45:00,97.86,97.95,97.76,97.76,64
2026-04-14 03:50:00,97.73,97.75,97.61,97.62,124
2026-04-14 03:55:00,97.63,97.79,97.63,97.79,126
2026-04-14 04:00:00,97.78,97.91,97.74,97.87,163
2026-04-14 04:05:00,97.87,97.89,97.82,97.82,67
2026-04-14 04:10:00,97.81,97.84,97.73,97.75,41
2026-04-14 04:15:00,97.76,97.85,97.72,97.85,56
2026-04-14 04:20:00,97.85,97.86,97.69,97.72,101
2026-04-14 04:25:00,97.73,97.74,97.49,97.53,244
2026-04-14 04:30:00,97.54,97.59,97.16,97.24,494
2026-04-14 04:35:00,97.24,97.27,96.94,97.09,510
2026-04-14 04:40:00,97.07,97.09,96.07,96.56,940
2026-04-14 04:45:00,96.52,96.74,96.4,96.57,371
2026-04-14 04:50:00,96.56,96.87,96.45,96.82,389
2026-04-14 04:55:00,96.84,97.02,96.8,96.93,264
2026-04-14 05:00:00,96.91,97.0,96.78,96.97,158
2026-04-14 05:05:00,96.99,97.01,96.78,96.83,198
2026-04-14 05:10:00,96.83,96.88,96.77,96.79,42
2026-04-14 05:15:00,96.79,96.79,96.32,96.49,646
2026-04-14 05:20:00,96.48,96.62,96.46,96.6,212
2026-04-14 05:25:00,96.57,96.62,96.17,96.62,548
2026-04-14 05:30:00,96.55,96.96,96.52,96.72,581
2026-04-14 05:35:00,96.68,96.85,96.5,96.71,479
2026-04-14 05:40:00,96.65,96.7,96.56,96.64,185
2026-04-14 05:45:00,96.67,96.68,96.4,96.61,222
2026-04-14 05:50:00,96.59,96.64,96.26,96.32,316
2026-04-14 05:55:00,96.35,96.53,96.25,96.52,310
2026-04-14 06:00:00,96.54,96.57,95.69,96.04,830
2026-04-14 06:05:00,96.08,96.23,96.03,96.14,191
2026-04-14 06:10:00,96.15,96.19,96.09,96.13,90
2026-04-14 06:15:00,96.15,96.38,96.15,96.36,185
2026-04-14 06:20:00,96.36,96.36,96.13,96.21,245
2026-04-14 06:25:00,96.19,96.19,95.87,95.97,479
2026-04-14 06:30:00,95.98,96.93,95.96,96.83,1220
2026-04-14 06:35:00,96.86,96.86,96.47,96.62,412
2026-04-14 06:40:00,96.64,96.86,96.57,96.78,247
2026-04-14 06:45:00,96.79,97.02,96.7,96.97,579
2026-04-14 06:50:00,96.96,97.16,96.78,97.07,635
2026-04-14 06:55:00,97.07,97.09,96.88,96.96,200
2026-04-14 07:00:00,96.96,97.03,96.89,96.95,105
2026-04-14 07:05:00,96.97,97.28,96.97,97.1,534
2026-04-14 07:10:00,97.05,97.14,96.98,97.02,148
2026-04-14 07:15:00,97.03,97.1,96.98,97.06,72
2026-04-14 07:20:00,97.1,97.22,97.08,97.2,145
2026-04-14 07:25:00,97.18,97.24,97.06,97.18,153
2026-04-14 07:30:00,97.17,97.23,97.16,97.16,137
2026-04-14 07:35:00,97.17,97.17,96.85,96.91,292
2026-04-14 07:40:00,96.9,97.05,96.79,96.9,208
2026-04-14 07:45:00,96.87,96.98,96.84,96.87,103
2026-04-14 07:50:00,96.87,97.01,96.83,96.99,136
2026-04-14 07:55:00,96.97,97.04,96.93,97.03,77
2026-04-14 08:00:00,97.05,97.13,97.0,97.11,136
2026-04-14 08:05:00,97.13,97.23,97.11,97.15,197
2026-04-14 08:10:00,97.16,97.22,97.0,97.01,182
2026-04-14 08:15:00,97.01,97.21,97.0,97.16,137
2026-04-14 08:20:00,97.14,97.2,97.1,97.17,85
2026-04-14 08:25:00,97.16,97.27,97.04,97.09,200
2026-04-14 08:30:00,97.12,97.12,96.89,96.95,289
2026-04-14 08:35:00,96.97,97.35,96.94,97.25,338
2026-04-14 08:40:00,97.26,97.42,97.17,97.4,205
2026-04-14 08:45:00,97.4,97.62,97.37,97.48,731
2026-04-14 08:50:00,97.48,97.58,97.41,97.56,182
2026-04-14 08:55:00,97.57,97.61,97.51,97.55,107
2026-04-14 09:00:00,97.55,97.55,97.34,97.35,156
2026-04-14 09:05:00,97.35,97.35,97.14,97.14,186
2026-04-14 09:10:00,97.14,97.17,97.06,97.11,163
2026-04-14 09:15:00,97.13,97.13,97.01,97.08,156
2026-04-14 09:20:00,97.06,97.09,96.85,96.94,371
2026-04-14 09:25:00,96.95,96.96,96.75,96.95,256
2026-04-14 09:30:00,96.98,97.0,96.88,96.92,98
2026-04-14 09:35:00,96.91,96.95,96.89,96.93,65
2026-04-14 09:40:00,96.94,96.99,96.92,96.94,81
2026-04-14 09:45:00,96.95,96.97,96.76,96.87,201
2026-04-14 09:50:00,96.87,96.92,96.67,96.73,324
2026-04-14 09:55:00,96.72,96.86,96.68,96.83,106
2026-04-14 10:00:00,96.83,96.87,96.79,96.87,69
2026-04-14 10:05:00,96.86,96.91,96.77,96.79,138
2026-04-14 10:10:00,96.8,96.86,96.74,96.77,91
2026-04-14 10:15:00,96.8,96.83,96.7,96.7,64
2026-04-14 10:20:00,96.69,96.81,96.66,96.76,91
2026-04-14 10:25:00,96.76,96.78,96.71,96.71,71
2026-04-14 10:30:00,96.75,96.86,96.75,96.8,104
2026-04-14 10:35:00,96.79,96.79,96.64,96.75,69
2026-04-14 10:40:00,96.77,96.87,96.76,96.77,75
2026-04-14 10:45:00,96.77,96.85,96.75,96.82,83
2026-04-14 10:50:00,96.82,96.89,96.79,96.86,99
2026-04-14 10:55:00,96.87,97.14,96.86,97.11,350
2026-04-14 11:00:00,97.11,97.37,97.03,97.32,494
2026-04-14 11:05:00,97.35,97.45,97.32,97.38,186
2026-04-14 11:10:00,97.35,97.45,97.28,97.45,156
2026-04-14 11:15:00,97.46,97.47,97.27,97.3,161
2026-04-14 11:20:00,97.3,97.36,97.25,97.28,105
2026-04-14 11:25:00,97.28,97.41,97.26,97.35,69
2026-04-14 11:30:00,97.35,97.45,97.21,97.31,325
2026-04-14 11:35:00,97.3,97.37,97.2,97.24,201
2026-04-14 11:40:00,97.26,97.38,97.21,97.27,228
2026-04-14 11:45:00,97.27,97.35,97.15,97.17,281
2026-04-14 11:50:00,97.15,97.43,97.15,97.36,313
2026-04-14 11:55:00,97.37,97.43,97.26,97.27,170
2026-04-14 12:00:00,97.27,97.59,97.27,97.55,272
2026-04-14 12:05:00,97.57,97.62,97.44,97.56,451
2026-04-14 12:10:00,97.56,97.56,97.27,97.43,290
2026-04-14 12:15:00,97.43,97.72,97.43,97.66,440
2026-04-14 12:20:00,97.68,97.74,97.49,97.64,535
2026-04-14 12:25:00,97.63,97.7,97.39,97.39,432
2026-04-14 12:30:00,97.39,97.5,96.83,96.9,1061
2026-04-14 12:35:00,96.9,96.98,95.2,95.51,3063
2026-04-14 12:40:00,95.49,96.21,95.33,95.47,1995
2026-04-14 12:45:00,95.48,96.15,95.29,96.12,1609
2026-04-14 12:50:00,96.13,96.32,95.85,96.24,1066
2026-04-14 12:55:00,96.26,96.4,96.08,96.33,566
2026-04-14 13:00:00,96.36,96.6,96.16,96.55,615
2026-04-14 13:05:00,96.55,96.78,96.38,96.46,600
2026-04-14 13:10:00,96.48,96.61,96.38,96.49,334
2026-04-14 13:15:00,96.45,96.45,96.03,96.11,725
2026-04-14 13:20:00,96.1,96.59,96.1,96.49,524
2026-04-14 13:25:00,96.49,96.55,96.37,96.52,365
2026-04-14 13:30:00,96.54,96.93,96.49,96.57,728
2026-04-14 13:35:00,96.58,96.76,96.52,96.75,385
2026-04-14 13:40:00,96.77,97.04,96.66,96.83,878
2026-04-14 13:45:00,96.84,97.02,96.67,96.8,466
2026-04-14 13:50:00,96.81,97.06,96.71,96.89,357
2026-04-14 13:55:00,96.87,96.89,96.68,96.8,596
2026-04-14 14:00:00,96.79,96.89,96.4,96.54,696
2026-04-14 14:05:00,96.53,96.71,96.43,96.44,473
2026-04-14 14:10:00,96.45,96.68,96.37,96.59,393
2026-04-14 14:15:00,96.61,96.92,96.61,96.76,462
2026-04-14 14:20:00,96.78,96.92,96.47,96.54,293
2026-04-14 14:25:00,96.5,96.66,96.37,96.39,222
2026-04-14 14:30:00,96.37,96.56,96.24,96.45,363
2026-04-14 14:35:00,96.49,97.09,96.49,97.06,647
2026-04-14 14:40:00,97.06,97.14,96.76,97.0,447
2026-04-14 14:45:00,96.98,97.04,96.84,97.03,176
2026-04-14 14:50:00,97.01,97.13,96.85,96.9,298
2026-04-14 14:55:00,96.98,97.15,96.98,97.15,247
2026-04-14 15:00:00,97.14,97.29,96.96,96.98,659
2026-04-14 15:05:00,97.02,97.11,96.95,97.0,149
2026-04-14 15:10:00,97.02,97.11,96.91,97.08,137
2026-04-14 15:15:00,97.07,97.17,97.03,97.08,190
2026-04-14 15:20:00,97.06,97.27,96.99,97.25,480
2026-04-14 15:25:00,97.21,97.3,96.88,96.89,451
2026-04-14 15:30:00,96.85,96.95,96.75,96.79,307
2026-04-14 15:35:00,96.74,96.8,96.4,96.44,543
2026-04-14 15:40:00,96.44,96.58,96.38,96.58,284
2026-04-14 15:45:00,96.57,96.61,96.28,96.33,432
2026-04-14 15:50:00,96.31,96.42,96.16,96.41,495
2026-04-14 15:55:00,96.42,96.8,96.41,96.72,866
2026-04-14 16:00:00,96.69,97.23,96.66,97.18,753
2026-04-14 16:05:00,97.18,97.41,97.05,97.34,743
2026-04-14 16:10:00,97.36,97.46,97.24,97.4,320
2026-04-14 16:15:00,97.4,97.56,97.26,97.34,510
2026-04-14 16:20:00,97.35,97.39,97.08,97.19,493
2026-04-14 16:25:00,97.19,97.35,97.07,97.35,156
2026-04-14 16:30:00,97.32,97.47,97.25,97.34,341
2026-04-14 16:35:00,97.33,97.55,97.32,97.46,329
2026-04-14 16:40:00,97.49,97.72,97.41,97.64,507
2026-04-14 16:45:00,97.62,97.69,97.44,97.49,180
2026-04-14 16:50:00,97.46,97.53,97.38,97.44,254
2026-04-14 16:55:00,97.43,97.64,97.36,97.62,321
2026-04-14 17:00:00,97.64,97.97,97.61,97.93,721
2026-04-14 17:05:00,97.91,97.91,97.43,97.44,520
2026-04-14 17:10:00,97.45,97.46,97.18,97.41,914
2026-04-14 17:15:00,97.42,97.42,97.24,97.33,432
2026-04-14 17:20:00,97.33,97.4,96.97,97.38,743
2026-04-14 17:25:00,97.36,97.54,96.06,97.2,2693
2026-04-14 17:30:00,97.19,97.19,96.54,96.76,1311
2026-04-14 17:35:00,96.78,96.83,96.33,96.53,968
2026-04-14 17:40:00,96.54,96.85,96.37,96.62,796
2026-04-14 17:45:00,96.61,96.67,96.32,96.42,849
2026-04-14 17:50:00,96.43,96.48,96.21,96.31,794
2026-04-14 17:55:00,96.31,96.55,95.75,95.9,1895
2026-04-14 18:00:00,95.9,96.3,95.88,96.01,1135
2026-04-14 18:05:00,96.02,96.11,95.81,95.98,932
2026-04-14 18:10:00,95.99,96.07,95.8,96.05,946
2026-04-14 18:15:00,96.01,96.05,95.66,95.76,2101
2026-04-14 18:20:00,95.75,96.1,95.7,95.84,1779
2026-04-14 18:25:00,95.82,96.04,95.79,95.84,1350
2026-04-14 18:30:00,95.85,96.12,95.63,95.99,3460
2026-04-14 18:35:00,95.99,96.34,95.92,96.16,1757
2026-04-14 18:40:00,96.17,96.31,96.01,96.08,1182
2026-04-14 18:45:00,96.08,96.13,95.33,95.53,2368
2026-04-14 18:50:00,95.52,95.72,95.36,95.47,1684
2026-04-14 18:55:00,95.47,95.71,95.42,95.65,1222
2026-04-14 19:00:00,95.66,95.79,95.53,95.71,1745
2026-04-14 19:05:00,95.68,95.68,94.87,95.36,4391
2026-04-14 19:10:00,95.36,95.48,94.96,95.21,3177
2026-04-14 19:15:00,95.22,95.44,95.07,95.21,1708
2026-04-14 19:20:00,95.19,95.35,94.67,94.7,2836
2026-04-14 19:25:00,94.7,94.88,94.67,94.7,1825
2026-04-14 19:30:00,94.68,94.68,93.46,93.59,6196
2026-04-14 19:35:00,93.6,93.8,92.25,92.37,6341
2026-04-14 19:40:00,92.36,93.09,92.21,92.74,6685
2026-04-14 19:45:00,92.78,93.16,92.72,93.11,2828
2026-04-14 19:50:00,93.12,93.54,93.07,93.45,3113
2026-04-14 19:55:00,93.43,93.76,93.33,93.49,3045
2026-04-14 20:00:00,93.5,93.67,93.32,93.35,1610
2026-04-14 20:05:00,93.36,93.51,92.89,93.49,3031
2026-04-14 20:10:00,93.47,93.68,93.39,93.5,1169
2026-04-14 20:15:00,93.53,93.66,93.15,93.31,1951
2026-04-14 20:20:00,93.32,93.6,93.27,93.48,1381
2026-04-14 20:25:00,93.47,93.66,93.17,93.42,2190
2026-04-14 20:30:00,93.42,93.79,93.39,93.71,1978
2026-04-14 20:35:00,93.69,94.32,93.66,94.07,3299
2026-04-14 20:40:00,94.08,94.15,93.86,94.07,1180
2026-04-14 20:45:00,94.1,94.14,93.51,93.61,2176
2026-04-14 20:50:00,93.63,93.77,93.19,93.5,2681
2026-04-14 20:55:00,93.48,93.89,93.34,93.85,1995
2026-04-14 21:00:00,93.87,93.91,93.35,93.49,2439
2026-04-14 21:05:00,93.49,93.51,92.99,93.06,2865
2026-04-14 21:10:00,93.06,93.19,92.65,92.9,2648
2026-04-14 21:15:00,92.9,92.9,92.67,92.84,2000
2026-04-14 21:20:00,92.85,92.85,92.21,92.31,3176
2026-04-14 21:25:00,92.31,92.64,92.21,92.61,1593
2026-04-14 21:30:00,92.63,92.75,92.34,92.4,1270
2026-04-14 21:35:00,92.38,92.67,92.36,92.55,990
2026-04-14 21:40:00,92.55,92.59,92.09,92.18,1852
2026-04-14 21:45:00,92.17,92.51,92.12,92.34,1110
2026-04-14 21:50:00,92.36,92.51,92.17,92.31,1242
2026-04-14 21:55:00,92.29,92.29,91.92,92.13,1539
2026-04-14 22:00:00,92.14,92.42,92.12,92.42,1635
2026-04-14 22:05:00,92.42,92.63,92.22,92.23,2008
2026-04-14 22:10:00,92.21,92.41,91.97,92.26,2376
2026-04-14 22:15:00,92.27,92.55,92.23,92.43,2012
2026-04-14 22:20:00,92.42,92.76,92.31,92.52,1736
2026-04-14 22:25:00,92.52,92.81,92.45,92.76,1008
2026-04-14 22:30:00,92.77,93.0,92.64,92.67,1705
2026-04-14 22:35:00,92.67,92.71,92.44,92.59,1603
2026-04-14 22:40:00,92.58,92.7,92.45,92.56,1554
2026-04-14 22:45:00,92.58,92.79,92.42,92.51,2260
2026-04-14 22:50:00,92.51,92.75,92.45,92.46,1548
2026-04-14 22:55:00,92.45,92.54,92.41,92.49,974
2026-04-14 23:00:00,92.49,92.58,92.3,92.33,2144
2026-04-14 23:05:00,92.34,92.35,91.78,91.84,3195
2026-04-14 23:10:00,91.82,92.04,91.74,91.83,1988
2026-04-14 23:15:00,91.84,91.95,91.51,91.62,2423
2026-04-14 23:20:00,91.61,92.11,91.5,91.97,2274
2026-04-14 23:25:00,91.97,92.29,91.92,92.06,3127
2026-04-14 23:30:00,92.05,92.16,91.48,91.55,3406
2026-04-14 23:35:00,91.54,91.6,91.21,91.29,3539
2026-04-14 23:40:00,91.3,91.62,91.27,91.61,2451
2026-04-14 23:45:00,91.6,91.84,91.45,91.73,3678
2026-04-14 23:50:00,91.73,91.96,91.11,91.54,6357
2026-04-14 23:55:00,91.51,91.62,91.06,91.31,14981
2026-04-15 00:00:00,91.31,91.63,91.15,91.63,3000
2026-04-15 00:05:00,91.62,91.71,91.45,91.47,1305
2026-04-15 00:10:00,91.47,91.77,91.47,91.73,786
2026-04-15 00:15:00,91.73,91.88,91.67,91.87,627
2026-04-15 00:20:00,91.88,91.88,91.67,91.7,640
2026-04-15 00:25:00,91.72,91.82,91.58,91.77,501
2026-04-15 00:30:00,91.75,91.81,91.57,91.77,871
2026-04-15 00:35:00,91.76,91.8,91.64,91.68,425
2026-04-15 00:40:00,91.68,91.83,91.57,91.69,294
2026-04-15 00:45:00,91.69,91.78,91.63,91.71,359
2026-04-15 00:50:00,91.7,91.76,91.59,91.7,512
2026-04-15 00:55:00,91.68,91.76,91.63,91.68,300
2026-04-15 01:00:00,91.72,91.88,91.62,91.84,305
2026-04-15 01:05:00,91.86,91.93,91.72,91.77,347
2026-04-15 01:10:00,91.78,91.91,91.7,91.89,355
2026-04-15 01:15:00,91.88,92.0,91.86,91.97,594
2026-04-15 01:20:00,91.98,92.18,91.92,92.17,758
2026-04-15 01:25:00,92.14,92.19,91.97,92.02,494
2026-04-15 01:30:00,92.01,92.23,92.0,92.22,540
2026-04-15 01:35:00,92.2,92.23,92.1,92.18,392
2026-04-15 01:40:00,92.18,92.21,92.08,92.09,155
2026-04-15 01:45:00,92.11,92.19,92.06,92.12,210
2026-04-15 01:50:00,92.12,92.14,92.08,92.1,88
2026-04-15 01:55:00,92.11,92.3,92.11,92.28,327
2026-04-15 02:00:00,92.29,92.35,92.2,92.28,488
2026-04-15 02:05:00,92.25,92.26,92.13,92.23,302
2026-04-15 02:10:00,92.23,92.32,91.63,91.76,1986
2026-04-15 02:15:00,91.75,91.9,91.45,91.82,853
2026-04-15 02:20:00,91.82,92.03,91.74,92.03,398
2026-04-15 02:25:00,92.02,92.12,91.97,92.07,246
2026-04-15 03:30:00,92.02,92.38,91.97,92.28,0
2026-04-15 03:35:00,92.28,92.31,91.85,91.97,243
2026-04-15 03:40:00,91.98,92.04,91.73,91.78,198
2026-04-15 03:45:00,91.77,91.81,91.2,91.38,454
2026-04-15 03:50:00,91.43,91.53,91.38,91.44,213
2026-04-15 03:55:00,91.44,91.54,91.26,91.35,178
2026-04-15 04:00:00,91.34,91.53,91.34,91.53,148
2026-04-15 04:05:00,91.55,91.61,91.23,91.28,126
2026-04-15 04:10:00,91.26,91.48,91.19,91.42,233
2026-04-15 04:15:00,91.42,91.75,91.35,91.68,373
2026-04-15 04:20:00,91.68,91.94,91.64,91.81,277
2026-04-15 04:25:00,91.8,91.85,91.7,91.71,78
2026-04-15 04:30:00,91.7,92.01,91.7,91.79,171
2026-04-15 04:35:00,91.77,91.77,91.38,91.49,320
2026-04-15 04:40:00,91.46,91.68,91.43,91.68,159
2026-04-15 04:45:00,91.68,91.69,91.46,91.47,126
2026-04-15 04:50:00,91.49,91.6,91.33,91.39,203
2026-04-15 04:55:00,91.41,91.49,91.31,91.31,144
2026-04-15 05:00:00,91.32,91.35,88.3,88.37,1370
2026-04-15 05:05:00,88.35,89.66,86.96,88.93,2093
2026-04-15 05:10:00,89.04,89.51,88.81,88.89,670
2026-04-15 05:15:00,88.89,90.11,88.28,89.84,1101
2026-04-15 05:20:00,89.78,90.2,89.55,90.05,446
2026-04-15 05:25:00,90.01,90.35,89.75,90.3,382
2026-04-15 05:30:00,90.3,91.19,90.3,90.96,1751
2026-04-15 05:35:00,90.92,90.92,90.46,90.53,374
2026-04-15 05:40:00,90.54,90.87,90.54,90.75,235
2026-04-15 05:45:00,90.74,90.82,90.63,90.72,192
2026-04-15 05:50:00,90.75,90.84,90.36,90.36,333
2026-04-15 05:55:00,90.38,90.51,90.17,90.19,270
2026-04-15 06:00:00,90.21,90.49,90.15,90.36,141
2026-04-15 06:05:00,90.36,90.46,90.26,90.44,63
2026-04-15 06:10:00,90.44,90.57,90.33,90.39,176
2026-04-15 06:15:00,90.41,90.44,90.27,90.29,135
2026-04-15 06:20:00,90.27,90.29,90.18,90.25,136
2026-04-15 06:25:00,90.25,90.36,90.23,90.36,102
2026-04-15 06:30:00,90.34,90.69,90.18,90.49,449
2026-04-15 06:35:00,90.45,90.62,90.08,90.14,363
2026-04-15 06:40:00,90.15,90.37,89.97,90.16,362
2026-04-15 06:45:00,90.16,90.34,90.0,90.11,215
2026-04-15 06:50:00,90.09,90.35,90.06,90.32,169
2026-04-15 06:55:00,90.33,90.33,90.08,90.18,84
2026-04-15 07:00:00,90.17,90.42,90.11,90.38,122
2026-04-15 07:05:00,90.38,90.72,90.34,90.61,263
2026-04-15 07:10:00,90.62,90.76,90.48,90.75,157
2026-04-15 07:15:00,90.75,90.76,90.63,90.67,155
2026-04-15 07:20:00,90.67,90.86,90.61,90.78,235
2026-04-15 07:25:00,90.74,90.78,90.47,90.49,195
2026-04-15 07:30:00,90.5,90.76,90.5,90.63,165
2026-04-15 07:35:00,90.63,90.63,90.44,90.55,147
2026-04-15 07:40:00,90.58,90.82,90.58,90.64,172
2026-04-15 07:45:00,90.67,90.72,90.54,90.54,84
2026-04-15 07:50:00,90.53,90.64,90.52,90.64,176
2026-04-15 07:55:00,90.66,90.82,90.65,90.72,204
2026-04-15 08:00:00,90.75,91.05,90.75,91.01,441
2026-04-15 08:05:00,91.01,91.21,90.93,91.03,346
2026-04-15 08:10:00,91.06,91.19,91.03,91.08,268
2026-04-15 08:15:00,91.09,91.15,91.04,91.08,121
2026-04-15 08:20:00,91.07,91.07,90.93,90.95,287
2026-04-15 08:25:00,90.95,91.31,90.95,91.26,286
2026-04-15 08:30:00,91.25,91.33,91.13,91.3,177
2026-04-15 08:35:00,91.33,91.49,91.29,91.31,318
2026-04-15 08:40:00,91.29,91.43,91.28,91.35,139
2026-04-15 08:45:00,91.36,91.38,91.19,91.2,214
2026-04-15 08:50:00,91.23,91.26,91.13,91.26,108
2026-04-15 08:55:00,91.25,91.37,91.22,91.35,136
2026-04-15 09:00:00,91.35,91.35,91.07,91.15,267
2026-04-15 09:05:00,91.15,91.2,90.9,90.9,308
2026-04-15 09:10:00,90.91,91.04,90.88,90.94,179
2026-04-15 09:15:00,90.94,91.07,90.94,91.06,146
2026-04-15 09:20:00,91.06,91.14,90.98,90.99,133
2026-04-15 09:25:00,91.0,91.03,90.9,90.94,90
2026-04-15 09:30:00,90.95,90.98,90.87,90.97,91
2026-04-15 09:35:00,90.97,91.13,90.93,91.02,160
2026-04-15 09:40:00,91.01,91.01,90.91,90.98,60
2026-04-15 09:45:00,91.0,91.09,91.0,91.05,42
2026-04-15 09:50:00,91.05,91.2,91.01,91.18,82
2026-04-15 09:55:00,91.18,91.22,91.13,91.22,55
2026-04-15 10:00:00,91.22,91.44,91.22,91.37,215
2026-04-15 10:05:00,91.37,91.54,91.3,91.49,235
2026-04-15 10:10:00,91.5,91.59,91.47,91.47,123
2026-04-15 10:15:00,91.47,91.79,91.47,91.7,423
2026-04-15 10:20:00,91.7,91.71,91.6,91.69,168
2026-04-15 10:25:00,91.7,91.82,91.65,91.67,292
2026-04-15 10:30:00,91.66,91.66,91.39,91.46,442
2026-04-15 10:35:00,91.45,91.57,91.42,91.5,120
2026-04-15 10:40:00,91.5,91.56,91.47,91.48,76
2026-04-15 10:45:00,91.48,91.55,91.47,91.53,67
2026-04-15 10:50:00,91.56,91.65,91.56,91.65,73
2026-04-15 10:55:00,91.64,91.7,91.58,91.66,98
2026-04-15 11:00:00,91.64,91.75,91.61,91.67,181
2026-04-15 11:05:00,91.66,91.74,91.47,91.51,173
2026-04-15 11:10:00,91.49,91.68,91.46,91.65,101
2026-04-15 11:15:00,91.68,91.69,91.47,91.52,113
2026-04-15 11:20:00,91.53,91.6,91.49,91.51,137
2026-04-15 11:25:00,91.49,91.49,91.14,91.22,387
2026-04-15 11:30:00,91.23,91.24,91.02,91.05,208
2026-04-15 11:35:00,91.03,91.18,91.01,91.11,157
2026-04-15 11:40:00,91.11,91.11,90.87,90.95,258
2026-04-15 11:45:00,90.94,90.95,90.4,90.59,630
2026-04-15 11:50:00,90.58,90.7,90.54,90.63,333
2026-04-15 11:55:00,90.62,90.66,90.41,90.51,316
2026-04-15 12:00:00,90.52,90.63,90.32,90.57,372
2026-04-15 12:05:00,90.56,90.7,90.55,90.68,193
2026-04-15 12:10:00,90.68,90.71,90.52,90.53,329
2026-04-15 12:15:00,90.52,90.56,90.3,90.36,336
2026-04-15 12:20:00,90.36,90.63,90.3,90.63,230
2026-04-15 12:25:00,90.63,90.93,90.63,90.91,414
2026-04-15 12:30:00,90.92,91.2,90.92,91.06,628
2026-04-15 12:35:00,91.04,91.11,90.9,91.02,334
2026-04-15 12:40:00,91.05,91.12,90.87,90.99,453
2026-04-15 12:45:00,90.99,91.38,90.98,91.17,623
2026-04-15 12:50:00,91.17,91.25,91.06,91.24,417
2026-04-15 12:55:00,91.25,91.48,91.24,91.4,325
2026-04-15 13:00:00,91.41,91.46,91.23,91.35,436
2026-04-15 13:05:00,91.35,91.36,91.06,91.09,456
2026-04-15 13:10:00,91.09,91.11,90.83,90.89,344
2026-04-15 13:15:00,90.89,90.93,90.75,90.81,290
2026-04-15 13:20:00,90.8,90.82,90.6,90.76,488
2026-04-15 13:25:00,90.73,90.91,90.7,90.75,316
2026-04-15 13:30:00,90.76,90.88,90.39,90.43,818
2026-04-15 13:35:00,90.43,90.76,90.39,90.75,801
2026-04-15 13:40:00,90.75,90.95,90.69,90.84,312
2026-04-15 13:45:00,90.82,91.04,90.72,91.03,269
2026-04-15 13:50:00,91.07,91.23,91.02,91.1,512
2026-04-15 13:55:00,91.08,91.1,90.96,91.08,449
2026-04-15 14:00:00,91.06,91.28,91.04,91.21,492
2026-04-15 14:05:00,91.2,91.7,91.16,91.67,745
2026-04-15 14:10:00,91.68,91.74,91.44,91.6,500
2026-04-15 14:15:00,91.61,91.71,91.36,91.36,371
2026-04-15 14:20:00,91.37,91.44,91.26,91.29,233
2026-04-15 14:25:00,91.29,91.44,91.23,91.33,375
2026-04-15 14:30:00,91.33,91.71,91.29,91.55,773
2026-04-15 14:35:00,91.6,91.89,91.59,91.86,621
2026-04-15 14:40:00,91.88,92.5,91.88,92.45,1761
2026-04-15 14:45:00,92.42,92.5,92.3,92.34,911
2026-04-15 14:50:00,92.39,92.42,92.08,92.32,1233
2026-04-15 14:55:00,92.3,92.67,92.25,92.6,1070
2026-04-15 15:00:00,92.58,92.65,92.39,92.49,431
2026-04-15 15:05:00,92.47,92.72,92.42,92.68,379
2026-04-15 15:10:00,92.68,92.68,92.52,92.6,319
2026-04-15 15:15:00,92.6,92.71,92.47,92.59,364
2026-04-15 15:20:00,92.58,92.64,92.3,92.34,602
2026-04-15 15:25:00,92.3,92.49,92.24,92.25,408
2026-04-15 15:30:00,92.25,92.42,92.25,92.37,215
2026-04-15 15:35:00,92.36,92.37,91.7,92.03,1495
2026-04-15 15:40:00,92.02,92.22,91.95,92.2,507
2026-04-15 15:45:00,92.2,92.82,92.19,92.6,2016
2026-04-15 15:50:00,92.6,92.76,92.45,92.74,602
2026-04-15 15:55:00,92.75,93.13,92.67,92.98,1083
2026-04-15 16:00:00,92.96,93.11,92.91,92.92,477
2026-04-15 16:05:00,92.92,93.21,92.89,93.16,567
2026-04-15 16:10:00,93.16,93.3,92.6,92.67,2379
2026-04-15 16:15:00,92.68,92.93,92.38,92.88,753
2026-04-15 16:20:00,92.87,92.98,92.59,92.8,506
2026-04-15 16:25:00,92.81,92.98,92.69,92.74,644
2026-04-15 16:30:00,92.72,92.81,92.55,92.67,613
2026-04-15 16:35:00,92.68,92.95,92.68,92.75,501
2026-04-15 16:40:00,92.74,92.75,92.5,92.58,532
2026-04-15 16:45:00,92.53,92.65,92.41,92.58,606
2026-04-15 16:50:00,92.59,92.64,92.35,92.38,538
2026-04-15 16:55:00,92.38,92.46,92.15,92.44,739
2026-04-15 17:00:00,92.44,92.55,92.03,92.38,1626
2026-04-15 17:05:00,92.37,92.41,92.05,92.09,462
2026-04-15 17:10:00,92.1,92.33,92.1,92.14,349
2026-04-15 17:15:00,92.16,92.2,91.16,91.61,2232
2026-04-15 17:20:00,91.63,91.64,91.27,91.45,1194
2026-04-15 17:25:00,91.44,91.79,91.38,91.69,1040
2026-04-15 17:30:00,91.68,92.06,91.67,92.04,1517
2026-04-15 17:35:00,92.05,92.46,92.0,92.16,1505
2026-04-15 17:40:00,92.16,92.4,92.12,92.25,890
2026-04-15 17:45:00,92.24,92.48,92.23,92.3,744
2026-04-15 17:50:00,92.31,92.4,91.87,91.92,995
2026-04-15 17:55:00,91.92,91.92,91.73,91.76,735
2026-04-15 18:00:00,91.75,91.96,91.53,91.65,1016
2026-04-15 18:05:00,91.66,91.68,91.38,91.46,1223
2026-04-15 18:10:00,91.47,91.56,91.21,91.25,809
2026-04-15 18:15:00,91.24,91.73,91.23,91.68,1042
2026-04-15 18:20:00,91.66,92.11,91.6,91.88,3081
2026-04-15 18:25:00,91.86,91.97,91.68,91.97,948
2026-04-15 18:30:00,91.97,92.23,91.83,92.07,1379
2026-04-15 18:35:00,92.08,92.11,91.35,91.4,1937
2026-04-15 18:40:00,91.37,91.47,91.0,91.41,2194
2026-04-15 18:45:00,91.43,91.44,91.13,91.31,1343
2026-04-15 18:50:00,91.33,91.35,91.06,91.25,1103
2026-04-15 18:55:00,91.24,91.24,90.73,90.96,1629
2026-04-15 19:00:00,90.94,91.35,90.71,91.29,2062
2026-04-15 19:05:00,91.29,91.29,90.4,90.57,2944
2026-04-15 19:10:00,90.57,91.3,90.57,91.2,2349
2026-04-15 19:15:00,91.21,91.22,90.96,91.02,1947
2026-04-15 19:20:00,91.05,91.41,90.96,91.38,1100
2026-04-15 19:25:00,91.39,91.55,91.04,91.05,1929
2026-04-15 19:30:00,91.07,91.27,90.81,90.9,1770
2026-04-15 19:35:00,90.88,91.12,90.88,90.99,804
2026-04-15 19:40:00,91.0,91.31,91.0,91.04,1085
2026-04-15 19:45:00,91.02,91.28,90.79,91.26,1711
2026-04-15 19:50:00,91.25,91.34,90.56,90.9,2219
2026-04-15 19:55:00,90.9,90.94,90.6,90.75,2403
2026-04-15 20:00:00,90.7,91.59,90.7,91.5,3454
2026-04-15 20:05:00,91.49,92.11,91.42,92.01,2207
2026-04-15 20:10:00,92.02,92.11,91.76,91.85,2324
2026-04-15 20:15:00,91.85,92.16,91.68,92.02,2507
2026-04-15 20:20:00,92.02,92.35,91.96,92.2,1893
2026-04-15 20:25:00,92.22,92.46,92.05,92.35,1864
2026-04-15 20:30:00,92.34,92.5,92.15,92.46,2120
2026-04-15 20:35:00,92.45,92.78,92.43,92.75,1810
2026-04-15 20:40:00,92.76,92.79,92.28,92.49,2883
2026-04-15 20:45:00,92.48,92.73,92.25,92.34,1819
2026-04-15 20:50:00,92.34,92.74,92.26,92.73,1480
2026-04-15 20:55:00,92.73,92.75,92.48,92.66,1846
2026-04-15 21:00:00,92.68,92.92,92.56,92.87,1997
2026-04-15 21:05:00,92.9,92.92,92.45,92.63,1749
2026-04-15 21:10:00,92.61,92.64,92.11,92.41,2427
2026-04-15 21:15:00,92.42,92.43,92.12,92.24,1387
2026-04-15 21:20:00,92.23,92.26,92.02,92.21,2277
2026-04-15 21:25:00,92.19,92.55,92.16,92.33,1748
2026-04-15 21:30:00,92.33,92.54,92.2,92.25,1031
2026-04-15 21:35:00,92.25,92.32,92.0,92.11,1416
2026-04-15 21:40:00,92.12,92.32,92.02,92.08,800
2026-04-15 21:45:00,92.09,92.15,91.92,91.96,928
2026-04-15 21:50:00,91.94,92.29,91.88,92.08,1043
2026-04-15 21:55:00,92.08,92.13,91.72,91.78,1515
2026-04-15 22:00:00,91.77,91.8,91.52,91.61,2164
2026-04-15 22:05:00,91.6,91.74,91.42,91.7,1782
2026-04-15 22:10:00,91.69,91.85,91.66,91.83,1025
2026-04-15 22:15:00,91.83,91.92,91.64,91.81,796
2026-04-15 22:20:00,91.76,91.91,91.67,91.77,891
2026-04-15 22:25:00,91.76,91.85,91.66,91.76,928
2026-04-15 22:30:00,91.76,91.87,91.68,91.74,1131
2026-04-15 22:35:00,91.75,91.77,91.55,91.59,924
2026-04-15 22:40:00,91.59,91.99,91.55,91.93,1652
2026-04-15 22:45:00,91.9,91.91,91.6,91.74,963
2026-04-15 22:50:00,91.74,91.76,91.57,91.59,992
2026-04-15 22:55:00,91.6,91.76,91.58,91.62,810
2026-04-15 23:00:00,91.63,91.86,91.63,91.76,1088
2026-04-15 23:05:00,91.77,91.96,91.75,91.92,670
2026-04-15 23:10:00,91.93,92.45,91.92,92.15,3197
2026-04-15 23:15:00,92.14,92.22,91.97,92.1,1782
2026-04-15 23:20:00,92.1,92.27,92.0,92.23,1328
2026-04-15 23:25:00,92.24,92.59,92.22,92.51,1908
2026-04-15 23:30:00,92.5,92.8,91.58,91.9,4717
2026-04-15 23:35:00,91.91,91.93,91.45,91.87,2506
2026-04-15 23:40:00,91.86,91.93,91.26,91.39,1701
2026-04-15 23:45:00,91.36,91.63,91.12,91.59,1803
2026-04-15 23:50:00,91.59,91.72,91.37,91.42,1033
2026-04-15 23:55:00,91.41,91.56,91.2,91.3,6925
2026-04-16 00:00:00,91.3,91.41,91.17,91.28,2137
2026-04-16 00:05:00,91.27,91.28,91.12,91.15,517
2026-04-16 00:10:00,91.15,91.31,91.12,91.21,514
2026-04-16 00:15:00,91.21,91.24,91.03,91.05,391
2026-04-16 00:20:00,91.05,91.29,91.0,91.22,596
2026-04-16 00:25:00,91.21,91.24,91.1,91.16,281
2026-04-16 00:30:00,91.11,91.13,91.0,91.02,316
2026-04-16 00:35:00,91.01,91.03,90.76,90.82,674
2026-04-16 00:40:00,90.81,91.11,90.76,91.04,801
2026-04-16 00:45:00,91.04,91.09,90.87,90.88,330
2026-04-16 00:50:00,90.88,90.91,90.71,90.88,609
2026-04-16 00:55:00,90.88,90.89,90.8,90.89,143
2026-04-16 01:00:00,90.91,91.07,90.91,90.97,332
2026-04-16 01:05:00,90.99,91.07,90.95,91.02,213
2026-04-16 01:10:00,91.01,91.11,90.99,91.04,275
2026-04-16 01:15:00,91.05,91.06,90.97,91.0,283
2026-04-16 01:20:00,90.98,91.04,90.92,90.99,270
2026-04-16 01:25:00,90.97,91.07,90.89,90.99,536
2026-04-16 01:30:00,90.99,91.21,90.98,91.16,330
2026-04-16 01:35:00,91.16,91.21,91.1,91.1,161
2026-04-16 01:40:00,91.11,91.25,91.11,91.2,79
2026-04-16 01:45:00,91.19,91.25,91.17,91.2,269
2026-04-16 01:50:00,91.2,91.2,91.11,91.13,151
2026-04-16 01:55:00,91.12,91.24,91.12,91.2,162
2026-04-16 02:00:00,91.19,91.29,91.19,91.29,251
2026-04-16 02:05:00,91.3,91.37,91.25,91.37,127
2026-04-16 02:10:00,91.37,91.41,91.36,91.37,168
2026-04-16 02:15:00,91.33,91.4,91.28,91.4,247
2026-04-16 02:20:00,91.42,91.46,91.39,91.46,216
2026-04-16 02:25:00,91.45,91.47,91.38,91.39,371
2026-04-16 03:30:00,91.47,91.5,91.22,91.33,0
2026-04-16 03:35:00,91.29,91.31,90.98,91.04,125
2026-04-16 03:40:00,91.04,91.04,90.85,90.97,128
2026-04-16 03:45:00,90.97,91.1,90.93,91.1,255
2026-04-16 03:50:00,91.08,91.08,91.0,91.04,53
2026-04-16 03:55:00,91.03,91.13,91.03,91.06,485
2026-04-16 04:00:00,91.09,91.1,91.02,91.02,260
2026-04-16 04:05:00,91.01,91.02,90.91,90.91,80
2026-04-16 04:10:00,90.91,90.99,90.89,90.99,88
2026-04-16 04:15:00,90.99,91.02,90.99,91.02,11
2026-04-16 04:20:00,90.97,90.97,90.81,90.84,71
2026-04-16 04:25:00,90.86,91.02,90.86,91.0,68
2026-04-16 04:30:00,91.03,91.03,90.81,90.83,50
2026-04-16 04:35:00,90.83,90.84,90.67,90.73,199
2026-04-16 04:40:00,90.74,90.8,90.71,90.8,71
2026-04-16 04:45:00,90.77,90.78,90.69,90.77,52
2026-04-16 04:50:00,90.79,90.89,90.77,90.8,49
2026-04-16 04:55:00,90.81,90.9,90.81,90.85,42
2026-04-16 05:00:00,90.85,90.93,90.84,90.92,44
2026-04-16 05:05:00,90.94,91.0,90.9,90.92,48
2026-04-16 05:10:00,90.93,90.93,90.85,90.88,44
2026-04-16 05:15:00,90.9,90.92,90.84,90.85,28
2026-04-16 05:20:00,90.86,91.0,90.85,90.96,61
2026-04-16 05:25:00,90.97,91.0,90.89,90.96,29
2026-04-16 05:30:00,90.92,91.0,90.73,90.81,246
2026-04-16 05:35:00,90.8,90.89,90.66,90.79,145
2026-04-16 05:40:00,90.77,90.84,90.68,90.82,98
2026-04-16 05:45:00,90.82,90.82,90.57,90.6,257
2026-04-16 05:50:00,90.61,90.64,90.52,90.64,136
2026-04-16 05:55:00,90.63,90.67,90.55,90.59,69
2026-04-16 06:00:00,90.59,90.74,90.59,90.7,92
2026-04-16 06:05:00,90.73,90.82,90.66,90.69,130
2026-04-16 06:10:00,90.7,90.9,90.7,90.79,441
2026-04-16 06:15:00,90.79,90.92,90.78,90.9,97
2026-04-16 06:20:00,90.88,91.03,90.86,90.99,159
2026-04-16 06:25:00,90.98,91.05,90.96,90.96,193
2026-04-16 06:30:00,91.0,91.13,90.92,91.1,212
2026-04-16 06:35:00,91.1,91.1,90.9,90.99,59
2026-04-16 06:40:00,90.98,91.0,90.86,91.0,113
2026-04-16 06:45:00,90.95,91.01,90.88,90.97,65
2026-04-16 06:50:00,90.96,91.05,90.91,91.0,52
2026-04-16 06:55:00,90.98,91.17,90.98,91.15,195
2026-04-16 07:00:00,91.13,91.24,91.1,91.19,64
2026-04-16 07:05:00,91.19,91.39,91.19,91.38,155
2026-04-16 07:10:00,91.37,91.41,91.24,91.33,101
2026-04-16 07:15:00,91.36,91.39,91.3,91.31,79
2026-04-16 07:20:00,91.26,91.39,91.24,91.38,86
2026-04-16 07:25:00,91.39,91.5,91.39,91.44,232
2026-04-16 07:30:00,91.43,91.59,91.41,91.51,248
2026-04-16 07:35:00,91.54,91.66,91.46,91.62,186
2026-04-16 07:40:00,91.59,91.66,91.53,91.6,92
2026-04-16 07:45:00,91.61,91.65,91.54,91.65,78
2026-04-16 07:50:00,91.67,91.74,91.63,91.74,90
2026-04-16 07:55:00,91.74,91.76,91.69,91.69,101
2026-04-16 08:00:00,91.7,91.7,91.6,91.6,138
2026-04-16 08:05:00,91.61,91.71,91.57,91.69,113
2026-04-16 08:10:00,91.65,91.66,91.56,91.56,87
2026-04-16 08:15:00,91.55,91.55,91.48,91.53,94
2026-04-16 08:20:00,91.52,91.52,91.37,91.39,135
2026-04-16 08:25:00,91.38,91.48,91.37,91.48,50
2026-04-16 08:30:00,91.46,91.5,91.34,91.36,68
2026-04-16 08:35:00,91.35,91.37,91.27,91.32,102
2026-04-16 08:40:00,91.3,91.3,91.2,91.26,79
2026-04-16 08:45:00,91.23,91.39,91.23,91.37,250
2026-04-16 08:50:00,91.38,91.42,91.3,91.37,112
2026-04-16 08:55:00,91.36,91.54,91.36,91.53,144
2026-04-16 09:00:00,91.55,91.61,91.52,91.59,100
2026-04-16 09:05:00,91.59,91.71,91.54,91.64,154
2026-04-16 09:10:00,91.63,91.7,91.6,91.63,106
2026-04-16 09:15:00,91.61,91.66,91.52,91.53,105
2026-04-16 09:20:00,91.53,91.74,91.53,91.68,249
2026-04-16 09:25:00,91.67,91.73,91.63,91.73,105
2026-04-16 09:30:00,91.67,91.76,91.66,91.73,244
2026-04-16 09:35:00,91.74,91.86,91.72,91.85,136
2026-04-16 09:40:00,91.86,91.87,91.74,91.74,167
2026-04-16 09:45:00,91.74,91.75,91.69,91.73,62
2026-04-16 09:50:00,91.72,91.75,91.7,91.74,54
2026-04-16 09:55:00,91.71,91.74,91.67,91.68,62
2026-04-16 10:00:00,91.71,91.72,91.67,91.71,31
2026-04-16 10:05:00,91.73,91.76,91.71,91.76,42
2026-04-16 10:10:00,91.79,91.83,91.77,91.82,80
2026-04-16 10:15:00,91.81,91.85,91.8,91.82,256
2026-04-16 10:20:00,91.82,91.82,91.77,91.77,94
2026-04-16 10:25:00,91.77,91.79,91.73,91.77,102
2026-04-16 10:30:00,91.75,91.83,91.64,91.64,195
2026-04-16 10:35:00,91.65,91.7,91.6,91.64,168
2026-04-16 10:40:00,91.64,91.7,91.64,91.7,78
2026-04-16 10:45:00,91.69,91.73,91.65,91.71,82
2026-04-16 10:50:00,91.69,91.74,91.67,91.74,106
2026-04-16 10:55:00,91.75,91.76,91.56,91.62,259
2026-04-16 11:00:00,91.64,91.69,91.55,91.69,223
2026-04-16 11:05:00,91.67,91.8,91.59,91.77,554
2026-04-16 11:10:00,91.78,91.89,91.71,91.85,256
2026-04-16 11:15:00,91.82,91.85,91.69,91.69,74
2026-04-16 11:20:00,91.68,91.68,91.48,91.48,163
2026-04-16 11:25:00,91.48,91.58,91.48,91.56,101
2026-04-16 11:30:00,91.56,91.59,91.35,91.43,182
2026-04-16 11:35:00,91.43,91.47,91.32,91.33,143
2026-04-16 11:40:00,91.35,91.5,91.31,91.49,103
2026-04-16 11:45:00,91.47,91.54,91.45,91.49,127
2026-04-16 11:50:00,91.51,91.65,91.51,91.57,152
2026-04-16 11:55:00,91.53,91.63,91.53,91.61,91
2026-04-16 12:00:00,91.61,91.66,91.53,91.55,186
2026-04-16 12:05:00,91.53,91.6,91.46,91.53,197
2026-04-16 12:10:00,91.53,91.59,91.47,91.57,137
2026-04-16 12:15:00,91.56,91.63,91.45,91.49,159
2026-04-16 12:20:00,91.49,91.68,91.47,91.59,218
2026-04-16 12:25:00,91.58,91.63,91.53,91.58,147
2026-04-16 12:30:00,91.59,92.0,91.54,91.88,657
2026-04-16 12:35:00,91.91,92.12,91.91,92.1,528
2026-04-16 12:40:00,92.07,92.09,91.87,91.96,275
2026-04-16 12:45:00,91.95,92.15,91.88,91.93,533
2026-04-16 12:50:00,91.93,92.04,91.84,91.9,985
2026-04-16 12:55:00,91.88,91.91,91.75,91.84,239
2026-04-16 13:00:00,91.82,91.86,88.46,88.58,3042
2026-04-16 13:05:00,88.59,88.74,88.59,88.64,508
2026-04-16 13:10:00,88.65,88.72,88.59,88.71,324
2026-04-16 13:15:00,88.72,88.81,88.67,88.73,322
2026-04-16 13:20:00,88.73,89.06,88.71,89.03,1077
2026-04-16 13:25:00,89.01,89.38,88.99,89.34,1278
2026-04-16 13:30:00,89.37,89.47,89.24,89.4,905
2026-04-16 13:35:00,89.42,89.54,89.39,89.41,686
2026-04-16 13:40:00,89.42,89.43,89.26,89.32,627
2026-04-16 13:45:00,89.32,89.37,89.13,89.23,502
2026-04-16 13:50:00,89.25,89.53,89.19,89.53,637
2026-04-16 13:55:00,89.54,89.63,89.41,89.56,872
2026-04-16 14:00:00,89.56,89.81,89.47,89.8,699
2026-04-16 14:05:00,89.8,89.82,89.63,89.64,697
2026-04-16 14:10:00,89.62,89.69,89.45,89.55,448
2026-04-16 14:15:00,89.54,89.54,89.33,89.35,439
2026-04-16 14:20:00,89.34,89.41,89.24,89.33,369
2026-04-16 14:25:00,89.36,89.38,89.19,89.25,395
2026-04-16 14:30:00,89.23,89.27,89.14,89.17,339
2026-04-16 14:35:00,89.17,89.24,89.16,89.18,264
2026-04-16 14:40:00,89.18,89.28,89.12,89.15,281
2026-04-16 14:45:00,89.15,89.19,89.03,89.15,381
2026-04-16 14:50:00,89.13,89.32,89.1,89.31,480
2026-04-16 14:55:00,89.28,89.34,89.15,89.19,299
2026-04-16 15:00:00,89.18,89.21,89.06,89.14,301
2026-04-16 15:05:00,89.14,89.3,89.14,89.24,217
2026-04-16 15:10:00,89.26,89.31,89.16,89.29,450
2026-04-16 15:15:00,89.3,89.52,89.3,89.49,511
2026-04-16 15:20:00,89.5,89.62,89.43,89.61,568
2026-04-16 15:25:00,89.59,89.59,89.44,89.47,424
2026-04-16 15:30:00,89.44,89.48,89.35,89.39,263
2026-04-16 15:35:00,89.4,89.46,89.29,89.3,432
2026-04-16 15:40:00,89.31,89.35,89.2,89.21,262
2026-04-16 15:45:00,89.22,89.36,89.18,89.35,328
2026-04-16 15:50:00,89.35,89.4,89.25,89.4,229
2026-04-16 15:55:00,89.41,89.47,89.35,89.35,468
2026-04-16 16:00:00,89.36,89.45,89.3,89.35,306
2026-04-16 16:05:00,89.35,89.4,89.25,89.31,304
2026-04-16 16:10:00,89.28,89.35,89.25,89.35,275
2026-04-16 16:15:00,89.35,89.36,89.21,89.23,318
2026-04-16 16:20:00,89.25,89.3,89.1,89.1,351
2026-04-16 16:25:00,89.1,89.15,88.78,88.79,682
2026-04-16 16:30:00,88.78,88.78,88.48,88.53,2481
2026-04-16 16:35:00,88.52,88.73,88.49,88.61,1132
2026-04-16 16:40:00,88.6,88.62,88.43,88.54,751
2026-04-16 16:45:00,88.56,88.69,88.42,88.58,646
2026-04-16 16:50:00,88.62,88.8,88.58,88.75,779
2026-04-16 16:55:00,88.75,88.81,88.6,88.66,352
2026-04-16 17:00:00,88.67,88.74,88.63,88.64,322
2026-04-16 17:05:00,88.63,88.7,88.6,88.68,766
2026-04-16 17:10:00,88.7,88.74,88.52,88.54,630
2026-04-16 17:15:00,88.54,88.54,88.31,88.48,1092
2026-04-16 17:20:00,88.46,88.55,88.26,88.53,708
2026-04-16 17:25:00,88.54,88.61,88.49,88.6,269
2026-04-16 17:30:00,88.58,88.73,88.42,88.5,489
2026-04-16 17:35:00,88.48,88.61,88.16,88.43,1083
2026-04-16 17:40:00,88.45,88.6,88.44,88.51,331
2026-04-16 17:45:00,88.5,88.57,88.42,88.54,263
2026-04-16 17:50:00,88.53,88.69,88.52,88.65,334
2026-04-16 17:55:00,88.64,88.7,88.59,88.66,538
2026-04-16 18:00:00,88.68,88.87,88.63,88.64,987
2026-04-16 18:05:00,88.63,88.95,88.63,88.91,1565
2026-04-16 18:10:00,88.9,89.15,88.89,89.12,753
2026-04-16 18:15:00,89.1,89.2,89.04,89.18,710
2026-04-16 18:20:00,89.18,89.29,89.03,89.25,971
2026-04-16 18:25:00,89.26,89.32,89.18,89.28,969
2026-04-16 18:30:00,89.27,89.35,89.13,89.2,2640
2026-04-16 18:35:00,89.21,89.36,89.06,89.34,3307
2026-04-16 18:40:00,89.36,89.5,89.32,89.34,1897
2026-04-16 18:45:00,89.35,89.35,89.09,89.16,1443
2026-04-16 18:50:00,89.16,89.17,88.94,88.98,1160
2026-04-16 18:55:00,88.96,88.97,88.79,88.86,1264
2026-04-16 19:00:00,88.86,89.16,88.85,89.08,1560
2026-04-16 19:05:00,89.09,89.5,89.09,89.47,3105
2026-04-16 19:10:00,89.46,89.76,89.44,89.58,3280
2026-04-16 19:15:00,89.6,89.79,89.54,89.76,2050
2026-04-16 19:20:00,89.77,90.37,89.76,90.34,3820
2026-04-16 19:25:00,90.34,90.41,90.14,90.15,2793
2026-04-16 19:30:00,90.16,90.25,90.01,90.17,2537
2026-04-16 19:35:00,90.17,90.33,89.91,90.12,1604
2026-04-16 19:40:00,90.12,90.17,89.94,90.15,1061
2026-04-16 19:45:00,90.14,90.38,90.1,90.25,1888
2026-04-16 19:50:00,90.23,90.65,90.18,90.5,2266
2026-04-16 19:55:00,90.51,90.58,90.28,90.31,1910
2026-04-16 20:00:00,90.3,90.65,90.26,90.46,2274
2026-04-16 20:05:00,90.46,90.68,90.41,90.54,2557
2026-04-16 20:10:00,90.53,90.53,90.12,90.23,2587
2026-04-16 20:15:00,90.23,90.33,90.05,90.31,1874
2026-04-16 20:20:00,90.31,90.34,90.17,90.3,2094
2026-04-16 20:25:00,90.3,90.54,90.29,90.35,1665
2026-04-16 20:30:00,90.34,90.35,89.93,90.05,3706
2026-04-16 20:35:00,90.02,90.3,89.91,89.94,1834
2026-04-16 20:40:00,89.93,90.1,89.76,90.01,2321
2026-04-16 20:45:00,90.02,90.28,89.76,90.21,1766
2026-04-16 20:50:00,90.22,90.4,90.08,90.38,1973
2026-04-16 20:55:00,90.38,90.71,90.26,90.68,2882
2026-04-16 21:00:00,90.69,90.89,90.51,90.8,3027
2026-04-16 21:05:00,90.8,90.9,90.03,90.13,5191
2026-04-16 21:10:00,90.14,90.79,90.12,90.56,3391
2026-04-16 21:15:00,90.55,90.7,90.42,90.55,2012
2026-04-16 21:20:00,90.57,90.57,90.34,90.45,1214
2026-04-16 21:25:00,90.45,90.49,90.23,90.3,959
2026-04-16 21:30:00,90.3,90.56,90.29,90.46,1164
2026-04-16 21:35:00,90.45,90.59,90.4,90.57,996
2026-04-16 21:40:00,90.57,90.58,90.38,90.56,773
2026-04-16 21:45:00,90.56,90.59,90.32,90.36,1203
2026-04-16 21:50:00,90.36,90.58,90.34,90.46,1289
2026-04-16 21:55:00,90.46,90.51,90.3,90.33,1267
2026-04-16 22:00:00,90.32,90.97,90.28,90.82,2874
2026-04-16 22:05:00,90.84,90.93,90.61,90.73,1979
2026-04-16 22:10:00,90.74,91.21,90.69,91.12,2533
2026-04-16 22:15:00,91.11,91.22,91.06,91.19,2008
2026-04-16 22:20:00,91.19,91.26,91.05,91.2,1986
2026-04-16 22:25:00,91.2,91.29,91.17,91.21,1014
2026-04-16 22:30:00,91.2,91.23,91.09,91.23,1846
2026-04-16 22:35:00,91.23,91.39,91.2,91.28,1933
2026-04-16 22:40:00,91.3,91.57,91.23,91.55,2196
2026-04-16 22:45:00,91.55,91.58,91.41,91.56,2124
2026-04-16 22:50:00,91.55,91.55,91.27,91.35,1870
2026-04-16 22:55:00,91.34,91.48,91.27,91.42,1777
2026-04-16 23:00:00,91.41,91.64,91.37,91.62,1461
2026-04-16 23:05:00,91.65,91.78,91.6,91.75,1810
2026-04-16 23:10:00,91.75,91.76,91.43,91.56,2075
2026-04-16 23:15:00,91.57,91.68,91.49,91.54,1027
2026-04-16 23:20:00,91.55,91.78,91.55,91.71,980
2026-04-16 23:25:00,91.72,91.82,91.48,91.57,2186
2026-04-16 23:30:00,91.57,91.61,91.04,91.44,3121
2026-04-16 23:35:00,91.44,91.44,91.13,91.25,1448
2026-04-16 23:40:00,91.25,91.29,91.07,91.08,1039
2026-04-16 23:45:00,91.07,91.14,90.95,91.05,2438
2026-04-16 23:50:00,91.04,91.34,90.98,91.33,4600
2026-04-16 23:55:00,91.31,91.34,91.11,91.17,8446
2026-04-17 00:00:00,91.18,91.37,91.07,91.07,1952
2026-04-17 00:05:00,91.06,91.13,90.95,90.99,1227
2026-04-17 00:10:00,90.98,91.03,90.9,90.96,909
2026-04-17 00:15:00,90.97,90.98,90.71,90.75,1274
2026-04-17 00:20:00,90.76,90.78,90.53,90.59,2025
2026-04-17 00:25:00,90.59,90.6,90.43,90.47,650
2026-04-17 00:30:00,90.47,90.48,90.3,90.48,985
2026-04-17 00:35:00,90.49,90.58,90.41,90.41,654
2026-04-17 00:40:00,90.41,90.67,90.37,90.66,556
2026-04-17 00:45:00,90.65,90.65,90.47,90.54,356
2026-04-17 00:50:00,90.54,90.6,90.35,90.39,417
2026-04-17 00:55:00,90.4,90.41,90.13,90.24,744
2026-04-17 01:00:00,90.23,90.23,89.99,90.14,657
2026-04-17 01:05:00,90.14,90.17,90.01,90.07,767
2026-04-17 01:10:00,90.05,90.08,89.95,89.97,482
2026-04-17 01:15:00,89.98,90.07,89.88,89.93,260
2026-04-17 01:20:00,89.9,90.11,89.88,90.08,323
2026-04-17 01:25:00,90.07,90.13,89.94,90.1,315
2026-04-17 01:30:00,90.12,90.14,90.02,90.07,291
2026-04-17 01:35:00,90.08,90.16,90.03,90.05,156
2026-04-17 01:40:00,90.05,90.1,90.02,90.09,104
2026-04-17 01:45:00,90.1,90.11,89.97,89.97,313
2026-04-17 01:50:00,89.97,90.05,89.95,90.01,143
2026-04-17 01:55:00,90.01,90.09,89.99,90.08,389
2026-04-17 02:00:00,90.05,90.07,89.98,90.05,392
2026-04-17 02:05:00,90.03,90.05,89.93,89.98,256
2026-04-17 02:10:00,89.94,89.97,89.84,89.84,192
2026-04-17 02:15:00,89.87,89.9,89.81,89.89,304
2026-04-17 02:20:00,89.89,89.92,89.77,89.78,435
2026-04-17 02:25:00,89.78,89.82,89.62,89.65,454
2026-04-17 03:30:00,89.72,90.08,89.72,89.84,0
2026-04-17 03:35:00,89.81,89.86,89.67,89.85,210
2026-04-17 03:40:00,89.83,89.84,89.57,89.77,238
2026-04-17 03:45:00,89.79,90.09,89.74,89.91,380
2026-04-17 03:50:00,89.89,89.97,89.84,89.84,115
2026-04-17 03:55:00,89.84,89.93,89.77,89.93,141
2026-04-17 04:00:00,89.93,89.96,89.86,89.96,137
2026-04-17 04:05:00,89.92,89.93,89.78,89.78,113
2026-04-17 04:10:00,89.78,89.83,89.74,89.83,85
2026-04-17 04:15:00,89.82,89.84,89.68,89.72,197
2026-04-17 04:20:00,89.7,89.72,89.6,89.6,143
2026-04-17 04:25:00,89.6,89.63,89.58,89.59,80
2026-04-17 04:30:00,89.61,89.83,89.6,89.83,216
2026-04-17 04:35:00,89.82,89.88,89.8,89.81,98
2026-04-17 04:40:00,89.82,89.91,89.82,89.88,116
2026-04-17 04:45:00,89.87,89.9,89.8,89.84,99
2026-04-17 04:50:00,89.8,89.88,89.78,89.85,116
2026-04-17 04:55:00,89.86,90.06,89.84,90.0,285
2026-04-17 05:00:00,90.03,90.08,89.94,90.02,106
2026-04-17 05:05:00,90.01,90.03,89.93,89.97,73
2026-04-17 05:10:00,89.99,90.12,89.99,90.11,175
2026-04-17 05:15:00,90.1,90.21,90.1,90.18,235
2026-04-17 05:20:00,90.16,90.21,90.06,90.13,188
2026-04-17 05:25:00,90.14,90.14,90.01,90.03,149
2026-04-17 05:30:00,90.02,90.05,89.78,89.78,662
2026-04-17 05:35:00,89.79,89.79,89.6,89.7,412
2026-04-17 05:40:00,89.68,89.93,89.66,89.92,317
2026-04-17 05:45:00,89.9,90.09,89.7,89.7,377
2026-04-17 05:50:00,89.74,89.91,89.7,89.89,259
2026-04-17 05:55:00,89.92,89.93,89.72,89.77,138
2026-04-17 06:00:00,89.79,89.79,89.67,89.74,236
2026-04-17 06:05:00,89.75,89.86,89.67,89.83,139
2026-04-17 06:10:00,89.84,89.88,89.77,89.82,100
2026-04-17 06:15:00,89.81,89.9,89.81,89.88,36
2026-04-17 06:20:00,89.88,90.03,89.85,90.03,191
2026-04-17 06:25:00,90.0,90.14,90.0,90.12,261
2026-04-17 06:30:00,90.1,90.24,90.02,90.12,518
2026-04-17 06:35:00,90.13,90.16,89.97,90.11,340
2026-04-17 06:40:00,90.11,90.18,90.08,90.13,408
2026-04-17 06:45:00,90.15,90.2,90.11,90.17,184
2026-04-17 06:50:00,90.18,90.25,90.1,90.23,149
2026-04-17 06:55:00,90.25,90.26,90.09,90.1,102
2026-04-17 07:00:00,90.12,90.19,90.02,90.07,93
2026-04-17 07:05:00,90.08,90.08,89.91,89.92,180
2026-04-17 07:10:00,89.91,89.94,89.77,89.84,216
2026-04-17 07:15:00,89.8,89.93,89.74,89.93,173
2026-04-17 07:20:00,89.94,89.98,89.86,89.98,110
2026-04-17 07:25:00,89.98,89.98,89.87,89.9,58
2026-04-17 07:30:00,89.89,90.01,89.87,89.99,96
2026-04-17 07:35:00,89.99,90.06,89.94,90.03,124
2026-04-17 07:40:00,90.03,90.12,90.03,90.12,152
2026-04-17 07:45:00,90.11,90.12,90.04,90.06,48
2026-04-17 07:50:00,90.07,90.08,89.97,90.0,79
2026-04-17 07:55:00,90.01,90.04,89.98,89.98,45
2026-04-17 08:00:00,89.98,90.01,89.84,89.88,233
2026-04-17 08:05:00,89.89,89.92,89.79,89.85,136
2026-04-17 08:10:00,89.85,89.9,89.77,89.87,108
2026-04-17 08:15:00,89.89,89.92,89.79,89.87,56
2026-04-17 08:20:00,89.87,89.88,89.82,89.85,44
2026-04-17 08:25:00,89.84,89.9,89.81,89.86,80
2026-04-17 08:30:00,89.85,89.86,89.67,89.74,196
2026-04-17 08:35:00,89.74,89.81,89.73,89.81,132
2026-04-17 08:40:00,89.8,89.92,89.77,89.88,115
2026-04-17 08:45:00,89.9,89.99,89.9,89.96,168
2026-04-17 08:50:00,89.93,89.96,89.85,89.91,93
2026-04-17 08:55:00,89.9,89.94,89.87,89.9,64
2026-04-17 09:00:00,89.91,90.1,89.91,90.06,286
2026-04-17 09:05:00,90.05,90.05,89.91,89.96,64
2026-04-17 09:10:00,89.97,89.99,89.87,89.89,80
2026-04-17 09:15:00,89.88,89.88,89.83,89.83,86
2026-04-17 09:20:00,89.85,89.86,89.76,89.79,106
2026-04-17 09:25:00,89.78,89.84,89.77,89.83,52
2026-04-17 09:30:00,89.86,89.9,89.78,89.8,127
2026-04-17 09:35:00,89.8,89.8,89.74,89.8,87
2026-04-17 09:40:00,89.8,89.83,89.78,89.81,71
2026-04-17 09:45:00,89.82,89.82,89.76,89.76,135
2026-04-17 09:50:00,89.75,89.77,89.7,89.72,121
2026-04-17 09:55:00,89.73,89.83,89.73,89.79,121
2026-04-17 10:00:00,89.8,89.81,89.66,89.68,138
2026-04-17 10:05:00,89.69,89.73,89.69,89.72,37
2026-04-17 10:10:00,89.72,89.72,89.61,89.62,181
2026-04-17 10:15:00,89.61,89.66,89.52,89.58,203
2026-04-17 10:20:00,89.59,89.63,89.55,89.58,81
2026-04-17 10:25:00,89.57,89.58,89.5,89.55,125
2026-04-17 10:30:00,89.57,89.75,89.56,89.69,265
2026-04-17 10:35:00,89.7,89.72,89.55,89.58,137
2026-04-17 10:40:00,89.58,89.63,89.52,89.56,76
2026-04-17 10:45:00,89.56,89.67,89.54,89.6,116
2026-04-17 10:50:00,89.59,89.65,89.5,89.52,271
2026-04-17 10:55:00,89.54,89.57,89.45,89.5,202
2026-04-17 11:00:00,89.47,89.59,89.38,89.58,760
2026-04-17 11:05:00,89.56,89.56,89.42,89.54,239
2026-04-17 11:10:00,89.57,89.6,89.44,89.49,232
2026-04-17 11:15:00,89.47,89.5,89.42,89.43,122
2026-04-17 11:20:00,89.46,89.48,89.37,89.42,195
2026-04-17 11:25:00,89.44,89.54,89.44,89.53,113
2026-04-17 11:30:00,89.53,89.63,89.5,89.57,348
2026-04-17 11:35:00,89.59,89.78,89.57,89.71,329
2026-04-17 11:40:00,89.73,89.73,89.55,89.62,199
2026-04-17 11:45:00,89.63,89.68,89.58,89.63,176
2026-04-17 11:50:00,89.64,89.89,89.64,89.74,331
2026-04-17 11:55:00,89.75,90.0,89.75,89.98,342
2026-04-17 12:00:00,89.98,89.99,89.85,89.94,283
2026-04-17 12:05:00,89.94,90.12,89.93,90.01,305
2026-04-17 12:10:00,90.02,90.11,90.0,90.11,223
2026-04-17 12:15:00,90.12,90.28,90.11,90.26,584
2026-04-17 12:20:00,90.24,90.34,90.09,90.1,431
2026-04-17 12:25:00,90.1,90.19,90.1,90.14,224
2026-04-17 12:30:00,90.13,90.15,89.94,90.07,444
2026-04-17 12:35:00,90.1,90.12,89.94,90.04,573
2026-04-17 12:40:00,90.07,90.08,89.87,89.91,321
2026-04-17 12:45:00,89.91,90.04,89.88,89.92,569
2026-04-17 12:50:00,89.91,90.01,89.81,89.94,455
2026-04-17 12:55:00,89.96,90.01,89.88,89.97,238
2026-04-17 13:00:00,90.0,90.1,89.79,90.08,610
2026-04-17 13:05:00,90.08,90.28,89.93,89.93,721
2026-04-17 13:10:00,89.94,90.12,89.92,90.02,270
2026-04-17 13:15:00,90.0,90.08,89.93,90.04,269
2026-04-17 13:20:00,90.03,90.05,89.86,89.98,349
2026-04-17 13:25:00,89.99,90.16,89.92,89.93,346
2026-04-17 13:30:00,89.94,90.01,89.74,89.78,470
2026-04-17 13:35:00,89.77,89.86,89.62,89.68,603
2026-04-17 13:40:00,89.7,89.75,89.54,89.65,430
2026-04-17 13:45:00,89.65,89.76,89.58,89.75,353
2026-04-17 13:50:00,89.74,89.9,89.65,89.73,252
2026-04-17 13:55:00,89.74,89.89,89.7,89.86,432
2026-04-17 14:00:00,89.86,90.0,89.81,89.85,567
2026-04-17 14:05:00,89.84,89.88,89.48,89.52,575
2026-04-17 14:10:00,89.52,89.52,89.11,89.15,1134
2026-04-17 14:15:00,89.16,89.39,89.14,89.27,863
2026-04-17 14:20:00,89.26,89.28,88.86,88.86,1053
2026-04-17 14:25:00,88.88,89.07,88.76,89.03,795
2026-04-17 14:30:00,89.02,89.04,88.76,88.88,557
2026-04-17 14:35:00,88.9,88.94,88.75,88.77,514
2026-04-17 14:40:00,88.79,88.93,88.77,88.89,374
2026-04-17 14:45:00,88.89,89.17,88.89,88.91,816
2026-04-17 14:50:00,88.9,88.9,88.66,88.67,699
2026-04-17 14:55:00,88.66,88.66,88.08,88.14,2092
2026-04-17 15:00:00,88.14,88.22,87.83,87.85,1669
2026-04-17 15:05:00,87.85,87.94,87.63,87.73,1950
2026-04-17 15:10:00,87.72,87.77,87.41,87.72,1850
2026-04-17 15:15:00,87.71,87.93,87.59,87.6,1110
2026-04-17 15:20:00,87.6,87.69,87.53,87.56,760
2026-04-17 15:25:00,87.52,87.74,87.46,87.63,919
2026-04-17 15:30:00,87.61,87.76,87.54,87.69,1369
2026-04-17 15:35:00,87.68,87.74,87.5,87.57,639
2026-04-17 15:40:00,87.58,87.64,87.02,87.27,2437
2026-04-17 15:45:00,87.28,87.55,87.21,87.48,977
2026-04-17 15:50:00,87.46,87.52,87.35,87.4,408
2026-04-17 15:55:00,87.39,87.74,87.39,87.67,477
2026-04-17 16:00:00,87.65,87.8,87.58,87.76,542
2026-04-17 16:05:00,87.77,87.84,87.6,87.68,484
2026-04-17 16:10:00,87.68,87.99,87.68,87.97,490
2026-04-17 16:15:00,87.99,88.06,87.89,87.98,610
2026-04-17 16:20:00,87.97,88.03,87.88,87.88,384
2026-04-17 16:25:00,87.87,88.06,87.8,87.81,491
2026-04-17 16:30:00,87.83,87.86,87.69,87.82,624
2026-04-17 16:35:00,87.83,87.88,87.7,87.8,655
2026-04-17 16:40:00,87.8,87.93,87.77,87.92,592
2026-04-17 16:45:00,87.91,87.96,87.76,87.83,321
2026-04-17 16:50:00,87.82,87.83,87.73,87.79,303
2026-04-17 16:55:00,87.78,87.93,87.78,87.82,282
2026-04-17 17:00:00,87.84,87.91,87.68,87.84,619
2026-04-17 17:05:00,87.84,88.03,87.83,88.0,620
2026-04-17 17:10:00,87.98,87.98,87.7,87.74,513
2026-04-17 17:15:00,87.74,87.81,87.44,87.55,925
2026-04-17 17:20:00,87.54,87.57,87.45,87.5,611
2026-04-17 17:25:00,87.5,87.67,87.46,87.64,639
2026-04-17 17:30:00,87.63,87.8,87.63,87.64,642
2026-04-17 17:35:00,87.64,87.64,87.47,87.58,996
2026-04-17 17:40:00,87.58,87.69,87.46,87.53,826
2026-04-17 17:45:00,87.53,87.64,87.36,87.42,1094
2026-04-17 17:50:00,87.43,87.62,86.82,86.87,2637
2026-04-17 17:55:00,86.85,86.93,86.2,86.61,5625
2026-04-17 18:00:00,86.6,86.78,86.39,86.76,2430
2026-04-17 18:05:00,86.76,86.93,86.65,86.89,1291
2026-04-17 18:10:00,86.88,86.99,86.8,86.84,1261
2026-04-17 18:15:00,86.83,86.84,83.59,83.64,17628
2026-04-17 18:20:00,83.64,84.26,82.09,82.18,15663
2026-04-17 18:25:00,82.16,82.95,81.82,82.42,12810
2026-04-17 18:30:00,82.43,83.25,82.22,82.3,8986
2026-04-17 18:35:00,82.29,82.75,81.25,81.38,12548
2026-04-17 18:40:00,81.38,81.42,80.42,81.05,10304
2026-04-17 18:45:00,81.06,81.8,81.06,81.32,6474
2026-04-17 18:50:00,81.31,82.04,81.31,81.69,5114
2026-04-17 18:55:00,81.7,82.54,81.34,82.1,9423
2026-04-17 19:00:00,82.1,82.35,81.42,81.53,7134
2026-04-17 19:05:00,81.53,81.57,81.18,81.32,6624
2026-04-17 19:10:00,81.31,82.01,81.25,81.63,7330
2026-04-17 19:15:00,81.62,82.9,81.19,82.01,12712
2026-04-17 19:20:00,82.01,82.05,81.56,81.85,4943
2026-04-17 19:25:00,81.84,82.24,81.5,81.75,9124
2026-04-17 19:30:00,81.75,81.9,81.14,81.27,4353
2026-04-17 19:35:00,81.29,81.5,81.19,81.35,4701
2026-04-17 19:40:00,81.33,81.76,81.27,81.3,4028
2026-04-17 19:45:00,81.3,81.31,81.01,81.16,4974
2026-04-17 19:50:00,81.14,81.39,80.64,80.66,5763
2026-04-17 19:55:00,80.65,81.17,80.61,81.02,5419
2026-04-17 20:00:00,81.03,81.1,80.16,80.26,7047
2026-04-17 20:05:00,80.26,80.68,79.96,79.98,5009
2026-04-17 20:10:00,79.97,79.99,78.97,79.34,12223
2026-04-17 20:15:00,79.34,79.65,79.11,79.25,5505
2026-04-17 20:20:00,79.24,79.55,79.14,79.49,5891
2026-04-17 20:25:00,79.49,80.02,79.42,79.99,5750
2026-04-17 20:30:00,79.99,80.34,79.69,79.98,7470
2026-04-17 20:35:00,79.99,80.58,79.9,80.33,5251
2026-04-17 20:40:00,80.35,80.72,80.28,80.64,3520
2026-04-17 20:45:00,80.65,81.11,80.41,80.98,4600
2026-04-17 20:50:00,80.99,81.26,80.94,81.15,3941
2026-04-17 20:55:00,81.16,81.61,81.1,81.54,4898
2026-04-17 21:00:00,81.54,81.79,81.19,81.2,5596
2026-04-17 21:05:00,81.2,81.43,81.04,81.05,3303
2026-04-17 21:10:00,81.05,81.51,80.92,81.4,2964
2026-04-17 21:15:00,81.39,81.59,81.21,81.39,3584
2026-04-17 21:20:00,81.37,81.37,80.86,81.08,3167
2026-04-17 21:25:00,81.09,81.28,80.96,81.12,1959
2026-04-17 21:30:00,81.14,81.52,81.08,81.46,2750
2026-04-17 21:35:00,81.46,81.52,80.98,81.2,2076
2026-04-17 21:40:00,81.21,81.36,81.01,81.03,1948
2026-04-17 21:45:00,81.04,81.26,80.92,80.95,1935
2026-04-17 21:50:00,80.96,81.36,80.87,81.34,1708
2026-04-17 21:55:00,81.32,81.82,81.3,81.78,1816
2026-04-17 22:00:00,81.78,81.84,81.45,81.57,1811
2026-04-17 22:05:00,81.56,81.65,81.36,81.45,1737
2026-04-17 22:10:00,81.46,81.53,81.33,81.39,1110
2026-04-17 22:15:00,81.4,81.46,81.27,81.35,1169
2026-04-17 22:20:00,81.36,81.51,81.23,81.37,1291
2026-04-17 22:25:00,81.36,81.47,81.29,81.36,1013
2026-04-17 22:30:00,81.35,81.91,81.28,81.73,2870
2026-04-17 22:35:00,81.72,82.39,81.63,82.07,2847
2026-04-17 22:40:00,82.06,82.2,81.8,81.88,1904
2026-04-17 22:45:00,81.87,82.12,81.79,82.05,1919
2026-04-17 22:50:00,82.08,82.91,82.06,82.82,3681
2026-04-17 22:55:00,82.8,82.9,82.56,82.77,4082
2026-04-17 23:00:00,82.78,82.84,82.56,82.66,1774
2026-04-17 23:05:00,82.66,82.97,82.48,82.73,2308
2026-04-17 23:10:00,82.74,82.82,82.46,82.53,2394
2026-04-17 23:15:00,82.53,82.58,82.04,82.2,2541
2026-04-17 23:20:00,82.2,82.34,82.13,82.19,1646
2026-04-17 23:25:00,82.18,82.18,81.82,81.85,2532
2026-04-17 23:30:00,81.85,82.22,81.79,82.22,3261
2026-04-17 23:35:00,82.22,82.58,82.13,82.51,2240
2026-04-17 23:40:00,82.51,82.91,82.49,82.89,2944
2026-04-17 23:45:00,82.9,82.96,82.46,82.73,4190
2026-04-17 23:50:00,82.74,82.81,81.86,81.95,5253
2026-04-17 23:55:00,81.95,82.91,81.77,82.9,11118
2026-04-18 00:00:00,82.89,83.07,82.8,82.86,3836
2026-04-18 00:05:00,82.88,83.35,82.88,83.15,2083
2026-04-18 00:10:00,83.14,83.4,83.13,83.24,939
2026-04-18 00:15:00,83.26,83.44,83.11,83.42,939
2026-04-18 00:20:00,83.39,83.63,83.26,83.39,1931
2026-04-18 00:25:00,83.39,83.48,83.21,83.29,1088
2026-04-18 00:30:00,83.28,83.37,83.14,83.16,689
2026-04-18 00:35:00,83.16,83.38,83.15,83.29,526
2026-04-18 00:40:00,83.28,83.48,83.28,83.33,783
2026-04-18 00:45:00,83.32,83.42,83.13,83.13,1095
2026-04-18 00:50:00,83.11,83.36,83.07,83.23,665
2026-04-18 00:55:00,83.24,83.28,83.15,83.27,485
2026-04-18 01:00:00,83.29,83.31,83.08,83.1,701
2026-04-18 01:05:00,83.11,83.19,82.86,82.88,800
2026-04-18 01:10:00,82.9,82.93,82.63,82.72,989
2026-04-18 01:15:00,82.72,83.09,82.72,83.09,811
2026-04-18 01:20:00,83.09,83.3,83.01,83.17,773
2026-04-18 01:25:00,83.17,83.18,82.96,83.09,1078
2026-04-18 01:30:00,83.11,83.12,82.94,83.04,489
2026-04-18 01:35:00,83.04,83.18,83.02,83.03,253
2026-04-18 01:40:00,83.03,83.15,83.01,83.08,164
2026-04-18 01:45:00,83.1,83.24,83.05,83.12,240
2026-04-18 01:50:00,83.12,83.53,83.12,83.41,951
2026-04-18 01:55:00,83.41,83.58,83.34,83.37,574
2026-04-18 02:00:00,83.38,83.39,83.22,83.27,300
2026-04-18 02:05:00,83.31,83.43,83.28,83.42,197
2026-04-18 02:10:00,83.43,83.54,83.35,83.54,346
2026-04-18 02:15:00,83.52,83.9,83.5,83.83,934
2026-04-18 02:20:00,83.83,83.9,83.42,83.42,708
2026-04-18 02:25:00,83.47,84.03,82.59,82.59,1035
2026-04-20 15:05:00,82.59,87.43,82.59,87.39,472
2026-04-20 15:10:00,87.4,87.43,87.1,87.1,344
2026-04-20 15:15:00,87.11,87.26,87.02,87.21,427
2026-04-20 15:20:00,87.19,87.41,87.09,87.38,626
2026-04-20 15:25:00,87.36,87.66,87.35,87.62,708
2026-04-20 15:30:00,87.62,87.62,87.28,87.33,883
2026-04-20 15:35:00,87.33,87.36,86.85,86.94,1054
2026-04-20 15:40:00,86.93,87.28,86.79,87.25,590
2026-04-20 15:45:00,87.24,87.25,86.7,86.96,821
2026-04-20 15:50:00,86.97,87.42,86.95,87.33,461
2026-04-20 15:55:00,87.34,87.36,87.05,87.15,360
2026-04-20 16:00:00,87.15,87.31,87.06,87.28,350
2026-04-20 16:05:00,87.28,87.35,87.17,87.21,199
2026-04-20 16:10:00,87.24,87.39,87.23,87.33,190
2026-04-20 16:15:00,87.35,87.35,87.25,87.26,67
2026-04-20 16:25:00,82.59,87.64,82.59,87.5,1587
2026-04-20 16:30:00,87.52,87.71,87.47,87.6,594
2026-04-20 16:35:00,87.59,87.67,87.46,87.48,434
2026-04-20 16:40:00,87.48,87.66,87.43,87.57,571
2026-04-20 16:45:00,87.54,87.81,87.47,87.76,694
2026-04-20 16:50:00,87.76,87.95,87.69,87.76,824
2026-04-20 16:55:00,87.8,87.8,87.66,87.73,273
2026-04-20 17:00:00,87.74,87.86,87.24,87.53,2112
2026-04-20 17:05:00,87.56,87.62,87.25,87.49,761
2026-04-20 17:10:00,87.48,87.55,87.46,87.48,53
2026-04-20 17:20:00,82.59,87.29,82.59,87.21,2372
2026-04-20 17:25:00,87.22,87.28,86.96,87.1,806
2026-04-20 17:30:00,87.11,87.54,86.95,87.16,2094
2026-04-20 17:35:00,87.14,87.21,86.83,87.11,751
2026-04-20 17:40:00,87.11,87.13,86.8,87.05,1144
2026-04-20 17:45:00,87.04,87.24,86.92,87.06,1075
2026-04-20 17:50:00,87.07,87.24,86.97,87.15,916
2026-04-20 17:55:00,87.15,87.22,86.92,86.95,901
2026-04-20 18:00:00,86.94,87.35,86.86,87.15,1546
2026-04-20 18:05:00,87.15,87.16,86.86,87.02,1111
2026-04-20 18:10:00,87.02,87.34,87.01,87.29,1058
2026-04-20 18:15:00,87.31,87.35,86.91,86.91,1305
2026-04-20 18:20:00,86.95,87.02,86.67,86.87,2263
2026-04-20 18:25:00,86.86,87.17,86.84,86.95,687
2026-04-20 18:30:00,86.98,87.46,86.95,87.25,3725
2026-04-20 18:35:00,87.26,87.28,85.91,86.33,7279
2026-04-20 18:40:00,86.31,86.54,86.14,86.45,3112
2026-04-20 18:45:00,86.42,86.6,86.14,86.36,2376
2026-04-20 18:50:00,86.35,86.52,86.02,86.23,3027
2026-04-20 18:55:00,86.22,86.34,85.67,85.81,3585
2026-04-20 19:00:00,85.81,85.93,85.45,85.69,4114
2026-04-20 19:05:00,85.7,86.37,85.53,86.33,3269
2026-04-20 19:10:00,86.34,86.43,85.68,85.76,2937
2026-04-20 19:15:00,85.77,86.15,85.76,86.05,3511
2026-04-20 19:20:00,86.03,86.16,85.86,86.02,1504
2026-04-20 19:25:00,86.03,86.15,85.85,85.96,1212
2026-04-20 19:30:00,85.97,86.37,85.94,86.16,2027
2026-04-20 19:35:00,86.15,86.46,86.07,86.35,1726
2026-04-20 19:40:00,86.35,86.76,86.28,86.35,2960
2026-04-20 19:45:00,86.35,86.58,86.18,86.18,1980
2026-04-20 19:50:00,86.2,86.32,85.98,86.1,1776
2026-04-20 19:55:00,86.1,86.44,86.06,86.21,1642
2026-04-20 20:00:00,86.23,86.39,85.99,86.24,2303
2026-04-20 20:05:00,86.23,86.62,86.19,86.6,1953
2026-04-20 20:10:00,86.6,86.89,86.59,86.63,2441
2026-04-20 20:15:00,86.63,86.85,86.58,86.7,1611
2026-04-20 20:20:00,86.68,87.84,86.64,87.2,8765
2026-04-20 20:25:00,87.2,87.38,87.1,87.29,3072
2026-04-20 20:30:00,87.28,87.51,87.05,87.37,2935
2026-04-20 20:35:00,87.36,87.49,87.23,87.43,2058
2026-04-20 20:40:00,87.45,87.51,87.16,87.19,1876
2026-04-20 20:45:00,87.2,87.48,87.12,87.47,1727
2026-04-20 20:50:00,87.47,87.49,86.57,86.76,5775
2026-04-20 20:55:00,86.75,86.95,86.47,86.54,4298
2026-04-20 21:00:00,86.54,86.98,86.54,86.94,2688
2026-04-20 21:05:00,86.96,87.42,86.88,87.39,1698
2026-04-20 21:10:00,87.38,87.42,86.95,87.07,1963
2026-04-20 21:15:00,87.05,87.21,87.01,87.09,1179
2026-04-20 21:20:00,87.11,87.46,87.11,87.43,1593
2026-04-20 21:25:00,87.44,87.45,87.2,87.33,1153
2026-04-20 21:30:00,87.32,87.68,87.25,87.58,2136
2026-04-20 21:35:00,87.57,87.6,87.38,87.41,1663
2026-04-20 21:40:00,87.42,87.47,87.29,87.44,1269
2026-04-20 21:45:00,87.45,87.58,87.36,87.36,938
2026-04-20 21:50:00,87.35,87.4,87.15,87.36,1627
2026-04-20 21:55:00,87.36,87.36,87.14,87.28,854
2026-04-20 22:00:00,87.29,87.3,87.08,87.23,2168
2026-04-20 22:05:00,87.25,87.44,87.23,87.43,2001
2026-04-20 22:10:00,87.41,87.51,87.19,87.43,1460
2026-04-20 22:15:00,87.43,87.49,87.23,87.23,808
2026-04-20 22:20:00,87.23,87.24,87.02,87.1,1126
2026-04-20 22:25:00,87.11,87.3,87.1,87.27,1173
2026-04-20 22:30:00,87.28,87.49,87.08,87.22,2094
2026-04-20 22:35:00,87.22,87.32,87.11,87.24,880
2026-04-20 22:40:00,87.24,87.34,87.08,87.13,1156
2026-04-20 22:45:00,87.14,87.3,87.13,87.26,1126
2026-04-20 22:50:00,87.28,87.62,87.28,87.61,1678
2026-04-20 22:55:00,87.61,87.75,87.6,87.74,2129
2026-04-20 23:00:00,87.74,87.96,87.7,87.96,2668
2026-04-20 23:05:00,87.96,87.98,87.28,87.31,3327
2026-04-20 23:10:00,87.34,87.48,87.18,87.2,2112
2026-04-20 23:15:00,87.21,87.4,87.16,87.26,911
2026-04-20 23:20:00,87.27,87.4,87.24,87.35,1586
2026-04-20 23:25:00,87.36,87.6,87.35,87.5,2672
2026-04-20 23:30:00,87.49,87.56,87.33,87.38,2070
2026-04-20 23:35:00,87.38,87.48,87.15,87.27,4691
2026-04-20 23:40:00,87.26,87.76,87.25,87.37,3470
2026-04-20 23:45:00,87.39,87.41,87.05,87.1,2574
2026-04-20 23:50:00,87.08,87.2,86.97,87.04,3222
2026-04-20 23:55:00,87.0,87.56,86.98,87.35,14035
2026-04-21 00:00:00,87.34,87.6,87.27,87.5,3997
2026-04-21 00:05:00,87.51,87.71,87.41,87.69,2265
2026-04-21 00:10:00,87.68,87.7,87.47,87.49,879
2026-04-21 00:15:00,87.51,87.59,87.44,87.45,563
2026-04-21 00:20:00,87.43,87.45,87.38,87.42,567
2026-04-21 00:25:00,87.41,87.42,87.25,87.38,774
2026-04-21 00:30:00,87.38,87.42,87.3,87.32,864
2026-04-21 00:35:00,87.32,87.34,87.27,87.33,301
2026-04-21 00:40:00,87.32,87.33,87.12,87.21,499
2026-04-21 00:45:00,87.21,87.29,87.17,87.23,403
2026-04-21 00:50:00,87.23,87.26,87.14,87.18,304
2026-04-21 00:55:00,87.19,87.2,87.12,87.17,508
2026-04-21 01:00:00,87.18,87.2,87.04,87.06,426
2026-04-21 01:05:00,87.05,87.08,86.85,87.01,810
2026-04-21 01:10:00,87.01,87.07,86.95,86.97,319
2026-04-21 01:15:00,86.97,86.99,86.88,86.91,467
2026-04-21 01:20:00,86.9,87.01,86.85,86.91,512
2026-04-21 01:25:00,86.93,86.95,86.83,86.88,699
2026-04-21 01:30:00,86.89,86.92,86.78,86.92,600
2026-04-21 01:35:00,86.94,86.95,86.85,86.87,304
2026-04-21 01:40:00,86.88,87.02,86.86,86.95,359
2026-04-21 01:45:00,86.94,87.02,86.93,86.95,308
2026-04-21 01:50:00,86.96,87.03,86.96,86.99,227
2026-04-21 01:55:00,87.01,87.05,86.9,86.93,200
2026-04-21 02:00:00,86.92,86.96,86.71,86.73,449
2026-04-21 02:05:00,86.74,86.85,86.63,86.83,565
2026-04-21 02:10:00,86.82,86.96,86.68,86.92,441
2026-04-21 02:15:00,86.92,86.99,86.52,86.53,806
2026-04-21 02:20:00,86.54,86.59,85.86,85.86,2729
2026-04-21 02:25:00,85.86,85.97,85.57,85.89,1447
2026-04-21 03:30:00,85.82,86.4,85.5,86.2,0
2026-04-21 03:35:00,86.17,86.39,85.99,86.16,466
2026-04-21 03:40:00,86.14,86.25,86.0,86.07,191
2026-04-21 03:45:00,86.1,86.19,86.07,86.16,87
2026-04-21 03:50:00,86.14,86.22,86.08,86.2,261
2026-04-21 03:55:00,86.2,86.23,86.05,86.19,156
2026-04-21 04:00:00,86.2,86.42,86.2,86.32,223
2026-04-21 04:05:00,86.33,86.52,86.29,86.48,194
2026-04-21 04:10:00,86.46,86.53,86.28,86.28,228
2026-04-21 04:15:00,86.28,86.31,86.21,86.25,102
2026-04-21 04:20:00,86.25,86.33,86.14,86.29,249
2026-04-21 04:25:00,86.3,86.41,86.29,86.36,187
2026-04-21 04:30:00,86.35,86.37,86.31,86.34,52
2026-04-21 04:35:00,86.34,86.48,86.33,86.45,74
2026-04-21 04:40:00,86.44,86.51,86.41,86.45,151
2026-04-21 04:45:00,86.44,86.5,86.41,86.5,120
2026-04-21 04:50:00,86.49,86.49,86.41,86.45,61
2026-04-21 04:55:00,86.44,86.44,86.39,86.41,25
2026-04-21 05:00:00,86.41,86.43,86.32,86.33,68
2026-04-21 05:05:00,86.34,86.35,86.24,86.24,45
2026-04-21 05:10:00,86.23,86.3,86.2,86.25,134
2026-04-21 05:15:00,86.26,86.34,86.26,86.34,81
2026-04-21 05:20:00,86.36,86.36,86.21,86.31,73
2026-04-21 05:25:00,86.3,86.34,86.11,86.21,211
2026-04-21 05:30:00,86.21,86.5,86.11,86.5,813
2026-04-21 05:35:00,86.48,86.55,86.29,86.41,327
2026-04-21 05:40:00,86.41,86.47,86.23,86.25,112
2026-04-21 05:45:00,86.28,86.38,86.24,86.34,83
2026-04-21 05:50:00,86.35,86.37,86.24,86.3,101
2026-04-21 05:55:00,86.33,86.43,86.3,86.32,95
2026-04-21 06:00:00,86.33,86.45,86.31,86.39,135
2026-04-21 06:05:00,86.41,86.57,86.37,86.49,346
2026-04-21 06:10:00,86.48,86.48,86.36,86.43,94
2026-04-21 06:15:00,86.42,86.5,86.16,86.29,983
2026-04-21 06:20:00,86.27,86.47,86.23,86.44,338
2026-04-21 06:25:00,86.45,86.51,86.35,86.48,574
2026-04-21 06:30:00,86.5,86.72,86.48,86.7,601
2026-04-21 06:35:00,86.7,86.7,86.53,86.6,262
2026-04-21 06:40:00,86.63,86.73,86.6,86.71,256
2026-04-21 06:45:00,86.72,86.72,86.56,86.56,268
2026-04-21 06:50:00,86.58,86.63,86.5,86.52,153
2026-04-21 06:55:00,86.52,86.7,86.5,86.65,152
2026-04-21 07:00:00,86.66,86.7,86.54,86.6,300
2026-04-21 07:05:00,86.58,86.62,86.52,86.54,146
2026-04-21 07:10:00,86.52,86.57,86.42,86.49,300
2026-04-21 07:15:00,86.48,86.64,86.42,86.58,124
2026-04-21 07:20:00,86.57,86.61,86.51,86.6,128
2026-04-21 07:25:00,86.6,86.71,86.6,86.65,137
2026-04-21 07:30:00,86.65,86.71,86.62,86.7,138
2026-04-21 07:35:00,86.69,86.78,86.66,86.76,275
2026-04-21 07:40:00,86.76,86.78,86.68,86.7,95
2026-04-21 07:45:00,86.69,86.69,86.53,86.56,131
2026-04-21 07:50:00,86.57,86.6,86.54,86.59,174
2026-04-21 07:55:00,86.6,86.61,86.53,86.53,97
2026-04-21 08:00:00,86.52,86.71,86.49,86.68,240
2026-04-21 08:05:00,86.68,86.69,86.55,86.58,180
2026-04-21 08:10:00,86.58,86.6,86.53,86.58,46
2026-04-21 08:15:00,86.54,86.67,86.54,86.65,63
2026-04-21 08:20:00,86.67,86.67,86.58,86.6,112
2026-04-21 08:25:00,86.6,86.67,86.6,86.66,36
2026-04-21 08:30:00,86.66,86.67,86.54,86.61,74
2026-04-21 08:35:00,86.61,86.66,86.61,86.64,123
2026-04-21 08:40:00,86.64,86.71,86.64,86.68,111
2026-04-21 08:45:00,86.68,86.68,86.6,86.68,62
2026-04-21 08:50:00,86.67,86.78,86.67,86.78,153
2026-04-21 08:55:00,86.77,86.77,86.57,86.58,105
2026-04-21 09:00:00,86.57,86.68,86.53,86.68,230
2026-04-21 09:05:00,86.69,86.76,86.66,86.75,197
2026-04-21 09:10:00,86.71,86.73,86.68,86.7,89
2026-04-21 09:15:00,86.71,86.71,86.64,86.65,49
2026-04-21 09:20:00,86.67,86.7,86.56,86.59,78
2026-04-21 09:25:00,86.63,86.69,86.63,86.68,28
2026-04-21 09:30:00,86.68,86.69,86.56,86.58,86
2026-04-21 09:35:00,86.58,86.6,86.41,86.5,237
2026-04-21 09:40:00,86.5,86.54,86.44,86.48,139
2026-04-21 09:45:00,86.48,86.51,86.46,86.5,32
2026-04-21 09:50:00,86.51,86.51,86.44,86.48,63
2026-04-21 09:55:00,86.49,86.52,86.46,86.49,90
2026-04-21 10:00:00,86.49,86.53,86.47,86.47,68
2026-04-21 10:05:00,86.46,86.54,86.45,86.5,63
2026-04-21 10:10:00,86.52,86.56,86.52,86.54,157
2026-04-21 10:15:00,86.55,86.55,86.45,86.53,163
2026-04-21 10:20:00,86.53,86.55,86.48,86.48,66
2026-04-21 10:25:00,86.5,86.51,86.27,86.29,409
2026-04-21 10:30:00,86.28,86.28,86.12,86.13,397
2026-04-21 10:35:00,86.13,86.13,85.87,85.93,416
2026-04-21 10:40:00,85.95,86.1,85.93,85.98,291
2026-04-21 10:45:00,85.98,86.05,85.88,85.91,252
2026-04-21 10:50:00,85.9,86.0,85.82,85.88,482
2026-04-21 10:55:00,85.86,85.9,85.67,85.72,611
2026-04-21 11:00:00,85.73,85.83,85.67,85.78,692
2026-04-21 11:05:00,85.76,85.95,85.74,85.9,384
2026-04-21 11:10:00,85.91,85.98,85.87,85.93,190
2026-04-21 11:15:00,85.94,86.23,85.93,86.19,451
2026-04-21 11:20:00,86.22,86.27,86.16,86.17,211
2026-04-21 11:25:00,86.18,86.28,86.14,86.16,193
2026-04-21 11:30:00,86.16,86.41,86.14,86.37,350
2026-04-21 11:35:00,86.37,86.44,86.28,86.31,413
2026-04-21 11:40:00,86.32,86.32,86.18,86.26,205
2026-04-21 11:45:00,86.25,86.39,86.23,86.34,165
2026-04-21 11:50:00,86.35,86.36,86.24,86.24,210
2026-04-21 11:55:00,86.25,86.34,86.25,86.33,66
2026-04-21 12:05:00,87.42,87.42,86.38,86.38,908
2026-04-21 12:10:00,86.41,86.56,86.41,86.54,235
2026-04-21 12:15:00,86.54,86.61,86.41,86.43,382
2026-04-21 12:20:00,86.42,86.58,86.42,86.45,118
2026-04-21 12:25:00,86.46,86.73,86.41,86.62,460
2026-04-21 12:30:00,86.6,87.47,86.6,87.31,2362
2026-04-21 12:35:00,87.29,87.31,86.99,87.04,920
2026-04-21 12:40:00,87.02,87.04,86.83,86.89,524
2026-04-21 12:45:00,86.9,86.96,86.69,86.82,457
2026-04-21 12:50:00,86.8,87.02,86.78,87.0,433
2026-04-21 12:55:00,86.98,87.01,86.84,86.91,316
2026-04-21 13:00:00,86.9,87.0,86.77,86.87,335
2026-04-21 13:05:00,86.87,86.87,86.7,86.79,271
2026-04-21 13:10:00,86.79,86.83,86.51,86.54,525
2026-04-21 13:15:00,86.54,86.58,86.31,86.32,667
2026-04-21 13:20:00,86.32,86.34,85.86,86.17,1313
2026-04-21 13:25:00,86.15,86.46,86.11,86.44,773
2026-04-21 13:30:00,86.45,86.63,86.33,86.52,717
2026-04-21 13:35:00,86.51,86.74,86.46,86.6,531
2026-04-21 13:40:00,86.62,86.79,86.54,86.66,400
2026-04-21 13:45:00,86.66,86.7,86.45,86.66,445
2026-04-21 13:50:00,86.66,86.66,86.37,86.37,463
2026-04-21 13:55:00,86.34,86.34,86.02,86.19,869
2026-04-21 14:00:00,86.19,86.5,86.18,86.28,876
2026-04-21 14:05:00,86.31,86.59,86.21,86.21,460
2026-04-21 14:10:00,86.21,86.31,86.0,86.02,495
2026-04-21 14:15:00,86.02,86.34,86.01,86.33,623
2026-04-21 14:20:00,86.32,86.52,86.28,86.41,442
2026-04-21 14:25:00,86.41,86.86,86.39,86.8,781
2026-04-21 14:30:00,86.82,87.49,86.78,87.36,2226
2026-04-21 14:35:00,87.35,87.38,87.05,87.22,886
2026-04-21 14:40:00,87.2,87.26,86.95,87.02,561
2026-04-21 14:45:00,87.01,87.12,86.8,86.81,611
2026-04-21 14:50:00,86.8,87.11,86.78,86.98,499
2026-04-21 14:55:00,86.98,86.98,86.8,86.8,360
2026-04-21 15:00:00,86.8,86.8,86.56,86.67,791
2026-04-21 15:05:00,86.66,86.88,86.65,86.86,537
2026-04-21 15:10:00,86.85,86.97,86.75,86.93,510
2026-04-21 15:15:00,86.88,86.98,86.8,86.81,439
2026-04-21 15:20:00,86.8,86.8,86.65,86.71,353
2026-04-21 15:25:00,86.7,86.8,86.59,86.7,396
2026-04-21 15:30:00,86.69,86.8,86.65,86.68,356
2026-04-21 15:35:00,86.68,86.73,86.46,86.6,669
2026-04-21 15:40:00,86.59,86.76,86.53,86.53,417
2026-04-21 15:45:00,86.51,86.75,86.44,86.69,467
2026-04-21 15:50:00,86.69,86.69,86.53,86.63,270
2026-04-21 15:55:00,86.62,86.66,86.42,86.54,557
2026-04-21 16:00:00,86.56,86.62,86.25,86.37,810
2026-04-21 16:05:00,86.36,86.42,86.14,86.16,613
2026-04-21 16:10:00,86.16,86.52,86.16,86.48,629
2026-04-21 16:15:00,86.47,86.49,86.29,86.43,503
2026-04-21 16:20:00,86.42,86.43,86.26,86.3,390
2026-04-21 16:25:00,86.3,86.66,86.3,86.66,634
2026-04-21 16:30:00,86.64,87.07,86.64,86.93,1647
2026-04-21 16:35:00,86.93,87.53,86.73,87.39,2253
2026-04-21 16:40:00,87.39,87.58,87.21,87.37,1810
2026-04-21 16:45:00,87.37,87.51,87.29,87.4,816
2026-04-21 16:50:00,87.39,87.41,87.15,87.22,1095
2026-04-21 16:55:00,87.24,87.37,87.19,87.24,748
2026-04-21 17:00:00,87.24,87.37,87.17,87.32,1016
2026-04-21 17:05:00,87.32,87.34,87.11,87.24,579
2026-04-21 17:10:00,87.26,87.55,87.21,87.51,568
2026-04-21 17:15:00,87.51,87.63,87.38,87.43,921
2026-04-21 17:20:00,87.42,87.66,87.37,87.57,673
2026-04-21 17:25:00,87.56,87.7,87.56,87.6,1394
2026-04-21 17:30:00,87.59,87.73,87.51,87.69,907
2026-04-21 17:35:00,87.68,87.69,87.49,87.5,858
2026-04-21 17:40:00,87.48,87.66,87.4,87.66,1023
2026-04-21 17:45:00,87.64,87.72,87.47,87.61,682
2026-04-21 17:50:00,87.6,87.64,87.32,87.35,581
2026-04-21 17:55:00,87.35,87.4,87.22,87.22,535
2026-04-21 18:00:00,87.23,87.29,86.82,86.97,1666
2026-04-21 18:05:00,86.96,87.52,86.78,87.51,2448
2026-04-21 18:10:00,87.53,87.69,87.41,87.58,1449
2026-04-21 18:15:00,87.58,87.62,87.13,87.49,1853
2026-04-21 18:20:00,87.5,87.5,87.19,87.37,1181
2026-04-21 18:25:00,87.34,87.63,87.29,87.35,1015
2026-04-21 18:30:00,87.35,87.36,87.06,87.15,2242
2026-04-21 18:35:00,87.15,87.26,87.01,87.08,1508
2026-04-21 18:40:00,87.1,87.18,86.96,87.14,1456
2026-04-21 18:45:00,87.14,87.24,87.03,87.24,1639
2026-04-21 18:50:00,87.23,87.3,86.55,86.98,2999
2026-04-21 18:55:00,86.98,87.17,86.92,86.95,1465
2026-04-21 19:00:00,86.95,87.07,86.74,86.86,1884
2026-04-21 19:05:00,86.84,87.11,86.8,87.07,1545
2026-04-21 19:10:00,87.05,87.17,86.83,87.0,2438
2026-04-21 19:15:00,86.98,87.02,86.67,86.77,2116
2026-04-21 19:20:00,86.75,86.85,86.62,86.73,1621
2026-04-21 19:25:00,86.72,86.87,86.65,86.79,1457
2026-04-21 19:30:00,86.8,87.43,86.76,87.18,3515
2026-04-21 19:35:00,87.18,87.53,87.15,87.51,2329
2026-04-21 19:40:00,87.53,87.84,87.51,87.76,3613
2026-04-21 19:45:00,87.77,87.87,87.59,87.77,2506
2026-04-21 19:50:00,87.78,88.03,87.64,87.97,3255
2026-04-21 19:55:00,87.98,88.01,87.81,87.87,2128
2026-04-21 20:00:00,87.86,87.9,87.65,87.81,2112
2026-04-21 20:05:00,87.81,87.9,87.67,87.82,2208
2026-04-21 20:10:00,87.8,88.13,87.8,88.05,3156
2026-04-21 20:15:00,88.06,88.52,88.06,88.45,4461
2026-04-21 20:20:00,88.44,88.54,88.35,88.46,2785
2026-04-21 20:25:00,88.47,88.79,88.37,88.74,3343
2026-04-21 20:30:00,88.74,89.0,88.74,88.85,4390
2026-04-21 20:35:00,88.85,88.93,88.57,88.6,3118
2026-04-21 20:40:00,88.59,88.78,88.4,88.75,1837
2026-04-21 20:45:00,88.76,88.96,88.65,88.86,2298
2026-04-21 20:50:00,88.89,89.24,88.87,89.2,3240
2026-04-21 20:55:00,89.2,89.86,89.2,89.79,7907
2026-04-21 21:00:00,89.78,89.97,89.66,89.8,3717
2026-04-21 21:05:00,89.8,90.09,89.76,89.9,3638
2026-04-21 21:10:00,89.9,90.07,89.7,89.88,2105
2026-04-21 21:15:00,89.88,89.91,89.38,89.67,2798
2026-04-21 21:20:00,89.68,89.79,89.55,89.76,2242
2026-04-21 21:25:00,89.76,89.84,89.6,89.76,1364
2026-04-21 21:30:00,89.77,89.8,89.42,89.76,4283
2026-04-21 21:35:00,89.77,89.84,89.6,89.75,2369
2026-04-21 21:40:00,89.77,90.15,89.76,89.99,3442
2026-04-21 21:45:00,89.99,90.04,89.87,89.98,1478
2026-04-21 21:50:00,89.99,90.13,89.73,89.89,2012
2026-04-21 21:55:00,89.89,90.05,89.87,89.96,773
2026-04-21 22:00:00,89.96,90.04,89.77,89.99,1676
2026-04-21 22:05:00,89.99,90.22,89.81,90.12,2031
2026-04-21 22:10:00,90.11,90.35,90.06,90.27,2225
2026-04-21 22:15:00,90.24,90.3,90.12,90.21,1040
2026-04-21 22:20:00,90.23,90.41,90.16,90.38,1645
2026-04-21 22:25:00,90.37,90.45,90.25,90.42,1126
2026-04-21 22:30:00,90.42,90.42,90.28,90.41,1432
2026-04-21 22:35:00,90.41,90.99,90.4,90.81,4659
2026-04-21 22:40:00,90.81,91.45,90.8,91.28,4978
2026-04-21 22:45:00,91.27,91.43,91.01,91.34,2748
2026-04-21 22:50:00,91.33,91.33,91.08,91.16,1846
2026-04-21 22:55:00,91.14,91.22,90.83,91.09,2527
2026-04-21 23:00:00,91.09,91.11,90.68,90.77,1934
2026-04-21 23:05:00,90.78,90.95,89.92,90.04,6407
2026-04-21 23:10:00,90.04,90.08,88.97,89.4,10109
2026-04-21 23:15:00,89.4,89.8,89.29,89.65,4117
2026-04-21 23:20:00,89.66,89.89,89.38,89.73,3212
2026-04-21 23:25:00,89.74,89.98,89.41,89.42,3552
2026-04-21 23:30:00,89.43,89.48,89.19,89.42,3316
2026-04-21 23:35:00,89.42,89.53,89.11,89.48,3270
2026-04-21 23:40:00,89.49,89.68,89.39,89.48,3176
2026-04-21 23:45:00,89.49,90.06,89.26,89.62,6538
2026-04-21 23:50:00,89.63,89.8,89.54,89.74,4052
2026-04-21 23:55:00,89.73,89.89,89.41,89.56,9715
2026-04-22 00:00:00,89.55,89.86,89.28,89.36,4085
2026-04-22 00:05:00,89.37,89.6,89.3,89.45,1892
2026-04-22 00:10:00,89.46,89.71,89.46,89.67,1118
2026-04-22 00:15:00,89.66,89.67,89.43,89.52,1619
2026-04-22 00:20:00,89.53,89.74,88.35,88.4,4384
2026-04-22 00:25:00,88.39,89.11,87.91,88.82,6641
2026-04-22 00:30:00,88.82,88.93,88.37,88.73,3040
2026-04-22 00:35:00,88.73,88.85,88.6,88.75,1698
2026-04-22 00:40:00,88.76,89.15,88.31,88.85,4360
2026-04-22 00:45:00,88.84,89.34,88.5,88.81,2882
2026-04-22 00:50:00,88.79,88.79,87.86,88.22,2612
2026-04-22 00:55:00,88.25,88.52,88.18,88.38,1259
2026-04-22 01:00:00,88.37,88.91,88.37,88.85,1957
2026-04-22 01:05:00,88.85,90.14,88.85,90.07,3909
2026-04-22 01:10:00,90.05,91.9,90.04,91.71,7837
2026-04-22 01:15:00,91.68,91.97,91.09,91.48,4811
2026-04-22 01:20:00,91.45,92.21,91.38,92.03,4473
2026-04-22 01:25:00,92.02,92.23,91.65,91.78,3025
2026-04-22 01:30:00,91.78,91.94,91.64,91.75,1748
2026-04-22 01:35:00,91.72,91.95,88.88,89.54,4944
2026-04-22 01:40:00,89.48,89.95,87.89,89.84,6056
2026-04-22 01:45:00,89.84,90.86,89.52,90.77,4388
2026-04-22 01:50:00,90.77,90.78,89.74,89.77,2090
2026-04-22 01:55:00,89.76,90.17,89.63,89.99,1204
2026-04-22 02:00:00,90.01,90.03,89.74,89.86,580
2026-04-22 02:05:00,89.82,90.26,89.82,90.26,588
2026-04-22 02:10:00,90.26,90.68,90.23,90.63,687
2026-04-22 02:15:00,90.63,90.87,90.33,90.38,862
2026-04-22 02:20:00,90.42,90.52,90.17,90.3,668
2026-04-22 02:25:00,90.3,90.55,90.12,90.22,691
2026-04-22 03:30:00,90.0,90.3,89.71,90.25,0
2026-04-22 03:35:00,90.27,90.7,90.22,90.45,276
2026-04-22 03:40:00,90.45,90.49,90.16,90.26,358
2026-04-22 03:45:00,90.27,90.38,90.09,90.23,299
2026-04-22 03:50:00,90.22,90.23,90.03,90.08,91
2026-04-22 03:55:00,90.09,90.22,90.04,90.22,110
2026-04-22 04:00:00,90.2,90.3,90.19,90.27,82
2026-04-22 04:05:00,90.27,90.38,90.16,90.38,134
2026-04-22 04:10:00,90.35,90.49,90.33,90.39,143
2026-04-22 04:15:00,90.39,90.5,90.38,90.49,76
2026-04-22 04:20:00,90.49,90.5,90.34,90.38,168
2026-04-22 04:25:00,90.4,90.44,90.29,90.33,77
2026-04-22 04:30:00,90.35,90.47,90.35,90.43,100
2026-04-22 04:35:00,90.44,90.48,90.43,90.46,52
2026-04-22 04:40:00,90.48,90.49,90.41,90.43,76
2026-04-22 04:45:00,90.44,90.44,90.32,90.35,62
2026-04-22 04:50:00,90.35,90.45,90.35,90.43,59
2026-04-22 04:55:00,90.43,90.47,90.39,90.43,92
2026-04-22 05:00:00,90.42,90.45,90.37,90.38,68
2026-04-22 05:05:00,90.4,90.5,90.4,90.45,135
2026-04-22 05:10:00,90.44,90.62,90.44,90.61,158
2026-04-22 05:15:00,90.58,90.69,90.58,90.59,171
2026-04-22 05:20:00,90.59,90.71,90.56,90.62,113
2026-04-22 05:25:00,90.6,90.67,90.48,90.49,198
2026-04-22 05:30:00,90.5,90.51,90.07,90.12,988
2026-04-22 05:35:00,90.12,90.18,89.41,89.55,1737
2026-04-22 05:40:00,89.56,89.59,89.14,89.4,906
2026-04-22 05:45:00,89.41,89.48,88.76,89.05,1093
2026-04-22 05:50:00,89.04,89.26,89.01,89.22,538
2026-04-22 05:55:00,89.22,89.5,89.22,89.37,427
2026-04-22 06:00:00,89.36,89.47,89.2,89.42,439
2026-04-22 06:05:00,89.43,89.48,89.34,89.44,227
2026-04-22 06:10:00,89.45,89.66,89.43,89.5,403
2026-04-22 06:15:00,89.5,89.72,89.32,89.68,879
2026-04-22 06:20:00,89.7,89.83,89.64,89.81,351
2026-04-22 06:25:00,89.82,89.85,89.67,89.8,279
2026-04-22 06:30:00,89.79,89.79,89.14,89.26,1107
2026-04-22 06:35:00,89.26,89.49,89.17,89.4,610
2026-04-22 06:40:00,89.36,89.43,89.24,89.34,277
2026-04-22 06:45:00,89.36,89.43,89.24,89.42,121
2026-04-22 06:50:00,89.4,89.46,89.14,89.26,394
2026-04-22 06:55:00,89.26,89.26,89.04,89.13,469
2026-04-22 07:00:00,89.16,89.31,89.11,89.25,398
2026-04-22 07:05:00,89.26,89.32,89.12,89.23,268
2026-04-22 07:10:00,89.27,89.41,89.21,89.39,236
2026-04-22 07:15:00,89.4,89.55,89.36,89.44,407
2026-04-22 07:20:00,89.44,89.56,89.36,89.41,423
2026-04-22 07:25:00,89.41,89.45,89.36,89.4,141
2026-04-22 07:30:00,89.41,89.47,89.33,89.44,141
2026-04-22 07:35:00,89.45,89.46,89.4,89.43,65
2026-04-22 07:40:00,89.4,89.44,89.35,89.39,79
2026-04-22 07:45:00,89.38,89.45,89.29,89.29,213
2026-04-22 07:50:00,89.3,89.52,89.26,89.46,546
2026-04-22 07:55:00,89.48,89.52,89.23,89.24,409
2026-04-22 08:00:00,89.25,89.38,89.15,89.31,367
2026-04-22 08:05:00,89.3,89.34,89.15,89.23,377
2026-04-22 08:10:00,89.25,89.42,89.21,89.34,116
2026-04-22 08:15:00,89.34,89.42,89.24,89.39,116
2026-04-22 08:20:00,89.4,89.49,89.35,89.4,178
2026-04-22 08:25:00,89.41,89.47,89.32,89.33,127
2026-04-22 08:30:00,89.36,89.39,89.22,89.26,118
2026-04-22 08:35:00,89.24,89.31,89.16,89.31,216
2026-04-22 08:40:00,89.32,89.69,89.32,89.6,473
2026-04-22 08:45:00,89.62,89.63,89.39,89.44,445
2026-04-22 08:50:00,89.45,89.47,89.36,89.42,153
2026-04-22 08:55:00,89.4,89.47,89.38,89.38,127
2026-04-22 09:00:00,89.39,89.39,89.25,89.35,228
2026-04-22 09:05:00,89.37,89.51,89.36,89.49,126
2026-04-22 09:10:00,89.49,89.49,89.24,89.26,174
2026-04-22 09:15:00,89.25,89.28,89.23,89.25,100
2026-04-22 09:20:00,89.24,89.26,89.17,89.25,224
2026-04-22 09:25:00,89.25,89.31,89.24,89.25,85
2026-04-22 09:30:00,89.26,89.28,89.19,89.25,247
2026-04-22 09:35:00,89.25,89.26,89.21,89.24,116
2026-04-22 09:40:00,89.23,89.45,89.22,89.38,791
2026-04-22 09:45:00,89.36,89.47,89.33,89.33,207
2026-04-22 09:50:00,89.33,89.52,89.33,89.47,242
2026-04-22 09:55:00,89.48,89.54,89.45,89.52,103
2026-04-22 10:00:00,89.53,89.56,89.5,89.51,70
2026-04-22 10:05:00,89.5,89.55,89.46,89.51,128
2026-04-22 10:10:00,89.49,89.52,89.4,89.51,123
2026-04-22 10:15:00,89.5,89.51,89.28,89.29,344
2026-04-22 10:20:00,89.31,89.55,89.31,89.52,231
2026-04-22 10:25:00,89.54,89.62,89.5,89.58,164
2026-04-22 10:30:00,89.56,89.59,89.45,89.46,117
2026-04-22 10:35:00,89.46,89.46,89.26,89.31,203
2026-04-22 10:40:00,89.32,89.32,89.17,89.23,486
2026-04-22 10:45:00,89.24,89.27,88.31,88.45,3435
2026-04-22 10:50:00,88.42,88.51,87.74,87.85,2581
2026-04-22 10:55:00,87.88,88.39,87.64,88.35,1398
2026-04-22 11:00:00,88.37,88.42,88.09,88.24,883
2026-04-22 11:05:00,88.23,88.38,88.15,88.38,713
2026-04-22 11:10:00,88.38,88.52,88.23,88.38,588
2026-04-22 11:15:00,88.39,88.61,88.34,88.6,377
2026-04-22 11:20:00,88.59,88.69,88.46,88.67,401
2026-04-22 11:25:00,88.68,88.83,88.63,88.76,530
2026-04-22 11:30:00,88.76,88.96,88.76,88.79,371
2026-04-22 11:35:00,88.78,88.84,88.72,88.79,325
2026-04-22 11:40:00,88.78,88.89,88.62,88.81,269
2026-04-22 11:45:00,88.81,88.9,88.73,88.74,193
2026-04-22 11:50:00,88.75,88.91,88.73,88.89,410
2026-04-22 11:55:00,88.88,88.92,88.73,88.73,281
2026-04-22 12:00:00,88.77,88.89,88.66,88.74,582
2026-04-22 12:05:00,88.74,88.82,88.66,88.67,498
2026-04-22 12:10:00,88.68,88.85,88.62,88.84,365
2026-04-22 12:15:00,88.83,88.84,88.69,88.73,188
2026-04-22 12:20:00,88.75,88.86,88.64,88.77,168
2026-04-22 12:25:00,88.77,88.82,88.72,88.73,157
2026-04-22 12:30:00,88.71,88.83,88.5,88.69,621
2026-04-22 12:35:00,88.69,88.83,88.57,88.64,389
2026-04-22 12:40:00,88.65,88.88,88.64,88.86,310
2026-04-22 12:45:00,88.87,89.41,88.87,89.14,1170
2026-04-22 12:50:00,89.15,89.26,89.03,89.09,717
2026-04-22 12:55:00,89.09,89.12,88.92,89.04,387
2026-04-22 13:00:00,89.06,89.18,88.98,89.11,261
2026-04-22 13:05:00,89.09,89.18,89.0,89.18,193
2026-04-22 13:10:00,89.18,89.34,89.12,89.12,796
2026-04-22 13:15:00,89.12,89.34,89.1,89.3,283
2026-04-22 13:20:00,89.29,89.31,89.14,89.24,292
2026-04-22 13:25:00,89.22,89.38,89.19,89.38,359
2026-04-22 13:30:00,89.37,89.45,89.25,89.3,513
2026-04-22 13:35:00,89.27,89.61,89.22,89.59,676
2026-04-22 13:40:00,89.57,89.76,89.5,89.75,625
2026-04-22 13:45:00,89.74,90.18,89.73,90.0,1339
2026-04-22 13:50:00,90.01,90.46,89.97,90.34,1251
2026-04-22 13:55:00,90.34,90.78,90.29,90.77,1174
2026-04-22 14:00:00,90.75,91.26,90.56,91.16,1835
2026-04-22 14:05:00,91.17,91.41,91.1,91.37,1259
2026-04-22 14:10:00,91.37,91.41,90.9,90.91,1302
2026-04-22 14:15:00,90.91,91.2,90.86,91.01,766
2026-04-22 14:20:00,91.02,91.15,90.81,90.89,875
2026-04-22 14:25:00,90.88,90.93,90.78,90.81,448
2026-04-22 14:30:00,90.81,90.97,90.49,90.71,2183
2026-04-22 14:35:00,90.71,90.71,90.39,90.48,1112
2026-04-22 14:40:00,90.46,90.54,90.33,90.33,553
2026-04-22 14:45:00,90.34,90.54,90.25,90.47,470
2026-04-22 14:50:00,90.48,90.51,90.14,90.39,471
2026-04-22 14:55:00,90.4,90.42,90.15,90.27,356
2026-04-22 15:00:00,90.28,90.5,90.22,90.43,487
2026-04-22 15:05:00,90.4,90.46,90.17,90.3,503
2026-04-22 15:10:00,90.3,90.47,90.23,90.45,338
2026-04-22 15:15:00,90.46,90.53,90.39,90.5,382
2026-04-22 15:20:00,90.51,91.05,90.51,91.0,1128
2026-04-22 15:25:00,91.0,91.15,90.69,90.86,1056
2026-04-22 15:30:00,90.86,90.87,90.6,90.71,692
2026-04-22 15:35:00,90.71,90.79,90.55,90.77,388
2026-04-22 15:40:00,90.75,90.95,90.68,90.76,425
2026-04-22 15:45:00,90.68,90.72,90.44,90.45,494
2026-04-22 15:50:00,90.45,90.49,90.32,90.43,478
2026-04-22 15:55:00,90.44,90.45,90.02,90.15,821
2026-04-22 16:00:00,90.14,90.27,89.98,90.05,603
2026-04-22 16:05:00,90.04,90.17,89.94,90.1,475
2026-04-22 16:10:00,90.12,90.43,90.12,90.24,475
2026-04-22 16:15:00,90.23,90.3,90.11,90.27,559
2026-04-22 16:20:00,90.28,90.34,90.18,90.18,424
2026-04-22 16:25:00,90.2,90.23,90.05,90.12,419
2026-04-22 16:30:00,90.11,90.43,90.01,90.31,977
2026-04-22 16:35:00,90.29,90.32,90.07,90.27,683
2026-04-22 16:40:00,90.25,90.43,90.19,90.43,515
2026-04-22 16:45:00,90.44,90.47,90.27,90.36,638
2026-04-22 16:50:00,90.33,90.55,90.23,90.52,514
2026-04-22 16:55:00,90.54,90.58,90.39,90.41,472
2026-04-22 17:00:00,90.41,90.45,90.29,90.3,581
2026-04-22 17:05:00,90.29,90.45,90.24,90.38,374
2026-04-22 17:10:00,90.37,90.64,90.3,90.53,848
2026-04-22 17:15:00,90.52,90.52,89.93,90.02,737
2026-04-22 17:20:00,90.0,90.23,89.79,90.18,934
2026-04-22 17:25:00,90.17,90.37,90.17,90.21,750
2026-04-22 17:30:00,90.22,90.25,89.85,89.93,841
2026-04-22 17:35:00,89.92,90.23,89.92,90.1,577
2026-04-22 17:40:00,90.11,90.22,89.87,90.01,1039
2026-04-22 17:45:00,89.99,90.1,89.71,89.76,777
2026-04-22 17:50:00,89.77,90.12,89.76,90.12,653
2026-04-22 17:55:00,90.1,90.56,89.92,90.53,2974
2026-04-22 18:00:00,90.55,90.89,90.43,90.62,2272
2026-04-22 18:05:00,90.61,91.04,90.61,90.88,1759
2026-04-22 18:10:00,90.88,91.12,90.75,91.0,2090
2026-04-22 18:15:00,91.01,91.6,90.97,91.54,2525
2026-04-22 18:20:00,91.55,91.55,91.12,91.3,2118
2026-04-22 18:25:00,91.32,91.47,91.23,91.43,1164
2026-04-22 18:30:00,91.42,91.5,91.18,91.24,2751
2026-04-22 18:35:00,91.24,91.35,90.42,90.89,5274
2026-04-22 18:40:00,90.91,91.5,90.89,91.27,3453
2026-04-22 18:45:00,91.27,91.88,90.73,90.85,6413
2026-04-22 18:50:00,90.86,91.5,90.68,91.11,4283
2026-04-22 18:55:00,91.09,91.28,91.06,91.17,1794
2026-04-22 19:00:00,91.17,91.83,91.13,91.74,3981
2026-04-22 19:05:00,91.75,92.08,91.65,91.81,3221
2026-04-22 19:10:00,91.82,91.86,91.59,91.81,1554
2026-04-22 19:15:00,91.81,91.84,91.47,91.64,2557
2026-04-22 19:20:00,91.65,91.83,91.55,91.56,2302
2026-04-22 19:25:00,91.58,91.91,91.58,91.73,1619
2026-04-22 19:30:00,91.74,91.82,91.52,91.65,1836
2026-04-22 19:35:00,91.65,91.74,91.4,91.42,1594
2026-04-22 19:40:00,91.42,91.64,91.37,91.46,1579
2026-04-22 19:45:00,91.44,91.49,91.14,91.28,1794
2026-04-22 19:50:00,91.27,91.73,91.25,91.59,1894
2026-04-22 19:55:00,91.6,91.6,91.27,91.28,1427
2026-04-22 20:00:00,91.27,91.88,91.2,91.47,3428
2026-04-22 20:05:00,91.48,91.73,90.96,91.16,3348
2026-04-22 20:10:00,91.16,92.02,91.08,91.99,3120
2026-04-22 20:15:00,91.98,92.0,91.64,91.72,2462
2026-04-22 20:20:00,91.73,92.39,91.61,92.16,3528
2026-04-22 20:25:00,92.2,92.46,92.09,92.21,2555
2026-04-22 20:30:00,92.21,92.39,92.05,92.32,2513
2026-04-22 20:35:00,92.34,92.42,91.59,91.89,4168
2026-04-22 20:40:00,91.9,91.92,91.31,91.9,3450
2026-04-22 20:45:00,91.91,92.38,91.9,92.27,2072
2026-04-22 20:50:00,92.29,92.36,92.12,92.24,2202
2026-04-22 20:55:00,92.24,92.46,92.03,92.27,4017
2026-04-22 21:00:00,92.28,92.61,92.15,92.57,2868
2026-04-22 21:05:00,92.55,92.93,92.53,92.88,4958
2026-04-22 21:10:00,92.89,93.14,92.79,92.95,3814
2026-04-22 21:15:00,92.94,93.13,92.84,93.08,2195
2026-04-22 21:20:00,93.11,93.27,92.97,93.1,3817
2026-04-22 21:25:00,93.1,93.19,92.96,93.11,1259
2026-04-22 21:30:00,93.09,93.22,92.93,92.96,1530
2026-04-22 21:35:00,92.97,93.03,92.88,92.95,1229
2026-04-22 21:40:00,92.96,93.22,92.93,93.14,1151
2026-04-22 21:45:00,93.14,93.41,93.06,93.4,1712
2026-04-22 21:50:00,93.39,93.5,93.23,93.43,1945
2026-04-22 21:55:00,93.41,93.44,93.15,93.22,1200
2026-04-22 22:00:00,93.22,93.4,93.22,93.34,676
2026-04-22 22:05:00,93.34,93.42,93.24,93.29,988
2026-04-22 22:10:00,93.3,93.68,93.19,93.57,3728
2026-04-22 22:15:00,93.58,93.6,93.28,93.34,947
2026-04-22 22:20:00,93.35,93.71,93.31,93.51,1765
2026-04-22 22:25:00,93.5,93.73,93.37,93.62,1860
2026-04-22 22:30:00,93.63,93.69,92.85,93.04,5104
2026-04-22 22:35:00,93.04,93.22,92.87,92.88,2194
2026-04-22 22:40:00,92.89,93.12,92.52,93.03,3399
2026-04-22 22:45:00,93.04,93.36,92.88,93.34,1428
2026-04-22 22:50:00,93.33,93.42,93.01,93.15,1857
2026-04-22 22:55:00,93.16,93.21,92.98,93.02,1243
2026-04-22 23:00:00,93.0,93.2,92.92,93.15,1276
2026-04-22 23:05:00,93.16,93.19,92.98,93.1,977
2026-04-22 23:10:00,93.11,93.13,92.81,92.81,1442
2026-04-22 23:15:00,92.8,93.03,92.33,92.7,3555
2026-04-22 23:20:00,92.71,92.91,92.6,92.61,1837
2026-04-22 23:25:00,92.61,92.74,92.52,92.62,1943
2026-04-22 23:30:00,92.63,92.84,92.6,92.77,2013
2026-04-22 23:35:00,92.8,92.89,92.75,92.85,950
2026-04-22 23:40:00,92.87,93.04,92.84,92.86,868
2026-04-22 23:45:00,92.86,93.12,92.81,93.11,1440
2026-04-22 23:50:00,93.11,93.31,93.07,93.2,2742
2026-04-22 23:55:00,93.19,93.23,92.88,93.01,6135
2026-04-23 00:00:00,93.01,93.15,92.94,93.03,1731
2026-04-23 00:05:00,93.03,93.09,92.97,93.0,650
2026-04-23 00:10:00,93.01,93.09,92.94,93.0,1113
2026-04-23 00:15:00,93.0,93.08,92.83,92.88,689
2026-04-23 00:20:00,92.89,92.93,92.78,92.93,512
2026-04-23 00:25:00,92.94,92.98,92.88,92.95,679
2026-04-23 00:30:00,92.95,93.08,92.92,92.99,852
2026-04-23 00:35:00,92.98,92.99,92.82,92.87,390
2026-04-23 00:40:00,92.87,93.0,92.83,92.91,521
2026-04-23 00:45:00,92.9,92.9,92.52,92.72,1310
2026-04-23 00:50:00,92.72,92.83,92.64,92.73,637
2026-04-23 00:55:00,92.73,92.74,92.51,92.59,834
2026-04-23 01:00:00,92.6,92.7,92.56,92.63,646
2026-04-23 01:05:00,92.64,92.68,92.41,92.51,648
2026-04-23 01:10:00,92.47,92.63,92.46,92.62,315
2026-04-23 01:15:00,92.63,92.66,92.52,92.53,213
2026-04-23 01:20:00,92.52,92.6,92.47,92.51,380
2026-04-23 01:25:00,92.5,92.64,92.46,92.61,598
2026-04-23 01:30:00,92.61,92.63,92.54,92.54,152
2026-04-23 01:35:00,92.54,92.63,92.5,92.63,201
2026-04-23 01:40:00,92.62,92.63,92.52,92.57,157
2026-04-23 01:45:00,92.56,92.58,92.41,92.52,416
2026-04-23 01:50:00,92.52,92.55,92.42,92.51,156
2026-04-23 01:55:00,92.51,92.53,92.43,92.5,102
2026-04-23 02:00:00,92.5,92.69,92.5,92.68,213
2026-04-23 02:05:00,92.67,93.14,92.67,92.81,1079
2026-04-23 02:10:00,92.82,92.85,92.67,92.73,209
2026-04-23 02:15:00,92.71,92.76,92.68,92.75,159
2026-04-23 02:20:00,92.75,92.87,92.75,92.82,244
2026-04-23 02:25:00,92.81,92.93,92.81,92.87,283
2026-04-23 03:30:00,92.9,92.93,92.45,92.72,0
2026-04-23 03:35:00,92.72,92.72,92.5,92.55,104
2026-04-23 03:40:00,92.53,92.58,92.46,92.55,92
2026-04-23 03:45:00,92.55,92.56,92.45,92.46,50
2026-04-23 03:50:00,92.49,92.61,92.46,92.53,131
2026-04-23 03:55:00,92.52,92.71,92.52,92.62,74
2026-04-23 04:00:00,92.64,92.65,92.55,92.55,36
2026-04-23 04:05:00,92.57,92.61,92.55,92.56,49
2026-04-23 04:10:00,92.54,92.55,92.33,92.42,208
2026-04-23 04:15:00,92.42,92.46,92.42,92.45,27
2026-04-23 04:20:00,92.44,92.54,92.42,92.52,92
2026-04-23 04:25:00,92.51,92.58,92.5,92.53,32
2026-04-23 04:30:00,92.53,92.59,92.41,92.44,41
2026-04-23 04:35:00,92.46,92.53,92.46,92.53,17
2026-04-23 04:40:00,92.52,92.54,92.43,92.53,80
2026-04-23 04:45:00,92.52,92.53,92.43,92.45,48
2026-04-23 04:50:00,92.43,92.53,92.43,92.49,48
2026-04-23 04:55:00,92.49,92.5,92.44,92.48,21
2026-04-23 05:00:00,92.48,92.62,92.47,92.54,105
2026-04-23 05:05:00,92.56,92.56,92.47,92.51,39
2026-04-23 05:10:00,92.51,92.51,92.46,92.48,31
2026-04-23 05:15:00,92.48,92.5,92.4,92.48,85
2026-04-23 05:20:00,92.48,92.53,92.45,92.53,76
2026-04-23 05:25:00,92.54,92.79,92.54,92.73,300
2026-04-23 05:30:00,92.74,92.93,92.61,92.87,910
2026-04-23 05:35:00,92.85,93.61,92.81,93.54,1300
2026-04-23 05:40:00,93.54,95.66,93.5,95.63,4506
2026-04-23 05:45:00,95.63,97.22,93.89,94.48,9955
2026-04-23 05:50:00,94.4,94.51,93.21,93.92,4421
2026-04-23 05:55:00,93.9,93.99,93.33,93.47,1691
2026-04-23 06:00:00,93.47,93.55,92.87,93.21,1163
2026-04-23 06:05:00,93.21,93.5,93.16,93.5,621
2026-04-23 06:10:00,93.5,93.56,93.24,93.47,600
2026-04-23 06:15:00,93.5,93.52,93.31,93.47,403
2026-04-23 06:20:00,93.44,93.52,92.97,93.23,603
2026-04-23 06:25:00,93.22,93.26,92.88,92.93,755
2026-04-23 06:30:00,92.96,93.24,92.82,92.92,961
2026-04-23 06:35:00,92.92,93.43,92.92,93.35,851
2026-04-23 06:40:00,93.38,93.64,93.32,93.52,705
2026-04-23 06:45:00,93.54,93.66,93.38,93.47,699
2026-04-23 06:50:00,93.44,93.62,93.38,93.55,601
2026-04-23 06:55:00,93.56,93.68,93.5,93.6,220
2026-04-23 07:00:00,93.6,93.65,93.29,93.44,887
2026-04-23 07:05:00,93.41,93.41,93.18,93.35,198
2026-04-23 07:10:00,93.37,93.45,93.13,93.18,224
2026-04-23 07:15:00,93.21,93.39,93.11,93.36,193
2026-04-23 07:20:00,93.37,93.69,93.34,93.68,443
2026-04-23 07:25:00,93.7,93.71,93.44,93.47,204
2026-04-23 07:30:00,93.49,93.58,93.45,93.54,173
2026-04-23 07:35:00,93.55,93.78,93.55,93.69,456
2026-04-23 07:40:00,93.69,93.95,93.66,93.91,1174
2026-04-23 07:45:00,93.9,94.61,93.9,94.38,1963
2026-04-23 07:50:00,94.36,94.46,94.09,94.41,546
2026-04-23 07:55:00,94.39,94.41,94.15,94.33,559
2026-04-23 08:00:00,94.32,94.65,94.17,94.2,686
2026-04-23 08:05:00,94.18,94.24,93.93,94.1,435
2026-04-23 08:10:00,94.14,94.19,93.95,94.13,362
2026-04-23 08:15:00,94.14,94.38,94.11,94.32,339
2026-04-23 08:20:00,94.31,94.44,94.25,94.42,319
2026-04-23 08:25:00,94.42,95.27,94.42,95.06,1938
2026-04-23 08:30:00,95.07,95.23,94.73,94.96,624
2026-04-23 08:35:00,94.95,95.27,94.82,95.1,620
2026-04-23 08:40:00,95.09,95.22,95.01,95.11,385
2026-04-23 08:45:00,95.11,95.11,94.83,94.95,530
2026-04-23 08:50:00,94.96,95.02,94.76,94.8,395
2026-04-23 08:55:00,94.79,94.82,94.57,94.78,661
2026-04-23 09:00:00,94.79,95.09,94.73,94.86,684
2026-04-23 09:05:00,94.84,94.95,94.74,94.83,282
2026-04-23 09:10:00,94.83,94.83,94.64,94.64,242
2026-04-23 09:15:00,94.64,94.69,94.47,94.54,341
2026-04-23 09:20:00,94.53,94.56,94.43,94.53,166
2026-04-23 09:25:00,94.55,94.67,94.51,94.55,284
2026-04-23 09:30:00,94.57,94.6,94.35,94.49,282
2026-04-23 09:35:00,94.51,94.64,94.45,94.48,207
2026-04-23 09:40:00,94.47,94.64,94.43,94.45,166
2026-04-23 09:45:00,94.45,94.58,94.37,94.47,285
2026-04-23 09:50:00,94.47,94.55,94.44,94.5,124
2026-04-23 09:55:00,94.52,94.67,94.52,94.53,166
2026-04-23 10:00:00,94.55,94.55,94.42,94.46,214
2026-04-23 10:05:00,94.44,94.46,94.36,94.38,223
2026-04-23 10:10:00,94.38,94.45,94.15,94.23,377
2026-04-23 10:15:00,94.23,94.3,94.16,94.25,123
2026-04-23 10:20:00,94.27,94.35,94.13,94.19,260
2026-04-23 10:25:00,94.2,94.23,94.03,94.06,192
2026-04-23 10:30:00,94.07,94.27,93.96,94.25,371
2026-04-23 10:35:00,94.26,94.36,94.22,94.36,184
2026-04-23 10:40:00,94.36,94.42,94.31,94.36,137
2026-04-23 10:45:00,94.35,94.45,94.27,94.38,236
2026-04-23 10:50:00,94.38,94.42,94.2,94.34,133
2026-04-23 10:55:00,94.37,94.43,94.28,94.32,114
2026-04-23 11:00:00,94.3,94.41,94.07,94.25,304
2026-04-23 11:05:00,94.23,94.25,94.03,94.25,151
2026-04-23 11:10:00,94.24,94.27,94.16,94.26,114
2026-04-23 11:15:00,94.25,94.33,94.17,94.28,127
2026-04-23 11:20:00,94.28,94.29,94.05,94.06,235
2026-04-23 11:25:00,94.07,94.07,93.83,93.86,473
2026-04-23 11:30:00,93.87,93.87,93.65,93.85,650
2026-04-23 11:35:00,93.86,93.89,93.76,93.81,132
2026-04-23 11:40:00,93.8,94.0,93.7,93.87,278
2026-04-23 11:45:00,93.86,93.95,93.81,93.85,161
2026-04-23 11:50:00,93.85,94.18,93.83,94.18,339
2026-04-23 11:55:00,94.18,94.38,94.14,94.18,493
2026-04-23 12:00:00,94.17,94.36,94.15,94.36,316
2026-04-23 12:05:00,94.36,94.4,94.21,94.32,211
2026-04-23 12:10:00,94.33,94.48,94.3,94.45,335
2026-04-23 12:15:00,94.46,94.65,94.39,94.63,488
2026-04-23 12:20:00,94.65,94.66,94.3,94.36,465
2026-04-23 12:25:00,94.37,94.48,94.36,94.41,285
2026-04-23 12:30:00,94.39,94.53,94.27,94.42,447
2026-04-23 12:35:00,94.43,94.43,94.2,94.29,413
2026-04-23 12:40:00,94.27,94.39,94.24,94.24,295
2026-04-23 12:45:00,94.23,94.42,94.15,94.37,280
2026-04-23 12:50:00,94.37,94.74,94.37,94.58,601
2026-04-23 12:55:00,94.55,94.55,94.37,94.37,421
2026-04-23 13:00:00,94.36,94.51,94.23,94.28,325
2026-04-23 13:05:00,94.27,94.51,93.91,94.42,813
2026-04-23 13:10:00,94.36,94.51,93.85,93.88,430
2026-04-23 13:15:00,93.87,93.99,93.24,93.28,1132
2026-04-23 13:20:00,93.27,93.82,93.24,93.8,1061
2026-04-23 13:25:00,93.8,93.96,93.54,93.69,535
2026-04-23 13:30:00,93.68,94.08,93.66,93.97,427
2026-04-23 13:35:00,93.98,94.39,93.87,94.37,537
2026-04-23 13:40:00,94.36,94.46,94.14,94.28,864
2026-04-23 13:45:00,94.26,94.3,93.9,94.05,495
2026-04-23 13:50:00,94.05,94.07,93.87,93.93,307
2026-04-23 13:55:00,93.92,94.31,93.66,94.25,772
2026-04-23 14:00:00,94.22,94.56,94.16,94.4,845
2026-04-23 14:05:00,94.4,94.79,94.31,94.54,605
2026-04-23 14:10:00,94.56,95.05,94.54,95.0,830
2026-04-23 14:15:00,94.98,95.02,94.76,94.79,698
2026-04-23 14:20:00,94.83,94.95,94.75,94.77,539
2026-04-23 14:25:00,94.76,94.9,94.72,94.9,543
2026-04-23 14:30:00,94.89,95.43,94.82,95.4,1870
2026-04-23 14:35:00,95.42,95.63,95.34,95.6,1213
2026-04-23 14:40:00,95.61,95.64,95.3,95.37,660
2026-04-23 14:45:00,95.37,95.41,94.61,94.79,2217
2026-04-23 14:50:00,94.78,94.81,94.57,94.64,542
2026-04-23 14:55:00,94.65,94.77,94.41,94.64,687
2026-04-23 15:00:00,94.64,94.64,94.27,94.41,533
2026-04-23 15:05:00,94.43,94.64,94.39,94.58,447
2026-04-23 15:10:00,94.57,94.68,94.5,94.65,303
2026-04-23 15:15:00,94.64,94.86,94.61,94.72,464
2026-04-23 15:20:00,94.73,94.84,94.7,94.83,294
2026-04-23 15:25:00,94.83,94.98,94.79,94.93,296
2026-04-23 15:30:00,94.96,94.99,94.76,94.84,309
2026-04-23 15:35:00,94.86,94.91,94.73,94.88,213
2026-04-23 15:40:00,94.87,95.06,94.74,94.91,298
2026-04-23 15:45:00,94.89,94.89,94.66,94.7,311
2026-04-23 15:50:00,94.71,94.78,94.37,94.46,633
2026-04-23 15:55:00,94.45,94.49,94.24,94.32,472
2026-04-23 16:00:00,94.32,94.45,94.18,94.31,435
2026-04-23 16:05:00,94.31,94.52,94.31,94.45,250
2026-04-23 16:10:00,94.48,94.67,94.42,94.61,457
2026-04-23 16:15:00,94.6,94.61,94.36,94.54,233
2026-04-23 16:20:00,94.52,94.52,94.22,94.27,286
2026-04-23 16:25:00,94.28,94.28,93.74,93.94,1172
2026-04-23 16:30:00,93.92,94.06,93.78,93.97,875
2026-04-23 16:35:00,93.99,94.12,93.89,93.97,567
2026-04-23 16:40:00,93.96,94.1,93.81,94.01,742
2026-04-23 16:45:00,93.99,94.16,93.92,94.1,541
2026-04-23 16:50:00,94.08,94.09,93.76,93.92,434
2026-04-23 16:55:00,93.91,94.15,93.83,94.07,709
2026-04-23 17:00:00,94.04,94.22,93.92,94.15,815
2026-04-23 17:05:00,94.12,94.19,93.35,93.9,2871
2026-04-23 17:10:00,93.9,93.96,93.53,93.56,1139
2026-04-23 17:15:00,93.57,93.62,93.27,93.55,1608
2026-04-23 17:20:00,93.55,93.68,93.17,93.2,1148
2026-04-23 17:25:00,93.2,93.4,93.03,93.25,1456
2026-04-23 17:30:00,93.26,93.32,92.88,93.28,1288
2026-04-23 17:35:00,93.27,93.27,92.3,92.89,4331
2026-04-23 17:40:00,92.9,92.95,92.4,92.65,2314
2026-04-23 17:45:00,92.65,92.91,92.41,92.79,1445
2026-04-23 17:50:00,92.77,93.2,92.77,93.06,1654
2026-04-23 17:55:00,93.05,93.13,92.84,92.92,651
2026-04-23 18:00:00,92.93,92.97,92.74,92.76,835
2026-04-23 18:05:00,92.75,92.79,92.45,92.71,1065
2026-04-23 18:10:00,92.71,92.94,92.67,92.89,1301
2026-04-23 18:15:00,92.88,94.0,92.72,93.81,5968
2026-04-23 18:20:00,93.81,93.97,93.54,93.59,1714
2026-04-23 18:25:00,93.59,93.69,93.09,93.23,2503
2026-04-23 18:30:00,93.22,93.35,92.98,93.24,2968
2026-04-23 18:35:00,93.25,93.54,93.15,93.38,1488
2026-04-23 18:40:00,93.37,94.01,93.35,93.74,3182
2026-04-23 18:45:00,93.74,93.86,93.54,93.68,1623
2026-04-23 18:50:00,93.68,93.78,93.36,93.78,1746
2026-04-23 18:55:00,93.79,94.0,93.78,93.96,1458
2026-04-23 19:00:00,93.97,94.22,93.8,94.22,2032
2026-04-23 19:05:00,94.23,94.39,94.03,94.05,1989
2026-04-23 19:10:00,94.06,94.38,93.74,94.36,1820
2026-04-23 19:15:00,94.39,94.45,93.9,93.95,2002
2026-04-23 19:20:00,93.96,94.06,93.84,93.91,1021
2026-04-23 19:25:00,93.9,94.04,93.82,93.99,1408
2026-04-23 19:30:00,93.99,94.63,93.99,94.1,4555
2026-04-23 19:35:00,94.1,94.25,93.84,94.1,1793
2026-04-23 19:40:00,94.09,94.16,93.67,93.79,2597
2026-04-23 19:45:00,93.83,93.83,93.45,93.67,2461
2026-04-23 19:50:00,93.68,93.71,93.34,93.4,2390
2026-04-23 19:55:00,93.4,93.53,93.26,93.38,2045
2026-04-23 20:00:00,93.39,93.48,93.23,93.48,1481
2026-04-23 20:05:00,93.49,93.74,93.21,93.59,2529
2026-04-23 20:10:00,93.58,93.73,93.28,93.29,1427
2026-04-23 20:15:00,93.28,93.59,93.15,93.26,1902
2026-04-23 20:20:00,93.28,93.42,93.03,93.13,1919
2026-04-23 20:25:00,93.13,93.3,93.05,93.08,905
2026-04-23 20:30:00,93.09,93.22,92.96,93.1,1684
2026-04-23 20:35:00,93.09,93.73,93.08,93.68,2474
2026-04-23 20:40:00,93.69,93.78,93.54,93.63,1184
2026-04-23 20:45:00,93.64,93.78,93.33,93.44,1457
2026-04-23 20:50:00,93.44,93.6,93.37,93.59,1128
2026-04-23 20:55:00,93.6,93.68,93.34,93.66,1494
2026-04-23 21:00:00,93.67,93.97,93.61,93.95,2189
2026-04-23 21:05:00,93.94,94.18,93.85,94.17,1825
2026-04-23 21:10:00,94.17,94.2,93.89,94.14,1783
2026-04-23 21:15:00,94.12,94.65,94.12,94.37,4325
2026-04-23 21:20:00,94.39,94.54,94.27,94.49,1190
2026-04-23 21:25:00,94.48,94.49,94.24,94.45,1268
2026-04-23 21:30:00,94.45,94.69,94.34,94.68,1968
2026-04-23 21:35:00,94.69,94.7,94.43,94.48,1894
2026-04-23 21:40:00,94.46,94.65,94.38,94.5,992
2026-04-23 21:45:00,94.5,94.59,94.38,94.41,1051
2026-04-23 21:50:00,94.4,94.56,94.35,94.55,948
2026-04-23 21:55:00,94.56,94.59,94.29,94.35,1319
2026-04-23 22:00:00,94.34,94.45,94.01,94.04,1226
2026-04-23 22:05:00,94.04,94.29,93.93,94.22,1389
2026-04-23 22:10:00,94.23,94.4,94.17,94.21,895
2026-04-23 22:15:00,94.22,94.22,93.98,94.03,1279
2026-04-23 22:20:00,94.06,94.32,94.05,94.26,992
2026-04-23 22:25:00,94.28,94.64,94.2,94.46,1928
2026-04-23 22:30:00,94.44,95.58,94.43,95.47,8355
2026-04-23 22:35:00,95.49,96.15,95.47,96.11,6509
2026-04-23 22:40:00,96.09,96.24,95.75,95.94,4904
2026-04-23 22:45:00,95.93,96.68,95.92,96.55,4983
2026-04-23 22:50:00,96.55,96.94,96.5,96.73,4213
2026-04-23 22:55:00,96.72,96.88,96.13,96.73,5655
2026-04-23 23:00:00,96.74,97.01,96.43,96.55,4418
2026-04-23 23:05:00,96.54,97.49,96.39,97.44,5270
2026-04-23 23:10:00,97.46,98.2,97.43,97.85,6536
2026-04-23 23:15:00,97.86,98.39,97.23,97.38,7532
2026-04-23 23:20:00,97.4,97.97,95.94,96.76,12920
2026-04-23 23:25:00,96.75,97.0,96.05,96.19,5483
2026-04-23 23:30:00,96.22,96.3,95.2,96.09,6562
2026-04-23 23:35:00,96.08,96.33,95.48,96.0,3634
2026-04-23 23:40:00,95.99,96.05,95.23,95.69,5981
2026-04-23 23:45:00,95.7,95.94,95.44,95.61,2963
2026-04-23 23:50:00,95.59,95.96,95.4,95.77,3554
2026-04-23 23:55:00,95.75,96.07,95.6,95.76,7926
2026-04-24 00:00:00,95.77,95.79,95.4,95.5,2502
2026-04-24 00:05:00,95.51,95.9,95.31,95.79,1292
2026-04-24 00:10:00,95.78,96.57,95.77,96.04,3141
2026-04-24 00:15:00,96.05,96.4,96.01,96.4,574
2026-04-24 00:20:00,96.41,96.49,96.02,96.12,741
2026-04-24 00:25:00,96.12,96.85,96.09,96.71,2289
2026-04-24 00:30:00,96.69,96.88,96.34,96.49,2398
2026-04-24 00:35:00,96.48,96.51,96.2,96.29,704
2026-04-24 00:40:00,96.28,96.41,96.23,96.26,461
2026-04-24 00:45:00,96.25,96.27,95.96,96.11,795
2026-04-24 00:50:00,96.08,96.33,96.08,96.32,771
2026-04-24 00:55:00,96.31,96.46,96.22,96.25,541
2026-04-24 01:00:00,96.27,96.49,96.18,96.46,427
2026-04-24 01:05:00,96.47,96.74,96.45,96.54,723
2026-04-24 01:10:00,96.52,96.67,96.36,96.6,818
2026-04-24 01:15:00,96.59,96.62,96.34,96.34,344
2026-04-24 01:20:00,96.35,96.58,96.34,96.4,812
2026-04-24 01:25:00,96.4,96.5,96.3,96.4,540
2026-04-24 01:30:00,96.41,96.57,96.4,96.54,347
2026-04-24 01:35:00,96.54,97.0,96.49,96.92,704
2026-04-24 01:40:00,96.94,97.12,96.8,96.85,814
2026-04-24 01:45:00,96.86,97.31,96.86,96.94,624
2026-04-24 01:50:00,96.93,96.94,96.63,96.64,490
2026-04-24 01:55:00,96.63,96.7,96.57,96.58,137
2026-04-24 02:00:00,96.55,96.89,96.44,96.88,398
2026-04-24 02:05:00,96.87,96.92,96.71,96.71,458
2026-04-24 02:10:00,96.7,96.95,96.61,96.88,440
2026-04-24 02:15:00,96.89,97.12,96.83,97.12,714
2026-04-24 02:20:00,97.1,97.41,97.06,97.1,602
2026-04-24 02:25:00,97.1,97.11,96.92,97.0,643
2026-04-24 03:30:00,96.62,96.74,95.88,96.6,0
2026-04-24 03:35:00,96.57,96.67,96.36,96.67,188
2026-04-24 03:40:00,96.63,96.67,96.54,96.57,113
2026-04-24 03:45:00,96.59,96.65,96.54,96.62,85
2026-04-24 03:50:00,96.63,96.84,96.61,96.76,144
2026-04-24 03:55:00,96.75,96.96,96.75,96.91,191
2026-04-24 04:00:00,96.87,97.15,96.82,97.05,346
2026-04-24 04:05:00,97.04,97.35,96.96,97.28,259
2026-04-24 04:10:00,97.25,97.35,97.06,97.08,185
2026-04-24 04:15:00,97.08,97.13,97.02,97.08,127
2026-04-24 04:20:00,97.07,97.07,96.96,97.03,62
2026-04-24 04:25:00,97.0,97.08,96.98,97.08,22
2026-04-24 04:30:00,97.08,97.13,97.04,97.04,48
2026-04-24 04:35:00,97.03,97.07,97.0,97.02,61
2026-04-24 04:40:00,97.04,97.12,97.02,97.12,59
2026-04-24 04:45:00,97.1,97.11,97.03,97.05,82
2026-04-24 04:50:00,97.02,97.06,97.02,97.06,19
2026-04-24 04:55:00,97.06,97.06,96.95,96.95,77
2026-04-24 05:00:00,96.95,96.95,96.8,96.81,137
2026-04-24 05:05:00,96.82,96.87,96.81,96.86,103
2026-04-24 05:10:00,96.87,96.96,96.83,96.94,73
2026-04-24 05:15:00,96.93,96.93,96.8,96.83,108
2026-04-24 05:20:00,96.82,96.85,96.68,96.73,168
2026-04-24 05:25:00,96.76,96.87,96.76,96.81,285
2026-04-24 05:30:00,96.79,96.87,96.68,96.77,683
2026-04-24 05:35:00,96.78,97.07,96.72,96.91,482
2026-04-24 05:40:00,96.92,97.0,96.88,96.89,270
2026-04-24 05:45:00,96.9,96.9,96.68,96.72,302
2026-04-24 05:50:00,96.73,96.88,96.73,96.76,223
2026-04-24 05:55:00,96.77,96.87,96.68,96.7,171
2026-04-24 06:00:00,96.7,96.8,96.68,96.75,386
2026-04-24 06:05:00,96.76,96.89,96.73,96.73,374
2026-04-24 06:10:00,96.74,97.07,96.68,97.01,1491
2026-04-24 06:15:00,97.04,97.45,97.0,97.38,893
2026-04-24 06:20:00,97.34,97.54,97.25,97.26,486
2026-04-24 06:25:00,97.26,97.41,97.13,97.17,385
2026-04-24 06:30:00,97.18,97.18,96.91,97.08,450
2026-04-24 06:35:00,97.14,97.17,96.77,96.87,381
2026-04-24 06:40:00,96.88,96.9,96.68,96.73,335
2026-04-24 06:45:00,96.74,96.81,96.68,96.81,533
2026-04-24 06:50:00,96.82,97.05,96.78,96.96,352
2026-04-24 06:55:00,96.99,97.17,96.99,97.17,274
2026-04-24 07:00:00,97.16,97.51,97.07,97.43,759
2026-04-24 07:05:00,97.44,97.6,97.22,97.26,563
2026-04-24 07:10:00,97.26,97.42,97.18,97.36,240
2026-04-24 07:15:00,97.36,97.36,97.2,97.24,226
2026-04-24 07:20:00,97.25,97.34,97.25,97.29,99
2026-04-24 07:25:00,97.28,97.3,96.94,97.01,370
2026-04-24 07:30:00,97.0,97.08,96.95,96.95,175
2026-04-24 07:35:00,96.97,97.01,96.88,96.96,265
2026-04-24 07:40:00,96.98,97.0,96.84,96.92,189
2026-04-24 07:45:00,96.9,96.9,96.77,96.78,277
2026-04-24 07:50:00,96.8,96.8,96.68,96.72,417
2026-04-24 07:55:00,96.73,96.79,96.68,96.76,624
2026-04-24 08:00:00,96.77,96.8,96.41,96.55,803
2026-04-24 08:05:00,96.56,96.65,96.47,96.57,254
2026-04-24 08:10:00,96.57,96.65,96.41,96.44,294
2026-04-24 08:15:00,96.45,96.6,96.39,96.53,191
2026-04-24 08:20:00,96.53,96.59,96.48,96.48,220
2026-04-24 08:25:00,96.49,96.55,96.47,96.48,88
2026-04-24 08:30:00,96.48,96.65,96.4,96.61,243
2026-04-24 08:35:00,96.61,96.69,96.54,96.57,154
2026-04-24 08:40:00,96.6,96.65,96.5,96.51,85
2026-04-24 08:45:00,96.54,96.54,96.43,96.47,166
2026-04-24 08:50:00,96.47,96.52,96.31,96.33,260
2026-04-24 08:55:00,96.34,96.37,96.08,96.37,915
2026-04-24 09:00:00,96.38,96.6,96.37,96.57,236
2026-04-24 09:05:00,96.59,96.68,96.51,96.54,184
2026-04-24 09:10:00,96.51,96.58,96.51,96.51,100
2026-04-24 09:15:00,96.52,96.65,96.52,96.59,116
2026-04-24 09:20:00,96.59,96.66,96.58,96.62,101
2026-04-24 09:25:00,96.61,96.65,96.54,96.62,168
2026-04-24 09:30:00,96.62,96.72,96.57,96.71,342
2026-04-24 09:35:00,96.71,96.71,96.54,96.57,68
2026-04-24 09:40:00,96.55,96.65,96.54,96.61,67
2026-04-24 09:45:00,96.61,96.69,96.57,96.64,72
2026-04-24 09:50:00,96.67,96.67,96.43,96.48,381
2026-04-24 09:55:00,96.49,96.54,96.44,96.5,48
2026-04-24 10:00:00,96.5,96.5,96.36,96.36,120
2026-04-24 10:05:00,96.39,96.49,96.36,96.49,105
2026-04-24 10:10:00,96.5,96.51,96.33,96.33,112
2026-04-24 10:15:00,96.33,96.33,96.06,96.16,324
2026-04-24 10:20:00,96.17,96.2,96.15,96.16,88
2026-04-24 10:25:00,96.19,96.19,95.95,96.01,307
2026-04-24 10:30:00,96.01,96.11,95.88,96.04,448
2026-04-24 10:35:00,96.03,96.09,95.91,96.09,208
2026-04-24 10:40:00,96.1,96.17,95.98,96.02,196
2026-04-24 10:45:00,96.02,96.14,95.97,96.08,140
2026-04-24 10:50:00,96.08,96.11,95.94,95.99,131
2026-04-24 10:55:00,95.98,96.06,95.89,96.06,207
2026-04-24 11:00:00,96.04,96.04,95.75,95.78,436
2026-04-24 11:05:00,95.77,95.86,95.66,95.76,448
2026-04-24 11:10:00,95.83,95.91,95.7,95.84,306
2026-04-24 11:15:00,95.83,96.02,95.82,95.89,214
2026-04-24 11:20:00,95.9,96.06,95.88,95.92,183
2026-04-24 11:25:00,95.93,95.97,95.87,95.94,123
2026-04-24 11:30:00,95.97,96.03,95.82,95.88,246
2026-04-24 11:35:00,95.91,96.05,95.91,95.96,176
2026-04-24 11:40:00,95.96,95.96,95.56,95.6,496
2026-04-24 11:45:00,95.61,95.78,95.55,95.75,296
2026-04-24 11:50:00,95.75,96.06,95.73,96.04,285
2026-04-24 11:55:00,96.05,96.13,95.96,96.05,281
2026-04-24 12:00:00,96.05,96.12,95.83,96.02,361
2026-04-24 12:05:00,96.02,96.18,95.95,96.05,313
2026-04-24 12:10:00,96.07,96.16,95.97,95.99,288
2026-04-24 12:15:00,95.98,96.33,95.96,96.33,497
2026-04-24 12:20:00,96.32,96.47,96.29,96.29,670
2026-04-24 12:25:00,96.3,96.56,96.22,96.5,758
2026-04-24 12:30:00,96.52,96.64,96.32,96.35,854
2026-04-24 12:35:00,96.35,96.47,96.2,96.45,651
2026-04-24 12:40:00,96.47,96.48,96.24,96.32,462
2026-04-24 12:45:00,96.3,96.43,96.25,96.41,266
2026-04-24 12:50:00,96.42,96.43,96.06,96.21,820
2026-04-24 12:55:00,96.24,96.29,96.01,96.17,386
2026-04-24 13:00:00,96.17,96.46,96.16,96.37,518
2026-04-24 13:05:00,96.36,96.51,96.34,96.5,466
2026-04-24 13:10:00,96.51,96.68,96.47,96.64,470
2026-04-24 13:15:00,96.65,96.78,96.6,96.72,527
2026-04-24 13:20:00,96.7,96.75,96.54,96.59,528
2026-04-24 13:25:00,96.58,96.78,96.56,96.7,375
2026-04-24 13:30:00,96.71,97.6,96.71,97.46,1481
2026-04-24 13:35:00,97.47,97.78,97.32,97.76,1249
2026-04-24 13:40:00,97.79,97.85,97.58,97.59,911
2026-04-24 13:45:00,97.55,97.56,97.05,97.14,2031
2026-04-24 13:50:00,97.17,97.27,96.97,97.16,598
2026-04-24 13:55:00,97.17,97.38,97.0,97.24,1511
2026-04-24 14:00:00,97.24,97.3,97.08,97.25,659
2026-04-24 14:05:00,97.23,97.43,97.18,97.25,611
2026-04-24 14:10:00,97.25,97.48,97.2,97.35,570
2026-04-24 14:15:00,97.39,97.42,97.05,97.1,451
2026-04-24 14:20:00,97.12,97.29,97.09,97.24,296
2026-04-24 14:25:00,97.23,97.41,96.94,96.98,469
2026-04-24 14:30:00,96.97,97.31,96.66,97.26,1191
2026-04-24 14:35:00,97.28,97.39,97.21,97.27,358
2026-04-24 14:40:00,97.22,97.29,97.08,97.15,486
2026-04-24 14:45:00,97.18,97.45,97.12,97.32,495
2026-04-24 14:50:00,97.33,97.55,97.24,97.38,628
2026-04-24 14:55:00,97.37,97.48,97.32,97.41,498
2026-04-24 15:00:00,97.4,97.7,97.4,97.57,608
2026-04-24 15:05:00,97.56,97.73,97.41,97.44,648
2026-04-24 15:10:00,97.47,97.53,97.34,97.45,273
2026-04-24 15:15:00,97.46,97.56,97.37,97.47,563
2026-04-24 15:20:00,97.49,97.78,97.47,97.68,1037
2026-04-24 15:25:00,97.69,97.79,97.63,97.74,553
2026-04-24 15:30:00,97.73,97.73,97.45,97.55,674
2026-04-24 15:35:00,97.57,97.73,97.53,97.57,399
2026-04-24 15:40:00,97.57,97.72,97.55,97.65,370
2026-04-24 15:45:00,97.67,97.69,97.5,97.5,614
2026-04-24 15:50:00,97.5,97.58,97.29,97.48,701
2026-04-24 15:55:00,97.48,97.5,97.35,97.42,244
2026-04-24 16:00:00,97.41,97.53,97.36,97.51,525
2026-04-24 16:05:00,97.53,97.53,97.27,97.43,520
2026-04-24 16:10:00,97.44,97.44,97.11,97.16,357
2026-04-24 16:15:00,97.15,97.23,97.05,97.11,476
2026-04-24 16:20:00,97.11,97.16,96.98,97.03,488
2026-04-24 16:25:00,97.02,97.03,96.84,96.92,495
2026-04-24 16:30:00,96.95,96.96,95.74,95.92,3073
2026-04-24 16:35:00,95.93,96.44,95.02,95.58,8213
2026-04-24 16:40:00,95.59,95.69,94.84,95.15,5300
2026-04-24 16:45:00,95.15,95.39,94.79,95.3,3656
2026-04-24 16:50:00,95.25,95.56,94.36,94.46,5459
2026-04-24 16:55:00,94.43,94.7,93.68,93.74,4628
2026-04-24 17:00:00,93.72,94.3,93.63,94.17,3555
2026-04-24 17:05:00,94.18,94.55,94.14,94.52,2144
2026-04-24 17:10:00,94.51,94.67,94.36,94.6,1712
2026-04-24 17:15:00,94.59,94.97,94.59,94.87,2309
2026-04-24 17:20:00,94.85,94.91,94.61,94.68,1287
2026-04-24 17:25:00,94.69,94.84,94.37,94.48,1166
2026-04-24 17:30:00,94.49,94.73,94.32,94.66,997
2026-04-24 17:35:00,94.69,94.97,94.66,94.81,1238
2026-04-24 17:40:00,94.83,94.84,94.32,94.51,1211
2026-04-24 17:45:00,94.51,94.89,94.15,94.61,2694
2026-04-24 17:50:00,94.64,95.11,94.53,94.79,2241
2026-04-24 17:55:00,94.86,95.13,94.75,94.9,1469
2026-04-24 18:00:00,94.91,95.49,94.89,95.49,2272
2026-04-24 18:05:00,95.47,95.91,95.47,95.78,3567
2026-04-24 18:10:00,95.77,96.06,95.55,95.89,1859
2026-04-24 18:15:00,95.87,96.39,95.62,96.31,3099
2026-04-24 18:20:00,96.31,96.49,96.04,96.34,1787
2026-04-24 18:25:00,96.34,96.34,95.9,95.92,1581
2026-04-24 18:30:00,95.92,95.92,95.49,95.5,2349
2026-04-24 18:35:00,95.51,95.67,95.32,95.53,2420
2026-04-24 18:40:00,95.52,95.53,94.72,95.03,3633
2026-04-24 18:45:00,95.03,95.29,94.65,94.67,2268
2026-04-24 18:50:00,94.7,95.34,94.64,95.15,2237
2026-04-24 18:55:00,95.16,95.34,94.87,94.92,1610
2026-04-24 19:00:00,94.93,95.55,94.85,95.42,2488
2026-04-24 19:05:00,95.41,95.47,95.28,95.39,1034
2026-04-24 19:10:00,95.35,95.44,95.18,95.4,1427
2026-04-24 19:15:00,95.39,95.42,95.01,95.17,2357
2026-04-24 19:20:00,95.17,95.43,95.05,95.41,1191
2026-04-24 19:25:00,95.4,95.48,95.16,95.2,930
2026-04-24 19:30:00,95.23,95.59,95.08,95.15,2141
2026-04-24 19:35:00,95.13,95.5,94.87,94.98,3054
2026-04-24 19:40:00,94.96,95.19,94.75,95.19,2189
2026-04-24 19:45:00,95.18,95.37,94.98,95.08,1604
2026-04-24 19:50:00,95.08,95.26,94.9,95.2,1623
2026-04-24 19:55:00,95.2,95.53,95.07,95.33,1966
2026-04-24 20:00:00,95.34,95.44,94.93,95.05,1775
2026-04-24 20:05:00,95.05,95.12,94.77,95.01,2362
2026-04-24 20:10:00,95.01,95.03,94.7,94.79,2032
2026-04-24 20:15:00,94.79,95.06,94.66,94.93,1922
2026-04-24 20:20:00,94.92,95.16,94.85,95.14,1246
2026-04-24 20:25:00,95.14,95.17,94.84,95.12,1740
2026-04-24 20:30:00,95.12,95.53,95.04,95.51,2250
2026-04-24 20:35:00,95.52,95.81,95.42,95.45,1716
2026-04-24 20:40:00,95.42,95.61,95.2,95.43,2113
2026-04-24 20:45:00,95.42,95.63,95.4,95.44,1472
2026-04-24 20:50:00,95.44,95.58,95.22,95.37,2870
2026-04-24 20:55:00,95.37,95.73,95.28,95.49,2459
2026-04-24 21:00:00,95.47,95.55,94.91,95.26,3851
2026-04-24 21:05:00,95.28,95.33,94.86,94.86,1895
2026-04-24 21:10:00,94.88,95.06,93.63,93.75,6676
2026-04-24 21:15:00,93.71,93.78,92.68,93.6,13806
2026-04-24 21:20:00,93.61,93.68,93.03,93.05,4993
2026-04-24 21:25:00,93.06,93.63,92.97,93.53,4232
2026-04-24 21:30:00,93.53,93.62,93.13,93.54,2804
2026-04-24 21:35:00,93.54,94.06,93.41,93.89,3311
2026-04-24 21:40:00,93.9,93.98,93.53,93.81,2869
2026-04-24 21:45:00,93.81,94.22,93.73,94.13,1735
2026-04-24 21:50:00,94.12,94.13,93.89,93.96,1269
2026-04-24 21:55:00,93.94,94.2,93.81,93.99,1492
2026-04-24 22:00:00,93.98,94.15,93.66,93.96,1541
2026-04-24 22:05:00,93.98,94.11,93.78,94.09,1359
2026-04-24 22:10:00,94.09,94.43,93.95,94.02,2076
2026-04-24 22:15:00,94.02,94.23,93.86,94.16,1355
2026-04-24 22:20:00,94.14,94.16,93.92,94.03,1042
2026-04-24 22:25:00,94.03,94.06,93.68,93.77,2004
2026-04-24 22:30:00,93.76,93.78,93.4,93.5,2076
2026-04-24 22:35:00,93.47,93.77,93.36,93.61,3098
2026-04-24 22:40:00,93.6,93.78,93.46,93.74,1513
2026-04-24 22:45:00,93.74,93.9,93.69,93.7,966
2026-04-24 22:50:00,93.69,93.94,93.6,93.65,1282
2026-04-24 22:55:00,93.66,93.92,93.57,93.89,1184
2026-04-24 23:00:00,93.89,94.11,93.75,93.81,2423
2026-04-24 23:05:00,93.8,93.83,93.14,93.66,2160
2026-04-24 23:10:00,93.68,93.69,93.49,93.54,1183
2026-04-24 23:15:00,93.52,93.55,93.33,93.44,1275
2026-04-24 23:20:00,93.43,93.46,92.75,93.08,2839
2026-04-24 23:25:00,93.08,93.68,93.02,93.61,2183
2026-04-24 23:30:00,93.62,93.92,93.6,93.92,2340
2026-04-24 23:35:00,93.92,94.18,93.92,94.06,2276
2026-04-24 23:40:00,94.06,94.17,93.95,93.99,1518
2026-04-24 23:45:00,93.99,94.36,93.92,94.18,2174
2026-04-24 23:50:00,94.18,94.4,94.07,94.39,2204
2026-04-24 23:55:00,94.39,94.5,94.32,94.42,5843
2026-04-25 00:00:00,94.42,94.64,94.38,94.41,2311
2026-04-25 00:05:00,94.4,94.49,94.22,94.35,1094
2026-04-25 00:10:00,94.36,94.48,94.17,94.42,1187
2026-04-25 00:15:00,94.41,94.43,94.14,94.25,495
2026-04-25 00:20:00,94.23,94.37,94.03,94.33,727
2026-04-25 00:25:00,94.33,94.37,94.19,94.23,417
2026-04-25 00:30:00,94.22,94.42,94.21,94.26,653
2026-04-25 00:35:00,94.26,94.41,94.24,94.3,860
2026-04-25 00:40:00,94.3,94.32,94.11,94.18,435
2026-04-25 00:45:00,94.19,94.41,94.09,94.37,401
2026-04-25 00:50:00,94.37,94.82,94.37,94.79,863
2026-04-25 00:55:00,94.81,94.92,94.71,94.83,746
2026-04-25 01:00:00,94.85,94.94,94.71,94.72,561
2026-04-25 01:05:00,94.73,94.91,94.73,94.81,497
2026-04-25 01:10:00,94.81,94.83,94.68,94.78,486
2026-04-25 01:15:00,94.79,95.21,94.79,95.14,1551
2026-04-25 01:20:00,95.13,95.13,94.81,94.85,1072
2026-04-25 01:25:00,94.84,94.85,94.61,94.77,1221
2026-04-25 01:30:00,94.79,94.92,94.78,94.89,433
2026-04-25 01:35:00,94.87,95.46,94.83,95.11,1809
2026-04-25 01:40:00,95.15,95.4,95.13,95.32,404
2026-04-25 01:45:00,95.32,95.48,95.25,95.46,302
2026-04-25 01:50:00,95.45,95.52,95.34,95.52,271
2026-04-25 01:55:00,95.53,95.56,95.38,95.42,310
2026-04-25 02:00:00,95.41,95.43,95.1,95.29,695
2026-04-25 02:05:00,95.28,95.31,94.92,95.0,579
2026-04-25 02:10:00,95.0,95.08,94.86,94.96,558
2026-04-25 02:15:00,94.96,95.07,94.86,95.0,368
2026-04-25 02:20:00,95.02,95.06,94.85,94.88,401
2026-04-25 02:25:00,94.88,95.04,94.78,94.88,888
2026-04-27 03:40:00,96.35,96.5,96.32,96.45,964
2026-04-27 03:45:00,96.46,96.55,96.4,96.4,382
2026-04-27 03:50:00,96.4,96.54,96.37,96.5,305
2026-04-27 03:55:00,96.52,96.68,96.49,96.51,324
2026-04-27 04:00:00,96.49,96.63,96.45,96.49,365
2026-04-27 04:05:00,96.5,96.62,96.46,96.54,178
2026-04-27 04:10:00,96.55,96.58,96.49,96.49,124
2026-04-27 04:15:00,96.48,96.48,96.35,96.35,313
2026-04-27 04:20:00,96.37,96.5,96.2,96.2,377
2026-04-27 04:25:00,96.2,96.23,95.96,96.01,319
2026-04-27 04:30:00,96.05,96.29,95.95,96.25,373
2026-04-27 04:35:00,96.24,96.27,96.08,96.16,130
2026-04-27 04:40:00,96.13,96.16,96.11,96.15,81
2026-04-27 04:45:00,96.14,96.21,96.08,96.12,139
2026-04-27 04:50:00,96.09,96.16,96.07,96.12,69
2026-04-27 04:55:00,96.12,96.17,96.04,96.17,94
2026-04-27 05:00:00,96.16,96.22,96.16,96.21,111
2026-04-27 05:05:00,96.2,96.22,96.17,96.2,25
2026-04-27 05:10:00,96.21,96.29,96.19,96.23,116
2026-04-27 05:15:00,96.21,96.21,96.14,96.18,113
2026-04-27 05:20:00,96.18,96.23,96.15,96.2,73
2026-04-27 05:25:00,96.17,96.22,96.1,96.13,148
2026-04-27 05:30:00,96.14,96.21,96.11,96.19,186
2026-04-27 05:35:00,96.17,96.53,96.17,96.3,411
2026-04-27 05:40:00,96.3,96.31,95.97,96.0,387
2026-04-27 05:45:00,96.02,96.19,96.02,96.16,221
2026-04-27 05:50:00,96.15,96.23,96.09,96.19,177
2026-04-27 05:55:00,96.19,96.22,96.12,96.19,81
2026-04-27 06:00:00,96.19,96.34,96.18,96.32,147
2026-04-27 06:05:00,96.31,96.41,96.3,96.36,198
2026-04-27 06:10:00,96.36,96.49,96.3,96.49,283
2026-04-27 06:15:00,96.49,96.49,96.36,96.39,178
2026-04-27 06:20:00,96.39,96.4,96.32,96.37,81
2026-04-27 06:25:00,96.37,96.37,95.77,96.07,1470
2026-04-27 06:30:00,96.04,96.04,95.45,95.73,2002
2026-04-27 06:35:00,95.69,95.93,95.66,95.85,730
2026-04-27 06:40:00,95.83,95.83,95.61,95.68,495
2026-04-27 06:45:00,95.69,96.06,95.69,96.03,632
2026-04-27 06:50:00,96.04,96.11,95.87,95.92,289
2026-04-27 06:55:00,95.93,96.12,95.89,95.89,265
2026-04-27 07:00:00,95.88,96.0,95.87,95.91,132
2026-04-27 07:05:00,95.92,95.94,95.74,95.81,144
2026-04-27 07:10:00,95.82,95.85,95.72,95.8,188
2026-04-27 07:15:00,95.81,95.87,95.74,95.76,158
2026-04-27 07:20:00,95.77,95.86,95.69,95.86,270
2026-04-27 07:25:00,95.85,96.05,95.83,95.87,230
2026-04-27 07:30:00,95.86,95.86,95.74,95.78,143
2026-04-27 07:35:00,95.8,95.86,95.76,95.79,148
2026-04-27 07:40:00,95.79,95.85,95.61,95.62,247
2026-04-27 07:45:00,95.62,95.65,95.42,95.52,563
2026-04-27 07:50:00,95.53,95.57,95.43,95.47,277
2026-04-27 07:55:00,95.47,95.5,95.36,95.46,482
2026-04-27 08:00:00,95.46,95.5,95.3,95.48,338
2026-04-27 08:05:00,95.47,95.53,95.4,95.51,241
2026-04-27 08:10:00,95.52,95.54,95.47,95.5,129
2026-04-27 08:15:00,95.51,95.59,95.35,95.36,152
2026-04-27 08:20:00,95.36,95.39,95.28,95.38,103
2026-04-27 08:25:00,95.36,95.38,95.23,95.23,146
2026-04-27 08:30:00,95.24,95.31,94.99,95.26,639
2026-04-27 08:35:00,95.27,95.35,95.25,95.25,104
2026-04-27 08:40:00,95.26,95.35,95.26,95.31,76
2026-04-27 08:45:00,95.31,95.35,95.24,95.25,86
2026-04-27 08:50:00,95.28,95.28,95.15,95.15,125
2026-04-27 08:55:00,95.17,95.21,95.14,95.19,105
2026-04-27 09:00:00,95.2,95.24,95.13,95.18,234
2026-04-27 09:05:00,95.18,95.28,95.15,95.25,102
2026-04-27 09:10:00,95.25,95.28,95.17,95.19,142
2026-04-27 09:15:00,95.17,95.28,95.16,95.22,99
2026-04-27 09:20:00,95.25,95.3,95.17,95.18,112
2026-04-27 09:25:00,95.18,95.32,95.18,95.32,129
2026-04-27 09:30:00,95.3,95.38,95.26,95.36,181
2026-04-27 09:35:00,95.37,95.37,95.25,95.27,55
2026-04-27 09:40:00,95.27,95.35,95.26,95.34,90
2026-04-27 09:45:00,95.33,95.37,95.32,95.34,35
2026-04-27 09:50:00,95.33,95.34,95.3,95.34,32
2026-04-27 09:55:00,95.32,95.37,95.31,95.35,70
2026-04-27 10:00:00,95.35,95.38,95.32,95.33,79
2026-04-27 10:05:00,95.33,95.33,95.25,95.27,43
2026-04-27 10:10:00,95.27,95.29,95.2,95.25,144
2026-04-27 10:15:00,95.23,95.3,95.22,95.28,35
2026-04-27 10:20:00,95.3,95.44,95.29,95.41,135
2026-04-27 10:25:00,95.41,95.67,95.4,95.6,334
2026-04-27 10:30:00,95.58,95.82,95.55,95.81,300
2026-04-27 10:35:00,95.82,95.85,95.74,95.76,198
2026-04-27 10:40:00,95.78,96.01,95.76,96.01,321
2026-04-27 10:45:00,95.99,96.05,95.88,95.95,247
2026-04-27 10:50:00,95.95,95.95,95.89,95.91,75
2026-04-27 10:55:00,95.89,95.97,95.85,95.97,178
2026-04-27 11:00:00,95.96,96.04,95.83,95.93,601
2026-04-27 11:05:00,95.92,96.25,95.9,96.18,396
2026-04-27 11:10:00,96.17,96.27,96.06,96.08,143
2026-04-27 11:15:00,96.08,96.08,95.92,95.98,218
2026-04-27 11:20:00,96.0,96.15,96.0,96.02,154
2026-04-27 11:25:00,96.05,96.13,95.97,96.07,158
2026-04-27 11:30:00,96.06,96.18,96.04,96.18,248
2026-04-27 11:35:00,96.17,96.41,96.14,96.33,511
2026-04-27 11:40:00,96.3,96.31,96.17,96.21,154
2026-04-27 11:45:00,96.22,96.26,96.17,96.2,154
2026-04-27 11:50:00,96.21,96.26,96.13,96.18,260
2026-04-27 11:55:00,96.16,96.29,96.15,96.18,156
2026-04-27 12:00:00,96.18,96.32,96.18,96.3,139
2026-04-27 12:05:00,96.31,96.34,96.16,96.21,159
2026-04-27 12:10:00,96.21,96.36,96.18,96.27,247
2026-04-27 12:15:00,96.27,96.27,96.06,96.07,269
2026-04-27 12:20:00,96.09,96.13,96.03,96.04,202
2026-04-27 12:25:00,96.04,96.14,96.02,96.08,124
2026-04-27 12:30:00,96.08,96.31,96.07,96.23,294
2026-04-27 12:35:00,96.23,96.62,96.15,96.44,579
2026-04-27 12:40:00,96.45,96.56,96.37,96.39,318
2026-04-27 12:45:00,96.38,96.55,96.34,96.54,249
2026-04-27 12:50:00,96.56,96.75,96.52,96.56,446
2026-04-27 12:55:00,96.55,96.7,96.47,96.66,279
2026-04-27 13:00:00,96.65,96.68,96.56,96.6,216
2026-04-27 13:05:00,96.59,96.72,96.55,96.58,240
2026-04-27 13:10:00,96.57,96.62,96.45,96.55,323
2026-04-27 13:15:00,96.53,96.55,96.44,96.53,139
2026-04-27 13:20:00,96.53,96.68,96.53,96.66,360
2026-04-27 13:25:00,96.67,96.89,96.63,96.83,443
2026-04-27 13:30:00,96.84,97.1,96.75,97.02,790
2026-04-27 13:35:00,97.02,97.02,96.84,96.92,302
2026-04-27 13:40:00,96.9,96.98,96.78,96.81,284
2026-04-27 13:45:00,96.83,96.86,96.69,96.75,534
2026-04-27 13:50:00,96.75,96.91,96.7,96.83,255
2026-04-27 13:55:00,96.84,97.02,96.69,96.94,711
2026-04-27 14:00:00,96.94,96.97,96.58,96.68,711
2026-04-27 14:05:00,96.69,96.82,96.69,96.81,527
2026-04-27 14:10:00,96.82,96.87,96.58,96.58,310
2026-04-27 14:15:00,96.57,96.61,96.5,96.52,231
2026-04-27 14:20:00,96.54,96.58,96.39,96.49,407
2026-04-27 14:25:00,96.47,96.6,96.43,96.48,230
2026-04-27 14:30:00,96.48,96.48,96.15,96.21,1259
2026-04-27 14:35:00,96.22,96.42,96.15,96.4,412
2026-04-27 14:40:00,96.39,96.43,96.28,96.38,371
2026-04-27 14:45:00,96.38,96.47,96.27,96.38,244
2026-04-27 14:50:00,96.38,96.62,96.38,96.59,280
2026-04-27 14:55:00,96.61,96.66,96.59,96.64,173
2026-04-27 15:00:00,96.63,96.69,96.44,96.44,310
2026-04-27 15:05:00,96.45,96.56,96.43,96.54,157
2026-04-27 15:10:00,96.51,96.53,96.42,96.44,121
2026-04-27 15:15:00,96.44,96.46,96.36,96.42,122
2026-04-27 15:20:00,96.42,96.56,96.39,96.52,214
2026-04-27 15:25:00,96.52,96.64,96.49,96.49,209
2026-04-27 15:30:00,96.5,96.51,96.41,96.45,123
2026-04-27 15:35:00,96.46,96.47,96.32,96.33,295
2026-04-27 15:40:00,96.34,96.45,96.32,96.38,133
2026-04-27 15:45:00,96.38,96.42,96.27,96.33,291
2026-04-27 15:50:00,96.32,96.32,96.18,96.26,456
2026-04-27 15:55:00,96.26,96.32,96.21,96.32,150
2026-04-27 16:00:00,96.31,96.32,95.78,95.91,980
2026-04-27 16:05:00,95.93,95.95,95.58,95.68,544
2026-04-27 16:10:00,95.69,95.71,95.39,95.44,662
2026-04-27 16:15:00,95.44,95.44,95.06,95.25,1729
2026-04-27 16:20:00,95.26,95.49,95.15,95.39,792
2026-04-27 16:25:00,95.38,95.45,95.31,95.41,351
2026-04-27 16:30:00,95.42,95.46,95.21,95.36,597
2026-04-27 16:35:00,95.33,95.34,95.19,95.3,339
2026-04-27 16:40:00,95.31,95.32,95.16,95.27,326
2026-04-27 16:45:00,95.27,95.35,95.05,95.07,496
2026-04-27 16:50:00,95.09,95.23,94.66,94.79,1464
2026-04-27 16:55:00,94.81,94.93,94.66,94.72,793
2026-04-27 17:00:00,94.7,94.94,94.59,94.91,690
2026-04-27 17:05:00,94.91,95.19,94.89,95.17,631
2026-04-27 17:10:00,95.16,95.27,95.01,95.06,462
2026-04-27 17:15:00,95.05,95.17,95.02,95.05,236
2026-04-27 17:20:00,95.05,95.1,94.96,95.03,764
2026-04-27 17:25:00,95.04,95.26,95.04,95.11,469
2026-04-27 17:30:00,95.1,95.15,95.0,95.05,610
2026-04-27 17:35:00,95.06,95.18,94.98,94.98,645
2026-04-27 17:40:00,94.98,95.11,94.96,95.04,318
2026-04-27 17:45:00,95.04,95.14,94.85,94.87,883
2026-04-27 17:50:00,94.89,95.2,94.87,95.19,631
2026-04-27 17:55:00,95.18,95.69,95.18,95.52,2091
2026-04-27 18:00:00,95.53,95.94,95.49,95.9,2073
2026-04-27 18:05:00,95.89,96.12,95.73,95.96,1593
2026-04-27 18:10:00,95.95,96.42,95.94,96.37,2239
2026-04-27 18:15:00,96.34,96.45,96.03,96.16,1554
2026-04-27 18:20:00,96.17,96.44,96.07,96.23,1460
2026-04-27 18:25:00,96.23,96.54,96.22,96.32,1207
2026-04-27 18:30:00,96.32,96.38,96.03,96.05,2285
2026-04-27 18:35:00,96.04,96.16,95.87,95.93,1291
2026-04-27 18:40:00,95.94,96.13,95.77,96.02,1892
2026-04-27 18:45:00,96.03,96.12,95.76,95.79,1145
2026-04-27 18:50:00,95.8,95.84,95.62,95.78,1036
2026-04-27 18:55:00,95.79,95.94,95.75,95.84,773
2026-04-27 19:00:00,95.83,96.39,95.72,96.39,1618
2026-04-27 19:05:00,96.39,96.42,96.12,96.14,1597
2026-04-27 19:10:00,96.13,96.51,96.11,96.43,1231
2026-04-27 19:15:00,96.43,96.53,96.32,96.39,1181
2026-04-27 19:20:00,96.4,96.47,96.11,96.19,1429
2026-04-27 19:25:00,96.17,96.28,95.67,95.71,2101
2026-04-27 19:30:00,95.7,95.85,95.46,95.6,1920
2026-04-27 19:35:00,95.62,95.75,95.3,95.72,2801
2026-04-27 19:40:00,95.74,96.07,95.62,95.97,2402
2026-04-27 19:45:00,95.95,96.3,95.92,96.19,1579
2026-04-27 19:50:00,96.21,96.37,96.07,96.13,2726
2026-04-27 19:55:00,96.12,96.37,95.99,96.24,1682
2026-04-27 20:00:00,96.23,96.44,96.18,96.32,1737
2026-04-27 20:05:00,96.34,96.37,95.7,96.15,3440
2026-04-27 20:10:00,96.15,96.48,95.97,96.22,2123
2026-04-27 20:15:00,96.2,96.52,96.16,96.48,1104
2026-04-27 20:20:00,96.48,96.79,96.38,96.62,2768
2026-04-27 20:25:00,96.63,96.78,96.56,96.75,1425
2026-04-27 20:30:00,96.75,97.22,96.69,97.03,3003
2026-04-27 20:35:00,97.03,97.09,96.92,96.98,1998
2026-04-27 20:40:00,96.99,97.21,96.93,97.1,2134
2026-04-27 20:45:00,97.1,97.16,96.94,97.08,1849
2026-04-27 20:50:00,97.09,97.5,97.05,97.18,3699
2026-04-27 20:55:00,97.19,97.25,96.81,96.89,3262
2026-04-27 21:00:00,96.9,97.14,96.83,97.08,2000
2026-04-27 21:05:00,97.06,97.2,96.8,96.89,2064
2026-04-27 21:10:00,96.89,96.9,96.56,96.63,1694
2026-04-27 21:15:00,96.61,96.71,96.53,96.67,1175
2026-04-27 21:20:00,96.68,96.79,96.37,96.38,1501
2026-04-27 21:25:00,96.36,96.45,96.1,96.17,1516
2026-04-27 21:30:00,96.15,96.32,96.06,96.12,1552
2026-04-27 21:35:00,96.13,96.25,96.06,96.18,984
2026-04-27 21:40:00,96.16,96.45,96.12,96.37,1273
2026-04-27 21:45:00,96.39,96.44,96.12,96.2,993
2026-04-27 21:50:00,96.21,96.35,96.18,96.34,487
2026-04-27 21:55:00,96.35,96.38,96.18,96.34,830
2026-04-27 22:00:00,96.36,96.39,96.18,96.25,688
2026-04-27 22:05:00,96.24,96.27,96.12,96.15,738
2026-04-27 22:10:00,96.16,96.48,96.15,96.45,576
2026-04-27 22:15:00,96.47,96.49,96.38,96.45,564
2026-04-27 22:20:00,96.46,96.6,96.38,96.53,969
2026-04-27 22:25:00,96.54,96.59,96.47,96.57,421
2026-04-27 22:30:00,96.57,96.68,96.52,96.68,924
2026-04-27 22:35:00,96.68,96.89,96.61,96.82,900
2026-04-27 22:40:00,96.83,97.01,96.83,96.9,953
2026-04-27 22:45:00,96.9,97.67,96.86,97.27,3375
2026-04-27 22:50:00,97.28,97.41,96.66,97.16,2457
2026-04-27 22:55:00,97.15,97.18,96.84,96.87,1202
2026-04-27 23:00:00,96.86,96.89,96.16,96.18,2703
2026-04-27 23:05:00,96.18,96.63,96.18,96.6,1252
2026-04-27 23:10:00,96.61,96.68,96.45,96.5,933
2026-04-27 23:15:00,96.48,96.8,96.42,96.75,1012
2026-04-27 23:20:00,96.75,96.79,96.62,96.69,739
2026-04-27 23:25:00,96.68,96.7,96.5,96.54,769
2026-04-27 23:30:00,96.57,97.03,96.56,96.99,1485
2026-04-27 23:35:00,97.01,97.23,96.72,96.78,2180
2026-04-27 23:40:00,96.79,96.88,96.69,96.83,1251
2026-04-27 23:45:00,96.82,96.88,96.61,96.76,1534
2026-04-27 23:50:00,96.75,96.88,96.43,96.45,1640
2026-04-27 23:55:00,96.45,96.52,96.24,96.38,4650
2026-04-28 00:00:00,96.39,96.47,96.21,96.46,1364
2026-04-28 00:05:00,96.47,96.6,96.39,96.42,665
2026-04-28 00:10:00,96.44,96.46,96.34,96.41,486
2026-04-28 00:15:00,96.41,96.54,96.36,96.42,287
2026-04-28 00:20:00,96.43,96.6,96.38,96.56,455
2026-04-28 00:25:00,96.56,96.57,96.48,96.55,418
2026-04-28 00:30:00,96.55,96.59,96.44,96.5,357
2026-04-28 00:35:00,96.5,96.59,96.46,96.56,407
2026-04-28 00:40:00,96.57,96.57,96.4,96.51,173
2026-04-28 00:45:00,96.51,96.51,96.29,96.29,706
2026-04-28 00:50:00,96.29,96.37,96.05,96.2,1465
2026-04-28 00:55:00,96.21,96.21,96.05,96.1,536
2026-04-28 01:00:00,96.11,96.14,95.95,96.06,573
2026-04-28 01:05:00,96.07,96.23,96.05,96.17,612
2026-04-28 01:10:00,96.16,96.25,96.1,96.24,434
2026-04-28 01:15:00,96.25,96.63,95.9,96.48,2416
2026-04-28 01:20:00,96.48,96.52,96.3,96.52,748
2026-04-28 01:25:00,96.51,96.54,96.34,96.41,406
2026-04-28 01:30:00,96.4,96.45,96.26,96.37,256
2026-04-28 01:35:00,96.36,96.58,96.35,96.57,185
2026-04-28 01:40:00,96.58,96.59,96.51,96.52,202
2026-04-28 01:45:00,96.53,96.57,96.49,96.56,274
2026-04-28 01:50:00,96.57,96.74,96.53,96.68,281
2026-04-28 01:55:00,96.65,96.65,96.45,96.48,547
2026-04-28 02:00:00,96.49,96.67,96.43,96.63,136
2026-04-28 02:05:00,96.64,96.69,96.62,96.69,108
2026-04-28 02:10:00,96.66,96.72,96.61,96.69,165
2026-04-28 02:15:00,96.7,96.8,96.64,96.66,454
2026-04-28 02:20:00,96.65,96.74,96.56,96.71,154
2026-04-28 02:25:00,96.71,96.73,96.64,96.68,293
2026-04-28 03:30:00,96.67,96.72,96.43,96.7,0
2026-04-28 03:35:00,96.7,96.78,96.3,96.47,230
2026-04-28 03:40:00,96.47,96.55,96.46,96.49,44
2026-04-28 03:45:00,96.5,96.58,96.44,96.46,78
2026-04-28 03:50:00,96.46,96.55,96.43,96.46,54
2026-04-28 03:55:00,96.49,96.53,96.48,96.52,23
2026-04-28 04:00:00,96.53,96.56,96.36,96.38,99
2026-04-28 04:05:00,96.4,96.46,96.32,96.37,106
2026-04-28 04:10:00,96.38,96.44,96.3,96.37,160
2026-04-28 04:15:00,96.4,96.51,96.4,96.47,17
2026-04-28 04:20:00,96.44,96.7,96.44,96.56,149
2026-04-28 04:25:00,96.54,96.71,96.53,96.63,88
2026-04-28 04:30:00,96.63,96.71,96.61,96.61,61
2026-04-28 04:35:00,96.66,96.78,96.66,96.75,179
2026-04-28 04:40:00,96.75,96.77,96.67,96.68,26
2026-04-28 04:45:00,96.67,96.67,96.59,96.66,110
2026-04-28 04:50:00,96.66,96.66,96.62,96.62,10
2026-04-28 04:55:00,96.63,96.66,96.6,96.64,24
2026-04-28 05:00:00,96.64,96.72,96.63,96.67,59
2026-04-28 05:05:00,96.68,96.68,96.63,96.66,46
2026-04-28 05:10:00,96.65,96.68,96.59,96.68,83
2026-04-28 05:15:00,96.68,96.8,96.65,96.74,133
2026-04-28 05:20:00,96.75,96.78,96.7,96.76,68
2026-04-28 05:25:00,96.76,96.77,96.65,96.65,63
2026-04-28 05:30:00,96.65,96.75,96.57,96.71,388
2026-04-28 05:35:00,96.71,96.72,96.34,96.45,785
2026-04-28 05:40:00,96.46,96.5,96.24,96.37,651
2026-04-28 05:45:00,96.39,96.65,96.37,96.6,377
2026-04-28 05:50:00,96.61,96.67,96.6,96.63,97
2026-04-28 05:55:00,96.64,97.04,96.6,96.92,545
2026-04-28 06:00:00,96.9,97.2,96.9,97.07,410
2026-04-28 06:05:00,97.07,97.1,96.98,96.99,185
2026-04-28 06:10:00,96.99,97.08,96.91,97.05,264
2026-04-28 06:15:00,97.04,97.1,96.96,97.0,133
2026-04-28 06:20:00,97.01,97.02,96.93,96.98,79
2026-04-28 06:25:00,96.97,97.05,96.96,97.03,91
2026-04-28 06:30:00,97.03,97.35,96.99,97.31,816
2026-04-28 06:35:00,97.3,97.34,97.1,97.17,219
2026-04-28 06:40:00,97.17,97.21,97.11,97.2,89
2026-04-28 06:45:00,97.19,97.26,97.17,97.18,115
2026-04-28 06:50:00,97.2,97.36,97.15,97.2,363
2026-04-28 06:55:00,97.18,97.18,97.06,97.07,158
2026-04-28 07:00:00,97.06,97.15,97.05,97.09,131
2026-04-28 07:05:00,97.08,97.09,96.94,96.95,154
2026-04-28 07:10:00,96.95,96.95,96.85,96.89,218
2026-04-28 07:15:00,96.88,97.08,96.88,97.07,135
2026-04-28 07:20:00,97.07,97.3,97.06,97.28,328
2026-04-28 07:25:00,97.29,97.41,97.23,97.33,299
2026-04-28 07:30:00,97.33,97.38,97.27,97.32,190
2026-04-28 07:35:00,97.33,97.36,97.25,97.35,139
2026-04-28 07:40:00,97.34,97.34,97.3,97.34,64
2026-04-28 07:45:00,97.33,97.41,97.32,97.34,183
2026-04-28 07:50:00,97.34,97.55,97.34,97.48,305
2026-04-28 07:55:00,97.48,97.48,97.34,97.35,172
2026-04-28 08:00:00,97.39,97.43,97.34,97.4,181
2026-04-28 08:05:00,97.41,97.48,97.37,97.43,417
2026-04-28 08:10:00,97.43,97.44,97.23,97.28,175
2026-04-28 08:15:00,97.27,97.32,97.24,97.28,149
2026-04-28 08:20:00,97.31,97.36,97.27,97.31,71
2026-04-28 08:25:00,97.31,97.42,97.31,97.39,191
2026-04-28 08:30:00,97.38,97.42,97.27,97.27,148
2026-04-28 08:35:00,97.27,97.36,97.27,97.35,182
2026-04-28 08:40:00,97.34,97.34,97.24,97.25,86
2026-04-28 08:45:00,97.26,97.29,97.19,97.2,134
2026-04-28 08:50:00,97.2,97.29,97.18,97.29,110
2026-04-28 08:55:00,97.28,97.39,97.25,97.32,157
2026-04-28 09:00:00,97.28,97.39,97.28,97.35,86
2026-04-28 09:05:00,97.35,97.39,97.31,97.35,63
2026-04-28 09:10:00,97.35,97.36,97.29,97.36,123
2026-04-28 09:15:00,97.35,97.39,97.33,97.36,94
2026-04-28 09:20:00,97.35,97.45,97.34,97.43,77
2026-04-28 09:25:00,97.45,97.6,97.44,97.57,404
2026-04-28 09:30:00,97.59,97.81,97.58,97.81,666
2026-04-28 09:35:00,97.79,97.81,97.73,97.75,222
2026-04-28 09:40:00,97.74,97.74,97.54,97.58,177
2026-04-28 09:45:00,97.59,97.6,97.46,97.51,120
2026-04-28 09:50:00,97.49,97.55,97.47,97.48,75
2026-04-28 09:55:00,97.47,97.47,97.4,97.41,88
2026-04-28 10:00:00,97.41,97.41,97.35,97.38,67
2026-04-28 10:05:00,97.38,97.44,97.38,97.42,40
2026-04-28 10:10:00,97.43,97.43,97.4,97.41,29
2026-04-28 10:15:00,97.42,97.42,97.37,97.37,56
2026-04-28 10:20:00,97.38,97.43,97.32,97.42,59
2026-04-28 10:25:00,97.45,97.51,97.43,97.46,83
2026-04-28 10:30:00,97.46,97.53,97.46,97.53,64
2026-04-28 10:35:00,97.52,97.58,97.49,97.57,83
2026-04-28 10:40:00,97.55,97.63,97.45,97.45,99
2026-04-28 10:45:00,97.45,97.55,97.44,97.47,63
2026-04-28 10:50:00,97.47,97.49,97.41,97.42,61
2026-04-28 10:55:00,97.41,97.5,97.4,97.49,118
2026-04-28 11:00:00,97.5,98.3,97.41,98.3,1627
2026-04-28 11:05:00,98.28,98.85,98.27,98.42,2490
2026-04-28 11:10:00,98.4,98.56,98.29,98.37,777
2026-04-28 11:15:00,98.41,98.54,98.3,98.54,215
2026-04-28 11:20:00,98.5,98.55,98.22,98.26,353
2026-04-28 11:25:00,98.3,98.3,98.08,98.2,626
2026-04-28 11:30:00,98.22,98.24,97.91,97.94,333
2026-04-28 11:35:00,97.93,98.01,97.72,97.83,349
2026-04-28 11:40:00,97.83,97.89,97.75,97.83,394
2026-04-28 11:45:00,97.8,98.0,97.74,97.98,396
2026-04-28 11:50:00,97.95,98.03,97.85,97.98,339
2026-04-28 11:55:00,97.96,97.98,97.79,97.86,264
2026-04-28 12:00:00,97.86,97.95,97.76,97.8,261
2026-04-28 12:05:00,97.84,98.25,97.83,98.17,506
2026-04-28 12:10:00,98.15,98.34,98.13,98.23,271
2026-04-28 12:15:00,98.22,98.34,98.22,98.31,323
2026-04-28 12:20:00,98.31,98.41,98.26,98.36,270
2026-04-28 12:25:00,98.35,98.45,98.29,98.37,296
2026-04-28 12:30:00,98.37,98.48,98.29,98.34,402
2026-04-28 12:35:00,98.34,98.64,98.31,98.5,548
2026-04-28 12:40:00,98.49,98.73,98.43,98.62,486
2026-04-28 12:45:00,98.61,98.86,98.55,98.78,625
2026-04-28 12:50:00,98.77,98.79,98.6,98.65,417
2026-04-28 12:55:00,98.63,99.05,98.53,98.87,1263
2026-04-28 13:00:00,98.86,99.22,98.71,99.19,933
2026-04-28 13:05:00,99.2,99.22,98.95,98.97,557
2026-04-28 13:10:00,98.97,99.11,98.86,98.97,533
2026-04-28 13:15:00,98.96,98.97,98.79,98.89,579
2026-04-28 13:20:00,98.87,98.96,98.69,98.8,741
2026-04-28 13:25:00,98.78,99.09,98.78,98.89,673
2026-04-28 13:30:00,98.9,99.1,98.87,99.01,764
2026-04-28 13:35:00,99.03,99.21,98.87,98.98,695
2026-04-28 13:40:00,98.98,99.18,98.9,99.14,631
2026-04-28 13:45:00,99.12,99.12,98.73,98.95,913
2026-04-28 13:50:00,98.95,99.06,98.83,99.03,309
2026-04-28 13:55:00,99.03,99.13,98.22,98.24,1540
2026-04-28 14:00:00,98.24,98.64,98.23,98.59,1097
2026-04-28 14:05:00,98.63,98.77,98.56,98.74,500
2026-04-28 14:10:00,98.72,98.98,98.69,98.94,408
2026-04-28 14:15:00,98.96,99.27,98.95,99.13,695
2026-04-28 14:20:00,99.12,99.14,98.94,99.11,515
2026-04-28 14:25:00,99.13,99.14,98.95,98.95,354
2026-04-28 14:30:00,98.97,99.53,98.96,99.49,1280
2026-04-28 14:35:00,99.49,99.54,99.27,99.28,699
2026-04-28 14:40:00,99.29,99.46,99.14,99.43,538
2026-04-28 14:45:00,99.44,99.57,99.33,99.42,573
2026-04-28 14:50:00,99.41,99.56,99.41,99.47,269
2026-04-28 14:55:00,99.46,99.56,99.37,99.49,415
2026-04-28 15:00:00,99.48,99.79,99.48,99.72,925
2026-04-28 15:05:00,99.7,99.7,99.48,99.63,611
2026-04-28 15:10:00,99.63,99.77,99.62,99.62,368
2026-04-28 15:15:00,99.63,99.78,99.58,99.62,450
2026-04-28 15:20:00,99.65,99.69,99.54,99.65,366
2026-04-28 15:25:00,99.64,99.89,99.58,99.81,583
2026-04-28 15:30:00,99.81,99.83,99.45,99.57,1318
2026-04-28 15:35:00,99.58,99.69,99.5,99.69,395
2026-04-28 15:40:00,99.68,99.82,99.66,99.8,195
2026-04-28 15:45:00,99.8,99.88,99.68,99.71,442
2026-04-28 15:50:00,99.74,100.11,99.72,99.92,1227
2026-04-28 15:55:00,99.91,99.99,99.71,99.82,636
2026-04-28 16:00:00,99.82,99.82,99.65,99.68,608
2026-04-28 16:05:00,99.68,99.76,99.55,99.72,515
2026-04-28 16:10:00,99.72,99.81,99.64,99.8,288
2026-04-28 16:15:00,99.8,99.83,99.69,99.73,292
2026-04-28 16:20:00,99.74,99.82,99.62,99.77,482
2026-04-28 16:25:00,99.78,99.85,99.65,99.74,514
2026-04-28 16:30:00,99.73,99.83,99.54,99.82,670
2026-04-28 16:35:00,99.83,100.14,99.73,100.13,1125
2026-04-28 16:40:00,100.13,100.4,100.03,100.35,1391
2026-04-28 16:45:00,100.37,100.98,100.29,100.82,2364
2026-04-28 16:50:00,100.81,100.88,100.64,100.74,1229
2026-04-28 16:55:00,100.74,100.99,100.68,100.95,1718
2026-04-28 17:00:00,100.95,101.04,100.7,100.88,1174
2026-04-28 17:05:00,100.89,101.09,100.77,100.94,822
2026-04-28 17:10:00,100.95,101.02,100.61,100.63,1033
2026-04-28 17:15:00,100.62,101.85,100.58,101.79,4001
2026-04-28 17:20:00,101.81,101.83,101.26,101.32,2621
2026-04-28 17:25:00,101.33,101.36,101.22,101.26,1848
2026-04-28 17:30:00,101.28,101.3,100.98,101.0,1311
2026-04-28 17:35:00,101.01,101.04,100.76,100.9,1489
2026-04-28 17:40:00,100.9,100.98,100.37,100.43,1845
2026-04-28 17:45:00,100.44,100.67,100.33,100.63,2389
2026-04-28 17:50:00,100.63,100.65,98.1,100.4,13505
2026-04-28 17:55:00,100.41,100.79,100.2,100.36,4815
2026-04-28 18:00:00,100.38,100.5,100.02,100.08,1516
2026-04-28 18:05:00,100.08,100.25,99.8,99.84,2613
2026-04-28 18:10:00,99.85,100.08,99.65,100.05,2151
2026-04-28 18:15:00,100.05,100.09,99.51,99.65,1759
2026-04-28 18:20:00,99.67,99.83,99.56,99.67,1742
2026-04-28 18:25:00,99.68,99.69,99.38,99.4,1582
2026-04-28 18:30:00,99.41,100.04,99.4,100.02,2783
2026-04-28 18:35:00,100.03,100.26,99.99,100.08,2263
2026-04-28 18:40:00,100.05,100.43,99.84,100.33,1503
2026-04-28 18:45:00,100.33,100.39,100.01,100.08,1996
2026-04-28 18:50:00,100.09,100.1,99.54,99.85,3231
2026-04-28 18:55:00,99.85,99.98,98.96,99.35,4515
2026-04-28 19:00:00,99.33,99.74,99.33,99.66,3301
2026-04-28 19:05:00,99.66,99.7,98.84,99.51,2838
2026-04-28 19:10:00,99.52,99.76,98.87,99.08,2502
2026-04-28 19:15:00,99.08,99.42,98.91,99.24,3106
2026-04-28 19:20:00,99.24,99.25,98.75,99.11,3026
2026-04-28 19:25:00,99.12,99.61,99.1,99.4,2318
2026-04-28 19:30:00,99.42,100.2,99.42,99.9,2862
2026-04-28 19:35:00,99.9,100.0,99.81,99.93,1350
2026-04-28 19:40:00,99.92,100.23,99.92,100.08,1861
2026-04-28 19:45:00,100.06,100.21,99.9,100.06,1586
2026-04-28 19:50:00,100.07,100.14,99.94,99.98,1179
2026-04-28 19:55:00,99.98,100.11,99.8,99.9,1688
2026-04-28 20:00:00,99.9,100.13,99.57,99.92,1656
2026-04-28 20:05:00,99.92,100.45,99.77,100.39,2163
2026-04-28 20:10:00,100.4,100.47,99.79,99.86,1739
2026-04-28 20:15:00,99.87,100.21,99.3,100.04,4264
2026-04-28 20:20:00,100.06,100.38,99.91,100.04,2728
2026-04-28 20:25:00,100.02,100.12,99.22,99.36,6174
2026-04-28 20:30:00,99.38,99.63,99.12,99.14,3686
2026-04-28 20:35:00,99.15,99.79,99.01,99.74,2467
2026-04-28 20:40:00,99.72,99.75,99.45,99.61,1267
2026-04-28 20:45:00,99.63,99.82,99.43,99.55,1437
2026-04-28 20:50:00,99.53,99.78,99.4,99.56,1585
2026-04-28 20:55:00,99.56,99.68,99.39,99.62,1834
2026-04-28 21:00:00,99.64,100.0,99.53,99.65,2309
2026-04-28 21:05:00,99.64,99.7,99.26,99.45,1435
2026-04-28 21:10:00,99.46,99.86,99.38,99.83,1437
2026-04-28 21:15:00,99.82,100.01,99.78,99.96,1922
2026-04-28 21:20:00,99.96,99.98,99.63,99.67,1115
2026-04-28 21:25:00,99.68,99.98,99.66,99.79,840
2026-04-28 21:30:00,99.8,99.95,99.67,99.83,1551
2026-04-28 21:35:00,99.85,99.98,99.75,99.88,882
2026-04-28 21:40:00,99.87,99.99,99.77,99.79,965
2026-04-28 21:45:00,99.8,100.2,99.73,99.73,1372
2026-04-28 21:50:00,99.73,99.83,99.55,99.6,853
2026-04-28 21:55:00,99.57,99.83,99.53,99.7,999
2026-04-28 22:00:00,99.68,99.71,99.5,99.67,847
2026-04-28 22:05:00,99.68,99.8,99.48,99.59,1803
2026-04-28 22:10:00,99.6,99.8,99.54,99.65,871
2026-04-28 22:15:00,99.65,99.86,99.46,99.59,1159
2026-04-28 22:20:00,99.59,99.67,99.06,99.21,1766
2026-04-28 22:25:00,99.21,99.41,99.07,99.21,1426
2026-04-28 22:30:00,99.22,99.59,99.13,99.54,1137
2026-04-28 22:35:00,99.54,99.6,99.5,99.59,611
2026-04-28 22:40:00,99.6,99.97,99.6,99.93,2017
2026-04-28 22:45:00,99.94,100.39,99.91,100.35,1925
2026-04-28 22:50:00,100.34,100.45,100.25,100.28,1424
2026-04-28 22:55:00,100.29,100.46,100.26,100.38,1532
2026-04-28 23:00:00,100.38,100.38,100.12,100.18,1221
2026-04-28 23:05:00,100.19,100.24,99.94,100.01,1389
2026-04-28 23:10:00,100.03,100.21,99.97,100.06,792
2026-04-28 23:15:00,100.08,100.09,99.92,99.97,848
2026-04-28 23:20:00,99.98,100.12,99.96,100.02,609
2026-04-28 23:25:00,100.04,100.31,99.98,100.24,943
2026-04-28 23:30:00,100.22,100.24,100.04,100.15,950
2026-04-28 23:35:00,100.15,100.22,99.96,99.98,1111
2026-04-28 23:40:00,99.99,100.08,99.79,99.84,1511
2026-04-28 23:45:00,99.83,99.94,99.73,99.78,1695
2026-04-28 23:50:00,99.76,99.84,99.35,99.52,3660
2026-04-28 23:55:00,99.5,100.08,99.36,99.95,8184
2026-04-29 00:00:00,99.95,100.3,99.94,100.2,1749
2026-04-29 00:05:00,100.22,100.33,100.2,100.23,906
2026-04-29 00:10:00,100.22,100.23,100.14,100.17,466
2026-04-29 00:15:00,100.16,100.18,99.92,100.01,1799
2026-04-29 00:20:00,100.01,100.14,99.95,100.06,412
2026-04-29 00:25:00,100.08,100.24,100.0,100.0,771
2026-04-29 00:30:00,99.99,100.06,99.95,99.95,732
2026-04-29 00:35:00,99.95,100.03,99.78,99.91,1453
2026-04-29 00:40:00,99.93,99.98,99.84,99.91,303
2026-04-29 00:45:00,99.92,100.02,99.92,99.98,218
2026-04-29 00:50:00,99.99,100.01,99.89,99.91,200
2026-04-29 00:55:00,99.89,99.97,99.86,99.96,229
2026-04-29 01:00:00,99.96,100.05,99.93,100.04,232
2026-04-29 01:05:00,100.03,100.05,99.88,99.9,206
2026-04-29 01:10:00,99.89,99.93,99.86,99.88,253
2026-04-29 01:15:00,99.87,99.97,99.81,99.93,345
2026-04-29 01:20:00,99.92,99.98,99.88,99.92,327
2026-04-29 01:25:00,99.93,99.96,99.85,99.91,392
2026-04-29 01:30:00,99.9,99.94,99.85,99.91,288
2026-04-29 01:35:00,99.89,99.92,99.62,99.63,584
2026-04-29 01:40:00,99.63,99.71,99.52,99.53,622
2026-04-29 01:45:00,99.54,99.69,99.51,99.56,519
2026-04-29 01:50:00,99.54,99.62,99.51,99.58,157
2026-04-29 01:55:00,99.6,99.71,99.58,99.64,286
2026-04-29 02:00:00,99.61,99.71,99.59,99.68,504
2026-04-29 02:05:00,99.67,99.68,99.58,99.65,224
2026-04-29 02:10:00,99.65,99.68,99.55,99.6,229
2026-04-29 02:15:00,99.61,99.62,99.57,99.61,194
2026-04-29 02:20:00,99.6,99.68,99.6,99.64,150
2026-04-29 02:25:00,99.64,99.7,99.62,99.62,327
2026-04-29 03:30:00,99.71,99.75,99.42,99.43,0
2026-04-29 03:35:00,99.44,99.5,99.44,99.49,78
2026-04-29 03:40:00,99.5,99.5,99.45,99.45,29
2026-04-29 03:45:00,99.45,99.46,99.37,99.37,63
2026-04-29 03:50:00,99.37,99.44,99.36,99.41,38
2026-04-29 03:55:00,99.42,99.55,99.42,99.46,66
2026-04-29 04:00:00,99.4,99.43,99.38,99.41,22
2026-04-29 04:05:00,99.42,99.6,99.42,99.52,88
2026-04-29 04:10:00,99.51,99.54,99.45,99.5,388
2026-04-29 04:15:00,99.5,99.57,99.48,99.56,33
2026-04-29 04:20:00,99.56,99.7,99.56,99.63,246
2026-04-29 04:25:00,99.63,99.64,99.55,99.61,54
2026-04-29 04:30:00,99.62,99.62,99.53,99.59,50
2026-04-29 04:35:00,99.61,99.69,99.59,99.61,66
2026-04-29 04:40:00,99.64,99.69,99.59,99.59,62
2026-04-29 04:45:00,99.59,99.6,99.39,99.4,321
2026-04-29 04:50:00,99.38,99.5,99.35,99.45,153
2026-04-29 04:55:00,99.48,99.5,99.46,99.48,36
2026-04-29 05:00:00,99.47,99.48,99.38,99.48,92
2026-04-29 05:05:00,99.48,99.51,99.46,99.5,59
2026-04-29 05:10:00,99.5,99.52,99.45,99.47,47
2026-04-29 05:15:00,99.45,99.47,99.38,99.45,66
2026-04-29 05:20:00,99.43,99.47,99.41,99.47,56
2026-04-29 05:25:00,99.47,99.48,99.4,99.42,61
2026-04-29 05:30:00,99.43,99.43,99.02,99.03,939
2026-04-29 05:35:00,99.05,99.22,99.01,99.2,475
2026-04-29 05:40:00,99.19,99.22,98.94,99.05,576
2026-04-29 05:45:00,99.07,99.15,98.93,99.09,194
2026-04-29 05:50:00,99.13,99.32,99.11,99.25,219
2026-04-29 05:55:00,99.25,99.26,99.12,99.23,132
2026-04-29 06:00:00,99.21,99.23,99.14,99.23,116
2026-04-29 06:05:00,99.24,99.26,99.12,99.18,113
2026-04-29 06:10:00,99.18,99.18,99.05,99.14,269
2026-04-29 06:15:00,99.16,99.4,99.15,99.37,313
2026-04-29 06:20:00,99.38,99.39,99.27,99.31,254
2026-04-29 06:25:00,99.31,99.35,99.26,99.31,140
2026-04-29 06:30:00,99.3,99.71,99.24,99.7,1446
2026-04-29 06:35:00,99.7,100.38,99.58,100.18,1214
2026-04-29 06:40:00,100.18,100.25,99.95,100.2,725
2026-04-29 06:45:00,100.23,100.23,100.02,100.03,376
2026-04-29 06:50:00,100.02,100.2,100.0,100.15,507
2026-04-29 06:55:00,100.12,100.2,99.95,100.2,453
2026-04-29 07:00:00,100.21,100.39,100.21,100.28,673
2026-04-29 07:05:00,100.26,100.4,100.21,100.28,271
2026-04-29 07:10:00,100.27,100.29,100.1,100.18,216
2026-04-29 07:15:00,100.19,100.46,100.17,100.45,386
2026-04-29 07:20:00,100.46,100.74,100.45,100.49,1453
2026-04-29 07:25:00,100.48,100.54,100.36,100.39,352
2026-04-29 07:30:00,100.38,100.39,100.07,100.09,437
2026-04-29 07:35:00,100.1,100.16,99.69,99.71,625
2026-04-29 07:40:00,99.7,99.78,99.57,99.59,455
2026-04-29 07:45:00,99.62,99.62,98.95,99.08,1124
2026-04-29 07:50:00,99.1,99.18,98.98,98.99,701
2026-04-29 07:55:00,99.0,99.02,98.42,98.83,2350
2026-04-29 08:00:00,98.86,98.96,98.65,98.96,429
2026-04-29 08:05:00,98.96,99.11,98.96,99.09,298
2026-04-29 08:10:00,99.08,99.23,99.02,99.08,381
2026-04-29 08:15:00,99.1,99.18,99.05,99.1,178
2026-04-29 08:20:00,99.08,99.28,99.05,99.28,231
2026-04-29 08:25:00,99.27,99.32,99.16,99.3,155
2026-04-29 08:30:00,99.33,99.44,99.2,99.24,831
2026-04-29 08:35:00,99.23,99.24,98.79,98.85,643
2026-04-29 08:40:00,98.86,99.02,98.86,98.91,126
2026-04-29 08:45:00,98.93,99.14,98.9,99.07,184
2026-04-29 08:50:00,99.07,99.15,98.98,99.05,108
2026-04-29 08:55:00,99.05,99.21,99.05,99.14,106
2026-04-29 09:00:00,99.19,99.36,99.16,99.21,223
2026-04-29 09:05:00,99.22,99.36,99.21,99.33,213
2026-04-29 09:10:00,99.35,99.38,99.3,99.36,40
2026-04-29 09:15:00,99.36,99.47,99.36,99.37,162
2026-04-29 09:20:00,99.37,99.39,99.28,99.28,89
2026-04-29 09:25:00,99.29,99.36,99.29,99.34,110
2026-04-29 09:30:00,99.3,99.39,99.26,99.35,112
2026-04-29 09:35:00,99.32,99.37,99.31,99.37,22
2026-04-29 09:40:00,99.35,99.38,99.33,99.35,49
2026-04-29 09:45:00,99.31,99.39,99.31,99.36,43
2026-04-29 09:50:00,99.36,99.39,99.31,99.39,41
2026-04-29 09:55:00,99.38,99.38,99.31,99.36,36
2026-04-29 10:00:00,99.36,99.47,99.32,99.37,95
2026-04-29 10:05:00,99.34,99.39,99.23,99.23,169
2026-04-29 10:10:00,99.22,99.37,99.21,99.35,272
2026-04-29 10:15:00,99.38,99.44,99.36,99.44,55
2026-04-29 10:20:00,99.45,99.5,99.39,99.46,190
2026-04-29 10:25:00,99.45,99.63,99.45,99.54,197
2026-04-29 10:30:00,99.58,99.7,99.58,99.65,185
2026-04-29 10:35:00,99.64,99.74,99.62,99.74,144
2026-04-29 10:40:00,99.75,99.79,99.7,99.75,169
2026-04-29 10:45:00,99.77,99.84,99.77,99.79,214
2026-04-29 10:50:00,99.76,99.81,99.68,99.7,134
2026-04-29 10:55:00,99.75,99.78,99.68,99.7,51
2026-04-29 11:00:00,99.72,99.74,99.61,99.72,131
2026-04-29 11:05:00,99.71,99.73,99.59,99.63,73
2026-04-29 11:10:00,99.64,99.64,99.57,99.6,40
2026-04-29 11:15:00,99.59,99.8,99.56,99.74,141
2026-04-29 11:20:00,99.71,99.84,99.69,99.69,136
2026-04-29 11:25:00,99.71,99.86,99.69,99.83,154
2026-04-29 11:30:00,99.85,99.85,99.6,99.61,178
2026-04-29 11:35:00,99.61,99.7,99.61,99.69,106
2026-04-29 11:40:00,99.7,99.78,99.63,99.72,192
2026-04-29 11:45:00,99.72,99.72,99.6,99.64,127
2026-04-29 11:50:00,99.63,99.86,99.62,99.8,267
2026-04-29 11:55:00,99.79,100.12,99.75,100.12,548
2026-04-29 12:00:00,100.12,100.5,100.06,100.41,1003
2026-04-29 12:05:00,100.41,100.49,100.17,100.19,445
2026-04-29 12:10:00,100.17,100.42,100.11,100.38,488
2026-04-29 12:15:00,100.4,100.63,100.34,100.46,897
2026-04-29 12:20:00,100.47,100.63,100.43,100.48,358
2026-04-29 12:25:00,100.48,100.6,100.39,100.59,215
2026-04-29 12:30:00,100.55,100.62,100.37,100.37,660
2026-04-29 12:35:00,100.37,100.67,100.34,100.67,458
2026-04-29 12:40:00,100.66,100.81,100.58,100.63,555
2026-04-29 12:45:00,100.62,100.71,100.55,100.67,587
2026-04-29 12:50:00,100.67,100.89,100.61,100.73,473
2026-04-29 12:55:00,100.72,101.0,100.64,100.88,835
2026-04-29 13:00:00,100.87,101.02,100.82,100.91,640
2026-04-29 13:05:00,100.9,101.55,100.85,101.46,1312
2026-04-29 13:10:00,101.46,101.68,101.38,101.51,1090
2026-04-29 13:15:00,101.51,101.93,101.46,101.58,1307
2026-04-29 13:20:00,101.6,101.83,101.53,101.75,906
2026-04-29 13:25:00,101.76,101.84,101.66,101.7,494
2026-04-29 13:30:00,101.71,102.25,101.62,102.11,1984
2026-04-29 13:35:00,102.1,102.77,102.04,102.69,1731
2026-04-29 13:40:00,102.68,102.7,102.44,102.65,1121
2026-04-29 13:45:00,102.65,102.87,102.54,102.82,1084
2026-04-29 13:50:00,102.84,102.87,102.6,102.66,699
2026-04-29 13:55:00,102.65,103.12,102.58,103.0,1735
2026-04-29 14:00:00,102.97,103.55,102.82,103.5,1716
2026-04-29 14:05:00,103.48,103.78,103.46,103.51,1993
2026-04-29 14:10:00,103.51,103.67,103.32,103.38,1519
2026-04-29 14:15:00,103.38,103.73,103.28,103.62,1245
2026-04-29 14:20:00,103.6,103.76,103.48,103.58,780
2026-04-29 14:25:00,103.52,103.64,103.44,103.6,753
2026-04-29 14:30:00,103.61,103.71,103.31,103.43,876
2026-04-29 14:35:00,103.43,103.53,103.38,103.42,375
2026-04-29 14:40:00,103.41,103.6,103.35,103.57,569
2026-04-29 14:45:00,103.58,103.63,103.33,103.36,653
2026-04-29 14:50:00,103.37,103.56,103.31,103.33,449
2026-04-29 14:55:00,103.36,103.54,103.35,103.45,504
2026-04-29 15:00:00,103.48,103.54,103.2,103.23,687
2026-04-29 15:05:00,103.22,103.33,102.85,103.32,1647
2026-04-29 15:10:00,103.31,103.43,103.27,103.43,716
2026-04-29 15:15:00,103.42,103.56,103.4,103.45,625
2026-04-29 15:20:00,103.46,103.59,103.46,103.48,659
2026-04-29 15:25:00,103.49,103.66,103.37,103.56,928
2026-04-29 15:30:00,103.57,103.82,103.47,103.59,1585
2026-04-29 15:35:00,103.59,103.62,103.3,103.4,624
2026-04-29 15:40:00,103.4,103.58,103.4,103.45,370
2026-04-29 15:45:00,103.45,103.46,103.26,103.27,385
2026-04-29 15:50:00,103.28,103.41,103.25,103.33,278
2026-04-29 15:55:00,103.35,103.5,103.35,103.43,338
2026-04-29 16:00:00,103.41,103.41,103.21,103.32,451
2026-04-29 16:05:00,103.33,103.37,103.25,103.31,183
2026-04-29 16:10:00,103.3,103.41,103.23,103.38,358
2026-04-29 16:15:00,103.39,103.43,103.23,103.26,319
2026-04-29 16:20:00,103.23,103.32,103.09,103.15,522
2026-04-29 16:25:00,103.15,103.28,103.14,103.14,248
2026-04-29 16:30:00,103.13,103.25,102.97,103.01,892
2026-04-29 16:35:00,103.01,103.34,103.01,103.24,655
2026-04-29 16:40:00,103.25,103.3,103.07,103.15,465
2026-04-29 16:45:00,103.16,103.34,103.12,103.24,437
2026-04-29 16:50:00,103.23,103.45,103.16,103.37,575
2026-04-29 16:55:00,103.38,103.41,103.14,103.19,492
2026-04-29 17:00:00,103.2,103.24,103.06,103.11,626
2026-04-29 17:05:00,103.1,103.18,102.74,102.93,1312
2026-04-29 17:10:00,102.93,103.25,102.91,103.03,750
2026-04-29 17:15:00,103.02,103.41,102.94,103.31,1085
2026-04-29 17:20:00,103.3,103.4,103.19,103.29,791
2026-04-29 17:25:00,103.29,103.44,103.23,103.4,448
2026-04-29 17:30:00,103.42,103.49,103.28,103.32,731
2026-04-29 17:35:00,103.34,103.37,103.16,103.28,606
2026-04-29 17:40:00,103.27,103.29,103.02,103.14,988
2026-04-29 17:45:00,103.16,103.26,102.98,103.24,582
2026-04-29 17:50:00,103.26,103.49,103.12,103.47,1471
2026-04-29 17:55:00,103.46,103.78,103.21,103.74,1355
2026-04-29 18:00:00,103.75,104.37,103.75,103.99,3164
2026-04-29 18:05:00,103.99,104.02,103.58,103.86,2632
2026-04-29 18:10:00,103.85,103.97,103.8,103.87,1019
2026-04-29 18:15:00,103.89,103.99,103.75,103.84,1093
2026-04-29 18:20:00,103.85,103.93,103.73,103.91,1324
2026-04-29 18:25:00,103.91,104.02,103.69,103.82,1291
2026-04-29 18:30:00,103.83,103.83,103.17,103.27,3628
2026-04-29 18:35:00,103.24,103.35,103.05,103.31,1927
2026-04-29 18:40:00,103.31,103.37,103.16,103.34,1458
2026-04-29 18:45:00,103.36,103.94,103.27,103.86,2469
2026-04-29 18:50:00,103.87,104.47,103.75,104.28,5148
2026-04-29 18:55:00,104.27,104.63,104.27,104.54,2771
2026-04-29 19:00:00,104.55,104.82,104.4,104.8,3871
2026-04-29 19:05:00,104.82,104.88,104.53,104.7,3227
2026-04-29 19:10:00,104.7,104.99,104.7,104.85,2371
2026-04-29 19:15:00,104.86,105.04,104.78,104.82,2280
2026-04-29 19:20:00,104.82,105.25,104.66,104.94,3056
2026-04-29 19:25:00,104.93,105.08,104.71,104.96,2058
2026-04-29 19:30:00,104.98,105.08,104.77,104.79,2212
2026-04-29 19:35:00,104.78,104.94,104.71,104.71,1294
2026-04-29 19:40:00,104.72,104.99,104.63,104.72,1625
2026-04-29 19:45:00,104.74,104.93,104.72,104.79,1310
2026-04-29 19:50:00,104.79,104.98,104.68,104.82,1619
2026-04-29 19:55:00,104.81,104.86,104.39,104.74,2141
2026-04-29 20:00:00,104.72,105.35,104.72,104.78,4767
2026-04-29 20:05:00,104.77,104.89,104.47,104.83,2334
2026-04-29 20:10:00,104.84,105.31,104.83,105.06,2299
2026-04-29 20:15:00,105.04,105.23,104.99,105.2,1380
2026-04-29 20:20:00,105.22,105.43,105.13,105.14,2777
2026-04-29 20:25:00,105.15,105.29,105.11,105.19,1353
2026-04-29 20:30:00,105.18,105.23,105.01,105.17,1807
2026-04-29 20:35:00,105.18,105.36,105.09,105.29,1949
2026-04-29 20:40:00,105.28,105.41,105.22,105.35,2470
2026-04-29 20:45:00,105.38,105.47,104.93,105.3,2875
2026-04-29 20:50:00,105.29,105.39,105.02,105.25,1576
2026-04-29 20:55:00,105.26,105.64,105.21,105.54,2709
2026-04-29 21:00:00,105.54,105.96,105.41,105.57,3956
2026-04-29 21:05:00,105.57,105.78,105.54,105.66,2375
2026-04-29 21:10:00,105.67,105.96,105.56,105.78,2725
2026-04-29 21:15:00,105.79,105.9,105.6,105.73,2000
2026-04-29 21:20:00,105.72,106.67,105.52,106.45,8020
2026-04-29 21:25:00,106.46,107.04,106.42,106.78,5804
2026-04-29 21:30:00,106.8,106.85,106.21,106.46,3738
2026-04-29 21:35:00,106.45,106.57,106.19,106.35,1906
2026-04-29 21:40:00,106.35,106.66,106.27,106.62,2445
2026-04-29 21:45:00,106.61,106.86,106.51,106.78,1719
2026-04-29 21:50:00,106.79,106.84,106.64,106.74,1433
2026-04-29 21:55:00,106.73,106.78,106.42,106.69,1482
2026-04-29 22:00:00,106.72,107.02,106.64,106.95,2441
2026-04-29 22:05:00,106.97,107.01,106.78,106.85,2646
2026-04-29 22:10:00,106.84,106.9,106.66,106.75,1778
2026-04-29 22:15:00,106.75,106.79,106.52,106.73,2203
2026-04-29 22:20:00,106.74,106.97,106.67,106.84,1841
2026-04-29 22:25:00,106.86,107.27,106.84,107.14,2602
2026-04-29 22:30:00,107.14,107.63,107.06,107.38,2935
2026-04-29 22:35:00,107.37,107.42,107.11,107.26,2560
2026-04-29 22:40:00,107.26,107.61,107.21,107.52,2110
2026-04-29 22:45:00,107.52,107.68,107.4,107.5,1897
2026-04-29 22:50:00,107.52,107.52,106.94,107.13,3292
2026-04-29 22:55:00,107.13,107.24,106.77,106.81,1811
2026-04-29 23:00:00,106.8,106.9,106.27,106.58,3920
2026-04-29 23:05:00,106.58,106.98,106.57,106.95,2007
2026-04-29 23:10:00,106.94,107.2,106.91,107.15,1877
2026-04-29 23:15:00,107.14,107.21,106.62,106.85,3309
2026-04-29 23:20:00,106.85,106.93,106.36,106.59,3313
2026-04-29 23:25:00,106.59,106.69,106.36,106.52,1673
2026-04-29 23:30:00,106.57,106.83,106.47,106.71,1822
2026-04-29 23:35:00,106.71,107.19,106.66,107.03,2081
2026-04-29 23:40:00,107.03,107.15,106.9,107.14,1711
2026-04-29 23:45:00,107.13,107.16,106.7,106.85,3639
2026-04-29 23:50:00,106.84,106.9,106.66,106.8,2085
2026-04-29 23:55:00,106.8,107.16,106.69,106.98,7495
2026-04-30 00:00:00,106.99,107.45,106.97,107.07,2437
2026-04-30 00:05:00,107.07,107.19,106.9,107.17,1298
2026-04-30 00:10:00,107.17,107.32,107.13,107.3,639
2026-04-30 00:15:00,107.32,107.37,106.98,107.01,1049
2026-04-30 00:20:00,107.01,107.11,106.9,107.08,979
2026-04-30 00:25:00,107.08,107.09,106.77,106.8,912
2026-04-30 00:30:00,106.82,106.98,106.69,106.98,827
2026-04-30 00:35:00,106.97,107.17,106.97,107.13,763
2026-04-30 00:40:00,107.14,107.19,107.04,107.11,627
2026-04-30 00:45:00,107.1,107.31,107.08,107.25,454
2026-04-30 00:50:00,107.27,107.56,107.25,107.4,1162
2026-04-30 00:55:00,107.4,107.57,107.36,107.54,597
2026-04-30 01:00:00,107.55,108.49,107.55,108.27,2976
2026-04-30 01:05:00,108.26,108.29,107.75,107.78,1298
2026-04-30 01:10:00,107.78,108.02,107.7,107.98,608
2026-04-30 01:15:00,107.98,108.02,107.87,107.91,510
2026-04-30 01:20:00,107.91,107.97,107.55,107.69,531
2026-04-30 01:25:00,107.72,107.82,107.56,107.78,799
2026-04-30 01:30:00,107.77,107.92,107.53,107.69,495
2026-04-30 01:35:00,107.67,107.93,107.67,107.88,442
2026-04-30 01:40:00,107.9,108.18,107.89,108.04,703
2026-04-30 01:45:00,108.04,108.32,108.02,108.17,1103
2026-04-30 01:50:00,108.2,108.22,107.93,107.96,454
2026-04-30 01:55:00,107.97,108.07,107.89,107.94,226
2026-04-30 02:00:00,107.93,108.17,107.85,108.07,277
2026-04-30 02:05:00,108.09,108.12,108.03,108.05,165
2026-04-30 02:10:00,108.08,108.08,107.92,107.94,276
2026-04-30 02:15:00,107.96,108.3,107.92,108.26,417
2026-04-30 02:20:00,108.25,108.39,108.18,108.35,259
2026-04-30 02:25:00,108.35,108.6,108.3,108.49,669
2026-04-30 03:30:00,109.07,109.64,108.02,108.21,0
2026-04-30 03:35:00,108.25,108.27,107.58,108.09,445
2026-04-30 03:40:00,108.1,108.18,107.76,107.85,522
2026-04-30 03:45:00,107.84,108.09,107.74,108.0,327
2026-04-30 03:50:00,108.01,108.27,107.93,108.26,192
2026-04-30 03:55:00,108.27,108.48,108.27,108.43,249
2026-04-30 04:00:00,108.43,108.56,108.28,108.53,258
2026-04-30 04:05:00,108.5,108.59,108.35,108.51,217
2026-04-30 04:10:00,108.56,108.86,108.44,108.52,426
2026-04-30 04:15:00,108.57,108.61,108.4,108.42,157
2026-04-30 04:20:00,108.41,108.48,108.4,108.48,148
2026-04-30 04:25:00,108.43,108.48,108.4,108.41,99
2026-04-30 04:30:00,108.4,108.45,108.31,108.39,148
2026-04-30 04:35:00,108.39,108.5,108.36,108.39,81
2026-04-30 04:40:00,108.44,108.46,108.3,108.31,69
2026-04-30 04:45:00,108.34,108.34,108.17,108.26,89
2026-04-30 04:50:00,108.26,108.4,108.26,108.32,107
2026-04-30 04:55:00,108.32,108.38,108.2,108.2,82
2026-04-30 05:00:00,108.17,108.24,108.04,108.18,151
2026-04-30 05:05:00,108.19,108.19,107.9,108.02,210
2026-04-30 05:10:00,108.02,108.12,107.92,107.93,216
2026-04-30 05:15:00,107.93,108.07,107.93,107.96,132
2026-04-30 05:20:00,107.96,107.96,107.83,107.92,163
2026-04-30 05:25:00,107.91,108.03,107.91,107.96,106
2026-04-30 05:30:00,107.99,108.1,106.86,107.6,2117
2026-04-30 05:35:00,107.59,107.68,106.63,106.68,1698
2026-04-30 05:40:00,106.71,107.07,106.54,107.03,951
2026-04-30 05:45:00,107.0,107.01,106.51,106.52,598
2026-04-30 05:50:00,106.53,107.09,106.45,107.04,459
2026-04-30 05:55:00,107.09,107.19,106.94,106.98,267
2026-04-30 06:00:00,107.0,107.14,106.91,107.04,243
2026-04-30 06:05:00,107.05,107.26,106.98,106.99,298
2026-04-30 06:10:00,106.98,107.3,106.98,107.23,223
2026-04-30 06:15:00,107.22,107.33,107.16,107.27,228
2026-04-30 06:20:00,107.3,107.34,107.19,107.29,120
2026-04-30 06:25:00,107.3,107.66,107.23,107.41,590
2026-04-30 06:30:00,107.4,107.61,107.18,107.4,512
2026-04-30 06:35:00,107.38,107.55,107.2,107.35,219
2026-04-30 06:40:00,107.34,107.45,107.1,107.33,481
2026-04-30 06:45:00,107.32,107.4,107.2,107.38,180
2026-04-30 06:50:00,107.39,107.51,107.25,107.45,246
2026-04-30 06:55:00,107.44,107.45,107.21,107.3,285
2026-04-30 07:00:00,107.3,107.32,107.13,107.23,209
2026-04-30 07:05:00,107.23,107.48,107.23,107.45,310
2026-04-30 07:10:00,107.47,107.49,107.16,107.28,251
2026-04-30 07:15:00,107.28,107.32,107.16,107.3,181
2026-04-30 07:20:00,107.31,107.58,107.29,107.32,303
2026-04-30 07:25:00,107.26,107.34,107.13,107.17,243
2026-04-30 07:30:00,107.19,107.5,107.18,107.5,279
2026-04-30 07:35:00,107.51,107.61,107.27,107.33,267
2026-04-30 07:40:00,107.32,107.58,107.27,107.44,349
2026-04-30 07:45:00,107.46,108.23,107.46,108.2,921
2026-04-30 07:50:00,108.18,108.38,108.1,108.32,566
2026-04-30 07:55:00,108.32,108.59,108.25,108.46,706
2026-04-30 08:00:00,108.48,109.08,108.25,108.97,1754
2026-04-30 08:05:00,108.93,109.08,108.76,108.97,682
2026-04-30 08:10:00,108.99,109.25,108.6,109.16,809
2026-04-30 08:15:00,109.17,109.21,108.84,108.88,601
2026-04-30 08:20:00,108.89,108.92,108.37,108.42,720
2026-04-30 08:25:00,108.41,108.66,108.28,108.4,487
2026-04-30 08:30:00,108.42,108.46,108.14,108.27,550
2026-04-30 08:35:00,108.26,108.75,108.25,108.64,417
2026-04-30 08:40:00,108.65,109.58,108.53,109.29,981
2026-04-30 08:45:00,109.32,109.4,109.15,109.32,484
2026-04-30 08:50:00,109.34,109.4,109.12,109.19,268
2026-04-30 08:55:00,109.18,109.24,108.88,109.0,388
2026-04-30 09:00:00,109.0,109.09,108.77,108.87,438
2026-04-30 09:05:00,108.83,109.3,108.74,109.11,593
2026-04-30 09:10:00,109.16,109.45,109.15,109.27,416
2026-04-30 09:15:00,109.28,109.43,109.24,109.35,326
2026-04-30 09:20:00,109.35,109.45,109.2,109.23,312
2026-04-30 09:25:00,109.25,109.33,109.05,109.07,185
2026-04-30 09:30:00,109.11,109.53,109.07,109.46,620
2026-04-30 09:35:00,109.48,109.61,109.32,109.45,319
2026-04-30 09:40:00,109.44,110.06,109.37,109.81,995
2026-04-30 09:45:00,109.84,110.27,109.81,110.12,750
2026-04-30 09:50:00,110.11,110.29,109.9,109.92,689
2026-04-30 09:55:00,109.93,110.06,109.46,109.98,991
2026-04-30 10:00:00,109.98,110.93,109.98,110.75,1521
2026-04-30 10:05:00,110.76,110.76,110.27,110.43,643
2026-04-30 10:10:00,110.45,110.56,109.87,109.88,714
2026-04-30 10:15:00,109.87,110.11,109.7,109.75,542
2026-04-30 10:20:00,109.75,109.92,109.68,109.9,305
2026-04-30 10:25:00,109.87,109.95,109.7,109.86,184
2026-04-30 10:30:00,109.84,109.86,109.34,109.54,566
2026-04-30 10:35:00,109.56,109.59,109.04,109.09,627
2026-04-30 10:40:00,109.12,109.3,109.09,109.27,325
2026-04-30 10:45:00,109.26,109.45,109.19,109.32,348
2026-04-30 10:50:00,109.33,109.49,109.27,109.41,315
2026-04-30 10:55:00,109.39,109.71,109.39,109.48,284
2026-04-30 11:00:00,109.46,109.47,108.84,108.9,735
2026-04-30 11:05:00,108.91,109.16,108.89,109.13,347
2026-04-30 11:10:00,109.15,109.35,109.04,109.34,327
2026-04-30 11:15:00,109.35,109.4,109.24,109.28,217
2026-04-30 11:20:00,109.29,109.37,109.16,109.28,199
2026-04-30 11:25:00,109.29,109.5,109.23,109.37,236
2026-04-30 11:30:00,109.37,109.48,109.04,109.1,410
2026-04-30 11:35:00,109.12,109.62,109.02,109.57,404
2026-04-30 11:40:00,109.62,110.0,109.6,109.65,1011
2026-04-30 11:45:00,109.65,109.84,109.57,109.67,865
2026-04-30 11:50:00,109.68,110.31,109.65,110.21,734
2026-04-30 11:55:00,110.22,110.25,110.1,110.15,300
2026-04-30 12:00:00,110.14,110.14,108.66,108.67,1056
2026-04-30 12:05:00,108.68,108.95,108.41,108.74,1410
2026-04-30 12:10:00,108.72,109.04,108.49,108.74,1019
2026-04-30 12:15:00,108.78,109.18,108.67,108.95,472
2026-04-30 12:20:00,108.92,108.97,108.27,108.41,908
2026-04-30 12:25:00,108.41,108.6,108.26,108.34,811
2026-04-30 12:30:00,108.3,108.55,108.18,108.38,686
2026-04-30 12:35:00,108.38,108.49,107.64,107.93,1537
2026-04-30 12:40:00,107.99,108.3,107.73,108.04,1220
2026-04-30 12:45:00,108.07,108.31,107.95,108.28,530
2026-04-30 12:50:00,108.27,108.44,108.07,108.21,406
2026-04-30 12:55:00,108.24,108.42,108.12,108.2,431
2026-04-30 13:00:00,108.16,108.28,107.77,108.14,725
2026-04-30 13:05:00,108.14,108.58,108.12,108.28,726
2026-04-30 13:10:00,108.27,108.62,108.16,108.41,445
2026-04-30 13:15:00,108.38,108.45,108.02,108.31,471
2026-04-30 13:20:00,108.3,108.56,108.03,108.3,609
2026-04-30 13:25:00,108.34,108.53,108.17,108.26,322
2026-04-30 13:30:00,108.26,108.46,108.08,108.42,396
2026-04-30 13:35:00,108.43,108.49,108.16,108.26,461
2026-04-30 13:40:00,108.22,108.29,108.0,108.08,388
2026-04-30 13:45:00,108.08,108.24,107.76,108.1,635
2026-04-30 13:50:00,108.14,108.36,108.11,108.2,456
2026-04-30 13:55:00,108.18,108.3,107.85,107.86,865
2026-04-30 14:00:00,107.88,108.05,107.5,107.99,1059
2026-04-30 14:05:00,108.03,108.3,107.79,107.89,501
2026-04-30 14:10:00,107.88,108.02,107.63,107.88,614
2026-04-30 14:15:00,107.9,108.01,107.82,107.98,283
2026-04-30 14:20:00,107.96,108.03,107.6,107.67,421
2026-04-30 14:25:00,107.7,108.03,107.62,107.99,536
2026-04-30 14:30:00,107.99,108.1,107.83,107.98,431
2026-04-30 14:35:00,107.95,108.38,107.83,108.19,374
2026-04-30 14:40:00,108.2,108.74,108.2,108.47,837
2026-04-30 14:45:00,108.49,108.53,108.23,108.53,315
2026-04-30 14:50:00,108.55,108.84,108.55,108.74,647
2026-04-30 14:55:00,108.73,108.87,107.21,107.22,2038
2026-04-30 15:00:00,107.23,107.4,106.39,107.05,3668
2026-04-30 15:05:00,107.07,107.2,106.82,106.98,1198
2026-04-30 15:10:00,106.99,107.26,106.89,107.02,703
2026-04-30 15:15:00,107.03,107.16,106.67,106.88,745
2026-04-30 15:20:00,106.88,107.18,106.68,106.74,889
2026-04-30 15:25:00,106.75,107.05,106.61,106.9,720
2026-04-30 15:30:00,106.94,106.94,106.37,106.67,1149
2026-04-30 15:35:00,106.64,106.68,106.2,106.45,1286
2026-04-30 15:40:00,106.45,106.97,106.39,106.8,900
2026-04-30 15:45:00,106.79,106.93,106.69,106.83,340
2026-04-30 15:50:00,106.79,107.02,106.79,106.9,466
2026-04-30 15:55:00,106.92,106.98,106.58,106.85,584
2026-04-30 16:00:00,106.85,107.16,106.63,107.12,1119
2026-04-30 16:05:00,107.15,107.31,106.85,106.88,987
2026-04-30 16:10:00,106.86,106.89,106.41,106.56,627
2026-04-30 16:15:00,106.52,106.83,106.36,106.75,851
2026-04-30 16:20:00,106.72,106.81,106.51,106.63,652
2026-04-30 16:25:00,106.65,106.75,106.34,106.43,668
2026-04-30 16:30:00,106.44,106.45,105.5,105.72,2436
2026-04-30 16:35:00,105.72,106.09,105.2,105.48,1946
2026-04-30 16:40:00,105.47,105.66,105.32,105.47,1056
2026-04-30 16:45:00,105.48,105.55,105.05,105.23,1663
2026-04-30 16:50:00,105.26,105.42,105.02,105.31,1239
2026-04-30 16:55:00,105.31,105.33,103.5,103.7,6524
2026-04-30 17:00:00,103.7,104.38,103.7,104.08,3689
2026-04-30 17:05:00,104.06,104.3,103.66,104.18,2355
2026-04-30 17:10:00,104.18,104.45,104.06,104.22,1548
2026-04-30 17:15:00,104.22,104.42,103.94,104.14,1278
2026-04-30 17:20:00,104.11,104.54,103.89,104.36,1656
2026-04-30 17:25:00,104.37,104.61,104.17,104.53,1602
2026-04-30 17:30:00,104.53,104.99,104.47,104.78,2721
2026-04-30 17:35:00,104.76,105.18,104.76,104.93,2724
2026-04-30 17:40:00,104.93,105.1,104.86,105.0,1177
2026-04-30 17:45:00,105.0,105.08,104.69,104.83,981
2026-04-30 17:50:00,104.83,104.89,104.65,104.77,954
2026-04-30 17:55:00,104.81,104.93,104.52,104.82,1026
2026-04-30 18:00:00,104.83,105.54,104.82,105.52,2394
2026-04-30 18:05:00,105.52,105.69,105.23,105.44,1757
2026-04-30 18:10:00,105.44,105.83,105.41,105.68,1756
2026-04-30 18:15:00,105.67,105.73,105.26,105.52,1158
2026-04-30 18:20:00,105.52,105.69,105.03,105.28,1227
2026-04-30 18:25:00,105.28,105.5,105.12,105.29,791
2026-04-30 18:30:00,105.3,105.3,104.58,104.75,2213
2026-04-30 18:35:00,104.75,104.81,104.03,104.07,3178
2026-04-30 18:40:00,104.06,104.65,104.04,104.14,2238
2026-04-30 18:45:00,104.14,104.35,103.85,104.17,1605
2026-04-30 18:50:00,104.18,104.48,104.04,104.43,1623
2026-04-30 18:55:00,104.44,104.67,104.26,104.65,1922
2026-04-30 19:00:00,104.66,105.41,104.6,105.41,2357
2026-04-30 19:05:00,105.4,105.98,105.32,105.67,3025
2026-04-30 19:10:00,105.69,105.83,105.34,105.4,2036
2026-04-30 19:15:00,105.41,105.82,105.32,105.4,1470
2026-04-30 19:20:00,105.4,105.66,105.2,105.53,1774
2026-04-30 19:25:00,105.54,105.64,105.28,105.45,1034
2026-04-30 19:30:00,105.45,105.62,105.08,105.58,1860
2026-04-30 19:35:00,105.59,105.74,105.17,105.36,1509
2026-04-30 19:40:00,105.36,105.42,104.79,105.07,2641
2026-04-30 19:45:00,105.06,105.76,104.83,104.86,2361
2026-04-30 19:50:00,104.86,105.28,104.69,104.98,2344
2026-04-30 19:55:00,105.0,105.35,104.94,105.08,1761
2026-04-30 20:00:00,105.09,105.92,104.99,105.69,2854
2026-04-30 20:05:00,105.69,106.46,105.68,106.21,3530
2026-04-30 20:10:00,106.2,106.21,105.75,105.93,2113
2026-04-30 20:15:00,105.92,106.17,105.7,106.05,1628
2026-04-30 20:20:00,106.05,106.07,105.43,105.57,1603
2026-04-30 20:25:00,105.6,106.02,105.52,105.99,1691
2026-04-30 20:30:00,106.0,106.62,105.72,106.5,2862
2026-04-30 20:35:00,106.51,106.58,105.13,105.16,7481
2026-04-30 20:40:00,105.15,105.22,104.58,104.73,8031
2026-04-30 20:45:00,104.71,104.98,104.53,104.69,4756
2026-04-30 20:50:00,104.68,104.97,104.31,104.37,4010
2026-04-30 20:55:00,104.34,104.55,104.08,104.45,4262
2026-04-30 21:00:00,104.44,104.44,103.55,104.3,4937
2026-04-30 21:05:00,104.31,104.68,104.23,104.31,2775
2026-04-30 21:10:00,104.3,104.63,104.21,104.36,2401
2026-04-30 21:15:00,104.36,104.89,104.36,104.6,2050
2026-04-30 21:20:00,104.58,104.59,104.02,104.05,2040
2026-04-30 21:25:00,104.05,104.17,103.89,104.1,2086
2026-04-30 21:30:00,104.1,104.54,104.04,104.27,1573
2026-04-30 21:35:00,104.21,104.45,104.11,104.39,1691
2026-04-30 21:40:00,104.4,104.46,104.02,104.13,1466
2026-04-30 21:45:00,104.15,104.66,104.13,104.42,1836
2026-04-30 21:50:00,104.44,104.75,104.33,104.66,1242
2026-04-30 21:55:00,104.69,104.76,104.52,104.65,1259
2026-04-30 22:00:00,104.65,104.78,104.57,104.7,1015
2026-04-30 22:05:00,104.7,104.77,104.58,104.62,795
2026-04-30 22:10:00,104.63,104.72,104.37,104.56,1408
2026-04-30 22:15:00,104.55,104.93,104.52,104.6,1380
2026-04-30 22:20:00,104.62,105.17,104.62,104.96,1551
2026-04-30 22:25:00,104.95,105.15,104.76,104.77,1121
2026-04-30 22:30:00,104.77,104.77,104.14,104.32,1696
2026-04-30 22:35:00,104.33,104.42,104.06,104.1,1270
2026-04-30 22:40:00,104.1,104.21,103.9,104.06,1569
2026-04-30 22:45:00,104.08,104.68,104.08,104.5,1519
2026-04-30 22:50:00,104.51,104.66,104.31,104.48,1584
2026-04-30 22:55:00,104.49,104.86,104.48,104.52,1657
2026-04-30 23:00:00,104.53,104.53,103.43,103.99,4640
2026-04-30 23:05:00,103.98,104.07,103.79,104.01,1399
2026-04-30 23:10:00,104.01,104.21,103.77,103.95,1394
2026-04-30 23:15:00,103.96,103.98,103.34,103.53,2794
2026-04-30 23:20:00,103.53,103.75,103.44,103.73,1992
2026-04-30 23:25:00,103.72,103.86,103.59,103.67,1564
2026-04-30 23:30:00,103.67,103.81,103.43,103.66,1552
2026-04-30 23:35:00,103.68,103.94,103.64,103.94,2264
2026-04-30 23:40:00,103.94,104.18,103.83,104.15,2390
2026-04-30 23:45:00,104.14,104.38,104.05,104.07,1978
2026-04-30 23:50:00,104.07,104.97,103.99,104.93,3420
2026-04-30 23:55:00,104.92,105.31,104.78,105.15,11348
2026-05-01 00:00:00,105.15,105.47,105.13,105.35,2242
2026-05-01 00:05:00,105.36,105.43,105.24,105.38,919
2026-05-01 00:10:00,105.38,105.6,105.29,105.46,1279
2026-05-01 00:15:00,105.47,105.5,105.23,105.26,1030
2026-05-01 00:20:00,105.26,105.37,105.2,105.35,610
2026-05-01 00:25:00,105.34,105.53,105.34,105.39,532
2026-05-01 00:30:00,105.41,105.44,105.02,105.14,1168
2026-05-01 00:35:00,105.11,105.25,104.92,105.07,735
2026-05-01 00:40:00,105.07,105.11,104.7,104.78,1467
2026-05-01 00:45:00,104.77,104.92,104.7,104.87,417
2026-05-01 00:50:00,104.85,104.94,104.76,104.81,379
2026-05-01 00:55:00,104.79,104.89,104.75,104.81,371
2026-05-01 01:00:00,104.8,104.96,104.77,104.85,291
2026-05-01 01:05:00,104.86,104.93,104.8,104.88,379
2026-05-01 01:10:00,104.9,105.16,104.9,105.12,342
2026-05-01 01:15:00,105.13,105.14,104.82,104.89,480
2026-05-01 01:20:00,104.86,105.29,104.85,104.99,665
2026-05-01 01:25:00,105.02,105.23,105.0,105.22,440
2026-05-01 01:30:00,105.21,106.02,105.1,105.89,1663
2026-05-01 01:35:00,105.89,105.93,105.32,105.52,1457
2026-05-01 01:40:00,105.53,105.81,105.44,105.75,309
2026-05-01 01:45:00,105.74,105.87,105.35,105.47,940
2026-05-01 01:50:00,105.47,105.47,105.25,105.29,757
2026-05-01 01:55:00,105.29,105.54,105.29,105.54,146
2026-05-01 02:00:00,105.53,105.77,105.51,105.74,467
2026-05-01 02:05:00,105.76,105.89,105.73,105.85,277
2026-05-01 02:10:00,105.86,106.15,105.81,106.09,222
2026-05-01 02:15:00,106.05,106.09,105.54,105.57,278
2026-05-01 02:20:00,105.54,105.63,105.48,105.48,386
2026-05-01 02:25:00,105.48,105.61,105.36,105.41,459
2026-05-01 03:30:00,105.14,105.46,105.06,105.44,0
2026-05-01 03:35:00,105.44,105.55,105.33,105.35,93
2026-05-01 03:40:00,105.36,105.47,105.34,105.47,30
2026-05-01 03:45:00,105.5,105.54,105.38,105.51,122
2026-05-01 03:50:00,105.54,105.55,105.52,105.55,18
2026-05-01 03:55:00,105.57,105.72,105.57,105.72,111
2026-05-01 04:00:00,105.72,105.75,105.65,105.67,43
2026-05-01 04:05:00,105.68,105.79,105.57,105.72,119
2026-05-01 04:10:00,105.7,105.97,105.66,105.94,222
2026-05-01 04:15:00,105.93,105.97,105.74,105.79,118
2026-05-01 04:20:00,105.8,105.8,105.72,105.72,38
2026-05-01 04:25:00,105.7,105.75,105.65,105.69,46
2026-05-01 04:30:00,105.69,105.76,105.5,105.69,178
2026-05-01 04:35:00,105.67,105.73,105.67,105.71,25
2026-05-01 04:40:00,105.72,105.81,105.67,105.75,55
2026-05-01 04:45:00,105.75,105.77,105.64,105.74,61
2026-05-01 04:50:00,105.75,105.8,105.63,105.7,120
2026-05-01 04:55:00,105.74,105.76,105.69,105.76,20
2026-05-01 05:00:00,105.76,105.77,105.67,105.71,32
2026-05-01 05:05:00,105.71,105.75,105.71,105.75,18
2026-05-01 05:10:00,105.74,105.8,105.73,105.8,39
2026-05-01 05:15:00,105.8,105.85,105.79,105.85,58
2026-05-01 05:20:00,105.82,105.85,105.79,105.81,51
2026-05-01 05:25:00,105.79,105.81,105.62,105.64,129
2026-05-01 05:30:00,105.64,105.68,105.38,105.59,550
2026-05-01 05:35:00,105.61,105.66,105.47,105.66,223
2026-05-01 05:40:00,105.67,106.04,105.62,105.9,395
2026-05-01 05:45:00,105.87,105.87,105.64,105.64,175
2026-05-01 05:50:00,105.64,105.73,105.51,105.62,256
2026-05-01 05:55:00,105.63,105.71,105.57,105.58,106
2026-05-01 06:00:00,105.63,105.69,105.55,105.64,224
2026-05-01 06:05:00,105.63,105.65,105.53,105.53,115
2026-05-01 06:10:00,105.53,105.59,105.43,105.58,85
2026-05-01 06:15:00,105.53,105.57,105.41,105.46,410
2026-05-01 06:20:00,105.48,105.82,105.44,105.76,167
2026-05-01 06:25:00,105.77,105.77,105.59,105.63,96
2026-05-01 06:30:00,105.63,106.01,105.63,105.94,477
2026-05-01 06:35:00,105.96,105.98,105.82,105.96,103
2026-05-01 06:40:00,105.96,105.97,105.81,105.81,116
2026-05-01 06:45:00,105.82,105.97,105.77,105.95,112
2026-05-01 06:50:00,105.95,105.98,105.78,105.79,68
2026-05-01 06:55:00,105.79,105.8,105.64,105.66,116
2026-05-01 07:00:00,105.69,105.69,105.2,105.23,450
2026-05-01 07:05:00,105.22,105.34,105.14,105.34,197
2026-05-01 07:10:00,105.34,105.4,105.28,105.39,181
2026-05-01 07:15:00,105.39,105.53,105.37,105.52,129
2026-05-01 07:20:00,105.52,105.52,105.32,105.41,133
2026-05-01 07:25:00,105.43,105.43,105.28,105.32,117
2026-05-01 07:30:00,105.3,105.3,105.08,105.2,278
2026-05-01 07:35:00,105.21,105.35,105.17,105.3,121
2026-05-01 07:40:00,105.32,105.52,105.31,105.52,127
2026-05-01 07:45:00,105.53,105.95,105.51,105.95,649
2026-05-01 07:50:00,105.94,105.96,105.76,105.81,322
2026-05-01 07:55:00,105.81,105.89,105.77,105.86,87
2026-05-01 08:00:00,105.87,106.36,105.86,106.24,639
2026-05-01 08:05:00,106.2,106.38,106.18,106.35,167
2026-05-01 08:10:00,106.34,106.34,106.06,106.08,136
2026-05-01 08:15:00,106.1,106.19,106.06,106.11,147
2026-05-01 08:20:00,106.08,106.08,105.83,105.84,148
2026-05-01 08:25:00,105.83,105.87,105.44,105.5,253
2026-05-01 08:30:00,105.46,105.63,105.4,105.5,347
2026-05-01 08:35:00,105.52,105.55,105.38,105.55,274
2026-05-01 08:40:00,105.55,105.56,105.42,105.53,65
2026-05-01 08:45:00,105.52,105.62,105.5,105.6,92
2026-05-01 08:50:00,105.6,105.66,105.55,105.57,59
2026-05-01 08:55:00,105.57,105.74,105.57,105.7,72
2026-05-01 09:00:00,105.68,105.74,105.62,105.67,59
2026-05-01 09:05:00,105.67,105.74,105.55,105.58,73
2026-05-01 09:10:00,105.59,105.72,105.55,105.65,54
2026-05-01 09:15:00,105.64,105.71,105.6,105.64,46
2026-05-01 09:20:00,105.64,105.67,105.57,105.65,32
2026-05-01 09:25:00,105.61,105.61,105.44,105.46,100
2026-05-01 09:30:00,105.52,105.6,105.37,105.54,159
2026-05-01 09:35:00,105.52,105.54,105.39,105.41,73
2026-05-01 09:40:00,105.42,105.52,105.42,105.52,42
2026-05-01 09:45:00,105.52,105.55,105.44,105.5,37
2026-05-01 09:50:00,105.53,105.53,105.25,105.29,200
2026-05-01 09:55:00,105.3,105.42,105.18,105.37,187
2026-05-01 10:00:00,105.37,105.4,105.27,105.36,100
2026-05-01 10:05:00,105.36,105.37,105.23,105.37,90
2026-05-01 10:10:00,105.34,105.34,105.23,105.25,41
2026-05-01 10:15:00,105.24,105.24,105.13,105.15,273
2026-05-01 10:20:00,105.18,105.3,105.18,105.23,56
2026-05-01 10:25:00,105.21,105.21,104.98,104.99,380
2026-05-01 10:30:00,105.0,105.28,104.99,105.14,167
2026-05-01 10:35:00,105.17,105.22,105.0,105.11,168
2026-05-01 10:40:00,105.13,105.22,105.08,105.22,83
2026-05-01 10:45:00,105.19,105.22,105.08,105.19,68
2026-05-01 10:50:00,105.2,105.2,105.09,105.12,44
2026-05-01 10:55:00,105.15,105.21,105.06,105.17,122
2026-05-01 11:00:00,105.19,105.33,105.18,105.25,183
2026-05-01 11:05:00,105.27,105.29,105.23,105.24,53
2026-05-01 11:10:00,105.25,105.25,105.15,105.16,128
2026-05-01 11:15:00,105.18,105.27,105.17,105.22,78
2026-05-01 11:20:00,105.21,105.21,105.08,105.16,50
2026-05-01 11:25:00,105.15,105.2,105.0,105.12,257
2026-05-01 11:30:00,105.11,105.44,105.11,105.39,304
2026-05-01 11:35:00,105.4,105.57,105.36,105.56,229
2026-05-01 11:40:00,105.55,105.61,105.43,105.46,170
2026-05-01 11:45:00,105.45,105.53,105.37,105.52,102
2026-05-01 11:50:00,105.46,105.65,105.39,105.62,130
2026-05-01 11:55:00,105.62,106.12,105.62,106.02,846
2026-05-01 12:00:00,106.04,106.43,106.01,106.29,730
2026-05-01 12:05:00,106.27,106.33,106.11,106.24,298
2026-05-01 12:10:00,106.24,106.65,106.03,106.34,818
2026-05-01 12:15:00,106.32,106.48,106.07,106.18,398
2026-05-01 12:20:00,106.19,106.23,106.01,106.12,203
2026-05-01 12:25:00,106.12,106.16,105.87,105.93,227
2026-05-01 12:30:00,105.94,106.14,105.81,105.93,485
2026-05-01 12:35:00,105.9,105.92,105.42,105.45,952
2026-05-01 12:40:00,105.44,105.5,104.71,104.71,1490
2026-05-01 12:45:00,104.73,104.84,104.38,104.54,975
2026-05-01 12:50:00,104.56,104.62,104.13,104.29,1001
2026-05-01 12:55:00,104.27,104.64,104.23,104.59,501
2026-05-01 13:00:00,104.65,104.74,104.54,104.61,385
2026-05-01 13:05:00,104.59,105.07,104.51,105.05,495
2026-05-01 13:10:00,105.07,105.26,104.96,105.25,412
2026-05-01 13:15:00,105.28,105.28,104.85,104.85,251
2026-05-01 13:20:00,104.89,105.45,104.83,105.43,1504
2026-05-01 13:25:00,105.43,105.53,105.27,105.52,292
2026-05-01 13:30:00,105.52,105.74,105.46,105.53,891
2026-05-01 13:35:00,105.54,105.59,105.4,105.53,264
2026-05-01 13:40:00,105.56,105.73,105.37,105.37,333
2026-05-01 13:45:00,105.37,105.67,105.18,105.56,515
2026-05-01 13:50:00,105.55,105.55,104.99,105.01,603
2026-05-01 13:55:00,105.01,105.17,104.68,105.11,1221
2026-05-01 14:00:00,105.12,105.43,105.12,105.31,689
2026-05-01 14:05:00,105.35,105.61,105.29,105.48,471
2026-05-01 14:10:00,105.47,105.59,105.32,105.34,490
2026-05-01 14:15:00,105.32,105.57,105.32,105.35,250
2026-05-01 14:20:00,105.37,105.64,105.35,105.54,287
2026-05-01 14:25:00,105.52,105.62,105.46,105.53,140
2026-05-01 14:30:00,105.54,106.16,105.54,106.15,875
2026-05-01 14:35:00,106.17,106.17,105.9,106.03,492
2026-05-01 14:40:00,106.03,106.04,105.81,105.92,340
2026-05-01 14:45:00,105.93,105.93,105.72,105.77,225
2026-05-01 14:50:00,105.77,105.84,105.65,105.78,401
2026-05-01 14:55:00,105.78,105.82,105.65,105.8,279
2026-05-01 15:00:00,105.83,105.91,105.52,105.61,523
2026-05-01 15:05:00,105.59,105.64,105.31,105.37,345
2026-05-01 15:10:00,105.37,105.45,105.22,105.43,302
2026-05-01 15:15:00,105.43,105.47,105.29,105.3,370
2026-05-01 15:20:00,105.3,105.6,105.3,105.57,253
2026-05-01 15:25:00,105.57,105.59,105.29,105.42,361
2026-05-01 15:30:00,105.44,105.68,105.4,105.59,365
2026-05-01 15:35:00,105.6,105.68,105.36,105.36,176
2026-05-01 15:40:00,105.41,105.45,105.21,105.22,251
2026-05-01 15:45:00,105.22,105.51,105.22,105.47,115
2026-05-01 15:50:00,105.48,105.53,105.34,105.4,331
2026-05-01 15:55:00,105.44,105.47,105.33,105.4,154
2026-05-01 16:00:00,105.41,105.68,105.32,105.62,216
2026-05-01 16:05:00,105.65,105.72,105.48,105.56,160
2026-05-01 16:10:00,105.58,105.58,105.3,105.3,224
2026-05-01 16:15:00,105.3,105.33,105.02,105.06,873
2026-05-01 16:20:00,105.06,105.21,105.0,105.01,635
2026-05-01 16:25:00,105.05,105.12,104.96,105.01,461
2026-05-01 16:30:00,105.0,105.1,104.82,105.03,692
2026-05-01 16:35:00,105.02,105.2,105.0,105.02,791
2026-05-01 16:40:00,105.04,105.11,104.87,104.88,461
2026-05-01 16:45:00,104.9,105.0,104.36,104.49,992
2026-05-01 16:50:00,104.51,104.6,104.38,104.46,618
2026-05-01 16:55:00,104.46,104.57,104.26,104.48,993
2026-05-01 17:00:00,104.5,104.52,104.09,104.16,1545
2026-05-01 17:05:00,104.17,104.25,103.95,104.23,1605
2026-05-01 17:10:00,104.24,104.39,104.13,104.38,612
2026-05-01 17:15:00,104.38,104.41,104.01,104.22,792
2026-05-01 17:20:00,104.21,104.45,104.12,104.43,552
2026-05-01 17:25:00,104.43,104.44,104.06,104.07,846
2026-05-01 17:30:00,104.1,104.3,103.97,104.11,1188
2026-05-01 17:35:00,104.12,104.41,104.04,104.33,1119
2026-05-01 17:40:00,104.32,104.36,102.61,103.34,4081
2026-05-01 17:45:00,103.34,103.42,102.44,102.52,2478
2026-05-01 17:50:00,102.56,102.99,102.21,102.52,2773
2026-05-01 17:55:00,102.54,103.03,102.38,102.82,2045
2026-05-01 18:00:00,102.83,102.94,102.51,102.76,1299
2026-05-01 18:05:00,102.78,103.06,102.73,102.86,844
2026-05-01 18:10:00,102.88,103.74,102.83,103.74,2493
2026-05-01 18:15:00,103.72,103.96,103.61,103.79,1433
2026-05-01 18:20:00,103.79,104.03,103.6,103.73,1124
2026-05-01 18:25:00,103.74,103.88,103.69,103.76,985
2026-05-01 18:30:00,103.78,103.87,103.19,103.36,2218
2026-05-01 18:35:00,103.37,103.38,102.79,102.84,1953
2026-05-01 18:40:00,102.85,103.21,102.81,103.17,1639
2026-05-01 18:45:00,103.18,103.35,102.95,102.98,1020
2026-05-01 18:50:00,102.98,103.01,102.66,102.76,1660
2026-05-01 18:55:00,102.79,102.93,102.51,102.64,1405
2026-05-01 19:00:00,102.61,102.93,101.81,101.88,4428
2026-05-01 19:05:00,101.9,102.16,101.71,102.06,2450
2026-05-01 19:10:00,102.06,102.16,101.61,101.66,1804
2026-05-01 19:15:00,101.66,102.01,101.54,101.87,2719
2026-05-01 19:20:00,101.89,102.09,101.19,101.31,3799
2026-05-01 19:25:00,101.31,101.36,100.42,100.85,5521
2026-05-01 19:30:00,100.81,100.94,100.11,100.24,3830
2026-05-01 19:35:00,100.22,100.9,100.1,100.53,3813
2026-05-01 19:40:00,100.55,100.57,99.3,99.73,6495
2026-05-01 19:45:00,99.71,100.32,99.6,100.0,3689
2026-05-01 19:50:00,100.0,100.34,99.76,100.34,2406
2026-05-01 19:55:00,100.36,100.81,100.36,100.66,3007
2026-05-01 20:00:00,100.67,101.18,100.54,101.05,2886
2026-05-01 20:05:00,101.03,101.4,100.9,101.23,2242
2026-05-01 20:10:00,101.23,101.62,101.11,101.57,2165
2026-05-01 20:15:00,101.56,101.66,101.34,101.43,1344
2026-05-01 20:20:00,101.42,101.74,101.35,101.63,1202
2026-05-01 20:25:00,101.64,101.68,101.43,101.61,1224
2026-05-01 20:30:00,101.59,102.18,101.59,102.16,2409
2026-05-01 20:35:00,102.14,102.24,101.86,101.92,1445
2026-05-01 20:40:00,101.92,102.08,101.7,101.74,1800
2026-05-01 20:45:00,101.72,101.96,101.5,101.77,1843
2026-05-01 20:50:00,101.76,101.96,101.65,101.74,757
2026-05-01 20:55:00,101.72,102.48,101.49,102.06,2759
2026-05-01 21:00:00,102.03,102.05,101.51,101.73,1640
2026-05-01 21:05:00,101.71,101.96,101.54,101.66,1605
2026-05-01 21:10:00,101.66,101.74,101.25,101.26,1495
2026-05-01 21:15:00,101.28,101.45,101.15,101.23,2354
2026-05-01 21:20:00,101.23,101.65,101.0,101.01,2616
2026-05-01 21:25:00,101.0,101.3,100.76,101.06,2684
2026-05-01 21:30:00,101.09,101.11,100.71,100.92,1609
2026-05-01 21:35:00,100.95,101.19,100.82,101.14,1604
2026-05-01 21:40:00,101.14,101.25,100.87,101.04,1195
2026-05-01 21:45:00,101.05,101.19,100.97,101.07,680
2026-05-01 21:50:00,101.05,101.98,100.8,101.69,5211
2026-05-01 21:55:00,101.65,102.59,101.64,102.53,5628
2026-05-01 22:00:00,102.55,102.58,102.13,102.14,2603
2026-05-01 22:05:00,102.16,102.3,101.88,101.9,1487
2026-05-01 22:10:00,101.92,102.01,101.68,101.97,1199
2026-05-01 22:15:00,101.99,102.1,101.79,101.82,1041
2026-05-01 22:20:00,101.83,101.92,101.55,101.63,1064
2026-05-01 22:25:00,101.65,101.87,101.56,101.83,862
2026-05-01 22:30:00,101.88,101.88,101.37,101.77,1543
2026-05-01 22:35:00,101.75,101.77,101.54,101.62,1064
2026-05-01 22:40:00,101.62,101.83,101.59,101.6,872
2026-05-01 22:45:00,101.61,101.84,101.47,101.65,1414
2026-05-01 22:50:00,101.67,101.72,101.45,101.64,1632
2026-05-01 22:55:00,101.64,101.76,101.51,101.62,1333
2026-05-01 23:00:00,101.62,101.75,101.46,101.71,1215
2026-05-01 23:05:00,101.7,102.0,101.65,101.84,2189
2026-05-01 23:10:00,101.86,101.98,101.71,101.91,1147
2026-05-01 23:15:00,101.92,102.13,101.86,102.03,3425
2026-05-01 23:20:00,102.02,102.03,101.23,101.56,2619
2026-05-01 23:25:00,101.56,101.66,101.29,101.44,1730
2026-05-01 23:30:00,101.45,101.48,101.14,101.35,2478
2026-05-01 23:35:00,101.34,101.46,101.16,101.38,1291
2026-05-01 23:40:00,101.4,101.99,101.35,101.91,2206
2026-05-01 23:45:00,101.92,102.13,101.72,101.94,1812
2026-05-01 23:50:00,101.95,102.04,101.72,101.97,1917
2026-05-01 23:55:00,101.98,102.17,101.83,101.84,8629
2026-05-02 00:00:00,101.85,102.44,101.79,102.43,3232
2026-05-02 00:05:00,102.43,102.71,102.18,102.29,1578
2026-05-02 00:10:00,102.29,102.35,102.08,102.12,725
2026-05-02 00:15:00,102.13,102.26,102.04,102.11,534
2026-05-02 00:20:00,102.11,102.3,102.08,102.28,524
2026-05-02 00:25:00,102.26,102.29,102.06,102.18,447
2026-05-02 00:30:00,102.2,102.23,102.01,102.18,415
2026-05-02 00:35:00,102.17,102.19,102.0,102.01,420
2026-05-02 00:40:00,102.07,102.14,101.84,101.89,376
2026-05-02 00:45:00,101.91,102.12,101.87,102.01,238
2026-05-02 00:50:00,102.01,102.06,101.89,102.0,236
2026-05-02 00:55:00,102.0,102.05,101.84,102.04,290
2026-05-02 01:00:00,102.04,102.13,101.96,101.97,242
2026-05-02 01:05:00,101.97,102.16,101.82,101.91,559
2026-05-02 01:10:00,101.91,102.05,101.82,101.95,253
2026-05-02 01:15:00,101.96,102.13,101.95,102.1,335
2026-05-02 01:20:00,102.08,102.43,102.08,102.33,670
2026-05-02 01:25:00,102.36,102.4,102.08,102.18,597
2026-05-02 01:30:00,102.19,102.21,102.03,102.13,282
2026-05-02 01:35:00,102.12,102.25,102.06,102.22,154
2026-05-02 01:40:00,102.24,102.31,102.15,102.3,201
2026-05-02 01:45:00,102.25,102.69,102.25,102.61,674
2026-05-02 01:50:00,102.6,102.63,102.4,102.62,457
2026-05-02 01:55:00,102.63,102.63,102.49,102.51,139
2026-05-02 02:00:00,102.51,102.75,102.5,102.67,141
2026-05-02 02:05:00,102.67,102.67,102.5,102.63,200
2026-05-02 02:10:00,102.61,102.64,102.32,102.34,162
2026-05-02 02:15:00,102.34,102.45,102.3,102.36,290
2026-05-02 02:20:00,102.39,102.41,102.25,102.33,468
2026-05-02 02:25:00,102.33,102.71,101.94,101.94,1212
2026-05-04 03:40:00,100.19,100.3,100.03,100.2,849
2026-05-04 03:45:00,100.2,100.76,100.18,100.74,1318
2026-05-04 03:50:00,100.75,101.58,100.75,101.33,1108
2026-05-04 03:55:00,101.33,101.53,101.1,101.25,628
2026-05-04 04:00:00,101.26,101.31,101.14,101.3,279
2026-05-04 04:05:00,101.3,101.49,101.25,101.27,319
2026-05-04 04:10:00,101.29,101.33,101.01,101.03,285
2026-05-04 04:15:00,101.03,101.04,100.86,100.95,383
2026-05-04 04:20:00,100.95,101.21,100.93,101.19,148
2026-05-04 04:25:00,101.17,101.25,101.0,101.06,235
2026-05-04 04:30:00,101.04,101.21,101.0,101.18,265
2026-05-04 04:35:00,101.16,101.23,101.08,101.1,122
2026-05-04 04:40:00,101.13,101.25,101.12,101.21,78
2026-05-04 04:45:00,101.19,101.3,101.19,101.26,73
2026-05-04 04:50:00,101.25,101.42,101.2,101.39,203
2026-05-04 04:55:00,101.38,101.55,101.37,101.55,281
2026-05-04 05:00:00,101.53,101.53,101.41,101.42,84
2026-05-04 05:05:00,101.42,101.51,101.21,101.49,277
2026-05-04 05:10:00,101.49,101.72,101.21,101.62,503
2026-05-04 05:15:00,101.64,101.77,101.56,101.73,95
2026-05-04 05:20:00,101.71,101.77,101.59,101.68,156
2026-05-04 05:25:00,101.71,101.76,101.65,101.73,40
2026-05-04 05:30:00,101.73,102.18,101.73,102.11,944
2026-05-04 05:35:00,102.1,102.1,101.8,101.96,392
2026-05-04 05:40:00,101.99,102.18,101.99,102.01,192
2026-05-04 05:45:00,102.01,102.14,101.95,102.04,202
2026-05-04 05:50:00,102.03,102.26,102.03,102.26,218
2026-05-04 05:55:00,102.24,102.33,102.1,102.17,330
2026-05-04 06:00:00,102.17,102.17,101.92,101.97,227
2026-05-04 06:05:00,101.97,102.09,101.9,102.03,302
2026-05-04 06:10:00,101.97,101.97,101.69,101.71,346
2026-05-04 06:15:00,101.69,101.72,101.09,101.2,657
2026-05-04 06:20:00,101.2,101.38,101.06,101.25,410
2026-05-04 06:25:00,101.27,101.33,101.09,101.16,299
2026-05-04 06:30:00,101.15,101.33,101.15,101.19,358
2026-05-04 06:35:00,101.2,101.68,101.18,101.68,325
2026-05-04 06:40:00,101.7,101.78,101.59,101.61,247
2026-05-04 06:45:00,101.62,101.64,101.49,101.6,143
2026-05-04 06:50:00,101.63,101.64,101.6,101.61,92
2026-05-04 06:55:00,101.64,101.95,101.64,101.94,627
2026-05-04 07:00:00,101.93,101.99,101.7,101.74,205
2026-05-04 07:05:00,101.73,101.83,101.73,101.73,56
2026-05-04 07:10:00,101.75,101.86,101.71,101.79,62
2026-05-04 07:15:00,101.8,101.84,101.74,101.84,46
2026-05-04 07:20:00,101.79,101.81,101.72,101.76,72
2026-05-04 07:25:00,101.74,101.77,101.58,101.63,182
2026-05-04 07:30:00,101.62,101.72,101.6,101.65,69
2026-05-04 07:35:00,101.65,101.69,101.62,101.62,56
2026-05-04 07:40:00,101.63,101.77,101.39,101.5,281
2026-05-04 07:45:00,101.52,101.76,101.52,101.66,140
2026-05-04 07:50:00,101.67,101.96,101.67,101.91,280
2026-05-04 07:55:00,101.93,102.1,101.85,102.02,318
2026-05-04 08:00:00,102.02,102.03,101.74,101.74,90
2026-05-04 08:05:00,101.74,101.82,101.73,101.75,61
2026-05-04 08:10:00,101.75,101.87,101.75,101.84,130
2026-05-04 08:15:00,101.82,101.85,101.77,101.84,42
2026-05-04 08:20:00,101.83,101.9,101.74,101.77,79
2026-05-04 08:25:00,101.78,101.85,101.75,101.82,37
2026-05-04 08:30:00,101.83,101.86,101.79,101.81,44
2026-05-04 08:35:00,101.82,101.85,101.76,101.8,41
2026-05-04 08:40:00,101.82,101.89,101.81,101.85,41
2026-05-04 08:45:00,101.87,101.97,101.84,101.94,90
2026-05-04 08:50:00,101.93,101.97,101.85,101.91,157
2026-05-04 08:55:00,101.92,101.92,101.79,101.85,56
2026-05-04 09:00:00,101.83,101.99,101.82,101.96,110
2026-05-04 09:05:00,101.95,102.14,101.95,102.1,296
2026-05-04 09:10:00,102.09,102.13,102.03,102.08,170
2026-05-04 09:15:00,102.07,102.2,101.9,102.16,326
2026-05-04 09:20:00,102.16,102.16,101.96,102.0,130
2026-05-04 09:25:00,102.0,102.1,101.88,101.89,119
2026-05-04 09:30:00,101.89,101.93,101.59,101.61,241
2026-05-04 09:35:00,101.59,101.59,101.12,101.17,483
2026-05-04 09:40:00,101.19,101.52,101.17,101.48,197
2026-05-04 09:45:00,101.49,101.63,101.49,101.63,155
2026-05-04 09:50:00,101.63,101.7,101.55,101.59,97
2026-05-04 09:55:00,101.57,101.65,101.4,101.63,173
2026-05-04 10:00:00,101.63,101.81,101.61,101.65,81
2026-05-04 10:05:00,101.67,101.7,101.55,101.64,65
2026-05-04 10:10:00,101.66,101.72,101.62,101.72,45
2026-05-04 10:15:00,101.73,101.73,101.6,101.63,55
2026-05-04 10:20:00,101.6,101.68,101.59,101.65,51
2026-05-04 10:25:00,101.66,101.69,101.59,101.68,30
2026-05-04 10:30:00,101.68,101.76,101.65,101.68,100
2026-05-04 10:35:00,101.71,101.72,101.57,101.58,49
2026-05-04 10:40:00,101.57,101.61,101.37,101.43,233
2026-05-04 10:45:00,101.43,101.43,100.2,100.41,1322
2026-05-04 10:50:00,100.44,100.66,100.12,100.65,862
2026-05-04 10:55:00,100.62,101.18,100.59,101.12,579
2026-05-04 11:00:00,101.12,101.34,100.99,101.14,325
2026-05-04 11:05:00,101.12,101.41,101.1,101.3,139
2026-05-04 11:10:00,101.29,101.31,101.09,101.1,126
2026-05-04 11:15:00,101.12,101.12,100.83,100.92,356
2026-05-04 11:20:00,100.95,101.04,100.82,100.87,106
2026-05-04 11:25:00,100.89,101.0,100.81,100.95,142
2026-05-04 11:30:00,100.97,101.11,100.83,101.03,371
2026-05-04 11:35:00,101.05,101.22,100.86,101.02,253
2026-05-04 11:40:00,101.06,101.1,100.87,100.88,112
2026-05-04 11:45:00,100.91,101.21,100.87,101.04,186
2026-05-04 11:50:00,101.06,101.33,101.05,101.3,155
2026-05-04 11:55:00,101.31,101.74,101.27,101.57,643
2026-05-04 12:00:00,101.56,101.81,101.39,101.67,608
2026-05-04 12:05:00,101.68,102.17,101.67,102.09,718
2026-05-04 12:10:00,102.12,102.78,102.04,102.61,1362
2026-05-04 12:15:00,102.61,102.77,102.4,102.42,410
2026-05-04 12:20:00,102.39,102.52,102.23,102.41,647
2026-05-04 12:25:00,102.42,102.5,102.3,102.42,220
2026-05-04 12:30:00,102.41,102.88,102.38,102.78,726
2026-05-04 12:35:00,102.78,102.81,102.53,102.58,328
2026-05-04 12:40:00,102.58,102.72,102.51,102.63,192
2026-05-04 12:45:00,102.62,102.69,102.39,102.61,317
2026-05-04 12:50:00,102.63,102.85,102.58,102.72,303
2026-05-04 12:55:00,102.7,103.09,102.66,102.66,989
2026-05-04 13:00:00,102.69,103.0,102.64,102.95,377
2026-05-04 13:05:00,102.94,102.99,102.83,102.97,307
2026-05-04 13:10:00,102.98,103.06,102.72,102.79,400
2026-05-04 13:15:00,102.79,102.85,102.66,102.7,267
2026-05-04 13:20:00,102.67,103.43,102.65,103.27,1153
2026-05-04 13:25:00,103.26,103.45,103.04,103.45,904
2026-05-04 13:30:00,103.44,104.07,103.44,104.04,1671
2026-05-04 13:35:00,104.01,104.35,103.9,104.15,1296
2026-05-04 13:40:00,104.12,104.25,104.03,104.11,647
2026-05-04 13:45:00,104.13,104.54,104.05,104.29,509
2026-05-04 13:50:00,104.3,104.33,103.84,104.0,634
2026-05-04 13:55:00,104.02,104.04,103.57,103.69,615
2026-05-04 14:00:00,103.67,103.69,103.34,103.42,745
2026-05-04 14:05:00,103.46,103.51,103.3,103.31,349
2026-05-04 14:10:00,103.31,103.45,103.16,103.24,391
2026-05-04 14:15:00,103.25,103.38,103.18,103.19,253
2026-05-04 14:20:00,103.18,103.35,103.15,103.22,345
2026-05-04 14:25:00,103.21,103.33,103.12,103.26,385
2026-05-04 14:30:00,103.29,103.34,102.84,102.85,614
2026-05-04 14:35:00,102.85,103.12,102.79,103.09,419
2026-05-04 14:40:00,103.06,103.09,102.61,102.7,377
2026-05-04 14:45:00,102.69,103.03,102.69,102.95,285
2026-05-04 14:50:00,102.96,103.32,102.91,103.11,280
2026-05-04 14:55:00,103.13,103.28,103.1,103.21,135
2026-05-04 15:00:00,103.21,103.22,102.82,102.88,622
2026-05-04 15:05:00,102.86,102.91,102.77,102.86,182
2026-05-04 15:10:00,102.91,102.93,102.81,102.87,146
2026-05-04 15:15:00,102.86,102.94,102.74,102.84,350
2026-05-04 15:20:00,102.84,102.91,102.75,102.85,184
2026-05-04 15:25:00,102.84,103.14,102.78,103.06,499
2026-05-04 15:30:00,103.06,105.31,102.98,104.55,5033
2026-05-04 15:35:00,104.57,105.8,104.45,105.8,4442
2026-05-04 15:40:00,105.78,106.78,105.68,106.27,3870
2026-05-04 15:45:00,106.26,107.0,106.16,106.88,2816
2026-05-04 15:50:00,106.9,107.46,106.68,107.0,2259
2026-05-04 15:55:00,107.02,107.08,106.51,106.9,2026
2026-05-04 16:00:00,106.92,107.13,105.0,105.3,4483
2026-05-04 16:05:00,105.3,105.43,104.83,104.98,2213
2026-05-04 16:10:00,104.99,105.2,104.67,104.94,1797
2026-05-04 16:15:00,104.97,105.06,104.61,104.63,672
2026-05-04 16:20:00,104.64,105.68,104.64,105.61,1515
2026-05-04 16:25:00,105.61,105.8,105.32,105.67,879
2026-05-04 16:30:00,105.67,105.93,105.03,105.93,1853
2026-05-04 16:35:00,105.92,106.05,105.41,105.44,697
2026-05-04 16:40:00,105.43,105.63,105.13,105.36,966
2026-05-04 16:45:00,105.35,105.43,105.15,105.25,688
2026-05-04 16:50:00,105.28,105.47,105.22,105.37,359
2026-05-04 16:55:00,105.39,105.4,105.03,105.14,618
2026-05-04 17:00:00,105.16,105.31,105.05,105.09,495
2026-05-04 17:05:00,105.1,105.93,104.91,105.72,1923
2026-05-04 17:10:00,105.74,105.76,104.86,104.99,1509
2026-05-04 17:15:00,105.01,105.08,104.53,104.73,1479
2026-05-04 17:20:00,104.72,104.75,103.89,103.98,1575
2026-05-04 17:25:00,103.94,104.17,103.9,104.13,1000
2026-05-04 17:30:00,104.14,104.19,103.55,103.67,1396
2026-05-04 17:35:00,103.65,103.83,103.43,103.56,944
2026-05-04 17:40:00,103.57,103.64,103.26,103.36,1479
2026-05-04 17:45:00,103.37,103.6,102.89,103.33,2280
2026-05-04 17:50:00,103.33,103.51,102.98,103.22,1215
2026-05-04 17:55:00,103.24,103.65,103.12,103.23,1043
2026-05-04 18:00:00,103.26,103.72,103.26,103.5,1083
2026-05-04 18:05:00,103.5,103.6,102.53,102.72,2305
2026-05-04 18:10:00,102.73,102.97,102.44,102.57,1980
2026-05-04 18:15:00,102.6,102.83,102.41,102.55,1027
2026-05-04 18:20:00,102.56,102.68,102.28,102.45,1141
2026-05-04 18:25:00,102.45,102.98,102.12,102.83,2149
2026-05-04 18:30:00,102.82,104.18,102.81,103.09,6936
2026-05-04 18:35:00,103.09,103.1,102.22,102.5,2912
2026-05-04 18:40:00,102.48,102.61,102.02,102.31,2437
2026-05-04 18:45:00,102.32,102.41,101.83,102.16,2012
2026-05-04 18:50:00,102.16,102.5,102.02,102.5,1559
2026-05-04 18:55:00,102.5,102.91,102.41,102.8,1170
2026-05-04 19:00:00,102.78,102.99,101.9,101.95,4294
2026-05-04 19:05:00,101.94,102.46,101.94,102.16,1592
2026-05-04 19:10:00,102.17,102.39,102.17,102.34,904
2026-05-04 19:15:00,102.35,102.56,102.14,102.36,1509
2026-05-04 19:20:00,102.37,102.54,102.18,102.31,1083
2026-05-04 19:25:00,102.32,102.43,102.17,102.2,1176
2026-05-04 19:30:00,102.22,102.31,101.94,102.16,1660
2026-05-04 19:35:00,102.16,102.88,102.08,102.78,3275
2026-05-04 19:40:00,102.79,102.84,101.81,102.42,3103
2026-05-04 19:45:00,102.41,102.42,101.65,101.69,2963
2026-05-04 19:50:00,101.71,102.1,101.49,102.05,2596
2026-05-04 19:55:00,102.07,102.39,101.91,102.29,2797
2026-05-04 20:00:00,102.29,102.37,101.99,102.29,1411
2026-05-04 20:05:00,102.32,102.6,102.1,102.25,3071
2026-05-04 20:10:00,102.24,102.47,102.06,102.47,2287
2026-05-04 20:15:00,102.43,102.69,102.27,102.53,1812
2026-05-04 20:20:00,102.53,102.65,102.44,102.58,1690
2026-05-04 20:25:00,102.56,103.65,102.54,103.47,5342
2026-05-04 20:30:00,103.49,103.87,102.99,103.61,4797
2026-05-04 20:35:00,103.61,103.89,103.21,103.75,2467
2026-05-04 20:40:00,103.76,104.03,103.6,103.72,2682
2026-05-04 20:45:00,103.75,104.9,103.4,104.9,5767
2026-05-04 20:50:00,104.85,105.85,104.54,105.75,8123
2026-05-04 20:55:00,105.73,105.79,104.95,105.24,4805
2026-05-04 21:00:00,105.25,105.8,105.23,105.56,3215
2026-05-04 21:05:00,105.58,105.75,105.01,105.58,2792
2026-05-04 21:10:00,105.59,105.75,105.01,105.1,2831
2026-05-04 21:15:00,105.13,105.71,105.05,105.65,2966
2026-05-04 21:20:00,105.66,106.03,105.27,105.54,4818
2026-05-04 21:25:00,105.51,105.65,105.31,105.6,2461
2026-05-04 21:30:00,105.63,105.72,105.35,105.36,1998
2026-05-04 21:35:00,105.38,106.64,105.33,105.55,7329
2026-05-04 21:40:00,105.6,105.78,105.38,105.68,1944
2026-05-04 21:45:00,105.71,105.94,104.69,105.04,4951
2026-05-04 21:50:00,105.08,105.2,104.9,105.14,2396
2026-05-04 21:55:00,105.15,105.59,104.89,105.55,1871
2026-05-04 22:00:00,105.55,105.75,105.44,105.45,1891
2026-05-04 22:05:00,105.47,106.05,105.46,105.9,3052
2026-05-04 22:10:00,105.87,106.12,105.64,106.08,1386
2026-05-04 22:15:00,106.09,106.27,105.94,106.08,1519
2026-05-04 22:20:00,106.08,106.49,105.95,106.14,2579
2026-05-04 22:25:00,106.14,106.31,106.0,106.13,1500
2026-05-04 22:30:00,106.13,106.25,105.45,105.56,3506
2026-05-04 22:35:00,105.59,105.78,105.4,105.51,1575
2026-05-04 22:40:00,105.5,105.72,105.34,105.72,1245
2026-05-04 22:45:00,105.73,105.73,104.97,105.16,3207
2026-05-04 22:50:00,105.17,105.39,104.99,105.22,1315
2026-05-04 22:55:00,105.25,105.39,104.98,105.07,1415
2026-05-04 23:00:00,105.08,105.48,105.04,105.36,1224
2026-05-04 23:05:00,105.36,105.64,105.33,105.45,1101
2026-05-04 23:10:00,105.46,105.57,105.18,105.19,917
2026-05-04 23:15:00,105.2,105.38,105.2,105.22,1171
2026-05-04 23:20:00,105.22,105.27,105.09,105.26,1099
2026-05-04 23:25:00,105.25,105.4,105.14,105.27,1337
2026-05-04 23:30:00,105.27,105.33,104.94,105.0,1480
2026-05-04 23:35:00,105.0,105.14,104.75,104.84,1997
2026-05-04 23:40:00,104.86,105.17,104.78,105.15,1672
2026-05-04 23:45:00,105.15,106.02,105.08,106.01,3031
2026-05-04 23:50:00,106.03,106.6,105.99,106.37,2915
2026-05-04 23:55:00,106.37,106.76,106.22,106.28,8790
2026-05-05 00:00:00,106.27,106.39,106.03,106.06,3347
2026-05-05 00:05:00,106.1,106.24,105.83,105.9,835
2026-05-05 00:10:00,105.9,106.16,105.89,106.1,426
2026-05-05 00:15:00,106.11,106.16,105.76,105.76,482
2026-05-05 00:20:00,105.77,106.25,105.73,106.14,1553
2026-05-05 00:25:00,106.11,106.14,105.65,105.69,1042
2026-05-05 00:30:00,105.69,105.83,105.59,105.81,1240
2026-05-05 00:35:00,105.83,105.85,104.81,105.06,3086
2026-05-05 00:40:00,105.07,105.42,105.02,105.25,703
2026-05-05 00:45:00,105.23,105.3,105.04,105.12,653
2026-05-05 00:50:00,105.12,105.31,105.11,105.13,255
2026-05-05 00:55:00,105.1,105.6,105.06,105.21,1472
2026-05-05 01:00:00,105.17,105.25,105.06,105.18,256
2026-05-05 01:05:00,105.2,105.25,104.96,105.07,482
2026-05-05 01:10:00,105.05,105.42,104.99,105.41,431
2026-05-05 01:15:00,105.39,105.41,105.05,105.12,631
2026-05-05 01:20:00,105.11,105.28,105.07,105.13,360
2026-05-05 01:25:00,105.14,105.31,105.08,105.29,362
2026-05-05 01:30:00,105.29,105.32,105.19,105.24,193
2026-05-05 01:35:00,105.23,105.29,105.22,105.23,67
2026-05-05 01:40:00,105.22,105.24,104.94,104.95,588
2026-05-05 01:45:00,104.97,105.0,104.81,104.84,306
2026-05-05 01:50:00,104.87,104.94,104.86,104.87,172
2026-05-05 01:55:00,104.87,104.94,104.81,104.9,140
2026-05-05 02:00:00,104.88,104.99,104.77,104.95,299
2026-05-05 02:05:00,104.96,105.01,104.85,104.9,575
2026-05-05 02:10:00,104.89,104.89,104.61,104.75,270
2026-05-05 02:15:00,104.73,104.89,104.73,104.88,160
2026-05-05 02:20:00,104.89,105.14,104.87,105.12,181
2026-05-05 02:25:00,105.14,105.23,105.07,105.14,148
2026-05-05 03:30:00,104.93,105.48,104.92,105.23,0
2026-05-05 03:35:00,105.26,105.38,105.19,105.19,73
2026-05-05 03:40:00,105.21,105.21,104.67,104.98,313
2026-05-05 03:45:00,104.96,105.22,104.93,105.13,84
2026-05-05 03:50:00,105.09,105.09,104.92,104.92,27
2026-05-05 03:55:00,104.9,105.0,104.8,104.82,99
2026-05-05 04:00:00,104.8,104.99,104.75,104.98,40
2026-05-05 04:05:00,104.95,104.95,104.75,104.79,60
2026-05-05 04:10:00,104.82,104.94,104.82,104.92,26
2026-05-05 04:15:00,104.89,104.91,104.86,104.88,12
2026-05-05 04:20:00,104.81,105.03,104.81,104.88,64
2026-05-05 04:25:00,104.9,104.95,104.9,104.91,8
2026-05-05 04:30:00,104.93,105.03,104.86,104.96,78
2026-05-05 04:35:00,105.01,105.01,104.85,104.92,81
2026-05-05 04:40:00,104.95,104.98,104.88,104.89,58
2026-05-05 04:45:00,104.92,104.93,104.81,104.84,31
2026-05-05 04:50:00,104.85,104.98,104.85,104.96,37
2026-05-05 04:55:00,104.95,104.97,104.9,104.9,12
2026-05-05 05:00:00,104.91,104.95,104.91,104.93,16
2026-05-05 05:05:00,104.92,105.12,104.92,104.96,84
2026-05-05 05:10:00,104.97,105.02,104.96,105.02,23
2026-05-05 05:15:00,105.05,105.05,104.89,104.98,53
2026-05-05 05:20:00,104.97,105.0,104.93,105.0,34
2026-05-05 05:25:00,105.0,105.0,104.9,104.99,69
2026-05-05 05:30:00,105.0,105.06,104.52,104.68,411
2026-05-05 05:35:00,104.68,104.93,104.63,104.89,160
2026-05-05 05:40:00,104.9,105.05,104.86,104.89,90
2026-05-05 05:45:00,104.87,105.04,104.87,105.03,75
2026-05-05 05:50:00,105.01,105.14,104.98,105.12,71
2026-05-05 05:55:00,105.13,105.18,105.07,105.1,82
2026-05-05 06:00:00,105.06,105.25,105.0,105.12,113
2026-05-05 06:05:00,105.12,105.14,104.95,105.01,87
2026-05-05 06:10:00,104.98,105.11,104.98,105.03,39
2026-05-05 06:15:00,104.98,105.01,104.74,104.84,220
2026-05-05 06:20:00,104.83,104.88,104.72,104.83,99
2026-05-05 06:25:00,104.83,104.92,104.79,104.84,40
2026-05-05 06:30:00,104.82,104.97,104.81,104.89,134
2026-05-05 06:35:00,104.91,104.92,104.75,104.9,128
2026-05-05 06:40:00,104.92,105.07,104.91,104.97,97
2026-05-05 06:45:00,104.96,105.01,104.79,104.79,72
2026-05-05 06:50:00,104.73,104.85,104.69,104.79,200
2026-05-05 06:55:00,104.79,104.91,104.78,104.83,82
2026-05-05 07:00:00,104.85,104.91,104.78,104.81,37
2026-05-05 07:05:00,104.81,104.85,104.54,104.77,213
2026-05-05 07:10:00,104.77,104.87,104.75,104.82,171
2026-05-05 07:15:00,104.83,104.87,104.69,104.78,197
2026-05-05 07:20:00,104.79,104.83,104.75,104.79,133
2026-05-05 07:25:00,104.78,104.83,104.75,104.79,125
2026-05-05 07:30:00,104.79,104.79,104.33,104.47,406
2026-05-05 07:35:00,104.46,104.58,104.39,104.54,106
2026-05-05 07:40:00,104.56,104.58,104.47,104.53,88
2026-05-05 07:45:00,104.48,104.51,104.43,104.45,37
2026-05-05 07:50:00,104.43,104.51,104.22,104.25,183
2026-05-05 07:55:00,104.23,104.45,104.19,104.41,195
2026-05-05 08:00:00,104.43,104.44,104.3,104.32,162
2026-05-05 08:05:00,104.32,104.44,104.09,104.17,143
2026-05-05 08:10:00,104.19,104.21,103.92,103.92,449
2026-05-05 08:15:00,103.99,104.5,103.96,104.29,503
2026-05-05 08:20:00,104.28,104.34,104.06,104.13,193
2026-05-05 08:25:00,104.14,104.29,104.14,104.19,72
2026-05-05 08:30:00,104.21,104.21,104.1,104.18,40
2026-05-05 08:35:00,104.21,104.37,104.19,104.32,129
2026-05-05 08:40:00,104.32,104.38,104.32,104.33,36
2026-05-05 08:45:00,104.31,104.35,104.28,104.29,47
2026-05-05 08:50:00,104.27,104.31,104.26,104.27,12
2026-05-05 08:55:00,104.26,104.35,104.22,104.33,57
2026-05-05 09:00:00,104.35,104.5,104.34,104.41,171
2026-05-05 09:05:00,104.41,104.52,104.35,104.48,92
2026-05-05 09:10:00,104.48,104.51,104.44,104.5,48
2026-05-05 09:15:00,104.47,104.47,104.33,104.34,52
2026-05-05 09:20:00,104.33,104.39,104.31,104.38,71
2026-05-05 09:25:00,104.4,104.46,104.38,104.39,46
2026-05-05 09:30:00,104.37,104.37,104.28,104.35,96
2026-05-05 09:35:00,104.31,104.37,104.31,104.35,23
2026-05-05 09:40:00,104.38,104.38,104.33,104.35,9
2026-05-05 09:45:00,104.32,104.38,104.26,104.31,79
2026-05-05 09:50:00,104.28,104.3,104.13,104.16,59
2026-05-05 09:55:00,104.19,104.2,104.01,104.1,110
2026-05-05 10:00:00,104.1,104.19,104.02,104.03,68
2026-05-05 10:05:00,104.01,104.04,103.94,103.99,167
2026-05-05 10:10:00,104.0,104.09,103.93,103.97,130
2026-05-05 10:15:00,103.96,104.01,103.85,103.99,105
2026-05-05 10:20:00,104.01,104.14,103.99,104.12,63
2026-05-05 10:25:00,104.13,104.24,104.12,104.17,58
2026-05-05 10:30:00,104.18,104.44,104.17,104.42,211
2026-05-05 10:35:00,104.44,104.58,104.33,104.47,330
2026-05-05 10:40:00,104.47,104.52,104.28,104.37,139
2026-05-05 10:45:00,104.36,104.37,104.26,104.28,63
2026-05-05 10:50:00,104.3,104.34,104.17,104.17,90
2026-05-05 10:55:00,104.2,104.5,104.2,104.38,450
2026-05-05 11:00:00,104.35,104.57,104.3,104.38,207
2026-05-05 11:05:00,104.36,104.48,104.32,104.4,133
2026-05-05 11:10:00,104.39,104.43,104.33,104.35,48
2026-05-05 11:15:00,104.32,104.39,104.3,104.35,87
2026-05-05 11:20:00,104.31,104.37,104.26,104.34,85
2026-05-05 11:25:00,104.35,104.35,104.26,104.27,51
2026-05-05 11:30:00,104.29,104.61,103.99,104.44,628
2026-05-05 11:35:00,104.46,104.56,104.37,104.51,148
2026-05-05 11:40:00,104.5,104.57,104.39,104.56,129
2026-05-05 11:45:00,104.53,104.92,104.5,104.82,431
2026-05-05 11:50:00,104.8,105.35,104.78,105.21,495
2026-05-05 11:55:00,105.18,105.25,104.97,105.01,386
2026-05-05 12:00:00,104.99,105.03,104.78,104.85,341
2026-05-05 12:05:00,104.87,104.89,104.58,104.59,381
2026-05-05 12:10:00,104.58,104.61,104.19,104.38,641
2026-05-05 12:15:00,104.38,104.52,104.33,104.44,315
2026-05-05 12:20:00,104.39,104.48,104.35,104.38,132
2026-05-05 12:25:00,104.36,104.53,104.34,104.42,159
2026-05-05 12:30:00,104.41,104.46,104.04,104.14,580
2026-05-05 12:35:00,104.16,104.25,103.98,104.16,402
2026-05-05 12:40:00,104.16,104.36,104.01,104.22,317
2026-05-05 12:45:00,104.22,104.36,104.06,104.09,424
2026-05-05 12:50:00,104.08,104.2,103.88,104.17,447
2026-05-05 12:55:00,104.21,104.51,104.19,104.41,480
2026-05-05 13:00:00,104.41,104.52,104.1,104.16,312
2026-05-05 13:05:00,104.13,104.17,103.15,103.46,1790
2026-05-05 13:10:00,103.46,103.91,103.3,103.91,622
2026-05-05 13:15:00,103.86,104.1,103.75,104.05,449
2026-05-05 13:20:00,104.04,104.36,104.03,104.36,520
2026-05-05 13:25:00,104.36,104.82,104.35,104.55,708
2026-05-05 13:30:00,104.54,104.69,104.27,104.28,608
2026-05-05 13:35:00,104.27,104.34,104.04,104.2,400
2026-05-05 13:40:00,104.2,104.32,104.03,104.05,321
2026-05-05 13:45:00,104.08,104.25,103.93,104.15,516
2026-05-05 13:50:00,104.16,104.18,103.67,103.76,653
2026-05-05 13:55:00,103.74,103.95,103.33,103.93,1268
2026-05-05 14:00:00,103.92,103.96,103.39,103.66,1015
2026-05-05 14:05:00,103.67,103.9,103.59,103.65,330
2026-05-05 14:10:00,103.64,103.78,103.52,103.69,349
2026-05-05 14:15:00,103.75,103.79,103.36,103.4,522
2026-05-05 14:20:00,103.4,103.41,103.08,103.34,910
2026-05-05 14:25:00,103.35,103.48,103.21,103.43,496
2026-05-05 14:30:00,103.44,103.95,103.44,103.81,858
2026-05-05 14:35:00,103.83,104.37,103.8,104.11,859
2026-05-05 14:40:00,104.07,104.31,103.99,104.29,348
2026-05-05 14:45:00,104.31,104.45,104.16,104.34,545
2026-05-05 14:50:00,104.34,104.5,104.12,104.17,467
2026-05-05 14:55:00,104.18,104.23,103.88,103.91,439
2026-05-05 15:00:00,103.91,103.97,103.83,103.88,247
2026-05-05 15:05:00,103.9,104.18,103.85,103.92,274
2026-05-05 15:10:00,103.93,103.93,103.72,103.86,342
2026-05-05 15:15:00,103.86,104.09,103.74,104.06,289
2026-05-05 15:20:00,104.05,104.35,104.04,104.2,444
2026-05-05 15:25:00,104.18,104.31,103.99,104.01,271
2026-05-05 15:30:00,104.01,104.37,104.01,104.28,316
2026-05-05 15:35:00,104.27,104.36,104.18,104.33,496
2026-05-05 15:40:00,104.31,104.32,104.02,104.26,319
2026-05-05 15:45:00,104.26,104.27,104.13,104.25,110
2026-05-05 15:50:00,104.23,104.24,104.03,104.2,335
2026-05-05 15:55:00,104.19,104.23,104.02,104.1,126
2026-05-05 16:00:00,104.09,104.15,103.5,103.77,1121
2026-05-05 16:05:00,103.79,103.94,103.68,103.81,743
2026-05-05 16:10:00,103.84,104.12,103.74,104.11,549
2026-05-05 16:15:00,104.12,104.33,104.12,104.31,559
2026-05-05 16:20:00,104.28,104.41,104.16,104.2,237
2026-05-05 16:25:00,104.2,104.23,104.09,104.18,142
2026-05-05 16:30:00,104.19,105.0,104.16,104.83,1583
2026-05-05 16:35:00,104.84,104.9,104.55,104.56,462
2026-05-05 16:40:00,104.57,104.89,104.52,104.89,410
2026-05-05 16:45:00,104.88,105.09,104.74,105.05,704
2026-05-05 16:50:00,105.05,105.05,104.5,104.5,461
2026-05-05 16:55:00,104.5,104.56,104.09,104.21,1199
2026-05-05 17:00:00,104.23,104.36,104.03,104.05,403
2026-05-05 17:05:00,104.05,104.1,103.84,104.0,651
2026-05-05 17:10:00,104.0,104.08,103.84,103.9,426
2026-05-05 17:15:00,103.91,104.12,103.79,103.79,362
2026-05-05 17:20:00,103.81,104.01,103.8,103.91,258
2026-05-05 17:25:00,103.9,104.0,103.73,103.75,383
2026-05-05 17:30:00,103.74,104.21,103.74,104.11,1460
2026-05-05 17:35:00,104.11,104.17,103.42,103.57,1796
2026-05-05 17:40:00,103.63,103.67,103.03,103.2,2940
2026-05-05 17:45:00,103.17,103.38,102.78,103.1,1734
2026-05-05 17:50:00,103.09,103.31,102.78,102.87,1596
2026-05-05 17:55:00,102.9,103.16,102.71,102.85,1508
2026-05-05 18:00:00,102.84,103.13,102.59,102.96,1374
2026-05-05 18:05:00,102.97,103.08,102.85,103.02,837
2026-05-05 18:10:00,103.01,103.16,102.87,103.07,985
2026-05-05 18:15:00,103.08,103.28,103.05,103.28,824
2026-05-05 18:20:00,103.28,103.37,103.16,103.35,1111
2026-05-05 18:25:00,103.34,103.36,103.17,103.22,712
2026-05-05 18:30:00,103.22,103.36,102.87,103.1,2187
2026-05-05 18:35:00,103.12,103.13,102.04,102.62,3337
2026-05-05 18:40:00,102.63,102.77,102.44,102.75,1708
2026-05-05 18:45:00,102.73,102.75,102.5,102.6,1221
2026-05-05 18:50:00,102.61,102.83,102.54,102.66,1303
2026-05-05 18:55:00,102.65,102.68,102.38,102.46,1564
2026-05-05 19:00:00,102.43,102.58,102.32,102.33,2011
2026-05-05 19:05:00,102.33,102.71,102.33,102.55,1311
2026-05-05 19:10:00,102.54,102.69,102.29,102.37,1422
2026-05-05 19:15:00,102.34,102.49,102.13,102.37,2022
2026-05-05 19:20:00,102.37,102.38,102.13,102.28,1131
2026-05-05 19:25:00,102.27,102.46,102.06,102.06,1932
2026-05-05 19:30:00,102.11,102.26,101.67,101.73,3345
2026-05-05 19:35:00,101.73,101.93,101.08,101.53,4857
2026-05-05 19:40:00,101.51,102.73,101.39,102.51,6926
2026-05-05 19:45:00,102.49,103.0,102.25,102.79,6489
2026-05-05 19:50:00,102.79,102.89,102.05,102.14,3188
2026-05-05 19:55:00,102.15,102.15,101.74,101.86,2257
2026-05-05 20:00:00,101.88,102.45,101.82,102.15,2030
2026-05-05 20:05:00,102.2,102.42,102.05,102.21,1515
2026-05-05 20:10:00,102.23,102.3,101.84,102.23,1601
2026-05-05 20:15:00,102.24,102.63,101.93,102.06,2131
2026-05-05 20:20:00,102.04,102.26,101.77,101.92,1175
2026-05-05 20:25:00,101.93,101.93,101.57,101.62,1850
2026-05-05 20:30:00,101.62,101.83,101.5,101.55,1684
2026-05-05 20:35:00,101.54,101.77,101.5,101.75,1711
2026-05-05 20:40:00,101.74,101.87,101.55,101.85,1262
2026-05-05 20:45:00,101.84,102.03,101.71,102.02,1176
2026-05-05 20:50:00,102.0,102.42,102.0,102.39,2147
2026-05-05 20:55:00,102.39,102.52,101.93,101.96,2750
2026-05-05 21:00:00,101.97,102.06,101.65,101.96,2074
2026-05-05 21:05:00,101.95,101.96,101.62,101.71,1595
2026-05-05 21:10:00,101.72,101.82,101.59,101.73,902
2026-05-05 21:15:00,101.7,101.79,101.28,101.54,2376
2026-05-05 21:20:00,101.53,101.92,101.5,101.83,1351
2026-05-05 21:25:00,101.83,102.22,101.83,102.1,1823
2026-05-05 21:30:00,102.09,102.38,102.05,102.13,1248
2026-05-05 21:35:00,102.11,102.15,101.75,101.89,1052
2026-05-05 21:40:00,101.87,102.06,101.81,101.92,860
2026-05-05 21:45:00,101.91,102.08,101.87,101.99,1198
2026-05-05 21:50:00,101.99,102.17,101.94,102.08,1144
2026-05-05 21:55:00,102.08,102.28,101.96,102.16,1280
2026-05-05 22:00:00,102.15,102.37,102.1,102.16,1366
2026-05-05 22:05:00,102.15,102.17,101.91,102.13,1006
2026-05-05 22:10:00,102.1,102.3,102.02,102.06,1117
2026-05-05 22:15:00,102.09,102.26,102.03,102.16,592
2026-05-05 22:20:00,102.19,102.24,102.04,102.23,696
2026-05-05 22:25:00,102.22,102.42,102.14,102.31,1003
2026-05-05 22:30:00,102.31,102.38,102.09,102.17,1266
2026-05-05 22:35:00,102.15,102.31,102.09,102.2,690
2026-05-05 22:40:00,102.19,102.34,101.97,102.02,1047
2026-05-05 22:45:00,102.01,102.07,101.68,101.69,1784
2026-05-05 22:50:00,101.69,101.91,101.63,101.89,1477
2026-05-05 22:55:00,101.9,101.92,101.71,101.74,865
2026-05-05 23:00:00,101.74,101.77,101.48,101.62,2069
2026-05-05 23:05:00,101.63,101.71,101.49,101.69,1233
2026-05-05 23:10:00,101.68,101.69,101.45,101.67,1427
2026-05-05 23:15:00,101.66,101.81,101.56,101.73,1236
2026-05-05 23:20:00,101.74,102.09,101.74,102.09,1538
2026-05-05 23:25:00,102.08,102.13,102.0,102.07,1339
2026-05-05 23:30:00,102.06,102.26,101.83,102.24,2424
2026-05-05 23:35:00,102.24,102.38,101.95,102.3,1407
2026-05-05 23:40:00,102.3,102.35,102.12,102.33,1065
2026-05-05 23:45:00,102.35,102.57,102.31,102.56,1832
2026-05-05 23:50:00,102.55,102.63,102.42,102.58,1952
2026-05-05 23:55:00,102.56,102.62,102.07,102.16,8466
2026-05-06 00:00:00,102.17,102.27,102.03,102.24,1612
2026-05-06 00:05:00,102.23,102.29,102.04,102.17,850
2026-05-06 00:10:00,102.17,102.2,102.1,102.13,480
2026-05-06 00:15:00,102.14,102.18,101.97,102.11,660
2026-05-06 00:20:00,102.1,102.14,101.97,102.06,515
2026-05-06 00:25:00,102.06,102.29,102.04,102.27,1345
2026-05-06 00:30:00,102.28,102.32,102.17,102.29,547
2026-05-06 00:35:00,102.31,102.36,102.23,102.24,331
2026-05-06 00:40:00,102.25,102.4,102.2,102.4,273
2026-05-06 00:45:00,102.4,102.45,102.36,102.42,226
2026-05-06 00:50:00,102.41,102.48,102.39,102.45,361
2026-05-06 00:55:00,102.44,102.56,102.43,102.55,698
2026-05-06 01:00:00,102.56,102.66,102.54,102.66,568
2026-05-06 01:05:00,102.66,102.77,102.51,102.59,796
2026-05-06 01:10:00,102.58,102.71,102.52,102.6,790
2026-05-06 01:15:00,102.62,102.71,102.58,102.71,445
2026-05-06 01:20:00,102.72,102.84,102.68,102.79,982
2026-05-06 01:25:00,102.79,102.91,102.75,102.78,543
2026-05-06 01:30:00,102.79,102.81,102.65,102.68,417
2026-05-06 01:35:00,102.65,102.72,102.57,102.64,283
2026-05-06 01:40:00,102.65,102.66,102.56,102.57,521
2026-05-06 01:45:00,102.58,102.65,102.56,102.59,552
2026-05-06 01:50:00,102.59,102.61,102.52,102.54,313
2026-05-06 01:55:00,102.54,102.66,102.54,102.64,629
2026-05-06 02:00:00,102.64,102.71,102.38,102.51,531
2026-05-06 02:05:00,102.52,102.61,102.49,102.55,713
2026-05-06 02:10:00,102.57,102.61,102.43,102.55,213
2026-05-06 02:15:00,102.52,102.57,102.36,102.41,389
2026-05-06 02:20:00,102.39,102.67,102.36,102.61,155
2026-05-06 02:25:00,102.63,102.75,102.55,102.68,410
2026-05-06 03:30:00,102.7,102.7,102.46,102.59,0
2026-05-06 03:35:00,102.58,102.63,102.55,102.55,44
2026-05-06 03:40:00,102.51,102.57,102.45,102.52,48
2026-05-06 03:45:00,102.56,102.6,102.52,102.59,17
2026-05-06 03:50:00,102.6,102.67,102.54,102.55,486
2026-05-06 03:55:00,102.59,102.65,102.42,102.45,292
2026-05-06 04:00:00,102.48,102.53,102.45,102.49,83
2026-05-06 04:05:00,102.53,102.53,102.45,102.49,23
2026-05-06 04:10:00,102.47,102.5,102.3,102.37,118
2026-05-06 04:15:00,102.4,102.48,102.4,102.42,56
2026-05-06 04:20:00,102.4,102.46,99.33,100.27,2888
2026-05-06 04:25:00,100.31,101.03,99.12,101.03,2233
2026-05-06 04:30:00,101.03,101.15,100.68,100.77,726
2026-05-06 04:35:00,100.8,101.0,100.03,100.03,1069
2026-05-06 04:40:00,100.07,100.27,99.19,99.88,1291
2026-05-06 04:45:00,99.87,100.35,99.83,99.98,455
2026-05-06 04:50:00,99.96,100.12,99.61,100.04,690
2026-05-06 04:55:00,100.0,100.19,99.76,100.07,333
2026-05-06 05:00:00,100.1,100.2,99.91,100.16,345
2026-05-06 05:05:00,100.19,100.25,99.76,100.17,332
2026-05-06 05:10:00,100.19,100.28,100.05,100.24,284
2026-05-06 05:15:00,100.23,100.28,99.71,99.9,463
2026-05-06 05:20:00,99.86,100.03,99.71,99.74,281
2026-05-06 05:25:00,99.75,99.89,99.66,99.8,427
2026-05-06 05:30:00,99.8,100.55,99.61,100.48,1411
2026-05-06 05:35:00,100.49,100.64,100.21,100.21,662
2026-05-06 05:40:00,100.2,101.06,100.16,100.88,1269
2026-05-06 05:45:00,100.9,101.06,100.82,100.89,528
2026-05-06 05:50:00,100.9,101.28,100.82,100.88,572
2026-05-06 05:55:00,100.86,101.41,100.84,101.25,594
2026-05-06 06:00:00,101.25,101.35,101.0,101.09,502
2026-05-06 06:05:00,101.1,101.17,101.08,101.13,111
2026-05-06 06:10:00,101.12,101.14,100.96,101.06,250
2026-05-06 06:15:00,101.05,101.29,100.98,101.27,380
2026-05-06 06:20:00,101.24,101.27,100.92,100.97,448
2026-05-06 06:25:00,100.97,101.1,100.87,100.91,286
2026-05-06 06:30:00,100.89,100.91,100.35,100.74,1327
2026-05-06 06:35:00,100.71,100.86,100.53,100.8,373
2026-05-06 06:40:00,100.8,101.29,100.79,101.2,358
2026-05-06 06:45:00,101.2,101.24,101.04,101.05,139
2026-05-06 06:50:00,101.05,101.19,101.03,101.08,177
2026-05-06 06:55:00,101.07,101.12,100.96,100.96,210
2026-05-06 07:00:00,100.95,100.98,100.76,100.79,354
2026-05-06 07:05:00,100.79,100.8,100.39,100.59,458
2026-05-06 07:10:00,100.62,100.62,100.11,100.3,587
2026-05-06 07:15:00,100.31,100.54,100.28,100.48,333
2026-05-06 07:20:00,100.46,100.54,100.38,100.49,198
2026-05-06 07:25:00,100.49,100.61,100.49,100.56,172
2026-05-06 07:30:00,100.57,100.7,100.56,100.68,179
2026-05-06 07:35:00,100.7,100.73,100.54,100.6,160
2026-05-06 07:40:00,100.61,100.67,100.56,100.62,114
2026-05-06 07:45:00,100.63,100.71,100.53,100.59,150
2026-05-06 07:50:00,100.63,100.64,100.52,100.6,128
2026-05-06 07:55:00,100.6,100.65,100.45,100.61,201
2026-05-06 08:00:00,100.63,100.72,100.57,100.59,117
2026-05-06 08:05:00,100.64,100.73,100.58,100.72,87
2026-05-06 08:10:00,100.7,100.74,100.65,100.7,73
2026-05-06 08:15:00,100.71,100.79,100.7,100.71,137
2026-05-06 08:20:00,100.73,100.74,100.6,100.64,126
2026-05-06 08:25:00,100.63,100.72,100.56,100.64,142
2026-05-06 08:30:00,100.66,100.88,100.58,100.85,140
2026-05-06 08:35:00,100.87,100.94,100.83,100.92,94
2026-05-06 08:40:00,100.92,100.94,100.87,100.9,76
2026-05-06 08:45:00,100.9,100.93,100.8,100.9,74
2026-05-06 08:50:00,100.88,100.98,100.81,100.95,139
2026-05-06 08:55:00,100.94,100.97,100.88,100.93,67
2026-05-06 09:00:00,100.93,100.94,100.78,100.78,102
2026-05-06 09:05:00,100.77,100.78,100.46,100.48,260
2026-05-06 09:10:00,100.47,100.48,100.33,100.4,284
2026-05-06 09:15:00,100.4,100.49,100.32,100.45,360
2026-05-06 09:20:00,100.42,100.44,100.39,100.42,42
2026-05-06 09:25:00,100.42,100.55,100.42,100.53,75
2026-05-06 09:30:00,100.6,100.69,100.57,100.66,91
2026-05-06 09:35:00,100.68,100.73,100.65,100.68,65
2026-05-06 09:40:00,100.69,100.74,100.68,100.68,44
2026-05-06 09:45:00,100.67,100.67,100.56,100.61,71
2026-05-06 09:50:00,100.59,100.59,100.42,100.42,85
2026-05-06 09:55:00,100.44,100.51,100.33,100.36,130
2026-05-06 10:00:00,100.37,100.43,100.24,100.4,130
2026-05-06 10:05:00,100.39,100.41,100.21,100.23,56
2026-05-06 10:10:00,100.23,100.35,100.21,100.31,65
2026-05-06 10:15:00,100.32,100.4,100.27,100.33,61
2026-05-06 10:20:00,100.33,100.38,100.29,100.36,155
2026-05-06 10:25:00,100.38,100.41,100.32,100.39,111
2026-05-06 10:30:00,100.39,100.43,100.36,100.4,72
2026-05-06 10:35:00,100.4,100.48,100.36,100.46,75
2026-05-06 10:40:00,100.45,100.77,100.43,100.76,202
2026-05-06 10:45:00,100.77,101.34,100.77,101.1,780
2026-05-06 10:50:00,101.1,101.37,101.08,101.23,335
2026-05-06 10:55:00,101.23,101.25,100.91,100.95,223
2026-05-06 11:00:00,100.94,101.03,100.87,100.96,176
2026-05-06 11:05:00,100.96,101.08,100.95,100.98,99
2026-05-06 11:10:00,100.99,101.06,100.93,100.93,78
2026-05-06 11:15:00,100.93,101.0,100.81,100.89,214
2026-05-06 11:20:00,100.85,100.87,100.74,100.76,173
2026-05-06 11:25:00,100.74,100.74,100.19,100.29,627
2026-05-06 11:30:00,100.3,100.33,99.74,100.07,1334
2026-05-06 11:35:00,100.05,100.23,99.98,100.12,250
2026-05-06 11:40:00,100.13,100.29,100.1,100.27,177
2026-05-06 11:45:00,100.28,100.54,100.22,100.45,271
2026-05-06 11:50:00,100.47,100.72,100.47,100.64,180
2026-05-06 11:55:00,100.64,100.72,100.33,100.41,294
2026-05-06 12:00:00,100.44,100.52,100.22,100.45,305
2026-05-06 12:05:00,100.46,100.6,100.43,100.56,120
2026-05-06 12:10:00,100.55,101.3,100.52,100.82,1254
2026-05-06 12:15:00,100.83,100.84,100.66,100.73,396
2026-05-06 12:20:00,100.79,100.96,100.79,100.86,211
2026-05-06 12:25:00,100.9,100.93,100.8,100.85,226
2026-05-06 12:30:00,100.86,101.19,100.77,100.82,546
2026-05-06 12:35:00,100.82,100.92,100.66,100.75,350
2026-05-06 12:40:00,100.76,100.93,100.71,100.71,317
2026-05-06 12:45:00,100.71,100.74,100.49,100.64,391
2026-05-06 12:50:00,100.65,100.69,100.31,100.35,513
2026-05-06 12:55:00,100.36,100.49,100.25,100.35,382
2026-05-06 13:00:00,100.34,100.75,100.27,100.64,520
2026-05-06 13:05:00,100.62,100.67,100.3,100.31,517
2026-05-06 13:10:00,100.3,100.46,99.89,99.94,937
2026-05-06 13:15:00,99.94,99.94,98.86,99.05,3184
2026-05-06 13:20:00,99.07,99.21,98.26,98.62,2360
2026-05-06 13:25:00,98.6,98.72,97.7,97.8,2503
2026-05-06 13:30:00,97.76,98.53,97.59,98.51,2668
2026-05-06 13:35:00,98.52,98.67,98.28,98.51,1340
2026-05-06 13:40:00,98.5,98.63,98.24,98.41,968
2026-05-06 13:45:00,98.43,98.66,98.4,98.55,1032
2026-05-06 13:50:00,98.56,99.01,98.56,98.91,981
2026-05-06 13:55:00,98.92,99.09,98.76,99.02,821
2026-05-06 14:00:00,99.04,99.07,98.57,98.69,781
2026-05-06 14:05:00,98.7,98.76,98.41,98.56,615
2026-05-06 14:10:00,98.55,98.68,98.49,98.62,340
2026-05-06 14:15:00,98.59,98.93,98.52,98.8,615
2026-05-06 14:20:00,98.82,98.84,95.19,96.02,8282
2026-05-06 14:25:00,95.98,96.31,95.3,95.45,4033
2026-05-06 14:30:00,95.45,95.97,94.6,95.88,4492
2026-05-06 14:35:00,95.91,96.33,95.69,96.0,1767
2026-05-06 14:40:00,95.97,96.08,95.65,95.68,1470
2026-05-06 14:45:00,95.69,95.78,94.8,94.86,1846
2026-05-06 14:50:00,94.86,95.26,94.32,95.11,2491
2026-05-06 14:55:00,95.11,95.53,95.03,95.38,1287
2026-05-06 15:00:00,95.38,95.58,94.3,94.33,2147
2026-05-06 15:05:00,94.34,94.63,93.96,94.21,2842
2026-05-06 15:10:00,94.21,94.76,94.05,94.54,2168
2026-05-06 15:15:00,94.52,94.65,93.89,93.94,1786
2026-05-06 15:20:00,93.95,94.65,93.82,93.92,2682
2026-05-06 15:25:00,93.93,93.94,93.31,93.35,3225
2026-05-06 15:30:00,93.35,93.39,92.52,92.84,4607
2026-05-06 15:35:00,92.83,93.32,92.49,93.05,2575
2026-05-06 15:40:00,93.04,93.17,92.69,93.05,1576
2026-05-06 15:45:00,93.05,93.18,92.5,92.65,1634
2026-05-06 15:50:00,92.65,92.68,92.1,92.3,2097
2026-05-06 15:55:00,92.3,93.06,92.24,93.01,2024
2026-05-06 16:00:00,93.0,93.01,91.59,92.17,3292
2026-05-06 16:05:00,92.17,92.8,91.76,92.31,2444
2026-05-06 16:10:00,92.3,92.36,91.11,91.53,3824
2026-05-06 16:15:00,91.52,92.19,91.05,91.83,3816
2026-05-06 16:20:00,91.81,91.89,89.65,90.01,6070
2026-05-06 16:25:00,89.98,90.22,89.53,89.81,4320
2026-05-06 16:30:00,89.79,90.29,89.3,89.97,4786
2026-05-06 16:35:00,89.95,90.07,88.66,89.03,4612
2026-05-06 16:40:00,89.02,90.23,88.79,90.05,4932
2026-05-06 16:45:00,90.03,90.78,89.8,90.74,3219
2026-05-06 16:50:00,90.74,90.94,90.48,90.79,2332
2026-05-06 16:55:00,90.78,90.89,90.29,90.51,1811
2026-05-06 17:00:00,90.49,91.17,90.37,90.4,1817
2026-05-06 17:05:00,90.38,90.57,90.27,90.42,1564
2026-05-06 17:10:00,90.4,91.68,90.26,91.56,4308
2026-05-06 17:15:00,91.56,92.13,91.5,92.12,3644
2026-05-06 17:20:00,92.11,92.2,91.48,92.11,2659
2026-05-06 17:25:00,92.1,92.63,92.07,92.56,2661
2026-05-06 17:30:00,92.56,93.14,92.47,93.12,3030
2026-05-06 17:35:00,93.12,93.89,92.97,93.69,5010
2026-05-06 17:40:00,93.68,95.09,93.52,94.88,6505
2026-05-06 17:45:00,94.77,96.1,94.25,95.63,7361
2026-05-06 17:50:00,95.61,95.72,94.12,94.55,5213
2026-05-06 17:55:00,94.54,94.68,94.09,94.14,2739
2026-05-06 18:00:00,94.13,94.7,94.02,94.56,2927
2026-05-06 18:05:00,94.55,94.93,94.4,94.68,1389
2026-05-06 18:10:00,94.7,94.99,94.6,94.71,1866
2026-05-06 18:15:00,94.71,94.9,94.4,94.63,1687
2026-05-06 18:20:00,94.64,95.4,94.64,95.31,2243
2026-05-06 18:25:00,95.34,95.67,95.08,95.42,2369
2026-05-06 18:30:00,95.42,96.02,95.12,95.67,4561
2026-05-06 18:35:00,95.69,96.8,95.41,96.43,4983
2026-05-06 18:40:00,96.45,96.62,95.98,96.08,3329
2026-05-06 18:45:00,96.06,96.36,95.79,96.3,2415
2026-05-06 18:50:00,96.32,96.45,96.15,96.42,1942
2026-05-06 18:55:00,96.4,96.63,96.25,96.28,1677
2026-05-06 19:00:00,96.28,96.63,95.59,95.64,3824
2026-05-06 19:05:00,95.65,95.88,95.43,95.8,3243
2026-05-06 19:10:00,95.8,96.53,95.59,96.34,2548
2026-05-06 19:15:00,96.34,96.59,96.06,96.07,2032
2026-05-06 19:20:00,96.08,96.42,96.06,96.18,1699
2026-05-06 19:25:00,96.19,96.43,95.83,96.04,2727
2026-05-06 19:30:00,96.03,96.15,95.87,95.99,1817
2026-05-06 19:35:00,96.0,97.33,96.0,96.04,4947
2026-05-06 19:40:00,96.04,96.04,94.91,95.14,4993
2026-05-06 19:45:00,95.14,95.37,94.87,95.26,3467
2026-05-06 19:50:00,95.27,95.29,95.02,95.16,1448
2026-05-06 19:55:00,95.17,95.63,95.05,95.63,1805
2026-05-06 20:00:00,95.63,95.87,94.93,95.22,2306
2026-05-06 20:05:00,95.26,95.49,95.05,95.17,1256
2026-05-06 20:10:00,95.17,95.36,94.48,94.77,4402
2026-05-06 20:15:00,94.77,95.66,94.56,95.25,2605
2026-05-06 20:20:00,95.23,95.46,95.03,95.14,1761
2026-05-06 20:25:00,95.12,95.2,94.76,94.78,2102
2026-05-06 20:30:00,94.77,95.06,94.77,94.87,1925
2026-05-06 20:35:00,94.86,95.79,94.77,95.48,2531
2026-05-06 20:40:00,95.48,96.11,95.31,95.53,2369
2026-05-06 20:45:00,95.52,95.69,95.14,95.14,1364
2026-05-06 20:50:00,95.12,95.2,94.88,94.97,1626
2026-05-06 20:55:00,94.96,95.21,94.81,95.0,1945
2026-05-06 21:00:00,95.0,95.02,94.65,94.69,2051
2026-05-06 21:05:00,94.67,95.04,94.62,95.03,1808
2026-05-06 21:10:00,95.03,95.54,94.84,95.15,3532
2026-05-06 21:15:00,95.17,95.41,95.08,95.24,1019
2026-05-06 21:20:00,95.24,95.56,95.18,95.43,1143
2026-05-06 21:25:00,95.43,95.48,95.16,95.33,1020
2026-05-06 21:30:00,95.33,95.59,95.3,95.4,1316
2026-05-06 21:35:00,95.38,95.72,95.32,95.63,1444
2026-05-06 21:40:00,95.62,95.69,95.26,95.32,1416
2026-05-06 21:45:00,95.35,95.41,95.04,95.07,978
2026-05-06 21:50:00,95.06,95.07,94.76,94.94,2103
2026-05-06 21:55:00,94.94,94.97,94.8,94.85,1176
2026-05-06 22:00:00,94.86,94.91,94.6,94.68,1507
2026-05-06 22:05:00,94.69,94.84,94.57,94.78,1130
2026-05-06 22:10:00,94.77,95.1,94.75,95.1,1648
2026-05-06 22:15:00,95.08,95.59,95.01,95.56,2140
2026-05-06 22:20:00,95.56,96.02,95.52,95.83,2072
2026-05-06 22:25:00,95.84,96.35,95.72,95.87,3034
2026-05-06 22:30:00,95.86,95.95,95.29,95.31,1541
2026-05-06 22:35:00,95.3,95.49,95.14,95.45,1993
2026-05-06 22:40:00,95.45,95.68,95.35,95.57,1233
2026-05-06 22:45:00,95.58,95.69,95.47,95.67,661
2026-05-06 22:50:00,95.67,95.72,95.45,95.54,1174
2026-05-06 22:55:00,95.54,95.56,95.21,95.24,1392
2026-05-06 23:00:00,95.27,95.27,94.99,95.23,1223
2026-05-06 23:05:00,95.24,95.56,95.16,95.49,2075
2026-05-06 23:10:00,95.5,95.69,95.41,95.44,935
2026-05-06 23:15:00,95.44,95.52,95.33,95.36,1263
2026-05-06 23:20:00,95.37,95.52,95.34,95.36,1168
2026-05-06 23:25:00,95.36,95.42,95.16,95.24,1176
2026-05-06 23:30:00,95.24,95.31,95.05,95.12,1044
2026-05-06 23:35:00,95.12,95.13,94.82,94.86,2032
2026-05-06 23:40:00,94.87,94.99,94.42,94.63,3495
2026-05-06 23:45:00,94.66,94.71,94.37,94.5,2466
2026-05-06 23:50:00,94.49,94.84,94.33,94.78,2338
2026-05-06 23:55:00,94.78,95.26,94.64,95.22,13449
2026-05-07 00:00:00,95.22,95.24,94.96,95.09,2319
2026-05-07 00:05:00,95.1,95.12,94.82,94.89,1331
2026-05-07 00:10:00,94.88,95.15,94.83,95.15,662
2026-05-07 00:15:00,95.14,95.16,95.0,95.06,536
2026-05-07 00:20:00,95.07,95.29,94.99,95.18,484
2026-05-07 00:25:00,95.17,95.25,95.08,95.21,464
2026-05-07 00:30:00,95.22,95.24,94.9,95.0,920
2026-05-07 00:35:00,95.01,95.1,94.87,94.98,690
2026-05-07 00:40:00,94.98,95.16,94.94,95.1,540
2026-05-07 00:45:00,95.09,95.11,94.9,94.92,381
2026-05-07 00:50:00,94.94,94.98,94.83,94.92,378
2026-05-07 00:55:00,94.92,95.19,94.9,95.19,526
2026-05-07 01:00:00,95.2,95.57,95.2,95.43,1034
2026-05-07 01:05:00,95.42,95.42,95.19,95.2,435
2026-05-07 01:10:00,95.2,95.32,95.16,95.19,311
2026-05-07 01:15:00,95.21,95.21,94.9,95.09,624
2026-05-07 01:20:00,95.09,95.19,94.92,95.14,512
2026-05-07 01:25:00,95.13,95.37,95.06,95.37,692
2026-05-07 01:30:00,95.35,95.4,95.11,95.19,335
2026-05-07 01:35:00,95.19,95.33,95.06,95.27,487
2026-05-07 01:40:00,95.29,95.63,95.28,95.5,840
2026-05-07 01:45:00,95.53,95.68,95.45,95.61,1088
2026-05-07 01:50:00,95.63,95.66,95.47,95.6,429
2026-05-07 01:55:00,95.62,95.62,95.46,95.57,409
2026-05-07 02:00:00,95.57,95.94,95.42,95.86,361
2026-05-07 02:05:00,95.83,96.08,95.77,96.08,505
2026-05-07 02:10:00,96.08,96.34,96.04,96.07,1869
2026-05-07 02:15:00,96.08,96.15,96.04,96.1,478
2026-05-07 02:20:00,96.1,96.37,96.05,96.3,2198
2026-05-07 02:25:00,96.3,96.37,96.15,96.21,897
2026-05-07 03:30:00,96.3,96.33,95.62,95.76,0
2026-05-07 03:35:00,95.79,95.99,95.78,95.9,133
2026-05-07 03:40:00,95.89,95.89,95.74,95.83,89
2026-05-07 03:45:00,95.86,95.86,95.64,95.76,112
2026-05-07 03:50:00,95.78,95.88,95.78,95.83,42
2026-05-07 03:55:00,95.84,95.91,95.79,95.86,197
2026-05-07 04:00:00,95.85,96.24,95.85,96.13,148
2026-05-07 04:05:00,96.18,96.22,95.8,96.04,160
2026-05-07 04:10:00,96.04,96.09,95.97,96.05,89
2026-05-07 04:15:00,96.08,96.14,95.85,95.86,103
2026-05-07 04:20:00,95.88,95.92,95.82,95.84,84
2026-05-07 04:25:00,95.84,95.94,95.83,95.86,28
2026-05-07 04:30:00,95.85,95.91,95.72,95.88,140
2026-05-07 04:35:00,95.86,95.96,95.82,95.9,46
2026-05-07 04:40:00,95.91,95.95,95.85,95.89,41
2026-05-07 04:45:00,95.91,95.97,95.87,95.95,44
2026-05-07 04:50:00,95.95,96.02,95.9,95.98,72
2026-05-07 04:55:00,96.0,96.0,95.95,95.95,36
2026-05-07 05:00:00,95.95,96.0,95.95,95.95,125
2026-05-07 05:05:00,95.95,96.01,95.91,96.01,59
2026-05-07 05:10:00,96.01,96.06,95.98,96.05,86
2026-05-07 05:15:00,96.03,96.05,95.98,96.02,37
2026-05-07 05:20:00,96.01,96.03,95.92,95.94,106
2026-05-07 05:25:00,95.95,95.99,95.85,95.89,92
2026-05-07 05:30:00,95.9,96.3,95.87,96.18,441
2026-05-07 05:35:00,96.2,96.48,96.14,96.26,363
2026-05-07 05:40:00,96.25,96.29,95.74,95.92,394
2026-05-07 05:45:00,95.96,96.26,95.94,96.1,205
2026-05-07 05:50:00,96.13,96.28,96.06,96.26,109
2026-05-07 05:55:00,96.25,96.35,96.14,96.22,147
2026-05-07 06:00:00,96.24,96.29,96.15,96.2,71
2026-05-07 06:05:00,96.18,96.23,96.1,96.1,94
2026-05-07 06:10:00,96.1,96.43,96.1,96.31,248
2026-05-07 06:15:00,96.31,96.38,96.07,96.16,202
2026-05-07 06:20:00,96.11,96.33,96.04,96.26,200
2026-05-07 06:25:00,96.28,96.32,96.11,96.15,110
2026-05-07 06:30:00,96.18,96.35,95.98,96.34,346
2026-05-07 06:35:00,96.31,96.45,96.22,96.4,293
2026-05-07 06:40:00,96.38,96.38,95.68,95.95,680
2026-05-07 06:45:00,95.97,96.11,95.82,95.84,188
2026-05-07 06:50:00,95.88,95.91,95.78,95.78,100
2026-05-07 06:55:00,95.78,95.83,95.6,95.64,401
2026-05-07 07:00:00,95.66,95.78,95.56,95.74,111
2026-05-07 07:05:00,95.72,95.78,95.68,95.72,104
2026-05-07 07:10:00,95.71,95.74,95.51,95.6,168
2026-05-07 07:15:00,95.58,95.63,95.46,95.54,127
2026-05-07 07:20:00,95.49,95.56,95.42,95.48,148
2026-05-07 07:25:00,95.48,95.83,95.38,95.43,572
2026-05-07 07:30:00,95.41,95.46,94.83,95.14,978
2026-05-07 07:35:00,95.16,95.25,94.97,95.09,284
2026-05-07 07:40:00,95.07,95.31,95.02,95.3,285
2026-05-07 07:45:00,95.28,95.53,95.23,95.51,175
2026-05-07 07:50:00,95.48,95.73,95.43,95.64,192
2026-05-07 07:55:00,95.63,95.63,95.52,95.62,96
2026-05-07 08:00:00,95.63,95.67,95.47,95.63,102
2026-05-07 08:05:00,95.62,95.78,95.59,95.77,141
2026-05-07 08:10:00,95.76,95.76,95.58,95.64,179
2026-05-07 08:15:00,95.63,95.74,95.6,95.68,54
2026-05-07 08:20:00,95.71,95.71,95.6,95.68,49
2026-05-07 08:25:00,95.64,95.7,95.61,95.7,49
2026-05-07 08:30:00,95.69,95.87,95.69,95.77,176
2026-05-07 08:35:00,95.76,95.8,95.71,95.73,58
2026-05-07 08:40:00,95.76,95.83,95.7,95.7,71
2026-05-07 08:45:00,95.72,95.79,95.72,95.73,19
2026-05-07 08:50:00,95.73,95.93,95.69,95.93,145
2026-05-07 08:55:00,95.9,95.95,95.83,95.87,64
2026-05-07 09:00:00,95.9,95.93,95.67,95.67,119
2026-05-07 09:05:00,95.66,95.67,95.35,95.41,234
2026-05-07 09:10:00,95.41,95.63,95.41,95.61,70
2026-05-07 09:15:00,95.63,95.86,95.58,95.86,103
2026-05-07 09:20:00,95.87,95.88,95.72,95.73,56
2026-05-07 09:25:00,95.72,95.77,95.69,95.77,17
2026-05-07 09:30:00,95.82,95.84,95.73,95.79,35
2026-05-07 09:35:00,95.79,95.79,95.71,95.76,23
2026-05-07 09:40:00,95.79,95.79,95.69,95.75,55
2026-05-07 09:45:00,95.75,95.76,95.65,95.7,50
2026-05-07 09:50:00,95.71,95.72,95.68,95.7,31
2026-05-07 09:55:00,95.72,95.75,95.66,95.72,19
2026-05-07 10:00:00,95.72,95.81,95.7,95.79,53
2026-05-07 10:05:00,95.78,95.83,95.75,95.77,39
2026-05-07 10:10:00,95.75,95.8,95.69,95.71,78
2026-05-07 10:15:00,95.71,95.76,95.54,95.55,180
2026-05-07 10:20:00,95.56,95.62,95.5,95.53,108
2026-05-07 10:25:00,95.54,95.67,95.51,95.55,99
2026-05-07 10:30:00,95.55,95.62,95.54,95.59,56
2026-05-07 10:35:00,95.57,95.73,95.54,95.61,81
2026-05-07 10:40:00,95.61,95.64,95.51,95.62,127
2026-05-07 10:45:00,95.64,95.71,95.64,95.66,80
2026-05-07 10:50:00,95.7,95.77,95.57,95.66,135
2026-05-07 10:55:00,95.64,95.71,95.64,95.67,34
2026-05-07 11:00:00,95.66,95.67,95.58,95.61,63
2026-05-07 11:05:00,95.61,95.68,95.4,95.53,117
2026-05-07 11:10:00,95.54,95.63,95.48,95.59,105
2026-05-07 11:15:00,95.58,95.61,95.45,95.47,77
2026-05-07 11:20:00,95.47,95.55,95.36,95.45,210
2026-05-07 11:25:00,95.47,95.51,95.26,95.36,275
2026-05-07 11:30:00,95.38,95.41,95.14,95.2,245
2026-05-07 11:35:00,95.17,95.18,94.98,95.06,282
2026-05-07 11:40:00,95.07,95.56,95.04,95.56,286
2026-05-07 11:45:00,95.58,95.64,95.46,95.49,237
2026-05-07 11:50:00,95.49,95.67,95.46,95.55,145
2026-05-07 12:00:00,95.08,95.41,95.08,95.41,381
2026-05-07 12:05:00,95.41,95.45,95.15,95.19,235
2026-05-07 12:10:00,95.2,95.23,94.18,94.26,1487
2026-05-07 12:15:00,94.28,95.01,94.17,94.94,897
2026-05-07 12:20:00,94.95,94.99,94.67,94.67,542
2026-05-07 12:25:00,94.7,94.76,94.57,94.63,672
2026-05-07 12:30:00,94.66,94.74,94.36,94.4,654
2026-05-07 12:35:00,94.38,94.43,92.99,93.09,3391
2026-05-07 12:40:00,93.09,93.24,92.19,92.24,3439
2026-05-07 12:45:00,92.25,92.78,91.92,92.53,3768
2026-05-07 12:50:00,92.51,93.03,92.41,92.74,1342
2026-05-07 12:55:00,92.71,92.88,92.37,92.8,1305
2026-05-07 13:00:00,92.79,93.18,92.66,93.01,1001
2026-05-07 13:05:00,92.99,93.27,92.86,93.12,841
2026-05-07 13:10:00,93.17,93.33,93.0,93.18,754
2026-05-07 13:15:00,93.17,93.73,93.14,93.5,1117
2026-05-07 13:20:00,93.51,93.64,93.34,93.53,883
2026-05-07 13:25:00,93.55,93.58,93.21,93.33,517
2026-05-07 13:30:00,93.33,93.37,92.95,92.99,806
2026-05-07 13:35:00,92.99,93.35,92.99,93.19,606
2026-05-07 13:40:00,93.17,93.94,93.13,93.56,999
2026-05-07 13:45:00,93.59,94.12,93.48,94.01,1109
2026-05-07 13:50:00,94.0,94.1,93.76,93.95,584
2026-05-07 13:55:00,93.98,94.59,93.64,93.91,2359
2026-05-07 14:00:00,93.9,93.93,93.23,93.44,1253
2026-05-07 14:05:00,93.42,93.44,93.06,93.21,776
2026-05-07 14:10:00,93.21,93.49,93.13,93.38,416
2026-05-07 14:15:00,93.37,93.48,93.14,93.25,339
2026-05-07 14:20:00,93.26,93.33,93.1,93.19,323
2026-05-07 14:25:00,93.17,93.29,92.73,92.88,596
2026-05-07 14:30:00,92.88,93.05,92.8,92.86,483
2026-05-07 14:35:00,92.86,93.08,92.83,93.01,354
2026-05-07 14:40:00,93.0,93.2,92.95,93.12,339
2026-05-07 14:45:00,93.11,93.18,92.72,92.77,569
2026-05-07 14:50:00,92.72,92.88,92.56,92.61,469
2026-05-07 14:55:00,92.61,92.72,92.46,92.47,318
2026-05-07 15:00:00,92.5,92.71,92.27,92.28,528
2026-05-07 15:05:00,92.28,92.5,92.14,92.4,611
2026-05-07 15:10:00,92.42,92.47,92.16,92.41,422
2026-05-07 15:15:00,92.38,92.48,92.18,92.35,434
2026-05-07 15:20:00,92.34,93.1,92.27,92.68,1272
2026-05-07 15:25:00,92.68,92.98,92.68,92.87,601
2026-05-07 15:30:00,92.89,93.04,92.79,92.91,428
2026-05-07 15:35:00,92.89,93.05,92.78,92.85,463
2026-05-07 15:40:00,92.87,93.02,92.67,92.7,517
2026-05-07 15:45:00,92.71,93.0,92.71,92.98,718
2026-05-07 15:50:00,93.0,93.0,92.24,92.34,904
2026-05-07 15:55:00,92.33,92.76,92.24,92.7,481
2026-05-07 16:00:00,92.68,93.11,92.65,93.07,554
2026-05-07 16:05:00,93.08,93.33,92.98,93.16,536
2026-05-07 16:10:00,93.16,93.24,92.76,92.81,621
2026-05-07 16:15:00,92.78,93.14,92.72,93.08,529
2026-05-07 16:20:00,93.08,93.2,92.87,92.91,354
2026-05-07 16:25:00,92.92,93.06,92.68,92.86,544
2026-05-07 16:30:00,92.81,92.96,92.61,92.66,414
2026-05-07 16:35:00,92.65,92.77,92.27,92.31,625
2026-05-07 16:40:00,92.29,92.51,92.27,92.38,714
2026-05-07 16:45:00,92.39,92.53,91.68,91.81,2289
2026-05-07 16:50:00,91.8,91.93,91.33,91.44,1541
2026-05-07 16:55:00,91.45,91.77,91.45,91.71,1342
2026-05-07 17:00:00,91.68,91.92,91.5,91.83,868
2026-05-07 17:05:00,91.84,91.92,91.61,91.85,933
2026-05-07 17:10:00,91.85,91.89,91.62,91.69,538
2026-05-07 17:15:00,91.72,92.03,91.7,91.99,563
2026-05-07 17:20:00,92.0,92.16,91.92,91.94,732
2026-05-07 17:25:00,91.96,92.02,91.79,91.82,512
2026-05-07 17:30:00,91.8,92.07,91.76,91.89,1557
2026-05-07 17:35:00,91.88,92.0,91.82,91.98,462
2026-05-07 17:40:00,91.99,92.01,91.24,91.47,1842
2026-05-07 17:45:00,91.48,91.61,91.03,91.17,2604
2026-05-07 17:50:00,91.16,91.45,90.88,91.08,2168
2026-05-07 17:55:00,91.09,91.18,90.53,90.62,2279
2026-05-07 18:00:00,90.61,90.78,90.37,90.67,1463
2026-05-07 18:05:00,90.66,90.77,90.48,90.5,1719
2026-05-07 18:10:00,90.48,90.65,90.31,90.47,1877
2026-05-07 18:15:00,90.45,90.47,89.85,89.9,2034
2026-05-07 18:20:00,89.92,90.33,89.9,90.21,2230
2026-05-07 18:25:00,90.22,90.77,90.14,90.69,2565
2026-05-07 18:30:00,90.7,91.7,90.68,91.34,5194
2026-05-07 18:35:00,91.35,91.5,91.22,91.47,1890
2026-05-07 18:40:00,91.48,91.79,91.45,91.71,2031
2026-05-07 18:45:00,91.71,91.72,91.22,91.3,1940
2026-05-07 18:50:00,91.28,91.49,91.01,91.07,1993
2026-05-07 18:55:00,91.1,91.37,91.1,91.28,1062
2026-05-07 19:00:00,91.3,91.4,91.15,91.16,1060
2026-05-07 19:05:00,91.16,91.41,91.11,91.19,1383
2026-05-07 19:10:00,91.19,91.41,91.06,91.4,1556
2026-05-07 19:15:00,91.38,92.69,91.2,92.12,5434
2026-05-07 19:20:00,92.13,92.22,91.81,91.85,2157
2026-05-07 19:25:00,91.84,91.85,91.13,91.16,3285
2026-05-07 19:30:00,91.17,91.28,90.69,90.91,2686
2026-05-07 19:35:00,90.89,90.95,90.68,90.77,2042
2026-05-07 19:40:00,90.77,90.88,90.33,90.36,2266
2026-05-07 19:45:00,90.38,90.98,90.3,90.75,2908
2026-05-07 19:50:00,90.74,90.87,90.4,90.55,1772
2026-05-07 19:55:00,90.55,91.04,90.41,90.96,1488
2026-05-07 20:00:00,91.0,91.36,90.84,91.36,2308
2026-05-07 20:05:00,91.36,91.58,90.93,91.25,3077
2026-05-07 20:10:00,91.25,91.57,91.16,91.49,2288
2026-05-07 20:15:00,91.47,91.55,91.22,91.35,1499
2026-05-07 20:20:00,91.36,91.47,91.11,91.14,1441
2026-05-07 20:25:00,91.13,91.27,91.04,91.2,1409
2026-05-07 20:30:00,91.17,91.78,91.16,91.62,2218
2026-05-07 20:35:00,91.62,91.83,91.51,91.63,1519
2026-05-07 20:40:00,91.64,91.82,91.49,91.69,1755
2026-05-07 20:45:00,91.7,91.88,91.55,91.73,1559
2026-05-07 20:50:00,91.71,92.4,91.67,92.14,4404
2026-05-07 20:55:00,92.16,92.7,91.99,92.17,5090
2026-05-07 21:00:00,92.13,92.22,91.69,91.78,2871
2026-05-07 21:05:00,91.8,91.94,91.73,91.87,1288
2026-05-07 21:10:00,91.85,92.12,91.81,92.1,1521
2026-05-07 21:15:00,92.1,92.39,92.03,92.28,2381
2026-05-07 21:20:00,92.27,92.98,92.26,92.97,3920
2026-05-07 21:25:00,92.94,93.43,92.94,93.31,5109
2026-05-07 21:30:00,93.31,93.83,93.27,93.67,4017
2026-05-07 21:35:00,93.69,93.99,93.62,93.68,3285
2026-05-07 21:40:00,93.69,94.3,93.69,94.14,2639
2026-05-07 21:45:00,94.14,95.08,94.14,94.84,4877
2026-05-07 21:50:00,94.84,94.86,94.33,94.46,3628
2026-05-07 21:55:00,94.46,94.46,93.7,94.03,4888
2026-05-07 22:00:00,94.03,94.41,93.94,94.34,2899
2026-05-07 22:05:00,94.34,94.87,94.33,94.78,2847
2026-05-07 22:10:00,94.78,95.33,94.72,95.09,4986
2026-05-07 22:15:00,95.09,95.55,95.09,95.48,4371
2026-05-07 22:20:00,95.49,95.75,95.42,95.52,3478
2026-05-07 22:25:00,95.53,95.89,95.33,95.64,2601
2026-05-07 22:30:00,95.63,95.75,95.35,95.7,2807
2026-05-07 22:35:00,95.7,95.86,95.45,95.74,3663
2026-05-07 22:40:00,95.73,95.93,95.54,95.58,2526
2026-05-07 22:45:00,95.58,96.0,95.58,95.87,2448
2026-05-07 22:50:00,95.87,96.01,95.31,95.43,3145
2026-05-07 22:55:00,95.42,97.46,95.16,97.0,11870
2026-05-07 23:00:00,96.99,97.18,96.36,96.5,4145
2026-05-07 23:05:00,96.48,96.73,95.91,95.95,3723
2026-05-07 23:10:00,95.96,96.23,95.81,96.08,2575
2026-05-07 23:15:00,96.1,96.11,95.71,95.86,2588
2026-05-07 23:20:00,95.87,96.2,95.51,95.52,2655
2026-05-07 23:25:00,95.52,95.63,94.56,94.88,5390
2026-05-07 23:30:00,94.88,95.24,94.84,95.06,2330
2026-05-07 23:35:00,95.04,95.14,94.66,95.07,2633
2026-05-07 23:40:00,95.07,95.32,94.86,95.13,2237
2026-05-07 23:45:00,95.12,95.19,94.57,94.81,3019
2026-05-07 23:50:00,94.81,95.0,94.65,94.92,3398
2026-05-07 23:55:00,94.92,95.07,94.69,94.89,12502
2026-05-08 00:00:00,94.89,95.07,94.84,95.03,1981
2026-05-08 00:05:00,95.03,95.64,95.02,95.39,2773
2026-05-08 00:10:00,95.34,96.52,95.23,96.22,4029
2026-05-08 00:15:00,96.21,96.6,95.83,96.06,4029
2026-05-08 00:20:00,96.07,96.48,95.95,96.13,2252
2026-05-08 00:25:00,96.13,96.4,95.51,95.61,2990
2026-05-08 00:30:00,95.64,95.95,95.48,95.82,1682
2026-05-08 00:35:00,95.81,96.05,95.75,95.91,581
2026-05-08 00:40:00,95.91,95.98,95.55,95.79,875
2026-05-08 00:45:00,95.77,96.84,95.49,96.63,2680
2026-05-08 00:50:00,96.64,97.02,96.31,96.95,2139
2026-05-08 00:55:00,96.94,97.23,96.34,96.66,1871
2026-05-08 01:00:00,96.69,96.84,96.22,96.3,1008
2026-05-08 01:05:00,96.29,96.29,95.8,95.83,1036
2026-05-08 01:10:00,95.84,96.4,95.7,96.32,1118
2026-05-08 01:15:00,96.3,96.53,96.2,96.33,961
2026-05-08 01:20:00,96.29,97.3,95.92,96.47,3384
2026-05-08 01:25:00,96.5,96.6,96.1,96.36,1341
2026-05-08 01:30:00,96.37,96.4,94.72,95.19,3457
2026-05-08 01:35:00,95.2,95.59,95.07,95.4,1062
2026-05-08 01:40:00,95.39,95.62,95.22,95.61,641
2026-05-08 01:45:00,95.58,96.12,95.58,95.89,811
2026-05-08 01:50:00,95.93,96.0,95.8,95.99,344
2026-05-08 01:55:00,96.0,96.21,95.91,96.0,498
2026-05-08 02:00:00,95.99,96.4,95.85,96.15,655
2026-05-08 02:05:00,96.15,97.38,96.08,97.34,1846
2026-05-08 02:10:00,97.37,97.49,97.0,97.12,1305
2026-05-08 02:15:00,97.15,97.46,96.9,97.1,750
2026-05-08 02:20:00,97.1,97.53,97.06,97.39,544
2026-05-08 02:25:00,97.39,97.99,97.24,97.66,2073
2026-05-08 03:30:00,98.25,98.64,97.35,97.71,0
2026-05-08 03:35:00,97.7,98.07,97.58,97.8,503
2026-05-08 03:40:00,97.8,97.83,96.94,97.26,660
2026-05-08 03:45:00,97.24,97.41,96.56,96.86,772
2026-05-08 03:50:00,96.86,97.3,96.12,96.78,1114
2026-05-08 03:55:00,96.81,97.06,96.75,96.9,282
2026-05-08 04:00:00,96.88,97.66,96.7,97.63,1072
2026-05-08 04:05:00,97.59,97.63,97.25,97.38,377
2026-05-08 04:10:00,97.39,97.74,97.33,97.4,375
2026-05-08 04:15:00,97.39,97.47,97.06,97.35,367
2026-05-08 04:20:00,97.31,97.31,97.1,97.2,271
2026-05-08 04:25:00,97.24,97.38,97.18,97.27,93
2026-05-08 04:30:00,97.25,97.26,97.04,97.13,134
2026-05-08 04:35:00,97.13,97.26,96.93,96.98,91
2026-05-08 04:40:00,97.07,97.16,97.01,97.14,108
2026-05-08 04:45:00,97.1,97.14,96.91,97.06,122
2026-05-08 04:50:00,97.07,97.13,96.98,97.09,86
2026-05-08 04:55:00,97.07,97.07,96.88,96.93,179
2026-05-08 05:00:00,96.96,97.07,96.93,97.06,138
2026-05-08 05:05:00,97.06,97.24,96.98,97.19,136
2026-05-08 05:10:00,97.22,97.24,97.0,97.0,63
2026-05-08 05:15:00,97.02,97.08,96.95,97.06,80
2026-05-08 05:20:00,97.03,97.03,96.69,96.79,145
2026-05-08 05:25:00,96.8,97.05,96.8,96.98,121
2026-05-08 05:30:00,96.99,97.08,96.77,96.95,325
2026-05-08 05:35:00,96.98,97.0,96.4,96.71,413
2026-05-08 05:40:00,96.7,96.82,96.54,96.64,108
2026-05-08 05:45:00,96.69,97.24,96.59,97.19,330
2026-05-08 05:50:00,97.19,97.3,96.97,97.05,211
2026-05-08 05:55:00,97.06,97.2,97.06,97.09,182
2026-05-08 06:00:00,97.1,97.1,96.84,96.88,152
2026-05-08 06:05:00,96.88,96.95,96.81,96.81,38
2026-05-08 06:10:00,96.84,96.91,96.81,96.89,47
2026-05-08 06:15:00,96.88,96.97,96.73,96.76,71
2026-05-08 06:20:00,96.83,96.9,96.73,96.74,71
2026-05-08 06:25:00,96.73,96.81,96.56,96.59,140
2026-05-08 06:30:00,96.58,96.59,95.52,96.26,1816
2026-05-08 06:35:00,96.28,96.3,95.96,96.09,480
2026-05-08 06:40:00,96.09,96.14,95.99,96.06,198
2026-05-08 06:45:00,96.06,96.11,95.8,95.93,408
2026-05-08 06:50:00,95.95,96.04,95.81,95.85,226
2026-05-08 06:55:00,95.85,95.9,95.7,95.78,313
2026-05-08 07:00:00,95.76,96.01,95.74,96.0,373
2026-05-08 07:05:00,96.02,96.11,95.99,96.09,203
2026-05-08 07:10:00,96.08,96.12,95.93,95.93,236
2026-05-08 07:15:00,95.92,96.04,95.91,95.94,119
2026-05-08 07:20:00,95.9,95.93,95.72,95.93,273
2026-05-08 07:25:00,95.92,96.05,95.87,96.03,227
2026-05-08 07:30:00,96.04,96.04,95.92,95.97,149
2026-05-08 07:35:00,95.98,95.98,95.72,95.87,459
2026-05-08 07:40:00,95.87,95.9,95.83,95.85,103
2026-05-08 07:45:00,95.85,95.9,95.77,95.83,187
2026-05-08 07:50:00,95.83,95.83,95.73,95.8,137
2026-05-08 07:55:00,95.78,95.95,95.77,95.91,120
2026-05-08 08:00:00,95.92,95.96,95.8,95.82,80
2026-05-08 08:05:00,95.83,96.47,95.83,96.37,897
2026-05-08 08:10:00,96.37,96.37,96.16,96.3,269
2026-05-08 08:15:00,96.29,96.3,95.21,95.39,531
2026-05-08 08:20:00,95.4,95.53,95.08,95.5,624
2026-05-08 08:25:00,95.52,95.78,95.44,95.75,289
2026-05-08 08:30:00,95.7,95.71,95.56,95.61,216
2026-05-08 08:35:00,95.65,95.74,95.61,95.68,102
2026-05-08 08:40:00,95.69,95.74,95.6,95.65,77
2026-05-08 08:45:00,95.62,95.69,95.6,95.69,138
2026-05-08 08:50:00,95.7,95.72,95.63,95.63,30
2026-05-08 08:55:00,95.64,95.68,95.62,95.68,49
2026-05-08 09:00:00,95.67,95.81,95.36,95.42,321
2026-05-08 09:05:00,95.44,95.62,95.42,95.58,79
2026-05-08 09:10:00,95.61,95.63,95.52,95.55,37
2026-05-08 09:15:00,95.58,95.61,95.55,95.6,32
2026-05-08 09:20:00,95.6,95.78,95.59,95.73,133
2026-05-08 09:25:00,95.74,95.74,95.65,95.69,39
2026-05-08 09:30:00,95.7,95.82,95.67,95.75,134
2026-05-08 09:35:00,95.76,95.85,95.76,95.84,63
2026-05-08 09:40:00,95.85,96.03,95.82,96.03,281
2026-05-08 09:45:00,96.01,96.48,96.01,96.2,614
2026-05-08 09:50:00,96.19,96.22,96.13,96.13,56
2026-05-08 09:55:00,96.17,96.36,96.16,96.28,129
2026-05-08 10:00:00,96.28,96.28,96.06,96.14,199
2026-05-08 10:05:00,96.15,96.29,96.15,96.23,92
2026-05-08 10:10:00,96.24,96.35,96.24,96.24,107
2026-05-08 10:15:00,96.23,96.3,96.1,96.1,89
2026-05-08 10:20:00,96.1,96.1,95.65,95.7,291
2026-05-08 10:25:00,95.69,95.83,95.66,95.8,142
2026-05-08 10:30:00,95.77,95.78,95.31,95.41,595
2026-05-08 10:35:00,95.45,95.88,95.45,95.88,235
2026-05-08 10:40:00,95.87,95.91,95.73,95.84,62
2026-05-08 10:45:00,95.8,95.87,95.73,95.79,141
2026-05-08 10:50:00,95.81,95.89,95.76,95.78,73
2026-05-08 10:55:00,95.77,95.85,95.69,95.79,62
2026-05-08 11:00:00,95.8,95.83,95.35,95.42,207
2026-05-08 11:05:00,95.38,95.58,95.38,95.52,236
2026-05-08 11:10:00,95.55,95.64,95.48,95.64,86
2026-05-08 11:15:00,95.64,95.65,95.52,95.56,45
2026-05-08 11:20:00,95.55,95.62,95.41,95.46,95
2026-05-08 11:25:00,95.44,95.45,95.36,95.42,126
2026-05-08 11:30:00,95.43,95.79,95.32,95.35,273
2026-05-08 11:35:00,95.33,95.4,94.86,95.24,649
2026-05-08 11:40:00,95.23,95.27,95.01,95.2,319
2026-05-08 11:45:00,95.21,95.22,94.93,94.98,308
2026-05-08 11:50:00,94.99,95.1,94.92,95.03,229
2026-05-08 11:55:00,95.05,95.06,94.15,94.62,1507
2026-05-08 12:00:00,94.62,95.15,94.51,94.78,936
2026-05-08 12:05:00,94.78,94.87,94.7,94.77,390
2026-05-08 12:10:00,94.78,94.89,94.63,94.86,294
2026-05-08 12:15:00,94.87,95.54,94.83,95.31,777
2026-05-08 12:20:00,95.33,95.34,95.08,95.22,404
2026-05-08 12:25:00,95.19,95.23,95.06,95.14,254
2026-05-08 12:30:00,95.12,95.26,94.78,94.98,591
2026-05-08 12:35:00,94.96,95.09,94.81,94.82,327
2026-05-08 12:40:00,94.8,95.24,94.79,95.22,298
2026-05-08 12:45:00,95.23,95.28,95.07,95.22,424
2026-05-08 12:50:00,95.19,95.56,95.06,95.46,484
2026-05-08 12:55:00,95.44,95.91,95.4,95.47,1078
2026-05-08 13:00:00,95.48,95.62,95.11,95.25,332
2026-05-08 13:05:00,95.24,95.36,95.13,95.22,327
2026-05-08 13:10:00,95.27,95.36,95.1,95.26,267
2026-05-08 13:15:00,95.23,95.52,95.03,95.23,470
2026-05-08 13:20:00,95.22,95.56,95.01,95.3,419
2026-05-08 13:25:00,95.32,95.38,95.18,95.26,297
2026-05-08 13:30:00,95.26,95.41,95.15,95.2,436
2026-05-08 13:35:00,95.15,95.5,95.13,95.31,552
2026-05-08 13:40:00,95.3,95.53,95.17,95.31,331
2026-05-08 13:45:00,95.28,95.28,94.91,95.04,512
2026-05-08 13:50:00,95.0,95.0,94.41,94.62,888
2026-05-08 13:55:00,94.66,94.71,94.38,94.45,735
2026-05-08 14:00:00,94.44,94.5,94.17,94.36,917
2026-05-08 14:05:00,94.32,94.58,94.2,94.47,776
2026-05-08 14:10:00,94.49,94.79,94.37,94.53,483
2026-05-08 14:15:00,94.55,94.78,94.17,94.43,905
2026-05-08 14:20:00,94.46,94.66,94.28,94.47,743
2026-05-08 14:25:00,94.47,94.64,94.41,94.6,232
2026-05-08 14:30:00,94.6,94.72,94.4,94.46,639
2026-05-08 14:35:00,94.44,94.44,94.05,94.34,820
2026-05-08 14:40:00,94.35,94.52,94.27,94.37,311
2026-05-08 14:45:00,94.34,94.47,94.32,94.39,214
2026-05-08 14:50:00,94.42,94.44,93.82,94.12,1114
2026-05-08 14:55:00,94.14,94.22,94.0,94.15,298
2026-05-08 15:00:00,94.14,94.44,94.07,94.23,379
2026-05-08 15:05:00,94.24,94.42,94.21,94.35,280
2026-05-08 15:10:00,94.37,94.69,94.37,94.55,472
2026-05-08 15:15:00,94.59,95.0,94.57,94.9,620
2026-05-08 15:20:00,94.87,95.39,94.86,95.13,959
2026-05-08 15:25:00,95.13,95.38,95.03,95.15,685
2026-05-08 15:30:00,95.16,95.27,94.67,94.92,633
2026-05-08 15:35:00,94.89,95.19,94.73,95.17,515
2026-05-08 15:40:00,95.2,95.3,95.1,95.2,327
2026-05-08 15:45:00,95.18,95.23,94.85,95.04,469
2026-05-08 15:50:00,95.04,95.06,94.64,94.75,698
2026-05-08 15:55:00,94.75,94.76,94.53,94.67,396
2026-05-08 16:00:00,94.67,94.73,94.53,94.61,341
2026-05-08 16:05:00,94.62,94.74,94.46,94.52,382
2026-05-08 16:10:00,94.52,94.71,94.45,94.69,363
2026-05-08 16:15:00,94.71,94.87,94.62,94.68,480
2026-05-08 16:20:00,94.68,94.8,94.56,94.69,721
2026-05-08 16:25:00,94.68,95.3,94.67,94.89,934
2026-05-08 16:30:00,94.93,94.94,94.36,94.38,665
2026-05-08 16:35:00,94.35,94.67,94.21,94.65,522
2026-05-08 16:40:00,94.61,94.9,94.54,94.83,653
2026-05-08 16:45:00,94.81,94.84,94.63,94.8,335
2026-05-08 16:50:00,94.78,94.92,94.68,94.71,263
2026-05-08 16:55:00,94.72,94.83,94.53,94.61,352
2026-05-08 17:00:00,94.6,94.93,94.6,94.93,333
2026-05-08 17:05:00,94.92,95.0,94.82,94.91,347
2026-05-08 17:10:00,94.89,95.03,94.8,95.01,338
2026-05-08 17:15:00,95.03,95.04,94.8,94.86,466
2026-05-08 17:20:00,94.86,95.26,94.82,95.08,659
2026-05-08 17:25:00,95.08,95.19,94.97,94.97,409
2026-05-08 17:30:00,94.98,95.12,94.78,95.09,676
2026-05-08 17:35:00,95.06,95.08,94.61,94.71,846
2026-05-08 17:40:00,94.71,95.34,94.71,95.12,1469
2026-05-08 17:45:00,95.13,95.34,95.02,95.09,487
2026-05-08 17:50:00,95.1,95.15,95.01,95.04,385
2026-05-08 17:55:00,95.02,95.18,94.9,95.08,683
2026-05-08 18:00:00,95.16,95.21,94.74,94.78,678
2026-05-08 18:05:00,94.79,94.9,94.63,94.69,615
2026-05-08 18:10:00,94.71,94.9,94.65,94.9,556
2026-05-08 18:15:00,94.91,95.17,94.85,95.1,684
2026-05-08 18:20:00,95.11,95.24,95.04,95.1,441
2026-05-08 18:25:00,95.1,95.63,94.97,95.35,1895
2026-05-08 18:30:00,95.35,95.4,94.56,94.87,3447
2026-05-08 18:35:00,94.88,95.09,94.77,94.86,1336
2026-05-08 18:40:00,94.87,95.26,94.8,94.92,1973
2026-05-08 18:45:00,94.88,95.04,94.65,94.65,1824
2026-05-08 18:50:00,94.65,94.67,94.41,94.5,1945
2026-05-08 18:55:00,94.49,94.5,93.91,94.16,2388
2026-05-08 19:00:00,94.11,94.33,94.01,94.18,1880
2026-05-08 19:05:00,94.16,94.68,94.1,94.66,1542
2026-05-08 19:10:00,94.65,94.86,94.36,94.47,2058
2026-05-08 19:15:00,94.45,94.45,94.09,94.24,2024
2026-05-08 19:20:00,94.23,94.43,94.2,94.25,693
2026-05-08 19:25:00,94.21,94.38,94.21,94.31,732
2026-05-08 19:30:00,94.34,94.73,94.32,94.62,1181
2026-05-08 19:35:00,94.61,95.0,94.52,94.99,1580
2026-05-08 19:40:00,94.96,95.46,94.93,95.17,2360
2026-05-08 19:45:00,95.18,95.57,95.16,95.32,1701
2026-05-08 19:50:00,95.33,95.59,95.3,95.33,1586
2026-05-08 19:55:00,95.33,95.57,95.13,95.55,2309
2026-05-08 20:00:00,95.56,95.85,95.34,95.47,2278
2026-05-08 20:05:00,95.48,95.56,94.8,94.85,2699
2026-05-08 20:10:00,94.84,94.99,94.75,94.94,1538
2026-05-08 20:15:00,94.93,95.17,94.85,95.0,1224
2026-05-08 20:20:00,95.02,95.48,95.02,95.26,1976
2026-05-08 20:25:00,95.27,95.47,95.27,95.4,1190
2026-05-08 20:30:00,95.41,95.49,95.1,95.45,1387
2026-05-08 20:35:00,95.46,95.46,95.15,95.39,1449
2026-05-08 20:40:00,95.39,95.75,95.31,95.57,1787
2026-05-08 20:45:00,95.55,96.12,95.5,95.87,2443
2026-05-08 20:50:00,95.87,95.92,95.52,95.82,1494
2026-05-08 20:55:00,95.8,95.92,95.57,95.62,2373
2026-05-08 21:00:00,95.61,96.11,95.48,95.57,3219
2026-05-08 21:05:00,95.57,95.65,95.2,95.45,2732
2026-05-08 21:10:00,95.48,95.99,95.45,95.97,2013
2026-05-08 21:15:00,95.97,96.05,95.61,95.67,3345
2026-05-08 21:20:00,95.68,96.03,95.6,96.02,1417
2026-05-08 21:25:00,96.01,96.12,95.76,95.81,2271
2026-05-08 21:30:00,95.81,95.89,95.52,95.89,1749
2026-05-08 21:35:00,95.91,95.99,95.45,95.89,2482
2026-05-08 21:40:00,95.89,96.1,95.87,95.91,2023
2026-05-08 21:45:00,95.94,96.0,95.82,95.91,1217
2026-05-08 21:50:00,95.91,95.95,95.73,95.75,1234
2026-05-08 21:55:00,95.77,95.78,95.54,95.63,1138
2026-05-08 22:00:00,95.61,95.82,95.56,95.69,944
2026-05-08 22:05:00,95.72,95.92,95.7,95.88,784
2026-05-08 22:10:00,95.88,96.18,95.86,96.12,1535
2026-05-08 22:15:00,96.13,96.15,95.79,95.83,1098
2026-05-08 22:20:00,95.8,95.98,95.79,95.95,591
2026-05-08 22:25:00,95.94,96.16,95.9,96.13,1548
2026-05-08 22:30:00,96.13,96.16,95.8,95.82,1056
2026-05-08 22:35:00,95.82,96.06,95.78,95.99,1033
2026-05-08 22:40:00,96.01,96.07,95.81,95.84,954
2026-05-08 22:45:00,95.82,95.82,95.64,95.8,883
2026-05-08 22:50:00,95.81,95.9,95.58,95.65,1304
2026-05-08 22:55:00,95.65,95.68,95.31,95.43,1174
2026-05-08 23:00:00,95.43,95.54,95.35,95.46,1235
2026-05-08 23:05:00,95.46,95.6,95.46,95.59,961
2026-05-08 23:10:00,95.58,95.69,95.54,95.67,776
2026-05-08 23:15:00,95.68,95.78,95.59,95.65,1137
2026-05-08 23:20:00,95.65,95.77,95.55,95.55,1084
2026-05-08 23:25:00,95.54,95.54,95.36,95.49,1290
2026-05-08 23:30:00,95.49,95.62,94.59,95.22,4267
2026-05-08 23:35:00,95.24,95.36,95.02,95.29,1521
2026-05-08 23:40:00,95.33,95.39,95.16,95.22,1269
2026-05-08 23:45:00,95.23,95.27,95.01,95.21,1988
2026-05-08 23:50:00,95.23,95.37,95.03,95.24,2830
2026-05-08 23:55:00,95.25,95.6,95.2,95.39,13104
2026-05-09 00:00:00,95.39,95.41,94.83,94.9,2684
2026-05-09 00:05:00,94.91,95.29,94.88,95.14,1278
2026-05-09 00:10:00,95.17,95.45,95.15,95.32,845
2026-05-09 00:15:00,95.31,95.42,95.2,95.31,893
2026-05-09 00:20:00,95.29,95.6,95.26,95.56,709
2026-05-09 00:25:00,95.55,95.81,95.48,95.56,895
2026-05-09 00:30:00,95.56,95.65,95.47,95.58,1025
2026-05-09 00:35:00,95.59,95.62,95.34,95.41,371
2026-05-09 00:40:00,95.46,95.49,95.35,95.43,258
2026-05-09 00:45:00,95.43,95.48,95.36,95.41,215
2026-05-09 00:50:00,95.42,95.46,95.3,95.34,301
2026-05-09 00:55:00,95.35,95.4,95.32,95.38,162
2026-05-09 01:00:00,95.39,95.47,95.3,95.32,245
2026-05-09 01:05:00,95.33,95.37,95.19,95.29,442
2026-05-09 01:10:00,95.3,95.3,94.69,94.88,1571
2026-05-09 01:15:00,94.86,94.99,94.73,94.95,499
2026-05-09 01:20:00,94.94,95.0,94.78,94.8,357
2026-05-09 01:25:00,94.81,94.93,94.75,94.91,613
2026-05-09 01:30:00,94.92,95.05,94.62,94.67,619
2026-05-09 01:35:00,94.65,94.79,94.64,94.77,231
2026-05-09 01:40:00,94.79,94.98,94.78,94.94,246
2026-05-09 01:45:00,94.93,94.95,94.84,94.88,157
2026-05-09 01:50:00,94.89,94.92,94.78,94.8,106
2026-05-09 01:55:00,94.8,94.87,94.8,94.85,63
2026-05-09 02:00:00,94.87,94.88,94.63,94.68,173
2026-05-09 02:05:00,94.67,94.69,94.57,94.64,127
2026-05-09 02:10:00,94.65,94.66,94.52,94.57,175
2026-05-09 02:15:00,94.57,94.6,94.41,94.48,267
2026-05-09 02:20:00,94.49,94.76,94.49,94.71,344
2026-05-09 02:25:00,94.72,95.42,94.6,95.42,501
2026-05-11 03:40:00,97.97,98.01,97.65,97.76,462
2026-05-11 03:45:00,97.8,98.18,97.71,97.99,774
2026-05-11 03:50:00,98.0,98.07,97.92,97.98,205
2026-05-11 03:55:00,97.96,98.0,97.88,97.91,168
2026-05-11 04:00:00,97.89,98.02,97.84,97.95,293
2026-05-11 04:05:00,97.97,98.05,97.91,98.04,228
2026-05-11 04:10:00,98.04,98.1,98.0,98.06,421
2026-05-11 04:15:00,98.05,98.18,97.99,98.1,739
2026-05-11 04:20:00,98.09,98.41,98.08,98.4,473
2026-05-11 04:25:00,98.39,98.42,98.24,98.29,212
2026-05-11 04:30:00,98.31,98.47,98.3,98.39,238
2026-05-11 04:35:00,98.39,98.39,98.21,98.26,225
2026-05-11 04:40:00,98.27,98.33,98.25,98.32,122
2026-05-11 04:45:00,98.32,98.32,98.19,98.29,171
2026-05-11 04:50:00,98.27,98.3,98.19,98.21,210
2026-05-11 04:55:00,98.23,98.36,98.21,98.35,117
2026-05-11 05:00:00,98.35,98.51,98.32,98.47,261
2026-05-11 05:05:00,98.48,98.55,98.4,98.42,331
2026-05-11 05:10:00,98.42,98.44,98.33,98.4,154
2026-05-11 05:15:00,98.37,98.39,98.26,98.31,304
2026-05-11 05:20:00,98.31,98.55,98.3,98.51,277
2026-05-11 05:25:00,98.49,98.92,98.47,98.87,484
2026-05-11 05:30:00,98.86,98.91,98.72,98.76,473
2026-05-11 05:35:00,98.75,98.75,98.54,98.61,351
2026-05-11 05:40:00,98.61,98.7,98.54,98.66,365
2026-05-11 05:45:00,98.66,98.66,98.5,98.63,290
2026-05-11 05:50:00,98.63,98.65,98.51,98.58,187
2026-05-11 05:55:00,98.6,98.67,98.55,98.61,156
2026-05-11 06:00:00,98.62,98.86,98.62,98.83,227
2026-05-11 06:05:00,98.84,98.91,98.78,98.91,168
2026-05-11 06:10:00,98.9,99.19,98.89,99.14,391
2026-05-11 06:15:00,99.14,99.37,99.03,99.29,757
2026-05-11 06:20:00,99.29,99.91,99.2,99.36,1894
2026-05-11 06:25:00,99.36,99.58,99.14,99.25,1034
2026-05-11 06:30:00,99.23,99.31,98.87,99.02,1448
2026-05-11 06:35:00,99.02,99.09,98.84,99.01,873
2026-05-11 06:40:00,99.05,99.28,98.93,98.96,578
2026-05-11 06:45:00,98.96,99.03,98.84,98.87,235
2026-05-11 06:50:00,98.89,98.97,98.84,98.88,253
2026-05-11 06:55:00,98.9,99.06,98.89,99.02,290
2026-05-11 07:00:00,99.04,99.22,99.04,99.16,428
2026-05-11 07:05:00,99.18,99.37,99.11,99.35,464
2026-05-11 07:10:00,99.34,99.36,99.13,99.16,172
2026-05-11 07:15:00,99.18,99.19,98.94,99.06,230
2026-05-11 07:20:00,99.09,99.14,98.94,99.03,209
2026-05-11 07:25:00,99.04,99.06,98.95,98.98,148
2026-05-11 07:30:00,99.02,99.12,98.99,99.03,242
2026-05-11 07:35:00,99.04,99.09,98.99,98.99,101
2026-05-11 07:40:00,98.97,99.07,98.88,98.99,276
2026-05-11 07:45:00,99.01,99.06,98.98,99.02,122
2026-05-11 07:50:00,99.04,99.07,98.95,98.99,105
2026-05-11 07:55:00,98.97,99.12,98.96,99.11,139
2026-05-11 08:00:00,99.1,99.25,99.05,99.21,247
2026-05-11 08:05:00,99.22,99.25,99.15,99.18,225
2026-05-11 08:10:00,99.2,99.49,99.2,99.44,660
2026-05-11 08:15:00,99.43,99.87,99.4,99.67,1146
2026-05-11 08:20:00,99.68,99.73,99.54,99.54,305
2026-05-11 08:25:00,99.55,99.83,99.53,99.81,283
2026-05-11 08:30:00,99.81,100.31,99.79,100.04,1227
2026-05-11 08:35:00,100.02,100.03,99.87,99.91,371
2026-05-11 08:40:00,99.92,99.99,99.82,99.85,406
2026-05-11 08:45:00,99.82,99.94,99.7,99.92,329
2026-05-11 08:50:00,99.91,99.97,99.87,99.9,201
2026-05-11 08:55:00,99.88,99.93,99.83,99.84,145
2026-05-11 09:00:00,99.85,99.86,99.69,99.82,204
2026-05-11 09:05:00,99.8,99.86,99.78,99.81,62
2026-05-11 09:10:00,99.8,99.81,99.7,99.79,134
2026-05-11 09:15:00,99.79,99.79,99.68,99.74,147
2026-05-11 09:20:00,99.75,99.93,99.75,99.89,136
2026-05-11 09:25:00,99.92,99.99,99.89,99.94,226
2026-05-11 09:30:00,99.95,100.26,99.94,100.16,463
2026-05-11 09:35:00,100.16,100.26,100.13,100.24,147
2026-05-11 09:40:00,100.24,100.28,100.18,100.18,169
2026-05-11 09:45:00,100.18,100.2,100.15,100.17,86
2026-05-11 09:50:00,100.15,100.15,100.07,100.09,96
2026-05-11 09:55:00,100.11,100.16,100.05,100.1,152
2026-05-11 10:00:00,100.1,100.19,100.05,100.16,147
2026-05-11 10:05:00,100.17,100.17,100.1,100.12,52
2026-05-11 10:10:00,100.12,100.16,100.11,100.16,63
2026-05-11 10:15:00,100.18,100.21,100.12,100.13,72
2026-05-11 10:20:00,100.12,100.22,100.09,100.21,81
2026-05-11 10:25:00,100.23,100.37,100.17,100.3,223
2026-05-11 10:30:00,100.29,100.34,99.93,99.96,403
2026-05-11 10:35:00,99.97,100.17,99.91,100.04,319
2026-05-11 10:40:00,100.03,100.08,99.84,99.94,236
2026-05-11 10:45:00,99.92,100.2,99.91,100.12,182
2026-05-11 10:50:00,100.13,100.14,99.97,100.01,146
2026-05-11 10:55:00,100.04,100.07,99.92,100.0,160
2026-05-11 11:00:00,100.01,100.14,99.8,99.82,188
2026-05-11 11:05:00,99.81,99.95,99.8,99.92,236
2026-05-11 11:10:00,99.91,99.91,99.76,99.82,106
2026-05-11 11:15:00,99.82,99.95,99.81,99.91,173
2026-05-11 11:20:00,99.87,99.87,99.62,99.68,199
2026-05-11 11:25:00,99.7,99.82,99.7,99.77,191
2026-05-11 11:30:00,99.77,99.86,99.7,99.75,242
2026-05-11 11:35:00,99.75,99.8,99.71,99.74,116
2026-05-11 11:40:00,99.75,99.89,99.74,99.89,260
2026-05-11 11:45:00,99.88,100.08,99.86,100.0,398
2026-05-11 11:50:00,100.02,100.13,99.89,99.9,222
2026-05-11 11:55:00,99.91,99.93,99.78,99.85,185
2026-05-11 12:00:00,99.84,99.85,99.36,99.57,636
2026-05-11 12:05:00,99.59,99.67,99.39,99.49,215
2026-05-11 12:10:00,99.48,99.48,98.9,99.05,785
2026-05-11 12:15:00,99.03,99.2,99.01,99.08,523
2026-05-11 12:20:00,99.11,99.14,98.9,99.05,602
2026-05-11 12:25:00,99.06,99.12,98.9,99.03,398
2026-05-11 12:30:00,99.01,99.14,98.71,98.84,821
2026-05-11 12:35:00,98.85,99.32,98.83,99.23,827
2026-05-11 12:40:00,99.21,99.25,98.91,99.19,513
2026-05-11 12:45:00,99.14,99.15,98.9,98.98,451
2026-05-11 12:50:00,99.0,99.07,98.93,98.97,279
2026-05-11 12:55:00,98.97,99.02,98.88,98.97,215
2026-05-11 13:00:00,98.96,99.02,98.85,98.97,506
2026-05-11 13:05:00,98.97,99.11,98.72,98.78,544
2026-05-11 13:10:00,98.78,98.86,98.65,98.78,358
2026-05-11 13:15:00,98.77,98.97,98.72,98.89,295
2026-05-11 13:20:00,98.89,98.94,98.76,98.85,283
2026-05-11 13:25:00,98.84,98.85,98.24,98.3,893
2026-05-11 13:30:00,98.28,98.44,98.13,98.2,736
2026-05-11 13:35:00,98.2,98.22,97.7,97.97,1312
2026-05-11 13:40:00,97.96,97.97,97.1,97.37,1641
2026-05-11 13:45:00,97.35,97.36,97.0,97.22,817
2026-05-11 13:50:00,97.23,97.56,96.92,97.34,1434
2026-05-11 13:55:00,97.32,97.61,97.25,97.55,1317
2026-05-11 14:00:00,97.55,97.66,97.35,97.43,830
2026-05-11 14:05:00,97.42,97.7,97.34,97.67,535
2026-05-11 14:10:00,97.67,97.67,97.54,97.6,379
2026-05-11 14:15:00,97.61,97.63,97.47,97.53,345
2026-05-11 14:20:00,97.52,97.67,97.5,97.59,386
2026-05-11 14:25:00,97.59,97.63,97.4,97.59,399
2026-05-11 14:30:00,97.62,97.87,97.53,97.66,512
2026-05-11 14:35:00,97.66,97.75,97.5,97.54,325
2026-05-11 14:40:00,97.51,97.63,97.41,97.56,329
2026-05-11 14:45:00,97.56,97.57,97.37,97.44,220
2026-05-11 14:50:00,97.45,97.53,97.4,97.53,194
2026-05-11 14:55:00,97.55,97.67,97.51,97.67,241
2026-05-11 15:00:00,97.66,97.72,97.6,97.63,224
2026-05-11 15:05:00,97.64,97.65,97.53,97.61,307
2026-05-11 15:10:00,97.61,97.64,97.47,97.63,185
2026-05-11 15:15:00,97.63,97.84,97.57,97.8,351
2026-05-11 15:20:00,97.79,97.79,97.56,97.59,499
2026-05-11 15:25:00,97.61,98.11,97.6,98.09,713
2026-05-11 15:30:00,98.08,98.11,97.76,97.94,454
2026-05-11 15:35:00,97.96,98.05,97.62,97.62,481
2026-05-11 15:40:00,97.61,97.65,97.34,97.58,765
2026-05-11 15:45:00,97.58,97.65,97.45,97.51,338
2026-05-11 15:50:00,97.48,97.5,97.28,97.39,337
2026-05-11 15:55:00,97.38,97.69,97.37,97.69,359
2026-05-11 16:00:00,97.68,97.71,97.48,97.54,176
2026-05-11 16:05:00,97.52,97.74,97.5,97.71,159
2026-05-11 16:10:00,97.7,97.84,97.67,97.77,284
2026-05-11 16:15:00,97.77,98.0,97.63,97.74,261
2026-05-11 16:20:00,97.72,97.89,97.64,97.82,145
2026-05-11 16:25:00,97.8,98.03,97.79,98.02,284
2026-05-11 16:30:00,98.03,98.06,97.88,97.97,339
2026-05-11 16:35:00,97.98,98.02,97.9,97.9,184
2026-05-11 16:40:00,97.9,98.01,97.83,97.88,240
2026-05-11 16:45:00,97.89,98.06,97.89,98.04,186
2026-05-11 16:50:00,98.04,98.04,97.89,98.0,257
2026-05-11 16:55:00,98.0,98.03,97.87,97.91,172
2026-05-11 17:00:00,97.94,97.94,97.71,97.76,325
2026-05-11 17:05:00,97.74,97.89,97.72,97.84,222
2026-05-11 17:10:00,97.85,97.92,97.74,97.9,166
2026-05-11 17:15:00,97.88,98.04,97.87,98.01,333
2026-05-11 17:20:00,98.0,98.58,98.0,98.52,956
2026-05-11 17:25:00,98.53,98.54,98.25,98.32,513
2026-05-11 17:30:00,98.32,98.7,98.32,98.62,685
2026-05-11 17:35:00,98.61,98.65,98.45,98.5,271
2026-05-11 17:40:00,98.49,98.6,98.46,98.56,356
2026-05-11 17:45:00,98.54,98.6,98.25,98.33,698
2026-05-11 17:50:00,98.33,98.33,97.85,97.93,997
2026-05-11 17:55:00,97.94,98.21,97.48,97.54,1500
2026-05-11 18:00:00,97.56,97.65,96.59,97.24,2988
2026-05-11 18:05:00,97.23,97.55,97.02,97.52,1046
2026-05-11 18:10:00,97.52,97.85,97.46,97.82,832
2026-05-11 18:15:00,97.83,98.68,97.61,98.15,3064
2026-05-11 18:20:00,98.12,98.47,98.11,98.27,1155
2026-05-11 18:25:00,98.26,98.43,98.04,98.08,772
2026-05-11 18:30:00,98.08,98.12,97.07,97.11,3437
2026-05-11 18:35:00,97.09,97.19,96.59,96.76,1950
2026-05-11 18:40:00,96.77,97.06,96.7,96.79,1663
2026-05-11 18:45:00,96.8,97.02,96.64,96.77,1169
2026-05-11 18:50:00,96.75,96.96,96.64,96.65,1082
2026-05-11 18:55:00,96.66,96.86,96.4,96.85,1595
2026-05-11 19:00:00,96.84,97.06,96.74,97.01,1406
2026-05-11 19:05:00,97.0,97.28,96.84,96.9,1842
2026-05-11 19:10:00,96.89,96.95,96.45,96.52,3145
2026-05-11 19:15:00,96.54,96.57,96.13,96.33,3423
2026-05-11 19:20:00,96.31,96.39,96.14,96.25,1898
2026-05-11 19:25:00,96.26,96.66,96.22,96.62,1499
2026-05-11 19:30:00,96.64,96.94,96.56,96.92,1364
2026-05-11 19:35:00,96.92,96.99,96.75,96.95,977
2026-05-11 19:40:00,96.94,97.15,96.88,96.99,1119
2026-05-11 19:45:00,96.97,96.99,96.78,96.85,930
2026-05-11 19:50:00,96.84,97.02,96.74,96.99,1159
2026-05-11 19:55:00,97.0,97.32,96.92,97.28,1628
2026-05-11 20:00:00,97.28,97.96,97.17,97.52,3672
2026-05-11 20:05:00,97.51,97.71,97.33,97.42,1670
2026-05-11 20:10:00,97.42,97.43,97.12,97.22,1704
2026-05-11 20:15:00,97.22,97.68,97.14,97.51,2125
2026-05-11 20:20:00,97.52,97.69,97.46,97.63,1455
2026-05-11 20:25:00,97.63,97.75,97.61,97.69,1110
2026-05-11 20:30:00,97.67,97.71,97.49,97.69,1544
2026-05-11 20:35:00,97.7,97.76,97.45,97.48,1193
2026-05-11 20:40:00,97.48,97.79,97.41,97.75,1858
2026-05-11 20:45:00,97.74,97.92,97.36,97.48,1448
2026-05-11 20:50:00,97.49,97.5,97.21,97.27,782
2026-05-11 20:55:00,97.28,97.61,97.26,97.5,1234
2026-05-11 21:00:00,97.5,97.58,97.19,97.32,1415
2026-05-11 21:05:00,97.32,97.68,97.3,97.6,1916
2026-05-11 21:10:00,97.59,98.17,97.53,98.0,2169
2026-05-11 21:15:00,97.98,98.3,97.79,97.84,3512
2026-05-11 21:20:00,97.84,98.04,97.66,97.72,1244
2026-05-11 21:25:00,97.72,97.91,97.61,97.87,1039
2026-05-11 21:30:00,97.88,98.07,97.85,98.01,1382
2026-05-11 21:35:00,98.01,98.23,97.98,98.23,911
2026-05-11 21:40:00,98.22,98.41,98.17,98.35,1450
2026-05-11 21:45:00,98.35,98.6,98.32,98.55,1510
2026-05-11 21:50:00,98.54,98.8,98.51,98.57,1667
2026-05-11 21:55:00,98.57,98.77,98.55,98.72,916
2026-05-11 22:00:00,98.73,98.83,98.63,98.79,1021
2026-05-11 22:05:00,98.79,99.08,98.78,98.93,1768
2026-05-11 22:10:00,98.94,99.84,98.87,99.7,4702
2026-05-11 22:15:00,99.7,99.76,99.44,99.54,1779
2026-05-11 22:20:00,99.54,99.77,99.41,99.5,1824
2026-05-11 22:25:00,99.52,99.6,99.25,99.26,1172
2026-05-11 22:30:00,99.26,99.26,98.82,99.01,1531
2026-05-11 22:35:00,99.04,99.12,98.91,98.96,907
2026-05-11 22:40:00,98.96,99.12,98.93,98.96,702
2026-05-11 22:45:00,98.95,99.03,98.72,98.92,1486
2026-05-11 22:50:00,98.91,98.91,98.57,98.61,1000
2026-05-11 22:55:00,98.61,98.64,98.4,98.64,1179
2026-05-11 23:00:00,98.63,98.68,98.3,98.32,1175
2026-05-11 23:05:00,98.3,98.41,98.13,98.25,1350
2026-05-11 23:10:00,98.26,98.28,98.11,98.18,985
2026-05-11 23:15:00,98.17,98.37,98.12,98.36,1283
2026-05-11 23:20:00,98.35,98.51,98.28,98.43,1223
2026-05-11 23:25:00,98.45,98.45,98.32,98.34,888
2026-05-11 23:30:00,98.36,98.43,97.82,98.06,2440
2026-05-11 23:35:00,98.06,98.14,97.9,97.96,1434
2026-05-11 23:40:00,97.95,98.68,97.9,98.55,2197
2026-05-11 23:45:00,98.54,98.89,98.46,98.78,2485
2026-05-11 23:50:00,98.76,98.9,98.42,98.55,3264
2026-05-11 23:55:00,98.56,98.57,97.98,98.07,14318
2026-05-12 00:00:00,98.08,98.14,97.93,98.1,2590
2026-05-12 00:05:00,98.1,98.29,98.07,98.24,742
2026-05-12 00:10:00,98.22,98.24,98.12,98.18,553
2026-05-12 00:15:00,98.18,98.25,97.89,97.93,1141
2026-05-12 00:20:00,97.92,98.09,97.89,98.02,550
2026-05-12 00:25:00,98.02,98.16,97.98,98.13,447
2026-05-12 00:30:00,98.12,98.16,98.01,98.04,380
2026-05-12 00:35:00,98.05,98.06,97.93,98.0,360
2026-05-12 00:40:00,97.99,97.99,97.84,97.92,915
2026-05-12 00:45:00,97.93,97.95,97.84,97.94,225
2026-05-12 00:50:00,97.92,97.99,97.9,97.94,258
2026-05-12 00:55:00,97.93,98.04,97.92,98.03,222
2026-05-12 01:00:00,98.03,98.2,98.01,98.13,536
2026-05-12 01:05:00,98.13,98.14,97.94,97.95,337
2026-05-12 01:10:00,97.95,98.03,97.92,98.02,262
2026-05-12 01:15:00,98.02,98.11,98.02,98.1,298
2026-05-12 01:20:00,98.08,98.28,98.08,98.24,430
2026-05-12 01:25:00,98.22,98.5,98.17,98.33,972
2026-05-12 01:30:00,98.31,98.31,98.17,98.27,243
2026-05-12 01:35:00,98.27,98.35,98.23,98.31,102
2026-05-12 01:40:00,98.31,98.98,98.31,98.68,2364
2026-05-12 01:45:00,98.68,98.68,98.37,98.56,582
2026-05-12 01:50:00,98.58,98.6,98.42,98.45,228
2026-05-12 01:55:00,98.45,98.47,98.23,98.26,230
2026-05-12 02:00:00,98.29,98.3,98.19,98.28,281
2026-05-12 02:05:00,98.27,98.33,98.25,98.3,161
2026-05-12 02:10:00,98.31,98.32,98.28,98.32,151
2026-05-12 02:15:00,98.31,98.39,98.3,98.38,385
2026-05-12 02:20:00,98.36,98.51,98.35,98.42,270
2026-05-12 02:25:00,98.4,98.47,98.25,98.25,285
2026-05-12 03:30:00,98.39,98.45,98.02,98.23,0
2026-05-12 03:35:00,98.14,98.19,98.08,98.12,53
2026-05-12 03:40:00,98.16,98.19,98.1,98.13,27
2026-05-12 03:45:00,98.09,98.17,98.08,98.17,43
2026-05-12 03:50:00,98.18,98.18,98.14,98.18,32
2026-05-12 03:55:00,98.18,98.18,98.13,98.14,11
2026-05-12 04:00:00,98.15,98.27,98.15,98.22,249
2026-05-12 04:05:00,98.24,98.27,98.21,98.21,131
2026-05-12 04:10:00,98.21,98.21,98.04,98.16,36
2026-05-12 04:15:00,98.17,98.18,98.12,98.15,15
2026-05-12 04:20:00,98.16,98.18,98.12,98.15,23
2026-05-12 04:25:00,98.18,98.24,98.17,98.24,30
2026-05-12 04:30:00,98.24,98.28,98.2,98.2,26
2026-05-12 04:35:00,98.18,98.21,98.15,98.19,30
2026-05-12 04:40:00,98.19,98.25,98.19,98.19,39
2026-05-12 04:45:00,98.19,98.24,98.19,98.22,22
2026-05-12 04:50:00,98.21,98.23,98.18,98.18,19
2026-05-12 04:55:00,98.18,98.2,98.17,98.2,14
2026-05-12 05:00:00,98.18,98.19,98.15,98.15,19
2026-05-12 05:05:00,98.14,98.16,98.1,98.13,77
2026-05-12 05:10:00,98.13,98.15,98.11,98.12,27
2026-05-12 05:15:00,98.1,98.13,98.01,98.06,84
2026-05-12 05:20:00,98.07,98.11,98.06,98.09,46
2026-05-12 05:25:00,98.09,98.11,98.0,98.11,70
2026-05-12 05:30:00,98.12,98.43,98.12,98.4,542
2026-05-12 05:35:00,98.38,98.38,98.17,98.19,147
2026-05-12 05:40:00,98.18,98.28,98.16,98.2,85
2026-05-12 05:45:00,98.22,98.25,98.1,98.14,71
2026-05-12 05:50:00,98.13,98.43,98.12,98.35,185
2026-05-12 05:55:00,98.36,98.48,98.34,98.45,293
2026-05-12 06:00:00,98.44,98.49,98.32,98.47,142
2026-05-12 06:05:00,98.49,98.66,98.42,98.55,401
2026-05-12 06:10:00,98.59,98.71,98.53,98.69,287
2026-05-12 06:15:00,98.68,98.71,98.58,98.65,213
2026-05-12 06:20:00,98.66,98.72,98.58,98.64,212
2026-05-12 06:25:00,98.63,98.79,98.56,98.73,299
2026-05-12 06:30:00,98.71,98.73,98.46,98.55,301
2026-05-12 06:35:00,98.59,98.59,98.36,98.46,109
2026-05-12 06:40:00,98.46,98.65,98.44,98.63,147
2026-05-12 06:45:00,98.64,98.77,98.63,98.65,125
2026-05-12 06:50:00,98.64,98.72,98.61,98.72,69
2026-05-12 06:55:00,98.72,98.9,98.72,98.8,198
2026-05-12 07:00:00,98.83,98.87,98.76,98.77,95
2026-05-12 07:05:00,98.79,98.81,98.72,98.76,113
2026-05-12 07:10:00,98.77,99.14,98.76,99.08,530
2026-05-12 07:15:00,99.06,99.08,98.82,98.85,270
2026-05-12 07:20:00,98.85,99.01,98.8,98.97,248
2026-05-12 07:25:00,98.99,99.06,98.98,99.04,139
2026-05-12 07:30:00,99.05,99.15,98.98,99.11,200
2026-05-12 07:35:00,99.12,99.24,99.1,99.14,290
2026-05-12 07:40:00,99.12,99.12,98.93,98.94,251
2026-05-12 07:45:00,98.93,99.28,98.93,99.24,377
2026-05-12 07:50:00,99.24,99.25,99.16,99.19,63
2026-05-12 07:55:00,99.2,99.2,99.09,99.12,66
2026-05-12 08:00:00,99.13,99.18,99.1,99.15,155
2026-05-12 08:05:00,99.15,99.2,99.14,99.16,92
2026-05-12 08:10:00,99.18,99.22,99.15,99.17,62
2026-05-12 08:15:00,99.16,99.16,99.03,99.08,154
2026-05-12 08:20:00,99.06,99.1,99.02,99.02,65
2026-05-12 08:25:00,99.04,99.05,98.95,98.97,138
2026-05-12 08:30:00,99.0,99.06,98.95,99.05,174
2026-05-12 08:35:00,99.06,99.09,99.03,99.03,42
2026-05-12 08:40:00,99.03,99.09,99.03,99.05,47
2026-05-12 08:45:00,99.03,99.04,98.98,99.0,38
2026-05-12 08:50:00,99.0,99.05,98.99,99.03,61
2026-05-12 08:55:00,99.03,99.06,99.01,99.05,74
2026-05-12 09:00:00,99.04,99.04,98.97,98.98,118
2026-05-12 09:05:00,98.97,98.99,98.83,98.84,326
2026-05-12 09:10:00,98.85,98.94,98.83,98.92,71
2026-05-12 09:15:00,98.93,99.02,98.93,98.98,71
2026-05-12 09:20:00,98.97,99.21,98.97,99.14,301
2026-05-12 09:25:00,99.16,99.2,99.16,99.18,30
2026-05-12 09:30:00,99.14,99.17,99.1,99.11,72
2026-05-12 09:35:00,99.11,99.12,99.04,99.06,83
2026-05-12 09:40:00,99.07,99.09,99.06,99.09,22
2026-05-12 09:45:00,99.09,99.09,98.67,98.86,476
2026-05-12 09:50:00,98.86,98.99,98.82,98.94,88
2026-05-12 09:55:00,98.94,98.96,98.89,98.96,33
2026-05-12 10:00:00,98.96,98.99,98.88,98.88,32
2026-05-12 10:05:00,98.87,98.87,98.76,98.82,165
2026-05-12 10:10:00,98.83,98.89,98.8,98.85,46
2026-05-12 10:15:00,98.85,98.89,98.85,98.87,28
2026-05-12 10:20:00,98.89,98.95,98.84,98.91,47
2026-05-12 10:25:00,98.94,99.03,98.87,99.02,55
2026-05-12 10:30:00,99.04,99.04,98.84,98.86,81
2026-05-12 10:35:00,98.83,98.96,98.82,98.91,44
2026-05-12 10:40:00,98.92,99.03,98.91,98.97,39
2026-05-12 10:45:00,99.0,99.04,98.97,99.0,52
2026-05-12 10:50:00,99.0,99.0,98.92,98.93,35
2026-05-12 10:55:00,98.93,98.96,98.9,98.96,26
2026-05-12 11:00:00,98.96,98.96,98.83,98.93,109
2026-05-12 11:05:00,98.92,99.08,98.9,99.05,80
2026-05-12 11:10:00,99.08,99.22,99.08,99.2,126
2026-05-12 11:15:00,99.2,99.24,99.11,99.23,106
2026-05-12 11:20:00,99.22,99.52,99.22,99.47,757
2026-05-12 11:25:00,99.46,99.46,99.17,99.2,210
2026-05-12 11:30:00,99.22,99.45,99.19,99.44,467
2026-05-12 11:35:00,99.45,99.79,99.43,99.72,1205
2026-05-12 11:40:00,99.7,99.74,99.61,99.64,471
2026-05-12 11:45:00,99.64,99.64,99.45,99.52,540
2026-05-12 11:50:00,99.53,99.56,99.39,99.48,350
2026-05-12 11:55:00,99.5,99.51,99.43,99.46,113
2026-05-12 12:00:00,99.47,99.63,99.41,99.58,190
2026-05-12 12:05:00,99.58,100.16,99.54,99.94,1167
2026-05-12 12:10:00,99.94,100.08,99.87,99.9,419
2026-05-12 12:15:00,99.89,100.19,99.88,100.17,442
2026-05-12 12:20:00,100.16,100.71,100.16,100.61,1762
2026-05-12 12:25:00,100.58,100.66,100.5,100.52,386
2026-05-12 12:30:00,100.54,100.64,100.41,100.47,587
2026-05-12 12:35:00,100.46,100.68,100.44,100.44,399
2026-05-12 12:40:00,100.46,100.67,100.25,100.53,622
2026-05-12 12:45:00,100.56,100.65,100.39,100.43,473
2026-05-12 12:50:00,100.43,100.48,100.31,100.41,293
2026-05-12 12:55:00,100.41,100.47,100.34,100.37,246
2026-05-12 13:00:00,100.35,100.57,100.34,100.38,257
2026-05-12 13:05:00,100.39,100.53,100.3,100.42,454
2026-05-12 13:10:00,100.43,100.53,100.36,100.5,182
2026-05-12 13:15:00,100.48,100.58,100.41,100.46,209
2026-05-12 13:20:00,100.45,100.64,100.4,100.55,783
2026-05-12 13:25:00,100.55,100.71,100.54,100.67,315
2026-05-12 13:30:00,100.66,101.12,100.6,100.98,1441
2026-05-12 13:35:00,100.97,101.06,100.93,101.04,450
2026-05-12 13:40:00,101.04,101.24,101.01,101.19,508
2026-05-12 13:45:00,101.2,101.47,101.18,101.28,1109
2026-05-12 13:50:00,101.27,101.28,100.79,100.97,763
2026-05-12 13:55:00,100.97,101.23,100.91,101.18,747
2026-05-12 14:00:00,101.18,101.18,100.92,100.99,515
2026-05-12 14:05:00,101.01,101.16,101.0,101.04,243
2026-05-12 14:10:00,101.04,101.31,101.03,101.16,373
2026-05-12 14:15:00,101.16,101.16,100.91,100.99,299
2026-05-12 14:20:00,100.95,100.98,100.85,100.93,283
2026-05-12 14:25:00,100.95,100.97,100.81,100.9,366
2026-05-12 14:30:00,100.92,101.06,100.86,101.02,286
2026-05-12 14:35:00,101.01,101.37,100.96,101.27,521
2026-05-12 14:40:00,101.25,101.45,101.15,101.32,1492
2026-05-12 14:45:00,101.28,101.69,101.26,101.65,544
2026-05-12 14:50:00,101.67,101.76,101.43,101.45,629
2026-05-12 14:55:00,101.49,101.61,101.44,101.47,248
2026-05-12 15:00:00,101.48,101.48,100.97,101.21,1064
2026-05-12 15:05:00,101.22,101.45,101.14,101.29,345
2026-05-12 15:10:00,101.28,101.37,101.23,101.3,242
2026-05-12 15:15:00,101.31,101.31,101.17,101.19,266
2026-05-12 15:20:00,101.19,101.22,101.03,101.14,605
2026-05-12 15:25:00,101.16,101.17,101.06,101.09,209
2026-05-12 15:30:00,101.08,101.18,101.0,101.08,673
2026-05-12 15:35:00,101.06,101.07,100.91,101.0,433
2026-05-12 15:40:00,101.01,101.06,100.82,101.0,378
2026-05-12 15:45:00,100.99,101.27,100.96,101.26,439
2026-05-12 15:50:00,101.24,101.27,101.02,101.17,304
2026-05-12 15:55:00,101.16,101.25,101.1,101.11,255
2026-05-12 16:00:00,101.12,101.43,101.06,101.36,514
2026-05-12 16:05:00,101.36,101.66,101.29,101.62,283
2026-05-12 16:10:00,101.62,101.69,101.51,101.61,661
2026-05-12 16:15:00,101.61,101.91,101.58,101.8,892
2026-05-12 16:20:00,101.81,101.97,101.74,101.92,490
2026-05-12 16:25:00,101.9,101.9,101.61,101.67,432
2026-05-12 16:30:00,101.66,102.05,101.66,101.87,673
2026-05-12 16:35:00,101.9,102.02,101.49,101.49,529
2026-05-12 16:40:00,101.53,101.54,101.15,101.43,1462
2026-05-12 16:45:00,101.43,101.45,101.22,101.24,299
2026-05-12 16:50:00,101.23,101.39,101.23,101.31,405
2026-05-12 16:55:00,101.32,101.32,101.21,101.24,245
2026-05-12 17:00:00,101.25,101.49,101.15,101.45,579
2026-05-12 17:05:00,101.43,101.5,101.3,101.31,309
2026-05-12 17:10:00,101.29,101.37,101.22,101.28,375
2026-05-12 17:15:00,101.28,101.45,101.26,101.36,342
2026-05-12 17:20:00,101.38,101.47,101.27,101.4,375
2026-05-12 17:25:00,101.4,101.46,101.27,101.27,570
2026-05-12 17:30:00,101.28,101.45,101.25,101.34,847
2026-05-12 17:35:00,101.32,101.67,101.16,101.6,1132
2026-05-12 17:40:00,101.6,101.62,101.32,101.46,1061
2026-05-12 17:45:00,101.47,101.62,101.34,101.54,925
2026-05-12 17:50:00,101.55,101.74,101.51,101.74,869
2026-05-12 17:55:00,101.75,101.76,101.43,101.54,857
2026-05-12 18:00:00,101.56,101.61,101.46,101.53,418
2026-05-12 18:05:00,101.52,101.61,101.12,101.26,753
2026-05-12 18:10:00,101.25,101.31,101.08,101.27,823
2026-05-12 18:15:00,101.27,101.27,101.0,101.07,1536
2026-05-12 18:20:00,101.08,101.11,100.6,100.85,2021
2026-05-12 18:25:00,100.85,100.94,100.67,100.77,1056
2026-05-12 18:30:00,100.76,101.37,100.67,101.3,2545
2026-05-12 18:35:00,101.28,101.49,101.13,101.3,1528
2026-05-12 18:40:00,101.29,101.4,101.22,101.26,823
2026-05-12 18:45:00,101.29,101.35,101.2,101.28,607
2026-05-12 18:50:00,101.27,101.41,101.22,101.38,1202
2026-05-12 18:55:00,101.39,101.68,101.33,101.65,1165
2026-05-12 19:00:00,101.67,101.91,101.52,101.74,2175
2026-05-12 19:05:00,101.75,102.13,101.47,101.52,2498
2026-05-12 19:10:00,101.52,101.57,101.29,101.51,1536
2026-05-12 19:15:00,101.52,101.64,101.39,101.59,994
2026-05-12 19:20:00,101.6,101.76,101.54,101.72,1160
2026-05-12 19:25:00,101.74,101.84,101.66,101.77,1063
2026-05-12 19:30:00,101.77,101.81,101.46,101.59,1437
2026-05-12 19:35:00,101.61,101.79,101.47,101.63,1042
2026-05-12 19:40:00,101.65,101.76,101.38,101.46,1024
2026-05-12 19:45:00,101.47,101.7,101.38,101.57,1251
2026-05-12 19:50:00,101.58,101.69,101.43,101.66,1291
2026-05-12 19:55:00,101.66,101.98,101.55,101.97,1737
2026-05-12 20:00:00,101.94,102.18,101.9,101.92,2169
2026-05-12 20:05:00,101.92,102.03,101.83,101.84,1046
2026-05-12 20:10:00,101.84,101.88,101.5,101.55,1693
2026-05-12 20:15:00,101.55,101.77,101.5,101.74,1346
2026-05-12 20:20:00,101.75,101.98,101.72,101.91,1398
2026-05-12 20:25:00,101.92,102.07,101.9,101.94,1660
2026-05-12 20:30:00,101.94,102.15,101.86,102.04,1352
2026-05-12 20:35:00,102.04,102.19,101.67,101.67,2764
2026-05-12 20:40:00,101.67,101.82,101.59,101.8,1427
2026-05-12 20:45:00,101.82,101.96,101.73,101.79,1246
2026-05-12 20:50:00,101.8,102.2,101.75,102.18,1916
2026-05-12 20:55:00,102.18,102.24,101.88,101.92,2080
2026-05-12 21:00:00,101.91,101.95,101.49,101.53,2142
2026-05-12 21:05:00,101.54,101.73,101.44,101.54,1706
2026-05-12 21:10:00,101.55,101.55,101.21,101.28,1397
2026-05-12 21:15:00,101.28,101.52,101.16,101.45,1241
2026-05-12 21:20:00,101.47,101.65,101.38,101.39,997
2026-05-12 21:25:00,101.42,101.56,101.42,101.5,1253
2026-05-12 21:30:00,101.48,101.68,101.47,101.48,1209
2026-05-12 21:35:00,101.47,101.64,101.45,101.57,791
2026-05-12 21:40:00,101.57,101.58,101.25,101.28,1029
2026-05-12 21:45:00,101.29,101.39,101.22,101.34,850
2026-05-12 21:50:00,101.34,101.61,101.33,101.55,1101
2026-05-12 21:55:00,101.53,101.75,101.52,101.71,1239
2026-05-12 22:00:00,101.7,101.92,101.65,101.83,1400
2026-05-12 22:05:00,101.83,101.93,101.75,101.86,1441
2026-05-12 22:10:00,101.85,101.97,101.79,101.9,1033
2026-05-12 22:15:00,101.9,101.93,101.78,101.84,1294
2026-05-12 22:20:00,101.85,101.94,101.76,101.81,1345
2026-05-12 22:25:00,101.8,101.83,101.61,101.64,889
2026-05-12 22:30:00,101.63,101.63,101.38,101.46,1419
2026-05-12 22:35:00,101.44,101.49,101.35,101.42,720
2026-05-12 22:40:00,101.41,101.61,101.35,101.56,1274
2026-05-12 22:45:00,101.56,101.56,101.26,101.27,1348
2026-05-12 22:50:00,101.28,101.45,101.24,101.38,968
2026-05-12 22:55:00,101.37,101.4,101.26,101.36,968
2026-05-12 23:00:00,101.35,101.51,101.33,101.44,929
2026-05-12 23:05:00,101.44,101.46,101.23,101.31,1135
2026-05-12 23:10:00,101.28,101.54,101.28,101.49,1013
2026-05-12 23:15:00,101.48,101.69,101.48,101.63,1754
2026-05-12 23:20:00,101.62,101.66,101.38,101.44,1727
2026-05-12 23:25:00,101.42,101.72,101.42,101.69,1394
2026-05-12 23:30:00,101.69,102.06,101.53,101.79,2469
2026-05-12 23:35:00,101.8,102.1,101.78,102.04,2396
2026-05-12 23:40:00,102.03,102.66,102.01,102.3,3506
2026-05-12 23:45:00,102.3,102.35,102.02,102.08,3430
2026-05-12 23:50:00,102.1,102.26,101.98,102.1,3673
2026-05-12 23:55:00,102.09,102.31,101.95,102.3,15755
2026-05-13 00:00:00,102.29,102.57,102.23,102.42,2726
2026-05-13 00:05:00,102.42,102.45,102.31,102.43,1188
2026-05-13 00:10:00,102.41,102.51,102.41,102.44,600
2026-05-13 00:15:00,102.43,102.72,102.43,102.61,1276
2026-05-13 00:20:00,102.62,102.72,102.56,102.56,485
2026-05-13 00:25:00,102.57,102.59,102.51,102.54,597
2026-05-13 00:30:00,102.55,102.56,102.39,102.42,597
2026-05-13 00:35:00,102.43,102.52,102.42,102.47,331
2026-05-13 00:40:00,102.49,102.49,102.23,102.27,586
2026-05-13 00:45:00,102.27,102.36,102.21,102.35,525
2026-05-13 00:50:00,102.35,102.45,102.32,102.33,594
2026-05-13 00:55:00,102.33,102.33,102.26,102.26,447
2026-05-13 01:00:00,102.28,102.31,102.22,102.23,333
2026-05-13 01:05:00,102.22,102.37,102.22,102.35,235
2026-05-13 01:10:00,102.36,102.46,102.31,102.34,929
2026-05-13 01:15:00,102.34,102.38,102.25,102.27,482
2026-05-13 01:20:00,102.26,102.43,102.25,102.41,417
2026-05-13 01:25:00,102.42,102.5,102.34,102.38,487
2026-05-13 01:30:00,102.37,102.41,102.33,102.34,177
2026-05-13 01:35:00,102.34,102.4,102.34,102.37,114
2026-05-13 01:40:00,102.38,102.47,102.36,102.45,313
2026-05-13 01:45:00,102.45,102.46,102.4,102.41,186
2026-05-13 01:50:00,102.4,102.46,102.23,102.26,220
2026-05-13 01:55:00,102.25,102.3,102.24,102.28,93
2026-05-13 02:00:00,102.26,102.33,102.18,102.27,627
2026-05-13 02:05:00,102.26,102.35,102.21,102.23,504
2026-05-13 02:10:00,102.2,102.25,102.13,102.18,166
2026-05-13 02:15:00,102.18,102.18,102.06,102.1,196
2026-05-13 02:20:00,102.1,102.13,101.91,102.0,355
2026-05-13 02:25:00,102.03,102.16,101.99,102.05,288
2026-05-13 03:30:00,102.16,102.27,102.03,102.14,0
2026-05-13 03:35:00,102.14,102.14,102.01,102.08,41
2026-05-13 03:40:00,102.1,102.1,102.0,102.0,51
2026-05-13 03:45:00,102.02,102.02,101.89,101.93,328
2026-05-13 03:50:00,101.91,101.92,101.7,101.81,179
2026-05-13 03:55:00,101.8,101.86,101.78,101.83,70
2026-05-13 04:00:00,101.83,101.9,101.81,101.82,43
2026-05-13 04:05:00,101.83,101.83,101.78,101.81,41
2026-05-13 04:10:00,101.81,101.85,101.78,101.85,54
2026-05-13 04:15:00,101.85,101.92,101.82,101.85,57
2026-05-13 04:20:00,101.87,101.91,101.85,101.9,48
2026-05-13 04:25:00,101.88,101.95,101.88,101.93,165
2026-05-13 04:30:00,101.93,102.02,101.93,102.02,89
2026-05-13 04:35:00,102.02,102.05,101.98,102.04,80
2026-05-13 04:40:00,102.04,102.05,101.99,102.03,35
2026-05-13 04:45:00,102.03,102.05,101.99,102.05,27
2026-05-13 04:50:00,102.05,102.06,102.02,102.03,32
2026-05-13 04:55:00,102.04,102.06,101.92,101.95,63
2026-05-13 05:00:00,101.98,102.01,101.97,101.97,26
2026-05-13 05:05:00,101.97,102.01,101.96,102.01,23
2026-05-13 05:10:00,102.02,102.06,102.02,102.02,28
2026-05-13 05:15:00,102.05,102.11,102.04,102.06,58
2026-05-13 05:20:00,102.07,102.13,102.05,102.08,53
2026-05-13 05:25:00,102.08,102.08,102.05,102.07,14
2026-05-13 05:30:00,102.06,102.08,101.71,101.81,628
2026-05-13 05:35:00,101.82,101.98,101.64,101.91,597
2026-05-13 05:40:00,101.9,101.95,101.82,101.85,56
2026-05-13 05:45:00,101.87,101.95,101.55,101.61,361
2026-05-13 05:50:00,101.6,101.67,101.44,101.58,392
2026-05-13 05:55:00,101.57,101.61,101.51,101.53,136
2026-05-13 06:00:00,101.52,101.61,101.51,101.58,89
2026-05-13 06:05:00,101.6,101.7,100.93,101.33,825
2026-05-13 06:10:00,101.36,101.41,101.13,101.36,490
2026-05-13 06:15:00,101.4,101.58,101.39,101.56,211
2026-05-13 06:20:00,101.55,101.6,101.45,101.59,216
2026-05-13 06:25:00,101.6,101.6,101.43,101.46,249
2026-05-13 06:30:00,101.47,101.49,101.26,101.35,277
2026-05-13 06:35:00,101.36,101.51,101.31,101.51,93
2026-05-13 06:40:00,101.53,101.53,101.3,101.43,69
2026-05-13 06:45:00,101.44,101.52,101.35,101.39,149
2026-05-13 06:50:00,101.4,101.51,101.4,101.45,75
2026-05-13 06:55:00,101.45,101.5,101.43,101.48,70
2026-05-13 07:00:00,101.45,101.53,101.44,101.46,63
2026-05-13 07:05:00,101.49,101.63,101.49,101.53,104
2026-05-13 07:10:00,101.52,101.63,101.52,101.59,43
2026-05-13 07:15:00,101.6,101.63,101.53,101.54,59
2026-05-13 07:20:00,101.53,101.57,101.45,101.48,72
2026-05-13 07:25:00,101.5,101.63,101.5,101.58,72
2026-05-13 07:30:00,101.6,101.75,101.51,101.51,200
2026-05-13 07:35:00,101.52,101.63,101.48,101.61,195
2026-05-13 07:40:00,101.61,101.61,101.49,101.58,54
2026-05-13 07:45:00,101.58,101.61,101.56,101.56,62
2026-05-13 07:50:00,101.55,101.57,101.54,101.54,32
2026-05-13 07:55:00,101.55,101.59,101.51,101.56,53
2026-05-13 08:00:00,101.56,101.59,101.54,101.54,33
2026-05-13 08:05:00,101.57,101.65,101.52,101.54,49
2026-05-13 08:10:00,101.52,101.58,101.52,101.55,28
2026-05-13 08:15:00,101.53,101.55,101.35,101.39,141
2026-05-13 08:20:00,101.36,101.37,101.24,101.3,104
2026-05-13 08:25:00,101.31,101.31,100.77,101.07,826
2026-05-13 08:30:00,101.06,101.2,100.96,101.19,180
2026-05-13 08:35:00,101.19,101.19,101.11,101.15,66
2026-05-13 08:40:00,101.14,101.19,100.86,100.92,225
2026-05-13 08:45:00,100.94,101.08,100.9,100.99,120
2026-05-13 08:50:00,100.99,101.03,100.91,101.0,77
2026-05-13 08:55:00,100.97,101.05,100.9,101.05,88
2026-05-13 09:00:00,101.06,101.18,100.96,100.99,150
2026-05-13 09:05:00,100.99,100.99,100.84,100.92,114
2026-05-13 09:10:00,100.94,101.0,100.93,100.97,42
2026-05-13 09:15:00,100.97,101.07,100.94,101.0,41
2026-05-13 09:20:00,101.03,101.08,101.01,101.05,27
2026-05-13 09:25:00,101.06,101.16,101.05,101.08,91
2026-05-13 09:30:00,101.05,101.05,100.92,100.94,73
2026-05-13 09:35:00,100.95,101.02,100.94,101.02,44
2026-05-13 09:40:00,101.02,101.02,100.9,100.93,59
2026-05-13 09:45:00,100.94,101.01,100.93,100.98,66
2026-05-13 09:50:00,100.97,100.98,100.86,100.9,64
2026-05-13 09:55:00,100.86,100.92,100.85,100.87,32
2026-05-13 10:00:00,100.89,100.95,100.89,100.92,69
2026-05-13 10:05:00,100.93,101.0,100.89,100.89,42
2026-05-13 10:10:00,100.9,100.93,100.88,100.89,35
2026-05-13 10:15:00,100.9,100.92,100.7,100.72,128
2026-05-13 10:20:00,100.71,100.87,100.58,100.77,274
2026-05-13 10:25:00,100.79,100.85,100.69,100.75,161
2026-05-13 10:30:00,100.74,100.76,100.66,100.68,86
2026-05-13 10:35:00,100.66,100.73,100.66,100.71,35
2026-05-13 10:40:00,100.72,100.9,100.71,100.87,102
2026-05-13 10:45:00,100.88,100.88,100.77,100.82,34
2026-05-13 10:50:00,100.85,100.89,100.73,100.74,110
2026-05-13 10:55:00,100.75,100.76,100.63,100.75,177
2026-05-13 11:00:00,100.74,100.77,100.61,100.67,161
2026-05-13 11:05:00,100.68,100.72,100.65,100.69,53
2026-05-13 11:10:00,100.69,100.77,100.67,100.74,34
2026-05-13 11:15:00,100.73,100.73,100.59,100.71,117
2026-05-13 11:20:00,100.67,100.72,100.63,100.68,48
2026-05-13 11:25:00,100.69,100.7,100.56,100.67,130
2026-05-13 11:30:00,100.66,100.87,100.6,100.76,209
2026-05-13 11:35:00,100.77,101.06,100.72,101.06,186
2026-05-13 11:40:00,101.03,101.06,100.88,100.94,239
2026-05-13 11:45:00,100.92,100.94,100.57,100.72,263
2026-05-13 11:50:00,100.74,100.88,100.74,100.79,250
2026-05-13 11:55:00,100.77,100.79,100.64,100.77,282
2026-05-13 12:00:00,100.74,100.93,100.74,100.86,195
2026-05-13 12:05:00,100.84,100.99,100.77,100.84,164
2026-05-13 12:10:00,100.86,100.92,100.82,100.91,66
2026-05-13 12:15:00,100.89,101.01,100.89,100.99,144
2026-05-13 12:20:00,100.98,101.12,100.97,101.09,149
2026-05-13 12:25:00,101.09,101.12,100.95,100.98,262
2026-05-13 12:30:00,100.98,101.08,100.81,101.08,312
2026-05-13 12:35:00,101.09,101.16,100.95,101.12,414
2026-05-13 12:40:00,101.14,101.35,101.02,101.08,544
2026-05-13 12:45:00,101.06,101.1,100.73,100.81,294
2026-05-13 12:50:00,100.81,100.92,100.76,100.88,178
2026-05-13 12:55:00,100.89,100.95,100.65,100.77,262
2026-05-13 13:00:00,100.78,100.89,100.75,100.86,251
2026-05-13 13:05:00,100.89,100.98,100.72,100.92,207
2026-05-13 13:10:00,100.92,101.11,100.85,101.06,322
2026-05-13 13:15:00,101.03,101.16,101.01,101.07,323
2026-05-13 13:20:00,101.04,101.23,100.98,101.2,164
2026-05-13 13:25:00,101.19,101.32,101.14,101.23,233
2026-05-13 13:30:00,101.23,101.32,101.08,101.26,302
2026-05-13 13:35:00,101.25,101.43,101.11,101.13,664
2026-05-13 13:40:00,101.13,101.18,101.05,101.12,379
2026-05-13 13:45:00,101.1,101.4,101.1,101.39,335
2026-05-13 13:50:00,101.38,101.42,101.1,101.19,271
2026-05-13 13:55:00,101.18,101.29,101.09,101.2,536
2026-05-13 14:00:00,101.19,101.26,101.12,101.19,326
2026-05-13 14:05:00,101.18,101.47,101.17,101.41,237
2026-05-13 14:10:00,101.44,101.79,101.36,101.75,745
2026-05-13 14:15:00,101.75,101.78,101.53,101.55,393
2026-05-13 14:20:00,101.55,101.81,101.54,101.7,223
2026-05-13 14:25:00,101.69,101.71,101.47,101.57,297
2026-05-13 14:30:00,101.56,101.85,101.49,101.64,366
2026-05-13 14:35:00,101.62,101.88,101.6,101.87,296
2026-05-13 14:40:00,101.86,101.98,101.75,101.9,306
2026-05-13 14:45:00,101.89,101.89,101.75,101.85,178
2026-05-13 14:50:00,101.83,101.83,101.58,101.58,236
2026-05-13 14:55:00,101.59,101.64,101.37,101.48,264
2026-05-13 15:00:00,101.5,101.65,101.41,101.62,341
2026-05-13 15:05:00,101.62,101.64,101.47,101.51,141
2026-05-13 15:10:00,101.52,101.69,101.52,101.59,155
2026-05-13 15:15:00,101.59,101.63,101.52,101.55,148
2026-05-13 15:20:00,101.52,101.55,101.22,101.26,437
2026-05-13 15:25:00,101.25,101.33,101.19,101.3,314
2026-05-13 15:30:00,101.33,101.5,101.32,101.42,297
2026-05-13 15:35:00,101.44,101.53,101.42,101.44,192
2026-05-13 15:40:00,101.46,101.64,101.35,101.61,261
2026-05-13 15:45:00,101.6,101.75,101.58,101.73,260
2026-05-13 15:50:00,101.72,101.88,101.62,101.84,390
2026-05-13 15:55:00,101.82,102.07,101.78,102.02,776
2026-05-13 16:00:00,102.03,102.31,102.0,102.2,986
2026-05-13 16:05:00,102.2,102.21,102.08,102.13,518
2026-05-13 16:10:00,102.13,102.17,102.05,102.06,282
2026-05-13 16:15:00,102.05,102.19,101.94,102.17,381
2026-05-13 16:20:00,102.2,102.2,102.05,102.15,172
2026-05-13 16:25:00,102.15,102.39,102.09,102.3,525
2026-05-13 16:30:00,102.31,102.31,102.08,102.24,629
2026-05-13 16:35:00,102.26,102.36,102.17,102.18,376
2026-05-13 16:40:00,102.18,102.24,102.12,102.12,186
2026-05-13 16:45:00,102.12,102.15,101.98,101.99,238
2026-05-13 16:50:00,101.97,102.19,101.96,102.15,245
2026-05-13 16:55:00,102.15,102.15,102.06,102.07,148
2026-05-13 17:00:00,102.08,102.12,101.67,101.74,768
2026-05-13 17:05:00,101.75,101.86,101.71,101.76,382
2026-05-13 17:10:00,101.76,101.91,101.76,101.8,339
2026-05-13 17:15:00,101.81,101.86,101.75,101.83,194
2026-05-13 17:20:00,101.83,101.99,101.82,101.91,942
2026-05-13 17:25:00,101.91,101.92,101.8,101.85,431
2026-05-13 17:30:00,101.86,101.95,101.76,101.82,877
2026-05-13 17:35:00,101.81,101.91,101.77,101.81,419
2026-05-13 17:40:00,101.82,101.93,101.81,101.87,348
2026-05-13 17:45:00,101.87,102.07,101.83,102.03,1037
2026-05-13 17:50:00,102.03,102.27,102.01,102.11,1268
2026-05-13 17:55:00,102.11,102.24,102.09,102.2,589
2026-05-13 18:00:00,102.19,102.33,102.16,102.29,666
2026-05-13 18:05:00,102.28,102.54,102.22,102.45,1052
2026-05-13 18:10:00,102.45,102.75,102.44,102.56,1189
2026-05-13 18:15:00,102.56,102.61,102.47,102.55,1242
2026-05-13 18:20:00,102.56,102.56,102.45,102.49,454
2026-05-13 18:25:00,102.48,102.55,102.22,102.33,725
2026-05-13 18:30:00,102.33,102.33,102.03,102.15,1664
2026-05-13 18:35:00,102.13,102.23,102.06,102.21,1250
2026-05-13 18:40:00,102.22,102.34,102.19,102.32,1674
2026-05-13 18:45:00,102.33,102.48,102.33,102.44,1293
2026-05-13 18:50:00,102.43,102.49,102.3,102.47,2088
2026-05-13 18:55:00,102.46,102.64,102.41,102.57,1383
2026-05-13 19:00:00,102.58,102.63,102.28,102.31,2496
2026-05-13 19:05:00,102.31,102.59,102.31,102.43,1212
2026-05-13 19:10:00,102.43,102.61,102.29,102.35,1336
2026-05-13 19:15:00,102.37,102.67,102.36,102.59,2139
2026-05-13 19:20:00,102.61,102.69,102.47,102.62,1980
2026-05-13 19:25:00,102.65,102.89,102.59,102.87,3399
2026-05-13 19:30:00,102.87,103.15,102.87,103.08,2843
2026-05-13 19:35:00,103.08,103.65,103.08,103.64,3341
2026-05-13 19:40:00,103.63,103.67,103.33,103.4,2357
2026-05-13 19:45:00,103.39,103.53,103.24,103.43,1398
2026-05-13 19:50:00,103.44,103.46,103.33,103.43,2561
2026-05-13 19:55:00,103.43,103.58,103.39,103.54,1162
2026-05-13 20:00:00,103.53,103.67,103.3,103.4,3056
2026-05-13 20:05:00,103.41,103.42,103.15,103.28,2445
2026-05-13 20:10:00,103.27,103.3,102.99,103.02,1691
2026-05-13 20:15:00,103.03,103.12,102.88,102.97,1682
2026-05-13 20:20:00,102.97,103.04,102.69,102.8,1494
2026-05-13 20:25:00,102.8,103.16,102.69,103.14,1749
2026-05-13 20:30:00,103.14,103.24,102.94,103.15,1373
2026-05-13 20:35:00,103.14,103.22,102.78,102.92,1225
2026-05-13 20:40:00,102.91,102.98,102.65,102.85,1942
2026-05-13 20:45:00,102.84,103.0,102.77,102.9,1025
2026-05-13 20:50:00,102.91,102.97,102.67,102.79,1041
2026-05-13 20:55:00,102.81,102.85,102.55,102.6,2053
2026-05-13 21:00:00,102.59,102.78,102.29,102.37,2331
2026-05-13 21:05:00,102.36,102.48,102.24,102.24,1426
2026-05-13 21:10:00,102.25,102.34,102.02,102.27,1841
2026-05-13 21:15:00,102.28,102.52,102.27,102.37,1390
2026-05-13 21:20:00,102.38,102.42,102.17,102.22,843
2026-05-13 21:25:00,102.21,102.32,102.15,102.22,1096
2026-05-13 21:30:00,102.23,102.37,102.16,102.19,893
2026-05-13 21:35:00,102.2,102.24,101.74,101.93,2435
2026-05-13 21:40:00,101.94,102.01,101.86,101.92,1239
2026-05-13 21:45:00,101.91,101.92,101.52,101.58,1891
2026-05-13 21:50:00,101.59,101.7,100.85,101.17,3391
2026-05-13 21:55:00,101.17,101.28,100.88,101.27,3003
2026-05-13 22:00:00,101.28,101.71,101.14,101.64,2541
2026-05-13 22:05:00,101.63,101.83,101.56,101.65,1326
2026-05-13 22:10:00,101.66,101.93,101.65,101.85,1864
2026-05-13 22:15:00,101.85,102.16,101.85,102.14,1212
2026-05-13 22:20:00,102.12,102.22,101.96,102.07,1855
2026-05-13 22:25:00,102.07,102.19,101.99,102.1,1069
2026-05-13 22:30:00,102.08,102.18,102.03,102.11,1141
2026-05-13 22:35:00,102.12,102.13,101.74,101.87,1597
2026-05-13 22:40:00,101.86,101.96,101.78,101.82,622
2026-05-13 22:45:00,101.81,101.94,101.74,101.83,731
2026-05-13 22:50:00,101.85,101.95,101.78,101.84,566
2026-05-13 22:55:00,101.85,101.91,101.69,101.71,929
2026-05-13 23:00:00,101.7,101.72,101.47,101.5,1460
2026-05-13 23:05:00,101.5,101.68,101.5,101.59,735
2026-05-13 23:10:00,101.59,101.67,101.55,101.66,612
2026-05-13 23:15:00,101.64,101.64,101.46,101.5,796
2026-05-13 23:20:00,101.51,101.54,101.31,101.38,1535
2026-05-13 23:25:00,101.38,101.42,101.22,101.33,1918
2026-05-13 23:30:00,101.32,101.33,101.02,101.15,1883
2026-05-13 23:35:00,101.15,101.35,101.12,101.3,1291
2026-05-13 23:40:00,101.29,101.4,101.14,101.16,1320
2026-05-13 23:45:00,101.15,101.25,101.03,101.04,1817
2026-05-13 23:50:00,101.03,101.32,100.97,101.26,2944
2026-05-13 23:55:00,101.26,101.33,100.93,101.01,10298
2026-05-14 00:00:00,101.02,101.12,100.82,100.93,1900
2026-05-14 00:05:00,100.94,101.11,100.94,101.0,544
2026-05-14 00:10:00,100.99,100.99,100.8,100.9,641
2026-05-14 00:15:00,100.89,101.04,100.83,101.0,504
2026-05-14 00:20:00,101.01,101.06,100.69,100.81,1605
2026-05-14 00:25:00,100.82,101.05,100.8,101.01,805
2026-05-14 00:30:00,101.03,101.05,100.95,101.01,209
2026-05-14 00:35:00,101.01,101.08,100.97,101.02,282
2026-05-14 00:40:00,101.03,101.11,101.0,101.04,277
2026-05-14 00:45:00,101.07,101.13,101.02,101.07,176
2026-05-14 00:50:00,101.07,101.18,101.04,101.18,175
2026-05-14 00:55:00,101.16,101.19,101.1,101.15,282
2026-05-14 01:00:00,101.15,101.35,101.1,101.32,494
2026-05-14 01:05:00,101.32,101.41,101.24,101.3,383
2026-05-14 01:10:00,101.29,101.29,101.18,101.19,248
2026-05-14 01:15:00,101.2,101.29,101.17,101.28,211
2026-05-14 01:20:00,101.3,101.32,101.22,101.27,229
2026-05-14 01:25:00,101.28,101.38,101.25,101.36,288
2026-05-14 01:30:00,101.37,101.58,101.3,101.44,831
2026-05-14 01:35:00,101.41,101.47,101.28,101.32,447
2026-05-14 01:40:00,101.33,101.33,101.22,101.23,98
2026-05-14 01:45:00,101.23,101.32,101.21,101.26,195
2026-05-14 01:50:00,101.25,101.25,101.18,101.23,127
2026-05-14 01:55:00,101.22,101.25,101.18,101.24,78
2026-05-14 02:00:00,101.23,101.25,101.02,101.03,329
2026-05-14 02:05:00,101.04,101.11,100.96,100.98,283
2026-05-14 02:10:00,100.98,101.0,100.75,100.76,220
2026-05-14 02:15:00,100.75,100.85,100.7,100.82,220
2026-05-14 02:20:00,100.8,100.87,100.72,100.81,265
2026-05-14 02:25:00,100.8,101.05,100.8,101.0,267
2026-05-14 03:30:00,101.02,101.26,101.0,101.07,0
2026-05-14 03:35:00,101.1,101.16,101.04,101.07,57
2026-05-14 03:40:00,101.06,101.06,100.88,100.88,98
2026-05-14 03:45:00,100.88,100.91,100.72,100.78,187
2026-05-14 03:50:00,100.82,100.87,100.77,100.85,50
2026-05-14 03:55:00,100.85,100.91,100.83,100.85,58
2026-05-14 04:00:00,100.83,100.9,100.83,100.88,33
2026-05-14 04:05:00,100.87,100.91,100.81,100.81,37
2026-05-14 04:10:00,100.85,100.85,100.78,100.83,26
2026-05-14 04:15:00,100.8,100.87,100.79,100.87,27
2026-05-14 04:20:00,100.88,100.96,100.88,100.9,32
2026-05-14 04:25:00,100.9,100.93,100.83,100.87,41
2026-05-14 04:30:00,100.84,100.84,100.8,100.84,17
2026-05-14 04:35:00,100.84,100.95,100.84,100.92,24
2026-05-14 04:40:00,100.92,101.07,100.92,101.04,31
2026-05-14 04:45:00,101.07,101.07,101.03,101.04,13
2026-05-14 04:50:00,101.02,101.06,100.94,100.97,70
2026-05-14 04:55:00,100.95,101.0,100.93,100.99,31
2026-05-14 05:00:00,101.01,101.03,100.97,101.03,31
2026-05-14 05:05:00,101.02,101.03,100.97,101.03,48
2026-05-14 05:10:00,101.03,101.05,101.0,101.0,62
2026-05-14 05:15:00,101.0,101.0,100.93,100.98,25
2026-05-14 05:20:00,100.98,100.99,100.94,100.98,20
2026-05-14 05:25:00,100.98,101.07,100.98,101.02,42
2026-05-14 05:30:00,101.05,101.22,100.89,101.2,313
2026-05-14 05:35:00,101.2,101.2,101.08,101.14,98
2026-05-14 05:40:00,101.11,101.23,101.09,101.18,52
2026-05-14 05:45:00,101.17,101.17,101.05,101.09,43
2026-05-14 05:50:00,101.09,101.28,101.08,101.15,122
2026-05-14 05:55:00,101.16,101.16,101.06,101.1,45
2026-05-14 06:00:00,101.1,101.26,101.03,101.24,73
2026-05-14 06:05:00,101.24,101.29,101.2,101.2,32
2026-05-14 06:10:00,101.2,101.22,101.17,101.18,39
2026-05-14 06:15:00,101.17,101.19,101.15,101.15,62
2026-05-14 06:20:00,101.17,101.19,101.12,101.16,42
2026-05-14 06:25:00,101.15,101.18,101.04,101.15,124
2026-05-14 06:30:00,101.14,101.41,101.11,101.34,317
2026-05-14 06:35:00,101.32,101.37,101.25,101.25,95
2026-05-14 06:40:00,101.25,101.25,100.87,100.95,213
2026-05-14 06:45:00,100.95,101.11,100.92,101.1,117
2026-05-14 06:50:00,101.1,101.19,101.04,101.13,100
2026-05-14 06:55:00,101.13,101.19,101.08,101.08,68
2026-05-14 07:00:00,101.09,101.12,100.94,100.94,96
2026-05-14 07:05:00,100.95,101.01,100.89,100.91,210
2026-05-14 07:10:00,100.9,100.92,100.74,100.76,215
2026-05-14 07:15:00,100.77,101.02,100.73,101.0,174
2026-05-14 07:20:00,100.99,101.02,100.93,100.95,58
2026-05-14 07:25:00,100.98,101.13,100.9,101.08,205
2026-05-14 07:30:00,101.05,101.11,100.98,101.0,90
2026-05-14 07:35:00,100.99,101.04,100.93,100.99,141
2026-05-14 07:40:00,100.97,101.07,100.97,101.06,93
2026-05-14 07:45:00,101.07,101.24,101.07,101.14,60
2026-05-14 07:50:00,101.12,101.21,101.11,101.2,50
2026-05-14 07:55:00,101.19,101.19,101.14,101.15,31
2026-05-14 08:00:00,101.17,101.33,101.15,101.3,126
2026-05-14 08:05:00,101.3,101.31,101.24,101.27,52
2026-05-14 08:10:00,101.26,101.3,101.23,101.28,77
2026-05-14 08:15:00,101.26,101.35,101.25,101.34,114
2026-05-14 08:20:00,101.34,101.47,101.34,101.42,176
2026-05-14 08:25:00,101.44,101.52,101.41,101.49,188
2026-05-14 08:30:00,101.46,101.46,101.36,101.37,122
2026-05-14 08:35:00,101.41,101.49,101.41,101.42,74
2026-05-14 08:40:00,101.43,101.43,101.28,101.36,128
2026-05-14 08:45:00,101.32,101.32,101.23,101.24,80
2026-05-14 08:50:00,101.23,101.27,101.16,101.26,62
2026-05-14 08:55:00,101.25,101.26,101.22,101.23,48
2026-05-14 09:00:00,101.24,101.56,101.24,101.43,274
2026-05-14 09:05:00,101.43,101.52,101.42,101.52,155
2026-05-14 09:10:00,101.52,101.56,101.49,101.53,77
2026-05-14 09:15:00,101.54,101.74,101.53,101.66,412
2026-05-14 09:20:00,101.65,101.65,101.45,101.46,186
2026-05-14 09:25:00,101.46,101.5,101.35,101.35,103
2026-05-14 09:30:00,101.38,101.53,101.36,101.52,157
2026-05-14 09:35:00,101.52,101.54,101.47,101.47,58
2026-05-14 09:40:00,101.46,101.53,101.46,101.53,46
2026-05-14 09:45:00,101.56,101.58,101.5,101.52,74
2026-05-14 09:50:00,101.51,101.51,101.42,101.45,67
2026-05-14 09:55:00,101.45,101.48,101.44,101.45,43
2026-05-14 10:00:00,101.49,101.57,101.49,101.5,55
2026-05-14 10:05:00,101.5,101.53,101.48,101.53,70
2026-05-14 10:10:00,101.51,101.54,101.5,101.51,28
2026-05-14 10:15:00,101.5,101.54,101.46,101.49,58
2026-05-14 10:20:00,101.51,101.54,101.41,101.44,91
2026-05-14 10:25:00,101.43,101.49,101.41,101.46,53
2026-05-14 10:30:00,101.48,101.65,101.48,101.58,303
2026-05-14 10:35:00,101.58,101.72,101.52,101.63,200
2026-05-14 10:40:00,101.65,101.67,101.55,101.56,57
2026-05-14 10:45:00,101.56,101.62,101.53,101.59,81
2026-05-14 10:50:00,101.59,101.59,101.54,101.57,36
2026-05-14 10:55:00,101.58,101.66,101.56,101.61,81
2026-05-14 11:00:00,101.62,101.75,101.62,101.66,191
2026-05-14 11:05:00,101.7,101.73,101.67,101.69,84
2026-05-14 11:10:00,101.67,101.82,101.61,101.64,159
2026-05-14 11:15:00,101.63,101.63,101.36,101.53,275
2026-05-14 11:20:00,101.5,101.57,101.45,101.57,77
2026-05-14 11:25:00,101.52,101.54,101.44,101.46,53
2026-05-14 11:30:00,101.45,101.46,101.32,101.4,161
2026-05-14 11:35:00,101.37,101.37,101.12,101.26,293
2026-05-14 11:40:00,101.24,101.41,101.22,101.35,155
2026-05-14 11:45:00,101.35,101.4,101.33,101.37,96
2026-05-14 11:50:00,101.37,101.37,101.09,101.17,156
2026-05-14 11:55:00,101.15,101.28,101.14,101.24,101
2026-05-14 12:00:00,101.24,101.24,101.08,101.12,120
2026-05-14 12:05:00,101.1,101.12,100.98,100.99,255
2026-05-14 12:10:00,100.99,100.99,99.97,99.99,2162
2026-05-14 12:15:00,99.99,100.51,99.6,100.43,2142
2026-05-14 12:20:00,100.42,100.65,100.25,100.55,589
2026-05-14 12:25:00,100.55,101.06,100.55,101.06,658
2026-05-14 12:30:00,101.07,101.35,100.92,101.04,830
2026-05-14 12:35:00,101.05,101.46,101.03,101.27,534
2026-05-14 12:40:00,101.3,101.56,101.25,101.32,327
2026-05-14 12:45:00,101.32,101.37,101.11,101.19,280
2026-05-14 12:50:00,101.18,101.44,101.05,101.3,275
2026-05-14 12:55:00,101.3,101.36,101.22,101.27,191
2026-05-14 13:00:00,101.29,101.39,101.18,101.28,188
2026-05-14 13:05:00,101.27,101.28,101.07,101.15,206
2026-05-14 13:10:00,101.13,101.22,101.01,101.22,249
2026-05-14 13:15:00,101.21,101.55,101.21,101.37,332
2026-05-14 13:20:00,101.38,101.81,101.24,101.67,345
2026-05-14 13:25:00,101.69,102.1,101.56,101.94,989
2026-05-14 13:30:00,101.95,102.08,101.67,102.04,615
2026-05-14 13:35:00,102.02,102.35,101.86,102.26,514
2026-05-14 13:40:00,102.24,102.34,101.85,101.98,684
2026-05-14 13:45:00,101.96,101.98,101.69,101.86,467
2026-05-14 13:50:00,101.84,101.86,101.37,101.41,825
2026-05-14 13:55:00,101.42,101.67,101.31,101.55,1093
2026-05-14 14:00:00,101.56,101.57,101.0,101.23,1197
2026-05-14 14:05:00,101.21,101.36,101.03,101.28,510
2026-05-14 14:10:00,101.3,101.64,101.22,101.48,369
2026-05-14 14:15:00,101.46,101.46,101.19,101.35,524
2026-05-14 14:20:00,101.4,101.43,101.27,101.31,362
2026-05-14 14:25:00,101.3,101.35,101.13,101.34,338
2026-05-14 14:30:00,101.31,101.55,101.22,101.51,398
2026-05-14 14:35:00,101.51,101.81,101.43,101.52,628
2026-05-14 14:40:00,101.49,102.1,101.3,101.66,1291
2026-05-14 14:45:00,101.67,101.85,101.59,101.61,292
2026-05-14 14:50:00,101.6,101.7,101.56,101.7,116
2026-05-14 14:55:00,101.73,101.84,101.65,101.77,295
2026-05-14 15:00:00,101.8,101.81,101.49,101.56,243
2026-05-14 15:05:00,101.57,101.74,101.48,101.53,232
2026-05-14 15:10:00,101.55,101.56,101.39,101.44,425
2026-05-14 15:15:00,101.42,101.43,100.86,100.88,573
2026-05-14 15:20:00,100.88,101.09,100.83,100.9,241
2026-05-14 15:25:00,100.9,101.07,100.81,101.07,260
2026-05-14 15:30:00,101.08,101.14,100.8,100.89,254
2026-05-14 15:35:00,100.88,100.98,100.86,100.95,198
2026-05-14 15:40:00,100.94,101.01,100.11,100.8,2364
2026-05-14 15:45:00,100.78,100.89,100.36,100.6,636
2026-05-14 15:50:00,100.56,100.78,100.36,100.57,452
2026-05-14 15:55:00,100.59,100.76,100.31,100.73,780
2026-05-14 16:00:00,100.75,101.12,100.69,100.85,440
2026-05-14 16:05:00,100.88,100.93,100.72,100.85,163
2026-05-14 16:10:00,100.84,101.45,100.81,101.37,645
2026-05-14 16:15:00,101.36,101.72,101.3,101.5,585
2026-05-14 16:20:00,101.5,101.56,100.87,100.87,1171
2026-05-14 16:25:00,100.87,101.12,100.82,101.07,1282
2026-05-14 16:30:00,101.11,101.15,100.73,101.07,1423
2026-05-14 16:35:00,101.08,101.31,100.85,100.91,485
2026-05-14 16:40:00,100.94,101.06,100.84,101.03,224
2026-05-14 16:45:00,101.03,101.09,100.89,101.07,372
2026-05-14 16:50:00,101.04,101.04,100.77,101.03,422
2026-05-14 16:55:00,101.03,101.21,100.77,100.84,297
2026-05-14 17:00:00,100.83,100.92,100.69,100.87,422
2026-05-14 17:05:00,100.83,101.0,100.8,100.86,188
2026-05-14 17:10:00,100.86,100.9,100.7,100.82,423
2026-05-14 17:15:00,100.82,100.85,100.61,100.61,607
2026-05-14 17:20:00,100.62,100.73,100.41,100.45,476
2026-05-14 17:25:00,100.46,100.47,100.04,100.27,1316
2026-05-14 17:30:00,100.28,100.38,100.13,100.29,683
2026-05-14 17:35:00,100.26,100.28,99.84,99.98,966
2026-05-14 17:40:00,99.99,99.99,99.53,99.72,1274
2026-05-14 17:45:00,99.7,99.72,99.39,99.6,976
2026-05-14 17:50:00,99.59,99.92,99.51,99.92,1009
2026-05-14 17:55:00,99.89,100.51,99.86,100.49,915
2026-05-14 18:00:00,100.45,100.46,100.25,100.41,762
2026-05-14 18:05:00,100.41,100.43,100.17,100.28,635
2026-05-14 18:10:00,100.23,100.61,100.21,100.6,881
2026-05-14 18:15:00,100.61,100.74,100.38,100.72,1076
2026-05-14 18:20:00,100.69,100.94,100.63,100.75,709
2026-05-14 18:25:00,100.75,100.75,100.33,100.36,921
2026-05-14 18:30:00,100.38,100.65,100.37,100.44,2702
2026-05-14 18:35:00,100.43,100.75,100.39,100.4,3309
2026-05-14 18:40:00,100.41,100.63,100.33,100.5,1778
2026-05-14 18:45:00,100.51,100.52,100.31,100.43,1180
2026-05-14 18:50:00,100.47,100.57,100.28,100.3,996
2026-05-14 18:55:00,100.31,100.35,100.17,100.35,655
2026-05-14 19:00:00,100.36,100.62,100.32,100.52,1363
2026-05-14 19:05:00,100.53,100.93,100.52,100.83,2248
2026-05-14 19:10:00,100.84,101.05,100.73,100.88,1292
2026-05-14 19:15:00,100.87,101.1,100.23,100.66,1954
2026-05-14 19:20:00,100.68,100.9,100.41,100.67,2030
2026-05-14 19:25:00,100.67,100.95,100.65,100.89,995
2026-05-14 19:30:00,100.91,100.99,100.75,100.9,662
2026-05-14 19:35:00,100.88,101.21,100.88,101.07,830
2026-05-14 19:40:00,101.07,101.25,101.03,101.14,569
2026-05-14 19:45:00,101.14,101.23,101.06,101.1,458
2026-05-14 19:50:00,101.11,101.37,100.99,101.33,978
2026-05-14 19:55:00,101.33,101.76,101.3,101.32,2316
2026-05-14 20:00:00,101.32,101.53,101.28,101.32,1086
2026-05-14 20:05:00,101.32,101.4,101.14,101.32,1030
2026-05-14 20:10:00,101.32,101.42,101.22,101.32,541
2026-05-14 20:15:00,101.31,101.31,100.81,100.82,1587
2026-05-14 20:20:00,100.84,101.04,100.68,101.01,854
2026-05-14 20:25:00,101.03,101.04,100.33,100.59,1748
2026-05-14 20:30:00,100.59,100.86,100.39,100.85,1204
2026-05-14 20:35:00,100.86,100.92,100.74,100.77,1256
2026-05-14 20:40:00,100.77,100.98,100.7,100.87,673
2026-05-14 20:45:00,100.86,100.86,100.52,100.57,872
2026-05-14 20:50:00,100.57,100.96,100.55,100.84,915
2026-05-14 20:55:00,100.83,100.86,100.63,100.73,972
2026-05-14 21:00:00,100.73,100.78,100.59,100.72,885
2026-05-14 21:05:00,100.69,100.94,100.62,100.84,661
2026-05-14 21:10:00,100.83,100.88,100.69,100.72,638
2026-05-14 21:15:00,100.71,100.84,100.64,100.77,551
2026-05-14 21:20:00,100.75,100.98,100.74,100.98,756
2026-05-14 21:25:00,100.97,101.08,100.88,100.97,911
2026-05-14 21:30:00,100.98,101.07,100.55,100.67,867
2026-05-14 21:35:00,100.66,100.81,100.61,100.8,594
2026-05-14 21:40:00,100.81,100.82,100.49,100.54,932
2026-05-14 21:45:00,100.52,100.53,100.27,100.36,1196
2026-05-14 21:50:00,100.34,100.44,100.25,100.37,611
2026-05-14 21:55:00,100.36,100.95,100.35,100.88,1307
2026-05-14 22:00:00,100.87,101.14,100.78,101.06,1452
2026-05-14 22:05:00,101.06,101.18,100.98,101.14,1162
2026-05-14 22:10:00,101.13,101.15,100.89,100.99,832
2026-05-14 22:15:00,101.0,101.02,100.87,100.96,658
2026-05-14 22:20:00,100.96,101.02,100.9,100.94,444
2026-05-14 22:25:00,100.92,101.07,100.89,101.06,906
2026-05-14 22:30:00,101.07,101.14,100.91,101.08,894
2026-05-14 22:35:00,101.08,101.44,101.0,101.39,1213
2026-05-14 22:40:00,101.4,101.48,101.27,101.41,1292
2026-05-14 22:45:00,101.4,101.46,101.34,101.46,590
2026-05-14 22:50:00,101.45,101.57,101.4,101.52,1082
2026-05-14 22:55:00,101.51,101.67,101.44,101.52,1145
2026-05-14 23:00:00,101.53,101.83,101.51,101.71,929
2026-05-14 23:05:00,101.7,101.74,101.59,101.65,554
2026-05-14 23:10:00,101.66,101.72,101.53,101.65,1055
2026-05-14 23:15:00,101.64,101.95,101.64,101.81,955
2026-05-14 23:20:00,101.82,102.07,101.81,101.99,981
2026-05-14 23:25:00,101.98,102.0,101.72,101.74,1441
2026-05-14 23:30:00,101.73,102.0,101.73,101.79,1398
2026-05-14 23:35:00,101.8,101.84,101.53,101.57,1943
2026-05-14 23:40:00,101.58,101.63,101.41,101.41,1200
2026-05-14 23:45:00,101.43,101.56,101.14,101.16,1507
2026-05-14 23:50:00,101.18,101.43,101.13,101.38,2037
2026-05-14 23:55:00,101.38,101.46,101.08,101.16,7877
2026-05-15 00:00:00,101.16,101.37,101.07,101.31,2025
2026-05-15 00:05:00,101.33,101.49,101.3,101.47,455
2026-05-15 00:10:00,101.47,101.66,101.46,101.53,678
2026-05-15 00:15:00,101.53,101.55,101.47,101.47,361
2026-05-15 00:20:00,101.49,101.53,101.43,101.47,201
2026-05-15 00:25:00,101.46,101.46,101.34,101.43,343
2026-05-15 00:30:00,101.43,101.5,101.35,101.43,346
2026-05-15 00:35:00,101.45,101.52,101.44,101.49,335
2026-05-15 00:40:00,101.5,101.66,101.48,101.61,301
2026-05-15 00:45:00,101.61,101.73,101.59,101.73,369
2026-05-15 00:50:00,101.74,101.75,101.52,101.56,543
2026-05-15 00:55:00,101.58,101.62,101.55,101.61,195
2026-05-15 01:00:00,101.62,101.79,101.62,101.76,114
2026-05-15 01:05:00,101.77,101.83,101.76,101.81,221
2026-05-15 01:10:00,101.81,101.81,101.74,101.77,283
2026-05-15 01:15:00,101.78,101.86,101.74,101.82,316
2026-05-15 01:20:00,101.83,101.87,101.81,101.86,116
2026-05-15 01:25:00,101.85,102.01,101.78,102.0,354
2026-05-15 01:30:00,102.01,102.09,101.91,101.91,339
2026-05-15 01:35:00,101.92,102.03,101.82,102.0,536
2026-05-15 01:40:00,102.02,102.14,102.01,102.09,232
2026-05-15 01:45:00,102.1,102.18,101.9,101.91,582
2026-05-15 01:50:00,101.92,101.98,101.92,101.97,64
2026-05-15 01:55:00,101.98,101.99,101.92,101.92,137
2026-05-15 02:00:00,101.91,102.08,101.9,102.07,177
2026-05-15 02:05:00,102.1,102.14,101.97,101.99,174
2026-05-15 02:10:00,101.97,102.11,101.96,102.09,187
2026-05-15 02:15:00,102.08,102.09,102.02,102.03,128
2026-05-15 02:20:00,102.06,102.07,102.0,102.0,72
2026-05-15 02:25:00,102.02,102.09,102.0,102.02,152
2026-05-15 03:30:00,102.06,102.07,101.81,101.85,0
2026-05-15 03:35:00,101.9,101.94,101.55,101.58,106
2026-05-15 03:40:00,101.52,101.62,101.5,101.53,123
2026-05-15 03:45:00,101.54,101.64,101.48,101.55,123
2026-05-15 03:50:00,101.55,101.68,101.54,101.6,42
2026-05-15 03:55:00,101.59,101.63,101.51,101.55,33
2026-05-15 04:00:00,101.58,101.62,101.58,101.6,13
2026-05-15 04:05:00,101.6,101.61,101.6,101.6,6
2026-05-15 04:10:00,101.62,101.65,101.6,101.64,27
2026-05-15 04:15:00,101.64,101.68,101.51,101.64,40
2026-05-15 04:20:00,101.64,101.97,101.63,101.95,87
2026-05-15 04:25:00,101.91,101.96,101.87,101.96,20
2026-05-15 04:30:00,101.93,101.96,101.87,101.89,41
2026-05-15 04:35:00,101.88,101.88,101.7,101.77,45
2026-05-15 04:40:00,101.79,101.83,101.78,101.83,13
2026-05-15 04:45:00,101.81,102.03,101.78,101.98,52
2026-05-15 04:50:00,101.99,102.0,101.91,101.98,18
2026-05-15 04:55:00,101.95,101.95,101.9,101.9,24
2026-05-15 05:00:00,101.91,101.97,101.9,101.97,25
2026-05-15 05:05:00,101.98,101.98,101.93,101.94,8
2026-05-15 05:10:00,101.95,101.99,101.86,101.99,38
2026-05-15 05:15:00,102.0,102.02,101.96,101.99,21
2026-05-15 05:20:00,101.97,101.97,101.93,101.94,28
2026-05-15 05:25:00,101.96,101.96,101.89,101.93,17
2026-05-15 05:30:00,101.94,101.96,101.73,101.88,54
2026-05-15 05:35:00,101.86,101.87,101.77,101.83,24
2026-05-15 05:40:00,101.77,101.82,101.69,101.82,29
2026-05-15 05:45:00,101.77,101.77,101.63,101.64,42
2026-05-15 05:50:00,101.64,101.75,101.58,101.75,82
2026-05-15 05:55:00,101.8,101.84,101.72,101.76,45
2026-05-15 06:00:00,101.8,101.83,101.78,101.78,16
2026-05-15 06:05:00,101.77,101.87,101.75,101.85,79
2026-05-15 06:10:00,101.85,101.97,101.85,101.97,68
2026-05-15 06:15:00,101.94,102.02,101.91,101.95,39
2026-05-15 06:20:00,101.97,102.01,101.89,101.89,48
2026-05-15 06:25:00,101.9,101.94,101.81,101.84,44
2026-05-15 06:30:00,101.8,101.99,101.68,101.99,44
2026-05-15 06:35:00,101.95,102.04,101.93,101.99,20
2026-05-15 06:40:00,102.0,102.14,101.99,102.09,52
2026-05-15 06:45:00,102.09,102.15,102.07,102.09,49
2026-05-15 06:50:00,102.05,102.48,102.03,102.45,134
2026-05-15 06:55:00,102.45,102.62,102.45,102.52,131
2026-05-15 07:00:00,102.55,102.9,102.5,102.79,286
2026-05-15 07:05:00,102.78,102.78,102.48,102.48,105
2026-05-15 07:10:00,102.41,102.43,102.23,102.23,117
2026-05-15 07:15:00,102.27,102.43,102.27,102.41,65
2026-05-15 07:20:00,102.35,102.35,102.2,102.22,36
2026-05-15 07:25:00,102.22,102.38,102.16,102.38,51
2026-05-15 07:30:00,102.43,102.43,102.35,102.39,32
2026-05-15 07:35:00,102.4,102.5,102.31,102.39,56
2026-05-15 07:40:00,102.4,102.48,102.35,102.48,26
2026-05-15 07:45:00,102.45,102.52,102.45,102.5,28
2026-05-15 07:50:00,102.47,102.67,102.47,102.6,70
2026-05-15 07:55:00,102.64,102.74,102.6,102.73,78
2026-05-15 08:00:00,102.74,102.92,102.71,102.74,98
2026-05-15 08:05:00,102.67,102.85,102.67,102.82,64
2026-05-15 08:10:00,102.8,102.8,102.63,102.76,64
2026-05-15 08:15:00,102.74,102.74,102.57,102.66,77
2026-05-15 08:20:00,102.62,102.67,102.03,102.32,146
2026-05-15 08:25:00,102.3,102.66,102.3,102.63,72
2026-05-15 08:30:00,102.67,102.69,102.61,102.63,14
2026-05-15 08:35:00,102.65,102.65,102.61,102.65,15
2026-05-15 08:40:00,102.6,102.6,102.41,102.41,41
2026-05-15 08:45:00,102.45,102.5,102.45,102.49,11
2026-05-15 08:50:00,102.5,102.56,102.48,102.52,18
2026-05-15 08:55:00,102.52,102.52,102.45,102.46,11
2026-05-15 09:00:00,102.55,102.63,102.55,102.59,14
2026-05-15 09:05:00,102.58,102.61,102.46,102.5,39
2026-05-15 09:10:00,102.47,102.49,102.42,102.42,62
2026-05-15 09:15:00,102.42,102.43,102.36,102.43,15
2026-05-15 09:20:00,102.44,102.46,102.35,102.39,24
2026-05-15 09:25:00,102.39,102.41,102.36,102.37,8
2026-05-15 09:30:00,102.39,102.53,102.39,102.53,20
2026-05-15 09:35:00,102.48,102.59,102.45,102.57,46
2026-05-15 09:40:00,102.57,102.59,102.56,102.58,25
2026-05-15 09:45:00,102.55,102.57,102.54,102.55,47
2026-05-15 09:50:00,102.56,102.59,102.45,102.45,34
2026-05-15 09:55:00,102.47,102.5,102.43,102.43,24
2026-05-15 10:00:00,102.51,102.51,102.43,102.43,30
2026-05-15 10:05:00,102.42,102.43,102.42,102.42,5
2026-05-15 10:10:00,102.43,102.52,102.38,102.52,114
2026-05-15 10:15:00,102.52,102.54,102.49,102.54,15
2026-05-15 10:20:00,102.49,102.5,102.41,102.41,76
2026-05-15 10:25:00,102.41,102.42,102.37,102.38,501
2026-05-15 10:30:00,102.42,102.5,102.42,102.49,26
2026-05-15 10:35:00,102.49,102.69,102.49,102.68,91
2026-05-15 10:40:00,102.68,102.68,102.57,102.57,34
2026-05-15 10:45:00,102.6,102.64,102.59,102.63,19
2026-05-15 10:50:00,102.62,102.67,102.6,102.63,73
2026-05-15 10:55:00,102.62,102.64,102.43,102.5,68
2026-05-15 11:00:00,102.62,102.77,102.62,102.75,56
2026-05-15 11:05:00,102.74,103.04,102.73,102.94,220
2026-05-15 11:10:00,102.98,103.2,102.95,103.09,169
2026-05-15 11:15:00,103.12,103.79,103.12,103.72,542
2026-05-15 11:20:00,103.69,103.72,103.45,103.54,125
2026-05-15 11:25:00,103.49,103.49,103.28,103.34,74
2026-05-15 11:30:00,103.34,103.5,103.22,103.49,78
2026-05-15 11:35:00,103.44,103.6,103.42,103.49,38
2026-05-15 11:40:00,103.55,103.56,103.29,103.29,38
2026-05-15 11:45:00,103.27,103.27,103.12,103.22,47
2026-05-15 11:50:00,103.2,103.39,103.2,103.38,52
2026-05-15 11:55:00,103.39,103.42,103.3,103.39,123
2026-05-15 12:00:00,103.39,103.4,103.11,103.11,72
2026-05-15 12:05:00,103.15,103.35,103.15,103.32,36
2026-05-15 12:10:00,103.26,103.34,103.17,103.17,18
2026-05-15 12:15:00,103.17,103.22,103.07,103.22,62
2026-05-15 12:20:00,103.24,103.37,103.18,103.36,39
2026-05-15 12:25:00,103.36,103.36,103.2,103.2,22
2026-05-15 12:30:00,103.22,103.33,103.15,103.26,89
2026-05-15 12:35:00,103.27,103.47,103.21,103.42,112
2026-05-15 12:40:00,103.36,103.36,103.11,103.14,103
2026-05-15 12:45:00,103.17,103.17,102.9,102.9,94
2026-05-15 12:50:00,102.82,102.9,102.7,102.89,109
2026-05-15 12:55:00,102.85,102.97,102.81,102.96,41
2026-05-15 13:00:00,102.95,102.95,98.58,98.71,12576
2026-05-15 13:05:00,98.73,98.81,98.65,98.78,193
2026-05-15 13:10:00,98.77,98.77,98.62,98.72,221
2026-05-15 13:15:00,98.73,98.85,98.7,98.76,293
2026-05-15 13:20:00,98.75,99.01,98.72,98.97,440
2026-05-15 13:25:00,98.99,99.25,98.93,99.21,269
2026-05-15 13:30:00,99.21,99.5,99.06,99.44,600
2026-05-15 13:35:00,99.42,99.59,99.31,99.39,999
2026-05-15 13:40:00,99.37,99.69,99.35,99.61,464
2026-05-15 13:45:00,99.61,100.26,99.61,100.02,2196
2026-05-15 13:50:00,100.02,100.35,99.98,100.28,1257
2026-05-15 13:55:00,100.3,100.58,100.29,100.51,1588
2026-05-15 14:00:00,100.53,100.76,100.24,100.37,1521
2026-05-15 14:05:00,100.36,100.44,100.24,100.3,475
2026-05-15 14:10:00,100.32,100.48,100.27,100.4,422
2026-05-15 14:15:00,100.4,100.59,100.38,100.5,499
2026-05-15 14:20:00,100.5,100.57,100.44,100.55,665
2026-05-15 14:25:00,100.54,100.59,100.34,100.41,695
2026-05-15 14:30:00,100.42,100.54,100.3,100.31,456
2026-05-15 14:35:00,100.3,100.31,100.07,100.26,546
2026-05-15 14:40:00,100.24,100.45,100.22,100.33,473
2026-05-15 14:45:00,100.3,100.49,100.3,100.43,334
2026-05-15 14:50:00,100.43,100.62,100.38,100.47,403
2026-05-15 14:55:00,100.45,100.58,100.33,100.36,327
2026-05-15 15:00:00,100.39,100.49,100.28,100.46,268
2026-05-15 15:05:00,100.46,100.62,100.41,100.49,424
2026-05-15 15:10:00,100.5,100.63,100.5,100.53,317
2026-05-15 15:15:00,100.52,100.84,100.52,100.72,826
2026-05-15 15:20:00,100.72,100.93,100.72,100.84,1208
2026-05-15 15:25:00,100.86,100.94,100.44,100.81,1752
2026-05-15 15:30:00,100.8,100.84,100.63,100.76,833
2026-05-15 15:35:00,100.76,100.76,100.44,100.56,737
2026-05-15 15:40:00,100.57,100.64,100.04,100.19,862
2026-05-15 15:45:00,100.22,100.37,100.1,100.34,533
2026-05-15 15:50:00,100.32,100.4,99.88,99.99,1069
2026-05-15 15:55:00,99.98,100.2,99.98,100.1,590
2026-05-15 16:00:00,100.07,100.12,99.94,100.04,599
2026-05-15 16:05:00,100.06,100.23,99.95,100.2,540
2026-05-15 16:10:00,100.2,100.38,99.61,99.64,1070
2026-05-15 16:15:00,99.64,99.86,99.08,99.51,3209
2026-05-15 16:20:00,99.51,99.62,98.65,98.91,3046
2026-05-15 16:25:00,98.93,99.33,98.9,99.06,1181
2026-05-15 16:30:00,99.06,99.4,98.88,99.4,923
2026-05-15 16:35:00,99.39,99.66,99.25,99.57,1169
2026-05-15 16:40:00,99.56,99.84,99.47,99.49,532
2026-05-15 16:45:00,99.47,99.52,99.3,99.32,457
2026-05-15 16:50:00,99.34,99.55,99.32,99.53,372
2026-05-15 16:55:00,99.52,99.68,99.48,99.66,332
2026-05-15 17:00:00,99.65,99.86,99.56,99.78,579
2026-05-15 17:05:00,99.8,99.86,99.72,99.78,521
2026-05-15 17:10:00,99.78,99.97,99.78,99.83,734
2026-05-15 17:15:00,99.83,99.86,99.69,99.84,435
2026-05-15 17:20:00,99.83,99.86,99.76,99.8,214
2026-05-15 17:25:00,99.8,100.16,99.78,100.04,768
2026-05-15 17:30:00,100.05,100.18,100.0,100.15,1501
2026-05-15 17:35:00,100.15,100.18,99.93,99.96,1307
2026-05-15 17:40:00,99.98,100.05,99.95,99.97,673
2026-05-15 17:45:00,99.96,99.96,99.55,99.72,2032
2026-05-15 17:50:00,99.73,99.94,99.51,99.92,932
2026-05-15 17:55:00,99.92,100.03,99.81,99.87,776
2026-05-15 18:00:00,99.88,100.02,99.84,99.95,404
2026-05-15 18:05:00,99.95,100.05,99.87,100.02,641
2026-05-15 18:10:00,100.0,100.03,99.89,99.98,421
2026-05-15 18:15:00,99.98,100.01,99.85,99.93,419
2026-05-15 18:20:00,99.95,100.01,99.85,99.88,666
2026-05-15 18:25:00,99.87,100.0,99.8,99.84,1022
2026-05-15 18:30:00,99.83,99.89,99.46,99.46,1816
2026-05-15 18:35:00,99.46,99.56,99.36,99.51,1189
2026-05-15 18:40:00,99.49,99.57,99.38,99.49,966
2026-05-15 18:45:00,99.49,99.61,99.32,99.46,1358
2026-05-15 18:50:00,99.46,99.47,99.3,99.36,787
2026-05-15 18:55:00,99.35,99.57,99.31,99.48,1296
2026-05-15 19:00:00,99.49,99.58,99.35,99.41,1401
2026-05-15 19:05:00,99.43,99.51,99.18,99.28,2101
2026-05-15 19:10:00,99.29,99.6,99.2,99.57,1253
2026-05-15 19:15:00,99.58,99.83,99.53,99.74,1273
2026-05-15 19:20:00,99.73,99.9,99.65,99.72,1072
2026-05-15 19:25:00,99.73,99.9,99.71,99.89,778
2026-05-15 19:30:00,99.89,100.04,99.79,99.82,1403
2026-05-15 19:35:00,99.8,99.82,99.47,99.59,1257
2026-05-15 19:40:00,99.58,99.66,99.36,99.4,1569
2026-05-15 19:45:00,99.39,99.53,99.33,99.36,1408
2026-05-15 19:50:00,99.36,99.74,99.21,99.72,2204
2026-05-15 19:55:00,99.72,99.98,99.71,99.78,1360
2026-05-15 20:00:00,99.77,99.92,99.71,99.81,1228
2026-05-15 20:05:00,99.82,99.95,99.72,99.9,1030
2026-05-15 20:10:00,99.91,100.25,99.9,100.16,1974
2026-05-15 20:15:00,100.16,100.42,100.12,100.4,1524
2026-05-15 20:20:00,100.41,100.56,100.21,100.21,1426
2026-05-15 20:25:00,100.21,100.32,100.17,100.28,1860
2026-05-15 20:30:00,100.29,100.39,100.25,100.35,1459
2026-05-15 20:35:00,100.35,100.4,100.04,100.06,2260
2026-05-15 20:40:00,100.07,100.3,99.99,100.24,1334
2026-05-15 20:45:00,100.25,100.4,100.24,100.35,1107
2026-05-15 20:50:00,100.34,100.41,100.22,100.29,830
2026-05-15 20:55:00,100.3,100.41,100.1,100.1,2325
2026-05-15 21:00:00,100.09,100.17,99.91,100.14,1487
2026-05-15 21:05:00,100.15,100.42,100.11,100.42,790
2026-05-15 21:10:00,100.42,100.59,100.29,100.53,2123
2026-05-15 21:15:00,100.52,100.84,100.51,100.84,1635
2026-05-15 21:20:00,100.84,101.19,100.84,101.1,2564
2026-05-15 21:25:00,101.11,101.17,100.87,100.93,1341
2026-05-15 21:30:00,100.92,101.03,100.84,100.92,1278
2026-05-15 21:35:00,100.92,101.23,100.89,101.05,1710
2026-05-15 21:40:00,101.04,101.12,100.68,100.8,2120
2026-05-15 21:45:00,100.81,100.93,100.74,100.88,1017
2026-05-15 21:50:00,100.88,100.89,100.61,100.64,1092
2026-05-15 21:55:00,100.65,100.76,100.59,100.65,980
2026-05-15 22:00:00,100.65,100.69,100.57,100.61,1145
2026-05-15 22:05:00,100.61,100.79,100.6,100.7,1156
2026-05-15 22:10:00,100.7,100.8,100.67,100.75,1024
2026-05-15 22:15:00,100.75,100.81,100.71,100.76,914
2026-05-15 22:20:00,100.75,100.81,100.69,100.75,922
2026-05-15 22:25:00,100.75,100.75,100.59,100.73,1051
2026-05-15 22:30:00,100.73,100.77,100.52,100.52,819
2026-05-15 22:35:00,100.53,100.55,100.39,100.49,1155
2026-05-15 22:40:00,100.48,100.52,100.35,100.38,659
2026-05-15 22:45:00,100.38,100.47,100.31,100.43,658
2026-05-15 22:50:00,100.43,100.59,100.37,100.54,897
2026-05-15 22:55:00,100.53,100.62,100.44,100.59,1178
2026-05-15 23:00:00,100.59,100.68,100.56,100.61,918
2026-05-15 23:05:00,100.61,100.7,100.55,100.64,710
2026-05-15 23:10:00,100.63,100.74,100.62,100.65,940
2026-05-15 23:15:00,100.66,100.75,100.57,100.73,826
2026-05-15 23:20:00,100.74,100.9,100.68,100.72,1615
2026-05-15 23:25:00,100.71,100.84,100.64,100.67,1815
2026-05-15 23:30:00,100.66,100.86,100.62,100.84,887
2026-05-15 23:35:00,100.85,101.09,100.81,101.02,1253
2026-05-15 23:40:00,101.01,101.03,100.83,100.9,1192
2026-05-15 23:45:00,100.9,101.02,100.82,101.0,1519
2026-05-15 23:50:00,101.0,101.05,100.86,100.96,1922
2026-05-15 23:55:00,100.95,101.13,100.85,101.13,8441
2026-05-16 00:00:00,101.12,101.39,101.09,101.3,2108
2026-05-16 00:05:00,101.3,101.31,101.16,101.16,820
2026-05-16 00:10:00,101.15,101.23,101.07,101.09,487
2026-05-16 00:15:00,101.09,101.18,101.06,101.06,571
2026-05-16 00:20:00,101.05,101.1,100.96,100.97,1061
2026-05-16 00:25:00,100.98,101.07,100.96,100.98,618
2026-05-16 00:30:00,100.98,101.07,100.98,101.04,404
2026-05-16 00:35:00,101.04,101.04,100.9,100.92,398
2026-05-16 00:40:00,100.93,101.01,100.9,100.98,383
2026-05-16 00:45:00,100.98,101.24,100.97,101.16,647
2026-05-16 00:50:00,101.15,101.22,101.09,101.11,264
2026-05-16 00:55:00,101.12,101.12,101.02,101.1,555
2026-05-16 01:00:00,101.08,101.13,101.01,101.12,402
2026-05-16 01:05:00,101.11,101.15,101.03,101.09,258
2026-05-16 01:10:00,101.09,101.09,100.93,101.03,680
2026-05-16 01:15:00,101.02,101.08,100.98,101.05,314
2026-05-16 01:20:00,101.06,101.32,101.06,101.3,1156
2026-05-16 01:25:00,101.28,101.38,101.17,101.21,609
2026-05-16 01:30:00,101.24,101.44,101.21,101.4,518
2026-05-16 01:35:00,101.4,101.53,101.4,101.53,576
2026-05-16 01:40:00,101.52,101.57,101.48,101.49,364
2026-05-16 01:45:00,101.47,101.47,101.25,101.25,272
2026-05-16 01:50:00,101.26,101.34,101.23,101.32,155
2026-05-16 01:55:00,101.32,101.36,101.25,101.27,259
2026-05-16 02:00:00,101.28,101.35,101.2,101.25,291
2026-05-16 02:05:00,101.26,101.28,101.09,101.11,268
2026-05-16 02:10:00,101.1,101.14,101.05,101.07,130
2026-05-16 02:15:00,101.07,101.17,100.98,101.14,190
2026-05-16 02:20:00,101.13,101.24,101.09,101.1,556
2026-05-16 02:25:00,101.11,101.23,101.02,101.02,590
2026-05-16 02:30:00,101.02,101.02,101.02,101.02,0
2026-05-18 03:40:00,102.03,102.3,102.0,102.26,2967
2026-05-18 03:45:00,102.24,102.37,102.22,102.28,384
2026-05-18 03:50:00,102.27,102.49,102.19,102.46,261
2026-05-18 03:55:00,102.48,102.56,102.41,102.54,262
2026-05-18 04:00:00,102.53,102.56,102.38,102.56,239
2026-05-18 04:05:00,102.54,102.54,102.34,102.39,190
2026-05-18 04:10:00,102.4,102.4,102.27,102.31,160
2026-05-18 04:15:00,102.32,102.4,102.32,102.38,71
2026-05-18 04:20:00,102.41,102.47,102.38,102.38,104
2026-05-18 04:25:00,102.38,102.38,102.25,102.25,111
2026-05-18 04:30:00,102.26,102.38,102.25,102.35,88
2026-05-18 04:35:00,102.35,102.43,102.31,102.4,120
2026-05-18 04:40:00,102.41,102.48,102.35,102.43,136
2026-05-18 04:45:00,102.42,102.51,102.41,102.46,176
2026-05-18 04:50:00,102.47,102.57,102.42,102.55,100
2026-05-18 04:55:00,102.58,102.67,102.55,102.64,182
2026-05-18 05:00:00,102.65,102.68,102.6,102.65,90
2026-05-18 05:05:00,102.63,102.63,102.52,102.54,110
2026-05-18 05:10:00,102.52,102.7,102.52,102.62,188
2026-05-18 05:15:00,102.61,102.61,102.52,102.52,68
2026-05-18 05:20:00,102.53,102.63,102.53,102.63,58
2026-05-18 05:25:00,102.62,102.64,102.35,102.48,346
2026-05-18 05:30:00,102.45,102.45,102.15,102.16,328
2026-05-18 05:35:00,102.2,102.21,102.0,102.1,543
2026-05-18 05:40:00,102.1,102.28,102.08,102.26,250
2026-05-18 05:45:00,102.24,102.4,102.17,102.3,369
2026-05-18 05:50:00,102.31,102.34,102.22,102.32,203
2026-05-18 05:55:00,102.31,102.34,102.18,102.32,130
2026-05-18 06:00:00,102.3,102.46,102.3,102.41,256
2026-05-18 06:05:00,102.4,102.65,102.35,102.62,376
2026-05-18 06:10:00,102.63,102.87,102.63,102.84,356
2026-05-18 06:15:00,102.85,102.95,102.81,102.89,478
2026-05-18 06:20:00,102.9,103.23,102.83,103.12,730
2026-05-18 06:25:00,103.1,103.11,102.91,102.98,351
2026-05-18 06:30:00,102.97,103.4,102.65,103.28,863
2026-05-18 06:35:00,103.3,103.46,103.15,103.26,569
2026-05-18 06:40:00,103.29,103.59,103.14,103.56,819
2026-05-18 06:45:00,103.59,103.96,103.44,103.91,1709
2026-05-18 06:50:00,103.91,104.37,103.86,103.99,1838
2026-05-18 06:55:00,104.0,104.15,103.92,104.03,268
2026-05-18 07:00:00,103.96,104.0,103.81,103.88,355
2026-05-18 07:05:00,103.91,103.93,103.65,103.8,421
2026-05-18 07:10:00,103.81,103.92,103.64,103.71,462
2026-05-18 07:15:00,103.69,103.7,103.24,103.26,442
2026-05-18 07:20:00,103.27,103.41,103.1,103.36,358
2026-05-18 07:25:00,103.38,103.43,103.13,103.32,295
2026-05-18 07:30:00,103.33,103.43,103.26,103.39,220
2026-05-18 07:35:00,103.4,103.73,103.38,103.68,397
2026-05-18 07:40:00,103.7,103.71,103.36,103.4,353
2026-05-18 07:45:00,103.35,103.36,103.23,103.23,100
2026-05-18 07:50:00,103.24,103.36,103.21,103.32,125
2026-05-18 07:55:00,103.33,103.4,103.3,103.3,106
2026-05-18 08:00:00,103.34,103.41,103.15,103.29,339
2026-05-18 08:05:00,103.3,103.38,103.22,103.22,159
2026-05-18 08:10:00,103.24,103.3,103.14,103.26,114
2026-05-18 08:15:00,103.29,103.32,103.23,103.27,106
2026-05-18 08:20:00,103.28,103.35,103.19,103.2,153
2026-05-18 08:25:00,103.18,103.33,103.14,103.27,131
2026-05-18 08:30:00,103.26,103.3,103.18,103.21,98
2026-05-18 08:35:00,103.22,103.33,103.19,103.33,80
2026-05-18 08:40:00,103.3,103.31,103.21,103.3,73
2026-05-18 08:45:00,103.29,103.31,103.28,103.28,27
2026-05-18 08:50:00,103.29,103.29,103.08,103.15,184
2026-05-18 08:55:00,103.16,103.23,103.13,103.22,141
2026-05-18 09:00:00,103.21,103.4,103.21,103.32,142
2026-05-18 09:05:00,103.33,103.34,103.2,103.2,72
2026-05-18 09:10:00,103.22,103.26,103.11,103.16,121
2026-05-18 09:15:00,103.16,103.31,103.16,103.27,107
2026-05-18 09:20:00,103.26,103.29,103.21,103.22,98
2026-05-18 09:25:00,103.23,103.24,103.18,103.19,39
2026-05-18 09:30:00,103.19,103.21,103.07,103.16,219
2026-05-18 09:35:00,103.14,103.17,103.11,103.16,74
2026-05-18 09:40:00,103.16,103.17,103.04,103.15,123
2026-05-18 09:45:00,103.16,103.24,103.1,103.22,296
2026-05-18 09:50:00,103.26,103.27,103.21,103.26,62
2026-05-18 09:55:00,103.27,103.34,103.25,103.32,88
2026-05-18 10:00:00,103.32,103.33,103.14,103.18,146
2026-05-18 10:05:00,103.19,103.26,103.14,103.25,99
2026-05-18 10:10:00,103.23,103.24,103.02,103.04,147
2026-05-18 10:15:00,103.03,103.21,103.0,103.19,246
2026-05-18 10:20:00,103.17,103.28,103.12,103.12,57
2026-05-18 10:25:00,103.13,103.23,103.11,103.17,41
2026-05-18 10:30:00,103.15,103.18,102.95,102.96,166
2026-05-18 10:35:00,102.96,103.08,102.87,103.06,280
2026-05-18 10:40:00,103.06,103.14,103.05,103.12,52
2026-05-18 10:45:00,103.1,103.21,103.05,103.21,126
2026-05-18 10:50:00,103.2,103.31,103.14,103.14,170
2026-05-18 10:55:00,103.17,103.2,103.08,103.17,75
2026-05-18 11:00:00,103.12,103.25,102.97,103.13,153
2026-05-18 11:05:00,103.16,103.16,102.73,102.75,266
2026-05-18 11:10:00,102.76,102.89,102.7,102.79,273
2026-05-18 11:15:00,102.85,102.85,102.56,102.78,217
2026-05-18 11:20:00,102.78,102.86,102.69,102.69,121
2026-05-18 11:25:00,102.7,102.89,102.66,102.88,180
2026-05-18 11:30:00,102.88,102.97,102.81,102.96,238
2026-05-18 11:35:00,102.97,103.09,102.93,102.98,363
2026-05-18 11:40:00,102.97,103.14,102.92,103.05,241
2026-05-18 11:45:00,103.06,103.19,102.97,103.19,219
2026-05-18 11:50:00,103.17,103.32,103.16,103.23,467
2026-05-18 11:55:00,103.22,103.29,103.18,103.26,207
2026-05-18 12:00:00,103.26,103.45,103.24,103.37,362
2026-05-18 12:10:00,101.02,101.02,101.02,101.02,408
2026-05-18 12:15:00,103.13,103.2,103.06,103.18,334
2026-05-18 12:20:00,103.19,103.2,102.92,102.94,361
2026-05-18 12:25:00,102.92,102.98,102.8,102.87,384
2026-05-18 12:30:00,102.84,102.92,102.74,102.76,321
2026-05-18 12:35:00,102.77,102.77,102.57,102.59,374
2026-05-18 12:40:00,102.6,102.93,102.6,102.91,565
2026-05-18 12:45:00,102.89,102.92,102.59,102.63,322
2026-05-18 12:50:00,102.67,102.73,102.41,102.46,705
2026-05-18 12:55:00,102.46,102.5,102.02,102.12,1361
2026-05-18 13:00:00,102.11,102.11,101.6,101.73,1908
2026-05-18 13:05:00,101.74,101.98,101.69,101.98,768
2026-05-18 13:10:00,101.97,102.05,101.77,101.95,748
2026-05-18 13:15:00,101.93,102.05,101.86,101.89,375
2026-05-18 13:20:00,101.88,102.28,101.87,102.16,706
2026-05-18 13:25:00,102.17,102.25,101.83,102.18,1467
2026-05-18 13:30:00,102.18,102.19,101.83,101.92,692
2026-05-18 13:35:00,101.91,101.91,101.63,101.76,552
2026-05-18 13:40:00,101.77,102.16,101.77,102.16,731
2026-05-18 13:45:00,102.15,102.4,102.07,102.29,574
2026-05-18 13:50:00,102.29,102.43,102.05,102.05,573
2026-05-18 13:55:00,102.05,102.33,101.96,102.11,911
2026-05-18 14:00:00,102.11,102.17,101.76,101.85,965
2026-05-18 14:05:00,101.85,102.08,101.84,102.08,247
2026-05-18 14:10:00,102.06,102.07,101.87,102.0,344
2026-05-18 14:15:00,101.99,101.99,101.78,101.9,347
2026-05-18 14:20:00,101.88,101.9,101.71,101.81,485
2026-05-18 14:25:00,101.81,101.88,101.77,101.81,331
2026-05-18 14:30:00,101.8,102.05,101.7,101.98,563
2026-05-18 14:35:00,102.01,102.11,101.9,102.11,317
2026-05-18 14:40:00,102.11,102.19,101.96,102.08,193
2026-05-18 14:45:00,102.08,102.35,102.04,102.34,337
2026-05-18 14:50:00,102.34,102.34,102.17,102.32,283
2026-05-18 14:55:00,102.3,102.56,102.17,102.22,903
2026-05-18 15:00:00,102.22,102.23,101.86,101.89,786
2026-05-18 15:05:00,101.88,102.08,101.87,102.03,381
2026-05-18 15:10:00,102.04,102.09,101.97,102.08,333
2026-05-18 15:15:00,102.07,102.13,102.01,102.06,396
2026-05-18 15:20:00,102.07,102.27,101.98,102.27,314
2026-05-18 15:25:00,102.27,102.31,102.15,102.21,504
2026-05-18 15:30:00,102.2,102.36,102.1,102.35,663
2026-05-18 15:35:00,102.35,102.4,102.25,102.31,231
2026-05-18 15:40:00,102.3,102.31,102.18,102.27,177
2026-05-18 15:45:00,102.28,102.32,102.21,102.23,139
2026-05-18 15:50:00,102.25,102.33,102.19,102.29,219
2026-05-18 15:55:00,102.28,102.29,102.12,102.12,273
2026-05-18 16:00:00,102.12,102.52,102.06,102.49,338
2026-05-18 16:05:00,102.46,102.49,102.38,102.43,271
2026-05-18 16:10:00,102.42,102.43,102.22,102.25,281
2026-05-18 16:15:00,102.24,102.26,102.16,102.22,152
2026-05-18 16:20:00,102.23,102.38,102.15,102.34,306
2026-05-18 16:25:00,102.34,102.51,102.34,102.43,488
2026-05-18 16:30:00,102.46,102.55,102.32,102.51,550
2026-05-18 16:35:00,102.52,103.13,102.48,103.09,2753
2026-05-18 16:40:00,103.09,103.26,102.47,102.58,2881
2026-05-18 16:45:00,102.59,102.64,102.26,102.32,735
2026-05-18 16:50:00,102.34,102.38,102.26,102.33,465
2026-05-18 16:55:00,102.34,102.45,102.29,102.39,279
2026-05-18 17:00:00,102.4,102.46,101.4,101.68,3360
2026-05-18 17:05:00,101.66,101.74,100.5,100.98,3704
2026-05-18 17:10:00,100.99,101.21,100.16,100.39,3382
2026-05-18 17:15:00,100.37,100.81,100.34,100.72,1747
2026-05-18 17:20:00,100.72,101.1,100.72,100.88,1909
2026-05-18 17:25:00,100.9,100.97,100.64,100.89,1218
2026-05-18 17:30:00,100.91,101.02,100.75,100.96,1044
2026-05-18 17:35:00,100.98,101.06,100.77,100.98,1696
2026-05-18 17:40:00,100.99,101.38,100.98,101.33,1019
2026-05-18 17:45:00,101.32,101.61,101.19,101.49,2041
2026-05-18 17:50:00,101.51,101.54,101.03,101.07,1071
2026-05-18 17:55:00,101.07,101.17,101.04,101.12,838
2026-05-18 18:00:00,101.09,101.1,100.35,100.37,2220
2026-05-18 18:05:00,100.4,100.54,100.0,100.06,4305
2026-05-18 18:10:00,100.06,100.16,99.24,99.25,4068
2026-05-18 18:15:00,99.23,99.45,98.6,98.91,4584
2026-05-18 18:20:00,98.91,99.49,98.8,99.39,3231
2026-05-18 18:25:00,99.39,99.5,98.91,99.04,3270
2026-05-18 18:30:00,99.07,100.0,98.95,99.54,6516
2026-05-18 18:35:00,99.54,99.91,99.36,99.77,2948
2026-05-18 18:40:00,99.76,99.95,99.46,99.57,2375
2026-05-18 18:45:00,99.55,99.79,99.51,99.7,1148
2026-05-18 18:50:00,99.68,99.78,99.56,99.66,943
2026-05-18 18:55:00,99.64,99.68,99.41,99.61,2283
2026-05-18 19:00:00,99.63,99.94,99.59,99.93,3025
2026-05-18 19:05:00,99.93,99.99,99.73,99.85,2302
2026-05-18 19:10:00,99.86,100.24,99.5,100.04,5093
2026-05-18 19:15:00,100.02,100.07,99.04,99.31,4336
2026-05-18 19:20:00,99.29,99.45,99.13,99.34,1317
2026-05-18 19:25:00,99.34,99.75,99.3,99.59,2138
2026-05-18 19:30:00,99.58,100.48,99.55,100.38,3158
2026-05-18 19:35:00,100.36,100.87,100.21,100.58,7931
2026-05-18 19:40:00,100.59,101.07,100.39,100.76,3590
2026-05-18 19:45:00,100.77,100.97,100.5,100.64,1487
2026-05-18 19:50:00,100.65,101.32,100.58,101.19,3329
2026-05-18 19:55:00,101.17,101.41,101.1,101.37,2204
2026-05-18 20:00:00,101.36,101.98,101.25,101.9,2863
2026-05-18 20:05:00,101.84,102.15,101.59,101.69,2647
2026-05-18 20:10:00,101.68,102.21,101.68,102.06,2481
2026-05-18 20:15:00,102.07,102.3,101.93,102.0,2644
2026-05-18 20:20:00,102.03,102.17,101.95,102.11,1339
2026-05-18 20:25:00,102.09,102.37,102.06,102.22,1550
2026-05-18 20:30:00,102.21,103.06,102.03,102.89,6798
2026-05-18 20:35:00,102.89,103.02,102.48,102.92,3520
2026-05-18 20:40:00,102.92,102.98,102.58,102.68,1848
2026-05-18 20:45:00,102.68,102.93,102.6,102.78,1774
2026-05-18 20:50:00,102.78,102.92,102.64,102.78,2392
2026-05-18 20:55:00,102.77,103.02,102.74,102.99,3274
2026-05-18 21:00:00,102.99,103.13,102.85,102.92,2364
2026-05-18 21:05:00,102.91,103.12,102.78,102.9,1786
2026-05-18 21:10:00,102.91,102.97,102.6,102.92,2627
2026-05-18 21:15:00,102.92,102.93,102.68,102.83,1586
2026-05-18 21:20:00,102.83,102.9,102.68,102.73,1362
2026-05-18 21:25:00,102.75,102.88,102.69,102.85,1829
2026-05-18 21:30:00,102.84,103.05,102.79,103.01,1870
2026-05-18 21:35:00,103.01,103.08,102.84,103.01,1391
2026-05-18 21:40:00,103.0,103.14,102.95,102.96,1220
2026-05-18 21:45:00,102.97,102.99,102.85,102.9,835
2026-05-18 21:50:00,102.89,103.12,102.72,103.01,2715
2026-05-18 21:55:00,102.98,103.64,102.93,103.33,3993
2026-05-18 22:00:00,103.34,103.47,102.98,103.07,2006
2026-05-18 22:05:00,103.08,103.15,102.89,103.03,1466
2026-05-18 22:10:00,103.05,103.21,103.05,103.11,1695
2026-05-18 22:15:00,103.11,103.18,102.92,102.93,1687
2026-05-18 22:20:00,102.93,102.96,102.82,102.93,1078
2026-05-18 22:25:00,102.92,103.0,102.71,102.91,2574
2026-05-18 22:30:00,102.91,103.06,102.75,102.79,1303
2026-05-18 22:35:00,102.79,102.82,102.35,102.41,2892
2026-05-18 22:40:00,102.42,102.52,102.24,102.52,1652
2026-05-18 22:45:00,102.51,102.52,102.19,102.33,1257
2026-05-18 22:50:00,102.35,102.66,102.32,102.61,1180
2026-05-18 22:55:00,102.61,102.63,102.5,102.61,706
2026-05-18 23:00:00,102.59,102.9,102.58,102.83,1596
2026-05-18 23:05:00,102.83,103.07,102.83,103.0,1984
2026-05-18 23:10:00,103.0,103.0,102.82,102.97,1238
2026-05-18 23:15:00,102.98,103.04,102.89,102.96,1555
2026-05-18 23:20:00,102.94,103.06,102.86,103.04,1037
2026-05-18 23:25:00,103.03,103.12,102.98,103.03,1413
2026-05-18 23:30:00,103.02,103.32,103.01,103.28,2260
2026-05-18 23:35:00,103.27,103.59,103.27,103.56,1933
2026-05-18 23:40:00,103.57,103.71,103.53,103.7,3644
2026-05-18 23:45:00,103.68,104.21,103.67,104.13,4600
2026-05-18 23:50:00,104.12,104.68,104.11,104.66,4530
2026-05-18 23:55:00,104.64,105.21,104.15,104.42,17161
2026-05-19 00:00:00,104.42,104.55,104.28,104.31,2666
2026-05-19 00:05:00,104.31,104.4,104.21,104.37,1439
2026-05-19 00:10:00,104.36,104.41,104.16,104.2,824
2026-05-19 00:15:00,104.2,104.42,104.16,104.4,866
2026-05-19 00:20:00,104.4,104.49,104.39,104.46,502
2026-05-19 00:25:00,104.48,104.7,104.34,104.65,2187
2026-05-19 00:30:00,104.66,104.8,101.92,102.96,8854
2026-05-19 00:35:00,102.92,103.12,102.12,102.26,3786
2026-05-19 00:40:00,102.27,102.7,102.12,102.52,2302
2026-05-19 00:45:00,102.5,102.65,101.97,102.21,1448
2026-05-19 00:50:00,102.21,102.65,102.1,102.64,1090
2026-05-19 00:55:00,102.65,102.87,102.34,102.39,1083
2026-05-19 01:00:00,102.41,102.45,102.0,102.27,677
2026-05-19 01:05:00,102.27,102.27,101.98,102.01,582
2026-05-19 01:10:00,102.01,102.04,101.56,101.8,1393
2026-05-19 01:15:00,101.82,101.98,101.56,101.65,669
2026-05-19 01:20:00,101.63,101.76,101.46,101.52,980
2026-05-19 01:25:00,101.53,102.03,101.41,101.96,1092
2026-05-19 01:30:00,101.96,101.98,101.78,101.93,521
2026-05-19 01:35:00,101.95,102.06,101.74,101.92,879
2026-05-19 01:40:00,101.9,101.95,101.37,101.39,1236
2026-05-19 01:45:00,101.43,101.45,101.1,101.31,994
2026-05-19 01:50:00,101.33,101.64,101.25,101.49,507
2026-05-19 01:55:00,101.46,101.74,101.46,101.7,170
2026-05-19 02:00:00,101.72,102.01,101.68,101.82,486
2026-05-19 02:05:00,101.82,101.9,101.77,101.88,126
2026-05-19 02:10:00,101.88,102.02,101.87,101.91,354
2026-05-19 02:15:00,101.92,102.14,101.87,102.14,497
2026-05-19 02:20:00,102.15,102.53,102.11,102.46,1571
2026-05-19 02:25:00,102.48,102.6,102.31,102.45,682
2026-05-19 02:30:00,102.49,102.49,102.49,102.49,2
2026-05-19 03:30:00,102.58,102.74,102.12,102.37,0
2026-05-19 03:35:00,102.35,102.45,102.21,102.37,337
2026-05-19 03:40:00,102.35,102.48,102.33,102.46,75
2026-05-19 03:45:00,102.44,102.44,102.3,102.32,50
2026-05-19 03:50:00,102.34,102.44,102.34,102.4,77
2026-05-19 03:55:00,102.39,102.68,102.37,102.4,310
2026-05-19 04:00:00,102.38,102.45,102.33,102.44,905
2026-05-19 04:05:00,102.46,102.51,102.46,102.48,58
2026-05-19 04:10:00,102.49,102.49,102.4,102.45,79
2026-05-19 04:15:00,102.44,102.55,102.41,102.44,100
2026-05-19 04:20:00,102.43,102.49,102.41,102.49,96
2026-05-19 04:25:00,102.48,102.52,102.45,102.45,22
2026-05-19 04:30:00,102.45,102.52,102.45,102.5,93
2026-05-19 04:35:00,102.51,102.51,102.48,102.48,16
2026-05-19 04:40:00,102.48,102.49,102.45,102.45,22
2026-05-19 04:45:00,102.45,102.46,102.32,102.39,105
2026-05-19 04:50:00,102.38,102.48,102.37,102.42,41
2026-05-19 04:55:00,102.45,102.46,102.44,102.44,8
2026-05-19 05:00:00,102.43,102.45,102.39,102.41,23
2026-05-19 05:05:00,102.41,102.47,102.39,102.47,23
2026-05-19 05:10:00,102.48,102.48,102.36,102.36,40
2026-05-19 05:15:00,102.39,102.41,102.33,102.33,29
2026-05-19 05:20:00,102.33,102.52,102.26,102.49,82
2026-05-19 05:25:00,102.49,102.52,102.3,102.3,95
2026-05-19 05:30:00,102.3,102.75,102.22,102.66,444
2026-05-19 05:35:00,102.64,102.71,102.47,102.55,117
2026-05-19 05:40:00,102.55,102.65,102.43,102.47,165
2026-05-19 05:45:00,102.47,102.7,102.47,102.57,204
2026-05-19 05:50:00,102.56,102.57,102.43,102.54,76
2026-05-19 05:55:00,102.52,102.61,102.5,102.54,83
2026-05-19 06:00:00,102.54,102.54,102.37,102.51,137
2026-05-19 06:05:00,102.5,102.55,102.4,102.43,127
2026-05-19 06:10:00,102.41,102.51,102.34,102.36,171
2026-05-19 06:15:00,102.36,102.4,102.24,102.27,226
2026-05-19 06:20:00,102.29,102.49,102.25,102.47,215
2026-05-19 06:25:00,102.46,102.56,102.3,102.51,251
2026-05-19 06:30:00,102.47,102.89,102.46,102.79,695
2026-05-19 06:35:00,102.82,102.93,102.74,102.79,189
2026-05-19 06:40:00,102.79,102.93,102.64,102.91,201
2026-05-19 06:45:00,102.9,102.99,102.86,102.93,129
2026-05-19 06:50:00,102.91,103.0,102.84,102.91,264
2026-05-19 06:55:00,102.9,102.9,102.72,102.78,242
2026-05-19 07:00:00,102.77,102.8,102.7,102.7,94
2026-05-19 07:05:00,102.69,102.7,102.39,102.45,182
2026-05-19 07:10:00,102.47,102.52,102.24,102.4,730
2026-05-19 07:15:00,102.4,102.67,102.39,102.58,228
2026-05-19 07:20:00,102.58,102.58,102.38,102.38,141
2026-05-19 07:25:00,102.39,102.56,102.37,102.53,125
2026-05-19 07:30:00,102.5,102.6,102.42,102.57,164
2026-05-19 07:35:00,102.58,102.68,102.56,102.68,89
2026-05-19 07:40:00,102.69,102.69,102.57,102.58,48
2026-05-19 07:45:00,102.58,102.82,102.57,102.74,253
2026-05-19 07:50:00,102.75,102.75,102.57,102.59,67
2026-05-19 07:55:00,102.56,102.61,102.51,102.59,103
2026-05-19 08:00:00,102.63,102.88,102.59,102.86,104
2026-05-19 08:05:00,102.82,103.1,102.81,102.95,196
2026-05-19 08:10:00,102.96,102.97,102.85,102.86,91
2026-05-19 08:15:00,102.87,102.89,102.81,102.84,107
2026-05-19 08:20:00,102.9,102.94,102.8,102.89,77
2026-05-19 08:25:00,102.88,102.94,102.86,102.91,83
2026-05-19 08:30:00,102.93,103.13,102.91,103.03,175
2026-05-19 08:35:00,103.01,103.04,102.9,102.95,87
2026-05-19 08:40:00,102.94,102.98,102.9,102.94,103
2026-05-19 08:45:00,102.92,102.93,102.85,102.87,47
2026-05-19 08:50:00,102.88,102.93,102.85,102.88,50
2026-05-19 08:55:00,102.88,102.88,102.79,102.81,91
2026-05-19 09:00:00,102.81,102.81,102.69,102.74,143
2026-05-19 09:05:00,102.74,102.75,102.67,102.7,83
2026-05-19 09:10:00,102.7,102.75,102.68,102.73,76
2026-05-19 09:15:00,102.75,102.83,102.74,102.8,113
2026-05-19 09:20:00,102.79,102.9,102.78,102.88,63
2026-05-19 09:25:00,102.87,102.91,102.86,102.87,49
2026-05-19 09:30:00,102.84,102.91,102.8,102.8,87
2026-05-19 09:35:00,102.8,102.85,102.71,102.72,87
2026-05-19 09:40:00,102.71,102.75,102.64,102.75,72
2026-05-19 09:45:00,102.74,102.82,102.74,102.78,52
2026-05-19 09:50:00,102.77,102.78,102.7,102.71,43
2026-05-19 09:55:00,102.73,102.8,102.73,102.73,35
2026-05-19 10:00:00,102.73,102.78,102.69,102.75,47
2026-05-19 10:05:00,102.76,102.85,102.73,102.81,86
2026-05-19 10:10:00,102.81,102.92,102.77,102.84,91
2026-05-19 10:15:00,102.85,102.9,102.8,102.89,24
2026-05-19 10:20:00,102.9,102.91,102.72,102.73,55
2026-05-19 10:25:00,102.71,102.74,102.59,102.65,71
2026-05-19 10:30:00,102.64,102.73,102.61,102.68,94
2026-05-19 10:35:00,102.7,102.7,102.58,102.7,110
2026-05-19 10:40:00,102.71,102.71,102.61,102.64,59
2026-05-19 10:45:00,102.63,102.74,102.63,102.74,43
2026-05-19 10:50:00,102.74,103.38,102.74,103.2,755
2026-05-19 10:55:00,103.22,103.24,102.95,103.01,144
2026-05-19 11:00:00,103.05,103.37,103.04,103.37,210
2026-05-19 11:05:00,103.34,103.45,103.12,103.2,176
2026-05-19 11:10:00,103.2,103.31,103.16,103.29,111
2026-05-19 11:15:00,103.28,103.3,103.18,103.18,83
2026-05-19 11:20:00,103.19,103.21,103.13,103.19,59
2026-05-19 11:25:00,103.19,103.32,103.09,103.16,167
2026-05-19 11:30:00,103.16,103.7,103.14,103.28,972
2026-05-19 11:35:00,103.3,103.45,103.03,103.08,926
2026-05-19 11:40:00,103.07,103.1,102.74,102.91,1305
2026-05-19 11:45:00,102.9,103.2,102.87,103.0,271
2026-05-19 11:50:00,102.99,103.03,102.92,102.96,144
2026-05-19 11:55:00,102.94,103.52,102.94,103.43,802
2026-05-19 12:00:00,103.45,103.64,103.36,103.58,949
2026-05-19 12:05:00,103.56,103.64,103.41,103.41,496
2026-05-19 12:10:00,103.4,103.52,103.36,103.52,210
2026-05-19 12:15:00,103.52,103.85,103.5,103.75,728
2026-05-19 12:20:00,103.75,103.78,103.62,103.66,234
2026-05-19 12:25:00,103.68,103.8,103.62,103.72,148
2026-05-19 12:30:00,103.71,104.0,103.7,103.9,1095
2026-05-19 12:35:00,103.91,103.93,103.49,103.69,447
2026-05-19 12:40:00,103.67,103.72,103.53,103.53,193
2026-05-19 12:45:00,103.56,103.7,103.5,103.59,248
2026-05-19 12:50:00,103.57,103.63,103.49,103.5,290
2026-05-19 12:55:00,103.52,103.65,103.52,103.55,301
2026-05-19 13:00:00,103.54,103.71,103.52,103.67,275
2026-05-19 13:05:00,103.68,103.75,103.59,103.68,201
2026-05-19 13:10:00,103.69,103.77,103.48,103.55,341
2026-05-19 13:15:00,103.55,103.58,103.16,103.22,769
2026-05-19 13:20:00,103.22,103.31,103.08,103.2,407
2026-05-19 13:25:00,103.17,103.25,103.02,103.15,499
2026-05-19 13:30:00,103.17,103.33,103.03,103.22,610
2026-05-19 13:35:00,103.19,103.62,103.19,103.62,474
2026-05-19 13:40:00,103.62,103.86,103.55,103.69,548
2026-05-19 13:45:00,103.7,103.7,103.32,103.42,346
2026-05-19 13:50:00,103.41,103.63,103.32,103.6,318
2026-05-19 13:55:00,103.62,103.67,103.34,103.44,721
2026-05-19 14:00:00,103.46,103.52,103.15,103.2,472
2026-05-19 14:05:00,103.2,103.32,103.12,103.25,582
2026-05-19 14:10:00,103.26,103.31,103.18,103.23,282
2026-05-19 14:15:00,103.23,103.24,103.03,103.13,290
2026-05-19 14:20:00,103.13,103.26,103.06,103.2,266
2026-05-19 14:25:00,103.2,103.25,103.09,103.24,178
2026-05-19 14:30:00,103.25,103.41,103.19,103.19,369
2026-05-19 14:35:00,103.19,103.36,103.16,103.36,175
2026-05-19 14:40:00,103.34,103.41,103.26,103.34,138
2026-05-19 14:45:00,103.35,103.58,103.35,103.52,307
2026-05-19 14:50:00,103.54,103.54,103.08,103.14,366
2026-05-19 14:55:00,103.13,103.36,103.12,103.34,254
2026-05-19 15:00:00,103.33,103.43,103.28,103.36,174
2026-05-19 15:05:00,103.38,103.38,103.22,103.3,151
2026-05-19 15:10:00,103.3,103.4,103.25,103.26,148
2026-05-19 15:15:00,103.27,103.35,103.19,103.25,119
2026-05-19 15:20:00,103.24,103.25,102.83,102.89,692
2026-05-19 15:25:00,102.88,103.01,102.56,102.79,1283
2026-05-19 15:30:00,102.79,103.03,102.73,102.99,322
2026-05-19 15:35:00,103.01,103.04,102.89,103.01,170
2026-05-19 15:40:00,103.02,103.05,102.89,103.05,183
2026-05-19 15:45:00,103.03,103.2,103.03,103.08,221
2026-05-19 15:50:00,103.07,103.23,103.04,103.1,300
2026-05-19 15:55:00,103.1,103.14,103.0,103.05,245
2026-05-19 16:00:00,103.01,103.17,102.98,103.1,201
2026-05-19 16:05:00,103.08,103.62,102.97,103.11,2179
2026-05-19 16:10:00,103.11,103.96,103.08,103.78,998
2026-05-19 16:15:00,103.76,104.18,103.36,103.57,1725
2026-05-19 16:20:00,103.54,103.73,103.44,103.72,710
2026-05-19 16:25:00,103.7,103.7,103.28,103.42,1652
2026-05-19 16:30:00,103.45,103.84,103.41,103.65,480
2026-05-19 16:35:00,103.67,103.86,103.66,103.69,348
2026-05-19 16:40:00,103.72,104.04,103.65,104.0,956
2026-05-19 16:45:00,103.99,104.1,103.74,103.77,524
2026-05-19 16:50:00,103.78,103.87,103.67,103.72,464
2026-05-19 16:55:00,103.72,103.89,103.7,103.84,443
2026-05-19 17:00:00,103.86,103.94,103.72,103.74,299
2026-05-19 17:05:00,103.75,103.8,103.69,103.74,159
2026-05-19 17:10:00,103.73,103.76,103.69,103.76,140
2026-05-19 17:15:00,103.77,103.85,103.71,103.72,262
2026-05-19 17:20:00,103.73,103.87,103.72,103.83,356
2026-05-19 17:25:00,103.83,104.0,103.83,103.97,338
2026-05-19 17:30:00,103.98,104.01,103.58,103.68,871
2026-05-19 17:35:00,103.67,103.76,103.57,103.63,627
2026-05-19 17:40:00,103.63,103.65,103.56,103.58,349
2026-05-19 17:45:00,103.59,103.77,103.57,103.62,469
2026-05-19 17:50:00,103.61,103.63,103.34,103.38,749
2026-05-19 17:55:00,103.39,103.55,103.28,103.48,666
2026-05-19 18:00:00,103.48,103.54,103.23,103.39,640
2026-05-19 18:05:00,103.39,103.49,103.3,103.45,626
2026-05-19 18:10:00,103.45,103.5,103.29,103.34,385
2026-05-19 18:15:00,103.36,103.49,103.31,103.38,479
2026-05-19 18:20:00,103.38,103.55,103.34,103.48,478
2026-05-19 18:25:00,103.48,103.62,103.43,103.51,787
2026-05-19 18:30:00,103.5,103.52,103.14,103.3,2064
2026-05-19 18:35:00,103.3,103.58,103.26,103.34,1242
2026-05-19 18:40:00,103.35,103.65,103.35,103.52,839
2026-05-19 18:45:00,103.51,104.13,103.48,104.1,1606
2026-05-19 18:50:00,104.11,104.43,103.97,104.36,1950
2026-05-19 18:55:00,104.39,104.64,104.33,104.42,2088
2026-05-19 19:00:00,104.42,104.71,104.25,104.3,3262
2026-05-19 19:05:00,104.31,104.5,104.05,104.19,1911
2026-05-19 19:10:00,104.19,104.39,103.95,104.11,2309
2026-05-19 19:15:00,104.09,104.22,103.86,103.94,3284
2026-05-19 19:20:00,103.96,103.97,103.36,103.52,2560
2026-05-19 19:25:00,103.52,103.55,103.2,103.46,2828
2026-05-19 19:30:00,103.48,103.53,102.61,102.78,4951
2026-05-19 19:35:00,102.76,103.55,102.75,103.44,2933
2026-05-19 19:40:00,103.44,103.75,103.23,103.7,2000
2026-05-19 19:45:00,103.71,103.77,103.53,103.64,913
2026-05-19 19:50:00,103.65,103.79,103.49,103.5,869
2026-05-19 19:55:00,103.51,103.56,103.06,103.14,1661
2026-05-19 20:00:00,103.14,103.14,102.89,102.94,1281
2026-05-19 20:05:00,102.92,103.26,102.81,103.19,2226
2026-05-19 20:10:00,103.21,103.5,103.09,103.29,2276
2026-05-19 20:15:00,103.3,103.75,103.2,103.71,1558
2026-05-19 20:20:00,103.7,103.71,103.34,103.56,1622
2026-05-19 20:25:00,103.56,103.58,103.33,103.49,1170
2026-05-19 20:30:00,103.48,103.5,103.0,103.06,1461
2026-05-19 20:35:00,103.04,103.44,102.96,103.15,1826
2026-05-19 20:40:00,103.15,103.5,103.15,103.44,1394
2026-05-19 20:45:00,103.45,103.46,103.08,103.15,1825
2026-05-19 20:50:00,103.17,103.62,103.1,103.58,1081
2026-05-19 20:55:00,103.58,103.71,103.37,103.48,1969
2026-05-19 21:00:00,103.49,103.53,103.21,103.42,1495
2026-05-19 21:05:00,103.45,103.53,103.31,103.37,560
2026-05-19 21:10:00,103.39,103.63,103.38,103.55,772
2026-05-19 21:15:00,103.57,103.82,103.56,103.7,1733
2026-05-19 21:20:00,103.71,103.83,103.63,103.76,2034
2026-05-19 21:25:00,103.76,103.91,103.75,103.83,1052
2026-05-19 21:30:00,103.82,103.92,103.76,103.89,979
2026-05-19 21:35:00,103.88,103.99,103.84,103.89,1349
2026-05-19 21:40:00,103.89,104.05,103.83,103.97,810
2026-05-19 21:45:00,103.96,104.01,103.83,103.89,674
2026-05-19 21:50:00,103.88,104.03,103.86,103.9,727
2026-05-19 21:55:00,103.9,103.9,103.66,103.82,782
2026-05-19 22:00:00,103.83,103.96,103.65,103.95,1098
2026-05-19 22:05:00,103.95,104.15,103.94,104.06,1423
2026-05-19 22:10:00,104.06,104.12,103.91,103.96,1234
2026-05-19 22:15:00,103.96,103.97,103.62,103.69,1720
2026-05-19 22:20:00,103.68,103.76,103.51,103.72,1116
2026-05-19 22:25:00,103.71,103.76,103.62,103.71,891
2026-05-19 22:30:00,103.71,103.83,103.68,103.82,893
2026-05-19 22:35:00,103.82,104.05,103.81,104.02,1118
2026-05-19 22:40:00,104.02,104.09,103.92,103.93,724
2026-05-19 22:45:00,103.92,103.99,103.84,103.94,657
2026-05-19 22:50:00,103.94,104.06,103.94,103.97,636
2026-05-19 22:55:00,103.97,104.05,103.9,103.91,516
2026-05-19 23:00:00,103.91,103.91,103.75,103.79,985
2026-05-19 23:05:00,103.78,103.78,103.33,103.4,2097
2026-05-19 23:10:00,103.4,103.59,103.27,103.47,1677
2026-05-19 23:15:00,103.46,103.84,103.46,103.63,1781
2026-05-19 23:20:00,103.61,103.61,103.42,103.55,1669
2026-05-19 23:25:00,103.53,103.58,103.41,103.44,1823
2026-05-19 23:30:00,103.43,103.51,103.3,103.35,2027
2026-05-19 23:35:00,103.35,103.37,103.21,103.24,1716
2026-05-19 23:40:00,103.23,103.27,103.09,103.17,1837
2026-05-19 23:45:00,103.17,103.43,103.14,103.35,2419
2026-05-19 23:50:00,103.35,103.87,103.27,103.65,4508
2026-05-19 23:55:00,103.64,104.46,103.46,104.41,11583
2026-05-20 00:00:00,104.4,104.66,104.22,104.31,2970
2026-05-20 00:05:00,104.31,104.47,104.29,104.42,872
2026-05-20 00:10:00,104.4,104.46,104.3,104.43,647
2026-05-20 00:15:00,104.44,104.59,104.41,104.54,811
2026-05-20 00:20:00,104.53,104.74,104.51,104.73,1031
2026-05-20 00:25:00,104.73,104.86,104.62,104.65,870
2026-05-20 00:30:00,104.66,104.66,104.46,104.47,596
2026-05-20 00:35:00,104.47,104.47,104.28,104.31,771
2026-05-20 00:40:00,104.31,104.34,104.16,104.2,408
2026-05-20 00:45:00,104.21,104.31,104.12,104.29,513
2026-05-20 00:50:00,104.29,104.53,104.29,104.46,499
2026-05-20 00:55:00,104.45,104.58,104.43,104.44,318
2026-05-20 01:00:00,104.45,104.47,104.34,104.45,235
2026-05-20 01:05:00,104.44,104.48,104.36,104.44,190
2026-05-20 01:10:00,104.45,104.5,104.41,104.42,138
2026-05-20 01:15:00,104.43,104.44,104.35,104.38,149
2026-05-20 01:20:00,104.39,104.41,104.21,104.3,424
2026-05-20 01:25:00,104.31,104.49,104.29,104.48,379
2026-05-20 01:30:00,104.49,104.59,104.43,104.52,259
2026-05-20 01:35:00,104.52,104.52,104.39,104.43,148
2026-05-20 01:40:00,104.42,104.46,104.4,104.44,78
2026-05-20 01:45:00,104.44,104.45,104.27,104.3,155
2026-05-20 01:50:00,104.3,104.4,104.26,104.35,189
2026-05-20 01:55:00,104.34,104.41,104.16,104.22,425
2026-05-20 02:00:00,104.21,104.23,104.0,104.02,490
2026-05-20 02:05:00,104.03,104.1,103.95,104.1,267
2026-05-20 02:10:00,104.12,104.18,104.04,104.05,296
2026-05-20 02:15:00,104.06,104.18,104.03,104.1,279
2026-05-20 02:20:00,104.13,104.15,104.06,104.1,76
2026-05-20 02:25:00,104.09,104.11,103.98,104.03,339
2026-05-20 03:30:00,104.12,104.29,104.03,104.19,0
2026-05-20 03:35:00,104.2,104.36,104.18,104.2,69
2026-05-20 03:40:00,104.22,104.34,104.2,104.31,64
2026-05-20 03:45:00,104.34,104.34,104.26,104.31,73
2026-05-20 03:50:00,104.31,104.31,104.2,104.2,70
2026-05-20 03:55:00,104.2,104.24,104.18,104.23,49
2026-05-20 04:00:00,104.23,104.25,104.18,104.18,26
2026-05-20 04:05:00,104.2,104.2,104.1,104.18,108
2026-05-20 04:10:00,104.13,104.18,104.11,104.17,57
2026-05-20 04:15:00,104.16,104.2,104.16,104.19,12
2026-05-20 04:20:00,104.19,104.22,104.16,104.19,39
2026-05-20 04:25:00,104.22,104.23,104.2,104.21,23
2026-05-20 04:30:00,104.21,104.29,104.21,104.25,36
2026-05-20 04:35:00,104.24,104.25,104.2,104.25,27
2026-05-20 04:40:00,104.24,104.24,104.14,104.15,85
2026-05-20 04:45:00,104.17,104.25,104.12,104.13,61
2026-05-20 04:50:00,104.11,104.14,104.03,104.07,85
2026-05-20 04:55:00,104.07,104.07,104.02,104.05,64
2026-05-20 05:00:00,104.07,104.09,103.76,103.88,408
2026-05-20 05:05:00,103.88,103.9,103.79,103.86,157
2026-05-20 05:10:00,103.86,103.9,103.83,103.86,40
2026-05-20 05:15:00,103.88,104.01,103.8,103.95,89
2026-05-20 05:20:00,103.94,104.0,103.91,103.97,54
2026-05-20 05:25:00,103.97,103.97,103.91,103.92,51
2026-05-20 05:30:00,103.92,104.02,103.79,103.84,299
2026-05-20 05:35:00,103.85,103.9,103.77,103.83,154
2026-05-20 05:40:00,103.83,103.87,103.79,103.83,102
2026-05-20 05:45:00,103.83,103.99,103.83,103.99,147
2026-05-20 05:50:00,104.0,104.0,103.89,103.89,137
2026-05-20 05:55:00,103.89,103.89,103.71,103.82,175
2026-05-20 06:00:00,103.8,103.87,103.71,103.83,88
2026-05-20 06:05:00,103.82,103.82,103.72,103.78,77
2026-05-20 06:10:00,103.8,103.89,103.79,103.79,88
2026-05-20 06:15:00,103.81,103.88,103.79,103.88,86
2026-05-20 06:20:00,103.88,103.91,103.8,103.83,165
2026-05-20 06:25:00,103.83,103.91,103.82,103.87,69
2026-05-20 06:30:00,103.85,104.45,103.85,104.19,707
2026-05-20 06:35:00,104.18,104.25,104.1,104.1,133
2026-05-20 06:40:00,104.12,104.27,103.99,104.22,196
2026-05-20 06:45:00,104.24,104.25,104.0,104.06,176
2026-05-20 06:50:00,104.05,104.06,103.93,104.02,179
2026-05-20 06:55:00,104.0,104.18,103.98,104.15,97
2026-05-20 07:00:00,104.14,104.28,104.12,104.25,125
2026-05-20 07:05:00,104.24,104.38,104.22,104.27,247
2026-05-20 07:10:00,104.25,104.32,104.08,104.1,153
2026-05-20 07:15:00,104.08,104.1,103.75,103.77,242
2026-05-20 07:20:00,103.75,103.78,103.12,103.39,1903
2026-05-20 07:25:00,103.39,103.63,103.31,103.61,342
2026-05-20 07:30:00,103.58,103.61,103.46,103.54,153
2026-05-20 07:35:00,103.52,103.74,103.41,103.73,285
2026-05-20 07:40:00,103.74,103.74,103.63,103.63,92
2026-05-20 07:45:00,103.6,103.87,103.6,103.79,179
2026-05-20 07:50:00,103.77,103.81,103.67,103.72,110
2026-05-20 07:55:00,103.73,103.95,103.7,103.91,172
2026-05-20 08:00:00,103.92,104.3,103.89,104.26,765
2026-05-20 08:05:00,104.26,104.45,104.1,104.15,463
2026-05-20 08:10:00,104.13,104.21,104.08,104.15,134
2026-05-20 08:15:00,104.13,104.23,104.07,104.15,185
2026-05-20 08:20:00,104.14,104.2,104.09,104.09,83
2026-05-20 08:25:00,104.09,104.2,104.07,104.2,64
2026-05-20 08:30:00,104.2,104.28,104.17,104.21,149
2026-05-20 08:35:00,104.22,104.33,104.22,104.24,61
2026-05-20 08:40:00,104.24,104.32,104.23,104.3,92
2026-05-20 08:45:00,104.27,104.33,104.06,104.1,326
2026-05-20 08:50:00,104.09,104.14,104.03,104.05,93
2026-05-20 08:55:00,104.04,104.14,104.01,104.04,86
2026-05-20 09:00:00,104.05,104.08,103.92,103.93,221
2026-05-20 09:05:00,103.93,103.94,103.72,103.74,192
2026-05-20 09:10:00,103.75,103.88,103.75,103.82,75
2026-05-20 09:15:00,103.81,103.91,103.78,103.84,102
2026-05-20 09:20:00,103.84,103.88,103.76,103.77,72
2026-05-20 09:25:00,103.77,103.79,103.57,103.66,365
2026-05-20 09:30:00,103.68,103.68,103.35,103.44,423
2026-05-20 09:35:00,103.45,103.5,103.32,103.46,219
2026-05-20 09:40:00,103.47,103.58,103.45,103.49,156
2026-05-20 09:45:00,103.5,103.6,103.49,103.59,87
2026-05-20 09:50:00,103.59,103.62,103.51,103.54,83
2026-05-20 09:55:00,103.53,103.57,103.53,103.53,19
2026-05-20 10:00:00,103.53,103.65,103.51,103.63,62
2026-05-20 10:05:00,103.64,103.78,103.64,103.75,155
2026-05-20 10:10:00,103.75,103.8,103.64,103.76,94
2026-05-20 10:15:00,103.74,103.86,103.7,103.84,80
2026-05-20 10:20:00,103.83,103.97,103.79,103.94,85
2026-05-20 10:25:00,103.95,103.97,103.89,103.9,44
2026-05-20 10:30:00,103.88,103.88,103.57,103.71,125
2026-05-20 10:35:00,103.7,103.78,103.7,103.74,47
2026-05-20 10:40:00,103.76,103.78,103.66,103.71,36
2026-05-20 10:45:00,103.72,103.82,103.72,103.73,62
2026-05-20 10:50:00,103.72,103.76,103.66,103.68,72
2026-05-20 10:55:00,103.67,103.85,103.67,103.77,106
2026-05-20 11:00:00,103.76,103.77,103.59,103.72,154
2026-05-20 11:05:00,103.73,103.85,103.65,103.68,189
2026-05-20 11:10:00,103.67,103.78,103.66,103.73,44
2026-05-20 11:15:00,103.75,103.89,103.75,103.87,95
2026-05-20 11:20:00,103.83,103.9,103.78,103.81,88
2026-05-20 11:25:00,103.83,103.94,103.82,103.84,217
2026-05-20 11:30:00,103.86,103.87,103.63,103.79,238
2026-05-20 11:35:00,103.8,104.01,103.74,103.9,266
2026-05-20 11:40:00,103.9,103.93,103.83,103.86,77
2026-05-20 11:45:00,103.85,103.86,103.34,103.36,417
2026-05-20 11:50:00,103.36,103.43,102.95,103.06,1240
2026-05-20 11:55:00,103.06,103.13,102.92,103.04,419
2026-05-20 12:00:00,103.03,103.31,102.97,103.3,482
2026-05-20 12:05:00,103.29,103.35,102.87,103.0,643
2026-05-20 12:10:00,103.0,103.14,103.0,103.09,254
2026-05-20 12:15:00,103.05,103.09,102.89,103.02,275
2026-05-20 12:20:00,103.03,103.07,102.65,102.84,768
2026-05-20 12:25:00,102.87,102.94,102.78,102.79,242
2026-05-20 12:30:00,102.75,102.97,102.68,102.89,525
2026-05-20 12:35:00,102.91,103.17,102.87,102.93,491
2026-05-20 12:40:00,102.96,103.1,102.96,103.07,245
2026-05-20 12:45:00,103.07,103.15,103.02,103.03,199
2026-05-20 12:50:00,103.02,103.1,102.95,103.05,249
2026-05-20 12:55:00,103.02,103.1,102.5,102.67,685
2026-05-20 13:00:00,102.7,102.95,102.69,102.88,442
2026-05-20 13:05:00,102.87,103.17,102.87,102.96,376
2026-05-20 13:10:00,102.96,103.02,102.68,102.97,495
2026-05-20 13:15:00,102.99,103.12,102.95,103.04,309
2026-05-20 13:20:00,103.04,103.15,102.96,102.97,245
2026-05-20 13:25:00,102.98,103.09,102.93,103.04,196
2026-05-20 13:30:00,103.05,103.06,102.51,102.65,648
2026-05-20 13:35:00,102.7,102.88,102.63,102.82,382
2026-05-20 13:40:00,102.84,103.08,102.81,102.95,298
2026-05-20 13:45:00,102.98,102.99,102.81,102.92,266
2026-05-20 13:50:00,102.98,103.12,102.85,102.92,340
2026-05-20 13:55:00,102.91,103.05,102.77,102.77,813
2026-05-20 14:00:00,102.76,102.84,102.56,102.77,736
2026-05-20 14:05:00,102.77,102.85,102.2,102.4,1280
2026-05-20 14:10:00,102.4,102.52,102.31,102.35,570
2026-05-20 14:15:00,102.36,102.38,102.0,102.33,1262
2026-05-20 14:20:00,102.33,102.33,101.82,101.9,1463
2026-05-20 14:25:00,101.89,102.13,101.83,102.06,726
2026-05-20 14:30:00,102.09,102.11,101.64,101.96,972
2026-05-20 14:35:00,101.96,102.23,101.91,102.15,507
2026-05-20 14:40:00,102.13,102.56,102.09,102.52,797
2026-05-20 14:45:00,102.52,102.52,102.4,102.45,332
2026-05-20 14:50:00,102.44,102.63,102.33,102.62,330
2026-05-20 14:55:00,102.62,102.67,102.49,102.5,344
2026-05-20 15:00:00,102.48,102.49,102.28,102.34,738
2026-05-20 15:05:00,102.33,102.47,102.32,102.47,179
2026-05-20 15:10:00,102.46,102.61,102.4,102.57,340
2026-05-20 15:15:00,102.57,102.72,102.5,102.59,394
2026-05-20 15:20:00,102.59,102.67,102.43,102.48,444
2026-05-20 15:25:00,102.46,102.47,102.3,102.35,382
2026-05-20 15:30:00,102.34,102.51,102.24,102.44,488
2026-05-20 15:35:00,102.42,102.46,102.14,102.24,433
2026-05-20 15:40:00,102.22,102.29,102.17,102.17,166
2026-05-20 15:45:00,102.18,102.32,102.09,102.3,383
2026-05-20 15:50:00,102.3,102.34,102.19,102.25,510
2026-05-20 15:55:00,102.22,102.3,102.1,102.16,514
2026-05-20 16:00:00,102.15,102.16,101.67,101.71,1101
2026-05-20 16:05:00,101.73,101.77,100.98,101.26,3494
2026-05-20 16:10:00,101.26,101.39,101.17,101.26,1000
2026-05-20 16:15:00,101.23,101.27,100.87,101.25,1251
2026-05-20 16:20:00,101.24,101.48,101.18,101.44,1007
2026-05-20 16:25:00,101.44,101.56,101.41,101.48,653
2026-05-20 16:30:00,101.48,101.56,101.42,101.49,401
2026-05-20 16:35:00,101.48,101.69,101.48,101.64,426
2026-05-20 16:40:00,101.64,102.01,101.59,101.96,742
2026-05-20 16:45:00,101.96,102.21,101.83,102.2,1075
2026-05-20 16:50:00,102.19,102.28,101.99,102.02,973
2026-05-20 16:55:00,102.03,102.14,102.01,102.08,340
2026-05-20 17:00:00,102.06,102.24,102.06,102.16,808
2026-05-20 17:05:00,102.17,102.19,102.04,102.13,213
2026-05-20 17:10:00,102.13,102.51,102.06,102.37,1309
2026-05-20 17:15:00,102.38,102.63,102.24,102.56,1943
2026-05-20 17:20:00,102.56,102.77,102.48,102.56,1131
2026-05-20 17:25:00,102.57,102.59,102.36,102.52,609
2026-05-20 17:30:00,102.53,102.65,102.19,102.21,807
2026-05-20 17:35:00,102.2,102.21,101.95,102.06,1455
2026-05-20 17:40:00,102.07,102.16,101.9,101.91,628
2026-05-20 17:45:00,101.9,101.9,101.61,101.63,913
2026-05-20 17:50:00,101.63,101.86,101.58,101.71,1095
2026-05-20 17:55:00,101.73,101.75,101.21,101.27,3141
2026-05-20 18:00:00,101.28,101.43,100.95,100.96,1850
2026-05-20 18:05:00,100.96,101.17,100.75,101.08,2204
2026-05-20 18:10:00,101.07,101.29,101.05,101.28,1154
2026-05-20 18:15:00,101.29,101.44,101.24,101.43,1099
2026-05-20 18:20:00,101.41,101.66,101.41,101.58,1478
2026-05-20 18:25:00,101.57,101.8,101.56,101.66,1350
2026-05-20 18:30:00,101.68,102.0,101.68,101.86,3157
2026-05-20 18:35:00,101.85,101.95,101.53,101.53,2301
2026-05-20 18:40:00,101.53,101.6,101.33,101.33,2108
2026-05-20 18:45:00,101.35,101.57,101.29,101.55,1958
2026-05-20 18:50:00,101.57,101.92,101.57,101.85,1053
2026-05-20 18:55:00,101.85,102.11,101.76,102.04,2043
2026-05-20 19:00:00,102.05,102.17,101.9,101.98,1668
2026-05-20 19:05:00,101.98,102.14,101.95,102.0,1068
2026-05-20 19:10:00,102.0,102.1,101.85,101.96,1998
2026-05-20 19:15:00,101.97,102.0,101.64,101.88,1817
2026-05-20 19:20:00,101.89,102.14,101.81,102.12,2239
2026-05-20 19:25:00,102.13,102.33,102.0,102.27,1688
2026-05-20 19:30:00,102.26,102.45,102.21,102.35,1552
2026-05-20 19:35:00,102.36,102.53,102.32,102.43,1760
2026-05-20 19:40:00,102.43,102.8,101.45,101.73,7172
2026-05-20 19:45:00,101.74,101.8,99.45,100.16,16258
2026-05-20 19:50:00,100.15,100.87,99.73,100.67,6539
2026-05-20 19:55:00,100.68,100.81,99.98,100.39,2799
2026-05-20 20:00:00,100.42,100.43,99.45,99.92,4918
2026-05-20 20:05:00,99.94,100.67,99.84,100.5,4019
2026-05-20 20:10:00,100.51,101.0,100.38,100.45,2996
2026-05-20 20:15:00,100.46,100.79,100.37,100.64,1791
2026-05-20 20:20:00,100.62,100.99,100.43,100.57,1632
2026-05-20 20:25:00,100.56,100.65,100.22,100.49,2099
2026-05-20 20:30:00,100.5,100.53,100.0,100.38,4103
2026-05-20 20:35:00,100.39,100.67,100.29,100.6,1146
2026-05-20 20:40:00,100.6,100.66,100.46,100.58,595
2026-05-20 20:45:00,100.57,100.57,97.0,98.86,22013
2026-05-20 20:50:00,98.84,99.34,98.73,98.92,4069
2026-05-20 20:55:00,98.93,100.0,98.92,99.81,4363
2026-05-20 21:00:00,99.71,99.73,99.02,99.08,3140
2026-05-20 21:05:00,99.08,99.27,98.81,99.09,2645
2026-05-20 21:10:00,99.09,99.35,98.93,99.04,1733
2026-05-20 21:15:00,99.04,99.11,98.87,98.96,1196
2026-05-20 21:20:00,98.96,99.33,98.72,99.32,1836
2026-05-20 21:25:00,99.35,99.7,98.92,99.26,3553
2026-05-20 21:30:00,99.23,99.3,98.56,98.69,1829
2026-05-20 21:35:00,98.69,98.74,98.35,98.63,1741
2026-05-20 21:40:00,98.64,98.77,98.5,98.54,920
2026-05-20 21:45:00,98.55,98.98,98.55,98.88,1308
2026-05-20 21:50:00,98.87,99.59,98.78,99.54,2418
2026-05-20 21:55:00,99.56,99.64,99.2,99.42,1811
2026-05-20 22:00:00,99.42,99.51,99.17,99.34,1680
2026-05-20 22:05:00,99.32,99.32,98.69,98.77,1785
2026-05-20 22:10:00,98.75,98.82,97.94,98.05,3266
2026-05-20 22:15:00,98.03,98.18,97.8,98.08,3251
2026-05-20 22:20:00,98.08,98.09,97.6,97.77,2448
2026-05-20 22:25:00,97.77,97.96,97.61,97.89,2467
2026-05-20 22:30:00,97.84,98.08,97.69,97.81,1802
2026-05-20 22:35:00,97.78,97.94,97.62,97.67,1337
2026-05-20 22:40:00,97.68,97.81,97.01,97.46,4482
2026-05-20 22:45:00,97.5,97.52,96.94,97.11,3039
2026-05-20 22:50:00,97.11,97.5,97.04,97.45,1761
2026-05-20 22:55:00,97.43,97.8,97.4,97.46,3513
2026-05-20 23:00:00,97.45,97.71,97.2,97.59,2115
2026-05-20 23:05:00,97.58,97.67,97.12,97.5,2301
2026-05-20 23:10:00,97.54,97.8,97.51,97.73,2157
2026-05-20 23:15:00,97.72,97.87,97.52,97.83,1864
2026-05-20 23:20:00,97.82,97.93,97.75,97.86,1736
2026-05-20 23:25:00,97.85,98.35,97.78,98.32,2814
2026-05-20 23:30:00,98.3,98.36,97.95,98.17,1805
2026-05-20 23:35:00,98.15,98.46,98.15,98.38,2257
2026-05-20 23:40:00,98.37,98.5,98.28,98.4,2502
2026-05-20 23:45:00,98.4,98.54,98.3,98.48,2074
2026-05-20 23:50:00,98.48,98.58,98.19,98.51,3340
2026-05-20 23:55:00,98.51,98.71,98.06,98.19,8387
2026-05-21 00:00:00,98.18,98.19,97.76,97.85,2580
2026-05-21 00:05:00,97.84,98.04,97.8,97.83,596
2026-05-21 00:10:00,97.83,98.28,97.77,98.26,1347
2026-05-21 00:15:00,98.27,98.28,97.97,98.01,854
2026-05-21 00:20:00,98.0,98.07,97.94,98.05,631
2026-05-21 00:25:00,98.05,98.06,97.88,97.95,846
2026-05-21 00:30:00,97.94,97.94,97.77,97.91,586
2026-05-21 00:35:00,97.91,98.04,97.77,97.96,804
2026-05-21 00:40:00,97.95,98.12,97.9,98.07,430
2026-05-21 00:45:00,98.08,98.17,98.06,98.17,370
2026-05-21 00:50:00,98.17,98.22,98.14,98.17,396
2026-05-21 00:55:00,98.17,98.28,98.14,98.23,410
2026-05-21 01:00:00,98.22,98.32,98.17,98.3,404
2026-05-21 01:05:00,98.31,98.39,97.82,98.24,1730
2026-05-21 01:10:00,98.25,98.34,98.13,98.17,540
2026-05-21 01:15:00,98.18,98.33,98.18,98.31,375
2026-05-21 01:20:00,98.31,98.49,98.29,98.44,543
2026-05-21 01:25:00,98.44,98.58,98.43,98.53,812
2026-05-21 01:30:00,98.52,98.57,98.41,98.48,547
2026-05-21 01:35:00,98.48,98.53,98.46,98.52,330
2026-05-21 01:40:00,98.53,98.58,98.33,98.45,426
2026-05-21 01:45:00,98.45,98.58,98.42,98.42,256
2026-05-21 01:50:00,98.45,98.45,98.34,98.42,165
2026-05-21 01:55:00,98.44,98.51,98.41,98.44,133
2026-05-21 02:00:00,98.44,98.54,98.34,98.53,352
2026-05-21 02:05:00,98.53,98.66,98.47,98.57,275
2026-05-21 02:10:00,98.57,98.69,98.48,98.66,293
2026-05-21 02:15:00,98.67,98.91,98.66,98.91,663
2026-05-21 02:20:00,98.9,99.11,98.87,99.04,447
2026-05-21 02:25:00,99.03,99.08,98.89,99.08,375
2026-05-21 03:30:00,98.95,99.07,98.75,98.82,0
2026-05-21 03:35:00,98.82,98.96,98.8,98.89,226
2026-05-21 03:40:00,98.9,98.97,98.82,98.85,92
2026-05-21 03:45:00,98.87,98.91,98.82,98.89,38
2026-05-21 03:50:00,98.89,98.96,98.86,98.96,58
2026-05-21 03:55:00,98.96,99.2,98.96,99.2,411
2026-05-21 04:00:00,99.2,99.22,99.05,99.13,270
2026-05-21 04:05:00,99.09,99.09,99.05,99.07,29
2026-05-21 04:10:00,99.06,99.09,98.89,98.98,130
2026-05-21 04:15:00,98.99,99.05,98.99,99.05,28
2026-05-21 04:20:00,99.05,99.06,98.95,98.97,36
2026-05-21 04:25:00,98.96,98.99,98.87,98.99,84
2026-05-21 04:30:00,98.96,99.0,98.96,98.99,13
2026-05-21 04:35:00,98.97,99.13,98.95,99.12,224
2026-05-21 04:40:00,99.11,99.14,99.1,99.11,47
2026-05-21 04:45:00,99.11,99.14,99.06,99.11,47
2026-05-21 04:50:00,99.13,99.14,99.07,99.08,66
2026-05-21 04:55:00,99.08,99.12,99.08,99.11,58
2026-05-21 05:00:00,99.11,99.11,99.08,99.1,56
2026-05-21 05:05:00,99.1,99.21,99.1,99.21,109
2026-05-21 05:10:00,99.21,99.21,98.96,98.97,122
2026-05-21 05:15:00,98.97,98.99,98.75,98.83,232
2026-05-21 05:20:00,98.81,98.94,98.79,98.92,53
2026-05-21 05:25:00,98.94,98.94,98.86,98.88,53
2026-05-21 05:30:00,98.87,99.28,98.79,99.04,577
2026-05-21 05:35:00,99.05,99.25,99.05,99.18,229
2026-05-21 05:40:00,99.17,99.23,99.09,99.13,263
2026-05-21 05:45:00,99.14,100.11,99.12,99.68,1724
2026-05-21 05:50:00,99.64,99.92,99.59,99.6,303
2026-05-21 05:55:00,99.57,99.6,99.48,99.55,168
2026-05-21 06:00:00,99.52,99.62,99.26,99.26,191
2026-05-21 06:05:00,99.28,99.31,99.13,99.24,216
2026-05-21 06:10:00,99.23,99.44,99.23,99.35,101
2026-05-21 06:15:00,99.34,99.37,99.24,99.24,93
2026-05-21 06:20:00,99.26,99.32,99.23,99.28,74
2026-05-21 06:25:00,99.26,99.29,99.07,99.12,296
2026-05-21 06:30:00,99.12,99.16,98.86,98.88,705
2026-05-21 06:35:00,98.86,98.89,98.64,98.72,543
2026-05-21 06:40:00,98.73,98.78,98.64,98.68,384
2026-05-21 06:45:00,98.69,98.88,98.67,98.73,347
2026-05-21 06:50:00,98.74,98.82,98.66,98.72,256
2026-05-21 06:55:00,98.7,98.81,98.6,98.79,466
2026-05-21 07:00:00,98.81,98.83,98.7,98.8,177
2026-05-21 07:05:00,98.82,98.9,98.73,98.82,205
2026-05-21 07:10:00,98.79,98.86,98.7,98.72,235
2026-05-21 07:15:00,98.73,98.84,98.65,98.83,146
2026-05-21 07:20:00,98.8,98.85,98.5,98.61,299
2026-05-21 07:25:00,98.61,98.64,98.5,98.6,200
2026-05-21 07:30:00,98.59,98.72,98.52,98.7,194
2026-05-21 07:35:00,98.7,98.79,98.68,98.68,123
2026-05-21 07:40:00,98.69,98.79,98.68,98.77,62
2026-05-21 07:45:00,98.76,98.87,98.76,98.78,90
2026-05-21 07:50:00,98.78,98.79,98.67,98.67,74
2026-05-21 07:55:00,98.67,98.69,98.62,98.68,64
2026-05-21 08:00:00,98.67,98.87,98.65,98.84,148
2026-05-21 08:05:00,98.85,98.85,98.65,98.77,100
2026-05-21 08:10:00,98.77,98.87,98.75,98.83,63
2026-05-21 08:15:00,98.85,99.09,98.85,99.02,235
2026-05-21 08:20:00,99.01,99.2,98.98,99.18,295
2026-05-21 08:25:00,99.18,99.25,99.1,99.15,125
2026-05-21 08:30:00,99.16,99.19,99.03,99.09,122
2026-05-21 08:35:00,99.1,99.19,99.06,99.09,99
2026-05-21 08:40:00,99.1,99.15,99.07,99.12,76
2026-05-21 08:45:00,99.14,99.22,99.1,99.14,118
2026-05-21 08:50:00,99.15,99.27,99.14,99.2,112
2026-05-21 08:55:00,99.2,99.2,99.03,99.05,69
2026-05-21 09:00:00,99.07,99.14,99.07,99.1,76
2026-05-21 09:05:00,99.1,99.14,99.08,99.14,45
2026-05-21 09:10:00,99.12,99.12,98.94,98.95,96
2026-05-21 09:15:00,98.98,99.13,98.98,99.1,54
2026-05-21 09:20:00,99.07,99.19,99.05,99.18,85
2026-05-21 09:25:00,99.16,99.17,99.12,99.12,32
2026-05-21 09:30:00,99.1,99.16,99.08,99.13,41
2026-05-21 09:35:00,99.15,99.19,99.06,99.18,57
2026-05-21 09:40:00,99.17,99.27,99.15,99.18,79
2026-05-21 09:45:00,99.18,99.22,99.14,99.16,39
2026-05-21 09:50:00,99.15,99.2,99.15,99.15,25
2026-05-21 09:55:00,99.18,99.26,99.14,99.24,43
2026-05-21 10:00:00,99.26,99.29,99.23,99.27,72
2026-05-21 10:05:00,99.26,99.27,99.11,99.11,85
2026-05-21 10:10:00,99.13,99.13,98.99,99.02,77
2026-05-21 10:15:00,99.01,99.18,99.0,99.18,45
2026-05-21 10:20:00,99.17,99.17,99.03,99.08,71
2026-05-21 10:25:00,99.07,99.07,98.79,98.84,184
2026-05-21 10:30:00,98.84,98.98,98.82,98.93,117
2026-05-21 10:35:00,98.95,98.98,98.9,98.93,63
2026-05-21 10:40:00,98.95,98.98,98.83,98.95,74
2026-05-21 10:45:00,98.94,98.98,98.86,98.89,65
2026-05-21 10:50:00,98.91,99.04,98.88,99.0,100
2026-05-21 10:55:00,99.02,99.24,99.01,99.21,118
2026-05-21 11:00:00,99.24,99.4,99.18,99.22,265
2026-05-21 11:05:00,99.21,99.23,99.12,99.21,140
2026-05-21 11:10:00,99.2,99.4,99.18,99.35,235
2026-05-21 11:15:00,99.34,100.06,99.34,99.48,976
2026-05-21 11:20:00,99.49,99.57,99.26,99.32,295
2026-05-21 11:25:00,99.34,99.48,99.32,99.42,137
2026-05-21 11:30:00,99.45,99.48,99.18,99.26,318
2026-05-21 11:35:00,99.25,99.28,99.0,99.2,383
2026-05-21 11:40:00,99.22,99.48,99.19,99.44,315
2026-05-21 11:45:00,99.42,99.77,99.39,99.63,368
2026-05-21 11:50:00,99.66,99.82,98.8,99.23,2083
2026-05-21 11:55:00,99.2,99.34,99.06,99.29,339
2026-05-21 12:00:00,99.28,99.39,99.24,99.36,263
2026-05-21 12:05:00,99.36,99.57,99.36,99.54,249
2026-05-21 12:10:00,99.56,99.68,99.54,99.66,144
2026-05-21 12:15:00,99.66,99.85,99.61,99.77,268
2026-05-21 12:20:00,99.8,99.81,99.53,99.56,232
2026-05-21 12:25:00,99.57,99.66,99.51,99.55,263
2026-05-21 12:30:00,99.58,99.81,99.54,99.74,229
2026-05-21 12:35:00,99.74,99.81,99.66,99.78,121
2026-05-21 12:40:00,99.76,99.93,99.74,99.78,328
2026-05-21 12:45:00,99.76,99.88,99.68,99.85,195
2026-05-21 12:50:00,99.82,99.82,99.63,99.65,218
2026-05-21 12:55:00,99.66,99.77,99.62,99.64,179
2026-05-21 13:00:00,99.63,99.66,99.45,99.47,264
2026-05-21 13:05:00,99.47,99.56,99.28,99.31,295
2026-05-21 13:10:00,99.32,99.44,99.29,99.41,225
2026-05-21 13:15:00,99.43,99.47,99.24,99.38,323
2026-05-21 13:20:00,99.38,99.45,99.28,99.4,205
2026-05-21 13:25:00,99.38,99.42,99.28,99.28,330
2026-05-21 13:30:00,99.28,99.33,98.68,98.83,748
2026-05-21 13:35:00,98.82,98.89,98.7,98.7,512
2026-05-21 13:40:00,98.7,98.76,98.04,98.27,1336
2026-05-21 13:45:00,98.26,98.79,98.1,98.76,654
2026-05-21 13:50:00,98.74,99.02,98.53,98.94,579
2026-05-21 13:55:00,98.88,99.19,98.63,98.73,1205
2026-05-21 14:00:00,98.72,99.29,98.72,99.24,856
2026-05-21 14:05:00,99.23,99.54,99.22,99.47,622
2026-05-21 14:10:00,99.45,99.55,99.35,99.4,296
2026-05-21 14:15:00,99.39,99.58,99.01,99.15,923
2026-05-21 14:20:00,99.16,99.23,98.66,98.73,696
2026-05-21 14:25:00,98.71,98.77,98.32,98.47,619
2026-05-21 14:30:00,98.5,98.5,98.19,98.35,589
2026-05-21 14:35:00,98.38,98.4,97.76,97.99,1298
2026-05-21 14:40:00,98.02,98.24,97.99,98.16,363
2026-05-21 14:45:00,98.18,98.32,98.04,98.26,268
2026-05-21 14:50:00,98.29,98.38,98.04,98.08,413
2026-05-21 14:55:00,98.08,98.25,97.58,97.65,775
2026-05-21 15:00:00,97.61,97.69,97.25,97.57,906
2026-05-21 15:05:00,97.55,97.63,97.37,97.6,527
2026-05-21 15:10:00,97.56,97.82,97.48,97.82,633
2026-05-21 15:15:00,97.81,97.83,97.61,97.7,346
2026-05-21 15:20:00,97.73,97.76,97.6,97.72,757
2026-05-21 15:25:00,97.74,97.89,97.55,97.59,781
2026-05-21 15:30:00,97.6,97.69,97.48,97.63,377
2026-05-21 15:35:00,97.66,97.77,97.61,97.67,392
2026-05-21 15:40:00,97.65,97.71,97.59,97.59,183
2026-05-21 15:45:00,97.58,97.89,97.57,97.86,350
2026-05-21 15:50:00,97.86,98.17,97.83,98.1,603
2026-05-21 15:55:00,98.09,99.8,98.08,99.64,5280
2026-05-21 16:00:00,99.63,100.28,99.59,100.08,2795
2026-05-21 16:05:00,100.06,100.62,99.78,100.56,3243
2026-05-21 16:10:00,100.56,101.0,100.46,100.66,3702
2026-05-21 16:15:00,100.67,100.87,100.56,100.79,1151
2026-05-21 16:20:00,100.79,101.34,100.7,100.97,3431
2026-05-21 16:25:00,100.98,101.15,100.91,101.06,1229
2026-05-21 16:30:00,101.08,101.08,100.52,100.71,2512
2026-05-21 16:35:00,100.73,100.92,100.66,100.74,897
2026-05-21 16:40:00,100.75,100.81,100.6,100.67,550
2026-05-21 16:45:00,100.69,100.84,100.56,100.64,841
2026-05-21 16:50:00,100.64,100.7,100.15,100.55,1844
2026-05-21 16:55:00,100.58,100.62,100.35,100.38,589
2026-05-21 17:00:00,100.4,100.56,100.33,100.55,576
2026-05-21 17:05:00,100.55,100.65,100.39,100.49,914
2026-05-21 17:10:00,100.51,100.62,100.42,100.62,942
2026-05-21 17:15:00,100.6,100.68,100.49,100.51,612
2026-05-21 17:20:00,100.53,100.53,100.38,100.47,632
2026-05-21 17:25:00,100.47,100.71,100.47,100.59,689
2026-05-21 17:30:00,100.57,100.62,100.48,100.54,459
2026-05-21 17:35:00,100.53,100.66,100.51,100.59,532
2026-05-21 17:40:00,100.61,100.88,100.55,100.87,893
2026-05-21 17:45:00,100.87,100.96,100.76,100.91,929
2026-05-21 17:50:00,100.92,101.2,100.92,101.13,2283
2026-05-21 17:55:00,101.12,101.18,101.0,101.18,589
2026-05-21 18:00:00,101.18,101.29,100.5,100.6,3720
2026-05-21 18:05:00,100.6,100.88,100.44,100.65,1608
2026-05-21 18:10:00,100.65,100.84,100.51,100.75,1140
2026-05-21 18:15:00,100.73,100.94,100.58,100.8,1174
2026-05-21 18:20:00,100.79,101.21,100.72,100.83,1235
2026-05-21 18:25:00,100.84,101.1,100.8,101.09,1252
2026-05-21 18:30:00,101.09,101.29,100.74,100.84,1812
2026-05-21 18:35:00,100.87,101.6,100.85,101.46,2461
2026-05-21 18:40:00,101.47,101.99,101.47,101.8,3315
2026-05-21 18:45:00,101.81,102.0,101.69,101.85,2412
2026-05-21 18:50:00,101.85,102.13,101.72,102.06,1696
2026-05-21 18:55:00,102.07,102.19,101.9,101.93,1761
2026-05-21 19:00:00,101.93,102.56,101.85,102.29,3283
2026-05-21 19:05:00,102.3,102.66,102.22,102.5,3048
2026-05-21 19:10:00,102.52,102.64,102.18,102.25,1977
2026-05-21 19:15:00,102.27,102.32,102.08,102.24,1529
2026-05-21 19:20:00,102.24,102.25,100.37,100.57,8820
2026-05-21 19:25:00,100.58,100.81,100.29,100.53,4802
2026-05-21 19:30:00,100.53,100.94,100.27,100.87,3085
2026-05-21 19:35:00,100.88,101.15,100.77,101.1,1810
2026-05-21 19:40:00,101.1,101.34,100.72,101.23,2974
2026-05-21 19:45:00,101.24,101.56,100.98,101.19,2949
2026-05-21 19:50:00,101.2,101.21,100.74,100.81,2341
2026-05-21 19:55:00,100.83,100.83,100.43,100.59,2188
2026-05-21 20:00:00,100.6,100.65,100.37,100.64,2617
2026-05-21 20:05:00,100.64,100.72,100.55,100.62,728
2026-05-21 20:10:00,100.63,101.2,100.62,101.08,1235
2026-05-21 20:15:00,101.08,101.41,100.95,101.08,2134
2026-05-21 20:20:00,101.08,101.42,101.04,101.31,1752
2026-05-21 20:25:00,101.31,101.45,101.23,101.35,1155
2026-05-21 20:30:00,101.36,101.71,101.18,101.63,1602
2026-05-21 20:35:00,101.64,102.14,101.55,101.99,2579
2026-05-21 20:40:00,102.02,102.05,101.17,101.43,3802
2026-05-21 20:45:00,101.43,101.61,101.31,101.54,1469
2026-05-21 20:50:00,101.56,101.71,101.52,101.71,1016
2026-05-21 20:55:00,101.72,102.0,101.61,101.77,2104
2026-05-21 21:00:00,101.78,101.8,101.52,101.54,1838
2026-05-21 21:05:00,101.54,101.69,101.37,101.38,1096
2026-05-21 21:10:00,101.39,101.43,101.33,101.39,890
2026-05-21 21:15:00,101.39,101.4,101.01,101.11,1972
2026-05-21 21:20:00,101.11,101.25,101.0,101.03,1086
2026-05-21 21:25:00,101.02,101.03,100.72,100.73,1502
2026-05-21 21:30:00,100.72,100.72,99.94,100.12,3997
2026-05-21 21:35:00,100.11,100.19,99.84,99.9,1991
2026-05-21 21:40:00,99.91,100.44,99.79,100.32,3567
2026-05-21 21:45:00,100.31,100.78,100.25,100.46,2040
2026-05-21 21:50:00,100.47,100.68,100.35,100.43,1034
2026-05-21 21:55:00,100.43,100.55,100.37,100.42,672
2026-05-21 22:00:00,100.41,100.45,100.17,100.24,767
2026-05-21 22:05:00,100.25,100.52,100.25,100.45,638
2026-05-21 22:10:00,100.46,100.52,100.19,100.2,543
2026-05-21 22:15:00,100.19,100.36,100.15,100.35,983
2026-05-21 22:20:00,100.34,100.43,100.22,100.24,811
2026-05-21 22:25:00,100.23,100.27,100.0,100.01,1031
2026-05-21 22:30:00,100.0,100.18,99.94,100.15,891
2026-05-21 22:35:00,100.13,100.43,100.1,100.36,1428
2026-05-21 22:40:00,100.37,100.38,98.84,99.24,10055
2026-05-21 22:45:00,99.25,99.31,98.04,98.45,9996
2026-05-21 22:50:00,98.45,98.67,97.59,98.3,8103
2026-05-21 22:55:00,98.31,98.63,98.16,98.48,2478
2026-05-21 23:00:00,98.48,98.88,98.34,98.4,2613
2026-05-21 23:05:00,98.38,98.42,98.08,98.16,1640
2026-05-21 23:10:00,98.17,98.18,97.16,97.29,5517
2026-05-21 23:15:00,97.28,97.46,96.46,96.61,5915
2026-05-21 23:20:00,96.58,96.75,96.01,96.1,5594
2026-05-21 23:25:00,96.09,96.4,95.76,96.33,5518
2026-05-21 23:30:00,96.34,97.07,96.0,97.04,6646
2026-05-21 23:35:00,97.03,97.26,96.61,96.8,4856
2026-05-21 23:40:00,96.81,97.16,96.68,96.76,3616
2026-05-21 23:45:00,96.74,97.05,96.74,96.77,2872
2026-05-21 23:50:00,96.78,96.9,96.47,96.51,4540
2026-05-21 23:55:00,96.52,96.78,96.21,96.28,8721
2026-05-22 00:00:00,96.28,96.51,96.19,96.38,3877
2026-05-22 00:05:00,96.37,96.78,96.26,96.72,1734
2026-05-22 00:10:00,96.73,96.73,96.38,96.52,1318
2026-05-22 00:15:00,96.51,97.34,96.43,97.28,4105
2026-05-22 00:20:00,97.26,98.25,96.87,98.17,8041
2026-05-22 00:25:00,98.16,98.3,97.85,98.01,3379
2026-05-22 00:30:00,98.01,98.09,97.58,97.62,2256
2026-05-22 00:35:00,97.63,98.07,97.4,97.51,2508
2026-05-22 00:40:00,97.51,97.69,97.37,97.43,1126
2026-05-22 00:45:00,97.44,97.61,97.27,97.37,1247
2026-05-22 00:50:00,97.39,97.48,97.23,97.4,896
2026-05-22 00:55:00,97.4,97.5,97.18,97.44,1339
2026-05-22 01:00:00,97.46,97.51,97.37,97.5,1158
2026-05-22 01:05:00,97.49,97.49,97.11,97.15,642
2026-05-22 01:10:00,97.15,97.57,97.06,97.5,1022
2026-05-22 01:15:00,97.51,97.57,97.34,97.36,790
2026-05-22 01:20:00,97.36,98.21,97.23,97.98,2146
2026-05-22 01:25:00,97.99,98.16,97.11,97.32,2772
2026-05-22 01:30:00,97.35,97.58,97.21,97.46,443
2026-05-22 01:35:00,97.47,97.66,97.37,97.54,532
2026-05-22 01:40:00,97.54,97.62,97.4,97.57,649
2026-05-22 01:45:00,97.56,97.72,97.53,97.7,266
2026-05-22 01:50:00,97.7,97.89,97.62,97.86,330
2026-05-22 01:55:00,97.83,97.87,97.69,97.86,339
2026-05-22 02:00:00,97.86,97.98,97.82,97.95,303
2026-05-22 02:05:00,97.97,98.03,97.93,97.93,192
2026-05-22 02:10:00,97.96,98.13,97.85,98.07,345
2026-05-22 02:15:00,98.06,98.14,98.03,98.13,177
2026-05-22 02:20:00,98.12,98.18,97.98,98.04,217
2026-05-22 02:25:00,98.07,98.13,97.96,98.0,346
2026-05-22 03:30:00,98.0,98.0,97.4,97.69,0
2026-05-22 03:35:00,97.64,97.69,97.29,97.5,167
2026-05-22 03:40:00,97.5,97.65,97.47,97.58,169
2026-05-22 03:45:00,97.56,97.79,97.55,97.6,198
2026-05-22 03:50:00,97.59,97.61,97.48,97.58,90
2026-05-22 03:55:00,97.57,97.58,97.53,97.53,29
2026-05-22 04:00:00,97.53,97.69,97.53,97.69,229
2026-05-22 04:05:00,97.7,97.86,97.64,97.77,218
2026-05-22 04:10:00,97.77,97.86,97.73,97.79,40
2026-05-22 04:15:00,97.79,97.82,97.74,97.75,89
2026-05-22 04:20:00,97.73,97.75,97.66,97.68,84
2026-05-22 04:25:00,97.68,97.75,97.68,97.73,206
2026-05-22 04:30:00,97.73,97.89,97.72,97.89,120
2026-05-22 04:35:00,97.9,97.9,97.82,97.82,33
2026-05-22 04:40:00,97.81,97.83,97.73,97.75,70
2026-05-22 04:45:00,97.78,97.91,97.69,97.76,348
2026-05-22 04:50:00,97.72,97.76,97.69,97.74,108
2026-05-22 04:55:00,97.74,97.78,97.6,97.62,61
2026-05-22 05:00:00,97.61,97.7,97.51,97.53,154
2026-05-22 05:05:00,97.55,97.6,97.53,97.6,66
2026-05-22 05:10:00,97.64,97.68,97.6,97.66,57
2026-05-22 05:15:00,97.66,97.77,97.64,97.76,70
2026-05-22 05:20:00,97.76,97.78,97.66,97.71,81
2026-05-22 05:25:00,97.71,97.77,97.7,97.74,69
2026-05-22 05:30:00,97.74,97.98,97.71,97.79,675
2026-05-22 05:35:00,97.78,97.84,97.68,97.84,166
2026-05-22 05:40:00,97.8,97.85,97.63,97.73,227
2026-05-22 05:45:00,97.7,97.72,97.6,97.71,154
2026-05-22 05:50:00,97.73,97.87,97.71,97.85,152
2026-05-22 05:55:00,97.85,98.15,97.85,98.07,407
2026-05-22 06:00:00,98.08,98.14,98.04,98.13,129
2026-05-22 06:05:00,98.13,98.14,98.03,98.1,82
2026-05-22 06:10:00,98.08,98.12,98.04,98.08,51
2026-05-22 06:15:00,98.05,98.08,97.96,98.0,174
2026-05-22 06:20:00,98.01,98.01,97.87,97.89,172
2026-05-22 06:25:00,97.88,97.94,97.74,97.93,302
2026-05-22 06:30:00,97.92,98.14,97.78,98.06,470
2026-05-22 06:35:00,98.04,98.17,98.01,98.13,240
2026-05-22 06:40:00,98.1,98.24,98.1,98.2,209
2026-05-22 06:45:00,98.2,98.35,98.17,98.27,293
2026-05-22 06:50:00,98.26,98.26,98.03,98.23,207
2026-05-22 06:55:00,98.23,98.29,98.07,98.09,160
2026-05-22 07:00:00,98.08,98.09,97.94,98.06,257
2026-05-22 07:05:00,98.05,98.14,98.04,98.09,143
2026-05-22 07:10:00,98.05,98.1,97.85,97.88,144
2026-05-22 07:15:00,97.87,97.93,97.85,97.86,109
2026-05-22 07:20:00,97.85,97.85,97.62,97.63,379
2026-05-22 07:25:00,97.65,97.73,97.64,97.69,133
2026-05-22 07:30:00,97.66,97.74,97.66,97.74,65
2026-05-22 07:35:00,97.75,97.82,97.72,97.8,190
2026-05-22 07:40:00,97.8,97.92,97.8,97.88,263
2026-05-22 07:45:00,97.89,97.97,97.7,97.82,191
2026-05-22 07:50:00,97.8,97.8,97.68,97.76,81
2026-05-22 07:55:00,97.75,97.85,97.75,97.81,75
2026-05-22 08:00:00,97.82,97.82,97.63,97.71,157
2026-05-22 08:05:00,97.73,97.73,97.56,97.63,134
2026-05-22 08:10:00,97.62,97.64,97.42,97.5,239
2026-05-22 08:15:00,97.49,97.56,97.4,97.43,109
2026-05-22 08:20:00,97.42,97.51,97.33,97.47,193
2026-05-22 08:25:00,97.48,97.54,97.41,97.47,159
2026-05-22 08:30:00,97.44,97.46,97.33,97.4,193
2026-05-22 08:35:00,97.4,97.45,97.34,97.4,113
2026-05-22 08:40:00,97.39,97.39,97.24,97.37,170
2026-05-22 08:45:00,97.37,97.57,97.35,97.49,447
2026-05-22 08:50:00,97.49,97.53,97.44,97.53,76
2026-05-22 08:55:00,97.49,97.55,97.45,97.55,32
2026-05-22 09:00:00,97.53,97.54,97.45,97.48,93
2026-05-22 09:05:00,97.48,97.5,97.42,97.43,58
2026-05-22 09:10:00,97.44,97.48,97.42,97.48,42
2026-05-22 09:15:00,97.47,97.47,97.43,97.45,29
2026-05-22 09:20:00,97.44,97.53,97.43,97.5,85
2026-05-22 09:25:00,97.5,97.51,97.44,97.46,47
2026-05-22 09:30:00,97.48,97.48,97.43,97.43,44
2026-05-22 09:35:00,97.42,97.42,97.18,97.28,512
2026-05-22 09:40:00,97.28,97.3,97.21,97.22,127
2026-05-22 09:45:00,97.2,97.26,97.12,97.14,141
2026-05-22 09:50:00,97.15,97.15,96.92,97.09,498
2026-05-22 09:55:00,97.09,97.28,97.09,97.25,139
2026-05-22 10:00:00,97.27,97.32,97.21,97.25,121
2026-05-22 10:05:00,97.25,97.31,97.22,97.24,67
2026-05-22 10:10:00,97.23,97.33,97.23,97.28,88
2026-05-22 10:15:00,97.31,97.32,97.21,97.29,70
2026-05-22 10:20:00,97.28,97.36,97.27,97.36,69
2026-05-22 10:25:00,97.36,97.43,97.34,97.35,99
2026-05-22 10:30:00,97.34,97.47,97.34,97.42,312
2026-05-22 10:35:00,97.42,97.46,97.38,97.46,41
2026-05-22 10:40:00,97.44,97.73,97.44,97.71,218
2026-05-22 10:45:00,97.71,97.75,97.66,97.67,101
2026-05-22 10:50:00,97.68,97.74,97.67,97.72,85
2026-05-22 10:55:00,97.71,97.71,97.62,97.7,136
2026-05-22 11:00:00,97.68,97.84,97.66,97.81,116
2026-05-22 11:05:00,97.83,97.9,97.71,97.75,108
2026-05-22 11:10:00,97.76,97.78,97.68,97.78,81
2026-05-22 11:15:00,97.76,97.83,97.72,97.77,74
2026-05-22 11:20:00,97.78,98.03,97.78,97.99,200
2026-05-22 11:25:00,97.99,98.55,97.94,98.38,821
2026-05-22 11:30:00,98.38,98.73,98.18,98.21,819
2026-05-22 11:35:00,98.21,98.31,98.19,98.24,269
2026-05-22 11:40:00,98.26,98.36,98.22,98.22,121
2026-05-22 11:45:00,98.23,98.28,97.97,98.1,352
2026-05-22 11:50:00,98.08,98.2,98.05,98.16,169
2026-05-22 11:55:00,98.09,98.14,97.98,97.99,195
2026-05-22 12:00:00,97.98,98.09,97.92,98.06,196
2026-05-22 12:05:00,98.08,98.11,98.04,98.09,155
2026-05-22 12:10:00,98.09,98.09,97.93,98.05,157
2026-05-22 12:15:00,98.05,98.34,98.01,98.34,633
2026-05-22 12:20:00,98.34,98.35,98.25,98.35,207
2026-05-22 12:25:00,98.33,98.33,97.95,98.0,592
2026-05-22 12:30:00,97.98,98.24,97.95,98.15,515
2026-05-22 12:35:00,98.15,98.15,98.05,98.08,328
2026-05-22 12:40:00,98.05,98.53,98.05,98.52,845
2026-05-22 12:45:00,98.51,98.56,98.2,98.21,758
2026-05-22 12:50:00,98.18,98.21,98.0,98.02,589
2026-05-22 12:55:00,98.04,98.2,97.99,98.16,609
2026-05-22 13:00:00,98.17,98.81,98.17,98.69,857
2026-05-22 13:05:00,98.71,98.8,98.6,98.77,856
2026-05-22 13:10:00,98.76,98.87,98.58,98.63,456
2026-05-22 13:15:00,98.62,98.93,98.62,98.7,629
2026-05-22 13:20:00,98.7,98.8,98.63,98.7,420
2026-05-22 13:25:00,98.72,98.82,98.43,98.46,718
2026-05-22 13:30:00,98.46,98.51,98.26,98.39,591
2026-05-22 13:35:00,98.39,98.68,98.35,98.48,613
2026-05-22 13:40:00,98.48,98.69,98.48,98.56,501
2026-05-22 13:45:00,98.54,98.54,98.09,98.41,1408
2026-05-22 13:50:00,98.39,98.74,98.26,98.62,760
2026-05-22 13:55:00,98.6,98.67,98.36,98.38,1035
2026-05-22 14:00:00,98.39,99.4,98.33,99.18,1992
2026-05-22 14:05:00,99.18,99.43,98.55,98.79,1878
2026-05-22 14:10:00,98.77,98.93,98.66,98.88,734
2026-05-22 14:15:00,98.86,98.87,98.71,98.77,338
2026-05-22 14:20:00,98.78,98.82,98.27,98.3,1048
2026-05-22 14:25:00,98.33,98.75,98.3,98.7,473
2026-05-22 14:30:00,98.72,99.05,98.72,98.96,484
2026-05-22 14:35:00,98.95,99.07,98.85,98.89,337
2026-05-22 14:40:00,98.9,99.04,98.87,98.99,305
2026-05-22 14:45:00,99.0,99.07,98.88,99.02,265
2026-05-22 14:50:00,99.02,99.04,98.78,98.89,311
2026-05-22 14:55:00,98.9,98.96,98.79,98.8,405
2026-05-22 15:00:00,98.81,98.85,98.49,98.54,457
2026-05-22 15:05:00,98.55,98.55,97.89,98.12,986
2026-05-22 15:10:00,98.11,98.44,98.11,98.39,560
2026-05-22 15:15:00,98.4,98.64,98.37,98.56,283
2026-05-22 15:20:00,98.59,98.59,98.38,98.44,318
2026-05-22 15:25:00,98.44,98.67,98.33,98.52,563
2026-05-22 15:30:00,98.5,98.5,98.3,98.38,347
2026-05-22 15:35:00,98.37,98.37,97.99,98.07,550
2026-05-22 15:40:00,98.06,98.06,97.66,98.06,740
2026-05-22 15:45:00,98.06,98.29,98.04,98.2,415
2026-05-22 15:50:00,98.23,98.33,98.18,98.29,272
2026-05-22 15:55:00,98.28,98.53,98.27,98.5,369
2026-05-22 16:00:00,98.49,98.8,98.46,98.67,964
2026-05-22 16:05:00,98.65,98.69,98.3,98.33,447
2026-05-22 16:10:00,98.34,98.36,98.23,98.28,303
2026-05-22 16:15:00,98.3,98.37,98.11,98.13,407
2026-05-22 16:20:00,98.11,98.28,98.08,98.27,349
2026-05-22 16:25:00,98.27,98.39,98.23,98.31,401
2026-05-22 16:30:00,98.32,98.36,98.13,98.25,693
2026-05-22 16:35:00,98.26,98.52,98.24,98.44,415
2026-05-22 16:40:00,98.43,98.52,98.36,98.49,348
2026-05-22 16:45:00,98.5,98.52,98.42,98.49,300
2026-05-22 16:50:00,98.53,98.63,98.48,98.6,652
2026-05-22 16:55:00,98.6,98.62,98.48,98.58,424
2026-05-22 17:00:00,98.57,98.66,98.46,98.48,307
2026-05-22 17:05:00,98.48,98.48,98.14,98.18,463
2026-05-22 17:10:00,98.16,98.26,97.66,97.7,761
2026-05-22 17:15:00,97.72,97.73,97.16,97.57,1651
2026-05-22 17:20:00,97.58,97.91,97.57,97.66,1002
2026-05-22 17:25:00,97.66,97.68,97.51,97.52,272
2026-05-22 17:30:00,97.55,97.77,97.41,97.63,1346
2026-05-22 17:35:00,97.66,97.69,97.41,97.48,531
2026-05-22 17:40:00,97.51,97.52,96.04,96.15,6118
2026-05-22 17:45:00,96.16,96.78,95.65,96.0,4612
2026-05-22 17:50:00,95.98,96.49,95.95,96.12,3065
2026-05-22 17:55:00,96.13,96.88,96.03,96.61,2464
2026-05-22 18:00:00,96.6,96.66,96.34,96.47,1056
2026-05-22 18:05:00,96.48,96.68,96.47,96.53,863
2026-05-22 18:10:00,96.51,96.95,96.46,96.72,984
2026-05-22 18:15:00,96.73,96.81,96.39,96.43,832
2026-05-22 18:20:00,96.42,96.72,96.36,96.44,790
2026-05-22 18:25:00,96.43,96.64,96.17,96.22,1138
2026-05-22 18:30:00,96.2,96.88,96.1,96.74,2190
2026-05-22 18:35:00,96.72,96.81,95.94,96.0,2427
2026-05-22 18:40:00,95.99,96.29,95.46,96.16,4578
2026-05-22 18:45:00,96.16,96.25,95.86,96.06,2632
2026-05-22 18:50:00,96.07,96.31,95.93,96.29,1257
2026-05-22 18:55:00,96.27,96.6,96.22,96.57,1240
2026-05-22 19:00:00,96.59,97.36,96.38,96.87,3888
2026-05-22 19:05:00,96.86,96.88,96.52,96.71,1827
2026-05-22 19:10:00,96.71,97.65,96.7,97.25,5087
2026-05-22 19:15:00,97.27,97.74,97.16,97.73,2292
2026-05-22 19:20:00,97.69,98.06,97.69,97.97,2792
2026-05-22 19:25:00,97.98,98.11,97.74,97.77,1336
2026-05-22 19:30:00,97.78,98.17,97.76,97.92,1853
2026-05-22 19:35:00,97.93,98.13,97.66,97.76,1628
2026-05-22 19:40:00,97.76,97.99,97.66,97.87,1056
2026-05-22 19:45:00,97.86,97.86,97.53,97.66,1449
2026-05-22 19:50:00,97.66,97.79,97.63,97.68,1018
2026-05-22 19:55:00,97.68,97.73,97.47,97.54,1134
2026-05-22 20:00:00,97.56,97.58,97.4,97.42,924
2026-05-22 20:05:00,97.4,97.73,97.29,97.7,914
2026-05-22 20:10:00,97.71,97.78,97.52,97.55,950
2026-05-22 20:15:00,97.55,97.56,97.34,97.48,1333
2026-05-22 20:20:00,97.5,97.63,97.47,97.53,594
2026-05-22 20:25:00,97.53,97.61,97.48,97.57,648
2026-05-22 20:30:00,97.57,97.96,97.56,97.68,1609
2026-05-22 20:35:00,97.69,97.91,97.41,97.82,1752
2026-05-22 20:40:00,97.8,97.89,97.67,97.72,1754
2026-05-22 20:45:00,97.73,97.78,97.63,97.67,817
2026-05-22 20:50:00,97.67,97.81,97.6,97.73,1014
2026-05-22 20:55:00,97.72,97.84,97.43,97.45,1769
2026-05-22 21:00:00,97.44,97.47,97.0,97.18,2504
2026-05-22 21:05:00,97.2,97.26,97.05,97.05,1043
2026-05-22 21:10:00,97.06,97.1,96.91,96.93,1641
2026-05-22 21:15:00,96.92,97.03,96.81,97.02,1331
2026-05-22 21:20:00,97.01,97.01,96.82,96.87,679
2026-05-22 21:25:00,96.86,97.1,96.8,97.06,1157
2026-05-22 21:30:00,97.06,97.41,96.99,97.09,2678
2026-05-22 21:35:00,97.09,97.37,97.04,97.3,1423
2026-05-22 21:40:00,97.29,97.3,96.92,97.02,1353
2026-05-22 21:45:00,97.03,97.33,97.02,97.26,1589
2026-05-22 21:50:00,97.27,97.27,97.06,97.09,1082
2026-05-22 21:55:00,97.09,97.19,96.85,96.9,1678
2026-05-22 22:00:00,96.89,96.91,96.52,96.86,1850
2026-05-22 22:05:00,96.86,96.99,96.79,96.88,1150
2026-05-22 22:10:00,96.9,96.93,96.76,96.86,719
2026-05-22 22:15:00,96.86,96.86,96.63,96.84,1183
2026-05-22 22:20:00,96.84,97.01,96.75,96.93,1405
2026-05-22 22:25:00,96.92,97.21,96.84,96.86,1801
2026-05-22 22:30:00,96.83,96.83,96.37,96.44,2098
2026-05-22 22:35:00,96.43,96.44,96.27,96.36,1311
2026-05-22 22:40:00,96.34,96.63,96.3,96.57,1662
2026-05-22 22:45:00,96.54,97.06,96.36,96.95,2254
2026-05-22 22:50:00,96.97,97.24,96.79,96.97,3288
2026-05-22 22:55:00,96.98,97.08,94.73,95.0,12119
2026-05-22 23:00:00,94.99,95.91,94.8,95.87,4672
2026-05-22 23:05:00,95.88,96.0,95.31,95.46,2467
2026-05-22 23:10:00,95.44,95.72,95.34,95.69,1987
2026-05-22 23:15:00,95.69,95.88,95.59,95.85,1707
2026-05-22 23:20:00,95.84,96.09,95.81,96.05,2502
2026-05-22 23:25:00,96.06,96.27,95.86,96.07,2651
2026-05-22 23:30:00,96.07,96.7,96.0,96.34,3308
2026-05-22 23:35:00,96.36,96.46,96.08,96.39,2945
2026-05-22 23:40:00,96.4,96.57,96.3,96.46,1725
2026-05-22 23:45:00,96.47,96.62,96.29,96.54,2045
2026-05-22 23:50:00,96.57,96.61,96.34,96.48,1787
2026-05-22 23:55:00,96.48,96.75,96.18,96.75,7816
2026-05-23 00:00:00,96.76,96.77,96.45,96.51,1680
2026-05-23 00:05:00,96.51,96.63,96.15,96.36,1744
2026-05-23 00:10:00,96.36,96.56,96.21,96.33,907
2026-05-23 00:15:00,96.32,96.5,96.22,96.35,745
2026-05-23 00:20:00,96.35,96.35,96.05,96.1,521
2026-05-23 00:25:00,96.11,96.25,96.0,96.25,524
2026-05-23 00:30:00,96.23,96.81,96.2,96.59,1951
2026-05-23 00:35:00,96.6,96.74,96.57,96.71,650
2026-05-23 00:40:00,96.71,96.95,96.7,96.8,938
2026-05-23 00:45:00,96.8,96.81,96.59,96.6,373
2026-05-23 00:50:00,96.6,96.74,96.6,96.64,209
2026-05-23 00:55:00,96.65,96.86,96.65,96.82,473
2026-05-23 01:00:00,96.82,96.94,96.78,96.81,496
2026-05-23 01:05:00,96.82,96.82,96.68,96.71,388
2026-05-23 01:10:00,96.71,96.77,96.54,96.59,562
2026-05-23 01:15:00,96.59,96.68,96.54,96.6,1155
2026-05-23 01:20:00,96.62,96.71,96.44,96.46,977
2026-05-23 01:25:00,96.46,96.46,96.08,96.28,1132
2026-05-23 01:30:00,96.23,96.48,96.14,96.44,546
2026-05-23 01:35:00,96.45,96.48,96.29,96.38,133
2026-05-23 01:40:00,96.4,96.42,96.17,96.23,289
2026-05-23 01:45:00,96.23,96.29,95.97,96.16,538
2026-05-23 01:50:00,96.18,96.2,96.05,96.07,336
2026-05-23 01:55:00,96.1,96.2,96.09,96.18,311
2026-05-23 02:00:00,96.18,96.61,96.07,96.37,1830
2026-05-23 02:05:00,96.44,96.62,96.26,96.61,478
2026-05-23 02:10:00,96.61,97.27,96.58,97.15,1115
2026-05-23 02:15:00,97.17,97.18,96.77,96.84,330
2026-05-23 02:20:00,96.85,97.1,96.7,96.91,660
2026-05-23 02:25:00,96.9,97.14,96.6,96.6,484
2026-05-26 09:30:00,91.66,91.81,91.58,91.78,302
2026-05-26 09:35:00,91.79,91.85,91.76,91.78,111
2026-05-26 09:40:00,91.76,91.78,91.74,91.74,42
2026-05-26 09:45:00,91.74,91.83,91.74,91.83,47
2026-05-26 09:50:00,91.81,91.85,91.77,91.82,122
2026-05-26 09:55:00,91.83,91.9,91.82,91.82,168
2026-05-26 10:00:00,91.84,91.88,91.81,91.82,76
2026-05-26 10:05:00,91.81,91.83,91.69,91.75,158
2026-05-26 10:10:00,91.76,91.86,91.71,91.85,200
2026-05-26 10:15:00,91.87,92.04,91.87,91.99,284
2026-05-26 10:20:00,91.98,92.04,91.96,92.02,90
2026-05-26 10:25:00,92.01,92.12,91.99,92.02,278
2026-05-26 10:30:00,92.01,92.3,92.0,92.27,861
2026-05-26 10:35:00,92.27,92.44,92.23,92.37,438
2026-05-26 10:40:00,92.38,92.55,92.35,92.48,327
2026-05-26 10:45:00,92.47,92.47,92.12,92.16,234
2026-05-26 10:50:00,92.16,92.21,92.1,92.14,77
2026-05-26 10:55:00,92.13,92.13,92.01,92.05,157
2026-05-26 11:00:00,92.06,92.11,91.79,91.99,419
2026-05-26 11:05:00,92.0,92.0,91.91,91.94,149
2026-05-26 11:10:00,91.94,92.02,91.94,92.0,116
2026-05-26 11:15:00,92.0,92.14,92.0,92.14,186
2026-05-26 11:20:00,92.15,92.19,92.06,92.08,192
2026-05-26 11:25:00,92.09,92.09,91.88,91.89,178
2026-05-26 11:30:00,91.9,91.95,91.73,91.79,296
2026-05-26 11:35:00,91.78,91.83,91.69,91.71,259
2026-05-26 11:40:00,91.74,91.78,91.61,91.71,236
2026-05-26 11:45:00,91.71,91.75,91.67,91.68,239
2026-05-26 11:50:00,91.7,91.73,91.62,91.64,218
2026-05-26 11:55:00,91.65,92.31,91.58,91.96,1655
2026-05-26 12:00:00,91.94,92.18,91.87,91.93,489
2026-05-26 12:05:00,91.95,91.95,91.62,91.65,648
2026-05-26 12:10:00,91.65,91.75,91.61,91.7,318
2026-05-26 12:15:00,91.67,91.79,91.61,91.61,209
2026-05-26 12:20:00,91.6,91.6,91.4,91.51,396
2026-05-26 12:25:00,91.52,91.73,91.49,91.67,280
2026-05-26 12:30:00,91.66,92.23,91.53,92.2,1053
2026-05-26 12:35:00,92.22,92.5,92.06,92.4,1238
2026-05-26 12:40:00,92.41,92.6,92.23,92.43,903
2026-05-26 12:45:00,92.44,92.75,92.42,92.59,856
2026-05-26 12:50:00,92.59,92.6,92.32,92.36,500
2026-05-26 12:55:00,92.35,92.41,92.24,92.31,545
2026-05-26 13:00:00,92.31,92.72,92.27,92.66,879
2026-05-26 13:05:00,92.68,92.96,92.68,92.9,869
2026-05-26 13:10:00,92.89,92.91,92.62,92.63,707
2026-05-26 13:15:00,92.65,92.67,92.38,92.46,646
2026-05-26 13:20:00,92.48,92.74,92.4,92.74,771
2026-05-26 13:25:00,92.74,92.79,92.47,92.47,725
2026-05-26 13:30:00,92.47,92.65,92.33,92.46,729
2026-05-26 13:35:00,92.47,92.6,92.38,92.52,648
2026-05-26 13:40:00,92.53,92.73,92.38,92.72,506
2026-05-26 13:45:00,92.71,92.78,92.57,92.69,355
2026-05-26 13:50:00,92.69,92.82,92.68,92.72,446
2026-05-26 13:55:00,92.73,92.85,92.56,92.76,893
2026-05-26 14:00:00,92.77,93.18,92.68,93.1,1199
2026-05-26 14:05:00,93.09,93.24,93.03,93.09,712
2026-05-26 14:10:00,93.08,93.36,93.05,93.33,546
2026-05-26 14:15:00,93.35,93.55,93.29,93.53,733
2026-05-26 14:20:00,93.52,93.64,93.29,93.35,637
2026-05-26 14:25:00,93.36,93.41,93.17,93.2,486
2026-05-26 14:30:00,93.21,93.28,92.81,92.81,736
2026-05-26 14:35:00,92.81,93.12,92.79,93.02,487
2026-05-26 14:40:00,93.03,93.11,92.96,93.08,291
2026-05-26 14:45:00,93.08,93.13,92.7,92.84,1149
2026-05-26 14:50:00,92.83,93.26,92.75,93.16,424
2026-05-26 14:55:00,93.16,93.24,92.99,93.02,454
2026-05-26 15:00:00,93.03,93.08,92.79,92.85,407
2026-05-26 15:05:00,92.88,93.06,92.79,92.99,393
2026-05-26 15:10:00,92.99,93.08,92.88,93.05,300
2026-05-26 15:15:00,93.06,93.12,92.91,92.94,265
2026-05-26 15:20:00,92.92,92.94,92.66,92.7,458
2026-05-26 15:25:00,92.68,92.7,92.51,92.61,921
2026-05-26 15:30:00,92.61,92.73,92.39,92.47,912
2026-05-26 15:35:00,92.47,92.51,92.36,92.41,579
2026-05-26 15:40:00,92.42,92.47,92.19,92.2,782
2026-05-26 15:45:00,92.22,92.42,92.2,92.22,462
2026-05-26 15:50:00,92.22,92.4,92.17,92.34,374
2026-05-26 15:55:00,92.33,92.37,91.78,91.84,1460
2026-05-26 16:00:00,91.85,92.03,91.5,91.71,1558
2026-05-26 16:05:00,91.72,92.04,91.59,91.91,788
2026-05-26 16:10:00,91.9,92.09,91.8,91.91,472
2026-05-26 16:15:00,91.92,92.08,91.89,91.93,337
2026-05-26 16:20:00,91.91,91.98,91.84,91.97,361
2026-05-26 16:25:00,91.96,92.02,91.88,92.02,303
2026-05-26 16:30:00,92.02,92.15,91.98,92.06,620
2026-05-26 16:35:00,92.05,92.17,92.0,92.12,401
2026-05-26 16:40:00,92.13,92.41,92.13,92.41,394
2026-05-26 16:45:00,92.41,92.46,92.24,92.31,792
2026-05-26 16:50:00,92.31,92.43,92.19,92.29,865
2026-05-26 16:55:00,92.28,92.5,92.25,92.43,395
2026-05-26 17:00:00,92.44,92.75,92.17,92.52,1378
2026-05-26 17:05:00,92.51,92.9,92.48,92.57,1361
2026-05-26 17:10:00,92.59,92.69,92.43,92.6,693
2026-05-26 17:15:00,92.61,92.73,92.5,92.61,396
2026-05-26 17:20:00,92.62,92.73,92.56,92.71,277
2026-05-26 17:25:00,92.71,92.78,92.63,92.72,362
2026-05-26 17:30:00,92.72,92.93,92.7,92.92,787
2026-05-26 17:35:00,92.9,93.36,92.71,92.8,3218
2026-05-26 17:40:00,92.81,92.94,92.55,92.64,1257
2026-05-26 17:45:00,92.66,92.72,92.5,92.55,543
2026-05-26 17:50:00,92.54,92.68,92.42,92.61,397
2026-05-26 17:55:00,92.61,92.79,92.55,92.75,485
2026-05-26 18:00:00,92.72,92.93,92.72,92.8,802
2026-05-26 18:05:00,92.8,93.02,92.73,92.97,653
2026-05-26 18:10:00,92.96,92.98,92.81,92.95,469
2026-05-26 18:15:00,92.94,92.94,92.62,92.65,655
2026-05-26 18:20:00,92.64,92.7,92.48,92.61,561
2026-05-26 18:25:00,92.62,92.81,92.5,92.8,796
2026-05-26 18:30:00,92.81,92.85,92.54,92.7,1364
2026-05-26 18:35:00,92.71,92.92,92.68,92.91,1242
2026-05-26 18:40:00,92.9,92.96,92.73,92.81,1206
2026-05-26 18:45:00,92.8,93.0,92.68,92.98,850
2026-05-26 18:50:00,93.0,93.0,92.78,92.85,816
2026-05-26 18:55:00,92.85,93.06,92.85,93.04,819
2026-05-26 19:00:00,93.06,93.15,92.8,93.1,1328
2026-05-26 19:05:00,93.11,93.14,92.93,93.11,1115
2026-05-26 19:10:00,93.11,93.22,93.07,93.14,1174
2026-05-26 19:15:00,93.13,93.38,93.04,93.37,1509
2026-05-26 19:20:00,93.36,94.51,93.35,94.15,7402
2026-05-26 19:25:00,94.15,94.24,93.88,94.2,2762
2026-05-26 19:30:00,94.16,94.43,94.0,94.08,2461
2026-05-26 19:35:00,94.07,94.12,93.52,93.81,2691
2026-05-26 19:40:00,93.79,94.05,93.73,93.83,1280
2026-05-26 19:45:00,93.83,94.1,93.77,93.95,1254
2026-05-26 19:50:00,93.96,93.99,93.77,93.82,1020
2026-05-26 19:55:00,93.8,93.94,93.71,93.82,1267
2026-05-26 20:00:00,93.8,93.86,93.46,93.62,2908
2026-05-26 20:05:00,93.62,93.7,93.17,93.65,3990
2026-05-26 20:10:00,93.65,93.81,93.48,93.75,1749
2026-05-26 20:15:00,93.74,93.85,93.52,93.64,1484
2026-05-26 20:20:00,93.62,94.12,93.62,94.11,2672
2026-05-26 20:25:00,94.12,94.4,94.09,94.19,2816
2026-05-26 20:30:00,94.19,94.48,94.17,94.32,3109
2026-05-26 20:35:00,94.33,94.45,94.16,94.36,2048
2026-05-26 20:40:00,94.37,94.39,94.13,94.28,1324
2026-05-26 20:45:00,94.27,94.42,94.12,94.2,1605
2026-05-26 20:50:00,94.2,94.37,94.15,94.34,1052
2026-05-26 20:55:00,94.33,94.7,94.22,94.64,2396
2026-05-26 21:00:00,94.62,94.63,94.19,94.27,2395
2026-05-26 21:05:00,94.27,94.48,94.19,94.2,1311
2026-05-26 21:10:00,94.2,94.25,94.03,94.07,1822
2026-05-26 21:15:00,94.09,94.09,93.82,93.83,1940
2026-05-26 21:20:00,93.83,93.99,93.81,93.88,1537
2026-05-26 21:25:00,93.89,94.07,93.85,93.9,1080
2026-05-26 21:30:00,93.89,94.07,93.85,93.93,1288
2026-05-26 21:35:00,93.93,94.08,93.87,93.99,2333
2026-05-26 21:40:00,93.99,94.33,93.99,94.3,1163
2026-05-26 21:45:00,94.3,94.36,94.08,94.09,1022
2026-05-26 21:50:00,94.09,94.26,94.07,94.2,1053
2026-05-26 21:55:00,94.2,94.25,93.95,94.07,1016
2026-05-26 22:00:00,94.07,94.15,93.71,93.79,2135
2026-05-26 22:05:00,93.77,94.05,93.74,93.96,1461
2026-05-26 22:10:00,93.97,94.17,93.94,94.15,1169
2026-05-26 22:15:00,94.15,94.31,94.06,94.31,815
2026-05-26 22:20:00,94.3,94.31,94.15,94.2,1019
2026-05-26 22:25:00,94.19,94.2,94.02,94.03,1002
2026-05-26 22:30:00,94.04,94.09,93.88,93.94,1476
2026-05-26 22:35:00,93.93,94.06,93.85,94.0,1702
2026-05-26 22:40:00,94.0,94.04,93.92,93.96,852
2026-05-26 22:45:00,93.95,94.16,93.95,94.0,1249
2026-05-26 22:50:00,93.99,94.01,93.82,93.95,1430
2026-05-26 22:55:00,93.96,94.11,93.96,94.05,1225
2026-05-26 23:00:00,94.05,94.14,93.85,93.87,1388
2026-05-26 23:05:00,93.87,93.93,93.78,93.83,1383
2026-05-26 23:10:00,93.82,93.91,93.58,93.62,1033
2026-05-26 23:15:00,93.61,93.88,93.56,93.87,1249
2026-05-26 23:20:00,93.86,93.95,93.8,93.82,989
2026-05-26 23:25:00,93.81,93.87,93.74,93.74,1243
2026-05-26 23:30:00,93.74,94.09,93.74,93.99,2309
2026-05-26 23:35:00,93.99,93.99,93.74,93.78,1213
2026-05-26 23:40:00,93.78,93.9,93.72,93.8,1618
2026-05-26 23:45:00,93.8,93.82,93.55,93.69,2041
2026-05-26 23:50:00,93.69,94.0,93.65,93.84,2824
2026-05-26 23:55:00,93.84,93.97,93.72,93.89,6961
2026-05-27 00:00:00,93.88,94.03,93.85,93.92,1606
2026-05-27 00:05:00,93.92,94.07,93.76,93.78,1123
2026-05-27 00:10:00,93.79,93.89,93.73,93.86,884
2026-05-27 00:15:00,93.84,93.88,93.81,93.82,343
2026-05-27 00:20:00,93.82,93.82,93.41,93.6,1267
2026-05-27 00:25:00,93.6,93.71,93.52,93.68,1053
2026-05-27 00:30:00,93.69,93.87,93.68,93.83,679
2026-05-27 00:35:00,93.82,93.84,93.74,93.79,350
2026-05-27 00:40:00,93.8,94.04,93.76,93.95,890
2026-05-27 00:45:00,93.96,93.98,93.87,93.93,478
2026-05-27 00:50:00,93.93,94.06,93.87,93.88,526
2026-05-27 00:55:00,93.89,93.99,93.88,93.96,465
2026-05-27 01:00:00,93.96,94.02,93.79,93.81,435
2026-05-27 01:05:00,93.81,93.81,93.67,93.76,537
2026-05-27 01:10:00,93.76,93.9,93.75,93.87,361
2026-05-27 01:15:00,93.88,93.93,93.64,93.66,730
2026-05-27 01:20:00,93.67,93.73,93.62,93.73,276
2026-05-27 01:25:00,93.72,93.72,93.51,93.53,711
2026-05-27 01:30:00,93.51,93.53,93.2,93.43,1025
2026-05-27 01:35:00,93.44,93.66,93.43,93.65,473
2026-05-27 01:40:00,93.64,93.72,93.58,93.65,189
2026-05-27 01:45:00,93.66,93.66,93.54,93.62,126
2026-05-27 01:50:00,93.63,93.72,93.61,93.71,120
2026-05-27 01:55:00,93.72,93.73,93.67,93.7,124
2026-05-27 02:00:00,93.7,93.82,93.69,93.71,195
2026-05-27 02:05:00,93.73,93.87,93.69,93.8,249
2026-05-27 02:10:00,93.79,93.82,93.63,93.63,231
2026-05-27 02:15:00,93.63,93.65,93.58,93.62,306
2026-05-27 02:20:00,93.64,93.64,93.48,93.54,394
2026-05-27 02:25:00,93.56,93.61,93.52,93.57,272
2026-05-27 03:30:00,93.39,93.61,93.3,93.38,0
2026-05-27 03:35:00,93.39,93.44,93.33,93.44,186
2026-05-27 03:40:00,93.42,93.49,93.36,93.48,129
2026-05-27 03:45:00,93.47,93.48,93.38,93.46,103
2026-05-27 03:50:00,93.48,93.63,93.46,93.61,240
2026-05-27 03:55:00,93.6,93.69,93.6,93.67,134
2026-05-27 04:00:00,93.67,93.67,93.55,93.56,92
2026-05-27 04:05:00,93.56,93.61,93.55,93.58,72
2026-05-27 04:10:00,93.57,93.58,93.55,93.57,32
2026-05-27 04:15:00,93.58,93.62,93.57,93.6,21
2026-05-27 04:20:00,93.6,93.61,93.56,93.61,16
2026-05-27 04:25:00,93.62,93.68,93.55,93.58,61
2026-05-27 04:30:00,93.57,93.59,93.55,93.57,42
2026-05-27 04:35:00,93.56,93.61,93.55,93.59,82
2026-05-27 04:40:00,93.58,93.61,93.57,93.61,24
2026-05-27 04:45:00,93.6,93.62,93.46,93.47,208
2026-05-27 04:50:00,93.49,93.49,93.33,93.33,260
2026-05-27 04:55:00,93.35,93.39,93.29,93.32,137
2026-05-27 05:00:00,93.33,93.4,93.32,93.34,73
2026-05-27 05:05:00,93.34,93.36,93.32,93.32,56
2026-05-27 05:10:00,93.35,93.38,93.2,93.21,141
2026-05-27 05:15:00,93.2,93.24,93.1,93.12,134
2026-05-27 05:20:00,93.14,93.25,93.12,93.2,137
2026-05-27 05:25:00,93.22,93.35,93.21,93.31,52
2026-05-27 05:30:00,93.33,93.43,93.11,93.23,358
2026-05-27 05:35:00,93.25,93.32,92.81,92.95,634
2026-05-27 05:40:00,92.98,93.16,92.9,93.11,329
2026-05-27 05:45:00,93.11,93.16,93.08,93.1,70
2026-05-27 05:50:00,93.1,93.16,93.06,93.14,85
2026-05-27 05:55:00,93.18,93.2,93.01,93.14,265
2026-05-27 06:00:00,93.16,93.17,93.08,93.13,104
2026-05-27 06:05:00,93.14,93.18,93.09,93.15,68
2026-05-27 06:10:00,93.15,93.24,93.07,93.08,172
2026-05-27 06:15:00,93.07,93.08,92.93,93.0,330
2026-05-27 06:20:00,93.0,93.06,92.94,92.99,137
2026-05-27 06:25:00,92.98,93.01,92.81,92.96,405
2026-05-27 06:30:00,92.97,93.22,92.66,92.76,937
2026-05-27 06:35:00,92.74,92.84,92.55,92.78,668
2026-05-27 06:40:00,92.78,92.86,92.74,92.81,335
2026-05-27 06:45:00,92.81,92.94,92.81,92.92,166
2026-05-27 06:50:00,92.91,92.96,92.82,92.9,143
2026-05-27 06:55:00,92.9,92.93,92.85,92.89,137
2026-05-27 07:00:00,92.9,92.92,92.74,92.89,139
2026-05-27 07:05:00,92.87,92.87,92.73,92.79,131
2026-05-27 07:10:00,92.8,92.98,92.77,92.88,133
2026-05-27 07:15:00,92.9,92.97,92.87,92.91,77
2026-05-27 07:20:00,92.89,92.94,92.74,92.87,171
2026-05-27 07:25:00,92.86,92.91,92.84,92.85,87
2026-05-27 07:30:00,92.84,92.84,92.68,92.71,186
2026-05-27 07:35:00,92.72,92.76,92.62,92.72,231
2026-05-27 07:40:00,92.74,92.78,92.7,92.76,57
2026-05-27 07:45:00,92.76,92.76,92.71,92.76,61
2026-05-27 07:50:00,92.76,92.82,92.61,92.62,130
2026-05-27 07:55:00,92.6,92.64,92.41,92.63,560
2026-05-27 08:00:00,92.63,92.71,92.51,92.65,140
2026-05-27 08:05:00,92.66,92.72,92.61,92.71,106
2026-05-27 08:10:00,92.71,92.75,92.66,92.69,125
2026-05-27 08:15:00,92.69,92.69,92.26,92.35,820
2026-05-27 08:20:00,92.34,92.41,92.16,92.35,430
2026-05-27 08:25:00,92.36,92.45,92.34,92.4,108
2026-05-27 08:30:00,92.38,92.39,92.0,92.09,586
2026-05-27 08:35:00,92.1,92.12,91.87,91.93,645
2026-05-27 08:40:00,91.94,92.12,91.92,92.07,171
2026-05-27 08:45:00,92.1,92.1,91.94,92.01,212
2026-05-27 08:50:00,92.02,92.06,91.94,91.97,187
2026-05-27 08:55:00,91.99,92.05,91.96,92.03,157
2026-05-27 09:00:00,92.04,92.17,92.01,92.14,307
2026-05-27 09:05:00,92.14,92.31,92.14,92.25,287
2026-05-27 09:10:00,92.24,92.26,92.16,92.21,137
2026-05-27 09:15:00,92.23,92.26,92.15,92.15,87
2026-05-27 09:20:00,92.15,92.2,92.09,92.14,54
2026-05-27 09:25:00,92.15,92.17,92.12,92.13,46
2026-05-27 09:30:00,92.11,92.15,92.08,92.12,92
2026-05-27 09:35:00,92.11,92.11,91.91,91.99,230
2026-05-27 09:40:00,92.01,92.09,91.99,92.06,86
2026-05-27 09:45:00,92.06,92.07,92.0,92.03,57
2026-05-27 09:50:00,92.02,92.02,91.81,91.92,211
2026-05-27 09:55:00,91.93,92.01,91.93,91.97,46
2026-05-27 10:00:00,91.98,91.98,91.94,91.96,127
2026-05-27 10:05:00,91.95,92.01,91.87,91.99,186
2026-05-27 10:10:00,91.98,92.06,91.97,91.99,185
2026-05-27 10:15:00,91.99,92.05,91.94,92.02,78
2026-05-27 10:20:00,92.02,92.04,91.94,91.95,172
2026-05-27 10:25:00,91.93,91.99,91.91,91.94,90
2026-05-27 10:30:00,91.95,92.07,91.93,91.95,107
2026-05-27 10:35:00,91.96,92.06,91.95,92.06,81
2026-05-27 10:40:00,92.06,92.1,91.82,91.89,290
2026-05-27 10:45:00,91.89,91.92,91.73,91.86,255
2026-05-27 10:50:00,91.87,91.97,91.86,91.9,194
2026-05-27 10:55:00,91.9,91.94,91.89,91.94,69
2026-05-27 11:00:00,91.92,92.2,91.86,92.18,399
2026-05-27 11:05:00,92.19,92.22,91.91,91.95,259
2026-05-27 11:10:00,91.97,91.99,91.93,91.95,132
2026-05-27 11:15:00,91.93,92.08,91.93,92.03,120
2026-05-27 11:20:00,92.03,92.03,91.74,91.83,394
2026-05-27 11:25:00,91.81,91.88,91.77,91.85,184
2026-05-27 11:30:00,91.84,92.04,91.79,91.99,609
2026-05-27 11:35:00,91.97,91.98,91.52,91.7,562
2026-05-27 11:40:00,91.69,91.87,91.56,91.83,502
2026-05-27 11:45:00,91.84,91.98,91.83,91.9,241
2026-05-27 11:50:00,91.9,91.92,91.78,91.85,225
2026-05-27 11:55:00,91.85,92.02,91.85,91.9,229
2026-05-27 12:00:00,91.91,92.04,91.88,91.99,175
2026-05-27 12:05:00,91.98,91.99,91.84,91.87,218
2026-05-27 12:10:00,91.86,91.89,91.64,91.83,433
2026-05-27 12:15:00,91.83,91.85,91.5,91.56,451
2026-05-27 12:20:00,91.56,91.58,91.41,91.55,706
2026-05-27 12:25:00,91.56,91.68,91.54,91.54,690
2026-05-27 12:30:00,91.54,91.65,91.2,91.22,1153
2026-05-27 12:35:00,91.22,91.29,91.12,91.25,593
2026-05-27 12:40:00,91.25,91.42,91.25,91.33,676
2026-05-27 12:45:00,91.33,91.37,91.23,91.27,531
2026-05-27 12:50:00,91.29,91.39,91.0,91.06,726
2026-05-27 12:55:00,91.06,91.21,91.03,91.17,479
2026-05-27 13:00:00,91.16,91.16,90.85,90.92,982
2026-05-27 13:05:00,90.97,91.11,90.93,91.06,521
2026-05-27 13:10:00,91.07,91.22,90.97,91.05,665
2026-05-27 13:15:00,91.05,91.49,91.01,91.4,614
2026-05-27 13:20:00,91.39,91.48,91.24,91.29,799
2026-05-27 13:25:00,91.29,91.31,91.03,91.12,616
2026-05-27 13:30:00,91.1,91.26,90.82,90.87,1100
2026-05-27 13:35:00,90.88,90.88,90.56,90.79,977
2026-05-27 13:40:00,90.79,91.08,90.77,90.96,570
2026-05-27 13:45:00,90.97,91.05,90.86,91.04,355
2026-05-27 13:50:00,91.04,91.05,90.45,90.53,1061
2026-05-27 13:55:00,90.54,90.69,90.37,90.58,1013
2026-05-27 14:00:00,90.57,90.82,90.54,90.59,511
2026-05-27 14:05:00,90.59,90.59,90.31,90.47,1031
2026-05-27 14:10:00,90.47,90.48,90.13,90.17,995
2026-05-27 14:15:00,90.18,90.23,90.04,90.04,846
2026-05-27 14:20:00,90.06,90.07,89.69,89.96,1838
2026-05-27 14:25:00,89.95,90.17,89.88,90.17,936
2026-05-27 14:30:00,90.16,90.29,90.01,90.11,997
2026-05-27 14:35:00,90.12,90.46,90.12,90.45,892
2026-05-27 14:40:00,90.45,90.53,90.03,90.06,887
2026-05-27 14:45:00,90.08,90.08,89.85,89.91,842
2026-05-27 14:50:00,89.92,89.92,89.64,89.83,842
2026-05-27 14:55:00,89.82,90.02,89.75,90.0,680
2026-05-27 15:00:00,89.99,90.45,89.98,90.3,1092
2026-05-27 15:05:00,90.3,90.39,90.2,90.27,466
2026-05-27 15:10:00,90.27,90.45,90.23,90.35,499
2026-05-27 15:15:00,90.36,90.39,90.24,90.28,366
2026-05-27 15:20:00,90.27,90.28,89.87,89.9,1109
2026-05-27 15:25:00,89.9,89.94,89.78,89.87,778
2026-05-27 15:30:00,89.86,90.25,89.83,90.12,758
2026-05-27 15:35:00,90.14,90.18,90.07,90.09,258
2026-05-27 15:40:00,90.09,90.13,89.9,90.01,325
2026-05-27 15:45:00,90.01,90.05,89.94,90.01,421
2026-05-27 15:50:00,90.03,90.15,90.02,90.1,431
2026-05-27 15:55:00,90.09,90.36,90.09,90.33,502
2026-05-27 16:00:00,90.33,90.51,90.26,90.44,1086
2026-05-27 16:05:00,90.46,90.49,90.37,90.43,306
2026-05-27 16:10:00,90.42,90.42,90.13,90.18,599
2026-05-27 16:15:00,90.18,90.38,90.09,90.33,656
2026-05-27 16:20:00,90.33,90.35,90.26,90.29,297
2026-05-27 16:25:00,90.29,90.41,90.19,90.21,401
2026-05-27 16:30:00,90.2,90.45,90.07,90.38,1107
2026-05-27 16:35:00,90.4,90.63,90.33,90.59,832
2026-05-27 16:40:00,90.57,90.83,90.37,90.37,1207
2026-05-27 16:45:00,90.37,90.7,90.23,90.29,1272
2026-05-27 16:50:00,90.29,90.37,89.96,90.27,1212
2026-05-27 16:55:00,90.3,90.71,90.3,90.69,1006
2026-05-27 17:00:00,90.69,90.85,90.63,90.81,812
2026-05-27 17:05:00,90.82,90.85,90.37,90.45,1035
2026-05-27 17:10:00,90.45,90.57,90.41,90.54,718
2026-05-27 17:15:00,90.55,90.7,90.52,90.66,391
2026-05-27 17:20:00,90.68,90.75,90.53,90.68,810
2026-05-27 17:25:00,90.69,90.72,90.53,90.54,832
2026-05-27 17:30:00,90.55,90.77,90.55,90.66,911
2026-05-27 17:35:00,90.63,90.67,90.44,90.45,632
2026-05-27 17:40:00,90.45,90.54,90.27,90.33,803
2026-05-27 17:45:00,90.33,90.42,89.11,89.61,5361
2026-05-27 17:50:00,89.64,89.8,88.25,88.98,9599
2026-05-27 17:55:00,88.96,88.99,88.35,88.52,4318
2026-05-27 18:00:00,88.51,88.69,87.96,88.37,5728
2026-05-27 18:05:00,88.37,88.62,87.77,88.53,4768
2026-05-27 18:10:00,88.52,88.76,88.49,88.71,2343
2026-05-27 18:15:00,88.74,89.02,88.63,88.86,2290
2026-05-27 18:20:00,88.83,88.89,88.53,88.72,1908
2026-05-27 18:25:00,88.7,88.92,88.64,88.84,1320
2026-05-27 18:30:00,88.85,89.5,88.76,89.48,4343
2026-05-27 18:35:00,89.48,89.61,89.33,89.54,2682
2026-05-27 18:40:00,89.55,89.68,89.29,89.34,2726
2026-05-27 18:45:00,89.34,89.51,89.34,89.39,1324
2026-05-27 18:50:00,89.39,89.55,89.25,89.41,1236
2026-05-27 18:55:00,89.4,89.76,89.38,89.71,1469
2026-05-27 19:00:00,89.72,89.88,89.43,89.47,2126
2026-05-27 19:05:00,89.48,89.88,89.46,89.72,1791
2026-05-27 19:10:00,89.72,89.87,89.65,89.68,1212
2026-05-27 19:15:00,89.69,89.71,89.35,89.54,2190
2026-05-27 19:20:00,89.54,89.84,89.48,89.74,2076
2026-05-27 19:25:00,89.75,90.02,89.73,89.8,2242
2026-05-27 19:30:00,89.79,89.95,89.63,89.67,1727
2026-05-27 19:35:00,89.67,90.0,89.54,89.81,1625
2026-05-27 19:40:00,89.82,90.01,89.72,89.92,1946
2026-05-27 19:45:00,89.92,89.96,89.5,89.55,1490
2026-05-27 19:50:00,89.55,90.23,89.46,90.13,3760
2026-05-27 19:55:00,90.12,90.29,89.5,89.57,2430
2026-05-27 20:00:00,89.58,90.48,89.48,89.93,5686
2026-05-27 20:05:00,89.97,90.3,89.91,90.16,2254
2026-05-27 20:10:00,90.17,90.79,90.17,90.72,3502
2026-05-27 20:15:00,90.73,90.73,90.42,90.69,2142
2026-05-27 20:20:00,90.68,91.01,90.62,90.88,2955
2026-05-27 20:25:00,90.87,90.92,90.74,90.81,1341
2026-05-27 20:30:00,90.82,91.08,90.47,90.71,3498
2026-05-27 20:35:00,90.7,91.19,90.68,91.08,2029
2026-05-27 20:40:00,91.07,91.18,90.78,90.79,2254
2026-05-27 20:45:00,90.8,90.97,90.7,90.79,1138
2026-05-27 20:50:00,90.79,90.84,90.63,90.84,1017
2026-05-27 20:55:00,90.85,90.93,90.62,90.62,1719
2026-05-27 21:00:00,90.61,90.64,90.02,90.15,5184
2026-05-27 21:05:00,90.15,90.2,90.01,90.11,1465
2026-05-27 21:10:00,90.09,90.75,89.93,90.59,4162
2026-05-27 21:15:00,90.58,90.83,90.29,90.38,2522
2026-05-27 21:20:00,90.38,90.39,90.0,90.12,2513
2026-05-27 21:25:00,90.12,90.25,89.94,90.01,1233
2026-05-27 21:30:00,90.02,90.34,89.87,90.26,2392
2026-05-27 21:35:00,90.24,90.4,90.12,90.24,1441
2026-05-27 21:40:00,90.23,90.28,90.1,90.27,1099
2026-05-27 21:45:00,90.27,90.31,90.12,90.17,806
2026-05-27 21:50:00,90.17,90.19,89.9,89.95,1757
2026-05-27 21:55:00,89.95,89.96,89.66,89.88,2916
2026-05-27 22:00:00,89.88,90.08,89.84,89.88,983
2026-05-27 22:05:00,89.9,89.94,89.67,89.75,1007
2026-05-27 22:10:00,89.75,89.79,89.42,89.61,1764
2026-05-27 22:15:00,89.61,89.81,89.53,89.73,926
2026-05-27 22:20:00,89.71,89.76,89.63,89.73,865
2026-05-27 22:25:00,89.73,89.94,89.71,89.88,1610
2026-05-27 22:30:00,89.88,90.07,89.86,89.9,1638
2026-05-27 22:35:00,89.89,90.1,89.83,90.06,999
2026-05-27 22:40:00,90.05,90.06,89.83,89.83,1164
2026-05-27 22:45:00,89.82,89.88,89.57,89.69,1457
2026-05-27 22:50:00,89.69,89.76,89.56,89.62,455
2026-05-27 22:55:00,89.64,89.67,89.51,89.66,637
2026-05-27 23:00:00,89.65,89.7,89.5,89.52,565
2026-05-27 23:05:00,89.52,89.62,89.37,89.61,1235
2026-05-27 23:10:00,89.61,89.76,89.59,89.7,872
2026-05-27 23:15:00,89.7,89.74,89.61,89.62,556
2026-05-27 23:20:00,89.61,89.64,89.22,89.46,1410
2026-05-27 23:25:00,89.43,89.54,89.16,89.52,2002
2026-05-27 23:30:00,89.53,89.57,89.39,89.41,2171
2026-05-27 23:35:00,89.41,89.6,89.36,89.38,1335
2026-05-27 23:40:00,89.4,89.48,89.31,89.35,1824
2026-05-27 23:45:00,89.34,89.37,88.79,88.94,3064
2026-05-27 23:50:00,88.93,88.97,88.73,88.77,3092
2026-05-27 23:55:00,88.77,88.85,88.57,88.6,15142
2026-05-28 00:00:00,88.61,88.87,88.48,88.86,3281
2026-05-28 00:05:00,88.85,88.99,88.83,88.87,1019
2026-05-28 00:10:00,88.88,89.0,88.85,88.99,665
2026-05-28 00:15:00,88.99,89.06,88.84,88.85,879
2026-05-28 00:20:00,88.86,88.98,88.84,88.92,678
2026-05-28 00:25:00,88.92,88.98,88.89,88.94,432
2026-05-28 00:30:00,88.94,88.98,88.83,88.83,405
2026-05-28 00:35:00,88.84,88.99,88.84,88.94,276
2026-05-28 00:40:00,88.95,89.2,88.95,89.16,710
2026-05-28 00:45:00,89.17,89.33,89.14,89.25,551
2026-05-28 00:50:00,89.26,89.26,89.18,89.24,288
2026-05-28 00:55:00,89.25,89.43,89.25,89.35,485
2026-05-28 01:00:00,89.35,89.45,89.12,89.35,2000
2026-05-28 01:05:00,89.35,89.45,89.32,89.35,399
2026-05-28 01:10:00,89.36,89.49,89.36,89.4,348
2026-05-28 01:15:00,89.4,89.45,89.34,89.45,426
2026-05-28 01:20:00,89.45,89.58,89.45,89.53,680
2026-05-28 01:25:00,89.53,89.53,89.37,89.44,685
2026-05-28 01:30:00,89.44,89.45,89.34,89.37,209
2026-05-28 01:35:00,89.37,89.41,89.3,89.36,373
2026-05-28 01:40:00,89.36,89.44,89.36,89.41,151
2026-05-28 01:45:00,89.41,89.47,89.36,89.47,598
2026-05-28 01:50:00,89.47,89.6,89.45,89.56,400
2026-05-28 01:55:00,89.55,89.56,89.45,89.5,135
2026-05-28 02:00:00,89.52,89.57,89.41,89.45,174
2026-05-28 02:05:00,89.45,89.48,89.34,89.46,287
2026-05-28 02:10:00,89.49,89.5,89.41,89.44,243
2026-05-28 02:15:00,89.47,89.5,89.41,89.44,441
2026-05-28 02:20:00,89.45,89.55,89.38,89.4,152
2026-05-28 02:25:00,89.39,89.43,89.38,89.41,250
2026-05-28 03:30:00,89.11,89.52,89.11,89.46,0
2026-05-28 03:35:00,89.46,89.52,89.42,89.51,89
2026-05-28 03:40:00,89.48,89.59,89.48,89.54,46
2026-05-28 03:45:00,89.49,89.52,89.48,89.52,14
2026-05-28 03:50:00,89.5,89.61,89.49,89.55,127
2026-05-28 03:55:00,89.57,89.87,89.57,89.84,364
2026-05-28 04:00:00,89.83,90.08,89.8,89.81,458
2026-05-28 04:05:00,89.83,89.88,89.65,89.73,309
2026-05-28 04:10:00,89.71,89.71,89.41,89.62,239
2026-05-28 04:15:00,89.63,89.65,89.58,89.58,37
2026-05-28 04:20:00,89.57,89.66,89.52,89.6,59
2026-05-28 04:25:00,89.65,89.75,89.62,89.7,75
2026-05-28 04:30:00,89.75,89.75,89.7,89.7,43
2026-05-28 04:35:00,89.71,89.79,89.7,89.77,51
2026-05-28 04:40:00,89.79,89.79,89.72,89.79,34
2026-05-28 04:45:00,89.79,89.88,89.61,89.77,225
2026-05-28 04:50:00,89.78,90.05,89.73,89.95,286
2026-05-28 04:55:00,89.95,90.17,89.95,89.99,434
2026-05-28 05:00:00,89.99,90.13,89.89,89.93,311
2026-05-28 05:05:00,89.93,90.0,89.9,89.94,169
2026-05-28 05:10:00,89.95,90.0,89.93,89.98,124
2026-05-28 05:15:00,90.0,90.25,90.0,90.2,255
2026-05-28 05:20:00,90.2,90.4,90.19,90.37,545
2026-05-28 05:25:00,90.37,90.37,90.1,90.2,373
2026-05-28 05:30:00,90.21,90.5,90.18,90.31,1283
2026-05-28 05:35:00,90.3,90.41,90.26,90.35,275
2026-05-28 05:40:00,90.36,90.43,90.31,90.39,134
2026-05-28 05:45:00,90.4,90.46,90.33,90.44,182
2026-05-28 05:50:00,90.46,90.64,90.36,90.56,480
2026-05-28 05:55:00,90.56,90.69,90.26,90.29,535
2026-05-28 06:00:00,90.31,90.57,90.31,90.55,289
2026-05-28 06:05:00,90.54,90.66,90.52,90.66,174
2026-05-28 06:10:00,90.64,90.65,90.57,90.57,103
2026-05-28 06:15:00,90.59,90.59,90.47,90.56,139
2026-05-28 06:20:00,90.56,90.58,90.41,90.43,404
2026-05-28 06:25:00,90.42,90.62,90.36,90.48,458
2026-05-28 06:30:00,90.46,90.48,90.23,90.31,612
2026-05-28 06:35:00,90.33,90.33,90.21,90.28,301
2026-05-28 06:40:00,90.3,90.31,90.15,90.29,248
2026-05-28 06:45:00,90.29,90.3,90.05,90.08,395
2026-05-28 06:50:00,90.09,90.27,90.09,90.14,221
2026-05-28 06:55:00,90.12,90.19,90.09,90.1,153
2026-05-28 07:00:00,90.11,90.19,89.97,90.17,291
2026-05-28 07:05:00,90.17,90.25,90.13,90.21,130
2026-05-28 07:10:00,90.2,90.35,90.2,90.26,181
2026-05-28 07:15:00,90.26,90.38,90.26,90.35,97
2026-05-28 07:20:00,90.34,90.42,90.24,90.26,169
2026-05-28 07:25:00,90.26,90.3,90.16,90.18,278
2026-05-28 07:30:00,90.17,90.25,90.11,90.22,286
2026-05-28 07:35:00,90.2,90.29,90.19,90.21,141
2026-05-28 07:40:00,90.2,90.23,90.04,90.05,154
2026-05-28 07:45:00,90.09,90.22,90.07,90.17,100
2026-05-28 07:50:00,90.16,90.2,90.13,90.16,66
2026-05-28 07:55:00,90.15,90.23,90.13,90.19,92
2026-05-28 08:00:00,90.21,90.21,89.93,90.07,363
2026-05-28 08:05:00,90.08,90.38,90.08,90.3,254
2026-05-28 08:10:00,90.29,90.66,90.28,90.6,426
2026-05-28 08:15:00,90.59,90.85,90.55,90.66,601
2026-05-28 08:20:00,90.64,90.9,90.62,90.78,417
2026-05-28 08:25:00,90.79,90.97,90.74,90.94,537
2026-05-28 08:30:00,90.94,91.1,90.86,90.97,1040
2026-05-28 08:35:00,90.96,91.09,90.93,91.07,288
2026-05-28 08:40:00,91.06,91.56,91.0,91.5,1050
2026-05-28 08:45:00,91.5,91.91,91.46,91.66,931
2026-05-28 08:50:00,91.65,91.77,91.6,91.65,531
2026-05-28 08:55:00,91.63,91.65,91.38,91.44,697
2026-05-28 09:00:00,91.42,91.96,91.42,91.93,599
2026-05-28 09:05:00,91.93,92.07,91.88,91.98,758
2026-05-28 09:10:00,91.97,92.13,91.94,92.02,516
2026-05-28 09:15:00,92.04,92.14,91.96,92.05,536
2026-05-28 09:20:00,92.06,92.1,91.98,92.02,266
2026-05-28 09:25:00,92.02,92.21,92.02,92.1,274
2026-05-28 09:30:00,92.2,92.41,92.18,92.33,592
2026-05-28 09:35:00,92.3,92.33,91.99,92.07,408
2026-05-28 09:40:00,92.07,92.29,92.07,92.18,318
2026-05-28 09:45:00,92.2,92.34,92.16,92.31,254
2026-05-28 09:50:00,92.3,92.36,92.26,92.35,224
2026-05-28 09:55:00,92.35,92.52,92.28,92.42,541
2026-05-28 10:00:00,92.41,92.42,92.23,92.3,222
2026-05-28 10:05:00,92.3,92.31,92.17,92.19,275
2026-05-28 10:10:00,92.16,92.22,92.08,92.22,218
2026-05-28 10:15:00,92.22,92.22,92.12,92.13,133
2026-05-28 10:20:00,92.12,92.17,92.01,92.15,247
2026-05-28 10:25:00,92.18,92.19,92.11,92.17,194
2026-05-28 10:30:00,92.14,92.23,92.08,92.1,221
2026-05-28 10:35:00,92.1,92.11,91.92,92.04,252
2026-05-28 10:40:00,92.03,92.05,91.96,92.01,276
2026-05-28 10:45:00,92.01,92.08,91.97,92.0,145
2026-05-28 10:50:00,92.0,92.09,91.97,92.04,333
2026-05-28 10:55:00,92.03,92.03,91.93,92.02,246
2026-05-28 11:00:00,92.01,92.01,91.57,91.63,809
2026-05-28 11:05:00,91.62,91.79,91.41,91.45,603
2026-05-28 11:10:00,91.44,91.7,91.42,91.7,383
2026-05-28 11:15:00,91.68,91.7,91.54,91.58,171
2026-05-28 11:20:00,91.59,91.61,91.45,91.49,195
2026-05-28 11:25:00,91.5,91.6,91.5,91.58,97
2026-05-28 11:30:00,91.57,91.62,91.32,91.36,252
2026-05-28 11:35:00,91.36,91.37,91.22,91.36,382
2026-05-28 11:40:00,91.37,91.39,91.26,91.36,292
2026-05-28 11:45:00,91.36,91.44,91.29,91.33,186
2026-05-28 11:50:00,91.33,91.43,91.25,91.43,317
2026-05-28 11:55:00,91.43,91.43,91.15,91.28,351
2026-05-28 12:00:00,91.29,91.32,91.13,91.17,394
2026-05-28 12:05:00,91.17,91.2,90.93,91.06,532
2026-05-28 12:10:00,91.06,91.15,90.9,90.93,356
2026-05-28 12:15:00,90.92,91.07,90.9,90.96,294
2026-05-28 12:20:00,90.97,91.0,90.75,90.96,570
2026-05-28 12:25:00,90.98,91.16,90.98,91.15,267
2026-05-28 12:30:00,91.15,91.17,90.93,91.13,334
2026-05-28 12:35:00,91.14,91.14,90.81,90.87,475
2026-05-28 12:40:00,90.87,91.09,90.86,91.04,391
2026-05-28 12:45:00,91.07,91.18,91.01,91.06,461
2026-05-28 12:50:00,91.07,91.19,90.98,91.16,458
2026-05-28 12:55:00,91.17,91.31,91.15,91.21,381
2026-05-28 13:00:00,91.2,91.24,90.96,90.98,429
2026-05-28 13:05:00,90.96,90.98,90.81,90.94,717
2026-05-28 13:10:00,90.95,91.1,90.92,91.03,344
2026-05-28 13:15:00,91.04,91.42,91.04,91.29,492
2026-05-28 13:20:00,91.3,91.35,91.09,91.18,361
2026-05-28 13:25:00,91.17,91.24,90.85,90.93,356
2026-05-28 13:30:00,90.93,90.93,90.65,90.87,1127
2026-05-28 13:35:00,90.87,90.98,90.69,90.86,460
2026-05-28 13:40:00,90.87,91.01,90.74,90.8,296
2026-05-28 13:45:00,90.86,90.94,90.79,90.84,271
2026-05-28 13:50:00,90.87,90.88,90.56,90.73,526
2026-05-28 13:55:00,90.73,91.03,90.68,90.84,1131
2026-05-28 14:00:00,90.82,91.02,90.81,90.86,461
2026-05-28 14:05:00,90.82,90.84,90.68,90.78,338
2026-05-28 14:10:00,90.8,90.99,90.75,90.92,191
2026-05-28 14:15:00,90.91,90.94,90.7,90.71,387
2026-05-28 14:20:00,90.7,90.74,90.55,90.63,447
2026-05-28 14:25:00,90.64,90.71,90.48,90.56,499
2026-05-28 14:30:00,90.56,90.66,90.4,90.44,395
2026-05-28 14:35:00,90.43,90.43,90.16,90.3,783
2026-05-28 14:40:00,90.29,90.44,90.26,90.44,314
2026-05-28 14:45:00,90.44,90.51,90.39,90.47,318
2026-05-28 14:50:00,90.46,90.65,90.43,90.56,423
2026-05-28 14:55:00,90.55,90.59,90.37,90.44,261
2026-05-28 15:00:00,90.46,90.72,90.42,90.7,312
2026-05-28 15:05:00,90.69,90.78,90.61,90.7,276
2026-05-28 15:10:00,90.71,90.72,90.53,90.53,244
2026-05-28 15:15:00,90.51,90.56,90.29,90.3,250
2026-05-28 15:20:00,90.32,90.32,89.87,90.11,1248
2026-05-28 15:25:00,90.11,90.28,90.09,90.25,445
2026-05-28 15:30:00,90.26,90.32,90.2,90.27,401
2026-05-28 15:35:00,90.28,90.37,90.26,90.31,253
2026-05-28 15:40:00,90.32,90.32,90.05,90.07,282
2026-05-28 15:45:00,90.07,90.2,90.0,90.18,249
2026-05-28 15:50:00,90.17,90.38,90.15,90.3,561
2026-05-28 15:55:00,90.28,90.37,90.21,90.23,388
2026-05-28 16:00:00,90.23,90.49,90.23,90.46,281
2026-05-28 16:05:00,90.44,90.6,90.42,90.5,311
2026-05-28 16:10:00,90.5,90.79,90.45,90.78,756
2026-05-28 16:15:00,90.77,90.93,90.74,90.85,587
2026-05-28 16:20:00,90.84,91.37,90.77,90.79,1898
2026-05-28 16:25:00,90.79,91.11,90.67,91.01,1216
2026-05-28 16:30:00,91.0,91.01,90.74,90.88,927
2026-05-28 16:35:00,90.88,91.21,90.83,91.18,559
2026-05-28 16:40:00,91.18,91.39,91.16,91.25,879
2026-05-28 16:45:00,91.25,91.26,91.11,91.13,512
2026-05-28 16:50:00,91.12,91.3,91.05,91.22,392
2026-05-28 16:55:00,91.23,91.33,91.08,91.24,355
2026-05-28 17:00:00,91.25,91.4,91.25,91.3,598
2026-05-28 17:05:00,91.31,91.46,91.28,91.36,810
2026-05-28 17:10:00,91.35,91.43,91.2,91.31,723
2026-05-28 17:15:00,91.31,91.47,91.28,91.46,416
2026-05-28 17:20:00,91.47,91.57,91.41,91.49,612
2026-05-28 17:25:00,91.49,91.52,91.28,91.3,573
2026-05-28 17:30:00,91.31,91.45,91.25,91.3,1013
2026-05-28 17:35:00,91.3,91.31,91.0,91.15,1063
2026-05-28 17:40:00,91.16,91.22,91.07,91.08,651
2026-05-28 17:45:00,91.1,91.21,91.05,91.19,909
2026-05-28 17:50:00,91.19,91.37,91.12,91.28,679
2026-05-28 17:55:00,91.28,91.28,91.02,91.05,572
2026-05-28 18:00:00,91.05,91.09,90.72,90.83,973
2026-05-28 18:05:00,90.84,90.85,90.59,90.73,933
2026-05-28 18:10:00,90.73,90.86,90.5,90.72,1561
2026-05-28 18:15:00,90.74,90.75,90.47,90.57,1226
2026-05-28 18:20:00,90.57,90.61,90.4,90.5,887
2026-05-28 18:25:00,90.51,90.59,90.45,90.54,678
2026-05-28 18:30:00,90.54,90.63,90.32,90.43,1675
2026-05-28 18:35:00,90.41,90.83,90.3,90.78,1239
2026-05-28 18:40:00,90.78,90.93,90.74,90.86,1153
2026-05-28 18:45:00,90.87,91.01,90.78,90.86,957
2026-05-28 18:50:00,90.86,90.94,90.82,90.89,556
2026-05-28 18:55:00,90.88,91.01,90.75,90.99,1015
2026-05-28 19:00:00,91.0,91.09,90.8,91.06,1647
2026-05-28 19:05:00,91.07,91.3,91.07,91.25,1268
2026-05-28 19:10:00,91.24,91.35,90.94,90.95,1149
2026-05-28 19:15:00,90.94,90.94,90.71,90.75,1365
2026-05-28 19:20:00,90.76,90.8,90.54,90.8,1570
2026-05-28 19:25:00,90.79,90.9,90.77,90.83,1252
2026-05-28 19:30:00,90.83,91.14,90.83,91.01,1470
2026-05-28 19:35:00,91.02,91.07,90.77,90.8,1353
2026-05-28 19:40:00,90.8,90.96,87.11,88.44,8617
2026-05-28 19:45:00,88.44,89.66,88.0,88.76,3613
2026-05-28 19:50:00,88.7,89.5,88.59,89.13,2696
2026-05-28 19:55:00,89.12,89.46,88.9,89.14,2995
2026-05-28 20:00:00,89.15,89.64,88.89,89.45,2147
2026-05-28 20:05:00,89.42,89.98,89.36,89.46,2163
2026-05-28 20:10:00,89.47,89.62,89.02,89.14,2367
2026-05-28 20:15:00,89.14,89.82,88.88,89.72,3531
2026-05-28 20:20:00,89.67,89.76,89.41,89.54,1210
2026-05-28 20:25:00,89.55,90.0,89.43,89.49,1686
2026-05-28 20:30:00,89.51,89.65,88.98,89.12,1958
2026-05-28 20:35:00,89.11,89.66,88.99,89.42,1833
2026-05-28 20:40:00,89.41,89.8,89.32,89.69,1888
2026-05-28 20:45:00,89.7,89.86,89.69,89.8,1239
2026-05-28 20:50:00,89.8,90.16,89.74,89.81,2220
2026-05-28 20:55:00,89.81,89.96,89.55,89.78,1638
2026-05-28 21:00:00,89.77,89.83,89.51,89.53,1394
2026-05-28 21:05:00,89.53,89.7,89.4,89.65,1404
2026-05-28 21:10:00,89.63,89.99,89.63,89.98,1501
2026-05-28 21:15:00,89.98,89.99,89.83,89.98,1161
2026-05-28 21:20:00,89.98,90.0,89.79,89.97,1579
2026-05-28 21:25:00,89.98,90.05,89.78,89.78,1016
2026-05-28 21:30:00,89.77,90.25,89.66,90.07,2157
2026-05-28 21:35:00,90.09,90.12,89.79,89.89,1294
2026-05-28 21:40:00,89.9,89.97,89.58,89.6,1120
2026-05-28 21:45:00,89.58,89.82,89.0,89.15,2190
2026-05-28 21:50:00,89.12,89.28,88.8,88.92,1833
2026-05-28 21:55:00,88.92,89.22,88.81,89.17,1572
2026-05-28 22:00:00,89.17,89.28,89.08,89.13,965
2026-05-28 22:05:00,89.14,89.24,88.96,88.98,1074
2026-05-28 22:10:00,88.98,89.1,88.5,88.55,3091
2026-05-28 22:15:00,88.54,88.54,88.23,88.4,2170
2026-05-28 22:20:00,88.39,88.4,88.11,88.34,1811
2026-05-28 22:25:00,88.33,88.34,88.02,88.24,1614
2026-05-28 22:30:00,88.26,88.7,88.2,88.61,1891
2026-05-28 22:35:00,88.6,89.0,88.59,88.81,1926
2026-05-28 22:40:00,88.8,89.01,88.74,88.98,891
2026-05-28 22:45:00,88.97,89.11,88.83,88.99,1195
2026-05-28 22:50:00,89.0,89.01,88.81,88.89,1836
2026-05-28 22:55:00,88.89,89.16,88.89,89.04,1171
2026-05-28 23:00:00,89.03,89.06,88.87,88.88,594
2026-05-28 23:05:00,88.88,88.93,88.79,88.85,1898
2026-05-28 23:10:00,88.84,88.99,88.8,88.91,1010
2026-05-28 23:15:00,88.91,89.0,88.68,88.77,1124
2026-05-28 23:20:00,88.78,88.93,88.65,88.86,1243
2026-05-28 23:25:00,88.83,88.93,88.78,88.85,1225
2026-05-28 23:30:00,88.86,88.99,88.81,88.88,1074
2026-05-28 23:35:00,88.89,88.89,88.59,88.79,1751
2026-05-28 23:40:00,88.81,89.35,88.79,88.96,1837
2026-05-28 23:45:00,88.94,89.25,88.59,88.92,2783
2026-05-28 23:50:00,88.9,88.94,88.6,88.67,2392
2026-05-28 23:55:00,88.65,89.06,88.6,88.9,7827
2026-05-29 00:00:00,88.93,89.32,88.87,89.31,1966
2026-05-29 00:05:00,89.3,89.54,89.28,89.45,953
2026-05-29 00:10:00,89.47,89.52,89.33,89.35,815
2026-05-29 00:15:00,89.36,89.39,89.25,89.28,485
2026-05-29 00:20:00,89.29,89.29,89.19,89.22,230
2026-05-29 00:25:00,89.22,89.26,89.1,89.25,310
2026-05-29 00:30:00,89.24,89.32,89.11,89.22,356
2026-05-29 00:35:00,89.21,89.22,89.12,89.19,106
2026-05-29 00:40:00,89.2,89.24,89.11,89.14,283
2026-05-29 00:45:00,89.16,89.24,89.15,89.17,147
2026-05-29 00:50:00,89.16,89.27,89.13,89.23,414
2026-05-29 00:55:00,89.22,89.31,89.18,89.29,291
2026-05-29 01:00:00,89.32,89.34,89.01,89.09,470
2026-05-29 01:05:00,89.1,89.23,89.06,89.21,545
2026-05-29 01:10:00,89.2,89.33,89.17,89.25,420
2026-05-29 01:15:00,89.25,89.34,89.24,89.29,372
2026-05-29 01:20:00,89.3,89.4,89.23,89.34,377
2026-05-29 01:25:00,89.36,89.49,89.31,89.48,788
2026-05-29 01:30:00,89.47,89.64,89.4,89.41,1241
2026-05-29 01:35:00,89.43,89.62,89.38,89.44,362
2026-05-29 01:40:00,89.46,89.48,89.32,89.35,141
2026-05-29 01:45:00,89.33,89.35,88.91,88.95,1198
2026-05-29 01:50:00,88.98,89.09,88.96,89.06,269
2026-05-29 01:55:00,89.03,89.05,88.7,88.79,609
2026-05-29 02:00:00,88.79,88.81,88.67,88.72,260
2026-05-29 02:05:00,88.69,88.96,88.68,88.9,234
2026-05-29 02:10:00,88.93,88.93,88.74,88.81,178
2026-05-29 02:15:00,88.83,88.89,88.72,88.75,217
2026-05-29 02:20:00,88.74,88.76,88.63,88.67,469
2026-05-29 02:25:00,88.7,88.76,88.53,88.53,402
2026-05-29 03:30:00,88.55,88.8,88.36,88.39,0
2026-05-29 03:35:00,88.42,88.61,88.26,88.32,230
2026-05-29 03:40:00,88.31,88.63,88.31,88.58,128
2026-05-29 03:45:00,88.56,88.6,88.48,88.56,73
2026-05-29 03:50:00,88.57,88.6,88.54,88.59,38
2026-05-29 03:55:00,88.6,88.92,88.58,88.79,279
2026-05-29 04:00:00,88.77,88.8,88.7,88.75,71
2026-05-29 04:05:00,88.76,88.8,88.59,88.62,55
2026-05-29 04:10:00,88.63,88.63,88.47,88.54,87
2026-05-29 04:15:00,88.52,88.65,88.52,88.61,22
2026-05-29 04:20:00,88.6,88.6,88.58,88.6,10
2026-05-29 04:25:00,88.6,88.62,88.51,88.51,46
2026-05-29 04:30:00,88.54,88.59,88.2,88.38,320
2026-05-29 04:35:00,88.44,88.54,88.42,88.53,51
2026-05-29 04:40:00,88.51,88.51,88.42,88.46,56
2026-05-29 04:45:00,88.45,88.51,88.44,88.47,67
2026-05-29 04:50:00,88.43,88.55,88.37,88.51,127
2026-05-29 04:55:00,88.54,88.59,88.4,88.47,190
2026-05-29 05:00:00,88.48,88.57,88.48,88.53,46
2026-05-29 05:05:00,88.53,88.53,88.33,88.37,92
2026-05-29 05:10:00,88.35,88.42,88.34,88.42,78
2026-05-29 05:15:00,88.43,88.47,88.41,88.45,55
2026-05-29 05:20:00,88.45,88.48,88.42,88.46,26
2026-05-29 05:25:00,88.46,88.67,88.43,88.53,141
2026-05-29 05:30:00,88.53,88.53,88.23,88.33,446
2026-05-29 05:35:00,88.3,88.4,88.24,88.38,172
2026-05-29 05:40:00,88.4,88.53,88.27,88.3,218
2026-05-29 05:45:00,88.31,88.36,88.16,88.2,278
2026-05-29 05:50:00,88.22,88.23,88.13,88.16,111
2026-05-29 05:55:00,88.17,88.21,87.63,87.92,1219
2026-05-29 06:00:00,87.93,88.15,87.88,88.13,226
2026-05-29 06:05:00,88.12,88.12,88.05,88.1,102
2026-05-29 06:10:00,88.1,88.12,88.05,88.12,49
2026-05-29 06:15:00,88.12,88.28,88.09,88.22,112
2026-05-29 06:20:00,88.21,88.4,88.21,88.39,151
2026-05-29 06:25:00,88.4,88.45,88.31,88.36,124
2026-05-29 06:30:00,88.35,88.36,88.15,88.24,265
2026-05-29 06:35:00,88.22,88.28,87.78,87.85,415
2026-05-29 06:40:00,87.84,87.95,87.67,87.89,506
2026-05-29 06:45:00,87.89,88.03,87.87,88.01,197
2026-05-29 06:50:00,88.02,88.44,88.02,88.36,415
2026-05-29 06:55:00,88.34,88.36,88.26,88.32,160
2026-05-29 07:00:00,88.3,88.39,88.29,88.36,87
2026-05-29 07:05:00,88.36,88.44,88.34,88.38,73
2026-05-29 07:10:00,88.4,88.4,88.25,88.26,163
2026-05-29 07:15:00,88.24,88.24,88.09,88.14,154
2026-05-29 07:20:00,88.17,88.19,88.07,88.1,80
2026-05-29 07:25:00,88.08,88.16,87.86,87.89,245
2026-05-29 07:30:00,87.9,87.9,87.57,87.69,696
2026-05-29 07:35:00,87.68,87.78,87.63,87.74,328
2026-05-29 07:40:00,87.75,87.89,87.74,87.82,270
2026-05-29 07:45:00,87.8,87.93,87.8,87.9,140
2026-05-29 07:50:00,87.9,87.96,87.85,87.94,121
2026-05-29 07:55:00,87.95,88.03,87.88,87.89,185
2026-05-29 08:00:00,87.9,88.05,87.88,87.9,120
2026-05-29 08:05:00,87.89,87.94,87.78,87.81,112
2026-05-29 08:10:00,87.82,87.89,87.74,87.86,82
2026-05-29 08:15:00,87.85,87.92,87.83,87.87,80
2026-05-29 08:20:00,87.87,87.96,87.85,87.89,103
2026-05-29 08:25:00,87.89,87.9,87.73,87.77,178
2026-05-29 08:30:00,87.81,87.86,87.66,87.66,171
2026-05-29 08:35:00,87.67,87.73,87.43,87.5,510
2026-05-29 08:40:00,87.52,87.62,87.37,87.47,240
2026-05-29 08:45:00,87.5,87.58,87.48,87.57,177
2026-05-29 08:50:00,87.56,87.62,87.51,87.56,109
2026-05-29 08:55:00,87.56,87.7,87.56,87.64,183
2026-05-29 09:00:00,87.63,87.81,87.63,87.79,239
2026-05-29 09:05:00,87.78,87.79,87.7,87.72,83
2026-05-29 09:10:00,87.73,87.83,87.7,87.76,176
2026-05-29 09:15:00,87.77,87.88,87.76,87.77,85
2026-05-29 09:20:00,87.77,88.29,87.76,88.07,429
2026-05-29 09:25:00,88.07,88.26,87.97,88.17,275
2026-05-29 09:30:00,88.18,88.25,88.05,88.06,435
2026-05-29 09:35:00,88.06,88.18,87.9,87.91,178
2026-05-29 09:40:00,87.9,87.9,87.77,87.83,199
2026-05-29 09:45:00,87.84,87.84,87.54,87.71,412
2026-05-29 09:50:00,87.69,87.73,87.55,87.7,516
2026-05-29 09:55:00,87.67,87.74,87.47,87.72,642
2026-05-29 10:00:00,87.7,87.99,87.56,87.96,389
2026-05-29 10:05:00,87.94,87.98,87.72,87.79,259
2026-05-29 10:10:00,87.77,87.8,87.72,87.76,58
2026-05-29 10:15:00,87.78,87.83,87.75,87.76,90
2026-05-29 10:20:00,87.77,87.78,87.64,87.66,92
2026-05-29 10:25:00,87.67,87.82,87.67,87.71,132
2026-05-29 10:30:00,87.72,87.82,87.7,87.75,154
2026-05-29 10:35:00,87.75,87.8,87.74,87.75,89
2026-05-29 10:40:00,87.77,87.82,87.74,87.82,73
2026-05-29 10:45:00,87.82,87.82,87.78,87.79,40
2026-05-29 10:50:00,87.78,87.82,87.7,87.82,110
2026-05-29 10:55:00,87.79,87.82,87.75,87.77,50
2026-05-29 11:00:00,87.8,87.85,87.67,87.81,163
2026-05-29 11:05:00,87.84,87.97,87.8,87.95,278
2026-05-29 11:10:00,87.94,88.0,87.88,87.89,152
2026-05-29 11:15:00,87.9,87.96,87.84,87.95,110
2026-05-29 11:20:00,87.96,88.07,87.92,88.02,233
2026-05-29 11:25:00,88.0,88.13,87.99,88.02,209
2026-05-29 11:30:00,88.01,88.04,87.98,88.04,137
2026-05-29 11:35:00,88.02,88.03,87.92,88.01,165
2026-05-29 11:40:00,88.02,88.04,87.8,87.82,167
2026-05-29 11:45:00,87.82,87.91,87.77,87.9,194
2026-05-29 11:50:00,87.91,87.91,87.4,87.54,450
2026-05-29 11:55:00,87.55,87.56,87.37,87.4,406
2026-05-29 12:00:00,87.42,87.42,87.17,87.36,541
2026-05-29 12:05:00,87.37,87.52,87.35,87.48,279
2026-05-29 12:10:00,87.48,87.61,87.45,87.56,370
2026-05-29 12:15:00,87.58,87.69,87.52,87.54,231
2026-05-29 12:20:00,87.55,87.63,87.5,87.56,148
2026-05-29 12:25:00,87.56,87.57,87.43,87.48,313
2026-05-29 12:30:00,87.48,87.7,87.34,87.56,476
2026-05-29 12:35:00,87.57,87.62,87.44,87.61,167
2026-05-29 12:40:00,87.63,87.65,87.5,87.61,166
2026-05-29 12:45:00,87.62,88.09,87.61,88.01,530
2026-05-29 12:50:00,88.02,88.16,87.97,88.04,521
2026-05-29 12:55:00,88.04,88.17,88.02,88.05,334
2026-05-29 13:00:00,88.03,88.4,88.03,88.3,616
2026-05-29 13:05:00,88.3,88.83,88.29,88.73,868
2026-05-29 13:10:00,88.75,89.01,88.73,88.78,784
2026-05-29 13:15:00,88.79,88.81,88.54,88.62,434
2026-05-29 13:20:00,88.61,88.67,88.5,88.63,467
2026-05-29 13:25:00,88.62,88.81,88.57,88.72,355
2026-05-29 13:30:00,88.72,88.89,88.59,88.85,371
2026-05-29 13:35:00,88.86,89.02,88.78,88.93,483
2026-05-29 13:40:00,88.93,88.95,88.86,88.92,209
2026-05-29 13:45:00,88.9,88.9,88.58,88.63,440
2026-05-29 13:50:00,88.64,88.88,88.6,88.88,331
2026-05-29 13:55:00,88.87,88.96,88.66,88.76,438
2026-05-29 14:00:00,88.74,88.82,88.71,88.79,340
2026-05-29 14:05:00,88.79,88.98,88.77,88.82,266
2026-05-29 14:10:00,88.82,88.89,88.76,88.86,233
2026-05-29 14:15:00,88.87,88.96,88.83,88.84,172
2026-05-29 14:20:00,88.84,88.86,88.52,88.61,460
2026-05-29 14:25:00,88.62,88.71,88.56,88.68,305
2026-05-29 14:30:00,88.69,88.72,88.04,88.15,1315
2026-05-29 14:35:00,88.15,88.17,87.86,87.93,1684
2026-05-29 14:40:00,87.93,88.02,87.69,87.7,1049
2026-05-29 14:45:00,87.69,87.77,87.03,87.17,2638
2026-05-29 14:50:00,87.18,87.42,87.03,87.38,1115
2026-05-29 14:55:00,87.37,87.49,86.86,87.09,1379
2026-05-29 15:00:00,87.07,87.27,87.02,87.27,648
2026-05-29 15:05:00,87.25,87.45,87.19,87.35,592
2026-05-29 15:10:00,87.33,87.35,87.22,87.32,409
2026-05-29 15:15:00,87.31,87.35,86.96,87.23,1020
2026-05-29 15:20:00,87.22,87.51,87.19,87.4,710
2026-05-29 15:25:00,87.39,87.53,87.39,87.5,350
2026-05-29 15:30:00,87.5,87.65,87.49,87.6,448
2026-05-29 15:35:00,87.57,87.59,87.41,87.5,326
2026-05-29 15:40:00,87.51,87.51,87.36,87.42,161
2026-05-29 15:45:00,87.41,87.71,87.39,87.67,286
2026-05-29 15:50:00,87.66,87.78,87.62,87.7,330
2026-05-29 15:55:00,87.71,87.82,87.66,87.7,215
2026-05-29 16:00:00,87.71,87.75,87.5,87.52,304
2026-05-29 16:05:00,87.51,87.51,87.08,87.18,689
2026-05-29 16:10:00,87.18,87.32,87.0,87.07,423
2026-05-29 16:15:00,87.07,87.08,86.71,86.96,889
2026-05-29 16:20:00,86.97,87.27,86.92,87.26,334
2026-05-29 16:25:00,87.28,87.44,87.22,87.35,313
2026-05-29 16:30:00,87.34,87.48,87.31,87.43,549
2026-05-29 16:35:00,87.45,87.45,87.22,87.33,497
2026-05-29 16:40:00,87.33,87.33,87.19,87.24,298
2026-05-29 16:45:00,87.23,87.29,87.19,87.21,220
2026-05-29 16:50:00,87.2,87.37,87.18,87.32,282
2026-05-29 16:55:00,87.32,87.5,87.16,87.28,649
2026-05-29 17:00:00,87.29,87.58,87.29,87.57,516
2026-05-29 17:05:00,87.55,87.72,87.54,87.65,452
2026-05-29 17:10:00,87.63,87.66,87.52,87.65,352
2026-05-29 17:15:00,87.65,87.75,87.54,87.75,560
2026-05-29 17:20:00,87.75,88.31,87.71,87.92,1914
2026-05-29 17:25:00,87.91,87.93,87.57,87.61,593
2026-05-29 17:30:00,87.62,87.73,87.52,87.72,573
2026-05-29 17:35:00,87.7,87.84,87.69,87.76,467
2026-05-29 17:40:00,87.76,88.0,87.74,87.91,648
2026-05-29 17:45:00,87.9,87.93,87.64,87.69,618
2026-05-29 17:50:00,87.69,87.75,87.6,87.66,427
2026-05-29 17:55:00,87.67,87.74,87.63,87.68,463
2026-05-29 18:00:00,87.67,88.16,87.46,87.73,2553
2026-05-29 18:05:00,87.72,87.79,87.56,87.77,763
2026-05-29 18:10:00,87.76,88.03,87.74,87.82,636
2026-05-29 18:15:00,87.82,87.93,87.67,87.68,907
2026-05-29 18:20:00,87.68,87.68,87.21,87.25,1475
2026-05-29 18:25:00,87.25,87.44,87.23,87.33,786
2026-05-29 18:30:00,87.32,87.39,86.73,86.84,2997
2026-05-29 18:35:00,86.84,87.3,86.82,87.26,1545
2026-05-29 18:40:00,87.26,87.52,87.16,87.47,1521
2026-05-29 18:45:00,87.46,87.87,87.43,87.57,3165
2026-05-29 18:50:00,87.58,87.72,87.49,87.58,584
2026-05-29 18:55:00,87.58,87.72,87.46,87.53,1029
2026-05-29 19:00:00,87.54,87.7,87.33,87.58,2605
2026-05-29 19:05:00,87.58,87.63,87.48,87.55,1042
2026-05-29 19:10:00,87.54,87.54,87.2,87.24,910
2026-05-29 19:15:00,87.23,87.42,87.22,87.28,1021
2026-05-29 19:20:00,87.27,87.5,87.24,87.47,1550
2026-05-29 19:25:00,87.46,87.85,87.45,87.69,1810
2026-05-29 19:30:00,87.68,88.09,87.67,88.07,2552
2026-05-29 19:35:00,88.06,88.38,88.03,88.32,3502
2026-05-29 19:40:00,88.32,88.38,88.02,88.21,2389
2026-05-29 19:45:00,88.21,88.33,88.1,88.11,1700
2026-05-29 19:50:00,88.11,88.25,88.06,88.23,1365
2026-05-29 19:55:00,88.23,88.55,88.22,88.44,1994
2026-05-29 20:00:00,88.45,88.63,88.28,88.52,1792
2026-05-29 20:05:00,88.54,88.87,88.5,88.84,1795
2026-05-29 20:10:00,88.85,88.89,88.65,88.67,2025
2026-05-29 20:15:00,88.67,88.86,88.61,88.81,1600
2026-05-29 20:20:00,88.81,88.95,87.5,88.07,8744
2026-05-29 20:25:00,88.05,88.08,87.46,87.96,3651
2026-05-29 20:30:00,87.97,88.01,87.36,87.41,3795
2026-05-29 20:35:00,87.41,87.49,86.65,86.8,6016
2026-05-29 20:40:00,86.8,86.85,86.35,86.51,4858
2026-05-29 20:45:00,86.51,87.08,86.47,87.06,3979
2026-05-29 20:50:00,87.06,87.25,86.82,86.99,3086
2026-05-29 20:55:00,86.99,87.27,86.89,87.25,2326
2026-05-29 21:00:00,87.25,87.32,87.01,87.22,1696
2026-05-29 21:05:00,87.22,87.5,86.92,87.24,3170
2026-05-29 21:10:00,87.24,87.67,87.07,87.48,4197
2026-05-29 21:15:00,87.5,87.8,87.41,87.6,1850
2026-05-29 21:20:00,87.62,87.79,87.43,87.58,1305
2026-05-29 21:25:00,87.57,87.62,87.52,87.6,1053
2026-05-29 21:30:00,87.6,87.8,87.57,87.76,1547
2026-05-29 21:35:00,87.75,87.91,87.75,87.82,1129
2026-05-29 21:40:00,87.81,87.97,87.65,87.83,1448
2026-05-29 21:45:00,87.82,87.86,87.68,87.77,925
2026-05-29 21:50:00,87.78,87.84,87.39,87.47,1351
2026-05-29 21:55:00,87.47,87.61,87.44,87.48,846
2026-05-29 22:00:00,87.44,87.45,86.79,86.87,3521
2026-05-29 22:05:00,86.85,86.97,86.43,86.48,4180
2026-05-29 22:10:00,86.48,86.73,86.44,86.56,2043
2026-05-29 22:15:00,86.58,86.79,86.54,86.7,1697
2026-05-29 22:20:00,86.7,86.79,86.56,86.58,1754
2026-05-29 22:25:00,86.57,86.8,86.52,86.58,1931
2026-05-29 22:30:00,86.59,86.85,86.57,86.83,1178
2026-05-29 22:35:00,86.83,86.9,86.81,86.86,1090
2026-05-29 22:40:00,86.86,86.99,86.74,86.9,980
2026-05-29 22:45:00,86.9,87.06,86.83,87.04,1473
2026-05-29 22:50:00,87.03,87.29,86.73,86.95,3696
2026-05-29 22:55:00,86.94,87.32,86.94,87.1,1761
2026-05-29 23:00:00,87.1,87.12,86.81,86.83,1319
2026-05-29 23:05:00,86.82,86.88,86.74,86.82,2017
2026-05-29 23:10:00,86.81,86.81,86.62,86.64,1542
2026-05-29 23:15:00,86.63,86.87,86.56,86.8,1500
2026-05-29 23:20:00,86.81,87.06,86.77,87.06,1608
2026-05-29 23:25:00,87.06,87.27,87.02,87.19,2391
2026-05-29 23:30:00,87.18,87.2,87.08,87.12,1247
2026-05-29 23:35:00,87.12,87.32,87.04,87.2,1928
2026-05-29 23:40:00,87.21,87.33,87.13,87.29,2099
2026-05-29 23:45:00,87.29,87.55,87.18,87.28,3411
2026-05-29 23:50:00,87.28,87.35,87.08,87.15,2977
2026-05-29 23:55:00,87.16,87.44,87.0,87.42,12117
2026-05-30 00:00:00,87.42,87.43,87.12,87.23,1852
2026-05-30 00:05:00,87.23,87.28,87.13,87.17,499
2026-05-30 00:10:00,87.16,87.23,87.15,87.18,636
2026-05-30 00:15:00,87.19,88.0,87.18,87.83,4584
2026-05-30 00:20:00,87.83,87.91,87.63,87.66,985
2026-05-30 00:25:00,87.64,87.73,87.53,87.64,649
2026-05-30 00:30:00,87.66,87.74,87.59,87.71,271
2026-05-30 00:35:00,87.72,87.73,87.5,87.55,464
2026-05-30 00:40:00,87.54,87.7,87.53,87.58,515
2026-05-30 00:45:00,87.56,87.66,87.51,87.63,399
2026-05-30 00:50:00,87.65,87.71,87.54,87.7,633
2026-05-30 00:55:00,87.7,87.77,87.58,87.63,448
2026-05-30 01:00:00,87.63,87.84,87.6,87.81,412
2026-05-30 01:05:00,87.8,87.8,87.69,87.78,356
2026-05-30 01:10:00,87.78,88.15,87.78,88.07,906
2026-05-30 01:15:00,88.09,88.17,88.01,88.06,491
2026-05-30 01:20:00,88.06,88.07,87.84,88.0,544
2026-05-30 01:25:00,88.0,88.13,87.9,88.08,743
2026-05-30 01:30:00,88.08,88.14,87.97,87.98,329
2026-05-30 01:35:00,87.98,87.99,87.84,87.88,220
2026-05-30 01:40:00,87.89,87.94,87.71,87.72,366
2026-05-30 01:45:00,87.72,87.87,87.72,87.87,357
2026-05-30 01:50:00,87.88,87.94,87.85,87.93,351
2026-05-30 01:55:00,87.92,87.98,87.83,87.87,289
2026-05-30 02:00:00,87.85,87.92,87.81,87.9,162
2026-05-30 02:05:00,87.88,87.98,87.86,87.9,205
2026-05-30 02:10:00,87.93,87.93,87.67,87.69,220
2026-05-30 02:15:00,87.7,87.8,87.65,87.79,278
2026-05-30 02:20:00,87.79,87.88,87.62,87.87,503
2026-05-30 02:25:00,87.86,87.89,87.75,87.76,530
