Datetime,Open,High,Low,Close,Volume
2026-03-02 09:15:00,1376.9,1377.2,1362.7,1369.5,0
2026-03-02 09:20:00,1369.1,1374.5,1367.1,1369.6,332771
2026-03-02 09:25:00,1369.2,1370.7,1366.0,1367.5,273275
2026-03-02 09:30:00,1367.5,1376.9,1367.2,1376.2,273675
2026-03-02 09:35:00,1376.5,1378.2,1372.9,1373.6,220206
2026-03-02 09:40:00,1373.5,1376.1,1372.0,1374.9,117800
2026-03-02 09:45:00,1374.7,1377.5,1374.1,1374.6,80543
2026-03-02 09:50:00,1374.5,1375.0,1371.5,1371.6,169244
2026-03-02 09:55:00,1371.8,1375.6,1371.2,1375.6,94794
2026-03-02 10:00:00,1375.6,1376.3,1369.8,1370.9,130184
2026-03-02 10:05:00,1370.6,1370.6,1365.2,1365.6,525185
2026-03-02 10:10:00,1365.6,1366.6,1364.1,1366.6,217200
2026-03-02 10:15:00,1366.5,1367.2,1365.0,1366.0,140725
2026-03-02 10:20:00,1366.1,1366.2,1364.5,1365.6,117006
2026-03-02 10:25:00,1365.6,1365.6,1363.4,1364.4,125755
2026-03-02 10:30:00,1364.4,1366.1,1363.7,1365.5,150177
2026-03-02 10:35:00,1365.4,1365.6,1363.5,1365.6,82722
2026-03-02 10:40:00,1365.4,1365.6,1363.6,1363.7,110571
2026-03-02 10:45:00,1363.8,1366.3,1363.6,1364.6,90476
2026-03-02 10:50:00,1364.5,1365.6,1364.4,1365.3,59365
2026-03-02 10:55:00,1365.5,1367.2,1365.2,1366.1,179327
2026-03-02 11:00:00,1366.1,1366.5,1364.5,1365.0,127174
2026-03-02 11:05:00,1364.9,1365.8,1364.1,1365.6,82100
2026-03-02 11:10:00,1365.6,1365.6,1364.0,1364.1,60374
2026-03-02 11:15:00,1364.1,1364.3,1362.2,1363.2,310232
2026-03-02 11:20:00,1363.2,1363.3,1361.5,1362.3,132630
2026-03-02 11:25:00,1362.3,1363.0,1358.6,1359.8,173407
2026-03-02 11:30:00,1359.8,1365.2,1359.0,1363.0,591771
2026-03-02 11:35:00,1362.9,1364.7,1362.7,1363.6,60423
2026-03-02 11:40:00,1363.8,1363.9,1362.5,1363.0,66864
2026-03-02 11:45:00,1363.3,1364.0,1362.6,1362.9,87153
2026-03-02 11:50:00,1362.8,1363.0,1361.2,1362.0,98982
2026-03-02 11:55:00,1362.2,1363.1,1361.3,1361.6,68418
2026-03-02 12:00:00,1361.4,1361.5,1360.0,1360.1,84505
2026-03-02 12:05:00,1360.2,1361.0,1360.0,1360.5,60577
2026-03-02 12:10:00,1360.5,1361.4,1358.9,1358.9,108218
2026-03-02 12:15:00,1358.9,1360.1,1357.6,1359.0,176681
2026-03-02 12:20:00,1359.1,1360.0,1356.5,1357.7,360813
2026-03-02 12:25:00,1357.7,1357.9,1355.0,1357.0,116236
2026-03-02 12:30:00,1356.8,1358.3,1355.9,1357.5,169702
2026-03-02 12:35:00,1357.6,1358.0,1353.2,1353.7,565940
2026-03-02 12:40:00,1353.6,1355.8,1353.3,1353.9,170558
2026-03-02 12:45:00,1353.6,1356.1,1353.3,1354.8,184091
2026-03-02 12:50:00,1354.7,1355.1,1352.0,1352.1,374988
2026-03-02 12:55:00,1352.0,1353.9,1351.3,1353.8,195352
2026-03-02 13:00:00,1353.9,1354.3,1352.2,1353.0,139429
2026-03-02 13:05:00,1353.0,1353.8,1352.4,1353.0,115490
2026-03-02 13:10:00,1353.0,1353.5,1351.0,1351.9,162676
2026-03-02 13:15:00,1351.9,1352.4,1350.5,1350.8,251420
2026-03-02 13:20:00,1351.0,1352.4,1350.2,1350.9,128834
2026-03-02 13:25:00,1350.6,1352.1,1347.8,1348.3,320223
2026-03-02 13:30:00,1349.0,1351.5,1348.2,1350.3,177204
2026-03-02 13:35:00,1350.0,1350.5,1348.3,1348.9,152255
2026-03-02 13:40:00,1349.0,1350.1,1346.9,1349.2,532037
2026-03-02 13:45:00,1349.2,1349.5,1346.5,1347.1,149417
2026-03-02 13:50:00,1347.0,1347.6,1346.1,1346.8,106544
2026-03-02 13:55:00,1346.8,1346.8,1342.5,1343.0,321779
2026-03-02 14:00:00,1343.0,1351.0,1341.6,1346.3,534877
2026-03-02 14:05:00,1346.6,1353.2,1346.6,1351.2,482829
2026-03-02 14:10:00,1351.3,1354.9,1351.2,1353.9,208503
2026-03-02 14:15:00,1353.8,1354.2,1350.5,1352.8,360757
2026-03-02 14:20:00,1352.7,1353.6,1349.0,1349.2,321836
2026-03-02 14:25:00,1349.3,1349.9,1345.5,1346.0,358330
2026-03-02 14:30:00,1346.0,1350.7,1346.0,1350.7,336992
2026-03-02 14:35:00,1351.4,1355.2,1350.7,1353.5,751876
2026-03-02 14:40:00,1353.5,1357.4,1352.5,1356.5,651081
2026-03-02 14:45:00,1356.3,1359.7,1353.5,1358.1,456276
2026-03-02 14:50:00,1358.4,1358.5,1356.0,1358.0,195426
2026-03-02 14:55:00,1358.3,1358.7,1355.0,1355.7,250769
2026-03-02 15:00:00,1355.7,1360.7,1354.1,1359.2,1328691
2026-03-02 15:05:00,1359.0,1359.8,1355.0,1357.1,2222992
2026-03-02 15:10:00,1356.4,1361.6,1354.0,1360.6,1425264
2026-03-02 15:15:00,1360.6,1361.7,1356.6,1361.3,1233230
2026-03-02 15:20:00,1361.3,1361.7,1357.3,1358.0,542965
2026-03-02 15:25:00,1358.0,1361.2,1357.8,1360.0,529824
2026-03-04 09:15:00,1330.1,1337.5,1317.0,1318.5,0
2026-03-04 09:20:00,1318.3,1320.5,1315.0,1316.0,1061841
2026-03-04 09:25:00,1315.8,1318.0,1308.7,1311.5,1797679
2026-03-04 09:30:00,1311.5,1315.0,1311.0,1313.1,1108147
2026-03-04 09:35:00,1313.0,1313.1,1307.2,1309.2,814312
2026-03-04 09:40:00,1309.4,1316.1,1307.2,1316.0,443027
2026-03-04 09:45:00,1315.4,1317.8,1315.0,1317.0,278155
2026-03-04 09:50:00,1316.7,1319.8,1314.7,1319.5,328437
2026-03-04 09:55:00,1319.6,1321.1,1318.5,1320.4,318783
2026-03-04 10:00:00,1320.3,1321.8,1318.4,1320.3,358669
2026-03-04 10:05:00,1320.0,1326.2,1320.0,1325.1,602744
2026-03-04 10:10:00,1324.9,1331.8,1322.6,1331.6,379633
2026-03-04 10:15:00,1331.5,1334.9,1329.7,1330.7,805711
2026-03-04 10:20:00,1330.7,1336.3,1330.5,1333.3,294591
2026-03-04 10:25:00,1333.5,1338.8,1332.5,1337.9,232724
2026-03-04 10:30:00,1338.2,1340.4,1337.1,1338.8,293669
2026-03-04 10:35:00,1338.9,1341.0,1335.7,1338.0,255222
2026-03-04 10:40:00,1338.1,1339.1,1336.2,1336.7,258188
2026-03-04 10:45:00,1336.7,1340.0,1336.6,1337.7,220634
2026-03-04 10:50:00,1337.7,1337.7,1335.0,1337.1,215419
2026-03-04 10:55:00,1337.1,1340.5,1336.3,1340.0,250900
2026-03-04 11:00:00,1340.0,1345.4,1339.1,1345.4,314354
2026-03-04 11:05:00,1344.8,1347.0,1340.7,1347.0,489698
2026-03-04 11:10:00,1347.0,1348.0,1343.5,1343.8,274668
2026-03-04 11:15:00,1343.8,1345.6,1343.6,1344.9,226962
2026-03-04 11:20:00,1344.9,1347.3,1344.3,1345.0,365024
2026-03-04 11:25:00,1344.8,1347.2,1341.5,1341.8,276502
2026-03-04 11:30:00,1342.1,1344.4,1341.2,1343.3,411985
2026-03-04 11:35:00,1343.3,1345.0,1341.1,1341.4,160073
2026-03-04 11:40:00,1341.4,1342.5,1340.1,1340.4,215165
2026-03-04 11:45:00,1340.5,1344.0,1338.2,1343.8,295502
2026-03-04 11:50:00,1343.7,1345.5,1343.7,1344.1,138968
2026-03-04 11:55:00,1344.1,1345.7,1344.0,1345.5,101732
2026-03-04 12:00:00,1345.2,1346.6,1344.2,1344.3,100376
2026-03-04 12:05:00,1344.3,1346.8,1344.0,1346.4,112001
2026-03-04 12:10:00,1346.4,1346.6,1344.1,1344.5,112183
2026-03-04 12:15:00,1344.5,1344.7,1342.9,1343.7,171085
2026-03-04 12:20:00,1344.1,1345.4,1343.6,1345.0,260053
2026-03-04 12:25:00,1344.9,1345.0,1343.6,1344.8,133601
2026-03-04 12:30:00,1345.0,1345.4,1344.3,1345.1,118642
2026-03-04 12:35:00,1345.1,1345.2,1344.3,1344.6,120051
2026-03-04 12:40:00,1344.9,1345.0,1341.9,1344.3,169433
2026-03-04 12:45:00,1344.4,1345.7,1343.5,1344.2,140247
2026-03-04 12:50:00,1344.2,1344.2,1342.3,1343.5,191918
2026-03-04 12:55:00,1343.6,1347.0,1343.3,1345.3,168400
2026-03-04 13:00:00,1345.4,1346.0,1341.1,1341.2,114770
2026-03-04 13:05:00,1341.2,1342.4,1340.3,1341.9,174429
2026-03-04 13:10:00,1341.9,1342.5,1341.0,1341.6,99291
2026-03-04 13:15:00,1341.5,1342.3,1339.9,1340.1,301322
2026-03-04 13:20:00,1340.0,1340.9,1337.5,1340.9,197532
2026-03-04 13:25:00,1340.9,1342.4,1338.5,1338.7,167433
2026-03-04 13:30:00,1338.7,1339.6,1335.7,1336.5,426393
2026-03-04 13:35:00,1336.5,1336.5,1334.2,1336.1,561375
2026-03-04 13:40:00,1336.1,1340.2,1336.1,1339.6,346056
2026-03-04 13:45:00,1339.6,1340.3,1336.2,1337.1,248930
2026-03-04 13:50:00,1337.1,1338.2,1336.2,1336.9,200406
2026-03-04 13:55:00,1337.1,1339.7,1336.2,1339.2,343594
2026-03-04 14:00:00,1339.2,1341.7,1339.0,1341.4,220704
2026-03-04 14:05:00,1341.3,1342.9,1339.6,1342.7,213852
2026-03-04 14:10:00,1342.7,1347.5,1340.8,1345.5,420367
2026-03-04 14:15:00,1345.6,1345.8,1343.1,1345.1,366320
2026-03-04 14:20:00,1345.1,1345.4,1343.7,1344.5,766420
2026-03-04 14:25:00,1345.1,1347.7,1343.1,1346.5,406963
2026-03-04 14:30:00,1346.5,1347.8,1345.2,1345.8,467913
2026-03-04 14:35:00,1346.2,1346.9,1344.6,1345.6,324914
2026-03-04 14:40:00,1345.6,1351.3,1345.5,1349.5,634284
2026-03-04 14:45:00,1349.4,1350.7,1347.5,1348.4,378976
2026-03-04 14:50:00,1348.3,1350.0,1347.4,1349.3,729141
2026-03-04 14:55:00,1349.3,1352.8,1349.1,1351.8,206153
2026-03-04 15:00:00,1351.5,1351.5,1345.4,1346.1,957712
2026-03-04 15:05:00,1346.1,1347.0,1342.2,1342.2,992434
2026-03-04 15:10:00,1342.3,1344.0,1340.0,1343.7,816314
2026-03-04 15:15:00,1343.7,1345.7,1343.0,1343.9,747067
2026-03-04 15:20:00,1344.0,1347.1,1343.8,1344.0,729770
2026-03-04 15:25:00,1344.0,1349.4,1344.0,1345.3,767542
2026-03-05 09:15:00,1354.9,1374.4,1354.9,1369.8,0
2026-03-05 09:20:00,1369.5,1378.8,1367.6,1377.6,512332
2026-03-05 09:25:00,1377.7,1378.0,1368.7,1373.8,460029
2026-03-05 09:30:00,1373.3,1376.1,1373.0,1373.6,238602
2026-03-05 09:35:00,1373.4,1373.8,1371.0,1372.6,965399
2026-03-05 09:40:00,1372.7,1380.2,1372.4,1376.4,543605
2026-03-05 09:45:00,1376.4,1382.4,1375.1,1380.5,478508
2026-03-05 09:50:00,1380.5,1385.6,1380.3,1383.3,343737
2026-03-05 09:55:00,1383.1,1385.6,1381.6,1384.9,313750
2026-03-05 10:00:00,1384.6,1387.2,1384.5,1384.7,214165
2026-03-05 10:05:00,1384.7,1386.6,1383.4,1384.5,197031
2026-03-05 10:10:00,1384.5,1386.0,1383.5,1384.0,431968
2026-03-05 10:15:00,1384.4,1385.5,1381.2,1381.4,130766
2026-03-05 10:20:00,1381.6,1381.9,1379.0,1379.5,621041
2026-03-05 10:25:00,1379.6,1379.8,1374.7,1377.5,395951
2026-03-05 10:30:00,1377.5,1377.9,1375.1,1375.7,137068
2026-03-05 10:35:00,1376.0,1380.9,1375.9,1379.7,170480
2026-03-05 10:40:00,1379.7,1384.5,1379.4,1384.1,127592
2026-03-05 10:45:00,1383.7,1385.5,1382.4,1382.6,222645
2026-03-05 10:50:00,1382.5,1383.6,1381.7,1383.5,60484
2026-03-05 10:55:00,1383.5,1385.0,1383.0,1384.0,61332
2026-03-05 11:00:00,1383.9,1385.5,1381.5,1382.9,147677
2026-03-05 11:05:00,1383.0,1384.7,1382.7,1383.4,202689
2026-03-05 11:10:00,1383.4,1383.9,1382.5,1382.6,79822
2026-03-05 11:15:00,1382.6,1385.0,1382.0,1384.1,108658
2026-03-05 11:20:00,1384.1,1384.4,1381.2,1382.4,119422
2026-03-05 11:25:00,1382.1,1383.0,1380.2,1380.7,104556
2026-03-05 11:30:00,1380.8,1385.9,1380.8,1383.7,78813
2026-03-05 11:35:00,1383.4,1383.9,1381.6,1382.9,188020
2026-03-05 11:40:00,1382.8,1383.2,1381.8,1382.2,314948
2026-03-05 11:45:00,1382.7,1383.2,1381.4,1381.6,170642
2026-03-05 11:50:00,1381.2,1382.0,1379.4,1381.9,600889
2026-03-05 11:55:00,1382.1,1382.8,1380.6,1382.7,144230
2026-03-05 12:00:00,1382.7,1385.7,1382.4,1385.5,347861
2026-03-05 12:05:00,1385.6,1388.3,1383.6,1384.7,705344
2026-03-05 12:10:00,1384.5,1386.4,1383.7,1385.7,106479
2026-03-05 12:15:00,1385.6,1386.0,1384.1,1385.0,262161
2026-03-05 12:20:00,1385.2,1386.4,1384.1,1384.3,102907
2026-03-05 12:25:00,1384.1,1385.4,1383.2,1384.8,161316
2026-03-05 12:30:00,1384.8,1385.0,1383.3,1383.4,49971
2026-03-05 12:35:00,1383.5,1384.4,1383.0,1384.2,63622
2026-03-05 12:40:00,1384.2,1385.9,1384.0,1384.9,68531
2026-03-05 12:45:00,1384.7,1385.1,1383.2,1383.3,77577
2026-03-05 12:50:00,1383.4,1384.7,1383.4,1384.2,69222
2026-03-05 12:55:00,1384.5,1385.0,1383.5,1383.6,99378
2026-03-05 13:00:00,1383.3,1383.6,1381.9,1382.3,117703
2026-03-05 13:05:00,1382.4,1382.8,1382.0,1382.2,91208
2026-03-05 13:10:00,1382.2,1382.4,1381.1,1381.6,85824
2026-03-05 13:15:00,1381.7,1382.2,1381.5,1381.7,296885
2026-03-05 13:20:00,1381.7,1382.5,1380.8,1382.4,125311
2026-03-05 13:25:00,1382.5,1384.3,1382.4,1384.3,129829
2026-03-05 13:30:00,1384.4,1386.2,1382.0,1383.2,599505
2026-03-05 13:35:00,1383.1,1383.5,1381.4,1382.8,257773
2026-03-05 13:40:00,1382.7,1383.3,1381.5,1382.8,292275
2026-03-05 13:45:00,1382.8,1383.5,1382.0,1382.5,93933
2026-03-05 13:50:00,1382.5,1382.6,1381.8,1381.8,84179
2026-03-05 13:55:00,1381.8,1381.8,1379.4,1380.6,543050
2026-03-05 14:00:00,1380.6,1381.8,1378.8,1379.2,220512
2026-03-05 14:05:00,1379.2,1379.8,1377.3,1377.3,160719
2026-03-05 14:10:00,1377.4,1378.5,1376.7,1377.8,135740
2026-03-05 14:15:00,1377.9,1379.0,1376.1,1376.9,410187
2026-03-05 14:20:00,1377.1,1380.8,1377.1,1379.7,307265
2026-03-05 14:25:00,1379.6,1381.9,1379.1,1381.9,195947
2026-03-05 14:30:00,1381.8,1381.8,1378.4,1378.6,276702
2026-03-05 14:35:00,1378.6,1387.1,1378.1,1386.2,475152
2026-03-05 14:40:00,1386.2,1392.5,1385.6,1389.7,549689
2026-03-05 14:45:00,1389.5,1391.3,1387.5,1390.2,615279
2026-03-05 14:50:00,1390.2,1397.9,1389.3,1397.9,495098
2026-03-05 14:55:00,1397.8,1399.0,1394.3,1398.8,483260
2026-03-05 15:00:00,1398.8,1398.8,1384.3,1390.7,1944353
2026-03-05 15:05:00,1390.5,1392.0,1388.0,1389.8,1227833
2026-03-05 15:10:00,1389.8,1392.5,1387.3,1387.8,1261335
2026-03-05 15:15:00,1387.5,1390.8,1384.4,1385.2,757628
2026-03-05 15:20:00,1385.2,1387.7,1383.5,1385.3,969368
2026-03-05 15:25:00,1385.2,1389.9,1385.2,1386.4,490448
2026-03-06 09:15:00,1398.6,1401.8,1390.3,1401.0,0
2026-03-06 09:20:00,1400.9,1408.1,1400.7,1407.1,772779
2026-03-06 09:25:00,1407.2,1415.6,1407.1,1414.3,911569
2026-03-06 09:30:00,1414.7,1417.2,1413.1,1416.3,464918
2026-03-06 09:35:00,1416.5,1419.4,1413.8,1414.1,691894
2026-03-06 09:40:00,1414.1,1415.7,1412.6,1415.2,376981
2026-03-06 09:45:00,1415.0,1416.9,1412.6,1413.0,223713
2026-03-06 09:50:00,1413.0,1414.4,1412.7,1414.2,108275
2026-03-06 09:55:00,1414.0,1414.9,1410.4,1411.7,194750
2026-03-06 10:00:00,1411.6,1414.9,1409.9,1413.9,212681
2026-03-06 10:05:00,1414.3,1417.7,1413.2,1417.7,165066
2026-03-06 10:10:00,1417.5,1418.5,1417.0,1417.5,136777
2026-03-06 10:15:00,1417.5,1423.8,1417.2,1423.8,358178
2026-03-06 10:20:00,1423.8,1424.2,1421.8,1423.5,220138
2026-03-06 10:25:00,1423.5,1424.0,1421.3,1422.7,190644
2026-03-06 10:30:00,1422.5,1422.5,1420.0,1420.8,191591
2026-03-06 10:35:00,1420.4,1421.7,1418.6,1419.7,196006
2026-03-06 10:40:00,1419.1,1420.1,1418.2,1420.0,126073
2026-03-06 10:45:00,1420.2,1420.2,1416.3,1416.3,293572
2026-03-06 10:50:00,1416.3,1419.0,1416.0,1416.4,190508
2026-03-06 10:55:00,1416.6,1417.7,1415.5,1417.7,144430
2026-03-06 11:00:00,1417.6,1420.3,1417.5,1420.0,173255
2026-03-06 11:05:00,1420.1,1422.7,1417.3,1418.8,209542
2026-03-06 11:10:00,1418.8,1419.3,1415.8,1416.1,88230
2026-03-06 11:15:00,1416.4,1417.3,1415.1,1416.9,130886
2026-03-06 11:20:00,1416.9,1418.4,1413.0,1413.1,308797
2026-03-06 11:25:00,1413.3,1415.8,1412.0,1415.5,252513
2026-03-06 11:30:00,1415.1,1418.0,1415.1,1417.8,126174
2026-03-06 11:35:00,1417.8,1422.0,1417.7,1422.0,227841
2026-03-06 11:40:00,1422.0,1422.0,1418.4,1418.4,263736
2026-03-06 11:45:00,1418.4,1420.9,1418.0,1420.6,106744
2026-03-06 11:50:00,1420.7,1421.8,1420.0,1420.8,205789
2026-03-06 11:55:00,1420.8,1421.0,1417.2,1418.3,337777
2026-03-06 12:00:00,1418.2,1418.2,1416.1,1416.3,121408
2026-03-06 12:05:00,1416.2,1418.0,1415.6,1417.8,137416
2026-03-06 12:10:00,1417.8,1418.5,1414.3,1416.1,139393
2026-03-06 12:15:00,1416.2,1416.2,1412.8,1413.3,198470
2026-03-06 12:20:00,1413.5,1416.2,1413.0,1415.5,148211
2026-03-06 12:25:00,1415.5,1415.6,1412.1,1413.9,616497
2026-03-06 12:30:00,1414.2,1416.7,1414.1,1415.6,137597
2026-03-06 12:35:00,1415.5,1416.5,1415.0,1415.4,76424
2026-03-06 12:40:00,1415.3,1417.6,1415.3,1417.4,105820
2026-03-06 12:45:00,1417.4,1417.7,1415.6,1417.5,95612
2026-03-06 12:50:00,1417.6,1420.1,1417.3,1418.2,241194
2026-03-06 12:55:00,1418.2,1419.7,1417.2,1419.6,192981
2026-03-06 13:00:00,1419.6,1420.4,1417.6,1418.3,190341
2026-03-06 13:05:00,1418.3,1419.0,1416.0,1417.3,111829
2026-03-06 13:10:00,1417.4,1418.9,1417.0,1417.9,95054
2026-03-06 13:15:00,1417.7,1418.2,1415.8,1417.4,157400
2026-03-06 13:20:00,1417.4,1418.7,1416.5,1418.3,121563
2026-03-06 13:25:00,1418.3,1419.0,1416.9,1417.8,178660
2026-03-06 13:30:00,1417.9,1417.9,1413.5,1415.1,180949
2026-03-06 13:35:00,1414.9,1418.7,1413.4,1417.4,262250
2026-03-06 13:40:00,1417.4,1417.5,1415.5,1415.5,113912
2026-03-06 13:45:00,1415.2,1415.5,1411.6,1412.4,408895
2026-03-06 13:50:00,1412.4,1413.6,1410.9,1411.2,290979
2026-03-06 13:55:00,1411.2,1411.4,1408.6,1408.6,349662
2026-03-06 14:00:00,1409.3,1412.7,1408.0,1411.5,336767
2026-03-06 14:05:00,1411.5,1413.3,1411.3,1413.3,227377
2026-03-06 14:10:00,1413.4,1414.9,1411.1,1411.7,421375
2026-03-06 14:15:00,1411.6,1414.7,1411.4,1413.9,119985
2026-03-06 14:20:00,1413.9,1414.5,1412.0,1414.1,112829
2026-03-06 14:25:00,1414.0,1414.5,1412.5,1413.9,282499
2026-03-06 14:30:00,1413.8,1417.2,1413.8,1416.0,217267
2026-03-06 14:35:00,1415.8,1417.0,1413.9,1414.2,151178
2026-03-06 14:40:00,1414.2,1414.2,1410.2,1410.8,166291
2026-03-06 14:45:00,1410.8,1412.2,1402.4,1405.1,505397
2026-03-06 14:50:00,1405.1,1409.5,1404.7,1407.2,176313
2026-03-06 14:55:00,1407.3,1408.1,1405.6,1406.4,108106
2026-03-06 15:00:00,1406.6,1407.8,1404.5,1405.0,431940
2026-03-06 15:05:00,1404.9,1405.6,1403.5,1405.5,456250
2026-03-06 15:10:00,1405.6,1406.3,1403.9,1404.7,428069
2026-03-06 15:15:00,1404.8,1404.8,1401.0,1403.0,374741
2026-03-06 15:20:00,1402.9,1404.7,1402.8,1404.4,329071
2026-03-06 15:25:00,1404.8,1409.7,1404.6,1408.0,264579
2026-03-09 09:15:00,1375.0,1401.3,1375.0,1392.7,0
2026-03-09 09:20:00,1392.2,1406.8,1390.8,1397.0,1844267
2026-03-09 09:25:00,1396.5,1404.7,1394.3,1401.9,597303
2026-03-09 09:30:00,1401.8,1405.0,1400.0,1400.7,365653
2026-03-09 09:35:00,1400.7,1409.0,1396.5,1403.6,530796
2026-03-09 09:40:00,1403.5,1405.6,1395.5,1400.7,895835
2026-03-09 09:45:00,1400.3,1404.0,1398.3,1403.6,312400
2026-03-09 09:50:00,1403.4,1405.5,1402.2,1405.0,235118
2026-03-09 09:55:00,1404.8,1412.9,1404.8,1411.6,677120
2026-03-09 10:00:00,1411.6,1412.0,1407.6,1408.1,321396
2026-03-09 10:05:00,1407.9,1409.7,1405.1,1407.5,341994
2026-03-09 10:10:00,1407.6,1408.2,1401.2,1401.6,221860
2026-03-09 10:15:00,1402.0,1403.2,1399.4,1401.0,268565
2026-03-09 10:20:00,1400.5,1402.4,1397.7,1397.7,198534
2026-03-09 10:25:00,1397.6,1399.8,1396.3,1398.6,354020
2026-03-09 10:30:00,1398.6,1401.7,1397.6,1401.0,245600
2026-03-09 10:35:00,1400.9,1403.6,1399.8,1402.5,220568
2026-03-09 10:40:00,1402.5,1403.3,1400.4,1401.8,80724
2026-03-09 10:45:00,1401.8,1402.3,1398.9,1399.4,125960
2026-03-09 10:50:00,1399.1,1402.5,1397.2,1400.8,341377
2026-03-09 10:55:00,1400.7,1402.5,1399.1,1399.9,118915
2026-03-09 11:00:00,1400.0,1400.0,1397.5,1398.5,109468
2026-03-09 11:05:00,1398.8,1402.5,1398.5,1399.9,307507
2026-03-09 11:10:00,1399.7,1400.7,1393.7,1396.0,263776
2026-03-09 11:15:00,1396.0,1396.0,1391.1,1393.9,249381
2026-03-09 11:20:00,1393.5,1396.0,1393.1,1393.5,130126
2026-03-09 11:25:00,1393.6,1398.0,1393.0,1397.0,277317
2026-03-09 11:30:00,1396.9,1400.3,1395.7,1399.1,386893
2026-03-09 11:35:00,1399.4,1403.0,1399.4,1401.9,287074
2026-03-09 11:40:00,1402.1,1406.0,1401.2,1402.7,605390
2026-03-09 11:45:00,1402.7,1404.6,1401.1,1402.7,143241
2026-03-09 11:50:00,1402.8,1402.9,1401.0,1401.6,121514
2026-03-09 11:55:00,1401.7,1405.3,1401.2,1404.0,104599
2026-03-09 12:00:00,1404.1,1404.1,1400.0,1401.0,148043
2026-03-09 12:05:00,1400.9,1400.9,1397.0,1397.1,192150
2026-03-09 12:10:00,1397.2,1399.6,1395.7,1398.9,127832
2026-03-09 12:15:00,1398.9,1400.1,1398.4,1399.6,179547
2026-03-09 12:20:00,1399.6,1401.5,1399.0,1401.3,196379
2026-03-09 12:25:00,1401.3,1401.5,1398.9,1399.6,229375
2026-03-09 12:30:00,1399.6,1399.9,1397.1,1397.9,187372
2026-03-09 12:35:00,1397.9,1399.0,1397.0,1398.9,76907
2026-03-09 12:40:00,1398.9,1399.9,1397.6,1399.8,95538
2026-03-09 12:45:00,1399.7,1401.1,1399.2,1400.6,182823
2026-03-09 12:50:00,1400.7,1404.2,1400.2,1403.8,187805
2026-03-09 12:55:00,1403.8,1407.0,1402.7,1407.0,412533
2026-03-09 13:00:00,1407.0,1407.7,1404.3,1406.7,564297
2026-03-09 13:05:00,1406.4,1407.9,1405.5,1405.7,297805
2026-03-09 13:10:00,1405.7,1406.4,1403.4,1403.7,127987
2026-03-09 13:15:00,1403.7,1404.8,1402.3,1402.8,606692
2026-03-09 13:20:00,1402.8,1406.9,1402.5,1404.9,220598
2026-03-09 13:25:00,1404.9,1407.7,1404.2,1405.1,293268
2026-03-09 13:30:00,1405.7,1409.5,1405.3,1407.7,352996
2026-03-09 13:35:00,1407.6,1408.3,1406.5,1407.3,160685
2026-03-09 13:40:00,1407.0,1408.0,1405.5,1406.0,266422
2026-03-09 13:45:00,1405.8,1407.0,1403.3,1405.6,218552
2026-03-09 13:50:00,1405.6,1407.8,1404.8,1406.8,155146
2026-03-09 13:55:00,1407.0,1408.7,1406.5,1407.8,118877
2026-03-09 14:00:00,1407.8,1408.4,1405.8,1408.3,125656
2026-03-09 14:05:00,1408.2,1409.1,1407.3,1408.4,110134
2026-03-09 14:10:00,1408.4,1410.2,1407.3,1408.7,147427
2026-03-09 14:15:00,1408.7,1409.5,1407.3,1409.0,146447
2026-03-09 14:20:00,1408.9,1410.9,1408.1,1409.9,186775
2026-03-09 14:25:00,1409.9,1412.2,1409.8,1411.4,165150
2026-03-09 14:30:00,1411.3,1413.6,1410.0,1412.0,296415
2026-03-09 14:35:00,1412.1,1413.4,1411.1,1412.7,187524
2026-03-09 14:40:00,1412.8,1415.0,1411.6,1414.5,139157
2026-03-09 14:45:00,1414.5,1420.0,1413.6,1418.1,455662
2026-03-09 14:50:00,1418.5,1420.6,1416.7,1420.6,274662
2026-03-09 14:55:00,1420.2,1421.9,1420.0,1420.8,192069
2026-03-09 15:00:00,1420.9,1428.5,1419.0,1427.0,715357
2026-03-09 15:05:00,1427.1,1429.0,1425.2,1425.6,551116
2026-03-09 15:10:00,1425.8,1426.9,1424.1,1425.0,475301
2026-03-09 15:15:00,1424.6,1425.0,1421.6,1422.3,420508
2026-03-09 15:20:00,1422.2,1422.7,1420.0,1420.4,311995
2026-03-09 15:25:00,1420.3,1421.4,1418.6,1418.6,331784
2026-03-10 09:15:00,1431.5,1431.5,1401.0,1401.7,0
2026-03-10 09:20:00,1402.3,1409.7,1401.9,1409.7,361517
2026-03-10 09:25:00,1409.3,1410.8,1404.4,1408.9,376533
2026-03-10 09:30:00,1408.8,1409.9,1403.7,1405.0,311551
2026-03-10 09:35:00,1404.9,1408.6,1402.6,1406.3,276453
2026-03-10 09:40:00,1406.4,1410.9,1403.9,1410.9,323960
2026-03-10 09:45:00,1410.6,1410.7,1407.3,1410.6,152343
2026-03-10 09:50:00,1410.5,1412.0,1410.1,1411.2,172761
2026-03-10 09:55:00,1411.2,1411.6,1409.8,1411.5,157179
2026-03-10 10:00:00,1411.4,1415.0,1411.2,1414.2,170284
2026-03-10 10:05:00,1414.2,1414.9,1412.7,1413.2,85089
2026-03-10 10:10:00,1413.3,1414.5,1412.6,1413.3,104452
2026-03-10 10:15:00,1413.1,1417.7,1412.7,1416.9,173435
2026-03-10 10:20:00,1416.7,1416.9,1414.3,1415.4,113470
2026-03-10 10:25:00,1415.3,1415.8,1413.2,1414.3,85856
2026-03-10 10:30:00,1414.0,1416.8,1414.0,1416.6,87247
2026-03-10 10:35:00,1416.6,1418.0,1415.2,1416.5,111927
2026-03-10 10:40:00,1416.5,1421.0,1416.2,1420.0,141147
2026-03-10 10:45:00,1420.0,1420.5,1418.6,1418.6,102032
2026-03-10 10:50:00,1418.2,1418.3,1415.0,1415.1,91751
2026-03-10 10:55:00,1415.1,1416.8,1412.5,1416.0,105818
2026-03-10 11:00:00,1416.4,1417.0,1414.4,1416.5,65161
2026-03-10 11:05:00,1416.4,1418.6,1415.0,1418.6,105032
2026-03-10 11:10:00,1418.4,1418.5,1414.7,1415.0,154648
2026-03-10 11:15:00,1415.0,1418.3,1414.7,1415.0,161793
2026-03-10 11:20:00,1415.0,1417.5,1415.0,1417.2,241533
2026-03-10 11:25:00,1417.2,1417.2,1415.1,1416.2,165663
2026-03-10 11:30:00,1416.2,1418.4,1416.2,1416.8,124427
2026-03-10 11:35:00,1416.9,1417.8,1416.6,1417.5,67218
2026-03-10 11:40:00,1417.5,1418.5,1416.6,1416.6,80255
2026-03-10 11:45:00,1416.6,1416.7,1411.6,1411.9,122806
2026-03-10 11:50:00,1411.3,1412.6,1410.0,1412.6,108523
2026-03-10 11:55:00,1412.9,1413.9,1411.1,1412.4,87761
2026-03-10 12:00:00,1412.3,1413.2,1411.4,1411.9,55188
2026-03-10 12:05:00,1411.8,1414.6,1411.2,1411.4,127975
2026-03-10 12:10:00,1411.4,1412.8,1410.0,1410.0,65998
2026-03-10 12:15:00,1410.0,1411.5,1408.5,1409.5,189195
2026-03-10 12:20:00,1409.5,1410.0,1407.0,1408.2,128535
2026-03-10 12:25:00,1408.0,1410.0,1407.8,1410.0,167380
2026-03-10 12:30:00,1410.0,1412.5,1409.1,1412.5,346760
2026-03-10 12:35:00,1412.5,1414.7,1409.8,1409.8,567303
2026-03-10 12:40:00,1409.6,1410.1,1407.2,1407.2,296160
2026-03-10 12:45:00,1407.2,1410.5,1405.8,1410.4,216546
2026-03-10 12:50:00,1410.4,1412.4,1409.8,1411.9,143657
2026-03-10 12:55:00,1411.9,1413.8,1411.0,1411.4,100462
2026-03-10 13:00:00,1411.2,1412.5,1409.3,1409.9,218085
2026-03-10 13:05:00,1410.2,1410.8,1408.3,1408.5,319500
2026-03-10 13:10:00,1408.6,1409.7,1407.2,1408.0,273563
2026-03-10 13:15:00,1408.3,1408.9,1407.3,1408.1,225740
2026-03-10 13:20:00,1408.1,1409.9,1407.6,1409.2,147365
2026-03-10 13:25:00,1409.3,1411.3,1408.9,1411.0,119580
2026-03-10 13:30:00,1411.0,1413.6,1410.9,1413.4,424306
2026-03-10 13:35:00,1413.3,1415.8,1412.4,1414.5,411052
2026-03-10 13:40:00,1414.5,1415.1,1413.0,1413.4,79016
2026-03-10 13:45:00,1413.4,1413.5,1412.6,1412.9,82223
2026-03-10 13:50:00,1412.8,1414.0,1412.7,1413.3,70995
2026-03-10 13:55:00,1413.5,1413.6,1412.3,1412.4,99221
2026-03-10 14:00:00,1412.4,1412.5,1410.6,1411.1,120440
2026-03-10 14:05:00,1411.2,1415.5,1411.0,1413.7,182142
2026-03-10 14:10:00,1413.9,1414.3,1413.1,1414.0,265061
2026-03-10 14:15:00,1414.0,1414.7,1411.8,1412.1,152287
2026-03-10 14:20:00,1412.1,1412.2,1410.5,1410.8,114842
2026-03-10 14:25:00,1410.8,1411.6,1408.6,1410.0,198989
2026-03-10 14:30:00,1410.0,1411.4,1408.8,1409.5,279961
2026-03-10 14:35:00,1409.2,1412.8,1409.1,1411.7,129020
2026-03-10 14:40:00,1411.7,1412.8,1410.1,1411.7,319919
2026-03-10 14:45:00,1411.7,1414.0,1411.1,1413.7,271823
2026-03-10 14:50:00,1414.0,1415.3,1411.5,1414.0,351465
2026-03-10 14:55:00,1413.7,1414.1,1411.3,1412.6,311029
2026-03-10 15:00:00,1412.7,1412.7,1406.6,1409.5,1133173
2026-03-10 15:05:00,1409.5,1411.5,1406.3,1407.4,966989
2026-03-10 15:10:00,1407.4,1410.4,1406.0,1408.5,994238
2026-03-10 15:15:00,1408.5,1410.0,1408.5,1409.5,511228
2026-03-10 15:20:00,1409.5,1411.0,1405.7,1410.8,689768
2026-03-10 15:25:00,1410.8,1412.2,1409.6,1410.9,424494
2026-03-11 09:15:00,1424.9,1432.1,1417.2,1431.1,0
2026-03-11 09:20:00,1431.1,1433.5,1424.0,1424.0,920064
2026-03-11 09:25:00,1425.0,1425.0,1419.0,1419.5,517255
2026-03-11 09:30:00,1419.9,1420.9,1412.2,1412.8,548042
2026-03-11 09:35:00,1412.8,1413.0,1404.1,1406.7,702683
2026-03-11 09:40:00,1406.3,1407.0,1401.8,1401.8,436461
2026-03-11 09:45:00,1401.8,1407.0,1401.5,1406.2,322526
2026-03-11 09:50:00,1406.1,1407.0,1397.4,1397.6,469630
2026-03-11 09:55:00,1397.8,1400.4,1395.7,1399.1,261876
2026-03-11 10:00:00,1399.1,1404.9,1396.6,1404.5,338293
2026-03-11 10:05:00,1404.6,1405.0,1401.8,1402.6,123100
2026-03-11 10:10:00,1402.6,1404.3,1401.8,1404.1,108540
2026-03-11 10:15:00,1403.7,1404.8,1403.1,1403.2,103276
2026-03-11 10:20:00,1403.5,1403.6,1401.0,1401.5,95706
2026-03-11 10:25:00,1401.5,1402.9,1400.4,1402.7,100574
2026-03-11 10:30:00,1402.7,1404.7,1402.1,1403.3,78645
2026-03-11 10:35:00,1403.3,1403.3,1401.0,1401.5,162304
2026-03-11 10:40:00,1401.6,1403.4,1401.1,1401.6,92326
2026-03-11 10:45:00,1401.6,1404.3,1399.6,1403.7,236537
2026-03-11 10:50:00,1403.7,1404.9,1399.2,1400.2,329706
2026-03-11 10:55:00,1400.2,1401.6,1399.8,1401.0,97826
2026-03-11 11:00:00,1401.0,1401.5,1399.7,1400.6,379382
2026-03-11 11:05:00,1400.6,1401.0,1399.5,1399.8,120516
2026-03-11 11:10:00,1399.8,1399.9,1398.4,1399.3,95436
2026-03-11 11:15:00,1399.3,1399.5,1397.3,1399.0,124551
2026-03-11 11:20:00,1399.3,1399.3,1397.0,1397.3,86818
2026-03-11 11:25:00,1397.6,1400.2,1397.3,1400.2,143278
2026-03-11 11:30:00,1400.1,1400.4,1397.1,1397.7,96337
2026-03-11 11:35:00,1397.7,1398.6,1395.5,1397.2,138538
2026-03-11 11:40:00,1397.3,1397.9,1396.8,1397.2,103003
2026-03-11 11:45:00,1397.2,1398.4,1396.5,1397.0,88834
2026-03-11 11:50:00,1397.1,1397.2,1392.5,1395.1,303054
2026-03-11 11:55:00,1395.0,1395.3,1393.9,1395.0,90622
2026-03-11 12:00:00,1394.9,1397.6,1394.6,1397.3,73471
2026-03-11 12:05:00,1397.5,1397.6,1396.1,1397.0,130933
2026-03-11 12:10:00,1397.0,1398.7,1396.6,1397.8,102147
2026-03-11 12:15:00,1397.8,1399.6,1397.8,1399.1,159368
2026-03-11 12:20:00,1399.2,1401.0,1399.0,1400.9,130097
2026-03-11 12:25:00,1400.9,1402.2,1400.0,1401.9,141620
2026-03-11 12:30:00,1401.9,1402.2,1400.0,1400.4,233717
2026-03-11 12:35:00,1400.9,1401.4,1397.8,1398.5,173426
2026-03-11 12:40:00,1398.5,1401.5,1398.1,1401.5,121681
2026-03-11 12:45:00,1401.4,1401.8,1399.5,1400.7,185317
2026-03-11 12:50:00,1400.8,1401.5,1399.1,1400.0,119565
2026-03-11 12:55:00,1400.0,1400.2,1398.0,1398.8,150722
2026-03-11 13:00:00,1398.7,1400.8,1398.4,1400.8,252329
2026-03-11 13:05:00,1400.8,1402.9,1400.7,1402.6,430443
2026-03-11 13:10:00,1402.6,1402.7,1400.2,1401.0,454762
2026-03-11 13:15:00,1400.8,1402.4,1399.5,1402.2,183809
2026-03-11 13:20:00,1402.1,1403.9,1401.5,1403.6,120212
2026-03-11 13:25:00,1403.6,1404.6,1402.3,1404.0,155610
2026-03-11 13:30:00,1404.0,1405.8,1402.6,1403.2,203617
2026-03-11 13:35:00,1402.8,1404.0,1402.2,1402.3,116473
2026-03-11 13:40:00,1402.3,1404.3,1402.0,1402.1,153193
2026-03-11 13:45:00,1402.1,1402.2,1399.3,1399.8,223692
2026-03-11 13:50:00,1399.8,1401.1,1398.8,1400.4,140872
2026-03-11 13:55:00,1400.4,1400.5,1399.1,1400.4,115404
2026-03-11 14:00:00,1400.4,1400.6,1398.8,1399.9,108470
2026-03-11 14:05:00,1399.9,1400.0,1397.6,1398.1,140548
2026-03-11 14:10:00,1398.3,1398.8,1397.5,1398.3,151949
2026-03-11 14:15:00,1398.2,1398.9,1392.1,1392.9,497913
2026-03-11 14:20:00,1392.9,1393.4,1391.0,1392.3,462107
2026-03-11 14:25:00,1392.2,1395.8,1391.8,1395.5,270674
2026-03-11 14:30:00,1395.5,1395.8,1391.4,1391.7,558360
2026-03-11 14:35:00,1391.7,1393.8,1391.3,1393.8,267773
2026-03-11 14:40:00,1393.9,1393.9,1390.8,1391.8,221211
2026-03-11 14:45:00,1391.7,1393.3,1391.0,1392.3,102564
2026-03-11 14:50:00,1392.3,1394.1,1391.2,1393.2,412350
2026-03-11 14:55:00,1392.9,1393.4,1390.0,1390.1,357099
2026-03-11 15:00:00,1390.4,1393.8,1390.4,1392.1,484577
2026-03-11 15:05:00,1392.3,1394.1,1391.0,1393.0,556078
2026-03-11 15:10:00,1393.0,1393.5,1389.1,1389.6,740117
2026-03-11 15:15:00,1389.6,1390.6,1389.1,1389.9,586625
2026-03-11 15:20:00,1389.9,1390.4,1386.8,1387.0,637387
2026-03-11 15:25:00,1387.0,1387.5,1383.8,1387.0,668961
2026-03-12 09:15:00,1388.6,1393.3,1381.1,1392.2,0
2026-03-12 09:20:00,1392.4,1397.0,1391.7,1396.1,623489
2026-03-12 09:25:00,1396.5,1397.0,1390.3,1390.3,474124
2026-03-12 09:30:00,1390.2,1393.9,1387.7,1387.7,357477
2026-03-12 09:35:00,1388.1,1391.4,1387.6,1390.3,302677
2026-03-12 09:40:00,1390.3,1392.7,1390.2,1392.5,276445
2026-03-12 09:45:00,1392.5,1394.0,1392.1,1393.1,221055
2026-03-12 09:50:00,1392.5,1395.0,1391.3,1395.0,238275
2026-03-12 09:55:00,1394.9,1398.7,1394.1,1397.9,423291
2026-03-12 10:00:00,1397.9,1398.7,1394.5,1395.2,232934
2026-03-12 10:05:00,1395.5,1395.9,1393.0,1393.8,147612
2026-03-12 10:10:00,1393.8,1396.0,1393.1,1393.8,121232
2026-03-12 10:15:00,1393.6,1395.5,1393.5,1395.2,96511
2026-03-12 10:20:00,1395.2,1395.6,1394.1,1394.6,84865
2026-03-12 10:25:00,1394.3,1402.2,1394.3,1400.0,282674
2026-03-12 10:30:00,1399.8,1403.2,1398.3,1402.8,199541
2026-03-12 10:35:00,1402.8,1403.9,1401.0,1401.7,232161
2026-03-12 10:40:00,1401.9,1402.9,1400.4,1402.5,143899
2026-03-12 10:45:00,1402.9,1405.4,1402.7,1404.6,170491
2026-03-12 10:50:00,1404.4,1404.8,1401.6,1404.0,104061
2026-03-12 10:55:00,1403.6,1406.9,1402.3,1406.7,159367
2026-03-12 11:00:00,1406.9,1409.9,1406.9,1409.8,169353
2026-03-12 11:05:00,1409.8,1410.0,1407.6,1408.7,177812
2026-03-12 11:10:00,1408.8,1410.8,1406.1,1406.6,162661
2026-03-12 11:15:00,1406.8,1408.8,1402.3,1404.7,295955
2026-03-12 11:20:00,1404.8,1405.6,1402.1,1405.6,132871
2026-03-12 11:25:00,1405.4,1406.3,1404.0,1405.5,123303
2026-03-12 11:30:00,1405.3,1406.1,1403.0,1405.8,80966
2026-03-12 11:35:00,1405.7,1407.6,1405.5,1407.1,88584
2026-03-12 11:40:00,1406.7,1407.5,1404.2,1404.5,58759
2026-03-12 11:45:00,1404.5,1406.7,1404.4,1405.4,77912
2026-03-12 11:50:00,1405.4,1407.3,1405.4,1407.0,57076
2026-03-12 11:55:00,1407.0,1409.1,1406.7,1408.3,95324
2026-03-12 12:00:00,1408.3,1409.8,1408.2,1409.7,88173
2026-03-12 12:05:00,1409.6,1409.9,1407.1,1409.0,127366
2026-03-12 12:10:00,1408.9,1409.9,1407.6,1409.9,115405
2026-03-12 12:15:00,1409.9,1409.9,1407.4,1407.4,107296
2026-03-12 12:20:00,1407.5,1409.7,1406.1,1407.8,113425
2026-03-12 12:25:00,1407.6,1408.0,1406.1,1406.4,67471
2026-03-12 12:30:00,1406.2,1406.2,1403.1,1405.3,290112
2026-03-12 12:35:00,1404.7,1407.0,1404.3,1405.8,80351
2026-03-12 12:40:00,1405.7,1406.9,1405.3,1406.0,49643
2026-03-12 12:45:00,1405.7,1407.7,1405.7,1407.0,49531
2026-03-12 12:50:00,1407.0,1407.2,1404.0,1405.1,109060
2026-03-12 12:55:00,1405.1,1405.4,1403.5,1404.1,135097
2026-03-12 13:00:00,1404.1,1404.6,1401.6,1403.3,195393
2026-03-12 13:05:00,1403.1,1405.1,1400.0,1404.6,239781
2026-03-12 13:10:00,1404.9,1408.5,1404.7,1407.2,116664
2026-03-12 13:15:00,1407.2,1407.6,1405.1,1405.5,162139
2026-03-12 13:20:00,1405.5,1407.8,1404.6,1407.5,96823
2026-03-12 13:25:00,1407.5,1409.7,1406.6,1409.0,120653
2026-03-12 13:30:00,1408.9,1409.8,1406.5,1408.9,216312
2026-03-12 13:35:00,1409.0,1410.3,1408.6,1410.1,196741
2026-03-12 13:40:00,1410.1,1410.2,1407.5,1408.4,114141
2026-03-12 13:45:00,1408.6,1409.1,1405.4,1405.8,172302
2026-03-12 13:50:00,1405.8,1406.7,1404.3,1405.8,153230
2026-03-12 13:55:00,1405.7,1405.7,1404.0,1405.1,268539
2026-03-12 14:00:00,1404.8,1406.9,1404.0,1406.9,116768
2026-03-12 14:05:00,1406.9,1408.7,1403.8,1404.2,129371
2026-03-12 14:10:00,1404.3,1405.2,1402.8,1404.3,331664
2026-03-12 14:15:00,1404.2,1405.8,1403.3,1405.5,138172
2026-03-12 14:20:00,1405.4,1405.6,1403.7,1404.4,229126
2026-03-12 14:25:00,1404.4,1404.6,1401.5,1401.7,163739
2026-03-12 14:30:00,1401.5,1403.2,1401.0,1402.6,261625
2026-03-12 14:35:00,1402.5,1402.7,1400.8,1401.2,346987
2026-03-12 14:40:00,1401.2,1401.5,1398.1,1399.4,410352
2026-03-12 14:45:00,1399.3,1400.0,1398.3,1398.8,466307
2026-03-12 14:50:00,1398.9,1398.9,1393.1,1395.5,816577
2026-03-12 14:55:00,1395.2,1397.5,1394.5,1395.1,337650
2026-03-12 15:00:00,1395.2,1396.7,1392.1,1396.6,1327403
2026-03-12 15:05:00,1396.6,1396.7,1393.6,1395.4,1054738
2026-03-12 15:10:00,1395.6,1396.4,1389.0,1390.7,1652670
2026-03-12 15:15:00,1390.7,1394.9,1388.9,1393.2,1085648
2026-03-12 15:20:00,1393.2,1393.2,1389.0,1390.1,1000256
2026-03-12 15:25:00,1390.1,1390.6,1388.6,1390.0,421168
2026-03-13 09:15:00,1386.7,1397.5,1384.2,1394.3,0
2026-03-13 09:20:00,1393.8,1396.6,1391.0,1392.8,201134
2026-03-13 09:25:00,1392.7,1396.0,1391.9,1395.6,153439
2026-03-13 09:30:00,1395.6,1397.1,1394.0,1395.9,172155
2026-03-13 09:35:00,1396.0,1396.8,1393.3,1395.8,159319
2026-03-13 09:40:00,1396.2,1397.4,1391.5,1392.1,306674
2026-03-13 09:45:00,1391.3,1398.0,1390.1,1397.9,561072
2026-03-13 09:50:00,1397.8,1399.5,1392.6,1393.6,367354
2026-03-13 09:55:00,1393.7,1394.5,1393.0,1393.8,119498
2026-03-13 10:00:00,1393.8,1397.8,1392.0,1397.5,844868
2026-03-13 10:05:00,1397.5,1397.8,1395.8,1396.5,113218
2026-03-13 10:10:00,1396.6,1397.5,1394.3,1396.5,138492
2026-03-13 10:15:00,1396.5,1396.7,1395.0,1396.0,86966
2026-03-13 10:20:00,1396.0,1398.0,1395.1,1395.4,97329
2026-03-13 10:25:00,1396.0,1399.2,1395.0,1399.2,349995
2026-03-13 10:30:00,1399.4,1400.6,1394.0,1394.0,227244
2026-03-13 10:35:00,1394.0,1397.0,1393.4,1397.0,202928
2026-03-13 10:40:00,1397.0,1397.8,1394.1,1395.3,182483
2026-03-13 10:45:00,1395.3,1395.8,1393.6,1394.9,389134
2026-03-13 10:50:00,1394.9,1395.3,1394.0,1394.0,213899
2026-03-13 10:55:00,1394.4,1395.1,1392.5,1395.1,100431
2026-03-13 11:00:00,1395.0,1395.1,1393.2,1393.2,89649
2026-03-13 11:05:00,1393.0,1395.0,1392.1,1392.9,251086
2026-03-13 11:10:00,1392.9,1393.4,1391.0,1392.2,121459
2026-03-13 11:15:00,1391.5,1392.1,1389.7,1390.8,112856
2026-03-13 11:20:00,1390.7,1390.7,1387.1,1390.0,175842
2026-03-13 11:25:00,1390.0,1392.5,1389.6,1392.0,79968
2026-03-13 11:30:00,1392.1,1394.7,1389.6,1394.4,227009
2026-03-13 11:35:00,1394.3,1395.2,1392.1,1395.0,115009
2026-03-13 11:40:00,1394.6,1397.6,1394.3,1397.3,252687
2026-03-13 11:45:00,1397.6,1397.8,1395.0,1397.7,153990
2026-03-13 11:50:00,1398.4,1400.0,1397.0,1397.5,120279
2026-03-13 11:55:00,1397.5,1397.5,1395.6,1395.8,48465
2026-03-13 12:00:00,1396.3,1396.9,1395.8,1396.5,32858
2026-03-13 12:05:00,1396.6,1396.6,1390.4,1391.0,86019
2026-03-13 12:10:00,1391.0,1391.9,1389.4,1391.4,88813
2026-03-13 12:15:00,1391.7,1392.0,1390.2,1390.5,123218
2026-03-13 12:20:00,1390.9,1390.9,1387.3,1388.2,154263
2026-03-13 12:25:00,1388.3,1391.1,1387.0,1387.4,360243
2026-03-13 12:30:00,1387.4,1387.9,1384.8,1385.6,209725
2026-03-13 12:35:00,1385.3,1385.5,1382.0,1383.0,117761
2026-03-13 12:40:00,1383.3,1384.0,1380.2,1383.6,167743
2026-03-13 12:45:00,1383.6,1385.5,1383.5,1385.2,229643
2026-03-13 12:50:00,1385.2,1385.5,1381.5,1383.1,118035
2026-03-13 12:55:00,1383.1,1384.1,1381.2,1382.2,142773
2026-03-13 13:00:00,1382.2,1384.9,1382.1,1384.5,84301
2026-03-13 13:05:00,1384.9,1385.0,1381.7,1382.3,154902
2026-03-13 13:10:00,1382.4,1383.0,1380.3,1380.5,94989
2026-03-13 13:15:00,1380.2,1382.4,1380.2,1380.2,123852
2026-03-13 13:20:00,1380.5,1382.4,1378.6,1379.3,214115
2026-03-13 13:25:00,1379.3,1384.0,1378.8,1383.9,113105
2026-03-13 13:30:00,1383.9,1384.2,1381.0,1381.1,234404
2026-03-13 13:35:00,1381.1,1381.5,1380.0,1381.0,119544
2026-03-13 13:40:00,1381.1,1383.4,1380.7,1382.5,272195
2026-03-13 13:45:00,1382.5,1384.8,1381.8,1384.1,454477
2026-03-13 13:50:00,1384.2,1384.5,1380.2,1383.0,228294
2026-03-13 13:55:00,1382.7,1384.4,1381.3,1382.4,156577
2026-03-13 14:00:00,1382.5,1385.5,1382.4,1382.9,313604
2026-03-13 14:05:00,1382.8,1385.8,1382.3,1385.2,428206
2026-03-13 14:10:00,1385.2,1388.0,1384.2,1387.5,336293
2026-03-13 14:15:00,1387.5,1387.7,1384.8,1387.7,178651
2026-03-13 14:20:00,1387.9,1388.2,1385.4,1386.0,181133
2026-03-13 14:25:00,1386.0,1387.5,1385.6,1385.6,236922
2026-03-13 14:30:00,1386.1,1389.0,1386.1,1386.3,290629
2026-03-13 14:35:00,1386.4,1388.2,1384.7,1384.9,366755
2026-03-13 14:40:00,1384.7,1385.1,1383.4,1384.3,367077
2026-03-13 14:45:00,1384.3,1385.6,1380.0,1381.7,434169
2026-03-13 14:50:00,1381.7,1382.8,1379.5,1380.0,236260
2026-03-13 14:55:00,1380.8,1382.1,1379.5,1381.6,208070
2026-03-13 15:00:00,1381.7,1382.2,1378.7,1378.8,335079
2026-03-13 15:05:00,1378.8,1380.9,1378.6,1379.9,371507
2026-03-13 15:10:00,1380.0,1383.5,1379.7,1382.5,464744
2026-03-13 15:15:00,1382.4,1382.9,1379.7,1379.9,451621
2026-03-13 15:20:00,1379.9,1380.4,1379.0,1380.0,334732
2026-03-13 15:25:00,1380.0,1382.2,1379.6,1382.1,237407
2026-03-16 09:15:00,1380.6,1382.4,1373.7,1379.4,0
2026-03-16 09:20:00,1379.4,1382.9,1377.0,1380.5,237981
2026-03-16 09:25:00,1381.3,1384.6,1379.2,1382.0,179955
2026-03-16 09:30:00,1382.0,1387.0,1381.9,1386.5,147859
2026-03-16 09:35:00,1386.7,1389.2,1385.1,1385.5,309826
2026-03-16 09:40:00,1385.8,1388.3,1383.7,1383.8,400848
2026-03-16 09:45:00,1383.8,1384.8,1381.4,1383.1,163670
2026-03-16 09:50:00,1383.0,1383.6,1380.2,1381.0,162416
2026-03-16 09:55:00,1381.0,1381.4,1379.4,1379.5,285027
2026-03-16 10:00:00,1380.1,1381.9,1377.5,1378.9,290388
2026-03-16 10:05:00,1378.9,1379.5,1375.9,1376.1,150639
2026-03-16 10:10:00,1376.1,1376.6,1370.3,1372.7,338891
2026-03-16 10:15:00,1372.3,1372.3,1366.1,1366.6,269111
2026-03-16 10:20:00,1366.6,1367.9,1363.8,1364.0,212928
2026-03-16 10:25:00,1364.0,1366.8,1363.5,1366.2,128055
2026-03-16 10:30:00,1366.5,1369.4,1366.5,1367.9,132642
2026-03-16 10:35:00,1367.8,1373.0,1367.6,1372.4,288291
2026-03-16 10:40:00,1372.4,1373.0,1371.7,1372.5,72238
2026-03-16 10:45:00,1372.6,1373.4,1371.3,1372.2,96042
2026-03-16 10:50:00,1372.3,1373.8,1370.6,1371.5,125373
2026-03-16 10:55:00,1371.4,1375.5,1369.8,1375.5,175631
2026-03-16 11:00:00,1375.4,1375.4,1373.2,1374.9,83977
2026-03-16 11:05:00,1374.8,1375.0,1372.0,1375.0,76989
2026-03-16 11:10:00,1375.2,1376.4,1374.6,1375.4,144156
2026-03-16 11:15:00,1375.4,1378.8,1375.3,1378.8,86177
2026-03-16 11:20:00,1378.3,1380.0,1377.0,1378.8,105793
2026-03-16 11:25:00,1378.8,1380.5,1377.0,1378.0,109571
2026-03-16 11:30:00,1377.8,1379.7,1377.0,1377.6,160603
2026-03-16 11:35:00,1377.4,1379.0,1375.8,1376.5,156927
2026-03-16 11:40:00,1376.5,1376.9,1372.1,1372.5,169723
2026-03-16 11:45:00,1372.7,1374.9,1372.5,1374.1,189879
2026-03-16 11:50:00,1374.1,1374.6,1373.5,1374.4,37132
2026-03-16 11:55:00,1374.1,1375.0,1373.0,1373.0,125244
2026-03-16 12:00:00,1373.1,1376.9,1373.0,1375.9,160784
2026-03-16 12:05:00,1376.0,1377.1,1376.0,1376.7,67612
2026-03-16 12:10:00,1376.6,1377.7,1375.5,1376.9,143401
2026-03-16 12:15:00,1377.0,1378.6,1375.8,1378.6,197919
2026-03-16 12:20:00,1378.6,1379.7,1378.1,1379.7,112946
2026-03-16 12:25:00,1379.2,1379.9,1378.7,1379.2,109959
2026-03-16 12:30:00,1379.2,1379.5,1376.1,1376.9,199987
2026-03-16 12:35:00,1376.6,1379.7,1375.2,1379.7,209829
2026-03-16 12:40:00,1379.7,1381.7,1379.5,1380.1,289353
2026-03-16 12:45:00,1380.0,1380.1,1374.1,1374.3,336334
2026-03-16 12:50:00,1374.3,1377.6,1373.3,1377.5,133491
2026-03-16 12:55:00,1377.3,1378.4,1376.1,1378.4,210406
2026-03-16 13:00:00,1378.4,1380.8,1376.8,1376.8,177425
2026-03-16 13:05:00,1376.8,1378.5,1374.7,1377.8,245550
2026-03-16 13:10:00,1377.8,1379.4,1377.0,1378.1,134842
2026-03-16 13:15:00,1378.2,1381.6,1378.0,1380.6,303169
2026-03-16 13:20:00,1380.6,1382.5,1379.6,1381.5,440074
2026-03-16 13:25:00,1381.5,1382.7,1379.5,1380.0,318961
2026-03-16 13:30:00,1379.3,1380.7,1376.5,1377.0,300201
2026-03-16 13:35:00,1376.7,1377.3,1375.9,1376.3,431757
2026-03-16 13:40:00,1376.3,1376.7,1375.5,1375.7,392193
2026-03-16 13:45:00,1375.7,1378.4,1375.0,1377.2,201471
2026-03-16 13:50:00,1377.1,1380.9,1377.1,1380.8,283912
2026-03-16 13:55:00,1380.5,1381.9,1379.9,1381.5,291721
2026-03-16 14:00:00,1381.5,1383.4,1380.5,1382.0,286835
2026-03-16 14:05:00,1381.8,1384.4,1381.5,1384.2,331580
2026-03-16 14:10:00,1384.1,1386.9,1383.6,1383.7,418113
2026-03-16 14:15:00,1383.7,1387.2,1382.0,1387.2,246891
2026-03-16 14:20:00,1387.3,1393.1,1387.0,1393.1,776462
2026-03-16 14:25:00,1392.7,1395.0,1390.3,1390.6,938602
2026-03-16 14:30:00,1391.0,1392.8,1389.7,1391.1,782961
2026-03-16 14:35:00,1391.4,1392.5,1389.5,1392.3,643631
2026-03-16 14:40:00,1392.4,1395.0,1391.4,1393.7,791673
2026-03-16 14:45:00,1393.4,1394.3,1391.9,1393.4,714204
2026-03-16 14:50:00,1393.6,1395.6,1392.5,1392.6,634652
2026-03-16 14:55:00,1392.9,1393.7,1390.6,1392.7,592929
2026-03-16 15:00:00,1393.2,1395.0,1391.4,1394.1,799325
2026-03-16 15:05:00,1394.1,1397.3,1394.1,1395.1,654402
2026-03-16 15:10:00,1395.3,1397.0,1394.5,1396.9,755137
2026-03-16 15:15:00,1397.0,1397.1,1393.0,1393.9,709677
2026-03-16 15:20:00,1393.9,1396.7,1393.2,1395.8,470679
2026-03-16 15:25:00,1395.5,1396.0,1392.6,1395.0,237817
2026-03-17 09:15:00,1398.9,1402.4,1395.1,1400.3,0
2026-03-17 09:20:00,1399.5,1401.7,1397.0,1397.0,192561
2026-03-17 09:25:00,1397.0,1399.6,1396.0,1398.2,166593
2026-03-17 09:30:00,1398.4,1401.0,1398.1,1400.0,100861
2026-03-17 09:35:00,1399.5,1401.8,1399.5,1401.0,100864
2026-03-17 09:40:00,1400.7,1401.5,1396.3,1397.8,187625
2026-03-17 09:45:00,1397.8,1401.0,1396.2,1400.6,153331
2026-03-17 09:50:00,1400.8,1401.5,1398.0,1398.5,300924
2026-03-17 09:55:00,1398.7,1399.9,1398.2,1398.8,146693
2026-03-17 10:00:00,1398.8,1401.1,1398.5,1401.1,84886
2026-03-17 10:05:00,1401.2,1403.2,1401.0,1402.7,185226
2026-03-17 10:10:00,1402.4,1402.4,1399.8,1400.3,84071
2026-03-17 10:15:00,1400.4,1401.3,1400.0,1400.0,42219
2026-03-17 10:20:00,1400.1,1401.4,1399.4,1400.6,169297
2026-03-17 10:25:00,1400.5,1402.0,1399.9,1400.9,66667
2026-03-17 10:30:00,1400.5,1401.7,1398.5,1398.9,292196
2026-03-17 10:35:00,1398.1,1399.0,1395.7,1399.0,190946
2026-03-17 10:40:00,1399.4,1399.8,1398.0,1399.3,128975
2026-03-17 10:45:00,1399.3,1401.0,1399.1,1400.9,82957
2026-03-17 10:50:00,1401.5,1401.6,1398.9,1399.8,196768
2026-03-17 10:55:00,1399.8,1400.6,1398.4,1399.3,83383
2026-03-17 11:00:00,1399.5,1400.2,1398.6,1399.3,65137
2026-03-17 11:05:00,1399.3,1400.0,1397.5,1398.8,127084
2026-03-17 11:10:00,1399.0,1399.9,1397.2,1397.9,69616
2026-03-17 11:15:00,1397.9,1399.0,1397.0,1397.0,286839
2026-03-17 11:20:00,1397.1,1397.6,1394.3,1394.4,296114
2026-03-17 11:25:00,1394.3,1394.9,1391.3,1392.0,175756
2026-03-17 11:30:00,1392.3,1393.3,1391.1,1391.2,133425
2026-03-17 11:35:00,1391.1,1392.2,1389.7,1390.1,197671
2026-03-17 11:40:00,1390.1,1390.5,1388.7,1389.3,98415
2026-03-17 11:45:00,1389.3,1390.9,1388.7,1389.9,81426
2026-03-17 11:50:00,1389.9,1392.0,1389.6,1391.4,109658
2026-03-17 11:55:00,1391.5,1392.9,1390.1,1392.3,95182
2026-03-17 12:00:00,1392.8,1393.9,1391.7,1393.5,84278
2026-03-17 12:05:00,1393.5,1395.1,1393.2,1395.0,63317
2026-03-17 12:10:00,1394.8,1395.0,1393.2,1393.6,46256
2026-03-17 12:15:00,1393.7,1393.7,1390.3,1390.4,121951
2026-03-17 12:20:00,1391.0,1391.9,1390.0,1390.1,74063
2026-03-17 12:25:00,1390.1,1391.0,1389.0,1389.9,56862
2026-03-17 12:30:00,1389.9,1391.7,1388.2,1391.3,90058
2026-03-17 12:35:00,1391.3,1392.6,1390.8,1392.0,57771
2026-03-17 12:40:00,1391.9,1396.1,1391.0,1395.7,318673
2026-03-17 12:45:00,1395.7,1398.9,1394.8,1398.9,327631
2026-03-17 12:50:00,1398.9,1399.5,1396.7,1397.9,104902
2026-03-17 12:55:00,1397.6,1399.1,1397.0,1398.8,92017
2026-03-17 13:00:00,1398.6,1399.5,1397.1,1399.2,429431
2026-03-17 13:05:00,1399.0,1399.8,1394.5,1399.4,649301
2026-03-17 13:10:00,1399.2,1400.8,1398.6,1400.1,101773
2026-03-17 13:15:00,1400.4,1401.5,1400.0,1400.7,106534
2026-03-17 13:20:00,1400.9,1401.9,1399.5,1399.6,101539
2026-03-17 13:25:00,1399.4,1400.8,1398.1,1399.7,184296
2026-03-17 13:30:00,1399.4,1402.5,1399.4,1400.0,150572
2026-03-17 13:35:00,1400.5,1400.8,1397.5,1398.0,114259
2026-03-17 13:40:00,1398.2,1399.4,1397.1,1398.5,130539
2026-03-17 13:45:00,1398.5,1400.5,1398.5,1400.5,87193
2026-03-17 13:50:00,1400.5,1400.9,1398.6,1399.6,166718
2026-03-17 13:55:00,1399.6,1400.0,1398.3,1399.0,81303
2026-03-17 14:00:00,1398.8,1402.9,1398.7,1401.3,312401
2026-03-17 14:05:00,1401.0,1401.8,1398.4,1400.4,240116
2026-03-17 14:10:00,1400.4,1404.5,1400.4,1403.6,310599
2026-03-17 14:15:00,1403.6,1405.9,1399.7,1401.4,783617
2026-03-17 14:20:00,1401.4,1402.3,1400.0,1400.7,83980
2026-03-17 14:25:00,1400.6,1401.2,1399.2,1400.3,123761
2026-03-17 14:30:00,1400.3,1402.9,1400.3,1402.4,142075
2026-03-17 14:35:00,1402.4,1402.6,1400.6,1400.7,92089
2026-03-17 14:40:00,1400.9,1402.6,1400.5,1400.9,134672
2026-03-17 14:45:00,1401.2,1401.4,1398.5,1400.4,238669
2026-03-17 14:50:00,1400.4,1401.5,1399.3,1401.3,223137
2026-03-17 14:55:00,1401.5,1405.1,1401.0,1405.0,533645
2026-03-17 15:00:00,1404.7,1404.9,1396.2,1397.4,1714058
2026-03-17 15:05:00,1397.4,1401.6,1397.2,1398.6,1186793
2026-03-17 15:10:00,1398.6,1402.0,1395.7,1401.1,1264613
2026-03-17 15:15:00,1401.1,1401.1,1392.3,1395.4,1667270
2026-03-17 15:20:00,1395.3,1399.7,1393.9,1394.0,647797
2026-03-17 15:25:00,1393.9,1394.9,1393.6,1394.8,248553
2026-03-18 09:15:00,1397.6,1408.2,1397.6,1407.7,0
2026-03-18 09:20:00,1407.7,1409.6,1403.5,1403.8,199918
2026-03-18 09:25:00,1403.9,1407.4,1403.2,1406.5,244380
2026-03-18 09:30:00,1406.5,1409.9,1406.0,1409.4,192158
2026-03-18 09:35:00,1409.5,1409.7,1407.0,1407.5,87566
2026-03-18 09:40:00,1407.5,1408.0,1406.2,1407.1,90173
2026-03-18 09:45:00,1407.4,1410.0,1407.1,1410.0,144958
2026-03-18 09:50:00,1409.9,1412.0,1409.8,1410.9,228460
2026-03-18 09:55:00,1410.9,1410.9,1408.6,1409.3,187710
2026-03-18 10:00:00,1409.6,1409.6,1407.2,1408.2,126513
2026-03-18 10:05:00,1408.4,1408.5,1406.2,1406.6,70230
2026-03-18 10:10:00,1406.6,1407.0,1405.5,1406.2,68269
2026-03-18 10:15:00,1406.6,1408.5,1406.2,1408.1,53027
2026-03-18 10:20:00,1408.5,1408.9,1407.1,1408.5,54774
2026-03-18 10:25:00,1408.8,1409.5,1407.1,1408.0,140790
2026-03-18 10:30:00,1408.1,1409.2,1407.3,1408.8,85779
2026-03-18 10:35:00,1409.0,1409.6,1407.4,1407.4,83238
2026-03-18 10:40:00,1407.7,1409.6,1407.6,1408.9,65705
2026-03-18 10:45:00,1409.0,1410.6,1408.6,1409.9,134134
2026-03-18 10:50:00,1410.0,1410.0,1408.2,1408.8,40911
2026-03-18 10:55:00,1408.9,1409.8,1408.5,1409.0,48783
2026-03-18 11:00:00,1409.0,1412.6,1408.9,1411.6,200404
2026-03-18 11:05:00,1412.1,1412.3,1411.0,1411.8,75376
2026-03-18 11:10:00,1411.8,1412.9,1409.9,1412.1,99156
2026-03-18 11:15:00,1412.0,1412.0,1410.0,1410.6,58970
2026-03-18 11:20:00,1410.7,1410.8,1409.7,1410.3,34498
2026-03-18 11:25:00,1410.6,1410.7,1408.6,1410.1,76221
2026-03-18 11:30:00,1410.1,1410.1,1408.7,1409.8,69097
2026-03-18 11:35:00,1410.0,1410.4,1408.5,1410.0,64735
2026-03-18 11:40:00,1410.1,1410.7,1409.5,1409.5,43488
2026-03-18 11:45:00,1409.5,1409.9,1408.5,1408.5,38704
2026-03-18 11:50:00,1408.8,1409.9,1408.7,1409.4,32389
2026-03-18 11:55:00,1409.7,1409.8,1408.7,1409.0,42389
2026-03-18 12:00:00,1409.2,1409.4,1407.3,1407.8,67123
2026-03-18 12:05:00,1408.3,1408.5,1407.5,1407.8,77256
2026-03-18 12:10:00,1407.8,1408.9,1407.5,1408.1,66643
2026-03-18 12:15:00,1408.0,1408.7,1408.0,1408.1,38467
2026-03-18 12:20:00,1408.5,1408.5,1406.2,1406.5,174425
2026-03-18 12:25:00,1406.8,1407.0,1405.3,1405.3,140151
2026-03-18 12:30:00,1405.9,1407.2,1405.5,1406.5,40641
2026-03-18 12:35:00,1406.7,1407.0,1406.1,1406.8,39338
2026-03-18 12:40:00,1406.8,1407.2,1406.0,1407.1,51607
2026-03-18 12:45:00,1407.3,1408.6,1406.9,1408.6,60783
2026-03-18 12:50:00,1408.4,1409.0,1407.7,1408.2,79173
2026-03-18 12:55:00,1408.4,1411.2,1407.7,1411.0,104335
2026-03-18 13:00:00,1411.2,1412.3,1410.1,1411.5,151211
2026-03-18 13:05:00,1411.5,1411.7,1409.6,1410.1,94224
2026-03-18 13:10:00,1410.2,1411.1,1409.8,1410.6,81170
2026-03-18 13:15:00,1410.8,1410.8,1409.3,1409.3,87598
2026-03-18 13:20:00,1409.1,1410.7,1408.5,1410.4,134505
2026-03-18 13:25:00,1410.5,1410.7,1409.1,1409.9,71651
2026-03-18 13:30:00,1409.5,1410.4,1408.6,1409.4,197615
2026-03-18 13:35:00,1409.5,1409.8,1408.8,1409.6,108492
2026-03-18 13:40:00,1409.5,1409.7,1409.2,1409.7,45312
2026-03-18 13:45:00,1409.7,1409.9,1408.1,1408.1,50679
2026-03-18 13:50:00,1408.1,1410.7,1407.2,1409.3,251149
2026-03-18 13:55:00,1410.0,1411.0,1409.2,1409.5,141577
2026-03-18 14:00:00,1409.7,1411.0,1409.6,1409.9,60284
2026-03-18 14:05:00,1409.9,1411.0,1409.5,1411.0,96600
2026-03-18 14:10:00,1411.0,1411.5,1409.1,1409.6,82101
2026-03-18 14:15:00,1409.4,1411.5,1409.3,1411.4,99731
2026-03-18 14:20:00,1411.4,1411.9,1409.5,1410.8,209138
2026-03-18 14:25:00,1410.8,1411.6,1410.4,1410.5,49038
2026-03-18 14:30:00,1410.4,1410.6,1409.1,1409.2,73117
2026-03-18 14:35:00,1409.4,1410.0,1408.0,1409.7,140508
2026-03-18 14:40:00,1409.9,1410.8,1408.3,1408.9,207411
2026-03-18 14:45:00,1409.1,1410.0,1408.9,1409.9,99960
2026-03-18 14:50:00,1409.9,1410.7,1409.1,1409.1,95703
2026-03-18 14:55:00,1409.2,1410.2,1408.7,1410.0,82280
2026-03-18 15:00:00,1410.3,1410.6,1408.3,1410.5,446531
2026-03-18 15:05:00,1410.4,1410.5,1408.4,1409.0,394324
2026-03-18 15:10:00,1409.1,1409.1,1408.1,1408.3,338295
2026-03-18 15:15:00,1408.3,1408.4,1407.1,1407.3,368339
2026-03-18 15:20:00,1407.2,1407.3,1405.1,1406.5,420369
2026-03-18 15:25:00,1406.7,1408.0,1405.7,1407.2,271765
2026-03-19 09:15:00,1392.0,1405.0,1392.0,1401.8,0
2026-03-19 09:20:00,1402.4,1404.6,1398.7,1399.3,217580
2026-03-19 09:25:00,1399.1,1404.9,1398.2,1400.6,210464
2026-03-19 09:30:00,1400.5,1403.8,1399.5,1401.4,103343
2026-03-19 09:35:00,1401.1,1404.5,1400.3,1400.9,261901
2026-03-19 09:40:00,1401.0,1402.8,1400.5,1400.9,225547
2026-03-19 09:45:00,1400.9,1402.3,1400.3,1401.4,119208
2026-03-19 09:50:00,1401.9,1405.2,1401.4,1403.0,230933
2026-03-19 09:55:00,1402.9,1404.5,1402.9,1404.1,91721
2026-03-19 10:00:00,1404.0,1406.7,1403.9,1406.7,134258
2026-03-19 10:05:00,1406.9,1408.0,1405.0,1407.0,151116
2026-03-19 10:10:00,1407.1,1407.3,1404.6,1406.3,127429
2026-03-19 10:15:00,1406.5,1407.4,1404.1,1406.5,180191
2026-03-19 10:20:00,1406.4,1410.8,1406.4,1410.4,146012
2026-03-19 10:25:00,1410.4,1412.0,1408.2,1408.4,189160
2026-03-19 10:30:00,1408.4,1413.5,1408.0,1410.9,254361
2026-03-19 10:35:00,1411.1,1415.4,1410.6,1415.3,246615
2026-03-19 10:40:00,1415.1,1415.6,1413.2,1414.9,152157
2026-03-19 10:45:00,1415.0,1415.1,1411.2,1411.7,145129
2026-03-19 10:50:00,1411.7,1412.8,1409.8,1410.2,127809
2026-03-19 10:55:00,1410.3,1410.3,1406.6,1406.8,125031
2026-03-19 11:00:00,1407.2,1410.0,1406.7,1409.4,104012
2026-03-19 11:05:00,1409.5,1410.1,1407.9,1408.3,82304
2026-03-19 11:10:00,1408.7,1409.6,1405.1,1405.6,99222
2026-03-19 11:15:00,1405.6,1406.6,1404.4,1405.1,138045
2026-03-19 11:20:00,1404.8,1408.4,1404.8,1407.0,122516
2026-03-19 11:25:00,1406.8,1407.5,1405.5,1405.5,56040
2026-03-19 11:30:00,1405.4,1407.9,1405.4,1407.2,66499
2026-03-19 11:35:00,1407.1,1408.0,1402.4,1403.0,148807
2026-03-19 11:40:00,1403.1,1404.8,1401.1,1401.9,229472
2026-03-19 11:45:00,1401.8,1403.3,1401.2,1402.2,84577
2026-03-19 11:50:00,1402.2,1402.5,1399.8,1399.9,156107
2026-03-19 11:55:00,1400.1,1401.9,1399.4,1401.5,95576
2026-03-19 12:00:00,1401.5,1401.9,1400.5,1400.9,66290
2026-03-19 12:05:00,1400.9,1401.0,1397.5,1398.7,133204
2026-03-19 12:10:00,1398.1,1401.3,1397.7,1401.1,63470
2026-03-19 12:15:00,1400.9,1401.5,1399.2,1399.9,132739
2026-03-19 12:20:00,1399.8,1400.0,1398.6,1399.2,48293
2026-03-19 12:25:00,1399.2,1400.3,1397.8,1400.0,116679
2026-03-19 12:30:00,1400.0,1400.2,1397.8,1398.6,63402
2026-03-19 12:35:00,1398.6,1399.8,1397.6,1399.4,80014
2026-03-19 12:40:00,1399.4,1399.4,1397.5,1398.2,53261
2026-03-19 12:45:00,1398.3,1400.6,1397.1,1400.2,61565
2026-03-19 12:50:00,1400.2,1400.9,1398.8,1400.9,241314
2026-03-19 12:55:00,1400.8,1401.6,1399.4,1400.2,76672
2026-03-19 13:00:00,1400.2,1400.8,1399.5,1399.9,52345
2026-03-19 13:05:00,1399.8,1399.9,1397.8,1398.8,100932
2026-03-19 13:10:00,1399.0,1400.0,1395.6,1396.7,147142
2026-03-19 13:15:00,1397.0,1397.5,1396.0,1396.9,73731
2026-03-19 13:20:00,1396.6,1397.0,1394.1,1394.1,180076
2026-03-19 13:25:00,1394.2,1395.9,1394.2,1394.9,120474
2026-03-19 13:30:00,1395.3,1396.1,1394.2,1395.5,66171
2026-03-19 13:35:00,1395.5,1397.2,1395.5,1396.7,81139
2026-03-19 13:40:00,1396.9,1397.4,1395.6,1396.1,93898
2026-03-19 13:45:00,1395.7,1396.1,1394.2,1395.2,150375
2026-03-19 13:50:00,1395.3,1397.4,1395.0,1397.4,71595
2026-03-19 13:55:00,1397.5,1397.5,1390.0,1393.2,363451
2026-03-19 14:00:00,1393.2,1393.7,1389.3,1390.8,209108
2026-03-19 14:05:00,1390.5,1391.9,1389.5,1390.4,90320
2026-03-19 14:10:00,1390.3,1391.4,1389.0,1391.2,203205
2026-03-19 14:15:00,1391.2,1392.0,1390.1,1391.1,99681
2026-03-19 14:20:00,1391.1,1392.9,1390.5,1392.4,77337
2026-03-19 14:25:00,1392.4,1392.4,1390.0,1390.0,88484
2026-03-19 14:30:00,1390.3,1392.5,1390.1,1392.5,98232
2026-03-19 14:35:00,1392.3,1393.8,1391.8,1392.9,142681
2026-03-19 14:40:00,1393.0,1393.8,1391.0,1392.7,215487
2026-03-19 14:45:00,1393.1,1393.4,1389.5,1390.5,149077
2026-03-19 14:50:00,1390.5,1390.6,1386.7,1387.5,165330
2026-03-19 14:55:00,1387.5,1388.2,1380.0,1381.5,337955
2026-03-19 15:00:00,1381.3,1384.2,1376.8,1382.7,1857864
2026-03-19 15:05:00,1382.7,1388.3,1380.4,1386.0,1800721
2026-03-19 15:10:00,1386.1,1389.8,1384.4,1385.7,1075708
2026-03-19 15:15:00,1385.7,1390.1,1385.6,1389.9,471894
2026-03-19 15:20:00,1389.8,1393.6,1389.8,1393.4,452428
2026-03-19 15:25:00,1393.3,1394.0,1384.8,1384.8,243066
2026-03-20 09:15:00,1398.0,1411.5,1398.0,1408.4,0
2026-03-20 09:20:00,1408.4,1409.3,1405.0,1406.2,208847
2026-03-20 09:25:00,1406.3,1413.5,1406.3,1413.4,327358
2026-03-20 09:30:00,1413.0,1413.8,1411.6,1413.0,213656
2026-03-20 09:35:00,1413.0,1413.3,1410.5,1412.4,359579
2026-03-20 09:40:00,1411.9,1412.3,1409.2,1410.1,220323
2026-03-20 09:45:00,1410.0,1411.7,1409.5,1411.4,247421
2026-03-20 09:50:00,1411.4,1415.3,1411.4,1413.8,517116
2026-03-20 09:55:00,1413.8,1416.7,1413.3,1415.5,286490
2026-03-20 10:00:00,1415.1,1416.7,1414.0,1416.0,173461
2026-03-20 10:05:00,1416.1,1418.9,1416.0,1418.8,157852
2026-03-20 10:10:00,1418.9,1422.5,1417.2,1422.3,372099
2026-03-20 10:15:00,1422.0,1423.1,1419.2,1420.7,243197
2026-03-20 10:20:00,1420.7,1423.3,1420.0,1423.3,233528
2026-03-20 10:25:00,1423.0,1426.0,1422.2,1426.0,290640
2026-03-20 10:30:00,1426.0,1428.2,1426.0,1426.8,430882
2026-03-20 10:35:00,1426.8,1429.4,1426.0,1428.5,417901
2026-03-20 10:40:00,1428.7,1429.9,1427.9,1428.1,314273
2026-03-20 10:45:00,1427.9,1428.6,1426.2,1428.5,327554
2026-03-20 10:50:00,1428.6,1430.0,1427.1,1428.9,375537
2026-03-20 10:55:00,1429.3,1429.5,1427.6,1428.3,244149
2026-03-20 11:00:00,1428.4,1429.9,1425.7,1426.5,281195
2026-03-20 11:05:00,1426.4,1427.5,1425.8,1427.0,118796
2026-03-20 11:10:00,1427.0,1429.5,1426.2,1428.9,247618
2026-03-20 11:15:00,1428.8,1429.4,1427.2,1428.1,88162
2026-03-20 11:20:00,1428.4,1429.5,1426.9,1427.2,156638
2026-03-20 11:25:00,1426.8,1429.1,1426.8,1427.9,104712
2026-03-20 11:30:00,1428.1,1429.3,1426.3,1427.0,118703
2026-03-20 11:35:00,1427.0,1428.1,1426.3,1427.5,116890
2026-03-20 11:40:00,1427.9,1428.2,1426.5,1427.3,239637
2026-03-20 11:45:00,1427.7,1428.2,1426.5,1427.7,73128
2026-03-20 11:50:00,1427.7,1428.2,1426.5,1426.6,118663
2026-03-20 11:55:00,1426.8,1426.9,1424.0,1425.5,135889
2026-03-20 12:00:00,1425.5,1426.4,1423.3,1423.7,103128
2026-03-20 12:05:00,1423.5,1425.0,1423.2,1424.2,107001
2026-03-20 12:10:00,1424.6,1425.8,1424.0,1425.1,106546
2026-03-20 12:15:00,1425.0,1425.0,1422.9,1423.5,159887
2026-03-20 12:20:00,1423.9,1424.5,1421.6,1421.6,118637
2026-03-20 12:25:00,1421.6,1421.8,1419.5,1420.5,286096
2026-03-20 12:30:00,1420.5,1421.7,1419.2,1421.2,256877
2026-03-20 12:35:00,1421.5,1423.0,1420.6,1421.9,143219
2026-03-20 12:40:00,1421.9,1424.4,1421.9,1423.7,77449
2026-03-20 12:45:00,1423.6,1424.3,1423.1,1423.4,103668
2026-03-20 12:50:00,1423.5,1425.7,1422.7,1424.4,152151
2026-03-20 12:55:00,1424.6,1425.4,1423.1,1424.3,130279
2026-03-20 13:00:00,1424.2,1426.2,1423.7,1426.0,143392
2026-03-20 13:05:00,1426.2,1426.5,1424.4,1425.7,204044
2026-03-20 13:10:00,1425.8,1426.8,1423.1,1424.0,108878
2026-03-20 13:15:00,1424.1,1425.9,1423.9,1425.0,76718
2026-03-20 13:20:00,1425.5,1426.6,1425.0,1425.2,85536
2026-03-20 13:25:00,1425.3,1426.5,1424.6,1425.7,83067
2026-03-20 13:30:00,1425.4,1427.5,1424.4,1426.9,198747
2026-03-20 13:35:00,1426.6,1428.3,1426.6,1428.0,170391
2026-03-20 13:40:00,1428.0,1428.7,1426.9,1426.9,103775
2026-03-20 13:45:00,1426.9,1427.3,1425.5,1425.6,105997
2026-03-20 13:50:00,1425.6,1426.2,1424.3,1426.2,131408
2026-03-20 13:55:00,1425.7,1426.6,1423.3,1423.7,148532
2026-03-20 14:00:00,1423.7,1426.7,1423.3,1426.6,141401
2026-03-20 14:05:00,1426.5,1427.1,1424.7,1426.3,144683
2026-03-20 14:10:00,1426.2,1427.0,1423.6,1424.7,225406
2026-03-20 14:15:00,1424.1,1425.6,1423.3,1424.9,199984
2026-03-20 14:20:00,1424.8,1425.3,1422.6,1424.8,210827
2026-03-20 14:25:00,1424.7,1424.9,1422.2,1423.6,172849
2026-03-20 14:30:00,1423.7,1425.0,1423.1,1424.2,204799
2026-03-20 14:35:00,1424.4,1424.4,1420.0,1420.7,362577
2026-03-20 14:40:00,1420.7,1420.7,1417.5,1417.8,337986
2026-03-20 14:45:00,1417.8,1420.4,1417.3,1419.7,323341
2026-03-20 14:50:00,1419.7,1419.8,1416.8,1418.4,348236
2026-03-20 14:55:00,1418.3,1419.3,1417.4,1417.7,197580
2026-03-20 15:00:00,1417.7,1417.7,1410.7,1416.8,1890506
2026-03-20 15:05:00,1416.8,1418.2,1415.7,1416.8,1558810
2026-03-20 15:10:00,1416.7,1416.8,1414.2,1416.1,1363914
2026-03-20 15:15:00,1416.1,1416.2,1412.3,1413.1,1185356
2026-03-20 15:20:00,1413.0,1413.8,1411.0,1411.0,1350494
2026-03-20 15:25:00,1410.9,1418.0,1410.6,1414.0,1037615
2026-03-23 09:15:00,1400.4,1405.0,1395.5,1402.0,0
2026-03-23 09:20:00,1402.0,1409.5,1401.5,1404.4,508402
2026-03-23 09:25:00,1404.2,1406.9,1404.2,1404.8,177202
2026-03-23 09:30:00,1404.7,1407.8,1403.7,1406.7,280125
2026-03-23 09:35:00,1406.6,1407.9,1405.6,1406.6,128373
2026-03-23 09:40:00,1406.7,1408.0,1404.8,1405.9,147057
2026-03-23 09:45:00,1405.7,1407.5,1405.0,1406.3,197870
2026-03-23 09:50:00,1406.4,1406.4,1404.8,1405.5,302272
2026-03-23 09:55:00,1405.5,1406.5,1403.8,1404.2,212120
2026-03-23 10:00:00,1404.4,1405.0,1401.6,1403.4,248213
2026-03-23 10:05:00,1403.3,1405.4,1402.4,1404.7,409491
2026-03-23 10:10:00,1404.7,1405.0,1400.3,1400.3,171364
2026-03-23 10:15:00,1400.3,1402.1,1396.3,1397.0,539469
2026-03-23 10:20:00,1396.5,1396.6,1392.1,1392.7,238473
2026-03-23 10:25:00,1392.3,1395.5,1392.0,1393.2,136661
2026-03-23 10:30:00,1393.2,1395.7,1391.3,1393.3,151328
2026-03-23 10:35:00,1393.3,1397.1,1392.8,1395.3,74976
2026-03-23 10:40:00,1395.3,1395.8,1391.6,1393.2,86864
2026-03-23 10:45:00,1393.4,1394.9,1391.0,1394.4,175269
2026-03-23 10:50:00,1394.2,1395.9,1392.6,1395.4,117116
2026-03-23 10:55:00,1395.4,1396.9,1394.8,1396.5,120775
2026-03-23 11:00:00,1396.5,1398.0,1394.0,1397.7,86872
2026-03-23 11:05:00,1397.7,1400.0,1396.7,1396.9,139264
2026-03-23 11:10:00,1396.9,1397.5,1396.0,1396.0,56032
2026-03-23 11:15:00,1396.3,1396.4,1393.2,1393.2,102711
2026-03-23 11:20:00,1393.2,1396.5,1393.0,1396.5,57404
2026-03-23 11:25:00,1397.0,1398.4,1395.6,1398.3,114773
2026-03-23 11:30:00,1397.7,1399.0,1395.1,1395.7,102694
2026-03-23 11:35:00,1395.2,1395.7,1393.8,1395.6,76165
2026-03-23 11:40:00,1395.6,1397.3,1394.1,1395.2,116541
2026-03-23 11:45:00,1395.2,1397.4,1394.6,1397.0,93981
2026-03-23 11:50:00,1397.0,1397.8,1396.3,1396.8,61732
2026-03-23 11:55:00,1396.8,1399.5,1396.3,1398.6,88579
2026-03-23 12:00:00,1398.7,1401.0,1398.0,1400.3,202501
2026-03-23 12:05:00,1400.3,1401.4,1397.3,1398.8,209109
2026-03-23 12:10:00,1399.0,1400.5,1398.8,1399.9,86734
2026-03-23 12:15:00,1399.2,1399.9,1397.0,1399.6,244230
2026-03-23 12:20:00,1399.5,1399.6,1396.3,1396.3,251230
2026-03-23 12:25:00,1397.1,1398.8,1396.4,1398.4,159975
2026-03-23 12:30:00,1398.4,1399.5,1397.0,1399.4,134299
2026-03-23 12:35:00,1399.5,1401.0,1399.0,1399.1,132176
2026-03-23 12:40:00,1399.0,1401.0,1398.4,1400.5,148556
2026-03-23 12:45:00,1400.5,1401.4,1399.5,1400.1,248947
2026-03-23 12:50:00,1400.1,1400.4,1399.1,1400.0,120571
2026-03-23 12:55:00,1399.9,1400.5,1398.4,1399.7,200899
2026-03-23 13:00:00,1399.7,1400.0,1398.4,1399.0,198832
2026-03-23 13:05:00,1399.0,1400.2,1398.1,1399.2,197569
2026-03-23 13:10:00,1399.2,1400.5,1399.0,1400.4,208803
2026-03-23 13:15:00,1400.4,1401.9,1400.4,1400.9,104681
2026-03-23 13:20:00,1400.6,1401.5,1399.4,1399.8,129115
2026-03-23 13:25:00,1399.8,1401.0,1399.0,1399.3,185894
2026-03-23 13:30:00,1399.5,1401.5,1399.4,1400.9,150522
2026-03-23 13:35:00,1400.7,1401.5,1400.0,1400.5,123326
2026-03-23 13:40:00,1400.7,1403.0,1399.7,1401.7,178173
2026-03-23 13:45:00,1401.7,1405.8,1401.3,1405.7,275486
2026-03-23 13:50:00,1405.7,1408.2,1405.5,1407.2,316805
2026-03-23 13:55:00,1407.5,1408.6,1406.3,1407.3,289401
2026-03-23 14:00:00,1407.6,1411.9,1406.4,1409.3,397460
2026-03-23 14:05:00,1409.2,1412.0,1407.5,1409.7,399396
2026-03-23 14:10:00,1409.2,1411.1,1408.0,1409.2,241328
2026-03-23 14:15:00,1409.4,1412.0,1408.6,1410.7,318234
2026-03-23 14:20:00,1410.8,1411.5,1409.0,1409.1,235776
2026-03-23 14:25:00,1409.1,1410.3,1406.5,1409.9,379329
2026-03-23 14:30:00,1409.7,1410.0,1403.6,1405.5,463979
2026-03-23 14:35:00,1405.1,1410.1,1404.6,1409.5,455753
2026-03-23 14:40:00,1409.5,1410.4,1406.4,1410.0,745250
2026-03-23 14:45:00,1410.0,1413.1,1409.3,1413.1,596232
2026-03-23 14:50:00,1412.8,1415.5,1412.2,1413.6,865849
2026-03-23 14:55:00,1413.1,1415.4,1411.9,1415.1,478443
2026-03-23 15:00:00,1415.0,1415.0,1405.0,1405.0,678542
2026-03-23 15:05:00,1405.3,1408.9,1405.3,1408.1,436380
2026-03-23 15:10:00,1408.0,1409.8,1407.3,1407.3,409370
2026-03-23 15:15:00,1407.2,1408.4,1405.6,1406.2,397295
2026-03-23 15:20:00,1406.3,1407.0,1405.1,1407.0,374001
2026-03-23 15:25:00,1406.9,1407.8,1402.7,1407.8,276034
2026-03-24 09:15:00,1418.9,1422.0,1412.0,1413.1,0
2026-03-24 09:20:00,1413.4,1416.0,1410.7,1415.3,242492
2026-03-24 09:25:00,1415.9,1417.5,1414.0,1416.0,164681
2026-03-24 09:30:00,1416.2,1417.0,1412.7,1412.8,129510
2026-03-24 09:35:00,1412.8,1413.1,1409.9,1410.4,152093
2026-03-24 09:40:00,1410.4,1413.1,1410.0,1411.7,245046
2026-03-24 09:45:00,1412.0,1412.0,1408.5,1408.9,138574
2026-03-24 09:50:00,1409.1,1411.4,1408.8,1411.4,71597
2026-03-24 09:55:00,1411.4,1415.4,1411.1,1415.0,211047
2026-03-24 10:00:00,1415.0,1415.2,1412.7,1413.2,178990
2026-03-24 10:05:00,1412.8,1414.9,1412.6,1413.6,152839
2026-03-24 10:10:00,1413.6,1414.3,1412.9,1413.8,111520
2026-03-24 10:15:00,1413.8,1415.9,1413.1,1414.7,117222
2026-03-24 10:20:00,1414.2,1415.7,1412.3,1415.5,89620
2026-03-24 10:25:00,1415.5,1415.8,1412.9,1414.4,123775
2026-03-24 10:30:00,1414.4,1414.7,1410.1,1410.5,133275
2026-03-24 10:35:00,1410.8,1410.8,1406.7,1409.0,167714
2026-03-24 10:40:00,1409.1,1413.4,1409.0,1412.0,154169
2026-03-24 10:45:00,1412.0,1415.9,1411.5,1413.5,168775
2026-03-24 10:50:00,1413.5,1415.0,1411.4,1412.4,137645
2026-03-24 10:55:00,1412.7,1412.9,1410.5,1412.1,156173
2026-03-24 11:00:00,1411.8,1414.1,1411.8,1413.5,151632
2026-03-24 11:05:00,1413.5,1414.6,1412.6,1412.9,105921
2026-03-24 11:10:00,1412.8,1414.2,1412.1,1413.7,100856
2026-03-24 11:15:00,1413.8,1415.0,1413.0,1414.3,109485
2026-03-24 11:20:00,1414.3,1414.9,1411.8,1412.3,94577
2026-03-24 11:25:00,1412.7,1413.0,1411.6,1412.8,68824
2026-03-24 11:30:00,1412.8,1413.7,1411.8,1413.7,57867
2026-03-24 11:35:00,1414.0,1414.0,1412.5,1413.1,76477
2026-03-24 11:40:00,1413.2,1414.0,1412.2,1412.2,74023
2026-03-24 11:45:00,1412.4,1412.8,1410.4,1411.3,65709
2026-03-24 11:50:00,1411.4,1413.4,1410.4,1412.9,121644
2026-03-24 11:55:00,1412.9,1414.2,1412.7,1412.9,69975
2026-03-24 12:00:00,1413.0,1413.6,1413.0,1413.2,71667
2026-03-24 12:05:00,1413.3,1413.3,1411.2,1411.6,90578
2026-03-24 12:10:00,1411.8,1412.6,1411.3,1411.5,62929
2026-03-24 12:15:00,1411.4,1411.6,1409.3,1409.9,164201
2026-03-24 12:20:00,1409.9,1416.5,1409.2,1416.5,340358
2026-03-24 12:25:00,1416.2,1420.1,1412.4,1413.3,307418
2026-03-24 12:30:00,1413.1,1417.0,1413.1,1416.8,664183
2026-03-24 12:35:00,1416.9,1419.0,1416.6,1418.5,165899
2026-03-24 12:40:00,1418.3,1419.9,1415.2,1415.2,204172
2026-03-24 12:45:00,1415.4,1418.0,1414.8,1417.8,360882
2026-03-24 12:50:00,1417.8,1418.5,1416.4,1416.7,348369
2026-03-24 12:55:00,1417.1,1417.5,1415.7,1416.1,303996
2026-03-24 13:00:00,1416.1,1416.2,1413.7,1415.3,151861
2026-03-24 13:05:00,1415.3,1415.3,1412.6,1413.2,136311
2026-03-24 13:10:00,1413.2,1416.4,1413.0,1416.3,102077
2026-03-24 13:15:00,1416.3,1416.7,1414.0,1414.8,86733
2026-03-24 13:20:00,1414.8,1416.1,1414.0,1414.6,124727
2026-03-24 13:25:00,1414.4,1416.3,1414.2,1416.1,91351
2026-03-24 13:30:00,1416.0,1416.5,1414.0,1415.1,154495
2026-03-24 13:35:00,1415.3,1416.4,1414.8,1415.4,103608
2026-03-24 13:40:00,1414.8,1416.2,1414.6,1415.0,73219
2026-03-24 13:45:00,1415.2,1415.6,1412.0,1412.2,127574
2026-03-24 13:50:00,1412.0,1414.1,1411.4,1412.1,100311
2026-03-24 13:55:00,1412.1,1413.2,1411.7,1412.6,77290
2026-03-24 14:00:00,1412.5,1413.4,1411.5,1412.2,93791
2026-03-24 14:05:00,1412.5,1413.3,1411.4,1412.2,88899
2026-03-24 14:10:00,1412.2,1414.1,1411.5,1412.7,87129
2026-03-24 14:15:00,1412.8,1416.0,1412.4,1413.3,141853
2026-03-24 14:20:00,1413.5,1414.5,1409.4,1411.0,143408
2026-03-24 14:25:00,1411.3,1411.9,1409.3,1410.3,101263
2026-03-24 14:30:00,1410.3,1412.2,1409.5,1411.5,74081
2026-03-24 14:35:00,1411.6,1413.0,1407.6,1408.2,230587
2026-03-24 14:40:00,1408.0,1411.6,1407.0,1409.1,125826
2026-03-24 14:45:00,1409.0,1411.8,1409.0,1410.3,216440
2026-03-24 14:50:00,1410.5,1411.0,1408.5,1410.4,166220
2026-03-24 14:55:00,1410.2,1412.0,1410.1,1411.4,155849
2026-03-24 15:00:00,1411.1,1413.1,1409.6,1410.8,1922592
2026-03-24 15:05:00,1410.5,1413.7,1408.1,1413.5,1660550
2026-03-24 15:10:00,1413.6,1413.8,1410.8,1411.6,883066
2026-03-24 15:15:00,1411.5,1414.5,1408.2,1412.6,1479146
2026-03-24 15:20:00,1413.0,1414.6,1410.2,1413.6,892132
2026-03-24 15:25:00,1413.6,1414.5,1412.1,1414.0,422127
2026-03-25 09:15:00,1419.4,1420.8,1416.0,1416.6,0
2026-03-25 09:20:00,1416.4,1418.8,1416.0,1418.7,192719
2026-03-25 09:25:00,1418.4,1418.5,1414.1,1416.9,262955
2026-03-25 09:30:00,1416.8,1417.4,1415.3,1416.4,124828
2026-03-25 09:35:00,1416.4,1417.9,1415.9,1416.7,122191
2026-03-25 09:40:00,1416.9,1420.4,1416.4,1419.8,175078
2026-03-25 09:45:00,1420.0,1421.4,1419.0,1419.0,157726
2026-03-25 09:50:00,1419.2,1419.4,1417.0,1418.1,147902
2026-03-25 09:55:00,1417.9,1419.4,1417.1,1418.7,261605
2026-03-25 10:00:00,1418.3,1419.6,1417.8,1417.8,242136
2026-03-25 10:05:00,1417.9,1419.2,1416.0,1419.1,206418
2026-03-25 10:10:00,1419.1,1420.8,1419.0,1419.9,346991
2026-03-25 10:15:00,1419.8,1420.5,1419.3,1420.0,109760
2026-03-25 10:20:00,1420.2,1421.2,1419.5,1420.0,123679
2026-03-25 10:25:00,1419.8,1421.0,1419.2,1420.3,119889
2026-03-25 10:30:00,1420.3,1420.8,1419.0,1419.8,158521
2026-03-25 10:35:00,1419.8,1424.2,1419.8,1423.9,194532
2026-03-25 10:40:00,1424.4,1426.9,1424.2,1425.8,224683
2026-03-25 10:45:00,1425.7,1426.1,1425.0,1425.2,276986
2026-03-25 10:50:00,1425.3,1425.6,1424.1,1424.9,254176
2026-03-25 10:55:00,1424.6,1425.6,1424.1,1425.4,156915
2026-03-25 11:00:00,1425.1,1427.6,1424.5,1427.6,376501
2026-03-25 11:05:00,1427.5,1429.5,1426.5,1428.3,424003
2026-03-25 11:10:00,1428.4,1428.9,1426.5,1427.4,317288
2026-03-25 11:15:00,1427.4,1429.0,1426.8,1428.8,130863
2026-03-25 11:20:00,1428.9,1430.4,1428.6,1428.7,260862
2026-03-25 11:25:00,1428.7,1429.1,1426.7,1427.0,90430
2026-03-25 11:30:00,1427.1,1428.0,1425.0,1426.8,171939
2026-03-25 11:35:00,1426.8,1427.1,1423.5,1424.2,123028
2026-03-25 11:40:00,1424.2,1425.3,1423.6,1423.7,178073
2026-03-25 11:45:00,1423.7,1424.9,1423.3,1424.6,159337
2026-03-25 11:50:00,1424.8,1426.8,1424.3,1425.8,174808
2026-03-25 11:55:00,1426.1,1426.2,1422.6,1424.6,218558
2026-03-25 12:00:00,1424.4,1424.8,1423.1,1424.0,79548
2026-03-25 12:05:00,1423.8,1424.5,1423.4,1424.1,74131
2026-03-25 12:10:00,1424.0,1424.8,1423.4,1424.7,172017
2026-03-25 12:15:00,1424.6,1427.9,1424.4,1427.5,149838
2026-03-25 12:20:00,1427.5,1427.8,1426.5,1426.5,114018
2026-03-25 12:25:00,1426.8,1427.0,1424.7,1426.1,186124
2026-03-25 12:30:00,1426.1,1426.4,1424.0,1424.2,96246
2026-03-25 12:35:00,1424.2,1425.8,1423.8,1425.4,75764
2026-03-25 12:40:00,1425.0,1426.5,1424.6,1426.1,142637
2026-03-25 12:45:00,1426.1,1426.7,1425.0,1425.8,129165
2026-03-25 12:50:00,1425.8,1426.0,1423.1,1423.1,124503
2026-03-25 12:55:00,1423.1,1423.8,1422.0,1423.6,145188
2026-03-25 13:00:00,1423.4,1424.7,1423.0,1424.3,125374
2026-03-25 13:05:00,1424.3,1424.8,1423.3,1424.3,88728
2026-03-25 13:10:00,1424.2,1424.8,1423.0,1423.2,94333
2026-03-25 13:15:00,1423.1,1424.8,1422.2,1422.5,99818
2026-03-25 13:20:00,1422.1,1423.6,1422.0,1423.2,127806
2026-03-25 13:25:00,1423.2,1423.8,1422.1,1422.6,113146
2026-03-25 13:30:00,1422.6,1424.3,1422.1,1423.5,128135
2026-03-25 13:35:00,1423.1,1424.2,1422.8,1424.1,104343
2026-03-25 13:40:00,1424.1,1424.1,1422.3,1423.0,130090
2026-03-25 13:45:00,1423.0,1424.2,1423.0,1424.1,97658
2026-03-25 13:50:00,1424.1,1425.0,1422.2,1422.7,186250
2026-03-25 13:55:00,1423.1,1423.4,1422.3,1422.8,70389
2026-03-25 14:00:00,1422.7,1424.3,1422.1,1423.1,179577
2026-03-25 14:05:00,1423.3,1423.9,1420.4,1421.3,124635
2026-03-25 14:10:00,1421.3,1422.7,1419.4,1419.8,163411
2026-03-25 14:15:00,1420.0,1421.4,1419.8,1420.7,58015
2026-03-25 14:20:00,1420.2,1421.1,1418.2,1418.6,155211
2026-03-25 14:25:00,1418.2,1419.5,1418.2,1418.6,120761
2026-03-25 14:30:00,1418.3,1419.5,1416.9,1418.7,99407
2026-03-25 14:35:00,1418.8,1419.1,1417.0,1417.1,91376
2026-03-25 14:40:00,1417.1,1418.5,1417.0,1417.5,101160
2026-03-25 14:45:00,1417.5,1418.1,1416.1,1417.0,146069
2026-03-25 14:50:00,1416.9,1417.6,1414.6,1415.5,223012
2026-03-25 14:55:00,1415.4,1415.6,1414.0,1415.3,188718
2026-03-25 15:00:00,1414.6,1417.8,1408.7,1414.3,2589680
2026-03-25 15:05:00,1414.2,1415.3,1412.0,1413.9,1510633
2026-03-25 15:10:00,1413.9,1416.2,1410.2,1412.0,2015593
2026-03-25 15:15:00,1412.0,1413.2,1410.1,1410.7,536551
2026-03-25 15:20:00,1410.1,1412.1,1410.0,1411.9,602356
2026-03-25 15:25:00,1412.1,1413.9,1411.6,1413.8,256973
2026-03-27 09:15:00,1401.0,1401.0,1390.2,1393.1,0
2026-03-27 09:20:00,1393.4,1395.5,1390.5,1390.8,218008
2026-03-27 09:25:00,1390.7,1391.5,1385.4,1386.4,446882
2026-03-27 09:30:00,1386.0,1386.4,1379.0,1379.3,625831
2026-03-27 09:35:00,1379.0,1379.8,1376.0,1378.9,459408
2026-03-27 09:40:00,1379.0,1381.8,1378.2,1381.8,230680
2026-03-27 09:45:00,1381.8,1381.8,1379.6,1380.2,168933
2026-03-27 09:50:00,1380.5,1380.5,1377.6,1378.5,215052
2026-03-27 09:55:00,1378.5,1378.5,1374.2,1375.8,295426
2026-03-27 10:00:00,1375.6,1378.9,1375.4,1378.7,112027
2026-03-27 10:05:00,1378.7,1378.7,1376.6,1377.0,129786
2026-03-27 10:10:00,1377.1,1377.1,1374.8,1375.2,88851
2026-03-27 10:15:00,1375.2,1376.2,1375.0,1375.1,108877
2026-03-27 10:20:00,1375.3,1376.8,1373.4,1376.1,169494
2026-03-27 10:25:00,1376.1,1376.7,1374.8,1375.9,94052
2026-03-27 10:30:00,1375.3,1378.5,1375.3,1376.0,187376
2026-03-27 10:35:00,1376.0,1376.1,1373.3,1376.1,168658
2026-03-27 10:40:00,1376.1,1376.1,1372.7,1373.5,200123
2026-03-27 10:45:00,1373.5,1373.9,1373.0,1373.4,71503
2026-03-27 10:50:00,1373.4,1373.6,1370.3,1370.3,163470
2026-03-27 10:55:00,1370.3,1372.4,1370.3,1372.2,178863
2026-03-27 11:00:00,1372.2,1373.4,1371.0,1371.8,153071
2026-03-27 11:05:00,1371.8,1371.8,1368.6,1370.7,259243
2026-03-27 11:10:00,1371.0,1372.0,1369.6,1370.9,171698
2026-03-27 11:15:00,1371.0,1371.1,1366.2,1366.9,230763
2026-03-27 11:20:00,1367.4,1367.4,1365.0,1366.5,361682
2026-03-27 11:25:00,1366.5,1366.9,1363.0,1364.3,203393
2026-03-27 11:30:00,1364.3,1367.2,1363.7,1366.4,235937
2026-03-27 11:35:00,1366.1,1366.4,1362.3,1364.7,235752
2026-03-27 11:40:00,1364.7,1365.8,1363.0,1365.2,158683
2026-03-27 11:45:00,1365.0,1366.0,1363.2,1364.0,148576
2026-03-27 11:50:00,1364.0,1364.7,1359.1,1360.0,296952
2026-03-27 11:55:00,1360.1,1360.2,1357.1,1358.0,249149
2026-03-27 12:00:00,1357.7,1359.8,1354.1,1358.5,289378
2026-03-27 12:05:00,1358.2,1358.2,1355.2,1356.8,196586
2026-03-27 12:10:00,1356.5,1358.4,1355.5,1357.5,184144
2026-03-27 12:15:00,1357.4,1357.5,1355.2,1355.7,153368
2026-03-27 12:20:00,1355.7,1358.9,1355.1,1357.2,133580
2026-03-27 12:25:00,1357.5,1358.2,1355.2,1357.0,288061
2026-03-27 12:30:00,1357.2,1357.5,1353.3,1355.7,402184
2026-03-27 12:35:00,1355.4,1359.3,1355.4,1358.7,293417
2026-03-27 12:40:00,1358.7,1358.7,1355.1,1357.5,258543
2026-03-27 12:45:00,1357.4,1357.6,1354.3,1355.5,231897
2026-03-27 12:50:00,1355.9,1356.2,1354.0,1354.6,180507
2026-03-27 12:55:00,1354.8,1354.9,1352.2,1353.0,215200
2026-03-27 13:00:00,1352.9,1353.4,1351.2,1351.5,181475
2026-03-27 13:05:00,1351.7,1351.7,1350.5,1350.9,169163
2026-03-27 13:10:00,1351.0,1352.0,1350.1,1351.6,186575
2026-03-27 13:15:00,1351.5,1357.1,1351.5,1355.8,234364
2026-03-27 13:20:00,1355.6,1355.9,1352.9,1355.3,214919
2026-03-27 13:25:00,1355.2,1357.8,1353.5,1353.5,217355
2026-03-27 13:30:00,1353.7,1354.2,1352.2,1353.0,149339
2026-03-27 13:35:00,1353.2,1353.6,1351.0,1351.5,202387
2026-03-27 13:40:00,1351.7,1355.4,1351.5,1353.8,163223
2026-03-27 13:45:00,1353.9,1356.2,1353.0,1354.1,390777
2026-03-27 13:50:00,1354.0,1355.7,1354.0,1354.4,125743
2026-03-27 13:55:00,1354.5,1355.2,1351.2,1352.6,253890
2026-03-27 14:00:00,1352.3,1354.0,1351.7,1353.1,262401
2026-03-27 14:05:00,1353.2,1354.3,1351.6,1353.1,279043
2026-03-27 14:10:00,1353.2,1354.3,1351.6,1354.1,229278
2026-03-27 14:15:00,1354.1,1354.5,1352.4,1353.0,312109
2026-03-27 14:20:00,1352.8,1353.5,1350.5,1351.3,363521
2026-03-27 14:25:00,1351.1,1352.8,1350.1,1350.4,471684
2026-03-27 14:30:00,1350.3,1350.7,1346.9,1347.9,542351
2026-03-27 14:35:00,1347.9,1348.6,1345.0,1345.8,315243
2026-03-27 14:40:00,1346.0,1349.4,1345.3,1348.6,385520
2026-03-27 14:45:00,1348.6,1349.9,1348.2,1348.5,310567
2026-03-27 14:50:00,1348.4,1351.7,1348.0,1350.4,343049
2026-03-27 14:55:00,1350.4,1351.3,1348.6,1349.6,364537
2026-03-27 15:00:00,1349.4,1351.4,1348.5,1350.7,1047856
2026-03-27 15:05:00,1350.8,1350.9,1348.0,1348.8,950507
2026-03-27 15:10:00,1348.9,1349.3,1346.8,1346.8,1004631
2026-03-27 15:15:00,1347.0,1348.3,1345.1,1348.1,1009174
2026-03-27 15:20:00,1348.0,1348.0,1346.6,1348.0,888550
2026-03-27 15:25:00,1348.0,1348.0,1345.9,1348.0,852497
2026-03-30 09:15:00,1335.9,1354.9,1335.5,1352.9,0
2026-03-30 09:20:00,1353.1,1357.0,1351.2,1354.3,401183
2026-03-30 09:25:00,1354.3,1358.8,1352.8,1356.9,353946
2026-03-30 09:30:00,1357.4,1359.8,1355.9,1359.7,180169
2026-03-30 09:35:00,1359.7,1364.5,1358.6,1362.8,270551
2026-03-30 09:40:00,1362.9,1365.0,1357.0,1358.1,314472
2026-03-30 09:45:00,1358.1,1360.8,1356.4,1359.1,178285
2026-03-30 09:50:00,1359.0,1362.3,1358.0,1360.5,133342
2026-03-30 09:55:00,1360.5,1361.2,1359.2,1359.9,119016
2026-03-30 10:00:00,1359.9,1361.5,1359.0,1360.2,127946
2026-03-30 10:05:00,1360.2,1361.0,1358.0,1358.3,153016
2026-03-30 10:10:00,1358.2,1358.5,1353.6,1358.0,229531
2026-03-30 10:15:00,1357.8,1359.0,1355.5,1356.7,103656
2026-03-30 10:20:00,1356.7,1356.8,1352.5,1352.8,190210
2026-03-30 10:25:00,1353.1,1354.5,1352.1,1352.1,114605
2026-03-30 10:30:00,1352.3,1352.9,1352.0,1352.3,90804
2026-03-30 10:35:00,1352.4,1354.6,1349.6,1350.0,763226
2026-03-30 10:40:00,1350.1,1352.0,1348.7,1351.6,331538
2026-03-30 10:45:00,1351.7,1353.9,1350.8,1351.5,297798
2026-03-30 10:50:00,1351.5,1353.6,1349.0,1350.5,732091
2026-03-30 10:55:00,1350.5,1350.6,1344.3,1348.1,670920
2026-03-30 11:00:00,1348.0,1349.8,1347.3,1347.6,276109
2026-03-30 11:05:00,1347.5,1349.2,1345.9,1346.1,310166
2026-03-30 11:10:00,1345.3,1347.2,1340.5,1343.5,299203
2026-03-30 11:15:00,1344.4,1344.4,1341.0,1342.0,157004
2026-03-30 11:20:00,1342.0,1344.9,1339.6,1344.8,313650
2026-03-30 11:25:00,1344.8,1345.8,1342.1,1343.9,223767
2026-03-30 11:30:00,1343.9,1345.8,1342.7,1345.0,246688
2026-03-30 11:35:00,1345.0,1349.9,1345.0,1348.2,274344
2026-03-30 11:40:00,1347.9,1347.9,1342.7,1342.7,361951
2026-03-30 11:45:00,1343.3,1343.3,1339.4,1339.7,216653
2026-03-30 11:50:00,1339.0,1342.3,1338.3,1341.8,139981
2026-03-30 11:55:00,1341.5,1342.5,1340.4,1341.6,81111
2026-03-30 12:00:00,1341.6,1348.9,1340.9,1348.6,268985
2026-03-30 12:05:00,1348.5,1351.3,1348.1,1349.8,323425
2026-03-30 12:10:00,1349.8,1349.9,1348.1,1348.8,63244
2026-03-30 12:15:00,1348.7,1349.8,1345.7,1346.2,134609
2026-03-30 12:20:00,1346.3,1350.5,1346.0,1346.1,143630
2026-03-30 12:25:00,1346.1,1346.2,1343.4,1345.0,241384
2026-03-30 12:30:00,1345.1,1347.1,1344.1,1346.5,80414
2026-03-30 12:35:00,1346.5,1352.0,1346.1,1351.8,283171
2026-03-30 12:40:00,1351.7,1353.5,1350.6,1350.8,129662
2026-03-30 12:45:00,1350.8,1351.9,1350.0,1350.0,94210
2026-03-30 12:50:00,1350.3,1350.8,1347.3,1348.3,176572
2026-03-30 12:55:00,1348.3,1350.4,1347.6,1350.4,194798
2026-03-30 13:00:00,1350.3,1351.5,1348.1,1348.7,133423
2026-03-30 13:05:00,1348.6,1349.3,1346.8,1348.0,189395
2026-03-30 13:10:00,1347.8,1348.9,1346.3,1348.8,174867
2026-03-30 13:15:00,1348.9,1350.0,1347.0,1348.0,220524
2026-03-30 13:20:00,1348.0,1349.3,1347.3,1347.3,140768
2026-03-30 13:25:00,1347.7,1348.6,1345.8,1345.8,147814
2026-03-30 13:30:00,1345.8,1346.2,1344.5,1345.9,140706
2026-03-30 13:35:00,1345.9,1347.3,1345.0,1346.5,80672
2026-03-30 13:40:00,1346.7,1347.5,1344.4,1345.2,150042
2026-03-30 13:45:00,1345.6,1346.2,1345.0,1345.1,97188
2026-03-30 13:50:00,1345.1,1345.7,1343.5,1344.3,92098
2026-03-30 13:55:00,1344.4,1345.9,1343.9,1345.2,236210
2026-03-30 14:00:00,1345.0,1349.6,1344.3,1348.4,238052
2026-03-30 14:05:00,1348.3,1349.5,1347.6,1348.1,170857
2026-03-30 14:10:00,1347.9,1348.0,1345.3,1345.4,147329
2026-03-30 14:15:00,1345.4,1346.6,1345.3,1346.2,170536
2026-03-30 14:20:00,1346.1,1348.0,1344.5,1345.1,192937
2026-03-30 14:25:00,1345.0,1345.0,1343.2,1344.4,247303
2026-03-30 14:30:00,1344.4,1348.9,1344.4,1346.4,284337
2026-03-30 14:35:00,1346.3,1349.0,1345.5,1345.7,226891
2026-03-30 14:40:00,1345.9,1346.9,1345.3,1346.0,209051
2026-03-30 14:45:00,1346.0,1346.9,1343.6,1345.7,405883
2026-03-30 14:50:00,1345.7,1346.7,1344.6,1345.5,367604
2026-03-30 14:55:00,1345.5,1346.1,1344.6,1345.8,240284
2026-03-30 15:00:00,1344.5,1347.6,1339.9,1344.3,3108866
2026-03-30 15:05:00,1344.4,1345.8,1341.8,1341.9,698869
2026-03-30 15:10:00,1342.0,1342.8,1339.8,1341.5,1485244
2026-03-30 15:15:00,1341.5,1342.8,1340.2,1342.7,799525
2026-03-30 15:20:00,1342.6,1347.7,1341.5,1347.0,770684
2026-03-30 15:25:00,1346.8,1355.0,1345.0,1350.0,745461
2026-04-01 09:15:00,1376.3,1377.4,1365.0,1369.9,0
2026-04-01 09:20:00,1369.6,1372.0,1368.2,1369.7,250120
2026-04-01 09:25:00,1369.7,1373.3,1368.0,1372.0,214881
2026-04-01 09:30:00,1372.0,1372.6,1369.5,1371.0,184147
2026-04-01 09:35:00,1370.0,1370.4,1369.0,1369.4,148764
2026-04-01 09:40:00,1369.5,1371.9,1369.5,1371.0,97072
2026-04-01 09:45:00,1370.8,1371.5,1370.7,1371.0,78335
2026-04-01 09:50:00,1371.3,1374.4,1371.2,1372.5,200227
2026-04-01 09:55:00,1372.5,1373.5,1370.1,1373.5,105366
2026-04-01 10:00:00,1373.5,1378.7,1373.5,1376.5,201461
2026-04-01 10:05:00,1376.8,1377.9,1376.2,1377.0,77115
2026-04-01 10:10:00,1377.1,1377.4,1374.0,1375.0,90958
2026-04-01 10:15:00,1375.0,1375.8,1374.0,1375.2,66959
2026-04-01 10:20:00,1375.4,1376.0,1371.7,1375.1,148309
2026-04-01 10:25:00,1375.1,1375.1,1370.5,1370.5,111504
2026-04-01 10:30:00,1371.1,1372.0,1370.1,1371.2,125853
2026-04-01 10:35:00,1371.3,1373.9,1371.3,1373.4,67258
2026-04-01 10:40:00,1373.7,1373.7,1370.3,1371.2,149082
2026-04-01 10:45:00,1371.1,1372.9,1369.6,1371.0,158061
2026-04-01 10:50:00,1370.8,1372.7,1370.7,1371.9,275723
2026-04-01 10:55:00,1372.3,1373.0,1371.0,1371.0,165455
2026-04-01 11:00:00,1371.0,1371.5,1369.5,1370.8,139300
2026-04-01 11:05:00,1371.1,1374.4,1370.0,1373.9,128598
2026-04-01 11:10:00,1374.0,1374.9,1372.2,1372.2,140123
2026-04-01 11:15:00,1372.2,1373.7,1370.9,1373.7,146816
2026-04-01 11:20:00,1373.2,1374.8,1373.2,1374.8,71169
2026-04-01 11:25:00,1374.7,1376.5,1374.7,1375.0,144891
2026-04-01 11:30:00,1374.9,1375.3,1373.4,1373.7,140781
2026-04-01 11:35:00,1373.7,1376.5,1372.2,1376.4,181246
2026-04-01 11:40:00,1376.4,1377.6,1376.1,1376.7,129460
2026-04-01 11:45:00,1376.7,1377.8,1374.2,1374.8,156292
2026-04-01 11:50:00,1374.9,1375.5,1372.1,1372.7,154347
2026-04-01 11:55:00,1372.7,1375.3,1370.9,1373.9,216719
2026-04-01 12:00:00,1373.8,1378.0,1373.8,1377.3,107923
2026-04-01 12:05:00,1377.2,1379.0,1376.4,1377.6,170801
2026-04-01 12:10:00,1377.4,1378.3,1376.2,1377.9,121158
2026-04-01 12:15:00,1377.9,1378.9,1375.4,1375.9,208724
2026-04-01 12:20:00,1375.9,1377.2,1375.5,1376.6,105612
2026-04-01 12:25:00,1376.7,1376.8,1373.8,1374.9,74215
2026-04-01 12:30:00,1374.9,1375.7,1373.1,1374.3,86095
2026-04-01 12:35:00,1374.2,1374.8,1372.0,1374.6,110370
2026-04-01 12:40:00,1374.8,1376.9,1373.0,1373.1,248288
2026-04-01 12:45:00,1373.1,1375.8,1372.9,1375.1,101058
2026-04-01 12:50:00,1375.0,1375.0,1373.7,1374.7,55427
2026-04-01 12:55:00,1375.0,1375.2,1373.1,1374.1,114741
2026-04-01 13:00:00,1374.1,1375.5,1373.7,1375.3,116165
2026-04-01 13:05:00,1375.2,1376.0,1373.8,1375.4,79294
2026-04-01 13:10:00,1375.4,1376.7,1373.8,1376.5,168780
2026-04-01 13:15:00,1376.3,1376.7,1373.2,1373.9,146611
2026-04-01 13:20:00,1373.9,1374.4,1372.6,1373.0,66184
2026-04-01 13:25:00,1373.0,1373.3,1371.9,1372.9,162006
2026-04-01 13:30:00,1373.1,1373.2,1369.4,1370.5,144164
2026-04-01 13:35:00,1370.5,1371.0,1370.2,1370.3,76639
2026-04-01 13:40:00,1369.8,1369.8,1363.3,1364.9,268122
2026-04-01 13:45:00,1365.0,1368.2,1364.2,1365.9,204076
2026-04-01 13:50:00,1365.8,1366.2,1362.9,1364.7,283914
2026-04-01 13:55:00,1364.9,1365.9,1364.6,1365.9,81848
2026-04-01 14:00:00,1365.9,1367.4,1365.1,1366.5,76530
2026-04-01 14:05:00,1366.6,1367.8,1366.2,1367.7,59203
2026-04-01 14:10:00,1367.7,1369.0,1366.0,1368.6,191389
2026-04-01 14:15:00,1368.6,1369.0,1367.3,1369.0,60294
2026-04-01 14:20:00,1368.9,1369.6,1368.0,1369.3,64009
2026-04-01 14:25:00,1369.3,1369.6,1368.4,1368.8,50574
2026-04-01 14:30:00,1368.8,1369.2,1368.7,1368.9,64634
2026-04-01 14:35:00,1368.8,1368.9,1366.7,1366.7,92166
2026-04-01 14:40:00,1366.8,1368.8,1366.0,1368.0,119130
2026-04-01 14:45:00,1368.1,1368.1,1365.5,1367.4,123002
2026-04-01 14:50:00,1367.3,1368.5,1364.9,1367.0,291142
2026-04-01 14:55:00,1366.9,1367.7,1364.2,1364.2,504140
2026-04-01 15:00:00,1364.6,1369.3,1364.6,1368.3,580244
2026-04-01 15:05:00,1368.4,1369.2,1367.2,1369.0,391831
2026-04-01 15:10:00,1369.1,1371.2,1369.0,1369.6,758979
2026-04-01 15:15:00,1369.9,1370.7,1368.6,1370.7,353016
2026-04-01 15:20:00,1370.7,1371.1,1369.2,1369.3,304975
2026-04-01 15:25:00,1369.3,1370.8,1368.6,1369.9,283465
2026-04-02 09:15:00,1358.0,1358.0,1349.4,1351.2,0
2026-04-02 09:20:00,1351.7,1353.8,1351.0,1351.2,244785
2026-04-02 09:25:00,1351.3,1352.9,1350.0,1350.8,201242
2026-04-02 09:30:00,1350.1,1351.6,1349.1,1351.4,206642
2026-04-02 09:35:00,1351.1,1351.4,1346.9,1347.0,231929
2026-04-02 09:40:00,1346.5,1347.8,1343.3,1343.5,233016
2026-04-02 09:45:00,1343.4,1345.0,1341.1,1341.6,321588
2026-04-02 09:50:00,1341.6,1342.0,1340.0,1340.9,200068
2026-04-02 09:55:00,1341.0,1341.3,1338.1,1338.8,113201
2026-04-02 10:00:00,1338.8,1338.9,1335.6,1335.9,180221
2026-04-02 10:05:00,1336.1,1336.7,1329.4,1329.6,328066
2026-04-02 10:10:00,1329.6,1334.5,1328.6,1333.8,153577
2026-04-02 10:15:00,1333.8,1333.8,1329.7,1332.0,241884
2026-04-02 10:20:00,1332.0,1332.9,1328.4,1328.8,118099
2026-04-02 10:25:00,1328.8,1332.4,1328.1,1332.3,110610
2026-04-02 10:30:00,1331.9,1334.0,1331.1,1331.5,102935
2026-04-02 10:35:00,1331.5,1332.4,1331.0,1331.9,51387
2026-04-02 10:40:00,1332.1,1334.0,1331.6,1333.0,90427
2026-04-02 10:45:00,1332.5,1334.4,1332.1,1333.8,119958
2026-04-02 10:50:00,1333.9,1338.8,1333.5,1337.0,169670
2026-04-02 10:55:00,1337.0,1340.8,1336.5,1340.7,260930
2026-04-02 11:00:00,1340.7,1341.7,1338.5,1339.0,153584
2026-04-02 11:05:00,1339.1,1341.0,1338.6,1340.1,229558
2026-04-02 11:10:00,1340.1,1340.9,1338.5,1340.7,177854
2026-04-02 11:15:00,1340.4,1341.0,1336.8,1338.4,175648
2026-04-02 11:20:00,1338.0,1340.0,1337.7,1339.0,99695
2026-04-02 11:25:00,1338.7,1339.5,1338.1,1338.2,42289
2026-04-02 11:30:00,1338.3,1341.2,1338.3,1339.6,165362
2026-04-02 11:35:00,1339.8,1341.5,1339.2,1341.4,104985
2026-04-02 11:40:00,1341.3,1341.5,1338.1,1338.3,120233
2026-04-02 11:45:00,1338.3,1340.4,1338.1,1339.1,68391
2026-04-02 11:50:00,1339.1,1341.0,1338.8,1339.1,120295
2026-04-02 11:55:00,1339.1,1342.8,1338.5,1341.2,158071
2026-04-02 12:00:00,1340.7,1344.9,1340.7,1343.6,195447
2026-04-02 12:05:00,1343.6,1345.7,1342.4,1344.3,151063
2026-04-02 12:10:00,1344.3,1345.8,1343.1,1343.7,70234
2026-04-02 12:15:00,1343.7,1344.3,1341.9,1343.3,169686
2026-04-02 12:20:00,1342.8,1343.3,1341.1,1342.7,82033
2026-04-02 12:25:00,1342.3,1344.5,1342.2,1344.5,56368
2026-04-02 12:30:00,1344.6,1345.0,1343.2,1344.8,90518
2026-04-02 12:35:00,1344.9,1346.9,1343.7,1345.5,105254
2026-04-02 12:40:00,1345.5,1345.9,1343.7,1344.7,67777
2026-04-02 12:45:00,1345.0,1345.7,1343.0,1343.2,76246
2026-04-02 12:50:00,1343.7,1345.6,1341.9,1342.2,134859
2026-04-02 12:55:00,1342.0,1345.7,1341.0,1341.5,420878
2026-04-02 13:00:00,1341.6,1345.2,1341.5,1342.0,376833
2026-04-02 13:05:00,1342.0,1342.8,1338.7,1342.5,285895
2026-04-02 13:10:00,1342.5,1342.8,1339.6,1341.0,230345
2026-04-02 13:15:00,1341.4,1343.0,1340.6,1341.5,166193
2026-04-02 13:20:00,1341.9,1343.8,1341.2,1343.2,298319
2026-04-02 13:25:00,1343.4,1345.3,1341.3,1344.8,219455
2026-04-02 13:30:00,1344.7,1344.9,1342.5,1343.6,198640
2026-04-02 13:35:00,1343.8,1344.8,1342.0,1344.3,131539
2026-04-02 13:40:00,1344.3,1346.3,1344.1,1345.6,188773
2026-04-02 13:45:00,1345.7,1347.0,1344.4,1346.8,106449
2026-04-02 13:50:00,1346.1,1348.2,1345.1,1346.5,172852
2026-04-02 13:55:00,1346.5,1347.0,1343.0,1345.6,133844
2026-04-02 14:00:00,1345.2,1347.6,1345.0,1347.5,145117
2026-04-02 14:05:00,1347.5,1348.9,1345.5,1348.9,157677
2026-04-02 14:10:00,1348.9,1352.3,1348.5,1352.3,276751
2026-04-02 14:15:00,1352.1,1355.1,1352.0,1354.5,453038
2026-04-02 14:20:00,1354.9,1355.9,1353.1,1355.8,179108
2026-04-02 14:25:00,1356.0,1356.2,1353.4,1354.1,145803
2026-04-02 14:30:00,1354.0,1356.9,1354.0,1355.5,175980
2026-04-02 14:35:00,1356.0,1356.3,1350.0,1350.4,210900
2026-04-02 14:40:00,1350.6,1351.0,1346.6,1347.7,564159
2026-04-02 14:45:00,1348.1,1351.6,1347.3,1349.1,262232
2026-04-02 14:50:00,1349.1,1351.7,1348.8,1350.5,312492
2026-04-02 14:55:00,1350.4,1350.5,1348.4,1349.4,138800
2026-04-02 15:00:00,1349.5,1350.5,1344.1,1347.8,2222701
2026-04-02 15:05:00,1347.9,1351.2,1347.4,1351.1,1510071
2026-04-02 15:10:00,1351.1,1355.2,1351.0,1354.9,872415
2026-04-02 15:15:00,1355.4,1357.4,1351.2,1353.1,1569862
2026-04-02 15:20:00,1353.0,1355.3,1349.2,1349.4,1368925
2026-04-02 15:25:00,1349.4,1351.6,1347.6,1350.9,427598
2026-04-06 09:15:00,1355.0,1355.0,1336.4,1338.7,0
2026-04-06 09:20:00,1339.4,1339.4,1330.5,1331.6,429069
2026-04-06 09:25:00,1331.2,1332.3,1324.2,1325.5,447551
2026-04-06 09:30:00,1325.2,1327.8,1323.1,1326.2,474138
2026-04-06 09:35:00,1326.2,1326.9,1321.2,1322.1,549170
2026-04-06 09:40:00,1322.6,1324.0,1316.3,1317.0,477181
2026-04-06 09:45:00,1316.8,1320.5,1316.1,1318.6,326393
2026-04-06 09:50:00,1318.4,1319.1,1316.5,1318.0,319405
2026-04-06 09:55:00,1318.1,1318.7,1317.0,1318.1,355193
2026-04-06 10:00:00,1318.0,1321.9,1317.0,1321.6,238110
2026-04-06 10:05:00,1321.9,1323.5,1320.2,1321.4,169691
2026-04-06 10:10:00,1321.3,1322.2,1320.0,1321.9,154200
2026-04-06 10:15:00,1321.9,1322.3,1318.0,1318.4,444160
2026-04-06 10:20:00,1318.2,1319.2,1318.0,1318.1,454353
2026-04-06 10:25:00,1318.2,1318.8,1313.1,1314.5,710478
2026-04-06 10:30:00,1314.5,1314.5,1312.0,1312.4,257994
2026-04-06 10:35:00,1312.4,1312.5,1311.0,1311.3,269120
2026-04-06 10:40:00,1311.3,1311.5,1307.5,1308.9,502981
2026-04-06 10:45:00,1309.0,1310.3,1308.2,1309.5,338794
2026-04-06 10:50:00,1309.4,1310.8,1302.0,1302.4,678417
2026-04-06 10:55:00,1302.2,1305.0,1300.5,1302.5,674148
2026-04-06 11:00:00,1302.5,1302.5,1296.3,1296.7,858401
2026-04-06 11:05:00,1296.7,1301.0,1296.7,1298.6,524680
2026-04-06 11:10:00,1298.6,1298.6,1295.2,1298.3,374530
2026-04-06 11:15:00,1298.3,1301.4,1298.0,1301.4,278093
2026-04-06 11:20:00,1301.2,1302.5,1300.0,1300.3,407147
2026-04-06 11:25:00,1300.5,1302.1,1299.0,1301.9,219848
2026-04-06 11:30:00,1301.9,1302.4,1300.0,1300.8,239459
2026-04-06 11:35:00,1300.9,1302.9,1300.0,1300.1,212757
2026-04-06 11:40:00,1300.1,1301.4,1299.1,1300.6,201138
2026-04-06 11:45:00,1300.5,1302.8,1300.0,1300.3,402705
2026-04-06 11:50:00,1300.2,1303.2,1300.0,1302.9,193505
2026-04-06 11:55:00,1302.9,1304.9,1301.7,1302.2,241231
2026-04-06 12:00:00,1302.3,1303.2,1299.9,1300.0,271909
2026-04-06 12:05:00,1300.0,1301.5,1299.1,1299.4,274991
2026-04-06 12:10:00,1299.4,1300.0,1298.4,1298.4,202289
2026-04-06 12:15:00,1298.4,1298.6,1295.1,1295.3,392552
2026-04-06 12:20:00,1295.4,1298.2,1294.8,1295.7,679273
2026-04-06 12:25:00,1295.7,1297.0,1295.5,1295.6,213707
2026-04-06 12:30:00,1295.6,1295.6,1290.1,1290.5,687341
2026-04-06 12:35:00,1290.5,1292.4,1290.0,1291.6,386416
2026-04-06 12:40:00,1291.5,1292.8,1290.1,1292.3,526869
2026-04-06 12:45:00,1292.3,1297.0,1291.6,1297.0,492591
2026-04-06 12:50:00,1297.5,1298.9,1295.6,1298.4,585210
2026-04-06 12:55:00,1298.4,1300.8,1297.8,1300.8,340038
2026-04-06 13:00:00,1300.7,1301.8,1296.6,1297.6,349801
2026-04-06 13:05:00,1297.7,1300.4,1297.6,1299.6,242057
2026-04-06 13:10:00,1299.7,1303.2,1299.6,1303.2,355091
2026-04-06 13:15:00,1302.9,1303.9,1301.8,1303.5,335722
2026-04-06 13:20:00,1303.6,1304.9,1302.3,1303.5,355165
2026-04-06 13:25:00,1303.5,1303.5,1300.6,1301.5,234945
2026-04-06 13:30:00,1301.6,1304.5,1301.6,1303.7,314273
2026-04-06 13:35:00,1303.7,1304.4,1300.3,1300.8,334187
2026-04-06 13:40:00,1300.8,1301.6,1298.5,1298.5,395112
2026-04-06 13:45:00,1298.5,1300.8,1298.5,1299.2,193500
2026-04-06 13:50:00,1299.2,1303.0,1299.2,1302.9,217829
2026-04-06 13:55:00,1302.9,1303.8,1300.9,1300.9,223099
2026-04-06 14:00:00,1300.9,1303.7,1300.1,1303.0,316030
2026-04-06 14:05:00,1302.8,1303.5,1301.0,1301.1,222642
2026-04-06 14:10:00,1301.0,1303.9,1301.0,1303.8,275754
2026-04-06 14:15:00,1303.8,1305.0,1302.8,1303.5,403460
2026-04-06 14:20:00,1303.5,1303.7,1302.0,1302.7,293992
2026-04-06 14:25:00,1302.8,1304.5,1301.3,1301.7,337644
2026-04-06 14:30:00,1301.7,1302.9,1301.5,1302.1,302182
2026-04-06 14:35:00,1302.1,1304.6,1301.5,1302.9,343940
2026-04-06 14:40:00,1302.9,1304.2,1301.6,1303.4,257683
2026-04-06 14:45:00,1303.8,1304.3,1303.2,1304.2,304684
2026-04-06 14:50:00,1304.2,1304.2,1303.0,1303.5,270663
2026-04-06 14:55:00,1303.5,1305.0,1302.0,1303.4,440771
2026-04-06 15:00:00,1303.2,1304.7,1302.0,1302.4,633912
2026-04-06 15:05:00,1302.5,1304.4,1302.5,1303.6,616197
2026-04-06 15:10:00,1303.6,1307.0,1303.4,1306.4,811618
2026-04-06 15:15:00,1306.5,1306.6,1304.6,1305.2,594052
2026-04-06 15:20:00,1305.2,1306.5,1304.4,1306.2,593873
2026-04-06 15:25:00,1306.3,1306.3,1305.0,1306.0,510934
2026-04-07 09:15:00,1297.6,1301.4,1292.6,1296.3,0
2026-04-07 09:20:00,1296.2,1297.7,1293.6,1296.3,594062
2026-04-07 09:25:00,1296.0,1299.3,1296.0,1298.3,250960
2026-04-07 09:30:00,1298.3,1298.6,1296.0,1296.0,211291
2026-04-07 09:35:00,1296.2,1296.3,1294.2,1294.6,235585
2026-04-07 09:40:00,1294.8,1295.6,1291.5,1292.3,288113
2026-04-07 09:45:00,1292.3,1294.5,1292.3,1292.6,190768
2026-04-07 09:50:00,1292.5,1293.6,1292.3,1293.3,178535
2026-04-07 09:55:00,1293.3,1296.7,1293.2,1296.5,316205
2026-04-07 10:00:00,1296.7,1297.3,1295.6,1297.0,287555
2026-04-07 10:05:00,1297.0,1297.8,1295.9,1297.1,221320
2026-04-07 10:10:00,1297.0,1298.4,1296.9,1298.4,310876
2026-04-07 10:15:00,1298.4,1300.5,1298.0,1298.9,300199
2026-04-07 10:20:00,1298.9,1299.2,1297.4,1298.7,163023
2026-04-07 10:25:00,1298.7,1299.3,1298.0,1298.9,106809
2026-04-07 10:30:00,1299.0,1299.0,1297.3,1297.6,135403
2026-04-07 10:35:00,1297.6,1297.9,1295.8,1297.8,117053
2026-04-07 10:40:00,1297.8,1298.4,1297.0,1297.3,140394
2026-04-07 10:45:00,1297.3,1298.2,1297.0,1297.5,134768
2026-04-07 10:50:00,1297.5,1297.6,1293.7,1294.8,240004
2026-04-07 10:55:00,1294.8,1296.0,1292.6,1293.4,173808
2026-04-07 11:00:00,1293.3,1294.5,1292.5,1293.7,165380
2026-04-07 11:05:00,1293.3,1295.4,1293.0,1293.3,341762
2026-04-07 11:10:00,1293.3,1293.9,1291.1,1293.1,506071
2026-04-07 11:15:00,1293.0,1294.2,1292.0,1293.3,264250
2026-04-07 11:20:00,1293.3,1294.3,1291.5,1294.3,619969
2026-04-07 11:25:00,1294.4,1295.0,1294.0,1294.8,175050
2026-04-07 11:30:00,1294.8,1295.0,1293.3,1294.7,188910
2026-04-07 11:35:00,1294.5,1295.4,1293.7,1294.9,103603
2026-04-07 11:40:00,1294.5,1294.5,1293.1,1293.2,80498
2026-04-07 11:45:00,1293.1,1294.3,1292.5,1293.8,148461
2026-04-07 11:50:00,1293.8,1294.4,1293.3,1294.4,63456
2026-04-07 11:55:00,1294.4,1295.8,1294.3,1295.3,173390
2026-04-07 12:00:00,1295.3,1295.7,1293.6,1294.7,1635522
2026-04-07 12:05:00,1294.7,1294.9,1293.5,1294.9,101263
2026-04-07 12:10:00,1294.9,1295.5,1293.5,1295.4,234729
2026-04-07 12:15:00,1294.9,1295.5,1294.2,1294.5,102481
2026-04-07 12:20:00,1294.5,1294.5,1293.2,1293.9,105929
2026-04-07 12:25:00,1294.0,1294.8,1293.7,1294.4,79125
2026-04-07 12:30:00,1294.4,1296.8,1293.6,1295.9,263744
2026-04-07 12:35:00,1295.9,1297.5,1295.7,1297.2,203906
2026-04-07 12:40:00,1297.2,1298.5,1297.0,1297.8,206227
2026-04-07 12:45:00,1297.8,1299.0,1297.3,1298.7,382630
2026-04-07 12:50:00,1298.6,1298.7,1296.1,1296.8,226343
2026-04-07 12:55:00,1296.8,1297.3,1295.2,1295.4,140974
2026-04-07 13:00:00,1295.5,1296.5,1295.1,1295.2,152846
2026-04-07 13:05:00,1295.5,1295.5,1292.7,1292.7,310845
2026-04-07 13:10:00,1292.7,1295.0,1292.3,1294.6,512427
2026-04-07 13:15:00,1294.6,1296.2,1294.5,1296.2,169637
2026-04-07 13:20:00,1296.7,1297.9,1295.7,1296.1,307717
2026-04-07 13:25:00,1296.1,1296.1,1293.5,1294.0,144640
2026-04-07 13:30:00,1293.9,1297.6,1293.9,1295.6,225814
2026-04-07 13:35:00,1295.7,1297.5,1295.6,1297.3,134481
2026-04-07 13:40:00,1297.5,1299.8,1296.5,1298.2,314010
2026-04-07 13:45:00,1298.2,1300.2,1298.2,1299.3,607463
2026-04-07 13:50:00,1299.3,1304.0,1298.6,1299.8,722474
2026-04-07 13:55:00,1300.0,1300.4,1296.4,1296.9,251758
2026-04-07 14:00:00,1297.4,1299.4,1297.0,1298.4,204938
2026-04-07 14:05:00,1298.5,1299.4,1297.1,1299.4,159377
2026-04-07 14:10:00,1299.5,1300.0,1298.0,1298.6,425702
2026-04-07 14:15:00,1298.9,1299.6,1295.2,1296.0,414812
2026-04-07 14:20:00,1296.2,1296.3,1294.3,1295.6,202769
2026-04-07 14:25:00,1296.0,1296.0,1294.8,1295.6,136260
2026-04-07 14:30:00,1295.6,1297.0,1295.3,1296.0,368382
2026-04-07 14:35:00,1296.0,1296.4,1294.2,1295.1,225918
2026-04-07 14:40:00,1295.1,1298.0,1294.9,1297.0,372627
2026-04-07 14:45:00,1297.1,1299.2,1296.6,1298.5,236592
2026-04-07 14:50:00,1298.6,1301.2,1298.6,1300.1,535289
2026-04-07 14:55:00,1300.3,1301.9,1299.6,1300.6,831748
2026-04-07 15:00:00,1300.6,1307.9,1299.4,1303.0,2362724
2026-04-07 15:05:00,1303.3,1306.2,1300.8,1305.5,2060973
2026-04-07 15:10:00,1305.2,1305.7,1303.3,1303.9,990088
2026-04-07 15:15:00,1304.8,1306.9,1301.6,1305.0,1174755
2026-04-07 15:20:00,1304.9,1307.0,1304.7,1306.4,1064898
2026-04-07 15:25:00,1306.5,1308.0,1305.0,1306.5,590103
2026-04-08 09:15:00,1345.0,1345.0,1327.5,1334.5,0
2026-04-08 09:20:00,1334.0,1338.3,1334.0,1336.1,683545
2026-04-08 09:25:00,1336.0,1341.1,1335.2,1341.1,680233
2026-04-08 09:30:00,1341.1,1342.6,1338.2,1338.3,437851
2026-04-08 09:35:00,1338.6,1341.9,1338.1,1338.5,424448
2026-04-08 09:40:00,1338.5,1339.2,1337.1,1338.2,290697
2026-04-08 09:45:00,1338.4,1339.8,1338.0,1338.6,216765
2026-04-08 09:50:00,1338.7,1340.0,1337.1,1337.5,274647
2026-04-08 09:55:00,1337.1,1341.0,1337.0,1339.1,314321
2026-04-08 10:00:00,1339.1,1343.9,1338.7,1343.5,275128
2026-04-08 10:05:00,1343.7,1345.2,1341.7,1342.7,334448
2026-04-08 10:10:00,1342.7,1343.6,1341.7,1342.1,155834
2026-04-08 10:15:00,1342.1,1342.3,1340.1,1342.0,143202
2026-04-08 10:20:00,1341.9,1343.7,1341.9,1342.1,274665
2026-04-08 10:25:00,1342.1,1342.2,1341.0,1341.6,305995
2026-04-08 10:30:00,1341.7,1343.5,1341.7,1342.7,158985
2026-04-08 10:35:00,1342.9,1343.0,1342.0,1342.9,125500
2026-04-08 10:40:00,1342.8,1344.0,1341.2,1343.6,169557
2026-04-08 10:45:00,1343.8,1343.8,1339.4,1341.0,439922
2026-04-08 10:50:00,1341.0,1346.7,1340.6,1345.5,313874
2026-04-08 10:55:00,1345.6,1347.0,1344.6,1344.9,309826
2026-04-08 11:00:00,1345.0,1346.0,1344.1,1344.8,330438
2026-04-08 11:05:00,1344.8,1346.8,1344.8,1346.8,243829
2026-04-08 11:10:00,1346.7,1348.3,1346.0,1347.0,333216
2026-04-08 11:15:00,1347.1,1348.5,1346.2,1347.0,225393
2026-04-08 11:20:00,1347.0,1347.4,1344.6,1344.9,723912
2026-04-08 11:25:00,1345.1,1345.5,1343.0,1344.7,174829
2026-04-08 11:30:00,1344.8,1345.7,1344.1,1344.5,121699
2026-04-08 11:35:00,1344.5,1345.8,1343.1,1344.9,227099
2026-04-08 11:40:00,1345.0,1348.1,1343.9,1347.6,290642
2026-04-08 11:45:00,1347.6,1348.7,1347.2,1348.5,147239
2026-04-08 11:50:00,1348.5,1348.5,1344.2,1344.6,194730
2026-04-08 11:55:00,1344.5,1345.2,1342.3,1342.8,306890
2026-04-08 12:00:00,1342.9,1346.0,1341.9,1344.8,336195
2026-04-08 12:05:00,1344.8,1346.0,1344.8,1345.5,82213
2026-04-08 12:10:00,1345.5,1345.7,1344.8,1345.0,57586
2026-04-08 12:15:00,1345.0,1345.5,1344.3,1344.8,75892
2026-04-08 12:20:00,1345.0,1345.5,1344.8,1345.1,69286
2026-04-08 12:25:00,1345.1,1345.5,1344.3,1344.3,79103
2026-04-08 12:30:00,1344.5,1344.5,1341.2,1343.0,177501
2026-04-08 12:35:00,1343.1,1343.4,1341.2,1341.8,104342
2026-04-08 12:40:00,1341.9,1342.6,1340.0,1342.2,216237
2026-04-08 12:45:00,1342.2,1342.3,1340.5,1341.1,168223
2026-04-08 12:50:00,1341.1,1342.2,1340.5,1340.6,143480
2026-04-08 12:55:00,1340.8,1341.8,1340.6,1340.8,70194
2026-04-08 13:00:00,1341.0,1341.1,1339.7,1340.9,142257
2026-04-08 13:05:00,1341.0,1341.5,1339.5,1340.7,265116
2026-04-08 13:10:00,1340.7,1344.0,1340.5,1343.5,300793
2026-04-08 13:15:00,1343.3,1344.8,1343.2,1344.0,152767
2026-04-08 13:20:00,1344.0,1345.5,1343.7,1345.3,146321
2026-04-08 13:25:00,1345.2,1349.9,1345.1,1349.4,329244
2026-04-08 13:30:00,1349.1,1349.4,1346.3,1348.2,184549
2026-04-08 13:35:00,1348.2,1350.0,1347.4,1349.3,355721
2026-04-08 13:40:00,1349.0,1349.2,1346.1,1346.1,195434
2026-04-08 13:45:00,1346.2,1347.9,1345.6,1346.2,124569
2026-04-08 13:50:00,1346.6,1347.1,1344.3,1345.0,236266
2026-04-08 13:55:00,1345.0,1346.8,1344.8,1346.6,106536
2026-04-08 14:00:00,1346.7,1346.7,1344.6,1345.5,105831
2026-04-08 14:05:00,1345.6,1346.3,1344.3,1345.7,94976
2026-04-08 14:10:00,1345.9,1346.9,1344.2,1344.4,184382
2026-04-08 14:15:00,1344.5,1345.0,1343.4,1344.6,442177
2026-04-08 14:20:00,1344.9,1347.8,1344.8,1347.7,165828
2026-04-08 14:25:00,1347.8,1349.2,1347.4,1349.0,431152
2026-04-08 14:30:00,1348.8,1349.4,1347.5,1348.3,120287
2026-04-08 14:35:00,1348.0,1348.8,1348.0,1348.0,181083
2026-04-08 14:40:00,1348.0,1349.6,1348.0,1349.6,184345
2026-04-08 14:45:00,1349.6,1350.6,1348.6,1349.0,382609
2026-04-08 14:50:00,1349.0,1349.5,1347.2,1347.6,254059
2026-04-08 14:55:00,1348.0,1348.9,1347.3,1348.1,161672
2026-04-08 15:00:00,1348.1,1348.2,1345.0,1346.5,418113
2026-04-08 15:05:00,1346.5,1348.8,1346.4,1347.9,309275
2026-04-08 15:10:00,1347.9,1348.5,1347.3,1348.0,319636
2026-04-08 15:15:00,1348.1,1348.9,1348.0,1348.2,308252
2026-04-08 15:20:00,1348.5,1349.4,1347.0,1348.7,451034
2026-04-08 15:25:00,1349.4,1349.5,1348.2,1349.2,338585
2026-04-09 09:15:00,1345.1,1346.2,1338.3,1346.1,0
2026-04-09 09:20:00,1346.2,1349.2,1345.1,1348.8,458508
2026-04-09 09:25:00,1349.0,1350.0,1347.8,1349.2,262073
2026-04-09 09:30:00,1349.2,1349.2,1344.5,1345.1,230985
2026-04-09 09:35:00,1345.4,1347.0,1343.1,1343.7,145710
2026-04-09 09:40:00,1343.7,1344.1,1342.1,1342.1,113223
2026-04-09 09:45:00,1342.7,1343.5,1339.0,1339.1,283636
2026-04-09 09:50:00,1339.1,1340.5,1338.0,1338.2,127304
2026-04-09 09:55:00,1337.8,1337.8,1335.6,1336.7,175770
2026-04-09 10:00:00,1336.7,1337.2,1334.0,1336.9,210008
2026-04-09 10:05:00,1336.8,1337.4,1335.6,1336.7,117383
2026-04-09 10:10:00,1336.7,1338.1,1336.3,1336.7,99599
2026-04-09 10:15:00,1336.7,1337.7,1335.3,1337.6,123737
2026-04-09 10:20:00,1337.3,1339.0,1336.5,1338.9,109790
2026-04-09 10:25:00,1338.9,1339.0,1335.6,1337.1,106649
2026-04-09 10:30:00,1337.1,1338.5,1337.0,1338.3,45918
2026-04-09 10:35:00,1338.3,1338.5,1335.7,1337.1,122634
2026-04-09 10:40:00,1337.1,1337.1,1331.6,1332.3,348278
2026-04-09 10:45:00,1332.3,1333.7,1331.5,1333.5,121027
2026-04-09 10:50:00,1333.3,1335.9,1332.7,1334.6,130028
2026-04-09 10:55:00,1335.0,1336.5,1334.1,1334.7,90585
2026-04-09 11:00:00,1334.9,1338.0,1334.7,1337.5,203800
2026-04-09 11:05:00,1337.6,1337.7,1334.8,1337.1,267533
2026-04-09 11:10:00,1337.1,1337.8,1336.7,1337.0,133851
2026-04-09 11:15:00,1337.0,1337.1,1335.2,1335.9,101678
2026-04-09 11:20:00,1335.9,1337.1,1334.7,1336.2,171552
2026-04-09 11:25:00,1336.2,1339.0,1336.2,1338.3,191038
2026-04-09 11:30:00,1338.3,1339.3,1335.8,1337.0,187793
2026-04-09 11:35:00,1337.0,1337.0,1335.8,1336.2,48279
2026-04-09 11:40:00,1335.8,1337.8,1335.2,1336.5,101623
2026-04-09 11:45:00,1336.7,1337.5,1335.5,1337.5,74083
2026-04-09 11:50:00,1337.4,1337.9,1336.0,1337.3,125063
2026-04-09 11:55:00,1337.3,1339.0,1337.1,1338.4,140477
2026-04-09 12:00:00,1338.7,1339.6,1336.1,1336.9,199568
2026-04-09 12:05:00,1336.9,1338.5,1336.0,1338.4,96355
2026-04-09 12:10:00,1338.4,1338.8,1336.8,1336.8,109023
2026-04-09 12:15:00,1336.7,1336.8,1336.1,1336.2,58538
2026-04-09 12:20:00,1336.1,1337.0,1336.0,1336.4,42182
2026-04-09 12:25:00,1336.4,1337.5,1336.0,1336.3,93393
2026-04-09 12:30:00,1336.5,1337.6,1336.0,1336.1,105267
2026-04-09 12:35:00,1336.1,1336.2,1334.5,1335.5,102859
2026-04-09 12:40:00,1335.5,1335.7,1335.0,1335.4,74922
2026-04-09 12:45:00,1335.4,1335.6,1333.2,1333.6,89259
2026-04-09 12:50:00,1333.7,1334.9,1333.0,1334.1,140999
2026-04-09 12:55:00,1334.2,1334.9,1333.7,1334.5,80558
2026-04-09 13:00:00,1334.7,1335.3,1333.5,1334.7,118281
2026-04-09 13:05:00,1334.7,1335.4,1334.1,1335.0,76060
2026-04-09 13:10:00,1335.0,1335.0,1334.1,1334.5,43510
2026-04-09 13:15:00,1334.4,1334.4,1334.2,1334.3,39417
2026-04-09 13:20:00,1334.3,1335.3,1332.5,1333.9,261339
2026-04-09 13:25:00,1333.7,1333.9,1332.5,1332.8,82284
2026-04-09 13:30:00,1332.7,1334.4,1332.0,1334.2,205829
2026-04-09 13:35:00,1334.3,1334.9,1333.0,1333.6,91205
2026-04-09 13:40:00,1333.9,1333.9,1332.0,1332.3,80571
2026-04-09 13:45:00,1332.4,1334.9,1332.1,1333.5,307223
2026-04-09 13:50:00,1333.4,1334.1,1333.0,1333.5,86882
2026-04-09 13:55:00,1333.5,1334.2,1333.1,1333.5,54373
2026-04-09 14:00:00,1333.6,1333.8,1333.0,1333.1,62774
2026-04-09 14:05:00,1333.0,1335.3,1332.6,1334.0,109031
2026-04-09 14:10:00,1334.0,1334.3,1332.5,1332.6,228140
2026-04-09 14:15:00,1332.6,1332.6,1331.1,1331.2,149497
2026-04-09 14:20:00,1331.4,1332.0,1329.2,1329.9,337414
2026-04-09 14:25:00,1329.7,1329.9,1328.1,1329.2,129805
2026-04-09 14:30:00,1329.2,1329.5,1327.6,1328.6,230293
2026-04-09 14:35:00,1328.8,1329.4,1327.7,1328.3,238254
2026-04-09 14:40:00,1328.2,1330.3,1327.9,1328.8,271105
2026-04-09 14:45:00,1328.8,1332.0,1328.2,1329.6,655595
2026-04-09 14:50:00,1329.5,1330.0,1328.3,1329.8,242440
2026-04-09 14:55:00,1329.9,1330.4,1328.5,1329.3,318324
2026-04-09 15:00:00,1329.2,1337.0,1327.1,1327.1,3652556
2026-04-09 15:05:00,1327.2,1332.4,1326.7,1329.4,2408521
2026-04-09 15:10:00,1330.0,1330.8,1328.3,1330.7,1002283
2026-04-09 15:15:00,1330.9,1330.9,1328.2,1328.8,842607
2026-04-09 15:20:00,1328.7,1329.8,1327.3,1328.8,995138
2026-04-09 15:25:00,1328.9,1330.3,1328.3,1329.1,404394
2026-04-10 09:15:00,1336.5,1343.0,1333.1,1342.9,0
2026-04-10 09:20:00,1342.9,1344.5,1340.3,1340.4,320559
2026-04-10 09:25:00,1340.7,1342.2,1340.0,1340.0,212122
2026-04-10 09:30:00,1340.1,1342.1,1339.9,1340.7,222955
2026-04-10 09:35:00,1340.7,1342.4,1340.4,1342.2,203084
2026-04-10 09:40:00,1342.0,1342.4,1341.3,1342.4,243703
2026-04-10 09:45:00,1342.5,1349.8,1342.4,1348.4,574629
2026-04-10 09:50:00,1348.5,1350.8,1348.3,1349.4,575468
2026-04-10 09:55:00,1349.7,1349.7,1347.2,1347.5,1182532
2026-04-10 10:00:00,1347.9,1348.0,1344.5,1344.7,183034
2026-04-10 10:05:00,1344.8,1345.2,1343.8,1344.0,169215
2026-04-10 10:10:00,1343.8,1347.6,1343.7,1347.6,159138
2026-04-10 10:15:00,1347.6,1348.5,1347.2,1348.0,166849
2026-04-10 10:20:00,1347.8,1348.3,1346.3,1346.6,90473
2026-04-10 10:25:00,1346.7,1348.0,1345.6,1346.0,106041
2026-04-10 10:30:00,1346.0,1347.2,1345.8,1346.5,110779
2026-04-10 10:35:00,1346.5,1347.0,1346.1,1346.4,103231
2026-04-10 10:40:00,1346.5,1346.6,1345.3,1345.7,190911
2026-04-10 10:45:00,1345.7,1346.3,1344.9,1345.4,172267
2026-04-10 10:50:00,1345.5,1346.2,1345.3,1346.1,121066
2026-04-10 10:55:00,1346.1,1346.4,1344.3,1344.8,166610
2026-04-10 11:00:00,1344.8,1345.9,1344.8,1345.7,96819
2026-04-10 11:05:00,1345.7,1346.9,1345.5,1346.8,106403
2026-04-10 11:10:00,1346.9,1349.0,1346.8,1348.5,153224
2026-04-10 11:15:00,1348.3,1349.0,1346.8,1347.5,197875
2026-04-10 11:20:00,1347.3,1348.8,1347.3,1347.6,151565
2026-04-10 11:25:00,1347.7,1349.5,1345.7,1346.5,351011
2026-04-10 11:30:00,1346.3,1349.5,1345.4,1348.9,756839
2026-04-10 11:35:00,1348.8,1349.3,1346.6,1347.1,245269
2026-04-10 11:40:00,1347.1,1348.0,1345.5,1346.0,178848
2026-04-10 11:45:00,1346.0,1346.0,1344.5,1345.5,177169
2026-04-10 11:50:00,1345.5,1345.8,1344.8,1345.5,224953
2026-04-10 11:55:00,1345.5,1346.8,1345.3,1346.6,95694
2026-04-10 12:00:00,1346.6,1347.8,1345.8,1347.7,84588
2026-04-10 12:05:00,1347.7,1349.0,1347.5,1349.0,111507
2026-04-10 12:10:00,1348.9,1349.8,1348.0,1349.1,145718
2026-04-10 12:15:00,1349.5,1349.5,1348.0,1348.8,132541
2026-04-10 12:20:00,1348.8,1349.5,1348.0,1349.3,173186
2026-04-10 12:25:00,1349.2,1350.0,1347.9,1348.3,266376
2026-04-10 12:30:00,1348.4,1349.4,1348.0,1348.0,211847
2026-04-10 12:35:00,1348.4,1350.0,1348.1,1349.1,150503
2026-04-10 12:40:00,1349.5,1350.0,1348.9,1349.3,148514
2026-04-10 12:45:00,1349.2,1349.6,1348.5,1349.4,93976
2026-04-10 12:50:00,1349.5,1350.0,1347.5,1348.4,262604
2026-04-10 12:55:00,1348.7,1349.4,1347.3,1348.0,148142
2026-04-10 13:00:00,1347.9,1348.2,1347.5,1347.8,96066
2026-04-10 13:05:00,1347.5,1348.4,1346.9,1348.3,127628
2026-04-10 13:10:00,1348.3,1348.6,1346.9,1346.9,82734
2026-04-10 13:15:00,1347.0,1347.9,1346.7,1346.7,98653
2026-04-10 13:20:00,1346.7,1347.0,1346.3,1346.9,91908
2026-04-10 13:25:00,1346.9,1347.7,1346.8,1347.4,111206
2026-04-10 13:30:00,1347.4,1347.5,1346.8,1347.0,94457
2026-04-10 13:35:00,1346.9,1347.5,1346.7,1347.4,77277
2026-04-10 13:40:00,1347.4,1348.0,1347.4,1347.9,89430
2026-04-10 13:45:00,1347.9,1348.8,1347.4,1347.7,114926
2026-04-10 13:50:00,1347.7,1347.7,1345.4,1347.2,258812
2026-04-10 13:55:00,1347.2,1349.0,1347.2,1349.0,105814
2026-04-10 14:00:00,1349.0,1349.3,1348.1,1348.1,371004
2026-04-10 14:05:00,1348.2,1348.7,1347.8,1348.2,108815
2026-04-10 14:10:00,1348.2,1349.1,1347.0,1347.8,299903
2026-04-10 14:15:00,1348.0,1348.0,1343.7,1345.9,272831
2026-04-10 14:20:00,1345.9,1347.0,1343.8,1343.8,253880
2026-04-10 14:25:00,1343.9,1345.2,1342.5,1344.7,314351
2026-04-10 14:30:00,1344.7,1346.8,1343.6,1343.6,761969
2026-04-10 14:35:00,1343.4,1346.3,1342.5,1345.3,432217
2026-04-10 14:40:00,1345.3,1348.5,1344.8,1348.0,431824
2026-04-10 14:45:00,1347.9,1348.3,1344.2,1347.3,481973
2026-04-10 14:50:00,1347.3,1348.0,1346.3,1347.3,307150
2026-04-10 14:55:00,1347.5,1348.0,1346.8,1347.2,161084
2026-04-10 15:00:00,1347.4,1349.0,1346.8,1348.9,390886
2026-04-10 15:05:00,1349.0,1351.9,1348.7,1351.5,860975
2026-04-10 15:10:00,1351.5,1352.2,1349.8,1349.9,526545
2026-04-10 15:15:00,1349.9,1351.6,1349.0,1351.0,529837
2026-04-10 15:20:00,1350.9,1351.5,1349.6,1349.6,474675
2026-04-10 15:25:00,1349.6,1350.5,1349.0,1350.2,297092
2026-04-13 09:15:00,1323.6,1325.0,1311.7,1317.0,0
2026-04-13 09:20:00,1317.0,1317.4,1312.0,1313.3,1103313
2026-04-13 09:25:00,1313.7,1315.3,1312.5,1314.2,608443
2026-04-13 09:30:00,1313.5,1314.2,1313.0,1313.9,233692
2026-04-13 09:35:00,1314.0,1314.7,1312.9,1313.5,332466
2026-04-13 09:40:00,1313.5,1315.0,1313.1,1314.8,172765
2026-04-13 09:45:00,1315.0,1315.0,1313.6,1314.2,185478
2026-04-13 09:50:00,1314.2,1315.4,1313.6,1314.1,165973
2026-04-13 09:55:00,1314.0,1317.1,1314.0,1315.8,604456
2026-04-13 10:00:00,1315.8,1319.1,1315.0,1318.9,282337
2026-04-13 10:05:00,1318.9,1319.9,1318.5,1319.7,445849
2026-04-13 10:10:00,1319.7,1321.7,1319.5,1321.1,1416975
2026-04-13 10:15:00,1320.8,1323.7,1319.8,1323.6,294923
2026-04-13 10:20:00,1323.4,1327.6,1323.4,1325.0,336595
2026-04-13 10:25:00,1325.2,1325.4,1323.7,1324.6,230756
2026-04-13 10:30:00,1324.6,1324.7,1323.1,1323.5,195212
2026-04-13 10:35:00,1323.5,1324.0,1320.9,1322.5,394444
2026-04-13 10:40:00,1322.6,1324.9,1322.6,1323.8,186134
2026-04-13 10:45:00,1323.9,1324.7,1322.9,1322.9,177324
2026-04-13 10:50:00,1323.0,1323.6,1322.0,1322.4,133437
2026-04-13 10:55:00,1322.4,1323.1,1320.0,1320.2,202448
2026-04-13 11:00:00,1320.4,1320.4,1317.7,1318.0,745004
2026-04-13 11:05:00,1318.0,1320.6,1317.9,1320.1,223812
2026-04-13 11:10:00,1320.1,1320.5,1319.6,1320.0,189420
2026-04-13 11:15:00,1319.9,1320.2,1319.8,1320.0,171109
2026-04-13 11:20:00,1320.0,1321.0,1319.7,1319.7,332443
2026-04-13 11:25:00,1319.8,1320.3,1319.7,1320.0,192268
2026-04-13 11:30:00,1320.0,1320.1,1318.8,1319.3,475333
2026-04-13 11:35:00,1319.2,1320.0,1319.0,1319.7,164890
2026-04-13 11:40:00,1319.6,1320.0,1318.5,1318.8,214184
2026-04-13 11:45:00,1318.9,1319.3,1318.1,1319.1,158839
2026-04-13 11:50:00,1319.1,1319.7,1318.0,1318.2,212940
2026-04-13 11:55:00,1318.2,1319.4,1317.3,1317.5,198758
2026-04-13 12:00:00,1317.4,1317.7,1315.1,1316.5,360291
2026-04-13 12:05:00,1316.4,1317.2,1315.8,1316.2,247102
2026-04-13 12:10:00,1316.1,1317.1,1315.7,1316.0,852465
2026-04-13 12:15:00,1316.0,1317.3,1314.7,1316.2,421718
2026-04-13 12:20:00,1316.5,1316.5,1312.6,1313.8,395530
2026-04-13 12:25:00,1313.8,1314.6,1313.5,1314.1,264155
2026-04-13 12:30:00,1313.9,1314.2,1312.0,1312.9,401157
2026-04-13 12:35:00,1313.0,1313.3,1311.5,1312.2,235686
2026-04-13 12:40:00,1312.2,1313.6,1311.8,1312.9,176436
2026-04-13 12:45:00,1312.7,1312.9,1310.2,1311.5,504355
2026-04-13 12:50:00,1311.8,1313.9,1310.9,1311.2,665794
2026-04-13 12:55:00,1311.0,1313.7,1310.0,1311.4,540753
2026-04-13 13:00:00,1311.5,1313.0,1310.7,1311.8,193771
2026-04-13 13:05:00,1311.8,1313.5,1311.8,1313.0,162811
2026-04-13 13:10:00,1313.1,1314.0,1312.1,1312.8,181005
2026-04-13 13:15:00,1312.7,1313.9,1312.1,1313.9,208258
2026-04-13 13:20:00,1314.0,1314.0,1313.0,1313.6,294968
2026-04-13 13:25:00,1313.6,1314.4,1312.7,1314.0,309535
2026-04-13 13:30:00,1313.8,1315.8,1313.8,1315.5,345867
2026-04-13 13:35:00,1315.5,1317.1,1315.1,1316.8,324661
2026-04-13 13:40:00,1316.7,1316.9,1315.0,1316.0,212318
2026-04-13 13:45:00,1316.0,1316.5,1315.5,1315.5,116475
2026-04-13 13:50:00,1316.0,1316.5,1315.0,1316.3,151411
2026-04-13 13:55:00,1316.3,1317.4,1316.0,1316.2,155018
2026-04-13 14:00:00,1316.2,1316.7,1315.5,1316.2,104928
2026-04-13 14:05:00,1316.3,1316.5,1315.0,1315.2,137903
2026-04-13 14:10:00,1315.2,1316.0,1314.0,1315.8,242735
2026-04-13 14:15:00,1316.0,1316.9,1315.1,1316.2,204807
2026-04-13 14:20:00,1316.2,1316.6,1315.2,1315.8,110486
2026-04-13 14:25:00,1315.8,1316.5,1315.4,1316.1,133774
2026-04-13 14:30:00,1316.0,1317.6,1316.0,1317.4,219029
2026-04-13 14:35:00,1317.2,1317.6,1316.1,1316.6,253712
2026-04-13 14:40:00,1316.6,1317.4,1316.2,1316.6,124506
2026-04-13 14:45:00,1316.2,1317.4,1315.8,1317.4,210827
2026-04-13 14:50:00,1317.2,1317.6,1317.0,1317.5,224416
2026-04-13 14:55:00,1317.5,1318.4,1317.0,1317.6,329301
2026-04-13 15:00:00,1317.5,1318.2,1313.1,1313.9,2062617
2026-04-13 15:05:00,1313.7,1316.5,1312.4,1315.9,1429438
2026-04-13 15:10:00,1315.9,1315.9,1313.3,1315.1,655725
2026-04-13 15:15:00,1315.3,1315.5,1313.8,1315.0,509793
2026-04-13 15:20:00,1315.0,1315.3,1314.0,1314.1,442664
2026-04-13 15:25:00,1314.1,1314.2,1313.6,1314.0,345625
2026-04-15 09:15:00,1337.0,1338.9,1334.9,1335.8,0
2026-04-15 09:20:00,1336.0,1337.7,1335.8,1336.9,316406
2026-04-15 09:25:00,1337.0,1338.3,1336.4,1336.8,235446
2026-04-15 09:30:00,1336.9,1338.0,1336.0,1338.0,207541
2026-04-15 09:35:00,1338.3,1339.8,1337.2,1337.3,257160
2026-04-15 09:40:00,1338.0,1339.0,1337.0,1338.9,113243
2026-04-15 09:45:00,1338.9,1339.8,1337.7,1337.7,137665
2026-04-15 09:50:00,1338.0,1338.0,1337.4,1337.8,73076
2026-04-15 09:55:00,1337.8,1338.0,1336.7,1336.9,103523
2026-04-15 10:00:00,1336.9,1337.8,1336.5,1337.7,64743
2026-04-15 10:05:00,1337.7,1339.5,1337.7,1338.2,144105
2026-04-15 10:10:00,1338.5,1339.7,1337.6,1338.5,213048
2026-04-15 10:15:00,1338.4,1339.0,1338.1,1338.4,71255
2026-04-15 10:20:00,1338.3,1338.6,1337.6,1338.4,210078
2026-04-15 10:25:00,1338.2,1338.4,1336.8,1337.0,108758
2026-04-15 10:30:00,1337.0,1338.1,1336.9,1337.5,95253
2026-04-15 10:35:00,1337.6,1338.7,1337.3,1338.2,147766
2026-04-15 10:40:00,1338.1,1338.5,1337.7,1338.5,89048
2026-04-15 10:45:00,1338.5,1341.5,1338.5,1341.0,289113
2026-04-15 10:50:00,1341.0,1341.9,1339.2,1341.5,175137
2026-04-15 10:55:00,1341.4,1341.8,1340.0,1341.0,193282
2026-04-15 11:00:00,1340.9,1341.0,1339.6,1340.6,139342
2026-04-15 11:05:00,1340.6,1340.8,1337.0,1337.1,161300
2026-04-15 11:10:00,1337.5,1338.1,1336.8,1337.5,96499
2026-04-15 11:15:00,1337.3,1338.7,1337.1,1338.0,88061
2026-04-15 11:20:00,1338.2,1340.1,1338.0,1340.1,111417
2026-04-15 11:25:00,1340.2,1340.2,1338.5,1339.4,164305
2026-04-15 11:30:00,1339.6,1340.1,1339.3,1339.9,71800
2026-04-15 11:35:00,1339.9,1340.2,1339.7,1339.9,51279
2026-04-15 11:40:00,1340.0,1341.0,1339.9,1340.1,73572
2026-04-15 11:45:00,1340.2,1341.1,1339.6,1340.5,67571
2026-04-15 11:50:00,1340.9,1341.0,1340.3,1340.9,68847
2026-04-15 11:55:00,1341.0,1341.0,1340.1,1340.4,82546
2026-04-15 12:00:00,1340.4,1340.7,1340.0,1340.4,73795
2026-04-15 12:05:00,1340.2,1340.9,1339.5,1339.9,56147
2026-04-15 12:10:00,1339.9,1340.5,1339.5,1339.7,64619
2026-04-15 12:15:00,1340.1,1341.1,1339.8,1340.5,161331
2026-04-15 12:20:00,1340.3,1341.0,1339.5,1340.9,113750
2026-04-15 12:25:00,1340.9,1341.2,1340.6,1340.6,92674
2026-04-15 12:30:00,1340.7,1340.8,1340.2,1340.2,68616
2026-04-15 12:35:00,1340.3,1340.6,1339.5,1340.5,58322
2026-04-15 12:40:00,1340.5,1340.7,1339.5,1340.6,172186
2026-04-15 12:45:00,1339.9,1340.4,1339.5,1339.7,94817
2026-04-15 12:50:00,1340.1,1341.9,1338.2,1339.4,339525
2026-04-15 12:55:00,1339.1,1339.9,1338.3,1338.7,137808
2026-04-15 13:00:00,1338.7,1339.9,1338.5,1339.6,72336
2026-04-15 13:05:00,1339.6,1339.8,1338.8,1339.5,86567
2026-04-15 13:10:00,1339.4,1339.9,1339.0,1339.4,63089
2026-04-15 13:15:00,1339.4,1342.0,1339.3,1342.0,310958
2026-04-15 13:20:00,1341.9,1343.1,1338.8,1339.6,474378
2026-04-15 13:25:00,1339.6,1340.4,1339.6,1340.0,85394
2026-04-15 13:30:00,1339.9,1341.6,1339.1,1339.9,113722
2026-04-15 13:35:00,1340.0,1341.0,1339.0,1339.4,188346
2026-04-15 13:40:00,1339.4,1340.3,1338.8,1339.5,93551
2026-04-15 13:45:00,1339.6,1340.4,1338.5,1339.3,185130
2026-04-15 13:50:00,1339.3,1339.7,1336.8,1337.3,420258
2026-04-15 13:55:00,1337.2,1337.4,1336.5,1336.6,416838
2026-04-15 14:00:00,1336.9,1337.0,1336.4,1336.8,176048
2026-04-15 14:05:00,1336.8,1338.6,1336.6,1338.2,218057
2026-04-15 14:10:00,1338.2,1339.2,1337.9,1338.6,102511
2026-04-15 14:15:00,1338.6,1339.7,1337.6,1339.5,137928
2026-04-15 14:20:00,1339.4,1342.0,1338.3,1338.3,265212
2026-04-15 14:25:00,1338.4,1340.5,1338.3,1340.5,86859
2026-04-15 14:30:00,1340.4,1341.0,1339.8,1341.0,112272
2026-04-15 14:35:00,1341.0,1341.1,1340.0,1340.8,111036
2026-04-15 14:40:00,1341.0,1341.4,1340.9,1341.2,106357
2026-04-15 14:45:00,1341.3,1343.0,1341.2,1343.0,202551
2026-04-15 14:50:00,1343.0,1343.7,1340.7,1341.4,454992
2026-04-15 14:55:00,1342.0,1344.8,1339.7,1344.6,473193
2026-04-15 15:00:00,1344.7,1345.5,1343.7,1344.8,519647
2026-04-15 15:05:00,1344.9,1346.7,1344.4,1346.4,550764
2026-04-15 15:10:00,1346.4,1346.4,1342.0,1344.5,694266
2026-04-15 15:15:00,1344.5,1344.7,1342.4,1342.5,358224
2026-04-15 15:20:00,1342.5,1344.6,1342.4,1343.9,447864
2026-04-15 15:25:00,1344.1,1344.3,1341.0,1344.1,339673
2026-04-16 09:15:00,1352.0,1352.0,1340.0,1342.6,0
2026-04-16 09:20:00,1342.7,1343.7,1340.4,1343.3,301721
2026-04-16 09:25:00,1343.7,1344.6,1343.2,1343.6,233886
2026-04-16 09:30:00,1344.0,1344.1,1341.1,1341.4,380020
2026-04-16 09:35:00,1341.6,1341.6,1338.7,1339.4,379722
2026-04-16 09:40:00,1339.4,1339.9,1338.1,1338.2,195857
2026-04-16 09:45:00,1338.2,1339.0,1337.0,1338.2,292835
2026-04-16 09:50:00,1338.0,1339.7,1335.6,1337.7,447290
2026-04-16 09:55:00,1337.6,1337.6,1332.7,1333.1,346872
2026-04-16 10:00:00,1333.0,1334.5,1332.0,1334.5,412686
2026-04-16 10:05:00,1334.5,1334.5,1332.1,1334.3,262264
2026-04-16 10:10:00,1334.3,1336.1,1333.6,1334.0,310141
2026-04-16 10:15:00,1334.2,1336.6,1333.5,1335.5,935814
2026-04-16 10:20:00,1335.3,1336.5,1335.0,1335.7,176996
2026-04-16 10:25:00,1335.4,1336.1,1334.7,1335.2,120634
2026-04-16 10:30:00,1335.1,1336.0,1334.5,1335.2,179567
2026-04-16 10:35:00,1335.5,1336.5,1334.6,1335.3,275879
2026-04-16 10:40:00,1335.3,1336.0,1334.5,1334.9,202514
2026-04-16 10:45:00,1335.1,1336.3,1334.7,1335.6,469800
2026-04-16 10:50:00,1335.8,1337.4,1335.3,1337.2,191214
2026-04-16 10:55:00,1337.1,1338.2,1336.8,1337.6,150499
2026-04-16 11:00:00,1337.5,1340.4,1337.5,1339.7,391528
2026-04-16 11:05:00,1339.2,1340.6,1337.9,1339.0,595889
2026-04-16 11:10:00,1338.9,1338.9,1337.1,1338.5,267502
2026-04-16 11:15:00,1338.4,1340.1,1336.8,1339.7,407927
2026-04-16 11:20:00,1339.5,1341.0,1335.6,1336.4,873395
2026-04-16 11:25:00,1336.3,1340.2,1336.3,1338.6,692012
2026-04-16 11:30:00,1338.6,1340.5,1338.4,1339.6,228294
2026-04-16 11:35:00,1339.6,1340.5,1338.3,1339.6,268045
2026-04-16 11:40:00,1339.8,1339.8,1337.2,1337.3,223974
2026-04-16 11:45:00,1337.4,1339.3,1336.2,1338.8,357104
2026-04-16 11:50:00,1338.2,1338.7,1336.6,1338.3,447136
2026-04-16 11:55:00,1338.2,1338.4,1336.1,1336.2,251706
2026-04-16 12:00:00,1336.8,1337.2,1335.2,1335.3,215430
2026-04-16 12:05:00,1335.2,1336.9,1334.6,1335.9,279418
2026-04-16 12:10:00,1335.8,1337.4,1335.4,1335.4,99245
2026-04-16 12:15:00,1335.3,1336.9,1334.6,1336.2,327193
2026-04-16 12:20:00,1336.0,1336.3,1334.1,1334.6,237521
2026-04-16 12:25:00,1335.0,1335.7,1334.2,1334.7,244100
2026-04-16 12:30:00,1334.6,1335.2,1330.6,1330.9,480748
2026-04-16 12:35:00,1330.9,1332.4,1330.5,1332.2,348041
2026-04-16 12:40:00,1332.1,1334.0,1330.8,1331.2,431876
2026-04-16 12:45:00,1331.2,1331.9,1330.0,1331.4,294508
2026-04-16 12:50:00,1331.3,1333.8,1331.0,1331.5,229691
2026-04-16 12:55:00,1331.0,1332.4,1330.3,1332.3,167135
2026-04-16 13:00:00,1332.3,1333.0,1331.3,1332.4,173996
2026-04-16 13:05:00,1332.4,1333.3,1330.0,1331.7,389055
2026-04-16 13:10:00,1331.7,1332.5,1330.5,1332.3,164300
2026-04-16 13:15:00,1331.8,1333.5,1331.7,1333.4,119603
2026-04-16 13:20:00,1333.2,1334.9,1331.3,1332.0,559864
2026-04-16 13:25:00,1332.0,1333.1,1331.3,1332.4,219209
2026-04-16 13:30:00,1332.5,1334.0,1332.3,1333.7,117641
2026-04-16 13:35:00,1333.7,1333.7,1332.7,1333.4,85669
2026-04-16 13:40:00,1333.4,1334.0,1333.1,1333.7,119478
2026-04-16 13:45:00,1333.7,1334.6,1333.6,1334.2,115278
2026-04-16 13:50:00,1334.3,1336.2,1332.5,1335.5,703683
2026-04-16 13:55:00,1335.3,1336.9,1334.4,1336.1,872247
2026-04-16 14:00:00,1336.0,1336.2,1333.7,1334.7,200084
2026-04-16 14:05:00,1334.6,1336.4,1334.2,1336.2,266272
2026-04-16 14:10:00,1336.3,1337.5,1336.0,1336.8,232957
2026-04-16 14:15:00,1337.0,1338.4,1336.5,1337.5,260654
2026-04-16 14:20:00,1337.5,1338.0,1336.9,1337.7,140089
2026-04-16 14:25:00,1337.7,1339.5,1337.4,1339.5,152363
2026-04-16 14:30:00,1339.5,1340.6,1338.8,1340.5,341285
2026-04-16 14:35:00,1340.6,1341.0,1339.0,1340.8,421367
2026-04-16 14:40:00,1340.6,1341.5,1339.8,1341.0,374795
2026-04-16 14:45:00,1341.3,1341.8,1341.0,1341.5,257604
2026-04-16 14:50:00,1341.9,1343.0,1340.3,1341.9,701530
2026-04-16 14:55:00,1341.9,1342.8,1340.6,1342.0,337149
2026-04-16 15:00:00,1341.7,1345.6,1339.6,1342.1,1942057
2026-04-16 15:05:00,1342.4,1343.8,1339.8,1340.0,1637708
2026-04-16 15:10:00,1340.2,1345.7,1339.9,1343.5,1731110
2026-04-16 15:15:00,1343.1,1345.6,1341.5,1342.2,992763
2026-04-16 15:20:00,1342.2,1346.0,1342.2,1345.6,560510
2026-04-16 15:25:00,1345.5,1346.8,1344.4,1345.8,414377
2026-04-17 09:15:00,1341.4,1351.5,1341.4,1346.0,0
2026-04-17 09:20:00,1346.5,1347.2,1343.7,1343.7,179799
2026-04-17 09:25:00,1344.0,1347.1,1343.8,1346.9,140555
2026-04-17 09:30:00,1346.8,1347.7,1345.6,1347.0,134905
2026-04-17 09:35:00,1347.0,1348.4,1345.1,1348.4,133820
2026-04-17 09:40:00,1348.0,1349.0,1346.6,1347.4,100487
2026-04-17 09:45:00,1347.9,1347.9,1346.7,1347.5,80066
2026-04-17 09:50:00,1347.7,1348.2,1347.4,1348.2,70949
2026-04-17 09:55:00,1348.5,1349.5,1347.7,1348.9,228954
2026-04-17 10:00:00,1348.7,1350.3,1348.5,1349.2,289724
2026-04-17 10:05:00,1349.5,1351.8,1348.9,1350.0,223488
2026-04-17 10:10:00,1350.1,1350.1,1349.2,1349.8,132701
2026-04-17 10:15:00,1349.7,1350.6,1349.4,1350.3,75000
2026-04-17 10:20:00,1350.2,1350.3,1349.4,1350.0,45247
2026-04-17 10:25:00,1350.0,1350.0,1348.7,1349.0,121065
2026-04-17 10:30:00,1348.7,1349.4,1348.0,1348.8,79869
2026-04-17 10:35:00,1348.7,1351.7,1348.7,1350.7,265962
2026-04-17 10:40:00,1350.6,1350.9,1350.0,1350.8,101868
2026-04-17 10:45:00,1350.9,1351.4,1350.6,1351.0,91429
2026-04-17 10:50:00,1350.8,1351.2,1350.7,1351.1,47714
2026-04-17 10:55:00,1351.3,1351.8,1351.2,1351.2,69508
2026-04-17 11:00:00,1351.2,1352.8,1351.1,1351.9,165194
2026-04-17 11:05:00,1351.7,1357.0,1351.7,1356.9,288456
2026-04-17 11:10:00,1357.0,1364.1,1356.8,1361.2,408663
2026-04-17 11:15:00,1361.5,1363.9,1361.5,1363.5,274464
2026-04-17 11:20:00,1363.8,1366.8,1363.8,1365.7,280933
2026-04-17 11:25:00,1365.7,1367.0,1364.2,1365.0,186234
2026-04-17 11:30:00,1365.0,1367.1,1364.0,1366.5,144706
2026-04-17 11:35:00,1366.7,1367.9,1366.4,1367.3,131241
2026-04-17 11:40:00,1367.5,1367.7,1365.3,1365.4,86550
2026-04-17 11:45:00,1365.2,1365.6,1362.4,1362.9,146731
2026-04-17 11:50:00,1363.0,1368.0,1362.9,1367.8,313320
2026-04-17 11:55:00,1368.0,1368.1,1362.0,1362.1,402632
2026-04-17 12:00:00,1362.1,1362.4,1359.5,1360.9,673958
2026-04-17 12:05:00,1360.8,1364.7,1360.8,1363.5,538304
2026-04-17 12:10:00,1363.8,1363.8,1362.4,1362.8,60060
2026-04-17 12:15:00,1362.7,1364.9,1362.6,1364.2,74776
2026-04-17 12:20:00,1363.9,1364.5,1363.3,1363.5,54698
2026-04-17 12:25:00,1363.5,1363.8,1362.2,1362.9,73105
2026-04-17 12:30:00,1362.9,1363.1,1361.6,1362.0,91063
2026-04-17 12:35:00,1361.7,1362.5,1361.5,1362.0,134065
2026-04-17 12:40:00,1362.1,1362.2,1360.4,1360.6,106868
2026-04-17 12:45:00,1360.8,1361.9,1360.7,1361.4,98799
2026-04-17 12:50:00,1361.4,1361.6,1360.5,1361.5,38182
2026-04-17 12:55:00,1361.7,1361.8,1360.1,1360.7,48757
2026-04-17 13:00:00,1360.6,1360.8,1359.2,1360.0,132522
2026-04-17 13:05:00,1359.8,1362.5,1359.8,1362.2,85429
2026-04-17 13:10:00,1362.1,1362.4,1360.8,1360.8,112211
2026-04-17 13:15:00,1360.8,1361.2,1357.3,1357.5,211781
2026-04-17 13:20:00,1357.4,1359.4,1357.0,1357.9,189240
2026-04-17 13:25:00,1357.8,1359.8,1357.4,1359.5,105191
2026-04-17 13:30:00,1359.5,1360.4,1359.0,1360.3,136132
2026-04-17 13:35:00,1360.3,1362.6,1359.2,1361.9,95223
2026-04-17 13:40:00,1361.8,1363.0,1361.2,1361.9,95009
2026-04-17 13:45:00,1361.9,1362.2,1360.9,1361.5,55077
2026-04-17 13:50:00,1361.9,1362.2,1361.6,1362.2,65864
2026-04-17 13:55:00,1362.4,1363.2,1361.9,1362.8,65407
2026-04-17 14:00:00,1362.9,1363.6,1362.7,1362.9,63079
2026-04-17 14:05:00,1362.9,1363.5,1362.5,1363.1,52378
2026-04-17 14:10:00,1362.9,1364.0,1362.9,1363.4,48708
2026-04-17 14:15:00,1363.5,1364.3,1363.1,1364.2,117173
2026-04-17 14:20:00,1364.3,1364.8,1363.2,1364.8,154986
2026-04-17 14:25:00,1364.8,1364.9,1361.2,1361.2,167507
2026-04-17 14:30:00,1361.2,1361.4,1358.9,1359.5,306557
2026-04-17 14:35:00,1359.9,1361.3,1358.3,1360.4,164661
2026-04-17 14:40:00,1360.4,1363.4,1359.7,1362.9,260490
2026-04-17 14:45:00,1363.3,1364.5,1362.0,1364.2,460903
2026-04-17 14:50:00,1363.9,1364.2,1363.0,1363.6,107504
2026-04-17 14:55:00,1363.6,1364.5,1363.5,1364.4,96774
2026-04-17 15:00:00,1364.5,1365.3,1363.0,1364.8,553494
2026-04-17 15:05:00,1364.8,1366.8,1364.2,1366.1,447910
2026-04-17 15:10:00,1366.2,1366.4,1365.4,1365.5,321142
2026-04-17 15:15:00,1365.5,1365.7,1365.0,1365.3,328916
2026-04-17 15:20:00,1365.4,1365.4,1365.0,1365.4,318008
2026-04-17 15:25:00,1365.1,1365.5,1363.1,1364.5,333564
2026-04-20 09:15:00,1362.8,1362.8,1352.9,1359.0,0
2026-04-20 09:20:00,1359.7,1360.3,1358.0,1360.3,282923
2026-04-20 09:25:00,1360.0,1364.7,1360.0,1364.2,259214
2026-04-20 09:30:00,1364.2,1365.0,1360.0,1360.9,196867
2026-04-20 09:35:00,1361.2,1362.3,1359.1,1359.5,224122
2026-04-20 09:40:00,1359.6,1360.0,1357.5,1357.9,198527
2026-04-20 09:45:00,1358.6,1358.8,1355.7,1357.1,285772
2026-04-20 09:50:00,1357.1,1359.0,1355.8,1359.0,171129
2026-04-20 09:55:00,1359.5,1360.2,1358.8,1359.4,90707
2026-04-20 10:00:00,1359.5,1360.0,1358.3,1359.1,77548
2026-04-20 10:05:00,1359.2,1360.8,1358.9,1360.8,53593
2026-04-20 15:05:00,1365.0,1365.0,1363.1,1363.8,9823627
2026-04-20 15:10:00,1363.7,1364.5,1363.5,1364.0,172828
2026-04-20 15:15:00,1363.9,1364.7,1361.7,1362.4,427065
2026-04-20 15:20:00,1362.2,1363.0,1360.3,1361.3,477494
2026-04-20 15:25:00,1361.2,1363.0,1360.1,1362.9,274666
2026-04-21 09:15:00,1360.8,1367.7,1360.8,1364.7,0
2026-04-21 09:20:00,1365.3,1366.1,1362.4,1363.9,179452
2026-04-21 09:25:00,1363.9,1363.9,1361.5,1361.5,136758
2026-04-21 09:30:00,1361.2,1361.2,1359.0,1361.0,266918
2026-04-21 09:35:00,1361.2,1362.0,1360.3,1361.0,141832
2026-04-21 09:40:00,1361.1,1361.1,1359.3,1360.6,142949
2026-04-21 09:45:00,1360.6,1363.2,1360.6,1362.3,254102
2026-04-21 09:50:00,1362.3,1363.0,1361.9,1362.9,115696
2026-04-21 09:55:00,1362.9,1363.0,1361.3,1362.0,166484
2026-04-21 10:00:00,1362.0,1364.4,1361.8,1364.4,200451
2026-04-21 10:05:00,1364.4,1364.6,1363.0,1363.9,170731
2026-04-21 10:10:00,1363.7,1363.9,1362.5,1363.3,95068
2026-04-21 10:15:00,1363.3,1364.0,1363.0,1363.2,109221
2026-04-21 10:20:00,1363.0,1363.2,1360.4,1360.9,244878
2026-04-21 10:25:00,1360.9,1361.2,1360.4,1361.1,103293
2026-04-21 10:30:00,1361.5,1362.3,1360.4,1362.3,174433
2026-04-21 10:35:00,1362.2,1362.9,1361.7,1362.6,134999
2026-04-21 10:40:00,1362.6,1363.0,1362.0,1362.5,84633
2026-04-21 10:45:00,1362.5,1362.5,1361.0,1361.5,106980
2026-04-21 10:50:00,1361.3,1363.9,1361.3,1363.5,211406
2026-04-21 10:55:00,1363.9,1367.2,1363.6,1367.2,399024
2026-04-21 11:00:00,1367.3,1368.9,1366.6,1368.0,221265
2026-04-21 11:05:00,1368.0,1369.8,1367.0,1367.1,377323
2026-04-21 11:10:00,1367.6,1367.6,1365.8,1366.8,134190
2026-04-21 11:15:00,1367.0,1367.0,1365.4,1366.4,147205
2026-04-21 11:20:00,1366.5,1366.5,1364.3,1364.6,102499
2026-04-21 11:25:00,1365.0,1365.0,1361.2,1361.6,209856
2026-04-21 11:30:00,1361.6,1361.6,1359.3,1359.6,342003
2026-04-21 11:35:00,1359.6,1360.0,1358.7,1358.9,282798
2026-04-21 11:40:00,1358.9,1360.6,1357.6,1360.6,339492
2026-04-21 11:45:00,1360.4,1362.7,1358.4,1358.6,470037
2026-04-21 11:50:00,1358.3,1360.0,1358.2,1359.9,76312
2026-04-21 11:55:00,1359.6,1360.8,1359.0,1360.0,90709
2026-04-21 12:00:00,1360.0,1360.8,1359.6,1359.9,261136
2026-04-21 12:05:00,1360.0,1363.3,1358.5,1363.3,141815
2026-04-21 12:10:00,1359.4,1360.8,1359.0,1359.2,352951
2026-04-21 12:15:00,1359.3,1359.9,1358.0,1359.7,205440
2026-04-21 12:20:00,1359.8,1359.9,1358.2,1358.2,267443
2026-04-21 12:25:00,1358.3,1359.2,1357.0,1357.2,319543
2026-04-21 12:30:00,1357.2,1359.0,1357.1,1358.0,441305
2026-04-21 12:35:00,1358.0,1359.0,1357.2,1357.7,272416
2026-04-21 12:40:00,1357.7,1357.7,1355.6,1356.6,466218
2026-04-21 12:45:00,1356.7,1356.7,1355.8,1356.4,125563
2026-04-21 12:50:00,1356.5,1356.9,1355.1,1356.0,492863
2026-04-21 12:55:00,1356.2,1357.7,1356.0,1356.9,208895
2026-04-21 13:00:00,1356.9,1357.3,1355.6,1355.6,259178
2026-04-21 13:05:00,1355.7,1356.1,1354.5,1355.1,1015857
2026-04-21 13:10:00,1355.2,1355.3,1354.3,1354.8,177057
2026-04-21 13:15:00,1354.9,1356.2,1352.5,1352.7,268137
2026-04-21 13:20:00,1352.9,1354.0,1352.4,1353.8,329637
2026-04-21 13:25:00,1353.9,1355.3,1352.8,1355.2,451343
2026-04-21 13:30:00,1355.3,1356.8,1354.7,1356.0,283481
2026-04-21 13:35:00,1356.0,1356.7,1353.7,1354.6,331075
2026-04-21 13:40:00,1354.6,1355.2,1353.0,1353.1,274860
2026-04-21 13:45:00,1353.5,1354.1,1352.3,1352.3,461401
2026-04-21 13:50:00,1352.5,1354.5,1352.5,1353.3,201163
2026-04-21 13:55:00,1353.3,1355.0,1353.3,1353.7,299574
2026-04-21 14:00:00,1353.9,1354.4,1351.3,1352.7,879582
2026-04-21 14:05:00,1352.7,1353.6,1352.5,1352.6,182777
2026-04-21 14:10:00,1352.6,1353.6,1352.1,1352.1,273951
2026-04-21 14:15:00,1352.2,1355.0,1351.5,1353.4,638738
2026-04-21 14:20:00,1353.4,1355.5,1353.4,1355.0,238627
2026-04-21 14:25:00,1355.0,1355.9,1354.6,1355.6,396098
2026-04-21 14:30:00,1355.7,1356.4,1355.5,1355.8,226156
2026-04-21 14:35:00,1355.9,1356.4,1355.5,1355.5,245567
2026-04-21 14:40:00,1355.5,1355.7,1353.5,1353.5,297032
2026-04-21 14:45:00,1353.8,1355.0,1352.8,1353.8,324130
2026-04-21 14:50:00,1353.8,1355.0,1353.2,1353.3,239153
2026-04-21 14:55:00,1353.5,1354.1,1353.1,1353.5,195439
2026-04-21 15:00:00,1353.7,1355.4,1350.4,1350.8,3327384
2026-04-21 15:05:00,1350.9,1355.8,1350.7,1353.3,2188637
2026-04-21 15:10:00,1353.2,1355.5,1352.4,1352.8,857269
2026-04-21 15:15:00,1352.9,1355.3,1352.5,1354.0,740775
2026-04-21 15:20:00,1354.1,1356.0,1353.4,1354.0,736104
2026-04-21 15:25:00,1354.1,1355.0,1353.3,1353.3,391079
2026-04-22 09:15:00,1353.4,1357.9,1352.0,1355.3,0
2026-04-22 09:20:00,1355.0,1357.0,1354.5,1354.5,188026
2026-04-22 09:25:00,1355.7,1355.7,1351.5,1351.5,145369
2026-04-22 09:30:00,1351.3,1353.7,1351.3,1352.9,86605
2026-04-22 09:35:00,1353.0,1354.2,1352.3,1353.2,72750
2026-04-22 09:40:00,1353.1,1355.0,1353.1,1354.1,67255
2026-04-22 09:45:00,1354.1,1354.2,1350.7,1351.6,113952
2026-04-22 09:50:00,1351.6,1353.3,1351.6,1352.5,95535
2026-04-22 09:55:00,1352.3,1352.7,1351.2,1352.0,104565
2026-04-22 10:00:00,1351.6,1352.7,1350.2,1352.4,179980
2026-04-22 10:05:00,1352.1,1353.6,1351.2,1353.6,75229
2026-04-22 10:10:00,1353.7,1356.6,1353.7,1356.0,134689
2026-04-22 10:15:00,1355.9,1358.9,1355.9,1358.9,114193
2026-04-22 10:20:00,1358.8,1359.6,1357.0,1358.0,189009
2026-04-22 10:25:00,1357.9,1358.2,1357.0,1358.0,58674
2026-04-22 10:30:00,1357.8,1358.0,1357.1,1357.9,66732
2026-04-22 10:35:00,1358.0,1360.3,1358.0,1359.9,84494
2026-04-22 10:40:00,1360.0,1360.3,1359.2,1359.8,99370
2026-04-22 10:45:00,1359.8,1362.0,1359.6,1361.6,216661
2026-04-22 10:50:00,1361.6,1363.2,1361.3,1362.9,146913
2026-04-22 10:55:00,1362.9,1363.2,1361.1,1362.2,88907
2026-04-22 11:00:00,1362.3,1363.6,1361.4,1363.6,118941
2026-04-22 11:05:00,1363.8,1365.3,1363.0,1364.3,366528
2026-04-22 11:10:00,1363.8,1365.0,1363.3,1363.9,145665
2026-04-22 11:15:00,1364.0,1364.0,1362.6,1362.9,128636
2026-04-22 11:20:00,1362.9,1364.2,1362.9,1364.2,110684
2026-04-22 11:25:00,1364.0,1364.4,1362.6,1363.3,93512
2026-04-22 11:30:00,1363.2,1363.6,1362.0,1362.1,117058
2026-04-22 11:35:00,1362.0,1362.5,1361.5,1362.0,84684
2026-04-22 11:40:00,1362.1,1363.1,1362.1,1362.6,55973
2026-04-22 11:45:00,1362.3,1362.6,1361.5,1362.1,77939
2026-04-22 11:50:00,1362.3,1363.0,1362.0,1362.8,55517
2026-04-22 11:55:00,1363.0,1363.7,1362.6,1363.7,77010
2026-04-22 12:00:00,1363.6,1364.6,1363.5,1364.2,90192
2026-04-22 12:05:00,1364.2,1364.5,1363.3,1364.3,70032
2026-04-22 12:10:00,1364.3,1364.3,1362.1,1363.6,108180
2026-04-22 12:15:00,1363.2,1363.6,1362.3,1362.5,85926
2026-04-22 12:20:00,1362.6,1363.1,1362.2,1362.4,72972
2026-04-22 12:25:00,1362.3,1364.0,1361.7,1362.3,149670
2026-04-22 12:30:00,1362.3,1363.8,1362.3,1363.6,81487
2026-04-22 12:35:00,1363.7,1364.0,1361.6,1362.6,116546
2026-04-22 12:40:00,1362.2,1362.9,1362.2,1362.9,58723
2026-04-22 12:45:00,1362.7,1362.9,1361.6,1362.0,90499
2026-04-22 12:50:00,1361.8,1363.9,1361.6,1363.5,77046
2026-04-22 12:55:00,1363.6,1364.3,1363.3,1363.5,78260
2026-04-22 13:00:00,1363.3,1363.9,1362.5,1363.4,92413
2026-04-22 13:05:00,1363.3,1364.4,1363.3,1363.3,98538
2026-04-22 13:10:00,1363.7,1363.9,1362.1,1363.4,111348
2026-04-22 13:15:00,1363.5,1363.7,1361.6,1361.6,98683
2026-04-22 13:20:00,1361.7,1362.2,1359.6,1361.0,151428
2026-04-22 13:25:00,1361.0,1361.8,1360.3,1361.7,110924
2026-04-22 13:30:00,1361.7,1362.0,1360.4,1361.3,100076
2026-04-22 13:35:00,1361.5,1361.9,1360.7,1360.8,68284
2026-04-22 13:40:00,1360.8,1361.8,1360.7,1361.4,69319
2026-04-22 13:45:00,1361.4,1361.8,1360.7,1361.7,54677
2026-04-22 13:50:00,1361.6,1361.7,1359.4,1359.6,112712
2026-04-22 13:55:00,1359.9,1361.5,1359.6,1361.0,57907
2026-04-22 14:00:00,1361.1,1361.7,1359.8,1359.8,121300
2026-04-22 14:05:00,1359.8,1360.7,1359.5,1360.4,74186
2026-04-22 14:10:00,1360.2,1360.2,1359.0,1360.1,119823
2026-04-22 14:15:00,1360.6,1360.9,1359.1,1359.1,155402
2026-04-22 14:20:00,1359.4,1359.8,1358.6,1359.5,123122
2026-04-22 14:25:00,1359.6,1360.7,1359.3,1359.9,82610
2026-04-22 14:30:00,1359.9,1360.9,1359.4,1360.5,120408
2026-04-22 14:35:00,1360.5,1360.9,1359.6,1359.9,119771
2026-04-22 14:40:00,1360.1,1361.0,1360.0,1360.7,91956
2026-04-22 14:45:00,1360.7,1361.9,1360.4,1361.2,169872
2026-04-22 14:50:00,1360.7,1361.3,1360.5,1360.8,103359
2026-04-22 14:55:00,1360.8,1363.0,1360.8,1362.3,191669
2026-04-22 15:00:00,1362.2,1362.3,1360.0,1360.9,408174
2026-04-22 15:05:00,1360.6,1360.9,1360.0,1360.4,209227
2026-04-22 15:10:00,1360.4,1363.5,1360.2,1363.5,248059
2026-04-22 15:15:00,1363.4,1365.9,1362.8,1363.0,381644
2026-04-22 15:20:00,1363.1,1364.0,1363.0,1363.3,196414
2026-04-22 15:25:00,1363.3,1363.8,1360.1,1362.0,237919
2026-04-23 09:15:00,1352.2,1355.0,1347.7,1354.5,0
2026-04-23 09:20:00,1354.4,1355.0,1352.5,1353.4,257547
2026-04-23 09:25:00,1353.1,1355.3,1352.0,1354.9,287323
2026-04-23 09:30:00,1354.9,1354.9,1352.4,1353.1,274558
2026-04-23 09:35:00,1353.1,1353.8,1352.7,1353.3,116472
2026-04-23 09:40:00,1353.5,1353.8,1352.3,1353.7,171504
2026-04-23 09:45:00,1353.0,1354.2,1352.5,1353.5,164332
2026-04-23 09:50:00,1353.8,1354.7,1352.2,1354.0,125531
2026-04-23 09:55:00,1353.5,1354.3,1352.5,1352.5,73089
2026-04-23 10:00:00,1352.8,1353.1,1352.0,1353.0,88175
2026-04-23 10:05:00,1352.9,1353.9,1352.4,1353.1,319614
2026-04-23 10:10:00,1353.3,1353.3,1352.0,1352.9,80297
2026-04-23 10:15:00,1353.0,1354.3,1351.9,1353.7,185340
2026-04-23 10:20:00,1353.9,1354.4,1352.7,1353.0,63579
2026-04-23 10:25:00,1353.0,1353.3,1351.6,1352.0,79778
2026-04-23 10:30:00,1351.6,1352.0,1349.2,1349.3,152525
2026-04-23 10:35:00,1349.7,1349.9,1347.2,1347.6,308355
2026-04-23 10:40:00,1348.0,1348.5,1347.1,1347.6,179577
2026-04-23 10:45:00,1347.8,1348.0,1344.1,1346.1,372641
2026-04-23 10:50:00,1346.1,1347.6,1345.6,1347.0,170235
2026-04-23 10:55:00,1347.1,1348.3,1346.5,1348.2,137385
2026-04-23 11:00:00,1348.2,1348.5,1346.5,1347.2,176892
2026-04-23 11:05:00,1347.1,1348.1,1346.5,1347.1,88544
2026-04-23 11:10:00,1347.5,1348.0,1346.4,1346.7,189519
2026-04-23 11:15:00,1346.7,1347.8,1346.3,1346.5,213710
2026-04-23 11:20:00,1346.6,1347.3,1346.0,1346.1,113697
2026-04-23 11:25:00,1346.1,1346.3,1345.3,1345.8,81072
2026-04-23 11:30:00,1345.8,1346.8,1345.5,1345.8,60076
2026-04-23 11:35:00,1345.8,1347.5,1345.2,1346.9,126208
2026-04-23 11:40:00,1347.2,1347.3,1345.5,1346.0,116709
2026-04-23 11:45:00,1346.0,1347.7,1345.7,1347.2,71526
2026-04-23 11:50:00,1347.1,1348.8,1347.0,1348.5,85649
2026-04-23 11:55:00,1348.5,1348.6,1347.2,1347.7,120321
2026-04-23 12:00:00,1347.7,1348.6,1347.0,1347.9,103411
2026-04-23 12:05:00,1347.7,1348.9,1347.7,1348.9,143866
2026-04-23 12:10:00,1348.2,1351.8,1348.2,1351.5,131455
2026-04-23 12:15:00,1351.5,1352.0,1351.0,1351.0,83481
2026-04-23 12:20:00,1351.0,1351.4,1350.4,1351.0,77530
2026-04-23 12:25:00,1351.0,1351.0,1348.1,1348.5,163992
2026-04-23 12:30:00,1348.9,1349.9,1346.7,1347.0,204086
2026-04-23 12:35:00,1347.0,1348.6,1346.2,1348.1,124514
2026-04-23 12:40:00,1348.1,1349.4,1347.8,1349.0,128253
2026-04-23 12:45:00,1349.2,1349.5,1347.0,1348.6,82237
2026-04-23 12:50:00,1348.3,1350.9,1348.2,1350.3,76237
2026-04-23 12:55:00,1350.2,1351.6,1350.2,1351.3,76513
2026-04-23 13:00:00,1351.5,1351.7,1350.5,1351.5,55040
2026-04-23 13:05:00,1351.7,1351.9,1350.7,1351.3,72532
2026-04-23 13:10:00,1351.4,1352.7,1351.4,1352.2,55327
2026-04-23 13:15:00,1352.2,1353.1,1351.6,1353.1,160999
2026-04-23 13:20:00,1353.2,1354.7,1352.3,1354.3,221256
2026-04-23 13:25:00,1354.3,1355.0,1351.1,1352.8,291624
2026-04-23 13:30:00,1352.6,1353.0,1351.9,1352.5,78859
2026-04-23 13:35:00,1352.4,1352.4,1350.1,1350.3,82895
2026-04-23 13:40:00,1350.8,1351.2,1349.1,1350.3,868222
2026-04-23 13:45:00,1350.3,1351.5,1349.8,1350.5,78825
2026-04-23 13:50:00,1350.9,1352.7,1350.8,1352.4,56470
2026-04-23 13:55:00,1352.4,1353.3,1352.3,1352.5,84954
2026-04-23 14:00:00,1352.6,1352.6,1350.0,1350.8,501965
2026-04-23 14:05:00,1350.9,1351.3,1349.4,1349.5,121580
2026-04-23 14:10:00,1349.5,1350.0,1349.0,1349.4,114320
2026-04-23 14:15:00,1349.1,1351.2,1349.0,1349.1,177413
2026-04-23 14:20:00,1349.0,1349.6,1347.1,1347.1,228591
2026-04-23 14:25:00,1347.0,1347.7,1345.6,1346.2,172233
2026-04-23 14:30:00,1346.2,1347.0,1345.2,1345.3,119986
2026-04-23 14:35:00,1345.2,1345.7,1344.2,1344.4,183060
2026-04-23 14:40:00,1344.2,1344.6,1343.0,1343.7,180086
2026-04-23 14:45:00,1343.7,1344.7,1342.5,1343.7,157890
2026-04-23 14:50:00,1343.7,1345.2,1343.3,1344.1,341656
2026-04-23 14:55:00,1344.2,1344.3,1343.2,1343.9,129141
2026-04-23 15:00:00,1343.6,1346.6,1342.4,1343.7,1574839
2026-04-23 15:05:00,1344.3,1345.4,1342.4,1343.7,795630
2026-04-23 15:10:00,1343.4,1343.4,1340.8,1341.9,601931
2026-04-23 15:15:00,1342.0,1343.2,1340.7,1343.1,619452
2026-04-23 15:20:00,1343.2,1343.9,1342.1,1343.0,412138
2026-04-23 15:25:00,1343.5,1344.6,1342.3,1344.4,304290
2026-04-24 09:15:00,1341.1,1345.0,1340.0,1341.5,0
2026-04-24 09:20:00,1340.2,1342.0,1337.4,1340.0,327257
2026-04-24 09:25:00,1339.2,1339.6,1338.4,1338.4,176137
2026-04-24 09:30:00,1338.2,1339.9,1337.5,1339.4,234434
2026-04-24 09:35:00,1339.5,1340.5,1338.1,1338.5,176277
2026-04-24 09:40:00,1338.5,1338.5,1335.5,1335.5,126626
2026-04-24 09:45:00,1335.8,1337.0,1334.3,1337.0,127986
2026-04-24 09:50:00,1337.0,1338.5,1336.4,1337.0,168827
2026-04-24 09:55:00,1337.0,1338.0,1336.9,1337.7,65614
2026-04-24 10:00:00,1337.7,1338.5,1337.3,1337.5,74814
2026-04-24 10:05:00,1337.9,1338.9,1337.3,1338.0,300022
2026-04-24 10:10:00,1338.0,1338.3,1337.5,1338.3,85489
2026-04-24 10:15:00,1337.7,1338.2,1336.7,1336.7,572256
2026-04-24 10:20:00,1336.5,1336.6,1333.0,1334.0,147209
2026-04-24 10:25:00,1334.0,1336.0,1333.3,1335.8,67272
2026-04-24 10:30:00,1335.5,1336.2,1334.7,1335.1,54935
2026-04-24 10:35:00,1335.2,1335.5,1333.7,1335.5,110003
2026-04-24 10:40:00,1335.3,1336.1,1333.0,1333.5,57996
2026-04-24 10:45:00,1333.5,1333.8,1331.4,1331.6,80549
2026-04-24 10:50:00,1332.1,1333.8,1331.7,1333.7,85566
2026-04-24 10:55:00,1333.7,1334.2,1331.3,1331.7,157320
2026-04-24 11:00:00,1331.7,1331.8,1329.4,1331.1,158482
2026-04-24 11:05:00,1331.4,1331.6,1330.1,1330.7,107153
2026-04-24 11:10:00,1330.3,1332.4,1330.1,1332.1,56334
2026-04-24 11:15:00,1332.1,1332.7,1330.5,1331.6,211321
2026-04-24 11:20:00,1331.5,1334.5,1331.1,1333.6,123611
2026-04-24 11:25:00,1333.8,1335.8,1333.4,1335.5,93180
2026-04-24 11:30:00,1335.6,1336.1,1335.3,1335.7,59896
2026-04-24 11:35:00,1335.2,1335.8,1333.9,1334.0,79177
2026-04-24 11:40:00,1334.0,1334.5,1332.5,1334.5,277000
2026-04-24 11:45:00,1334.5,1335.7,1334.4,1334.4,84928
2026-04-24 11:50:00,1334.5,1334.7,1333.1,1333.4,67261
2026-04-24 11:55:00,1333.0,1333.0,1331.4,1331.6,164181
2026-04-24 12:00:00,1332.0,1333.3,1331.3,1333.0,41024
2026-04-24 12:05:00,1333.1,1333.2,1332.1,1333.0,55762
2026-04-24 12:10:00,1333.0,1333.0,1331.5,1332.8,75376
2026-04-24 12:15:00,1333.0,1333.7,1332.1,1332.1,102084
2026-04-24 12:20:00,1332.4,1332.6,1329.3,1329.9,107780
2026-04-24 12:25:00,1329.9,1330.2,1327.5,1327.7,123430
2026-04-24 12:30:00,1327.7,1330.5,1326.8,1330.4,194003
2026-04-24 12:35:00,1330.5,1330.5,1328.2,1330.0,172316
2026-04-24 12:40:00,1329.9,1330.2,1328.5,1329.2,53775
2026-04-24 12:45:00,1329.2,1330.7,1328.5,1329.9,80909
2026-04-24 12:50:00,1330.0,1331.0,1329.5,1330.5,51221
2026-04-24 12:55:00,1330.2,1331.4,1329.3,1330.0,65831
2026-04-24 13:00:00,1330.2,1330.2,1327.7,1328.0,100454
2026-04-24 13:05:00,1327.9,1329.0,1327.7,1328.6,62769
2026-04-24 13:10:00,1328.5,1329.3,1327.7,1328.9,204719
2026-04-24 13:15:00,1328.9,1329.9,1328.2,1329.7,152362
2026-04-24 13:20:00,1329.7,1331.2,1329.7,1330.3,133050
2026-04-24 13:25:00,1330.4,1333.0,1329.7,1332.7,124857
2026-04-24 13:30:00,1332.6,1332.9,1328.7,1329.5,159391
2026-04-24 13:35:00,1329.4,1330.4,1328.7,1329.4,170895
2026-04-24 13:40:00,1329.5,1330.8,1328.7,1330.0,135363
2026-04-24 13:45:00,1330.0,1331.1,1329.9,1330.0,201228
2026-04-24 13:50:00,1329.9,1331.1,1329.9,1330.4,182949
2026-04-24 13:55:00,1330.6,1331.0,1329.7,1329.8,159475
2026-04-24 14:00:00,1329.8,1330.1,1328.8,1329.8,178127
2026-04-24 14:05:00,1329.9,1330.0,1327.7,1328.6,161915
2026-04-24 14:10:00,1328.6,1329.1,1328.1,1328.2,40608
2026-04-24 14:15:00,1327.9,1328.9,1327.7,1327.9,43474
2026-04-24 14:20:00,1327.9,1329.1,1327.5,1328.2,95116
2026-04-24 14:25:00,1328.1,1329.5,1328.1,1329.3,41350
2026-04-24 14:30:00,1329.1,1330.3,1328.0,1328.4,152646
2026-04-24 14:35:00,1328.5,1329.0,1327.6,1328.0,93385
2026-04-24 14:40:00,1328.0,1328.6,1327.8,1328.5,140732
2026-04-24 14:45:00,1328.5,1328.8,1328.0,1328.6,160077
2026-04-24 14:50:00,1328.6,1328.7,1327.7,1328.3,152888
2026-04-24 14:55:00,1328.6,1328.8,1328.0,1328.3,107982
2026-04-24 15:00:00,1328.2,1328.2,1325.5,1326.2,376221
2026-04-24 15:05:00,1326.2,1328.5,1325.8,1327.5,220696
2026-04-24 15:10:00,1327.5,1327.6,1326.6,1327.5,212107
2026-04-24 15:15:00,1327.5,1329.0,1327.4,1328.6,246705
2026-04-24 15:20:00,1328.5,1329.3,1327.8,1328.8,294144
2026-04-24 15:25:00,1329.1,1331.9,1328.7,1331.0,272214
2026-04-27 09:15:00,1312.3,1330.9,1311.1,1328.5,0
2026-04-27 09:20:00,1328.7,1330.0,1323.0,1323.0,480141
2026-04-27 09:25:00,1323.2,1327.7,1322.6,1326.7,426896
2026-04-27 09:30:00,1326.7,1327.7,1325.0,1325.9,340410
2026-04-27 09:35:00,1325.4,1327.7,1324.3,1324.9,313903
2026-04-27 09:40:00,1324.9,1325.9,1324.2,1324.7,252507
2026-04-27 09:45:00,1325.4,1330.7,1325.4,1330.1,533532
2026-04-27 09:50:00,1330.1,1337.3,1330.0,1336.9,448135
2026-04-27 09:55:00,1336.8,1342.7,1336.0,1342.4,610348
2026-04-27 10:00:00,1342.8,1344.8,1340.5,1340.5,323116
2026-04-27 10:05:00,1340.5,1341.9,1338.4,1339.5,297559
2026-04-27 10:10:00,1339.5,1340.7,1338.7,1339.3,161263
2026-04-27 10:15:00,1339.0,1341.5,1339.0,1339.9,192918
2026-04-27 10:20:00,1339.6,1339.7,1337.9,1338.0,113227
2026-04-27 10:25:00,1338.2,1338.7,1336.3,1336.9,140960
2026-04-27 10:30:00,1337.1,1337.1,1332.9,1333.8,204213
2026-04-27 10:35:00,1333.6,1336.8,1333.4,1334.4,233598
2026-04-27 10:40:00,1334.4,1336.4,1334.0,1335.8,199181
2026-04-27 10:45:00,1335.8,1336.2,1334.4,1336.1,270027
2026-04-27 10:50:00,1335.8,1338.2,1335.6,1338.1,440711
2026-04-27 10:55:00,1337.9,1340.6,1336.9,1337.3,655317
2026-04-27 11:00:00,1337.1,1337.6,1335.4,1336.5,143076
2026-04-27 11:05:00,1336.2,1337.7,1335.0,1336.0,176753
2026-04-27 11:10:00,1336.0,1337.1,1335.0,1336.7,105546
2026-04-27 11:15:00,1336.8,1339.3,1336.5,1339.1,179300
2026-04-27 11:20:00,1339.1,1339.2,1337.4,1337.9,130544
2026-04-27 11:25:00,1337.8,1337.9,1336.4,1337.1,110541
2026-04-27 11:30:00,1337.0,1337.4,1335.0,1335.9,154040
2026-04-27 11:35:00,1335.9,1336.6,1334.0,1335.0,227524
2026-04-27 11:40:00,1335.0,1336.1,1334.8,1335.1,191629
2026-04-27 11:45:00,1335.2,1337.4,1333.5,1337.0,172025
2026-04-27 11:50:00,1337.3,1338.1,1337.0,1337.9,149587
2026-04-27 11:55:00,1337.9,1340.5,1337.8,1340.1,207374
2026-04-27 12:00:00,1340.1,1340.2,1338.2,1339.9,235629
2026-04-27 12:05:00,1339.9,1341.5,1339.0,1341.3,247097
2026-04-27 12:10:00,1341.5,1342.0,1340.9,1341.1,140451
2026-04-27 12:15:00,1341.6,1341.6,1340.6,1341.0,129248
2026-04-27 12:20:00,1340.9,1341.1,1340.2,1340.9,127618
2026-04-27 12:25:00,1340.7,1345.5,1340.6,1343.7,328179
2026-04-27 12:30:00,1343.7,1345.0,1343.1,1345.0,162983
2026-04-27 12:35:00,1345.0,1350.6,1344.9,1349.0,429558
2026-04-27 12:40:00,1349.0,1351.0,1348.8,1349.7,192651
2026-04-27 12:45:00,1349.6,1349.9,1348.3,1348.8,151203
2026-04-27 12:50:00,1348.8,1349.2,1346.4,1346.8,148576
2026-04-27 12:55:00,1347.0,1347.7,1346.5,1347.4,126122
2026-04-27 13:00:00,1347.4,1348.4,1346.3,1346.8,174311
2026-04-27 13:05:00,1346.3,1346.7,1345.1,1346.3,200282
2026-04-27 13:10:00,1346.2,1347.7,1345.9,1347.5,177493
2026-04-27 13:15:00,1347.6,1348.9,1347.1,1348.0,149690
2026-04-27 13:20:00,1347.8,1350.6,1347.8,1349.8,281911
2026-04-27 13:25:00,1349.5,1350.9,1349.1,1350.0,114336
2026-04-27 13:30:00,1350.0,1350.5,1348.7,1350.2,112246
2026-04-27 13:35:00,1350.2,1350.8,1349.8,1350.4,81473
2026-04-27 13:40:00,1350.5,1354.0,1350.4,1354.0,193800
2026-04-27 13:45:00,1354.2,1354.2,1351.9,1353.3,190162
2026-04-27 13:50:00,1353.2,1356.4,1352.5,1356.0,305396
2026-04-27 13:55:00,1356.0,1357.2,1355.1,1356.0,367656
2026-04-27 14:00:00,1355.9,1357.5,1354.6,1357.3,244289
2026-04-27 14:05:00,1357.3,1358.2,1355.8,1355.8,233664
2026-04-27 14:10:00,1356.0,1356.2,1354.2,1356.0,257252
2026-04-27 14:15:00,1355.8,1355.8,1354.0,1354.2,238659
2026-04-27 14:20:00,1354.2,1356.5,1354.0,1356.1,240255
2026-04-27 14:25:00,1355.7,1356.8,1354.3,1356.6,371742
2026-04-27 14:30:00,1356.7,1356.8,1354.0,1356.0,275340
2026-04-27 14:35:00,1356.0,1357.0,1354.2,1356.0,362165
2026-04-27 14:40:00,1355.4,1360.7,1355.1,1360.4,619789
2026-04-27 14:45:00,1360.4,1360.5,1358.2,1360.4,695863
2026-04-27 14:50:00,1360.3,1365.9,1359.1,1365.9,625516
2026-04-27 14:55:00,1365.6,1368.0,1365.0,1365.3,519236
2026-04-27 15:00:00,1365.1,1365.7,1363.5,1365.7,1095457
2026-04-27 15:05:00,1365.7,1365.7,1364.0,1364.5,691481
2026-04-27 15:10:00,1364.8,1365.7,1364.1,1365.1,596648
2026-04-27 15:15:00,1365.1,1366.3,1364.6,1365.4,715061
2026-04-27 15:20:00,1365.8,1368.2,1365.8,1365.8,733636
2026-04-27 15:25:00,1366.2,1371.5,1365.0,1370.5,745951
2026-04-28 09:15:00,1358.9,1367.4,1357.1,1365.1,0
2026-04-28 09:20:00,1365.1,1367.6,1358.8,1360.1,707743
2026-04-28 09:25:00,1360.0,1366.3,1359.8,1363.8,513824
2026-04-28 09:30:00,1363.8,1364.4,1361.7,1363.4,293128
2026-04-28 09:35:00,1363.6,1364.8,1362.1,1364.6,270306
2026-04-28 09:40:00,1364.5,1367.7,1364.5,1367.4,421667
2026-04-28 09:45:00,1367.3,1367.5,1361.8,1364.8,405767
2026-04-28 09:50:00,1364.8,1366.0,1363.5,1366.0,412896
2026-04-28 09:55:00,1366.0,1368.7,1366.0,1368.4,239917
2026-04-28 10:00:00,1368.3,1369.7,1365.5,1365.6,2631015
2026-04-28 10:05:00,1365.6,1365.8,1362.6,1363.9,479536
2026-04-28 10:10:00,1363.9,1364.0,1362.5,1362.9,265220
2026-04-28 10:15:00,1362.6,1368.1,1362.3,1367.3,347072
2026-04-28 10:20:00,1367.0,1374.6,1366.9,1374.0,453927
2026-04-28 10:25:00,1373.5,1379.5,1373.5,1375.0,928618
2026-04-28 10:30:00,1375.0,1376.8,1374.9,1375.1,163987
2026-04-28 10:35:00,1375.2,1376.9,1373.6,1376.6,372410
2026-04-28 10:40:00,1376.4,1376.4,1374.9,1375.9,122367
2026-04-28 10:45:00,1375.9,1378.1,1375.5,1378.0,172891
2026-04-28 10:50:00,1378.2,1380.3,1378.1,1380.0,300974
2026-04-28 10:55:00,1380.0,1383.4,1379.5,1382.6,384599
2026-04-28 11:00:00,1383.1,1384.2,1381.5,1383.9,511913
2026-04-28 11:05:00,1383.9,1387.5,1383.5,1387.1,450074
2026-04-28 11:10:00,1387.1,1387.7,1384.4,1386.5,171903
2026-04-28 11:15:00,1386.6,1386.6,1383.1,1383.2,150641
2026-04-28 11:20:00,1383.3,1383.4,1380.8,1381.2,164920
2026-04-28 11:25:00,1381.2,1381.3,1374.2,1374.7,245310
2026-04-28 11:30:00,1374.6,1375.7,1372.7,1374.5,336731
2026-04-28 11:35:00,1374.5,1380.8,1373.9,1379.4,651374
2026-04-28 11:40:00,1379.5,1381.5,1378.3,1381.1,351786
2026-04-28 11:45:00,1381.2,1383.3,1379.8,1382.6,401959
2026-04-28 11:50:00,1383.0,1383.0,1379.0,1379.8,216021
2026-04-28 11:55:00,1379.2,1382.1,1379.0,1379.0,337264
2026-04-28 12:00:00,1379.2,1379.9,1378.1,1379.1,239160
2026-04-28 12:05:00,1379.6,1382.3,1378.6,1382.1,280946
2026-04-28 12:10:00,1382.1,1383.8,1382.0,1383.3,172223
2026-04-28 12:15:00,1383.2,1383.3,1381.6,1382.2,201336
2026-04-28 12:20:00,1382.2,1382.2,1379.0,1379.1,261318
2026-04-28 12:25:00,1379.1,1379.9,1377.1,1377.2,197597
2026-04-28 12:30:00,1377.0,1377.3,1374.2,1375.4,269398
2026-04-28 12:35:00,1375.4,1377.0,1375.1,1375.8,239216
2026-04-28 12:40:00,1376.1,1380.2,1375.8,1380.0,336074
2026-04-28 12:45:00,1380.0,1380.8,1377.8,1379.6,376149
2026-04-28 12:50:00,1379.9,1380.8,1379.4,1380.0,233113
2026-04-28 12:55:00,1380.1,1380.6,1379.4,1380.0,159076
2026-04-28 13:00:00,1380.1,1380.1,1375.8,1377.0,1175090
2026-04-28 13:05:00,1377.1,1379.3,1376.5,1378.5,501353
2026-04-28 13:10:00,1378.6,1379.4,1378.1,1379.1,175927
2026-04-28 13:15:00,1379.1,1381.8,1379.0,1381.5,155219
2026-04-28 13:20:00,1381.9,1382.8,1380.3,1382.4,166680
2026-04-28 13:25:00,1382.7,1383.9,1381.5,1381.9,162153
2026-04-28 13:30:00,1382.0,1382.1,1379.1,1380.0,344393
2026-04-28 13:35:00,1380.1,1381.8,1378.6,1381.7,656946
2026-04-28 13:40:00,1381.8,1386.5,1381.5,1385.5,530318
2026-04-28 13:45:00,1385.5,1385.5,1380.5,1380.7,327256
2026-04-28 13:50:00,1380.5,1382.9,1380.0,1382.5,257795
2026-04-28 13:55:00,1382.5,1383.9,1382.0,1383.1,246526
2026-04-28 14:00:00,1383.1,1384.5,1382.7,1383.9,196267
2026-04-28 14:05:00,1383.8,1384.2,1382.7,1384.0,377801
2026-04-28 14:10:00,1384.0,1384.0,1380.3,1380.6,568651
2026-04-28 14:15:00,1380.3,1383.2,1379.6,1382.1,529939
2026-04-28 14:20:00,1382.2,1385.1,1381.5,1384.9,728238
2026-04-28 14:25:00,1384.9,1385.5,1383.5,1384.9,409477
2026-04-28 14:30:00,1384.9,1390.3,1384.9,1387.0,1763773
2026-04-28 14:35:00,1387.3,1390.2,1387.3,1389.9,587460
2026-04-28 14:40:00,1389.7,1390.4,1389.1,1390.0,578783
2026-04-28 14:45:00,1390.1,1392.3,1390.0,1392.1,777070
2026-04-28 14:50:00,1392.1,1393.7,1391.6,1393.3,733214
2026-04-28 14:55:00,1393.2,1393.7,1390.0,1391.0,1322554
2026-04-28 15:00:00,1391.0,1392.3,1388.0,1389.1,2689067
2026-04-28 15:05:00,1389.3,1390.2,1386.3,1387.3,2049662
2026-04-28 15:10:00,1387.2,1387.5,1386.3,1387.0,1321585
2026-04-28 15:15:00,1387.0,1388.0,1386.0,1387.3,871020
2026-04-28 15:20:00,1387.8,1390.2,1387.2,1388.3,1078199
2026-04-28 15:25:00,1388.5,1394.0,1388.2,1394.0,1518632
2026-04-29 09:15:00,1392.0,1406.9,1392.0,1404.9,0
2026-04-29 09:20:00,1405.2,1409.5,1402.1,1404.0,400678
2026-04-29 09:25:00,1404.2,1404.3,1398.1,1400.9,699908
2026-04-29 09:30:00,1401.0,1405.7,1400.9,1403.7,298182
2026-04-29 09:35:00,1404.0,1405.8,1402.5,1404.4,570195
2026-04-29 09:40:00,1404.7,1406.8,1403.9,1405.0,211303
2026-04-29 09:45:00,1405.0,1405.4,1403.4,1404.5,198571
2026-04-29 09:50:00,1404.6,1406.5,1404.2,1405.0,144008
2026-04-29 09:55:00,1404.7,1406.7,1404.7,1405.9,104336
2026-04-29 10:00:00,1405.9,1408.0,1405.6,1407.7,795513
2026-04-29 10:05:00,1407.5,1410.4,1407.0,1410.3,414293
2026-04-29 10:10:00,1409.3,1412.2,1409.2,1411.6,335000
2026-04-29 10:15:00,1411.7,1413.5,1410.4,1413.0,207840
2026-04-29 10:20:00,1413.2,1425.3,1413.0,1425.2,843312
2026-04-29 10:25:00,1425.2,1427.6,1423.7,1424.9,911308
2026-04-29 10:30:00,1425.0,1427.4,1422.5,1425.6,383138
2026-04-29 10:35:00,1425.7,1426.3,1420.4,1420.9,224344
2026-04-29 10:40:00,1421.2,1421.4,1420.0,1420.3,208284
2026-04-29 10:45:00,1420.5,1421.2,1419.7,1420.2,239979
2026-04-29 10:50:00,1420.3,1422.5,1420.0,1422.1,327018
2026-04-29 10:55:00,1422.0,1422.1,1421.2,1422.0,490572
2026-04-29 11:00:00,1422.0,1423.4,1421.8,1423.0,338530
2026-04-29 11:05:00,1423.1,1423.8,1422.8,1423.3,158150
2026-04-29 11:10:00,1423.0,1423.5,1422.5,1423.2,107909
2026-04-29 11:15:00,1423.1,1423.2,1420.3,1421.7,272017
2026-04-29 11:20:00,1422.2,1423.1,1418.1,1418.5,465846
2026-04-29 11:25:00,1418.7,1420.7,1417.6,1420.2,309725
2026-04-29 11:30:00,1420.5,1421.9,1420.1,1420.2,105571
2026-04-29 11:35:00,1420.2,1422.2,1420.2,1422.0,90674
2026-04-29 11:40:00,1422.0,1422.5,1420.0,1420.3,262034
2026-04-29 11:45:00,1420.5,1422.1,1419.4,1421.5,90752
2026-04-29 11:50:00,1421.5,1422.5,1420.3,1421.5,233277
2026-04-29 11:55:00,1421.6,1421.6,1420.5,1420.5,159639
2026-04-29 12:00:00,1420.6,1421.1,1419.8,1420.6,176080
2026-04-29 12:05:00,1420.5,1420.9,1419.7,1420.7,80267
2026-04-29 12:10:00,1420.8,1423.0,1420.3,1420.9,551539
2026-04-29 12:15:00,1420.9,1420.9,1419.5,1419.5,67001
2026-04-29 12:20:00,1419.6,1422.4,1419.1,1420.4,786770
2026-04-29 12:25:00,1420.4,1421.0,1420.0,1420.2,54637
2026-04-29 12:30:00,1420.6,1421.0,1420.0,1420.5,76153
2026-04-29 12:35:00,1420.4,1420.5,1419.3,1419.5,82559
2026-04-29 12:40:00,1419.4,1422.3,1415.7,1416.9,962765
2026-04-29 12:45:00,1416.9,1417.4,1416.5,1416.6,89084
2026-04-29 12:50:00,1416.7,1417.1,1414.2,1417.0,182722
2026-04-29 12:55:00,1416.2,1416.7,1413.5,1415.1,490490
2026-04-29 13:00:00,1415.3,1416.9,1414.5,1416.8,110954
2026-04-29 13:05:00,1416.8,1417.9,1415.3,1417.2,142878
2026-04-29 13:10:00,1417.0,1418.3,1416.6,1417.5,130020
2026-04-29 13:15:00,1417.5,1419.3,1416.7,1417.6,151863
2026-04-29 13:20:00,1417.8,1418.7,1416.5,1416.7,114242
2026-04-29 13:25:00,1416.8,1417.9,1416.7,1417.1,78464
2026-04-29 13:30:00,1417.2,1418.7,1416.3,1417.8,402968
2026-04-29 13:35:00,1417.9,1418.0,1415.7,1415.9,509263
2026-04-29 13:40:00,1416.0,1418.1,1415.5,1417.5,484554
2026-04-29 13:45:00,1417.5,1418.3,1414.3,1415.7,766715
2026-04-29 13:50:00,1415.7,1416.5,1415.2,1416.2,197053
2026-04-29 13:55:00,1416.3,1417.7,1415.2,1415.5,653639
2026-04-29 14:00:00,1415.5,1416.3,1411.5,1412.5,778094
2026-04-29 14:05:00,1412.7,1413.9,1412.4,1413.2,219312
2026-04-29 14:10:00,1413.0,1415.8,1412.8,1415.3,378299
2026-04-29 14:15:00,1415.3,1416.0,1414.1,1415.4,100423
2026-04-29 14:20:00,1414.8,1417.1,1414.6,1415.8,371973
2026-04-29 14:25:00,1415.8,1416.6,1414.2,1414.9,217480
2026-04-29 14:30:00,1414.9,1417.4,1414.9,1416.3,291191
2026-04-29 14:35:00,1416.5,1417.2,1415.1,1415.3,244815
2026-04-29 14:40:00,1415.3,1417.2,1415.0,1416.7,119249
2026-04-29 14:45:00,1416.8,1416.9,1415.1,1416.2,132733
2026-04-29 14:50:00,1416.3,1418.2,1415.2,1417.6,397052
2026-04-29 14:55:00,1417.9,1419.4,1417.0,1419.3,408950
2026-04-29 15:00:00,1419.2,1421.0,1415.7,1417.0,708577
2026-04-29 15:05:00,1417.0,1419.5,1417.0,1418.9,791635
2026-04-29 15:10:00,1419.6,1425.3,1418.1,1425.1,924819
2026-04-29 15:15:00,1425.1,1426.3,1424.1,1426.3,1075192
2026-04-29 15:20:00,1426.3,1428.2,1425.7,1427.3,1846251
2026-04-29 15:25:00,1427.3,1432.3,1425.7,1430.1,2416952
2026-04-30 09:15:00,1412.8,1415.7,1410.0,1412.3,0
2026-04-30 09:20:00,1412.1,1412.4,1407.7,1410.2,668566
2026-04-30 09:25:00,1410.4,1410.4,1407.4,1409.3,217656
2026-04-30 09:30:00,1409.2,1409.8,1408.2,1409.3,167963
2026-04-30 09:35:00,1409.4,1410.0,1407.7,1407.9,150081
2026-04-30 09:40:00,1407.8,1407.9,1406.0,1406.4,130856
2026-04-30 09:45:00,1406.6,1407.0,1403.4,1403.7,199154
2026-04-30 09:50:00,1403.9,1404.6,1402.0,1402.8,218873
2026-04-30 09:55:00,1402.6,1403.5,1400.2,1401.1,249650
2026-04-30 10:00:00,1401.1,1401.1,1399.1,1399.4,238334
2026-04-30 10:05:00,1399.4,1402.8,1399.1,1400.5,173893
2026-04-30 10:10:00,1400.9,1400.9,1398.4,1398.6,217478
2026-04-30 10:15:00,1398.6,1399.7,1396.6,1399.6,191236
2026-04-30 10:20:00,1399.3,1400.3,1397.1,1398.9,361719
2026-04-30 10:25:00,1398.7,1399.1,1397.4,1398.4,156256
2026-04-30 10:30:00,1398.3,1398.9,1396.7,1398.4,160352
2026-04-30 10:35:00,1398.4,1398.8,1396.5,1396.8,136284
2026-04-30 10:40:00,1396.8,1397.3,1395.1,1395.6,186189
2026-04-30 10:45:00,1395.6,1395.6,1393.6,1393.8,226821
2026-04-30 10:50:00,1393.8,1395.1,1393.1,1395.1,208040
2026-04-30 10:55:00,1395.1,1399.0,1394.6,1398.8,263103
2026-04-30 11:00:00,1398.8,1399.1,1397.6,1398.4,172244
2026-04-30 11:05:00,1398.4,1400.0,1398.0,1399.5,281044
2026-04-30 11:10:00,1399.5,1400.2,1399.0,1400.2,256210
2026-04-30 11:15:00,1400.2,1401.3,1399.8,1400.4,315737
2026-04-30 11:20:00,1400.2,1400.6,1399.7,1400.2,406779
2026-04-30 11:25:00,1400.2,1408.4,1399.8,1407.6,823703
2026-04-30 11:30:00,1407.2,1408.1,1404.0,1406.6,550535
2026-04-30 11:35:00,1406.6,1407.4,1404.1,1405.6,354127
2026-04-30 11:40:00,1405.8,1406.8,1403.4,1403.5,1367094
2026-04-30 11:45:00,1403.8,1406.9,1403.1,1406.8,1239827
2026-04-30 11:50:00,1406.2,1406.9,1402.1,1403.7,206089
2026-04-30 11:55:00,1404.0,1407.1,1403.7,1406.0,241054
2026-04-30 12:00:00,1406.0,1406.4,1403.2,1403.2,301373
2026-04-30 12:05:00,1403.5,1406.1,1402.2,1404.4,892179
2026-04-30 12:10:00,1404.3,1412.7,1404.0,1411.6,1017182
2026-04-30 12:15:00,1411.7,1412.7,1411.0,1411.2,172891
2026-04-30 12:20:00,1410.5,1415.4,1410.3,1414.5,313598
2026-04-30 12:25:00,1414.6,1416.8,1414.1,1416.8,183919
2026-04-30 12:30:00,1416.6,1417.9,1415.2,1417.8,263162
2026-04-30 12:35:00,1417.8,1417.8,1415.6,1417.7,218135
2026-04-30 12:40:00,1417.7,1418.7,1417.1,1417.8,125584
2026-04-30 12:45:00,1417.7,1419.8,1417.4,1418.5,134224
2026-04-30 12:50:00,1418.5,1418.6,1416.2,1417.6,150667
2026-04-30 12:55:00,1417.9,1417.9,1415.9,1416.4,156051
2026-04-30 13:00:00,1416.4,1417.0,1415.6,1416.4,189771
2026-04-30 13:05:00,1416.4,1419.5,1415.6,1419.3,741492
2026-04-30 13:10:00,1419.3,1421.5,1418.2,1420.5,189466
2026-04-30 13:15:00,1420.5,1420.5,1418.1,1418.7,169409
2026-04-30 13:20:00,1418.8,1422.3,1418.2,1421.3,365508
2026-04-30 13:25:00,1421.5,1423.5,1421.0,1422.2,236952
2026-04-30 13:30:00,1422.0,1423.1,1421.1,1421.8,126926
2026-04-30 13:35:00,1421.5,1423.0,1421.0,1421.2,571646
2026-04-30 13:40:00,1421.0,1427.0,1420.9,1426.8,518800
2026-04-30 13:45:00,1426.8,1429.0,1426.4,1428.4,280205
2026-04-30 13:50:00,1428.4,1428.4,1424.3,1427.4,294956
2026-04-30 13:55:00,1427.4,1429.6,1425.9,1427.7,354251
2026-04-30 14:00:00,1427.6,1427.9,1426.2,1426.8,116719
2026-04-30 14:05:00,1426.8,1428.0,1426.0,1428.0,164067
2026-04-30 14:10:00,1428.0,1428.3,1425.6,1425.9,280289
2026-04-30 14:15:00,1425.7,1427.1,1425.2,1425.6,170942
2026-04-30 14:20:00,1425.6,1428.8,1425.3,1427.5,553262
2026-04-30 14:25:00,1427.5,1428.2,1425.5,1426.2,266122
2026-04-30 14:30:00,1426.8,1429.2,1426.0,1428.2,194763
2026-04-30 14:35:00,1428.4,1431.2,1428.0,1431.2,376351
2026-04-30 14:40:00,1431.1,1435.5,1430.5,1434.0,668267
2026-04-30 14:45:00,1433.8,1434.1,1428.9,1428.9,655734
2026-04-30 14:50:00,1428.8,1430.3,1428.1,1430.0,450110
2026-04-30 14:55:00,1430.0,1430.5,1428.1,1430.0,377629
2026-04-30 15:00:00,1430.5,1432.5,1428.6,1430.3,1806023
2026-04-30 15:05:00,1430.3,1432.0,1426.5,1429.1,1690966
2026-04-30 15:10:00,1429.0,1431.3,1428.5,1431.2,912328
2026-04-30 15:15:00,1431.2,1432.2,1430.1,1431.6,581005
2026-04-30 15:20:00,1431.5,1432.9,1430.0,1432.0,786817
2026-04-30 15:25:00,1432.3,1436.3,1431.2,1436.0,639618
2026-05-04 09:15:00,1433.7,1444.7,1433.7,1443.5,0
2026-05-04 09:20:00,1443.7,1446.4,1439.8,1441.3,318134
2026-05-04 09:25:00,1441.7,1442.4,1437.8,1438.5,208335
2026-05-04 09:30:00,1438.5,1442.3,1438.5,1441.6,225285
2026-05-04 09:35:00,1441.6,1445.0,1441.6,1444.7,185252
2026-05-04 09:40:00,1444.3,1445.7,1443.4,1443.4,165741
2026-05-04 09:45:00,1443.8,1444.0,1441.8,1443.6,163688
2026-05-04 09:50:00,1443.9,1443.9,1439.5,1439.5,143533
2026-05-04 09:55:00,1440.1,1441.8,1438.3,1441.8,140261
2026-05-04 10:00:00,1441.8,1443.6,1438.3,1438.3,183222
2026-05-04 10:05:00,1438.4,1440.5,1437.9,1438.9,150035
2026-05-04 10:10:00,1438.9,1439.8,1436.1,1437.0,142335
2026-05-04 10:15:00,1437.2,1439.8,1437.2,1438.0,171723
2026-05-04 10:20:00,1438.1,1439.9,1437.5,1439.0,178841
2026-05-04 10:25:00,1439.0,1441.9,1438.5,1441.9,109341
2026-05-04 10:30:00,1442.2,1445.1,1442.0,1442.5,441372
2026-05-04 10:35:00,1442.7,1445.6,1442.5,1445.4,283000
2026-05-04 10:40:00,1445.4,1448.5,1445.2,1446.2,343405
2026-05-04 10:45:00,1446.1,1446.9,1444.4,1446.3,216627
2026-05-04 10:50:00,1446.3,1446.5,1445.3,1445.7,132142
2026-05-04 10:55:00,1445.6,1446.0,1443.7,1445.1,473575
2026-05-04 11:00:00,1445.1,1446.1,1444.8,1446.1,229665
2026-05-04 11:05:00,1446.2,1447.0,1445.0,1446.5,197745
2026-05-04 11:10:00,1446.5,1449.0,1446.5,1448.5,226245
2026-05-04 11:15:00,1448.1,1450.7,1448.0,1448.1,341700
2026-05-04 11:20:00,1448.0,1448.8,1447.7,1448.2,143203
2026-05-04 11:25:00,1448.2,1449.0,1447.7,1448.7,170706
2026-05-04 11:30:00,1448.7,1448.7,1447.2,1448.1,194670
2026-05-04 11:35:00,1448.2,1450.0,1448.1,1449.4,138605
2026-05-04 11:40:00,1449.3,1449.8,1448.0,1449.6,89854
2026-05-04 11:45:00,1449.7,1450.1,1448.3,1449.9,119921
2026-05-04 11:50:00,1449.9,1452.7,1449.7,1451.0,252403
2026-05-04 11:55:00,1451.0,1451.0,1449.9,1450.7,118530
2026-05-04 12:00:00,1450.7,1451.3,1449.6,1450.1,150697
2026-05-04 12:05:00,1450.0,1451.0,1449.2,1449.7,255656
2026-05-04 12:10:00,1449.7,1450.0,1446.5,1446.8,557272
2026-05-04 12:15:00,1447.0,1450.7,1446.7,1450.6,511540
2026-05-04 12:20:00,1450.4,1450.8,1448.0,1450.0,317270
2026-05-04 12:25:00,1450.2,1451.0,1448.7,1450.3,250385
2026-05-04 12:30:00,1450.3,1451.8,1449.5,1450.9,362788
2026-05-04 12:35:00,1451.0,1453.0,1450.6,1453.0,302134
2026-05-04 12:40:00,1453.0,1455.3,1453.0,1453.5,927930
2026-05-04 12:45:00,1454.0,1458.0,1454.0,1455.6,606117
2026-05-04 12:50:00,1455.9,1461.6,1454.8,1460.6,508680
2026-05-04 12:55:00,1460.6,1464.0,1459.7,1461.7,476803
2026-05-04 13:00:00,1461.0,1461.7,1457.2,1458.2,294755
2026-05-04 13:05:00,1458.3,1460.9,1456.8,1460.8,525641
2026-05-04 13:10:00,1460.7,1460.7,1459.2,1460.1,119406
2026-05-04 13:15:00,1460.1,1460.5,1457.3,1459.1,190192
2026-05-04 13:20:00,1459.0,1459.1,1456.2,1457.5,478685
2026-05-04 13:25:00,1457.4,1459.4,1455.1,1455.2,203579
2026-05-04 13:30:00,1455.4,1458.2,1454.7,1457.3,570420
2026-05-04 13:35:00,1457.3,1458.9,1456.0,1458.8,359838
2026-05-04 13:40:00,1458.7,1460.5,1457.9,1460.2,222522
2026-05-04 13:45:00,1460.2,1460.6,1458.9,1460.3,260822
2026-05-04 13:50:00,1460.5,1461.8,1460.0,1461.3,189615
2026-05-04 13:55:00,1461.3,1461.4,1458.9,1460.9,428730
2026-05-04 14:00:00,1461.0,1461.5,1459.1,1460.5,167780
2026-05-04 14:05:00,1460.5,1462.0,1460.4,1461.7,388852
2026-05-04 14:10:00,1462.0,1463.0,1460.4,1461.1,352219
2026-05-04 14:15:00,1461.4,1462.0,1459.3,1461.2,211318
2026-05-04 14:20:00,1461.2,1462.2,1460.6,1461.2,104152
2026-05-04 14:25:00,1461.2,1461.9,1460.0,1461.8,329053
2026-05-04 14:30:00,1461.9,1462.6,1461.0,1461.5,432055
2026-05-04 14:35:00,1461.6,1463.0,1461.5,1463.0,260300
2026-05-04 14:40:00,1462.5,1462.9,1457.8,1459.2,453967
2026-05-04 14:45:00,1459.1,1459.7,1458.1,1459.1,555510
2026-05-04 14:50:00,1459.1,1459.8,1457.8,1459.5,277864
2026-05-04 14:55:00,1459.5,1461.9,1459.1,1459.5,308239
2026-05-04 15:00:00,1459.5,1462.1,1459.2,1461.0,478813
2026-05-04 15:05:00,1461.3,1463.5,1460.5,1462.1,539370
2026-05-04 15:10:00,1462.4,1462.4,1460.0,1461.1,341137
2026-05-04 15:15:00,1461.4,1462.6,1461.1,1462.1,730335
2026-05-04 15:20:00,1462.4,1465.4,1462.3,1465.0,865987
2026-05-04 15:25:00,1465.1,1467.2,1464.4,1467.0,746264
2026-05-05 09:15:00,1457.0,1469.1,1457.0,1466.5,0
2026-05-05 09:20:00,1467.1,1467.4,1463.5,1465.2,392934
2026-05-05 09:25:00,1465.4,1467.5,1464.0,1467.0,345195
2026-05-05 09:30:00,1467.0,1470.8,1465.4,1470.8,213717
2026-05-05 09:35:00,1470.5,1473.1,1468.4,1468.4,314289
2026-05-05 09:40:00,1468.6,1469.0,1466.7,1467.3,208185
2026-05-05 09:45:00,1467.6,1468.9,1466.6,1467.2,154344
2026-05-05 09:50:00,1467.2,1469.0,1465.8,1467.0,205467
2026-05-05 09:55:00,1466.5,1467.6,1465.1,1467.5,246592
2026-05-05 10:00:00,1467.4,1469.0,1465.6,1466.7,205633
2026-05-05 10:05:00,1466.3,1467.5,1465.3,1465.3,258668
2026-05-05 10:10:00,1465.1,1466.6,1464.0,1465.7,293965
2026-05-05 10:15:00,1465.7,1465.9,1462.1,1462.6,192443
2026-05-05 10:20:00,1462.5,1462.9,1458.2,1459.0,410709
2026-05-05 10:25:00,1458.8,1459.1,1454.2,1455.6,351043
2026-05-05 10:30:00,1455.3,1456.0,1451.6,1452.5,338161
2026-05-05 10:35:00,1452.5,1454.1,1451.0,1452.7,253846
2026-05-05 10:40:00,1452.5,1455.0,1452.5,1454.3,300611
2026-05-05 10:45:00,1454.5,1457.0,1453.0,1456.3,231984
2026-05-05 10:50:00,1456.9,1457.8,1455.1,1455.9,113307
2026-05-05 10:55:00,1455.8,1456.5,1452.8,1452.8,146719
2026-05-05 11:00:00,1452.8,1456.0,1452.2,1455.1,326803
2026-05-05 11:05:00,1455.0,1455.5,1453.1,1453.2,292913
2026-05-05 11:10:00,1453.3,1453.7,1452.1,1452.3,207267
2026-05-05 11:15:00,1452.9,1453.0,1450.0,1450.9,232977
2026-05-05 11:20:00,1450.6,1453.0,1450.1,1452.8,105307
2026-05-05 11:25:00,1452.8,1453.1,1451.1,1451.7,108828
2026-05-05 11:30:00,1452.0,1455.8,1451.5,1455.0,155324
2026-05-05 11:35:00,1454.7,1456.7,1454.0,1454.6,131620
2026-05-05 11:40:00,1454.9,1455.9,1453.4,1454.4,152941
2026-05-05 11:45:00,1454.7,1456.0,1454.0,1454.6,111576
2026-05-05 11:50:00,1454.7,1455.6,1453.7,1453.7,267633
2026-05-05 11:55:00,1453.9,1454.7,1453.2,1454.1,187633
2026-05-05 12:00:00,1454.4,1455.7,1454.0,1454.6,519751
2026-05-05 12:05:00,1454.1,1457.9,1453.8,1457.9,448089
2026-05-05 12:10:00,1457.7,1460.7,1457.3,1460.1,218437
2026-05-05 12:15:00,1460.2,1461.4,1458.1,1461.0,207429
2026-05-05 12:20:00,1461.2,1462.8,1460.9,1462.4,249915
2026-05-05 12:25:00,1462.4,1462.5,1460.0,1460.3,253101
2026-05-05 12:30:00,1460.1,1461.8,1459.3,1461.0,321053
2026-05-05 12:35:00,1461.0,1462.0,1459.3,1459.3,286945
2026-05-05 12:40:00,1459.8,1461.4,1459.0,1460.3,398388
2026-05-05 12:45:00,1459.5,1464.8,1459.5,1464.4,282603
2026-05-05 12:50:00,1464.2,1465.7,1464.1,1464.5,212121
2026-05-05 12:55:00,1464.5,1465.7,1463.6,1465.2,217143
2026-05-05 13:00:00,1465.3,1466.1,1464.4,1464.8,270437
2026-05-05 13:05:00,1464.9,1467.1,1464.4,1466.4,281506
2026-05-05 13:10:00,1466.3,1467.2,1465.6,1466.0,559422
2026-05-05 13:15:00,1465.9,1466.8,1462.0,1462.6,608661
2026-05-05 13:20:00,1462.3,1466.1,1461.5,1464.2,437297
2026-05-05 13:25:00,1463.9,1465.0,1462.5,1464.9,322816
2026-05-05 13:30:00,1464.3,1465.0,1461.5,1461.6,352056
2026-05-05 13:35:00,1462.1,1464.2,1461.5,1462.3,202747
2026-05-05 13:40:00,1462.3,1463.7,1461.1,1462.4,380391
2026-05-05 13:45:00,1462.6,1463.9,1461.1,1462.1,160243
2026-05-05 13:50:00,1462.0,1462.5,1458.4,1459.8,292097
2026-05-05 13:55:00,1460.5,1464.6,1459.9,1463.1,493772
2026-05-05 14:00:00,1462.9,1464.3,1459.2,1460.6,282753
2026-05-05 14:05:00,1460.6,1461.5,1459.3,1460.4,100703
2026-05-05 14:10:00,1460.4,1461.0,1459.1,1460.4,138477
2026-05-05 14:15:00,1460.4,1462.0,1459.2,1461.4,341490
2026-05-05 14:20:00,1461.9,1463.0,1460.5,1460.9,293019
2026-05-05 14:25:00,1460.6,1462.7,1460.2,1461.8,167912
2026-05-05 14:30:00,1462.2,1462.4,1459.1,1459.4,213722
2026-05-05 14:35:00,1460.0,1462.9,1459.6,1461.3,591946
2026-05-05 14:40:00,1460.9,1462.0,1460.0,1461.1,140296
2026-05-05 14:45:00,1461.5,1461.9,1460.0,1460.5,177649
2026-05-05 14:50:00,1460.3,1461.9,1459.1,1460.5,321900
2026-05-05 14:55:00,1460.5,1461.3,1459.9,1460.0,214887
2026-05-05 15:00:00,1459.9,1464.1,1459.9,1462.3,716561
2026-05-05 15:05:00,1462.4,1464.9,1460.7,1464.4,1476687
2026-05-05 15:10:00,1464.3,1464.7,1462.4,1464.4,657173
2026-05-05 15:15:00,1464.5,1464.7,1463.2,1464.1,194499
2026-05-05 15:20:00,1464.0,1465.1,1462.9,1464.2,485595
2026-05-05 15:25:00,1464.2,1467.1,1460.3,1463.0,500075
2026-05-06 09:15:00,1466.6,1473.1,1465.2,1468.9,0
2026-05-06 09:20:00,1469.3,1471.3,1468.0,1468.5,147777
2026-05-06 09:25:00,1468.5,1469.0,1465.0,1465.9,133650
2026-05-06 09:30:00,1465.9,1467.0,1465.0,1465.0,85383
2026-05-06 09:35:00,1465.0,1465.9,1463.4,1463.9,89206
2026-05-06 09:40:00,1464.1,1464.8,1463.1,1463.7,97221
2026-05-06 09:45:00,1463.7,1465.5,1463.4,1463.5,79148
2026-05-06 09:50:00,1463.1,1465.0,1461.1,1464.5,233581
2026-05-06 09:55:00,1464.5,1465.5,1461.7,1461.8,123121
2026-05-06 10:00:00,1461.8,1461.8,1456.3,1457.4,206501
2026-05-06 10:05:00,1457.5,1457.7,1453.4,1454.7,152345
2026-05-06 10:10:00,1454.2,1456.1,1453.0,1455.5,126331
2026-05-06 10:15:00,1455.3,1455.5,1451.9,1454.4,188427
2026-05-06 10:20:00,1454.4,1456.1,1453.4,1453.9,62495
2026-05-06 10:25:00,1453.8,1455.2,1453.4,1453.8,56758
2026-05-06 10:30:00,1454.0,1454.0,1452.0,1452.0,47517
2026-05-06 10:35:00,1451.3,1453.3,1450.0,1452.3,107545
2026-05-06 10:40:00,1452.3,1454.7,1451.7,1454.4,71743
2026-05-06 10:45:00,1454.4,1454.4,1453.1,1453.7,42903
2026-05-06 10:50:00,1453.8,1453.8,1449.3,1450.2,208158
2026-05-06 10:55:00,1450.2,1451.1,1444.3,1445.2,222720
2026-05-06 11:00:00,1445.5,1447.0,1445.0,1446.1,111016
2026-05-06 11:05:00,1446.3,1448.6,1446.0,1448.5,210544
2026-05-06 11:10:00,1448.5,1448.7,1447.1,1447.3,39126
2026-05-06 11:15:00,1448.0,1449.9,1447.6,1447.9,112408
2026-05-06 11:20:00,1448.6,1450.4,1448.2,1448.8,72497
2026-05-06 11:25:00,1448.8,1450.0,1448.5,1450.0,35143
2026-05-06 11:30:00,1450.0,1450.0,1448.4,1448.4,45401
2026-05-06 11:35:00,1448.9,1448.9,1445.7,1446.0,155798
2026-05-06 11:40:00,1446.0,1447.6,1445.5,1447.3,39521
2026-05-06 11:45:00,1447.5,1448.4,1445.6,1447.9,50776
2026-05-06 11:50:00,1447.5,1448.0,1445.5,1447.4,67061
2026-05-06 11:55:00,1447.3,1447.8,1445.3,1445.6,74648
2026-05-06 12:00:00,1445.6,1446.4,1445.4,1445.9,43689
2026-05-06 12:05:00,1446.0,1447.0,1445.1,1446.6,38765
2026-05-06 12:10:00,1446.6,1447.0,1445.7,1446.0,33324
2026-05-06 12:15:00,1446.3,1446.4,1442.3,1443.9,203375
2026-05-06 12:20:00,1443.9,1443.9,1438.5,1441.5,188997
2026-05-06 12:25:00,1441.6,1442.7,1440.0,1440.6,109078
2026-05-06 12:30:00,1440.6,1441.2,1439.4,1439.9,78461
2026-05-06 12:35:00,1440.0,1440.0,1434.0,1434.9,146229
2026-05-06 12:40:00,1435.4,1435.7,1431.2,1432.0,114902
2026-05-06 12:45:00,1432.0,1432.8,1430.1,1432.7,107926
2026-05-06 12:50:00,1432.7,1432.8,1427.5,1429.6,158708
2026-05-06 12:55:00,1429.6,1433.0,1429.0,1432.8,82063
2026-05-06 13:00:00,1432.8,1433.0,1430.9,1431.3,45466
2026-05-06 13:05:00,1431.4,1434.3,1430.9,1434.1,75982
2026-05-06 13:10:00,1434.0,1434.7,1431.4,1433.0,90100
2026-05-06 13:15:00,1433.0,1434.9,1431.3,1434.6,86940
2026-05-06 13:20:00,1434.8,1436.3,1434.1,1434.2,157646
2026-05-06 13:25:00,1434.6,1435.3,1433.2,1433.8,222441
2026-05-06 13:30:00,1433.8,1434.0,1431.5,1431.5,265928
2026-05-06 13:35:00,1432.2,1435.2,1431.5,1433.9,156077
2026-05-06 13:40:00,1433.9,1434.4,1432.5,1433.5,72573
2026-05-06 13:45:00,1433.5,1433.7,1431.5,1432.2,126908
2026-05-06 13:50:00,1432.2,1435.0,1432.0,1433.1,372287
2026-05-06 13:55:00,1433.1,1435.6,1433.0,1434.9,163172
2026-05-06 14:00:00,1434.9,1435.7,1433.3,1434.8,95063
2026-05-06 14:05:00,1434.9,1435.6,1434.5,1435.5,145702
2026-05-06 14:10:00,1435.1,1437.2,1435.0,1436.8,126047
2026-05-06 14:15:00,1436.8,1439.5,1436.8,1438.8,183508
2026-05-06 14:20:00,1439.0,1446.3,1438.6,1445.5,568967
2026-05-06 14:25:00,1445.3,1450.9,1445.0,1450.0,414452
2026-05-06 14:30:00,1450.5,1450.9,1445.0,1448.7,363753
2026-05-06 14:35:00,1448.7,1450.2,1445.0,1445.7,251313
2026-05-06 14:40:00,1445.7,1446.7,1442.9,1445.4,164998
2026-05-06 14:45:00,1445.4,1445.7,1443.4,1444.1,201107
2026-05-06 14:50:00,1444.2,1444.7,1442.1,1442.4,221501
2026-05-06 14:55:00,1442.4,1444.1,1440.7,1442.7,185358
2026-05-06 15:00:00,1443.0,1443.7,1436.0,1438.3,902144
2026-05-06 15:05:00,1438.3,1439.3,1437.0,1438.1,708127
2026-05-06 15:10:00,1438.0,1439.5,1438.0,1438.2,624988
2026-05-06 15:15:00,1438.2,1439.1,1437.5,1437.6,598033
2026-05-06 15:20:00,1437.8,1438.1,1435.9,1436.5,526407
2026-05-06 15:25:00,1436.4,1439.8,1435.7,1438.7,488937
2026-05-07 09:15:00,1442.0,1442.0,1433.1,1433.1,0
2026-05-07 09:20:00,1433.4,1435.5,1430.5,1433.5,215932
2026-05-07 09:25:00,1433.4,1436.9,1432.2,1435.8,177614
2026-05-07 09:30:00,1436.0,1439.7,1434.7,1439.2,192634
2026-05-07 09:35:00,1439.2,1439.7,1436.5,1437.4,185997
2026-05-07 09:40:00,1437.4,1443.4,1437.3,1442.2,161096
2026-05-07 09:45:00,1442.3,1444.0,1440.6,1441.0,213163
2026-05-07 09:50:00,1440.3,1442.2,1440.0,1441.4,179565
2026-05-07 09:55:00,1441.5,1444.5,1441.1,1444.0,172311
2026-05-07 10:00:00,1443.9,1445.8,1443.9,1445.4,138954
2026-05-07 10:05:00,1445.3,1445.8,1436.7,1438.2,203325
2026-05-07 10:10:00,1438.3,1439.1,1436.6,1438.5,115391
2026-05-07 10:15:00,1438.5,1440.3,1437.4,1440.3,132659
2026-05-07 10:20:00,1440.6,1442.3,1438.5,1440.5,207208
2026-05-07 10:25:00,1441.0,1441.7,1439.7,1441.0,97204
2026-05-07 10:30:00,1441.0,1442.1,1441.0,1441.0,77306
2026-05-07 10:35:00,1441.2,1442.0,1440.1,1442.0,81150
2026-05-07 10:40:00,1441.9,1443.8,1441.9,1443.2,100678
2026-05-07 10:45:00,1443.3,1443.8,1440.5,1441.2,182256
2026-05-07 10:50:00,1441.0,1441.0,1438.3,1439.7,106035
2026-05-07 10:55:00,1439.7,1440.0,1436.6,1437.0,154183
2026-05-07 11:00:00,1437.2,1437.6,1435.4,1435.7,109824
2026-05-07 11:05:00,1435.5,1436.3,1434.1,1435.0,179044
2026-05-07 11:10:00,1435.0,1435.5,1433.7,1435.3,107793
2026-05-07 11:15:00,1435.3,1436.3,1434.4,1435.8,117623
2026-05-07 11:20:00,1435.8,1436.1,1433.4,1434.8,93820
2026-05-07 11:25:00,1434.7,1435.3,1433.4,1435.3,91257
2026-05-07 11:30:00,1435.3,1438.5,1435.2,1436.9,154027
2026-05-07 11:35:00,1436.9,1437.8,1436.3,1437.5,57746
2026-05-07 11:40:00,1437.7,1437.7,1434.4,1434.5,99303
2026-05-07 11:45:00,1434.5,1437.5,1433.6,1437.2,179313
2026-05-07 11:50:00,1437.4,1439.4,1437.0,1438.8,84016
2026-05-07 11:55:00,1438.8,1440.0,1437.8,1439.3,70001
2026-05-07 12:00:00,1438.8,1441.4,1438.8,1439.8,99050
2026-05-07 12:05:00,1437.9,1441.4,1437.9,1441.3,177061
2026-05-07 12:10:00,1441.2,1442.5,1440.6,1441.8,97682
2026-05-07 12:15:00,1442.4,1444.0,1442.0,1442.4,168289
2026-05-07 12:20:00,1442.0,1443.9,1442.0,1443.3,174388
2026-05-07 12:25:00,1442.8,1443.6,1441.4,1441.5,117459
2026-05-07 12:30:00,1441.4,1442.0,1439.1,1440.4,132568
2026-05-07 12:35:00,1440.4,1445.9,1439.0,1445.6,363170
2026-05-07 12:40:00,1445.9,1449.5,1445.7,1448.0,413968
2026-05-07 12:45:00,1448.0,1448.8,1445.6,1446.9,258996
2026-05-07 12:50:00,1446.9,1447.0,1443.8,1444.8,191319
2026-05-07 12:55:00,1444.9,1445.7,1441.5,1442.0,171655
2026-05-07 13:00:00,1442.4,1444.5,1441.7,1443.8,78253
2026-05-07 13:05:00,1443.9,1445.7,1443.0,1443.0,89550
2026-05-07 13:10:00,1443.0,1443.4,1441.4,1442.0,131257
2026-05-07 13:15:00,1441.9,1443.2,1437.7,1439.3,170898
2026-05-07 13:20:00,1439.3,1441.0,1439.0,1439.4,229832
2026-05-07 13:25:00,1439.5,1440.4,1439.2,1440.0,28936
2026-05-07 13:30:00,1440.0,1440.7,1439.0,1439.8,77649
2026-05-07 13:35:00,1439.9,1440.1,1438.1,1438.1,86439
2026-05-07 13:40:00,1438.1,1439.8,1437.6,1438.4,142408
2026-05-07 13:45:00,1438.4,1440.0,1437.6,1439.7,146973
2026-05-07 13:50:00,1439.5,1440.7,1438.1,1440.5,132143
2026-05-07 13:55:00,1440.5,1441.0,1438.7,1440.3,93772
2026-05-07 14:00:00,1440.2,1440.4,1437.5,1438.4,58236
2026-05-07 14:05:00,1438.4,1440.0,1437.2,1439.7,197408
2026-05-07 14:10:00,1439.8,1440.0,1438.3,1439.8,156117
2026-05-07 14:15:00,1439.6,1440.1,1438.0,1438.8,117910
2026-05-07 14:20:00,1438.7,1441.4,1438.4,1441.1,255063
2026-05-07 14:25:00,1440.7,1444.2,1439.1,1442.5,820377
2026-05-07 14:30:00,1442.7,1444.0,1440.0,1440.0,556581
2026-05-07 14:35:00,1440.7,1440.7,1438.6,1438.6,232356
2026-05-07 14:40:00,1438.7,1439.9,1436.6,1438.0,575013
2026-05-07 14:45:00,1438.5,1439.0,1436.6,1437.3,185436
2026-05-07 14:50:00,1437.4,1438.5,1436.6,1436.8,93256
2026-05-07 14:55:00,1436.8,1437.8,1435.4,1436.1,82749
2026-05-07 15:00:00,1436.1,1441.9,1431.0,1437.6,4038630
2026-05-07 15:05:00,1437.6,1441.3,1435.7,1438.1,1670481
2026-05-07 15:10:00,1438.1,1438.4,1433.9,1434.5,830051
2026-05-07 15:15:00,1434.6,1435.9,1433.5,1435.7,626272
2026-05-07 15:20:00,1435.7,1436.0,1435.3,1436.0,296626
2026-05-07 15:25:00,1435.8,1437.0,1434.0,1435.5,254332
2026-05-08 09:15:00,1428.0,1428.0,1418.0,1425.0,0
2026-05-08 09:20:00,1425.0,1426.7,1423.8,1424.4,166854
2026-05-08 09:25:00,1424.1,1427.0,1424.1,1427.0,106919
2026-05-08 09:30:00,1426.3,1426.3,1422.0,1423.2,144014
2026-05-08 09:35:00,1423.5,1423.5,1421.1,1421.3,110883
2026-05-08 09:40:00,1421.4,1421.5,1419.4,1419.5,148741
2026-05-08 09:45:00,1419.2,1420.7,1418.0,1419.9,162850
2026-05-08 09:50:00,1419.9,1421.9,1419.8,1421.5,112096
2026-05-08 09:55:00,1421.5,1423.9,1421.3,1423.7,91928
2026-05-08 10:00:00,1423.9,1424.8,1423.1,1424.4,69165
2026-05-08 10:05:00,1424.4,1426.0,1424.2,1425.3,62227
2026-05-08 10:10:00,1425.5,1428.9,1424.2,1428.5,137978
2026-05-08 10:15:00,1428.4,1429.0,1426.2,1429.0,86649
2026-05-08 10:20:00,1428.9,1431.1,1428.3,1431.0,125184
2026-05-08 10:25:00,1431.0,1433.0,1430.1,1432.0,94360
2026-05-08 10:30:00,1432.0,1432.0,1429.5,1429.5,70447
2026-05-08 10:35:00,1429.8,1432.0,1429.6,1430.9,64451
2026-05-08 10:40:00,1430.9,1432.0,1430.8,1431.3,51099
2026-05-08 10:45:00,1431.3,1431.3,1430.1,1430.3,34992
2026-05-08 10:50:00,1430.5,1430.5,1427.4,1428.0,87459
2026-05-08 10:55:00,1427.6,1428.4,1426.1,1426.2,71750
2026-05-08 11:00:00,1426.2,1431.4,1426.1,1430.1,199641
2026-05-08 11:05:00,1429.7,1430.0,1429.0,1429.4,44886
2026-05-08 11:10:00,1429.4,1429.7,1428.5,1429.2,37877
2026-05-08 11:15:00,1429.2,1429.7,1426.7,1427.0,42544
2026-05-08 11:20:00,1427.0,1428.0,1426.1,1427.2,59471
2026-05-08 11:25:00,1427.2,1427.3,1426.4,1426.6,45186
2026-05-08 11:30:00,1426.7,1429.2,1425.8,1429.0,77415
2026-05-08 11:35:00,1428.7,1429.0,1427.1,1427.6,25698
2026-05-08 11:40:00,1427.5,1427.7,1426.9,1427.3,18137
2026-05-08 11:45:00,1426.7,1427.1,1425.8,1426.0,53063
2026-05-08 11:50:00,1425.4,1425.8,1424.4,1425.0,81834
2026-05-08 11:55:00,1425.0,1425.0,1423.5,1424.6,49743
2026-05-08 12:00:00,1424.6,1424.6,1423.3,1424.0,36487
2026-05-08 12:05:00,1424.0,1424.6,1423.5,1424.0,38487
2026-05-08 12:10:00,1423.8,1424.2,1422.4,1423.9,139710
2026-05-08 12:15:00,1424.0,1426.5,1423.3,1426.4,170177
2026-05-08 12:20:00,1426.7,1426.8,1425.2,1426.0,117151
2026-05-08 12:25:00,1426.0,1426.0,1425.1,1425.5,48268
2026-05-08 12:30:00,1425.8,1425.8,1423.9,1423.9,32824
2026-05-08 12:35:00,1423.9,1425.0,1423.6,1424.2,58240
2026-05-08 12:40:00,1424.5,1424.9,1423.8,1424.4,24386
2026-05-08 12:45:00,1424.2,1424.9,1423.5,1424.8,86976
2026-05-08 12:50:00,1424.8,1424.9,1423.9,1424.3,28420
2026-05-08 12:55:00,1424.3,1424.5,1422.1,1422.1,62492
2026-05-08 13:00:00,1422.6,1422.7,1421.7,1422.0,71585
2026-05-08 13:05:00,1422.0,1423.7,1422.0,1423.4,99847
2026-05-08 13:10:00,1423.5,1423.7,1422.6,1422.7,68556
2026-05-08 13:15:00,1422.7,1424.0,1422.3,1423.9,198850
2026-05-08 13:20:00,1424.0,1424.7,1423.9,1424.5,61978
2026-05-08 13:25:00,1424.5,1427.5,1424.3,1427.0,191632
2026-05-08 13:30:00,1427.0,1427.3,1425.1,1426.0,63777
2026-05-08 13:35:00,1426.0,1426.2,1425.3,1425.7,30263
2026-05-08 13:40:00,1425.7,1426.7,1425.4,1425.8,56564
2026-05-08 13:45:00,1425.8,1426.2,1425.6,1425.7,27207
2026-05-08 13:50:00,1425.9,1426.0,1424.7,1425.9,106063
2026-05-08 13:55:00,1426.0,1426.0,1424.6,1424.9,79906
2026-05-08 14:00:00,1425.0,1426.7,1423.6,1425.9,103275
2026-05-08 14:05:00,1425.7,1427.3,1425.6,1427.0,136820
2026-05-08 14:10:00,1427.0,1427.3,1425.5,1426.0,39838
2026-05-08 14:15:00,1426.0,1427.4,1425.6,1426.5,72988
2026-05-08 14:20:00,1426.5,1427.6,1426.0,1427.4,89874
2026-05-08 14:25:00,1427.5,1427.5,1426.4,1427.4,40750
2026-05-08 14:30:00,1427.4,1430.8,1427.4,1429.7,167182
2026-05-08 14:35:00,1429.7,1433.6,1429.6,1432.8,407808
2026-05-08 14:40:00,1432.8,1441.7,1432.4,1440.0,320731
2026-05-08 14:45:00,1440.5,1442.8,1439.7,1441.8,159849
2026-05-08 14:50:00,1441.9,1442.3,1439.8,1440.0,79927
2026-05-08 14:55:00,1440.2,1440.5,1437.7,1438.5,76283
2026-05-08 15:00:00,1438.2,1438.4,1433.3,1433.9,296225
2026-05-08 15:05:00,1433.8,1434.7,1433.3,1434.4,259879
2026-05-08 15:10:00,1434.4,1436.2,1433.8,1434.6,238567
2026-05-08 15:15:00,1434.6,1437.4,1434.4,1436.0,270324
2026-05-08 15:20:00,1435.8,1436.5,1434.5,1436.4,283568
2026-05-08 15:25:00,1436.4,1437.2,1434.4,1436.0,244763
2026-05-11 09:15:00,1424.7,1426.0,1419.2,1422.1,0
2026-05-11 09:20:00,1422.7,1422.7,1420.0,1421.2,219572
2026-05-11 09:25:00,1421.2,1421.2,1418.0,1421.1,218536
2026-05-11 09:30:00,1421.6,1422.5,1417.3,1418.0,410636
2026-05-11 09:35:00,1417.5,1417.9,1416.0,1416.2,144820
2026-05-11 09:40:00,1416.6,1421.7,1415.3,1415.3,184195
2026-05-11 09:45:00,1415.1,1419.1,1415.0,1419.1,101742
2026-05-11 09:50:00,1418.4,1419.6,1417.2,1419.4,72683
2026-05-11 09:55:00,1419.6,1420.8,1417.1,1419.8,105542
2026-05-11 10:00:00,1419.9,1420.9,1419.9,1420.6,61728
2026-05-11 10:05:00,1420.0,1420.9,1417.4,1419.3,90331
2026-05-11 10:10:00,1419.3,1420.6,1418.5,1420.2,76428
2026-05-11 10:15:00,1420.2,1420.4,1417.0,1417.4,148261
2026-05-11 10:20:00,1417.3,1419.2,1416.3,1416.4,119224
2026-05-11 10:25:00,1416.9,1416.9,1415.5,1415.7,78010
2026-05-11 10:30:00,1416.0,1417.0,1415.4,1415.7,86100
2026-05-11 10:35:00,1416.0,1416.0,1414.4,1416.0,129253
2026-05-11 10:40:00,1416.0,1416.0,1414.2,1415.6,86226
2026-05-11 10:45:00,1415.6,1416.5,1414.5,1416.0,144751
2026-05-11 10:50:00,1416.2,1419.0,1416.0,1418.8,180348
2026-05-11 10:55:00,1418.8,1419.1,1418.0,1418.4,70390
2026-05-11 11:00:00,1418.5,1419.9,1418.0,1419.9,55936
2026-05-11 11:05:00,1419.8,1420.0,1419.2,1419.6,55882
2026-05-11 11:10:00,1419.6,1419.9,1418.7,1418.7,45222
2026-05-11 11:15:00,1418.7,1419.2,1418.0,1418.4,41727
2026-05-11 11:20:00,1418.5,1419.4,1417.6,1419.0,82524
2026-05-11 11:25:00,1419.0,1419.2,1417.4,1418.0,118240
2026-05-11 11:30:00,1418.0,1418.0,1415.9,1417.2,90207
2026-05-11 11:35:00,1417.1,1417.2,1415.1,1415.4,64211
2026-05-11 11:40:00,1415.5,1417.1,1415.3,1416.6,67340
2026-05-11 11:45:00,1416.8,1417.3,1411.3,1412.1,325996
2026-05-11 11:50:00,1412.3,1413.9,1412.0,1413.7,49862
2026-05-11 11:55:00,1413.6,1413.7,1411.6,1412.3,211359
2026-05-11 12:00:00,1412.9,1413.0,1410.7,1410.7,132859
2026-05-11 12:05:00,1411.1,1412.0,1410.4,1411.9,101985
2026-05-11 12:10:00,1411.9,1411.9,1410.9,1411.0,64056
2026-05-11 12:15:00,1411.0,1411.0,1410.5,1410.9,69739
2026-05-11 12:20:00,1410.8,1412.0,1410.5,1411.8,98782
2026-05-11 12:25:00,1411.7,1411.9,1409.1,1409.6,166814
2026-05-11 12:30:00,1409.1,1409.5,1407.1,1408.1,152991
2026-05-11 12:35:00,1408.0,1408.6,1405.2,1405.5,173906
2026-05-11 12:40:00,1405.5,1406.5,1405.0,1405.3,253980
2026-05-11 12:45:00,1405.3,1405.5,1403.2,1404.0,175193
2026-05-11 12:50:00,1403.7,1405.0,1400.6,1402.0,516665
2026-05-11 12:55:00,1401.5,1403.5,1401.5,1402.9,184061
2026-05-11 13:00:00,1403.0,1403.5,1400.5,1400.6,278862
2026-05-11 13:05:00,1400.4,1402.0,1399.3,1401.9,320856
2026-05-11 13:10:00,1402.0,1403.0,1400.7,1401.9,295173
2026-05-11 13:15:00,1401.9,1402.0,1400.9,1401.1,119854
2026-05-11 13:20:00,1401.4,1402.5,1401.1,1401.9,82219
2026-05-11 13:25:00,1402.3,1402.7,1402.0,1402.4,51173
2026-05-11 13:30:00,1402.9,1403.5,1399.2,1399.7,243558
2026-05-11 13:35:00,1399.7,1401.0,1399.3,1399.8,195920
2026-05-11 13:40:00,1399.5,1400.7,1398.4,1400.0,147807
2026-05-11 13:45:00,1399.7,1401.5,1399.5,1400.3,204877
2026-05-11 13:50:00,1400.4,1401.0,1399.6,1401.0,101567
2026-05-11 13:55:00,1401.0,1401.4,1399.5,1399.7,84501
2026-05-11 14:00:00,1399.6,1400.0,1398.9,1399.0,326111
2026-05-11 14:05:00,1399.1,1400.5,1399.0,1399.4,91003
2026-05-11 14:10:00,1399.4,1399.5,1397.2,1397.5,151270
2026-05-11 14:15:00,1397.8,1399.5,1397.5,1399.2,174622
2026-05-11 14:20:00,1399.3,1400.5,1399.0,1400.4,312224
2026-05-11 14:25:00,1400.4,1400.5,1398.0,1399.3,114198
2026-05-11 14:30:00,1399.4,1399.8,1399.0,1399.8,123346
2026-05-11 14:35:00,1399.8,1400.3,1397.8,1398.9,115384
2026-05-11 14:40:00,1398.5,1398.9,1397.4,1397.9,92860
2026-05-11 14:45:00,1397.9,1398.6,1396.4,1396.8,166786
2026-05-11 14:50:00,1396.8,1399.2,1396.6,1398.0,161438
2026-05-11 14:55:00,1398.0,1398.1,1394.3,1394.5,303505
2026-05-11 15:00:00,1394.5,1394.7,1391.1,1392.1,512164
2026-05-11 15:05:00,1392.3,1392.3,1390.1,1390.5,540273
2026-05-11 15:10:00,1390.6,1391.0,1387.4,1387.8,829347
2026-05-11 15:15:00,1387.7,1389.0,1386.7,1387.6,674076
2026-05-11 15:20:00,1387.5,1388.0,1386.3,1386.9,557331
2026-05-11 15:25:00,1386.9,1387.8,1382.6,1385.0,1263254
2026-05-12 09:15:00,1392.0,1392.3,1387.4,1391.5,0
2026-05-12 09:20:00,1391.2,1391.3,1385.2,1385.8,823295
2026-05-12 09:25:00,1385.7,1388.3,1381.2,1382.8,476563
2026-05-12 09:30:00,1382.8,1384.7,1381.2,1383.0,240060
2026-05-12 09:35:00,1383.4,1384.5,1381.3,1382.7,213275
2026-05-12 09:40:00,1382.8,1383.8,1382.3,1382.9,112367
2026-05-12 09:45:00,1382.9,1384.2,1382.6,1383.6,107272
2026-05-12 09:50:00,1383.7,1384.5,1382.9,1384.2,132487
2026-05-12 09:55:00,1384.5,1388.3,1382.8,1383.5,513690
2026-05-12 10:00:00,1383.5,1383.9,1382.0,1382.4,79778
2026-05-12 10:05:00,1382.8,1383.0,1380.1,1380.1,143926
2026-05-12 10:10:00,1379.2,1380.9,1377.5,1380.3,247344
2026-05-12 10:15:00,1380.3,1382.6,1380.1,1382.6,145506
2026-05-12 10:20:00,1382.7,1383.8,1381.7,1382.2,158203
2026-05-12 10:25:00,1382.3,1382.6,1380.4,1382.1,61038
2026-05-12 10:30:00,1382.1,1383.5,1382.0,1382.7,75112
2026-05-12 10:35:00,1382.8,1383.5,1382.1,1383.2,63184
2026-05-12 10:40:00,1382.1,1383.9,1382.0,1382.4,453508
2026-05-12 10:45:00,1382.4,1382.9,1381.5,1382.9,76788
2026-05-12 10:50:00,1383.0,1383.9,1382.3,1383.4,143580
2026-05-12 10:55:00,1383.5,1383.9,1382.5,1383.9,74487
2026-05-12 11:00:00,1383.9,1384.0,1382.6,1383.7,119597
2026-05-12 11:05:00,1383.7,1384.0,1383.2,1383.7,82493
2026-05-12 11:10:00,1383.7,1386.5,1383.5,1386.0,551649
2026-05-12 11:15:00,1386.4,1391.6,1385.9,1390.0,294088
2026-05-12 11:20:00,1390.0,1393.4,1389.8,1390.2,271329
2026-05-12 11:25:00,1390.3,1391.0,1388.4,1388.7,181577
2026-05-12 11:30:00,1388.0,1388.7,1387.3,1388.2,147980
2026-05-12 11:35:00,1388.1,1388.4,1386.2,1387.6,138219
2026-05-12 11:40:00,1387.8,1389.7,1387.1,1388.8,130342
2026-05-12 11:45:00,1389.0,1389.0,1388.0,1389.0,119335
2026-05-12 11:50:00,1389.0,1390.0,1387.9,1389.5,157379
2026-05-12 11:55:00,1389.8,1390.5,1389.0,1389.0,330722
2026-05-12 12:00:00,1388.9,1390.0,1386.7,1387.8,181468
2026-05-12 12:05:00,1387.8,1387.9,1384.0,1384.7,125717
2026-05-12 12:10:00,1384.8,1384.8,1380.8,1383.0,191074
2026-05-12 12:15:00,1382.5,1384.0,1382.3,1383.0,167884
2026-05-12 12:20:00,1383.1,1383.5,1379.2,1379.9,228888
2026-05-12 12:25:00,1380.0,1381.9,1379.5,1381.1,137657
2026-05-12 12:30:00,1381.2,1381.2,1378.5,1379.0,178648
2026-05-12 12:35:00,1379.0,1379.8,1377.1,1379.3,236254
2026-05-12 12:40:00,1379.4,1380.2,1378.4,1380.0,153434
2026-05-12 12:45:00,1380.0,1381.8,1379.8,1380.9,169298
2026-05-12 12:50:00,1380.9,1381.8,1379.7,1379.7,177271
2026-05-12 12:55:00,1379.8,1381.2,1378.7,1379.9,180992
2026-05-12 13:00:00,1380.0,1380.4,1379.0,1379.4,146488
2026-05-12 13:05:00,1379.7,1380.0,1378.7,1378.9,111157
2026-05-12 13:10:00,1378.5,1379.4,1376.4,1378.3,413535
2026-05-12 13:15:00,1378.3,1380.3,1376.6,1377.3,389109
2026-05-12 13:20:00,1377.4,1377.4,1374.2,1374.4,245694
2026-05-12 13:25:00,1374.7,1375.9,1373.6,1374.4,404834
2026-05-12 13:30:00,1374.4,1376.8,1373.5,1375.1,196323
2026-05-12 13:35:00,1375.2,1375.3,1372.4,1373.8,273206
2026-05-12 13:40:00,1373.8,1375.4,1373.0,1374.7,198755
2026-05-12 13:45:00,1375.0,1375.7,1372.4,1375.0,186070
2026-05-12 13:50:00,1374.5,1376.4,1372.7,1372.8,236154
2026-05-12 13:55:00,1373.0,1373.5,1372.0,1372.2,172311
2026-05-12 14:00:00,1372.1,1374.3,1370.8,1373.3,375733
2026-05-12 14:05:00,1373.5,1374.9,1372.4,1373.5,289523
2026-05-12 14:10:00,1373.3,1374.0,1372.3,1373.0,221309
2026-05-12 14:15:00,1373.0,1374.4,1372.5,1373.5,287714
2026-05-12 14:20:00,1373.5,1374.5,1371.7,1373.6,506322
2026-05-12 14:25:00,1373.6,1373.9,1370.2,1371.1,326890
2026-05-12 14:30:00,1371.4,1371.4,1368.2,1368.7,382997
2026-05-12 14:35:00,1368.3,1369.5,1367.6,1368.1,260567
2026-05-12 14:40:00,1368.4,1370.6,1367.9,1369.5,384104
2026-05-12 14:45:00,1369.6,1369.9,1367.9,1368.9,643327
2026-05-12 14:50:00,1369.5,1370.9,1366.8,1367.2,804658
2026-05-12 14:55:00,1367.2,1367.6,1365.2,1366.9,174609
2026-05-12 15:00:00,1366.9,1366.9,1362.8,1366.4,1983703
2026-05-12 15:05:00,1366.8,1367.5,1363.1,1364.5,1426781
2026-05-12 15:10:00,1364.4,1365.3,1360.5,1361.4,1323996
2026-05-12 15:15:00,1361.7,1364.5,1360.3,1364.3,831945
2026-05-12 15:20:00,1364.4,1364.5,1362.5,1363.7,380476
2026-05-12 15:25:00,1363.9,1367.0,1363.4,1366.9,348830
2026-05-13 09:15:00,1363.3,1372.3,1363.3,1365.6,0
2026-05-13 09:20:00,1365.7,1367.5,1362.9,1365.6,251461
2026-05-13 09:25:00,1365.7,1365.7,1357.1,1357.1,251285
2026-05-13 09:30:00,1357.7,1363.0,1357.5,1360.8,210383
2026-05-13 09:35:00,1360.8,1361.9,1354.9,1355.1,151915
2026-05-13 09:40:00,1355.4,1359.5,1354.2,1356.4,151710
2026-05-13 09:45:00,1356.4,1356.8,1353.2,1354.6,146954
2026-05-13 09:50:00,1354.5,1357.2,1352.7,1356.4,157253
2026-05-13 09:55:00,1356.4,1358.4,1355.9,1355.9,108745
2026-05-13 10:00:00,1355.7,1357.5,1354.4,1356.3,125953
2026-05-13 10:05:00,1356.4,1359.8,1356.1,1358.5,161294
2026-05-13 10:10:00,1358.7,1359.4,1356.1,1356.9,119081
2026-05-13 10:15:00,1357.0,1357.3,1355.5,1357.2,95021
2026-05-13 10:20:00,1357.3,1360.0,1357.3,1359.8,127026
2026-05-13 10:25:00,1359.9,1360.0,1356.0,1356.0,263674
2026-05-13 10:30:00,1356.3,1357.0,1355.3,1357.0,143055
2026-05-13 10:35:00,1357.0,1357.0,1354.2,1354.5,120856
2026-05-13 10:40:00,1354.7,1358.2,1354.7,1357.2,100986
2026-05-13 10:45:00,1357.3,1358.0,1356.1,1356.5,99943
2026-05-13 10:50:00,1356.2,1357.9,1356.2,1357.4,104881
2026-05-13 10:55:00,1357.5,1357.8,1354.0,1354.1,136429
2026-05-13 11:00:00,1354.2,1359.3,1353.8,1357.7,153772
2026-05-13 11:05:00,1357.5,1357.5,1355.4,1356.0,91685
2026-05-13 11:10:00,1356.0,1356.3,1353.0,1355.3,147583
2026-05-13 11:15:00,1355.3,1356.2,1354.7,1355.0,87923
2026-05-13 11:20:00,1355.0,1356.2,1354.6,1355.5,74990
2026-05-13 11:25:00,1355.5,1355.6,1353.2,1353.3,85444
2026-05-13 11:30:00,1353.6,1354.5,1353.0,1354.1,115150
2026-05-13 11:35:00,1353.6,1357.6,1353.6,1357.1,175729
2026-05-13 11:40:00,1357.1,1361.6,1357.1,1360.7,266053
2026-05-13 11:45:00,1360.7,1363.8,1360.3,1361.0,175804
2026-05-13 11:50:00,1361.0,1362.8,1360.2,1360.2,93085
2026-05-13 11:55:00,1360.5,1361.8,1358.6,1359.2,134737
2026-05-13 12:00:00,1359.3,1360.5,1358.9,1360.4,101787
2026-05-13 12:05:00,1360.5,1360.8,1358.2,1359.2,73871
2026-05-13 12:10:00,1359.2,1360.2,1358.5,1360.2,69663
2026-05-13 12:15:00,1360.2,1360.9,1359.8,1360.8,89414
2026-05-13 12:20:00,1360.7,1360.7,1359.6,1360.5,92897
2026-05-13 12:25:00,1360.4,1362.3,1360.0,1362.3,98610
2026-05-13 12:30:00,1362.1,1362.9,1360.6,1361.2,94068
2026-05-13 12:35:00,1361.2,1362.5,1359.0,1362.5,249956
2026-05-13 12:40:00,1362.6,1362.7,1358.1,1360.6,226061
2026-05-13 12:45:00,1361.1,1362.5,1360.5,1361.4,87320
2026-05-13 12:50:00,1361.3,1366.4,1361.0,1366.4,164435
2026-05-13 12:55:00,1366.1,1370.0,1366.1,1369.2,282452
2026-05-13 13:00:00,1369.6,1370.0,1365.2,1368.3,414149
2026-05-13 13:05:00,1368.4,1368.5,1365.6,1366.1,129811
2026-05-13 13:10:00,1366.1,1367.2,1365.6,1366.1,115482
2026-05-13 13:15:00,1366.1,1366.1,1363.1,1363.9,131332
2026-05-13 13:20:00,1363.8,1365.7,1362.6,1365.2,139700
2026-05-13 13:25:00,1365.2,1365.5,1363.7,1364.7,98233
2026-05-13 13:30:00,1364.0,1367.9,1364.0,1367.1,101552
2026-05-13 13:35:00,1367.0,1367.9,1366.1,1367.3,95360
2026-05-13 13:40:00,1367.8,1368.0,1366.2,1366.4,94480
2026-05-13 13:45:00,1366.5,1367.2,1365.0,1366.4,110579
2026-05-13 13:50:00,1366.5,1366.8,1364.5,1365.0,97964
2026-05-13 13:55:00,1365.1,1365.8,1363.0,1364.7,228049
2026-05-13 14:00:00,1365.2,1365.8,1363.8,1364.0,120726
2026-05-13 14:05:00,1364.2,1366.0,1364.0,1365.0,87789
2026-05-13 14:10:00,1365.2,1366.7,1364.8,1365.0,101818
2026-05-13 14:15:00,1365.1,1366.4,1363.8,1363.8,146463
2026-05-13 14:20:00,1363.9,1366.1,1361.4,1365.6,196317
2026-05-13 14:25:00,1365.7,1366.1,1362.4,1362.7,191526
2026-05-13 14:30:00,1363.1,1364.0,1362.1,1362.1,183661
2026-05-13 14:35:00,1362.1,1362.6,1360.1,1361.7,271766
2026-05-13 14:40:00,1361.5,1362.0,1360.0,1360.0,416418
2026-05-13 14:45:00,1360.1,1361.1,1358.8,1359.9,343376
2026-05-13 14:50:00,1360.0,1360.7,1358.7,1360.0,164650
2026-05-13 14:55:00,1360.0,1361.5,1359.7,1361.0,184482
2026-05-13 15:00:00,1361.2,1361.2,1357.5,1357.6,518871
2026-05-13 15:05:00,1358.0,1359.1,1356.9,1359.0,479104
2026-05-13 15:10:00,1359.1,1359.1,1357.4,1358.6,417488
2026-05-13 15:15:00,1358.7,1360.8,1358.0,1359.9,497757
2026-05-13 15:20:00,1359.9,1360.0,1357.9,1358.4,465229
2026-05-13 15:25:00,1358.4,1362.0,1358.4,1361.2,386151
2026-05-14 09:15:00,1368.7,1369.1,1365.2,1367.1,0
2026-05-14 09:20:00,1367.8,1369.5,1366.2,1369.3,230157
2026-05-14 09:25:00,1369.1,1369.4,1367.5,1368.6,141532
2026-05-14 09:30:00,1368.1,1368.6,1365.7,1366.0,146003
2026-05-14 09:35:00,1366.0,1367.4,1363.1,1364.0,136661
2026-05-14 09:40:00,1364.2,1364.6,1363.2,1363.6,109732
2026-05-14 09:45:00,1363.4,1364.5,1362.6,1362.8,107870
2026-05-14 09:50:00,1362.6,1363.3,1360.3,1361.1,73958
2026-05-14 09:55:00,1361.2,1362.1,1360.9,1361.3,70387
2026-05-14 10:00:00,1361.7,1362.4,1360.5,1360.6,74224
2026-05-14 10:05:00,1360.9,1360.9,1358.5,1360.0,98178
2026-05-14 10:10:00,1359.8,1361.9,1359.1,1361.9,92012
2026-05-14 10:15:00,1361.8,1362.9,1360.2,1362.8,115691
2026-05-14 10:20:00,1362.9,1363.1,1361.1,1362.2,74829
2026-05-14 10:25:00,1362.5,1362.6,1361.5,1362.2,79709
2026-05-14 10:30:00,1362.2,1363.0,1361.8,1363.0,131663
2026-05-14 10:35:00,1363.0,1366.0,1362.9,1363.9,150629
2026-05-14 10:40:00,1364.4,1365.2,1362.3,1362.7,290851
2026-05-14 10:45:00,1362.7,1362.9,1360.0,1360.0,143369
2026-05-14 10:50:00,1360.2,1361.6,1359.3,1361.1,151568
2026-05-14 10:55:00,1361.1,1361.7,1359.5,1361.4,89680
2026-05-14 11:00:00,1361.4,1361.7,1360.9,1360.9,64356
2026-05-14 11:05:00,1360.9,1362.2,1360.8,1361.4,83176
2026-05-14 11:10:00,1361.4,1362.6,1361.0,1362.2,57810
2026-05-14 11:15:00,1362.4,1364.9,1362.4,1364.4,130313
2026-05-14 11:20:00,1364.4,1368.2,1364.3,1367.4,243191
2026-05-14 11:25:00,1367.3,1367.5,1364.9,1366.2,214889
2026-05-14 11:30:00,1366.2,1366.4,1365.2,1365.5,202120
2026-05-14 11:35:00,1365.5,1366.5,1364.1,1365.8,255513
2026-05-14 11:40:00,1365.8,1372.0,1365.0,1372.0,320327
2026-05-14 11:45:00,1371.6,1377.0,1370.4,1376.0,486746
2026-05-14 11:50:00,1376.4,1377.8,1373.5,1374.1,281962
2026-05-14 11:55:00,1374.1,1374.5,1372.0,1373.0,166877
2026-05-14 12:00:00,1372.9,1373.0,1370.0,1370.3,138197
2026-05-14 12:05:00,1370.1,1371.3,1369.3,1369.9,174799
2026-05-14 12:10:00,1369.9,1370.2,1368.3,1369.6,152141
2026-05-14 12:15:00,1369.6,1373.6,1369.6,1371.5,166593
2026-05-14 12:20:00,1371.4,1372.9,1371.0,1371.8,104879
2026-05-14 12:25:00,1371.7,1376.2,1371.2,1374.0,197425
2026-05-14 12:30:00,1374.0,1376.0,1373.2,1373.3,186114
2026-05-14 12:35:00,1373.3,1373.9,1370.1,1370.6,149811
2026-05-14 12:40:00,1370.6,1371.9,1369.9,1371.3,268657
2026-05-14 12:45:00,1371.4,1372.1,1370.4,1371.0,210010
2026-05-14 12:50:00,1371.2,1371.2,1368.3,1369.3,134737
2026-05-14 12:55:00,1369.0,1370.2,1368.1,1368.4,191007
2026-05-14 13:00:00,1368.4,1371.5,1367.6,1370.7,309302
2026-05-14 13:05:00,1370.7,1371.2,1369.0,1369.0,139986
2026-05-14 13:10:00,1369.1,1369.5,1367.6,1368.3,139674
2026-05-14 13:15:00,1368.6,1369.0,1366.1,1367.2,213204
2026-05-14 13:20:00,1367.4,1368.0,1365.8,1365.8,198934
2026-05-14 13:25:00,1365.7,1369.5,1365.6,1368.5,227014
2026-05-14 13:30:00,1368.5,1369.6,1366.5,1369.6,193813
2026-05-14 13:35:00,1369.3,1370.5,1368.1,1368.3,191899
2026-05-14 13:40:00,1368.4,1370.5,1368.0,1370.3,538769
2026-05-14 13:45:00,1370.2,1371.1,1367.0,1368.1,674611
2026-05-14 13:50:00,1367.7,1369.3,1366.8,1369.2,228465
2026-05-14 13:55:00,1368.9,1369.4,1367.1,1368.0,142217
2026-05-14 14:00:00,1367.9,1368.1,1366.4,1367.6,95795
2026-05-14 14:05:00,1367.8,1369.2,1366.4,1368.0,190323
2026-05-14 14:10:00,1368.0,1368.6,1366.3,1366.3,110931
2026-05-14 14:15:00,1366.4,1367.3,1365.0,1365.0,136467
2026-05-14 14:20:00,1365.0,1365.9,1364.1,1365.3,309889
2026-05-14 14:25:00,1365.6,1366.3,1364.9,1365.7,171436
2026-05-14 14:30:00,1365.7,1365.9,1364.2,1364.6,175741
2026-05-14 14:35:00,1364.6,1364.6,1362.2,1362.7,366732
2026-05-14 14:40:00,1362.7,1363.5,1362.0,1362.2,165481
2026-05-14 14:45:00,1362.1,1363.4,1361.1,1361.5,164258
2026-05-14 14:50:00,1361.4,1363.1,1361.2,1361.9,163588
2026-05-14 14:55:00,1361.8,1362.5,1359.3,1359.5,254987
2026-05-14 15:00:00,1360.1,1363.8,1359.8,1362.7,853257
2026-05-14 15:05:00,1362.7,1362.7,1358.6,1358.7,1269400
2026-05-14 15:10:00,1358.7,1363.0,1358.7,1362.6,977986
2026-05-14 15:15:00,1362.8,1363.0,1361.1,1362.2,422934
2026-05-14 15:20:00,1362.3,1367.4,1360.9,1366.6,443223
2026-05-14 15:25:00,1366.0,1368.6,1364.1,1368.6,351161
2026-05-15 09:15:00,1361.8,1361.8,1348.6,1351.1,0
2026-05-15 09:20:00,1351.5,1355.6,1351.0,1352.9,1324094
2026-05-15 09:25:00,1352.9,1352.9,1350.4,1350.7,248528
2026-05-15 09:30:00,1350.5,1351.0,1345.7,1345.7,746553
2026-05-15 09:35:00,1343.9,1344.7,1341.6,1342.6,256532
2026-05-15 09:40:00,1342.9,1343.6,1341.5,1342.5,178824
2026-05-15 09:45:00,1342.5,1344.9,1342.1,1342.9,143880
2026-05-15 09:50:00,1342.9,1346.8,1341.0,1346.4,637457
2026-05-15 09:55:00,1346.4,1348.0,1346.1,1347.1,182149
2026-05-15 10:00:00,1347.1,1347.6,1346.0,1347.5,126962
2026-05-15 10:05:00,1347.5,1347.5,1346.0,1347.0,81199
2026-05-15 10:10:00,1347.0,1347.1,1345.0,1345.1,105201
2026-05-15 10:15:00,1345.1,1345.3,1341.0,1341.1,175616
2026-05-15 10:20:00,1341.2,1342.5,1338.6,1342.4,234708
2026-05-15 10:25:00,1342.5,1342.8,1341.3,1342.3,66199
2026-05-15 10:30:00,1342.3,1342.4,1338.4,1338.8,348410
2026-05-15 10:35:00,1339.3,1340.0,1338.9,1339.5,78670
2026-05-15 10:40:00,1339.5,1340.7,1339.3,1339.9,72524
2026-05-15 10:45:00,1339.8,1340.7,1339.6,1340.4,195800
2026-05-15 10:50:00,1340.3,1341.0,1339.7,1340.6,237253
2026-05-15 10:55:00,1340.4,1340.7,1339.8,1340.0,95010
2026-05-15 11:00:00,1340.0,1340.0,1337.1,1337.3,160962
2026-05-15 11:05:00,1337.3,1337.7,1336.3,1336.8,95695
2026-05-15 11:10:00,1337.0,1339.8,1336.5,1339.3,90516
2026-05-15 11:15:00,1339.6,1339.9,1338.4,1339.7,79705
2026-05-15 11:20:00,1339.8,1339.9,1339.0,1339.4,50710
2026-05-15 11:25:00,1339.2,1339.4,1338.2,1338.7,42318
2026-05-15 11:30:00,1338.4,1339.5,1336.5,1339.1,88737
2026-05-15 11:35:00,1339.1,1340.5,1338.1,1339.4,89932
2026-05-15 11:40:00,1339.2,1339.6,1337.1,1338.1,81066
2026-05-15 11:45:00,1338.0,1338.4,1336.0,1336.1,530812
2026-05-15 11:50:00,1336.0,1336.1,1335.3,1335.3,104692
2026-05-15 11:55:00,1335.2,1336.0,1335.0,1335.3,64397
2026-05-15 12:00:00,1335.4,1337.5,1335.4,1337.0,122026
2026-05-15 12:05:00,1337.0,1337.5,1335.5,1335.7,138940
2026-05-15 12:10:00,1335.6,1336.0,1335.3,1335.6,93103
2026-05-15 12:15:00,1335.5,1336.0,1334.5,1335.7,188141
2026-05-15 12:20:00,1335.5,1336.0,1335.0,1336.0,87262
2026-05-15 12:25:00,1335.9,1337.3,1335.8,1335.9,473219
2026-05-15 12:30:00,1335.9,1336.6,1335.8,1336.0,142195
2026-05-15 12:35:00,1336.0,1336.8,1335.6,1335.7,131475
2026-05-15 12:40:00,1336.0,1337.0,1335.8,1337.0,700871
2026-05-15 12:45:00,1337.0,1338.3,1335.8,1336.0,571436
2026-05-15 12:50:00,1336.0,1337.4,1335.8,1336.2,332284
2026-05-15 12:55:00,1336.2,1336.9,1335.9,1335.9,149012
2026-05-15 13:00:00,1335.9,1336.6,1335.9,1335.9,156129
2026-05-15 13:05:00,1336.4,1337.2,1335.8,1337.1,573603
2026-05-15 13:10:00,1337.1,1337.4,1336.0,1336.0,365909
2026-05-15 13:15:00,1335.9,1336.5,1335.5,1336.4,223942
2026-05-15 13:20:00,1336.4,1337.2,1335.9,1336.1,701601
2026-05-15 13:25:00,1336.7,1337.0,1335.9,1336.5,381613
2026-05-15 13:30:00,1336.5,1336.5,1335.5,1336.0,145524
2026-05-15 13:35:00,1336.0,1336.9,1335.7,1336.0,191750
2026-05-15 13:40:00,1336.0,1337.4,1335.9,1337.4,506871
2026-05-15 13:45:00,1337.4,1337.4,1333.0,1334.5,892136
2026-05-15 13:50:00,1334.2,1335.4,1332.6,1333.9,179990
2026-05-15 13:55:00,1333.8,1334.9,1333.7,1334.1,93835
2026-05-15 14:00:00,1334.2,1336.5,1334.1,1335.4,143953
2026-05-15 14:05:00,1335.5,1336.5,1335.0,1335.9,129054
2026-05-15 14:10:00,1335.9,1336.4,1335.3,1336.0,144143
2026-05-15 14:15:00,1336.2,1336.5,1335.3,1336.0,124849
2026-05-15 14:20:00,1335.9,1336.5,1335.6,1335.8,139619
2026-05-15 14:25:00,1335.8,1335.9,1334.7,1335.8,132594
2026-05-15 14:30:00,1335.8,1336.1,1335.0,1335.8,148696
2026-05-15 14:35:00,1335.8,1336.7,1335.3,1335.6,243308
2026-05-15 14:40:00,1336.0,1336.7,1335.4,1335.6,260895
2026-05-15 14:45:00,1335.6,1335.6,1332.2,1332.2,214129
2026-05-15 14:50:00,1332.2,1332.9,1329.4,1329.9,452136
2026-05-15 14:55:00,1329.8,1331.8,1329.4,1331.2,234540
2026-05-15 15:00:00,1331.1,1337.5,1330.5,1337.5,545692
2026-05-15 15:05:00,1337.4,1337.9,1336.5,1337.0,386484
2026-05-15 15:10:00,1337.0,1337.7,1336.2,1337.3,351235
2026-05-15 15:15:00,1337.3,1337.5,1336.0,1337.0,361133
2026-05-15 15:20:00,1337.0,1338.0,1336.4,1337.1,443470
2026-05-15 15:25:00,1337.1,1340.0,1337.0,1339.0,268259
2026-05-18 09:15:00,1333.0,1333.7,1322.6,1326.0,0
2026-05-18 09:20:00,1325.9,1325.9,1323.5,1324.8,213967
2026-05-18 09:25:00,1324.6,1324.9,1323.0,1324.3,99234
2026-05-18 09:30:00,1324.2,1324.2,1322.5,1323.2,76575
2026-05-18 09:35:00,1323.4,1323.6,1319.5,1320.0,175725
2026-05-18 09:40:00,1320.1,1324.2,1319.5,1323.5,88018
2026-05-18 09:45:00,1323.9,1323.9,1321.1,1321.3,304689
2026-05-18 09:50:00,1321.4,1322.3,1320.0,1321.9,78944
2026-05-18 09:55:00,1322.0,1322.0,1319.1,1320.0,68908
2026-05-18 10:00:00,1320.0,1323.4,1320.0,1323.4,52181
2026-05-18 10:05:00,1323.4,1323.7,1321.6,1323.4,82810
2026-05-18 10:10:00,1323.5,1325.8,1322.2,1322.9,182687
2026-05-18 10:15:00,1322.9,1323.7,1321.8,1323.1,69010
2026-05-18 10:20:00,1322.6,1323.7,1322.0,1323.4,66741
2026-05-18 10:25:00,1323.9,1327.9,1323.8,1327.1,105185
2026-05-18 10:30:00,1327.0,1329.8,1325.1,1329.5,78152
2026-05-18 10:35:00,1329.5,1333.0,1329.5,1332.0,117086
2026-05-18 10:40:00,1332.0,1334.3,1331.1,1332.4,124778
2026-05-18 10:45:00,1332.4,1332.9,1330.9,1331.8,85600
2026-05-18 10:50:00,1331.8,1334.9,1331.5,1333.6,211541
2026-05-18 10:55:00,1333.9,1336.6,1333.0,1336.5,146469
2026-05-18 11:00:00,1336.5,1337.9,1335.2,1335.3,98289
2026-05-18 11:05:00,1335.8,1338.9,1335.6,1338.5,85981
2026-05-18 11:10:00,1338.3,1338.6,1335.1,1336.9,77814
2026-05-18 11:15:00,1336.9,1339.4,1336.6,1339.4,133414
2026-05-18 11:20:00,1339.2,1339.6,1337.8,1339.0,318185
2026-05-18 11:25:00,1339.0,1339.3,1337.2,1339.0,77677
2026-05-18 11:30:00,1338.9,1339.7,1338.4,1339.6,69503
2026-05-18 11:35:00,1339.6,1341.9,1339.4,1341.1,110584
2026-05-18 11:40:00,1341.1,1341.3,1338.6,1339.3,108181
2026-05-18 11:45:00,1339.2,1339.5,1337.0,1337.5,77737
2026-05-18 11:50:00,1337.5,1338.9,1337.2,1338.1,55614
2026-05-18 11:55:00,1338.2,1339.0,1337.1,1337.1,52965
2026-05-18 12:00:00,1337.5,1337.6,1334.1,1335.0,1011902
2026-05-18 12:05:00,1335.0,1335.0,1333.4,1334.7,78794
2026-05-18 12:10:00,1334.9,1335.0,1334.6,1335.0,463874
2026-05-18 12:15:00,1335.0,1335.0,1333.7,1334.3,160232
2026-05-18 12:20:00,1334.2,1335.0,1333.7,1335.0,69015
2026-05-18 12:25:00,1335.0,1335.0,1334.7,1334.9,76870
2026-05-18 12:30:00,1335.0,1338.1,1335.0,1337.8,102380
2026-05-18 12:35:00,1337.9,1338.9,1337.4,1338.9,82918
2026-05-18 12:40:00,1338.7,1339.0,1337.2,1338.3,95266
2026-05-18 12:45:00,1338.3,1338.6,1337.0,1338.3,54659
2026-05-18 12:50:00,1338.2,1338.8,1337.5,1338.3,64600
2026-05-18 12:55:00,1338.4,1340.5,1337.0,1337.4,132322
2026-05-18 13:00:00,1337.8,1338.9,1337.5,1337.7,58077
2026-05-18 13:05:00,1337.7,1338.0,1334.3,1334.8,1386828
2026-05-18 13:10:00,1334.8,1334.8,1332.7,1333.9,135597
2026-05-18 13:15:00,1333.8,1335.2,1333.8,1334.4,114354
2026-05-18 13:20:00,1334.8,1335.0,1334.0,1335.0,66372
2026-05-18 13:25:00,1335.4,1335.7,1334.4,1334.8,57007
2026-05-18 13:30:00,1334.7,1335.9,1334.3,1334.7,85750
2026-05-18 13:35:00,1334.5,1335.4,1334.0,1334.2,52620
2026-05-18 13:40:00,1334.2,1335.4,1333.0,1335.0,105321
2026-05-18 13:45:00,1335.0,1335.4,1334.0,1335.1,56218
2026-05-18 13:50:00,1335.0,1335.9,1334.5,1335.4,74253
2026-05-18 13:55:00,1335.6,1336.1,1334.6,1334.7,59121
2026-05-18 14:00:00,1335.0,1336.0,1333.5,1335.2,62404
2026-05-18 14:05:00,1335.3,1335.6,1332.0,1333.3,73986
2026-05-18 14:10:00,1333.3,1335.9,1332.8,1333.6,309912
2026-05-18 14:15:00,1333.9,1334.0,1332.4,1332.7,71946
2026-05-18 14:20:00,1332.9,1333.6,1331.6,1331.6,94451
2026-05-18 14:25:00,1331.2,1334.0,1331.2,1333.2,202730
2026-05-18 14:30:00,1333.2,1333.5,1331.3,1331.3,107996
2026-05-18 14:35:00,1331.3,1332.5,1330.1,1332.5,154490
2026-05-18 14:40:00,1332.0,1332.7,1331.3,1332.1,141199
2026-05-18 14:45:00,1332.4,1332.6,1331.9,1332.2,105033
2026-05-18 14:50:00,1332.4,1332.8,1331.8,1332.2,115304
2026-05-18 14:55:00,1332.7,1333.0,1332.0,1332.5,158151
2026-05-18 15:00:00,1332.7,1339.4,1332.2,1336.8,839298
2026-05-18 15:05:00,1336.8,1337.8,1336.0,1336.8,358547
2026-05-18 15:10:00,1336.9,1337.7,1334.3,1335.0,657513
2026-05-18 15:15:00,1334.8,1335.0,1334.2,1334.3,280031
2026-05-18 15:20:00,1334.5,1335.0,1334.3,1334.9,259069
2026-05-18 15:25:00,1335.0,1335.0,1334.0,1335.0,233984
2026-05-19 09:15:00,1339.7,1340.1,1336.3,1339.6,0
2026-05-19 09:20:00,1340.0,1340.8,1338.2,1339.7,200045
2026-05-19 09:25:00,1340.9,1344.0,1340.1,1341.2,376839
2026-05-19 09:30:00,1341.2,1342.2,1338.7,1338.9,235058
2026-05-19 09:35:00,1337.9,1338.9,1335.1,1338.8,200732
2026-05-19 09:40:00,1338.8,1342.5,1338.8,1341.8,156796
2026-05-19 09:45:00,1341.8,1342.1,1339.2,1341.3,261853
2026-05-19 09:50:00,1341.3,1342.0,1339.7,1339.8,352249
2026-05-19 09:55:00,1339.8,1340.7,1338.6,1338.6,105663
2026-05-19 10:00:00,1338.7,1340.7,1338.5,1339.5,119830
2026-05-19 10:05:00,1339.6,1341.2,1339.1,1339.7,289856
2026-05-19 10:10:00,1340.0,1342.9,1339.2,1341.9,175541
2026-05-19 10:15:00,1342.0,1343.0,1339.1,1339.1,298840
2026-05-19 10:20:00,1339.3,1339.8,1337.8,1338.7,155844
2026-05-19 10:25:00,1338.7,1339.2,1338.0,1339.0,123978
2026-05-19 10:30:00,1339.0,1339.4,1338.0,1338.7,134277
2026-05-19 10:35:00,1338.7,1340.0,1337.8,1340.0,99085
2026-05-19 10:40:00,1339.9,1342.0,1339.0,1341.0,325329
2026-05-19 10:45:00,1341.4,1341.5,1339.5,1339.7,103476
2026-05-19 10:50:00,1339.7,1340.6,1338.1,1338.8,137628
2026-05-19 10:55:00,1339.2,1341.4,1339.0,1340.4,102701
2026-05-19 11:00:00,1340.4,1340.8,1339.3,1339.6,87121
2026-05-19 11:05:00,1339.6,1339.7,1339.1,1339.2,84102
2026-05-19 11:10:00,1339.3,1341.1,1339.0,1339.2,225145
2026-05-19 11:15:00,1339.2,1339.3,1337.6,1339.0,137461
2026-05-19 11:20:00,1338.9,1338.9,1336.9,1337.7,72828
2026-05-19 11:25:00,1337.4,1337.6,1336.2,1337.4,100809
2026-05-19 11:30:00,1337.4,1337.4,1334.5,1335.5,315165
2026-05-19 11:35:00,1335.5,1335.9,1333.6,1335.0,251203
2026-05-19 11:40:00,1334.9,1336.8,1334.5,1335.8,223495
2026-05-19 11:45:00,1335.9,1337.4,1335.3,1336.5,106730
2026-05-19 11:50:00,1336.5,1337.0,1336.0,1336.9,88066
2026-05-19 11:55:00,1336.9,1337.7,1336.3,1337.1,96029
2026-05-19 12:00:00,1337.1,1337.2,1335.0,1335.2,483066
2026-05-19 12:05:00,1335.0,1335.9,1334.5,1335.4,234617
2026-05-19 12:10:00,1335.2,1336.5,1335.0,1335.6,154693
2026-05-19 12:15:00,1335.6,1335.9,1334.8,1335.9,205141
2026-05-19 12:20:00,1335.9,1336.5,1333.6,1334.4,93774
2026-05-19 12:25:00,1334.6,1337.6,1333.9,1337.6,355750
2026-05-19 12:30:00,1337.6,1337.6,1332.9,1334.5,314812
2026-05-19 12:35:00,1334.5,1334.9,1333.6,1334.5,102004
2026-05-19 12:40:00,1334.5,1335.0,1334.0,1334.5,120183
2026-05-19 12:45:00,1334.6,1334.6,1332.9,1333.2,162335
2026-05-19 12:50:00,1333.5,1334.3,1332.9,1334.1,223424
2026-05-19 12:55:00,1333.9,1333.9,1333.1,1333.3,154085
2026-05-19 13:00:00,1333.4,1334.1,1332.6,1333.0,115527
2026-05-19 13:05:00,1332.9,1335.0,1332.6,1334.0,122251
2026-05-19 13:10:00,1334.3,1334.3,1332.8,1333.2,105294
2026-05-19 13:15:00,1333.4,1334.8,1332.7,1334.5,111655
2026-05-19 13:20:00,1334.5,1334.9,1333.7,1334.2,127795
2026-05-19 13:25:00,1334.4,1334.5,1333.4,1333.7,141020
2026-05-19 13:30:00,1333.9,1335.0,1333.4,1333.4,236692
2026-05-19 13:35:00,1333.4,1333.8,1331.1,1333.0,253378
2026-05-19 13:40:00,1333.0,1333.5,1331.9,1333.4,246799
2026-05-19 13:45:00,1333.2,1334.4,1332.8,1333.2,638096
2026-05-19 13:50:00,1333.2,1333.7,1332.7,1333.5,229802
2026-05-19 13:55:00,1333.4,1333.6,1331.8,1333.5,291519
2026-05-19 14:00:00,1333.4,1334.5,1332.6,1334.5,442504
2026-05-19 14:05:00,1334.5,1335.0,1333.6,1333.8,237625
2026-05-19 14:10:00,1334.2,1336.5,1333.5,1335.2,341360
2026-05-19 14:15:00,1335.2,1337.1,1335.0,1335.4,215249
2026-05-19 14:20:00,1335.4,1336.4,1333.1,1334.3,333397
2026-05-19 14:25:00,1334.3,1334.3,1332.5,1333.0,728468
2026-05-19 14:30:00,1332.9,1333.0,1330.6,1331.4,477137
2026-05-19 14:35:00,1331.4,1331.5,1327.9,1329.6,397393
2026-05-19 14:40:00,1329.6,1330.4,1328.0,1328.5,241094
2026-05-19 14:45:00,1328.3,1328.9,1326.9,1328.3,359612
2026-05-19 14:50:00,1328.3,1329.4,1326.3,1326.6,539521
2026-05-19 14:55:00,1326.5,1329.0,1325.8,1326.1,832993
2026-05-19 15:00:00,1326.5,1326.7,1322.9,1323.5,1113760
2026-05-19 15:05:00,1323.4,1324.6,1322.6,1323.5,1187220
2026-05-19 15:10:00,1323.6,1324.6,1320.8,1321.3,1251679
2026-05-19 15:15:00,1321.3,1321.8,1320.0,1321.1,519704
2026-05-19 15:20:00,1321.1,1321.2,1320.0,1321.2,470506
2026-05-19 15:25:00,1320.9,1323.1,1319.9,1322.5,449073
2026-05-20 09:15:00,1317.0,1319.9,1312.7,1319.0,0
2026-05-20 09:20:00,1319.0,1322.3,1317.8,1322.1,175225
2026-05-20 09:25:00,1322.3,1323.8,1320.5,1323.3,210360
2026-05-20 09:30:00,1323.7,1326.1,1322.4,1326.1,244852
2026-05-20 09:35:00,1326.0,1326.6,1322.6,1325.4,193465
2026-05-20 09:40:00,1325.0,1325.4,1321.0,1322.5,130722
2026-05-20 09:45:00,1322.7,1323.8,1322.0,1322.5,72042
2026-05-20 09:50:00,1322.5,1323.6,1322.0,1322.6,71680
2026-05-20 09:55:00,1322.6,1323.5,1321.8,1322.4,84308
2026-05-20 10:00:00,1322.7,1322.7,1320.1,1321.0,82011
2026-05-20 10:05:00,1321.4,1323.4,1320.3,1323.3,138995
2026-05-20 10:10:00,1323.3,1323.8,1322.0,1323.5,133221
2026-05-20 10:15:00,1323.8,1325.2,1323.1,1324.4,121204
2026-05-20 10:20:00,1324.0,1324.5,1322.0,1322.5,68539
2026-05-20 10:25:00,1322.4,1325.0,1322.1,1324.9,92848
2026-05-20 10:30:00,1325.0,1332.8,1324.7,1332.5,357025
2026-05-20 10:35:00,1332.7,1335.7,1332.5,1333.7,227496
2026-05-20 10:40:00,1333.4,1334.4,1331.3,1331.7,98089
2026-05-20 10:45:00,1332.4,1332.4,1329.4,1330.0,101234
2026-05-20 10:50:00,1330.0,1334.9,1330.0,1334.8,99331
2026-05-20 10:55:00,1334.9,1335.9,1333.1,1333.7,117058
2026-05-20 11:00:00,1333.7,1334.8,1333.2,1333.8,58622
2026-05-20 11:05:00,1333.7,1334.4,1333.2,1334.2,41951
2026-05-20 11:10:00,1334.4,1335.3,1333.7,1333.9,69463
2026-05-20 11:15:00,1333.9,1337.5,1333.2,1334.7,294551
2026-05-20 11:20:00,1334.6,1336.3,1334.2,1335.2,76436
2026-05-20 11:25:00,1335.4,1335.6,1334.3,1334.5,40200
2026-05-20 11:30:00,1334.9,1335.5,1333.2,1333.4,57014
2026-05-20 11:35:00,1333.4,1345.2,1333.4,1343.3,1076131
2026-05-20 11:40:00,1343.3,1346.3,1341.8,1346.3,230563
2026-05-20 11:45:00,1346.2,1349.1,1346.0,1347.9,338195
2026-05-20 11:50:00,1347.9,1349.0,1346.2,1348.9,162548
2026-05-20 11:55:00,1349.0,1349.2,1347.0,1347.3,153036
2026-05-20 12:00:00,1347.7,1347.7,1345.5,1346.6,100777
2026-05-20 12:05:00,1346.8,1346.8,1345.2,1346.0,67167
2026-05-20 12:10:00,1346.2,1346.9,1345.4,1346.3,67631
2026-05-20 12:15:00,1346.2,1348.8,1346.2,1348.7,100105
2026-05-20 12:20:00,1348.7,1349.4,1347.9,1348.1,81537
2026-05-20 12:25:00,1348.1,1348.7,1346.1,1347.7,192498
2026-05-20 12:30:00,1347.8,1348.1,1347.0,1347.2,41936
2026-05-20 12:35:00,1347.4,1348.1,1346.4,1348.0,44340
2026-05-20 12:40:00,1347.9,1355.6,1347.4,1355.0,556668
2026-05-20 12:45:00,1355.0,1357.2,1353.0,1353.6,332516
2026-05-20 12:50:00,1353.6,1354.9,1352.2,1353.9,91214
2026-05-20 12:55:00,1353.8,1354.6,1353.1,1354.5,88606
2026-05-20 13:00:00,1354.6,1355.8,1353.3,1355.0,130314
2026-05-20 13:05:00,1355.0,1355.0,1351.2,1352.4,117647
2026-05-20 13:10:00,1352.9,1354.6,1352.2,1353.5,112907
2026-05-20 13:15:00,1353.5,1353.7,1352.2,1352.5,66935
2026-05-20 13:20:00,1353.0,1354.0,1352.1,1353.4,83886
2026-05-20 13:25:00,1353.5,1355.2,1352.0,1352.5,175450
2026-05-20 13:30:00,1352.5,1355.0,1352.2,1355.0,116203
2026-05-20 13:35:00,1354.9,1357.3,1353.7,1356.8,227022
2026-05-20 13:40:00,1356.8,1357.0,1354.8,1354.9,94811
2026-05-20 13:45:00,1355.4,1357.4,1354.9,1355.4,159287
2026-05-20 13:50:00,1355.7,1356.6,1354.3,1355.9,95333
2026-05-20 13:55:00,1355.9,1356.1,1354.6,1355.8,59084
2026-05-20 14:00:00,1356.1,1357.0,1355.4,1357.0,113954
2026-05-20 14:05:00,1357.0,1358.3,1354.7,1357.8,258322
2026-05-20 14:10:00,1358.0,1359.0,1357.6,1358.0,319799
2026-05-20 14:15:00,1358.1,1358.5,1356.9,1357.5,279257
2026-05-20 14:20:00,1357.4,1358.9,1356.7,1358.1,194086
2026-05-20 14:25:00,1358.5,1358.6,1356.5,1358.0,173287
2026-05-20 14:30:00,1358.3,1358.7,1358.0,1358.1,117187
2026-05-20 14:35:00,1358.0,1358.3,1357.4,1358.1,149949
2026-05-20 14:40:00,1358.2,1358.8,1358.0,1358.5,138934
2026-05-20 14:45:00,1358.8,1359.8,1358.8,1359.1,147077
2026-05-20 14:50:00,1359.0,1359.7,1358.2,1359.7,207008
2026-05-20 14:55:00,1359.6,1360.4,1359.4,1360.1,224559
2026-05-20 15:00:00,1360.0,1360.1,1357.4,1357.7,353505
2026-05-20 15:05:00,1357.8,1359.6,1357.3,1359.6,286418
2026-05-20 15:10:00,1359.6,1360.6,1359.3,1360.2,296382
2026-05-20 15:15:00,1360.3,1361.2,1359.5,1360.2,363641
2026-05-20 15:20:00,1360.4,1360.6,1359.5,1360.4,213697
2026-05-20 15:25:00,1360.3,1362.0,1359.8,1360.9,225511
2026-05-21 09:15:00,1370.8,1370.8,1361.2,1361.4,0
2026-05-21 09:20:00,1360.4,1361.5,1358.4,1360.5,240459
2026-05-21 09:25:00,1360.6,1361.4,1359.3,1359.7,152359
2026-05-21 09:30:00,1359.7,1360.3,1357.0,1357.3,167257
2026-05-21 09:35:00,1357.4,1359.6,1357.0,1359.1,172687
2026-05-21 09:40:00,1359.2,1359.2,1356.2,1359.0,248214
2026-05-21 09:45:00,1359.0,1359.5,1357.9,1358.6,214696
2026-05-21 09:50:00,1358.6,1360.4,1357.9,1359.3,163404
2026-05-21 09:55:00,1359.1,1360.0,1356.0,1356.1,211532
2026-05-21 10:00:00,1356.2,1357.8,1355.2,1356.3,177050
2026-05-21 10:05:00,1356.4,1356.5,1354.3,1354.7,137618
2026-05-21 10:10:00,1354.7,1356.6,1354.0,1356.4,132517
2026-05-21 10:15:00,1356.5,1359.0,1356.3,1358.7,110641
2026-05-21 10:20:00,1358.6,1359.3,1356.8,1357.1,161114
2026-05-21 10:25:00,1357.1,1357.6,1355.4,1356.0,129493
2026-05-21 10:30:00,1356.1,1356.7,1353.1,1353.2,211193
2026-05-21 10:35:00,1353.2,1354.0,1351.5,1353.5,207977
2026-05-21 10:40:00,1353.5,1355.5,1352.9,1355.3,117235
2026-05-21 10:45:00,1355.8,1356.3,1352.0,1352.5,220991
2026-05-21 10:50:00,1352.5,1353.4,1352.0,1352.6,98749
2026-05-21 10:55:00,1352.8,1353.4,1351.0,1351.1,145559
2026-05-21 11:00:00,1351.0,1351.2,1350.0,1350.4,197754
2026-05-21 11:05:00,1350.6,1351.3,1349.3,1351.3,144923
2026-05-21 11:10:00,1351.3,1351.6,1350.0,1350.0,129254
2026-05-21 11:15:00,1350.0,1350.9,1348.6,1350.9,136865
2026-05-21 11:20:00,1350.7,1352.4,1350.1,1352.2,193181
2026-05-21 11:25:00,1352.2,1353.9,1351.6,1353.5,133289
2026-05-21 11:30:00,1353.2,1353.6,1351.8,1353.1,232509
2026-05-21 11:35:00,1353.1,1353.9,1352.1,1353.8,103437
2026-05-21 11:40:00,1353.7,1354.0,1352.0,1353.5,139592
2026-05-21 11:45:00,1353.6,1354.2,1353.1,1353.9,148983
2026-05-21 11:50:00,1354.0,1357.0,1353.9,1356.1,184849
2026-05-21 11:55:00,1356.2,1356.5,1354.0,1355.6,134262
2026-05-21 12:00:00,1355.7,1358.7,1355.7,1357.6,204144
2026-05-21 12:05:00,1357.6,1358.9,1357.2,1357.5,169980
2026-05-21 12:10:00,1357.4,1358.0,1354.2,1354.3,99205
2026-05-21 12:15:00,1354.2,1354.5,1351.8,1353.2,199519
2026-05-21 12:20:00,1353.4,1354.8,1352.0,1352.0,544323
2026-05-21 12:25:00,1352.0,1352.4,1348.6,1349.9,261516
2026-05-21 12:30:00,1350.1,1350.9,1348.7,1350.1,119072
2026-05-21 12:35:00,1349.5,1350.2,1346.5,1346.5,188889
2026-05-21 12:40:00,1346.7,1349.0,1345.4,1348.8,362327
2026-05-21 12:45:00,1348.2,1348.2,1345.3,1346.7,220909
2026-05-21 12:50:00,1346.8,1348.6,1346.6,1347.9,70518
2026-05-21 12:55:00,1348.5,1348.9,1347.5,1348.0,92703
2026-05-21 13:00:00,1348.1,1348.5,1346.2,1347.4,138112
2026-05-21 13:05:00,1347.6,1350.6,1347.1,1350.2,139090
2026-05-21 13:10:00,1350.2,1352.2,1348.9,1351.0,319843
2026-05-21 13:15:00,1351.1,1352.3,1350.8,1352.0,111441
2026-05-21 13:20:00,1351.9,1352.9,1350.0,1351.9,323228
2026-05-21 13:25:00,1351.6,1352.5,1351.3,1351.4,73683
2026-05-21 13:30:00,1351.9,1352.7,1350.5,1352.5,133241
2026-05-21 13:35:00,1352.5,1354.3,1351.8,1353.0,94089
2026-05-21 13:40:00,1353.1,1355.0,1352.8,1354.7,78832
2026-05-21 13:45:00,1354.8,1355.0,1353.5,1354.3,96852
2026-05-21 13:50:00,1354.3,1354.3,1352.2,1353.5,98179
2026-05-21 13:55:00,1353.5,1354.7,1351.6,1354.0,62773
2026-05-21 14:00:00,1354.2,1354.2,1351.0,1351.3,127900
2026-05-21 14:05:00,1351.5,1352.9,1351.2,1352.1,159409
2026-05-21 14:10:00,1352.1,1353.5,1351.6,1352.1,292206
2026-05-21 14:15:00,1352.0,1352.5,1351.0,1351.2,59672
2026-05-21 14:20:00,1351.5,1352.9,1351.2,1352.9,89215
2026-05-21 14:25:00,1352.9,1353.7,1350.2,1351.9,312320
2026-05-21 14:30:00,1351.9,1355.1,1350.3,1352.2,821761
2026-05-21 14:35:00,1352.4,1353.4,1351.8,1352.6,104250
2026-05-21 14:40:00,1353.0,1355.6,1352.4,1353.5,128352
2026-05-21 14:45:00,1353.8,1355.5,1352.9,1353.6,316586
2026-05-21 14:50:00,1353.5,1354.7,1352.1,1353.1,382049
2026-05-21 14:55:00,1353.2,1353.5,1351.1,1351.8,312300
2026-05-21 15:00:00,1351.8,1352.9,1349.6,1352.3,775291
2026-05-21 15:05:00,1352.2,1352.9,1349.2,1350.7,1298372
2026-05-21 15:10:00,1350.6,1351.0,1347.9,1348.0,784988
2026-05-21 15:15:00,1348.3,1349.3,1347.1,1347.6,528364
2026-05-21 15:20:00,1347.9,1349.3,1346.7,1347.0,369020
2026-05-21 15:25:00,1347.0,1349.0,1346.4,1349.0,254000
2026-05-22 09:15:00,1351.0,1353.9,1349.1,1352.5,0
2026-05-22 09:20:00,1352.0,1355.8,1352.0,1354.7,231158
2026-05-22 09:25:00,1354.8,1357.8,1352.9,1356.8,178235
2026-05-22 09:30:00,1356.7,1357.8,1353.1,1355.9,110306
2026-05-22 09:35:00,1356.0,1356.8,1354.4,1355.0,94022
2026-05-22 09:40:00,1355.0,1355.0,1353.4,1353.9,79237
2026-05-22 09:45:00,1353.5,1354.1,1351.8,1352.0,64606
2026-05-22 09:50:00,1352.0,1355.0,1351.5,1354.2,106798
2026-05-22 09:55:00,1354.1,1356.7,1353.3,1356.1,64772
2026-05-22 10:00:00,1356.1,1356.5,1354.3,1354.6,66499
2026-05-22 10:05:00,1354.8,1355.7,1353.8,1355.6,53186
2026-05-22 10:10:00,1355.6,1356.0,1354.5,1355.2,32807
2026-05-22 10:15:00,1355.0,1355.3,1352.5,1352.5,45190
2026-05-22 10:20:00,1352.8,1355.5,1352.5,1353.9,53294
2026-05-22 10:25:00,1354.0,1354.8,1353.3,1353.5,54183
2026-05-22 10:30:00,1353.5,1354.3,1353.0,1353.4,27260
2026-05-22 10:35:00,1353.5,1354.0,1353.0,1353.7,48732
2026-05-22 10:40:00,1353.7,1355.2,1353.3,1355.0,97712
2026-05-22 10:45:00,1355.1,1355.7,1354.1,1354.5,69096
2026-05-22 10:50:00,1354.6,1356.0,1354.0,1355.0,72371
2026-05-22 10:55:00,1355.2,1357.3,1354.9,1357.1,77139
2026-05-22 11:00:00,1357.2,1357.2,1356.0,1356.6,42368
2026-05-22 11:05:00,1356.4,1356.8,1355.3,1355.9,39957
2026-05-22 11:10:00,1355.4,1356.1,1355.0,1355.1,41961
2026-05-22 11:15:00,1355.5,1355.7,1353.0,1353.9,62286
2026-05-22 11:20:00,1353.8,1355.8,1353.8,1354.7,47928
2026-05-22 11:25:00,1355.0,1355.5,1354.0,1354.7,44581
2026-05-22 11:30:00,1354.6,1355.7,1354.0,1355.0,65075
2026-05-22 11:35:00,1354.9,1356.5,1354.9,1356.4,52462
2026-05-22 11:40:00,1356.4,1358.3,1356.3,1358.2,103116
2026-05-22 11:45:00,1358.2,1359.4,1357.9,1357.9,187001
2026-05-22 11:50:00,1358.4,1358.6,1357.0,1358.2,54591
2026-05-22 11:55:00,1358.2,1359.2,1358.1,1359.2,49620
2026-05-22 12:00:00,1359.0,1359.2,1357.8,1358.5,71045
2026-05-22 12:05:00,1358.1,1360.6,1358.0,1359.3,158494
2026-05-22 12:10:00,1359.2,1360.9,1359.1,1360.1,142174
2026-05-22 12:15:00,1360.1,1360.2,1358.8,1358.9,34275
2026-05-22 12:20:00,1359.1,1359.1,1358.0,1358.2,30480
2026-05-22 12:25:00,1358.3,1359.0,1358.0,1358.7,32061
2026-05-22 12:30:00,1358.8,1358.8,1358.0,1358.7,48713
2026-05-22 12:35:00,1358.7,1360.0,1358.1,1360.0,58357
2026-05-22 12:40:00,1360.0,1361.7,1360.0,1360.5,76438
2026-05-22 12:45:00,1360.8,1365.5,1360.6,1364.3,262286
2026-05-22 12:50:00,1364.4,1364.7,1362.6,1364.0,102811
2026-05-22 12:55:00,1364.0,1364.6,1363.3,1364.0,52365
2026-05-22 13:00:00,1364.2,1367.4,1364.0,1367.0,122673
2026-05-22 13:05:00,1367.0,1367.0,1365.0,1365.3,50089
2026-05-22 13:10:00,1365.4,1365.4,1363.5,1364.3,65714
2026-05-22 13:15:00,1364.8,1364.8,1363.5,1364.2,47638
2026-05-22 13:20:00,1364.2,1364.4,1363.1,1363.6,82469
2026-05-22 13:25:00,1363.9,1364.4,1362.2,1362.2,90814
2026-05-22 13:30:00,1362.6,1363.2,1362.4,1363.2,72252
2026-05-22 13:35:00,1363.0,1363.3,1361.4,1362.4,78424
2026-05-22 13:40:00,1362.4,1362.7,1361.1,1361.3,76564
2026-05-22 13:45:00,1361.7,1362.6,1361.5,1361.8,71614
2026-05-22 13:50:00,1361.8,1362.0,1360.6,1361.3,84006
2026-05-22 13:55:00,1361.3,1361.3,1360.0,1360.4,72441
2026-05-22 14:00:00,1360.4,1361.0,1358.5,1358.5,77244
2026-05-22 14:05:00,1358.9,1359.4,1357.2,1358.8,81364
2026-05-22 14:10:00,1358.9,1359.8,1358.0,1359.6,80914
2026-05-22 14:15:00,1359.5,1359.8,1357.8,1357.9,56455
2026-05-22 14:20:00,1358.0,1358.0,1355.9,1357.1,67809
2026-05-22 14:25:00,1357.3,1359.3,1356.8,1358.0,316434
2026-05-22 14:30:00,1357.5,1358.2,1356.9,1357.8,134574
2026-05-22 14:35:00,1357.7,1357.7,1356.0,1356.8,101830
2026-05-22 14:40:00,1356.6,1358.1,1356.1,1356.3,76068
2026-05-22 14:45:00,1356.3,1357.8,1356.0,1356.8,41054
2026-05-22 14:50:00,1356.7,1357.1,1355.7,1355.9,29557
2026-05-22 14:55:00,1356.0,1356.0,1354.4,1354.9,55681
2026-05-22 15:00:00,1355.0,1355.4,1353.2,1353.7,187401
2026-05-22 15:05:00,1353.8,1355.2,1353.6,1353.8,196746
2026-05-22 15:10:00,1353.8,1354.0,1352.4,1353.3,184470
2026-05-22 15:15:00,1353.3,1354.9,1353.3,1354.6,174576
2026-05-22 15:20:00,1354.9,1356.7,1354.6,1356.1,209338
2026-05-22 15:25:00,1356.4,1358.7,1354.5,1354.5,157531
2026-05-25 09:15:00,1365.5,1370.9,1364.6,1364.6,0
2026-05-25 09:20:00,1364.0,1367.0,1364.0,1364.6,153266
2026-05-25 09:25:00,1364.7,1365.0,1360.3,1360.6,132467
2026-05-25 09:30:00,1360.6,1361.1,1359.1,1360.6,135830
2026-05-25 09:35:00,1360.6,1360.7,1358.1,1359.6,113328
2026-05-25 09:40:00,1359.7,1359.7,1358.1,1359.4,92269
2026-05-25 09:45:00,1359.6,1360.6,1359.2,1360.5,88077
2026-05-25 09:50:00,1360.6,1362.0,1360.0,1361.9,109640
2026-05-25 09:55:00,1361.7,1362.0,1360.0,1360.1,78936
2026-05-25 10:00:00,1360.5,1361.3,1360.0,1360.7,50856
2026-05-25 10:05:00,1360.7,1362.1,1360.3,1361.3,46249
2026-05-25 10:10:00,1361.5,1363.1,1361.3,1362.1,64076
2026-05-25 10:15:00,1362.1,1363.6,1362.0,1363.1,63919
2026-05-25 10:20:00,1363.5,1364.4,1363.2,1363.3,64369
2026-05-25 10:25:00,1363.3,1363.3,1360.5,1361.0,73431
2026-05-25 10:30:00,1360.5,1361.5,1359.5,1360.4,57620
2026-05-25 10:35:00,1360.6,1362.5,1360.0,1362.1,50262
2026-05-25 10:40:00,1362.1,1362.5,1361.5,1362.0,44565
2026-05-25 10:45:00,1362.0,1362.0,1360.4,1360.8,78700
2026-05-25 10:50:00,1361.1,1361.7,1360.2,1361.5,47826
2026-05-25 10:55:00,1361.5,1361.8,1360.5,1361.3,35598
2026-05-25 11:00:00,1361.3,1362.0,1360.8,1361.9,52371
2026-05-25 11:05:00,1361.9,1362.8,1361.1,1361.6,70151
2026-05-25 11:10:00,1361.6,1362.4,1360.9,1362.1,32330
2026-05-25 11:15:00,1362.1,1362.4,1360.7,1361.1,64440
2026-05-25 11:20:00,1361.1,1361.9,1360.4,1361.9,36926
2026-05-25 11:25:00,1361.9,1362.0,1359.4,1360.7,116405
2026-05-25 11:30:00,1360.7,1360.7,1358.3,1358.3,76247
2026-05-25 11:35:00,1358.8,1359.4,1358.2,1359.2,46576
2026-05-25 11:40:00,1359.4,1360.0,1359.0,1359.3,33481
2026-05-25 11:45:00,1359.3,1359.9,1359.0,1359.9,71491
2026-05-25 11:50:00,1359.9,1361.0,1359.7,1360.3,47734
2026-05-25 11:55:00,1360.3,1360.3,1359.4,1359.4,28096
2026-05-25 12:00:00,1359.4,1359.7,1358.0,1359.7,91499
2026-05-25 12:05:00,1359.7,1361.1,1359.3,1360.4,93570
2026-05-25 12:10:00,1360.4,1361.1,1360.3,1360.7,42372
2026-05-25 12:15:00,1360.9,1361.0,1360.0,1360.5,115310
2026-05-25 12:20:00,1360.5,1361.5,1360.0,1361.2,102949
2026-05-25 12:25:00,1361.2,1361.8,1360.9,1360.9,65587
2026-05-25 12:30:00,1361.0,1361.5,1360.9,1361.5,31080
2026-05-25 12:35:00,1361.2,1361.5,1359.5,1359.7,71971
2026-05-25 12:40:00,1359.8,1360.0,1359.0,1359.6,153032
2026-05-25 12:45:00,1359.6,1359.9,1357.5,1358.4,103983
2026-05-25 12:50:00,1358.3,1360.0,1358.0,1360.0,77063
2026-05-25 12:55:00,1360.0,1360.0,1359.0,1359.8,35947
2026-05-25 13:00:00,1359.6,1360.7,1358.3,1360.0,46251
2026-05-25 13:05:00,1360.3,1363.8,1359.9,1363.8,164135
2026-05-25 13:10:00,1363.4,1364.0,1362.5,1363.9,133531
2026-05-25 13:15:00,1363.8,1365.5,1363.6,1365.1,125592
2026-05-25 13:20:00,1365.1,1365.2,1364.0,1364.8,96349
2026-05-25 13:25:00,1364.7,1364.8,1364.2,1364.5,78667
2026-05-25 13:30:00,1364.5,1365.3,1364.1,1365.3,84965
2026-05-25 13:35:00,1365.3,1365.3,1364.0,1364.0,65745
2026-05-25 13:40:00,1364.1,1364.1,1362.7,1362.7,128671
2026-05-25 13:45:00,1363.0,1363.9,1362.6,1363.6,44372
2026-05-25 13:50:00,1363.6,1364.0,1362.8,1363.0,43908
2026-05-25 13:55:00,1362.8,1363.3,1362.3,1363.0,96937
2026-05-25 14:00:00,1362.9,1364.5,1362.9,1364.3,59352
2026-05-25 14:05:00,1364.3,1364.3,1363.4,1363.6,78847
2026-05-25 14:10:00,1363.6,1363.7,1363.0,1363.1,73429
2026-05-25 14:15:00,1363.0,1363.2,1362.8,1363.0,81420
2026-05-25 14:20:00,1363.1,1364.0,1363.0,1363.6,48160
2026-05-25 14:25:00,1363.9,1364.9,1363.7,1364.5,50270
2026-05-25 14:30:00,1364.6,1364.8,1362.6,1363.2,110628
2026-05-25 14:35:00,1363.9,1365.3,1363.4,1365.0,58034
2026-05-25 14:40:00,1365.0,1365.1,1364.7,1365.0,54059
2026-05-25 14:45:00,1365.1,1367.4,1365.1,1366.0,150545
2026-05-25 14:50:00,1366.0,1367.5,1365.8,1367.0,106918
2026-05-25 14:55:00,1367.0,1367.2,1366.3,1366.6,92963
2026-05-25 15:00:00,1366.8,1367.9,1366.2,1367.9,151751
2026-05-25 15:05:00,1367.9,1367.9,1366.5,1367.3,215324
2026-05-25 15:10:00,1367.2,1368.7,1367.2,1368.7,140573
2026-05-25 15:15:00,1368.6,1368.8,1366.4,1366.4,161154
2026-05-25 15:20:00,1366.4,1366.5,1365.3,1366.4,216312
2026-05-25 15:25:00,1366.4,1367.0,1365.8,1366.5,106541
2026-05-26 09:15:00,1360.2,1362.9,1357.7,1361.9,0
2026-05-26 09:20:00,1362.5,1364.4,1361.3,1362.0,194965
2026-05-26 09:25:00,1362.2,1363.0,1361.3,1361.8,126943
2026-05-26 09:30:00,1362.3,1363.8,1362.2,1363.0,99586
2026-05-26 09:35:00,1362.8,1363.4,1361.5,1362.6,107172
2026-05-26 09:40:00,1362.9,1363.1,1361.6,1362.0,63016
2026-05-26 09:45:00,1362.5,1363.0,1361.8,1362.5,67098
2026-05-26 09:50:00,1362.8,1363.9,1362.5,1363.5,84586
2026-05-26 09:55:00,1363.0,1365.5,1362.4,1365.0,145317
2026-05-26 10:00:00,1365.4,1365.5,1363.9,1365.3,147562
2026-05-26 10:05:00,1365.3,1367.0,1364.3,1366.4,149420
2026-05-26 10:10:00,1366.4,1366.9,1365.1,1365.9,157646
2026-05-26 10:15:00,1365.8,1367.4,1365.0,1366.5,199561
2026-05-26 10:20:00,1366.5,1367.3,1365.7,1367.0,81172
2026-05-26 10:25:00,1367.0,1367.4,1366.0,1366.6,72339
2026-05-26 10:30:00,1367.0,1367.4,1366.3,1367.3,61657
2026-05-26 10:35:00,1367.3,1368.5,1367.2,1368.0,99939
2026-05-26 10:40:00,1368.0,1368.0,1366.0,1366.3,62132
2026-05-26 10:45:00,1366.0,1366.3,1363.5,1363.5,66751
2026-05-26 10:50:00,1363.8,1365.2,1363.5,1364.7,76302
2026-05-26 10:55:00,1364.7,1364.9,1363.3,1363.5,92745
2026-05-26 11:00:00,1363.3,1363.8,1362.2,1362.7,81962
2026-05-26 11:05:00,1362.7,1363.0,1361.7,1362.9,46645
2026-05-26 11:10:00,1362.9,1363.5,1362.2,1362.2,59059
2026-05-26 11:15:00,1362.2,1362.6,1361.4,1362.4,67646
2026-05-26 11:20:00,1362.4,1362.4,1360.7,1361.2,53505
2026-05-26 11:25:00,1361.3,1361.7,1360.5,1361.3,40923
2026-05-26 11:30:00,1361.0,1362.2,1360.5,1361.4,38235
2026-05-26 11:35:00,1361.9,1362.8,1361.4,1362.5,91457
2026-05-26 11:40:00,1362.6,1363.3,1361.2,1361.6,67400
2026-05-26 11:45:00,1361.6,1362.6,1361.4,1361.9,102336
2026-05-26 11:50:00,1361.9,1363.3,1361.5,1362.8,144375
2026-05-26 11:55:00,1362.7,1364.0,1361.7,1362.5,103253
2026-05-26 12:00:00,1362.5,1363.1,1361.4,1362.3,138408
2026-05-26 12:05:00,1362.4,1363.3,1362.0,1362.6,73121
2026-05-26 12:10:00,1362.7,1362.7,1361.5,1362.0,26638
2026-05-26 12:15:00,1361.5,1362.5,1361.2,1362.0,39681
2026-05-26 12:20:00,1362.5,1362.8,1361.7,1362.1,38600
2026-05-26 12:25:00,1362.3,1362.4,1360.3,1360.4,31865
2026-05-26 12:30:00,1360.9,1361.7,1360.0,1360.8,74232
2026-05-26 12:35:00,1361.0,1361.3,1360.0,1360.9,67732
2026-05-26 12:40:00,1360.9,1360.9,1358.4,1359.2,114013
2026-05-26 12:45:00,1359.2,1359.6,1355.8,1356.6,193855
2026-05-26 12:50:00,1356.8,1359.2,1355.0,1359.0,124900
2026-05-26 12:55:00,1358.6,1360.8,1358.6,1360.8,125905
2026-05-26 13:00:00,1360.7,1360.8,1358.4,1358.5,194690
2026-05-26 13:05:00,1358.8,1361.0,1358.2,1360.5,228976
2026-05-26 13:10:00,1360.8,1361.8,1360.2,1361.4,53738
2026-05-26 13:15:00,1361.3,1362.5,1361.0,1362.2,144033
2026-05-26 13:20:00,1362.3,1362.9,1359.1,1359.1,306702
2026-05-26 13:25:00,1359.2,1362.9,1359.1,1362.3,627516
2026-05-26 13:30:00,1362.3,1363.4,1360.7,1362.0,256315
2026-05-26 13:35:00,1362.0,1362.2,1360.6,1361.2,65474
2026-05-26 13:40:00,1361.2,1361.9,1360.2,1360.2,62826
2026-05-26 13:45:00,1361.0,1361.5,1359.4,1359.6,178046
2026-05-26 13:50:00,1359.6,1359.8,1357.1,1358.8,81824
2026-05-26 13:55:00,1358.3,1358.9,1357.2,1358.0,53502
2026-05-26 14:00:00,1358.0,1358.3,1356.2,1357.2,69148
2026-05-26 14:05:00,1357.1,1358.8,1356.6,1357.0,212244
2026-05-26 14:10:00,1357.0,1357.0,1355.1,1356.2,754469
2026-05-26 14:15:00,1356.4,1357.9,1356.0,1357.5,87041
2026-05-26 14:20:00,1357.9,1358.6,1357.5,1358.6,109140
2026-05-26 14:25:00,1358.6,1359.1,1356.1,1357.9,274390
2026-05-26 14:30:00,1357.9,1358.0,1357.0,1357.3,239271
2026-05-26 14:35:00,1357.3,1357.7,1354.0,1355.0,497016
2026-05-26 14:40:00,1354.6,1355.9,1354.5,1355.4,141451
2026-05-26 14:45:00,1355.5,1355.5,1354.3,1354.9,78306
2026-05-26 14:50:00,1354.5,1355.2,1354.0,1354.8,92094
2026-05-26 14:55:00,1354.5,1356.1,1354.0,1355.3,146013
2026-05-26 15:00:00,1355.0,1357.4,1353.7,1355.6,783230
2026-05-26 15:05:00,1354.9,1360.0,1353.0,1360.0,1774458
2026-05-26 15:10:00,1360.2,1360.2,1354.8,1354.8,783188
2026-05-26 15:15:00,1354.9,1356.4,1354.7,1355.0,351753
2026-05-26 15:20:00,1355.0,1356.2,1354.9,1355.7,310099
2026-05-26 15:25:00,1356.0,1358.4,1355.7,1357.0,348061
2026-05-27 09:15:00,1358.0,1358.0,1351.4,1354.1,0
2026-05-27 09:20:00,1354.1,1357.7,1354.0,1356.0,239846
2026-05-27 09:25:00,1356.0,1356.7,1353.4,1356.7,145082
2026-05-27 09:30:00,1355.8,1356.1,1352.0,1352.1,205247
2026-05-27 09:35:00,1352.0,1354.9,1350.9,1353.5,210286
2026-05-27 09:40:00,1353.7,1357.0,1353.4,1357.0,103796
2026-05-27 09:45:00,1356.7,1359.9,1355.7,1359.2,196614
2026-05-27 09:50:00,1359.4,1359.7,1356.2,1356.9,175813
2026-05-27 09:55:00,1356.4,1357.8,1355.1,1355.5,83852
2026-05-27 10:00:00,1355.4,1355.4,1354.2,1355.0,56613
2026-05-27 10:05:00,1355.2,1357.7,1354.9,1357.2,112031
2026-05-27 10:10:00,1357.7,1358.7,1356.2,1357.5,142699
2026-05-27 10:15:00,1357.8,1357.9,1355.8,1357.2,48010
2026-05-27 10:20:00,1357.2,1357.2,1354.1,1355.3,112913
2026-05-27 10:25:00,1355.3,1355.9,1354.8,1355.0,113874
2026-05-27 10:30:00,1355.5,1359.1,1354.9,1359.1,118403
2026-05-27 10:35:00,1359.1,1359.4,1358.1,1358.5,96736
2026-05-27 10:40:00,1358.1,1358.7,1355.8,1356.2,68158
2026-05-27 10:45:00,1356.1,1356.9,1352.5,1356.0,528547
2026-05-27 10:50:00,1356.6,1358.4,1355.6,1358.4,55639
2026-05-27 10:55:00,1357.8,1359.0,1357.4,1358.0,398442
2026-05-27 11:00:00,1358.3,1358.8,1357.2,1358.3,120025
2026-05-27 11:05:00,1358.3,1358.6,1357.3,1358.1,113256
2026-05-27 11:10:00,1358.3,1358.9,1356.9,1358.3,42731
2026-05-27 11:15:00,1358.4,1359.5,1357.4,1359.0,133141
2026-05-27 11:20:00,1359.0,1360.9,1359.0,1359.9,226240
2026-05-27 11:25:00,1360.0,1360.2,1358.1,1358.2,135109
2026-05-27 11:30:00,1358.6,1359.2,1357.6,1358.2,220340
2026-05-27 11:35:00,1358.3,1358.4,1355.2,1355.8,111380
2026-05-27 11:40:00,1356.0,1357.6,1355.7,1357.1,50821
2026-05-27 11:45:00,1357.5,1358.9,1356.5,1356.7,108423
2026-05-27 11:50:00,1356.8,1357.1,1355.6,1356.1,47822
2026-05-27 11:55:00,1356.3,1357.4,1356.0,1356.5,87613
2026-05-27 12:00:00,1356.1,1356.7,1355.4,1356.3,76959
2026-05-27 12:05:00,1356.2,1356.2,1354.5,1355.7,59029
2026-05-27 12:10:00,1355.7,1355.9,1354.6,1354.8,73300
2026-05-27 12:15:00,1355.0,1357.8,1355.0,1357.6,185207
2026-05-27 12:20:00,1357.8,1358.5,1356.3,1357.0,243424
2026-05-27 12:25:00,1356.5,1357.2,1354.7,1355.2,222237
2026-05-27 12:30:00,1354.8,1355.9,1354.5,1355.0,51506
2026-05-27 12:35:00,1355.0,1355.8,1354.5,1354.6,52706
2026-05-27 12:40:00,1354.6,1355.2,1353.9,1354.4,42298
2026-05-27 12:45:00,1354.4,1354.6,1353.8,1354.3,20147
2026-05-27 12:50:00,1354.3,1354.3,1352.2,1352.6,56687
2026-05-27 12:55:00,1352.6,1353.4,1352.5,1353.3,30536
2026-05-27 13:00:00,1353.3,1355.3,1352.7,1355.1,149743
2026-05-27 13:05:00,1355.0,1355.8,1353.8,1354.9,143153
2026-05-27 13:10:00,1355.0,1355.7,1353.2,1353.6,92364
2026-05-27 13:15:00,1353.6,1353.7,1352.7,1352.7,49214
2026-05-27 13:20:00,1352.7,1354.5,1352.6,1354.3,87788
2026-05-27 13:25:00,1354.3,1355.5,1354.2,1355.4,90439
2026-05-27 13:30:00,1355.4,1356.7,1355.1,1356.7,84716
2026-05-27 13:35:00,1356.7,1359.6,1356.6,1359.1,345907
2026-05-27 13:40:00,1359.0,1359.2,1355.1,1355.1,158836
2026-05-27 13:45:00,1355.1,1357.5,1354.5,1356.7,165464
2026-05-27 13:50:00,1356.6,1357.8,1356.3,1357.8,50932
2026-05-27 13:55:00,1357.8,1358.0,1357.2,1357.3,64260
2026-05-27 14:00:00,1357.4,1358.0,1356.5,1356.8,135511
2026-05-27 14:05:00,1356.8,1357.5,1356.0,1356.6,120948
2026-05-27 14:10:00,1356.9,1356.9,1355.2,1355.2,154854
2026-05-27 14:15:00,1355.2,1356.6,1353.6,1355.7,351498
2026-05-27 14:20:00,1356.0,1358.1,1355.6,1357.9,372744
2026-05-27 14:25:00,1358.0,1358.0,1351.6,1352.6,757144
2026-05-27 14:30:00,1352.6,1352.8,1351.6,1351.6,111962
2026-05-27 14:35:00,1351.6,1353.4,1351.0,1353.4,186823
2026-05-27 14:40:00,1353.3,1354.3,1350.0,1350.9,636779
2026-05-27 14:45:00,1350.8,1351.8,1350.2,1351.2,156970
2026-05-27 14:50:00,1351.2,1351.6,1349.0,1349.7,457058
2026-05-27 14:55:00,1349.8,1350.6,1349.3,1350.5,191653
2026-05-27 15:00:00,1350.3,1350.9,1348.8,1349.6,386381
2026-05-27 15:05:00,1349.5,1350.0,1348.6,1349.7,299563
2026-05-27 15:10:00,1349.8,1352.2,1349.2,1350.7,399776
2026-05-27 15:15:00,1350.6,1352.0,1350.0,1351.1,425055
2026-05-27 15:20:00,1351.1,1351.8,1351.0,1351.3,181697
2026-05-27 15:25:00,1351.3,1354.0,1351.0,1352.9,217879
2026-05-29 09:15:00,1364.0,1368.5,1359.4,1359.6,0
2026-05-29 09:20:00,1359.9,1359.9,1351.5,1351.5,662014
2026-05-29 09:25:00,1351.5,1352.8,1348.7,1351.0,571768
2026-05-29 09:30:00,1351.2,1351.5,1349.2,1350.8,285664
2026-05-29 09:35:00,1350.8,1352.1,1350.6,1351.4,223247
2026-05-29 09:40:00,1351.4,1351.5,1348.6,1349.3,201220
2026-05-29 09:45:00,1349.4,1351.1,1349.0,1350.8,117675
2026-05-29 09:50:00,1350.7,1351.5,1350.6,1351.0,150060
2026-05-29 09:55:00,1350.7,1351.0,1349.6,1350.4,127638
2026-05-29 10:00:00,1350.4,1352.0,1349.2,1352.0,152875
2026-05-29 10:05:00,1352.0,1353.4,1351.8,1352.6,203526
2026-05-29 10:10:00,1352.1,1353.3,1349.8,1350.0,841142
2026-05-29 10:15:00,1350.1,1350.4,1347.5,1349.0,218830
2026-05-29 10:20:00,1349.2,1349.9,1344.5,1345.6,481593
2026-05-29 10:25:00,1345.9,1346.9,1344.7,1345.1,373266
2026-05-29 10:30:00,1345.0,1349.8,1344.2,1349.8,206056
2026-05-29 10:35:00,1349.8,1349.8,1347.5,1348.1,275054
2026-05-29 10:40:00,1347.6,1347.8,1344.9,1345.2,307558
2026-05-29 10:45:00,1345.3,1345.4,1344.4,1345.0,171220
2026-05-29 10:50:00,1345.0,1345.2,1341.2,1341.8,329451
2026-05-29 10:55:00,1342.2,1343.1,1340.4,1342.2,259643
2026-05-29 11:00:00,1342.2,1342.9,1341.3,1341.6,106467
2026-05-29 11:05:00,1341.6,1342.5,1341.5,1341.9,111329
2026-05-29 11:10:00,1341.9,1342.9,1341.6,1342.5,74411
2026-05-29 11:15:00,1342.5,1344.2,1342.2,1342.9,116553
2026-05-29 11:20:00,1342.9,1343.9,1342.5,1343.7,92400
2026-05-29 11:25:00,1343.6,1343.6,1339.5,1339.7,295285
2026-05-29 11:30:00,1339.7,1340.6,1339.6,1340.0,103299
2026-05-29 11:35:00,1339.9,1341.7,1339.8,1340.0,2357969
2026-05-29 11:40:00,1340.3,1340.6,1338.0,1338.0,248758
2026-05-29 11:45:00,1338.1,1339.5,1337.2,1339.1,214759
2026-05-29 11:50:00,1339.1,1339.3,1336.2,1337.1,366895
2026-05-29 11:55:00,1337.1,1337.1,1335.4,1336.8,181118
2026-05-29 12:00:00,1336.2,1336.7,1335.9,1336.6,110263
2026-05-29 12:05:00,1336.6,1336.8,1335.7,1336.8,131828
2026-05-29 12:10:00,1336.8,1336.8,1335.2,1335.5,164233
2026-05-29 12:15:00,1335.5,1336.2,1334.3,1335.6,182421
2026-05-29 12:20:00,1335.6,1336.0,1335.2,1335.5,116217
2026-05-29 12:25:00,1335.9,1336.7,1335.5,1336.6,156561
2026-05-29 12:30:00,1336.6,1336.6,1335.0,1335.3,250044
2026-05-29 12:35:00,1335.3,1336.0,1335.2,1335.8,112797
2026-05-29 12:40:00,1335.9,1335.9,1335.1,1335.5,137326
2026-05-29 12:45:00,1335.6,1336.7,1335.5,1336.3,145121
2026-05-29 12:50:00,1336.3,1336.7,1335.8,1336.2,123269
2026-05-29 12:55:00,1336.0,1336.4,1334.8,1335.8,125116
2026-05-29 13:00:00,1335.8,1335.8,1334.7,1334.9,123572
2026-05-29 13:05:00,1335.0,1335.1,1334.1,1334.1,119630
2026-05-29 13:10:00,1334.0,1334.5,1331.0,1331.7,1805249
2026-05-29 13:15:00,1331.7,1333.5,1331.4,1333.4,114031
2026-05-29 13:20:00,1333.4,1334.0,1330.1,1330.5,307354
2026-05-29 13:25:00,1330.7,1330.7,1329.0,1329.4,213238
2026-05-29 13:30:00,1329.3,1330.2,1329.1,1330.1,151247
2026-05-29 13:35:00,1330.1,1330.8,1329.2,1329.7,152925
2026-05-29 13:40:00,1329.7,1332.5,1329.6,1332.4,174373
2026-05-29 13:45:00,1332.3,1332.6,1330.8,1330.8,249534
2026-05-29 13:50:00,1330.8,1331.1,1326.3,1328.9,467728
2026-05-29 13:55:00,1329.2,1330.2,1328.5,1330.2,130266
2026-05-29 14:00:00,1330.1,1330.4,1328.3,1328.5,140323
2026-05-29 14:05:00,1328.5,1328.5,1327.7,1328.3,94736
2026-05-29 14:10:00,1328.3,1329.4,1328.3,1329.1,103812
2026-05-29 14:15:00,1329.0,1329.2,1327.8,1327.8,123533
2026-05-29 14:20:00,1327.8,1328.8,1327.4,1328.1,161551
2026-05-29 14:25:00,1328.1,1330.7,1328.1,1330.4,210001
2026-05-29 14:30:00,1330.2,1330.9,1330.0,1330.3,94637
2026-05-29 14:35:00,1330.3,1331.1,1330.1,1330.5,101250
2026-05-29 14:40:00,1330.4,1331.5,1330.4,1330.8,104860
2026-05-29 14:45:00,1330.7,1331.0,1330.3,1330.3,96648
2026-05-29 14:50:00,1330.2,1330.3,1327.9,1328.8,354547
2026-05-29 14:55:00,1328.8,1328.8,1326.7,1327.5,261932
2026-05-29 15:00:00,1327.5,1328.5,1323.0,1324.8,4204323
2026-05-29 15:05:00,1324.8,1324.8,1319.2,1319.2,3748801
2026-05-29 15:10:00,1319.2,1322.7,1318.8,1319.6,4102253
2026-05-29 15:15:00,1319.7,1322.1,1319.4,1320.1,3514568
2026-05-29 15:20:00,1320.1,1321.9,1318.0,1321.2,4083099
2026-05-29 15:25:00,1321.2,1323.6,1317.2,1321.9,3425576
