Datetime,Open,High,Low,Close,Volume
2026-05-21 09:15:00,766.05,768.0,765.0,766.9,0
2026-05-21 09:16:00,766.9,766.9,764.75,764.75,203176
2026-05-21 09:17:00,764.95,765.15,764.2,764.45,174719
2026-05-21 09:18:00,764.45,765.5,763.6,764.5,230901
2026-05-21 09:19:00,764.6,764.6,763.4,763.8,311496
2026-05-21 09:20:00,763.8,763.8,762.2,762.35,625779
2026-05-21 09:21:00,762.1,762.9,762.1,762.35,102811
2026-05-21 09:22:00,762.35,762.6,762.1,762.3,112663
2026-05-21 09:23:00,762.2,763.0,762.2,763.0,82758
2026-05-21 09:24:00,763.0,763.5,762.8,763.0,210942
2026-05-21 09:25:00,763.0,763.0,762.5,763.0,94926
2026-05-21 09:26:00,763.0,763.3,762.95,762.95,87656
2026-05-21 09:27:00,762.95,763.3,762.85,763.15,173155
2026-05-21 09:28:00,763.25,763.4,763.0,763.25,126717
2026-05-21 09:29:00,763.6,763.85,763.3,763.75,48204
2026-05-21 09:30:00,763.8,765.0,763.75,765.0,117799
2026-05-21 09:31:00,765.05,765.25,764.7,764.85,96626
2026-05-21 09:32:00,764.8,764.8,763.8,763.95,86553
2026-05-21 09:33:00,763.95,764.2,763.8,763.85,36754
2026-05-21 09:34:00,763.75,764.35,763.7,764.35,76361
2026-05-21 09:35:00,764.35,764.8,764.2,764.3,50706
2026-05-21 09:36:00,764.7,764.8,764.4,764.5,53645
2026-05-21 09:37:00,764.55,764.75,764.35,764.55,59846
2026-05-21 09:38:00,764.55,764.55,763.5,763.75,79634
2026-05-21 09:39:00,763.75,765.15,763.5,764.65,93903
2026-05-21 09:40:00,764.65,764.85,764.25,764.4,165288
2026-05-21 09:41:00,764.4,764.7,764.15,764.2,49867
2026-05-21 09:42:00,764.05,765.0,764.05,764.9,74168
2026-05-21 09:43:00,764.95,765.4,764.75,765.2,49166
2026-05-21 09:44:00,765.35,766.15,765.35,765.85,80872
2026-05-21 09:45:00,766.05,766.45,765.7,765.75,63559
2026-05-21 09:46:00,765.75,766.0,765.15,765.4,130507
2026-05-21 09:47:00,765.4,765.5,764.55,764.85,154641
2026-05-21 09:48:00,764.85,765.2,764.0,764.25,156353
2026-05-21 09:49:00,764.25,765.3,764.0,765.2,98537
2026-05-21 09:50:00,765.0,765.2,764.5,764.9,193705
2026-05-21 09:51:00,765.0,765.35,764.45,764.65,213693
2026-05-21 09:52:00,764.95,764.95,764.3,764.5,116962
2026-05-21 09:53:00,764.7,765.45,764.35,765.1,73062
2026-05-21 09:54:00,765.0,765.4,764.65,765.25,123245
2026-05-21 09:55:00,765.15,765.25,764.55,764.65,134000
2026-05-21 09:56:00,764.65,765.0,764.3,764.65,149998
2026-05-21 09:57:00,764.65,765.0,764.3,764.65,127423
2026-05-21 09:58:00,764.5,764.65,763.65,763.8,75516
2026-05-21 09:59:00,763.85,764.0,763.65,763.85,93735
2026-05-21 10:00:00,763.85,764.25,763.85,764.2,88297
2026-05-21 10:01:00,764.2,764.25,763.85,764.15,49418
2026-05-21 10:02:00,764.0,764.55,763.8,764.55,101249
2026-05-21 10:03:00,764.5,764.5,764.0,764.2,53912
2026-05-21 10:04:00,764.2,764.25,763.6,763.65,73757
2026-05-21 10:05:00,763.7,764.0,763.65,763.85,55652
2026-05-21 10:06:00,763.75,763.8,763.15,763.15,73183
2026-05-21 10:07:00,763.2,763.55,763.1,763.3,59674
2026-05-21 10:08:00,763.2,763.5,763.15,763.2,45704
2026-05-21 10:09:00,763.3,763.5,763.1,763.45,38277
2026-05-21 10:10:00,763.5,763.5,763.1,763.25,58963
2026-05-21 10:11:00,763.35,763.5,763.25,763.25,27641
2026-05-21 10:12:00,763.25,763.6,763.05,763.25,86175
2026-05-21 10:13:00,763.25,763.55,763.0,763.15,51397
2026-05-21 10:14:00,763.15,763.3,763.0,763.3,24614
2026-05-21 10:15:00,763.3,763.8,763.2,763.8,22285
2026-05-21 10:16:00,763.7,763.8,763.7,763.8,29404
2026-05-21 10:17:00,763.8,764.0,763.8,763.85,21296
2026-05-21 10:18:00,763.9,763.9,763.5,763.65,43909
2026-05-21 10:19:00,763.65,763.85,763.45,763.55,14703
2026-05-21 10:20:00,763.65,763.85,763.45,763.8,30301
2026-05-21 10:21:00,763.55,763.7,763.0,763.2,112814
2026-05-21 10:22:00,763.2,763.85,763.0,763.75,61747
2026-05-21 10:23:00,763.75,763.85,763.5,763.8,35158
2026-05-21 10:24:00,763.85,763.85,763.4,763.65,23618
2026-05-21 10:25:00,763.65,763.8,763.25,763.5,55839
2026-05-21 10:26:00,763.5,764.15,763.5,763.9,218730
2026-05-21 10:27:00,764.0,765.0,763.85,764.8,234432
2026-05-21 10:28:00,764.8,765.0,764.8,765.0,72039
2026-05-21 10:29:00,764.9,765.25,764.4,764.55,99889
2026-05-21 10:30:00,764.55,764.85,764.2,764.7,46474
2026-05-21 10:31:00,764.7,765.7,764.5,765.5,129564
2026-05-21 10:32:00,765.7,766.5,765.65,766.15,222163
2026-05-21 10:33:00,765.9,766.6,765.5,765.95,221014
2026-05-21 10:34:00,766.05,766.05,765.3,765.5,29659
2026-05-21 10:35:00,765.5,765.65,765.15,765.25,54458
2026-05-21 10:36:00,765.2,765.25,764.75,764.8,75059
2026-05-21 10:37:00,764.65,765.05,764.15,764.15,53594
2026-05-21 10:38:00,764.35,764.35,763.8,763.8,32036
2026-05-21 10:39:00,763.7,764.05,763.65,763.75,57644
2026-05-21 10:40:00,763.75,763.95,763.55,763.9,14556
2026-05-21 10:41:00,763.85,764.7,763.8,764.15,78312
2026-05-21 10:42:00,764.1,764.25,763.8,764.2,18430
2026-05-21 10:43:00,764.4,765.0,764.3,764.9,22452
2026-05-21 10:44:00,764.95,765.15,764.9,765.05,14466
2026-05-21 10:45:00,765.05,765.9,765.05,765.9,61850
2026-05-21 10:46:00,765.9,766.05,765.7,765.9,43883
2026-05-21 10:47:00,765.9,766.0,764.5,764.7,207622
2026-05-21 10:48:00,764.9,765.05,763.65,764.9,368011
2026-05-21 10:49:00,764.65,764.65,763.6,763.85,238132
2026-05-21 10:50:00,763.8,764.1,763.7,763.7,45155
2026-05-21 10:51:00,763.75,764.1,763.75,763.8,23963
2026-05-21 10:52:00,763.8,763.8,763.45,763.6,77874
2026-05-21 10:53:00,763.6,763.65,763.2,763.35,29927
2026-05-21 10:54:00,763.45,763.95,763.2,763.9,52885
2026-05-21 10:55:00,763.9,764.0,763.0,763.4,72229
2026-05-21 10:56:00,763.25,763.5,762.7,763.0,63649
2026-05-21 10:57:00,763.0,763.25,762.85,762.95,80709
2026-05-21 10:58:00,762.85,763.0,762.6,762.6,72386
2026-05-21 10:59:00,762.65,763.15,762.1,763.15,85880
2026-05-21 11:00:00,763.1,763.1,762.0,762.5,107147
2026-05-21 11:01:00,762.15,762.45,761.75,762.0,86555
2026-05-21 11:02:00,762.0,762.3,761.6,762.0,56456
2026-05-21 11:03:00,762.0,762.7,762.0,762.0,64228
2026-05-21 11:04:00,762.2,762.2,761.8,761.8,88567
2026-05-21 11:05:00,762.05,762.2,761.7,762.15,42707
2026-05-21 11:06:00,762.1,762.15,761.7,761.95,96532
2026-05-21 11:07:00,761.8,762.0,761.5,761.5,52502
2026-05-21 11:08:00,761.75,761.9,761.15,761.35,55659
2026-05-21 11:09:00,761.45,761.5,761.05,761.5,62354
2026-05-21 11:10:00,761.55,761.9,761.1,761.35,55213
2026-05-21 11:11:00,761.4,761.75,761.1,761.1,62941
2026-05-21 11:12:00,761.35,761.45,761.0,761.1,45000
2026-05-21 11:13:00,761.35,761.45,761.0,761.1,35042
2026-05-21 11:14:00,761.15,761.5,761.0,761.35,19100
2026-05-21 11:15:00,761.4,761.4,760.6,760.6,45303
2026-05-21 11:16:00,760.75,760.8,760.15,760.15,58588
2026-05-21 11:17:00,760.25,760.25,758.95,758.95,168668
2026-05-21 11:18:00,758.9,759.6,758.6,759.6,121820
2026-05-21 11:19:00,759.55,760.35,759.55,760.1,44573
2026-05-21 11:20:00,760.15,760.45,759.95,760.3,66176
2026-05-21 11:21:00,760.4,760.8,760.15,760.75,51327
2026-05-21 11:22:00,760.75,760.9,760.5,760.75,69316
2026-05-21 11:23:00,760.75,761.05,760.6,761.0,21672
2026-05-21 11:24:00,761.1,762.0,761.1,761.85,84401
2026-05-21 11:25:00,761.85,761.85,760.85,761.25,44591
2026-05-21 11:26:00,761.3,761.65,760.85,761.0,33942
2026-05-21 11:27:00,761.2,761.9,761.0,761.6,36871
2026-05-21 11:28:00,761.6,762.6,761.6,762.6,113124
2026-05-21 11:29:00,762.55,762.75,762.35,762.5,68631
2026-05-21 11:30:00,762.65,762.75,761.95,762.65,53102
2026-05-21 11:31:00,762.65,762.65,762.0,762.0,19774
2026-05-21 11:32:00,762.05,762.25,761.9,762.05,36356
2026-05-21 11:33:00,762.05,762.65,762.05,762.5,41235
2026-05-21 11:34:00,762.5,762.5,762.25,762.3,17447
2026-05-21 11:35:00,762.3,762.5,762.05,762.3,31566
2026-05-21 11:36:00,762.35,762.35,762.25,762.25,22252
2026-05-21 11:37:00,762.25,762.3,761.85,762.0,47858
2026-05-21 11:38:00,761.95,762.0,761.8,761.9,13150
2026-05-21 11:39:00,761.8,761.9,761.6,761.6,14165
2026-05-21 11:40:00,761.75,761.8,761.5,761.55,13847
2026-05-21 11:41:00,761.5,762.0,761.4,761.75,34572
2026-05-21 11:42:00,761.7,762.0,761.4,761.85,51784
2026-05-21 11:43:00,762.0,762.0,761.2,761.3,9332
2026-05-21 11:44:00,761.45,762.0,761.25,762.0,22949
2026-05-21 11:45:00,761.95,762.0,761.85,761.9,9864
2026-05-21 11:46:00,761.85,761.95,761.8,761.9,14414
2026-05-21 11:47:00,761.85,761.95,761.55,761.65,45825
2026-05-21 11:48:00,761.65,761.65,761.1,761.5,28029
2026-05-21 11:49:00,761.5,761.6,761.0,761.6,45847
2026-05-21 11:50:00,761.5,761.7,761.15,761.3,18280
2026-05-21 11:51:00,761.4,762.0,761.1,761.7,54688
2026-05-21 11:52:00,761.7,761.85,761.3,761.35,20807
2026-05-21 11:53:00,761.35,761.4,760.65,760.95,47703
2026-05-21 11:54:00,761.05,761.2,760.75,761.05,40453
2026-05-21 11:55:00,761.0,761.0,760.3,760.4,41371
2026-05-21 11:56:00,760.5,760.5,760.3,760.3,19855
2026-05-21 11:57:00,760.4,760.4,760.0,760.1,29921
2026-05-21 11:58:00,760.1,760.35,760.05,760.35,21580
2026-05-21 11:59:00,760.35,760.35,759.8,759.9,48745
2026-05-21 12:00:00,759.95,760.45,759.9,760.4,48473
2026-05-21 12:01:00,760.35,760.4,760.05,760.1,14941
2026-05-21 12:02:00,760.1,760.7,760.0,760.7,28240
2026-05-21 12:03:00,760.8,761.2,760.6,761.2,19860
2026-05-21 12:04:00,761.2,761.2,760.3,760.3,27472
2026-05-21 12:05:00,760.25,760.7,760.1,760.45,30480
2026-05-21 12:06:00,760.3,760.45,760.0,760.05,15027
2026-05-21 12:07:00,760.0,760.05,759.65,759.8,49071
2026-05-21 12:08:00,759.8,760.25,759.75,760.15,25369
2026-05-21 12:09:00,760.15,760.55,759.9,760.35,96191
2026-05-21 12:10:00,760.45,760.95,760.2,760.75,43427
2026-05-21 12:11:00,760.75,760.75,760.2,760.55,14667
2026-05-21 12:12:00,760.5,760.55,760.2,760.2,14470
2026-05-21 12:13:00,760.2,760.35,759.6,759.6,48320
2026-05-21 12:14:00,759.75,759.8,759.2,759.2,43680
2026-05-21 12:15:00,759.35,759.8,759.3,759.7,29038
2026-05-21 12:16:00,759.7,759.75,759.4,759.65,37555
2026-05-21 12:17:00,759.8,759.9,759.4,759.45,30413
2026-05-21 12:18:00,759.4,759.5,758.8,758.85,107465
2026-05-21 12:19:00,758.8,759.9,758.7,759.9,246954
2026-05-21 12:20:00,759.95,760.2,759.65,759.75,190754
2026-05-21 12:21:00,759.7,760.45,759.65,760.0,125234
2026-05-21 12:22:00,760.1,760.85,760.0,760.5,147980
2026-05-21 12:23:00,760.55,760.95,759.8,760.0,89724
2026-05-21 12:24:00,759.6,759.6,758.8,758.8,235888
2026-05-21 12:25:00,758.9,759.25,758.8,759.0,47950
2026-05-21 12:26:00,758.95,759.6,758.75,758.75,264874
2026-05-21 12:27:00,758.65,758.85,758.05,758.15,212279
2026-05-21 12:28:00,758.3,758.55,758.0,758.55,62120
2026-05-21 12:29:00,758.55,758.95,758.55,758.7,19031
2026-05-21 12:30:00,758.75,758.75,758.15,758.35,26779
2026-05-21 12:31:00,758.25,758.4,758.1,758.1,18431
2026-05-21 12:32:00,758.25,758.4,758.05,758.15,22882
2026-05-21 12:33:00,758.1,758.7,758.0,758.7,33493
2026-05-21 12:34:00,758.65,759.15,758.65,758.95,69935
2026-05-21 12:35:00,758.9,759.25,758.7,758.7,36161
2026-05-21 12:36:00,758.65,758.8,758.5,758.75,27205
2026-05-21 12:37:00,758.7,758.85,758.2,758.2,29623
2026-05-21 12:38:00,758.3,758.65,758.05,758.45,64376
2026-05-21 12:39:00,758.25,758.55,757.6,758.55,364489
2026-05-21 12:40:00,758.3,758.55,757.75,757.8,21820
2026-05-21 12:41:00,757.6,757.85,756.5,756.7,173043
2026-05-21 12:42:00,756.7,757.8,756.7,757.6,40891
2026-05-21 12:43:00,757.7,758.55,757.6,758.55,113918
2026-05-21 12:44:00,758.55,758.9,758.0,758.1,204166
2026-05-21 12:45:00,758.15,758.15,757.0,757.15,62789
2026-05-21 12:46:00,757.1,757.4,757.0,757.05,29078
2026-05-21 12:47:00,757.1,757.65,756.9,757.65,40177
2026-05-21 12:48:00,757.75,758.4,757.55,757.75,33932
2026-05-21 12:49:00,757.75,757.85,757.55,757.75,16397
2026-05-21 12:50:00,757.75,758.1,757.6,757.6,20978
2026-05-21 12:51:00,757.8,757.8,757.5,757.5,23402
2026-05-21 12:52:00,757.5,758.05,757.5,757.95,69089
2026-05-21 12:53:00,758.0,758.25,757.75,758.15,33285
2026-05-21 12:54:00,758.1,758.1,757.6,757.8,25223
2026-05-21 12:55:00,757.75,757.95,757.5,757.6,16708
2026-05-21 12:56:00,757.55,757.6,756.75,757.05,75195
2026-05-21 12:57:00,756.85,757.05,756.4,756.4,51033
2026-05-21 12:58:00,756.35,756.6,756.1,756.1,59374
2026-05-21 12:59:00,756.0,756.2,755.75,756.1,93891
2026-05-21 13:00:00,756.1,756.45,756.0,756.15,39594
2026-05-21 13:01:00,756.1,756.25,755.6,755.75,35925
2026-05-21 13:02:00,755.8,755.95,755.7,755.75,25870
2026-05-21 13:03:00,755.75,755.9,755.2,755.8,79785
2026-05-21 13:04:00,755.8,756.0,755.45,756.0,39143
2026-05-21 13:05:00,755.9,756.0,755.75,755.95,30721
2026-05-21 13:06:00,755.9,756.4,755.9,756.15,35112
2026-05-21 13:07:00,756.2,756.2,755.6,755.6,25589
2026-05-21 13:08:00,755.75,756.4,755.2,756.4,58174
2026-05-21 13:09:00,756.4,757.1,756.15,756.6,125557
2026-05-21 13:10:00,756.75,757.0,756.55,756.9,31463
2026-05-21 13:11:00,757.0,757.3,755.75,755.9,482233
2026-05-21 13:12:00,755.85,756.65,755.7,756.65,325591
2026-05-21 13:13:00,756.65,756.95,756.45,756.55,148813
2026-05-21 13:14:00,756.6,756.9,756.4,756.45,44041
2026-05-21 13:15:00,756.4,756.7,755.8,756.3,102331
2026-05-21 13:16:00,756.4,756.7,755.95,756.15,60469
2026-05-21 13:17:00,756.25,756.6,755.9,756.15,62786
2026-05-21 13:18:00,756.1,756.1,755.9,756.05,38455
2026-05-21 13:19:00,756.0,756.8,755.85,756.35,74983
2026-05-21 13:20:00,756.35,756.95,756.2,756.95,181746
2026-05-21 13:21:00,756.75,756.9,756.0,756.05,250704
2026-05-21 13:22:00,756.0,756.35,756.0,756.0,60093
2026-05-21 13:23:00,756.0,756.15,755.9,756.1,45241
2026-05-21 13:24:00,756.05,756.35,755.85,755.9,46058
2026-05-21 13:25:00,755.9,756.3,755.8,755.85,43040
2026-05-21 13:26:00,755.85,755.9,755.7,755.8,50862
2026-05-21 13:27:00,755.8,756.25,755.75,756.2,47101
2026-05-21 13:28:00,756.05,756.25,755.8,755.9,46044
2026-05-21 13:29:00,755.9,755.9,755.7,755.75,53031
2026-05-21 13:30:00,755.8,755.8,755.5,755.55,39012
2026-05-21 13:31:00,755.5,755.85,755.5,755.6,54933
2026-05-21 13:32:00,755.55,756.05,755.5,756.0,42694
2026-05-21 13:33:00,756.05,756.4,755.8,756.0,26725
2026-05-21 13:34:00,756.0,756.25,755.9,756.1,30787
2026-05-21 13:35:00,756.15,756.45,756.1,756.35,42103
2026-05-21 13:36:00,756.5,756.9,756.35,756.85,62182
2026-05-21 13:37:00,756.85,757.0,756.85,757.0,48635
2026-05-21 13:38:00,756.95,757.0,756.55,757.0,76336
2026-05-21 13:39:00,756.95,757.2,756.65,756.65,43836
2026-05-21 13:40:00,756.7,756.9,756.55,756.85,37388
2026-05-21 13:41:00,756.8,757.95,756.8,757.8,62398
2026-05-21 13:42:00,757.7,758.0,757.55,757.6,85864
2026-05-21 13:43:00,757.65,757.65,757.1,757.15,43582
2026-05-21 13:44:00,757.15,757.85,757.1,757.4,45880
2026-05-21 13:45:00,757.5,757.8,757.5,757.7,21386
2026-05-21 13:46:00,757.7,758.1,757.7,758.05,55466
2026-05-21 13:47:00,758.1,758.85,758.0,758.6,100262
2026-05-21 13:48:00,758.45,758.5,757.85,758.15,99201
2026-05-21 13:49:00,758.1,758.15,757.4,757.5,64154
2026-05-21 13:50:00,757.4,757.45,756.65,756.65,56750
2026-05-21 13:51:00,756.75,757.0,756.25,756.35,34181
2026-05-21 13:52:00,756.35,756.9,756.25,756.6,36590
2026-05-21 13:53:00,756.65,756.9,756.6,756.85,26522
2026-05-21 13:54:00,756.85,756.9,755.7,755.9,299019
2026-05-21 13:55:00,756.0,756.0,755.75,755.85,51386
2026-05-21 13:56:00,755.8,755.9,755.5,755.65,52638
2026-05-21 13:57:00,755.65,756.0,755.5,755.95,36790
2026-05-21 13:58:00,755.95,756.2,755.9,756.15,37052
2026-05-21 13:59:00,756.1,757.0,756.1,756.8,50165
2026-05-21 14:00:00,756.8,756.9,756.2,756.35,83902
2026-05-21 14:01:00,756.35,756.45,756.0,756.25,47881
2026-05-21 14:02:00,756.3,756.5,756.15,756.2,64292
2026-05-21 14:03:00,756.2,756.25,756.05,756.25,28514
2026-05-21 14:04:00,756.15,756.3,756.1,756.1,16648
2026-05-21 14:05:00,756.1,756.15,755.9,756.1,41472
2026-05-21 14:06:00,756.2,756.35,755.8,756.1,134821
2026-05-21 14:07:00,755.95,756.45,755.85,756.1,153267
2026-05-21 14:08:00,756.0,756.15,755.8,755.8,74385
2026-05-21 14:09:00,755.85,756.05,755.7,755.95,48635
2026-05-21 14:10:00,755.95,756.05,755.9,756.0,24776
2026-05-21 14:11:00,756.0,756.5,755.95,756.2,58789
2026-05-21 14:12:00,756.2,756.9,756.1,756.55,107921
2026-05-21 14:13:00,756.7,757.3,756.7,757.3,188663
2026-05-21 14:14:00,757.2,757.4,756.85,757.05,203744
2026-05-21 14:15:00,756.9,757.0,756.65,756.8,18682
2026-05-21 14:16:00,756.8,757.3,756.55,756.7,56043
2026-05-21 14:17:00,756.65,757.3,756.65,756.95,52344
2026-05-21 14:18:00,756.95,757.1,756.7,756.95,104686
2026-05-21 14:19:00,757.0,757.3,756.75,757.0,157741
2026-05-21 14:20:00,757.0,757.9,756.95,757.9,144494
2026-05-21 14:21:00,757.8,757.95,757.7,757.95,38042
2026-05-21 14:22:00,758.15,758.65,758.15,758.55,64412
2026-05-21 14:23:00,758.6,758.6,757.95,758.0,49165
2026-05-21 14:24:00,758.0,758.2,758.0,758.15,26558
2026-05-21 14:25:00,758.1,758.3,758.0,758.3,35997
2026-05-21 14:26:00,758.3,758.6,758.25,758.35,33779
2026-05-21 14:27:00,758.35,758.4,757.6,757.75,54588
2026-05-21 14:28:00,757.75,757.95,757.0,757.2,347921
2026-05-21 14:29:00,757.25,758.1,757.25,758.1,69625
2026-05-21 14:30:00,758.05,759.05,758.0,758.8,348993
2026-05-21 14:31:00,758.8,759.65,758.75,759.55,227999
2026-05-21 14:32:00,760.0,760.0,759.15,759.15,181624
2026-05-21 14:33:00,759.2,759.2,758.1,758.4,227003
2026-05-21 14:34:00,758.7,758.8,757.85,758.75,397186
2026-05-21 14:35:00,758.5,759.3,758.3,759.2,41676
2026-05-21 14:36:00,759.2,759.5,758.95,759.35,55123
2026-05-21 14:37:00,759.4,759.55,759.05,759.15,40493
2026-05-21 14:38:00,759.1,759.7,759.1,759.3,43159
2026-05-21 14:39:00,759.5,759.5,759.1,759.25,87418
2026-05-21 14:40:00,759.45,759.8,759.4,759.65,74355
2026-05-21 14:41:00,759.8,760.9,759.5,760.9,107233
2026-05-21 14:42:00,760.8,761.7,760.8,761.55,158499
2026-05-21 14:43:00,761.25,761.5,760.55,760.6,50532
2026-05-21 14:44:00,760.55,760.9,760.3,760.35,50850
2026-05-21 14:45:00,760.45,760.55,760.15,760.15,31291
2026-05-21 14:46:00,760.35,761.0,760.05,761.0,121848
2026-05-21 14:47:00,761.0,761.05,760.45,760.7,193437
2026-05-21 14:48:00,760.75,761.0,760.7,760.75,61024
2026-05-21 14:49:00,760.9,760.9,760.65,760.65,74485
2026-05-21 14:50:00,760.45,760.65,760.4,760.6,37654
2026-05-21 14:51:00,760.55,760.9,760.35,760.7,104366
2026-05-21 14:52:00,760.75,761.3,760.75,761.0,114509
2026-05-21 14:53:00,761.05,761.1,760.4,760.55,67023
2026-05-21 14:54:00,760.55,760.65,760.3,760.6,81950
2026-05-21 14:55:00,760.6,760.95,760.25,760.45,89288
2026-05-21 14:56:00,760.25,760.6,760.2,760.55,70945
2026-05-21 14:57:00,760.5,761.2,760.5,760.85,160076
2026-05-21 14:58:00,760.8,760.8,760.2,760.65,81969
2026-05-21 14:59:00,760.7,760.75,760.55,760.65,32369
2026-05-21 15:00:00,760.7,761.2,760.25,760.4,144493
2026-05-21 15:01:00,760.4,760.4,759.35,759.35,111826
2026-05-21 15:02:00,759.35,759.35,758.7,759.05,239843
2026-05-21 15:03:00,759.15,759.85,759.0,759.85,150410
2026-05-21 15:04:00,759.8,760.95,759.2,760.65,688023
2026-05-21 15:05:00,760.65,760.9,759.6,759.6,275879
2026-05-21 15:06:00,759.6,760.55,759.3,760.4,253311
2026-05-21 15:07:00,760.4,760.4,759.7,759.7,123950
2026-05-21 15:08:00,759.7,759.7,759.0,759.6,761797
2026-05-21 15:09:00,759.65,759.8,759.25,759.6,261680
2026-05-21 15:10:00,759.55,759.6,759.2,759.45,200890
2026-05-21 15:11:00,759.5,759.8,758.6,758.6,151497
2026-05-21 15:12:00,758.7,759.3,758.65,758.85,165473
2026-05-21 15:13:00,758.9,759.45,758.7,759.05,214350
2026-05-21 15:14:00,759.25,759.25,757.65,757.8,213241
2026-05-21 15:15:00,757.95,758.0,757.25,757.9,242291
2026-05-21 15:16:00,757.9,758.05,757.45,757.45,133822
2026-05-21 15:17:00,757.6,758.2,757.35,757.6,151629
2026-05-21 15:18:00,757.8,758.25,757.4,758.1,150979
2026-05-21 15:19:00,758.05,758.5,758.0,758.0,147617
2026-05-21 15:20:00,758.0,758.8,758.0,758.55,150716
2026-05-21 15:21:00,758.55,758.9,758.05,758.35,161570
2026-05-21 15:22:00,758.25,758.3,757.85,758.05,105453
2026-05-21 15:23:00,758.75,758.8,758.55,758.75,147827
2026-05-21 15:24:00,758.8,759.4,758.75,759.25,160828
2026-05-21 15:25:00,759.25,759.3,758.55,759.15,149792
2026-05-21 15:26:00,759.15,759.15,758.45,758.6,81360
2026-05-21 15:27:00,758.65,758.7,758.45,758.6,97460
2026-05-21 15:28:00,758.5,758.6,758.0,758.5,81757
2026-05-21 15:29:00,758.65,758.8,758.0,758.8,45923
2026-05-22 09:15:00,760.5,762.9,760.45,761.5,0
2026-05-22 09:16:00,761.5,762.5,761.4,762.25,141587
2026-05-22 09:17:00,762.5,763.7,762.5,763.25,106257
2026-05-22 09:18:00,763.25,763.75,763.2,763.2,78791
2026-05-22 09:19:00,763.0,764.25,763.0,764.2,163332
2026-05-22 09:20:00,764.0,765.9,764.0,765.65,272178
2026-05-22 09:21:00,765.8,766.5,765.8,766.25,201311
2026-05-22 09:22:00,766.3,767.45,766.1,767.45,235828
2026-05-22 09:23:00,767.45,768.0,767.3,767.9,168549
2026-05-22 09:24:00,767.9,768.5,767.5,768.15,249052
2026-05-22 09:25:00,768.45,768.45,766.6,766.8,88701
2026-05-22 09:26:00,766.6,767.7,766.55,766.6,55721
2026-05-22 09:27:00,766.7,767.0,766.55,766.85,31257
2026-05-22 09:28:00,766.85,767.5,766.7,766.7,106763
2026-05-22 09:29:00,766.7,767.0,766.4,766.4,95938
2026-05-22 09:30:00,766.35,766.8,766.2,766.65,198200
2026-05-22 09:31:00,766.7,767.5,766.55,766.85,174920
2026-05-22 09:32:00,766.9,767.25,766.7,767.05,69492
2026-05-22 09:33:00,766.9,766.95,766.0,766.8,59133
2026-05-22 09:34:00,766.9,767.3,766.55,767.05,66849
2026-05-22 09:35:00,767.3,767.95,767.3,767.55,123887
2026-05-22 09:36:00,767.5,767.6,766.5,766.5,39084
2026-05-22 09:37:00,766.7,767.8,766.5,767.15,84869
2026-05-22 09:38:00,767.3,768.0,767.0,767.4,113744
2026-05-22 09:39:00,767.4,768.0,767.2,767.85,89185
2026-05-22 09:40:00,767.85,767.85,767.0,767.5,42456
2026-05-22 09:41:00,767.5,767.8,767.0,767.75,56997
2026-05-22 09:42:00,767.6,768.0,767.35,767.95,71142
2026-05-22 09:43:00,768.0,768.75,767.45,768.75,139031
2026-05-22 09:44:00,768.8,769.4,768.75,769.2,111911
2026-05-22 09:45:00,768.95,769.15,768.55,769.0,75348
2026-05-22 09:46:00,768.95,769.95,768.85,769.95,97606
2026-05-22 09:47:00,769.75,770.45,769.65,770.0,166773
2026-05-22 09:48:00,770.0,770.0,769.35,769.55,63490
2026-05-22 09:49:00,769.7,769.9,769.15,769.5,64119
2026-05-22 09:50:00,769.7,769.9,769.35,769.75,53890
2026-05-22 09:51:00,769.75,770.25,769.75,770.2,102677
2026-05-22 09:52:00,770.2,771.0,770.0,771.0,127059
2026-05-22 09:53:00,771.0,771.0,770.2,770.3,67284
2026-05-22 09:54:00,770.5,770.6,769.9,770.0,77383
2026-05-22 09:55:00,770.0,770.4,770.0,770.0,29370
2026-05-22 09:56:00,769.7,770.25,769.3,769.85,48530
2026-05-22 09:57:00,769.5,770.0,769.5,770.0,109342
2026-05-22 09:58:00,769.8,770.9,769.8,770.85,109006
2026-05-22 09:59:00,770.85,770.85,769.85,769.95,31174
2026-05-22 10:00:00,769.9,769.95,769.2,769.6,49917
2026-05-22 10:01:00,769.55,769.95,769.25,769.85,63779
2026-05-22 10:02:00,769.85,770.85,769.8,770.55,204553
2026-05-22 10:03:00,770.3,770.85,770.25,770.5,125758
2026-05-22 10:04:00,770.5,770.5,770.1,770.3,56134
2026-05-22 10:05:00,770.1,771.65,770.0,771.65,332269
2026-05-22 10:06:00,771.6,771.75,771.2,771.7,91626
2026-05-22 10:07:00,771.65,772.8,771.6,772.8,302624
2026-05-22 10:08:00,772.7,773.4,772.7,773.25,243634
2026-05-22 10:09:00,773.25,773.45,772.6,773.25,101887
2026-05-22 10:10:00,773.35,773.5,772.9,773.1,85567
2026-05-22 10:11:00,772.9,773.65,772.9,773.65,142291
2026-05-22 10:12:00,774.0,774.8,773.75,774.2,286318
2026-05-22 10:13:00,774.2,775.0,774.2,774.5,197559
2026-05-22 10:14:00,774.5,774.65,773.65,773.75,99133
2026-05-22 10:15:00,773.75,774.0,773.15,774.0,197392
2026-05-22 10:16:00,773.95,774.0,773.3,773.5,209019
2026-05-22 10:17:00,773.5,773.5,772.55,772.65,90760
2026-05-22 10:18:00,772.7,772.75,772.05,772.35,60971
2026-05-22 10:19:00,772.3,772.5,771.8,772.2,46836
2026-05-22 10:20:00,772.2,772.2,771.5,771.75,51608
2026-05-22 10:21:00,771.9,772.25,771.6,772.25,38370
2026-05-22 10:22:00,772.2,772.75,772.1,772.7,37049
2026-05-22 10:23:00,772.75,772.8,772.25,772.4,28162
2026-05-22 10:24:00,772.4,772.45,771.25,771.5,63567
2026-05-22 10:25:00,771.3,772.0,771.1,772.0,35948
2026-05-22 10:26:00,771.95,771.95,771.5,771.8,27474
2026-05-22 10:27:00,771.8,772.0,771.55,772.0,22041
2026-05-22 10:28:00,772.0,772.0,771.55,771.85,20573
2026-05-22 10:29:00,771.85,771.85,771.2,771.4,52955
2026-05-22 10:30:00,771.4,771.5,770.6,770.6,27264
2026-05-22 10:31:00,770.8,770.95,770.1,770.5,104524
2026-05-22 10:32:00,770.35,770.5,769.8,770.1,197800
2026-05-22 10:33:00,770.15,770.7,770.1,770.45,96717
2026-05-22 10:34:00,770.5,770.75,770.4,770.5,49213
2026-05-22 10:35:00,770.5,770.5,769.8,770.0,73077
2026-05-22 10:36:00,770.0,770.0,769.8,770.0,44985
2026-05-22 10:37:00,769.8,770.05,769.55,769.75,49356
2026-05-22 10:38:00,769.7,770.0,769.55,770.0,33818
2026-05-22 10:39:00,770.0,770.05,769.9,770.05,32309
2026-05-22 10:40:00,770.05,770.5,770.0,770.5,104453
2026-05-22 10:41:00,770.5,770.8,770.0,770.15,116079
2026-05-22 10:42:00,770.15,770.3,770.0,770.15,161741
2026-05-22 10:43:00,770.15,770.85,770.15,770.7,65911
2026-05-22 10:44:00,770.75,771.35,770.75,771.2,39671
2026-05-22 10:45:00,771.3,771.45,770.95,771.05,54818
2026-05-22 10:46:00,771.0,771.4,770.7,771.15,44051
2026-05-22 10:47:00,771.4,771.95,771.2,771.5,69533
2026-05-22 10:48:00,771.75,771.75,770.75,770.95,41444
2026-05-22 10:49:00,770.95,771.15,770.55,771.15,22617
2026-05-22 10:50:00,771.15,771.3,770.8,771.3,21579
2026-05-22 10:51:00,771.15,771.6,771.1,771.4,14724
2026-05-22 10:52:00,771.4,771.45,771.0,771.1,18788
2026-05-22 10:53:00,771.1,771.15,770.8,770.8,14637
2026-05-22 10:54:00,770.8,771.0,770.6,770.85,20424
2026-05-22 10:55:00,770.8,770.85,770.05,770.05,23050
2026-05-22 10:56:00,770.15,770.6,770.15,770.6,16075
2026-05-22 10:57:00,770.6,770.6,769.6,770.05,35304
2026-05-22 10:58:00,770.0,770.4,770.0,770.15,32437
2026-05-22 10:59:00,770.25,770.4,770.0,770.35,17587
2026-05-22 11:00:00,770.35,770.35,770.05,770.1,13888
2026-05-22 11:01:00,770.25,770.3,770.0,770.05,21669
2026-05-22 11:02:00,770.0,770.15,769.95,770.0,28629
2026-05-22 11:03:00,770.05,770.05,769.5,769.55,12870
2026-05-22 11:04:00,769.55,769.95,769.55,769.85,21311
2026-05-22 11:05:00,769.85,770.0,769.8,769.95,9321
2026-05-22 11:06:00,769.9,770.0,769.5,769.65,50574
2026-05-22 11:07:00,769.85,769.85,769.25,769.25,60428
2026-05-22 11:08:00,769.35,769.45,769.15,769.4,23235
2026-05-22 11:09:00,769.45,769.7,769.0,769.6,44365
2026-05-22 11:10:00,769.6,769.7,769.35,769.5,14813
2026-05-22 11:11:00,769.5,769.7,769.2,769.6,13413
2026-05-22 11:12:00,769.55,769.6,768.8,768.8,52648
2026-05-22 11:13:00,768.8,768.95,768.6,768.75,51510
2026-05-22 11:14:00,768.9,768.9,768.65,768.65,39382
2026-05-22 11:15:00,768.8,768.85,768.3,768.8,27751
2026-05-22 11:16:00,768.8,768.8,768.3,768.5,19382
2026-05-22 11:17:00,768.4,768.5,768.25,768.4,23987
2026-05-22 11:18:00,768.35,768.5,768.1,768.3,27680
2026-05-22 11:19:00,768.4,768.45,768.1,768.35,33130
2026-05-22 11:20:00,768.3,768.3,767.8,768.0,43616
2026-05-22 11:21:00,768.0,768.5,767.95,768.5,58673
2026-05-22 11:22:00,768.5,769.6,768.5,769.6,65695
2026-05-22 11:23:00,769.55,770.0,769.55,770.0,45862
2026-05-22 11:24:00,769.95,770.25,769.75,769.95,44213
2026-05-22 11:25:00,769.95,770.25,768.95,769.0,37610
2026-05-22 11:26:00,769.0,769.1,768.3,768.3,17221
2026-05-22 11:27:00,768.6,768.75,768.3,768.45,21185
2026-05-22 11:28:00,768.45,768.55,768.0,768.35,29272
2026-05-22 11:29:00,768.5,768.6,768.15,768.45,19790
2026-05-22 11:30:00,768.35,768.6,768.1,768.3,55932
2026-05-22 11:31:00,768.3,768.45,768.1,768.45,47420
2026-05-22 11:32:00,768.45,769.0,768.4,768.9,73033
2026-05-22 11:33:00,768.95,769.4,768.7,768.95,37260
2026-05-22 11:34:00,768.9,768.9,768.5,768.7,15870
2026-05-22 11:35:00,768.85,768.9,768.4,768.6,16572
2026-05-22 11:36:00,768.6,768.75,768.25,768.65,18159
2026-05-22 11:37:00,768.75,768.9,768.4,768.5,23348
2026-05-22 11:38:00,768.5,769.0,768.4,768.9,26162
2026-05-22 11:39:00,768.95,769.35,768.55,769.1,28818
2026-05-22 11:40:00,769.05,769.4,768.85,769.4,31898
2026-05-22 11:41:00,769.25,769.5,769.0,769.35,31011
2026-05-22 11:42:00,769.35,770.05,769.25,769.55,65880
2026-05-22 11:43:00,769.75,770.1,769.5,770.1,34329
2026-05-22 11:44:00,770.0,770.45,769.9,770.3,60018
2026-05-22 11:45:00,770.3,770.8,770.0,770.6,50063
2026-05-22 11:46:00,770.7,771.9,770.55,771.25,90529
2026-05-22 11:47:00,771.15,771.15,770.0,770.3,46092
2026-05-22 11:48:00,770.35,770.65,769.8,770.4,37887
2026-05-22 11:49:00,770.65,770.8,770.3,770.4,31279
2026-05-22 11:50:00,770.55,770.55,770.0,770.0,27771
2026-05-22 11:51:00,770.2,770.4,770.0,770.05,15367
2026-05-22 11:52:00,770.2,770.4,770.0,770.25,17601
2026-05-22 11:53:00,770.4,770.7,770.05,770.7,47324
2026-05-22 11:54:00,770.75,770.75,770.3,770.3,27631
2026-05-22 11:55:00,770.4,770.65,770.2,770.45,17248
2026-05-22 11:56:00,770.45,770.55,770.1,770.35,22617
2026-05-22 11:57:00,770.35,770.4,770.05,770.25,16136
2026-05-22 11:58:00,770.05,770.35,769.8,769.95,31403
2026-05-22 11:59:00,769.75,770.05,769.75,770.05,11371
2026-05-22 12:00:00,770.0,770.1,769.8,769.8,27976
2026-05-22 12:01:00,769.8,770.0,769.45,769.75,12498
2026-05-22 12:02:00,769.65,769.85,769.5,769.6,13100
2026-05-22 12:03:00,769.6,769.7,769.4,769.6,14953
2026-05-22 12:04:00,769.6,769.6,769.0,769.2,17145
2026-05-22 12:05:00,769.2,769.2,769.0,769.1,17601
2026-05-22 12:06:00,769.0,769.35,769.0,769.25,11398
2026-05-22 12:07:00,769.25,769.9,769.15,769.75,54945
2026-05-22 12:08:00,769.75,769.9,769.3,769.65,13102
2026-05-22 12:09:00,769.65,769.7,769.05,769.6,46774
2026-05-22 12:10:00,769.55,769.75,769.4,769.5,11297
2026-05-22 12:11:00,769.65,769.75,769.25,769.5,14983
2026-05-22 12:12:00,769.5,769.5,769.1,769.1,18782
2026-05-22 12:13:00,769.3,769.35,768.8,768.9,20867
2026-05-22 12:14:00,768.7,768.95,768.55,768.85,21488
2026-05-22 12:15:00,768.85,769.0,768.8,768.95,15269
2026-05-22 12:16:00,768.8,769.05,768.8,769.0,11547
2026-05-22 12:17:00,769.0,769.05,768.9,769.0,8946
2026-05-22 12:18:00,769.0,769.25,768.95,769.1,16305
2026-05-22 12:19:00,769.1,769.15,768.85,769.0,8213
2026-05-22 12:20:00,769.0,769.1,768.65,768.95,11728
2026-05-22 12:21:00,768.95,769.2,768.7,769.0,26307
2026-05-22 12:22:00,769.0,769.1,768.8,768.8,12922
2026-05-22 12:23:00,768.95,768.95,768.25,768.4,27468
2026-05-22 12:24:00,768.45,768.5,768.3,768.35,18803
2026-05-22 12:25:00,768.4,768.5,768.35,768.4,16747
2026-05-22 12:26:00,768.45,768.7,768.4,768.65,15178
2026-05-22 12:27:00,768.65,768.9,768.55,768.7,15704
2026-05-22 12:28:00,768.65,768.8,768.5,768.75,17158
2026-05-22 12:29:00,768.75,768.75,768.35,768.7,20928
2026-05-22 12:30:00,768.75,768.8,768.2,768.5,71989
2026-05-22 12:31:00,768.5,768.5,768.05,768.2,15820
2026-05-22 12:32:00,768.2,768.2,767.75,767.9,39233
2026-05-22 12:33:00,768.0,768.6,767.85,768.35,41773
2026-05-22 12:34:00,768.25,768.35,768.1,768.25,11506
2026-05-22 12:35:00,768.25,768.25,768.05,768.25,13063
2026-05-22 12:36:00,768.0,768.4,767.8,768.35,49276
2026-05-22 12:37:00,768.35,768.35,768.0,768.25,21822
2026-05-22 12:38:00,768.25,768.35,767.95,768.0,14440
2026-05-22 12:39:00,767.95,768.0,767.85,768.0,13063
2026-05-22 12:40:00,767.95,768.1,767.8,768.1,21972
2026-05-22 12:41:00,768.1,768.8,768.1,768.8,66593
2026-05-22 12:42:00,768.75,768.75,768.15,768.5,26588
2026-05-22 12:43:00,768.5,768.5,768.1,768.35,34154
2026-05-22 12:44:00,768.35,769.25,768.15,769.05,84044
2026-05-22 12:45:00,769.25,769.25,768.9,768.95,16791
2026-05-22 12:46:00,769.0,769.65,768.95,769.65,26372
2026-05-22 12:47:00,769.6,769.9,769.5,769.7,23209
2026-05-22 12:48:00,769.7,769.9,769.65,769.85,14924
2026-05-22 12:49:00,769.85,769.95,769.7,769.95,13708
2026-05-22 12:50:00,769.9,770.75,769.9,770.6,233411
2026-05-22 12:51:00,770.75,771.0,770.4,770.95,101394
2026-05-22 12:52:00,770.85,771.0,770.75,770.95,37579
2026-05-22 12:53:00,770.95,771.0,770.5,770.65,74452
2026-05-22 12:54:00,770.65,771.0,770.65,770.9,28967
2026-05-22 12:55:00,771.0,771.0,770.7,771.0,66182
2026-05-22 12:56:00,771.0,771.0,770.5,770.7,69789
2026-05-22 12:57:00,770.7,772.0,770.6,771.6,179146
2026-05-22 12:58:00,771.65,771.75,771.2,771.75,33360
2026-05-22 12:59:00,771.7,771.75,771.2,771.6,37759
2026-05-22 13:00:00,771.6,771.95,771.4,771.7,54344
2026-05-22 13:01:00,771.8,771.8,771.5,771.7,34305
2026-05-22 13:02:00,771.7,771.75,771.2,771.3,34621
2026-05-22 13:03:00,771.3,771.45,771.0,771.35,24348
2026-05-22 13:04:00,771.35,771.4,771.0,771.2,16013
2026-05-22 13:05:00,771.1,771.7,770.55,771.25,114722
2026-05-22 13:06:00,771.2,771.25,770.2,770.2,24984
2026-05-22 13:07:00,770.2,771.1,770.2,771.1,75375
2026-05-22 13:08:00,771.1,771.3,771.0,771.2,43286
2026-05-22 13:09:00,771.2,771.25,771.0,771.2,12614
2026-05-22 13:10:00,771.2,771.35,771.0,771.35,49683
2026-05-22 13:11:00,771.35,771.35,771.0,771.25,16440
2026-05-22 13:12:00,771.25,771.25,771.0,771.25,13225
2026-05-22 13:13:00,770.9,771.2,770.85,771.05,17857
2026-05-22 13:14:00,771.05,771.05,770.75,771.0,16367
2026-05-22 13:15:00,771.0,771.15,770.5,770.7,27102
2026-05-22 13:16:00,770.7,770.9,770.45,770.9,23704
2026-05-22 13:17:00,770.9,770.95,770.65,770.9,20991
2026-05-22 13:18:00,770.9,770.95,770.5,770.6,139449
2026-05-22 13:19:00,770.65,770.75,769.25,769.75,575103
2026-05-22 13:20:00,769.75,770.3,769.55,770.25,85963
2026-05-22 13:21:00,770.3,770.35,769.9,769.95,28155
2026-05-22 13:22:00,770.1,770.3,770.0,770.0,28294
2026-05-22 13:23:00,770.0,770.0,769.5,769.5,47370
2026-05-22 13:24:00,769.5,769.6,769.3,769.45,266527
2026-05-22 13:25:00,769.5,769.5,768.9,769.4,44699
2026-05-22 13:26:00,769.4,769.8,769.2,769.8,21893
2026-05-22 13:27:00,769.8,769.8,768.9,768.95,62318
2026-05-22 13:28:00,769.0,769.0,768.85,769.0,88760
2026-05-22 13:29:00,768.95,769.9,768.95,769.8,145943
2026-05-22 13:30:00,769.65,769.85,768.5,768.9,191440
2026-05-22 13:31:00,768.9,768.9,768.3,768.8,42175
2026-05-22 13:32:00,768.8,768.95,768.35,768.65,27008
2026-05-22 13:33:00,768.75,768.9,768.6,768.85,27282
2026-05-22 13:34:00,768.9,769.0,768.75,769.0,64359
2026-05-22 13:35:00,768.95,769.0,768.75,768.95,56186
2026-05-22 13:36:00,768.9,768.9,768.6,768.85,20832
2026-05-22 13:37:00,768.8,769.0,768.7,768.9,33473
2026-05-22 13:38:00,768.9,769.0,768.65,768.7,69621
2026-05-22 13:39:00,768.8,768.95,768.75,768.9,26602
2026-05-22 13:40:00,768.85,769.4,768.85,769.3,52632
2026-05-22 13:41:00,769.3,769.3,768.9,769.2,24081
2026-05-22 13:42:00,769.1,769.15,768.7,768.7,49013
2026-05-22 13:43:00,768.9,768.9,768.35,768.6,52734
2026-05-22 13:44:00,768.5,768.7,768.15,768.4,61005
2026-05-22 13:45:00,768.35,768.55,768.1,768.55,33244
2026-05-22 13:46:00,768.5,768.95,768.5,768.8,209752
2026-05-22 13:47:00,768.8,769.4,768.75,769.0,205364
2026-05-22 13:48:00,768.9,769.0,768.65,768.85,46001
2026-05-22 13:49:00,768.9,768.9,768.25,768.5,35507
2026-05-22 13:50:00,768.55,768.7,768.3,768.7,39107
2026-05-22 13:51:00,768.7,768.7,768.4,768.65,38346
2026-05-22 13:52:00,768.7,768.7,768.35,768.55,29268
2026-05-22 13:53:00,768.6,768.65,768.4,768.4,28003
2026-05-22 13:54:00,768.35,768.4,768.15,768.3,25723
2026-05-22 13:55:00,768.25,768.25,767.2,767.7,213320
2026-05-22 13:56:00,767.7,768.0,767.5,767.75,41141
2026-05-22 13:57:00,767.55,767.8,767.4,767.5,31224
2026-05-22 13:58:00,767.5,767.65,767.4,767.55,42030
2026-05-22 13:59:00,767.55,768.6,767.55,768.35,69427
2026-05-22 14:00:00,768.4,768.5,768.0,768.1,33094
2026-05-22 14:01:00,768.1,768.3,767.75,767.75,27065
2026-05-22 14:02:00,767.9,767.9,767.25,767.45,36033
2026-05-22 14:03:00,767.5,767.6,766.75,766.95,44059
2026-05-22 14:04:00,767.0,767.1,766.3,766.5,55106
2026-05-22 14:05:00,766.5,766.65,765.6,766.4,88069
2026-05-22 14:06:00,766.4,766.5,766.0,766.2,36569
2026-05-22 14:07:00,766.25,767.2,766.25,766.7,66571
2026-05-22 14:08:00,766.7,767.3,766.7,767.3,41444
2026-05-22 14:09:00,767.25,767.35,767.1,767.2,22658
2026-05-22 14:10:00,767.2,767.25,767.05,767.25,17962
2026-05-22 14:11:00,767.25,767.35,766.35,766.75,66508
2026-05-22 14:12:00,766.65,766.85,766.2,766.85,28015
2026-05-22 14:13:00,766.85,767.1,766.5,766.85,30048
2026-05-22 14:14:00,766.8,767.25,766.55,767.1,31017
2026-05-22 14:15:00,767.15,767.5,766.95,767.4,34600
2026-05-22 14:16:00,767.35,767.5,766.7,766.7,43384
2026-05-22 14:17:00,766.95,767.05,766.5,766.55,38564
2026-05-22 14:18:00,766.55,766.7,766.1,766.25,25922
2026-05-22 14:19:00,766.25,766.35,765.95,765.95,47590
2026-05-22 14:20:00,766.05,766.2,765.8,766.0,33058
2026-05-22 14:21:00,766.0,766.1,765.7,766.05,28348
2026-05-22 14:22:00,765.9,766.2,765.75,766.1,32321
2026-05-22 14:23:00,766.15,766.65,766.15,766.55,50014
2026-05-22 14:24:00,766.6,766.65,766.35,766.5,52991
2026-05-22 14:25:00,766.65,766.7,766.15,766.5,34915
2026-05-22 14:26:00,766.4,766.5,765.85,765.85,26240
2026-05-22 14:27:00,765.85,766.25,765.8,766.15,43148
2026-05-22 14:28:00,766.2,766.3,765.9,765.9,30322
2026-05-22 14:29:00,766.0,766.0,765.3,765.5,43653
2026-05-22 14:30:00,765.5,765.5,764.35,765.4,140839
2026-05-22 14:31:00,765.45,765.85,765.0,765.1,46435
2026-05-22 14:32:00,765.45,765.8,765.1,765.8,43156
2026-05-22 14:33:00,765.55,765.9,765.35,765.65,31188
2026-05-22 14:34:00,765.9,766.05,765.65,765.65,30986
2026-05-22 14:35:00,765.8,765.85,765.5,765.75,39199
2026-05-22 14:36:00,765.85,765.95,765.5,765.5,60430
2026-05-22 14:37:00,765.4,765.5,764.15,764.35,53699
2026-05-22 14:38:00,764.35,764.65,764.15,764.5,38602
2026-05-22 14:39:00,764.4,764.65,764.2,764.45,29086
2026-05-22 14:40:00,764.6,765.05,764.5,764.8,40636
2026-05-22 14:41:00,764.95,765.0,764.45,764.7,21087
2026-05-22 14:42:00,764.65,764.9,764.45,764.7,28283
2026-05-22 14:43:00,764.9,765.0,764.65,764.85,28638
2026-05-22 14:44:00,764.85,765.05,764.35,764.35,77325
2026-05-22 14:45:00,764.45,764.85,764.45,764.85,28585
2026-05-22 14:46:00,764.9,765.25,764.85,765.2,32872
2026-05-22 14:47:00,765.2,765.25,764.65,765.1,28073
2026-05-22 14:48:00,765.0,765.4,765.0,765.25,20560
2026-05-22 14:49:00,765.25,765.25,764.5,764.5,46292
2026-05-22 14:50:00,764.8,764.9,764.5,764.55,37570
2026-05-22 14:51:00,764.85,764.95,764.5,764.5,40241
2026-05-22 14:52:00,764.65,764.85,764.3,764.7,66486
2026-05-22 14:53:00,764.65,764.75,764.5,764.7,31937
2026-05-22 14:54:00,764.7,764.7,764.4,764.5,33834
2026-05-22 14:55:00,764.45,765.15,764.45,765.1,156527
2026-05-22 14:56:00,765.0,765.15,764.75,765.05,71939
2026-05-22 14:57:00,765.05,765.8,764.85,765.2,122158
2026-05-22 14:58:00,765.2,765.65,765.0,765.4,52031
2026-05-22 14:59:00,765.4,766.2,765.1,766.2,89198
2026-05-22 15:00:00,766.2,766.2,765.4,766.1,161947
2026-05-22 15:01:00,766.1,766.95,765.8,765.8,271947
2026-05-22 15:02:00,765.9,766.05,765.2,766.0,143048
2026-05-22 15:03:00,766.05,766.05,765.7,766.0,136265
2026-05-22 15:04:00,766.05,766.6,765.75,766.55,242637
2026-05-22 15:05:00,766.65,766.7,765.55,766.05,149403
2026-05-22 15:06:00,766.05,766.1,765.75,766.0,107745
2026-05-22 15:07:00,766.0,766.05,765.7,765.85,114939
2026-05-22 15:08:00,766.0,766.1,765.8,766.0,93434
2026-05-22 15:09:00,766.05,766.25,765.6,765.7,131145
2026-05-22 15:10:00,765.75,765.75,765.15,765.45,115349
2026-05-22 15:11:00,765.35,765.5,765.2,765.4,105603
2026-05-22 15:12:00,765.4,766.55,765.4,766.35,242360
2026-05-22 15:13:00,766.45,766.5,766.0,766.2,100081
2026-05-22 15:14:00,766.35,766.75,766.15,766.75,129372
2026-05-22 15:15:00,766.65,767.0,766.5,767.0,156136
2026-05-22 15:16:00,766.95,767.5,766.85,767.5,148683
2026-05-22 15:17:00,767.5,767.5,766.55,766.75,92297
2026-05-22 15:18:00,766.7,767.4,766.4,767.2,165221
2026-05-22 15:19:00,767.25,767.5,766.8,766.85,112580
2026-05-22 15:20:00,766.95,767.2,766.75,767.2,175365
2026-05-22 15:21:00,767.2,767.7,767.05,767.5,172592
2026-05-22 15:22:00,767.5,767.5,767.0,767.15,120630
2026-05-22 15:23:00,767.1,767.9,767.0,767.8,192662
2026-05-22 15:24:00,767.9,768.05,767.85,768.05,199686
2026-05-22 15:25:00,768.0,768.45,767.75,767.9,169565
2026-05-22 15:26:00,767.9,768.4,767.8,768.4,141142
2026-05-22 15:27:00,768.4,768.85,768.0,768.85,156733
2026-05-22 15:28:00,768.85,768.85,768.25,768.6,141855
2026-05-22 15:29:00,768.85,769.1,766.8,769.0,118748
2026-05-25 09:15:00,776.05,780.3,776.05,780.3,0
2026-05-25 09:16:00,780.1,780.8,779.35,779.4,338279
2026-05-25 09:17:00,779.4,781.0,779.4,781.0,324376
2026-05-25 09:18:00,780.9,781.0,780.45,780.85,155189
2026-05-25 09:19:00,780.75,781.85,780.6,781.4,371169
2026-05-25 09:20:00,781.45,782.3,781.45,782.2,292598
2026-05-25 09:21:00,782.0,782.4,781.95,782.3,174559
2026-05-25 09:22:00,782.3,783.0,782.25,782.6,147766
2026-05-25 09:23:00,782.4,782.5,782.1,782.5,132155
2026-05-25 09:24:00,782.3,783.85,782.3,783.85,311061
2026-05-25 09:25:00,783.8,785.95,783.8,785.2,828457
2026-05-25 09:26:00,785.1,785.55,784.45,784.45,346569
2026-05-25 09:27:00,784.65,784.85,783.7,783.8,157914
2026-05-25 09:28:00,783.7,784.85,783.5,784.8,131474
2026-05-25 09:29:00,784.8,785.3,784.55,785.2,144986
2026-05-25 09:30:00,785.2,785.45,784.4,784.8,131083
2026-05-25 09:31:00,784.8,785.2,784.4,785.0,157534
2026-05-25 09:32:00,785.0,785.9,784.8,784.85,233539
2026-05-25 09:33:00,784.85,784.85,783.5,783.55,120685
2026-05-25 09:34:00,783.55,783.55,782.8,783.5,114189
2026-05-25 09:35:00,783.7,783.7,782.95,783.15,97284
2026-05-25 09:36:00,783.15,783.15,782.65,782.9,116402
2026-05-25 09:37:00,782.9,782.9,782.35,782.65,98893
2026-05-25 09:38:00,782.8,783.0,782.35,782.75,120054
2026-05-25 09:39:00,782.6,782.95,782.55,782.85,73360
2026-05-25 09:40:00,782.75,782.85,782.2,782.5,96161
2026-05-25 09:41:00,782.45,782.55,782.35,782.4,41876
2026-05-25 09:42:00,782.45,782.5,782.05,782.15,94212
2026-05-25 09:43:00,781.9,782.0,781.5,781.6,69539
2026-05-25 09:44:00,781.4,782.7,781.4,782.55,93401
2026-05-25 09:45:00,782.6,782.65,781.9,782.6,72930
2026-05-25 09:46:00,782.65,782.65,781.9,781.95,48713
2026-05-25 09:47:00,782.0,782.25,781.55,781.8,63452
2026-05-25 09:48:00,781.75,781.8,780.85,780.9,168696
2026-05-25 09:49:00,781.0,781.35,781.0,781.2,75487
2026-05-25 09:50:00,781.05,781.15,780.55,780.9,47724
2026-05-25 09:51:00,780.85,781.0,780.35,780.35,55157
2026-05-25 09:52:00,780.6,780.6,779.6,780.0,128734
2026-05-25 09:53:00,779.8,780.15,779.8,780.1,57226
2026-05-25 09:54:00,780.05,780.9,780.05,780.8,56852
2026-05-25 09:55:00,780.85,780.9,780.2,780.3,43632
2026-05-25 09:56:00,780.3,780.45,780.1,780.15,52024
2026-05-25 09:57:00,780.15,780.15,779.75,780.1,49538
2026-05-25 09:58:00,780.15,780.15,780.0,780.1,24371
2026-05-25 09:59:00,780.15,780.8,780.15,780.65,63305
2026-05-25 10:00:00,780.55,781.0,780.35,780.5,57321
2026-05-25 10:01:00,780.65,780.9,780.45,780.7,60736
2026-05-25 10:02:00,780.75,781.0,780.6,781.0,382622
2026-05-25 10:03:00,780.95,781.0,780.8,781.0,328436
2026-05-25 10:04:00,781.0,781.0,780.55,780.6,155539
2026-05-25 10:05:00,780.6,780.95,780.55,780.9,68552
2026-05-25 10:06:00,780.95,780.95,780.2,780.5,106592
2026-05-25 10:07:00,780.5,780.55,779.75,780.0,67768
2026-05-25 10:08:00,780.0,780.25,779.75,780.15,62570
2026-05-25 10:09:00,780.15,780.6,780.05,780.5,60096
2026-05-25 10:10:00,780.55,781.0,780.4,781.0,61458
2026-05-25 10:11:00,781.0,781.0,780.7,780.95,75653
2026-05-25 10:12:00,781.0,781.0,780.45,780.95,83926
2026-05-25 10:13:00,781.0,781.95,781.0,781.85,210701
2026-05-25 10:14:00,781.85,781.85,781.25,781.5,24004
2026-05-25 10:15:00,781.35,781.75,781.3,781.4,37471
2026-05-25 10:16:00,781.45,781.5,781.15,781.45,34374
2026-05-25 10:17:00,781.5,782.8,781.45,782.8,91605
2026-05-25 10:18:00,782.75,783.25,782.7,783.25,72608
2026-05-25 10:19:00,783.35,783.35,782.85,783.0,34110
2026-05-25 10:20:00,783.1,783.1,782.6,782.6,34130
2026-05-25 10:21:00,782.8,783.2,782.6,783.0,35292
2026-05-25 10:22:00,783.0,783.2,782.9,783.1,31447
2026-05-25 10:23:00,783.15,783.15,782.6,782.95,38785
2026-05-25 10:24:00,782.9,783.1,782.5,782.65,22521
2026-05-25 10:25:00,782.5,782.9,782.4,782.9,27339
2026-05-25 10:26:00,782.8,783.0,782.65,782.85,27810
2026-05-25 10:27:00,782.75,782.95,782.35,782.6,24910
2026-05-25 10:28:00,782.35,782.6,782.3,782.4,23055
2026-05-25 10:29:00,782.55,782.95,782.45,782.95,26268
2026-05-25 10:30:00,782.9,783.25,782.85,783.05,50087
2026-05-25 10:31:00,783.25,783.95,782.9,783.95,63537
2026-05-25 10:32:00,783.95,784.0,783.55,783.8,30043
2026-05-25 10:33:00,783.85,783.85,783.45,783.7,54186
2026-05-25 10:34:00,783.75,784.05,783.35,784.05,51141
2026-05-25 10:35:00,784.05,785.05,784.0,785.05,331265
2026-05-25 10:36:00,785.05,785.6,785.0,785.4,114355
2026-05-25 10:37:00,785.4,785.5,785.05,785.3,56260
2026-05-25 10:38:00,785.35,785.35,785.0,785.0,67045
2026-05-25 10:39:00,785.0,785.1,785.0,785.0,398106
2026-05-25 10:40:00,785.05,785.35,785.0,785.05,111396
2026-05-25 10:41:00,785.15,785.15,784.95,785.0,71416
2026-05-25 10:42:00,785.05,785.1,785.0,785.05,82429
2026-05-25 10:43:00,785.1,785.25,785.0,785.1,51771
2026-05-25 10:44:00,785.15,785.2,785.0,785.05,21802
2026-05-25 10:45:00,785.15,785.4,785.0,785.4,72563
2026-05-25 10:46:00,785.35,785.6,785.1,785.55,74631
2026-05-25 10:47:00,785.4,785.85,785.35,785.4,48289
2026-05-25 10:48:00,785.45,785.5,785.05,785.15,33303
2026-05-25 10:49:00,785.2,785.45,785.05,785.35,34924
2026-05-25 10:50:00,785.45,785.5,785.0,785.15,34013
2026-05-25 10:51:00,785.2,785.2,784.95,785.0,89029
2026-05-25 10:52:00,785.1,785.1,785.0,785.0,74828
2026-05-25 10:53:00,785.1,785.15,785.0,785.0,28647
2026-05-25 10:54:00,785.05,785.5,785.0,785.5,44390
2026-05-25 10:55:00,785.45,785.75,785.0,785.0,64892
2026-05-25 10:56:00,785.05,785.4,785.0,785.25,31179
2026-05-25 10:57:00,785.35,785.35,784.9,785.0,24916
2026-05-25 10:58:00,784.95,785.1,784.9,785.05,38182
2026-05-25 10:59:00,785.0,785.15,785.0,785.0,32037
2026-05-25 11:00:00,785.1,785.1,784.6,784.6,147876
2026-05-25 11:01:00,784.55,784.55,783.95,784.3,57245
2026-05-25 11:02:00,784.05,784.3,784.0,784.3,35702
2026-05-25 11:03:00,784.25,784.25,784.0,784.05,25076
2026-05-25 11:04:00,784.05,784.75,784.05,784.45,59230
2026-05-25 11:05:00,784.45,784.6,784.35,784.45,31975
2026-05-25 11:06:00,784.5,784.5,784.0,784.0,28359
2026-05-25 11:07:00,784.15,784.2,783.9,783.9,32438
2026-05-25 11:08:00,784.0,784.1,783.85,784.0,23296
2026-05-25 11:09:00,784.05,784.1,783.9,784.05,21231
2026-05-25 11:10:00,784.1,784.6,784.05,784.45,54141
2026-05-25 11:11:00,784.45,784.7,784.4,784.5,29130
2026-05-25 11:12:00,784.6,784.65,784.25,784.55,20042
2026-05-25 11:13:00,784.55,784.9,784.55,784.75,41442
2026-05-25 11:14:00,784.8,784.9,784.4,784.9,30430
2026-05-25 11:15:00,784.85,785.0,784.7,784.9,28280
2026-05-25 11:16:00,784.9,785.0,784.75,784.9,51053
2026-05-25 11:17:00,784.9,784.9,784.5,784.75,44169
2026-05-25 11:18:00,784.8,784.8,784.4,784.75,40005
2026-05-25 11:19:00,784.75,784.8,784.35,784.5,33416
2026-05-25 11:20:00,784.6,784.85,784.6,784.85,27362
2026-05-25 11:21:00,784.85,784.9,784.45,784.5,34793
2026-05-25 11:22:00,784.55,784.7,784.45,784.6,29371
2026-05-25 11:23:00,784.65,784.85,784.35,784.4,33286
2026-05-25 11:24:00,784.35,784.65,784.2,784.35,33467
2026-05-25 11:25:00,784.35,784.75,784.3,784.4,31902
2026-05-25 11:26:00,784.55,784.95,784.35,784.5,108686
2026-05-25 11:27:00,784.55,784.7,784.35,784.6,29734
2026-05-25 11:28:00,784.55,784.55,783.95,784.35,86112
2026-05-25 11:29:00,784.35,784.7,784.3,784.65,41965
2026-05-25 11:30:00,784.7,784.75,784.5,784.75,28340
2026-05-25 11:31:00,784.75,784.8,784.3,784.65,40783
2026-05-25 11:32:00,784.6,784.7,784.25,784.6,37638
2026-05-25 11:33:00,784.6,784.65,783.9,783.9,53338
2026-05-25 11:34:00,783.9,784.3,783.8,783.95,39699
2026-05-25 11:35:00,783.95,784.75,783.95,784.5,60809
2026-05-25 11:36:00,784.6,784.65,784.0,784.0,31280
2026-05-25 11:37:00,784.15,784.3,783.85,784.0,32253
2026-05-25 11:38:00,784.0,784.0,783.55,783.55,29267
2026-05-25 11:39:00,783.6,784.3,783.55,784.25,30880
2026-05-25 11:40:00,784.35,784.9,784.25,784.75,25715
2026-05-25 11:41:00,784.85,784.95,784.6,784.9,33296
2026-05-25 11:42:00,784.95,784.95,784.35,784.35,60349
2026-05-25 11:43:00,784.55,784.55,784.0,784.0,29581
2026-05-25 11:44:00,784.15,784.35,784.0,784.3,18945
2026-05-25 11:45:00,784.35,784.7,784.2,784.65,30302
2026-05-25 11:46:00,784.7,784.75,784.5,784.5,29983
2026-05-25 11:47:00,784.45,784.5,784.2,784.4,36946
2026-05-25 11:48:00,784.5,784.65,784.2,784.5,22742
2026-05-25 11:49:00,784.5,784.7,784.5,784.5,27075
2026-05-25 11:50:00,784.55,784.6,784.2,784.45,22727
2026-05-25 11:51:00,784.5,784.6,784.25,784.35,21048
2026-05-25 11:52:00,784.4,784.6,784.25,784.35,26947
2026-05-25 11:53:00,784.6,784.6,784.15,784.5,21621
2026-05-25 11:54:00,784.45,784.6,784.25,784.55,21801
2026-05-25 11:55:00,784.55,784.6,784.45,784.55,18653
2026-05-25 11:56:00,784.6,784.6,784.3,784.35,23358
2026-05-25 11:57:00,784.4,784.4,784.2,784.3,24252
2026-05-25 11:58:00,784.3,784.5,784.3,784.45,23882
2026-05-25 11:59:00,784.55,784.6,784.2,784.2,25372
2026-05-25 12:00:00,784.4,784.4,783.25,783.25,154380
2026-05-25 12:01:00,783.4,783.5,783.1,783.3,38402
2026-05-25 12:02:00,783.3,783.85,783.05,783.5,37866
2026-05-25 12:03:00,783.6,783.65,783.15,783.2,32376
2026-05-25 12:04:00,783.2,783.35,783.05,783.25,24033
2026-05-25 12:05:00,783.25,783.25,783.0,783.2,28082
2026-05-25 12:06:00,783.2,783.5,783.0,783.5,40461
2026-05-25 12:07:00,783.5,783.75,783.3,783.35,25030
2026-05-25 12:08:00,783.35,783.4,783.1,783.4,23222
2026-05-25 12:09:00,783.4,783.7,783.3,783.45,15873
2026-05-25 12:10:00,783.45,783.7,783.4,783.55,17501
2026-05-25 12:11:00,783.65,783.8,783.5,783.6,23762
2026-05-25 12:12:00,783.6,783.6,783.4,783.5,17603
2026-05-25 12:13:00,783.4,783.75,783.4,783.45,23331
2026-05-25 12:14:00,783.4,783.45,783.4,783.45,16304
2026-05-25 12:15:00,783.4,783.6,783.1,783.1,27640
2026-05-25 12:16:00,783.3,783.55,783.1,783.15,65389
2026-05-25 12:17:00,783.2,783.4,783.1,783.4,22839
2026-05-25 12:18:00,783.4,783.75,783.3,783.55,34206
2026-05-25 12:19:00,783.7,783.9,783.7,783.7,13347
2026-05-25 12:20:00,783.75,783.8,783.4,783.65,17988
2026-05-25 12:21:00,783.65,783.8,783.5,783.6,18853
2026-05-25 12:22:00,783.65,783.8,783.55,783.8,26079
2026-05-25 12:23:00,783.8,783.8,783.5,783.65,12049
2026-05-25 12:24:00,783.65,783.65,783.45,783.65,10145
2026-05-25 12:25:00,783.65,783.65,783.45,783.55,13035
2026-05-25 12:26:00,783.55,783.65,783.35,783.4,23808
2026-05-25 12:27:00,783.4,783.65,783.35,783.65,25671
2026-05-25 12:28:00,783.5,783.65,783.3,783.45,19192
2026-05-25 12:29:00,783.5,783.5,783.25,783.25,17430
2026-05-25 12:30:00,783.25,783.45,783.15,783.3,28771
2026-05-25 12:31:00,783.25,783.5,783.2,783.35,33784
2026-05-25 12:32:00,783.35,783.5,783.25,783.45,23944
2026-05-25 12:33:00,783.45,783.75,783.25,783.6,29807
2026-05-25 12:34:00,783.7,783.8,783.45,783.7,34555
2026-05-25 12:35:00,783.6,783.95,783.55,783.75,35323
2026-05-25 12:36:00,783.75,783.85,783.5,783.7,39211
2026-05-25 12:37:00,783.8,783.8,783.6,783.65,30190
2026-05-25 12:38:00,783.7,783.75,783.6,783.7,26234
2026-05-25 12:39:00,783.75,783.8,783.55,783.55,25300
2026-05-25 12:40:00,783.55,783.6,783.2,783.3,52518
2026-05-25 12:41:00,783.25,783.45,783.1,783.4,34061
2026-05-25 12:42:00,783.45,783.7,783.4,783.6,15319
2026-05-25 12:43:00,783.6,783.8,783.6,783.75,37330
2026-05-25 12:44:00,783.75,783.75,783.3,783.5,43464
2026-05-25 12:45:00,783.6,783.7,783.35,783.65,53641
2026-05-25 12:46:00,783.55,783.65,783.3,783.3,54806
2026-05-25 12:47:00,783.45,783.6,783.25,783.5,28741
2026-05-25 12:48:00,783.55,783.6,783.05,783.1,52060
2026-05-25 12:49:00,783.05,783.1,782.9,783.0,39803
2026-05-25 12:50:00,783.0,783.0,782.6,783.0,40277
2026-05-25 12:51:00,783.0,783.3,782.95,783.05,42448
2026-05-25 12:52:00,783.25,783.25,782.95,783.1,21399
2026-05-25 12:53:00,783.1,783.25,783.05,783.15,21301
2026-05-25 12:54:00,783.2,783.2,783.05,783.2,20349
2026-05-25 12:55:00,783.2,783.2,783.15,783.2,22798
2026-05-25 12:56:00,783.15,783.25,783.15,783.25,32554
2026-05-25 12:57:00,783.2,783.35,783.15,783.25,18379
2026-05-25 12:58:00,783.25,783.35,783.05,783.1,57836
2026-05-25 12:59:00,783.2,783.3,783.1,783.15,11188
2026-05-25 13:00:00,783.25,783.3,783.0,783.1,33805
2026-05-25 13:01:00,783.0,783.35,782.9,783.1,110462
2026-05-25 13:02:00,782.95,783.35,782.9,783.35,37962
2026-05-25 13:03:00,783.45,784.7,783.4,784.7,127376
2026-05-25 13:04:00,784.7,784.9,784.2,784.25,60449
2026-05-25 13:05:00,784.35,784.5,784.25,784.45,34128
2026-05-25 13:06:00,784.6,784.8,784.4,784.75,41756
2026-05-25 13:07:00,784.75,784.9,784.7,784.75,31173
2026-05-25 13:08:00,784.7,784.8,784.55,784.7,22619
2026-05-25 13:09:00,784.7,784.9,784.5,784.6,40598
2026-05-25 13:10:00,784.6,784.9,784.6,784.85,62227
2026-05-25 13:11:00,784.85,785.0,784.45,784.75,64564
2026-05-25 13:12:00,784.75,784.95,784.7,784.85,34421
2026-05-25 13:13:00,784.85,784.9,784.65,784.9,30487
2026-05-25 13:14:00,784.9,784.9,784.75,784.9,22912
2026-05-25 13:15:00,784.9,784.9,784.8,784.9,29772
2026-05-25 13:16:00,784.85,784.9,784.6,784.7,52510
2026-05-25 13:17:00,784.7,784.7,784.45,784.6,24792
2026-05-25 13:18:00,784.6,784.75,784.55,784.7,23065
2026-05-25 13:19:00,784.7,784.85,784.65,784.7,37720
2026-05-25 13:20:00,784.75,784.85,784.7,784.8,17575
2026-05-25 13:21:00,784.8,784.8,784.5,784.6,28672
2026-05-25 13:22:00,784.6,784.8,784.6,784.75,54304
2026-05-25 13:23:00,784.75,784.9,784.4,784.4,45408
2026-05-25 13:24:00,784.45,784.5,784.35,784.4,16193
2026-05-25 13:25:00,784.35,784.4,784.3,784.3,18744
2026-05-25 13:26:00,784.3,784.4,784.15,784.25,19936
2026-05-25 13:27:00,784.25,784.9,784.15,784.3,147887
2026-05-25 13:28:00,784.3,784.5,784.15,784.25,75303
2026-05-25 13:29:00,784.25,784.4,784.15,784.4,22475
2026-05-25 13:30:00,784.4,784.4,784.15,784.4,21198
2026-05-25 13:31:00,784.4,784.4,784.1,784.1,31832
2026-05-25 13:32:00,784.1,784.4,784.05,784.15,25397
2026-05-25 13:33:00,784.1,784.2,784.0,784.2,16675
2026-05-25 13:34:00,784.2,784.3,784.15,784.3,22144
2026-05-25 13:35:00,784.35,784.45,784.2,784.25,35406
2026-05-25 13:36:00,784.25,784.25,783.8,784.0,39299
2026-05-25 13:37:00,784.0,784.0,783.75,783.8,25773
2026-05-25 13:38:00,783.75,784.0,783.6,783.8,29784
2026-05-25 13:39:00,783.8,783.9,783.75,783.9,20343
2026-05-25 13:40:00,783.9,783.9,783.5,783.85,35041
2026-05-25 13:41:00,783.8,783.9,783.75,783.85,21823
2026-05-25 13:42:00,783.85,783.9,783.25,783.25,38527
2026-05-25 13:43:00,783.3,783.7,783.25,783.55,58522
2026-05-25 13:44:00,783.55,783.55,783.25,783.45,23314
2026-05-25 13:45:00,783.5,783.6,783.45,783.6,16792
2026-05-25 13:46:00,783.6,783.75,783.6,783.65,28783
2026-05-25 13:47:00,783.7,783.8,783.65,783.8,22061
2026-05-25 13:48:00,783.8,783.9,783.7,783.7,32754
2026-05-25 13:49:00,783.7,783.75,783.6,783.65,19728
2026-05-25 13:50:00,783.65,783.7,783.6,783.7,32738
2026-05-25 13:51:00,783.75,783.85,783.7,783.85,24887
2026-05-25 13:52:00,783.85,783.9,783.8,783.85,18017
2026-05-25 13:53:00,783.85,784.0,783.8,784.0,110625
2026-05-25 13:54:00,784.0,784.0,783.95,784.0,27231
2026-05-25 13:55:00,784.0,784.0,783.95,784.0,36601
2026-05-25 13:56:00,783.95,784.0,783.9,783.9,35224
2026-05-25 13:57:00,783.95,784.0,783.9,783.9,25732
2026-05-25 13:58:00,783.95,783.95,783.5,783.55,58066
2026-05-25 13:59:00,783.5,783.65,783.45,783.6,23011
2026-05-25 14:00:00,783.6,783.65,783.4,783.6,19850
2026-05-25 14:01:00,783.55,783.6,783.35,783.55,23251
2026-05-25 14:02:00,783.55,784.0,783.55,784.0,18876
2026-05-25 14:03:00,784.0,784.35,783.85,784.35,83442
2026-05-25 14:04:00,784.45,784.95,784.4,784.7,283786
2026-05-25 14:05:00,784.7,784.85,784.6,784.85,28037
2026-05-25 14:06:00,784.8,784.85,784.3,784.4,46910
2026-05-25 14:07:00,784.4,784.5,784.3,784.45,29500
2026-05-25 14:08:00,784.45,784.6,784.4,784.5,29194
2026-05-25 14:09:00,784.5,784.55,784.3,784.35,22182
2026-05-25 14:10:00,784.35,784.55,784.25,784.45,32904
2026-05-25 14:11:00,784.4,784.5,784.35,784.4,31730
2026-05-25 14:12:00,784.45,784.55,784.3,784.5,35504
2026-05-25 14:13:00,784.5,784.6,784.15,784.25,38493
2026-05-25 14:14:00,784.35,784.4,783.95,784.0,127144
2026-05-25 14:15:00,784.0,784.0,783.65,783.85,158197
2026-05-25 14:16:00,783.85,783.9,783.5,783.5,101817
2026-05-25 14:17:00,783.8,784.0,783.8,783.9,47967
2026-05-25 14:18:00,783.9,783.9,783.45,783.45,213574
2026-05-25 14:19:00,783.5,783.9,782.95,782.95,222310
2026-05-25 14:20:00,783.0,783.0,782.95,783.0,25987
2026-05-25 14:21:00,783.0,783.65,782.95,783.45,83018
2026-05-25 14:22:00,783.55,783.75,783.35,783.55,28945
2026-05-25 14:23:00,783.55,783.7,783.3,783.55,25307
2026-05-25 14:24:00,783.55,783.55,783.45,783.5,26398
2026-05-25 14:25:00,783.45,783.9,783.45,783.75,40815
2026-05-25 14:26:00,783.8,784.2,783.75,784.15,29406
2026-05-25 14:27:00,784.25,784.3,784.05,784.2,26760
2026-05-25 14:28:00,784.15,784.2,784.0,784.05,24629
2026-05-25 14:29:00,784.15,784.3,784.0,784.25,24537
2026-05-25 14:30:00,784.25,784.8,784.25,784.75,99774
2026-05-25 14:31:00,784.8,785.3,784.8,785.2,177122
2026-05-25 14:32:00,785.2,785.2,785.05,785.15,28972
2026-05-25 14:33:00,785.1,785.4,785.05,785.35,47510
2026-05-25 14:34:00,785.35,785.5,785.35,785.45,35686
2026-05-25 14:35:00,785.45,785.9,785.45,785.8,82774
2026-05-25 14:36:00,785.8,785.9,785.8,785.9,40484
2026-05-25 14:37:00,785.85,785.95,785.45,785.6,61889
2026-05-25 14:38:00,785.7,786.0,785.55,786.0,121183
2026-05-25 14:39:00,785.85,786.5,785.75,786.05,135443
2026-05-25 14:40:00,786.2,786.45,786.0,786.05,53163
2026-05-25 14:41:00,786.0,786.4,786.0,786.3,44006
2026-05-25 14:42:00,786.45,786.5,786.3,786.5,54049
2026-05-25 14:43:00,786.5,786.6,786.25,786.35,40513
2026-05-25 14:44:00,786.3,786.55,786.3,786.5,46270
2026-05-25 14:45:00,786.4,786.65,786.4,786.65,52787
2026-05-25 14:46:00,786.65,787.4,786.65,787.35,151481
2026-05-25 14:47:00,787.1,787.7,787.1,787.6,89873
2026-05-25 14:48:00,787.6,787.7,787.3,787.3,63330
2026-05-25 14:49:00,787.5,787.55,787.0,787.05,62412
2026-05-25 14:50:00,786.85,787.0,786.7,786.8,51943
2026-05-25 14:51:00,786.85,786.95,786.6,786.65,50041
2026-05-25 14:52:00,786.65,786.85,786.35,786.7,45700
2026-05-25 14:53:00,786.35,786.8,786.35,786.7,53529
2026-05-25 14:54:00,786.65,786.95,786.4,786.95,75212
2026-05-25 14:55:00,786.9,787.0,786.75,786.95,177328
2026-05-25 14:56:00,786.95,787.1,786.75,787.0,60781
2026-05-25 14:57:00,787.0,787.2,786.8,787.05,81199
2026-05-25 14:58:00,787.0,787.15,786.75,786.95,83659
2026-05-25 14:59:00,786.65,787.0,786.5,786.85,73635
2026-05-25 15:00:00,786.85,786.85,786.5,786.5,80581
2026-05-25 15:01:00,786.6,786.95,786.5,786.95,91422
2026-05-25 15:02:00,786.9,787.1,786.65,787.0,117184
2026-05-25 15:03:00,786.9,787.1,786.55,786.9,84500
2026-05-25 15:04:00,786.85,787.0,786.65,786.75,76253
2026-05-25 15:05:00,786.75,786.8,786.4,786.5,87249
2026-05-25 15:06:00,786.5,786.7,786.3,786.45,109591
2026-05-25 15:07:00,786.35,786.7,786.3,786.5,86389
2026-05-25 15:08:00,786.6,786.7,786.05,786.25,88000
2026-05-25 15:09:00,786.25,786.65,786.25,786.6,87696
2026-05-25 15:10:00,786.5,786.9,786.45,786.7,94598
2026-05-25 15:11:00,786.45,786.85,786.45,786.85,80730
2026-05-25 15:12:00,786.85,787.0,786.75,786.95,104948
2026-05-25 15:13:00,787.0,787.15,786.8,787.0,127467
2026-05-25 15:14:00,787.0,787.3,786.9,787.0,111242
2026-05-25 15:15:00,787.0,787.1,786.4,786.8,106262
2026-05-25 15:16:00,786.8,787.0,786.55,787.0,90478
2026-05-25 15:17:00,787.0,787.0,786.5,786.8,104546
2026-05-25 15:18:00,786.8,787.2,786.55,786.75,124844
2026-05-25 15:19:00,786.75,786.8,785.85,786.5,136050
2026-05-25 15:20:00,786.5,786.75,786.1,786.5,100162
2026-05-25 15:21:00,786.4,786.9,786.3,786.85,131898
2026-05-25 15:22:00,786.85,786.95,786.55,786.75,122138
2026-05-25 15:23:00,786.75,786.9,786.45,786.6,88820
2026-05-25 15:24:00,786.65,787.0,786.5,786.85,117671
2026-05-25 15:25:00,786.85,787.0,786.1,786.95,149998
2026-05-25 15:26:00,786.95,787.5,786.8,787.25,112206
2026-05-25 15:27:00,787.4,787.8,787.2,787.5,144395
2026-05-25 15:28:00,787.6,787.8,787.3,787.75,150292
2026-05-25 15:29:00,787.7,787.8,787.0,787.1,103683
2026-05-26 09:15:00,784.4,786.15,784.3,784.9,0
2026-05-26 09:16:00,785.0,786.45,785.0,786.4,228372
2026-05-26 09:17:00,786.4,786.8,786.15,786.35,168036
2026-05-26 09:18:00,786.45,787.3,786.3,787.25,102792
2026-05-26 09:19:00,787.4,788.25,787.2,788.25,161151
2026-05-26 09:20:00,788.2,788.65,788.2,788.5,69146
2026-05-26 09:21:00,788.55,788.55,787.95,788.1,128312
2026-05-26 09:22:00,788.15,788.5,788.0,788.0,60396
2026-05-26 09:23:00,788.0,788.3,787.55,788.3,51910
2026-05-26 09:24:00,788.3,788.5,787.1,787.1,193919
2026-05-26 09:25:00,787.1,787.2,786.7,786.7,139227
2026-05-26 09:26:00,786.7,787.1,786.55,787.1,80354
2026-05-26 09:27:00,787.1,787.85,786.9,787.8,82849
2026-05-26 09:28:00,787.8,788.2,787.6,787.8,61064
2026-05-26 09:29:00,787.95,788.25,787.8,787.9,82452
2026-05-26 09:30:00,787.95,788.0,787.85,788.0,59462
2026-05-26 09:31:00,788.0,788.45,787.95,788.1,52439
2026-05-26 09:32:00,788.1,788.8,787.9,788.55,64126
2026-05-26 09:33:00,788.7,789.3,788.5,789.25,83695
2026-05-26 09:34:00,789.35,789.9,789.15,789.5,151618
2026-05-26 09:35:00,789.55,789.6,789.0,789.05,59873
2026-05-26 09:36:00,789.4,789.7,789.05,789.6,53678
2026-05-26 09:37:00,789.65,790.7,789.55,790.5,153710
2026-05-26 09:38:00,790.7,790.8,790.4,790.65,78109
2026-05-26 09:39:00,790.65,790.75,789.7,789.9,106320
2026-05-26 09:40:00,789.85,790.3,789.55,789.55,74042
2026-05-26 09:41:00,789.6,789.75,789.0,789.0,42367
2026-05-26 09:42:00,789.0,789.0,788.15,788.5,77938
2026-05-26 09:43:00,788.35,789.05,788.35,788.55,74952
2026-05-26 09:44:00,788.9,789.3,788.55,789.05,32335
2026-05-26 09:45:00,789.25,789.25,788.95,788.95,35486
2026-05-26 09:46:00,788.95,788.95,788.5,788.6,73975
2026-05-26 09:47:00,788.6,788.75,788.5,788.55,25451
2026-05-26 09:48:00,788.5,788.6,788.25,788.25,62418
2026-05-26 09:49:00,788.3,788.75,788.25,788.3,32793
2026-05-26 09:50:00,788.4,788.9,788.4,788.75,37271
2026-05-26 09:51:00,788.8,789.0,788.75,788.75,41865
2026-05-26 09:52:00,788.7,788.7,788.5,788.55,27155
2026-05-26 09:53:00,788.55,789.0,788.55,788.9,32885
2026-05-26 09:54:00,788.95,789.1,787.5,787.5,144430
2026-05-26 09:55:00,787.35,787.9,787.15,787.9,108755
2026-05-26 09:56:00,787.65,787.75,787.25,787.5,83614
2026-05-26 09:57:00,787.45,787.5,787.0,787.0,58461
2026-05-26 09:58:00,787.05,787.1,785.95,785.95,112846
2026-05-26 09:59:00,786.15,786.6,785.75,786.6,61954
2026-05-26 10:00:00,786.25,786.5,786.0,786.4,37110
2026-05-26 10:01:00,786.4,786.4,785.5,786.1,81218
2026-05-26 10:02:00,786.2,786.2,785.8,786.0,64499
2026-05-26 10:03:00,786.0,786.95,785.75,786.95,67887
2026-05-26 10:04:00,786.95,787.5,786.85,787.1,62143
2026-05-26 10:05:00,787.05,787.2,786.2,786.65,109935
2026-05-26 10:06:00,786.6,786.6,786.15,786.2,59021
2026-05-26 10:07:00,786.2,786.85,786.2,786.5,50305
2026-05-26 10:08:00,786.5,787.1,786.5,787.1,31601
2026-05-26 10:09:00,787.1,787.25,787.05,787.2,45686
2026-05-26 10:10:00,787.1,787.5,787.0,787.5,36822
2026-05-26 10:11:00,787.7,787.9,787.5,787.55,44167
2026-05-26 10:12:00,787.55,787.85,787.4,787.55,99367
2026-05-26 10:13:00,787.55,788.0,787.5,787.9,58639
2026-05-26 10:14:00,787.9,788.2,787.7,788.0,34269
2026-05-26 10:15:00,788.0,788.5,787.75,788.35,90486
2026-05-26 10:16:00,788.5,788.55,788.25,788.5,49043
2026-05-26 10:17:00,788.5,788.75,788.05,788.05,84407
2026-05-26 10:18:00,788.1,788.15,787.8,788.0,49918
2026-05-26 10:19:00,788.0,788.1,787.75,788.0,27382
2026-05-26 10:20:00,788.0,788.05,787.6,788.05,53744
2026-05-26 10:21:00,788.05,788.1,787.85,788.05,46133
2026-05-26 10:22:00,788.1,789.0,788.05,789.0,75736
2026-05-26 10:23:00,789.0,789.75,788.8,789.75,202190
2026-05-26 10:24:00,789.75,790.05,789.45,790.0,243140
2026-05-26 10:25:00,789.95,790.15,789.7,789.8,74332
2026-05-26 10:26:00,789.8,790.0,789.8,789.9,52370
2026-05-26 10:27:00,789.85,790.0,789.35,789.4,152019
2026-05-26 10:28:00,789.45,789.7,789.4,789.4,41226
2026-05-26 10:29:00,789.45,789.9,789.4,789.75,58148
2026-05-26 10:30:00,789.65,789.75,789.4,789.4,75391
2026-05-26 10:31:00,789.4,789.4,789.2,789.25,48348
2026-05-26 10:32:00,789.2,789.4,789.05,789.1,46491
2026-05-26 10:33:00,789.15,789.75,789.0,789.6,60286
2026-05-26 10:34:00,789.6,790.15,789.55,789.9,63841
2026-05-26 10:35:00,789.9,790.25,789.9,790.1,61736
2026-05-26 10:36:00,790.15,790.35,790.05,790.05,50649
2026-05-26 10:37:00,790.1,790.25,790.0,790.0,24196
2026-05-26 10:38:00,790.05,790.25,789.95,790.0,53050
2026-05-26 10:39:00,790.15,790.4,790.1,790.35,76621
2026-05-26 10:40:00,790.35,790.55,790.25,790.4,60159
2026-05-26 10:41:00,790.45,790.6,790.25,790.25,55006
2026-05-26 10:42:00,790.4,790.6,790.25,790.25,68739
2026-05-26 10:43:00,790.35,790.45,790.0,790.0,49973
2026-05-26 10:44:00,790.05,790.2,789.55,789.6,150450
2026-05-26 10:45:00,789.85,789.85,789.55,789.65,23101
2026-05-26 10:46:00,789.6,789.95,789.15,789.4,65493
2026-05-26 10:47:00,789.5,789.75,789.5,789.55,21337
2026-05-26 10:48:00,789.55,789.65,789.5,789.6,28316
2026-05-26 10:49:00,789.65,789.65,789.5,789.55,18365
2026-05-26 10:50:00,789.65,789.65,789.05,789.05,38545
2026-05-26 10:51:00,789.25,789.3,789.05,789.05,42917
2026-05-26 10:52:00,789.05,789.3,789.0,789.0,42426
2026-05-26 10:53:00,789.25,789.4,789.0,789.3,42433
2026-05-26 10:54:00,789.3,789.85,789.3,789.65,53318
2026-05-26 10:55:00,789.65,789.7,789.45,789.55,105745
2026-05-26 10:56:00,789.55,790.0,789.35,789.4,77520
2026-05-26 10:57:00,789.65,789.65,789.2,789.2,31214
2026-05-26 10:58:00,789.3,789.85,789.2,789.5,62424
2026-05-26 10:59:00,789.7,789.85,789.25,789.25,48802
2026-05-26 11:00:00,789.15,789.45,789.15,789.15,37604
2026-05-26 11:01:00,789.15,789.5,788.85,789.5,163643
2026-05-26 11:02:00,789.75,789.9,789.6,789.6,118396
2026-05-26 11:03:00,789.6,789.8,789.3,789.3,98066
2026-05-26 11:04:00,789.6,789.6,789.3,789.4,27064
2026-05-26 11:05:00,789.5,789.6,789.15,789.2,43310
2026-05-26 11:06:00,789.25,789.25,788.55,788.75,67402
2026-05-26 11:07:00,788.55,789.1,788.55,788.8,34678
2026-05-26 11:08:00,788.95,789.15,788.85,789.05,20918
2026-05-26 11:09:00,789.15,789.25,789.0,789.2,16245
2026-05-26 11:10:00,789.25,789.5,789.2,789.25,39837
2026-05-26 11:11:00,789.35,789.7,789.2,789.45,40147
2026-05-26 11:12:00,789.45,789.55,789.25,789.45,19360
2026-05-26 11:13:00,789.45,789.8,789.35,789.6,47469
2026-05-26 11:14:00,789.75,789.95,789.45,789.75,30777
2026-05-26 11:15:00,789.55,789.8,789.4,789.7,34668
2026-05-26 11:16:00,789.65,789.7,789.35,789.35,30887
2026-05-26 11:17:00,789.4,789.55,789.2,789.25,37655
2026-05-26 11:18:00,789.2,789.2,788.5,788.55,99658
2026-05-26 11:19:00,788.55,789.0,788.55,788.7,30935
2026-05-26 11:20:00,788.75,788.85,788.6,788.7,15640
2026-05-26 11:21:00,788.7,788.8,788.5,788.55,44922
2026-05-26 11:22:00,788.55,788.65,788.4,788.45,23153
2026-05-26 11:23:00,788.5,788.65,788.35,788.45,29774
2026-05-26 11:24:00,788.5,788.5,787.65,787.7,70082
2026-05-26 11:25:00,787.85,788.2,787.7,787.7,44664
2026-05-26 11:26:00,787.9,788.4,787.8,788.4,18119
2026-05-26 11:27:00,788.4,788.55,788.1,788.15,36321
2026-05-26 11:28:00,788.1,788.7,788.1,788.55,20023
2026-05-26 11:29:00,788.65,788.65,788.2,788.25,17676
2026-05-26 11:30:00,788.35,788.5,787.1,787.1,72713
2026-05-26 11:31:00,787.1,788.1,787.1,787.85,32406
2026-05-26 11:32:00,788.1,788.3,787.75,788.1,19825
2026-05-26 11:33:00,788.25,788.3,787.75,787.9,32660
2026-05-26 11:34:00,787.9,788.4,787.85,788.0,34820
2026-05-26 11:35:00,788.05,788.5,788.05,788.05,23623
2026-05-26 11:36:00,788.1,788.6,788.05,788.6,36894
2026-05-26 11:37:00,788.6,789.0,788.4,788.5,34866
2026-05-26 11:38:00,788.4,790.1,788.4,790.0,484151
2026-05-26 11:39:00,790.0,790.2,790.0,790.15,66577
2026-05-26 11:40:00,790.25,790.35,789.9,790.0,80143
2026-05-26 11:41:00,790.0,790.05,789.85,789.95,51520
2026-05-26 11:42:00,789.85,790.05,789.6,789.7,94639
2026-05-26 11:43:00,789.6,789.85,789.55,789.55,15489
2026-05-26 11:44:00,789.75,789.75,789.45,789.65,23199
2026-05-26 11:45:00,789.65,789.8,789.45,789.45,40812
2026-05-26 11:46:00,789.5,789.5,789.1,789.1,47466
2026-05-26 11:47:00,789.15,789.6,789.15,789.2,34474
2026-05-26 11:48:00,789.2,789.65,789.2,789.65,28691
2026-05-26 11:49:00,789.65,789.75,789.25,789.5,29710
2026-05-26 11:50:00,789.5,789.75,789.5,789.6,30662
2026-05-26 11:51:00,789.75,789.85,789.5,789.6,39028
2026-05-26 11:52:00,789.6,789.8,789.15,789.2,84333
2026-05-26 11:53:00,789.2,789.3,789.0,789.15,66053
2026-05-26 11:54:00,789.25,789.55,789.15,789.25,55197
2026-05-26 11:55:00,789.4,789.55,789.15,789.4,26247
2026-05-26 11:56:00,789.55,789.6,789.1,789.15,26704
2026-05-26 11:57:00,789.25,789.4,789.05,789.25,28407
2026-05-26 11:58:00,789.4,789.5,788.25,788.25,55379
2026-05-26 11:59:00,788.45,788.8,788.2,788.5,25734
2026-05-26 12:00:00,788.5,788.7,787.8,787.8,51954
2026-05-26 12:01:00,787.8,788.0,787.25,787.4,61415
2026-05-26 12:02:00,787.25,787.7,787.1,787.3,60678
2026-05-26 12:03:00,787.2,787.2,786.65,786.9,53737
2026-05-26 12:04:00,786.95,787.75,786.85,787.4,46375
2026-05-26 12:05:00,787.5,787.7,786.8,786.85,40361
2026-05-26 12:06:00,786.95,787.25,786.75,787.25,28415
2026-05-26 12:07:00,787.05,787.65,786.9,787.3,43133
2026-05-26 12:08:00,787.35,787.4,786.5,786.5,59583
2026-05-26 12:09:00,786.55,786.55,785.9,786.05,82553
2026-05-26 12:10:00,786.05,786.8,786.05,786.15,26129
2026-05-26 12:11:00,786.2,786.4,785.95,786.15,46580
2026-05-26 12:12:00,785.7,786.0,785.6,785.85,28400
2026-05-26 12:13:00,785.9,786.15,785.75,785.9,13674
2026-05-26 12:14:00,785.85,785.95,785.65,785.95,29075
2026-05-26 12:15:00,785.7,785.95,785.5,785.5,40780
2026-05-26 12:16:00,785.55,785.7,785.35,785.5,27712
2026-05-26 12:17:00,785.5,785.6,785.3,785.3,33796
2026-05-26 12:18:00,785.4,785.8,785.25,785.5,49732
2026-05-26 12:19:00,785.55,785.6,785.35,785.35,22987
2026-05-26 12:20:00,785.45,785.7,785.4,785.65,53100
2026-05-26 12:21:00,785.65,785.75,785.5,785.55,33930
2026-05-26 12:22:00,785.55,785.7,785.45,785.55,18442
2026-05-26 12:23:00,785.55,785.7,785.45,785.5,38205
2026-05-26 12:24:00,785.45,785.5,785.3,785.3,32421
2026-05-26 12:25:00,785.5,785.5,785.25,785.25,19905
2026-05-26 12:26:00,785.4,785.5,785.2,785.45,16581
2026-05-26 12:27:00,785.45,785.5,785.2,785.2,9991
2026-05-26 12:28:00,785.45,785.5,785.2,785.3,13756
2026-05-26 12:29:00,785.3,785.45,785.0,785.35,78274
2026-05-26 12:30:00,785.2,785.5,785.0,785.5,43269
2026-05-26 12:31:00,785.5,785.5,785.2,785.3,48140
2026-05-26 12:32:00,785.5,785.5,785.05,785.2,30458
2026-05-26 12:33:00,785.2,785.5,785.1,785.25,26202
2026-05-26 12:34:00,785.15,785.5,784.9,785.15,58933
2026-05-26 12:35:00,784.9,785.15,784.5,784.75,34330
2026-05-26 12:36:00,784.75,784.95,784.35,784.45,51344
2026-05-26 12:37:00,784.4,785.2,784.35,785.0,66619
2026-05-26 12:38:00,785.0,785.25,784.85,785.0,23808
2026-05-26 12:39:00,785.25,785.3,785.0,785.0,51794
2026-05-26 12:40:00,785.1,785.25,784.95,785.1,92975
2026-05-26 12:41:00,785.1,785.1,784.65,785.1,215001
2026-05-26 12:42:00,785.1,785.5,785.0,785.0,100461
2026-05-26 12:43:00,785.0,785.4,785.0,785.35,37838
2026-05-26 12:44:00,785.35,785.5,785.0,785.3,16866
2026-05-26 12:45:00,785.3,785.4,785.0,785.2,133059
2026-05-26 12:46:00,785.35,785.35,785.0,785.2,46422
2026-05-26 12:47:00,785.15,785.35,785.0,785.35,80541
2026-05-26 12:48:00,785.15,785.35,785.0,785.15,84121
2026-05-26 12:49:00,785.0,785.7,785.0,785.5,110663
2026-05-26 12:50:00,785.5,785.5,784.9,785.0,189252
2026-05-26 12:51:00,785.05,785.15,783.8,783.9,687204
2026-05-26 12:52:00,783.85,784.05,783.4,783.85,223234
2026-05-26 12:53:00,784.05,784.7,783.65,784.7,127145
2026-05-26 12:54:00,784.7,785.2,784.5,784.85,48882
2026-05-26 12:55:00,784.9,785.0,784.6,784.8,14319
2026-05-26 12:56:00,784.9,785.0,784.3,784.35,21763
2026-05-26 12:57:00,784.55,785.0,784.25,784.8,128556
2026-05-26 12:58:00,784.8,785.45,784.8,785.2,124080
2026-05-26 12:59:00,785.25,785.65,784.7,785.65,137084
2026-05-26 13:00:00,785.4,785.4,783.85,783.9,96809
2026-05-26 13:01:00,783.95,784.3,783.1,783.15,172353
2026-05-26 13:02:00,782.9,783.6,782.7,782.95,108230
2026-05-26 13:03:00,783.3,783.85,782.95,783.2,53239
2026-05-26 13:04:00,783.0,783.65,782.85,783.3,12665
2026-05-26 13:05:00,783.4,783.7,783.1,783.25,16676
2026-05-26 13:06:00,783.2,783.6,783.05,783.15,54332
2026-05-26 13:07:00,782.9,783.85,782.85,783.05,51823
2026-05-26 13:08:00,783.1,783.5,782.85,783.05,20097
2026-05-26 13:09:00,783.05,783.45,782.9,782.9,40314
2026-05-26 13:10:00,782.9,783.35,782.75,782.95,41069
2026-05-26 13:11:00,782.95,783.5,782.95,783.1,51442
2026-05-26 13:12:00,783.3,783.5,783.0,783.1,16716
2026-05-26 13:13:00,783.2,783.5,783.15,783.25,14766
2026-05-26 13:14:00,783.5,783.5,782.8,783.2,26875
2026-05-26 13:15:00,783.2,783.2,782.2,782.6,64499
2026-05-26 13:16:00,782.35,782.8,782.35,782.6,17489
2026-05-26 13:17:00,782.5,783.1,782.5,783.05,20267
2026-05-26 13:18:00,783.05,783.3,782.75,783.15,27176
2026-05-26 13:19:00,783.0,783.5,783.0,783.3,33035
2026-05-26 13:20:00,783.5,783.6,783.0,783.55,21606
2026-05-26 13:21:00,783.4,783.75,783.0,783.3,52563
2026-05-26 13:22:00,783.3,783.8,783.25,783.3,47126
2026-05-26 13:23:00,783.55,783.7,783.05,783.1,61122
2026-05-26 13:24:00,783.1,783.35,782.65,782.85,206210
2026-05-26 13:25:00,782.85,783.25,782.6,782.7,105165
2026-05-26 13:26:00,782.7,783.35,782.55,783.15,71472
2026-05-26 13:27:00,783.55,784.25,783.55,784.25,282512
2026-05-26 13:28:00,784.3,784.4,783.75,784.05,252692
2026-05-26 13:29:00,783.85,784.5,783.45,784.2,106021
2026-05-26 13:30:00,784.35,784.8,783.35,783.35,189011
2026-05-26 13:31:00,783.25,784.4,783.1,784.35,97970
2026-05-26 13:32:00,784.35,784.35,783.2,783.75,97081
2026-05-26 13:33:00,783.75,784.05,783.2,783.3,66325
2026-05-26 13:34:00,783.65,783.65,783.05,783.05,32015
2026-05-26 13:35:00,783.15,783.5,783.05,783.3,14266
2026-05-26 13:36:00,783.15,783.7,783.05,783.4,41173
2026-05-26 13:37:00,783.4,783.65,783.15,783.35,12686
2026-05-26 13:38:00,783.4,783.55,782.75,782.95,83267
2026-05-26 13:39:00,782.75,783.25,782.75,782.75,33645
2026-05-26 13:40:00,782.7,783.3,782.65,783.15,40395
2026-05-26 13:41:00,783.2,783.45,782.7,782.85,84925
2026-05-26 13:42:00,783.55,783.55,782.7,782.75,56330
2026-05-26 13:43:00,783.05,783.5,782.95,783.3,124261
2026-05-26 13:44:00,783.3,783.3,782.15,782.15,77586
2026-05-26 13:45:00,782.15,783.0,782.15,782.75,106385
2026-05-26 13:46:00,782.75,782.85,782.15,782.8,49361
2026-05-26 13:47:00,782.75,782.85,782.2,782.65,73321
2026-05-26 13:48:00,782.8,782.8,782.15,782.6,57447
2026-05-26 13:49:00,782.4,782.8,782.0,782.8,53419
2026-05-26 13:50:00,782.8,782.9,782.1,782.2,79494
2026-05-26 13:51:00,782.5,782.5,782.0,782.0,41575
2026-05-26 13:52:00,782.0,782.05,781.55,781.55,51837
2026-05-26 13:53:00,781.6,781.9,781.35,781.6,42153
2026-05-26 13:54:00,781.7,782.25,781.5,781.85,156359
2026-05-26 13:55:00,781.85,782.05,781.3,781.3,32177
2026-05-26 13:56:00,781.3,781.6,781.05,781.3,85211
2026-05-26 13:57:00,781.35,781.6,781.0,781.3,40152
2026-05-26 13:58:00,781.6,781.6,781.2,781.2,17699
2026-05-26 13:59:00,781.2,781.45,781.0,781.15,20345
2026-05-26 14:00:00,781.3,781.35,780.85,781.0,26428
2026-05-26 14:01:00,781.0,781.0,780.5,780.7,21773
2026-05-26 14:02:00,780.9,781.0,780.6,780.85,18776
2026-05-26 14:03:00,780.6,780.9,780.5,780.65,30746
2026-05-26 14:04:00,780.6,780.9,780.5,780.65,140394
2026-05-26 14:05:00,780.85,781.25,780.4,781.25,50338
2026-05-26 14:06:00,781.3,781.6,780.85,781.4,51220
2026-05-26 14:07:00,781.6,781.85,781.15,781.15,155114
2026-05-26 14:08:00,781.55,782.25,781.3,782.05,105302
2026-05-26 14:09:00,782.25,782.25,780.5,780.5,91740
2026-05-26 14:10:00,780.5,780.65,779.55,779.6,412463
2026-05-26 14:11:00,779.65,780.2,779.65,779.85,181064
2026-05-26 14:12:00,780.2,780.8,780.15,780.55,22784
2026-05-26 14:13:00,780.5,780.6,779.7,780.2,49983
2026-05-26 14:14:00,780.2,780.5,779.85,780.45,27012
2026-05-26 14:15:00,780.55,780.9,780.5,780.5,18432
2026-05-26 14:16:00,780.6,780.6,779.8,779.8,21552
2026-05-26 14:17:00,779.9,780.45,779.7,780.35,73133
2026-05-26 14:18:00,780.4,780.5,779.8,779.9,23050
2026-05-26 14:19:00,779.9,780.9,779.9,780.65,76262
2026-05-26 14:20:00,780.65,780.9,780.05,780.55,69738
2026-05-26 14:21:00,780.65,780.9,780.15,780.45,35542
2026-05-26 14:22:00,780.3,781.25,780.25,781.25,70669
2026-05-26 14:23:00,781.1,781.75,780.85,781.2,90483
2026-05-26 14:24:00,781.1,781.45,781.1,781.45,95129
2026-05-26 14:25:00,781.45,781.65,781.3,781.6,56943
2026-05-26 14:26:00,781.8,781.9,781.3,781.7,150216
2026-05-26 14:27:00,781.6,781.6,779.9,779.9,101161
2026-05-26 14:28:00,780.1,780.15,779.55,779.9,202343
2026-05-26 14:29:00,779.7,781.05,779.7,781.0,75383
2026-05-26 14:30:00,780.85,781.25,780.25,781.1,69237
2026-05-26 14:31:00,781.15,781.3,780.75,781.2,142527
2026-05-26 14:32:00,781.2,781.45,780.8,781.25,201158
2026-05-26 14:33:00,781.15,781.85,780.95,781.05,162577
2026-05-26 14:34:00,781.0,781.0,779.85,780.05,93738
2026-05-26 14:35:00,780.2,780.2,779.05,779.25,242737
2026-05-26 14:36:00,779.25,779.35,778.85,779.0,424211
2026-05-26 14:37:00,779.15,779.3,778.75,778.8,99817
2026-05-26 14:38:00,779.1,779.2,778.8,778.9,50125
2026-05-26 14:39:00,778.9,779.2,778.65,778.8,72873
2026-05-26 14:40:00,778.8,778.85,778.0,778.3,83902
2026-05-26 14:41:00,778.0,778.3,778.0,778.0,51885
2026-05-26 14:42:00,778.15,778.15,777.75,777.9,91545
2026-05-26 14:43:00,777.75,778.25,777.65,778.05,72177
2026-05-26 14:44:00,778.0,778.35,777.75,777.9,71561
2026-05-26 14:45:00,778.05,778.7,777.6,778.35,33068
2026-05-26 14:46:00,778.25,778.85,778.2,778.5,82886
2026-05-26 14:47:00,778.4,778.65,778.35,778.4,25379
2026-05-26 14:48:00,778.35,778.6,778.2,778.2,30746
2026-05-26 14:49:00,778.3,778.65,778.15,778.15,52031
2026-05-26 14:50:00,778.35,778.45,777.75,777.9,36811
2026-05-26 14:51:00,777.95,778.6,777.8,778.05,47580
2026-05-26 14:52:00,778.05,778.6,778.05,778.6,20700
2026-05-26 14:53:00,778.3,778.65,778.25,778.6,21920
2026-05-26 14:54:00,778.4,778.65,778.2,778.45,27882
2026-05-26 14:55:00,778.5,778.75,778.25,778.7,55022
2026-05-26 14:56:00,778.7,779.4,778.7,779.4,42449
2026-05-26 14:57:00,779.15,779.45,779.1,779.45,29171
2026-05-26 14:58:00,779.4,780.0,779.35,779.35,50373
2026-05-26 14:59:00,779.35,779.85,779.35,779.75,27533
2026-05-26 15:00:00,779.6,779.6,778.9,779.25,104726
2026-05-26 15:01:00,779.3,779.4,778.8,778.8,83814
2026-05-26 15:02:00,778.8,779.55,778.8,779.3,380691
2026-05-26 15:03:00,779.55,780.65,778.8,778.8,539412
2026-05-26 15:04:00,778.05,779.1,778.0,779.1,411344
2026-05-26 15:05:00,779.1,779.3,778.05,778.25,261943
2026-05-26 15:06:00,778.1,778.1,776.95,777.45,675757
2026-05-26 15:07:00,777.45,778.8,776.85,778.8,441344
2026-05-26 15:08:00,778.8,779.4,778.75,779.35,520660
2026-05-26 15:09:00,779.25,780.4,779.15,780.4,757346
2026-05-26 15:10:00,780.1,780.35,778.0,778.05,564230
2026-05-26 15:11:00,778.05,778.6,777.7,778.4,384391
2026-05-26 15:12:00,778.4,779.0,778.2,778.45,194726
2026-05-26 15:13:00,778.4,778.95,778.4,778.8,68462
2026-05-26 15:14:00,778.8,779.0,778.75,778.9,82564
2026-05-26 15:15:00,778.95,779.1,778.75,778.95,137427
2026-05-26 15:16:00,779.0,779.1,778.9,778.9,95152
2026-05-26 15:17:00,778.95,779.1,778.95,779.1,73486
2026-05-26 15:18:00,779.1,779.35,779.0,779.05,108129
2026-05-26 15:19:00,779.05,779.1,778.5,779.1,170080
2026-05-26 15:20:00,779.1,779.2,779.0,779.1,110223
2026-05-26 15:21:00,779.25,779.7,779.25,779.55,155286
2026-05-26 15:22:00,779.6,779.95,779.55,779.85,112166
2026-05-26 15:23:00,779.9,780.2,779.85,780.05,113020
2026-05-26 15:24:00,780.05,780.1,779.7,780.1,108990
2026-05-26 15:25:00,780.1,780.1,779.7,779.8,124267
2026-05-26 15:26:00,779.85,780.2,779.85,780.15,67315
2026-05-26 15:27:00,780.15,780.15,780.0,780.1,90144
2026-05-26 15:28:00,780.1,780.2,780.1,780.2,67366
2026-05-26 15:29:00,780.15,780.95,780.15,780.25,163290
2026-05-27 09:15:00,769.5,771.4,762.55,764.05,0
2026-05-27 09:16:00,764.05,767.6,763.9,767.0,1095403
2026-05-27 09:17:00,766.9,767.45,765.35,767.35,1181485
2026-05-27 09:18:00,767.15,768.55,766.55,767.9,1098500
2026-05-27 09:19:00,767.9,770.4,767.9,770.4,785991
2026-05-27 09:20:00,770.5,771.7,770.45,770.5,363568
2026-05-27 09:21:00,770.05,771.5,770.0,770.5,365172
2026-05-27 09:22:00,770.45,770.8,769.0,769.25,285297
2026-05-27 09:23:00,769.25,769.25,767.2,767.7,319870
2026-05-27 09:24:00,767.9,768.1,766.8,767.75,230036
2026-05-27 09:25:00,767.7,767.7,766.35,767.35,195719
2026-05-27 09:26:00,767.35,767.4,766.4,766.5,116465
2026-05-27 09:27:00,766.5,766.6,766.0,766.45,218046
2026-05-27 09:28:00,766.5,767.2,765.4,765.7,186218
2026-05-27 09:29:00,765.85,765.85,764.9,765.35,311095
2026-05-27 09:30:00,765.3,765.35,764.5,764.95,239720
2026-05-27 09:31:00,764.85,764.95,764.0,764.4,224215
2026-05-27 09:32:00,764.4,764.4,762.65,763.65,383736
2026-05-27 09:33:00,763.8,764.75,763.4,764.65,195893
2026-05-27 09:34:00,764.35,764.75,763.75,763.75,368873
2026-05-27 09:35:00,764.0,764.3,763.5,764.15,359273
2026-05-27 09:36:00,764.15,764.55,763.7,763.7,305428
2026-05-27 09:37:00,763.8,763.95,763.3,763.45,191339
2026-05-27 09:38:00,763.45,764.4,763.4,764.1,99369
2026-05-27 09:39:00,764.1,764.9,764.1,764.85,134223
2026-05-27 09:40:00,764.85,765.5,764.75,765.45,123217
2026-05-27 09:41:00,765.4,765.5,765.0,765.3,148587
2026-05-27 09:42:00,765.4,765.75,764.8,765.7,172196
2026-05-27 09:43:00,765.65,766.5,765.65,765.75,127062
2026-05-27 09:44:00,765.7,766.0,765.55,766.0,121290
2026-05-27 09:45:00,765.85,765.85,763.4,764.25,349711
2026-05-27 09:46:00,763.75,764.2,763.75,763.95,105228
2026-05-27 09:47:00,764.0,764.7,764.0,764.55,87605
2026-05-27 09:48:00,764.5,764.6,764.05,764.45,79974
2026-05-27 09:49:00,764.3,764.4,763.8,764.2,182529
2026-05-27 09:50:00,764.25,764.35,764.0,764.2,62527
2026-05-27 09:51:00,764.1,764.1,763.7,764.0,94339
2026-05-27 09:52:00,764.0,764.35,763.75,764.15,52205
2026-05-27 09:53:00,764.15,764.2,763.3,763.55,129803
2026-05-27 09:54:00,763.4,763.7,763.2,763.5,136022
2026-05-27 09:55:00,763.35,763.9,763.35,763.4,119831
2026-05-27 09:56:00,763.45,763.45,763.0,763.0,188938
2026-05-27 09:57:00,763.05,763.2,761.25,761.65,592422
2026-05-27 09:58:00,761.7,762.2,761.7,761.85,106700
2026-05-27 09:59:00,761.9,762.2,761.8,761.95,167497
2026-05-27 10:00:00,761.9,761.95,761.65,761.75,91960
2026-05-27 10:01:00,761.95,761.95,761.55,761.85,84884
2026-05-27 10:02:00,761.85,762.0,761.3,762.0,140675
2026-05-27 10:03:00,762.0,762.3,761.8,761.85,131573
2026-05-27 10:04:00,761.9,762.85,761.7,762.75,208549
2026-05-27 10:05:00,762.9,763.5,762.75,763.5,90563
2026-05-27 10:06:00,763.5,763.75,763.1,763.1,109657
2026-05-27 10:07:00,763.2,763.2,763.0,763.0,91130
2026-05-27 10:08:00,763.0,764.2,762.75,764.15,388085
2026-05-27 10:09:00,764.0,764.2,763.5,763.65,240015
2026-05-27 10:10:00,763.65,763.65,763.3,763.5,134687
2026-05-27 10:11:00,763.5,763.5,763.0,763.35,119758
2026-05-27 10:12:00,763.35,763.5,763.0,763.15,89031
2026-05-27 10:13:00,763.2,763.85,763.0,763.85,121185
2026-05-27 10:14:00,763.85,764.65,763.8,764.5,126596
2026-05-27 10:15:00,764.4,764.4,764.0,764.25,56617
2026-05-27 10:16:00,764.25,764.4,764.1,764.3,69734
2026-05-27 10:17:00,764.25,765.0,764.25,764.95,134413
2026-05-27 10:18:00,764.9,765.0,764.45,764.85,74019
2026-05-27 10:19:00,764.9,764.9,764.5,764.7,62352
2026-05-27 10:20:00,764.7,765.2,764.65,765.2,70786
2026-05-27 10:21:00,765.2,765.2,765.0,765.05,80926
2026-05-27 10:22:00,765.1,765.2,764.75,764.95,208640
2026-05-27 10:23:00,764.95,764.95,764.55,764.7,80248
2026-05-27 10:24:00,764.7,765.3,764.7,765.2,86236
2026-05-27 10:25:00,765.1,765.35,765.1,765.35,48117
2026-05-27 10:26:00,765.35,765.5,765.3,765.35,52737
2026-05-27 10:27:00,765.3,765.45,765.2,765.25,55327
2026-05-27 10:28:00,765.3,765.45,765.1,765.45,119629
2026-05-27 10:29:00,765.45,765.5,765.0,765.15,126495
2026-05-27 10:30:00,765.2,765.2,764.5,764.5,100687
2026-05-27 10:31:00,764.45,764.45,764.1,764.15,68580
2026-05-27 10:32:00,764.15,764.8,764.05,764.15,92457
2026-05-27 10:33:00,764.15,764.4,763.8,763.95,114455
2026-05-27 10:34:00,763.95,764.3,763.85,764.25,44596
2026-05-27 10:35:00,764.25,764.75,764.0,764.2,69107
2026-05-27 10:36:00,764.2,764.35,763.95,764.35,49370
2026-05-27 10:37:00,764.35,765.5,764.35,765.5,173063
2026-05-27 10:38:00,765.5,765.5,764.2,764.55,74801
2026-05-27 10:39:00,764.55,764.6,764.25,764.3,56314
2026-05-27 10:40:00,764.3,764.55,764.25,764.5,34717
2026-05-27 10:41:00,764.55,764.6,764.35,764.45,25204
2026-05-27 10:42:00,764.4,764.4,764.05,764.2,55843
2026-05-27 10:43:00,764.05,764.2,763.75,763.8,56164
2026-05-27 10:44:00,763.7,763.7,763.5,763.65,51432
2026-05-27 10:45:00,763.7,763.7,763.45,763.55,74873
2026-05-27 10:46:00,763.55,763.75,763.2,763.6,103268
2026-05-27 10:47:00,763.75,763.9,763.1,763.65,164287
2026-05-27 10:48:00,763.65,764.0,763.45,763.55,40734
2026-05-27 10:49:00,763.45,764.3,763.4,764.2,80732
2026-05-27 10:50:00,764.25,764.5,763.8,763.9,36876
2026-05-27 10:51:00,763.85,764.6,763.85,764.45,60111
2026-05-27 10:52:00,764.45,764.65,764.3,764.65,41904
2026-05-27 10:53:00,764.75,764.75,764.3,764.45,29093
2026-05-27 10:54:00,764.45,764.85,764.3,764.85,26176
2026-05-27 10:55:00,764.85,765.0,764.75,764.9,56648
2026-05-27 10:56:00,764.9,764.95,764.25,764.25,53768
2026-05-27 10:57:00,764.2,764.2,763.75,764.15,295465
2026-05-27 10:58:00,764.15,764.35,763.8,764.05,58412
2026-05-27 10:59:00,764.05,764.6,763.85,764.55,60431
2026-05-27 11:00:00,764.3,764.5,764.15,764.25,17655
2026-05-27 11:01:00,764.35,764.4,764.1,764.1,48651
2026-05-27 11:02:00,764.15,764.15,764.0,764.15,18685
2026-05-27 11:03:00,764.15,764.3,764.0,764.3,51856
2026-05-27 11:04:00,764.45,764.5,764.0,764.15,29878
2026-05-27 11:05:00,764.15,764.2,764.0,764.05,49860
2026-05-27 11:06:00,764.2,764.85,763.95,764.85,75100
2026-05-27 11:07:00,764.85,765.0,764.15,764.35,49790
2026-05-27 11:08:00,764.35,765.0,764.25,764.8,69906
2026-05-27 11:09:00,764.75,764.85,764.45,764.75,68283
2026-05-27 11:10:00,764.75,764.95,764.6,764.85,24039
2026-05-27 11:11:00,764.85,764.85,764.5,764.6,30702
2026-05-27 11:12:00,764.55,765.0,764.55,765.0,97427
2026-05-27 11:13:00,765.0,765.25,764.85,765.25,64316
2026-05-27 11:14:00,765.25,765.45,765.05,765.3,40031
2026-05-27 11:15:00,765.3,765.3,765.0,765.15,28468
2026-05-27 11:16:00,765.25,765.25,765.0,765.05,23641
2026-05-27 11:17:00,765.05,765.3,765.0,765.3,42381
2026-05-27 11:18:00,765.3,765.9,765.1,765.8,119781
2026-05-27 11:19:00,765.8,765.95,765.6,765.85,50933
2026-05-27 11:20:00,765.85,766.2,765.75,766.05,126498
2026-05-27 11:21:00,766.05,766.1,765.8,766.0,50409
2026-05-27 11:22:00,765.95,765.95,765.7,765.8,32432
2026-05-27 11:23:00,765.75,765.95,765.6,765.8,48838
2026-05-27 11:24:00,765.9,766.15,765.85,766.0,152284
2026-05-27 11:25:00,766.0,766.05,765.9,766.0,74064
2026-05-27 11:26:00,766.0,766.0,765.55,765.6,33043
2026-05-27 11:27:00,765.6,765.7,765.5,765.7,50831
2026-05-27 11:28:00,765.65,765.75,765.5,765.7,31648
2026-05-27 11:29:00,765.7,765.7,765.5,765.6,32606
2026-05-27 11:30:00,765.6,765.7,765.5,765.6,46490
2026-05-27 11:31:00,765.6,765.75,765.55,765.65,34859
2026-05-27 11:32:00,765.65,765.65,765.2,765.45,65759
2026-05-27 11:33:00,765.45,765.65,765.2,765.5,110526
2026-05-27 11:34:00,765.45,765.6,765.0,765.2,120679
2026-05-27 11:35:00,765.2,765.25,765.0,765.25,90772
2026-05-27 11:36:00,765.25,765.25,764.8,765.2,48825
2026-05-27 11:37:00,765.2,765.2,764.1,764.1,46132
2026-05-27 11:38:00,764.25,764.35,764.0,764.15,86231
2026-05-27 11:39:00,764.2,764.2,764.05,764.1,50025
2026-05-27 11:40:00,764.05,764.3,764.05,764.15,55896
2026-05-27 11:41:00,764.2,764.5,764.05,764.45,56186
2026-05-27 11:42:00,764.5,764.5,764.15,764.25,49191
2026-05-27 11:43:00,764.2,764.4,764.05,764.3,90644
2026-05-27 11:44:00,764.3,764.3,764.05,764.05,37510
2026-05-27 11:45:00,764.1,764.1,764.05,764.1,45208
2026-05-27 11:46:00,764.1,764.15,764.05,764.15,92085
2026-05-27 11:47:00,764.1,764.15,764.05,764.1,150693
2026-05-27 11:48:00,764.15,764.15,763.4,763.5,190699
2026-05-27 11:49:00,763.45,763.6,763.4,763.45,163558
2026-05-27 11:50:00,763.6,763.7,763.4,763.7,52139
2026-05-27 11:51:00,763.7,763.85,763.5,763.8,48329
2026-05-27 11:52:00,763.75,763.9,763.55,763.6,71097
2026-05-27 11:53:00,763.6,763.9,763.5,763.7,93336
2026-05-27 11:54:00,763.7,763.9,763.5,763.7,49759
2026-05-27 11:55:00,763.7,763.7,763.45,763.5,105448
2026-05-27 11:56:00,763.5,763.95,763.45,763.75,80550
2026-05-27 11:57:00,763.7,763.9,763.5,763.85,64848
2026-05-27 11:58:00,763.75,763.85,763.2,763.35,72777
2026-05-27 11:59:00,763.35,763.4,763.1,763.3,57936
2026-05-27 12:00:00,763.3,763.4,763.05,763.15,68971
2026-05-27 12:01:00,763.15,763.3,762.8,762.8,212729
2026-05-27 12:02:00,762.75,762.75,762.2,762.3,106840
2026-05-27 12:03:00,762.25,762.8,762.2,762.8,59644
2026-05-27 12:04:00,762.8,762.8,762.25,762.35,57750
2026-05-27 12:05:00,762.35,762.4,762.1,762.3,74494
2026-05-27 12:06:00,762.25,762.4,762.0,762.05,87890
2026-05-27 12:07:00,762.05,762.1,761.7,761.85,186358
2026-05-27 12:08:00,761.9,761.9,761.55,761.65,109141
2026-05-27 12:09:00,761.6,762.7,761.6,762.15,215252
2026-05-27 12:10:00,762.15,762.15,761.6,761.75,119834
2026-05-27 12:11:00,761.75,762.0,761.35,762.0,107505
2026-05-27 12:12:00,762.0,762.0,761.65,761.75,96732
2026-05-27 12:13:00,761.7,761.75,761.5,761.55,72419
2026-05-27 12:14:00,761.55,762.0,761.5,761.7,111745
2026-05-27 12:15:00,761.7,762.1,761.7,761.8,128077
2026-05-27 12:16:00,761.8,761.95,761.65,761.9,70155
2026-05-27 12:17:00,761.85,762.3,761.65,762.1,89093
2026-05-27 12:18:00,762.1,762.15,761.9,762.05,174174
2026-05-27 12:19:00,762.05,762.35,761.85,761.95,201184
2026-05-27 12:20:00,761.9,761.95,761.7,761.75,101366
2026-05-27 12:21:00,761.7,761.7,761.25,761.5,399082
2026-05-27 12:22:00,761.65,762.0,761.4,761.8,108269
2026-05-27 12:23:00,761.8,761.95,761.8,761.9,32928
2026-05-27 12:24:00,761.8,761.85,761.4,761.55,71368
2026-05-27 12:25:00,761.55,761.65,761.05,761.05,244143
2026-05-27 12:26:00,761.25,761.45,761.05,761.05,317008
2026-05-27 12:27:00,761.15,761.35,760.95,761.05,307187
2026-05-27 12:28:00,761.05,761.5,761.05,761.2,128573
2026-05-27 12:29:00,761.0,761.15,760.55,760.7,89504
2026-05-27 12:30:00,760.6,760.85,760.5,760.85,84416
2026-05-27 12:31:00,760.85,761.0,760.8,761.0,64850
2026-05-27 12:32:00,761.0,761.4,760.9,761.4,57517
2026-05-27 12:33:00,761.4,761.4,761.0,761.3,49476
2026-05-27 12:34:00,761.3,761.3,761.0,761.15,53776
2026-05-27 12:35:00,761.15,761.15,761.0,761.15,60022
2026-05-27 12:36:00,761.15,761.35,761.1,761.35,48349
2026-05-27 12:37:00,761.35,761.9,761.3,761.9,90973
2026-05-27 12:38:00,762.05,762.15,761.85,762.1,86446
2026-05-27 12:39:00,762.0,762.05,761.55,761.75,64266
2026-05-27 12:40:00,761.75,761.85,761.5,761.75,41579
2026-05-27 12:41:00,761.75,761.75,761.5,761.75,54496
2026-05-27 12:42:00,761.75,762.1,761.75,762.0,78821
2026-05-27 12:43:00,761.95,762.1,761.8,762.1,69346
2026-05-27 12:44:00,762.1,762.25,762.0,762.25,51088
2026-05-27 12:45:00,762.25,762.25,762.05,762.2,36904
2026-05-27 12:46:00,762.15,762.2,761.95,762.05,46233
2026-05-27 12:47:00,762.05,762.05,761.55,761.55,69747
2026-05-27 12:48:00,761.75,762.1,761.55,762.1,57532
2026-05-27 12:49:00,762.0,762.15,761.75,761.75,42030
2026-05-27 12:50:00,761.75,761.8,761.1,761.2,76434
2026-05-27 12:51:00,761.35,761.35,760.75,760.8,102150
2026-05-27 12:52:00,760.7,760.8,760.6,760.8,60797
2026-05-27 12:53:00,760.8,760.8,760.6,760.7,88505
2026-05-27 12:54:00,760.7,760.8,760.6,760.8,44235
2026-05-27 12:55:00,760.8,760.8,760.2,760.3,138163
2026-05-27 12:56:00,760.3,760.4,760.0,760.0,491269
2026-05-27 12:57:00,760.2,760.2,759.95,760.15,177994
2026-05-27 12:58:00,760.2,760.2,760.0,760.05,46956
2026-05-27 12:59:00,760.0,760.1,759.5,759.55,118639
2026-05-27 13:00:00,759.75,759.75,759.5,759.7,43893
2026-05-27 13:01:00,759.7,759.7,759.2,759.7,112927
2026-05-27 13:02:00,759.8,760.0,759.35,759.35,190095
2026-05-27 13:03:00,759.35,759.55,759.25,759.3,101879
2026-05-27 13:04:00,759.35,759.8,759.1,759.6,134417
2026-05-27 13:05:00,759.6,759.7,759.0,759.15,130352
2026-05-27 13:06:00,759.15,759.45,759.0,759.4,143295
2026-05-27 13:07:00,759.4,760.2,759.35,759.8,276651
2026-05-27 13:08:00,759.75,759.8,759.3,759.35,113556
2026-05-27 13:09:00,759.35,759.35,758.2,758.45,225996
2026-05-27 13:10:00,758.4,760.0,758.4,759.45,795766
2026-05-27 13:11:00,759.45,759.5,759.0,759.1,52759
2026-05-27 13:12:00,759.1,759.4,758.8,759.3,65699
2026-05-27 13:13:00,759.3,759.5,758.9,758.95,89650
2026-05-27 13:14:00,759.0,759.15,758.6,758.95,64988
2026-05-27 13:15:00,758.75,759.5,758.5,759.45,107057
2026-05-27 13:16:00,759.4,759.7,759.1,759.7,80955
2026-05-27 13:17:00,759.6,760.25,759.1,759.2,162233
2026-05-27 13:18:00,759.15,759.5,759.1,759.4,70688
2026-05-27 13:19:00,759.25,759.8,759.15,759.25,98174
2026-05-27 13:20:00,759.15,759.8,758.45,759.8,195088
2026-05-27 13:21:00,759.8,759.8,759.1,759.35,72091
2026-05-27 13:22:00,759.35,759.6,759.05,759.6,52286
2026-05-27 13:23:00,759.55,759.85,759.25,759.35,69229
2026-05-27 13:24:00,759.6,759.75,759.25,759.6,61616
2026-05-27 13:25:00,759.4,759.75,759.05,759.75,55905
2026-05-27 13:26:00,759.55,759.8,759.45,759.55,98439
2026-05-27 13:27:00,759.5,759.95,759.45,759.45,87044
2026-05-27 13:28:00,759.4,759.45,758.7,758.9,125876
2026-05-27 13:29:00,758.75,759.5,758.7,759.5,93639
2026-05-27 13:30:00,759.4,759.6,759.35,759.45,70213
2026-05-27 13:31:00,759.5,759.75,759.35,759.75,67282
2026-05-27 13:32:00,759.6,759.75,759.4,759.45,62862
2026-05-27 13:33:00,759.4,759.8,759.4,759.8,95272
2026-05-27 13:34:00,759.75,760.25,759.75,760.25,135703
2026-05-27 13:35:00,760.2,760.95,760.2,760.95,308968
2026-05-27 13:36:00,760.9,761.2,760.0,760.2,199367
2026-05-27 13:37:00,760.15,760.2,759.85,759.95,83950
2026-05-27 13:38:00,759.8,760.7,759.75,760.15,115422
2026-05-27 13:39:00,760.4,760.7,759.95,760.6,142301
2026-05-27 13:40:00,760.55,760.85,760.15,760.35,106020
2026-05-27 13:41:00,760.25,760.5,759.7,759.9,78418
2026-05-27 13:42:00,759.95,759.95,759.1,759.2,226748
2026-05-27 13:43:00,759.1,759.75,759.1,759.55,318645
2026-05-27 13:44:00,759.5,759.6,759.25,759.3,50845
2026-05-27 13:45:00,759.3,759.3,758.6,758.7,234293
2026-05-27 13:46:00,758.65,759.45,758.55,759.0,161213
2026-05-27 13:47:00,758.95,759.55,758.9,759.5,60433
2026-05-27 13:48:00,759.5,759.65,759.0,759.2,49601
2026-05-27 13:49:00,759.2,759.2,758.7,758.85,48921
2026-05-27 13:50:00,758.85,759.0,758.6,758.95,50200
2026-05-27 13:51:00,758.95,759.0,758.8,759.0,40570
2026-05-27 13:52:00,758.9,759.0,758.8,759.0,95925
2026-05-27 13:53:00,758.95,759.5,758.95,759.4,69694
2026-05-27 13:54:00,759.3,759.6,759.3,759.55,52412
2026-05-27 13:55:00,759.55,759.7,759.5,759.6,83098
2026-05-27 13:56:00,759.55,759.7,759.3,759.5,67802
2026-05-27 13:57:00,759.55,759.55,759.4,759.55,68190
2026-05-27 13:58:00,759.5,759.7,759.5,759.7,79074
2026-05-27 13:59:00,759.7,759.7,759.35,759.35,122197
2026-05-27 14:00:00,759.5,759.8,759.3,759.6,148082
2026-05-27 14:01:00,759.5,759.8,759.5,759.5,99685
2026-05-27 14:02:00,759.55,759.95,759.35,759.95,156270
2026-05-27 14:03:00,759.95,760.35,759.55,760.05,149365
2026-05-27 14:04:00,760.25,760.3,759.85,760.15,141421
2026-05-27 14:05:00,760.0,760.4,759.95,760.3,85927
2026-05-27 14:06:00,760.3,760.4,759.9,760.4,170572
2026-05-27 14:07:00,760.35,760.75,760.35,760.5,143995
2026-05-27 14:08:00,760.55,761.0,760.15,761.0,199936
2026-05-27 14:09:00,761.0,761.15,760.3,760.5,128389
2026-05-27 14:10:00,760.45,760.45,760.1,760.1,93988
2026-05-27 14:11:00,760.05,760.2,760.0,760.2,91757
2026-05-27 14:12:00,760.15,760.2,759.75,759.95,153822
2026-05-27 14:13:00,759.85,759.85,759.2,759.45,89869
2026-05-27 14:14:00,759.4,759.5,759.3,759.4,69693
2026-05-27 14:15:00,759.35,759.65,759.1,759.6,107867
2026-05-27 14:16:00,759.6,759.85,759.0,759.25,214644
2026-05-27 14:17:00,759.25,759.7,759.25,759.4,306010
2026-05-27 14:18:00,759.6,759.65,759.25,759.25,113952
2026-05-27 14:19:00,759.35,760.05,759.25,759.45,141959
2026-05-27 14:20:00,759.25,759.5,759.2,759.45,81962
2026-05-27 14:21:00,759.5,759.85,759.4,759.75,151694
2026-05-27 14:22:00,759.8,760.55,759.75,760.45,342739
2026-05-27 14:23:00,760.45,761.2,760.35,760.8,261135
2026-05-27 14:24:00,760.8,761.5,760.75,761.45,257999
2026-05-27 14:25:00,761.45,761.45,760.35,760.55,225909
2026-05-27 14:26:00,760.55,760.65,759.8,759.9,526898
2026-05-27 14:27:00,759.9,760.0,759.35,759.6,467859
2026-05-27 14:28:00,759.85,759.95,759.25,759.65,467180
2026-05-27 14:29:00,759.6,759.7,759.05,759.4,185733
2026-05-27 14:30:00,759.1,759.55,759.1,759.35,98139
2026-05-27 14:31:00,759.45,759.45,758.95,759.1,133637
2026-05-27 14:32:00,759.1,759.1,758.6,758.65,134668
2026-05-27 14:33:00,758.6,759.05,758.6,758.9,124798
2026-05-27 14:34:00,758.7,758.95,758.55,758.75,97277
2026-05-27 14:35:00,758.55,758.9,758.55,758.7,160598
2026-05-27 14:36:00,758.75,758.85,758.5,758.6,128376
2026-05-27 14:37:00,758.55,758.85,758.5,758.75,153790
2026-05-27 14:38:00,758.6,759.5,758.6,759.2,191000
2026-05-27 14:39:00,759.2,759.3,758.75,759.2,221363
2026-05-27 14:40:00,759.2,759.7,759.2,759.55,263669
2026-05-27 14:41:00,759.6,759.95,759.25,759.25,249792
2026-05-27 14:42:00,759.25,759.45,758.4,758.4,646894
2026-05-27 14:43:00,758.4,758.55,758.0,758.1,419946
2026-05-27 14:44:00,758.1,758.25,758.0,758.15,146682
2026-05-27 14:45:00,758.05,758.35,758.0,758.15,223299
2026-05-27 14:46:00,758.15,758.15,757.7,757.85,154344
2026-05-27 14:47:00,757.8,758.0,757.7,757.75,155436
2026-05-27 14:48:00,757.75,758.0,757.7,757.75,139587
2026-05-27 14:49:00,757.7,758.15,757.7,758.15,155088
2026-05-27 14:50:00,758.05,758.1,757.8,758.1,119788
2026-05-27 14:51:00,758.0,758.05,757.7,757.75,136637
2026-05-27 14:52:00,757.75,757.95,757.5,757.8,319237
2026-05-27 14:53:00,757.85,758.25,757.35,757.35,345157
2026-05-27 14:54:00,757.3,757.75,757.25,757.7,195213
2026-05-27 14:55:00,757.7,757.9,757.25,757.3,218265
2026-05-27 14:56:00,757.3,757.65,757.25,757.4,171650
2026-05-27 14:57:00,757.4,757.65,757.25,757.55,142485
2026-05-27 14:58:00,757.55,758.0,757.55,757.85,184886
2026-05-27 14:59:00,757.7,758.1,757.65,757.7,179127
2026-05-27 15:00:00,757.8,757.9,757.1,757.1,250415
2026-05-27 15:01:00,757.1,757.55,757.1,757.5,283264
2026-05-27 15:02:00,757.4,757.45,757.0,757.05,361904
2026-05-27 15:03:00,757.15,758.0,756.9,758.0,415139
2026-05-27 15:04:00,757.95,758.0,757.3,757.6,410934
2026-05-27 15:05:00,757.85,758.3,757.6,758.1,355452
2026-05-27 15:06:00,758.1,758.1,757.55,757.9,241043
2026-05-27 15:07:00,758.0,758.3,757.75,758.15,312323
2026-05-27 15:08:00,758.3,758.6,758.15,758.3,323366
2026-05-27 15:09:00,758.4,758.95,758.4,758.9,323113
2026-05-27 15:10:00,758.9,758.95,758.7,758.85,272422
2026-05-27 15:11:00,758.9,759.1,758.8,758.9,398623
2026-05-27 15:12:00,758.9,759.0,758.75,759.0,379678
2026-05-27 15:13:00,759.0,759.2,758.8,759.1,286798
2026-05-27 15:14:00,759.1,759.4,759.0,759.4,339001
2026-05-27 15:15:00,759.55,759.7,759.4,759.5,326478
2026-05-27 15:16:00,759.5,759.8,759.3,759.8,546139
2026-05-27 15:17:00,759.9,759.9,759.5,759.6,328763
2026-05-27 15:18:00,759.6,759.6,759.35,759.5,412885
2026-05-27 15:19:00,759.5,759.75,759.35,759.45,455994
2026-05-27 15:20:00,759.5,759.55,759.2,759.25,285876
2026-05-27 15:21:00,759.25,759.4,759.1,759.35,400363
2026-05-27 15:22:00,759.45,759.45,759.1,759.1,257230
2026-05-27 15:23:00,759.15,759.2,758.9,758.95,311071
2026-05-27 15:24:00,758.95,758.95,758.3,758.4,383474
2026-05-27 15:25:00,758.4,758.6,758.15,758.55,420616
2026-05-27 15:26:00,758.45,758.75,758.45,758.5,250448
2026-05-27 15:27:00,758.6,758.7,758.35,758.6,278966
2026-05-27 15:28:00,758.7,759.35,758.6,759.35,248995
2026-05-27 15:29:00,759.25,759.85,759.0,759.25,227773
2026-05-29 09:15:00,749.8,756.65,749.8,755.55,0
2026-05-29 09:16:00,755.6,755.6,754.7,754.95,662274
2026-05-29 09:17:00,754.75,755.65,754.5,754.55,813107
2026-05-29 09:18:00,754.2,754.4,753.25,753.25,244249
2026-05-29 09:19:00,753.25,755.2,753.1,755.2,474328
2026-05-29 09:20:00,754.75,755.8,754.4,754.5,309905
2026-05-29 09:21:00,754.25,754.5,753.9,754.1,162429
2026-05-29 09:22:00,754.0,754.0,752.3,752.65,421142
2026-05-29 09:23:00,752.5,753.25,752.0,752.9,354819
2026-05-29 09:24:00,752.9,753.6,752.7,753.35,144881
2026-05-29 09:25:00,753.2,753.35,752.6,752.85,129273
2026-05-29 09:26:00,752.75,752.95,752.15,752.45,169191
2026-05-29 09:27:00,752.45,752.55,752.0,752.15,267246
2026-05-29 09:28:00,751.75,751.75,751.05,751.15,248031
2026-05-29 09:29:00,751.2,751.4,750.6,751.1,254449
2026-05-29 09:30:00,751.1,751.85,750.9,751.65,117064
2026-05-29 09:31:00,751.9,752.65,751.8,752.0,148492
2026-05-29 09:32:00,751.95,752.2,751.65,751.65,115514
2026-05-29 09:33:00,751.7,752.0,751.5,752.0,89404
2026-05-29 09:34:00,752.0,752.2,751.9,751.95,112680
2026-05-29 09:35:00,752.0,753.2,751.95,753.2,152525
2026-05-29 09:36:00,753.05,753.8,753.0,753.55,142042
2026-05-29 09:37:00,753.6,755.5,753.5,755.35,249170
2026-05-29 09:38:00,755.25,755.5,755.05,755.3,132736
2026-05-29 09:39:00,755.3,755.85,755.15,755.5,182042
2026-05-29 09:40:00,755.45,756.35,755.2,755.8,168642
2026-05-29 09:41:00,755.7,756.15,755.05,755.05,144140
2026-05-29 09:42:00,755.05,755.55,755.0,755.55,309816
2026-05-29 09:43:00,755.7,755.8,755.0,755.35,104922
2026-05-29 09:44:00,755.35,755.35,755.0,755.1,66417
2026-05-29 09:45:00,755.1,755.85,755.0,755.6,116915
2026-05-29 09:46:00,755.8,755.8,755.0,755.0,67701
2026-05-29 09:47:00,755.0,755.4,754.8,754.85,76654
2026-05-29 09:48:00,754.85,755.5,754.65,755.25,101269
2026-05-29 09:49:00,755.3,755.4,755.0,755.4,53361
2026-05-29 09:50:00,755.35,755.35,755.0,755.15,49179
2026-05-29 09:51:00,755.15,755.2,754.85,754.85,50557
2026-05-29 09:52:00,754.95,755.15,754.85,755.05,87547
2026-05-29 09:53:00,755.05,755.8,754.8,755.8,82198
2026-05-29 09:54:00,755.8,756.25,755.3,755.4,82895
2026-05-29 09:55:00,755.45,755.45,754.75,754.75,110520
2026-05-29 09:56:00,754.65,754.7,753.9,754.2,141460
2026-05-29 09:57:00,754.1,755.25,754.1,755.2,221716
2026-05-29 09:58:00,755.2,755.55,754.75,755.55,73169
2026-05-29 09:59:00,755.55,757.6,755.55,757.5,242169
2026-05-29 10:00:00,757.45,757.45,756.1,756.1,99706
2026-05-29 10:01:00,756.35,756.35,755.9,756.15,74952
2026-05-29 10:02:00,756.0,756.55,755.5,756.55,127290
2026-05-29 10:03:00,756.55,757.3,756.3,757.2,61444
2026-05-29 10:04:00,757.25,757.6,757.25,757.3,85710
2026-05-29 10:05:00,757.35,757.85,757.25,757.75,68268
2026-05-29 10:06:00,757.8,758.65,757.65,758.2,110689
2026-05-29 10:07:00,758.2,759.35,758.0,759.15,171522
2026-05-29 10:08:00,759.25,759.25,758.3,758.45,72044
2026-05-29 10:09:00,758.6,759.25,758.3,758.75,103042
2026-05-29 10:10:00,758.6,759.0,758.3,758.8,98743
2026-05-29 10:11:00,758.8,758.8,758.5,758.5,79894
2026-05-29 10:12:00,758.45,758.8,758.45,758.75,92944
2026-05-29 10:13:00,758.8,758.8,758.5,758.75,90826
2026-05-29 10:14:00,758.65,758.8,758.5,758.8,74587
2026-05-29 10:15:00,758.75,759.05,758.75,758.8,126415
2026-05-29 10:16:00,758.85,758.85,758.2,758.4,139486
2026-05-29 10:17:00,758.35,758.45,757.85,757.85,78592
2026-05-29 10:18:00,757.9,757.9,757.25,757.55,88629
2026-05-29 10:19:00,757.55,757.9,757.4,757.75,59256
2026-05-29 10:20:00,757.6,758.4,757.55,758.15,80533
2026-05-29 10:21:00,758.15,758.3,757.95,757.95,61769
2026-05-29 10:22:00,758.0,758.95,757.9,758.9,84586
2026-05-29 10:23:00,758.9,759.65,758.55,759.25,99734
2026-05-29 10:24:00,759.35,759.5,758.8,759.0,72491
2026-05-29 10:25:00,758.95,759.6,758.85,759.15,94538
2026-05-29 10:26:00,759.15,759.15,758.6,758.7,75969
2026-05-29 10:27:00,758.75,758.85,758.55,758.65,50830
2026-05-29 10:28:00,758.65,758.65,758.5,758.5,70910
2026-05-29 10:29:00,758.5,758.55,758.0,758.1,112480
2026-05-29 10:30:00,758.15,758.15,757.0,758.0,148797
2026-05-29 10:31:00,757.95,758.0,757.45,757.45,198180
2026-05-29 10:32:00,757.6,757.6,757.1,757.2,61338
2026-05-29 10:33:00,757.15,757.6,757.15,757.45,58381
2026-05-29 10:34:00,757.55,757.65,757.55,757.65,73447
2026-05-29 10:35:00,757.65,758.0,757.6,758.0,63920
2026-05-29 10:36:00,758.0,758.3,757.95,757.95,171404
2026-05-29 10:37:00,758.0,758.55,757.95,758.35,69800
2026-05-29 10:38:00,758.35,758.35,757.75,757.85,76209
2026-05-29 10:39:00,757.85,758.15,757.8,757.9,60323
2026-05-29 10:40:00,757.85,758.0,756.5,756.55,302250
2026-05-29 10:41:00,756.65,757.3,756.25,757.0,92937
2026-05-29 10:42:00,756.9,758.5,756.7,758.1,77630
2026-05-29 10:43:00,758.2,758.2,757.55,757.6,61943
2026-05-29 10:44:00,757.65,757.65,757.15,757.2,32473
2026-05-29 10:45:00,757.1,757.4,756.9,757.35,91908
2026-05-29 10:46:00,757.35,757.55,757.1,757.5,57764
2026-05-29 10:47:00,757.55,757.55,757.1,757.5,40413
2026-05-29 10:48:00,757.65,758.0,757.2,757.5,79484
2026-05-29 10:49:00,757.5,757.6,757.0,757.45,64412
2026-05-29 10:50:00,757.45,757.45,757.05,757.1,35642
2026-05-29 10:51:00,757.15,757.4,757.0,757.0,30261
2026-05-29 10:52:00,757.0,757.4,756.95,757.3,53865
2026-05-29 10:53:00,757.3,757.4,757.05,757.35,50467
2026-05-29 10:54:00,757.35,757.95,757.05,757.85,93386
2026-05-29 10:55:00,757.8,758.75,757.8,758.75,85008
2026-05-29 10:56:00,758.95,759.4,758.55,759.4,135090
2026-05-29 10:57:00,759.55,759.7,758.85,758.9,177830
2026-05-29 10:58:00,758.95,759.3,758.85,759.0,40233
2026-05-29 10:59:00,759.15,759.15,758.85,759.0,49718
2026-05-29 11:00:00,759.05,759.55,758.85,759.35,54592
2026-05-29 11:01:00,759.35,759.55,758.75,759.35,162634
2026-05-29 11:02:00,759.4,759.4,758.5,759.1,96149
2026-05-29 11:03:00,759.05,759.6,758.85,759.4,60328
2026-05-29 11:04:00,759.35,760.4,759.35,760.2,203150
2026-05-29 11:05:00,760.15,760.45,759.6,760.05,219050
2026-05-29 11:06:00,760.1,760.1,759.35,759.55,80276
2026-05-29 11:07:00,759.5,759.5,759.25,759.25,38630
2026-05-29 11:08:00,759.3,759.8,759.25,759.3,54181
2026-05-29 11:09:00,759.3,759.35,759.1,759.3,52235
2026-05-29 11:10:00,759.25,759.75,759.25,759.55,44929
2026-05-29 11:11:00,759.55,759.6,758.75,759.0,72996
2026-05-29 11:12:00,759.05,759.5,758.95,759.0,56423
2026-05-29 11:13:00,759.1,759.1,758.95,759.05,39422
2026-05-29 11:14:00,759.1,759.25,758.85,758.95,43030
2026-05-29 11:15:00,759.0,759.4,758.85,758.85,33439
2026-05-29 11:16:00,758.9,758.9,758.5,758.5,71786
2026-05-29 11:17:00,758.45,759.05,758.25,758.75,143972
2026-05-29 11:18:00,758.75,758.75,758.25,758.45,34063
2026-05-29 11:19:00,758.35,758.75,758.35,758.55,26565
2026-05-29 11:20:00,758.6,758.7,758.25,758.35,26416
2026-05-29 11:21:00,758.35,758.45,758.25,758.35,28295
2026-05-29 11:22:00,758.3,758.3,757.75,757.75,59691
2026-05-29 11:23:00,757.8,758.35,757.75,757.95,487560
2026-05-29 11:24:00,757.95,757.95,757.35,757.6,40183
2026-05-29 11:25:00,757.7,757.8,757.45,757.7,26083
2026-05-29 11:26:00,757.6,758.0,757.55,757.65,32682
2026-05-29 11:27:00,757.65,757.7,757.35,757.4,42601
2026-05-29 11:28:00,757.35,757.4,757.3,757.3,33184
2026-05-29 11:29:00,757.3,757.35,757.15,757.2,48100
2026-05-29 11:30:00,757.1,757.35,757.0,757.2,89068
2026-05-29 11:31:00,757.15,757.7,757.0,757.4,45279
2026-05-29 11:32:00,757.15,757.35,757.1,757.2,21261
2026-05-29 11:33:00,757.1,757.15,756.8,756.9,56712
2026-05-29 11:34:00,756.9,757.0,756.5,757.0,71813
2026-05-29 11:35:00,757.0,757.6,756.85,757.55,49658
2026-05-29 11:36:00,757.55,757.6,757.5,757.6,45785
2026-05-29 11:37:00,757.6,757.7,757.5,757.65,51159
2026-05-29 11:38:00,757.7,757.7,757.25,757.5,39506
2026-05-29 11:39:00,757.4,757.8,757.1,757.4,72424
2026-05-29 11:40:00,757.3,757.5,757.05,757.15,92391
2026-05-29 11:41:00,757.2,757.5,757.2,757.25,23615
2026-05-29 11:42:00,757.25,757.55,757.25,757.4,38580
2026-05-29 11:43:00,757.3,757.35,757.2,757.2,25741
2026-05-29 11:44:00,757.2,757.9,757.2,757.75,83795
2026-05-29 11:45:00,757.85,757.9,757.5,757.85,46212
2026-05-29 11:46:00,757.85,757.95,757.45,757.95,60201
2026-05-29 11:47:00,758.0,758.0,757.55,757.7,40321
2026-05-29 11:48:00,757.7,757.95,757.45,757.7,46481
2026-05-29 11:49:00,757.85,758.15,757.6,757.7,122117
2026-05-29 11:50:00,757.75,758.4,757.7,758.25,52789
2026-05-29 11:51:00,758.25,758.3,758.2,758.25,23729
2026-05-29 11:52:00,758.25,759.15,758.25,759.1,131174
2026-05-29 11:53:00,759.1,759.15,759.0,759.05,52408
2026-05-29 11:54:00,759.1,759.5,759.1,759.25,64238
2026-05-29 11:55:00,759.2,759.2,758.55,758.6,32752
2026-05-29 11:56:00,758.6,758.75,758.4,758.45,39181
2026-05-29 11:57:00,758.45,758.8,758.4,758.65,43510
2026-05-29 11:58:00,758.6,758.75,758.55,758.6,34220
2026-05-29 11:59:00,758.65,758.8,758.55,758.75,29728
2026-05-29 12:00:00,758.7,758.7,758.35,758.4,34307
2026-05-29 12:01:00,758.45,758.45,758.25,758.35,30279
2026-05-29 12:02:00,758.25,758.3,757.85,757.9,45164
2026-05-29 12:03:00,757.85,757.85,757.4,757.5,50663
2026-05-29 12:04:00,757.4,757.85,757.4,757.8,28276
2026-05-29 12:05:00,757.8,757.8,757.55,757.55,24227
2026-05-29 12:06:00,757.55,757.65,757.5,757.55,25394
2026-05-29 12:07:00,757.55,757.55,757.3,757.35,29832
2026-05-29 12:08:00,757.3,757.95,757.25,757.7,54130
2026-05-29 12:09:00,757.7,757.7,757.4,757.4,24501
2026-05-29 12:10:00,757.45,757.45,757.0,757.05,55637
2026-05-29 12:11:00,757.05,757.25,757.0,757.2,45591
2026-05-29 12:12:00,757.25,757.45,757.0,757.25,65855
2026-05-29 12:13:00,757.25,757.25,756.7,756.7,90627
2026-05-29 12:14:00,756.6,757.2,756.25,756.9,75243
2026-05-29 12:15:00,756.9,756.9,756.45,756.55,39235
2026-05-29 12:16:00,756.4,756.45,755.6,755.8,152005
2026-05-29 12:17:00,755.8,756.3,755.6,755.65,45539
2026-05-29 12:18:00,755.65,756.0,755.6,755.85,27833
2026-05-29 12:19:00,755.85,756.2,755.7,756.2,55245
2026-05-29 12:20:00,756.15,756.2,755.8,756.0,33797
2026-05-29 12:21:00,755.95,756.15,755.95,755.95,48353
2026-05-29 12:22:00,755.95,756.7,755.95,756.25,62788
2026-05-29 12:23:00,756.25,756.3,756.1,756.15,25184
2026-05-29 12:24:00,756.15,756.35,756.1,756.35,25359
2026-05-29 12:25:00,756.3,756.4,756.25,756.3,27084
2026-05-29 12:26:00,756.35,756.5,756.3,756.5,29244
2026-05-29 12:27:00,756.4,756.6,756.4,756.5,22822
2026-05-29 12:28:00,756.5,756.7,756.5,756.65,35206
2026-05-29 12:29:00,756.7,756.8,756.65,756.8,22903
2026-05-29 12:30:00,756.8,756.8,756.55,756.65,38843
2026-05-29 12:31:00,756.6,756.7,756.55,756.65,27470
2026-05-29 12:32:00,756.65,756.85,756.55,756.8,57033
2026-05-29 12:33:00,756.7,756.75,756.55,756.65,43740
2026-05-29 12:34:00,756.65,756.7,755.9,756.0,70472
2026-05-29 12:35:00,756.1,756.25,756.0,756.0,47650
2026-05-29 12:36:00,756.0,756.3,756.0,756.3,61636
2026-05-29 12:37:00,756.25,756.45,756.0,756.3,42742
2026-05-29 12:38:00,756.3,756.8,756.15,756.6,29712
2026-05-29 12:39:00,756.7,757.5,756.65,757.35,53929
2026-05-29 12:40:00,757.3,757.3,756.75,757.2,36608
2026-05-29 12:41:00,757.1,757.1,756.8,756.85,30326
2026-05-29 12:42:00,756.9,757.05,756.6,756.6,37643
2026-05-29 12:43:00,756.75,756.8,756.25,756.3,36699
2026-05-29 12:44:00,756.3,756.55,756.15,756.2,36198
2026-05-29 12:45:00,756.2,756.2,755.65,755.8,68225
2026-05-29 12:46:00,755.75,755.95,755.55,755.95,41231
2026-05-29 12:47:00,756.0,756.0,755.65,755.65,28228
2026-05-29 12:48:00,755.7,755.75,755.6,755.6,29128
2026-05-29 12:49:00,755.6,756.15,755.55,756.05,54143
2026-05-29 12:50:00,756.05,756.05,755.65,755.9,28852
2026-05-29 12:51:00,755.8,756.05,755.65,755.95,46216
2026-05-29 12:52:00,755.95,755.95,755.65,755.75,35003
2026-05-29 12:53:00,755.75,755.9,755.6,755.9,45594
2026-05-29 12:54:00,755.7,755.85,755.3,755.5,50987
2026-05-29 12:55:00,755.55,755.55,755.05,755.1,151866
2026-05-29 12:56:00,755.0,755.0,754.7,754.95,53632
2026-05-29 12:57:00,755.0,755.0,754.5,754.6,52631
2026-05-29 12:58:00,754.65,754.65,754.2,754.45,47259
2026-05-29 12:59:00,754.45,754.8,754.4,754.6,35989
2026-05-29 13:00:00,754.7,754.7,754.0,754.0,64604
2026-05-29 13:01:00,754.15,754.25,754.0,754.1,81243
2026-05-29 13:02:00,754.1,754.1,754.0,754.05,36392
2026-05-29 13:03:00,754.0,754.35,753.8,754.1,59376
2026-05-29 13:04:00,754.1,754.15,753.85,754.0,34723
2026-05-29 13:05:00,754.0,754.0,753.8,753.9,28377
2026-05-29 13:06:00,753.85,754.3,753.8,753.95,62095
2026-05-29 13:07:00,753.9,754.2,753.85,753.95,52073
2026-05-29 13:08:00,753.9,753.95,753.8,753.85,32060
2026-05-29 13:09:00,753.8,753.85,753.6,753.75,48146
2026-05-29 13:10:00,753.7,754.15,753.65,753.9,55501
2026-05-29 13:11:00,754.0,754.2,753.7,753.8,50870
2026-05-29 13:12:00,753.75,754.1,753.7,754.0,39647
2026-05-29 13:13:00,753.95,754.0,753.7,753.75,69768
2026-05-29 13:14:00,753.6,753.75,753.55,753.7,33278
2026-05-29 13:15:00,753.7,753.7,753.1,753.15,53960
2026-05-29 13:16:00,753.15,753.85,753.1,753.6,56182
2026-05-29 13:17:00,753.75,753.85,753.5,753.6,42690
2026-05-29 13:18:00,753.6,753.8,753.5,753.65,35934
2026-05-29 13:19:00,753.7,753.7,753.6,753.6,34188
2026-05-29 13:20:00,753.6,753.65,753.05,753.1,106575
2026-05-29 13:21:00,753.1,753.65,753.0,753.65,73711
2026-05-29 13:22:00,753.65,753.75,753.0,753.2,63486
2026-05-29 13:23:00,753.1,753.4,753.0,753.1,41591
2026-05-29 13:24:00,753.15,753.7,753.0,753.3,49684
2026-05-29 13:25:00,753.3,753.7,753.1,753.5,47581
2026-05-29 13:26:00,753.5,753.7,753.35,753.55,44297
2026-05-29 13:27:00,753.6,753.85,753.45,753.85,46209
2026-05-29 13:28:00,753.8,753.8,753.2,753.3,54416
2026-05-29 13:29:00,753.4,753.6,753.2,753.55,30465
2026-05-29 13:30:00,753.5,753.9,753.4,753.8,33712
2026-05-29 13:31:00,753.85,753.85,753.4,753.55,34766
2026-05-29 13:32:00,753.45,753.65,753.45,753.55,37813
2026-05-29 13:33:00,753.6,753.6,753.3,753.55,54031
2026-05-29 13:34:00,753.5,753.5,753.3,753.45,31523
2026-05-29 13:35:00,753.4,753.45,753.0,753.3,65361
2026-05-29 13:36:00,753.45,753.45,753.0,753.1,34970
2026-05-29 13:37:00,753.1,753.55,753.1,753.35,35493
2026-05-29 13:38:00,753.35,753.7,753.3,753.45,64509
2026-05-29 13:39:00,753.4,753.55,753.0,753.05,70430
2026-05-29 13:40:00,753.05,753.2,753.0,753.15,77548
2026-05-29 13:41:00,753.1,753.45,753.0,753.3,75410
2026-05-29 13:42:00,753.3,753.35,753.1,753.2,57992
2026-05-29 13:43:00,753.2,753.2,752.9,752.95,62621
2026-05-29 13:44:00,752.95,752.95,752.8,752.8,48243
2026-05-29 13:45:00,752.8,753.0,752.6,752.8,74712
2026-05-29 13:46:00,752.7,753.05,752.6,752.95,51984
2026-05-29 13:47:00,752.95,753.0,752.65,752.65,37615
2026-05-29 13:48:00,752.7,753.0,752.25,752.7,112487
2026-05-29 13:49:00,752.7,752.7,752.05,752.05,97761
2026-05-29 13:50:00,752.05,752.15,752.0,752.05,148355
2026-05-29 13:51:00,752.0,752.3,752.0,752.0,111605
2026-05-29 13:52:00,752.05,752.3,752.0,752.2,106619
2026-05-29 13:53:00,752.2,752.65,752.1,752.55,75008
2026-05-29 13:54:00,752.5,752.75,752.1,752.75,47000
2026-05-29 13:55:00,752.9,752.9,752.5,752.8,37786
2026-05-29 13:56:00,752.75,753.3,752.7,753.1,36726
2026-05-29 13:57:00,753.15,753.5,753.15,753.5,36014
2026-05-29 13:58:00,753.45,753.65,752.85,752.85,42286
2026-05-29 13:59:00,752.9,753.05,752.85,753.0,46649
2026-05-29 14:00:00,753.05,753.35,753.0,753.05,43266
2026-05-29 14:01:00,753.05,753.05,752.9,753.0,41624
2026-05-29 14:02:00,752.95,753.7,752.95,753.45,54482
2026-05-29 14:03:00,753.6,753.7,753.2,753.3,44659
2026-05-29 14:04:00,753.25,753.3,753.2,753.25,45750
2026-05-29 14:05:00,753.3,753.8,753.2,753.3,78274
2026-05-29 14:06:00,753.3,753.8,753.3,753.5,72991
2026-05-29 14:07:00,753.5,753.5,753.35,753.4,24324
2026-05-29 14:08:00,753.35,753.85,753.35,753.45,52237
2026-05-29 14:09:00,753.45,753.5,753.2,753.25,43037
2026-05-29 14:10:00,753.25,753.25,753.1,753.1,40399
2026-05-29 14:11:00,753.1,753.5,753.1,753.5,48894
2026-05-29 14:12:00,753.6,753.6,753.25,753.5,49017
2026-05-29 14:13:00,753.5,753.5,753.3,753.4,36968
2026-05-29 14:14:00,753.4,753.55,753.3,753.35,44771
2026-05-29 14:15:00,753.3,753.3,753.0,753.05,53654
2026-05-29 14:16:00,753.0,753.05,752.55,752.85,76797
2026-05-29 14:17:00,752.8,753.3,752.65,753.0,92018
2026-05-29 14:18:00,753.0,753.5,753.0,753.2,37900
2026-05-29 14:19:00,753.25,753.35,752.9,753.0,65084
2026-05-29 14:20:00,752.95,753.35,752.95,753.05,43937
2026-05-29 14:21:00,753.05,753.2,752.9,753.2,71272
2026-05-29 14:22:00,753.1,753.3,753.05,753.2,52975
2026-05-29 14:23:00,753.15,753.4,753.15,753.2,53393
2026-05-29 14:24:00,753.25,753.3,753.0,753.1,50761
2026-05-29 14:25:00,753.1,753.1,752.9,752.95,65461
2026-05-29 14:26:00,752.95,753.35,752.9,753.1,61812
2026-05-29 14:27:00,753.4,753.45,753.0,753.45,66085
2026-05-29 14:28:00,753.4,753.75,753.1,753.65,147640
2026-05-29 14:29:00,753.6,754.3,753.5,753.7,108449
2026-05-29 14:30:00,753.7,754.85,753.7,754.55,69172
2026-05-29 14:31:00,754.5,754.5,754.0,754.2,34939
2026-05-29 14:32:00,754.2,754.7,754.05,754.3,33178
2026-05-29 14:33:00,754.45,754.9,754.45,754.65,43427
2026-05-29 14:34:00,754.65,754.75,754.0,754.15,54826
2026-05-29 14:35:00,754.15,754.6,754.1,754.6,41668
2026-05-29 14:36:00,754.6,754.95,754.35,754.95,90773
2026-05-29 14:37:00,754.95,755.45,754.65,754.8,139218
2026-05-29 14:38:00,754.9,755.05,754.5,755.05,111247
2026-05-29 14:39:00,755.05,755.2,754.9,755.05,41120
2026-05-29 14:40:00,755.0,755.1,754.8,754.9,79396
2026-05-29 14:41:00,754.9,755.25,754.8,755.0,70888
2026-05-29 14:42:00,755.25,755.45,754.8,755.15,98272
2026-05-29 14:43:00,755.15,755.45,755.05,755.15,55330
2026-05-29 14:44:00,755.15,755.2,754.9,755.0,96979
2026-05-29 14:45:00,755.0,755.05,754.3,754.4,76869
2026-05-29 14:46:00,754.35,755.25,754.15,755.15,95796
2026-05-29 14:47:00,755.05,755.15,754.65,754.65,40601
2026-05-29 14:48:00,754.65,754.75,754.45,754.7,42666
2026-05-29 14:49:00,754.6,754.95,754.5,754.8,39511
2026-05-29 14:50:00,754.8,754.8,754.45,754.45,56558
2026-05-29 14:51:00,754.4,754.4,753.7,754.05,147928
2026-05-29 14:52:00,754.05,754.15,753.9,754.1,53032
2026-05-29 14:53:00,754.05,754.2,754.0,754.1,65033
2026-05-29 14:54:00,754.1,754.3,753.8,754.15,79940
2026-05-29 14:55:00,754.15,754.15,753.45,753.5,131017
2026-05-29 14:56:00,753.65,754.05,753.5,753.65,87471
2026-05-29 14:57:00,753.65,754.0,753.5,753.95,51452
2026-05-29 14:58:00,753.95,754.6,753.75,753.85,68843
2026-05-29 14:59:00,753.8,753.85,753.4,753.55,124373
2026-05-29 15:00:00,753.55,753.6,747.65,747.65,3288142
2026-05-29 15:01:00,747.65,748.45,746.0,746.2,3276439
2026-05-29 15:02:00,746.15,746.25,745.05,745.8,2769175
2026-05-29 15:03:00,745.25,745.8,744.75,745.5,2640373
2026-05-29 15:04:00,745.5,746.45,745.05,745.05,2257883
2026-05-29 15:05:00,745.0,745.2,743.75,744.45,2650434
2026-05-29 15:06:00,744.7,744.85,743.0,743.7,2480674
2026-05-29 15:07:00,743.7,744.35,742.7,742.9,2522428
2026-05-29 15:08:00,742.95,743.65,742.1,742.75,2347153
2026-05-29 15:09:00,742.65,744.45,742.65,743.5,2503230
2026-05-29 15:10:00,743.5,744.9,743.3,744.6,2749471
2026-05-29 15:11:00,744.7,745.45,744.35,744.6,2408968
2026-05-29 15:12:00,744.5,745.4,743.75,744.85,2401008
2026-05-29 15:13:00,745.1,745.35,744.7,745.35,2468014
2026-05-29 15:14:00,745.35,745.85,744.95,745.25,2500409
2026-05-29 15:15:00,744.95,746.4,744.5,746.4,2462923
2026-05-29 15:16:00,746.0,746.4,745.0,745.1,2211040
2026-05-29 15:17:00,745.5,746.1,745.0,745.05,2595988
2026-05-29 15:18:00,745.05,745.2,744.85,744.95,2089056
2026-05-29 15:19:00,745.0,745.75,744.8,745.2,1924740
2026-05-29 15:20:00,745.0,745.3,744.75,745.3,2361721
2026-05-29 15:21:00,745.25,745.25,743.95,744.15,1933729
2026-05-29 15:22:00,744.15,744.2,743.4,743.55,1876530
2026-05-29 15:23:00,743.5,743.65,741.15,741.15,2051517
2026-05-29 15:24:00,741.15,741.15,739.15,739.15,2570863
2026-05-29 15:25:00,739.55,742.35,738.65,740.7,3169144
2026-05-29 15:26:00,740.55,744.4,740.55,744.4,1902960
2026-05-29 15:27:00,744.5,746.65,744.3,746.5,1655076
2026-05-29 15:28:00,746.5,746.5,745.75,746.25,701630
2026-05-29 15:29:00,746.25,747.25,746.0,747.25,249656
