Datetime,Open,High,Low,Close,Volume
2026-05-21 09:30:00,99.1,99.13,99.09,99.09,0
2026-05-21 09:31:00,99.09,99.09,99.09,99.09,1
2026-05-21 09:33:00,99.09,99.09,99.09,99.09,1
2026-05-21 09:34:00,99.1,99.16,99.08,99.13,20
2026-05-21 09:35:00,99.15,99.16,99.06,99.06,17
2026-05-21 09:36:00,99.1,99.14,99.1,99.14,9
2026-05-21 09:37:00,99.14,99.14,99.13,99.14,7
2026-05-21 09:38:00,99.14,99.19,99.14,99.19,20
2026-05-21 09:39:00,99.19,99.19,99.18,99.18,4
2026-05-21 09:40:00,99.17,99.17,99.15,99.15,4
2026-05-21 09:41:00,99.17,99.17,99.17,99.17,1
2026-05-21 09:42:00,99.19,99.27,99.19,99.24,62
2026-05-21 09:43:00,99.23,99.23,99.21,99.21,8
2026-05-21 09:44:00,99.21,99.21,99.18,99.18,4
2026-05-21 09:45:00,99.18,99.22,99.18,99.19,17
2026-05-21 09:46:00,99.17,99.17,99.14,99.15,14
2026-05-21 09:47:00,99.19,99.19,99.16,99.17,4
2026-05-21 09:48:00,99.15,99.15,99.15,99.15,1
2026-05-21 09:49:00,99.15,99.16,99.15,99.16,3
2026-05-21 09:50:00,99.15,99.16,99.15,99.15,3
2026-05-21 09:51:00,99.16,99.2,99.16,99.17,5
2026-05-21 09:52:00,99.19,99.19,99.18,99.18,2
2026-05-21 09:53:00,99.16,99.18,99.15,99.15,8
2026-05-21 09:54:00,99.16,99.17,99.15,99.15,7
2026-05-21 09:55:00,99.18,99.18,99.14,99.17,13
2026-05-21 09:56:00,99.17,99.18,99.16,99.17,7
2026-05-21 09:58:00,99.16,99.19,99.16,99.19,4
2026-05-21 09:59:00,99.19,99.26,99.19,99.24,19
2026-05-21 10:00:00,99.26,99.26,99.23,99.23,10
2026-05-21 10:01:00,99.23,99.26,99.23,99.26,22
2026-05-21 10:02:00,99.26,99.27,99.26,99.27,25
2026-05-21 10:03:00,99.27,99.28,99.27,99.27,8
2026-05-21 10:04:00,99.29,99.29,99.27,99.27,7
2026-05-21 10:05:00,99.26,99.27,99.17,99.18,30
2026-05-21 10:06:00,99.16,99.21,99.15,99.18,33
2026-05-21 10:07:00,99.2,99.2,99.18,99.18,6
2026-05-21 10:08:00,99.17,99.17,99.12,99.12,9
2026-05-21 10:09:00,99.13,99.13,99.11,99.11,7
2026-05-21 10:10:00,99.13,99.13,99.05,99.05,25
2026-05-21 10:11:00,99.06,99.09,99.06,99.07,8
2026-05-21 10:12:00,99.08,99.08,99.0,99.03,20
2026-05-21 10:13:00,99.02,99.02,98.99,99.0,21
2026-05-21 10:14:00,99.02,99.02,99.01,99.02,3
2026-05-21 10:15:00,99.01,99.04,99.0,99.04,13
2026-05-21 10:16:00,99.04,99.14,99.04,99.13,15
2026-05-21 10:17:00,99.13,99.13,99.09,99.09,7
2026-05-21 10:18:00,99.11,99.15,99.1,99.15,7
2026-05-21 10:19:00,99.15,99.18,99.15,99.18,3
2026-05-21 10:20:00,99.17,99.17,99.06,99.06,25
2026-05-21 10:21:00,99.07,99.08,99.03,99.08,24
2026-05-21 10:22:00,99.08,99.08,99.05,99.05,10
2026-05-21 10:23:00,99.07,99.09,99.06,99.09,7
2026-05-21 10:24:00,99.07,99.08,99.06,99.08,5
2026-05-21 10:25:00,99.07,99.07,98.97,98.98,26
2026-05-21 10:26:00,98.98,98.99,98.88,98.94,56
2026-05-21 10:27:00,98.93,98.93,98.83,98.87,52
2026-05-21 10:28:00,98.88,98.9,98.86,98.87,17
2026-05-21 10:29:00,98.89,98.89,98.79,98.84,33
2026-05-21 10:30:00,98.84,98.91,98.82,98.9,51
2026-05-21 10:31:00,98.89,98.97,98.89,98.97,25
2026-05-21 10:32:00,98.95,98.98,98.95,98.98,6
2026-05-21 10:33:00,98.96,98.97,98.91,98.91,19
2026-05-21 10:34:00,98.91,98.94,98.91,98.93,16
2026-05-21 10:35:00,98.95,98.97,98.94,98.94,6
2026-05-21 10:36:00,98.92,98.94,98.91,98.91,8
2026-05-21 10:37:00,98.91,98.96,98.9,98.95,14
2026-05-21 10:38:00,98.93,98.98,98.93,98.96,27
2026-05-21 10:39:00,98.93,98.93,98.91,98.93,8
2026-05-21 10:40:00,98.95,98.98,98.92,98.92,16
2026-05-21 10:41:00,98.91,98.92,98.89,98.89,12
2026-05-21 10:42:00,98.91,98.92,98.83,98.92,33
2026-05-21 10:43:00,98.91,98.91,98.89,98.91,9
2026-05-21 10:44:00,98.96,98.96,98.95,98.95,4
2026-05-21 10:45:00,98.94,98.94,98.91,98.91,5
2026-05-21 10:46:00,98.91,98.98,98.89,98.93,39
2026-05-21 10:47:00,98.9,98.92,98.88,98.89,9
2026-05-21 10:48:00,98.89,98.91,98.88,98.88,5
2026-05-21 10:49:00,98.87,98.89,98.86,98.89,7
2026-05-21 10:50:00,98.91,98.92,98.9,98.9,3
2026-05-21 10:51:00,98.88,98.98,98.88,98.98,27
2026-05-21 10:52:00,98.98,99.04,98.96,98.96,47
2026-05-21 10:53:00,98.94,98.97,98.94,98.96,9
2026-05-21 10:54:00,98.97,99.0,98.95,99.0,14
2026-05-21 10:55:00,99.02,99.07,99.01,99.07,26
2026-05-21 10:56:00,99.12,99.21,99.12,99.17,40
2026-05-21 10:57:00,99.19,99.2,99.19,99.19,9
2026-05-21 10:58:00,99.18,99.2,99.18,99.2,3
2026-05-21 10:59:00,99.18,99.24,99.18,99.21,40
2026-05-21 11:00:00,99.24,99.26,99.18,99.24,31
2026-05-21 11:01:00,99.27,99.4,99.27,99.36,118
2026-05-21 11:02:00,99.37,99.37,99.29,99.32,41
2026-05-21 11:03:00,99.33,99.36,99.28,99.3,16
2026-05-21 11:04:00,99.31,99.31,99.21,99.22,59
2026-05-21 11:05:00,99.21,99.22,99.16,99.2,67
2026-05-21 11:06:00,99.18,99.19,99.15,99.19,34
2026-05-21 11:07:00,99.18,99.18,99.12,99.16,17
2026-05-21 11:08:00,99.16,99.23,99.16,99.2,12
2026-05-21 11:09:00,99.2,99.21,99.17,99.21,10
2026-05-21 11:10:00,99.2,99.21,99.18,99.2,8
2026-05-21 11:11:00,99.19,99.35,99.19,99.34,50
2026-05-21 11:12:00,99.34,99.4,99.34,99.39,103
2026-05-21 11:13:00,99.4,99.4,99.3,99.32,62
2026-05-21 11:14:00,99.31,99.35,99.31,99.35,12
2026-05-21 11:15:00,99.34,99.39,99.34,99.37,17
2026-05-21 11:16:00,99.37,99.42,99.37,99.39,25
2026-05-21 11:17:00,99.42,99.73,99.41,99.72,198
2026-05-21 11:18:00,99.7,100.06,99.66,99.82,471
2026-05-21 11:19:00,99.8,99.8,99.48,99.48,265
2026-05-21 11:20:00,99.49,99.57,99.46,99.51,62
2026-05-21 11:21:00,99.51,99.55,99.44,99.45,54
2026-05-21 11:22:00,99.47,99.47,99.26,99.4,135
2026-05-21 11:23:00,99.36,99.37,99.34,99.35,22
2026-05-21 11:24:00,99.34,99.37,99.28,99.32,22
2026-05-21 11:25:00,99.34,99.48,99.32,99.36,75
2026-05-21 11:26:00,99.34,99.41,99.33,99.41,30
2026-05-21 11:27:00,99.39,99.4,99.32,99.34,11
2026-05-21 11:28:00,99.36,99.39,99.34,99.38,9
2026-05-21 11:29:00,99.4,99.42,99.37,99.42,12
2026-05-21 11:30:00,99.45,99.48,99.25,99.25,105
2026-05-21 11:31:00,99.29,99.34,99.26,99.3,41
2026-05-21 11:32:00,99.25,99.27,99.18,99.21,64
2026-05-21 11:33:00,99.22,99.26,99.19,99.22,73
2026-05-21 11:34:00,99.24,99.29,99.21,99.26,35
2026-05-21 11:35:00,99.25,99.28,99.21,99.22,12
2026-05-21 11:36:00,99.2,99.23,99.18,99.22,41
2026-05-21 11:37:00,99.25,99.26,99.0,99.07,202
2026-05-21 11:38:00,99.06,99.12,99.06,99.08,34
2026-05-21 11:39:00,99.08,99.22,99.07,99.2,94
2026-05-21 11:40:00,99.22,99.31,99.19,99.29,85
2026-05-21 11:41:00,99.29,99.32,99.26,99.32,38
2026-05-21 11:42:00,99.3,99.44,99.3,99.39,112
2026-05-21 11:43:00,99.42,99.48,99.42,99.45,45
2026-05-21 11:44:00,99.44,99.46,99.42,99.44,35
2026-05-21 11:45:00,99.42,99.46,99.39,99.46,32
2026-05-21 11:46:00,99.46,99.59,99.46,99.56,51
2026-05-21 11:47:00,99.54,99.72,99.54,99.69,156
2026-05-21 11:48:00,99.7,99.76,99.67,99.75,56
2026-05-21 11:49:00,99.76,99.77,99.63,99.63,73
2026-05-21 11:50:00,99.66,99.7,99.66,99.7,27
2026-05-21 11:51:00,99.66,99.82,98.8,99.12,1581
2026-05-21 11:52:00,99.11,99.13,98.93,99.11,191
2026-05-21 11:53:00,99.08,99.15,98.99,99.07,177
2026-05-21 11:54:00,99.07,99.26,99.07,99.23,107
2026-05-21 11:55:00,99.2,99.2,99.06,99.16,64
2026-05-21 11:56:00,99.17,99.23,99.12,99.21,57
2026-05-21 11:57:00,99.24,99.26,99.11,99.14,64
2026-05-21 11:58:00,99.14,99.19,99.14,99.18,61
2026-05-21 11:59:00,99.22,99.34,99.18,99.29,93
2026-05-21 12:00:00,99.28,99.37,99.24,99.28,96
2026-05-21 12:01:00,99.28,99.35,99.25,99.33,65
2026-05-21 12:02:00,99.35,99.38,99.31,99.31,25
2026-05-21 12:03:00,99.29,99.34,99.25,99.32,44
2026-05-21 12:04:00,99.35,99.39,99.33,99.36,33
2026-05-21 12:05:00,99.36,99.48,99.36,99.45,77
2026-05-21 12:06:00,99.43,99.57,99.42,99.56,48
2026-05-21 12:07:00,99.57,99.57,99.46,99.49,33
2026-05-21 12:08:00,99.48,99.54,99.43,99.51,32
2026-05-21 12:09:00,99.54,99.57,99.52,99.54,59
2026-05-21 12:10:00,99.56,99.6,99.56,99.57,29
2026-05-21 12:11:00,99.55,99.6,99.55,99.58,17
2026-05-21 12:12:00,99.57,99.65,99.55,99.55,35
2026-05-21 12:13:00,99.56,99.66,99.54,99.66,26
2026-05-21 12:14:00,99.66,99.68,99.62,99.66,37
2026-05-21 12:15:00,99.66,99.69,99.61,99.69,54
2026-05-21 12:16:00,99.7,99.78,99.7,99.71,46
2026-05-21 12:17:00,99.72,99.77,99.72,99.74,55
2026-05-21 12:18:00,99.74,99.85,99.69,99.85,57
2026-05-21 12:19:00,99.84,99.84,99.72,99.77,56
2026-05-21 12:20:00,99.8,99.81,99.71,99.76,50
2026-05-21 12:21:00,99.77,99.79,99.72,99.74,30
2026-05-21 12:22:00,99.74,99.8,99.7,99.74,36
2026-05-21 12:23:00,99.72,99.72,99.53,99.53,72
2026-05-21 12:24:00,99.57,99.6,99.53,99.56,44
2026-05-21 12:25:00,99.57,99.61,99.55,99.55,29
2026-05-21 12:26:00,99.56,99.66,99.55,99.62,70
2026-05-21 12:27:00,99.61,99.63,99.51,99.53,69
2026-05-21 12:28:00,99.55,99.59,99.52,99.55,59
2026-05-21 12:29:00,99.56,99.63,99.55,99.55,36
2026-05-21 12:30:00,99.58,99.73,99.54,99.73,74
2026-05-21 12:31:00,99.74,99.81,99.72,99.73,71
2026-05-21 12:32:00,99.76,99.77,99.71,99.77,29
2026-05-21 12:33:00,99.75,99.75,99.69,99.72,32
2026-05-21 12:34:00,99.74,99.79,99.73,99.74,23
2026-05-21 12:35:00,99.74,99.74,99.7,99.7,18
2026-05-21 12:36:00,99.73,99.78,99.7,99.72,20
2026-05-21 12:37:00,99.7,99.74,99.66,99.74,40
2026-05-21 12:38:00,99.72,99.81,99.72,99.78,28
2026-05-21 12:39:00,99.78,99.78,99.76,99.78,15
2026-05-21 12:40:00,99.76,99.93,99.75,99.85,111
2026-05-21 12:41:00,99.85,99.9,99.85,99.88,79
2026-05-21 12:42:00,99.88,99.9,99.8,99.86,58
2026-05-21 12:43:00,99.82,99.85,99.77,99.77,33
2026-05-21 12:44:00,99.78,99.83,99.74,99.78,47
2026-05-21 12:45:00,99.76,99.76,99.71,99.74,41
2026-05-21 12:46:00,99.75,99.82,99.75,99.79,29
2026-05-21 12:47:00,99.79,99.79,99.73,99.76,11
2026-05-21 12:48:00,99.76,99.81,99.68,99.81,48
2026-05-21 12:49:00,99.81,99.88,99.8,99.85,66
2026-05-21 12:50:00,99.82,99.82,99.73,99.79,33
2026-05-21 12:51:00,99.8,99.82,99.75,99.8,25
2026-05-21 12:52:00,99.8,99.81,99.78,99.78,12
2026-05-21 12:53:00,99.77,99.8,99.64,99.68,57
2026-05-21 12:54:00,99.67,99.68,99.63,99.65,91
2026-05-21 12:55:00,99.66,99.77,99.64,99.72,55
2026-05-21 12:56:00,99.71,99.74,99.67,99.74,52
2026-05-21 12:57:00,99.69,99.73,99.64,99.67,24
2026-05-21 12:58:00,99.66,99.69,99.63,99.65,27
2026-05-21 12:59:00,99.65,99.66,99.62,99.64,21
2026-05-21 13:00:00,99.63,99.64,99.6,99.62,41
2026-05-21 13:01:00,99.62,99.66,99.56,99.56,67
2026-05-21 13:02:00,99.56,99.56,99.45,99.5,88
2026-05-21 13:03:00,99.52,99.54,99.49,99.53,22
2026-05-21 13:04:00,99.51,99.52,99.45,99.47,46
2026-05-21 13:05:00,99.47,99.56,99.47,99.54,46
2026-05-21 13:06:00,99.54,99.54,99.41,99.5,56
2026-05-21 13:07:00,99.5,99.5,99.45,99.47,44
2026-05-21 13:08:00,99.49,99.5,99.38,99.4,58
2026-05-21 13:09:00,99.41,99.41,99.28,99.31,91
2026-05-21 13:10:00,99.32,99.39,99.3,99.37,68
2026-05-21 13:11:00,99.39,99.39,99.29,99.3,51
2026-05-21 13:12:00,99.31,99.41,99.31,99.39,27
2026-05-21 13:13:00,99.4,99.44,99.33,99.39,66
2026-05-21 13:14:00,99.38,99.41,99.37,99.41,13
2026-05-21 13:15:00,99.43,99.47,99.41,99.42,45
2026-05-21 13:16:00,99.43,99.43,99.38,99.42,52
2026-05-21 13:17:00,99.42,99.42,99.24,99.26,126
2026-05-21 13:18:00,99.27,99.42,99.27,99.38,76
2026-05-21 13:19:00,99.38,99.4,99.35,99.38,24
2026-05-21 13:20:00,99.38,99.42,99.37,99.42,35
2026-05-21 13:21:00,99.42,99.42,99.34,99.35,56
2026-05-21 13:22:00,99.34,99.38,99.28,99.37,54
2026-05-21 13:23:00,99.37,99.38,99.33,99.38,16
2026-05-21 13:24:00,99.38,99.45,99.38,99.4,44
2026-05-21 13:25:00,99.38,99.4,99.35,99.38,40
2026-05-21 13:26:00,99.39,99.42,99.35,99.36,44
2026-05-21 13:27:00,99.37,99.39,99.35,99.39,98
2026-05-21 13:28:00,99.4,99.4,99.33,99.34,97
2026-05-21 13:29:00,99.33,99.33,99.28,99.28,51
2026-05-21 13:30:00,99.28,99.33,99.21,99.31,163
2026-05-21 13:31:00,99.31,99.31,99.18,99.29,85
2026-05-21 13:32:00,99.27,99.27,99.09,99.12,79
2026-05-21 13:33:00,99.11,99.13,98.91,98.97,171
2026-05-21 13:34:00,99.0,99.02,98.68,98.83,250
2026-05-21 13:35:00,98.82,98.89,98.76,98.83,135
2026-05-21 13:36:00,98.85,98.88,98.76,98.83,112
2026-05-21 13:37:00,98.82,98.88,98.78,98.84,47
2026-05-21 13:38:00,98.8,98.86,98.79,98.81,115
2026-05-21 13:39:00,98.8,98.82,98.7,98.7,103
2026-05-21 13:40:00,98.7,98.76,98.59,98.61,139
2026-05-21 13:41:00,98.62,98.64,98.04,98.2,727
2026-05-21 13:42:00,98.19,98.38,98.16,98.22,290
2026-05-21 13:43:00,98.2,98.25,98.15,98.18,97
2026-05-21 13:44:00,98.18,98.29,98.15,98.27,83
2026-05-21 13:45:00,98.26,98.26,98.1,98.16,104
2026-05-21 13:46:00,98.17,98.34,98.12,98.3,107
2026-05-21 13:47:00,98.3,98.47,98.24,98.46,136
2026-05-21 13:48:00,98.43,98.71,98.42,98.71,164
2026-05-21 13:49:00,98.69,98.79,98.63,98.76,143
2026-05-21 13:50:00,98.74,98.75,98.53,98.67,95
2026-05-21 13:51:00,98.66,98.87,98.65,98.86,116
2026-05-21 13:52:00,98.88,99.02,98.85,98.98,167
2026-05-21 13:53:00,98.98,98.98,98.8,98.89,138
2026-05-21 13:54:00,98.88,98.94,98.85,98.94,63
2026-05-21 13:55:00,98.88,98.88,98.77,98.86,65
2026-05-21 13:56:00,98.89,99.19,98.88,99.18,154
2026-05-21 13:57:00,99.15,99.15,98.95,98.97,204
2026-05-21 13:58:00,98.98,99.1,98.95,98.98,86
2026-05-21 13:59:00,98.96,98.99,98.63,98.73,696
2026-05-21 14:00:00,98.72,99.07,98.72,99.05,318
2026-05-21 14:01:00,99.06,99.15,99.02,99.09,170
2026-05-21 14:02:00,99.08,99.28,99.05,99.25,132
2026-05-21 14:03:00,99.25,99.29,99.16,99.18,145
2026-05-21 14:04:00,99.19,99.29,99.14,99.24,91
2026-05-21 14:05:00,99.23,99.32,99.22,99.3,96
2026-05-21 14:06:00,99.3,99.36,99.24,99.34,114
2026-05-21 14:07:00,99.34,99.34,99.22,99.31,102
2026-05-21 14:08:00,99.29,99.31,99.24,99.29,60
2026-05-21 14:09:00,99.29,99.54,99.29,99.47,250
2026-05-21 14:10:00,99.45,99.55,99.45,99.48,99
2026-05-21 14:11:00,99.48,99.49,99.38,99.44,59
2026-05-21 14:12:00,99.44,99.47,99.41,99.41,25
2026-05-21 14:13:00,99.41,99.48,99.35,99.37,73
2026-05-21 14:14:00,99.39,99.41,99.35,99.4,40
2026-05-21 14:15:00,99.39,99.58,99.36,99.5,154
2026-05-21 14:16:00,99.49,99.56,99.23,99.23,286
2026-05-21 14:17:00,99.2,99.23,99.11,99.14,155
2026-05-21 14:18:00,99.11,99.17,99.01,99.14,111
2026-05-21 14:19:00,99.12,99.23,99.03,99.15,217
2026-05-21 14:20:00,99.16,99.23,98.95,99.0,210
2026-05-21 14:21:00,99.01,99.04,98.89,98.94,124
2026-05-21 14:22:00,98.91,98.99,98.77,98.78,99
2026-05-21 14:23:00,98.77,98.86,98.74,98.76,84
2026-05-21 14:24:00,98.72,98.79,98.66,98.73,179
2026-05-21 14:25:00,98.71,98.77,98.64,98.65,60
2026-05-21 14:26:00,98.64,98.64,98.38,98.4,229
2026-05-21 14:27:00,98.41,98.56,98.41,98.46,117
2026-05-21 14:28:00,98.45,98.47,98.35,98.38,117
2026-05-21 14:29:00,98.37,98.47,98.32,98.47,96
2026-05-21 14:30:00,98.5,98.5,98.35,98.42,97
2026-05-21 14:31:00,98.41,98.5,98.34,98.43,125
2026-05-21 14:32:00,98.43,98.48,98.33,98.35,83
2026-05-21 14:33:00,98.36,98.37,98.19,98.3,183
2026-05-21 14:34:00,98.29,98.38,98.25,98.35,101
2026-05-21 14:35:00,98.38,98.4,98.0,98.08,403
2026-05-21 14:36:00,98.06,98.06,97.86,97.89,246
2026-05-21 14:37:00,97.9,98.31,97.76,98.25,330
2026-05-21 14:38:00,98.28,98.28,98.01,98.04,195
2026-05-21 14:39:00,98.06,98.06,97.88,97.99,124
2026-05-21 14:40:00,98.02,98.24,98.02,98.08,88
2026-05-21 14:41:00,98.0,98.08,97.99,98.06,61
2026-05-21 14:42:00,98.04,98.18,98.01,98.18,81
2026-05-21 14:43:00,98.14,98.19,98.07,98.12,75
2026-05-21 14:44:00,98.18,98.22,98.14,98.16,58
2026-05-21 14:45:00,98.18,98.19,98.06,98.06,77
2026-05-21 14:46:00,98.07,98.18,98.04,98.16,56
2026-05-21 14:47:00,98.15,98.22,98.14,98.19,29
2026-05-21 14:48:00,98.24,98.32,98.24,98.3,69
2026-05-21 14:49:00,98.31,98.32,98.24,98.26,37
2026-05-21 14:50:00,98.29,98.3,98.2,98.22,68
2026-05-21 14:51:00,98.19,98.28,98.19,98.21,108
2026-05-21 14:52:00,98.22,98.31,98.22,98.27,66
2026-05-21 14:53:00,98.28,98.38,98.09,98.09,113
2026-05-21 14:54:00,98.09,98.14,98.04,98.08,58
2026-05-21 14:55:00,98.08,98.18,98.05,98.13,75
2026-05-21 14:56:00,98.13,98.19,98.1,98.17,54
2026-05-21 14:57:00,98.15,98.25,97.9,97.91,188
2026-05-21 14:58:00,97.93,97.94,97.61,97.63,331
2026-05-21 14:59:00,97.66,97.7,97.58,97.65,127
2026-05-21 15:00:00,97.61,97.65,97.25,97.45,453
2026-05-21 15:01:00,97.47,97.59,97.4,97.56,110
2026-05-21 15:02:00,97.55,97.69,97.46,97.56,197
2026-05-21 15:03:00,97.55,97.58,97.5,97.52,44
2026-05-21 15:04:00,97.51,97.64,97.5,97.57,102
2026-05-21 15:05:00,97.55,97.59,97.37,97.45,129
2026-05-21 15:06:00,97.45,97.61,97.44,97.47,87
2026-05-21 15:07:00,97.48,97.53,97.43,97.46,79
2026-05-21 15:08:00,97.46,97.55,97.45,97.5,87
2026-05-21 15:09:00,97.49,97.63,97.46,97.6,145
2026-05-21 15:10:00,97.56,97.62,97.52,97.54,100
2026-05-21 15:11:00,97.52,97.63,97.48,97.53,71
2026-05-21 15:12:00,97.56,97.7,97.49,97.59,224
2026-05-21 15:13:00,97.59,97.7,97.56,97.7,67
2026-05-21 15:14:00,97.71,97.82,97.67,97.82,171
2026-05-21 15:15:00,97.81,97.83,97.74,97.79,89
2026-05-21 15:16:00,97.78,97.81,97.65,97.67,104
2026-05-21 15:17:00,97.67,97.78,97.67,97.68,61
2026-05-21 15:18:00,97.71,97.72,97.61,97.7,76
2026-05-21 15:19:00,97.65,97.71,97.65,97.7,16
2026-05-21 15:20:00,97.73,97.73,97.64,97.7,50
2026-05-21 15:21:00,97.7,97.73,97.6,97.61,48
2026-05-21 15:22:00,97.62,97.71,97.62,97.69,51
2026-05-21 15:23:00,97.69,97.76,97.63,97.73,462
2026-05-21 15:24:00,97.73,97.76,97.67,97.72,146
2026-05-21 15:25:00,97.74,97.84,97.74,97.77,169
2026-05-21 15:26:00,97.79,97.89,97.79,97.84,157
2026-05-21 15:27:00,97.85,97.86,97.78,97.81,253
2026-05-21 15:28:00,97.8,97.8,97.66,97.67,113
2026-05-21 15:29:00,97.67,97.76,97.55,97.59,89
2026-05-21 15:30:00,97.6,97.69,97.55,97.69,94
2026-05-21 15:31:00,97.67,97.68,97.58,97.58,61
2026-05-21 15:32:00,97.56,97.63,97.48,97.62,87
2026-05-21 15:33:00,97.62,97.68,97.54,97.65,101
2026-05-21 15:34:00,97.64,97.69,97.63,97.63,34
2026-05-21 15:35:00,97.66,97.68,97.61,97.66,35
2026-05-21 15:36:00,97.66,97.7,97.63,97.7,36
2026-05-21 15:37:00,97.69,97.74,97.64,97.71,152
2026-05-21 15:38:00,97.71,97.77,97.69,97.72,86
2026-05-21 15:39:00,97.74,97.76,97.67,97.67,83
2026-05-21 15:40:00,97.65,97.68,97.62,97.62,47
2026-05-21 15:41:00,97.63,97.71,97.63,97.66,44
2026-05-21 15:42:00,97.67,97.69,97.59,97.62,33
2026-05-21 15:43:00,97.64,97.69,97.64,97.65,41
2026-05-21 15:44:00,97.64,97.64,97.59,97.59,18
2026-05-21 15:45:00,97.58,97.64,97.57,97.63,33
2026-05-21 15:46:00,97.63,97.65,97.59,97.63,38
2026-05-21 15:47:00,97.62,97.73,97.62,97.72,63
2026-05-21 15:48:00,97.71,97.76,97.7,97.74,47
2026-05-21 15:49:00,97.75,97.89,97.74,97.86,169
2026-05-21 15:50:00,97.86,97.98,97.83,97.96,214
2026-05-21 15:51:00,97.96,98.11,97.96,98.1,73
2026-05-21 15:52:00,98.12,98.17,98.06,98.07,185
2026-05-21 15:53:00,98.09,98.13,97.97,98.01,48
2026-05-21 15:54:00,98.0,98.11,97.98,98.1,83
2026-05-21 15:55:00,98.09,99.1,98.08,99.04,2194
2026-05-21 15:56:00,99.03,99.59,99.0,99.52,1266
2026-05-21 15:57:00,99.53,99.7,99.07,99.46,924
2026-05-21 15:58:00,99.48,99.64,99.43,99.57,416
2026-05-21 15:59:00,99.56,99.8,99.48,99.64,480
2026-05-21 16:00:00,99.63,100.24,99.59,100.15,871
2026-05-21 16:01:00,100.15,100.21,99.97,100.01,747
2026-05-21 16:02:00,100.03,100.16,99.96,100.1,522
2026-05-21 16:03:00,100.03,100.28,100.03,100.17,310
2026-05-21 16:04:00,100.18,100.2,100.01,100.08,345
2026-05-21 16:05:00,100.06,100.08,99.89,100.06,649
2026-05-21 16:06:00,100.07,100.1,99.93,99.98,616
2026-05-21 16:07:00,100.0,100.03,99.78,99.9,473
2026-05-21 16:08:00,99.9,100.16,99.86,100.1,483
2026-05-21 16:09:00,100.13,100.62,100.1,100.56,1022
2026-05-21 16:10:00,100.56,100.87,100.48,100.82,999
2026-05-21 16:11:00,100.81,100.9,100.74,100.87,869
2026-05-21 16:12:00,100.89,101.0,100.7,100.81,1119
2026-05-21 16:13:00,100.77,100.9,100.53,100.53,397
2026-05-21 16:14:00,100.53,100.68,100.46,100.66,318
2026-05-21 16:15:00,100.67,100.83,100.56,100.79,297
2026-05-21 16:16:00,100.79,100.84,100.7,100.72,192
2026-05-21 16:17:00,100.71,100.82,100.57,100.61,219
2026-05-21 16:18:00,100.63,100.84,100.62,100.82,210
2026-05-21 16:19:00,100.83,100.87,100.74,100.79,233
2026-05-21 16:20:00,100.79,100.85,100.7,100.82,292
2026-05-21 16:21:00,100.8,101.0,100.8,100.86,422
2026-05-21 16:22:00,100.86,101.34,100.83,101.28,1452
2026-05-21 16:23:00,101.28,101.3,101.11,101.13,925
2026-05-21 16:24:00,101.11,101.11,100.88,100.97,340
2026-05-21 16:25:00,100.98,101.06,100.91,101.04,341
2026-05-21 16:26:00,101.05,101.12,100.98,101.1,180
2026-05-21 16:27:00,101.11,101.13,100.97,100.99,333
2026-05-21 16:28:00,101.0,101.15,100.98,101.14,177
2026-05-21 16:29:00,101.13,101.14,101.01,101.06,198
2026-05-21 16:30:00,101.08,101.08,100.88,100.99,432
2026-05-21 16:31:00,100.99,101.07,100.94,100.96,247
2026-05-21 16:32:00,100.96,100.96,100.77,100.82,224
2026-05-21 16:33:00,100.82,100.82,100.65,100.67,402
2026-05-21 16:34:00,100.65,100.73,100.52,100.71,1207
2026-05-21 16:35:00,100.73,100.86,100.66,100.81,325
2026-05-21 16:36:00,100.81,100.92,100.8,100.86,162
2026-05-21 16:37:00,100.86,100.92,100.77,100.86,132
2026-05-21 16:38:00,100.87,100.87,100.75,100.76,126
2026-05-21 16:39:00,100.76,100.81,100.69,100.74,152
2026-05-21 16:40:00,100.75,100.75,100.66,100.68,116
2026-05-21 16:41:00,100.7,100.74,100.63,100.64,69
2026-05-21 16:42:00,100.63,100.81,100.63,100.74,109
2026-05-21 16:43:00,100.75,100.75,100.6,100.65,119
2026-05-21 16:44:00,100.66,100.73,100.64,100.67,137
2026-05-21 16:45:00,100.69,100.71,100.65,100.66,72
2026-05-21 16:46:00,100.66,100.7,100.58,100.58,265
2026-05-21 16:47:00,100.6,100.68,100.56,100.65,106
2026-05-21 16:48:00,100.65,100.84,100.65,100.82,242
2026-05-21 16:49:00,100.82,100.82,100.59,100.64,156
2026-05-21 16:50:00,100.64,100.7,100.62,100.68,92
2026-05-21 16:51:00,100.67,100.7,100.41,100.54,611
2026-05-21 16:52:00,100.52,100.52,100.15,100.24,430
2026-05-21 16:53:00,100.25,100.54,100.2,100.54,497
2026-05-21 16:54:00,100.52,100.59,100.48,100.55,214
2026-05-21 16:55:00,100.58,100.62,100.44,100.45,161
2026-05-21 16:56:00,100.46,100.52,100.44,100.47,88
2026-05-21 16:57:00,100.46,100.52,100.42,100.46,76
2026-05-21 16:58:00,100.44,100.44,100.35,100.38,166
2026-05-21 16:59:00,100.39,100.44,100.35,100.38,98
2026-05-21 17:00:00,100.4,100.5,100.4,100.44,155
2026-05-21 17:01:00,100.45,100.5,100.41,100.44,82
2026-05-21 17:02:00,100.45,100.47,100.33,100.44,77
2026-05-21 17:03:00,100.44,100.54,100.41,100.47,120
2026-05-21 17:04:00,100.48,100.56,100.48,100.55,142
2026-05-21 17:05:00,100.55,100.55,100.49,100.49,45
2026-05-21 17:06:00,100.47,100.58,100.39,100.54,168
2026-05-21 17:07:00,100.55,100.65,100.52,100.56,394
2026-05-21 17:08:00,100.56,100.6,100.5,100.52,173
2026-05-21 17:09:00,100.51,100.58,100.49,100.49,134
2026-05-21 17:10:00,100.51,100.55,100.44,100.47,168
2026-05-21 17:11:00,100.48,100.56,100.47,100.51,117
2026-05-21 17:12:00,100.51,100.56,100.42,100.53,425
2026-05-21 17:13:00,100.53,100.53,100.45,100.5,141
2026-05-21 17:14:00,100.5,100.62,100.48,100.62,91
2026-05-21 17:15:00,100.6,100.6,100.54,100.57,62
2026-05-21 17:16:00,100.57,100.63,100.53,100.58,104
2026-05-21 17:17:00,100.57,100.68,100.56,100.56,224
2026-05-21 17:18:00,100.56,100.57,100.5,100.54,102
2026-05-21 17:19:00,100.54,100.55,100.49,100.51,120
2026-05-21 17:20:00,100.53,100.53,100.38,100.39,190
2026-05-21 17:21:00,100.39,100.51,100.38,100.44,165
2026-05-21 17:22:00,100.45,100.48,100.4,100.41,97
2026-05-21 17:23:00,100.39,100.46,100.39,100.46,103
2026-05-21 17:24:00,100.45,100.51,100.45,100.47,77
2026-05-21 17:25:00,100.47,100.62,100.47,100.6,212
2026-05-21 17:26:00,100.61,100.68,100.59,100.62,140
2026-05-21 17:27:00,100.62,100.64,100.61,100.62,65
2026-05-21 17:28:00,100.64,100.71,100.63,100.68,131
2026-05-21 17:29:00,100.67,100.67,100.51,100.59,141
2026-05-21 17:30:00,100.57,100.62,100.53,100.6,107
2026-05-21 17:31:00,100.6,100.61,100.51,100.52,105
2026-05-21 17:32:00,100.52,100.58,100.5,100.56,30
2026-05-21 17:33:00,100.55,100.57,100.51,100.51,42
2026-05-21 17:34:00,100.49,100.6,100.48,100.54,175
2026-05-21 17:35:00,100.53,100.55,100.51,100.54,100
2026-05-21 17:36:00,100.54,100.62,100.54,100.62,83
2026-05-21 17:37:00,100.62,100.64,100.58,100.6,65
2026-05-21 17:38:00,100.59,100.66,100.55,100.61,253
2026-05-21 17:39:00,100.6,100.61,100.54,100.59,31
2026-05-21 17:40:00,100.61,100.69,100.58,100.66,150
2026-05-21 17:41:00,100.67,100.73,100.55,100.72,271
2026-05-21 17:42:00,100.72,100.75,100.69,100.74,148
2026-05-21 17:43:00,100.75,100.87,100.7,100.85,209
2026-05-21 17:44:00,100.85,100.88,100.83,100.87,115
2026-05-21 17:45:00,100.87,100.94,100.81,100.89,250
2026-05-21 17:46:00,100.88,100.9,100.8,100.84,123
2026-05-21 17:47:00,100.85,100.89,100.76,100.89,186
2026-05-21 17:48:00,100.87,100.92,100.81,100.88,104
2026-05-21 17:49:00,100.89,100.96,100.87,100.91,266
2026-05-21 17:50:00,100.92,101.07,100.92,101.05,274
2026-05-21 17:51:00,101.06,101.2,101.06,101.13,1434
2026-05-21 17:52:00,101.14,101.15,101.02,101.1,267
2026-05-21 17:53:00,101.09,101.13,101.04,101.06,98
2026-05-21 17:54:00,101.05,101.15,101.0,101.13,210
2026-05-21 17:55:00,101.12,101.15,101.05,101.07,171
2026-05-21 17:56:00,101.07,101.15,101.07,101.13,108
2026-05-21 17:57:00,101.14,101.14,101.07,101.08,35
2026-05-21 17:58:00,101.08,101.11,101.0,101.08,170
2026-05-21 17:59:00,101.08,101.18,101.07,101.18,105
2026-05-21 18:00:00,101.18,101.29,101.18,101.21,213
2026-05-21 18:01:00,101.2,101.2,101.08,101.17,151
2026-05-21 18:02:00,101.16,101.21,101.15,101.18,99
2026-05-21 18:03:00,101.17,101.17,100.52,100.82,2473
2026-05-21 18:04:00,100.8,100.81,100.5,100.6,784
2026-05-21 18:05:00,100.6,100.81,100.58,100.61,281
2026-05-21 18:06:00,100.6,100.77,100.44,100.59,530
2026-05-21 18:07:00,100.59,100.88,100.57,100.65,525
2026-05-21 18:08:00,100.64,100.71,100.55,100.57,138
2026-05-21 18:09:00,100.57,100.75,100.57,100.65,134
2026-05-21 18:10:00,100.65,100.7,100.51,100.52,268
2026-05-21 18:11:00,100.55,100.7,100.54,100.6,312
2026-05-21 18:12:00,100.58,100.65,100.56,100.62,165
2026-05-21 18:13:00,100.62,100.84,100.59,100.78,240
2026-05-21 18:14:00,100.78,100.78,100.72,100.75,155
2026-05-21 18:15:00,100.73,100.73,100.64,100.7,84
2026-05-21 18:16:00,100.68,100.75,100.58,100.75,230
2026-05-21 18:17:00,100.76,100.77,100.7,100.74,114
2026-05-21 18:18:00,100.76,100.79,100.6,100.68,171
2026-05-21 18:19:00,100.7,100.94,100.69,100.8,575
2026-05-21 18:20:00,100.79,100.83,100.72,100.81,197
2026-05-21 18:21:00,100.8,100.96,100.79,100.9,181
2026-05-21 18:22:00,100.89,101.21,100.89,101.11,464
2026-05-21 18:23:00,101.11,101.13,100.97,101.0,165
2026-05-21 18:24:00,101.0,101.01,100.78,100.83,228
2026-05-21 18:25:00,100.84,100.99,100.8,100.99,233
2026-05-21 18:26:00,101.0,101.06,100.94,100.98,427
2026-05-21 18:27:00,100.97,101.04,100.82,100.99,294
2026-05-21 18:28:00,100.98,101.02,100.93,100.97,102
2026-05-21 18:29:00,100.98,101.1,100.93,101.09,196
2026-05-21 18:30:00,101.09,101.29,101.08,101.17,602
2026-05-21 18:31:00,101.19,101.22,101.11,101.12,254
2026-05-21 18:32:00,101.11,101.12,100.86,100.88,368
2026-05-21 18:33:00,100.89,100.95,100.74,100.92,314
2026-05-21 18:34:00,100.93,100.93,100.81,100.84,274
2026-05-21 18:35:00,100.87,100.99,100.85,100.91,293
2026-05-21 18:36:00,100.9,101.2,100.9,101.09,351
2026-05-21 18:37:00,101.09,101.1,100.97,101.0,163
2026-05-21 18:38:00,101.01,101.47,100.93,101.38,838
2026-05-21 18:39:00,101.37,101.6,101.31,101.46,816
2026-05-21 18:40:00,101.47,101.6,101.47,101.55,523
2026-05-21 18:41:00,101.55,101.84,101.49,101.68,1092
2026-05-21 18:42:00,101.66,101.77,101.58,101.76,535
2026-05-21 18:43:00,101.73,101.99,101.66,101.89,734
2026-05-21 18:44:00,101.9,101.91,101.71,101.8,431
2026-05-21 18:45:00,101.81,102.0,101.77,101.95,632
2026-05-21 18:46:00,101.95,101.95,101.73,101.78,597
2026-05-21 18:47:00,101.77,101.88,101.72,101.73,621
2026-05-21 18:48:00,101.72,101.86,101.69,101.85,290
2026-05-21 18:49:00,101.84,101.94,101.76,101.85,272
2026-05-21 18:50:00,101.85,101.9,101.72,101.76,221
2026-05-21 18:51:00,101.78,101.95,101.75,101.81,421
2026-05-21 18:52:00,101.8,101.87,101.76,101.83,198
2026-05-21 18:53:00,101.84,101.85,101.8,101.8,98
2026-05-21 18:54:00,101.81,102.13,101.81,102.06,758
2026-05-21 18:55:00,102.07,102.11,101.98,102.06,332
2026-05-21 18:56:00,102.06,102.06,101.9,101.99,218
2026-05-21 18:57:00,101.99,102.1,101.98,102.08,376
2026-05-21 18:58:00,102.08,102.19,101.98,102.11,422
2026-05-21 18:59:00,102.12,102.17,101.91,101.93,413
2026-05-21 19:00:00,101.93,102.08,101.85,102.04,452
2026-05-21 19:01:00,102.05,102.26,102.0,102.2,643
2026-05-21 19:02:00,102.21,102.37,102.15,102.28,547
2026-05-21 19:03:00,102.28,102.56,102.25,102.49,792
2026-05-21 19:04:00,102.49,102.51,102.25,102.29,849
2026-05-21 19:05:00,102.3,102.46,102.23,102.43,723
2026-05-21 19:06:00,102.44,102.46,102.22,102.38,410
2026-05-21 19:07:00,102.37,102.43,102.27,102.38,444
2026-05-21 19:08:00,102.37,102.66,102.23,102.5,909
2026-05-21 19:09:00,102.48,102.57,102.38,102.5,562
2026-05-21 19:10:00,102.52,102.64,102.3,102.39,735
2026-05-21 19:11:00,102.41,102.48,102.32,102.36,203
2026-05-21 19:12:00,102.37,102.39,102.18,102.21,400
2026-05-21 19:13:00,102.2,102.3,102.18,102.23,322
2026-05-21 19:14:00,102.22,102.27,102.2,102.25,317
2026-05-21 19:15:00,102.27,102.32,102.14,102.15,241
2026-05-21 19:16:00,102.16,102.19,102.08,102.18,457
2026-05-21 19:17:00,102.18,102.29,102.16,102.19,352
2026-05-21 19:18:00,102.2,102.28,102.2,102.21,252
2026-05-21 19:19:00,102.2,102.25,102.18,102.24,227
2026-05-21 19:20:00,102.24,102.25,102.12,102.16,250
2026-05-21 19:21:00,102.16,102.25,101.59,101.73,1466
2026-05-21 19:22:00,101.73,101.78,101.0,101.11,3876
2026-05-21 19:23:00,101.09,101.31,100.82,100.99,1439
2026-05-21 19:24:00,101.01,101.17,100.37,100.57,1789
2026-05-21 19:25:00,100.58,100.62,100.29,100.49,1247
2026-05-21 19:26:00,100.47,100.81,100.38,100.68,1302
2026-05-21 19:27:00,100.66,100.81,100.51,100.72,630
2026-05-21 19:28:00,100.69,100.73,100.45,100.6,1043
2026-05-21 19:29:00,100.58,100.58,100.45,100.53,580
2026-05-21 19:30:00,100.53,100.66,100.49,100.57,574
2026-05-21 19:31:00,100.57,100.6,100.27,100.44,735
2026-05-21 19:32:00,100.45,100.66,100.37,100.63,614
2026-05-21 19:33:00,100.63,100.8,100.61,100.72,641
2026-05-21 19:34:00,100.74,100.94,100.72,100.87,521
2026-05-21 19:35:00,100.88,100.94,100.77,100.9,347
2026-05-21 19:36:00,100.91,101.11,100.86,100.98,792
2026-05-21 19:37:00,101.0,101.07,100.96,101.0,226
2026-05-21 19:38:00,101.0,101.15,100.97,101.14,272
2026-05-21 19:39:00,101.13,101.13,101.02,101.1,173
2026-05-21 19:40:00,101.1,101.15,100.96,101.01,366
2026-05-21 19:41:00,101.02,101.16,100.97,101.13,297
2026-05-21 19:42:00,101.12,101.18,101.06,101.09,216
2026-05-21 19:43:00,101.08,101.34,101.07,101.28,570
2026-05-21 19:44:00,101.28,101.33,100.72,101.23,1525
2026-05-21 19:45:00,101.24,101.5,101.14,101.4,1045
2026-05-21 19:46:00,101.42,101.56,101.27,101.28,627
2026-05-21 19:47:00,101.26,101.28,101.01,101.06,588
2026-05-21 19:48:00,101.04,101.1,100.98,101.05,442
2026-05-21 19:49:00,101.05,101.21,101.05,101.19,247
2026-05-21 19:50:00,101.2,101.21,101.05,101.12,330
2026-05-21 19:51:00,101.13,101.13,101.01,101.05,269
2026-05-21 19:52:00,101.04,101.06,100.74,100.84,908
2026-05-21 19:53:00,100.83,100.95,100.76,100.92,423
2026-05-21 19:54:00,100.92,100.93,100.81,100.81,411
2026-05-21 19:55:00,100.83,100.83,100.65,100.66,622
2026-05-21 19:56:00,100.67,100.75,100.58,100.59,507
2026-05-21 19:57:00,100.6,100.62,100.44,100.44,450
2026-05-21 19:58:00,100.45,100.67,100.43,100.52,431
2026-05-21 19:59:00,100.55,100.67,100.53,100.59,178
2026-05-21 20:00:00,100.6,100.6,100.46,100.51,1208
2026-05-21 20:01:00,100.5,100.52,100.37,100.47,500
2026-05-21 20:02:00,100.47,100.52,100.39,100.47,254
2026-05-21 20:03:00,100.48,100.63,100.46,100.6,293
2026-05-21 20:04:00,100.6,100.65,100.54,100.64,362
2026-05-21 20:05:00,100.64,100.65,100.56,100.59,178
2026-05-21 20:06:00,100.6,100.71,100.57,100.69,163
2026-05-21 20:07:00,100.69,100.72,100.6,100.6,113
2026-05-21 20:08:00,100.63,100.68,100.59,100.6,141
2026-05-21 20:09:00,100.59,100.66,100.55,100.62,133
2026-05-21 20:10:00,100.63,100.94,100.62,100.89,319
2026-05-21 20:11:00,100.89,101.0,100.86,100.96,277
2026-05-21 20:12:00,100.95,101.08,100.94,100.98,308
2026-05-21 20:13:00,100.98,101.07,100.95,101.06,147
2026-05-21 20:14:00,101.07,101.2,101.06,101.08,184
2026-05-21 20:15:00,101.08,101.13,100.95,100.97,540
2026-05-21 20:16:00,100.98,101.1,100.95,101.07,373
2026-05-21 20:17:00,101.08,101.33,101.02,101.29,409
2026-05-21 20:18:00,101.3,101.41,101.18,101.34,295
2026-05-21 20:19:00,101.35,101.36,101.04,101.08,517
2026-05-21 20:20:00,101.08,101.26,101.04,101.23,365
2026-05-21 20:21:00,101.24,101.24,101.08,101.18,418
2026-05-21 20:22:00,101.2,101.26,101.17,101.25,217
2026-05-21 20:23:00,101.25,101.42,101.22,101.35,301
2026-05-21 20:24:00,101.34,101.35,101.14,101.31,451
2026-05-21 20:25:00,101.31,101.41,101.31,101.34,281
2026-05-21 20:26:00,101.35,101.38,101.29,101.38,154
2026-05-21 20:27:00,101.37,101.44,101.34,101.42,193
2026-05-21 20:28:00,101.42,101.45,101.27,101.33,368
2026-05-21 20:29:00,101.32,101.37,101.23,101.35,159
2026-05-21 20:30:00,101.36,101.46,101.18,101.43,428
2026-05-21 20:31:00,101.42,101.61,101.38,101.57,518
2026-05-21 20:32:00,101.55,101.57,101.43,101.43,260
2026-05-21 20:33:00,101.44,101.48,101.41,101.47,99
2026-05-21 20:34:00,101.5,101.71,101.49,101.63,297
2026-05-21 20:35:00,101.64,101.68,101.57,101.66,204
2026-05-21 20:36:00,101.65,101.89,101.55,101.77,346
2026-05-21 20:37:00,101.77,101.98,101.75,101.86,500
2026-05-21 20:38:00,101.86,102.14,101.86,102.02,985
2026-05-21 20:39:00,102.03,102.12,101.96,101.99,544
2026-05-21 20:40:00,102.02,102.05,101.59,101.68,640
2026-05-21 20:41:00,101.69,101.82,101.68,101.77,350
2026-05-21 20:42:00,101.78,101.81,101.72,101.72,135
2026-05-21 20:43:00,101.72,101.74,101.27,101.44,1274
2026-05-21 20:44:00,101.41,101.58,101.17,101.43,1403
2026-05-21 20:45:00,101.43,101.58,101.31,101.56,326
2026-05-21 20:46:00,101.52,101.56,101.43,101.43,226
2026-05-21 20:47:00,101.44,101.52,101.32,101.38,406
2026-05-21 20:48:00,101.38,101.44,101.35,101.38,198
2026-05-21 20:49:00,101.4,101.61,101.34,101.54,313
2026-05-21 20:50:00,101.56,101.61,101.52,101.57,179
2026-05-21 20:51:00,101.58,101.71,101.55,101.69,266
2026-05-21 20:52:00,101.68,101.69,101.61,101.68,140
2026-05-21 20:53:00,101.65,101.7,101.58,101.67,261
2026-05-21 20:54:00,101.67,101.71,101.59,101.71,170
2026-05-21 20:55:00,101.72,101.83,101.61,101.71,338
2026-05-21 20:56:00,101.73,101.87,101.65,101.8,294
2026-05-21 20:57:00,101.79,102.0,101.75,101.92,404
2026-05-21 20:58:00,101.94,102.0,101.87,101.98,386
2026-05-21 20:59:00,101.96,101.96,101.74,101.77,682
2026-05-21 21:00:00,101.78,101.8,101.6,101.64,641
2026-05-21 21:01:00,101.65,101.71,101.6,101.65,194
2026-05-21 21:02:00,101.63,101.67,101.57,101.65,368
2026-05-21 21:03:00,101.65,101.68,101.53,101.56,334
2026-05-21 21:04:00,101.55,101.6,101.52,101.54,301
2026-05-21 21:05:00,101.54,101.62,101.5,101.61,249
2026-05-21 21:06:00,101.62,101.69,101.56,101.61,236
2026-05-21 21:07:00,101.6,101.6,101.43,101.45,186
2026-05-21 21:08:00,101.45,101.45,101.37,101.41,204
2026-05-21 21:09:00,101.41,101.46,101.38,101.38,221
2026-05-21 21:10:00,101.39,101.43,101.37,101.38,165
2026-05-21 21:11:00,101.38,101.41,101.33,101.4,212
2026-05-21 21:12:00,101.4,101.42,101.33,101.38,190
2026-05-21 21:13:00,101.39,101.42,101.36,101.36,149
2026-05-21 21:14:00,101.37,101.43,101.35,101.39,174
2026-05-21 21:15:00,101.39,101.4,101.18,101.2,534
2026-05-21 21:16:00,101.19,101.23,101.11,101.23,411
2026-05-21 21:17:00,101.23,101.23,101.1,101.11,135
2026-05-21 21:18:00,101.11,101.14,101.01,101.12,548
2026-05-21 21:19:00,101.13,101.13,101.07,101.11,344
2026-05-21 21:20:00,101.11,101.25,101.11,101.2,347
2026-05-21 21:21:00,101.2,101.21,101.15,101.2,177
2026-05-21 21:22:00,101.22,101.23,101.15,101.18,146
2026-05-21 21:23:00,101.17,101.21,101.12,101.13,134
2026-05-21 21:24:00,101.12,101.15,101.0,101.03,282
2026-05-21 21:25:00,101.02,101.03,100.88,100.92,489
2026-05-21 21:26:00,100.91,100.97,100.89,100.9,300
2026-05-21 21:27:00,100.88,100.91,100.76,100.84,302
2026-05-21 21:28:00,100.83,100.87,100.78,100.79,240
2026-05-21 21:29:00,100.78,100.8,100.72,100.73,171
2026-05-21 21:30:00,100.72,100.72,100.23,100.28,1097
2026-05-21 21:31:00,100.29,100.32,99.94,100.19,1331
2026-05-21 21:32:00,100.18,100.23,100.08,100.16,457
2026-05-21 21:33:00,100.14,100.16,99.94,100.09,765
2026-05-21 21:34:00,100.09,100.17,100.02,100.12,347
2026-05-21 21:35:00,100.11,100.11,99.84,99.98,413
2026-05-21 21:36:00,99.98,100.19,99.93,100.13,388
2026-05-21 21:37:00,100.12,100.16,99.88,99.9,569
2026-05-21 21:38:00,99.91,99.96,99.86,99.95,292
2026-05-21 21:39:00,99.93,100.02,99.87,99.9,329
2026-05-21 21:40:00,99.91,99.98,99.79,99.93,630
2026-05-21 21:41:00,99.94,100.12,99.86,99.92,951
2026-05-21 21:42:00,99.91,100.04,99.9,100.01,294
2026-05-21 21:43:00,100.02,100.44,99.99,100.29,1386
2026-05-21 21:44:00,100.31,100.41,100.28,100.32,306
2026-05-21 21:45:00,100.31,100.78,100.25,100.55,652
2026-05-21 21:46:00,100.56,100.57,100.44,100.48,371
2026-05-21 21:47:00,100.46,100.46,100.35,100.36,315
2026-05-21 21:48:00,100.37,100.46,100.33,100.46,390
2026-05-21 21:49:00,100.47,100.54,100.42,100.46,312
2026-05-21 21:50:00,100.47,100.47,100.37,100.42,98
2026-05-21 21:51:00,100.44,100.45,100.35,100.41,137
2026-05-21 21:52:00,100.4,100.68,100.38,100.59,398
2026-05-21 21:53:00,100.61,100.67,100.52,100.56,249
2026-05-21 21:54:00,100.55,100.56,100.39,100.43,152
2026-05-21 21:55:00,100.43,100.55,100.41,100.47,225
2026-05-21 21:56:00,100.5,100.54,100.44,100.49,107
2026-05-21 21:57:00,100.46,100.5,100.37,100.37,122
2026-05-21 21:58:00,100.38,100.48,100.38,100.43,122
2026-05-21 21:59:00,100.42,100.47,100.39,100.42,96
2026-05-21 22:00:00,100.41,100.45,100.21,100.28,301
2026-05-21 22:01:00,100.29,100.35,100.25,100.32,114
2026-05-21 22:02:00,100.32,100.33,100.29,100.3,89
2026-05-21 22:03:00,100.29,100.3,100.17,100.18,94
2026-05-21 22:04:00,100.19,100.24,100.17,100.24,169
2026-05-21 22:05:00,100.25,100.31,100.25,100.3,180
2026-05-21 22:06:00,100.31,100.41,100.26,100.38,161
2026-05-21 22:07:00,100.37,100.38,100.32,100.32,72
2026-05-21 22:08:00,100.32,100.52,100.32,100.48,148
2026-05-21 22:09:00,100.48,100.51,100.41,100.45,77
2026-05-21 22:10:00,100.46,100.52,100.42,100.43,85
2026-05-21 22:11:00,100.44,100.48,100.39,100.46,82
2026-05-21 22:12:00,100.44,100.45,100.37,100.37,32
2026-05-21 22:13:00,100.37,100.43,100.35,100.4,102
2026-05-21 22:14:00,100.39,100.39,100.19,100.2,242
2026-05-21 22:15:00,100.19,100.28,100.15,100.25,379
2026-05-21 22:16:00,100.25,100.33,100.24,100.29,183
2026-05-21 22:17:00,100.28,100.36,100.28,100.32,115
2026-05-21 22:18:00,100.3,100.32,100.26,100.27,204
2026-05-21 22:19:00,100.27,100.36,100.27,100.35,102
2026-05-21 22:20:00,100.34,100.41,100.32,100.41,128
2026-05-21 22:21:00,100.42,100.43,100.32,100.34,182
2026-05-21 22:22:00,100.34,100.35,100.26,100.28,145
2026-05-21 22:23:00,100.3,100.33,100.24,100.26,206
2026-05-21 22:24:00,100.26,100.27,100.22,100.24,150
2026-05-21 22:25:00,100.23,100.27,100.18,100.19,349
2026-05-21 22:26:00,100.18,100.21,100.14,100.18,155
2026-05-21 22:27:00,100.16,100.19,100.08,100.15,202
2026-05-21 22:28:00,100.15,100.17,100.05,100.07,139
2026-05-21 22:29:00,100.06,100.06,100.0,100.01,186
2026-05-21 22:30:00,100.0,100.13,99.94,100.1,316
2026-05-21 22:31:00,100.1,100.16,100.05,100.11,140
2026-05-21 22:32:00,100.1,100.14,100.06,100.1,194
2026-05-21 22:33:00,100.1,100.17,100.08,100.15,157
2026-05-21 22:34:00,100.14,100.18,100.12,100.15,84
2026-05-21 22:35:00,100.13,100.23,100.1,100.22,125
2026-05-21 22:36:00,100.21,100.42,100.2,100.36,382
2026-05-21 22:37:00,100.36,100.42,100.33,100.4,221
2026-05-21 22:38:00,100.39,100.43,100.37,100.4,124
2026-05-21 22:39:00,100.39,100.43,100.34,100.36,576
2026-05-21 22:40:00,100.37,100.38,98.92,99.16,4339
2026-05-21 22:41:00,99.17,99.33,98.84,99.33,1377
2026-05-21 22:42:00,99.3,99.79,99.14,99.44,1588
2026-05-21 22:43:00,99.41,99.82,99.41,99.53,1500
2026-05-21 22:44:00,99.55,99.7,99.13,99.24,1251
2026-05-21 22:45:00,99.25,99.31,98.6,98.74,2201
2026-05-21 22:46:00,98.74,98.76,98.1,98.26,3266
2026-05-21 22:47:00,98.28,98.69,98.04,98.66,2525
2026-05-21 22:48:00,98.65,98.8,98.36,98.42,1185
2026-05-21 22:49:00,98.44,98.56,98.38,98.45,819
2026-05-21 22:50:00,98.45,98.47,97.59,97.67,2228
2026-05-21 22:51:00,97.65,97.86,97.65,97.78,1213
2026-05-21 22:52:00,97.81,98.32,97.75,98.16,1769
2026-05-21 22:53:00,98.18,98.67,98.09,98.44,2454
2026-05-21 22:54:00,98.45,98.47,98.21,98.3,439
2026-05-21 22:55:00,98.31,98.47,98.16,98.44,460
2026-05-21 22:56:00,98.43,98.63,98.32,98.59,637
2026-05-21 22:57:00,98.58,98.59,98.33,98.45,446
2026-05-21 22:58:00,98.47,98.57,98.4,98.42,555
2026-05-21 22:59:00,98.44,98.48,98.32,98.48,380
2026-05-21 23:00:00,98.48,98.62,98.34,98.37,663
2026-05-21 23:01:00,98.38,98.5,98.34,98.35,400
2026-05-21 23:02:00,98.36,98.67,98.36,98.63,419
2026-05-21 23:03:00,98.64,98.88,98.58,98.7,705
2026-05-21 23:04:00,98.72,98.73,98.4,98.4,426
2026-05-21 23:05:00,98.38,98.42,98.24,98.35,393
2026-05-21 23:06:00,98.36,98.42,98.27,98.41,277
2026-05-21 23:07:00,98.4,98.42,98.24,98.3,225
2026-05-21 23:08:00,98.32,98.32,98.17,98.18,345
2026-05-21 23:09:00,98.19,98.24,98.08,98.16,400
2026-05-21 23:10:00,98.17,98.18,98.0,98.01,525
2026-05-21 23:11:00,98.0,98.02,97.5,97.57,1472
2026-05-21 23:12:00,97.58,97.6,97.16,97.27,1666
2026-05-21 23:13:00,97.27,97.5,97.26,97.48,1050
2026-05-21 23:14:00,97.47,97.47,97.25,97.29,804
2026-05-21 23:15:00,97.28,97.46,96.96,97.39,2360
2026-05-21 23:16:00,97.41,97.44,97.26,97.32,608
2026-05-21 23:17:00,97.34,97.34,97.13,97.22,457
2026-05-21 23:18:00,97.19,97.28,97.08,97.11,515
2026-05-21 23:19:00,97.13,97.13,96.46,96.61,1975
2026-05-21 23:20:00,96.58,96.75,96.44,96.61,1415
2026-05-21 23:21:00,96.59,96.59,96.06,96.11,1190
2026-05-21 23:22:00,96.12,96.41,96.01,96.34,1168
2026-05-21 23:23:00,96.37,96.43,96.2,96.23,1038
2026-05-21 23:24:00,96.23,96.26,96.04,96.1,783
2026-05-21 23:25:00,96.09,96.09,95.9,96.01,1752
2026-05-21 23:26:00,96.0,96.13,95.76,95.99,832
2026-05-21 23:27:00,95.96,96.08,95.78,96.07,682
2026-05-21 23:28:00,96.05,96.18,95.78,96.11,1250
2026-05-21 23:29:00,96.1,96.4,96.0,96.33,1002
2026-05-21 23:30:00,96.34,96.49,96.0,96.13,1472
2026-05-21 23:31:00,96.15,96.54,96.02,96.41,1110
2026-05-21 23:32:00,96.4,96.6,96.35,96.55,1167
2026-05-21 23:33:00,96.55,96.55,96.06,96.28,989
2026-05-21 23:34:00,96.25,97.07,96.25,97.04,1908
2026-05-21 23:35:00,97.03,97.26,96.94,97.23,1684
2026-05-21 23:36:00,97.23,97.24,96.76,96.9,1173
2026-05-21 23:37:00,96.87,96.99,96.73,96.8,827
2026-05-21 23:38:00,96.81,96.9,96.67,96.73,592
2026-05-21 23:39:00,96.74,96.81,96.61,96.8,580
2026-05-21 23:40:00,96.81,97.04,96.74,96.95,603
2026-05-21 23:41:00,96.95,97.16,96.75,97.04,857
2026-05-21 23:42:00,97.04,97.15,96.79,96.86,528
2026-05-21 23:43:00,96.85,96.93,96.8,96.83,208
2026-05-21 23:44:00,96.84,96.93,96.68,96.76,1420
2026-05-21 23:45:00,96.74,97.0,96.74,96.92,837
2026-05-21 23:46:00,96.92,97.01,96.83,96.96,495
2026-05-21 23:47:00,96.97,97.05,96.94,96.95,430
2026-05-21 23:48:00,96.97,96.98,96.79,96.87,397
2026-05-21 23:49:00,96.85,96.88,96.75,96.77,713
2026-05-21 23:50:00,96.78,96.81,96.61,96.64,1031
2026-05-21 23:51:00,96.64,96.8,96.52,96.6,1059
2026-05-21 23:52:00,96.61,96.84,96.56,96.82,737
2026-05-21 23:53:00,96.82,96.9,96.75,96.82,791
2026-05-21 23:54:00,96.84,96.84,96.47,96.51,922
2026-05-21 23:55:00,96.52,96.59,96.41,96.49,826
2026-05-21 23:56:00,96.5,96.66,96.49,96.59,575
2026-05-21 23:57:00,96.6,96.78,96.59,96.73,904
2026-05-21 23:58:00,96.74,96.75,96.26,96.28,3246
2026-05-21 23:59:00,96.27,96.34,96.21,96.28,3170
2026-05-22 00:00:00,96.28,96.37,96.19,96.27,1377
2026-05-22 00:01:00,96.27,96.41,96.19,96.36,1107
2026-05-22 00:02:00,96.37,96.42,96.23,96.4,582
2026-05-22 00:03:00,96.41,96.51,96.33,96.34,512
2026-05-22 00:04:00,96.34,96.42,96.31,96.38,299
2026-05-22 00:05:00,96.37,96.45,96.31,96.43,489
2026-05-22 00:06:00,96.41,96.42,96.26,96.34,343
2026-05-22 00:07:00,96.36,96.41,96.29,96.4,183
2026-05-22 00:08:00,96.41,96.64,96.4,96.54,398
2026-05-22 00:09:00,96.53,96.78,96.53,96.72,321
2026-05-22 00:10:00,96.73,96.73,96.43,96.44,329
2026-05-22 00:11:00,96.42,96.48,96.38,96.41,284
2026-05-22 00:12:00,96.41,96.6,96.39,96.55,210
2026-05-22 00:13:00,96.56,96.59,96.45,96.54,256
2026-05-22 00:14:00,96.54,96.55,96.48,96.52,239
2026-05-22 00:15:00,96.51,96.57,96.45,96.48,388
2026-05-22 00:16:00,96.48,96.62,96.48,96.51,205
2026-05-22 00:17:00,96.5,96.59,96.43,96.56,156
2026-05-22 00:18:00,96.54,97.29,96.54,97.1,2227
2026-05-22 00:19:00,97.04,97.34,96.74,97.28,1129
2026-05-22 00:20:00,97.26,97.29,96.97,97.12,986
2026-05-22 00:21:00,97.11,97.16,96.88,96.89,464
2026-05-22 00:22:00,96.9,97.96,96.87,97.75,3427
2026-05-22 00:23:00,97.78,97.94,97.55,97.71,1025
2026-05-22 00:24:00,97.74,98.25,97.35,98.17,2139
2026-05-22 00:25:00,98.16,98.25,97.88,98.13,1378
2026-05-22 00:26:00,98.12,98.3,97.95,98.2,665
2026-05-22 00:27:00,98.21,98.22,97.87,97.96,590
2026-05-22 00:28:00,97.93,98.09,97.87,98.04,207
2026-05-22 00:29:00,98.04,98.08,97.85,98.01,539
2026-05-22 00:30:00,98.01,98.04,97.78,97.88,924
2026-05-22 00:31:00,97.88,98.09,97.69,97.73,386
2026-05-22 00:32:00,97.73,97.94,97.73,97.93,332
2026-05-22 00:33:00,97.91,97.92,97.62,97.62,300
2026-05-22 00:34:00,97.66,97.73,97.58,97.62,314
2026-05-22 00:35:00,97.63,97.72,97.59,97.72,467
2026-05-22 00:36:00,97.73,98.07,97.66,97.93,549
2026-05-22 00:37:00,97.96,98.05,97.87,97.93,502
2026-05-22 00:38:00,97.93,97.95,97.4,97.6,744
2026-05-22 00:39:00,97.61,97.64,97.5,97.51,246
2026-05-22 00:40:00,97.51,97.58,97.37,97.53,452
2026-05-22 00:41:00,97.56,97.69,97.5,97.59,315
2026-05-22 00:42:00,97.59,97.59,97.48,97.55,102
2026-05-22 00:43:00,97.53,97.57,97.47,97.5,100
2026-05-22 00:44:00,97.5,97.52,97.41,97.43,157
2026-05-22 00:45:00,97.44,97.45,97.34,97.36,180
2026-05-22 00:46:00,97.35,97.4,97.28,97.39,212
2026-05-22 00:47:00,97.4,97.61,97.38,97.45,425
2026-05-22 00:48:00,97.44,97.47,97.27,97.37,324
2026-05-22 00:49:00,97.4,97.46,97.35,97.37,106
2026-05-22 00:50:00,97.39,97.48,97.32,97.39,146
2026-05-22 00:51:00,97.39,97.43,97.32,97.34,375
2026-05-22 00:52:00,97.35,97.39,97.23,97.23,152
2026-05-22 00:53:00,97.24,97.39,97.24,97.37,109
2026-05-22 00:54:00,97.36,97.44,97.34,97.4,114
2026-05-22 00:55:00,97.4,97.41,97.28,97.31,148
2026-05-22 00:56:00,97.31,97.38,97.19,97.27,310
2026-05-22 00:57:00,97.27,97.29,97.24,97.29,52
2026-05-22 00:58:00,97.28,97.3,97.18,97.2,133
2026-05-22 00:59:00,97.2,97.5,97.2,97.44,696
2026-05-22 01:00:00,97.46,97.51,97.37,97.48,340
2026-05-22 01:01:00,97.47,97.5,97.43,97.47,219
2026-05-22 01:02:00,97.48,97.51,97.37,97.42,164
2026-05-22 01:03:00,97.41,97.45,97.37,97.43,228
2026-05-22 01:04:00,97.47,97.51,97.42,97.5,207
2026-05-22 01:05:00,97.49,97.49,97.24,97.34,243
2026-05-22 01:06:00,97.31,97.32,97.22,97.29,174
2026-05-22 01:07:00,97.28,97.3,97.18,97.2,69
2026-05-22 01:08:00,97.2,97.24,97.11,97.18,114
2026-05-22 01:09:00,97.17,97.23,97.15,97.15,42
2026-05-22 01:10:00,97.15,97.19,97.06,97.16,200
2026-05-22 01:11:00,97.19,97.23,97.19,97.23,104
2026-05-22 01:12:00,97.24,97.42,97.24,97.39,424
2026-05-22 01:13:00,97.4,97.57,97.4,97.49,257
2026-05-22 01:14:00,97.48,97.5,97.44,97.5,37
2026-05-22 01:15:00,97.51,97.57,97.49,97.49,188
2026-05-22 01:16:00,97.5,97.5,97.43,97.43,72
2026-05-22 01:17:00,97.44,97.53,97.41,97.43,179
2026-05-22 01:18:00,97.44,97.45,97.34,97.36,243
2026-05-22 01:19:00,97.37,97.42,97.36,97.36,108
2026-05-22 01:20:00,97.36,97.37,97.26,97.26,165
2026-05-22 01:21:00,97.29,97.34,97.24,97.3,209
2026-05-22 01:22:00,97.3,97.3,97.23,97.26,49
2026-05-22 01:23:00,97.28,97.73,97.24,97.55,437
2026-05-22 01:24:00,97.55,98.21,97.5,97.98,1286
2026-05-22 01:25:00,97.99,98.16,97.63,97.74,481
2026-05-22 01:26:00,97.8,97.88,97.37,97.65,1193
2026-05-22 01:27:00,97.62,97.63,97.23,97.32,524
2026-05-22 01:28:00,97.32,97.42,97.11,97.32,368
2026-05-22 01:29:00,97.33,97.45,97.29,97.32,206
2026-05-22 01:30:00,97.35,97.4,97.27,97.31,121
2026-05-22 01:31:00,97.28,97.34,97.25,97.29,60
2026-05-22 01:32:00,97.29,97.4,97.21,97.39,67
2026-05-22 01:33:00,97.41,97.55,97.41,97.53,135
2026-05-22 01:34:00,97.48,97.58,97.43,97.46,60
2026-05-22 01:35:00,97.47,97.52,97.37,97.42,56
2026-05-22 01:36:00,97.43,97.53,97.4,97.53,54
2026-05-22 01:37:00,97.52,97.63,97.49,97.51,186
2026-05-22 01:38:00,97.54,97.66,97.46,97.6,151
2026-05-22 01:39:00,97.59,97.63,97.54,97.54,85
2026-05-22 01:40:00,97.54,97.6,97.53,97.54,101
2026-05-22 01:41:00,97.55,97.62,97.54,97.62,85
2026-05-22 01:42:00,97.6,97.6,97.5,97.52,111
2026-05-22 01:43:00,97.53,97.56,97.4,97.52,243
2026-05-22 01:44:00,97.53,97.61,97.5,97.57,109
2026-05-22 01:45:00,97.56,97.57,97.53,97.55,8
2026-05-22 01:46:00,97.56,97.69,97.56,97.69,33
2026-05-22 01:47:00,97.67,97.7,97.6,97.65,127
2026-05-22 01:48:00,97.67,97.67,97.6,97.66,55
2026-05-22 01:49:00,97.68,97.72,97.66,97.7,43
2026-05-22 01:50:00,97.7,97.7,97.62,97.65,36
2026-05-22 01:51:00,97.68,97.69,97.64,97.66,51
2026-05-22 01:52:00,97.69,97.82,97.69,97.79,111
2026-05-22 01:53:00,97.79,97.82,97.73,97.78,94
2026-05-22 01:54:00,97.77,97.89,97.77,97.86,38
2026-05-22 01:55:00,97.83,97.83,97.71,97.71,66
2026-05-22 01:56:00,97.73,97.77,97.69,97.76,35
2026-05-22 01:57:00,97.76,97.8,97.74,97.75,182
2026-05-22 01:58:00,97.76,97.79,97.75,97.75,11
2026-05-22 01:59:00,97.74,97.87,97.72,97.86,45
2026-05-22 02:00:00,97.86,97.91,97.84,97.87,72
2026-05-22 02:01:00,97.87,97.87,97.82,97.84,27
2026-05-22 02:02:00,97.85,97.89,97.83,97.88,32
2026-05-22 02:03:00,97.87,97.94,97.84,97.91,111
2026-05-22 02:04:00,97.92,97.98,97.91,97.95,61
2026-05-22 02:05:00,97.97,97.97,97.93,97.95,16
2026-05-22 02:06:00,97.94,97.99,97.93,97.98,39
2026-05-22 02:07:00,97.99,98.01,97.97,98.0,51
2026-05-22 02:08:00,97.98,98.03,97.98,98.01,19
2026-05-22 02:09:00,98.01,98.03,97.93,97.93,67
2026-05-22 02:10:00,97.96,97.98,97.85,97.91,80
2026-05-22 02:11:00,97.91,97.99,97.91,97.99,80
2026-05-22 02:12:00,97.97,98.04,97.93,98.03,49
2026-05-22 02:13:00,98.02,98.08,98.0,98.07,82
2026-05-22 02:14:00,98.06,98.13,98.06,98.07,54
2026-05-22 02:15:00,98.06,98.08,98.04,98.07,25
2026-05-22 02:16:00,98.07,98.09,98.04,98.06,18
2026-05-22 02:17:00,98.04,98.08,98.03,98.06,43
2026-05-22 02:18:00,98.07,98.14,98.07,98.09,70
2026-05-22 02:19:00,98.1,98.13,98.09,98.13,21
2026-05-22 02:20:00,98.12,98.18,98.09,98.17,38
2026-05-22 02:21:00,98.15,98.18,98.13,98.15,40
2026-05-22 02:22:00,98.14,98.14,98.07,98.1,17
2026-05-22 02:23:00,98.1,98.11,97.99,97.99,54
2026-05-22 02:24:00,98.0,98.07,97.98,98.04,68
2026-05-22 02:25:00,98.07,98.13,98.04,98.09,108
2026-05-22 02:26:00,98.08,98.08,98.04,98.04,22
2026-05-22 02:27:00,98.05,98.05,97.99,97.99,36
2026-05-22 02:28:00,98.0,98.02,97.98,98.0,50
2026-05-22 02:29:00,98.01,98.05,97.96,98.0,130
2026-05-22 03:30:00,98.0,98.0,97.4,97.7,0
2026-05-22 03:31:00,97.7,97.76,97.61,97.72,148
2026-05-22 03:32:00,97.68,97.73,97.6,97.69,61
2026-05-22 03:33:00,97.7,97.71,97.7,97.71,3
2026-05-22 03:34:00,97.71,97.72,97.65,97.69,10
2026-05-22 03:35:00,97.64,97.69,97.56,97.58,25
2026-05-22 03:36:00,97.56,97.56,97.36,97.45,53
2026-05-22 03:37:00,97.48,97.58,97.29,97.43,55
2026-05-22 03:38:00,97.45,97.5,97.45,97.47,24
2026-05-22 03:39:00,97.44,97.5,97.43,97.5,10
2026-05-22 03:40:00,97.5,97.5,97.47,97.5,53
2026-05-22 03:41:00,97.5,97.65,97.5,97.64,86
2026-05-22 03:42:00,97.63,97.65,97.6,97.65,9
2026-05-22 03:43:00,97.63,97.65,97.6,97.6,8
2026-05-22 03:44:00,97.58,97.6,97.58,97.58,13
2026-05-22 03:45:00,97.56,97.66,97.55,97.59,35
2026-05-22 03:46:00,97.61,97.66,97.59,97.66,85
2026-05-22 03:47:00,97.67,97.67,97.67,97.67,2
2026-05-22 03:48:00,97.67,97.79,97.66,97.7,56
2026-05-22 03:49:00,97.7,97.7,97.59,97.6,20
2026-05-22 03:50:00,97.59,97.61,97.59,97.61,21
2026-05-22 03:51:00,97.59,97.59,97.48,97.54,35
2026-05-22 03:52:00,97.55,97.55,97.51,97.51,15
2026-05-22 03:53:00,97.53,97.6,97.52,97.57,15
2026-05-22 03:54:00,97.55,97.58,97.55,97.58,4
2026-05-22 03:55:00,97.57,97.57,97.55,97.55,9
2026-05-22 03:56:00,97.56,97.57,97.56,97.57,4
2026-05-22 03:57:00,97.55,97.55,97.55,97.55,2
2026-05-22 03:58:00,97.58,97.58,97.54,97.54,6
2026-05-22 03:59:00,97.54,97.55,97.53,97.53,8
2026-05-22 04:00:00,97.53,97.57,97.53,97.57,22
2026-05-22 04:01:00,97.56,97.59,97.55,97.55,18
2026-05-22 04:02:00,97.54,97.66,97.53,97.63,54
2026-05-22 04:03:00,97.63,97.63,97.6,97.63,57
2026-05-22 04:04:00,97.61,97.69,97.6,97.69,78
2026-05-22 04:05:00,97.7,97.86,97.7,97.79,107
2026-05-22 04:06:00,97.77,97.77,97.68,97.68,33
2026-05-22 04:07:00,97.68,97.68,97.64,97.65,23
2026-05-22 04:08:00,97.65,97.72,97.65,97.72,29
2026-05-22 04:09:00,97.7,97.77,97.7,97.77,26
2026-05-22 04:10:00,97.77,97.79,97.73,97.78,13
2026-05-22 04:11:00,97.79,97.8,97.78,97.79,10
2026-05-22 04:12:00,97.79,97.79,97.77,97.77,4
2026-05-22 04:13:00,97.81,97.86,97.79,97.79,9
2026-05-22 04:14:00,97.81,97.81,97.79,97.79,4
2026-05-22 04:15:00,97.79,97.81,97.77,97.81,16
2026-05-22 04:16:00,97.78,97.82,97.78,97.82,4
2026-05-22 04:17:00,97.78,97.81,97.78,97.81,4
2026-05-22 04:18:00,97.78,97.8,97.74,97.8,18
2026-05-22 04:19:00,97.79,97.81,97.75,97.75,47
2026-05-22 04:20:00,97.73,97.73,97.72,97.73,10
2026-05-22 04:21:00,97.7,97.73,97.68,97.72,18
2026-05-22 04:22:00,97.74,97.75,97.73,97.73,4
2026-05-22 04:23:00,97.7,97.73,97.67,97.71,42
2026-05-22 04:24:00,97.7,97.71,97.66,97.68,10
2026-05-22 04:25:00,97.68,97.7,97.68,97.69,5
2026-05-22 04:26:00,97.68,97.73,97.68,97.71,10
2026-05-22 04:27:00,97.72,97.75,97.71,97.71,30
2026-05-22 04:28:00,97.71,97.74,97.7,97.73,133
2026-05-22 04:29:00,97.72,97.73,97.72,97.73,28
2026-05-22 04:30:00,97.73,97.74,97.73,97.74,3
2026-05-22 04:31:00,97.72,97.78,97.72,97.77,31
2026-05-22 04:32:00,97.77,97.77,97.75,97.77,13
2026-05-22 04:33:00,97.78,97.82,97.77,97.77,15
2026-05-22 04:34:00,97.8,97.89,97.77,97.89,58
2026-05-22 04:35:00,97.9,97.9,97.86,97.86,3
2026-05-22 04:36:00,97.83,97.85,97.83,97.85,5
2026-05-22 04:37:00,97.85,97.86,97.83,97.85,16
2026-05-22 04:38:00,97.83,97.85,97.83,97.85,2
2026-05-22 04:39:00,97.84,97.84,97.82,97.82,7
2026-05-22 04:40:00,97.81,97.82,97.81,97.81,8
2026-05-22 04:41:00,97.81,97.82,97.81,97.82,3
2026-05-22 04:42:00,97.82,97.83,97.82,97.82,14
2026-05-22 04:43:00,97.81,97.81,97.73,97.76,42
2026-05-22 04:44:00,97.75,97.75,97.75,97.75,3
2026-05-22 04:45:00,97.78,97.79,97.78,97.79,7
2026-05-22 04:46:00,97.78,97.79,97.78,97.79,5
2026-05-22 04:47:00,97.82,97.91,97.82,97.82,89
2026-05-22 04:48:00,97.8,97.8,97.74,97.74,22
2026-05-22 04:49:00,97.73,97.76,97.69,97.76,225
2026-05-22 04:50:00,97.72,97.75,97.69,97.75,94
2026-05-22 04:51:00,97.75,97.75,97.72,97.72,2
2026-05-22 04:52:00,97.74,97.75,97.73,97.75,8
2026-05-22 04:53:00,97.75,97.76,97.75,97.76,3
2026-05-22 04:54:00,97.74,97.74,97.74,97.74,1
2026-05-22 04:55:00,97.74,97.78,97.74,97.76,7
2026-05-22 04:56:00,97.78,97.78,97.74,97.74,5
2026-05-22 04:57:00,97.74,97.74,97.66,97.66,25
2026-05-22 04:58:00,97.66,97.69,97.6,97.62,17
2026-05-22 04:59:00,97.62,97.64,97.62,97.62,7
2026-05-22 05:00:00,97.61,97.62,97.58,97.6,20
2026-05-22 05:01:00,97.62,97.7,97.61,97.7,32
2026-05-22 05:02:00,97.67,97.7,97.63,97.63,19
2026-05-22 05:03:00,97.63,97.63,97.58,97.58,37
2026-05-22 05:04:00,97.58,97.6,97.51,97.53,46
2026-05-22 05:05:00,97.55,97.6,97.55,97.58,32
2026-05-22 05:06:00,97.58,97.58,97.55,97.57,5
2026-05-22 05:07:00,97.58,97.6,97.53,97.6,13
2026-05-22 05:08:00,97.58,97.6,97.56,97.6,16
2026-05-22 05:10:00,97.64,97.65,97.6,97.6,16
2026-05-22 05:11:00,97.62,97.65,97.62,97.62,19
2026-05-22 05:12:00,97.63,97.63,97.62,97.63,3
2026-05-22 05:13:00,97.61,97.68,97.61,97.65,15
2026-05-22 05:14:00,97.65,97.66,97.65,97.66,4
2026-05-22 05:15:00,97.66,97.68,97.66,97.68,2
2026-05-22 05:16:00,97.66,97.66,97.65,97.65,2
2026-05-22 05:17:00,97.64,97.71,97.64,97.67,16
2026-05-22 05:18:00,97.68,97.7,97.65,97.7,13
2026-05-22 05:19:00,97.68,97.77,97.68,97.76,37
2026-05-22 05:20:00,97.76,97.78,97.74,97.77,29
2026-05-22 05:21:00,97.75,97.75,97.73,97.75,9
2026-05-22 05:22:00,97.74,97.77,97.74,97.74,9
2026-05-22 05:23:00,97.72,97.72,97.66,97.68,15
2026-05-22 05:24:00,97.68,97.71,97.68,97.71,19
2026-05-22 05:25:00,97.71,97.73,97.7,97.7,14
2026-05-22 05:26:00,97.72,97.73,97.72,97.73,7
2026-05-22 05:27:00,97.72,97.72,97.71,97.71,4
2026-05-22 05:28:00,97.72,97.77,97.72,97.74,25
2026-05-22 05:29:00,97.73,97.74,97.73,97.74,19
2026-05-22 05:30:00,97.74,97.98,97.72,97.94,224
2026-05-22 05:31:00,97.91,97.94,97.75,97.8,245
2026-05-22 05:32:00,97.81,97.83,97.71,97.74,109
2026-05-22 05:33:00,97.76,97.83,97.73,97.82,64
2026-05-22 05:34:00,97.84,97.84,97.74,97.79,33
2026-05-22 05:35:00,97.78,97.78,97.68,97.72,44
2026-05-22 05:36:00,97.75,97.79,97.72,97.72,49
2026-05-22 05:37:00,97.72,97.76,97.72,97.75,33
2026-05-22 05:38:00,97.73,97.76,97.73,97.73,18
2026-05-22 05:39:00,97.74,97.84,97.73,97.84,22
2026-05-22 05:40:00,97.8,97.85,97.75,97.8,78
2026-05-22 05:41:00,97.78,97.84,97.76,97.84,44
2026-05-22 05:42:00,97.81,97.81,97.76,97.76,26
2026-05-22 05:43:00,97.74,97.74,97.63,97.66,68
2026-05-22 05:44:00,97.68,97.73,97.67,97.73,11
2026-05-22 05:45:00,97.7,97.7,97.63,97.67,21
2026-05-22 05:46:00,97.66,97.71,97.66,97.66,24
2026-05-22 05:47:00,97.65,97.67,97.6,97.67,51
2026-05-22 05:48:00,97.66,97.71,97.66,97.71,18
2026-05-22 05:49:00,97.69,97.72,97.69,97.71,40
2026-05-22 05:50:00,97.73,97.81,97.73,97.81,38
2026-05-22 05:51:00,97.79,97.8,97.71,97.73,26
2026-05-22 05:52:00,97.73,97.83,97.73,97.8,35
2026-05-22 05:53:00,97.8,97.86,97.8,97.84,20
2026-05-22 05:54:00,97.84,97.87,97.84,97.85,33
2026-05-22 05:55:00,97.85,97.92,97.85,97.92,38
2026-05-22 05:56:00,97.9,98.03,97.9,98.03,208
2026-05-22 05:57:00,98.02,98.1,98.0,98.1,64
2026-05-22 05:58:00,98.11,98.15,98.08,98.11,78
2026-05-22 05:59:00,98.12,98.12,98.07,98.07,19
2026-05-22 06:00:00,98.08,98.09,98.04,98.06,53
2026-05-22 06:01:00,98.07,98.13,98.07,98.08,22
2026-05-22 06:02:00,98.08,98.09,98.07,98.09,13
2026-05-22 06:03:00,98.06,98.14,98.05,98.13,25
2026-05-22 06:04:00,98.12,98.14,98.12,98.13,16
2026-05-22 06:05:00,98.13,98.13,98.1,98.12,15
2026-05-22 06:06:00,98.13,98.14,98.13,98.13,10
2026-05-22 06:07:00,98.12,98.13,98.12,98.12,8
2026-05-22 06:08:00,98.1,98.1,98.03,98.05,35
2026-05-22 06:09:00,98.04,98.1,98.03,98.1,14
2026-05-22 06:10:00,98.08,98.09,98.04,98.07,15
2026-05-22 06:11:00,98.08,98.09,98.07,98.07,3
2026-05-22 06:12:00,98.09,98.12,98.09,98.1,25
2026-05-22 06:13:00,98.09,98.12,98.09,98.12,6
2026-05-22 06:14:00,98.08,98.08,98.08,98.08,2
2026-05-22 06:15:00,98.05,98.08,98.0,98.08,51
2026-05-22 06:16:00,98.08,98.08,98.04,98.04,17
2026-05-22 06:17:00,98.03,98.05,98.0,98.03,41
2026-05-22 06:18:00,98.03,98.03,97.96,98.01,51
2026-05-22 06:19:00,98.01,98.03,98.0,98.0,14
2026-05-22 06:20:00,98.01,98.01,97.98,98.0,27
2026-05-22 06:21:00,97.99,98.0,97.88,97.9,60
2026-05-22 06:22:00,97.9,97.92,97.87,97.9,33
2026-05-22 06:23:00,97.89,97.92,97.89,97.92,15
2026-05-22 06:24:00,97.94,97.95,97.89,97.89,37
2026-05-22 06:25:00,97.88,97.88,97.82,97.86,46
2026-05-22 06:26:00,97.84,97.85,97.78,97.79,61
2026-05-22 06:27:00,97.79,97.83,97.78,97.79,66
2026-05-22 06:28:00,97.81,97.81,97.74,97.79,64
2026-05-22 06:29:00,97.8,97.94,97.8,97.93,65
2026-05-22 06:30:00,97.92,97.95,97.8,97.83,98
2026-05-22 06:31:00,97.81,97.88,97.78,97.86,111
2026-05-22 06:32:00,97.85,97.88,97.8,97.87,80
2026-05-22 06:33:00,97.86,97.9,97.83,97.9,25
2026-05-22 06:34:00,97.9,98.14,97.9,98.06,156
2026-05-22 06:35:00,98.04,98.15,98.04,98.11,114
2026-05-22 06:36:00,98.12,98.13,98.07,98.08,32
2026-05-22 06:37:00,98.09,98.1,98.01,98.1,29
2026-05-22 06:38:00,98.06,98.14,98.06,98.09,23
2026-05-22 06:39:00,98.07,98.17,98.07,98.13,42
2026-05-22 06:40:00,98.1,98.24,98.1,98.21,79
2026-05-22 06:41:00,98.2,98.21,98.18,98.2,20
2026-05-22 06:42:00,98.18,98.2,98.14,98.17,46
2026-05-22 06:43:00,98.2,98.23,98.19,98.22,33
2026-05-22 06:44:00,98.21,98.21,98.13,98.2,31
2026-05-22 06:45:00,98.2,98.24,98.17,98.23,85
2026-05-22 06:46:00,98.22,98.24,98.2,98.21,31
2026-05-22 06:47:00,98.23,98.31,98.23,98.31,74
2026-05-22 06:48:00,98.3,98.35,98.22,98.22,74
2026-05-22 06:49:00,98.25,98.28,98.24,98.27,29
2026-05-22 06:50:00,98.26,98.26,98.11,98.13,64
2026-05-22 06:51:00,98.15,98.15,98.03,98.08,52
2026-05-22 06:52:00,98.09,98.14,98.08,98.09,30
2026-05-22 06:53:00,98.09,98.2,98.08,98.18,50
2026-05-22 06:54:00,98.19,98.23,98.18,98.23,11
2026-05-22 06:55:00,98.23,98.29,98.23,98.26,77
2026-05-22 06:56:00,98.25,98.25,98.18,98.18,34
2026-05-22 06:57:00,98.13,98.15,98.13,98.13,9
2026-05-22 06:58:00,98.13,98.13,98.09,98.09,11
2026-05-22 06:59:00,98.08,98.11,98.07,98.09,29
2026-05-22 07:00:00,98.08,98.09,97.97,97.97,138
2026-05-22 07:01:00,97.99,98.01,97.94,97.98,48
2026-05-22 07:02:00,97.98,97.99,97.97,97.99,12
2026-05-22 07:03:00,98.0,98.05,98.0,98.05,27
2026-05-22 07:04:00,98.04,98.08,98.02,98.06,32
2026-05-22 07:05:00,98.05,98.1,98.05,98.06,35
2026-05-22 07:06:00,98.04,98.09,98.04,98.09,16
2026-05-22 07:07:00,98.07,98.13,98.07,98.11,34
2026-05-22 07:08:00,98.09,98.09,98.08,98.08,4
2026-05-22 07:09:00,98.07,98.14,98.07,98.09,54
2026-05-22 07:10:00,98.05,98.08,98.04,98.08,8
2026-05-22 07:11:00,98.1,98.1,98.06,98.06,8
2026-05-22 07:12:00,98.07,98.09,98.04,98.05,20
2026-05-22 07:13:00,98.03,98.04,97.98,97.99,28
2026-05-22 07:14:00,97.98,98.0,97.85,97.88,80
2026-05-22 07:15:00,97.87,97.92,97.86,97.89,18
2026-05-22 07:16:00,97.89,97.9,97.87,97.89,13
2026-05-22 07:17:00,97.89,97.91,97.85,97.88,22
2026-05-22 07:18:00,97.9,97.93,97.88,97.89,32
2026-05-22 07:19:00,97.88,97.88,97.85,97.86,24
2026-05-22 07:20:00,97.85,97.85,97.67,97.76,153
2026-05-22 07:21:00,97.75,97.81,97.73,97.74,50
2026-05-22 07:22:00,97.75,97.81,97.74,97.78,33
2026-05-22 07:23:00,97.78,97.78,97.68,97.68,90
2026-05-22 07:24:00,97.72,97.73,97.62,97.63,53
2026-05-22 07:25:00,97.65,97.72,97.65,97.72,31
2026-05-22 07:26:00,97.73,97.73,97.68,97.68,19
2026-05-22 07:27:00,97.69,97.72,97.66,97.7,47
2026-05-22 07:28:00,97.71,97.71,97.64,97.66,19
2026-05-22 07:29:00,97.66,97.71,97.64,97.69,17
2026-05-22 07:30:00,97.66,97.72,97.66,97.66,17
2026-05-22 07:31:00,97.69,97.7,97.66,97.7,10
2026-05-22 07:32:00,97.68,97.72,97.66,97.71,13
2026-05-22 07:33:00,97.71,97.72,97.69,97.72,9
2026-05-22 07:34:00,97.72,97.74,97.71,97.74,16
2026-05-22 07:35:00,97.75,97.82,97.75,97.8,25
2026-05-22 07:36:00,97.78,97.81,97.77,97.78,52
2026-05-22 07:37:00,97.77,97.79,97.72,97.79,37
2026-05-22 07:38:00,97.8,97.8,97.78,97.78,15
2026-05-22 07:39:00,97.77,97.8,97.75,97.8,61
2026-05-22 07:40:00,97.8,97.84,97.8,97.84,45
2026-05-22 07:41:00,97.82,97.86,97.81,97.84,74
2026-05-22 07:42:00,97.84,97.91,97.83,97.91,84
2026-05-22 07:43:00,97.91,97.92,97.88,97.88,45
2026-05-22 07:44:00,97.89,97.89,97.86,97.88,15
2026-05-22 07:45:00,97.89,97.95,97.89,97.94,42
2026-05-22 07:46:00,97.95,97.97,97.88,97.88,44
2026-05-22 07:47:00,97.88,97.88,97.7,97.72,64
2026-05-22 07:48:00,97.73,97.76,97.73,97.75,21
2026-05-22 07:49:00,97.76,97.82,97.76,97.82,20
2026-05-22 07:50:00,97.8,97.8,97.76,97.76,23
2026-05-22 07:51:00,97.76,97.77,97.68,97.68,26
2026-05-22 07:52:00,97.71,97.72,97.69,97.72,5
2026-05-22 07:53:00,97.74,97.75,97.73,97.75,8
2026-05-22 07:54:00,97.75,97.79,97.75,97.76,19
2026-05-22 07:55:00,97.75,97.84,97.75,97.83,31
2026-05-22 07:56:00,97.84,97.84,97.82,97.83,12
2026-05-22 07:57:00,97.83,97.84,97.83,97.83,11
2026-05-22 07:58:00,97.85,97.85,97.79,97.79,16
2026-05-22 07:59:00,97.8,97.82,97.8,97.81,5
2026-05-22 08:00:00,97.82,97.82,97.75,97.77,29
2026-05-22 08:01:00,97.76,97.76,97.69,97.72,18
2026-05-22 08:02:00,97.69,97.71,97.63,97.64,27
2026-05-22 08:03:00,97.64,97.7,97.64,97.7,26
2026-05-22 08:04:00,97.7,97.72,97.64,97.71,57
2026-05-22 08:05:00,97.73,97.73,97.66,97.67,25
2026-05-22 08:06:00,97.7,97.71,97.69,97.7,7
2026-05-22 08:07:00,97.7,97.73,97.68,97.72,14
2026-05-22 08:08:00,97.7,97.7,97.68,97.7,10
2026-05-22 08:09:00,97.7,97.71,97.56,97.63,78
2026-05-22 08:10:00,97.62,97.64,97.62,97.62,23
2026-05-22 08:11:00,97.59,97.59,97.51,97.54,89
2026-05-22 08:12:00,97.54,97.54,97.42,97.48,68
2026-05-22 08:13:00,97.49,97.54,97.47,97.49,32
2026-05-22 08:14:00,97.47,97.51,97.45,97.5,27
2026-05-22 08:15:00,97.49,97.51,97.48,97.51,15
2026-05-22 08:16:00,97.5,97.56,97.47,97.48,22
2026-05-22 08:17:00,97.45,97.45,97.4,97.43,11
2026-05-22 08:18:00,97.43,97.49,97.42,97.46,45
2026-05-22 08:19:00,97.44,97.44,97.41,97.43,16
2026-05-22 08:20:00,97.42,97.44,97.38,97.38,28
2026-05-22 08:21:00,97.36,97.45,97.33,97.42,54
2026-05-22 08:22:00,97.43,97.47,97.43,97.44,34
2026-05-22 08:23:00,97.44,97.48,97.44,97.48,57
2026-05-22 08:24:00,97.51,97.51,97.46,97.47,20
2026-05-22 08:25:00,97.48,97.49,97.46,97.46,23
2026-05-22 08:26:00,97.47,97.54,97.47,97.5,38
2026-05-22 08:27:00,97.5,97.52,97.44,97.44,55
2026-05-22 08:28:00,97.43,97.46,97.41,97.46,13
2026-05-22 08:29:00,97.47,97.48,97.45,97.47,30
2026-05-22 08:30:00,97.44,97.44,97.33,97.38,89
2026-05-22 08:31:00,97.37,97.41,97.35,97.37,32
2026-05-22 08:32:00,97.37,97.4,97.35,97.4,26
2026-05-22 08:33:00,97.41,97.46,97.4,97.45,19
2026-05-22 08:34:00,97.44,97.45,97.39,97.4,27
2026-05-22 08:35:00,97.4,97.44,97.39,97.44,20
2026-05-22 08:36:00,97.43,97.44,97.39,97.4,27
2026-05-22 08:37:00,97.39,97.39,97.34,97.37,22
2026-05-22 08:38:00,97.36,97.45,97.36,97.44,35
2026-05-22 08:39:00,97.42,97.43,97.4,97.4,9
2026-05-22 08:40:00,97.39,97.39,97.34,97.36,31
2026-05-22 08:41:00,97.35,97.35,97.24,97.28,80
2026-05-22 08:42:00,97.29,97.33,97.29,97.33,11
2026-05-22 08:43:00,97.33,97.38,97.31,97.38,30
2026-05-22 08:44:00,97.38,97.38,97.36,97.37,18
2026-05-22 08:45:00,97.37,97.41,97.35,97.37,41
2026-05-22 08:46:00,97.37,97.4,97.35,97.4,18
2026-05-22 08:47:00,97.37,97.39,97.36,97.37,14
2026-05-22 08:48:00,97.38,97.57,97.38,97.52,346
2026-05-22 08:49:00,97.51,97.51,97.48,97.49,28
2026-05-22 08:50:00,97.49,97.49,97.46,97.47,17
2026-05-22 08:51:00,97.47,97.47,97.44,97.45,25
2026-05-22 08:52:00,97.49,97.53,97.48,97.48,24
2026-05-22 08:53:00,97.47,97.49,97.47,97.49,5
2026-05-22 08:54:00,97.51,97.53,97.51,97.53,5
2026-05-22 08:55:00,97.49,97.49,97.45,97.45,4
2026-05-22 08:56:00,97.47,97.48,97.47,97.48,8
2026-05-22 08:57:00,97.48,97.49,97.45,97.49,12
2026-05-22 08:58:00,97.47,97.47,97.46,97.46,2
2026-05-22 08:59:00,97.49,97.55,97.49,97.55,6
2026-05-22 09:00:00,97.53,97.54,97.48,97.52,33
2026-05-22 09:01:00,97.54,97.54,97.51,97.52,30
2026-05-22 09:02:00,97.52,97.53,97.49,97.51,13
2026-05-22 09:03:00,97.5,97.5,97.45,97.45,10
2026-05-22 09:04:00,97.47,97.48,97.47,97.48,7
2026-05-22 09:05:00,97.48,97.48,97.46,97.46,3
2026-05-22 09:06:00,97.46,97.49,97.46,97.47,8
2026-05-22 09:07:00,97.46,97.5,97.45,97.45,20
2026-05-22 09:08:00,97.44,97.46,97.44,97.46,16
2026-05-22 09:09:00,97.44,97.44,97.42,97.43,11
2026-05-22 09:10:00,97.44,97.44,97.43,97.43,5
2026-05-22 09:11:00,97.44,97.45,97.43,97.45,4
2026-05-22 09:12:00,97.45,97.45,97.44,97.44,7
2026-05-22 09:13:00,97.42,97.44,97.42,97.44,14
2026-05-22 09:14:00,97.45,97.48,97.44,97.48,12
2026-05-22 09:15:00,97.47,97.47,97.45,97.47,6
2026-05-22 09:16:00,97.45,97.46,97.44,97.46,6
2026-05-22 09:17:00,97.46,97.46,97.44,97.44,8
2026-05-22 09:18:00,97.44,97.45,97.43,97.45,4
2026-05-22 09:19:00,97.45,97.45,97.45,97.45,5
2026-05-22 09:20:00,97.44,97.48,97.43,97.48,32
2026-05-22 09:21:00,97.47,97.53,97.47,97.53,18
2026-05-22 09:22:00,97.53,97.53,97.51,97.53,26
2026-05-22 09:23:00,97.51,97.52,97.51,97.52,4
2026-05-22 09:24:00,97.5,97.5,97.48,97.5,5
2026-05-22 09:25:00,97.5,97.51,97.5,97.51,17
2026-05-22 09:26:00,97.5,97.5,97.5,97.5,3
2026-05-22 09:27:00,97.5,97.5,97.46,97.46,15
2026-05-22 09:28:00,97.45,97.46,97.44,97.46,12
2026-05-22 09:30:00,97.48,97.48,97.45,97.47,9
2026-05-22 09:31:00,97.47,97.47,97.45,97.47,13
2026-05-22 09:32:00,97.46,97.47,97.46,97.47,4
2026-05-22 09:33:00,97.45,97.46,97.45,97.46,16
2026-05-22 09:34:00,97.45,97.45,97.43,97.43,2
2026-05-22 09:35:00,97.42,97.42,97.34,97.37,101
2026-05-22 09:36:00,97.34,97.34,97.26,97.28,61
2026-05-22 09:37:00,97.28,97.28,97.22,97.22,54
2026-05-22 09:38:00,97.22,97.26,97.22,97.25,32
2026-05-22 09:39:00,97.26,97.28,97.18,97.28,264
2026-05-22 09:40:00,97.28,97.3,97.25,97.3,43
2026-05-22 09:41:00,97.3,97.3,97.27,97.27,24
2026-05-22 09:42:00,97.28,97.28,97.21,97.22,37
2026-05-22 09:43:00,97.23,97.23,97.21,97.22,12
2026-05-22 09:44:00,97.22,97.24,97.22,97.22,11
2026-05-22 09:45:00,97.2,97.26,97.2,97.26,19
2026-05-22 09:46:00,97.26,97.26,97.25,97.25,9
2026-05-22 09:47:00,97.26,97.26,97.25,97.25,3
2026-05-22 09:48:00,97.25,97.25,97.12,97.16,89
2026-05-22 09:49:00,97.14,97.16,97.14,97.14,21
2026-05-22 09:50:00,97.15,97.15,97.07,97.12,49
2026-05-22 09:51:00,97.12,97.12,96.97,96.99,266
2026-05-22 09:52:00,96.99,97.03,96.92,97.02,123
2026-05-22 09:53:00,97.01,97.05,97.01,97.05,11
2026-05-22 09:54:00,97.04,97.11,97.04,97.09,49
2026-05-22 09:55:00,97.09,97.11,97.09,97.11,15
2026-05-22 09:56:00,97.13,97.21,97.13,97.2,40
2026-05-22 09:57:00,97.21,97.28,97.21,97.28,55
2026-05-22 09:58:00,97.27,97.27,97.24,97.27,17
2026-05-22 09:59:00,97.28,97.28,97.25,97.25,12
2026-05-22 10:00:00,97.27,97.32,97.27,97.28,24
2026-05-22 10:01:00,97.3,97.3,97.24,97.24,33
2026-05-22 10:02:00,97.23,97.24,97.23,97.24,7
2026-05-22 10:03:00,97.24,97.24,97.21,97.23,44
2026-05-22 10:04:00,97.22,97.25,97.22,97.25,13
2026-05-22 10:05:00,97.25,97.26,97.25,97.25,4
2026-05-22 10:06:00,97.26,97.31,97.26,97.29,41
2026-05-22 10:07:00,97.28,97.28,97.24,97.24,18
2026-05-22 10:08:00,97.22,97.23,97.22,97.23,3
2026-05-22 10:09:00,97.24,97.24,97.24,97.24,1
2026-05-22 10:10:00,97.23,97.23,97.23,97.23,1
2026-05-22 10:11:00,97.24,97.24,97.24,97.24,3
2026-05-22 10:12:00,97.24,97.33,97.24,97.32,67
2026-05-22 10:13:00,97.3,97.31,97.29,97.29,11
2026-05-22 10:14:00,97.28,97.3,97.28,97.28,6
2026-05-22 10:15:00,97.31,97.32,97.3,97.32,4
2026-05-22 10:16:00,97.31,97.32,97.25,97.26,20
2026-05-22 10:17:00,97.26,97.26,97.23,97.25,17
2026-05-22 10:18:00,97.24,97.24,97.21,97.23,9
2026-05-22 10:19:00,97.24,97.3,97.24,97.29,20
2026-05-22 10:20:00,97.28,97.3,97.27,97.27,15
2026-05-22 10:21:00,97.28,97.34,97.28,97.33,9
2026-05-22 10:22:00,97.34,97.34,97.33,97.33,4
2026-05-22 10:23:00,97.33,97.35,97.3,97.33,28
2026-05-22 10:24:00,97.33,97.36,97.32,97.36,13
2026-05-22 10:25:00,97.36,97.43,97.36,97.4,52
2026-05-22 10:26:00,97.4,97.4,97.35,97.36,20
2026-05-22 10:27:00,97.34,97.34,97.34,97.34,3
2026-05-22 10:28:00,97.35,97.38,97.35,97.36,18
2026-05-22 10:29:00,97.34,97.35,97.34,97.35,6
2026-05-22 10:30:00,97.34,97.41,97.34,97.39,89
2026-05-22 10:31:00,97.37,97.38,97.34,97.37,92
2026-05-22 10:32:00,97.37,97.38,97.36,97.38,13
2026-05-22 10:33:00,97.4,97.43,97.4,97.4,20
2026-05-22 10:34:00,97.36,97.47,97.35,97.42,98
2026-05-22 10:35:00,97.42,97.42,97.41,97.41,12
2026-05-22 10:36:00,97.41,97.42,97.38,97.39,8
2026-05-22 10:37:00,97.38,97.42,97.38,97.42,6
2026-05-22 10:38:00,97.4,97.4,97.4,97.4,6
2026-05-22 10:39:00,97.42,97.46,97.42,97.46,9
2026-05-22 10:40:00,97.44,97.51,97.44,97.51,22
2026-05-22 10:41:00,97.51,97.64,97.49,97.63,54
2026-05-22 10:42:00,97.63,97.7,97.63,97.65,64
2026-05-22 10:43:00,97.64,97.68,97.62,97.68,30
2026-05-22 10:44:00,97.65,97.73,97.64,97.71,48
2026-05-22 10:45:00,97.71,97.71,97.66,97.68,31
2026-05-22 10:46:00,97.7,97.75,97.7,97.75,31
2026-05-22 10:47:00,97.74,97.74,97.68,97.71,26
2026-05-22 10:48:00,97.69,97.7,97.67,97.67,7
2026-05-22 10:49:00,97.67,97.68,97.67,97.67,6
2026-05-22 10:50:00,97.68,97.74,97.67,97.73,38
2026-05-22 10:51:00,97.7,97.71,97.7,97.7,4
2026-05-22 10:52:00,97.7,97.71,97.69,97.69,7
2026-05-22 10:53:00,97.7,97.74,97.69,97.73,22
2026-05-22 10:54:00,97.74,97.74,97.72,97.72,14
2026-05-22 10:55:00,97.71,97.71,97.62,97.66,80
2026-05-22 10:56:00,97.66,97.66,97.62,97.66,25
2026-05-22 10:57:00,97.66,97.66,97.66,97.66,1
2026-05-22 10:58:00,97.66,97.7,97.64,97.69,27
2026-05-22 10:59:00,97.68,97.7,97.68,97.7,3
2026-05-22 11:00:00,97.68,97.77,97.66,97.72,39
2026-05-22 11:01:00,97.74,97.75,97.69,97.72,23
2026-05-22 11:02:00,97.74,97.75,97.72,97.75,7
2026-05-22 11:03:00,97.77,97.77,97.73,97.73,7
2026-05-22 11:04:00,97.73,97.84,97.73,97.81,40
2026-05-22 11:05:00,97.83,97.9,97.83,97.86,59
2026-05-22 11:06:00,97.85,97.85,97.76,97.76,28
2026-05-22 11:07:00,97.75,97.75,97.71,97.74,15
2026-05-22 11:08:00,97.8,97.8,97.8,97.8,4
2026-05-22 11:09:00,97.76,97.76,97.75,97.75,2
2026-05-22 11:10:00,97.76,97.77,97.7,97.73,12
2026-05-22 11:11:00,97.72,97.72,97.68,97.68,29
2026-05-22 11:12:00,97.69,97.74,97.69,97.74,16
2026-05-22 11:13:00,97.73,97.77,97.72,97.77,11
2026-05-22 11:14:00,97.77,97.78,97.77,97.78,13
2026-05-22 11:15:00,97.76,97.77,97.75,97.75,14
2026-05-22 11:16:00,97.74,97.74,97.72,97.73,23
2026-05-22 11:17:00,97.73,97.76,97.73,97.76,7
2026-05-22 11:18:00,97.78,97.83,97.78,97.8,22
2026-05-22 11:19:00,97.81,97.82,97.77,97.77,8
2026-05-22 11:20:00,97.78,97.85,97.78,97.83,17
2026-05-22 11:21:00,97.83,97.83,97.82,97.82,5
2026-05-22 11:22:00,97.86,97.91,97.86,97.86,44
2026-05-22 11:23:00,97.89,97.98,97.89,97.95,41
2026-05-22 11:24:00,97.94,98.03,97.94,97.99,93
2026-05-22 11:25:00,97.99,98.0,97.95,97.98,43
2026-05-22 11:26:00,97.98,98.22,97.94,98.22,200
2026-05-22 11:27:00,98.21,98.5,98.18,98.44,222
2026-05-22 11:28:00,98.43,98.55,98.41,98.45,248
2026-05-22 11:29:00,98.45,98.48,98.31,98.38,108
2026-05-22 11:30:00,98.38,98.73,98.38,98.62,469
2026-05-22 11:31:00,98.59,98.66,98.44,98.44,107
2026-05-22 11:32:00,98.45,98.51,98.41,98.41,61
2026-05-22 11:33:00,98.4,98.4,98.3,98.34,76
2026-05-22 11:34:00,98.32,98.32,98.18,98.21,106
2026-05-22 11:35:00,98.21,98.3,98.19,98.24,50
2026-05-22 11:36:00,98.26,98.31,98.22,98.3,80
2026-05-22 11:37:00,98.28,98.29,98.21,98.23,76
2026-05-22 11:38:00,98.22,98.23,98.21,98.22,19
2026-05-22 11:39:00,98.2,98.26,98.2,98.24,44
2026-05-22 11:40:00,98.26,98.32,98.26,98.3,23
2026-05-22 11:41:00,98.32,98.32,98.3,98.31,25
2026-05-22 11:42:00,98.33,98.36,98.28,98.28,32
2026-05-22 11:43:00,98.27,98.28,98.23,98.25,24
2026-05-22 11:44:00,98.23,98.26,98.22,98.22,17
2026-05-22 11:45:00,98.23,98.28,98.12,98.12,85
2026-05-22 11:46:00,98.12,98.13,97.98,97.98,163
2026-05-22 11:47:00,97.98,98.08,97.97,98.08,42
2026-05-22 11:48:00,98.1,98.14,98.06,98.14,30
2026-05-22 11:49:00,98.12,98.14,98.09,98.1,32
2026-05-22 11:50:00,98.08,98.13,98.07,98.12,20
2026-05-22 11:51:00,98.1,98.2,98.06,98.16,63
2026-05-22 11:52:00,98.14,98.14,98.05,98.09,30
2026-05-22 11:53:00,98.09,98.16,98.09,98.13,20
2026-05-22 11:54:00,98.14,98.19,98.11,98.16,36
2026-05-22 11:55:00,98.09,98.14,98.08,98.11,60
2026-05-22 11:56:00,98.08,98.09,98.02,98.09,25
2026-05-22 11:57:00,98.07,98.08,97.99,98.08,50
2026-05-22 11:58:00,98.08,98.09,98.03,98.05,12
2026-05-22 11:59:00,98.08,98.08,97.98,97.99,48
2026-05-22 12:00:00,97.98,98.06,97.92,98.04,99
2026-05-22 12:01:00,98.06,98.06,98.0,98.03,33
2026-05-22 12:02:00,98.01,98.03,98.0,98.01,20
2026-05-22 12:03:00,98.01,98.04,98.0,98.01,24
2026-05-22 12:04:00,98.03,98.09,98.03,98.06,20
2026-05-22 12:05:00,98.08,98.11,98.05,98.09,71
2026-05-22 12:06:00,98.09,98.11,98.07,98.08,32
2026-05-22 12:07:00,98.1,98.1,98.08,98.08,12
2026-05-22 12:08:00,98.09,98.11,98.04,98.08,25
2026-05-22 12:09:00,98.06,98.1,98.06,98.09,15
2026-05-22 12:10:00,98.09,98.09,98.07,98.07,11
2026-05-22 12:11:00,98.08,98.08,98.0,98.02,27
2026-05-22 12:12:00,98.04,98.06,97.94,97.94,44
2026-05-22 12:13:00,97.94,97.97,97.93,97.96,20
2026-05-22 12:14:00,97.98,98.07,97.93,98.05,55
2026-05-22 12:15:00,98.05,98.08,98.01,98.08,34
2026-05-22 12:16:00,98.08,98.22,98.08,98.21,278
2026-05-22 12:17:00,98.2,98.32,98.17,98.32,104
2026-05-22 12:18:00,98.33,98.33,98.19,98.26,70
2026-05-22 12:19:00,98.26,98.34,98.26,98.34,147
2026-05-22 12:20:00,98.34,98.34,98.3,98.3,26
2026-05-22 12:21:00,98.31,98.32,98.25,98.27,18
2026-05-22 12:22:00,98.26,98.3,98.25,98.26,35
2026-05-22 12:23:00,98.28,98.33,98.25,98.33,54
2026-05-22 12:24:00,98.33,98.35,98.29,98.35,74
2026-05-22 12:25:00,98.33,98.33,98.17,98.17,152
2026-05-22 12:26:00,98.17,98.18,98.13,98.15,137
2026-05-22 12:27:00,98.14,98.14,98.02,98.04,140
2026-05-22 12:28:00,98.03,98.05,97.95,98.0,142
2026-05-22 12:29:00,98.0,98.02,97.98,98.0,21
2026-05-22 12:30:00,97.98,98.14,97.95,98.14,122
2026-05-22 12:31:00,98.15,98.21,98.14,98.21,123
2026-05-22 12:32:00,98.2,98.24,98.19,98.22,52
2026-05-22 12:33:00,98.21,98.21,98.08,98.15,159
2026-05-22 12:34:00,98.16,98.21,98.14,98.15,59
2026-05-22 12:35:00,98.15,98.15,98.07,98.11,102
2026-05-22 12:36:00,98.11,98.15,98.07,98.07,70
2026-05-22 12:37:00,98.06,98.13,98.06,98.07,67
2026-05-22 12:38:00,98.08,98.12,98.05,98.11,59
2026-05-22 12:39:00,98.12,98.15,98.07,98.08,30
2026-05-22 12:40:00,98.05,98.12,98.05,98.09,117
2026-05-22 12:41:00,98.09,98.14,98.06,98.08,36
2026-05-22 12:42:00,98.09,98.32,98.09,98.23,174
2026-05-22 12:43:00,98.25,98.28,98.23,98.26,80
2026-05-22 12:44:00,98.25,98.53,98.24,98.52,438
2026-05-22 12:45:00,98.51,98.52,98.42,98.48,207
2026-05-22 12:46:00,98.47,98.56,98.45,98.47,135
2026-05-22 12:47:00,98.47,98.49,98.37,98.37,74
2026-05-22 12:48:00,98.38,98.52,98.38,98.45,163
2026-05-22 12:49:00,98.44,98.46,98.2,98.21,179
2026-05-22 12:50:00,98.18,98.19,98.11,98.13,133
2026-05-22 12:51:00,98.12,98.13,98.03,98.09,103
2026-05-22 12:52:00,98.11,98.21,98.05,98.09,160
2026-05-22 12:53:00,98.1,98.13,98.0,98.0,106
2026-05-22 12:54:00,98.01,98.08,98.0,98.02,87
2026-05-22 12:55:00,98.04,98.11,98.03,98.11,126
2026-05-22 12:56:00,98.1,98.19,98.09,98.09,179
2026-05-22 12:57:00,98.09,98.09,97.99,98.01,41
2026-05-22 12:58:00,98.02,98.2,98.02,98.15,204
2026-05-22 12:59:00,98.14,98.17,98.11,98.16,59
2026-05-22 13:00:00,98.17,98.29,98.17,98.22,70
2026-05-22 13:01:00,98.21,98.6,98.21,98.56,253
2026-05-22 13:02:00,98.56,98.58,98.43,98.55,129
2026-05-22 13:03:00,98.55,98.81,98.55,98.65,359
2026-05-22 13:04:00,98.65,98.71,98.65,98.69,46
2026-05-22 13:05:00,98.71,98.77,98.67,98.69,113
2026-05-22 13:06:00,98.68,98.76,98.68,98.71,62
2026-05-22 13:07:00,98.68,98.76,98.6,98.64,275
2026-05-22 13:08:00,98.66,98.8,98.62,98.77,229
2026-05-22 13:09:00,98.76,98.8,98.64,98.77,177
2026-05-22 13:10:00,98.76,98.87,98.74,98.74,147
2026-05-22 13:11:00,98.76,98.78,98.7,98.78,32
2026-05-22 13:12:00,98.78,98.78,98.65,98.65,135
2026-05-22 13:13:00,98.65,98.66,98.59,98.66,92
2026-05-22 13:14:00,98.63,98.64,98.58,98.63,50
2026-05-22 13:15:00,98.62,98.72,98.62,98.65,61
2026-05-22 13:16:00,98.65,98.78,98.65,98.76,77
2026-05-22 13:17:00,98.76,98.93,98.76,98.86,233
2026-05-22 13:18:00,98.85,98.85,98.7,98.72,135
2026-05-22 13:19:00,98.72,98.76,98.67,98.7,123
2026-05-22 13:20:00,98.7,98.8,98.64,98.64,74
2026-05-22 13:21:00,98.68,98.72,98.63,98.71,158
2026-05-22 13:22:00,98.71,98.72,98.68,98.7,40
2026-05-22 13:23:00,98.7,98.77,98.68,98.74,76
2026-05-22 13:24:00,98.77,98.77,98.67,98.7,72
2026-05-22 13:25:00,98.72,98.82,98.68,98.75,153
2026-05-22 13:26:00,98.74,98.77,98.67,98.68,92
2026-05-22 13:27:00,98.64,98.65,98.49,98.51,229
2026-05-22 13:28:00,98.5,98.58,98.5,98.5,99
2026-05-22 13:29:00,98.51,98.55,98.43,98.46,145
2026-05-22 13:30:00,98.46,98.46,98.31,98.34,176
2026-05-22 13:31:00,98.34,98.4,98.26,98.3,110
2026-05-22 13:32:00,98.3,98.44,98.3,98.43,116
2026-05-22 13:33:00,98.43,98.51,98.35,98.37,112
2026-05-22 13:34:00,98.38,98.4,98.3,98.39,77
2026-05-22 13:35:00,98.39,98.48,98.37,98.43,63
2026-05-22 13:36:00,98.44,98.5,98.35,98.38,87
2026-05-22 13:37:00,98.39,98.65,98.39,98.62,113
2026-05-22 13:38:00,98.64,98.68,98.56,98.65,152
2026-05-22 13:39:00,98.66,98.68,98.4,98.48,198
2026-05-22 13:40:00,98.48,98.61,98.48,98.59,118
2026-05-22 13:41:00,98.6,98.69,98.58,98.63,132
2026-05-22 13:42:00,98.61,98.66,98.53,98.59,97
2026-05-22 13:43:00,98.56,98.57,98.51,98.53,68
2026-05-22 13:44:00,98.52,98.59,98.48,98.56,86
2026-05-22 13:45:00,98.54,98.54,98.09,98.22,546
2026-05-22 13:46:00,98.22,98.4,98.18,98.31,220
2026-05-22 13:47:00,98.32,98.38,98.22,98.28,259
2026-05-22 13:48:00,98.28,98.47,98.21,98.39,200
2026-05-22 13:49:00,98.4,98.45,98.31,98.41,183
2026-05-22 13:50:00,98.39,98.5,98.26,98.38,164
2026-05-22 13:51:00,98.38,98.72,98.36,98.7,261
2026-05-22 13:52:00,98.72,98.74,98.58,98.61,202
2026-05-22 13:53:00,98.64,98.64,98.55,98.57,50
2026-05-22 13:54:00,98.58,98.67,98.57,98.62,83
2026-05-22 13:55:00,98.6,98.64,98.54,98.58,144
2026-05-22 13:56:00,98.59,98.64,98.55,98.6,119
2026-05-22 13:57:00,98.6,98.65,98.59,98.63,134
2026-05-22 13:58:00,98.61,98.67,98.57,98.6,193
2026-05-22 13:59:00,98.59,98.64,98.36,98.38,445
2026-05-22 14:00:00,98.39,98.5,98.33,98.46,355
2026-05-22 14:01:00,98.46,98.7,98.46,98.64,249
2026-05-22 14:02:00,98.64,98.79,98.64,98.73,106
2026-05-22 14:03:00,98.73,98.82,98.7,98.79,111
2026-05-22 14:04:00,98.8,99.4,98.77,99.18,1171
2026-05-22 14:05:00,99.18,99.43,99.14,99.14,631
2026-05-22 14:06:00,99.15,99.33,98.96,99.0,369
2026-05-22 14:07:00,99.01,99.04,98.84,98.84,274
2026-05-22 14:08:00,98.84,98.84,98.55,98.66,470
2026-05-22 14:09:00,98.68,98.8,98.67,98.79,134
2026-05-22 14:10:00,98.77,98.89,98.75,98.79,270
2026-05-22 14:11:00,98.78,98.81,98.73,98.78,79
2026-05-22 14:12:00,98.81,98.81,98.69,98.7,52
2026-05-22 14:13:00,98.72,98.81,98.66,98.71,99
2026-05-22 14:14:00,98.71,98.93,98.7,98.88,234
2026-05-22 14:15:00,98.86,98.87,98.79,98.87,35
2026-05-22 14:16:00,98.87,98.87,98.76,98.83,99
2026-05-22 14:17:00,98.84,98.84,98.76,98.78,52
2026-05-22 14:18:00,98.76,98.78,98.71,98.77,62
2026-05-22 14:19:00,98.77,98.86,98.76,98.77,90
2026-05-22 14:20:00,98.78,98.82,98.59,98.6,94
2026-05-22 14:21:00,98.6,98.62,98.51,98.54,101
2026-05-22 14:22:00,98.52,98.63,98.38,98.4,206
2026-05-22 14:23:00,98.39,98.57,98.3,98.43,477
2026-05-22 14:24:00,98.42,98.42,98.27,98.3,170
2026-05-22 14:25:00,98.33,98.46,98.3,98.45,143
2026-05-22 14:26:00,98.44,98.5,98.35,98.5,75
2026-05-22 14:27:00,98.51,98.52,98.45,98.49,53
2026-05-22 14:28:00,98.48,98.68,98.47,98.65,110
2026-05-22 14:29:00,98.68,98.75,98.64,98.7,92
2026-05-22 14:30:00,98.72,98.83,98.72,98.8,91
2026-05-22 14:31:00,98.82,99.01,98.8,99.0,117
2026-05-22 14:32:00,99.0,99.0,98.82,98.9,112
2026-05-22 14:33:00,98.9,99.05,98.9,99.02,85
2026-05-22 14:34:00,99.03,99.04,98.9,98.96,79
2026-05-22 14:35:00,98.95,98.98,98.91,98.92,100
2026-05-22 14:36:00,98.94,99.0,98.92,98.97,40
2026-05-22 14:37:00,99.0,99.07,98.93,98.93,62
2026-05-22 14:38:00,98.93,98.94,98.87,98.91,79
2026-05-22 14:39:00,98.89,98.95,98.85,98.89,56
2026-05-22 14:40:00,98.9,98.97,98.87,98.88,65
2026-05-22 14:41:00,98.89,99.04,98.89,99.02,71
2026-05-22 14:42:00,99.03,99.03,98.99,98.99,26
2026-05-22 14:43:00,99.0,99.0,98.94,98.96,75
2026-05-22 14:44:00,98.93,99.04,98.93,98.99,68
2026-05-22 14:45:00,99.0,99.0,98.88,98.88,37
2026-05-22 14:46:00,98.89,98.96,98.89,98.96,48
2026-05-22 14:47:00,98.97,99.05,98.94,99.05,100
2026-05-22 14:48:00,99.03,99.07,98.94,98.94,34
2026-05-22 14:49:00,98.95,99.04,98.94,99.02,46
2026-05-22 14:50:00,99.02,99.04,98.98,98.98,24
2026-05-22 14:51:00,98.99,99.02,98.92,98.98,66
2026-05-22 14:52:00,98.95,98.95,98.78,98.81,99
2026-05-22 14:53:00,98.81,98.9,98.8,98.88,81
2026-05-22 14:54:00,98.87,98.91,98.85,98.89,41
2026-05-22 14:55:00,98.9,98.96,98.9,98.92,66
2026-05-22 14:56:00,98.93,98.95,98.87,98.91,36
2026-05-22 14:57:00,98.89,98.91,98.8,98.81,161
2026-05-22 14:58:00,98.83,98.86,98.81,98.83,70
2026-05-22 14:59:00,98.85,98.89,98.79,98.8,72
2026-05-22 15:00:00,98.81,98.85,98.71,98.74,135
2026-05-22 15:01:00,98.73,98.73,98.61,98.65,85
2026-05-22 15:02:00,98.63,98.66,98.56,98.61,53
2026-05-22 15:03:00,98.62,98.72,98.62,98.68,50
2026-05-22 15:04:00,98.68,98.68,98.49,98.54,134
2026-05-22 15:05:00,98.55,98.55,98.35,98.35,128
2026-05-22 15:06:00,98.35,98.36,98.12,98.14,281
2026-05-22 15:07:00,98.12,98.13,97.89,97.98,355
2026-05-22 15:08:00,97.98,98.16,97.95,98.07,146
2026-05-22 15:09:00,98.06,98.14,98.03,98.12,76
2026-05-22 15:10:00,98.11,98.3,98.11,98.23,176
2026-05-22 15:11:00,98.24,98.3,98.2,98.27,135
2026-05-22 15:12:00,98.26,98.34,98.23,98.28,78
2026-05-22 15:13:00,98.27,98.3,98.24,98.26,60
2026-05-22 15:14:00,98.26,98.44,98.23,98.39,111
2026-05-22 15:15:00,98.4,98.43,98.37,98.41,43
2026-05-22 15:16:00,98.45,98.49,98.42,98.48,47
2026-05-22 15:17:00,98.47,98.5,98.43,98.45,33
2026-05-22 15:18:00,98.46,98.62,98.44,98.59,64
2026-05-22 15:19:00,98.58,98.64,98.54,98.56,96
2026-05-22 15:20:00,98.59,98.59,98.46,98.5,66
2026-05-22 15:21:00,98.5,98.54,98.46,98.48,68
2026-05-22 15:22:00,98.46,98.5,98.41,98.43,86
2026-05-22 15:23:00,98.44,98.46,98.38,98.4,69
2026-05-22 15:24:00,98.4,98.44,98.39,98.44,29
2026-05-22 15:25:00,98.44,98.47,98.35,98.39,82
2026-05-22 15:26:00,98.38,98.5,98.33,98.49,222
2026-05-22 15:27:00,98.5,98.64,98.5,98.6,99
2026-05-22 15:28:00,98.59,98.67,98.57,98.67,77
2026-05-22 15:29:00,98.63,98.64,98.5,98.52,83
2026-05-22 15:30:00,98.5,98.5,98.42,98.45,51
2026-05-22 15:31:00,98.45,98.45,98.42,98.42,32
2026-05-22 15:32:00,98.4,98.42,98.35,98.38,110
2026-05-22 15:33:00,98.37,98.4,98.33,98.35,73
2026-05-22 15:34:00,98.35,98.38,98.3,98.38,81
2026-05-22 15:35:00,98.37,98.37,98.17,98.18,154
2026-05-22 15:36:00,98.16,98.18,98.05,98.15,120
2026-05-22 15:37:00,98.13,98.19,98.13,98.16,78
2026-05-22 15:38:00,98.16,98.16,97.99,98.04,121
2026-05-22 15:39:00,98.04,98.07,97.99,98.07,77
2026-05-22 15:40:00,98.06,98.06,97.97,98.01,64
2026-05-22 15:41:00,97.99,97.99,97.9,97.91,87
2026-05-22 15:42:00,97.9,97.92,97.71,97.81,295
2026-05-22 15:43:00,97.79,97.91,97.66,97.91,167
2026-05-22 15:44:00,97.9,98.06,97.87,98.06,127
2026-05-22 15:45:00,98.06,98.24,98.04,98.2,150
2026-05-22 15:46:00,98.21,98.29,98.18,98.21,93
2026-05-22 15:47:00,98.2,98.23,98.15,98.17,58
2026-05-22 15:48:00,98.18,98.19,98.1,98.12,45
2026-05-22 15:49:00,98.11,98.2,98.08,98.2,69
2026-05-22 15:50:00,98.23,98.28,98.18,98.28,73
2026-05-22 15:51:00,98.28,98.32,98.25,98.26,65
2026-05-22 15:52:00,98.26,98.28,98.23,98.27,34
2026-05-22 15:53:00,98.3,98.33,98.29,98.3,67
2026-05-22 15:54:00,98.31,98.33,98.29,98.29,33
2026-05-22 15:55:00,98.28,98.32,98.28,98.31,38
2026-05-22 15:56:00,98.29,98.4,98.27,98.33,99
2026-05-22 15:57:00,98.34,98.41,98.34,98.35,41
2026-05-22 15:58:00,98.35,98.48,98.35,98.48,118
2026-05-22 15:59:00,98.49,98.53,98.44,98.5,73
2026-05-22 16:00:00,98.49,98.5,98.46,98.48,180
2026-05-22 16:01:00,98.49,98.8,98.46,98.71,447
2026-05-22 16:02:00,98.7,98.78,98.67,98.76,112
2026-05-22 16:03:00,98.76,98.76,98.6,98.66,146
2026-05-22 16:04:00,98.66,98.68,98.58,98.67,79
2026-05-22 16:05:00,98.65,98.69,98.48,98.5,131
2026-05-22 16:06:00,98.5,98.55,98.49,98.52,45
2026-05-22 16:07:00,98.51,98.51,98.39,98.39,49
2026-05-22 16:08:00,98.41,98.44,98.32,98.35,107
2026-05-22 16:09:00,98.35,98.4,98.3,98.33,115
2026-05-22 16:10:00,98.34,98.36,98.27,98.33,133
2026-05-22 16:11:00,98.32,98.35,98.25,98.25,39
2026-05-22 16:12:00,98.23,98.3,98.23,98.29,22
2026-05-22 16:13:00,98.35,98.35,98.27,98.29,69
2026-05-22 16:14:00,98.29,98.32,98.26,98.28,40
2026-05-22 16:15:00,98.3,98.37,98.28,98.28,87
2026-05-22 16:16:00,98.28,98.3,98.15,98.16,158
2026-05-22 16:17:00,98.15,98.23,98.13,98.21,64
2026-05-22 16:18:00,98.21,98.22,98.15,98.17,33
2026-05-22 16:19:00,98.19,98.19,98.11,98.13,65
2026-05-22 16:20:00,98.11,98.14,98.08,98.12,86
2026-05-22 16:21:00,98.1,98.23,98.1,98.23,94
2026-05-22 16:22:00,98.22,98.28,98.22,98.27,56
2026-05-22 16:23:00,98.24,98.24,98.15,98.16,74
2026-05-22 16:24:00,98.16,98.27,98.15,98.27,39
2026-05-22 16:25:00,98.27,98.39,98.27,98.32,114
2026-05-22 16:26:00,98.32,98.35,98.31,98.35,57
2026-05-22 16:27:00,98.34,98.35,98.29,98.34,44
2026-05-22 16:28:00,98.35,98.37,98.3,98.3,131
2026-05-22 16:29:00,98.3,98.31,98.23,98.31,55
2026-05-22 16:30:00,98.32,98.33,98.25,98.27,101
2026-05-22 16:31:00,98.25,98.32,98.22,98.3,52
2026-05-22 16:32:00,98.31,98.36,98.17,98.18,134
2026-05-22 16:33:00,98.19,98.31,98.17,98.17,280
2026-05-22 16:34:00,98.18,98.28,98.13,98.25,126
2026-05-22 16:35:00,98.26,98.32,98.25,98.29,41
2026-05-22 16:36:00,98.29,98.29,98.24,98.25,42
2026-05-22 16:37:00,98.26,98.51,98.26,98.51,139
2026-05-22 16:38:00,98.5,98.52,98.45,98.47,121
2026-05-22 16:39:00,98.48,98.48,98.4,98.44,72
2026-05-22 16:40:00,98.43,98.47,98.36,98.36,106
2026-05-22 16:41:00,98.38,98.41,98.36,98.4,33
2026-05-22 16:42:00,98.4,98.48,98.4,98.48,32
2026-05-22 16:43:00,98.48,98.48,98.39,98.41,45
2026-05-22 16:44:00,98.41,98.52,98.39,98.49,132
2026-05-22 16:45:00,98.5,98.52,98.42,98.44,85
2026-05-22 16:46:00,98.44,98.46,98.43,98.45,29
2026-05-22 16:47:00,98.46,98.51,98.46,98.48,31
2026-05-22 16:48:00,98.48,98.51,98.45,98.48,54
2026-05-22 16:49:00,98.46,98.51,98.43,98.49,101
2026-05-22 16:50:00,98.53,98.58,98.52,98.56,113
2026-05-22 16:51:00,98.58,98.61,98.52,98.52,196
2026-05-22 16:52:00,98.51,98.58,98.51,98.54,64
2026-05-22 16:53:00,98.55,98.55,98.48,98.54,134
2026-05-22 16:54:00,98.54,98.63,98.52,98.6,145
2026-05-22 16:55:00,98.6,98.62,98.55,98.55,152
2026-05-22 16:56:00,98.53,98.55,98.51,98.51,93
2026-05-22 16:57:00,98.48,98.54,98.48,98.54,56
2026-05-22 16:58:00,98.54,98.57,98.51,98.53,55
2026-05-22 16:59:00,98.53,98.62,98.53,98.58,68
2026-05-22 17:00:00,98.57,98.61,98.57,98.59,61
2026-05-22 17:01:00,98.58,98.66,98.58,98.6,109
2026-05-22 17:02:00,98.61,98.65,98.53,98.53,63
2026-05-22 17:03:00,98.51,98.51,98.47,98.47,42
2026-05-22 17:04:00,98.47,98.51,98.46,98.48,32
2026-05-22 17:05:00,98.48,98.48,98.41,98.44,29
2026-05-22 17:06:00,98.43,98.43,98.26,98.29,159
2026-05-22 17:07:00,98.27,98.33,98.26,98.28,54
2026-05-22 17:08:00,98.26,98.3,98.14,98.14,154
2026-05-22 17:09:00,98.15,98.2,98.14,98.18,67
2026-05-22 17:10:00,98.16,98.26,98.13,98.16,98
2026-05-22 17:11:00,98.15,98.18,98.03,98.06,153
2026-05-22 17:12:00,98.05,98.08,97.82,97.9,226
2026-05-22 17:13:00,97.91,97.96,97.89,97.92,81
2026-05-22 17:14:00,97.93,97.93,97.66,97.7,203
2026-05-22 17:15:00,97.72,97.73,97.5,97.64,220
2026-05-22 17:16:00,97.64,97.64,97.37,97.44,417
2026-05-22 17:17:00,97.44,97.58,97.16,97.43,692
2026-05-22 17:18:00,97.48,97.61,97.45,97.54,213
2026-05-22 17:19:00,97.51,97.62,97.5,97.57,109
2026-05-22 17:20:00,97.58,97.78,97.58,97.76,272
2026-05-22 17:21:00,97.77,97.91,97.77,97.9,193
2026-05-22 17:22:00,97.88,97.89,97.71,97.75,230
2026-05-22 17:23:00,97.76,97.76,97.58,97.61,216
2026-05-22 17:24:00,97.6,97.66,97.57,97.66,91
2026-05-22 17:25:00,97.66,97.68,97.62,97.66,45
2026-05-22 17:26:00,97.68,97.68,97.54,97.58,56
2026-05-22 17:27:00,97.58,97.62,97.57,97.59,58
2026-05-22 17:28:00,97.58,97.61,97.55,97.61,32
2026-05-22 17:29:00,97.61,97.61,97.51,97.52,81
2026-05-22 17:30:00,97.55,97.69,97.48,97.66,179
2026-05-22 17:31:00,97.65,97.77,97.48,97.51,259
2026-05-22 17:32:00,97.5,97.58,97.41,97.49,276
2026-05-22 17:33:00,97.47,97.7,97.43,97.59,556
2026-05-22 17:34:00,97.6,97.63,97.55,97.63,76
2026-05-22 17:35:00,97.66,97.69,97.47,97.51,127
2026-05-22 17:36:00,97.51,97.56,97.47,97.47,91
2026-05-22 17:37:00,97.48,97.6,97.46,97.6,152
2026-05-22 17:38:00,97.61,97.61,97.46,97.49,92
2026-05-22 17:39:00,97.46,97.49,97.41,97.48,69
2026-05-22 17:40:00,97.51,97.52,97.44,97.45,50
2026-05-22 17:41:00,97.46,97.51,97.43,97.45,86
2026-05-22 17:42:00,97.46,97.5,96.24,96.75,3536
2026-05-22 17:43:00,96.75,96.85,96.33,96.36,1115
2026-05-22 17:44:00,96.35,96.6,96.04,96.15,1331
2026-05-22 17:45:00,96.16,96.25,95.95,96.02,1078
2026-05-22 17:46:00,96.0,96.58,96.0,96.53,840
2026-05-22 17:47:00,96.55,96.78,96.46,96.74,433
2026-05-22 17:48:00,96.73,96.74,96.32,96.33,576
2026-05-22 17:49:00,96.32,96.37,95.65,96.0,1685
2026-05-22 17:50:00,95.98,96.19,95.95,96.1,716
2026-05-22 17:51:00,96.09,96.41,96.09,96.3,584
2026-05-22 17:52:00,96.3,96.49,96.2,96.37,789
2026-05-22 17:53:00,96.39,96.42,96.16,96.21,399
2026-05-22 17:54:00,96.16,96.19,96.03,96.12,577
2026-05-22 17:55:00,96.13,96.35,96.03,96.22,641
2026-05-22 17:56:00,96.24,96.49,96.24,96.42,324
2026-05-22 17:57:00,96.43,96.8,96.39,96.78,756
2026-05-22 17:58:00,96.78,96.88,96.58,96.75,485
2026-05-22 17:59:00,96.76,96.83,96.59,96.61,258
2026-05-22 18:00:00,96.6,96.66,96.5,96.53,199
2026-05-22 18:01:00,96.52,96.55,96.38,96.44,342
2026-05-22 18:02:00,96.46,96.5,96.37,96.48,170
2026-05-22 18:03:00,96.45,96.5,96.34,96.43,156
2026-05-22 18:04:00,96.42,96.48,96.37,96.47,189
2026-05-22 18:05:00,96.48,96.56,96.47,96.51,249
2026-05-22 18:06:00,96.51,96.68,96.47,96.64,393
2026-05-22 18:07:00,96.65,96.65,96.53,96.6,89
2026-05-22 18:08:00,96.6,96.61,96.55,96.57,26
2026-05-22 18:09:00,96.6,96.6,96.48,96.53,106
2026-05-22 18:10:00,96.51,96.73,96.46,96.7,315
2026-05-22 18:11:00,96.69,96.75,96.66,96.67,148
2026-05-22 18:12:00,96.66,96.78,96.65,96.75,124
2026-05-22 18:13:00,96.74,96.95,96.74,96.78,301
2026-05-22 18:14:00,96.79,96.79,96.67,96.72,96
2026-05-22 18:15:00,96.73,96.81,96.7,96.75,153
2026-05-22 18:16:00,96.73,96.78,96.66,96.68,127
2026-05-22 18:17:00,96.7,96.7,96.48,96.54,272
2026-05-22 18:18:00,96.55,96.56,96.39,96.44,142
2026-05-22 18:19:00,96.46,96.5,96.41,96.43,138
2026-05-22 18:20:00,96.42,96.58,96.42,96.57,128
2026-05-22 18:21:00,96.57,96.72,96.54,96.56,214
2026-05-22 18:22:00,96.56,96.58,96.45,96.48,162
2026-05-22 18:23:00,96.49,96.55,96.46,96.47,125
2026-05-22 18:24:00,96.45,96.47,96.36,96.44,161
2026-05-22 18:25:00,96.43,96.54,96.39,96.53,122
2026-05-22 18:26:00,96.53,96.64,96.49,96.6,132
2026-05-22 18:27:00,96.59,96.6,96.51,96.54,84
2026-05-22 18:28:00,96.54,96.54,96.45,96.45,110
2026-05-22 18:29:00,96.43,96.54,96.17,96.22,690
2026-05-22 18:30:00,96.2,96.64,96.1,96.62,678
2026-05-22 18:31:00,96.61,96.82,96.55,96.78,593
2026-05-22 18:32:00,96.76,96.88,96.72,96.77,422
2026-05-22 18:33:00,96.77,96.79,96.59,96.61,336
2026-05-22 18:34:00,96.59,96.75,96.59,96.74,161
2026-05-22 18:35:00,96.72,96.81,96.63,96.79,130
2026-05-22 18:36:00,96.79,96.8,96.6,96.69,214
2026-05-22 18:37:00,96.67,96.68,96.49,96.54,378
2026-05-22 18:38:00,96.55,96.67,96.5,96.55,132
2026-05-22 18:39:00,96.56,96.61,95.94,96.0,1573
2026-05-22 18:40:00,95.99,96.29,95.67,95.85,1107
2026-05-22 18:41:00,95.87,95.97,95.81,95.82,489
2026-05-22 18:42:00,95.83,96.05,95.77,95.81,507
2026-05-22 18:43:00,95.82,96.08,95.46,95.99,1474
2026-05-22 18:44:00,95.99,96.21,95.87,96.16,1001
2026-05-22 18:45:00,96.16,96.25,95.95,96.02,499
2026-05-22 18:46:00,96.02,96.17,95.89,95.94,437
2026-05-22 18:47:00,95.92,96.03,95.86,95.96,300
2026-05-22 18:48:00,95.97,95.98,95.87,95.92,199
2026-05-22 18:49:00,95.92,96.24,95.89,96.06,1197
2026-05-22 18:50:00,96.07,96.11,95.94,95.99,209
2026-05-22 18:51:00,96.0,96.13,95.93,96.12,340
2026-05-22 18:52:00,96.11,96.2,96.05,96.2,218
2026-05-22 18:53:00,96.21,96.31,96.18,96.27,255
2026-05-22 18:54:00,96.26,96.3,96.2,96.29,235
2026-05-22 18:55:00,96.27,96.32,96.22,96.31,134
2026-05-22 18:56:00,96.32,96.39,96.27,96.27,238
2026-05-22 18:57:00,96.27,96.38,96.24,96.34,213
2026-05-22 18:58:00,96.36,96.39,96.3,96.36,228
2026-05-22 18:59:00,96.36,96.6,96.36,96.57,427
2026-05-22 19:00:00,96.59,96.63,96.38,96.39,648
2026-05-22 19:01:00,96.41,96.5,96.39,96.44,437
2026-05-22 19:02:00,96.43,96.59,96.4,96.57,347
2026-05-22 19:03:00,96.56,97.36,96.53,97.2,1670
2026-05-22 19:04:00,97.17,97.17,96.79,96.87,786
2026-05-22 19:05:00,96.86,96.88,96.63,96.73,556
2026-05-22 19:06:00,96.72,96.83,96.67,96.74,293
2026-05-22 19:07:00,96.74,96.76,96.64,96.65,199
2026-05-22 19:08:00,96.65,96.75,96.52,96.74,521
2026-05-22 19:09:00,96.72,96.82,96.7,96.71,258
2026-05-22 19:10:00,96.71,97.17,96.7,97.02,972
2026-05-22 19:11:00,97.0,97.29,96.95,97.12,659
2026-05-22 19:12:00,97.13,97.65,97.02,97.38,2159
2026-05-22 19:13:00,97.39,97.6,97.25,97.3,935
2026-05-22 19:14:00,97.32,97.38,97.23,97.25,362
2026-05-22 19:15:00,97.27,97.3,97.16,97.23,396
2026-05-22 19:16:00,97.23,97.33,97.16,97.3,424
2026-05-22 19:17:00,97.3,97.5,97.29,97.49,308
2026-05-22 19:18:00,97.52,97.72,97.48,97.59,446
2026-05-22 19:19:00,97.6,97.74,97.56,97.73,718
2026-05-22 19:20:00,97.69,98.0,97.69,97.95,1006
2026-05-22 19:21:00,97.92,97.97,97.76,97.81,743
2026-05-22 19:22:00,97.8,97.9,97.78,97.78,239
2026-05-22 19:23:00,97.82,97.92,97.76,97.9,398
2026-05-22 19:24:00,97.92,98.06,97.92,97.97,406
2026-05-22 19:25:00,97.98,98.11,97.95,98.03,377
2026-05-22 19:26:00,98.01,98.07,97.94,98.0,240
2026-05-22 19:27:00,98.01,98.03,97.87,97.89,210
2026-05-22 19:28:00,97.86,97.93,97.82,97.82,198
2026-05-22 19:29:00,97.83,97.85,97.74,97.77,311
2026-05-22 19:30:00,97.78,98.0,97.76,97.92,446
2026-05-22 19:31:00,97.93,98.14,97.88,98.06,291
2026-05-22 19:32:00,98.04,98.17,98.01,98.12,526
2026-05-22 19:33:00,98.1,98.12,97.87,97.88,315
2026-05-22 19:34:00,97.89,97.96,97.81,97.92,275
2026-05-22 19:35:00,97.93,97.99,97.88,97.91,226
2026-05-22 19:36:00,97.91,98.13,97.88,97.89,292
2026-05-22 19:37:00,97.9,97.96,97.84,97.92,161
2026-05-22 19:38:00,97.9,97.94,97.81,97.83,242
2026-05-22 19:39:00,97.84,97.85,97.66,97.76,707
2026-05-22 19:40:00,97.76,97.77,97.66,97.7,259
2026-05-22 19:41:00,97.71,97.83,97.7,97.77,184
2026-05-22 19:42:00,97.77,97.79,97.72,97.78,116
2026-05-22 19:43:00,97.8,97.99,97.8,97.91,196
2026-05-22 19:44:00,97.9,97.92,97.81,97.87,301
2026-05-22 19:45:00,97.86,97.86,97.57,97.61,421
2026-05-22 19:46:00,97.63,97.72,97.53,97.61,397
2026-05-22 19:47:00,97.62,97.67,97.59,97.66,189
2026-05-22 19:48:00,97.67,97.73,97.6,97.67,305
2026-05-22 19:49:00,97.66,97.69,97.62,97.66,137
2026-05-22 19:50:00,97.66,97.75,97.63,97.71,232
2026-05-22 19:51:00,97.74,97.79,97.65,97.66,143
2026-05-22 19:52:00,97.66,97.75,97.63,97.66,188
2026-05-22 19:53:00,97.66,97.76,97.64,97.76,287
2026-05-22 19:54:00,97.77,97.79,97.64,97.68,168
2026-05-22 19:55:00,97.68,97.73,97.59,97.64,297
2026-05-22 19:56:00,97.66,97.66,97.54,97.58,290
2026-05-22 19:57:00,97.6,97.62,97.52,97.56,204
2026-05-22 19:58:00,97.56,97.56,97.47,97.49,192
2026-05-22 19:59:00,97.5,97.62,97.49,97.54,151
2026-05-22 20:00:00,97.56,97.58,97.51,97.51,92
2026-05-22 20:01:00,97.51,97.58,97.44,97.55,287
2026-05-22 20:02:00,97.55,97.57,97.45,97.51,149
2026-05-22 20:03:00,97.5,97.58,97.49,97.55,160
2026-05-22 20:04:00,97.56,97.56,97.4,97.42,236
2026-05-22 20:05:00,97.4,97.44,97.29,97.44,169
2026-05-22 20:06:00,97.43,97.45,97.35,97.4,149
2026-05-22 20:07:00,97.41,97.45,97.39,97.44,162
2026-05-22 20:08:00,97.43,97.61,97.42,97.52,271
2026-05-22 20:09:00,97.51,97.73,97.49,97.7,163
2026-05-22 20:10:00,97.71,97.78,97.67,97.72,189
2026-05-22 20:11:00,97.72,97.76,97.6,97.63,254
2026-05-22 20:12:00,97.64,97.68,97.52,97.54,132
2026-05-22 20:13:00,97.54,97.67,97.53,97.65,277
2026-05-22 20:14:00,97.63,97.64,97.54,97.55,98
2026-05-22 20:15:00,97.55,97.56,97.47,97.49,294
2026-05-22 20:16:00,97.49,97.52,97.37,97.43,213
2026-05-22 20:17:00,97.43,97.49,97.4,97.46,189
2026-05-22 20:18:00,97.46,97.56,97.46,97.49,200
2026-05-22 20:19:00,97.48,97.49,97.34,97.48,437
2026-05-22 20:20:00,97.5,97.63,97.5,97.58,141
2026-05-22 20:21:00,97.57,97.58,97.49,97.52,196
2026-05-22 20:22:00,97.52,97.57,97.47,97.48,93
2026-05-22 20:23:00,97.5,97.54,97.47,97.5,99
2026-05-22 20:24:00,97.5,97.54,97.47,97.53,65
2026-05-22 20:25:00,97.53,97.58,97.48,97.54,154
2026-05-22 20:26:00,97.53,97.56,97.49,97.53,107
2026-05-22 20:27:00,97.54,97.61,97.53,97.57,140
2026-05-22 20:28:00,97.57,97.57,97.48,97.48,124
2026-05-22 20:29:00,97.49,97.61,97.49,97.57,123
2026-05-22 20:30:00,97.57,97.83,97.56,97.82,429
2026-05-22 20:31:00,97.82,97.96,97.78,97.86,364
2026-05-22 20:32:00,97.86,97.87,97.78,97.81,285
2026-05-22 20:33:00,97.82,97.87,97.74,97.74,312
2026-05-22 20:34:00,97.75,97.76,97.67,97.68,219
2026-05-22 20:35:00,97.69,97.7,97.41,97.5,418
2026-05-22 20:36:00,97.5,97.66,97.48,97.63,307
2026-05-22 20:37:00,97.61,97.76,97.55,97.76,366
2026-05-22 20:38:00,97.75,97.83,97.73,97.8,271
2026-05-22 20:39:00,97.82,97.91,97.78,97.82,390
2026-05-22 20:40:00,97.8,97.89,97.78,97.82,368
2026-05-22 20:41:00,97.85,97.87,97.79,97.81,144
2026-05-22 20:42:00,97.82,97.87,97.74,97.81,259
2026-05-22 20:43:00,97.82,97.89,97.73,97.73,731
2026-05-22 20:44:00,97.73,97.79,97.67,97.72,252
2026-05-22 20:45:00,97.73,97.78,97.65,97.65,209
2026-05-22 20:46:00,97.69,97.75,97.63,97.7,185
2026-05-22 20:47:00,97.71,97.77,97.67,97.75,144
2026-05-22 20:48:00,97.75,97.77,97.68,97.72,140
2026-05-22 20:49:00,97.73,97.76,97.65,97.67,139
2026-05-22 20:50:00,97.67,97.68,97.6,97.66,158
2026-05-22 20:51:00,97.67,97.79,97.6,97.66,206
2026-05-22 20:52:00,97.65,97.74,97.65,97.74,129
2026-05-22 20:53:00,97.74,97.81,97.63,97.66,304
2026-05-22 20:54:00,97.67,97.74,97.66,97.73,217
2026-05-22 20:55:00,97.72,97.84,97.68,97.71,273
2026-05-22 20:56:00,97.72,97.82,97.7,97.75,170
2026-05-22 20:57:00,97.74,97.76,97.63,97.64,218
2026-05-22 20:58:00,97.65,97.7,97.49,97.52,541
2026-05-22 20:59:00,97.53,97.7,97.43,97.45,567
2026-05-22 21:00:00,97.44,97.47,97.02,97.04,1046
2026-05-22 21:01:00,97.05,97.21,97.0,97.21,600
2026-05-22 21:02:00,97.19,97.29,97.15,97.21,277
2026-05-22 21:03:00,97.19,97.23,97.12,97.17,122
2026-05-22 21:04:00,97.17,97.22,97.12,97.18,459
2026-05-22 21:05:00,97.2,97.26,97.15,97.16,166
2026-05-22 21:06:00,97.16,97.24,97.11,97.12,243
2026-05-22 21:07:00,97.11,97.18,97.07,97.14,178
2026-05-22 21:08:00,97.15,97.18,97.1,97.15,137
2026-05-22 21:09:00,97.15,97.2,97.05,97.05,319
2026-05-22 21:10:00,97.06,97.09,96.97,97.03,381
2026-05-22 21:11:00,97.04,97.1,96.95,97.04,147
2026-05-22 21:12:00,97.05,97.08,97.01,97.05,146
2026-05-22 21:13:00,97.05,97.05,96.91,97.0,330
2026-05-22 21:14:00,96.99,97.04,96.93,96.93,637
2026-05-22 21:15:00,96.92,96.96,96.83,96.92,453
2026-05-22 21:16:00,96.92,96.92,96.81,96.89,416
2026-05-22 21:17:00,96.87,96.97,96.84,96.89,244
2026-05-22 21:18:00,96.88,97.03,96.86,96.99,97
2026-05-22 21:19:00,97.0,97.03,96.96,97.02,121
2026-05-22 21:20:00,97.01,97.01,96.88,96.89,122
2026-05-22 21:21:00,96.9,96.94,96.85,96.88,173
2026-05-22 21:22:00,96.87,96.92,96.83,96.89,177
2026-05-22 21:23:00,96.87,96.93,96.83,96.89,120
2026-05-22 21:24:00,96.88,96.89,96.82,96.87,87
2026-05-22 21:25:00,96.86,96.99,96.84,96.85,300
2026-05-22 21:26:00,96.84,96.9,96.8,96.88,88
2026-05-22 21:27:00,96.87,97.1,96.87,97.03,317
2026-05-22 21:28:00,97.04,97.07,96.97,97.03,285
2026-05-22 21:29:00,97.04,97.07,97.03,97.06,167
2026-05-22 21:30:00,97.06,97.37,97.05,97.25,804
2026-05-22 21:31:00,97.27,97.41,97.11,97.17,775
2026-05-22 21:32:00,97.17,97.28,97.08,97.15,433
2026-05-22 21:33:00,97.16,97.19,96.99,97.04,487
2026-05-22 21:34:00,97.05,97.11,97.01,97.09,179
2026-05-22 21:35:00,97.09,97.16,97.04,97.13,404
2026-05-22 21:36:00,97.14,97.17,97.1,97.17,127
2026-05-22 21:37:00,97.18,97.2,97.08,97.12,277
2026-05-22 21:38:00,97.13,97.23,97.11,97.16,254
2026-05-22 21:39:00,97.15,97.37,97.15,97.3,361
2026-05-22 21:40:00,97.29,97.3,97.17,97.17,354
2026-05-22 21:41:00,97.18,97.18,96.98,97.01,216
2026-05-22 21:42:00,97.02,97.07,96.97,96.98,256
2026-05-22 21:43:00,96.98,97.0,96.92,96.97,339
2026-05-22 21:44:00,96.99,97.03,96.92,97.02,188
2026-05-22 21:45:00,97.03,97.32,97.02,97.3,412
2026-05-22 21:46:00,97.3,97.3,97.15,97.25,373
2026-05-22 21:47:00,97.25,97.25,97.18,97.21,191
2026-05-22 21:48:00,97.2,97.33,97.18,97.18,516
2026-05-22 21:49:00,97.19,97.27,97.17,97.26,97
2026-05-22 21:50:00,97.27,97.27,97.16,97.18,139
2026-05-22 21:51:00,97.18,97.21,97.14,97.18,179
2026-05-22 21:52:00,97.17,97.2,97.16,97.16,60
2026-05-22 21:53:00,97.18,97.18,97.12,97.12,476
2026-05-22 21:54:00,97.12,97.15,97.06,97.09,228
2026-05-22 21:55:00,97.09,97.19,97.01,97.07,575
2026-05-22 21:56:00,97.08,97.13,97.02,97.11,235
2026-05-22 21:57:00,97.1,97.11,97.0,97.01,133
2026-05-22 21:58:00,97.03,97.04,97.0,97.01,182
2026-05-22 21:59:00,96.99,97.01,96.85,96.9,553
2026-05-22 22:00:00,96.89,96.89,96.64,96.64,505
2026-05-22 22:01:00,96.66,96.76,96.57,96.62,355
2026-05-22 22:02:00,96.59,96.62,96.52,96.58,347
2026-05-22 22:03:00,96.58,96.74,96.58,96.73,189
2026-05-22 22:04:00,96.74,96.91,96.71,96.86,454
2026-05-22 22:05:00,96.86,96.99,96.82,96.91,372
2026-05-22 22:06:00,96.94,96.95,96.89,96.89,151
2026-05-22 22:07:00,96.87,96.89,96.79,96.84,190
2026-05-22 22:08:00,96.85,96.89,96.81,96.86,131
2026-05-22 22:09:00,96.85,96.96,96.85,96.88,306
2026-05-22 22:10:00,96.9,96.92,96.88,96.92,169
2026-05-22 22:11:00,96.91,96.93,96.83,96.89,186
2026-05-22 22:12:00,96.88,96.93,96.88,96.89,102
2026-05-22 22:13:00,96.89,96.91,96.81,96.82,148
2026-05-22 22:14:00,96.81,96.87,96.76,96.86,114
2026-05-22 22:15:00,96.86,96.86,96.72,96.75,290
2026-05-22 22:16:00,96.74,96.75,96.63,96.68,399
2026-05-22 22:17:00,96.68,96.72,96.65,96.72,128
2026-05-22 22:18:00,96.7,96.79,96.68,96.79,211
2026-05-22 22:19:00,96.8,96.85,96.78,96.84,155
2026-05-22 22:20:00,96.84,96.88,96.75,96.88,202
2026-05-22 22:21:00,96.88,97.0,96.83,96.95,316
2026-05-22 22:22:00,96.96,96.98,96.89,96.92,117
2026-05-22 22:23:00,96.9,96.9,96.82,96.88,323
2026-05-22 22:24:00,96.87,97.01,96.87,96.93,447
2026-05-22 22:25:00,96.92,97.06,96.92,97.05,218
2026-05-22 22:26:00,97.05,97.05,96.96,97.03,291
2026-05-22 22:27:00,97.03,97.19,96.99,97.17,505
2026-05-22 22:28:00,97.19,97.21,97.01,97.05,461
2026-05-22 22:29:00,97.01,97.04,96.84,96.86,326
2026-05-22 22:30:00,96.83,96.83,96.41,96.46,860
2026-05-22 22:31:00,96.45,96.56,96.42,96.54,410
2026-05-22 22:32:00,96.55,96.6,96.44,96.5,296
2026-05-22 22:33:00,96.53,96.54,96.37,96.45,407
2026-05-22 22:34:00,96.46,96.47,96.41,96.44,125
2026-05-22 22:35:00,96.43,96.44,96.27,96.29,366
2026-05-22 22:36:00,96.31,96.41,96.31,96.39,263
2026-05-22 22:37:00,96.39,96.4,96.31,96.33,367
2026-05-22 22:38:00,96.32,96.39,96.31,96.38,151
2026-05-22 22:39:00,96.39,96.4,96.3,96.36,164
2026-05-22 22:40:00,96.34,96.43,96.32,96.35,229
2026-05-22 22:41:00,96.36,96.41,96.3,96.31,203
2026-05-22 22:42:00,96.31,96.63,96.31,96.53,813
2026-05-22 22:43:00,96.53,96.62,96.51,96.57,236
2026-05-22 22:44:00,96.58,96.59,96.49,96.57,181
2026-05-22 22:45:00,96.54,96.55,96.36,96.4,448
2026-05-22 22:46:00,96.42,96.46,96.38,96.43,154
2026-05-22 22:47:00,96.43,96.48,96.42,96.46,121
2026-05-22 22:48:00,96.45,96.64,96.44,96.62,302
2026-05-22 22:49:00,96.6,97.06,96.57,96.95,1229
2026-05-22 22:50:00,96.97,97.04,96.8,96.83,962
2026-05-22 22:51:00,96.83,96.92,96.79,96.86,480
2026-05-22 22:52:00,96.86,97.04,96.86,97.04,519
2026-05-22 22:53:00,97.03,97.14,97.02,97.1,443
2026-05-22 22:54:00,97.1,97.24,96.91,96.97,884
2026-05-22 22:55:00,96.98,97.08,96.7,96.74,1108
2026-05-22 22:56:00,96.76,96.84,96.74,96.76,395
2026-05-22 22:57:00,96.76,96.84,96.55,96.6,547
2026-05-22 22:58:00,96.61,96.63,95.17,95.82,6060
2026-05-22 22:59:00,95.84,96.3,94.73,95.0,4009
2026-05-22 23:00:00,94.99,95.37,94.8,95.25,1515
2026-05-22 23:01:00,95.26,95.51,95.0,95.45,940
2026-05-22 23:02:00,95.45,95.72,95.28,95.54,885
2026-05-22 23:03:00,95.53,95.75,95.52,95.73,598
2026-05-22 23:04:00,95.73,95.91,95.65,95.87,734
2026-05-22 23:05:00,95.88,96.0,95.77,95.85,715
2026-05-22 23:06:00,95.85,95.93,95.75,95.89,461
2026-05-22 23:07:00,95.89,95.89,95.53,95.69,492
2026-05-22 23:08:00,95.68,95.68,95.38,95.51,369
2026-05-22 23:09:00,95.48,95.57,95.31,95.46,430
2026-05-22 23:10:00,95.44,95.57,95.36,95.48,310
2026-05-22 23:11:00,95.47,95.65,95.42,95.57,354
2026-05-22 23:12:00,95.57,95.59,95.48,95.48,218
2026-05-22 23:13:00,95.49,95.53,95.34,95.51,446
2026-05-22 23:14:00,95.51,95.72,95.44,95.69,659
2026-05-22 23:15:00,95.69,95.69,95.59,95.66,296
2026-05-22 23:16:00,95.66,95.81,95.66,95.7,373
2026-05-22 23:17:00,95.7,95.84,95.7,95.83,478
2026-05-22 23:18:00,95.85,95.85,95.72,95.83,254
2026-05-22 23:19:00,95.8,95.88,95.76,95.85,306
2026-05-22 23:20:00,95.84,95.99,95.81,95.92,737
2026-05-22 23:21:00,95.92,96.04,95.88,95.95,514
2026-05-22 23:22:00,95.94,96.06,95.88,95.92,518
2026-05-22 23:23:00,95.91,96.0,95.88,95.93,232
2026-05-22 23:24:00,95.92,96.09,95.91,96.05,501
2026-05-22 23:25:00,96.06,96.22,96.01,96.18,644
2026-05-22 23:26:00,96.15,96.27,96.08,96.14,421
2026-05-22 23:27:00,96.12,96.13,95.86,95.94,476
2026-05-22 23:28:00,95.95,95.98,95.88,95.94,297
2026-05-22 23:29:00,95.93,96.18,95.93,96.07,813
2026-05-22 23:30:00,96.07,96.18,96.04,96.13,240
2026-05-22 23:31:00,96.12,96.17,96.05,96.05,207
2026-05-22 23:32:00,96.05,96.12,96.02,96.03,209
2026-05-22 23:33:00,96.05,96.18,96.0,96.15,353
2026-05-22 23:34:00,96.13,96.7,96.12,96.34,2299
2026-05-22 23:35:00,96.36,96.39,96.08,96.26,783
2026-05-22 23:36:00,96.27,96.46,96.26,96.34,1040
2026-05-22 23:37:00,96.36,96.42,96.29,96.32,387
2026-05-22 23:38:00,96.33,96.4,96.29,96.34,285
2026-05-22 23:39:00,96.35,96.4,96.26,96.39,450
2026-05-22 23:40:00,96.4,96.5,96.35,96.49,282
2026-05-22 23:41:00,96.5,96.5,96.3,96.4,315
2026-05-22 23:42:00,96.4,96.45,96.33,96.4,302
2026-05-22 23:43:00,96.38,96.48,96.36,96.46,318
2026-05-22 23:44:00,96.46,96.57,96.44,96.46,508
2026-05-22 23:45:00,96.47,96.62,96.43,96.58,649
2026-05-22 23:46:00,96.56,96.6,96.42,96.48,342
2026-05-22 23:47:00,96.48,96.54,96.45,96.53,296
2026-05-22 23:48:00,96.52,96.52,96.29,96.41,403
2026-05-22 23:49:00,96.42,96.56,96.41,96.54,355
2026-05-22 23:50:00,96.57,96.61,96.53,96.56,229
2026-05-22 23:51:00,96.57,96.6,96.5,96.57,245
2026-05-22 23:52:00,96.56,96.6,96.34,96.38,471
2026-05-22 23:53:00,96.39,96.51,96.38,96.44,361
2026-05-22 23:54:00,96.44,96.52,96.39,96.48,481
2026-05-22 23:55:00,96.48,96.49,96.36,96.44,372
2026-05-22 23:56:00,96.44,96.54,96.4,96.49,218
2026-05-22 23:57:00,96.51,96.55,96.18,96.19,884
2026-05-22 23:58:00,96.2,96.63,96.19,96.62,3199
2026-05-22 23:59:00,96.62,96.75,96.62,96.75,3143
2026-05-23 00:00:00,96.76,96.77,96.65,96.67,596
2026-05-23 00:01:00,96.68,96.7,96.62,96.66,417
2026-05-23 00:02:00,96.66,96.68,96.59,96.62,274
2026-05-23 00:03:00,96.59,96.59,96.45,96.53,262
2026-05-23 00:04:00,96.52,96.56,96.49,96.51,131
2026-05-23 00:05:00,96.51,96.63,96.51,96.59,224
2026-05-23 00:06:00,96.58,96.58,96.52,96.52,194
2026-05-23 00:07:00,96.55,96.56,96.53,96.54,91
2026-05-23 00:08:00,96.54,96.61,96.54,96.57,106
2026-05-23 00:09:00,96.56,96.6,96.15,96.36,1129
2026-05-23 00:10:00,96.36,96.37,96.29,96.31,59
2026-05-23 00:11:00,96.3,96.56,96.27,96.48,259
2026-05-23 00:12:00,96.48,96.48,96.33,96.36,196
2026-05-23 00:13:00,96.32,96.36,96.21,96.23,199
2026-05-23 00:14:00,96.24,96.34,96.22,96.33,194
2026-05-23 00:15:00,96.32,96.36,96.26,96.32,118
2026-05-23 00:16:00,96.33,96.33,96.22,96.26,79
2026-05-23 00:17:00,96.24,96.37,96.22,96.34,155
2026-05-23 00:18:00,96.34,96.5,96.33,96.35,341
2026-05-23 00:19:00,96.36,96.37,96.29,96.35,52
2026-05-23 00:20:00,96.35,96.35,96.27,96.28,74
2026-05-23 00:21:00,96.27,96.27,96.19,96.21,66
2026-05-23 00:22:00,96.22,96.27,96.17,96.22,158
2026-05-23 00:23:00,96.22,96.24,96.05,96.1,181
2026-05-23 00:24:00,96.1,96.12,96.06,96.1,42
2026-05-23 00:25:00,96.11,96.14,96.0,96.05,225
2026-05-23 00:26:00,96.04,96.08,96.0,96.06,120
2026-05-23 00:27:00,96.06,96.09,96.05,96.09,19
2026-05-23 00:28:00,96.08,96.2,96.08,96.15,111
2026-05-23 00:29:00,96.17,96.25,96.15,96.25,49
2026-05-23 00:30:00,96.23,96.26,96.2,96.22,80
2026-05-23 00:31:00,96.24,96.51,96.23,96.5,458
2026-05-23 00:32:00,96.5,96.69,96.27,96.67,751
2026-05-23 00:33:00,96.68,96.81,96.58,96.75,415
2026-05-23 00:34:00,96.76,96.77,96.56,96.59,247
2026-05-23 00:35:00,96.6,96.65,96.57,96.65,208
2026-05-23 00:36:00,96.65,96.72,96.65,96.69,121
2026-05-23 00:37:00,96.69,96.7,96.62,96.66,56
2026-05-23 00:38:00,96.66,96.68,96.58,96.66,59
2026-05-23 00:39:00,96.69,96.74,96.67,96.71,206
2026-05-23 00:40:00,96.71,96.88,96.7,96.85,229
2026-05-23 00:41:00,96.86,96.88,96.77,96.88,329
2026-05-23 00:42:00,96.89,96.95,96.85,96.85,103
2026-05-23 00:43:00,96.86,96.89,96.76,96.76,202
2026-05-23 00:44:00,96.78,96.86,96.78,96.8,75
2026-05-23 00:45:00,96.8,96.81,96.73,96.78,57
2026-05-23 00:46:00,96.78,96.8,96.69,96.71,120
2026-05-23 00:47:00,96.72,96.74,96.68,96.68,80
2026-05-23 00:48:00,96.68,96.72,96.59,96.62,82
2026-05-23 00:49:00,96.62,96.63,96.59,96.6,34
2026-05-23 00:50:00,96.6,96.71,96.6,96.67,66
2026-05-23 00:51:00,96.65,96.7,96.65,96.66,45
2026-05-23 00:52:00,96.68,96.7,96.65,96.66,26
2026-05-23 00:53:00,96.68,96.72,96.67,96.68,33
2026-05-23 00:54:00,96.66,96.74,96.63,96.64,39
2026-05-23 00:55:00,96.65,96.76,96.65,96.72,90
2026-05-23 00:56:00,96.73,96.76,96.71,96.73,34
2026-05-23 00:57:00,96.74,96.75,96.68,96.7,53
2026-05-23 00:58:00,96.72,96.8,96.71,96.8,77
2026-05-23 00:59:00,96.79,96.86,96.78,96.82,219
2026-05-23 01:00:00,96.82,96.84,96.78,96.84,56
2026-05-23 01:01:00,96.85,96.89,96.82,96.88,206
2026-05-23 01:02:00,96.89,96.94,96.87,96.92,116
2026-05-23 01:03:00,96.91,96.94,96.85,96.85,73
2026-05-23 01:04:00,96.85,96.89,96.81,96.81,45
2026-05-23 01:05:00,96.82,96.82,96.71,96.72,162
2026-05-23 01:06:00,96.73,96.74,96.69,96.71,55
2026-05-23 01:07:00,96.69,96.75,96.68,96.72,96
2026-05-23 01:08:00,96.72,96.75,96.71,96.72,44
2026-05-23 01:09:00,96.7,96.73,96.69,96.71,31
2026-05-23 01:10:00,96.71,96.77,96.7,96.73,35
2026-05-23 01:11:00,96.76,96.77,96.68,96.72,40
2026-05-23 01:12:00,96.7,96.74,96.63,96.68,253
2026-05-23 01:13:00,96.68,96.69,96.6,96.6,127
2026-05-23 01:14:00,96.58,96.63,96.54,96.59,107
2026-05-23 01:15:00,96.59,96.61,96.54,96.57,125
2026-05-23 01:16:00,96.58,96.65,96.58,96.64,220
2026-05-23 01:17:00,96.64,96.66,96.54,96.55,412
2026-05-23 01:18:00,96.56,96.66,96.55,96.63,215
2026-05-23 01:19:00,96.65,96.68,96.58,96.6,183
2026-05-23 01:20:00,96.62,96.66,96.6,96.66,334
2026-05-23 01:21:00,96.66,96.71,96.55,96.57,260
2026-05-23 01:22:00,96.57,96.6,96.53,96.57,183
2026-05-23 01:23:00,96.58,96.59,96.53,96.56,113
2026-05-23 01:24:00,96.57,96.57,96.44,96.46,87
2026-05-23 01:25:00,96.46,96.46,96.32,96.38,170
2026-05-23 01:26:00,96.38,96.45,96.25,96.33,227
2026-05-23 01:27:00,96.32,96.34,96.08,96.18,345
2026-05-23 01:28:00,96.17,96.24,96.12,96.15,131
2026-05-23 01:29:00,96.15,96.32,96.15,96.28,259
2026-05-23 01:30:00,96.23,96.31,96.14,96.28,104
2026-05-23 01:31:00,96.3,96.33,96.23,96.33,68
2026-05-23 01:32:00,96.31,96.43,96.28,96.4,218
2026-05-23 01:33:00,96.4,96.4,96.36,96.36,27
2026-05-23 01:34:00,96.36,96.48,96.36,96.44,129
2026-05-23 01:35:00,96.45,96.45,96.42,96.43,22
2026-05-23 01:36:00,96.45,96.48,96.43,96.44,15
2026-05-23 01:37:00,96.47,96.48,96.35,96.35,31
2026-05-23 01:38:00,96.38,96.38,96.32,96.32,24
2026-05-23 01:39:00,96.32,96.39,96.29,96.38,41
2026-05-23 01:40:00,96.4,96.42,96.34,96.37,37
2026-05-23 01:41:00,96.37,96.38,96.33,96.34,123
2026-05-23 01:42:00,96.32,96.38,96.29,96.38,17
2026-05-23 01:43:00,96.36,96.36,96.17,96.22,73
2026-05-23 01:44:00,96.2,96.25,96.18,96.23,39
2026-05-23 01:45:00,96.23,96.29,96.04,96.09,142
2026-05-23 01:46:00,96.09,96.2,96.08,96.15,95
2026-05-23 01:47:00,96.15,96.18,96.01,96.04,106
2026-05-23 01:48:00,96.03,96.14,95.97,96.14,174
2026-05-23 01:49:00,96.14,96.17,96.13,96.16,21
2026-05-23 01:50:00,96.18,96.2,96.1,96.12,76
2026-05-23 01:51:00,96.12,96.16,96.12,96.16,11
2026-05-23 01:52:00,96.15,96.16,96.14,96.16,13
2026-05-23 01:53:00,96.18,96.2,96.15,96.15,35
2026-05-23 01:54:00,96.17,96.17,96.05,96.07,201
2026-05-23 01:55:00,96.1,96.2,96.09,96.2,81
2026-05-23 01:56:00,96.18,96.2,96.14,96.18,80
2026-05-23 01:57:00,96.18,96.2,96.14,96.15,95
2026-05-23 01:58:00,96.13,96.15,96.11,96.15,28
2026-05-23 01:59:00,96.15,96.2,96.14,96.18,27
2026-05-23 02:00:00,96.18,96.23,96.17,96.18,67
2026-05-23 02:01:00,96.18,96.61,96.14,96.32,1059
2026-05-23 02:02:00,96.32,96.55,96.07,96.46,534
2026-05-23 02:03:00,96.46,96.56,96.42,96.52,94
2026-05-23 02:04:00,96.5,96.53,96.28,96.37,76
2026-05-23 02:05:00,96.44,96.44,96.26,96.28,40
2026-05-23 02:06:00,96.32,96.41,96.27,96.27,82
2026-05-23 02:07:00,96.3,96.47,96.3,96.46,138
2026-05-23 02:08:00,96.49,96.61,96.45,96.51,90
2026-05-23 02:09:00,96.55,96.62,96.5,96.61,128
2026-05-23 02:10:00,96.61,96.75,96.58,96.75,152
2026-05-23 02:11:00,96.76,97.0,96.67,96.97,292
2026-05-23 02:12:00,96.99,97.0,96.9,96.95,148
2026-05-23 02:13:00,96.96,97.2,96.94,97.18,277
2026-05-23 02:14:00,97.17,97.27,97.13,97.15,246
2026-05-23 02:15:00,97.17,97.18,96.98,97.02,112
2026-05-23 02:16:00,97.02,97.04,96.88,96.9,68
2026-05-23 02:17:00,96.9,96.91,96.77,96.78,64
2026-05-23 02:18:00,96.81,96.89,96.81,96.88,43
2026-05-23 02:19:00,96.85,96.9,96.82,96.84,43
2026-05-23 02:20:00,96.85,96.91,96.79,96.84,103
2026-05-23 02:21:00,96.83,96.9,96.72,96.76,75
2026-05-23 02:22:00,96.76,96.96,96.7,96.91,163
2026-05-23 02:23:00,96.94,97.09,96.89,97.05,139
2026-05-23 02:24:00,97.06,97.1,96.91,96.91,180
2026-05-23 02:25:00,96.9,96.96,96.84,96.93,51
2026-05-23 02:26:00,96.88,97.0,96.81,97.0,109
2026-05-23 02:27:00,97.0,97.12,96.97,97.08,107
2026-05-23 02:28:00,97.08,97.12,97.02,97.11,80
2026-05-23 02:29:00,97.12,97.14,96.6,96.6,137
2026-05-26 09:30:00,91.66,91.66,91.58,91.6,61
2026-05-26 09:31:00,91.61,91.64,91.61,91.62,84
2026-05-26 09:32:00,91.62,91.69,91.62,91.68,36
2026-05-26 09:33:00,91.67,91.74,91.67,91.74,51
2026-05-26 09:34:00,91.73,91.81,91.72,91.78,67
2026-05-26 09:35:00,91.79,91.8,91.78,91.8,17
2026-05-26 09:36:00,91.81,91.85,91.8,91.81,33
2026-05-26 09:37:00,91.81,91.82,91.78,91.8,14
2026-05-26 09:38:00,91.79,91.79,91.77,91.77,4
2026-05-26 09:39:00,91.79,91.79,91.76,91.78,43
2026-05-26 09:40:00,91.76,91.78,91.76,91.76,6
2026-05-26 09:41:00,91.76,91.76,91.75,91.76,4
2026-05-26 09:42:00,91.76,91.76,91.76,91.76,6
2026-05-26 09:43:00,91.78,91.78,91.76,91.76,7
2026-05-26 09:44:00,91.78,91.78,91.74,91.74,19
2026-05-26 09:45:00,91.74,91.78,91.74,91.77,17
2026-05-26 09:46:00,91.78,91.81,91.78,91.81,6
2026-05-26 09:47:00,91.8,91.8,91.78,91.79,10
2026-05-26 09:48:00,91.77,91.8,91.77,91.8,4
2026-05-26 09:49:00,91.79,91.83,91.79,91.83,10
2026-05-26 09:50:00,91.81,91.85,91.81,91.85,21
2026-05-26 09:51:00,91.84,91.85,91.8,91.8,23
2026-05-26 09:52:00,91.79,91.83,91.77,91.83,53
2026-05-26 09:53:00,91.83,91.84,91.8,91.81,17
2026-05-26 09:54:00,91.81,91.82,91.81,91.82,8
2026-05-26 09:55:00,91.83,91.9,91.83,91.89,43
2026-05-26 09:56:00,91.88,91.89,91.87,91.89,16
2026-05-26 09:57:00,91.88,91.88,91.84,91.84,23
2026-05-26 09:58:00,91.85,91.86,91.85,91.86,8
2026-05-26 09:59:00,91.86,91.86,91.82,91.82,78
2026-05-26 10:00:00,91.84,91.87,91.83,91.87,24
2026-05-26 10:01:00,91.87,91.88,91.81,91.81,28
2026-05-26 10:02:00,91.81,91.85,91.81,91.83,14
2026-05-26 10:03:00,91.84,91.84,91.81,91.82,8
2026-05-26 10:04:00,91.84,91.84,91.82,91.82,2
2026-05-26 10:05:00,91.81,91.81,91.69,91.72,85
2026-05-26 10:06:00,91.73,91.76,91.71,91.75,27
2026-05-26 10:07:00,91.75,91.83,91.75,91.8,26
2026-05-26 10:08:00,91.8,91.8,91.75,91.79,17
2026-05-26 10:09:00,91.77,91.77,91.75,91.75,3
2026-05-26 10:10:00,91.76,91.77,91.76,91.76,7
2026-05-26 10:11:00,91.75,91.75,91.72,91.73,16
2026-05-26 10:12:00,91.74,91.76,91.74,91.76,9
2026-05-26 10:13:00,91.75,91.75,91.71,91.73,72
2026-05-26 10:14:00,91.72,91.86,91.72,91.85,96
2026-05-26 10:15:00,91.87,91.9,91.87,91.89,30
2026-05-26 10:16:00,91.89,91.94,91.89,91.9,42
2026-05-26 10:17:00,91.9,92.04,91.9,91.97,143
2026-05-26 10:18:00,91.99,91.99,91.97,91.98,16
2026-05-26 10:19:00,91.99,92.0,91.95,91.99,53
2026-05-26 10:20:00,91.98,91.98,91.96,91.97,8
2026-05-26 10:21:00,91.97,92.04,91.97,91.99,46
2026-05-26 10:22:00,92.01,92.04,92.01,92.02,26
2026-05-26 10:23:00,92.03,92.03,92.02,92.02,8
2026-05-26 10:24:00,92.03,92.03,92.02,92.02,2
2026-05-26 10:25:00,92.01,92.03,92.01,92.03,7
2026-05-26 10:26:00,92.04,92.04,92.01,92.01,15
2026-05-26 10:27:00,92.02,92.02,92.0,92.0,27
2026-05-26 10:28:00,92.0,92.12,92.0,92.05,162
2026-05-26 10:29:00,92.04,92.05,91.99,92.02,67
2026-05-26 10:30:00,92.01,92.05,92.01,92.03,13
2026-05-26 10:31:00,92.04,92.12,92.0,92.12,71
2026-05-26 10:32:00,92.1,92.17,92.1,92.13,111
2026-05-26 10:33:00,92.14,92.29,92.14,92.25,401
2026-05-26 10:34:00,92.24,92.3,92.23,92.27,265
2026-05-26 10:35:00,92.27,92.31,92.23,92.28,83
2026-05-26 10:36:00,92.29,92.3,92.23,92.26,62
2026-05-26 10:37:00,92.27,92.29,92.26,92.29,12
2026-05-26 10:38:00,92.28,92.31,92.26,92.31,29
2026-05-26 10:39:00,92.31,92.44,92.29,92.37,252
2026-05-26 10:40:00,92.38,92.39,92.35,92.35,20
2026-05-26 10:41:00,92.36,92.38,92.35,92.37,26
2026-05-26 10:42:00,92.38,92.42,92.35,92.39,79
2026-05-26 10:43:00,92.39,92.46,92.39,92.44,70
2026-05-26 10:44:00,92.43,92.55,92.43,92.48,132
2026-05-26 10:45:00,92.47,92.47,92.38,92.4,35
2026-05-26 10:46:00,92.39,92.4,92.35,92.35,31
2026-05-26 10:47:00,92.36,92.36,92.28,92.28,43
2026-05-26 10:48:00,92.26,92.26,92.13,92.14,89
2026-05-26 10:49:00,92.15,92.17,92.12,92.16,36
2026-05-26 10:50:00,92.16,92.21,92.16,92.2,21
2026-05-26 10:51:00,92.19,92.19,92.16,92.18,9
2026-05-26 10:52:00,92.15,92.16,92.12,92.13,14
2026-05-26 10:53:00,92.12,92.13,92.1,92.11,19
2026-05-26 10:54:00,92.13,92.14,92.1,92.14,14
2026-05-26 10:55:00,92.13,92.13,92.06,92.07,34
2026-05-26 10:56:00,92.06,92.08,92.01,92.04,69
2026-05-26 10:57:00,92.04,92.06,92.02,92.06,14
2026-05-26 10:58:00,92.05,92.05,92.02,92.04,28
2026-05-26 10:59:00,92.05,92.05,92.02,92.05,12
2026-05-26 11:00:00,92.06,92.11,91.79,91.97,268
2026-05-26 11:01:00,91.96,92.06,91.96,92.01,74
2026-05-26 11:02:00,92.03,92.04,91.96,91.99,29
2026-05-26 11:03:00,92.0,92.05,92.0,92.0,25
2026-05-26 11:04:00,92.0,92.04,91.97,91.99,23
2026-05-26 11:05:00,92.0,92.0,91.91,91.93,59
2026-05-26 11:06:00,91.94,92.0,91.94,91.99,23
2026-05-26 11:07:00,91.97,91.97,91.93,91.96,20
2026-05-26 11:08:00,91.96,92.0,91.93,91.98,34
2026-05-26 11:09:00,91.99,91.99,91.94,91.94,13
2026-05-26 11:10:00,91.94,92.0,91.94,91.99,12
2026-05-26 11:11:00,91.99,92.02,91.96,91.98,60
2026-05-26 11:12:00,91.98,92.02,91.96,91.96,20
2026-05-26 11:13:00,91.97,92.0,91.97,92.0,6
2026-05-26 11:14:00,92.01,92.02,91.98,92.0,18
2026-05-26 11:15:00,92.0,92.03,92.0,92.03,19
2026-05-26 11:16:00,92.04,92.07,92.0,92.06,42
2026-05-26 11:17:00,92.05,92.11,92.03,92.08,48
2026-05-26 11:18:00,92.08,92.08,92.06,92.07,20
2026-05-26 11:19:00,92.08,92.14,92.08,92.14,57
2026-05-26 11:20:00,92.15,92.19,92.14,92.15,39
2026-05-26 11:21:00,92.14,92.17,92.11,92.14,78
2026-05-26 11:22:00,92.15,92.15,92.09,92.12,24
2026-05-26 11:23:00,92.1,92.1,92.06,92.09,35
2026-05-26 11:24:00,92.12,92.12,92.07,92.08,16
2026-05-26 11:25:00,92.09,92.09,92.01,92.01,29
2026-05-26 11:26:00,92.01,92.01,91.92,91.95,59
2026-05-26 11:27:00,91.95,91.99,91.95,91.97,23
2026-05-26 11:28:00,91.98,91.99,91.91,91.91,37
2026-05-26 11:29:00,91.91,91.91,91.88,91.89,30
2026-05-26 11:30:00,91.9,91.95,91.89,91.92,36
2026-05-26 11:31:00,91.93,91.93,91.83,91.85,71
2026-05-26 11:32:00,91.87,91.89,91.83,91.85,71
2026-05-26 11:33:00,91.83,91.86,91.83,91.84,30
2026-05-26 11:34:00,91.82,91.82,91.73,91.79,88
2026-05-26 11:35:00,91.78,91.8,91.71,91.72,105
2026-05-26 11:36:00,91.72,91.83,91.72,91.78,49
2026-05-26 11:37:00,91.79,91.79,91.77,91.79,17
2026-05-26 11:38:00,91.79,91.79,91.73,91.74,21
2026-05-26 11:39:00,91.73,91.73,91.69,91.71,67
2026-05-26 11:40:00,91.74,91.75,91.69,91.72,84
2026-05-26 11:41:00,91.72,91.72,91.71,91.72,12
2026-05-26 11:42:00,91.73,91.78,91.71,91.73,35
2026-05-26 11:43:00,91.72,91.72,91.61,91.62,65
2026-05-26 11:44:00,91.63,91.71,91.63,91.71,40
2026-05-26 11:45:00,91.71,91.71,91.68,91.68,19
2026-05-26 11:46:00,91.68,91.73,91.67,91.69,69
2026-05-26 11:47:00,91.71,91.74,91.71,91.72,45
2026-05-26 11:48:00,91.72,91.75,91.71,91.73,62
2026-05-26 11:49:00,91.73,91.73,91.68,91.68,44
2026-05-26 11:50:00,91.7,91.73,91.64,91.67,55
2026-05-26 11:51:00,91.67,91.7,91.67,91.7,18
2026-05-26 11:52:00,91.7,91.71,91.67,91.7,42
2026-05-26 11:53:00,91.69,91.71,91.62,91.65,73
2026-05-26 11:54:00,91.67,91.67,91.64,91.64,30
2026-05-26 11:55:00,91.65,91.67,91.63,91.64,31
2026-05-26 11:56:00,91.63,91.66,91.58,91.58,50
2026-05-26 11:57:00,91.58,91.65,91.58,91.61,89
2026-05-26 11:58:00,91.61,92.18,91.61,92.15,802
2026-05-26 11:59:00,92.14,92.31,91.88,91.96,683
2026-05-26 12:00:00,91.94,92.0,91.87,91.94,112
2026-05-26 12:01:00,91.92,91.98,91.9,91.96,91
2026-05-26 12:02:00,91.95,92.18,91.95,92.16,89
2026-05-26 12:03:00,92.15,92.16,92.05,92.06,94
2026-05-26 12:04:00,92.05,92.07,91.92,91.93,103
2026-05-26 12:05:00,91.95,91.95,91.8,91.82,134
2026-05-26 12:06:00,91.83,91.85,91.67,91.7,145
2026-05-26 12:07:00,91.7,91.73,91.66,91.68,125
2026-05-26 12:08:00,91.68,91.71,91.63,91.68,207
2026-05-26 12:09:00,91.68,91.68,91.62,91.65,37
2026-05-26 12:10:00,91.65,91.71,91.62,91.64,64
2026-05-26 12:11:00,91.63,91.71,91.61,91.71,154
2026-05-26 12:12:00,91.69,91.71,91.67,91.68,20
2026-05-26 12:13:00,91.68,91.75,91.68,91.74,35
2026-05-26 12:14:00,91.73,91.75,91.64,91.7,45
2026-05-26 12:15:00,91.67,91.79,91.67,91.74,44
2026-05-26 12:16:00,91.74,91.76,91.73,91.74,20
2026-05-26 12:17:00,91.76,91.78,91.75,91.78,12
2026-05-26 12:18:00,91.77,91.78,91.68,91.7,90
2026-05-26 12:19:00,91.69,91.69,91.61,91.61,43
2026-05-26 12:20:00,91.6,91.6,91.51,91.54,68
2026-05-26 12:21:00,91.54,91.59,91.53,91.57,66
2026-05-26 12:22:00,91.55,91.57,91.53,91.55,31
2026-05-26 12:23:00,91.55,91.55,91.4,91.46,163
2026-05-26 12:24:00,91.45,91.53,91.44,91.51,68
2026-05-26 12:25:00,91.52,91.54,91.49,91.52,25
2026-05-26 12:26:00,91.51,91.58,91.51,91.56,48
2026-05-26 12:27:00,91.57,91.67,91.56,91.67,64
2026-05-26 12:28:00,91.66,91.7,91.66,91.7,54
2026-05-26 12:29:00,91.7,91.73,91.64,91.67,89
2026-05-26 12:30:00,91.66,91.66,91.57,91.64,181
2026-05-26 12:31:00,91.65,91.65,91.56,91.59,101
2026-05-26 12:32:00,91.58,91.61,91.53,91.6,43
2026-05-26 12:33:00,91.6,92.01,91.6,92.0,386
2026-05-26 12:34:00,91.99,92.23,91.95,92.2,342
2026-05-26 12:35:00,92.22,92.36,92.18,92.33,349
2026-05-26 12:36:00,92.34,92.35,92.06,92.07,214
2026-05-26 12:37:00,92.1,92.19,92.07,92.12,137
2026-05-26 12:38:00,92.11,92.37,92.06,92.29,194
2026-05-26 12:39:00,92.3,92.5,92.3,92.4,344
2026-05-26 12:40:00,92.41,92.45,92.33,92.35,115
2026-05-26 12:41:00,92.35,92.36,92.24,92.29,159
2026-05-26 12:42:00,92.29,92.45,92.23,92.41,119
2026-05-26 12:43:00,92.43,92.6,92.42,92.51,362
2026-05-26 12:44:00,92.53,92.53,92.38,92.43,148
2026-05-26 12:45:00,92.44,92.65,92.42,92.57,173
2026-05-26 12:46:00,92.59,92.65,92.49,92.49,154
2026-05-26 12:47:00,92.48,92.74,92.48,92.72,259
2026-05-26 12:48:00,92.72,92.73,92.66,92.68,127
2026-05-26 12:49:00,92.69,92.75,92.56,92.59,143
2026-05-26 12:50:00,92.59,92.6,92.5,92.5,85
2026-05-26 12:51:00,92.52,92.57,92.47,92.57,84
2026-05-26 12:52:00,92.56,92.56,92.42,92.42,115
2026-05-26 12:53:00,92.42,92.48,92.39,92.43,119
2026-05-26 12:54:00,92.42,92.47,92.32,92.36,97
2026-05-26 12:55:00,92.35,92.38,92.31,92.36,175
2026-05-26 12:56:00,92.35,92.4,92.27,92.3,108
2026-05-26 12:57:00,92.3,92.31,92.24,92.3,58
2026-05-26 12:58:00,92.31,92.41,92.31,92.35,126
2026-05-26 12:59:00,92.35,92.38,92.28,92.31,78
2026-05-26 13:00:00,92.31,92.37,92.27,92.32,62
2026-05-26 13:01:00,92.32,92.4,92.32,92.39,85
2026-05-26 13:02:00,92.38,92.71,92.32,92.53,498
2026-05-26 13:03:00,92.51,92.63,92.44,92.61,108
2026-05-26 13:04:00,92.63,92.72,92.58,92.66,126
2026-05-26 13:05:00,92.68,92.86,92.68,92.82,397
2026-05-26 13:06:00,92.8,92.88,92.76,92.86,108
2026-05-26 13:07:00,92.85,92.88,92.83,92.87,114
2026-05-26 13:08:00,92.87,92.96,92.79,92.82,158
2026-05-26 13:09:00,92.83,92.9,92.8,92.9,92
2026-05-26 13:10:00,92.89,92.91,92.76,92.77,94
2026-05-26 13:11:00,92.75,92.83,92.72,92.78,171
2026-05-26 13:12:00,92.76,92.81,92.73,92.81,114
2026-05-26 13:13:00,92.79,92.81,92.72,92.75,102
2026-05-26 13:14:00,92.76,92.8,92.62,92.63,226
2026-05-26 13:15:00,92.65,92.66,92.54,92.6,257
2026-05-26 13:16:00,92.6,92.67,92.53,92.54,109
2026-05-26 13:17:00,92.53,92.59,92.51,92.51,61
2026-05-26 13:18:00,92.51,92.56,92.48,92.51,74
2026-05-26 13:19:00,92.48,92.5,92.38,92.46,145
2026-05-26 13:20:00,92.48,92.53,92.4,92.53,121
2026-05-26 13:21:00,92.54,92.61,92.52,92.6,108
2026-05-26 13:22:00,92.59,92.69,92.55,92.68,133
2026-05-26 13:23:00,92.67,92.72,92.56,92.56,279
2026-05-26 13:24:00,92.58,92.74,92.52,92.74,130
2026-05-26 13:25:00,92.74,92.75,92.61,92.74,188
2026-05-26 13:26:00,92.76,92.78,92.73,92.77,96
2026-05-26 13:27:00,92.78,92.79,92.56,92.6,191
2026-05-26 13:28:00,92.6,92.75,92.59,92.6,126
2026-05-26 13:29:00,92.58,92.58,92.47,92.47,124
2026-05-26 13:30:00,92.47,92.55,92.33,92.54,210
2026-05-26 13:31:00,92.56,92.65,92.49,92.58,137
2026-05-26 13:32:00,92.59,92.59,92.46,92.49,106
2026-05-26 13:33:00,92.47,92.47,92.35,92.42,184
2026-05-26 13:34:00,92.43,92.51,92.41,92.46,92
2026-05-26 13:35:00,92.47,92.49,92.38,92.43,87
2026-05-26 13:36:00,92.45,92.52,92.43,92.49,94
2026-05-26 13:37:00,92.51,92.51,92.43,92.47,77
2026-05-26 13:38:00,92.49,92.56,92.43,92.56,132
2026-05-26 13:39:00,92.57,92.6,92.43,92.52,258
2026-05-26 13:40:00,92.53,92.61,92.48,92.48,97
2026-05-26 13:41:00,92.5,92.51,92.38,92.39,82
2026-05-26 13:42:00,92.38,92.46,92.38,92.43,81
2026-05-26 13:43:00,92.42,92.71,92.42,92.7,183
2026-05-26 13:44:00,92.68,92.73,92.65,92.72,63
2026-05-26 13:45:00,92.71,92.78,92.65,92.76,92
2026-05-26 13:46:00,92.76,92.78,92.67,92.68,79
2026-05-26 13:47:00,92.68,92.68,92.57,92.61,73
2026-05-26 13:48:00,92.62,92.7,92.58,92.69,64
2026-05-26 13:49:00,92.69,92.73,92.6,92.69,47
2026-05-26 13:50:00,92.69,92.8,92.68,92.78,88
2026-05-26 13:51:00,92.78,92.8,92.7,92.75,101
2026-05-26 13:52:00,92.75,92.81,92.68,92.8,108
2026-05-26 13:53:00,92.79,92.82,92.74,92.79,71
2026-05-26 13:54:00,92.77,92.79,92.72,92.72,78
2026-05-26 13:55:00,92.73,92.76,92.66,92.67,67
2026-05-26 13:56:00,92.69,92.82,92.68,92.82,92
2026-05-26 13:57:00,92.81,92.85,92.71,92.73,121
2026-05-26 13:58:00,92.74,92.79,92.67,92.69,148
2026-05-26 13:59:00,92.68,92.79,92.56,92.76,465
2026-05-26 14:00:00,92.77,92.83,92.68,92.82,358
2026-05-26 14:01:00,92.81,92.88,92.78,92.81,136
2026-05-26 14:02:00,92.8,92.85,92.78,92.84,83
2026-05-26 14:03:00,92.85,92.99,92.82,92.97,263
2026-05-26 14:04:00,92.97,93.18,92.93,93.1,359
2026-05-26 14:05:00,93.09,93.23,93.05,93.19,207
2026-05-26 14:06:00,93.18,93.24,93.16,93.18,162
2026-05-26 14:07:00,93.17,93.2,93.06,93.07,178
2026-05-26 14:08:00,93.06,93.11,93.03,93.09,112
2026-05-26 14:09:00,93.08,93.11,93.07,93.09,53
2026-05-26 14:10:00,93.08,93.21,93.08,93.16,115
2026-05-26 14:11:00,93.15,93.17,93.1,93.1,90
2026-05-26 14:12:00,93.09,93.1,93.05,93.1,79
2026-05-26 14:13:00,93.1,93.35,93.1,93.31,154
2026-05-26 14:14:00,93.31,93.36,93.29,93.33,108
2026-05-26 14:15:00,93.35,93.4,93.29,93.33,135
2026-05-26 14:16:00,93.33,93.39,93.3,93.36,101
2026-05-26 14:17:00,93.35,93.44,93.35,93.43,115
2026-05-26 14:18:00,93.41,93.55,93.4,93.47,289
2026-05-26 14:19:00,93.47,93.55,93.47,93.53,93
2026-05-26 14:20:00,93.52,93.64,93.45,93.46,183
2026-05-26 14:21:00,93.46,93.46,93.29,93.36,155
2026-05-26 14:22:00,93.36,93.39,93.32,93.39,140
2026-05-26 14:23:00,93.39,93.41,93.32,93.32,72
2026-05-26 14:24:00,93.33,93.37,93.29,93.35,87
2026-05-26 14:25:00,93.36,93.39,93.33,93.33,76
2026-05-26 14:26:00,93.32,93.37,93.27,93.33,149
2026-05-26 14:27:00,93.33,93.41,93.3,93.38,54
2026-05-26 14:28:00,93.37,93.4,93.32,93.35,87
2026-05-26 14:29:00,93.34,93.34,93.17,93.2,120
2026-05-26 14:30:00,93.21,93.28,93.16,93.18,162
2026-05-26 14:31:00,93.19,93.19,93.11,93.12,128
2026-05-26 14:32:00,93.12,93.13,93.05,93.07,117
2026-05-26 14:33:00,93.08,93.1,92.99,93.02,78
2026-05-26 14:34:00,93.01,93.01,92.81,92.81,251
2026-05-26 14:35:00,92.81,92.94,92.79,92.9,166
2026-05-26 14:36:00,92.9,93.02,92.9,93.01,98
2026-05-26 14:37:00,92.98,93.12,92.97,93.1,118
2026-05-26 14:38:00,93.08,93.08,92.94,92.95,68
2026-05-26 14:39:00,92.97,93.02,92.95,93.02,37
2026-05-26 14:40:00,93.03,93.09,92.99,93.06,53
2026-05-26 14:41:00,93.05,93.11,93.05,93.07,47
2026-05-26 14:42:00,93.06,93.11,93.0,93.01,78
2026-05-26 14:43:00,92.99,93.06,92.96,93.06,67
2026-05-26 14:44:00,93.05,93.1,93.03,93.08,46
2026-05-26 14:45:00,93.08,93.13,93.05,93.05,70
2026-05-26 14:46:00,93.07,93.1,93.02,93.04,136
2026-05-26 14:47:00,93.03,93.03,92.7,92.75,566
2026-05-26 14:48:00,92.79,92.98,92.74,92.88,271
2026-05-26 14:49:00,92.89,92.95,92.78,92.84,106
2026-05-26 14:50:00,92.83,92.85,92.75,92.82,88
2026-05-26 14:51:00,92.84,92.9,92.8,92.84,53
2026-05-26 14:52:00,92.86,92.96,92.86,92.94,52
2026-05-26 14:53:00,92.95,93.23,92.95,93.23,133
2026-05-26 14:54:00,93.23,93.26,93.13,93.16,98
2026-05-26 14:55:00,93.16,93.24,93.16,93.17,75
2026-05-26 14:56:00,93.13,93.13,93.02,93.06,125
2026-05-26 14:57:00,93.06,93.15,93.06,93.12,44
2026-05-26 14:58:00,93.13,93.17,93.04,93.06,99
2026-05-26 14:59:00,93.06,93.06,92.99,93.02,111
2026-05-26 15:00:00,93.03,93.06,92.96,92.97,109
2026-05-26 15:01:00,92.99,93.04,92.96,92.99,50
2026-05-26 15:02:00,92.98,93.08,92.97,92.99,73
2026-05-26 15:03:00,92.99,92.99,92.79,92.8,118
2026-05-26 15:04:00,92.82,92.9,92.81,92.85,57
2026-05-26 15:05:00,92.88,92.88,92.79,92.82,97
2026-05-26 15:06:00,92.81,92.91,92.79,92.89,88
2026-05-26 15:07:00,92.88,92.92,92.87,92.92,26
2026-05-26 15:08:00,92.92,93.06,92.92,93.05,83
2026-05-26 15:09:00,93.04,93.05,92.99,92.99,99
2026-05-26 15:10:00,92.99,93.06,92.99,93.03,75
2026-05-26 15:11:00,93.01,93.06,92.88,92.89,69
2026-05-26 15:12:00,92.91,93.01,92.91,92.97,33
2026-05-26 15:13:00,92.98,93.02,92.97,92.99,40
2026-05-26 15:14:00,93.01,93.08,92.97,93.05,83
2026-05-26 15:15:00,93.06,93.06,92.97,93.03,42
2026-05-26 15:16:00,93.02,93.12,93.01,93.03,91
2026-05-26 15:17:00,93.07,93.07,93.03,93.05,29
2026-05-26 15:18:00,93.05,93.06,92.98,93.01,52
2026-05-26 15:19:00,93.01,93.01,92.91,92.94,51
2026-05-26 15:20:00,92.92,92.94,92.8,92.87,117
2026-05-26 15:21:00,92.87,92.9,92.77,92.77,78
2026-05-26 15:22:00,92.77,92.81,92.77,92.77,59
2026-05-26 15:23:00,92.76,92.79,92.75,92.77,66
2026-05-26 15:24:00,92.77,92.8,92.66,92.7,138
2026-05-26 15:25:00,92.68,92.68,92.51,92.67,288
2026-05-26 15:26:00,92.65,92.66,92.57,92.63,118
2026-05-26 15:27:00,92.63,92.7,92.58,92.68,298
2026-05-26 15:28:00,92.66,92.68,92.6,92.6,82
2026-05-26 15:29:00,92.62,92.62,92.56,92.61,135
2026-05-26 15:30:00,92.61,92.73,92.39,92.45,567
2026-05-26 15:31:00,92.46,92.51,92.39,92.45,140
2026-05-26 15:32:00,92.45,92.47,92.43,92.43,32
2026-05-26 15:33:00,92.44,92.47,92.41,92.47,42
2026-05-26 15:34:00,92.47,92.56,92.43,92.47,131
2026-05-26 15:35:00,92.47,92.51,92.45,92.51,35
2026-05-26 15:36:00,92.5,92.5,92.41,92.45,60
2026-05-26 15:37:00,92.46,92.51,92.42,92.44,67
2026-05-26 15:38:00,92.44,92.47,92.36,92.43,257
2026-05-26 15:39:00,92.4,92.48,92.38,92.41,160
2026-05-26 15:40:00,92.42,92.44,92.3,92.31,165
2026-05-26 15:41:00,92.32,92.47,92.32,92.46,120
2026-05-26 15:42:00,92.43,92.43,92.26,92.31,146
2026-05-26 15:43:00,92.3,92.33,92.24,92.28,144
2026-05-26 15:44:00,92.28,92.31,92.19,92.2,207
2026-05-26 15:45:00,92.22,92.31,92.21,92.31,100
2026-05-26 15:46:00,92.32,92.42,92.3,92.38,103
2026-05-26 15:47:00,92.38,92.38,92.35,92.37,54
2026-05-26 15:48:00,92.38,92.41,92.3,92.31,138
2026-05-26 15:49:00,92.3,92.32,92.2,92.22,67
2026-05-26 15:50:00,92.22,92.28,92.17,92.25,126
2026-05-26 15:51:00,92.24,92.32,92.24,92.32,43
2026-05-26 15:52:00,92.32,92.37,92.32,92.32,68
2026-05-26 15:53:00,92.32,92.34,92.3,92.34,21
2026-05-26 15:54:00,92.38,92.4,92.32,92.34,116
2026-05-26 15:55:00,92.33,92.37,92.21,92.23,98
2026-05-26 15:56:00,92.23,92.23,92.16,92.18,133
2026-05-26 15:57:00,92.2,92.23,92.08,92.1,202
2026-05-26 15:58:00,92.11,92.11,91.78,91.9,768
2026-05-26 15:59:00,91.89,91.96,91.81,91.84,259
2026-05-26 16:00:00,91.85,91.86,91.5,91.65,903
2026-05-26 16:01:00,91.65,92.03,91.65,91.97,328
2026-05-26 16:02:00,91.94,92.0,91.83,91.83,162
2026-05-26 16:03:00,91.82,91.86,91.79,91.81,59
2026-05-26 16:04:00,91.82,91.82,91.67,91.71,106
2026-05-26 16:05:00,91.72,91.82,91.59,91.75,214
2026-05-26 16:06:00,91.74,91.82,91.7,91.77,137
2026-05-26 16:07:00,91.78,91.88,91.75,91.88,207
2026-05-26 16:08:00,91.87,91.99,91.87,91.99,120
2026-05-26 16:09:00,91.99,92.04,91.87,91.91,110
2026-05-26 16:10:00,91.9,91.95,91.8,91.83,97
2026-05-26 16:11:00,91.81,91.96,91.81,91.95,131
2026-05-26 16:12:00,91.96,92.04,91.92,92.02,47
2026-05-26 16:13:00,92.04,92.09,92.01,92.02,99
2026-05-26 16:14:00,92.01,92.06,91.91,91.91,98
2026-05-26 16:15:00,91.92,91.97,91.92,91.95,35
2026-05-26 16:16:00,91.96,92.02,91.94,91.94,34
2026-05-26 16:17:00,91.97,92.08,91.96,91.97,164
2026-05-26 16:18:00,91.95,91.98,91.89,91.95,66
2026-05-26 16:19:00,91.96,91.96,91.93,91.93,38
2026-05-26 16:20:00,91.91,91.92,91.85,91.92,94
2026-05-26 16:21:00,91.91,91.92,91.84,91.9,78
2026-05-26 16:22:00,91.9,91.98,91.87,91.89,58
2026-05-26 16:23:00,91.88,91.95,91.88,91.92,103
2026-05-26 16:24:00,91.93,91.97,91.91,91.97,28
2026-05-26 16:25:00,91.96,91.98,91.93,91.98,36
2026-05-26 16:26:00,91.97,91.99,91.91,91.91,54
2026-05-26 16:27:00,91.92,91.96,91.88,91.91,85
2026-05-26 16:28:00,91.92,91.94,91.9,91.92,50
2026-05-26 16:29:00,91.93,92.02,91.9,92.02,78
2026-05-26 16:30:00,92.02,92.09,91.98,92.0,160
2026-05-26 16:31:00,91.99,92.09,91.98,92.05,181
2026-05-26 16:32:00,92.06,92.15,92.03,92.13,116
2026-05-26 16:33:00,92.14,92.15,92.09,92.13,90
2026-05-26 16:34:00,92.13,92.15,92.06,92.06,73
2026-05-26 16:35:00,92.05,92.17,92.05,92.08,76
2026-05-26 16:36:00,92.09,92.14,92.02,92.02,108
2026-05-26 16:37:00,92.03,92.08,92.0,92.0,108
2026-05-26 16:38:00,92.01,92.1,92.01,92.08,63
2026-05-26 16:39:00,92.08,92.12,92.07,92.12,46
2026-05-26 16:40:00,92.13,92.19,92.13,92.16,72
2026-05-26 16:41:00,92.17,92.27,92.16,92.22,79
2026-05-26 16:42:00,92.23,92.3,92.23,92.26,88
2026-05-26 16:43:00,92.26,92.38,92.26,92.36,84
2026-05-26 16:44:00,92.36,92.41,92.32,92.41,71
2026-05-26 16:45:00,92.41,92.46,92.37,92.41,61
2026-05-26 16:46:00,92.4,92.46,92.39,92.41,196
2026-05-26 16:47:00,92.4,92.45,92.25,92.25,243
2026-05-26 16:48:00,92.26,92.3,92.24,92.29,162
2026-05-26 16:49:00,92.3,92.34,92.26,92.31,130
2026-05-26 16:50:00,92.31,92.43,92.3,92.36,154
2026-05-26 16:51:00,92.35,92.37,92.2,92.27,310
2026-05-26 16:52:00,92.28,92.29,92.19,92.26,155
2026-05-26 16:53:00,92.25,92.32,92.21,92.26,215
2026-05-26 16:54:00,92.27,92.32,92.25,92.29,31
2026-05-26 16:55:00,92.28,92.43,92.25,92.36,127
2026-05-26 16:56:00,92.36,92.46,92.34,92.45,81
2026-05-26 16:57:00,92.44,92.5,92.39,92.46,118
2026-05-26 16:58:00,92.46,92.46,92.4,92.41,45
2026-05-26 16:59:00,92.42,92.44,92.39,92.43,24
2026-05-26 17:00:00,92.44,92.47,92.44,92.45,28
2026-05-26 17:01:00,92.44,92.46,92.41,92.41,35
2026-05-26 17:02:00,92.42,92.42,92.25,92.28,131
2026-05-26 17:03:00,92.27,92.28,92.18,92.23,155
2026-05-26 17:04:00,92.24,92.75,92.17,92.52,1029
2026-05-26 17:05:00,92.51,92.9,92.48,92.76,551
2026-05-26 17:06:00,92.78,92.87,92.63,92.68,253
2026-05-26 17:07:00,92.68,92.72,92.51,92.59,148
2026-05-26 17:08:00,92.6,92.64,92.56,92.59,110
2026-05-26 17:09:00,92.6,92.61,92.51,92.57,299
2026-05-26 17:10:00,92.59,92.69,92.56,92.64,143
2026-05-26 17:11:00,92.63,92.65,92.43,92.47,125
2026-05-26 17:12:00,92.46,92.64,92.43,92.54,173
2026-05-26 17:13:00,92.53,92.64,92.47,92.62,170
2026-05-26 17:14:00,92.61,92.63,92.54,92.6,82
2026-05-26 17:15:00,92.61,92.73,92.6,92.64,148
2026-05-26 17:16:00,92.65,92.7,92.64,92.69,89
2026-05-26 17:17:00,92.7,92.7,92.58,92.6,26
2026-05-26 17:18:00,92.61,92.61,92.5,92.55,89
2026-05-26 17:19:00,92.55,92.61,92.51,92.61,44
2026-05-26 17:20:00,92.62,92.64,92.56,92.64,48
2026-05-26 17:21:00,92.65,92.68,92.57,92.61,61
2026-05-26 17:22:00,92.63,92.71,92.63,92.66,77
2026-05-26 17:23:00,92.66,92.68,92.65,92.67,43
2026-05-26 17:24:00,92.67,92.73,92.66,92.71,48
2026-05-26 17:25:00,92.71,92.71,92.66,92.67,57
2026-05-26 17:26:00,92.67,92.7,92.64,92.64,39
2026-05-26 17:27:00,92.64,92.74,92.63,92.74,74
2026-05-26 17:28:00,92.74,92.78,92.66,92.69,126
2026-05-26 17:29:00,92.73,92.76,92.7,92.72,66
2026-05-26 17:30:00,92.72,92.88,92.7,92.87,195
2026-05-26 17:31:00,92.88,92.89,92.8,92.87,157
2026-05-26 17:32:00,92.86,92.93,92.84,92.9,238
2026-05-26 17:33:00,92.89,92.92,92.86,92.86,124
2026-05-26 17:34:00,92.86,92.92,92.85,92.92,73
2026-05-26 17:35:00,92.9,92.96,92.87,92.96,81
2026-05-26 17:36:00,92.95,92.97,92.9,92.91,98
2026-05-26 17:37:00,92.91,92.95,92.82,92.83,91
2026-05-26 17:38:00,92.82,93.36,92.76,93.17,1621
2026-05-26 17:39:00,93.17,93.2,92.71,92.8,1327
2026-05-26 17:40:00,92.81,92.94,92.81,92.81,107
2026-05-26 17:41:00,92.8,92.8,92.67,92.73,241
2026-05-26 17:42:00,92.72,92.74,92.55,92.64,355
2026-05-26 17:43:00,92.65,92.67,92.58,92.64,83
2026-05-26 17:44:00,92.63,92.68,92.56,92.64,471
2026-05-26 17:45:00,92.66,92.72,92.56,92.56,150
2026-05-26 17:46:00,92.56,92.58,92.5,92.54,169
2026-05-26 17:47:00,92.52,92.6,92.51,92.56,122
2026-05-26 17:48:00,92.59,92.66,92.59,92.59,44
2026-05-26 17:49:00,92.62,92.62,92.52,92.55,58
2026-05-26 17:50:00,92.54,92.55,92.5,92.51,50
2026-05-26 17:51:00,92.5,92.53,92.42,92.46,149
2026-05-26 17:52:00,92.46,92.6,92.45,92.59,73
2026-05-26 17:53:00,92.6,92.64,92.56,92.58,64
2026-05-26 17:54:00,92.6,92.68,92.58,92.61,61
2026-05-26 17:55:00,92.61,92.66,92.55,92.58,121
2026-05-26 17:56:00,92.58,92.65,92.58,92.64,56
2026-05-26 17:57:00,92.63,92.73,92.61,92.73,85
2026-05-26 17:58:00,92.71,92.73,92.68,92.7,95
2026-05-26 17:59:00,92.68,92.79,92.67,92.75,128
2026-05-26 18:00:00,92.72,92.79,92.72,92.78,55
2026-05-26 18:01:00,92.77,92.86,92.77,92.8,162
2026-05-26 18:02:00,92.81,92.87,92.81,92.87,195
2026-05-26 18:03:00,92.86,92.93,92.85,92.86,149
2026-05-26 18:04:00,92.87,92.87,92.77,92.8,241
2026-05-26 18:05:00,92.8,92.84,92.73,92.73,88
2026-05-26 18:06:00,92.74,92.86,92.74,92.84,146
2026-05-26 18:07:00,92.83,93.01,92.83,93.0,251
2026-05-26 18:08:00,92.98,93.02,92.93,92.99,105
2026-05-26 18:09:00,92.99,93.01,92.95,92.97,63
2026-05-26 18:10:00,92.96,92.96,92.87,92.94,111
2026-05-26 18:11:00,92.93,92.97,92.89,92.95,67
2026-05-26 18:12:00,92.94,92.95,92.82,92.83,117
2026-05-26 18:13:00,92.81,92.96,92.81,92.95,102
2026-05-26 18:14:00,92.95,92.98,92.91,92.95,72
2026-05-26 18:15:00,92.94,92.94,92.81,92.82,84
2026-05-26 18:16:00,92.82,92.83,92.68,92.69,168
2026-05-26 18:17:00,92.7,92.73,92.67,92.71,237
2026-05-26 18:18:00,92.72,92.74,92.66,92.68,78
2026-05-26 18:19:00,92.67,92.68,92.62,92.65,88
2026-05-26 18:20:00,92.64,92.67,92.52,92.54,132
2026-05-26 18:21:00,92.55,92.62,92.48,92.61,218
2026-05-26 18:22:00,92.62,92.69,92.6,92.66,73
2026-05-26 18:23:00,92.65,92.68,92.61,92.68,61
2026-05-26 18:24:00,92.66,92.7,92.61,92.61,77
2026-05-26 18:25:00,92.62,92.7,92.5,92.61,262
2026-05-26 18:26:00,92.63,92.68,92.59,92.65,124
2026-05-26 18:27:00,92.65,92.76,92.61,92.74,126
2026-05-26 18:28:00,92.76,92.8,92.7,92.7,167
2026-05-26 18:29:00,92.75,92.81,92.74,92.8,117
2026-05-26 18:30:00,92.81,92.85,92.59,92.63,378
2026-05-26 18:31:00,92.64,92.76,92.56,92.58,339
2026-05-26 18:32:00,92.58,92.73,92.54,92.68,297
2026-05-26 18:33:00,92.7,92.83,92.64,92.76,184
2026-05-26 18:34:00,92.79,92.82,92.67,92.7,166
2026-05-26 18:35:00,92.71,92.77,92.69,92.74,109
2026-05-26 18:36:00,92.74,92.81,92.72,92.73,245
2026-05-26 18:37:00,92.74,92.79,92.68,92.74,487
2026-05-26 18:38:00,92.75,92.9,92.74,92.86,202
2026-05-26 18:39:00,92.86,92.92,92.81,92.91,199
2026-05-26 18:40:00,92.9,92.93,92.87,92.92,310
2026-05-26 18:41:00,92.91,92.96,92.8,92.82,251
2026-05-26 18:42:00,92.83,92.88,92.73,92.85,301
2026-05-26 18:43:00,92.84,92.88,92.8,92.8,164
2026-05-26 18:44:00,92.82,92.85,92.75,92.81,180
2026-05-26 18:45:00,92.8,92.84,92.68,92.72,233
2026-05-26 18:46:00,92.74,92.87,92.73,92.87,202
2026-05-26 18:47:00,92.84,92.91,92.83,92.86,105
2026-05-26 18:48:00,92.88,92.91,92.84,92.87,80
2026-05-26 18:49:00,92.88,93.0,92.87,92.98,230
2026-05-26 18:50:00,93.0,93.0,92.86,92.86,209
2026-05-26 18:51:00,92.88,92.89,92.78,92.81,111
2026-05-26 18:52:00,92.81,92.84,92.78,92.8,103
2026-05-26 18:53:00,92.8,92.89,92.8,92.85,170
2026-05-26 18:54:00,92.84,92.88,92.81,92.85,223
2026-05-26 18:55:00,92.85,92.91,92.85,92.88,147
2026-05-26 18:56:00,92.91,92.99,92.89,92.95,257
2026-05-26 18:57:00,92.96,92.96,92.9,92.94,86
2026-05-26 18:58:00,92.95,93.06,92.92,93.0,249
2026-05-26 18:59:00,93.01,93.05,92.99,93.04,80
2026-05-26 19:00:00,93.06,93.07,92.82,92.89,312
2026-05-26 19:01:00,92.92,92.92,92.82,92.84,238
2026-05-26 19:02:00,92.84,92.9,92.8,92.87,138
2026-05-26 19:03:00,92.86,92.87,92.81,92.85,139
2026-05-26 19:04:00,92.84,93.15,92.84,93.1,501
2026-05-26 19:05:00,93.11,93.12,92.93,92.96,267
2026-05-26 19:06:00,92.97,93.1,92.94,93.09,312
2026-05-26 19:07:00,93.06,93.11,92.99,93.01,202
2026-05-26 19:08:00,93.03,93.08,93.0,93.08,162
2026-05-26 19:09:00,93.08,93.14,93.05,93.11,172
2026-05-26 19:10:00,93.11,93.15,93.07,93.11,206
2026-05-26 19:11:00,93.1,93.12,93.07,93.1,163
2026-05-26 19:12:00,93.11,93.16,93.09,93.16,179
2026-05-26 19:13:00,93.16,93.22,93.1,93.14,303
2026-05-26 19:14:00,93.14,93.14,93.09,93.14,323
2026-05-26 19:15:00,93.13,93.16,93.04,93.16,288
2026-05-26 19:16:00,93.17,93.21,93.12,93.18,199
2026-05-26 19:17:00,93.19,93.27,93.16,93.17,425
2026-05-26 19:18:00,93.17,93.28,93.15,93.28,225
2026-05-26 19:19:00,93.27,93.38,93.25,93.37,372
2026-05-26 19:20:00,93.36,94.0,93.35,93.95,2037
2026-05-26 19:21:00,93.93,93.98,93.66,93.81,1325
2026-05-26 19:22:00,93.81,93.95,93.8,93.94,859
2026-05-26 19:23:00,93.94,94.51,93.92,94.29,2547
2026-05-26 19:24:00,94.29,94.35,94.14,94.15,634
2026-05-26 19:25:00,94.15,94.24,94.02,94.03,817
2026-05-26 19:26:00,94.03,94.05,93.88,93.96,813
2026-05-26 19:27:00,93.97,94.02,93.89,94.01,323
2026-05-26 19:28:00,94.01,94.2,94.01,94.14,466
2026-05-26 19:29:00,94.13,94.23,94.12,94.2,343
2026-05-26 19:30:00,94.16,94.43,94.16,94.36,792
2026-05-26 19:31:00,94.35,94.37,94.06,94.13,508
2026-05-26 19:32:00,94.12,94.22,94.07,94.18,306
2026-05-26 19:33:00,94.2,94.22,94.0,94.04,528
2026-05-26 19:34:00,94.05,94.15,94.03,94.08,327
2026-05-26 19:35:00,94.07,94.12,93.86,93.86,940
2026-05-26 19:36:00,93.85,93.86,93.66,93.7,687
2026-05-26 19:37:00,93.71,93.75,93.52,93.6,544
2026-05-26 19:38:00,93.61,93.75,93.52,93.72,316
2026-05-26 19:39:00,93.73,93.87,93.71,93.81,204
2026-05-26 19:40:00,93.79,93.85,93.73,93.78,230
2026-05-26 19:41:00,93.8,93.95,93.77,93.93,288
2026-05-26 19:42:00,93.93,94.02,93.91,93.96,291
2026-05-26 19:43:00,93.96,94.05,93.93,94.01,288
2026-05-26 19:44:00,93.99,93.99,93.81,93.83,183
2026-05-26 19:45:00,93.83,93.89,93.77,93.8,251
2026-05-26 19:46:00,93.79,93.93,93.77,93.93,294
2026-05-26 19:47:00,93.95,94.07,93.93,94.04,326
2026-05-26 19:48:00,94.03,94.1,94.01,94.07,190
2026-05-26 19:49:00,94.08,94.09,93.95,93.95,193
2026-05-26 19:50:00,93.96,93.99,93.88,93.92,186
2026-05-26 19:51:00,93.93,93.96,93.84,93.88,316
2026-05-26 19:52:00,93.89,93.89,93.77,93.83,186
2026-05-26 19:53:00,93.82,93.95,93.81,93.89,202
2026-05-26 19:54:00,93.9,93.93,93.82,93.82,130
2026-05-26 19:55:00,93.8,93.88,93.71,93.83,469
2026-05-26 19:56:00,93.84,93.9,93.82,93.83,313
2026-05-26 19:57:00,93.85,93.86,93.77,93.84,170
2026-05-26 19:58:00,93.86,93.94,93.82,93.89,166
2026-05-26 19:59:00,93.9,93.92,93.78,93.82,149
2026-05-26 20:00:00,93.8,93.86,93.68,93.74,355
2026-05-26 20:01:00,93.74,93.8,93.72,93.79,623
2026-05-26 20:02:00,93.78,93.78,93.46,93.57,630
2026-05-26 20:03:00,93.57,93.78,93.49,93.66,779
2026-05-26 20:04:00,93.67,93.74,93.6,93.62,521
2026-05-26 20:05:00,93.62,93.66,93.39,93.39,951
2026-05-26 20:06:00,93.39,93.43,93.17,93.37,1482
2026-05-26 20:07:00,93.35,93.44,93.35,93.36,293
2026-05-26 20:08:00,93.38,93.59,93.37,93.52,682
2026-05-26 20:09:00,93.51,93.7,93.51,93.65,582
2026-05-26 20:10:00,93.65,93.68,93.48,93.51,255
2026-05-26 20:11:00,93.52,93.61,93.51,93.61,154
2026-05-26 20:12:00,93.61,93.75,93.55,93.66,402
2026-05-26 20:13:00,93.68,93.81,93.66,93.77,666
2026-05-26 20:14:00,93.77,93.79,93.68,93.75,272
2026-05-26 20:15:00,93.74,93.85,93.74,93.79,288
2026-05-26 20:16:00,93.79,93.82,93.71,93.75,321
2026-05-26 20:17:00,93.75,93.76,93.6,93.61,370
2026-05-26 20:18:00,93.62,93.69,93.62,93.63,168
2026-05-26 20:19:00,93.64,93.65,93.52,93.64,337
2026-05-26 20:20:00,93.62,93.83,93.62,93.83,490
2026-05-26 20:21:00,93.81,93.94,93.77,93.83,1038
2026-05-26 20:22:00,93.82,93.9,93.76,93.86,253
2026-05-26 20:23:00,93.88,94.05,93.88,94.0,510
2026-05-26 20:24:00,94.04,94.12,94.0,94.11,381
2026-05-26 20:25:00,94.12,94.2,94.09,94.18,408
2026-05-26 20:26:00,94.19,94.26,94.14,94.24,519
2026-05-26 20:27:00,94.24,94.35,94.21,94.3,293
2026-05-26 20:28:00,94.31,94.4,94.21,94.25,1007
2026-05-26 20:29:00,94.24,94.26,94.15,94.19,589
2026-05-26 20:30:00,94.19,94.37,94.17,94.3,773
2026-05-26 20:31:00,94.3,94.39,94.29,94.34,876
2026-05-26 20:32:00,94.34,94.48,94.33,94.41,938
2026-05-26 20:33:00,94.42,94.43,94.3,94.32,292
2026-05-26 20:34:00,94.33,94.38,94.31,94.32,230
2026-05-26 20:35:00,94.33,94.37,94.26,94.37,296
2026-05-26 20:36:00,94.37,94.41,94.32,94.36,230
2026-05-26 20:37:00,94.36,94.45,94.35,94.4,197
2026-05-26 20:38:00,94.41,94.45,94.16,94.23,819
2026-05-26 20:39:00,94.24,94.4,94.2,94.36,506
2026-05-26 20:40:00,94.37,94.38,94.28,94.34,193
2026-05-26 20:41:00,94.33,94.35,94.24,94.24,205
2026-05-26 20:42:00,94.24,94.24,94.13,94.22,389
2026-05-26 20:43:00,94.23,94.39,94.22,94.24,286
2026-05-26 20:44:00,94.23,94.3,94.19,94.28,251
2026-05-26 20:45:00,94.27,94.42,94.27,94.37,539
2026-05-26 20:46:00,94.36,94.41,94.3,94.41,199
2026-05-26 20:47:00,94.4,94.41,94.29,94.33,226
2026-05-26 20:48:00,94.33,94.41,94.16,94.21,360
2026-05-26 20:49:00,94.23,94.26,94.12,94.2,281
2026-05-26 20:50:00,94.2,94.31,94.15,94.3,84
2026-05-26 20:51:00,94.29,94.37,94.26,94.34,246
2026-05-26 20:52:00,94.33,94.35,94.25,94.31,144
2026-05-26 20:53:00,94.3,94.36,94.22,94.35,402
2026-05-26 20:54:00,94.34,94.36,94.27,94.34,176
2026-05-26 20:55:00,94.33,94.37,94.26,94.34,187
2026-05-26 20:56:00,94.32,94.35,94.22,94.35,151
2026-05-26 20:57:00,94.35,94.38,94.28,94.38,133
2026-05-26 20:58:00,94.38,94.42,94.24,94.36,284
2026-05-26 20:59:00,94.34,94.7,94.31,94.64,1641
2026-05-26 21:00:00,94.62,94.63,94.48,94.5,872
2026-05-26 21:01:00,94.49,94.56,94.36,94.41,523
2026-05-26 21:02:00,94.42,94.47,94.31,94.38,441
2026-05-26 21:03:00,94.38,94.4,94.3,94.35,197
2026-05-26 21:04:00,94.35,94.38,94.19,94.27,362
2026-05-26 21:05:00,94.27,94.31,94.23,94.25,171
2026-05-26 21:06:00,94.26,94.47,94.25,94.47,242
2026-05-26 21:07:00,94.48,94.48,94.39,94.43,256
2026-05-26 21:08:00,94.42,94.45,94.4,94.41,185
2026-05-26 21:09:00,94.4,94.41,94.19,94.2,457
2026-05-26 21:10:00,94.2,94.25,94.13,94.22,430
2026-05-26 21:11:00,94.21,94.23,94.14,94.15,176
2026-05-26 21:12:00,94.17,94.17,94.03,94.09,507
2026-05-26 21:13:00,94.09,94.23,94.09,94.11,308
2026-05-26 21:14:00,94.12,94.14,94.05,94.07,401
2026-05-26 21:15:00,94.09,94.09,93.91,93.92,650
2026-05-26 21:16:00,93.92,94.0,93.87,93.92,328
2026-05-26 21:17:00,93.94,94.07,93.92,94.04,363
2026-05-26 21:18:00,94.01,94.01,93.91,93.91,283
2026-05-26 21:19:00,93.91,93.92,93.82,93.83,316
2026-05-26 21:20:00,93.83,93.89,93.81,93.86,255
2026-05-26 21:21:00,93.86,93.89,93.81,93.86,436
2026-05-26 21:22:00,93.86,93.91,93.83,93.83,367
2026-05-26 21:23:00,93.84,93.93,93.84,93.91,164
2026-05-26 21:24:00,93.9,93.99,93.88,93.88,315
2026-05-26 21:25:00,93.89,93.93,93.85,93.92,198
2026-05-26 21:26:00,93.92,94.03,93.92,94.01,254
2026-05-26 21:27:00,94.01,94.07,93.92,93.93,253
2026-05-26 21:28:00,93.92,93.93,93.85,93.85,241
2026-05-26 21:29:00,93.86,93.93,93.86,93.9,134
2026-05-26 21:30:00,93.89,93.92,93.85,93.92,196
2026-05-26 21:31:00,93.93,94.0,93.89,93.9,307
2026-05-26 21:32:00,93.9,94.02,93.89,94.0,134
2026-05-26 21:33:00,94.01,94.07,93.97,93.98,432
2026-05-26 21:34:00,93.97,94.0,93.92,93.93,219
2026-05-26 21:35:00,93.93,93.98,93.87,93.94,186
2026-05-26 21:36:00,93.95,94.01,93.95,93.95,189
2026-05-26 21:37:00,93.96,94.0,93.92,93.94,189
2026-05-26 21:38:00,93.94,94.08,93.94,94.05,1077
2026-05-26 21:39:00,94.06,94.06,93.97,93.99,692
2026-05-26 21:40:00,93.99,94.14,93.99,94.11,201
2026-05-26 21:41:00,94.12,94.17,94.09,94.12,401
2026-05-26 21:42:00,94.13,94.23,94.12,94.2,217
2026-05-26 21:43:00,94.21,94.33,94.19,94.31,260
2026-05-26 21:44:00,94.31,94.31,94.25,94.3,84
2026-05-26 21:45:00,94.3,94.35,94.26,94.34,142
2026-05-26 21:46:00,94.35,94.36,94.24,94.25,285
2026-05-26 21:47:00,94.24,94.25,94.15,94.18,163
2026-05-26 21:48:00,94.19,94.22,94.12,94.15,336
2026-05-26 21:49:00,94.15,94.15,94.08,94.09,96
2026-05-26 21:50:00,94.09,94.15,94.07,94.15,383
2026-05-26 21:51:00,94.15,94.2,94.13,94.2,189
2026-05-26 21:52:00,94.2,94.24,94.17,94.23,162
2026-05-26 21:53:00,94.23,94.26,94.18,94.21,198
2026-05-26 21:54:00,94.2,94.22,94.19,94.2,121
2026-05-26 21:55:00,94.2,94.25,94.2,94.2,134
2026-05-26 21:56:00,94.2,94.22,94.11,94.14,157
2026-05-26 21:57:00,94.12,94.17,94.1,94.13,138
2026-05-26 21:58:00,94.14,94.14,94.03,94.05,180
2026-05-26 21:59:00,94.05,94.1,93.95,94.07,407
2026-05-26 22:00:00,94.07,94.15,94.02,94.05,235
2026-05-26 22:01:00,94.04,94.06,93.93,93.98,319
2026-05-26 22:02:00,93.97,93.98,93.88,93.94,305
2026-05-26 22:03:00,93.94,93.96,93.76,93.81,758
2026-05-26 22:04:00,93.81,93.85,93.71,93.79,518
2026-05-26 22:05:00,93.77,93.88,93.74,93.85,500
2026-05-26 22:06:00,93.83,93.89,93.8,93.85,207
2026-05-26 22:07:00,93.85,93.99,93.81,93.97,374
2026-05-26 22:08:00,93.97,94.05,93.95,93.95,195
2026-05-26 22:09:00,93.95,93.98,93.92,93.96,185
2026-05-26 22:10:00,93.97,94.09,93.94,94.08,419
2026-05-26 22:11:00,94.08,94.09,94.02,94.04,286
2026-05-26 22:12:00,94.04,94.14,94.03,94.12,159
2026-05-26 22:13:00,94.13,94.17,94.11,94.13,205
2026-05-26 22:14:00,94.14,94.16,94.11,94.15,100
2026-05-26 22:15:00,94.15,94.17,94.06,94.12,164
2026-05-26 22:16:00,94.12,94.16,94.08,94.13,119
2026-05-26 22:17:00,94.13,94.16,94.11,94.16,132
2026-05-26 22:18:00,94.17,94.29,94.17,94.28,226
2026-05-26 22:19:00,94.27,94.31,94.24,94.31,174
2026-05-26 22:20:00,94.3,94.31,94.2,94.22,339
2026-05-26 22:21:00,94.23,94.26,94.17,94.18,184
2026-05-26 22:22:00,94.17,94.21,94.16,94.2,168
2026-05-26 22:23:00,94.19,94.26,94.18,94.21,176
2026-05-26 22:24:00,94.2,94.21,94.15,94.2,152
2026-05-26 22:25:00,94.19,94.2,94.15,94.18,119
2026-05-26 22:26:00,94.17,94.17,94.08,94.15,250
2026-05-26 22:27:00,94.14,94.14,94.1,94.13,201
2026-05-26 22:28:00,94.13,94.15,94.04,94.08,259
2026-05-26 22:29:00,94.09,94.09,94.02,94.03,173
2026-05-26 22:30:00,94.04,94.09,94.03,94.07,194
2026-05-26 22:31:00,94.05,94.07,93.96,94.01,278
2026-05-26 22:32:00,94.0,94.06,93.98,94.03,266
2026-05-26 22:33:00,94.02,94.05,93.97,93.98,305
2026-05-26 22:34:00,93.99,94.01,93.88,93.94,433
2026-05-26 22:35:00,93.93,93.95,93.88,93.91,395
2026-05-26 22:36:00,93.93,93.93,93.86,93.89,297
2026-05-26 22:37:00,93.88,93.93,93.85,93.91,718
2026-05-26 22:38:00,93.91,93.99,93.87,93.99,124
2026-05-26 22:39:00,93.99,94.06,93.98,94.0,168
2026-05-26 22:40:00,94.0,94.03,93.96,94.03,135
2026-05-26 22:41:00,94.01,94.02,93.97,93.99,143
2026-05-26 22:42:00,93.99,94.0,93.94,93.97,168
2026-05-26 22:43:00,93.97,94.04,93.92,94.03,234
2026-05-26 22:44:00,94.01,94.02,93.95,93.96,172
2026-05-26 22:45:00,93.95,94.12,93.95,94.1,227
2026-05-26 22:46:00,94.1,94.12,94.04,94.08,193
2026-05-26 22:47:00,94.06,94.16,94.04,94.06,381
2026-05-26 22:48:00,94.05,94.12,94.02,94.03,207
2026-05-26 22:49:00,94.02,94.07,93.98,94.0,241
2026-05-26 22:50:00,93.99,94.01,93.95,93.96,201
2026-05-26 22:51:00,93.96,93.96,93.82,93.85,467
2026-05-26 22:52:00,93.86,93.95,93.86,93.95,181
2026-05-26 22:53:00,93.94,93.94,93.85,93.89,406
2026-05-26 22:54:00,93.88,93.98,93.86,93.95,175
2026-05-26 22:55:00,93.96,94.11,93.96,94.05,512
2026-05-26 22:56:00,94.05,94.07,94.01,94.04,179
2026-05-26 22:57:00,94.03,94.05,94.0,94.01,137
2026-05-26 22:58:00,94.01,94.08,94.0,94.07,136
2026-05-26 22:59:00,94.07,94.07,94.03,94.05,261
2026-05-26 23:00:00,94.05,94.14,94.04,94.11,140
2026-05-26 23:01:00,94.11,94.13,94.0,94.0,502
2026-05-26 23:02:00,93.99,94.02,93.92,93.96,327
2026-05-26 23:03:00,93.96,93.96,93.85,93.9,261
2026-05-26 23:04:00,93.9,93.92,93.85,93.87,158
2026-05-26 23:05:00,93.87,93.92,93.79,93.85,410
2026-05-26 23:06:00,93.84,93.93,93.83,93.85,401
2026-05-26 23:07:00,93.84,93.86,93.78,93.81,218
2026-05-26 23:08:00,93.8,93.89,93.79,93.87,221
2026-05-26 23:09:00,93.85,93.86,93.82,93.83,133
2026-05-26 23:10:00,93.82,93.91,93.82,93.9,206
2026-05-26 23:11:00,93.89,93.89,93.82,93.82,190
2026-05-26 23:12:00,93.81,93.84,93.79,93.82,153
2026-05-26 23:13:00,93.81,93.82,93.64,93.64,252
2026-05-26 23:14:00,93.65,93.71,93.58,93.62,232
2026-05-26 23:15:00,93.61,93.68,93.56,93.57,220
2026-05-26 23:16:00,93.58,93.71,93.56,93.71,409
2026-05-26 23:17:00,93.7,93.78,93.68,93.72,243
2026-05-26 23:18:00,93.71,93.76,93.69,93.75,138
2026-05-26 23:19:00,93.75,93.88,93.73,93.87,239
2026-05-26 23:20:00,93.86,93.95,93.85,93.94,181
2026-05-26 23:21:00,93.93,93.93,93.84,93.89,245
2026-05-26 23:22:00,93.88,93.89,93.81,93.87,215
2026-05-26 23:23:00,93.87,93.89,93.84,93.85,166
2026-05-26 23:24:00,93.85,93.86,93.8,93.82,182
2026-05-26 23:25:00,93.81,93.86,93.76,93.86,224
2026-05-26 23:26:00,93.85,93.87,93.77,93.81,303
2026-05-26 23:27:00,93.81,93.82,93.75,93.81,248
2026-05-26 23:28:00,93.79,93.81,93.77,93.79,203
2026-05-26 23:29:00,93.78,93.84,93.74,93.74,265
2026-05-26 23:30:00,93.74,94.02,93.74,93.96,520
2026-05-26 23:31:00,93.97,94.05,93.92,93.95,489
2026-05-26 23:32:00,93.96,94.03,93.95,94.0,327
2026-05-26 23:33:00,94.0,94.05,93.93,93.99,504
2026-05-26 23:34:00,93.99,94.09,93.93,93.99,469
2026-05-26 23:35:00,93.99,93.99,93.89,93.94,365
2026-05-26 23:36:00,93.94,93.97,93.86,93.87,272
2026-05-26 23:37:00,93.86,93.92,93.83,93.89,176
2026-05-26 23:38:00,93.89,93.89,93.74,93.81,227
2026-05-26 23:39:00,93.82,93.87,93.78,93.78,173
2026-05-26 23:40:00,93.78,93.85,93.73,93.79,330
2026-05-26 23:41:00,93.78,93.83,93.75,93.77,179
2026-05-26 23:42:00,93.79,93.84,93.72,93.78,277
2026-05-26 23:43:00,93.77,93.85,93.75,93.81,459
2026-05-26 23:44:00,93.81,93.9,93.79,93.8,373
2026-05-26 23:45:00,93.8,93.82,93.64,93.68,469
2026-05-26 23:46:00,93.67,93.77,93.63,93.7,563
2026-05-26 23:47:00,93.7,93.72,93.55,93.58,321
2026-05-26 23:48:00,93.58,93.69,93.55,93.65,476
2026-05-26 23:49:00,93.66,93.72,93.65,93.69,212
2026-05-26 23:50:00,93.69,94.0,93.65,93.93,957
2026-05-26 23:51:00,93.92,93.99,93.86,93.94,715
2026-05-26 23:52:00,93.94,93.94,93.81,93.82,279
2026-05-26 23:53:00,93.81,93.88,93.8,93.8,348
2026-05-26 23:54:00,93.8,93.88,93.73,93.84,525
2026-05-26 23:55:00,93.84,93.91,93.84,93.84,343
2026-05-26 23:56:00,93.85,93.9,93.81,93.82,264
2026-05-26 23:57:00,93.83,93.89,93.82,93.84,795
2026-05-26 23:58:00,93.84,93.95,93.72,93.9,2968
2026-05-26 23:59:00,93.9,93.97,93.87,93.89,2591
2026-05-27 00:00:00,93.88,93.94,93.85,93.91,581
2026-05-27 00:01:00,93.92,93.95,93.9,93.94,192
2026-05-27 00:02:00,93.95,94.03,93.93,93.94,493
2026-05-27 00:03:00,93.94,93.95,93.88,93.92,206
2026-05-27 00:04:00,93.92,93.97,93.89,93.92,134
2026-05-27 00:05:00,93.92,94.07,93.92,94.0,297
2026-05-27 00:06:00,94.0,94.01,93.93,93.95,75
2026-05-27 00:07:00,93.95,94.01,93.92,93.98,249
2026-05-27 00:08:00,93.97,94.01,93.93,93.94,92
2026-05-27 00:09:00,93.95,93.96,93.76,93.78,410
2026-05-27 00:10:00,93.79,93.83,93.74,93.76,230
2026-05-27 00:11:00,93.76,93.8,93.73,93.77,171
2026-05-27 00:12:00,93.76,93.86,93.75,93.86,203
2026-05-27 00:13:00,93.85,93.89,93.82,93.85,189
2026-05-27 00:14:00,93.85,93.87,93.83,93.86,91
2026-05-27 00:15:00,93.84,93.85,93.82,93.84,39
2026-05-27 00:16:00,93.84,93.87,93.84,93.87,46
2026-05-27 00:17:00,93.87,93.88,93.86,93.86,35
2026-05-27 00:18:00,93.85,93.86,93.82,93.83,72
2026-05-27 00:19:00,93.83,93.83,93.81,93.82,151
2026-05-27 00:20:00,93.82,93.82,93.68,93.7,257
2026-05-27 00:21:00,93.71,93.73,93.46,93.5,498
2026-05-27 00:22:00,93.49,93.5,93.41,93.42,150
2026-05-27 00:23:00,93.42,93.53,93.41,93.51,271
2026-05-27 00:24:00,93.51,93.6,93.49,93.6,91
2026-05-27 00:25:00,93.6,93.6,93.55,93.59,85
2026-05-27 00:26:00,93.59,93.63,93.56,93.63,118
2026-05-27 00:27:00,93.62,93.66,93.52,93.61,695
2026-05-27 00:28:00,93.62,93.68,93.6,93.68,90
2026-05-27 00:29:00,93.68,93.71,93.67,93.68,65
2026-05-27 00:30:00,93.69,93.87,93.68,93.84,247
2026-05-27 00:31:00,93.84,93.85,93.76,93.76,125
2026-05-27 00:32:00,93.78,93.78,93.73,93.75,79
2026-05-27 00:33:00,93.75,93.81,93.75,93.81,81
2026-05-27 00:34:00,93.81,93.87,93.78,93.83,147
2026-05-27 00:35:00,93.82,93.84,93.79,93.79,62
2026-05-27 00:36:00,93.77,93.78,93.76,93.77,51
2026-05-27 00:37:00,93.76,93.81,93.74,93.81,118
2026-05-27 00:38:00,93.81,93.84,93.79,93.82,81
2026-05-27 00:39:00,93.81,93.81,93.79,93.79,38
2026-05-27 00:40:00,93.8,93.82,93.76,93.78,77
2026-05-27 00:41:00,93.78,93.84,93.76,93.84,114
2026-05-27 00:42:00,93.85,93.95,93.84,93.95,269
2026-05-27 00:43:00,93.94,93.98,93.92,93.92,201
2026-05-27 00:44:00,93.94,94.04,93.92,93.95,229
2026-05-27 00:45:00,93.96,93.98,93.92,93.94,143
2026-05-27 00:46:00,93.94,93.97,93.93,93.95,58
2026-05-27 00:47:00,93.96,93.96,93.87,93.91,106
2026-05-27 00:48:00,93.9,93.92,93.88,93.89,70
2026-05-27 00:49:00,93.9,93.96,93.9,93.93,101
2026-05-27 00:50:00,93.93,93.96,93.9,93.95,148
2026-05-27 00:51:00,93.96,94.06,93.96,94.01,171
2026-05-27 00:52:00,94.0,94.0,93.95,93.95,53
2026-05-27 00:53:00,93.97,93.98,93.95,93.96,44
2026-05-27 00:54:00,93.96,93.96,93.87,93.88,110
2026-05-27 00:55:00,93.89,93.93,93.88,93.93,60
2026-05-27 00:56:00,93.93,93.93,93.92,93.92,61
2026-05-27 00:57:00,93.93,93.96,93.93,93.94,51
2026-05-27 00:58:00,93.96,93.98,93.92,93.97,112
2026-05-27 00:59:00,93.99,93.99,93.94,93.96,181
2026-05-27 01:00:00,93.96,94.02,93.95,93.95,177
2026-05-27 01:01:00,93.95,93.96,93.87,93.88,63
2026-05-27 01:02:00,93.87,93.9,93.87,93.89,60
2026-05-27 01:03:00,93.88,93.88,93.82,93.84,80
2026-05-27 01:04:00,93.85,93.86,93.79,93.81,55
2026-05-27 01:05:00,93.81,93.81,93.76,93.76,53
2026-05-27 01:06:00,93.76,93.77,93.67,93.72,191
2026-05-27 01:07:00,93.72,93.76,93.68,93.75,79
2026-05-27 01:08:00,93.75,93.78,93.7,93.72,127
2026-05-27 01:09:00,93.71,93.79,93.71,93.76,87
2026-05-27 01:10:00,93.76,93.81,93.76,93.8,93
2026-05-27 01:11:00,93.79,93.79,93.75,93.77,51
2026-05-27 01:12:00,93.76,93.79,93.75,93.77,35
2026-05-27 01:13:00,93.79,93.87,93.79,93.85,69
2026-05-27 01:14:00,93.86,93.9,93.83,93.87,113
2026-05-27 01:15:00,93.88,93.93,93.73,93.75,409
2026-05-27 01:16:00,93.75,93.77,93.72,93.77,89
2026-05-27 01:17:00,93.76,93.77,93.71,93.72,78
2026-05-27 01:18:00,93.72,93.72,93.66,93.69,94
2026-05-27 01:19:00,93.7,93.7,93.64,93.66,60
2026-05-27 01:20:00,93.67,93.71,93.62,93.68,82
2026-05-27 01:21:00,93.68,93.72,93.68,93.72,38
2026-05-27 01:22:00,93.71,93.72,93.63,93.65,79
2026-05-27 01:23:00,93.66,93.69,93.63,93.69,40
2026-05-27 01:24:00,93.69,93.73,93.68,93.73,37
2026-05-27 01:25:00,93.72,93.72,93.66,93.66,139
2026-05-27 01:26:00,93.65,93.66,93.57,93.6,77
2026-05-27 01:27:00,93.61,93.64,93.58,93.62,127
2026-05-27 01:28:00,93.62,93.65,93.57,93.63,173
2026-05-27 01:29:00,93.65,93.65,93.51,93.53,195
2026-05-27 01:30:00,93.51,93.53,93.27,93.34,393
2026-05-27 01:31:00,93.34,93.37,93.2,93.33,377
2026-05-27 01:32:00,93.34,93.34,93.25,93.32,64
2026-05-27 01:33:00,93.35,93.38,93.32,93.37,97
2026-05-27 01:34:00,93.37,93.47,93.37,93.43,94
2026-05-27 01:35:00,93.44,93.49,93.43,93.46,217
2026-05-27 01:36:00,93.47,93.6,93.47,93.58,95
2026-05-27 01:37:00,93.58,93.64,93.57,93.57,47
2026-05-27 01:38:00,93.57,93.57,93.52,93.56,45
2026-05-27 01:39:00,93.56,93.66,93.55,93.65,69
2026-05-27 01:40:00,93.64,93.71,93.64,93.69,61
2026-05-27 01:41:00,93.69,93.72,93.69,93.7,48
2026-05-27 01:42:00,93.68,93.68,93.58,93.58,23
2026-05-27 01:43:00,93.6,93.65,93.6,93.65,46
2026-05-27 01:44:00,93.65,93.65,93.6,93.65,11
2026-05-27 01:45:00,93.66,93.66,93.64,93.64,10
2026-05-27 01:46:00,93.65,93.65,93.62,93.64,18
2026-05-27 01:47:00,93.62,93.62,93.56,93.57,38
2026-05-27 01:48:00,93.56,93.62,93.54,93.62,33
2026-05-27 01:49:00,93.62,93.63,93.61,93.62,27
2026-05-27 01:50:00,93.63,93.64,93.62,93.63,8
2026-05-27 01:51:00,93.61,93.62,93.61,93.62,14
2026-05-27 01:52:00,93.64,93.65,93.64,93.65,2
2026-05-27 01:53:00,93.64,93.68,93.63,93.68,30
2026-05-27 01:54:00,93.67,93.72,93.67,93.71,66
2026-05-27 01:55:00,93.72,93.73,93.69,93.7,51
2026-05-27 01:56:00,93.71,93.73,93.7,93.7,25
2026-05-27 01:57:00,93.68,93.7,93.67,93.7,15
2026-05-27 01:58:00,93.68,93.68,93.67,93.68,13
2026-05-27 01:59:00,93.7,93.71,93.7,93.7,20
2026-05-27 02:00:00,93.7,93.71,93.7,93.7,34
2026-05-27 02:01:00,93.7,93.75,93.7,93.73,63
2026-05-27 02:02:00,93.72,93.82,93.72,93.79,52
2026-05-27 02:03:00,93.8,93.81,93.75,93.77,22
2026-05-27 02:04:00,93.75,93.75,93.69,93.71,24
2026-05-27 02:05:00,93.73,93.73,93.69,93.71,52
2026-05-27 02:06:00,93.72,93.77,93.72,93.77,44
2026-05-27 02:07:00,93.77,93.79,93.75,93.75,29
2026-05-27 02:08:00,93.77,93.87,93.77,93.81,83
2026-05-27 02:09:00,93.8,93.8,93.76,93.8,41
2026-05-27 02:10:00,93.79,93.82,93.74,93.76,68
2026-05-27 02:11:00,93.75,93.76,93.74,93.76,9
2026-05-27 02:12:00,93.76,93.77,93.73,93.75,49
2026-05-27 02:13:00,93.74,93.74,93.65,93.65,81
2026-05-27 02:14:00,93.66,93.69,93.63,93.63,24
2026-05-27 02:15:00,93.63,93.65,93.58,93.6,91
2026-05-27 02:16:00,93.59,93.65,93.59,93.61,40
2026-05-27 02:17:00,93.63,93.65,93.59,93.61,57
2026-05-27 02:18:00,93.6,93.63,93.59,93.63,81
2026-05-27 02:19:00,93.61,93.64,93.59,93.62,37
2026-05-27 02:20:00,93.64,93.64,93.6,93.63,102
2026-05-27 02:21:00,93.6,93.6,93.55,93.55,56
2026-05-27 02:22:00,93.54,93.55,93.48,93.51,182
2026-05-27 02:23:00,93.51,93.51,93.48,93.5,18
2026-05-27 02:24:00,93.51,93.55,93.49,93.54,36
2026-05-27 02:25:00,93.56,93.59,93.54,93.58,30
2026-05-27 02:26:00,93.57,93.6,93.56,93.59,19
2026-05-27 02:27:00,93.59,93.61,93.55,93.55,38
2026-05-27 02:28:00,93.56,93.57,93.53,93.53,38
2026-05-27 02:29:00,93.53,93.6,93.52,93.57,147
2026-05-27 03:30:00,93.39,93.54,93.3,93.53,0
2026-05-27 03:31:00,93.54,93.61,93.43,93.43,40
2026-05-27 03:32:00,93.46,93.49,93.41,93.41,21
2026-05-27 03:33:00,93.43,93.46,93.43,93.46,2
2026-05-27 03:34:00,93.45,93.46,93.35,93.38,56
2026-05-27 03:35:00,93.39,93.41,93.33,93.37,95
2026-05-27 03:36:00,93.37,93.39,93.33,93.38,37
2026-05-27 03:37:00,93.37,93.39,93.35,93.35,5
2026-05-27 03:38:00,93.34,93.42,93.34,93.42,13
2026-05-27 03:39:00,93.42,93.44,93.4,93.44,36
2026-05-27 03:40:00,93.42,93.49,93.38,93.44,57
2026-05-27 03:41:00,93.46,93.48,93.43,93.43,19
2026-05-27 03:42:00,93.41,93.41,93.36,93.4,12
2026-05-27 03:43:00,93.4,93.46,93.4,93.46,24
2026-05-27 03:44:00,93.46,93.48,93.45,93.48,17
2026-05-27 03:45:00,93.47,93.47,93.42,93.45,12
2026-05-27 03:46:00,93.4,93.41,93.39,93.41,5
2026-05-27 03:47:00,93.42,93.42,93.4,93.4,2
2026-05-27 03:48:00,93.4,93.41,93.38,93.4,14
2026-05-27 03:49:00,93.4,93.48,93.39,93.46,70
2026-05-27 03:50:00,93.48,93.62,93.46,93.62,145
2026-05-27 03:51:00,93.63,93.63,93.6,93.6,33
2026-05-27 03:52:00,93.6,93.63,93.6,93.63,47
2026-05-27 03:53:00,93.61,93.62,93.61,93.61,6
2026-05-27 03:54:00,93.6,93.61,93.6,93.61,9
2026-05-27 03:55:00,93.6,93.69,93.6,93.67,79
2026-05-27 03:56:00,93.67,93.67,93.63,93.67,14
2026-05-27 03:57:00,93.67,93.69,93.64,93.64,25
2026-05-27 03:58:00,93.68,93.68,93.65,93.65,8
2026-05-27 03:59:00,93.66,93.67,93.64,93.67,8
2026-05-27 04:00:00,93.67,93.67,93.66,93.66,6
2026-05-27 04:01:00,93.65,93.65,93.64,93.65,30
2026-05-27 04:02:00,93.66,93.66,93.6,93.61,21
2026-05-27 04:03:00,93.58,93.59,93.55,93.57,32
2026-05-27 04:04:00,93.57,93.57,93.56,93.56,3
2026-05-27 04:05:00,93.56,93.59,93.56,93.58,6
2026-05-27 04:06:00,93.57,93.57,93.55,93.56,22
2026-05-27 04:07:00,93.56,93.59,93.55,93.56,27
2026-05-27 04:08:00,93.57,93.61,93.57,93.58,16
2026-05-27 04:09:00,93.58,93.58,93.58,93.58,1
2026-05-27 04:10:00,93.57,93.57,93.57,93.57,1
2026-05-27 04:11:00,93.56,93.58,93.55,93.58,4
2026-05-27 04:12:00,93.56,93.57,93.55,93.56,18
2026-05-27 04:13:00,93.57,93.57,93.56,93.57,4
2026-05-27 04:14:00,93.58,93.58,93.57,93.57,5
2026-05-27 04:15:00,93.58,93.61,93.57,93.61,8
2026-05-27 04:16:00,93.61,93.62,93.59,93.59,8
2026-05-27 04:17:00,93.6,93.6,93.6,93.6,2
2026-05-27 04:18:00,93.6,93.6,93.6,93.6,1
2026-05-27 04:19:00,93.58,93.6,93.58,93.6,2
2026-05-27 04:20:00,93.6,93.6,93.57,93.58,4
2026-05-27 04:21:00,93.58,93.58,93.58,93.58,1
2026-05-27 04:22:00,93.58,93.58,93.56,93.57,3
2026-05-27 04:23:00,93.57,93.57,93.57,93.57,2
2026-05-27 04:24:00,93.57,93.61,93.57,93.61,6
2026-05-27 04:25:00,93.62,93.64,93.62,93.63,12
2026-05-27 04:26:00,93.64,93.68,93.63,93.63,17
2026-05-27 04:27:00,93.61,93.61,93.56,93.56,17
2026-05-27 04:28:00,93.56,93.56,93.55,93.56,13
2026-05-27 04:29:00,93.56,93.58,93.56,93.58,2
2026-05-27 04:30:00,93.57,93.58,93.57,93.58,3
2026-05-27 04:31:00,93.59,93.59,93.58,93.58,4
2026-05-27 04:32:00,93.59,93.59,93.55,93.57,21
2026-05-27 04:33:00,93.57,93.57,93.56,93.56,5
2026-05-27 04:34:00,93.56,93.58,93.56,93.57,9
2026-05-27 04:35:00,93.56,93.56,93.56,93.56,2
2026-05-27 04:36:00,93.55,93.59,93.55,93.57,20
2026-05-27 04:37:00,93.56,93.58,93.56,93.58,10
2026-05-27 04:38:00,93.57,93.6,93.57,93.6,34
2026-05-27 04:39:00,93.61,93.61,93.57,93.59,16
2026-05-27 04:40:00,93.58,93.59,93.57,93.59,11
2026-05-27 04:41:00,93.59,93.6,93.59,93.6,4
2026-05-27 04:43:00,93.6,93.6,93.6,93.6,1
2026-05-27 04:44:00,93.6,93.61,93.6,93.61,8
2026-05-27 04:45:00,93.6,93.62,93.59,93.6,9
2026-05-27 04:46:00,93.58,93.58,93.47,93.51,118
2026-05-27 04:47:00,93.52,93.55,93.52,93.52,20
2026-05-27 04:48:00,93.5,93.5,93.47,93.47,33
2026-05-27 04:49:00,93.5,93.5,93.46,93.47,28
2026-05-27 04:50:00,93.49,93.49,93.39,93.39,80
2026-05-27 04:51:00,93.41,93.44,93.35,93.42,87
2026-05-27 04:52:00,93.42,93.44,93.34,93.37,66
2026-05-27 04:53:00,93.36,93.39,93.36,93.39,9
2026-05-27 04:54:00,93.38,93.38,93.33,93.33,18
2026-05-27 04:55:00,93.35,93.39,93.29,93.36,70
2026-05-27 04:56:00,93.37,93.39,93.32,93.32,32
2026-05-27 04:57:00,93.31,93.34,93.29,93.33,19
2026-05-27 04:58:00,93.33,93.37,93.32,93.33,13
2026-05-27 04:59:00,93.35,93.35,93.32,93.32,3
2026-05-27 05:00:00,93.33,93.35,93.33,93.35,18
2026-05-27 05:01:00,93.37,93.39,93.37,93.37,10
2026-05-27 05:02:00,93.37,93.4,93.37,93.38,13
2026-05-27 05:03:00,93.37,93.38,93.36,93.36,6
2026-05-27 05:04:00,93.35,93.35,93.32,93.34,26
2026-05-27 05:05:00,93.34,93.35,93.33,93.34,10
2026-05-27 05:06:00,93.34,93.34,93.32,93.32,20
2026-05-27 05:07:00,93.33,93.36,93.33,93.33,14
2026-05-27 05:08:00,93.32,93.33,93.32,93.33,7
2026-05-27 05:09:00,93.32,93.32,93.32,93.32,5
2026-05-27 05:10:00,93.35,93.35,93.35,93.35,2
2026-05-27 05:11:00,93.36,93.36,93.34,93.36,12
2026-05-27 05:12:00,93.34,93.36,93.34,93.36,8
2026-05-27 05:13:00,93.37,93.38,93.32,93.33,36
2026-05-27 05:14:00,93.32,93.32,93.2,93.21,83
2026-05-27 05:15:00,93.2,93.24,93.2,93.2,17
2026-05-27 05:16:00,93.23,93.23,93.16,93.16,61
2026-05-27 05:17:00,93.18,93.19,93.13,93.16,20
2026-05-27 05:18:00,93.18,93.18,93.1,93.12,22
2026-05-27 05:19:00,93.15,93.16,93.12,93.12,14
2026-05-27 05:20:00,93.14,93.24,93.12,93.19,57
2026-05-27 05:21:00,93.21,93.22,93.2,93.2,54
2026-05-27 05:22:00,93.22,93.25,93.2,93.25,13
2026-05-27 05:23:00,93.21,93.22,93.21,93.21,4
2026-05-27 05:24:00,93.22,93.22,93.2,93.2,9
2026-05-27 05:25:00,93.22,93.24,93.21,93.24,8
2026-05-27 05:26:00,93.25,93.28,93.24,93.28,9
2026-05-27 05:27:00,93.29,93.35,93.29,93.3,16
2026-05-27 05:28:00,93.29,93.3,93.27,93.27,5
2026-05-27 05:29:00,93.29,93.31,93.27,93.31,14
2026-05-27 05:30:00,93.33,93.43,93.22,93.27,223
2026-05-27 05:31:00,93.27,93.27,93.19,93.19,29
2026-05-27 05:32:00,93.21,93.21,93.11,93.2,46
2026-05-27 05:33:00,93.2,93.26,93.2,93.21,42
2026-05-27 05:34:00,93.22,93.27,93.22,93.23,18
2026-05-27 05:35:00,93.25,93.26,93.18,93.18,42
2026-05-27 05:36:00,93.21,93.32,93.21,93.28,56
2026-05-27 05:37:00,93.29,93.29,93.23,93.25,30
2026-05-27 05:38:00,93.24,93.24,92.9,92.96,336
2026-05-27 05:39:00,92.99,93.0,92.81,92.95,170
2026-05-27 05:40:00,92.98,93.01,92.9,93.01,111
2026-05-27 05:41:00,93.02,93.04,92.91,92.97,76
2026-05-27 05:42:00,92.97,92.99,92.91,92.99,51
2026-05-27 05:43:00,92.98,93.08,92.98,93.05,30
2026-05-27 05:44:00,93.06,93.16,93.06,93.11,61
2026-05-27 05:45:00,93.11,93.13,93.09,93.1,23
2026-05-27 05:46:00,93.13,93.13,93.09,93.09,14
2026-05-27 05:47:00,93.09,93.13,93.08,93.13,13
2026-05-27 05:48:00,93.11,93.13,93.11,93.11,7
2026-05-27 05:49:00,93.16,93.16,93.1,93.1,13
2026-05-27 05:50:00,93.1,93.14,93.1,93.14,20
2026-05-27 05:51:00,93.12,93.12,93.08,93.1,15
2026-05-27 05:52:00,93.1,93.11,93.1,93.1,8
2026-05-27 05:53:00,93.09,93.15,93.06,93.15,29
2026-05-27 05:54:00,93.15,93.16,93.14,93.14,13
2026-05-27 05:55:00,93.18,93.2,93.17,93.18,38
2026-05-27 05:56:00,93.19,93.19,93.15,93.17,9
2026-05-27 05:57:00,93.17,93.2,93.01,93.07,147
2026-05-27 05:58:00,93.1,93.13,93.09,93.12,34
2026-05-27 05:59:00,93.12,93.15,93.11,93.14,37
2026-05-27 06:00:00,93.16,93.16,93.1,93.12,17
2026-05-27 06:01:00,93.14,93.15,93.12,93.14,8
2026-05-27 06:02:00,93.16,93.17,93.12,93.13,8
2026-05-27 06:03:00,93.12,93.12,93.08,93.08,34
2026-05-27 06:04:00,93.11,93.16,93.11,93.13,37
2026-05-27 06:05:00,93.14,93.16,93.14,93.16,5
2026-05-27 06:06:00,93.18,93.18,93.1,93.12,11
2026-05-27 06:07:00,93.11,93.13,93.09,93.09,22
2026-05-27 06:08:00,93.09,93.14,93.09,93.13,10
2026-05-27 06:09:00,93.14,93.17,93.14,93.15,20
2026-05-27 06:10:00,93.15,93.16,93.14,93.15,21
2026-05-27 06:11:00,93.17,93.24,93.14,93.19,51
2026-05-27 06:12:00,93.2,93.23,93.18,93.19,34
2026-05-27 06:13:00,93.18,93.19,93.11,93.11,49
2026-05-27 06:14:00,93.11,93.12,93.07,93.08,17
2026-05-27 06:15:00,93.07,93.08,92.93,92.97,150
2026-05-27 06:16:00,92.98,93.0,92.97,92.98,53
2026-05-27 06:17:00,92.97,93.03,92.97,92.99,43
2026-05-27 06:18:00,93.01,93.04,92.94,92.97,58
2026-05-27 06:19:00,92.96,93.03,92.96,93.0,26
2026-05-27 06:20:00,93.0,93.0,92.96,92.98,21
2026-05-27 06:21:00,92.97,92.99,92.94,92.97,21
2026-05-27 06:22:00,92.97,93.05,92.97,93.05,35
2026-05-27 06:23:00,93.04,93.06,93.0,93.0,17
2026-05-27 06:24:00,93.0,93.01,92.97,92.99,43
2026-05-27 06:25:00,92.98,92.99,92.96,92.99,20
2026-05-27 06:26:00,93.0,93.01,92.96,92.96,43
2026-05-27 06:27:00,92.97,92.97,92.81,92.9,263
2026-05-27 06:28:00,92.91,92.99,92.91,92.95,41
2026-05-27 06:29:00,92.93,92.99,92.92,92.96,38
2026-05-27 06:30:00,92.97,93.22,92.97,93.02,251
2026-05-27 06:31:00,93.01,93.05,92.78,92.81,227
2026-05-27 06:32:00,92.79,92.84,92.66,92.79,354
2026-05-27 06:33:00,92.81,92.81,92.74,92.78,66
2026-05-27 06:34:00,92.79,92.82,92.75,92.76,39
2026-05-27 06:35:00,92.74,92.79,92.71,92.77,49
2026-05-27 06:36:00,92.76,92.76,92.55,92.66,347
2026-05-27 06:37:00,92.67,92.77,92.67,92.74,87
2026-05-27 06:38:00,92.73,92.82,92.71,92.78,64
2026-05-27 06:39:00,92.79,92.84,92.76,92.78,121
2026-05-27 06:40:00,92.78,92.82,92.75,92.81,44
2026-05-27 06:41:00,92.82,92.86,92.74,92.86,202
2026-05-27 06:42:00,92.86,92.86,92.81,92.81,19
2026-05-27 06:43:00,92.8,92.8,92.74,92.77,50
2026-05-27 06:44:00,92.79,92.81,92.74,92.81,20
2026-05-27 06:45:00,92.81,92.92,92.81,92.88,48
2026-05-27 06:46:00,92.88,92.88,92.81,92.81,29
2026-05-27 06:47:00,92.84,92.9,92.84,92.87,47
2026-05-27 06:48:00,92.84,92.88,92.82,92.85,22
2026-05-27 06:49:00,92.88,92.94,92.88,92.92,20
2026-05-27 06:50:00,92.91,92.92,92.89,92.9,34
2026-05-27 06:51:00,92.89,92.89,92.86,92.89,21
2026-05-27 06:52:00,92.86,92.93,92.86,92.91,32
2026-05-27 06:53:00,92.92,92.96,92.88,92.88,23
2026-05-27 06:54:00,92.84,92.9,92.82,92.9,33
2026-05-27 06:55:00,92.9,92.93,92.9,92.91,30
2026-05-27 06:56:00,92.9,92.91,92.85,92.85,54
2026-05-27 06:57:00,92.87,92.92,92.85,92.91,36
2026-05-27 06:58:00,92.88,92.9,92.88,92.89,4
2026-05-27 06:59:00,92.89,92.91,92.89,92.89,13
2026-05-27 07:00:00,92.9,92.9,92.74,92.78,65
2026-05-27 07:01:00,92.82,92.82,92.8,92.81,5
2026-05-27 07:02:00,92.82,92.83,92.8,92.8,16
2026-05-27 07:03:00,92.84,92.84,92.82,92.83,5
2026-05-27 07:04:00,92.83,92.92,92.82,92.89,48
2026-05-27 07:05:00,92.87,92.87,92.82,92.85,18
2026-05-27 07:06:00,92.82,92.82,92.74,92.74,43
2026-05-27 07:07:00,92.75,92.77,92.73,92.73,15
2026-05-27 07:08:00,92.77,92.82,92.75,92.79,43
2026-05-27 07:09:00,92.79,92.83,92.78,92.79,12
2026-05-27 07:10:00,92.8,92.8,92.77,92.77,8
2026-05-27 07:11:00,92.82,92.86,92.81,92.86,27
2026-05-27 07:12:00,92.86,92.96,92.86,92.96,52
2026-05-27 07:13:00,92.97,92.98,92.89,92.89,40
2026-05-27 07:14:00,92.89,92.89,92.88,92.88,6
2026-05-27 07:15:00,92.9,92.91,92.9,92.91,7
2026-05-27 07:16:00,92.93,92.97,92.91,92.91,18
2026-05-27 07:17:00,92.93,92.94,92.9,92.94,31
2026-05-27 07:18:00,92.92,92.92,92.87,92.89,13
2026-05-27 07:19:00,92.9,92.91,92.89,92.91,8
2026-05-27 07:20:00,92.89,92.89,92.8,92.82,33
2026-05-27 07:21:00,92.82,92.82,92.74,92.77,61
2026-05-27 07:22:00,92.8,92.94,92.8,92.89,41
2026-05-27 07:23:00,92.9,92.9,92.86,92.87,11
2026-05-27 07:24:00,92.86,92.87,92.84,92.87,25
2026-05-27 07:25:00,92.86,92.91,92.86,92.9,32
2026-05-27 07:26:00,92.89,92.9,92.86,92.9,11
2026-05-27 07:27:00,92.89,92.91,92.86,92.88,24
2026-05-27 07:28:00,92.85,92.88,92.85,92.87,7
2026-05-27 07:29:00,92.86,92.87,92.84,92.85,13
2026-05-27 07:30:00,92.84,92.84,92.78,92.84,62
2026-05-27 07:31:00,92.82,92.82,92.79,92.8,17
2026-05-27 07:32:00,92.81,92.81,92.8,92.81,5
2026-05-27 07:33:00,92.82,92.82,92.68,92.69,90
2026-05-27 07:34:00,92.69,92.74,92.69,92.71,12
2026-05-27 07:35:00,92.72,92.73,92.69,92.7,34
2026-05-27 07:36:00,92.69,92.73,92.62,92.72,139
2026-05-27 07:37:00,92.72,92.76,92.7,92.71,22
2026-05-27 07:38:00,92.7,92.74,92.7,92.73,26
2026-05-27 07:39:00,92.74,92.74,92.7,92.72,10
2026-05-27 07:40:00,92.74,92.78,92.74,92.74,16
2026-05-27 07:41:00,92.74,92.75,92.73,92.74,7
2026-05-27 07:42:00,92.71,92.76,92.7,92.74,13
2026-05-27 07:43:00,92.76,92.76,92.72,92.74,15
2026-05-27 07:44:00,92.75,92.76,92.71,92.76,6
2026-05-27 07:45:00,92.76,92.76,92.74,92.75,21
2026-05-27 07:46:00,92.74,92.76,92.71,92.73,20
2026-05-27 07:47:00,92.73,92.76,92.73,92.76,8
2026-05-27 07:48:00,92.74,92.76,92.73,92.75,8
2026-05-27 07:49:00,92.75,92.76,92.74,92.76,4
2026-05-27 07:50:00,92.76,92.77,92.76,92.76,4
2026-05-27 07:51:00,92.78,92.82,92.78,92.78,21
2026-05-27 07:52:00,92.76,92.77,92.76,92.77,7
2026-05-27 07:53:00,92.76,92.76,92.7,92.73,27
2026-05-27 07:54:00,92.74,92.74,92.61,92.62,71
2026-05-27 07:55:00,92.6,92.6,92.53,92.57,188
2026-05-27 07:56:00,92.6,92.6,92.41,92.51,264
2026-05-27 07:57:00,92.5,92.52,92.49,92.52,26
2026-05-27 07:58:00,92.55,92.57,92.52,92.57,44
2026-05-27 07:59:00,92.56,92.64,92.55,92.63,38
2026-05-27 08:00:00,92.63,92.71,92.51,92.55,77
2026-05-27 08:01:00,92.56,92.59,92.52,92.57,23
2026-05-27 08:02:00,92.6,92.61,92.59,92.6,7
2026-05-27 08:03:00,92.61,92.62,92.6,92.61,15
2026-05-27 08:04:00,92.63,92.65,92.61,92.65,18
2026-05-27 08:05:00,92.66,92.66,92.61,92.62,16
2026-05-27 08:06:00,92.62,92.66,92.62,92.65,26
2026-05-27 08:07:00,92.67,92.7,92.67,92.69,29
2026-05-27 08:08:00,92.69,92.72,92.67,92.7,23
2026-05-27 08:09:00,92.69,92.72,92.69,92.71,12
2026-05-27 08:10:00,92.71,92.73,92.69,92.71,14
2026-05-27 08:11:00,92.71,92.75,92.71,92.74,17
2026-05-27 08:12:00,92.74,92.74,92.67,92.7,39
2026-05-27 08:13:00,92.7,92.71,92.66,92.71,31
2026-05-27 08:14:00,92.72,92.72,92.69,92.69,24
2026-05-27 08:15:00,92.69,92.69,92.6,92.61,35
2026-05-27 08:16:00,92.62,92.64,92.58,92.58,36
2026-05-27 08:17:00,92.58,92.59,92.35,92.38,349
2026-05-27 08:18:00,92.39,92.4,92.26,92.33,341
2026-05-27 08:19:00,92.35,92.36,92.32,92.35,59
2026-05-27 08:20:00,92.34,92.36,92.27,92.3,64
2026-05-27 08:21:00,92.31,92.33,92.16,92.22,143
2026-05-27 08:22:00,92.23,92.23,92.16,92.23,85
2026-05-27 08:23:00,92.22,92.35,92.22,92.35,84
2026-05-27 08:24:00,92.31,92.41,92.31,92.35,54
2026-05-27 08:25:00,92.36,92.37,92.34,92.35,24
2026-05-27 08:26:00,92.36,92.4,92.35,92.4,24
2026-05-27 08:27:00,92.4,92.45,92.39,92.41,23
2026-05-27 08:28:00,92.41,92.41,92.38,92.39,21
2026-05-27 08:29:00,92.39,92.4,92.37,92.4,16
2026-05-27 08:30:00,92.38,92.39,92.35,92.36,36
2026-05-27 08:31:00,92.34,92.36,92.22,92.25,117
2026-05-27 08:32:00,92.25,92.25,92.1,92.13,140
2026-05-27 08:33:00,92.14,92.14,92.0,92.12,238
2026-05-27 08:34:00,92.12,92.14,92.09,92.09,55
2026-05-27 08:35:00,92.1,92.12,91.96,92.02,163
2026-05-27 08:36:00,92.04,92.04,91.97,92.02,123
2026-05-27 08:37:00,91.99,92.02,91.88,91.92,126
2026-05-27 08:38:00,91.94,91.95,91.87,91.94,119
2026-05-27 08:39:00,91.95,92.02,91.9,91.93,114
2026-05-27 08:40:00,91.94,91.96,91.92,91.96,19
2026-05-27 08:41:00,91.97,92.08,91.97,92.06,42
2026-05-27 08:42:00,92.04,92.12,92.04,92.11,36
2026-05-27 08:43:00,92.1,92.1,92.04,92.07,48
2026-05-27 08:44:00,92.07,92.07,92.01,92.07,26
2026-05-27 08:45:00,92.1,92.1,92.03,92.05,21
2026-05-27 08:46:00,92.03,92.05,92.01,92.02,21
2026-05-27 08:47:00,92.02,92.04,91.99,92.03,33
2026-05-27 08:48:00,92.0,92.0,91.94,91.94,48
2026-05-27 08:49:00,91.97,92.01,91.94,92.01,89
2026-05-27 08:50:00,92.02,92.04,92.0,92.01,26
2026-05-27 08:51:00,92.02,92.06,92.01,92.01,43
2026-05-27 08:52:00,92.0,92.04,91.96,92.0,60
2026-05-27 08:53:00,91.95,91.97,91.94,91.96,40
2026-05-27 08:54:00,91.98,91.99,91.95,91.97,18
2026-05-27 08:55:00,91.99,92.02,91.96,91.98,51
2026-05-27 08:56:00,91.99,92.0,91.98,91.98,24
2026-05-27 08:57:00,91.99,92.02,91.98,92.0,28
2026-05-27 08:58:00,91.99,92.04,91.98,92.02,21
2026-05-27 08:59:00,92.02,92.05,92.0,92.03,33
2026-05-27 09:00:00,92.04,92.04,92.01,92.04,41
2026-05-27 09:01:00,92.03,92.16,92.03,92.11,110
2026-05-27 09:02:00,92.1,92.17,92.1,92.16,83
2026-05-27 09:03:00,92.16,92.16,92.08,92.08,46
2026-05-27 09:04:00,92.08,92.14,92.08,92.14,27
2026-05-27 09:05:00,92.14,92.2,92.14,92.16,57
2026-05-27 09:06:00,92.16,92.2,92.16,92.18,44
2026-05-27 09:07:00,92.19,92.31,92.17,92.29,148
2026-05-27 09:08:00,92.28,92.28,92.22,92.23,26
2026-05-27 09:09:00,92.24,92.25,92.24,92.25,12
2026-05-27 09:10:00,92.24,92.26,92.24,92.26,20
2026-05-27 09:11:00,92.24,92.26,92.21,92.21,29
2026-05-27 09:12:00,92.21,92.22,92.16,92.19,60
2026-05-27 09:13:00,92.19,92.22,92.19,92.22,15
2026-05-27 09:14:00,92.22,92.22,92.2,92.21,13
2026-05-27 09:15:00,92.23,92.26,92.21,92.21,28
2026-05-27 09:16:00,92.23,92.24,92.22,92.24,20
2026-05-27 09:17:00,92.25,92.25,92.2,92.2,12
2026-05-27 09:18:00,92.22,92.25,92.21,92.22,22
2026-05-27 09:19:00,92.21,92.21,92.15,92.15,5
2026-05-27 09:20:00,92.15,92.2,92.15,92.18,12
2026-05-27 09:21:00,92.18,92.19,92.17,92.17,7
2026-05-27 09:22:00,92.18,92.18,92.15,92.17,8
2026-05-27 09:23:00,92.18,92.18,92.09,92.1,19
2026-05-27 09:24:00,92.11,92.14,92.11,92.14,8
2026-05-27 09:25:00,92.15,92.17,92.15,92.17,7
2026-05-27 09:26:00,92.17,92.17,92.14,92.14,8
2026-05-27 09:27:00,92.14,92.15,92.14,92.14,6
2026-05-27 09:28:00,92.14,92.16,92.12,92.13,25
2026-05-27 09:30:00,92.11,92.12,92.08,92.1,27
2026-05-27 09:31:00,92.11,92.11,92.1,92.11,6
2026-05-27 09:32:00,92.12,92.12,92.09,92.11,10
2026-05-27 09:33:00,92.13,92.13,92.11,92.11,4
2026-05-27 09:34:00,92.13,92.15,92.1,92.12,22
2026-05-27 09:35:00,92.11,92.11,92.03,92.03,43
2026-05-27 09:36:00,92.03,92.03,91.91,91.94,135
2026-05-27 09:37:00,91.93,91.99,91.93,91.96,17
2026-05-27 09:38:00,91.95,91.96,91.95,91.96,7
2026-05-27 09:39:00,91.97,92.02,91.96,91.99,28
2026-05-27 09:40:00,92.01,92.01,91.99,92.01,15
2026-05-27 09:41:00,92.01,92.01,92.0,92.0,11
2026-05-27 09:42:00,92.01,92.06,91.99,92.0,30
2026-05-27 09:43:00,91.99,92.09,91.99,92.07,26
2026-05-27 09:44:00,92.06,92.07,92.06,92.06,4
2026-05-27 09:45:00,92.06,92.07,92.05,92.05,16
2026-05-27 09:46:00,92.04,92.04,92.03,92.03,13
2026-05-27 09:47:00,92.03,92.03,92.01,92.02,13
2026-05-27 09:48:00,92.02,92.03,92.0,92.03,10
2026-05-27 09:49:00,92.04,92.04,92.02,92.03,5
2026-05-27 09:50:00,92.02,92.02,91.95,91.99,29
2026-05-27 09:51:00,91.99,91.99,91.81,91.88,126
2026-05-27 09:52:00,91.87,91.92,91.87,91.9,31
2026-05-27 09:53:00,91.92,91.94,91.92,91.92,19
2026-05-27 09:54:00,91.91,91.92,91.91,91.92,6
2026-05-27 09:55:00,91.93,91.96,91.93,91.94,15
2026-05-27 09:56:00,91.94,91.95,91.93,91.93,5
2026-05-27 09:57:00,91.95,91.96,91.95,91.96,4
2026-05-27 09:58:00,91.96,92.01,91.96,92.01,7
2026-05-27 09:59:00,91.98,91.99,91.97,91.97,15
2026-05-27 10:00:00,91.98,91.98,91.95,91.98,68
2026-05-27 10:01:00,91.97,91.97,91.94,91.95,9
2026-05-27 10:02:00,91.96,91.98,91.95,91.98,25
2026-05-27 10:03:00,91.97,91.98,91.96,91.98,5
2026-05-27 10:04:00,91.97,91.97,91.94,91.96,20
2026-05-27 10:05:00,91.95,91.97,91.94,91.96,24
2026-05-27 10:06:00,91.93,91.93,91.87,91.92,63
2026-05-27 10:07:00,91.92,91.94,91.91,91.94,17
2026-05-27 10:08:00,91.92,91.96,91.92,91.96,17
2026-05-27 10:09:00,91.96,92.01,91.94,91.99,65
2026-05-27 10:10:00,91.98,92.04,91.98,92.02,90
2026-05-27 10:11:00,92.01,92.06,91.97,92.05,50
2026-05-27 10:12:00,92.03,92.03,92.0,92.01,26
2026-05-27 10:13:00,92.01,92.01,91.98,91.98,12
2026-05-27 10:14:00,91.98,92.0,91.98,91.99,7
2026-05-27 10:15:00,91.99,92.0,91.98,91.98,13
2026-05-27 10:16:00,91.98,91.98,91.94,91.96,16
2026-05-27 10:17:00,91.99,92.01,91.99,92.0,6
2026-05-27 10:18:00,92.01,92.02,91.99,92.02,11
2026-05-27 10:19:00,92.01,92.05,92.01,92.02,32
2026-05-27 10:20:00,92.02,92.04,92.02,92.03,17
2026-05-27 10:21:00,92.04,92.04,92.0,92.0,9
2026-05-27 10:22:00,92.02,92.02,91.96,91.98,17
2026-05-27 10:23:00,91.98,92.0,91.94,91.95,60
2026-05-27 10:24:00,91.94,91.98,91.94,91.95,69
2026-05-27 10:25:00,91.93,91.98,91.91,91.96,34
2026-05-27 10:26:00,91.95,91.97,91.95,91.96,11
2026-05-27 10:27:00,91.97,91.99,91.94,91.96,16
2026-05-27 10:28:00,91.95,91.98,91.95,91.98,17
2026-05-27 10:29:00,91.96,91.96,91.94,91.94,12
2026-05-27 10:30:00,91.95,91.99,91.93,91.99,9
2026-05-27 10:31:00,91.98,91.99,91.96,91.97,10
2026-05-27 10:32:00,91.98,92.07,91.97,92.02,51
2026-05-27 10:33:00,92.04,92.04,92.02,92.03,9
2026-05-27 10:34:00,92.0,92.0,91.95,91.95,28
2026-05-27 10:35:00,91.96,92.0,91.95,92.0,19
2026-05-27 10:36:00,92.01,92.02,92.0,92.01,16
2026-05-27 10:37:00,92.02,92.03,91.99,92.03,20
2026-05-27 10:38:00,92.03,92.06,92.02,92.05,20
2026-05-27 10:39:00,92.03,92.06,92.03,92.06,6
2026-05-27 10:40:00,92.06,92.1,92.06,92.08,30
2026-05-27 10:41:00,92.07,92.09,92.05,92.06,26
2026-05-27 10:42:00,92.07,92.07,91.98,92.02,42
2026-05-27 10:43:00,92.02,92.03,91.99,92.0,21
2026-05-27 10:44:00,91.99,92.01,91.82,91.89,171
2026-05-27 10:45:00,91.89,91.92,91.89,91.89,21
2026-05-27 10:46:00,91.91,91.91,91.73,91.81,168
2026-05-27 10:47:00,91.81,91.84,91.79,91.83,32
2026-05-27 10:48:00,91.84,91.89,91.84,91.85,26
2026-05-27 10:49:00,91.87,91.87,91.84,91.86,8
2026-05-27 10:50:00,91.87,91.91,91.87,91.88,44
2026-05-27 10:51:00,91.89,91.94,91.89,91.9,41
2026-05-27 10:52:00,91.91,91.96,91.91,91.95,15
2026-05-27 10:53:00,91.96,91.97,91.9,91.9,30
2026-05-27 10:54:00,91.9,91.91,91.86,91.9,64
2026-05-27 10:55:00,91.9,91.94,91.89,91.92,33
2026-05-27 10:56:00,91.92,91.94,91.91,91.92,13
2026-05-27 10:57:00,91.93,91.93,91.91,91.92,15
2026-05-27 10:58:00,91.91,91.91,91.91,91.91,4
2026-05-27 10:59:00,91.91,91.94,91.91,91.94,4
2026-05-27 11:00:00,91.92,92.07,91.86,92.07,88
2026-05-27 11:01:00,92.08,92.11,92.03,92.06,55
2026-05-27 11:02:00,92.09,92.14,92.09,92.1,47
2026-05-27 11:03:00,92.1,92.2,92.07,92.16,156
2026-05-27 11:04:00,92.16,92.18,92.11,92.18,53
2026-05-27 11:05:00,92.19,92.22,92.13,92.16,57
2026-05-27 11:06:00,92.16,92.16,91.98,92.02,85
2026-05-27 11:07:00,92.0,92.0,91.91,91.98,84
2026-05-27 11:08:00,91.98,91.98,91.94,91.96,16
2026-05-27 11:09:00,91.95,91.96,91.93,91.95,17
2026-05-27 11:10:00,91.97,91.98,91.94,91.96,45
2026-05-27 11:11:00,91.97,91.98,91.94,91.94,14
2026-05-27 11:12:00,91.93,91.98,91.93,91.95,21
2026-05-27 11:13:00,91.95,91.99,91.94,91.96,36
2026-05-27 11:14:00,91.96,91.96,91.94,91.95,16
2026-05-27 11:15:00,91.93,92.03,91.93,92.03,23
2026-05-27 11:16:00,92.02,92.08,91.98,92.01,62
2026-05-27 11:17:00,92.02,92.04,91.98,92.02,24
2026-05-27 11:18:00,92.01,92.03,92.0,92.0,5
2026-05-27 11:19:00,92.02,92.04,92.02,92.03,6
2026-05-27 11:20:00,92.03,92.03,91.84,91.88,144
2026-05-27 11:21:00,91.89,91.9,91.87,91.89,41
2026-05-27 11:22:00,91.88,91.88,91.83,91.87,42
2026-05-27 11:23:00,91.86,91.9,91.74,91.79,118
2026-05-27 11:24:00,91.8,91.83,91.77,91.83,49
2026-05-27 11:25:00,91.81,91.84,91.8,91.82,23
2026-05-27 11:26:00,91.82,91.84,91.77,91.8,74
2026-05-27 11:27:00,91.8,91.87,91.79,91.85,36
2026-05-27 11:28:00,91.85,91.88,91.83,91.84,37
2026-05-27 11:29:00,91.83,91.85,91.81,91.85,14
2026-05-27 11:30:00,91.84,91.88,91.79,91.85,63
2026-05-27 11:31:00,91.86,91.92,91.85,91.92,114
2026-05-27 11:32:00,91.9,92.04,91.88,92.04,94
2026-05-27 11:33:00,92.04,92.04,91.98,91.99,100
2026-05-27 11:34:00,91.98,92.03,91.97,91.99,238
2026-05-27 11:35:00,91.97,91.98,91.83,91.84,70
2026-05-27 11:36:00,91.84,91.86,91.81,91.85,52
2026-05-27 11:37:00,91.86,91.86,91.8,91.8,40
2026-05-27 11:38:00,91.8,91.81,91.52,91.68,297
2026-05-27 11:39:00,91.69,91.71,91.66,91.7,103
2026-05-27 11:40:00,91.69,91.71,91.56,91.68,311
2026-05-27 11:41:00,91.68,91.72,91.66,91.72,30
2026-05-27 11:42:00,91.72,91.83,91.69,91.79,99
2026-05-27 11:43:00,91.8,91.81,91.77,91.79,26
2026-05-27 11:44:00,91.81,91.87,91.8,91.83,36
2026-05-27 11:45:00,91.84,91.94,91.83,91.92,73
2026-05-27 11:46:00,91.9,91.98,91.88,91.97,75
2026-05-27 11:47:00,91.95,91.95,91.9,91.9,33
2026-05-27 11:48:00,91.9,91.91,91.87,91.87,17
2026-05-27 11:49:00,91.89,91.95,91.89,91.9,43
2026-05-27 11:50:00,91.9,91.92,91.89,91.89,13
2026-05-27 11:51:00,91.89,91.92,91.87,91.91,47
2026-05-27 11:52:00,91.9,91.92,91.88,91.89,20
2026-05-27 11:53:00,91.89,91.89,91.78,91.84,116
2026-05-27 11:54:00,91.83,91.88,91.81,91.85,29
2026-05-27 11:55:00,91.85,91.92,91.85,91.91,59
2026-05-27 11:56:00,91.9,91.97,91.88,91.97,25
2026-05-27 11:57:00,91.99,92.02,91.93,91.97,78
2026-05-27 11:58:00,91.96,91.97,91.93,91.93,27
2026-05-27 11:59:00,91.92,91.92,91.88,91.9,40
2026-05-27 12:00:00,91.91,91.94,91.88,91.91,32
2026-05-27 12:01:00,91.91,91.96,91.91,91.93,24
2026-05-27 12:02:00,91.94,92.04,91.94,91.98,42
2026-05-27 12:03:00,91.99,92.0,91.96,91.99,44
2026-05-27 12:04:00,91.99,92.02,91.98,91.99,33
2026-05-27 12:05:00,91.98,91.99,91.91,91.93,47
2026-05-27 12:06:00,91.94,91.98,91.89,91.92,39
2026-05-27 12:07:00,91.93,91.93,91.9,91.93,25
2026-05-27 12:08:00,91.93,91.95,91.89,91.92,34
2026-05-27 12:09:00,91.92,91.93,91.84,91.87,73
2026-05-27 12:10:00,91.86,91.88,91.82,91.84,66
2026-05-27 12:11:00,91.84,91.84,91.64,91.75,149
2026-05-27 12:12:00,91.74,91.85,91.73,91.83,84
2026-05-27 12:13:00,91.83,91.89,91.82,91.87,77
2026-05-27 12:14:00,91.87,91.87,91.81,91.83,57
2026-05-27 12:15:00,91.83,91.85,91.75,91.75,65
2026-05-27 12:16:00,91.73,91.73,91.64,91.69,75
2026-05-27 12:17:00,91.67,91.71,91.51,91.57,136
2026-05-27 12:18:00,91.58,91.6,91.5,91.57,126
2026-05-27 12:19:00,91.58,91.58,91.51,91.56,49
2026-05-27 12:20:00,91.56,91.58,91.53,91.54,57
2026-05-27 12:21:00,91.56,91.56,91.46,91.54,193
2026-05-27 12:22:00,91.54,91.54,91.41,91.46,190
2026-05-27 12:23:00,91.46,91.55,91.45,91.55,62
2026-05-27 12:24:00,91.55,91.55,91.46,91.55,204
2026-05-27 12:25:00,91.56,91.65,91.54,91.63,371
2026-05-27 12:26:00,91.65,91.68,91.56,91.58,99
2026-05-27 12:27:00,91.59,91.6,91.58,91.6,12
2026-05-27 12:28:00,91.59,91.66,91.57,91.59,121
2026-05-27 12:29:00,91.6,91.63,91.54,91.54,87
2026-05-27 12:30:00,91.54,91.65,91.43,91.56,282
2026-05-27 12:31:00,91.54,91.55,91.45,91.49,77
2026-05-27 12:32:00,91.45,91.49,91.2,91.24,429
2026-05-27 12:33:00,91.26,91.33,91.2,91.28,225
2026-05-27 12:34:00,91.28,91.3,91.22,91.22,140
2026-05-27 12:35:00,91.22,91.25,91.15,91.24,176
2026-05-27 12:36:00,91.25,91.28,91.22,91.23,79
2026-05-27 12:37:00,91.23,91.29,91.13,91.17,130
2026-05-27 12:38:00,91.16,91.22,91.12,91.2,130
2026-05-27 12:39:00,91.21,91.26,91.16,91.25,78
2026-05-27 12:40:00,91.25,91.37,91.25,91.33,233
2026-05-27 12:41:00,91.35,91.37,91.27,91.33,121
2026-05-27 12:42:00,91.31,91.41,91.31,91.39,132
2026-05-27 12:43:00,91.39,91.42,91.32,91.34,144
2026-05-27 12:44:00,91.34,91.35,91.31,91.33,46
2026-05-27 12:45:00,91.33,91.35,91.27,91.35,62
2026-05-27 12:46:00,91.36,91.36,91.3,91.31,38
2026-05-27 12:47:00,91.31,91.37,91.31,91.31,117
2026-05-27 12:48:00,91.3,91.3,91.23,91.26,113
2026-05-27 12:49:00,91.28,91.36,91.27,91.27,201
2026-05-27 12:50:00,91.29,91.39,91.29,91.34,56
2026-05-27 12:51:00,91.34,91.35,91.3,91.33,58
2026-05-27 12:52:00,91.33,91.33,91.19,91.22,105
2026-05-27 12:53:00,91.24,91.24,91.12,91.15,154
2026-05-27 12:54:00,91.14,91.16,91.0,91.06,353
2026-05-27 12:55:00,91.06,91.12,91.03,91.08,148
2026-05-27 12:56:00,91.09,91.11,91.07,91.09,75
2026-05-27 12:57:00,91.09,91.16,91.09,91.14,54
2026-05-27 12:58:00,91.16,91.21,91.1,91.1,146
2026-05-27 12:59:00,91.08,91.18,91.08,91.17,56
2026-05-27 13:00:00,91.16,91.16,91.08,91.14,82
2026-05-27 13:01:00,91.13,91.15,90.86,90.92,402
2026-05-27 13:02:00,90.93,90.97,90.85,90.93,166
2026-05-27 13:03:00,90.92,90.95,90.89,90.95,106
2026-05-27 13:04:00,90.94,90.99,90.85,90.92,226
2026-05-27 13:05:00,90.97,91.04,90.93,91.01,175
2026-05-27 13:06:00,91.01,91.04,90.94,91.0,99
2026-05-27 13:07:00,91.0,91.05,90.98,90.98,75
2026-05-27 13:08:00,91.0,91.09,90.99,91.07,104
2026-05-27 13:09:00,91.08,91.11,91.06,91.06,68
2026-05-27 13:10:00,91.07,91.19,91.07,91.13,199
2026-05-27 13:11:00,91.14,91.22,91.1,91.13,146
2026-05-27 13:12:00,91.13,91.14,91.03,91.08,166
2026-05-27 13:13:00,91.08,91.08,90.97,91.03,91
2026-05-27 13:14:00,91.02,91.1,91.02,91.05,63
2026-05-27 13:15:00,91.05,91.08,91.01,91.04,87
2026-05-27 13:16:00,91.05,91.26,91.05,91.2,100
2026-05-27 13:17:00,91.22,91.32,91.22,91.26,116
2026-05-27 13:18:00,91.24,91.43,91.23,91.43,135
2026-05-27 13:19:00,91.42,91.49,91.36,91.4,176
2026-05-27 13:20:00,91.39,91.41,91.34,91.4,114
2026-05-27 13:21:00,91.41,91.46,91.38,91.44,222
2026-05-27 13:22:00,91.41,91.48,91.32,91.32,206
2026-05-27 13:23:00,91.33,91.33,91.24,91.28,105
2026-05-27 13:24:00,91.27,91.32,91.25,91.29,152
2026-05-27 13:25:00,91.29,91.31,91.26,91.29,57
2026-05-27 13:26:00,91.27,91.29,91.2,91.2,76
2026-05-27 13:27:00,91.21,91.22,91.08,91.09,189
2026-05-27 13:28:00,91.1,91.12,91.04,91.09,112
2026-05-27 13:29:00,91.09,91.13,91.03,91.12,182
2026-05-27 13:30:00,91.1,91.26,91.07,91.18,271
2026-05-27 13:31:00,91.17,91.17,90.92,90.99,219
2026-05-27 13:32:00,90.98,91.0,90.82,90.89,296
2026-05-27 13:33:00,90.88,90.97,90.88,90.91,176
2026-05-27 13:34:00,90.91,90.93,90.85,90.87,138
2026-05-27 13:35:00,90.88,90.88,90.67,90.72,336
2026-05-27 13:36:00,90.71,90.74,90.56,90.68,220
2026-05-27 13:37:00,90.68,90.74,90.67,90.72,126
2026-05-27 13:38:00,90.72,90.75,90.67,90.7,88
2026-05-27 13:39:00,90.69,90.81,90.69,90.79,207
2026-05-27 13:40:00,90.79,90.88,90.77,90.84,169
2026-05-27 13:41:00,90.86,91.0,90.83,90.98,159
2026-05-27 13:42:00,90.99,91.01,90.95,90.97,83
2026-05-27 13:43:00,90.97,91.03,90.97,91.03,61
2026-05-27 13:44:00,91.01,91.08,90.95,90.96,98
2026-05-27 13:45:00,90.97,90.99,90.93,90.93,62
2026-05-27 13:46:00,90.91,90.96,90.86,90.95,111
2026-05-27 13:47:00,90.95,90.97,90.88,90.94,95
2026-05-27 13:48:00,90.95,91.02,90.92,90.98,37
2026-05-27 13:49:00,90.98,91.05,90.98,91.04,50
2026-05-27 13:50:00,91.04,91.05,90.94,90.96,43
2026-05-27 13:51:00,90.96,90.96,90.68,90.72,254
2026-05-27 13:52:00,90.72,90.76,90.58,90.68,248
2026-05-27 13:53:00,90.67,90.67,90.51,90.55,279
2026-05-27 13:54:00,90.55,90.64,90.45,90.53,237
2026-05-27 13:55:00,90.54,90.55,90.43,90.44,291
2026-05-27 13:56:00,90.44,90.59,90.37,90.56,258
2026-05-27 13:57:00,90.58,90.69,90.53,90.62,182
2026-05-27 13:58:00,90.61,90.62,90.51,90.55,140
2026-05-27 13:59:00,90.52,90.62,90.46,90.58,142
2026-05-27 14:00:00,90.57,90.62,90.54,90.59,75
2026-05-27 14:01:00,90.6,90.69,90.55,90.67,130
2026-05-27 14:02:00,90.68,90.82,90.68,90.73,118
2026-05-27 14:03:00,90.74,90.76,90.68,90.73,93
2026-05-27 14:04:00,90.73,90.74,90.57,90.59,95
2026-05-27 14:05:00,90.59,90.59,90.42,90.52,144
2026-05-27 14:06:00,90.52,90.52,90.39,90.41,153
2026-05-27 14:07:00,90.42,90.42,90.31,90.37,290
2026-05-27 14:08:00,90.38,90.52,90.36,90.52,210
2026-05-27 14:09:00,90.53,90.53,90.43,90.47,234
2026-05-27 14:10:00,90.47,90.48,90.32,90.33,133
2026-05-27 14:11:00,90.32,90.34,90.26,90.27,269
2026-05-27 14:12:00,90.3,90.34,90.18,90.3,304
2026-05-27 14:13:00,90.31,90.33,90.22,90.25,78
2026-05-27 14:14:00,90.26,90.27,90.13,90.17,211
2026-05-27 14:15:00,90.18,90.23,90.1,90.15,179
2026-05-27 14:16:00,90.16,90.21,90.09,90.11,141
2026-05-27 14:17:00,90.11,90.14,90.06,90.1,179
2026-05-27 14:18:00,90.11,90.13,90.04,90.05,198
2026-05-27 14:19:00,90.09,90.11,90.04,90.04,149
2026-05-27 14:20:00,90.06,90.07,89.97,90.04,329
2026-05-27 14:21:00,90.05,90.05,89.79,89.87,587
2026-05-27 14:22:00,89.88,89.89,89.69,89.81,454
2026-05-27 14:23:00,89.81,89.94,89.81,89.93,320
2026-05-27 14:24:00,89.92,89.96,89.87,89.96,148
2026-05-27 14:25:00,89.95,89.99,89.88,89.93,164
2026-05-27 14:26:00,89.94,89.97,89.89,89.96,111
2026-05-27 14:27:00,89.95,90.04,89.92,90.01,169
2026-05-27 14:28:00,90.0,90.1,89.94,90.04,298
2026-05-27 14:29:00,90.03,90.17,89.99,90.17,194
2026-05-27 14:30:00,90.16,90.28,90.16,90.2,277
2026-05-27 14:31:00,90.2,90.29,90.18,90.22,169
2026-05-27 14:32:00,90.21,90.22,90.01,90.1,251
2026-05-27 14:33:00,90.1,90.12,90.06,90.08,122
2026-05-27 14:34:00,90.09,90.16,90.09,90.11,178
2026-05-27 14:35:00,90.12,90.2,90.12,90.2,136
2026-05-27 14:36:00,90.2,90.37,90.2,90.31,294
2026-05-27 14:37:00,90.33,90.39,90.3,90.32,123
2026-05-27 14:38:00,90.33,90.41,90.33,90.35,167
2026-05-27 14:39:00,90.36,90.46,90.36,90.45,172
2026-05-27 14:40:00,90.45,90.53,90.44,90.45,215
2026-05-27 14:41:00,90.44,90.44,90.27,90.3,101
2026-05-27 14:42:00,90.29,90.31,90.2,90.28,157
2026-05-27 14:43:00,90.26,90.31,90.24,90.24,62
2026-05-27 14:44:00,90.26,90.28,90.03,90.06,352
2026-05-27 14:45:00,90.08,90.08,89.97,90.0,264
2026-05-27 14:46:00,90.0,90.0,89.94,89.97,105
2026-05-27 14:47:00,89.96,89.99,89.94,89.96,43
2026-05-27 14:48:00,89.95,90.05,89.85,89.87,362
2026-05-27 14:49:00,89.88,89.91,89.86,89.91,68
2026-05-27 14:50:00,89.92,89.92,89.76,89.82,113
2026-05-27 14:51:00,89.82,89.83,89.76,89.81,100
2026-05-27 14:52:00,89.81,89.82,89.65,89.67,358
2026-05-27 14:53:00,89.67,89.78,89.64,89.75,152
2026-05-27 14:54:00,89.76,89.85,89.75,89.83,119
2026-05-27 14:55:00,89.82,89.89,89.75,89.76,193
2026-05-27 14:56:00,89.77,89.82,89.77,89.81,127
2026-05-27 14:57:00,89.82,89.91,89.82,89.88,129
2026-05-27 14:58:00,89.87,90.02,89.86,90.02,155
2026-05-27 14:59:00,90.02,90.02,89.97,90.0,76
2026-05-27 15:00:00,89.99,90.29,89.98,90.21,282
2026-05-27 15:01:00,90.21,90.28,90.18,90.25,150
2026-05-27 15:02:00,90.23,90.34,90.22,90.33,147
2026-05-27 15:03:00,90.33,90.41,90.32,90.36,108
2026-05-27 15:04:00,90.37,90.45,90.3,90.3,405
2026-05-27 15:05:00,90.3,90.36,90.29,90.34,83
2026-05-27 15:06:00,90.35,90.35,90.27,90.35,127
2026-05-27 15:07:00,90.35,90.39,90.34,90.36,75
2026-05-27 15:08:00,90.37,90.37,90.26,90.29,91
2026-05-27 15:09:00,90.29,90.29,90.2,90.27,90
2026-05-27 15:10:00,90.27,90.32,90.25,90.29,78
2026-05-27 15:11:00,90.3,90.31,90.23,90.31,100
2026-05-27 15:12:00,90.32,90.45,90.31,90.42,174
2026-05-27 15:13:00,90.41,90.43,90.35,90.37,106
2026-05-27 15:14:00,90.37,90.38,90.34,90.35,41
2026-05-27 15:15:00,90.36,90.36,90.3,90.35,43
2026-05-27 15:16:00,90.36,90.37,90.32,90.35,33
2026-05-27 15:17:00,90.35,90.39,90.34,90.36,68
2026-05-27 15:18:00,90.36,90.37,90.32,90.32,59
2026-05-27 15:19:00,90.32,90.32,90.24,90.28,163
2026-05-27 15:20:00,90.27,90.28,90.05,90.19,446
2026-05-27 15:21:00,90.18,90.18,90.11,90.13,97
2026-05-27 15:22:00,90.15,90.16,90.1,90.14,61
2026-05-27 15:23:00,90.13,90.17,89.97,90.0,183
2026-05-27 15:24:00,90.0,90.03,89.87,89.9,322
2026-05-27 15:25:00,89.9,89.91,89.84,89.89,174
2026-05-27 15:26:00,89.89,89.9,89.78,89.87,165
2026-05-27 15:27:00,89.86,89.89,89.81,89.86,136
2026-05-27 15:28:00,89.86,89.94,89.85,89.88,186
2026-05-27 15:29:00,89.88,89.88,89.79,89.87,117
2026-05-27 15:30:00,89.86,89.93,89.83,89.92,238
2026-05-27 15:31:00,89.93,90.0,89.91,89.97,118
2026-05-27 15:32:00,89.99,90.06,89.95,90.05,116
2026-05-27 15:33:00,90.05,90.24,90.05,90.23,134
2026-05-27 15:34:00,90.25,90.25,90.11,90.12,152
2026-05-27 15:35:00,90.14,90.17,90.12,90.14,75
2026-05-27 15:36:00,90.14,90.17,90.11,90.15,44
2026-05-27 15:37:00,90.12,90.17,90.11,90.17,49
2026-05-27 15:38:00,90.15,90.18,90.12,90.13,30
2026-05-27 15:39:00,90.12,90.13,90.07,90.09,60
2026-05-27 15:40:00,90.09,90.13,90.05,90.07,79
2026-05-27 15:41:00,90.06,90.07,89.9,89.97,119
2026-05-27 15:42:00,89.98,90.01,89.94,89.96,67
2026-05-27 15:43:00,89.96,89.99,89.94,89.95,23
2026-05-27 15:44:00,89.95,90.01,89.95,90.01,37
2026-05-27 15:45:00,90.01,90.02,89.99,90.0,87
2026-05-27 15:46:00,90.0,90.05,90.0,90.01,58
2026-05-27 15:47:00,90.0,90.0,89.97,89.98,89
2026-05-27 15:48:00,89.98,89.98,89.94,89.98,103
2026-05-27 15:49:00,89.98,90.02,89.98,90.01,84
2026-05-27 15:50:00,90.03,90.08,90.02,90.04,58
2026-05-27 15:51:00,90.03,90.15,90.03,90.14,119
2026-05-27 15:52:00,90.15,90.15,90.06,90.14,110
2026-05-27 15:53:00,90.11,90.13,90.09,90.11,57
2026-05-27 15:54:00,90.11,90.11,90.06,90.1,87
2026-05-27 15:55:00,90.09,90.2,90.09,90.15,180
2026-05-27 15:56:00,90.15,90.22,90.15,90.22,36
2026-05-27 15:57:00,90.23,90.31,90.21,90.3,102
2026-05-27 15:58:00,90.3,90.35,90.3,90.31,75
2026-05-27 15:59:00,90.3,90.36,90.29,90.33,109
2026-05-27 16:00:00,90.33,90.35,90.3,90.31,109
2026-05-27 16:01:00,90.34,90.34,90.26,90.27,250
2026-05-27 16:02:00,90.29,90.4,90.27,90.38,231
2026-05-27 16:03:00,90.37,90.51,90.35,90.49,312
2026-05-27 16:04:00,90.49,90.5,90.38,90.44,184
2026-05-27 16:05:00,90.46,90.49,90.4,90.4,115
2026-05-27 16:06:00,90.39,90.48,90.37,90.47,85
2026-05-27 16:07:00,90.45,90.47,90.44,90.46,29
2026-05-27 16:08:00,90.45,90.47,90.44,90.45,31
2026-05-27 16:09:00,90.45,90.45,90.41,90.43,46
2026-05-27 16:10:00,90.42,90.42,90.2,90.21,218
2026-05-27 16:11:00,90.2,90.26,90.16,90.26,112
2026-05-27 16:12:00,90.27,90.32,90.24,90.3,89
2026-05-27 16:13:00,90.31,90.31,90.2,90.2,76
2026-05-27 16:14:00,90.21,90.21,90.13,90.18,104
2026-05-27 16:15:00,90.18,90.2,90.09,90.1,99
2026-05-27 16:16:00,90.11,90.28,90.11,90.24,257
2026-05-27 16:17:00,90.24,90.32,90.22,90.3,101
2026-05-27 16:18:00,90.3,90.35,90.28,90.32,71
2026-05-27 16:19:00,90.33,90.38,90.31,90.33,128
2026-05-27 16:20:00,90.33,90.35,90.28,90.3,48
2026-05-27 16:21:00,90.31,90.31,90.26,90.31,106
2026-05-27 16:22:00,90.29,90.31,90.27,90.28,43
2026-05-27 16:23:00,90.29,90.3,90.27,90.27,40
2026-05-27 16:24:00,90.27,90.31,90.27,90.29,60
2026-05-27 16:25:00,90.29,90.31,90.27,90.31,89
2026-05-27 16:26:00,90.31,90.35,90.27,90.31,81
2026-05-27 16:27:00,90.31,90.39,90.31,90.36,51
2026-05-27 16:28:00,90.35,90.41,90.35,90.35,66
2026-05-27 16:29:00,90.35,90.35,90.19,90.21,114
2026-05-27 16:30:00,90.2,90.21,90.07,90.2,285
2026-05-27 16:31:00,90.21,90.28,90.2,90.24,134
2026-05-27 16:32:00,90.24,90.26,90.13,90.15,116
2026-05-27 16:33:00,90.15,90.39,90.1,90.33,406
2026-05-27 16:34:00,90.34,90.45,90.29,90.38,166
2026-05-27 16:35:00,90.4,90.41,90.35,90.39,87
2026-05-27 16:36:00,90.37,90.43,90.33,90.4,111
2026-05-27 16:37:00,90.38,90.45,90.36,90.45,67
2026-05-27 16:38:00,90.44,90.58,90.4,90.52,276
2026-05-27 16:39:00,90.51,90.63,90.5,90.59,291
2026-05-27 16:40:00,90.57,90.68,90.55,90.68,281
2026-05-27 16:41:00,90.68,90.83,90.68,90.73,391
2026-05-27 16:42:00,90.73,90.78,90.55,90.57,249
2026-05-27 16:43:00,90.56,90.57,90.41,90.43,204
2026-05-27 16:44:00,90.44,90.47,90.37,90.37,82
2026-05-27 16:45:00,90.37,90.37,90.23,90.34,210
2026-05-27 16:46:00,90.35,90.7,90.31,90.42,727
2026-05-27 16:47:00,90.43,90.44,90.29,90.36,119
2026-05-27 16:48:00,90.36,90.39,90.27,90.36,91
2026-05-27 16:49:00,90.37,90.44,90.26,90.29,125
2026-05-27 16:50:00,90.29,90.35,90.29,90.35,55
2026-05-27 16:51:00,90.37,90.37,90.22,90.35,137
2026-05-27 16:52:00,90.33,90.35,90.15,90.2,235
2026-05-27 16:53:00,90.2,90.27,89.96,90.24,685
2026-05-27 16:54:00,90.26,90.3,90.26,90.27,100
2026-05-27 16:55:00,90.3,90.48,90.3,90.42,282
2026-05-27 16:56:00,90.42,90.58,90.4,90.56,262
2026-05-27 16:57:00,90.59,90.6,90.49,90.55,117
2026-05-27 16:58:00,90.53,90.71,90.51,90.65,304
2026-05-27 16:59:00,90.64,90.69,90.63,90.69,41
2026-05-27 17:00:00,90.69,90.79,90.63,90.68,252
2026-05-27 17:01:00,90.69,90.82,90.68,90.74,195
2026-05-27 17:02:00,90.73,90.85,90.72,90.78,128
2026-05-27 17:03:00,90.75,90.8,90.74,90.8,77
2026-05-27 17:04:00,90.81,90.84,90.78,90.81,160
2026-05-27 17:05:00,90.82,90.85,90.7,90.7,142
2026-05-27 17:06:00,90.69,90.74,90.62,90.63,251
2026-05-27 17:07:00,90.61,90.67,90.46,90.49,243
2026-05-27 17:08:00,90.48,90.52,90.37,90.46,311
2026-05-27 17:09:00,90.48,90.51,90.42,90.45,88
2026-05-27 17:10:00,90.45,90.52,90.44,90.48,159
2026-05-27 17:11:00,90.48,90.51,90.41,90.47,171
2026-05-27 17:12:00,90.47,90.51,90.41,90.46,166
2026-05-27 17:13:00,90.44,90.57,90.44,90.52,156
2026-05-27 17:14:00,90.53,90.57,90.51,90.54,66
2026-05-27 17:15:00,90.55,90.58,90.52,90.55,51
2026-05-27 17:16:00,90.59,90.59,90.53,90.56,69
2026-05-27 17:17:00,90.57,90.62,90.56,90.57,71
2026-05-27 17:18:00,90.58,90.7,90.58,90.67,127
2026-05-27 17:19:00,90.67,90.67,90.62,90.66,73
2026-05-27 17:20:00,90.68,90.75,90.59,90.59,211
2026-05-27 17:21:00,90.58,90.63,90.58,90.58,113
2026-05-27 17:22:00,90.58,90.64,90.58,90.6,210
2026-05-27 17:23:00,90.59,90.62,90.53,90.62,83
2026-05-27 17:24:00,90.61,90.7,90.58,90.68,193
2026-05-27 17:25:00,90.69,90.72,90.62,90.62,123
2026-05-27 17:26:00,90.62,90.62,90.56,90.57,118
2026-05-27 17:27:00,90.58,90.62,90.56,90.59,101
2026-05-27 17:28:00,90.61,90.66,90.55,90.65,375
2026-05-27 17:29:00,90.66,90.66,90.53,90.54,115
2026-05-27 17:30:00,90.55,90.68,90.55,90.63,100
2026-05-27 17:31:00,90.64,90.65,90.59,90.65,101
2026-05-27 17:32:00,90.65,90.77,90.62,90.69,499
2026-05-27 17:33:00,90.68,90.71,90.66,90.68,105
2026-05-27 17:34:00,90.67,90.71,90.64,90.66,106
2026-05-27 17:35:00,90.63,90.67,90.61,90.63,110
2026-05-27 17:36:00,90.62,90.66,90.48,90.5,236
2026-05-27 17:37:00,90.51,90.57,90.5,90.56,68
2026-05-27 17:38:00,90.57,90.58,90.46,90.52,135
2026-05-27 17:39:00,90.52,90.53,90.44,90.45,83
2026-05-27 17:40:00,90.45,90.5,90.43,90.44,145
2026-05-27 17:41:00,90.45,90.5,90.42,90.49,84
2026-05-27 17:42:00,90.48,90.54,90.41,90.42,202
2026-05-27 17:43:00,90.41,90.45,90.39,90.42,137
2026-05-27 17:44:00,90.43,90.44,90.27,90.33,235
2026-05-27 17:45:00,90.33,90.41,90.28,90.38,208
2026-05-27 17:46:00,90.38,90.41,90.35,90.4,59
2026-05-27 17:47:00,90.41,90.42,90.37,90.38,52
2026-05-27 17:48:00,90.37,90.38,89.57,89.88,2253
2026-05-27 17:49:00,89.84,89.84,89.11,89.61,2789
2026-05-27 17:50:00,89.64,89.8,89.33,89.34,858
2026-05-27 17:51:00,89.36,89.37,88.66,88.88,2617
2026-05-27 17:52:00,88.9,88.9,88.39,88.51,2011
2026-05-27 17:53:00,88.53,89.13,88.25,88.78,2681
2026-05-27 17:54:00,88.78,89.13,88.69,88.98,1432
2026-05-27 17:55:00,88.96,88.99,88.53,88.56,905
2026-05-27 17:56:00,88.59,88.78,88.39,88.64,986
2026-05-27 17:57:00,88.65,88.97,88.65,88.66,885
2026-05-27 17:58:00,88.67,88.69,88.35,88.47,1076
2026-05-27 17:59:00,88.47,88.58,88.4,88.52,466
2026-05-27 18:00:00,88.51,88.51,87.96,88.29,2267
2026-05-27 18:01:00,88.28,88.37,88.14,88.33,608
2026-05-27 18:02:00,88.33,88.62,88.27,88.62,1167
2026-05-27 18:03:00,88.62,88.69,88.23,88.23,803
2026-05-27 18:04:00,88.24,88.4,88.18,88.37,883
2026-05-27 18:05:00,88.37,88.54,88.35,88.47,766
2026-05-27 18:06:00,88.46,88.46,87.77,88.15,2053
2026-05-27 18:07:00,88.15,88.48,88.07,88.45,707
2026-05-27 18:08:00,88.46,88.59,88.4,88.52,738
2026-05-27 18:09:00,88.51,88.62,88.44,88.53,504
2026-05-27 18:10:00,88.52,88.6,88.49,88.56,405
2026-05-27 18:11:00,88.59,88.63,88.49,88.53,278
2026-05-27 18:12:00,88.56,88.76,88.54,88.68,920
2026-05-27 18:13:00,88.68,88.68,88.58,88.59,406
2026-05-27 18:14:00,88.57,88.73,88.5,88.71,334
2026-05-27 18:15:00,88.74,88.84,88.71,88.79,453
2026-05-27 18:16:00,88.79,88.79,88.67,88.75,262
2026-05-27 18:17:00,88.75,88.78,88.63,88.75,185
2026-05-27 18:18:00,88.75,88.96,88.71,88.91,639
2026-05-27 18:19:00,88.92,89.02,88.82,88.86,751
2026-05-27 18:20:00,88.83,88.89,88.71,88.71,325
2026-05-27 18:21:00,88.73,88.79,88.53,88.75,563
2026-05-27 18:22:00,88.75,88.83,88.71,88.79,404
2026-05-27 18:23:00,88.8,88.82,88.69,88.76,387
2026-05-27 18:24:00,88.75,88.77,88.66,88.72,229
2026-05-27 18:25:00,88.7,88.73,88.64,88.71,238
2026-05-27 18:26:00,88.7,88.8,88.7,88.76,113
2026-05-27 18:27:00,88.76,88.86,88.75,88.84,215
2026-05-27 18:28:00,88.84,88.88,88.8,88.82,304
2026-05-27 18:29:00,88.83,88.92,88.77,88.84,450
2026-05-27 18:30:00,88.85,89.06,88.76,89.05,1234
2026-05-27 18:31:00,89.06,89.34,89.03,89.31,1111
2026-05-27 18:32:00,89.3,89.31,89.07,89.12,858
2026-05-27 18:33:00,89.11,89.19,89.04,89.15,362
2026-05-27 18:34:00,89.15,89.5,89.09,89.48,778
2026-05-27 18:35:00,89.48,89.61,89.44,89.5,1063
2026-05-27 18:36:00,89.48,89.49,89.33,89.39,492
2026-05-27 18:37:00,89.4,89.55,89.4,89.52,388
2026-05-27 18:38:00,89.52,89.59,89.43,89.49,373
2026-05-27 18:39:00,89.49,89.57,89.42,89.54,366
2026-05-27 18:40:00,89.55,89.58,89.48,89.51,317
2026-05-27 18:41:00,89.52,89.57,89.47,89.49,307
2026-05-27 18:42:00,89.49,89.59,89.49,89.56,426
2026-05-27 18:43:00,89.57,89.68,89.54,89.62,1012
2026-05-27 18:44:00,89.61,89.61,89.29,89.34,664
2026-05-27 18:45:00,89.34,89.48,89.34,89.4,302
2026-05-27 18:46:00,89.41,89.51,89.38,89.45,236
2026-05-27 18:47:00,89.44,89.47,89.36,89.41,246
2026-05-27 18:48:00,89.44,89.45,89.37,89.42,246
2026-05-27 18:49:00,89.42,89.51,89.37,89.39,294
2026-05-27 18:50:00,89.39,89.55,89.36,89.54,397
2026-05-27 18:51:00,89.53,89.55,89.43,89.45,250
2026-05-27 18:52:00,89.47,89.48,89.4,89.46,148
2026-05-27 18:53:00,89.46,89.46,89.25,89.29,270
2026-05-27 18:54:00,89.28,89.41,89.25,89.41,171
2026-05-27 18:55:00,89.4,89.46,89.38,89.46,204
2026-05-27 18:56:00,89.47,89.76,89.47,89.73,575
2026-05-27 18:57:00,89.72,89.72,89.61,89.67,239
2026-05-27 18:58:00,89.67,89.72,89.61,89.67,266
2026-05-27 18:59:00,89.68,89.74,89.65,89.71,185
2026-05-27 19:00:00,89.72,89.88,89.66,89.76,696
2026-05-27 19:01:00,89.76,89.79,89.64,89.75,261
2026-05-27 19:02:00,89.76,89.76,89.64,89.68,293
2026-05-27 19:03:00,89.68,89.68,89.54,89.6,380
2026-05-27 19:04:00,89.62,89.67,89.43,89.47,496
2026-05-27 19:05:00,89.48,89.61,89.46,89.54,419
2026-05-27 19:06:00,89.53,89.73,89.5,89.73,476
2026-05-27 19:07:00,89.72,89.88,89.65,89.73,480
2026-05-27 19:08:00,89.73,89.79,89.7,89.72,218
2026-05-27 19:09:00,89.72,89.74,89.68,89.72,198
2026-05-27 19:10:00,89.72,89.78,89.66,89.78,196
2026-05-27 19:11:00,89.77,89.81,89.75,89.79,261
2026-05-27 19:12:00,89.76,89.87,89.74,89.78,353
2026-05-27 19:13:00,89.77,89.86,89.76,89.76,167
2026-05-27 19:14:00,89.78,89.78,89.65,89.68,235
2026-05-27 19:15:00,89.69,89.71,89.35,89.36,658
2026-05-27 19:16:00,89.37,89.52,89.36,89.45,506
2026-05-27 19:17:00,89.46,89.51,89.36,89.5,456
2026-05-27 19:18:00,89.49,89.51,89.41,89.48,305
2026-05-27 19:19:00,89.49,89.55,89.48,89.54,265
2026-05-27 19:20:00,89.54,89.75,89.48,89.6,725
2026-05-27 19:21:00,89.6,89.65,89.58,89.59,218
2026-05-27 19:22:00,89.6,89.68,89.57,89.61,297
2026-05-27 19:23:00,89.61,89.66,89.58,89.65,290
2026-05-27 19:24:00,89.65,89.84,89.63,89.74,546
2026-05-27 19:25:00,89.75,90.02,89.73,89.84,906
2026-05-27 19:26:00,89.82,89.87,89.77,89.82,347
2026-05-27 19:27:00,89.82,89.96,89.82,89.87,456
2026-05-27 19:28:00,89.86,89.95,89.86,89.88,277
2026-05-27 19:29:00,89.88,89.89,89.79,89.8,256
2026-05-27 19:30:00,89.79,89.95,89.76,89.92,399
2026-05-27 19:31:00,89.9,89.91,89.81,89.81,170
2026-05-27 19:32:00,89.8,89.8,89.66,89.69,472
2026-05-27 19:33:00,89.69,89.73,89.63,89.7,379
2026-05-27 19:34:00,89.71,89.72,89.64,89.67,307
2026-05-27 19:35:00,89.67,89.69,89.54,89.61,392
2026-05-27 19:36:00,89.61,89.77,89.61,89.74,214
2026-05-27 19:37:00,89.74,90.0,89.72,89.96,430
2026-05-27 19:38:00,89.97,89.97,89.85,89.87,372
2026-05-27 19:39:00,89.87,89.9,89.81,89.81,217
2026-05-27 19:40:00,89.82,89.86,89.79,89.84,237
2026-05-27 19:41:00,89.83,89.9,89.81,89.81,251
2026-05-27 19:42:00,89.81,89.84,89.72,89.8,620
2026-05-27 19:43:00,89.8,89.88,89.77,89.85,192
2026-05-27 19:44:00,89.86,90.01,89.82,89.92,646
2026-05-27 19:45:00,89.92,89.96,89.87,89.92,360
2026-05-27 19:46:00,89.92,89.94,89.84,89.88,269
2026-05-27 19:47:00,89.86,89.91,89.76,89.77,125
2026-05-27 19:48:00,89.79,89.79,89.63,89.68,252
2026-05-27 19:49:00,89.67,89.67,89.5,89.55,484
2026-05-27 19:50:00,89.55,90.0,89.46,89.85,1233
2026-05-27 19:51:00,89.83,89.86,89.65,89.73,422
2026-05-27 19:52:00,89.71,89.83,89.65,89.79,270
2026-05-27 19:53:00,89.79,89.91,89.77,89.9,335
2026-05-27 19:54:00,89.9,90.23,89.89,90.13,1500
2026-05-27 19:55:00,90.12,90.29,90.08,90.27,871
2026-05-27 19:56:00,90.26,90.29,90.06,90.06,378
2026-05-27 19:57:00,90.06,90.08,89.8,89.83,343
2026-05-27 19:58:00,89.84,89.86,89.63,89.65,457
2026-05-27 19:59:00,89.66,89.68,89.5,89.57,381
2026-05-27 20:00:00,89.58,89.68,89.48,89.62,289
2026-05-27 20:01:00,89.65,89.66,89.51,89.55,175
2026-05-27 20:02:00,89.55,90.05,89.53,90.01,1377
2026-05-27 20:03:00,90.01,90.48,89.85,90.23,2553
2026-05-27 20:04:00,90.25,90.31,89.89,89.93,1292
2026-05-27 20:05:00,89.97,90.23,89.91,90.16,884
2026-05-27 20:06:00,90.16,90.18,90.0,90.13,416
2026-05-27 20:07:00,90.13,90.3,90.13,90.24,516
2026-05-27 20:08:00,90.24,90.24,90.11,90.15,187
2026-05-27 20:09:00,90.14,90.2,90.1,90.16,251
2026-05-27 20:10:00,90.17,90.44,90.17,90.31,996
2026-05-27 20:11:00,90.32,90.46,90.32,90.41,459
2026-05-27 20:12:00,90.42,90.64,90.39,90.57,786
2026-05-27 20:13:00,90.57,90.67,90.54,90.61,640
2026-05-27 20:14:00,90.59,90.79,90.59,90.72,621
2026-05-27 20:15:00,90.73,90.73,90.6,90.64,491
2026-05-27 20:16:00,90.63,90.66,90.53,90.55,456
2026-05-27 20:17:00,90.56,90.59,90.42,90.45,405
2026-05-27 20:18:00,90.45,90.59,90.45,90.55,440
2026-05-27 20:19:00,90.56,90.71,90.52,90.69,350
2026-05-27 20:20:00,90.68,90.71,90.62,90.66,260
2026-05-27 20:21:00,90.66,90.83,90.66,90.82,492
2026-05-27 20:22:00,90.82,90.87,90.79,90.86,787
2026-05-27 20:23:00,90.86,91.01,90.86,90.95,1032
2026-05-27 20:24:00,90.94,91.01,90.88,90.88,384
2026-05-27 20:25:00,90.87,90.92,90.82,90.87,308
2026-05-27 20:26:00,90.87,90.89,90.81,90.82,301
2026-05-27 20:27:00,90.82,90.84,90.74,90.76,329
2026-05-27 20:28:00,90.76,90.79,90.74,90.78,179
2026-05-27 20:29:00,90.77,90.84,90.76,90.81,224
2026-05-27 20:30:00,90.82,91.08,90.8,90.94,1020
2026-05-27 20:31:00,90.94,90.96,90.71,90.73,452
2026-05-27 20:32:00,90.73,90.77,90.62,90.65,507
2026-05-27 20:33:00,90.67,90.69,90.47,90.59,528
2026-05-27 20:34:00,90.57,90.87,90.57,90.71,991
2026-05-27 20:35:00,90.7,90.85,90.68,90.81,280
2026-05-27 20:36:00,90.8,90.88,90.76,90.88,274
2026-05-27 20:37:00,90.89,90.95,90.8,90.87,427
2026-05-27 20:38:00,90.88,91.0,90.86,90.96,393
2026-05-27 20:39:00,90.98,91.19,90.94,91.08,655
2026-05-27 20:40:00,91.07,91.18,91.0,91.05,319
2026-05-27 20:41:00,91.03,91.08,90.9,90.92,500
2026-05-27 20:42:00,90.93,90.95,90.86,90.87,642
2026-05-27 20:43:00,90.87,90.95,90.84,90.89,431
2026-05-27 20:44:00,90.9,90.92,90.78,90.79,362
2026-05-27 20:45:00,90.8,90.97,90.78,90.93,292
2026-05-27 20:46:00,90.91,90.91,90.8,90.8,285
2026-05-27 20:47:00,90.8,90.86,90.77,90.79,137
2026-05-27 20:48:00,90.78,90.83,90.74,90.75,141
2026-05-27 20:49:00,90.73,90.84,90.7,90.79,283
2026-05-27 20:50:00,90.79,90.81,90.69,90.79,247
2026-05-27 20:51:00,90.77,90.8,90.69,90.71,147
2026-05-27 20:52:00,90.7,90.74,90.63,90.7,278
2026-05-27 20:53:00,90.7,90.82,90.7,90.81,126
2026-05-27 20:54:00,90.81,90.84,90.75,90.84,219
2026-05-27 20:55:00,90.85,90.91,90.81,90.89,387
2026-05-27 20:56:00,90.9,90.93,90.82,90.9,309
2026-05-27 20:57:00,90.89,90.91,90.7,90.8,221
2026-05-27 20:58:00,90.79,90.85,90.75,90.78,296
2026-05-27 20:59:00,90.79,90.82,90.62,90.62,506
2026-05-27 21:00:00,90.61,90.64,90.33,90.43,1321
2026-05-27 21:01:00,90.44,90.51,90.15,90.23,1674
2026-05-27 21:02:00,90.2,90.26,90.13,90.23,862
2026-05-27 21:03:00,90.23,90.28,90.02,90.18,703
2026-05-27 21:04:00,90.2,90.38,90.15,90.15,624
2026-05-27 21:05:00,90.15,90.18,90.01,90.11,529
2026-05-27 21:06:00,90.11,90.16,90.05,90.09,242
2026-05-27 21:07:00,90.1,90.2,90.08,90.09,250
2026-05-27 21:08:00,90.1,90.14,90.06,90.08,206
2026-05-27 21:09:00,90.07,90.14,90.02,90.11,238
2026-05-27 21:10:00,90.09,90.1,90.0,90.03,492
2026-05-27 21:11:00,90.03,90.05,89.97,90.0,382
2026-05-27 21:12:00,90.0,90.27,89.93,90.26,995
2026-05-27 21:13:00,90.24,90.5,90.22,90.47,1102
2026-05-27 21:14:00,90.46,90.75,90.39,90.59,1191
2026-05-27 21:15:00,90.58,90.83,90.32,90.51,1166
2026-05-27 21:16:00,90.52,90.6,90.39,90.47,500
2026-05-27 21:17:00,90.46,90.53,90.43,90.48,207
2026-05-27 21:18:00,90.48,90.56,90.42,90.42,219
2026-05-27 21:19:00,90.42,90.53,90.29,90.38,430
2026-05-27 21:20:00,90.38,90.39,90.28,90.31,196
2026-05-27 21:21:00,90.33,90.35,90.19,90.23,771
2026-05-27 21:22:00,90.24,90.25,90.11,90.11,350
2026-05-27 21:23:00,90.11,90.11,90.0,90.08,334
2026-05-27 21:24:00,90.08,90.38,90.0,90.12,862
2026-05-27 21:25:00,90.12,90.25,90.05,90.06,316
2026-05-27 21:26:00,90.05,90.12,90.0,90.02,330
2026-05-27 21:27:00,90.01,90.06,89.94,90.01,274
2026-05-27 21:28:00,90.03,90.07,89.98,90.0,119
2026-05-27 21:29:00,90.02,90.11,89.97,90.01,194
2026-05-27 21:30:00,90.02,90.09,90.0,90.0,198
2026-05-27 21:31:00,89.98,90.06,89.93,90.04,271
2026-05-27 21:32:00,90.04,90.05,89.94,89.95,167
2026-05-27 21:33:00,89.95,90.27,89.87,90.22,915
2026-05-27 21:34:00,90.23,90.34,90.04,90.26,841
2026-05-27 21:35:00,90.24,90.29,90.15,90.24,213
2026-05-27 21:36:00,90.24,90.27,90.12,90.22,157
2026-05-27 21:37:00,90.2,90.29,90.2,90.25,216
2026-05-27 21:38:00,90.26,90.4,90.23,90.26,477
2026-05-27 21:39:00,90.26,90.32,90.21,90.24,378
2026-05-27 21:40:00,90.23,90.25,90.17,90.19,90
2026-05-27 21:41:00,90.19,90.24,90.12,90.17,420
2026-05-27 21:42:00,90.16,90.24,90.1,90.13,180
2026-05-27 21:43:00,90.15,90.25,90.14,90.23,211
2026-05-27 21:44:00,90.22,90.28,90.18,90.27,198
2026-05-27 21:45:00,90.27,90.28,90.17,90.19,99
2026-05-27 21:46:00,90.18,90.31,90.18,90.26,262
2026-05-27 21:47:00,90.26,90.26,90.17,90.21,156
2026-05-27 21:48:00,90.2,90.2,90.13,90.14,164
2026-05-27 21:49:00,90.15,90.19,90.12,90.17,125
2026-05-27 21:50:00,90.17,90.18,90.12,90.17,99
2026-05-27 21:51:00,90.15,90.19,90.12,90.14,176
2026-05-27 21:52:00,90.13,90.14,89.95,90.03,838
2026-05-27 21:53:00,90.02,90.05,89.94,89.96,214
2026-05-27 21:54:00,89.95,90.02,89.9,89.95,430
2026-05-27 21:55:00,89.95,89.96,89.86,89.89,260
2026-05-27 21:56:00,89.89,89.91,89.8,89.85,379
2026-05-27 21:57:00,89.85,89.86,89.66,89.66,979
2026-05-27 21:58:00,89.67,89.89,89.66,89.89,870
2026-05-27 21:59:00,89.87,89.92,89.85,89.88,428
2026-05-27 22:00:00,89.88,90.06,89.84,90.05,308
2026-05-27 22:01:00,90.05,90.08,90.01,90.01,200
2026-05-27 22:02:00,90.01,90.02,89.89,90.0,200
2026-05-27 22:03:00,89.98,89.98,89.92,89.96,162
2026-05-27 22:04:00,89.98,89.99,89.86,89.88,113
2026-05-27 22:05:00,89.9,89.93,89.87,89.91,65
2026-05-27 22:06:00,89.91,89.92,89.86,89.91,148
2026-05-27 22:07:00,89.91,89.94,89.85,89.88,547
2026-05-27 22:08:00,89.87,89.88,89.8,89.81,88
2026-05-27 22:09:00,89.8,89.8,89.67,89.75,159
2026-05-27 22:10:00,89.75,89.79,89.71,89.75,170
2026-05-27 22:11:00,89.73,89.73,89.42,89.52,846
2026-05-27 22:12:00,89.53,89.65,89.49,89.61,248
2026-05-27 22:13:00,89.61,89.65,89.5,89.55,275
2026-05-27 22:14:00,89.55,89.65,89.54,89.61,225
2026-05-27 22:15:00,89.61,89.62,89.53,89.54,194
2026-05-27 22:16:00,89.55,89.64,89.54,89.63,102
2026-05-27 22:17:00,89.63,89.71,89.62,89.71,165
2026-05-27 22:18:00,89.71,89.81,89.71,89.77,324
2026-05-27 22:19:00,89.79,89.8,89.71,89.73,141
2026-05-27 22:20:00,89.71,89.72,89.65,89.71,152
2026-05-27 22:21:00,89.71,89.72,89.65,89.67,109
2026-05-27 22:22:00,89.66,89.71,89.64,89.65,254
2026-05-27 22:23:00,89.66,89.69,89.63,89.69,148
2026-05-27 22:24:00,89.7,89.76,89.69,89.73,202
2026-05-27 22:25:00,89.73,89.78,89.72,89.73,172
2026-05-27 22:26:00,89.74,89.88,89.71,89.88,261
2026-05-27 22:27:00,89.87,89.92,89.81,89.88,595
2026-05-27 22:28:00,89.87,89.92,89.82,89.91,264
2026-05-27 22:29:00,89.92,89.94,89.87,89.88,318
2026-05-27 22:30:00,89.88,90.0,89.88,89.95,199
2026-05-27 22:31:00,89.95,90.05,89.86,89.96,635
2026-05-27 22:32:00,89.97,90.07,89.88,89.92,472
2026-05-27 22:33:00,89.92,90.02,89.9,89.95,166
2026-05-27 22:34:00,89.94,89.96,89.87,89.9,166
2026-05-27 22:35:00,89.89,89.95,89.83,89.94,128
2026-05-27 22:36:00,89.91,90.02,89.91,90.02,112
2026-05-27 22:37:00,90.01,90.1,89.93,89.99,361
2026-05-27 22:38:00,89.98,90.09,89.97,90.09,194
2026-05-27 22:39:00,90.09,90.1,89.97,90.06,204
2026-05-27 22:40:00,90.05,90.05,89.95,90.0,291
2026-05-27 22:41:00,90.0,90.04,89.88,90.03,278
2026-05-27 22:42:00,90.03,90.06,89.92,89.92,193
2026-05-27 22:43:00,89.92,89.95,89.88,89.89,311
2026-05-27 22:44:00,89.91,89.91,89.83,89.83,91
2026-05-27 22:45:00,89.82,89.88,89.76,89.79,394
2026-05-27 22:46:00,89.78,89.8,89.68,89.69,150
2026-05-27 22:47:00,89.71,89.75,89.59,89.61,497
2026-05-27 22:48:00,89.61,89.69,89.57,89.69,229
2026-05-27 22:49:00,89.67,89.77,89.64,89.69,187
2026-05-27 22:50:00,89.69,89.71,89.68,89.7,83
2026-05-27 22:51:00,89.71,89.76,89.68,89.68,79
2026-05-27 22:52:00,89.69,89.69,89.62,89.63,85
2026-05-27 22:53:00,89.63,89.65,89.56,89.64,149
2026-05-27 22:54:00,89.64,89.64,89.6,89.62,59
2026-05-27 22:55:00,89.64,89.64,89.58,89.6,115
2026-05-27 22:56:00,89.6,89.64,89.55,89.56,157
2026-05-27 22:57:00,89.55,89.65,89.51,89.65,133
2026-05-27 22:58:00,89.65,89.67,89.61,89.64,87
2026-05-27 22:59:00,89.64,89.66,89.6,89.66,145
2026-05-27 23:00:00,89.65,89.7,89.62,89.62,102
2026-05-27 23:01:00,89.61,89.61,89.52,89.56,89
2026-05-27 23:02:00,89.55,89.58,89.5,89.52,135
2026-05-27 23:03:00,89.51,89.56,89.5,89.51,129
2026-05-27 23:04:00,89.51,89.56,89.5,89.52,110
2026-05-27 23:05:00,89.52,89.54,89.37,89.45,187
2026-05-27 23:06:00,89.44,89.52,89.41,89.42,370
2026-05-27 23:07:00,89.41,89.47,89.37,89.43,386
2026-05-27 23:08:00,89.43,89.51,89.43,89.45,138
2026-05-27 23:09:00,89.46,89.62,89.43,89.61,154
2026-05-27 23:10:00,89.61,89.67,89.59,89.62,260
2026-05-27 23:11:00,89.62,89.73,89.61,89.72,192
2026-05-27 23:12:00,89.71,89.76,89.67,89.67,172
2026-05-27 23:13:00,89.67,89.74,89.62,89.62,167
2026-05-27 23:14:00,89.62,89.73,89.62,89.7,81
2026-05-27 23:15:00,89.7,89.74,89.7,89.7,67
2026-05-27 23:16:00,89.7,89.73,89.68,89.68,149
2026-05-27 23:17:00,89.68,89.69,89.62,89.65,136
2026-05-27 23:18:00,89.65,89.66,89.61,89.66,75
2026-05-27 23:19:00,89.65,89.68,89.62,89.62,129
2026-05-27 23:20:00,89.61,89.64,89.53,89.53,186
2026-05-27 23:21:00,89.53,89.58,89.53,89.54,191
2026-05-27 23:22:00,89.54,89.54,89.22,89.36,676
2026-05-27 23:23:00,89.36,89.42,89.35,89.4,165
2026-05-27 23:24:00,89.39,89.48,89.35,89.46,192
2026-05-27 23:25:00,89.43,89.44,89.26,89.29,264
2026-05-27 23:26:00,89.28,89.3,89.16,89.22,554
2026-05-27 23:27:00,89.21,89.35,89.21,89.31,367
2026-05-27 23:28:00,89.3,89.44,89.28,89.41,450
2026-05-27 23:29:00,89.4,89.54,89.4,89.52,367
2026-05-27 23:30:00,89.53,89.57,89.47,89.51,280
2026-05-27 23:31:00,89.49,89.53,89.4,89.48,412
2026-05-27 23:32:00,89.48,89.51,89.44,89.44,279
2026-05-27 23:33:00,89.45,89.5,89.43,89.47,296
2026-05-27 23:34:00,89.47,89.5,89.39,89.41,904
2026-05-27 23:35:00,89.41,89.45,89.36,89.44,212
2026-05-27 23:36:00,89.43,89.53,89.42,89.52,219
2026-05-27 23:37:00,89.53,89.54,89.47,89.52,190
2026-05-27 23:38:00,89.51,89.6,89.44,89.46,403
2026-05-27 23:39:00,89.46,89.46,89.38,89.38,311
2026-05-27 23:40:00,89.4,89.4,89.31,89.33,223
2026-05-27 23:41:00,89.34,89.43,89.34,89.42,221
2026-05-27 23:42:00,89.42,89.48,89.35,89.4,574
2026-05-27 23:43:00,89.4,89.43,89.35,89.37,512
2026-05-27 23:44:00,89.36,89.42,89.35,89.35,294
2026-05-27 23:45:00,89.34,89.37,89.07,89.09,679
2026-05-27 23:46:00,89.1,89.13,89.02,89.11,784
2026-05-27 23:47:00,89.1,89.15,88.79,88.93,928
2026-05-27 23:48:00,88.92,88.97,88.86,88.93,330
2026-05-27 23:49:00,88.94,89.0,88.89,88.94,343
2026-05-27 23:50:00,88.93,88.97,88.85,88.89,618
2026-05-27 23:51:00,88.89,88.94,88.85,88.9,299
2026-05-27 23:52:00,88.9,88.92,88.78,88.88,1074
2026-05-27 23:53:00,88.87,88.88,88.73,88.75,588
2026-05-27 23:54:00,88.75,88.81,88.74,88.77,513
2026-05-27 23:55:00,88.77,88.85,88.75,88.75,665
2026-05-27 23:56:00,88.76,88.81,88.74,88.79,1432
2026-05-27 23:57:00,88.79,88.8,88.57,88.69,2534
2026-05-27 23:58:00,88.7,88.82,88.58,88.69,5889
2026-05-27 23:59:00,88.68,88.71,88.58,88.6,4622
2026-05-28 00:00:00,88.61,88.68,88.48,88.5,1438
2026-05-28 00:01:00,88.51,88.62,88.5,88.59,574
2026-05-28 00:02:00,88.6,88.69,88.58,88.65,532
2026-05-28 00:03:00,88.64,88.81,88.63,88.8,468
2026-05-28 00:04:00,88.81,88.87,88.79,88.86,269
2026-05-28 00:05:00,88.85,88.9,88.84,88.88,167
2026-05-28 00:06:00,88.89,88.97,88.89,88.95,181
2026-05-28 00:07:00,88.95,88.98,88.93,88.97,149
2026-05-28 00:08:00,88.98,88.99,88.86,88.92,270
2026-05-28 00:09:00,88.92,88.92,88.83,88.87,252
2026-05-28 00:10:00,88.88,88.91,88.85,88.87,170
2026-05-28 00:11:00,88.88,88.99,88.88,88.97,195
2026-05-28 00:12:00,88.97,88.98,88.91,88.92,147
2026-05-28 00:13:00,88.94,88.94,88.89,88.93,68
2026-05-28 00:14:00,88.94,89.0,88.94,88.99,85
2026-05-28 00:15:00,88.99,89.01,88.97,89.0,86
2026-05-28 00:16:00,89.01,89.06,88.92,89.04,316
2026-05-28 00:17:00,89.04,89.05,88.96,88.96,112
2026-05-28 00:18:00,88.96,88.98,88.92,88.94,256
2026-05-28 00:19:00,88.94,88.94,88.84,88.85,109
2026-05-28 00:20:00,88.86,88.9,88.84,88.88,247
2026-05-28 00:21:00,88.9,88.98,88.9,88.94,130
2026-05-28 00:22:00,88.95,88.96,88.92,88.92,49
2026-05-28 00:23:00,88.92,88.98,88.92,88.94,47
2026-05-28 00:24:00,88.95,88.96,88.88,88.92,205
2026-05-28 00:25:00,88.92,88.95,88.89,88.92,91
2026-05-28 00:26:00,88.93,88.95,88.92,88.92,125
2026-05-28 00:27:00,88.93,88.96,88.93,88.95,63
2026-05-28 00:28:00,88.96,88.98,88.95,88.97,54
2026-05-28 00:29:00,88.96,88.97,88.92,88.94,99
2026-05-28 00:30:00,88.94,88.94,88.9,88.93,84
2026-05-28 00:31:00,88.91,88.98,88.91,88.94,88
2026-05-28 00:32:00,88.93,88.94,88.89,88.91,52
2026-05-28 00:33:00,88.92,88.92,88.85,88.87,127
2026-05-28 00:34:00,88.89,88.89,88.83,88.83,54
2026-05-28 00:35:00,88.84,88.9,88.84,88.9,51
2026-05-28 00:36:00,88.9,88.95,88.89,88.94,67
2026-05-28 00:37:00,88.94,88.96,88.9,88.95,90
2026-05-28 00:38:00,88.94,88.99,88.94,88.98,48
2026-05-28 00:39:00,88.98,88.98,88.94,88.94,20
2026-05-28 00:40:00,88.95,89.05,88.95,89.04,121
2026-05-28 00:41:00,89.03,89.17,89.02,89.16,248
2026-05-28 00:42:00,89.16,89.18,89.13,89.13,217
2026-05-28 00:43:00,89.13,89.18,89.13,89.16,56
2026-05-28 00:44:00,89.18,89.2,89.16,89.16,68
2026-05-28 00:45:00,89.17,89.19,89.14,89.19,60
2026-05-28 00:46:00,89.18,89.31,89.18,89.28,230
2026-05-28 00:47:00,89.27,89.33,89.26,89.33,110
2026-05-28 00:48:00,89.32,89.33,89.27,89.27,53
2026-05-28 00:49:00,89.27,89.28,89.24,89.25,98
2026-05-28 00:50:00,89.26,89.26,89.22,89.23,27
2026-05-28 00:51:00,89.24,89.25,89.22,89.24,132
2026-05-28 00:52:00,89.24,89.25,89.22,89.23,41
2026-05-28 00:53:00,89.24,89.24,89.18,89.21,46
2026-05-28 00:54:00,89.2,89.25,89.19,89.24,42
2026-05-28 00:55:00,89.25,89.32,89.25,89.29,143
2026-05-28 00:56:00,89.3,89.37,89.29,89.34,120
2026-05-28 00:57:00,89.35,89.41,89.32,89.38,81
2026-05-28 00:58:00,89.36,89.43,89.35,89.37,117
2026-05-28 00:59:00,89.37,89.37,89.34,89.35,24
2026-05-28 01:00:00,89.35,89.35,89.32,89.33,35
2026-05-28 01:01:00,89.33,89.38,89.33,89.38,32
2026-05-28 01:02:00,89.4,89.45,89.18,89.27,777
2026-05-28 01:03:00,89.29,89.29,89.12,89.28,896
2026-05-28 01:04:00,89.29,89.35,89.27,89.35,260
2026-05-28 01:05:00,89.35,89.37,89.32,89.37,68
2026-05-28 01:06:00,89.37,89.44,89.37,89.43,90
2026-05-28 01:07:00,89.42,89.44,89.41,89.43,57
2026-05-28 01:08:00,89.45,89.45,89.42,89.43,116
2026-05-28 01:09:00,89.43,89.45,89.33,89.35,68
2026-05-28 01:10:00,89.36,89.43,89.36,89.4,102
2026-05-28 01:11:00,89.4,89.49,89.4,89.47,86
2026-05-28 01:12:00,89.47,89.47,89.43,89.44,46
2026-05-28 01:13:00,89.44,89.45,89.41,89.42,50
2026-05-28 01:14:00,89.42,89.42,89.38,89.4,64
2026-05-28 01:15:00,89.4,89.41,89.34,89.37,107
2026-05-28 01:16:00,89.37,89.45,89.37,89.43,97
2026-05-28 01:17:00,89.44,89.44,89.38,89.4,102
2026-05-28 01:18:00,89.4,89.44,89.4,89.43,31
2026-05-28 01:19:00,89.43,89.45,89.4,89.45,89
2026-05-28 01:20:00,89.45,89.57,89.45,89.53,305
2026-05-28 01:21:00,89.53,89.56,89.52,89.56,103
2026-05-28 01:22:00,89.54,89.58,89.53,89.54,94
2026-05-28 01:23:00,89.55,89.56,89.53,89.54,73
2026-05-28 01:24:00,89.55,89.56,89.51,89.53,105
2026-05-28 01:25:00,89.53,89.53,89.42,89.43,143
2026-05-28 01:26:00,89.42,89.49,89.37,89.45,241
2026-05-28 01:27:00,89.46,89.49,89.46,89.48,53
2026-05-28 01:28:00,89.47,89.52,89.46,89.51,100
2026-05-28 01:29:00,89.51,89.52,89.42,89.44,148
2026-05-28 01:30:00,89.44,89.45,89.4,89.42,48
2026-05-28 01:31:00,89.44,89.44,89.38,89.39,57
2026-05-28 01:32:00,89.39,89.39,89.34,89.39,45
2026-05-28 01:33:00,89.39,89.45,89.37,89.41,41
2026-05-28 01:34:00,89.42,89.42,89.37,89.37,18
2026-05-28 01:35:00,89.37,89.39,89.35,89.38,84
2026-05-28 01:36:00,89.38,89.38,89.36,89.36,15
2026-05-28 01:37:00,89.34,89.41,89.33,89.35,221
2026-05-28 01:38:00,89.35,89.37,89.3,89.37,33
2026-05-28 01:39:00,89.37,89.37,89.33,89.36,20
2026-05-28 01:40:00,89.36,89.44,89.36,89.42,59
2026-05-28 01:41:00,89.42,89.42,89.37,89.37,26
2026-05-28 01:42:00,89.38,89.43,89.38,89.42,24
2026-05-28 01:43:00,89.42,89.42,89.41,89.42,35
2026-05-28 01:44:00,89.41,89.42,89.41,89.41,7
2026-05-28 01:45:00,89.41,89.44,89.36,89.41,269
2026-05-28 01:46:00,89.4,89.42,89.4,89.41,43
2026-05-28 01:47:00,89.41,89.42,89.4,89.42,69
2026-05-28 01:48:00,89.42,89.44,89.41,89.42,161
2026-05-28 01:49:00,89.42,89.47,89.41,89.47,56
2026-05-28 01:50:00,89.47,89.47,89.45,89.47,30
2026-05-28 01:51:00,89.47,89.47,89.46,89.46,16
2026-05-28 01:52:00,89.45,89.55,89.45,89.55,125
2026-05-28 01:53:00,89.56,89.6,89.55,89.56,217
2026-05-28 01:54:00,89.56,89.57,89.55,89.56,12
2026-05-28 01:55:00,89.55,89.56,89.51,89.51,42
2026-05-28 01:56:00,89.52,89.52,89.51,89.52,30
2026-05-28 01:57:00,89.52,89.52,89.45,89.48,35
2026-05-28 01:58:00,89.49,89.49,89.48,89.49,14
2026-05-28 01:59:00,89.51,89.51,89.5,89.5,14
2026-05-28 02:00:00,89.52,89.57,89.5,89.51,96
2026-05-28 02:01:00,89.51,89.51,89.45,89.45,14
2026-05-28 02:02:00,89.45,89.47,89.44,89.44,17
2026-05-28 02:03:00,89.45,89.46,89.44,89.46,20
2026-05-28 02:04:00,89.45,89.45,89.41,89.45,27
2026-05-28 02:05:00,89.45,89.45,89.42,89.42,55
2026-05-28 02:06:00,89.43,89.43,89.34,89.4,83
2026-05-28 02:07:00,89.41,89.43,89.4,89.42,32
2026-05-28 02:08:00,89.42,89.42,89.41,89.42,31
2026-05-28 02:09:00,89.43,89.48,89.42,89.46,86
2026-05-28 02:10:00,89.49,89.5,89.46,89.47,39
2026-05-28 02:11:00,89.46,89.46,89.44,89.44,35
2026-05-28 02:12:00,89.44,89.45,89.41,89.45,132
2026-05-28 02:13:00,89.43,89.43,89.41,89.41,12
2026-05-28 02:14:00,89.42,89.45,89.41,89.44,25
2026-05-28 02:15:00,89.47,89.48,89.45,89.48,145
2026-05-28 02:16:00,89.5,89.5,89.48,89.48,39
2026-05-28 02:17:00,89.47,89.47,89.41,89.45,166
2026-05-28 02:18:00,89.45,89.47,89.43,89.47,38
2026-05-28 02:19:00,89.45,89.45,89.43,89.44,53
2026-05-28 02:20:00,89.45,89.46,89.43,89.44,42
2026-05-28 02:21:00,89.43,89.48,89.43,89.48,6
2026-05-28 02:22:00,89.46,89.53,89.46,89.53,23
2026-05-28 02:23:00,89.51,89.55,89.49,89.5,24
2026-05-28 02:24:00,89.48,89.48,89.38,89.4,57
2026-05-28 02:25:00,89.39,89.43,89.38,89.42,35
2026-05-28 02:26:00,89.4,89.43,89.38,89.41,10
2026-05-28 02:27:00,89.42,89.43,89.4,89.43,92
2026-05-28 02:28:00,89.41,89.43,89.39,89.39,32
2026-05-28 02:29:00,89.38,89.43,89.38,89.41,81
2026-05-28 03:30:00,89.11,89.32,89.11,89.31,0
2026-05-28 03:31:00,89.35,89.52,89.35,89.45,66
2026-05-28 03:32:00,89.41,89.49,89.41,89.49,32
2026-05-28 03:33:00,89.49,89.52,89.46,89.5,93
2026-05-28 03:34:00,89.5,89.5,89.46,89.46,23
2026-05-28 03:35:00,89.46,89.52,89.42,89.42,63
2026-05-28 03:36:00,89.45,89.51,89.45,89.51,14
2026-05-28 03:37:00,89.51,89.51,89.5,89.5,5
2026-05-28 03:38:00,89.5,89.5,89.5,89.5,1
2026-05-28 03:39:00,89.51,89.52,89.48,89.51,6
2026-05-28 03:40:00,89.48,89.59,89.48,89.55,21
2026-05-28 03:41:00,89.57,89.57,89.53,89.53,8
2026-05-28 03:42:00,89.5,89.56,89.48,89.56,13
2026-05-28 03:43:00,89.55,89.55,89.5,89.5,2
2026-05-28 03:44:00,89.53,89.54,89.53,89.54,2
2026-05-28 03:45:00,89.49,89.49,89.48,89.48,4
2026-05-28 03:47:00,89.51,89.51,89.48,89.48,2
2026-05-28 03:48:00,89.48,89.5,89.48,89.49,4
2026-05-28 03:49:00,89.49,89.52,89.49,89.52,4
2026-05-28 03:50:00,89.5,89.52,89.49,89.51,27
2026-05-28 03:51:00,89.52,89.61,89.52,89.61,37
2026-05-28 03:52:00,89.59,89.6,89.52,89.53,54
2026-05-28 03:53:00,89.57,89.57,89.53,89.54,4
2026-05-28 03:54:00,89.57,89.57,89.55,89.55,5
2026-05-28 03:55:00,89.57,89.72,89.57,89.69,156
2026-05-28 03:56:00,89.66,89.74,89.66,89.68,25
2026-05-28 03:57:00,89.71,89.72,89.65,89.68,26
2026-05-28 03:58:00,89.66,89.86,89.66,89.79,111
2026-05-28 03:59:00,89.82,89.87,89.79,89.84,46
2026-05-28 04:00:00,89.83,90.08,89.8,89.95,230
2026-05-28 04:01:00,89.93,89.93,89.8,89.8,116
2026-05-28 04:02:00,89.82,89.87,89.8,89.85,56
2026-05-28 04:03:00,89.85,89.91,89.84,89.87,37
2026-05-28 04:04:00,89.88,89.88,89.81,89.81,19
2026-05-28 04:05:00,89.83,89.88,89.76,89.81,104
2026-05-28 04:06:00,89.83,89.86,89.78,89.83,55
2026-05-28 04:07:00,89.85,89.86,89.74,89.77,42
2026-05-28 04:08:00,89.75,89.78,89.65,89.69,51
2026-05-28 04:09:00,89.7,89.73,89.68,89.73,57
2026-05-28 04:10:00,89.71,89.71,89.41,89.46,143
2026-05-28 04:11:00,89.49,89.58,89.49,89.58,20
2026-05-28 04:12:00,89.6,89.62,89.54,89.62,47
2026-05-28 04:13:00,89.63,89.64,89.59,89.59,22
2026-05-28 04:14:00,89.59,89.63,89.59,89.62,7
2026-05-28 04:15:00,89.63,89.65,89.63,89.63,7
2026-05-28 04:16:00,89.63,89.63,89.6,89.62,11
2026-05-28 04:17:00,89.6,89.64,89.59,89.62,13
2026-05-28 04:19:00,89.59,89.61,89.58,89.58,6
2026-05-28 04:20:00,89.57,89.65,89.56,89.65,16
2026-05-28 04:21:00,89.66,89.66,89.52,89.54,19
2026-05-28 04:22:00,89.54,89.62,89.53,89.62,9
2026-05-28 04:23:00,89.6,89.6,89.59,89.59,4
2026-05-28 04:24:00,89.58,89.6,89.55,89.6,11
2026-05-28 04:25:00,89.65,89.66,89.62,89.62,15
2026-05-28 04:26:00,89.63,89.63,89.63,89.63,2
2026-05-28 04:27:00,89.65,89.69,89.62,89.69,32
2026-05-28 04:28:00,89.69,89.74,89.68,89.73,20
2026-05-28 04:29:00,89.73,89.75,89.7,89.7,6
2026-05-28 04:30:00,89.75,89.75,89.7,89.7,18
2026-05-28 04:31:00,89.73,89.74,89.7,89.7,10
2026-05-28 04:32:00,89.74,89.74,89.7,89.71,7
2026-05-28 04:33:00,89.71,89.71,89.71,89.71,2
2026-05-28 04:34:00,89.7,89.71,89.7,89.7,6
2026-05-28 04:35:00,89.71,89.73,89.7,89.7,9
2026-05-28 04:36:00,89.7,89.77,89.7,89.74,21
2026-05-28 04:38:00,89.74,89.75,89.72,89.75,10
2026-05-28 04:39:00,89.75,89.79,89.75,89.77,11
2026-05-28 04:40:00,89.79,89.79,89.78,89.79,13
2026-05-28 04:41:00,89.76,89.76,89.73,89.74,15
2026-05-28 04:42:00,89.77,89.77,89.77,89.77,1
2026-05-28 04:43:00,89.77,89.77,89.72,89.76,4
2026-05-28 04:44:00,89.79,89.79,89.79,89.79,1
2026-05-28 04:45:00,89.79,89.84,89.76,89.8,61
2026-05-28 04:46:00,89.78,89.88,89.61,89.65,108
2026-05-28 04:47:00,89.66,89.71,89.65,89.65,17
2026-05-28 04:48:00,89.62,89.73,89.62,89.73,29
2026-05-28 04:49:00,89.72,89.77,89.71,89.77,10
2026-05-28 04:50:00,89.78,89.85,89.73,89.84,42
2026-05-28 04:51:00,89.8,89.96,89.8,89.94,57
2026-05-28 04:52:00,89.94,90.05,89.92,89.97,85
2026-05-28 04:53:00,89.97,89.97,89.93,89.95,70
2026-05-28 04:54:00,89.95,89.95,89.86,89.95,32
2026-05-28 04:55:00,89.95,90.05,89.95,89.96,134
2026-05-28 04:56:00,89.97,90.16,89.97,90.08,74
2026-05-28 04:57:00,90.12,90.17,90.06,90.1,147
2026-05-28 04:58:00,90.1,90.11,90.07,90.09,20
2026-05-28 04:59:00,90.07,90.07,89.97,89.99,59
2026-05-28 05:00:00,89.99,90.01,89.98,90.0,36
2026-05-28 05:01:00,90.0,90.0,89.89,89.92,102
2026-05-28 05:02:00,89.92,89.97,89.92,89.97,13
2026-05-28 05:03:00,89.97,90.13,89.94,89.94,143
2026-05-28 05:04:00,89.95,89.95,89.91,89.93,17
2026-05-28 05:05:00,89.93,89.98,89.9,89.92,60
2026-05-28 05:06:00,89.93,90.0,89.91,89.95,56
2026-05-28 05:07:00,89.98,89.98,89.95,89.96,17
2026-05-28 05:08:00,89.96,89.98,89.94,89.96,23
2026-05-28 05:09:00,89.95,89.96,89.94,89.94,13
2026-05-28 05:10:00,89.95,89.96,89.93,89.96,12
2026-05-28 05:11:00,89.95,89.97,89.93,89.95,22
2026-05-28 05:12:00,89.96,89.97,89.93,89.94,21
2026-05-28 05:13:00,89.97,90.0,89.96,89.96,52
2026-05-28 05:14:00,89.96,89.99,89.94,89.98,17
2026-05-28 05:15:00,90.0,90.11,90.0,90.11,31
2026-05-28 05:16:00,90.11,90.18,90.11,90.16,64
2026-05-28 05:17:00,90.16,90.25,90.14,90.16,96
2026-05-28 05:18:00,90.16,90.19,90.13,90.18,32
2026-05-28 05:19:00,90.18,90.2,90.15,90.2,32
2026-05-28 05:20:00,90.2,90.22,90.19,90.22,33
2026-05-28 05:21:00,90.21,90.29,90.19,90.26,191
2026-05-28 05:22:00,90.24,90.36,90.21,90.33,201
2026-05-28 05:23:00,90.36,90.4,90.32,90.38,53
2026-05-28 05:24:00,90.39,90.39,90.35,90.37,67
2026-05-28 05:25:00,90.37,90.37,90.25,90.27,63
2026-05-28 05:26:00,90.27,90.28,90.15,90.2,118
2026-05-28 05:27:00,90.2,90.2,90.1,90.15,169
2026-05-28 05:28:00,90.16,90.16,90.1,90.14,11
2026-05-28 05:29:00,90.14,90.2,90.12,90.2,12
2026-05-28 05:30:00,90.21,90.38,90.18,90.36,453
2026-05-28 05:31:00,90.34,90.5,90.34,90.37,319
2026-05-28 05:32:00,90.33,90.45,90.3,90.33,290
2026-05-28 05:33:00,90.33,90.35,90.27,90.29,97
2026-05-28 05:34:00,90.3,90.36,90.29,90.31,124
2026-05-28 05:35:00,90.3,90.32,90.26,90.29,65
2026-05-28 05:36:00,90.27,90.41,90.26,90.39,91
2026-05-28 05:37:00,90.36,90.39,90.34,90.37,52
2026-05-28 05:38:00,90.33,90.37,90.33,90.34,52
2026-05-28 05:39:00,90.34,90.35,90.32,90.35,15
2026-05-28 05:40:00,90.36,90.36,90.31,90.33,18
2026-05-28 05:41:00,90.32,90.37,90.32,90.36,9
2026-05-28 05:42:00,90.36,90.37,90.34,90.37,21
2026-05-28 05:43:00,90.37,90.43,90.37,90.39,53
2026-05-28 05:44:00,90.39,90.43,90.39,90.39,33
2026-05-28 05:45:00,90.4,90.41,90.33,90.39,49
2026-05-28 05:46:00,90.4,90.43,90.4,90.41,26
2026-05-28 05:47:00,90.41,90.45,90.39,90.41,43
2026-05-28 05:48:00,90.4,90.45,90.4,90.44,13
2026-05-28 05:49:00,90.41,90.46,90.39,90.44,51
2026-05-28 05:50:00,90.46,90.48,90.42,90.42,86
2026-05-28 05:51:00,90.41,90.41,90.38,90.4,44
2026-05-28 05:52:00,90.38,90.42,90.36,90.41,36
2026-05-28 05:53:00,90.41,90.48,90.41,90.46,55
2026-05-28 05:54:00,90.48,90.64,90.45,90.56,259
2026-05-28 05:55:00,90.56,90.69,90.53,90.56,161
2026-05-28 05:56:00,90.58,90.58,90.5,90.55,58
2026-05-28 05:57:00,90.55,90.55,90.36,90.4,173
2026-05-28 05:58:00,90.4,90.4,90.29,90.34,96
2026-05-28 05:59:00,90.36,90.36,90.26,90.29,47
2026-05-28 06:00:00,90.31,90.4,90.31,90.37,36
2026-05-28 06:01:00,90.4,90.47,90.38,90.46,32
2026-05-28 06:02:00,90.46,90.55,90.44,90.52,94
2026-05-28 06:03:00,90.5,90.57,90.47,90.51,98
2026-05-28 06:04:00,90.54,90.55,90.52,90.55,29
2026-05-28 06:05:00,90.54,90.56,90.52,90.53,36
2026-05-28 06:06:00,90.54,90.58,90.54,90.56,29
2026-05-28 06:07:00,90.56,90.59,90.52,90.57,51
2026-05-28 06:08:00,90.58,90.61,90.56,90.59,24
2026-05-28 06:09:00,90.61,90.66,90.58,90.66,34
2026-05-28 06:10:00,90.64,90.64,90.62,90.62,9
2026-05-28 06:11:00,90.61,90.63,90.61,90.62,14
2026-05-28 06:12:00,90.64,90.65,90.61,90.61,21
2026-05-28 06:13:00,90.61,90.64,90.58,90.64,40
2026-05-28 06:14:00,90.62,90.62,90.57,90.57,19
2026-05-28 06:15:00,90.59,90.59,90.55,90.55,15
2026-05-28 06:16:00,90.55,90.55,90.47,90.49,48
2026-05-28 06:17:00,90.5,90.56,90.5,90.56,36
2026-05-28 06:18:00,90.56,90.57,90.55,90.57,16
2026-05-28 06:19:00,90.58,90.59,90.56,90.56,24
2026-05-28 06:20:00,90.56,90.58,90.48,90.49,55
2026-05-28 06:21:00,90.5,90.56,90.45,90.53,137
2026-05-28 06:22:00,90.53,90.53,90.49,90.49,82
2026-05-28 06:23:00,90.5,90.54,90.48,90.48,60
2026-05-28 06:24:00,90.47,90.5,90.41,90.43,70
2026-05-28 06:25:00,90.42,90.52,90.36,90.52,177
2026-05-28 06:26:00,90.52,90.62,90.48,90.59,78
2026-05-28 06:27:00,90.58,90.59,90.56,90.57,26
2026-05-28 06:28:00,90.57,90.58,90.44,90.44,75
2026-05-28 06:29:00,90.44,90.55,90.44,90.48,102
2026-05-28 06:30:00,90.46,90.48,90.23,90.43,308
2026-05-28 06:31:00,90.44,90.46,90.3,90.35,105
2026-05-28 06:32:00,90.35,90.4,90.29,90.32,55
2026-05-28 06:33:00,90.34,90.41,90.34,90.36,51
2026-05-28 06:34:00,90.36,90.36,90.3,90.31,93
2026-05-28 06:35:00,90.33,90.33,90.27,90.31,40
2026-05-28 06:36:00,90.3,90.33,90.21,90.28,82
2026-05-28 06:37:00,90.27,90.3,90.25,90.3,47
2026-05-28 06:38:00,90.31,90.31,90.22,90.26,100
2026-05-28 06:39:00,90.28,90.3,90.25,90.28,32
2026-05-28 06:40:00,90.3,90.3,90.15,90.15,56
2026-05-28 06:41:00,90.17,90.24,90.16,90.18,61
2026-05-28 06:42:00,90.19,90.23,90.19,90.23,29
2026-05-28 06:43:00,90.21,90.28,90.21,90.24,33
2026-05-28 06:44:00,90.22,90.31,90.22,90.29,69
2026-05-28 06:45:00,90.29,90.3,90.23,90.28,52
2026-05-28 06:46:00,90.27,90.28,90.24,90.24,27
2026-05-28 06:47:00,90.24,90.26,90.18,90.19,52
2026-05-28 06:48:00,90.21,90.22,90.07,90.09,115
2026-05-28 06:49:00,90.09,90.09,90.05,90.08,149
2026-05-28 06:50:00,90.09,90.2,90.09,90.18,83
2026-05-28 06:51:00,90.17,90.18,90.14,90.17,24
2026-05-28 06:52:00,90.17,90.27,90.16,90.21,73
2026-05-28 06:53:00,90.2,90.22,90.15,90.18,27
2026-05-28 06:54:00,90.17,90.17,90.13,90.14,14
2026-05-28 06:55:00,90.12,90.14,90.1,90.13,31
2026-05-28 06:56:00,90.15,90.19,90.13,90.18,39
2026-05-28 06:57:00,90.18,90.19,90.16,90.19,22
2026-05-28 06:58:00,90.18,90.18,90.13,90.14,22
2026-05-28 06:59:00,90.14,90.16,90.09,90.1,39
2026-05-28 07:00:00,90.11,90.14,90.05,90.11,84
2026-05-28 07:01:00,90.11,90.12,89.97,90.03,123
2026-05-28 07:02:00,90.04,90.1,90.03,90.09,35
2026-05-28 07:03:00,90.1,90.1,90.07,90.08,19
2026-05-28 07:04:00,90.09,90.19,90.09,90.17,30
2026-05-28 07:05:00,90.17,90.18,90.13,90.15,44
2026-05-28 07:06:00,90.14,90.18,90.14,90.18,5
2026-05-28 07:07:00,90.19,90.25,90.17,90.17,49
2026-05-28 07:08:00,90.18,90.18,90.15,90.16,21
2026-05-28 07:09:00,90.21,90.21,90.19,90.21,11
2026-05-28 07:10:00,90.2,90.24,90.2,90.23,8
2026-05-28 07:11:00,90.24,90.3,90.24,90.3,58
2026-05-28 07:12:00,90.31,90.33,90.31,90.32,21
2026-05-28 07:13:00,90.33,90.35,90.24,90.28,51
2026-05-28 07:14:00,90.28,90.28,90.2,90.26,43
2026-05-28 07:15:00,90.26,90.3,90.26,90.3,33
2026-05-28 07:16:00,90.3,90.38,90.3,90.38,28
2026-05-28 07:17:00,90.38,90.38,90.35,90.37,17
2026-05-28 07:18:00,90.37,90.37,90.34,90.36,8
2026-05-28 07:19:00,90.35,90.36,90.32,90.35,11
2026-05-28 07:20:00,90.34,90.36,90.33,90.35,19
2026-05-28 07:21:00,90.37,90.42,90.34,90.34,39
2026-05-28 07:22:00,90.34,90.34,90.3,90.32,35
2026-05-28 07:23:00,90.33,90.33,90.29,90.33,15
2026-05-28 07:24:00,90.31,90.31,90.24,90.26,61
2026-05-28 07:25:00,90.26,90.3,90.21,90.23,178
2026-05-28 07:26:00,90.23,90.23,90.18,90.2,43
2026-05-28 07:27:00,90.21,90.23,90.16,90.16,25
2026-05-28 07:28:00,90.18,90.21,90.18,90.19,18
2026-05-28 07:29:00,90.19,90.19,90.18,90.18,14
2026-05-28 07:30:00,90.17,90.21,90.11,90.2,53
2026-05-28 07:31:00,90.21,90.21,90.18,90.2,17
2026-05-28 07:32:00,90.21,90.25,90.21,90.21,174
2026-05-28 07:33:00,90.19,90.2,90.18,90.19,21
2026-05-28 07:34:00,90.21,90.22,90.19,90.22,21
2026-05-28 07:35:00,90.2,90.22,90.2,90.2,36
2026-05-28 07:36:00,90.21,90.23,90.2,90.2,14
2026-05-28 07:37:00,90.2,90.25,90.19,90.23,38
2026-05-28 07:38:00,90.24,90.29,90.24,90.29,18
2026-05-28 07:39:00,90.28,90.29,90.21,90.21,35
2026-05-28 07:40:00,90.2,90.23,90.16,90.21,38
2026-05-28 07:41:00,90.21,90.21,90.2,90.2,15
2026-05-28 07:42:00,90.2,90.2,90.17,90.19,12
2026-05-28 07:43:00,90.17,90.17,90.07,90.08,57
2026-05-28 07:44:00,90.1,90.12,90.04,90.05,32
2026-05-28 07:45:00,90.09,90.09,90.08,90.08,11
2026-05-28 07:46:00,90.09,90.14,90.07,90.13,18
2026-05-28 07:47:00,90.14,90.2,90.14,90.2,40
2026-05-28 07:48:00,90.2,90.22,90.17,90.17,17
2026-05-28 07:49:00,90.17,90.17,90.17,90.17,14
2026-05-28 07:50:00,90.16,90.16,90.13,90.15,14
2026-05-28 07:51:00,90.17,90.19,90.17,90.19,4
2026-05-28 07:52:00,90.18,90.2,90.17,90.2,24
2026-05-28 07:53:00,90.18,90.18,90.16,90.16,13
2026-05-28 07:54:00,90.17,90.18,90.16,90.16,11
2026-05-28 07:55:00,90.15,90.19,90.13,90.15,32
2026-05-28 07:56:00,90.15,90.21,90.15,90.21,32
2026-05-28 07:57:00,90.2,90.2,90.19,90.2,7
2026-05-28 07:58:00,90.21,90.23,90.21,90.23,12
2026-05-28 07:59:00,90.23,90.23,90.19,90.19,9
2026-05-28 08:00:00,90.21,90.21,89.93,89.98,162
2026-05-28 08:01:00,89.99,90.06,89.94,89.98,72
2026-05-28 08:02:00,89.98,89.98,89.94,89.98,44
2026-05-28 08:03:00,89.97,90.01,89.95,89.98,20
2026-05-28 08:04:00,90.02,90.09,90.0,90.07,65
2026-05-28 08:05:00,90.08,90.13,90.08,90.11,59
2026-05-28 08:06:00,90.11,90.26,90.11,90.24,88
2026-05-28 08:07:00,90.22,90.27,90.2,90.26,25
2026-05-28 08:08:00,90.26,90.38,90.26,90.36,70
2026-05-28 08:09:00,90.35,90.35,90.3,90.3,12
2026-05-28 08:10:00,90.29,90.38,90.28,90.37,29
2026-05-28 08:11:00,90.36,90.56,90.36,90.48,224
2026-05-28 08:12:00,90.49,90.53,90.47,90.52,37
2026-05-28 08:13:00,90.52,90.66,90.5,90.64,90
2026-05-28 08:14:00,90.61,90.64,90.55,90.6,46
2026-05-28 08:15:00,90.59,90.62,90.55,90.61,50
2026-05-28 08:16:00,90.59,90.69,90.59,90.69,144
2026-05-28 08:17:00,90.67,90.85,90.62,90.78,272
2026-05-28 08:18:00,90.77,90.84,90.66,90.72,81
2026-05-28 08:19:00,90.7,90.7,90.59,90.66,54
2026-05-28 08:20:00,90.64,90.73,90.62,90.73,112
2026-05-28 08:21:00,90.7,90.74,90.67,90.74,54
2026-05-28 08:22:00,90.75,90.83,90.71,90.81,97
2026-05-28 08:23:00,90.81,90.82,90.74,90.76,40
2026-05-28 08:24:00,90.77,90.9,90.77,90.78,114
2026-05-28 08:25:00,90.79,90.82,90.78,90.81,45
2026-05-28 08:26:00,90.79,90.79,90.74,90.78,61
2026-05-28 08:27:00,90.78,90.85,90.78,90.82,48
2026-05-28 08:28:00,90.81,90.89,90.8,90.88,176
2026-05-28 08:29:00,90.86,90.97,90.86,90.94,207
2026-05-28 08:30:00,90.94,91.02,90.91,90.94,398
2026-05-28 08:31:00,90.94,91.1,90.93,91.02,273
2026-05-28 08:32:00,91.02,91.03,90.86,90.9,229
2026-05-28 08:33:00,90.89,90.96,90.89,90.94,109
2026-05-28 08:34:00,90.93,91.01,90.93,90.97,31
2026-05-28 08:35:00,90.96,90.99,90.93,90.97,49
2026-05-28 08:36:00,90.95,91.02,90.94,90.99,49
2026-05-28 08:37:00,90.98,91.02,90.96,91.0,60
2026-05-28 08:38:00,90.99,91.06,90.99,91.06,80
2026-05-28 08:39:00,91.04,91.09,91.04,91.07,50
2026-05-28 08:40:00,91.06,91.07,91.0,91.07,46
2026-05-28 08:41:00,91.07,91.43,91.07,91.35,451
2026-05-28 08:42:00,91.31,91.34,91.22,91.27,112
2026-05-28 08:43:00,91.3,91.34,91.27,91.3,73
2026-05-28 08:44:00,91.3,91.56,91.3,91.5,368
2026-05-28 08:45:00,91.5,91.65,91.46,91.56,188
2026-05-28 08:46:00,91.56,91.6,91.51,91.55,92
2026-05-28 08:47:00,91.54,91.72,91.49,91.71,154
2026-05-28 08:48:00,91.7,91.8,91.65,91.8,135
2026-05-28 08:49:00,91.79,91.91,91.64,91.66,362
2026-05-28 08:50:00,91.65,91.73,91.6,91.72,115
2026-05-28 08:51:00,91.7,91.71,91.64,91.68,93
2026-05-28 08:52:00,91.67,91.77,91.64,91.69,96
2026-05-28 08:53:00,91.65,91.75,91.65,91.74,115
2026-05-28 08:54:00,91.7,91.77,91.62,91.65,112
2026-05-28 08:55:00,91.63,91.65,91.47,91.51,214
2026-05-28 08:56:00,91.53,91.58,91.38,91.48,222
2026-05-28 08:57:00,91.49,91.53,91.46,91.46,98
2026-05-28 08:58:00,91.48,91.48,91.39,91.4,105
2026-05-28 08:59:00,91.43,91.48,91.39,91.44,58
2026-05-28 09:00:00,91.42,91.6,91.42,91.52,83
2026-05-28 09:01:00,91.52,91.59,91.5,91.58,55
2026-05-28 09:02:00,91.61,91.73,91.58,91.72,109
2026-05-28 09:03:00,91.7,91.8,91.66,91.76,154
2026-05-28 09:04:00,91.76,91.96,91.73,91.93,198
2026-05-28 09:05:00,91.93,92.04,91.88,91.91,412
2026-05-28 09:06:00,91.92,92.0,91.91,91.96,77
2026-05-28 09:07:00,91.94,91.98,91.9,91.95,116
2026-05-28 09:08:00,91.94,92.07,91.93,92.0,82
2026-05-28 09:09:00,92.01,92.06,91.95,91.98,71
2026-05-28 09:10:00,91.97,92.0,91.94,91.97,55
2026-05-28 09:11:00,91.99,92.08,91.96,92.07,68
2026-05-28 09:12:00,92.06,92.13,92.04,92.06,213
2026-05-28 09:13:00,92.05,92.05,91.98,91.99,138
2026-05-28 09:14:00,92.0,92.05,92.0,92.02,42
2026-05-28 09:15:00,92.04,92.07,91.96,92.04,93
2026-05-28 09:16:00,92.04,92.06,91.98,92.02,69
2026-05-28 09:17:00,92.0,92.14,91.99,92.01,228
2026-05-28 09:18:00,92.0,92.05,91.98,92.02,67
2026-05-28 09:19:00,92.03,92.09,92.02,92.05,79
2026-05-28 09:20:00,92.06,92.1,92.04,92.09,50
2026-05-28 09:21:00,92.09,92.09,92.01,92.02,48
2026-05-28 09:22:00,92.03,92.07,92.03,92.05,33
2026-05-28 09:23:00,92.04,92.06,92.0,92.03,64
2026-05-28 09:24:00,92.01,92.03,91.98,92.02,71
2026-05-28 09:25:00,92.02,92.11,92.02,92.1,42
2026-05-28 09:26:00,92.09,92.21,92.09,92.18,117
2026-05-28 09:27:00,92.19,92.2,92.13,92.15,65
2026-05-28 09:28:00,92.15,92.15,92.08,92.1,50
2026-05-28 09:30:00,92.2,92.33,92.18,92.29,163
2026-05-28 09:31:00,92.28,92.41,92.28,92.32,142
2026-05-28 09:32:00,92.31,92.32,92.28,92.29,41
2026-05-28 09:33:00,92.29,92.35,92.26,92.33,38
2026-05-28 09:34:00,92.34,92.34,92.3,92.33,38
2026-05-28 09:35:00,92.3,92.33,92.29,92.3,26
2026-05-28 09:36:00,92.29,92.29,92.18,92.2,103
2026-05-28 09:37:00,92.18,92.18,92.06,92.11,161
2026-05-28 09:38:00,92.1,92.1,91.99,92.05,73
2026-05-28 09:39:00,92.05,92.11,92.04,92.07,45
2026-05-28 09:40:00,92.07,92.13,92.07,92.12,45
2026-05-28 09:41:00,92.12,92.21,92.12,92.19,50
2026-05-28 09:42:00,92.18,92.24,92.17,92.21,94
2026-05-28 09:43:00,92.22,92.28,92.22,92.27,48
2026-05-28 09:44:00,92.27,92.29,92.17,92.18,81
2026-05-28 09:45:00,92.2,92.24,92.16,92.2,58
2026-05-28 09:46:00,92.21,92.23,92.19,92.2,34
2026-05-28 09:47:00,92.2,92.27,92.2,92.21,58
2026-05-28 09:48:00,92.23,92.34,92.23,92.32,57
2026-05-28 09:49:00,92.3,92.32,92.24,92.31,47
2026-05-28 09:50:00,92.3,92.33,92.29,92.32,43
2026-05-28 09:51:00,92.33,92.36,92.3,92.32,46
2026-05-28 09:52:00,92.32,92.32,92.26,92.32,33
2026-05-28 09:53:00,92.3,92.35,92.28,92.34,42
2026-05-28 09:54:00,92.34,92.36,92.26,92.35,60
2026-05-28 09:55:00,92.35,92.35,92.28,92.34,74
2026-05-28 09:56:00,92.35,92.52,92.35,92.47,261
2026-05-28 09:57:00,92.47,92.52,92.45,92.52,88
2026-05-28 09:58:00,92.5,92.51,92.43,92.44,84
2026-05-28 09:59:00,92.42,92.44,92.4,92.42,34
2026-05-28 10:00:00,92.41,92.42,92.34,92.36,51
2026-05-28 10:01:00,92.34,92.37,92.31,92.35,46
2026-05-28 10:02:00,92.35,92.35,92.23,92.24,78
2026-05-28 10:03:00,92.28,92.32,92.26,92.31,21
2026-05-28 10:04:00,92.32,92.35,92.3,92.3,26
2026-05-28 10:05:00,92.3,92.31,92.24,92.25,48
2026-05-28 10:06:00,92.25,92.26,92.22,92.23,29
2026-05-28 10:07:00,92.24,92.24,92.2,92.21,28
2026-05-28 10:08:00,92.2,92.26,92.19,92.24,76
2026-05-28 10:09:00,92.25,92.26,92.17,92.19,94
2026-05-28 10:10:00,92.16,92.17,92.08,92.13,85
2026-05-28 10:11:00,92.13,92.17,92.12,92.15,20
2026-05-28 10:12:00,92.18,92.21,92.17,92.18,64
2026-05-28 10:13:00,92.17,92.18,92.15,92.15,26
2026-05-28 10:14:00,92.15,92.22,92.15,92.22,23
2026-05-28 10:15:00,92.22,92.22,92.19,92.19,13
2026-05-28 10:16:00,92.19,92.19,92.17,92.19,17
2026-05-28 10:17:00,92.19,92.19,92.16,92.17,15
2026-05-28 10:18:00,92.17,92.17,92.15,92.16,14
2026-05-28 10:19:00,92.17,92.2,92.12,92.13,74
2026-05-28 10:20:00,92.12,92.13,92.1,92.13,23
2026-05-28 10:21:00,92.14,92.14,92.01,92.1,103
2026-05-28 10:22:00,92.1,92.11,92.07,92.08,63
2026-05-28 10:23:00,92.1,92.17,92.1,92.15,44
2026-05-28 10:24:00,92.14,92.15,92.12,92.15,14
2026-05-28 10:25:00,92.18,92.18,92.11,92.16,54
2026-05-28 10:26:00,92.16,92.19,92.14,92.17,51
2026-05-28 10:27:00,92.19,92.19,92.16,92.16,18
2026-05-28 10:28:00,92.15,92.17,92.12,92.13,36
2026-05-28 10:29:00,92.14,92.19,92.14,92.17,35
2026-05-28 10:30:00,92.14,92.17,92.13,92.16,27
2026-05-28 10:31:00,92.17,92.19,92.15,92.17,17
2026-05-28 10:32:00,92.18,92.23,92.15,92.17,77
2026-05-28 10:33:00,92.16,92.17,92.11,92.12,70
2026-05-28 10:34:00,92.12,92.12,92.08,92.1,30
2026-05-28 10:35:00,92.1,92.11,92.09,92.09,17
2026-05-28 10:36:00,92.09,92.1,92.01,92.01,64
2026-05-28 10:37:00,92.0,92.08,91.92,92.06,110
2026-05-28 10:38:00,92.06,92.07,92.05,92.07,10
2026-05-28 10:39:00,92.06,92.09,92.03,92.04,51
2026-05-28 10:40:00,92.03,92.03,91.96,91.97,74
2026-05-28 10:41:00,91.97,92.02,91.96,92.0,95
2026-05-28 10:42:00,92.0,92.0,91.98,91.99,10
2026-05-28 10:43:00,92.0,92.05,91.98,92.03,39
2026-05-28 10:44:00,92.02,92.04,92.0,92.01,58
2026-05-28 10:45:00,92.01,92.06,92.0,92.06,26
2026-05-28 10:46:00,92.06,92.08,92.01,92.03,72
2026-05-28 10:47:00,92.02,92.02,91.97,91.99,30
2026-05-28 10:48:00,92.0,92.01,91.98,91.99,11
2026-05-28 10:49:00,92.0,92.01,92.0,92.0,6
2026-05-28 10:50:00,92.0,92.03,91.98,91.99,77
2026-05-28 10:51:00,92.0,92.02,91.97,91.99,163
2026-05-28 10:52:00,91.98,92.03,91.98,92.01,22
2026-05-28 10:53:00,92.02,92.09,92.01,92.09,42
2026-05-28 10:54:00,92.08,92.08,92.03,92.04,29
2026-05-28 10:55:00,92.03,92.03,91.93,92.01,82
2026-05-28 10:56:00,92.02,92.03,92.0,92.0,25
2026-05-28 10:57:00,91.99,92.01,91.94,92.01,71
2026-05-28 10:58:00,92.01,92.03,92.0,92.03,26
2026-05-28 10:59:00,92.02,92.02,92.0,92.02,42
2026-05-28 11:00:00,92.01,92.01,91.58,91.62,327
2026-05-28 11:01:00,91.61,91.73,91.61,91.7,212
2026-05-28 11:02:00,91.7,91.78,91.69,91.74,73
2026-05-28 11:03:00,91.72,91.72,91.57,91.66,156
2026-05-28 11:04:00,91.67,91.7,91.6,91.63,41
2026-05-28 11:05:00,91.62,91.68,91.52,91.54,142
2026-05-28 11:06:00,91.54,91.64,91.52,91.61,74
2026-05-28 11:07:00,91.61,91.79,91.6,91.77,101
2026-05-28 11:08:00,91.74,91.77,91.68,91.72,74
2026-05-28 11:09:00,91.72,91.72,91.41,91.45,212
2026-05-28 11:10:00,91.44,91.63,91.42,91.59,117
2026-05-28 11:11:00,91.61,91.65,91.54,91.56,35
2026-05-28 11:12:00,91.54,91.57,91.51,91.57,50
2026-05-28 11:13:00,91.57,91.66,91.57,91.65,110
2026-05-28 11:14:00,91.66,91.7,91.65,91.7,71
2026-05-28 11:15:00,91.68,91.69,91.66,91.69,13
2026-05-28 11:16:00,91.68,91.7,91.65,91.66,35
2026-05-28 11:17:00,91.66,91.67,91.59,91.6,34
2026-05-28 11:18:00,91.62,91.63,91.58,91.58,35
2026-05-28 11:19:00,91.59,91.59,91.54,91.58,54
2026-05-28 11:20:00,91.59,91.59,91.53,91.58,44
2026-05-28 11:21:00,91.57,91.61,91.54,91.54,36
2026-05-28 11:22:00,91.55,91.57,91.55,91.57,11
2026-05-28 11:23:00,91.56,91.56,91.53,91.54,53
2026-05-28 11:24:00,91.54,91.54,91.45,91.49,51
2026-05-28 11:25:00,91.5,91.53,91.5,91.53,25
2026-05-28 11:26:00,91.51,91.53,91.51,91.52,11
2026-05-28 11:27:00,91.53,91.56,91.53,91.56,11
2026-05-28 11:28:00,91.57,91.58,91.55,91.55,21
2026-05-28 11:29:00,91.56,91.6,91.56,91.58,29
2026-05-28 11:30:00,91.57,91.58,91.5,91.54,54
2026-05-28 11:31:00,91.56,91.62,91.54,91.58,26
2026-05-28 11:32:00,91.59,91.59,91.53,91.53,29
2026-05-28 11:33:00,91.54,91.56,91.47,91.49,42
2026-05-28 11:34:00,91.48,91.5,91.32,91.36,101
2026-05-28 11:35:00,91.36,91.37,91.29,91.32,81
2026-05-28 11:36:00,91.32,91.37,91.28,91.28,88
2026-05-28 11:37:00,91.27,91.28,91.22,91.26,78
2026-05-28 11:38:00,91.28,91.28,91.22,91.26,71
2026-05-28 11:39:00,91.27,91.37,91.27,91.36,64
2026-05-28 11:40:00,91.37,91.39,91.33,91.36,55
2026-05-28 11:41:00,91.36,91.39,91.33,91.37,47
2026-05-28 11:42:00,91.38,91.38,91.32,91.32,28
2026-05-28 11:43:00,91.32,91.35,91.26,91.35,101
2026-05-28 11:44:00,91.34,91.39,91.33,91.36,61
2026-05-28 11:45:00,91.36,91.36,91.3,91.35,47
2026-05-28 11:46:00,91.36,91.44,91.35,91.41,38
2026-05-28 11:47:00,91.42,91.42,91.35,91.36,31
2026-05-28 11:48:00,91.37,91.38,91.32,91.33,41
2026-05-28 11:49:00,91.35,91.35,91.29,91.33,29
2026-05-28 11:50:00,91.33,91.34,91.32,91.33,14
2026-05-28 11:51:00,91.32,91.39,91.25,91.28,78
2026-05-28 11:52:00,91.29,91.4,91.27,91.38,74
2026-05-28 11:53:00,91.39,91.43,91.37,91.42,90
2026-05-28 11:54:00,91.41,91.43,91.4,91.43,61
2026-05-28 11:55:00,91.43,91.43,91.33,91.39,86
2026-05-28 11:56:00,91.39,91.39,91.33,91.34,26
2026-05-28 11:57:00,91.32,91.32,91.25,91.27,50
2026-05-28 11:58:00,91.27,91.29,91.15,91.17,137
2026-05-28 11:59:00,91.18,91.28,91.18,91.28,52
2026-05-28 12:00:00,91.29,91.32,91.25,91.25,54
2026-05-28 12:01:00,91.26,91.27,91.19,91.21,90
2026-05-28 12:02:00,91.21,91.21,91.13,91.17,75
2026-05-28 12:03:00,91.17,91.17,91.14,91.14,31
2026-05-28 12:04:00,91.15,91.27,91.15,91.17,144
2026-05-28 12:05:00,91.17,91.18,91.08,91.11,130
2026-05-28 12:06:00,91.11,91.17,91.09,91.16,66
2026-05-28 12:07:00,91.17,91.2,91.17,91.18,41
2026-05-28 12:08:00,91.19,91.19,91.01,91.06,107
2026-05-28 12:09:00,91.05,91.07,90.93,91.06,188
2026-05-28 12:10:00,91.06,91.06,91.03,91.05,34
2026-05-28 12:11:00,91.06,91.12,91.06,91.1,50
2026-05-28 12:12:00,91.1,91.15,91.1,91.15,28
2026-05-28 12:13:00,91.13,91.14,91.03,91.06,106
2026-05-28 12:14:00,91.05,91.12,90.9,90.93,138
2026-05-28 12:15:00,90.92,91.01,90.92,90.99,40
2026-05-28 12:16:00,90.98,91.07,90.98,91.03,45
2026-05-28 12:17:00,91.03,91.07,90.97,90.98,55
2026-05-28 12:18:00,90.98,91.01,90.9,90.99,77
2026-05-28 12:19:00,90.99,91.03,90.95,90.96,77
2026-05-28 12:20:00,90.97,90.99,90.95,90.97,47
2026-05-28 12:21:00,90.95,91.0,90.95,90.95,37
2026-05-28 12:22:00,90.95,90.95,90.75,90.79,273
2026-05-28 12:23:00,90.8,90.91,90.8,90.91,82
2026-05-28 12:24:00,90.92,91.0,90.89,90.96,131
2026-05-28 12:25:00,90.98,91.05,90.98,91.02,21
2026-05-28 12:26:00,91.04,91.12,91.03,91.09,110
2026-05-28 12:27:00,91.09,91.09,91.06,91.09,21
2026-05-28 12:28:00,91.08,91.13,91.07,91.12,38
2026-05-28 12:29:00,91.12,91.16,91.1,91.15,77
2026-05-28 12:30:00,91.15,91.15,90.93,90.93,131
2026-05-28 12:31:00,90.95,91.06,90.93,91.03,42
2026-05-28 12:32:00,91.01,91.09,91.01,91.07,44
2026-05-28 12:33:00,91.06,91.17,91.04,91.12,70
2026-05-28 12:34:00,91.1,91.14,91.08,91.13,47
2026-05-28 12:35:00,91.14,91.14,91.08,91.14,85
2026-05-28 12:36:00,91.14,91.14,90.99,91.03,144
2026-05-28 12:37:00,91.03,91.04,90.95,90.99,70
2026-05-28 12:38:00,90.98,91.01,90.81,90.88,116
2026-05-28 12:39:00,90.9,90.95,90.86,90.87,60
2026-05-28 12:40:00,90.87,90.99,90.86,90.99,56
2026-05-28 12:41:00,90.98,91.03,90.91,90.96,200
2026-05-28 12:42:00,90.97,90.97,90.92,90.94,35
2026-05-28 12:43:00,90.95,91.09,90.95,91.05,60
2026-05-28 12:44:00,91.04,91.07,91.03,91.04,40
2026-05-28 12:45:00,91.07,91.1,91.05,91.07,82
2026-05-28 12:46:00,91.05,91.18,91.01,91.16,204
2026-05-28 12:47:00,91.16,91.17,91.05,91.08,106
2026-05-28 12:48:00,91.07,91.1,91.04,91.09,39
2026-05-28 12:49:00,91.08,91.1,91.06,91.06,30
2026-05-28 12:50:00,91.07,91.07,90.98,91.0,98
2026-05-28 12:51:00,91.0,91.08,90.99,91.04,70
2026-05-28 12:52:00,91.05,91.06,91.02,91.03,21
2026-05-28 12:53:00,91.08,91.11,91.05,91.09,77
2026-05-28 12:54:00,91.09,91.19,91.07,91.16,192
2026-05-28 12:55:00,91.17,91.24,91.15,91.2,79
2026-05-28 12:56:00,91.2,91.31,91.18,91.27,118
2026-05-28 12:57:00,91.28,91.29,91.22,91.23,67
2026-05-28 12:58:00,91.23,91.26,91.2,91.25,63
2026-05-28 12:59:00,91.24,91.25,91.21,91.21,54
2026-05-28 13:00:00,91.2,91.2,91.1,91.13,100
2026-05-28 13:01:00,91.14,91.24,91.14,91.24,78
2026-05-28 13:02:00,91.23,91.23,91.12,91.13,82
2026-05-28 13:03:00,91.13,91.14,91.01,91.1,96
2026-05-28 13:04:00,91.09,91.09,90.96,90.98,73
2026-05-28 13:05:00,90.96,90.96,90.85,90.87,194
2026-05-28 13:06:00,90.87,90.98,90.83,90.9,301
2026-05-28 13:07:00,90.92,90.96,90.92,90.92,64
2026-05-28 13:08:00,90.93,90.93,90.81,90.88,100
2026-05-28 13:09:00,90.89,90.96,90.89,90.94,58
2026-05-28 13:10:00,90.95,90.98,90.94,90.98,26
2026-05-28 13:11:00,90.98,91.1,90.98,91.02,106
2026-05-28 13:12:00,91.02,91.02,90.94,90.99,58
2026-05-28 13:13:00,90.99,91.0,90.92,90.94,128
2026-05-28 13:14:00,90.95,91.05,90.94,91.03,26
2026-05-28 13:15:00,91.04,91.2,91.04,91.18,120
2026-05-28 13:16:00,91.18,91.19,91.11,91.17,88
2026-05-28 13:17:00,91.16,91.32,91.16,91.29,94
2026-05-28 13:18:00,91.29,91.36,91.24,91.34,106
2026-05-28 13:19:00,91.35,91.42,91.28,91.29,84
2026-05-28 13:20:00,91.3,91.32,91.25,91.3,115
2026-05-28 13:21:00,91.27,91.31,91.27,91.29,20
2026-05-28 13:22:00,91.29,91.35,91.21,91.21,115
2026-05-28 13:23:00,91.22,91.25,91.18,91.22,47
2026-05-28 13:24:00,91.21,91.21,91.09,91.18,64
2026-05-28 13:25:00,91.17,91.24,91.14,91.22,62
2026-05-28 13:26:00,91.2,91.2,91.13,91.13,13
2026-05-28 13:27:00,91.14,91.15,91.06,91.1,82
2026-05-28 13:28:00,91.09,91.11,91.08,91.09,27
2026-05-28 13:29:00,91.08,91.09,90.85,90.93,172
2026-05-28 13:30:00,90.93,90.93,90.65,90.78,324
2026-05-28 13:31:00,90.77,90.82,90.68,90.77,203
2026-05-28 13:32:00,90.78,90.88,90.78,90.8,273
2026-05-28 13:33:00,90.8,90.85,90.78,90.84,142
2026-05-28 13:34:00,90.84,90.9,90.82,90.87,185
2026-05-28 13:35:00,90.87,90.98,90.87,90.93,88
2026-05-28 13:36:00,90.92,90.92,90.86,90.9,66
2026-05-28 13:37:00,90.91,90.91,90.69,90.84,165
2026-05-28 13:38:00,90.82,90.97,90.8,90.95,117
2026-05-28 13:39:00,90.94,90.94,90.86,90.86,24
2026-05-28 13:40:00,90.87,91.0,90.84,90.99,69
2026-05-28 13:41:00,91.0,91.01,90.87,90.89,72
2026-05-28 13:42:00,90.9,90.93,90.84,90.84,38
2026-05-28 13:43:00,90.81,90.89,90.81,90.85,48
2026-05-28 13:44:00,90.84,90.85,90.74,90.8,69
2026-05-28 13:45:00,90.86,90.88,90.85,90.88,30
2026-05-28 13:46:00,90.87,90.94,90.85,90.92,61
2026-05-28 13:47:00,90.93,90.94,90.82,90.84,71
2026-05-28 13:48:00,90.84,90.85,90.79,90.83,88
2026-05-28 13:49:00,90.84,90.84,90.81,90.84,21
2026-05-28 13:50:00,90.87,90.88,90.79,90.82,51
2026-05-28 13:51:00,90.81,90.81,90.68,90.73,128
2026-05-28 13:52:00,90.75,90.75,90.62,90.73,101
2026-05-28 13:53:00,90.73,90.76,90.56,90.6,162
2026-05-28 13:54:00,90.6,90.74,90.6,90.73,84
2026-05-28 13:55:00,90.73,90.8,90.69,90.78,239
2026-05-28 13:56:00,90.78,90.9,90.75,90.89,92
2026-05-28 13:57:00,90.89,91.03,90.86,90.97,183
2026-05-28 13:58:00,90.98,91.03,90.84,90.86,177
2026-05-28 13:59:00,90.85,90.91,90.68,90.84,440
2026-05-28 14:00:00,90.82,90.95,90.81,90.9,274
2026-05-28 14:01:00,90.88,90.95,90.87,90.9,41
2026-05-28 14:02:00,90.91,90.92,90.85,90.91,27
2026-05-28 14:03:00,90.91,91.02,90.9,90.91,57
2026-05-28 14:04:00,90.92,90.95,90.86,90.86,62
2026-05-28 14:05:00,90.82,90.84,90.68,90.73,97
2026-05-28 14:06:00,90.74,90.76,90.68,90.76,84
2026-05-28 14:07:00,90.75,90.77,90.71,90.76,78
2026-05-28 14:08:00,90.75,90.8,90.73,90.77,44
2026-05-28 14:09:00,90.78,90.84,90.78,90.78,35
2026-05-28 14:10:00,90.8,90.81,90.75,90.8,28
2026-05-28 14:11:00,90.77,90.8,90.77,90.8,17
2026-05-28 14:12:00,90.79,90.92,90.78,90.91,38
2026-05-28 14:13:00,90.91,90.99,90.88,90.96,64
2026-05-28 14:14:00,90.94,90.94,90.87,90.92,44
2026-05-28 14:15:00,90.91,90.94,90.9,90.9,46
2026-05-28 14:16:00,90.88,90.92,90.88,90.88,76
2026-05-28 14:17:00,90.87,90.88,90.79,90.87,94
2026-05-28 14:18:00,90.87,90.92,90.84,90.87,75
2026-05-28 14:19:00,90.86,90.87,90.7,90.71,96
2026-05-28 14:20:00,90.7,90.74,90.61,90.64,145
2026-05-28 14:21:00,90.62,90.66,90.55,90.63,114
2026-05-28 14:22:00,90.64,90.65,90.6,90.63,34
2026-05-28 14:23:00,90.63,90.65,90.59,90.64,67
2026-05-28 14:24:00,90.65,90.65,90.59,90.63,87
2026-05-28 14:25:00,90.64,90.68,90.52,90.55,147
2026-05-28 14:26:00,90.55,90.62,90.48,90.61,136
2026-05-28 14:27:00,90.63,90.68,90.62,90.63,69
2026-05-28 14:28:00,90.64,90.71,90.6,90.62,111
2026-05-28 14:29:00,90.62,90.67,90.56,90.56,36
2026-05-28 14:30:00,90.56,90.66,90.56,90.62,70
2026-05-28 14:31:00,90.6,90.65,90.59,90.63,42
2026-05-28 14:32:00,90.63,90.65,90.43,90.52,137
2026-05-28 14:33:00,90.53,90.53,90.42,90.42,71
2026-05-28 14:34:00,90.43,90.49,90.4,90.44,75
2026-05-28 14:35:00,90.43,90.43,90.19,90.24,261
2026-05-28 14:36:00,90.24,90.29,90.21,90.22,164
2026-05-28 14:37:00,90.23,90.26,90.16,90.19,112
2026-05-28 14:38:00,90.19,90.32,90.19,90.29,190
2026-05-28 14:39:00,90.28,90.33,90.26,90.3,56
2026-05-28 14:40:00,90.29,90.35,90.26,90.35,73
2026-05-28 14:41:00,90.36,90.43,90.33,90.42,109
2026-05-28 14:42:00,90.43,90.44,90.38,90.42,54
2026-05-28 14:43:00,90.41,90.43,90.38,90.43,55
2026-05-28 14:44:00,90.42,90.44,90.41,90.44,23
2026-05-28 14:45:00,90.44,90.47,90.39,90.43,147
2026-05-28 14:46:00,90.42,90.42,90.4,90.42,37
2026-05-28 14:47:00,90.42,90.46,90.4,90.41,48
2026-05-28 14:48:00,90.42,90.44,90.39,90.43,36
2026-05-28 14:49:00,90.42,90.51,90.42,90.47,50
2026-05-28 14:50:00,90.46,90.58,90.43,90.53,92
2026-05-28 14:51:00,90.54,90.61,90.52,90.6,111
2026-05-28 14:52:00,90.6,90.63,90.58,90.62,59
2026-05-28 14:53:00,90.62,90.65,90.56,90.65,115
2026-05-28 14:54:00,90.62,90.62,90.54,90.56,46
2026-05-28 14:55:00,90.55,90.59,90.37,90.43,135
2026-05-28 14:56:00,90.45,90.46,90.41,90.42,40
2026-05-28 14:57:00,90.42,90.5,90.4,90.46,28
2026-05-28 14:58:00,90.47,90.52,90.46,90.48,41
2026-05-28 14:59:00,90.47,90.48,90.44,90.44,17
2026-05-28 15:00:00,90.46,90.46,90.42,90.43,42
2026-05-28 15:01:00,90.44,90.57,90.43,90.55,103
2026-05-28 15:02:00,90.54,90.56,90.52,90.54,41
2026-05-28 15:03:00,90.54,90.66,90.54,90.65,59
2026-05-28 15:04:00,90.65,90.72,90.65,90.7,67
2026-05-28 15:05:00,90.69,90.73,90.64,90.7,67
2026-05-28 15:06:00,90.7,90.73,90.65,90.67,56
2026-05-28 15:07:00,90.66,90.66,90.61,90.65,26
2026-05-28 15:08:00,90.66,90.76,90.66,90.76,55
2026-05-28 15:09:00,90.75,90.78,90.69,90.7,72
2026-05-28 15:10:00,90.71,90.72,90.59,90.6,76
2026-05-28 15:11:00,90.61,90.65,90.56,90.58,39
2026-05-28 15:12:00,90.57,90.61,90.57,90.61,26
2026-05-28 15:13:00,90.61,90.68,90.61,90.68,28
2026-05-28 15:14:00,90.69,90.69,90.53,90.53,75
2026-05-28 15:15:00,90.51,90.56,90.47,90.53,43
2026-05-28 15:16:00,90.52,90.53,90.47,90.53,31
2026-05-28 15:17:00,90.52,90.52,90.48,90.49,24
2026-05-28 15:18:00,90.5,90.5,90.39,90.42,38
2026-05-28 15:19:00,90.43,90.44,90.29,90.3,114
2026-05-28 15:20:00,90.32,90.32,90.07,90.16,512
2026-05-28 15:21:00,90.16,90.19,90.09,90.15,91
2026-05-28 15:22:00,90.16,90.21,90.13,90.18,84
2026-05-28 15:23:00,90.17,90.17,89.87,89.95,377
2026-05-28 15:24:00,89.96,90.12,89.94,90.11,184
2026-05-28 15:25:00,90.11,90.19,90.09,90.18,91
2026-05-28 15:26:00,90.17,90.21,90.13,90.18,105
2026-05-28 15:27:00,90.19,90.28,90.19,90.22,72
2026-05-28 15:28:00,90.23,90.27,90.18,90.24,77
2026-05-28 15:29:00,90.24,90.26,90.23,90.25,100
2026-05-28 15:30:00,90.26,90.28,90.23,90.26,173
2026-05-28 15:31:00,90.23,90.32,90.23,90.3,100
2026-05-28 15:32:00,90.3,90.31,90.23,90.25,49
2026-05-28 15:33:00,90.25,90.27,90.2,90.23,46
2026-05-28 15:34:00,90.24,90.27,90.22,90.27,33
2026-05-28 15:35:00,90.28,90.31,90.26,90.3,35
2026-05-28 15:36:00,90.29,90.37,90.29,90.33,73
2026-05-28 15:37:00,90.34,90.35,90.3,90.3,54
2026-05-28 15:38:00,90.31,90.36,90.29,90.34,57
2026-05-28 15:39:00,90.32,90.34,90.31,90.31,34
2026-05-28 15:40:00,90.32,90.32,90.23,90.27,40
2026-05-28 15:41:00,90.27,90.27,90.24,90.25,22
2026-05-28 15:42:00,90.26,90.28,90.16,90.18,78
2026-05-28 15:43:00,90.19,90.2,90.13,90.13,76
2026-05-28 15:44:00,90.14,90.14,90.05,90.07,66
2026-05-28 15:45:00,90.07,90.09,90.0,90.04,50
2026-05-28 15:46:00,90.05,90.08,90.04,90.06,49
2026-05-28 15:47:00,90.07,90.15,90.07,90.15,60
2026-05-28 15:48:00,90.16,90.2,90.14,90.14,39
2026-05-28 15:49:00,90.14,90.18,90.13,90.18,51
2026-05-28 15:50:00,90.17,90.18,90.15,90.17,31
2026-05-28 15:51:00,90.16,90.25,90.16,90.22,54
2026-05-28 15:52:00,90.24,90.34,90.22,90.33,119
2026-05-28 15:53:00,90.32,90.34,90.3,90.33,68
2026-05-28 15:54:00,90.32,90.38,90.27,90.3,289
2026-05-28 15:55:00,90.28,90.37,90.26,90.37,156
2026-05-28 15:56:00,90.35,90.35,90.26,90.26,56
2026-05-28 15:57:00,90.25,90.31,90.23,90.24,76
2026-05-28 15:58:00,90.22,90.31,90.22,90.28,39
2026-05-28 15:59:00,90.27,90.28,90.21,90.23,61
2026-05-28 16:00:00,90.23,90.29,90.23,90.27,34
2026-05-28 16:01:00,90.28,90.33,90.28,90.3,24
2026-05-28 16:02:00,90.32,90.43,90.32,90.41,90
2026-05-28 16:03:00,90.42,90.49,90.39,90.49,95
2026-05-28 16:04:00,90.47,90.48,90.44,90.46,38
2026-05-28 16:05:00,90.44,90.52,90.42,90.47,42
2026-05-28 16:06:00,90.47,90.6,90.45,90.6,93
2026-05-28 16:07:00,90.58,90.58,90.52,90.54,59
2026-05-28 16:08:00,90.54,90.54,90.49,90.52,67
2026-05-28 16:09:00,90.51,90.54,90.49,90.5,50
2026-05-28 16:10:00,90.5,90.57,90.45,90.55,275
2026-05-28 16:11:00,90.55,90.58,90.52,90.52,38
2026-05-28 16:12:00,90.53,90.7,90.53,90.68,198
2026-05-28 16:13:00,90.69,90.73,90.61,90.67,145
2026-05-28 16:14:00,90.68,90.79,90.67,90.78,100
2026-05-28 16:15:00,90.77,90.84,90.74,90.81,198
2026-05-28 16:16:00,90.84,90.93,90.84,90.84,189
2026-05-28 16:17:00,90.85,90.85,90.82,90.83,40
2026-05-28 16:18:00,90.83,90.85,90.74,90.74,81
2026-05-28 16:19:00,90.77,90.87,90.76,90.85,79
2026-05-28 16:20:00,90.84,91.04,90.77,90.94,272
2026-05-28 16:21:00,90.93,91.37,90.82,90.9,1299
2026-05-28 16:22:00,90.91,90.96,90.8,90.93,184
2026-05-28 16:23:00,90.91,90.91,90.84,90.89,58
2026-05-28 16:24:00,90.88,90.88,90.79,90.79,85
2026-05-28 16:25:00,90.79,90.9,90.78,90.78,101
2026-05-28 16:26:00,90.79,90.83,90.75,90.77,159
2026-05-28 16:27:00,90.75,90.76,90.67,90.73,126
2026-05-28 16:28:00,90.72,91.11,90.72,90.92,597
2026-05-28 16:29:00,90.94,91.03,90.88,91.01,233
2026-05-28 16:30:00,91.0,91.0,90.74,90.87,381
2026-05-28 16:31:00,90.9,90.93,90.87,90.89,86
2026-05-28 16:32:00,90.92,90.96,90.89,90.89,84
2026-05-28 16:33:00,90.9,91.01,90.75,90.86,315
2026-05-28 16:34:00,90.85,90.91,90.8,90.88,61
2026-05-28 16:35:00,90.88,90.94,90.83,90.92,80
2026-05-28 16:36:00,90.93,90.96,90.91,90.94,75
2026-05-28 16:37:00,90.93,91.09,90.93,91.04,97
2026-05-28 16:38:00,91.03,91.17,90.99,91.15,188
2026-05-28 16:39:00,91.14,91.21,91.09,91.18,119
2026-05-28 16:40:00,91.18,91.3,91.16,91.27,233
2026-05-28 16:41:00,91.27,91.36,91.24,91.36,349
2026-05-28 16:42:00,91.35,91.39,91.28,91.29,118
2026-05-28 16:43:00,91.28,91.3,91.26,91.26,72
2026-05-28 16:44:00,91.26,91.29,91.24,91.25,107
2026-05-28 16:45:00,91.25,91.26,91.16,91.16,107
2026-05-28 16:46:00,91.16,91.22,91.15,91.15,124
2026-05-28 16:47:00,91.14,91.17,91.11,91.16,82
2026-05-28 16:48:00,91.19,91.24,91.11,91.12,158
2026-05-28 16:49:00,91.16,91.16,91.11,91.13,41
2026-05-28 16:50:00,91.12,91.15,91.09,91.1,59
2026-05-28 16:51:00,91.09,91.13,91.05,91.1,81
2026-05-28 16:52:00,91.09,91.2,91.09,91.18,79
2026-05-28 16:53:00,91.18,91.22,91.16,91.19,67
2026-05-28 16:54:00,91.19,91.3,91.19,91.22,106
2026-05-28 16:55:00,91.23,91.24,91.14,91.14,81
2026-05-28 16:56:00,91.14,91.2,91.08,91.18,69
2026-05-28 16:57:00,91.2,91.27,91.19,91.26,45
2026-05-28 16:58:00,91.26,91.33,91.22,91.25,119
2026-05-28 16:59:00,91.24,91.24,91.19,91.24,41
2026-05-28 17:00:00,91.25,91.37,91.25,91.36,134
2026-05-28 17:01:00,91.36,91.4,91.33,91.36,173
2026-05-28 17:02:00,91.35,91.37,91.31,91.34,158
2026-05-28 17:03:00,91.34,91.38,91.33,91.34,57
2026-05-28 17:04:00,91.34,91.36,91.3,91.3,76
2026-05-28 17:05:00,91.31,91.37,91.28,91.36,70
2026-05-28 17:06:00,91.36,91.36,91.31,91.32,48
2026-05-28 17:07:00,91.34,91.37,91.31,91.35,242
2026-05-28 17:08:00,91.34,91.41,91.34,91.41,208
2026-05-28 17:09:00,91.42,91.46,91.36,91.36,242
2026-05-28 17:10:00,91.35,91.35,91.26,91.27,168
2026-05-28 17:11:00,91.26,91.31,91.2,91.31,178
2026-05-28 17:12:00,91.32,91.36,91.28,91.34,91
2026-05-28 17:13:00,91.33,91.41,91.33,91.37,118
2026-05-28 17:14:00,91.37,91.43,91.3,91.31,168
2026-05-28 17:15:00,91.31,91.35,91.28,91.3,53
2026-05-28 17:16:00,91.32,91.4,91.32,91.37,64
2026-05-28 17:17:00,91.38,91.47,91.38,91.41,118
2026-05-28 17:18:00,91.41,91.44,91.39,91.44,94
2026-05-28 17:19:00,91.44,91.47,91.44,91.46,87
2026-05-28 17:20:00,91.47,91.52,91.44,91.46,166
2026-05-28 17:21:00,91.44,91.51,91.41,91.51,117
2026-05-28 17:22:00,91.5,91.57,91.47,91.47,186
2026-05-28 17:23:00,91.48,91.51,91.47,91.49,57
2026-05-28 17:24:00,91.49,91.52,91.47,91.49,86
2026-05-28 17:25:00,91.49,91.52,91.46,91.49,97
2026-05-28 17:26:00,91.49,91.49,91.41,91.44,144
2026-05-28 17:27:00,91.44,91.47,91.38,91.41,129
2026-05-28 17:28:00,91.4,91.44,91.39,91.42,98
2026-05-28 17:29:00,91.43,91.44,91.28,91.3,105
2026-05-28 17:30:00,91.31,91.38,91.25,91.36,310
2026-05-28 17:31:00,91.35,91.45,91.35,91.4,355
2026-05-28 17:32:00,91.39,91.44,91.39,91.42,41
2026-05-28 17:33:00,91.43,91.43,91.35,91.36,107
2026-05-28 17:34:00,91.36,91.4,91.3,91.3,200
2026-05-28 17:35:00,91.3,91.31,91.22,91.28,164
2026-05-28 17:36:00,91.29,91.31,91.22,91.22,167
2026-05-28 17:37:00,91.21,91.21,91.01,91.02,380
2026-05-28 17:38:00,91.02,91.13,91.0,91.1,253
2026-05-28 17:39:00,91.09,91.16,91.09,91.15,99
2026-05-28 17:40:00,91.16,91.22,91.14,91.19,112
2026-05-28 17:41:00,91.18,91.22,91.13,91.16,112
2026-05-28 17:42:00,91.15,91.21,91.12,91.2,125
2026-05-28 17:43:00,91.2,91.21,91.12,91.13,176
2026-05-28 17:44:00,91.12,91.12,91.07,91.08,126
2026-05-28 17:45:00,91.1,91.12,91.05,91.12,388
2026-05-28 17:46:00,91.14,91.17,91.09,91.14,91
2026-05-28 17:47:00,91.14,91.18,91.13,91.17,54
2026-05-28 17:48:00,91.18,91.21,91.07,91.08,229
2026-05-28 17:49:00,91.08,91.21,91.08,91.19,147
2026-05-28 17:50:00,91.19,91.19,91.12,91.19,154
2026-05-28 17:51:00,91.19,91.2,91.16,91.19,100
2026-05-28 17:52:00,91.19,91.36,91.19,91.36,257
2026-05-28 17:53:00,91.36,91.37,91.3,91.33,84
2026-05-28 17:54:00,91.32,91.32,91.27,91.28,84
2026-05-28 17:55:00,91.28,91.28,91.15,91.17,192
2026-05-28 17:56:00,91.15,91.19,91.14,91.16,56
2026-05-28 17:57:00,91.17,91.23,91.15,91.16,62
2026-05-28 17:58:00,91.18,91.22,91.12,91.12,78
2026-05-28 17:59:00,91.14,91.14,91.02,91.05,184
2026-05-28 18:00:00,91.05,91.09,90.85,90.9,301
2026-05-28 18:01:00,90.9,90.97,90.87,90.91,138
2026-05-28 18:02:00,90.89,90.89,90.72,90.84,308
2026-05-28 18:03:00,90.85,90.9,90.81,90.81,142
2026-05-28 18:04:00,90.81,90.88,90.81,90.83,84
2026-05-28 18:05:00,90.84,90.85,90.77,90.81,170
2026-05-28 18:06:00,90.8,90.81,90.68,90.73,141
2026-05-28 18:07:00,90.74,90.78,90.59,90.71,316
2026-05-28 18:08:00,90.71,90.75,90.62,90.64,183
2026-05-28 18:09:00,90.65,90.75,90.65,90.73,123
2026-05-28 18:10:00,90.73,90.75,90.5,90.64,531
2026-05-28 18:11:00,90.65,90.76,90.6,90.72,296
2026-05-28 18:12:00,90.72,90.86,90.7,90.85,362
2026-05-28 18:13:00,90.85,90.85,90.72,90.77,294
2026-05-28 18:14:00,90.78,90.81,90.71,90.72,78
2026-05-28 18:15:00,90.74,90.75,90.66,90.67,288
2026-05-28 18:16:00,90.67,90.68,90.57,90.62,238
2026-05-28 18:17:00,90.63,90.73,90.61,90.72,147
2026-05-28 18:18:00,90.73,90.73,90.54,90.57,245
2026-05-28 18:19:00,90.57,90.58,90.47,90.57,308
2026-05-28 18:20:00,90.57,90.61,90.51,90.61,142
2026-05-28 18:21:00,90.61,90.61,90.49,90.51,97
2026-05-28 18:22:00,90.5,90.54,90.4,90.45,163
2026-05-28 18:23:00,90.46,90.48,90.4,90.47,281
2026-05-28 18:24:00,90.47,90.52,90.43,90.5,204
2026-05-28 18:25:00,90.51,90.57,90.46,90.49,208
2026-05-28 18:26:00,90.51,90.55,90.45,90.46,184
2026-05-28 18:27:00,90.47,90.59,90.47,90.53,127
2026-05-28 18:28:00,90.52,90.55,90.5,90.52,64
2026-05-28 18:29:00,90.52,90.56,90.52,90.54,95
2026-05-28 18:30:00,90.54,90.63,90.43,90.49,472
2026-05-28 18:31:00,90.47,90.47,90.32,90.45,317
2026-05-28 18:32:00,90.45,90.58,90.37,90.54,341
2026-05-28 18:33:00,90.52,90.53,90.41,90.47,228
2026-05-28 18:34:00,90.47,90.48,90.34,90.43,317
2026-05-28 18:35:00,90.41,90.52,90.3,90.47,354
2026-05-28 18:36:00,90.47,90.63,90.47,90.5,256
2026-05-28 18:37:00,90.51,90.71,90.51,90.69,272
2026-05-28 18:38:00,90.69,90.75,90.67,90.73,199
2026-05-28 18:39:00,90.73,90.83,90.72,90.78,158
2026-05-28 18:40:00,90.78,90.91,90.76,90.89,547
2026-05-28 18:41:00,90.89,90.93,90.84,90.89,154
2026-05-28 18:42:00,90.89,90.9,90.76,90.76,182
2026-05-28 18:43:00,90.78,90.8,90.74,90.76,119
2026-05-28 18:44:00,90.76,90.89,90.75,90.86,151
2026-05-28 18:45:00,90.87,90.87,90.78,90.81,163
2026-05-28 18:46:00,90.82,90.85,90.78,90.85,86
2026-05-28 18:47:00,90.86,91.01,90.86,90.99,297
2026-05-28 18:48:00,90.98,91.01,90.93,90.96,249
2026-05-28 18:49:00,90.96,90.96,90.86,90.86,162
2026-05-28 18:50:00,90.86,90.91,90.85,90.9,113
2026-05-28 18:51:00,90.89,90.91,90.83,90.85,87
2026-05-28 18:52:00,90.84,90.86,90.82,90.86,88
2026-05-28 18:53:00,90.85,90.94,90.83,90.9,172
2026-05-28 18:54:00,90.9,90.93,90.87,90.89,96
2026-05-28 18:55:00,90.88,90.89,90.78,90.81,199
2026-05-28 18:56:00,90.8,90.82,90.75,90.8,185
2026-05-28 18:57:00,90.82,90.87,90.81,90.82,101
2026-05-28 18:58:00,90.83,90.88,90.76,90.88,290
2026-05-28 18:59:00,90.87,91.01,90.87,90.99,240
2026-05-28 19:00:00,91.0,91.01,90.81,90.86,732
2026-05-28 19:01:00,90.88,91.09,90.88,90.93,255
2026-05-28 19:02:00,90.94,90.94,90.8,90.89,306
2026-05-28 19:03:00,90.89,91.04,90.88,91.03,138
2026-05-28 19:04:00,91.04,91.08,90.98,91.06,216
2026-05-28 19:05:00,91.07,91.16,91.07,91.14,217
2026-05-28 19:06:00,91.15,91.27,91.12,91.22,281
2026-05-28 19:07:00,91.23,91.27,91.19,91.26,289
2026-05-28 19:08:00,91.26,91.26,91.17,91.18,230
2026-05-28 19:09:00,91.17,91.3,91.15,91.25,251
2026-05-28 19:10:00,91.24,91.27,91.21,91.25,115
2026-05-28 19:11:00,91.25,91.35,91.25,91.26,318
2026-05-28 19:12:00,91.26,91.28,91.07,91.08,357
2026-05-28 19:13:00,91.08,91.09,90.98,91.04,227
2026-05-28 19:14:00,91.02,91.02,90.94,90.95,132
2026-05-28 19:15:00,90.94,90.94,90.82,90.84,375
2026-05-28 19:16:00,90.84,90.87,90.75,90.86,433
2026-05-28 19:17:00,90.86,90.88,90.78,90.82,139
2026-05-28 19:18:00,90.81,90.87,90.81,90.85,76
2026-05-28 19:19:00,90.85,90.87,90.71,90.75,342
2026-05-28 19:20:00,90.76,90.76,90.55,90.56,454
2026-05-28 19:21:00,90.56,90.64,90.54,90.59,470
2026-05-28 19:22:00,90.58,90.64,90.57,90.64,167
2026-05-28 19:23:00,90.64,90.72,90.6,90.72,193
2026-05-28 19:24:00,90.72,90.8,90.65,90.8,286
2026-05-28 19:25:00,90.79,90.9,90.77,90.85,392
2026-05-28 19:26:00,90.85,90.88,90.83,90.86,143
2026-05-28 19:27:00,90.86,90.86,90.78,90.82,346
2026-05-28 19:28:00,90.83,90.87,90.81,90.86,195
2026-05-28 19:29:00,90.87,90.9,90.83,90.83,176
2026-05-28 19:30:00,90.83,91.05,90.83,91.05,647
2026-05-28 19:31:00,91.05,91.12,91.01,91.07,261
2026-05-28 19:32:00,91.06,91.11,91.02,91.09,225
2026-05-28 19:33:00,91.08,91.1,91.05,91.08,100
2026-05-28 19:34:00,91.1,91.14,91.01,91.01,237
2026-05-28 19:35:00,91.02,91.04,90.96,90.99,258
2026-05-28 19:36:00,91.02,91.05,90.99,91.04,209
2026-05-28 19:37:00,91.04,91.05,90.91,90.92,298
2026-05-28 19:38:00,90.91,91.02,90.91,91.01,152
2026-05-28 19:39:00,91.03,91.07,90.77,90.8,436
2026-05-28 19:40:00,90.8,90.91,90.74,90.87,517
2026-05-28 19:41:00,90.86,90.88,90.81,90.88,184
2026-05-28 19:42:00,90.88,90.96,88.95,89.09,3861
2026-05-28 19:43:00,89.12,89.19,87.11,87.93,3125
2026-05-28 19:44:00,87.91,89.23,87.74,88.44,930
2026-05-28 19:45:00,88.44,88.85,88.0,88.8,1189
2026-05-28 19:46:00,88.88,89.66,88.8,88.95,981
2026-05-28 19:47:00,88.96,89.15,88.56,88.8,662
2026-05-28 19:48:00,88.81,89.1,88.73,88.83,460
2026-05-28 19:49:00,88.83,88.83,88.54,88.76,321
2026-05-28 19:50:00,88.7,88.77,88.59,88.75,377
2026-05-28 19:51:00,88.74,89.03,88.67,88.9,473
2026-05-28 19:52:00,88.89,89.5,88.86,88.95,761
2026-05-28 19:53:00,88.9,89.26,88.86,89.26,360
2026-05-28 19:54:00,89.17,89.18,88.82,89.13,725
2026-05-28 19:55:00,89.12,89.17,88.9,88.96,874
2026-05-28 19:56:00,88.96,89.09,88.95,89.03,279
2026-05-28 19:57:00,89.05,89.11,88.98,89.06,386
2026-05-28 19:58:00,89.07,89.46,88.9,89.02,1170
2026-05-28 19:59:00,89.04,89.16,88.97,89.14,286
2026-05-28 20:00:00,89.15,89.22,88.89,88.97,492
2026-05-28 20:01:00,88.93,89.16,88.93,88.96,235
2026-05-28 20:02:00,89.01,89.15,88.97,89.06,261
2026-05-28 20:03:00,89.07,89.46,89.0,89.35,550
2026-05-28 20:04:00,89.4,89.64,89.32,89.45,609
2026-05-28 20:05:00,89.42,89.81,89.36,89.73,564
2026-05-28 20:06:00,89.76,89.88,89.62,89.66,526
2026-05-28 20:07:00,89.67,89.98,89.67,89.88,375
2026-05-28 20:08:00,89.85,89.91,89.74,89.77,279
2026-05-28 20:09:00,89.8,89.8,89.46,89.46,419
2026-05-28 20:10:00,89.47,89.62,89.2,89.21,499
2026-05-28 20:11:00,89.21,89.35,89.12,89.28,432
2026-05-28 20:12:00,89.29,89.38,89.2,89.25,256
2026-05-28 20:13:00,89.22,89.27,89.02,89.08,631
2026-05-28 20:14:00,89.07,89.21,89.02,89.14,549
2026-05-28 20:15:00,89.14,89.17,89.0,89.04,331
2026-05-28 20:16:00,89.02,89.69,88.88,89.41,1364
2026-05-28 20:17:00,89.47,89.82,89.39,89.4,819
2026-05-28 20:18:00,89.37,89.44,89.1,89.37,641
2026-05-28 20:19:00,89.39,89.76,89.39,89.72,376
2026-05-28 20:20:00,89.67,89.74,89.45,89.48,339
2026-05-28 20:21:00,89.49,89.57,89.41,89.44,156
2026-05-28 20:22:00,89.49,89.76,89.49,89.62,333
2026-05-28 20:23:00,89.63,89.72,89.51,89.63,224
2026-05-28 20:24:00,89.65,89.65,89.51,89.54,158
2026-05-28 20:25:00,89.55,89.71,89.49,89.55,305
2026-05-28 20:26:00,89.54,89.67,89.43,89.61,280
2026-05-28 20:27:00,89.59,90.0,89.56,89.78,499
2026-05-28 20:28:00,89.75,89.85,89.59,89.62,241
2026-05-28 20:29:00,89.61,89.61,89.43,89.49,361
2026-05-28 20:30:00,89.51,89.65,89.19,89.25,643
2026-05-28 20:31:00,89.25,89.39,89.21,89.27,361
2026-05-28 20:32:00,89.25,89.29,89.08,89.18,317
2026-05-28 20:33:00,89.18,89.23,89.08,89.2,342
2026-05-28 20:34:00,89.16,89.16,88.98,89.12,295
2026-05-28 20:35:00,89.11,89.37,88.99,89.29,390
2026-05-28 20:36:00,89.31,89.31,89.13,89.15,614
2026-05-28 20:37:00,89.14,89.32,89.12,89.31,224
2026-05-28 20:38:00,89.35,89.66,89.35,89.57,299
2026-05-28 20:39:00,89.54,89.58,89.4,89.42,306
2026-05-28 20:40:00,89.41,89.6,89.32,89.57,387
2026-05-28 20:41:00,89.59,89.67,89.46,89.53,337
2026-05-28 20:42:00,89.56,89.71,89.48,89.61,496
2026-05-28 20:43:00,89.63,89.68,89.57,89.65,262
2026-05-28 20:44:00,89.65,89.8,89.64,89.69,406
2026-05-28 20:45:00,89.7,89.86,89.69,89.74,345
2026-05-28 20:46:00,89.76,89.81,89.72,89.8,192
2026-05-28 20:47:00,89.78,89.81,89.69,89.79,247
2026-05-28 20:48:00,89.8,89.81,89.69,89.78,182
2026-05-28 20:49:00,89.79,89.85,89.76,89.8,273
2026-05-28 20:50:00,89.8,89.92,89.74,89.85,434
2026-05-28 20:51:00,89.83,90.02,89.83,89.9,513
2026-05-28 20:52:00,89.92,90.16,89.9,90.07,376
2026-05-28 20:53:00,90.05,90.05,89.87,89.9,408
2026-05-28 20:54:00,89.9,89.91,89.76,89.81,489
2026-05-28 20:55:00,89.81,89.96,89.74,89.76,254
2026-05-28 20:56:00,89.77,89.81,89.61,89.61,509
2026-05-28 20:57:00,89.61,89.72,89.55,89.66,334
2026-05-28 20:58:00,89.66,89.77,89.64,89.73,269
2026-05-28 20:59:00,89.77,89.8,89.67,89.78,272
2026-05-28 21:00:00,89.77,89.77,89.57,89.6,347
2026-05-28 21:01:00,89.61,89.83,89.57,89.76,326
2026-05-28 21:02:00,89.75,89.82,89.65,89.66,193
2026-05-28 21:03:00,89.65,89.69,89.59,89.63,285
2026-05-28 21:04:00,89.62,89.65,89.51,89.53,243
2026-05-28 21:05:00,89.53,89.56,89.43,89.44,425
2026-05-28 21:06:00,89.45,89.53,89.42,89.46,287
2026-05-28 21:07:00,89.48,89.53,89.4,89.44,251
2026-05-28 21:08:00,89.45,89.57,89.44,89.57,181
2026-05-28 21:09:00,89.56,89.7,89.54,89.65,260
2026-05-28 21:10:00,89.63,89.77,89.63,89.76,238
2026-05-28 21:11:00,89.75,89.93,89.72,89.87,428
2026-05-28 21:12:00,89.87,89.92,89.77,89.8,179
2026-05-28 21:13:00,89.78,89.93,89.78,89.89,365
2026-05-28 21:14:00,89.9,89.99,89.85,89.98,291
2026-05-28 21:15:00,89.98,89.99,89.87,89.9,220
2026-05-28 21:16:00,89.92,89.96,89.84,89.89,304
2026-05-28 21:17:00,89.89,89.95,89.83,89.87,169
2026-05-28 21:18:00,89.85,89.99,89.85,89.96,352
2026-05-28 21:19:00,89.95,89.99,89.94,89.98,116
2026-05-28 21:20:00,89.98,89.98,89.81,89.89,380
2026-05-28 21:21:00,89.88,89.89,89.81,89.86,389
2026-05-28 21:22:00,89.86,89.88,89.79,89.83,271
2026-05-28 21:23:00,89.84,89.98,89.84,89.93,287
2026-05-28 21:24:00,89.94,90.0,89.92,89.97,252
2026-05-28 21:25:00,89.98,90.0,89.93,89.97,260
2026-05-28 21:26:00,89.98,89.99,89.83,89.97,219
2026-05-28 21:27:00,89.96,90.05,89.94,89.97,142
2026-05-28 21:28:00,89.96,89.98,89.89,89.97,185
2026-05-28 21:29:00,89.98,89.98,89.78,89.78,210
2026-05-28 21:30:00,89.77,89.92,89.66,89.86,401
2026-05-28 21:31:00,89.89,89.91,89.8,89.85,170
2026-05-28 21:32:00,89.86,90.05,89.77,89.97,310
2026-05-28 21:33:00,89.98,90.25,89.97,90.03,596
2026-05-28 21:34:00,90.03,90.17,90.0,90.07,680
2026-05-28 21:35:00,90.09,90.12,89.8,89.83,488
2026-05-28 21:36:00,89.84,90.01,89.82,89.98,267
2026-05-28 21:37:00,89.95,90.03,89.89,89.9,126
2026-05-28 21:38:00,89.9,89.92,89.79,89.82,213
2026-05-28 21:39:00,89.83,89.9,89.83,89.89,200
2026-05-28 21:40:00,89.9,89.92,89.81,89.83,239
2026-05-28 21:41:00,89.86,89.86,89.71,89.82,289
2026-05-28 21:42:00,89.82,89.97,89.82,89.85,158
2026-05-28 21:43:00,89.86,89.86,89.71,89.8,230
2026-05-28 21:44:00,89.79,89.8,89.58,89.6,204
2026-05-28 21:45:00,89.58,89.82,89.58,89.77,225
2026-05-28 21:46:00,89.73,89.78,89.67,89.72,98
2026-05-28 21:47:00,89.71,89.75,89.44,89.44,300
2026-05-28 21:48:00,89.44,89.48,89.0,89.2,1121
2026-05-28 21:49:00,89.2,89.39,89.15,89.15,446
2026-05-28 21:50:00,89.12,89.28,89.05,89.13,355
2026-05-28 21:51:00,89.14,89.14,88.95,89.03,458
2026-05-28 21:52:00,89.03,89.2,89.03,89.17,382
2026-05-28 21:53:00,89.14,89.16,89.06,89.11,213
2026-05-28 21:54:00,89.11,89.14,88.8,88.92,425
2026-05-28 21:55:00,88.92,89.0,88.81,88.94,361
2026-05-28 21:56:00,88.94,88.98,88.82,88.86,382
2026-05-28 21:57:00,88.87,88.92,88.81,88.85,166
2026-05-28 21:58:00,88.85,88.93,88.84,88.93,186
2026-05-28 21:59:00,88.93,89.22,88.91,89.17,477
2026-05-28 22:00:00,89.17,89.17,89.08,89.17,192
2026-05-28 22:01:00,89.19,89.28,89.13,89.22,361
2026-05-28 22:02:00,89.23,89.27,89.16,89.16,144
2026-05-28 22:03:00,89.16,89.18,89.15,89.17,97
2026-05-28 22:04:00,89.17,89.21,89.08,89.13,171
2026-05-28 22:05:00,89.14,89.19,89.09,89.1,221
2026-05-28 22:06:00,89.11,89.24,89.1,89.21,164
2026-05-28 22:07:00,89.21,89.21,89.0,89.02,325
2026-05-28 22:08:00,89.03,89.09,89.02,89.04,153
2026-05-28 22:09:00,89.01,89.05,88.96,88.98,211
2026-05-28 22:10:00,88.98,89.1,88.98,89.04,250
2026-05-28 22:11:00,89.04,89.1,88.76,88.8,426
2026-05-28 22:12:00,88.79,88.84,88.6,88.66,1370
2026-05-28 22:13:00,88.66,88.77,88.54,88.7,695
2026-05-28 22:14:00,88.7,88.72,88.5,88.55,350
2026-05-28 22:15:00,88.54,88.54,88.41,88.45,487
2026-05-28 22:16:00,88.46,88.48,88.27,88.29,554
2026-05-28 22:17:00,88.33,88.36,88.25,88.31,370
2026-05-28 22:18:00,88.33,88.37,88.23,88.31,387
2026-05-28 22:19:00,88.32,88.45,88.3,88.4,372
2026-05-28 22:20:00,88.39,88.39,88.15,88.18,481
2026-05-28 22:21:00,88.19,88.24,88.11,88.2,457
2026-05-28 22:22:00,88.23,88.39,88.18,88.3,428
2026-05-28 22:23:00,88.29,88.34,88.26,88.28,241
2026-05-28 22:24:00,88.29,88.4,88.28,88.34,204
2026-05-28 22:25:00,88.33,88.33,88.23,88.24,158
2026-05-28 22:26:00,88.24,88.26,88.02,88.14,446
2026-05-28 22:27:00,88.15,88.23,88.09,88.2,294
2026-05-28 22:28:00,88.2,88.34,88.09,88.16,516
2026-05-28 22:29:00,88.17,88.29,88.16,88.24,200
2026-05-28 22:30:00,88.26,88.28,88.2,88.23,311
2026-05-28 22:31:00,88.24,88.47,88.2,88.4,300
2026-05-28 22:32:00,88.42,88.65,88.4,88.57,668
2026-05-28 22:33:00,88.57,88.67,88.53,88.63,228
2026-05-28 22:34:00,88.63,88.7,88.55,88.61,384
2026-05-28 22:35:00,88.6,88.86,88.59,88.8,463
2026-05-28 22:36:00,88.79,88.99,88.77,88.89,503
2026-05-28 22:37:00,88.89,89.0,88.86,88.97,423
2026-05-28 22:38:00,88.97,89.0,88.8,88.83,293
2026-05-28 22:39:00,88.85,88.88,88.8,88.81,244
2026-05-28 22:40:00,88.8,88.94,88.74,88.86,243
2026-05-28 22:41:00,88.86,88.95,88.85,88.92,126
2026-05-28 22:42:00,88.92,88.92,88.76,88.85,157
2026-05-28 22:43:00,88.84,88.97,88.82,88.91,206
2026-05-28 22:44:00,88.91,89.01,88.89,88.98,159
2026-05-28 22:45:00,88.97,89.1,88.95,89.08,253
2026-05-28 22:46:00,89.08,89.11,89.02,89.08,231
2026-05-28 22:47:00,89.07,89.09,88.95,88.97,316
2026-05-28 22:48:00,88.96,89.02,88.83,88.83,223
2026-05-28 22:49:00,88.85,89.04,88.83,88.99,172
2026-05-28 22:50:00,89.0,89.01,88.87,88.92,290
2026-05-28 22:51:00,88.93,88.97,88.81,88.9,642
2026-05-28 22:52:00,88.9,88.95,88.9,88.93,378
2026-05-28 22:53:00,88.92,89.01,88.91,88.93,341
2026-05-28 22:54:00,88.94,88.95,88.84,88.89,185
2026-05-28 22:55:00,88.89,88.99,88.89,88.95,211
2026-05-28 22:56:00,88.96,88.97,88.91,88.94,119
2026-05-28 22:57:00,88.94,89.06,88.89,89.01,337
2026-05-28 22:58:00,89.02,89.16,89.02,89.1,246
2026-05-28 22:59:00,89.08,89.13,89.04,89.04,258
2026-05-28 23:00:00,89.03,89.05,88.99,89.0,143
2026-05-28 23:01:00,89.01,89.06,89.0,89.04,89
2026-05-28 23:02:00,89.03,89.05,88.98,89.03,125
2026-05-28 23:03:00,89.02,89.04,88.93,88.94,139
2026-05-28 23:04:00,88.94,88.98,88.87,88.88,98
2026-05-28 23:05:00,88.88,88.9,88.79,88.9,1292
2026-05-28 23:06:00,88.89,88.93,88.85,88.89,158
2026-05-28 23:07:00,88.9,88.9,88.83,88.86,139
2026-05-28 23:08:00,88.86,88.92,88.83,88.88,133
2026-05-28 23:09:00,88.88,88.88,88.84,88.85,176
2026-05-28 23:10:00,88.84,88.99,88.8,88.9,323
2026-05-28 23:11:00,88.88,88.93,88.87,88.93,324
2026-05-28 23:12:00,88.92,88.96,88.88,88.91,138
2026-05-28 23:13:00,88.91,88.96,88.89,88.96,152
2026-05-28 23:14:00,88.95,88.96,88.9,88.91,73
2026-05-28 23:15:00,88.91,89.0,88.87,88.94,154
2026-05-28 23:16:00,88.94,89.0,88.91,88.96,209
2026-05-28 23:17:00,88.97,88.98,88.87,88.89,145
2026-05-28 23:18:00,88.89,88.92,88.76,88.8,244
2026-05-28 23:19:00,88.8,88.89,88.68,88.77,372
2026-05-28 23:20:00,88.78,88.81,88.68,88.76,309
2026-05-28 23:21:00,88.76,88.77,88.65,88.68,278
2026-05-28 23:22:00,88.68,88.93,88.66,88.85,372
2026-05-28 23:23:00,88.84,88.89,88.79,88.84,145
2026-05-28 23:24:00,88.84,88.91,88.84,88.86,139
2026-05-28 23:25:00,88.83,88.88,88.81,88.86,145
2026-05-28 23:26:00,88.88,88.93,88.79,88.83,303
2026-05-28 23:27:00,88.82,88.85,88.78,88.84,292
2026-05-28 23:28:00,88.85,88.89,88.82,88.83,330
2026-05-28 23:29:00,88.83,88.87,88.79,88.85,155
2026-05-28 23:30:00,88.86,88.9,88.82,88.9,285
2026-05-28 23:31:00,88.9,88.99,88.9,88.9,213
2026-05-28 23:32:00,88.91,88.93,88.84,88.88,148
2026-05-28 23:33:00,88.88,88.89,88.81,88.84,226
2026-05-28 23:34:00,88.84,88.88,88.83,88.88,202
2026-05-28 23:35:00,88.89,88.89,88.81,88.86,256
2026-05-28 23:36:00,88.85,88.86,88.7,88.71,213
2026-05-28 23:37:00,88.7,88.72,88.59,88.6,812
2026-05-28 23:38:00,88.59,88.68,88.59,88.66,194
2026-05-28 23:39:00,88.67,88.83,88.59,88.79,276
2026-05-28 23:40:00,88.81,89.08,88.79,89.02,432
2026-05-28 23:41:00,89.01,89.35,89.0,89.18,681
2026-05-28 23:42:00,89.17,89.17,89.03,89.05,218
2026-05-28 23:43:00,89.04,89.07,88.88,89.07,322
2026-05-28 23:44:00,89.05,89.08,88.93,88.96,184
2026-05-28 23:45:00,88.94,89.25,88.93,88.96,497
2026-05-28 23:46:00,88.93,88.96,88.63,88.71,433
2026-05-28 23:47:00,88.72,88.99,88.59,88.92,779
2026-05-28 23:48:00,88.91,89.05,88.83,89.0,599
2026-05-28 23:49:00,89.0,89.15,88.86,88.92,475
2026-05-28 23:50:00,88.9,88.94,88.75,88.94,508
2026-05-28 23:51:00,88.91,88.91,88.67,88.72,479
2026-05-28 23:52:00,88.72,88.72,88.6,88.7,477
2026-05-28 23:53:00,88.72,88.79,88.67,88.7,312
2026-05-28 23:54:00,88.71,88.8,88.64,88.67,616
2026-05-28 23:55:00,88.65,88.76,88.6,88.74,513
2026-05-28 23:56:00,88.73,88.74,88.6,88.71,1374
2026-05-28 23:57:00,88.71,88.88,88.65,88.84,776
2026-05-28 23:58:00,88.84,89.06,88.64,88.94,2887
2026-05-28 23:59:00,88.94,88.96,88.88,88.9,2277
2026-05-29 00:00:00,88.93,89.08,88.87,89.08,1106
2026-05-29 00:01:00,89.08,89.11,89.0,89.06,344
2026-05-29 00:02:00,89.05,89.07,89.0,89.05,97
2026-05-29 00:03:00,89.05,89.15,89.04,89.11,156
2026-05-29 00:04:00,89.11,89.32,89.1,89.31,263
2026-05-29 00:05:00,89.3,89.36,89.28,89.31,252
2026-05-29 00:06:00,89.32,89.4,89.3,89.39,236
2026-05-29 00:07:00,89.4,89.54,89.36,89.36,291
2026-05-29 00:08:00,89.39,89.4,89.35,89.39,86
2026-05-29 00:09:00,89.39,89.52,89.36,89.45,88
2026-05-29 00:10:00,89.47,89.52,89.4,89.46,129
2026-05-29 00:11:00,89.48,89.48,89.4,89.42,43
2026-05-29 00:12:00,89.43,89.45,89.37,89.44,303
2026-05-29 00:13:00,89.46,89.46,89.38,89.4,294
2026-05-29 00:14:00,89.4,89.4,89.33,89.35,46
2026-05-29 00:15:00,89.36,89.37,89.32,89.36,208
2026-05-29 00:16:00,89.37,89.37,89.29,89.34,69
2026-05-29 00:17:00,89.34,89.39,89.34,89.36,60
2026-05-29 00:18:00,89.36,89.38,89.27,89.32,83
2026-05-29 00:19:00,89.32,89.33,89.25,89.28,65
2026-05-29 00:20:00,89.29,89.29,89.26,89.26,28
2026-05-29 00:21:00,89.26,89.26,89.19,89.25,83
2026-05-29 00:22:00,89.22,89.29,89.22,89.28,38
2026-05-29 00:23:00,89.28,89.29,89.22,89.22,52
2026-05-29 00:24:00,89.23,89.25,89.21,89.22,29
2026-05-29 00:25:00,89.22,89.22,89.15,89.16,51
2026-05-29 00:26:00,89.15,89.17,89.1,89.14,97
2026-05-29 00:27:00,89.15,89.17,89.1,89.17,49
2026-05-29 00:28:00,89.14,89.2,89.14,89.2,57
2026-05-29 00:29:00,89.19,89.26,89.17,89.25,56
2026-05-29 00:30:00,89.24,89.32,89.21,89.28,65
2026-05-29 00:31:00,89.3,89.31,89.18,89.18,44
2026-05-29 00:32:00,89.2,89.2,89.14,89.14,118
2026-05-29 00:33:00,89.12,89.19,89.11,89.15,46
2026-05-29 00:34:00,89.16,89.24,89.16,89.22,83
2026-05-29 00:35:00,89.21,89.22,89.2,89.2,8
2026-05-29 00:36:00,89.21,89.22,89.12,89.15,43
2026-05-29 00:37:00,89.16,89.18,89.16,89.17,15
2026-05-29 00:38:00,89.17,89.18,89.16,89.16,18
2026-05-29 00:39:00,89.16,89.2,89.16,89.19,22
2026-05-29 00:40:00,89.2,89.21,89.13,89.13,34
2026-05-29 00:41:00,89.14,89.14,89.11,89.13,30
2026-05-29 00:42:00,89.12,89.24,89.11,89.18,192
2026-05-29 00:43:00,89.18,89.18,89.17,89.17,9
2026-05-29 00:44:00,89.17,89.17,89.14,89.14,18
2026-05-29 00:45:00,89.16,89.18,89.16,89.16,11
2026-05-29 00:46:00,89.17,89.18,89.16,89.16,27
2026-05-29 00:47:00,89.15,89.18,89.15,89.18,46
2026-05-29 00:48:00,89.19,89.24,89.18,89.19,54
2026-05-29 00:49:00,89.2,89.2,89.16,89.17,9
2026-05-29 00:50:00,89.16,89.17,89.13,89.15,29
2026-05-29 00:51:00,89.16,89.26,89.16,89.25,138
2026-05-29 00:52:00,89.24,89.24,89.21,89.23,45
2026-05-29 00:53:00,89.23,89.27,89.21,89.25,138
2026-05-29 00:54:00,89.24,89.26,89.21,89.23,64
2026-05-29 00:55:00,89.22,89.23,89.18,89.22,60
2026-05-29 00:56:00,89.21,89.29,89.21,89.26,84
2026-05-29 00:57:00,89.25,89.27,89.22,89.23,47
2026-05-29 00:58:00,89.24,89.3,89.23,89.29,59
2026-05-29 00:59:00,89.3,89.31,89.27,89.29,41
2026-05-29 01:00:00,89.32,89.34,89.17,89.18,172
2026-05-29 01:01:00,89.18,89.18,89.08,89.1,71
2026-05-29 01:02:00,89.08,89.1,89.01,89.02,110
2026-05-29 01:03:00,89.01,89.13,89.01,89.12,63
2026-05-29 01:04:00,89.1,89.13,89.08,89.09,54
2026-05-29 01:05:00,89.1,89.16,89.09,89.11,45
2026-05-29 01:06:00,89.11,89.11,89.08,89.09,30
2026-05-29 01:07:00,89.09,89.11,89.06,89.06,35
2026-05-29 01:08:00,89.07,89.2,89.07,89.17,122
2026-05-29 01:09:00,89.15,89.23,89.11,89.21,313
2026-05-29 01:10:00,89.2,89.29,89.19,89.27,167
2026-05-29 01:11:00,89.27,89.33,89.21,89.22,76
2026-05-29 01:12:00,89.22,89.23,89.17,89.2,71
2026-05-29 01:13:00,89.19,89.19,89.18,89.19,23
2026-05-29 01:14:00,89.19,89.26,89.17,89.25,83
2026-05-29 01:15:00,89.25,89.32,89.25,89.27,109
2026-05-29 01:16:00,89.26,89.34,89.24,89.33,80
2026-05-29 01:17:00,89.32,89.32,89.27,89.27,86
2026-05-29 01:18:00,89.25,89.28,89.24,89.26,45
2026-05-29 01:19:00,89.26,89.29,89.24,89.29,52
2026-05-29 01:20:00,89.3,89.35,89.23,89.26,44
2026-05-29 01:21:00,89.26,89.34,89.25,89.33,98
2026-05-29 01:22:00,89.32,89.4,89.29,89.37,144
2026-05-29 01:23:00,89.37,89.37,89.32,89.35,30
2026-05-29 01:24:00,89.35,89.36,89.31,89.34,61
2026-05-29 01:25:00,89.36,89.39,89.34,89.36,65
2026-05-29 01:26:00,89.35,89.4,89.35,89.4,68
2026-05-29 01:27:00,89.4,89.41,89.36,89.37,157
2026-05-29 01:28:00,89.38,89.42,89.32,89.37,130
2026-05-29 01:29:00,89.35,89.49,89.31,89.48,368
2026-05-29 01:30:00,89.47,89.56,89.42,89.54,165
2026-05-29 01:31:00,89.53,89.57,89.47,89.57,86
2026-05-29 01:32:00,89.56,89.64,89.45,89.5,710
2026-05-29 01:33:00,89.5,89.5,89.4,89.5,224
2026-05-29 01:34:00,89.5,89.5,89.41,89.41,56
2026-05-29 01:35:00,89.43,89.62,89.43,89.48,182
2026-05-29 01:36:00,89.49,89.51,89.45,89.46,33
2026-05-29 01:37:00,89.45,89.46,89.4,89.42,41
2026-05-29 01:38:00,89.4,89.43,89.38,89.4,39
2026-05-29 01:39:00,89.41,89.46,89.4,89.44,67
2026-05-29 01:40:00,89.46,89.48,89.45,89.45,12
2026-05-29 01:41:00,89.45,89.47,89.39,89.41,25
2026-05-29 01:42:00,89.44,89.44,89.35,89.35,30
2026-05-29 01:43:00,89.36,89.4,89.36,89.4,18
2026-05-29 01:44:00,89.38,89.38,89.32,89.35,56
2026-05-29 01:45:00,89.33,89.35,89.19,89.22,286
2026-05-29 01:46:00,89.19,89.2,89.08,89.13,177
2026-05-29 01:47:00,89.12,89.15,89.01,89.04,211
2026-05-29 01:48:00,89.08,89.22,89.01,89.01,238
2026-05-29 01:49:00,89.03,89.09,88.91,88.95,286
2026-05-29 01:50:00,88.98,89.02,88.98,88.98,32
2026-05-29 01:51:00,89.03,89.08,89.02,89.03,27
2026-05-29 01:52:00,89.06,89.09,89.05,89.09,37
2026-05-29 01:53:00,89.08,89.09,89.01,89.01,50
2026-05-29 01:54:00,89.01,89.06,88.96,89.06,123
2026-05-29 01:55:00,89.03,89.03,88.97,89.02,37
2026-05-29 01:56:00,89.05,89.05,89.0,89.01,32
2026-05-29 01:57:00,89.0,89.0,88.83,88.85,316
2026-05-29 01:58:00,88.83,88.83,88.7,88.79,211
2026-05-29 01:59:00,88.81,88.81,88.76,88.79,13
2026-05-29 02:00:00,88.79,88.8,88.74,88.77,39
2026-05-29 02:01:00,88.74,88.77,88.67,88.76,76
2026-05-29 02:02:00,88.76,88.81,88.74,88.79,42
2026-05-29 02:03:00,88.8,88.81,88.72,88.76,54
2026-05-29 02:04:00,88.77,88.77,88.67,88.72,49
2026-05-29 02:05:00,88.69,88.74,88.68,88.74,23
2026-05-29 02:06:00,88.75,88.87,88.75,88.8,65
2026-05-29 02:07:00,88.84,88.92,88.82,88.9,63
2026-05-29 02:08:00,88.91,88.96,88.88,88.91,60
2026-05-29 02:09:00,88.96,88.96,88.9,88.9,23
2026-05-29 02:10:00,88.93,88.93,88.81,88.85,45
2026-05-29 02:11:00,88.85,88.85,88.82,88.82,13
2026-05-29 02:12:00,88.82,88.83,88.74,88.81,77
2026-05-29 02:13:00,88.8,88.83,88.77,88.77,27
2026-05-29 02:14:00,88.79,88.85,88.79,88.81,16
2026-05-29 02:15:00,88.83,88.89,88.8,88.82,65
2026-05-29 02:16:00,88.8,88.86,88.76,88.79,41
2026-05-29 02:17:00,88.78,88.78,88.75,88.78,30
2026-05-29 02:18:00,88.77,88.82,88.75,88.82,57
2026-05-29 02:19:00,88.75,88.76,88.72,88.75,24
2026-05-29 02:20:00,88.74,88.75,88.69,88.72,52
2026-05-29 02:21:00,88.75,88.75,88.69,88.73,78
2026-05-29 02:22:00,88.74,88.75,88.71,88.74,76
2026-05-29 02:23:00,88.76,88.76,88.63,88.63,200
2026-05-29 02:24:00,88.64,88.7,88.64,88.67,63
2026-05-29 02:25:00,88.7,88.71,88.61,88.65,120
2026-05-29 02:26:00,88.66,88.67,88.63,88.67,21
2026-05-29 02:27:00,88.66,88.7,88.64,88.68,25
2026-05-29 02:28:00,88.68,88.76,88.65,88.69,70
2026-05-29 02:29:00,88.65,88.65,88.53,88.53,166
2026-05-29 03:30:00,88.55,88.65,88.5,88.65,0
2026-05-29 03:31:00,88.6,88.8,88.6,88.72,48
2026-05-29 03:32:00,88.75,88.75,88.58,88.67,32
2026-05-29 03:33:00,88.68,88.68,88.59,88.61,24
2026-05-29 03:34:00,88.61,88.61,88.36,88.39,164
2026-05-29 03:35:00,88.42,88.61,88.42,88.55,45
2026-05-29 03:36:00,88.52,88.52,88.41,88.42,36
2026-05-29 03:37:00,88.42,88.47,88.4,88.46,15
2026-05-29 03:38:00,88.43,88.45,88.32,88.32,55
2026-05-29 03:39:00,88.33,88.37,88.26,88.32,79
2026-05-29 03:40:00,88.31,88.46,88.31,88.46,24
2026-05-29 03:41:00,88.46,88.63,88.46,88.55,69
2026-05-29 03:42:00,88.55,88.59,88.55,88.59,6
2026-05-29 03:43:00,88.59,88.59,88.58,88.58,11
2026-05-29 03:44:00,88.57,88.58,88.56,88.58,18
2026-05-29 03:45:00,88.56,88.59,88.56,88.58,8
2026-05-29 03:46:00,88.58,88.6,88.48,88.48,31
2026-05-29 03:47:00,88.49,88.57,88.49,88.53,18
2026-05-29 03:48:00,88.53,88.55,88.52,88.55,11
2026-05-29 03:49:00,88.58,88.58,88.56,88.56,5
2026-05-29 03:50:00,88.57,88.57,88.54,88.57,6
2026-05-29 03:51:00,88.57,88.57,88.55,88.57,11
2026-05-29 03:52:00,88.59,88.59,88.55,88.55,6
2026-05-29 03:53:00,88.56,88.57,88.56,88.57,6
2026-05-29 03:54:00,88.59,88.6,88.59,88.59,9
2026-05-29 03:55:00,88.6,88.72,88.59,88.62,61
2026-05-29 03:56:00,88.62,88.63,88.58,88.6,23
2026-05-29 03:57:00,88.61,88.68,88.61,88.64,28
2026-05-29 03:58:00,88.67,88.92,88.67,88.8,141
2026-05-29 03:59:00,88.83,88.83,88.76,88.79,26
2026-05-29 04:00:00,88.77,88.8,88.75,88.8,26
2026-05-29 04:01:00,88.76,88.76,88.75,88.75,12
2026-05-29 04:02:00,88.72,88.72,88.72,88.72,1
2026-05-29 04:03:00,88.75,88.75,88.7,88.72,10
2026-05-29 04:04:00,88.73,88.79,88.73,88.75,22
2026-05-29 04:05:00,88.76,88.8,88.76,88.79,28
2026-05-29 04:06:00,88.75,88.75,88.75,88.75,2
2026-05-29 04:07:00,88.72,88.72,88.7,88.7,6
2026-05-29 04:08:00,88.68,88.68,88.62,88.64,4
2026-05-29 04:09:00,88.61,88.62,88.59,88.62,15
2026-05-29 04:10:00,88.63,88.63,88.61,88.61,8
2026-05-29 04:11:00,88.6,88.6,88.47,88.5,52
2026-05-29 04:12:00,88.52,88.54,88.51,88.51,12
2026-05-29 04:13:00,88.54,88.55,88.52,88.55,4
2026-05-29 04:14:00,88.55,88.57,88.54,88.54,11
2026-05-29 04:15:00,88.52,88.54,88.52,88.54,3
2026-05-29 04:16:00,88.55,88.55,88.55,88.55,5
2026-05-29 04:17:00,88.57,88.57,88.57,88.57,4
2026-05-29 04:18:00,88.56,88.58,88.56,88.58,4
2026-05-29 04:19:00,88.62,88.65,88.61,88.61,6
2026-05-29 04:20:00,88.6,88.6,88.58,88.6,6
2026-05-29 04:23:00,88.58,88.58,88.58,88.58,3
2026-05-29 04:24:00,88.6,88.6,88.6,88.6,1
2026-05-29 04:25:00,88.6,88.62,88.6,88.62,5
2026-05-29 04:26:00,88.62,88.62,88.59,88.62,8
2026-05-29 04:27:00,88.6,88.6,88.6,88.6,4
2026-05-29 04:28:00,88.6,88.6,88.52,88.57,18
2026-05-29 04:29:00,88.58,88.58,88.51,88.51,11
2026-05-29 04:30:00,88.54,88.59,88.3,88.32,184
2026-05-29 04:31:00,88.32,88.33,88.2,88.3,77
2026-05-29 04:32:00,88.3,88.43,88.3,88.39,45
2026-05-29 04:33:00,88.37,88.38,88.35,88.35,8
2026-05-29 04:34:00,88.38,88.4,88.38,88.38,6
2026-05-29 04:35:00,88.44,88.48,88.43,88.48,7
2026-05-29 04:36:00,88.47,88.5,88.42,88.42,25
2026-05-29 04:37:00,88.43,88.43,88.42,88.42,5
2026-05-29 04:38:00,88.47,88.54,88.47,88.53,11
2026-05-29 04:39:00,88.51,88.53,88.51,88.53,3
2026-05-29 04:40:00,88.51,88.51,88.44,88.44,15
2026-05-29 04:42:00,88.45,88.47,88.45,88.47,3
2026-05-29 04:43:00,88.46,88.47,88.42,88.43,21
2026-05-29 04:44:00,88.45,88.47,88.44,88.46,17
2026-05-29 04:45:00,88.45,88.46,88.45,88.46,4
2026-05-29 04:46:00,88.46,88.51,88.46,88.51,13
2026-05-29 04:47:00,88.5,88.51,88.44,88.47,23
2026-05-29 04:48:00,88.49,88.5,88.45,88.45,18
2026-05-29 04:49:00,88.46,88.49,88.46,88.47,9
2026-05-29 04:50:00,88.43,88.45,88.37,88.45,30
2026-05-29 04:51:00,88.45,88.46,88.45,88.45,11
2026-05-29 04:52:00,88.46,88.48,88.46,88.47,4
2026-05-29 04:53:00,88.47,88.47,88.42,88.45,15
2026-05-29 04:54:00,88.47,88.55,88.45,88.51,67
2026-05-29 04:55:00,88.54,88.56,88.49,88.5,17
2026-05-29 04:56:00,88.48,88.48,88.4,88.46,13
2026-05-29 04:57:00,88.48,88.55,88.48,88.55,13
2026-05-29 04:58:00,88.55,88.59,88.55,88.57,75
2026-05-29 04:59:00,88.56,88.56,88.46,88.47,72
2026-05-29 05:00:00,88.48,88.57,88.48,88.57,39
2026-05-29 05:02:00,88.54,88.54,88.53,88.53,3
2026-05-29 05:03:00,88.53,88.53,88.53,88.53,2
2026-05-29 05:04:00,88.52,88.53,88.52,88.53,2
2026-05-29 05:05:00,88.53,88.53,88.5,88.5,7
2026-05-29 05:06:00,88.46,88.46,88.42,88.42,19
2026-05-29 05:07:00,88.43,88.44,88.36,88.36,32
2026-05-29 05:08:00,88.37,88.4,88.33,88.35,16
2026-05-29 05:09:00,88.35,88.37,88.35,88.37,18
2026-05-29 05:10:00,88.35,88.36,88.34,88.35,25
2026-05-29 05:11:00,88.34,88.35,88.34,88.34,12
2026-05-29 05:12:00,88.36,88.38,88.36,88.38,10
2026-05-29 05:13:00,88.38,88.41,88.37,88.37,11
2026-05-29 05:14:00,88.38,88.42,88.38,88.42,20
2026-05-29 05:15:00,88.43,88.45,88.43,88.43,12
2026-05-29 05:16:00,88.43,88.44,88.42,88.44,12
2026-05-29 05:17:00,88.44,88.44,88.43,88.43,10
2026-05-29 05:18:00,88.43,88.46,88.41,88.45,12
2026-05-29 05:19:00,88.45,88.47,88.45,88.45,9
2026-05-29 05:20:00,88.45,88.45,88.45,88.45,1
2026-05-29 05:21:00,88.46,88.46,88.45,88.45,2
2026-05-29 05:22:00,88.47,88.48,88.45,88.45,8
2026-05-29 05:23:00,88.47,88.47,88.42,88.42,8
2026-05-29 05:24:00,88.44,88.46,88.44,88.46,7
2026-05-29 05:25:00,88.46,88.49,88.46,88.47,10
2026-05-29 05:26:00,88.46,88.46,88.46,88.46,7
2026-05-29 05:27:00,88.43,88.43,88.43,88.43,1
2026-05-29 05:28:00,88.45,88.47,88.45,88.46,5
2026-05-29 05:29:00,88.45,88.67,88.45,88.53,118
2026-05-29 05:30:00,88.53,88.53,88.28,88.34,271
2026-05-29 05:31:00,88.34,88.37,88.23,88.33,53
2026-05-29 05:32:00,88.3,88.38,88.29,88.38,29
2026-05-29 05:33:00,88.38,88.39,88.31,88.38,71
2026-05-29 05:34:00,88.38,88.38,88.31,88.33,22
2026-05-29 05:35:00,88.3,88.34,88.24,88.28,32
2026-05-29 05:36:00,88.29,88.32,88.28,88.29,44
2026-05-29 05:37:00,88.33,88.38,88.28,88.31,51
2026-05-29 05:38:00,88.32,88.39,88.31,88.39,23
2026-05-29 05:39:00,88.4,88.4,88.36,88.38,22
2026-05-29 05:40:00,88.4,88.53,88.4,88.45,94
2026-05-29 05:41:00,88.46,88.48,88.42,88.44,42
2026-05-29 05:42:00,88.4,88.4,88.36,88.37,20
2026-05-29 05:43:00,88.38,88.38,88.29,88.32,41
2026-05-29 05:44:00,88.32,88.32,88.27,88.3,21
2026-05-29 05:45:00,88.31,88.36,88.29,88.3,52
2026-05-29 05:46:00,88.3,88.32,88.23,88.25,51
2026-05-29 05:47:00,88.26,88.33,88.26,88.28,41
2026-05-29 05:48:00,88.29,88.29,88.25,88.27,34
2026-05-29 05:49:00,88.27,88.28,88.16,88.2,100
2026-05-29 05:50:00,88.22,88.23,88.18,88.18,19
2026-05-29 05:51:00,88.19,88.23,88.17,88.2,32
2026-05-29 05:52:00,88.19,88.23,88.18,88.22,10
2026-05-29 05:53:00,88.2,88.22,88.16,88.18,16
2026-05-29 05:54:00,88.18,88.21,88.13,88.16,34
2026-05-29 05:55:00,88.17,88.21,87.93,88.0,395
2026-05-29 05:56:00,87.98,88.0,87.63,87.73,451
2026-05-29 05:57:00,87.75,87.89,87.75,87.81,131
2026-05-29 05:58:00,87.8,88.03,87.8,87.88,193
2026-05-29 05:59:00,87.87,87.93,87.85,87.92,49
2026-05-29 06:00:00,87.93,87.97,87.88,87.95,40
2026-05-29 06:01:00,87.95,88.07,87.95,88.07,67
2026-05-29 06:02:00,88.07,88.13,88.04,88.06,57
2026-05-29 06:03:00,88.04,88.13,88.04,88.12,31
2026-05-29 06:04:00,88.12,88.15,88.09,88.13,31
2026-05-29 06:05:00,88.12,88.12,88.08,88.09,13
2026-05-29 06:06:00,88.07,88.12,88.05,88.11,47
2026-05-29 06:07:00,88.11,88.11,88.1,88.1,7
2026-05-29 06:08:00,88.09,88.12,88.09,88.12,11
2026-05-29 06:09:00,88.12,88.12,88.08,88.1,24
2026-05-29 06:10:00,88.1,88.1,88.08,88.08,13
2026-05-29 06:11:00,88.09,88.12,88.08,88.11,10
2026-05-29 06:12:00,88.11,88.11,88.05,88.05,4
2026-05-29 06:13:00,88.09,88.11,88.08,88.11,6
2026-05-29 06:14:00,88.11,88.12,88.1,88.12,16
2026-05-29 06:15:00,88.12,88.14,88.12,88.12,10
2026-05-29 06:16:00,88.11,88.14,88.09,88.14,20
2026-05-29 06:17:00,88.15,88.28,88.15,88.22,63
2026-05-29 06:18:00,88.24,88.24,88.2,88.21,13
2026-05-29 06:19:00,88.22,88.23,88.22,88.22,6
2026-05-29 06:20:00,88.21,88.25,88.21,88.24,22
2026-05-29 06:21:00,88.24,88.31,88.24,88.25,34
2026-05-29 06:22:00,88.26,88.3,88.26,88.29,15
2026-05-29 06:23:00,88.3,88.4,88.3,88.36,64
2026-05-29 06:24:00,88.36,88.39,88.34,88.39,16
2026-05-29 06:25:00,88.4,88.45,88.39,88.4,44
2026-05-29 06:26:00,88.37,88.39,88.35,88.35,17
2026-05-29 06:27:00,88.35,88.37,88.35,88.37,11
2026-05-29 06:28:00,88.37,88.4,88.36,88.37,19
2026-05-29 06:29:00,88.37,88.39,88.31,88.36,33
2026-05-29 06:30:00,88.35,88.36,88.15,88.22,110
2026-05-29 06:31:00,88.25,88.34,88.2,88.33,37
2026-05-29 06:32:00,88.32,88.32,88.23,88.23,70
2026-05-29 06:33:00,88.25,88.28,88.24,88.24,18
2026-05-29 06:34:00,88.24,88.24,88.17,88.24,30
2026-05-29 06:35:00,88.22,88.28,88.19,88.27,10
2026-05-29 06:36:00,88.27,88.28,88.25,88.25,12
2026-05-29 06:37:00,88.25,88.27,88.21,88.22,31
2026-05-29 06:38:00,88.22,88.23,87.99,88.0,157
2026-05-29 06:39:00,88.0,88.0,87.78,87.85,205
2026-05-29 06:40:00,87.84,87.84,87.67,87.77,259
2026-05-29 06:41:00,87.8,87.87,87.8,87.87,44
2026-05-29 06:42:00,87.88,87.89,87.71,87.8,121
2026-05-29 06:43:00,87.84,87.9,87.84,87.88,32
2026-05-29 06:44:00,87.89,87.95,87.88,87.89,50
2026-05-29 06:45:00,87.89,87.96,87.87,87.91,76
2026-05-29 06:46:00,87.9,87.95,87.89,87.93,30
2026-05-29 06:47:00,87.91,87.97,87.9,87.95,22
2026-05-29 06:48:00,87.96,88.01,87.9,87.95,51
2026-05-29 06:49:00,87.98,88.03,87.98,88.01,18
2026-05-29 06:50:00,88.02,88.1,88.02,88.1,34
2026-05-29 06:51:00,88.1,88.17,88.06,88.17,43
2026-05-29 06:52:00,88.18,88.18,88.11,88.16,64
2026-05-29 06:53:00,88.18,88.38,88.15,88.34,101
2026-05-29 06:54:00,88.34,88.44,88.31,88.36,173
2026-05-29 06:55:00,88.34,88.35,88.28,88.32,57
2026-05-29 06:56:00,88.34,88.36,88.26,88.3,39
2026-05-29 06:57:00,88.3,88.34,88.26,88.29,38
2026-05-29 06:58:00,88.31,88.32,88.29,88.29,17
2026-05-29 06:59:00,88.31,88.34,88.29,88.32,9
2026-05-29 07:00:00,88.3,88.36,88.29,88.32,22
2026-05-29 07:01:00,88.37,88.37,88.33,88.35,19
2026-05-29 07:02:00,88.35,88.38,88.34,88.36,19
2026-05-29 07:03:00,88.35,88.39,88.35,88.39,16
2026-05-29 07:04:00,88.37,88.39,88.36,88.36,11
2026-05-29 07:05:00,88.36,88.37,88.34,88.37,16
2026-05-29 07:06:00,88.36,88.44,88.36,88.42,19
2026-05-29 07:07:00,88.4,88.43,88.38,88.41,12
2026-05-29 07:08:00,88.41,88.42,88.39,88.41,7
2026-05-29 07:09:00,88.42,88.44,88.38,88.38,19
2026-05-29 07:10:00,88.4,88.4,88.33,88.34,27
2026-05-29 07:11:00,88.33,88.39,88.32,88.37,16
2026-05-29 07:12:00,88.36,88.37,88.31,88.31,23
2026-05-29 07:13:00,88.3,88.35,88.25,88.32,55
2026-05-29 07:14:00,88.32,88.32,88.25,88.26,42
2026-05-29 07:15:00,88.24,88.24,88.14,88.16,41
2026-05-29 07:16:00,88.18,88.22,88.09,88.09,50
2026-05-29 07:17:00,88.11,88.16,88.1,88.16,29
2026-05-29 07:18:00,88.12,88.17,88.11,88.17,22
2026-05-29 07:19:00,88.18,88.18,88.14,88.14,12
2026-05-29 07:20:00,88.17,88.19,88.13,88.16,14
2026-05-29 07:21:00,88.16,88.17,88.1,88.12,16
2026-05-29 07:22:00,88.1,88.12,88.08,88.12,27
2026-05-29 07:23:00,88.09,88.16,88.07,88.16,11
2026-05-29 07:24:00,88.15,88.15,88.09,88.1,12
2026-05-29 07:25:00,88.08,88.14,88.06,88.14,7
2026-05-29 07:26:00,88.13,88.16,88.11,88.11,5
2026-05-29 07:27:00,88.09,88.09,87.94,87.96,64
2026-05-29 07:28:00,87.97,88.02,87.96,88.01,40
2026-05-29 07:29:00,88.02,88.03,87.86,87.89,129
2026-05-29 07:30:00,87.9,87.9,87.75,87.85,162
2026-05-29 07:31:00,87.85,87.86,87.68,87.7,125
2026-05-29 07:32:00,87.7,87.75,87.57,87.68,225
2026-05-29 07:33:00,87.7,87.76,87.65,87.66,110
2026-05-29 07:34:00,87.67,87.74,87.66,87.69,74
2026-05-29 07:35:00,87.68,87.72,87.66,87.66,103
2026-05-29 07:36:00,87.65,87.76,87.63,87.73,57
2026-05-29 07:37:00,87.73,87.78,87.72,87.75,32
2026-05-29 07:38:00,87.74,87.78,87.71,87.71,87
2026-05-29 07:39:00,87.7,87.76,87.69,87.74,49
2026-05-29 07:40:00,87.75,87.89,87.75,87.87,54
2026-05-29 07:41:00,87.86,87.89,87.78,87.8,87
2026-05-29 07:42:00,87.79,87.79,87.74,87.75,34
2026-05-29 07:43:00,87.76,87.85,87.74,87.82,76
2026-05-29 07:44:00,87.8,87.82,87.78,87.82,19
2026-05-29 07:45:00,87.8,87.84,87.8,87.83,50
2026-05-29 07:46:00,87.82,87.92,87.82,87.89,30
2026-05-29 07:47:00,87.9,87.9,87.86,87.86,19
2026-05-29 07:48:00,87.85,87.87,87.84,87.86,8
2026-05-29 07:49:00,87.85,87.93,87.85,87.9,33
2026-05-29 07:50:00,87.9,87.92,87.88,87.88,14
2026-05-29 07:51:00,87.89,87.91,87.85,87.91,13
2026-05-29 07:52:00,87.91,87.91,87.87,87.87,9
2026-05-29 07:53:00,87.9,87.96,87.9,87.93,71
2026-05-29 07:54:00,87.92,87.94,87.89,87.94,14
2026-05-29 07:55:00,87.95,88.0,87.95,87.98,33
2026-05-29 07:56:00,87.98,88.0,87.97,87.99,17
2026-05-29 07:57:00,88.0,88.03,87.98,88.03,31
2026-05-29 07:58:00,88.01,88.01,87.97,87.97,46
2026-05-29 07:59:00,87.95,87.95,87.88,87.89,58
2026-05-29 08:00:00,87.9,87.96,87.9,87.96,22
2026-05-29 08:01:00,87.94,88.05,87.94,88.02,24
2026-05-29 08:02:00,88.02,88.04,87.94,87.99,33
2026-05-29 08:03:00,87.96,87.97,87.92,87.96,24
2026-05-29 08:04:00,87.93,87.93,87.88,87.9,17
2026-05-29 08:05:00,87.89,87.91,87.88,87.91,35
2026-05-29 08:06:00,87.91,87.93,87.91,87.92,13
2026-05-29 08:07:00,87.93,87.94,87.89,87.89,15
2026-05-29 08:08:00,87.89,87.89,87.78,87.81,40
2026-05-29 08:09:00,87.81,87.81,87.8,87.81,9
2026-05-29 08:10:00,87.82,87.85,87.78,87.8,26
2026-05-29 08:11:00,87.78,87.79,87.74,87.76,20
2026-05-29 08:12:00,87.77,87.86,87.77,87.82,14
2026-05-29 08:13:00,87.84,87.85,87.84,87.85,4
2026-05-29 08:14:00,87.85,87.89,87.85,87.86,18
2026-05-29 08:15:00,87.85,87.86,87.85,87.85,5
2026-05-29 08:16:00,87.86,87.88,87.83,87.88,25
2026-05-29 08:17:00,87.86,87.88,87.84,87.85,11
2026-05-29 08:18:00,87.85,87.9,87.85,87.9,13
2026-05-29 08:19:00,87.92,87.92,87.85,87.87,26
2026-05-29 08:20:00,87.87,87.96,87.87,87.93,28
2026-05-29 08:21:00,87.93,87.93,87.88,87.91,10
2026-05-29 08:22:00,87.91,87.91,87.88,87.9,19
2026-05-29 08:23:00,87.9,87.91,87.9,87.91,4
2026-05-29 08:24:00,87.9,87.94,87.85,87.89,42
2026-05-29 08:25:00,87.89,87.89,87.87,87.87,7
2026-05-29 08:26:00,87.86,87.9,87.85,87.85,32
2026-05-29 08:27:00,87.85,87.88,87.85,87.88,6
2026-05-29 08:28:00,87.87,87.87,87.8,87.82,59
2026-05-29 08:29:00,87.83,87.83,87.73,87.77,74
2026-05-29 08:30:00,87.81,87.86,87.7,87.71,95
2026-05-29 08:31:00,87.73,87.78,87.73,87.74,14
2026-05-29 08:32:00,87.73,87.73,87.66,87.69,35
2026-05-29 08:33:00,87.72,87.72,87.66,87.66,17
2026-05-29 08:34:00,87.69,87.69,87.66,87.66,10
2026-05-29 08:35:00,87.67,87.73,87.65,87.65,32
2026-05-29 08:36:00,87.68,87.69,87.65,87.66,19
2026-05-29 08:37:00,87.66,87.68,87.5,87.54,229
2026-05-29 08:38:00,87.54,87.54,87.44,87.5,129
2026-05-29 08:39:00,87.49,87.53,87.43,87.5,101
2026-05-29 08:40:00,87.52,87.62,87.52,87.56,47
2026-05-29 08:41:00,87.54,87.55,87.45,87.47,34
2026-05-29 08:42:00,87.49,87.5,87.42,87.44,54
2026-05-29 08:43:00,87.49,87.51,87.37,87.41,74
2026-05-29 08:44:00,87.43,87.47,87.41,87.47,31
2026-05-29 08:45:00,87.5,87.56,87.48,87.54,60
2026-05-29 08:46:00,87.53,87.53,87.48,87.52,24
2026-05-29 08:47:00,87.5,87.54,87.5,87.54,18
2026-05-29 08:48:00,87.55,87.57,87.5,87.54,55
2026-05-29 08:49:00,87.54,87.58,87.54,87.57,20
2026-05-29 08:50:00,87.56,87.59,87.53,87.59,6
2026-05-29 08:51:00,87.59,87.61,87.54,87.59,40
2026-05-29 08:52:00,87.57,87.59,87.56,87.57,16
2026-05-29 08:53:00,87.57,87.62,87.56,87.57,30
2026-05-29 08:54:00,87.57,87.57,87.51,87.56,17
2026-05-29 08:55:00,87.56,87.7,87.56,87.65,80
2026-05-29 08:56:00,87.65,87.67,87.58,87.59,33
2026-05-29 08:57:00,87.6,87.64,87.59,87.62,28
2026-05-29 08:58:00,87.64,87.64,87.64,87.64,20
2026-05-29 08:59:00,87.65,87.69,87.63,87.64,22
2026-05-29 09:00:00,87.63,87.74,87.63,87.72,81
2026-05-29 09:01:00,87.71,87.81,87.68,87.79,48
2026-05-29 09:02:00,87.78,87.8,87.76,87.78,31
2026-05-29 09:03:00,87.78,87.8,87.75,87.75,52
2026-05-29 09:04:00,87.74,87.79,87.74,87.79,27
2026-05-29 09:05:00,87.78,87.78,87.75,87.77,25
2026-05-29 09:06:00,87.77,87.78,87.74,87.76,23
2026-05-29 09:07:00,87.78,87.79,87.78,87.78,6
2026-05-29 09:08:00,87.77,87.78,87.74,87.74,8
2026-05-29 09:09:00,87.74,87.74,87.7,87.72,21
2026-05-29 09:10:00,87.73,87.74,87.7,87.7,18
2026-05-29 09:11:00,87.72,87.78,87.71,87.77,68
2026-05-29 09:12:00,87.77,87.8,87.76,87.78,14
2026-05-29 09:13:00,87.78,87.79,87.73,87.79,32
2026-05-29 09:14:00,87.79,87.83,87.75,87.76,44
2026-05-29 09:15:00,87.77,87.85,87.77,87.85,12
2026-05-29 09:16:00,87.86,87.88,87.84,87.86,23
2026-05-29 09:17:00,87.85,87.86,87.81,87.85,21
2026-05-29 09:18:00,87.83,87.84,87.81,87.81,19
2026-05-29 09:19:00,87.81,87.81,87.76,87.77,10
2026-05-29 09:20:00,87.77,87.82,87.76,87.82,28
2026-05-29 09:21:00,87.82,87.86,87.82,87.85,24
2026-05-29 09:22:00,87.82,88.29,87.8,88.17,276
2026-05-29 09:23:00,88.15,88.17,88.05,88.07,53
2026-05-29 09:24:00,88.06,88.12,88.02,88.07,48
2026-05-29 09:25:00,88.07,88.08,87.97,88.0,30
2026-05-29 09:26:00,88.01,88.26,88.01,88.16,163
2026-05-29 09:27:00,88.19,88.22,88.09,88.11,43
2026-05-29 09:28:00,88.09,88.17,88.06,88.17,39
2026-05-29 09:30:00,88.18,88.23,88.12,88.18,50
2026-05-29 09:31:00,88.16,88.25,88.14,88.23,30
2026-05-29 09:32:00,88.23,88.23,88.11,88.12,31
2026-05-29 09:33:00,88.14,88.16,88.11,88.13,38
2026-05-29 09:34:00,88.13,88.13,88.05,88.06,44
2026-05-29 09:35:00,88.06,88.18,88.06,88.09,54
2026-05-29 09:36:00,88.08,88.09,88.04,88.07,26
2026-05-29 09:37:00,88.08,88.08,88.01,88.04,12
2026-05-29 09:38:00,88.01,88.01,87.9,87.92,61
2026-05-29 09:39:00,87.92,87.97,87.91,87.91,25
2026-05-29 09:40:00,87.9,87.9,87.79,87.86,45
2026-05-29 09:41:00,87.87,87.89,87.82,87.83,44
2026-05-29 09:42:00,87.84,87.86,87.78,87.79,46
2026-05-29 09:43:00,87.78,87.83,87.77,87.82,41
2026-05-29 09:44:00,87.83,87.84,87.79,87.83,23
2026-05-29 09:45:00,87.84,87.84,87.54,87.61,213
2026-05-29 09:46:00,87.6,87.7,87.56,87.64,73
2026-05-29 09:47:00,87.65,87.81,87.61,87.75,68
2026-05-29 09:48:00,87.76,87.76,87.65,87.67,29
2026-05-29 09:49:00,87.68,87.73,87.64,87.71,29
2026-05-29 09:50:00,87.69,87.69,87.55,87.62,81
2026-05-29 09:51:00,87.62,87.63,87.56,87.6,231
2026-05-29 09:52:00,87.6,87.7,87.6,87.68,34
2026-05-29 09:53:00,87.68,87.69,87.55,87.65,117
2026-05-29 09:54:00,87.63,87.73,87.62,87.7,53
2026-05-29 09:55:00,87.67,87.7,87.6,87.66,51
2026-05-29 09:56:00,87.64,87.74,87.62,87.67,45
2026-05-29 09:57:00,87.66,87.67,87.56,87.62,118
2026-05-29 09:58:00,87.6,87.6,87.47,87.57,110
2026-05-29 09:59:00,87.59,87.74,87.54,87.72,318
2026-05-29 10:00:00,87.7,87.79,87.56,87.64,180
2026-05-29 10:01:00,87.65,87.77,87.61,87.76,74
2026-05-29 10:02:00,87.76,87.79,87.73,87.77,39
2026-05-29 10:03:00,87.78,87.86,87.78,87.84,30
2026-05-29 10:04:00,87.84,87.99,87.84,87.96,66
2026-05-29 10:05:00,87.94,87.98,87.86,87.93,129
2026-05-29 10:06:00,87.91,87.93,87.86,87.9,30
2026-05-29 10:07:00,87.87,87.91,87.82,87.88,34
2026-05-29 10:08:00,87.86,87.87,87.82,87.84,21
2026-05-29 10:09:00,87.84,87.84,87.72,87.79,45
2026-05-29 10:10:00,87.77,87.77,87.75,87.76,4
2026-05-29 10:11:00,87.75,87.76,87.72,87.72,8
2026-05-29 10:12:00,87.73,87.78,87.73,87.78,11
2026-05-29 10:13:00,87.78,87.8,87.74,87.74,22
2026-05-29 10:14:00,87.75,87.77,87.74,87.76,13
2026-05-29 10:15:00,87.78,87.82,87.77,87.8,20
2026-05-29 10:16:00,87.79,87.83,87.79,87.81,27
2026-05-29 10:17:00,87.83,87.83,87.75,87.78,27
2026-05-29 10:18:00,87.77,87.79,87.77,87.79,8
2026-05-29 10:19:00,87.77,87.8,87.76,87.76,8
2026-05-29 10:20:00,87.77,87.78,87.75,87.77,6
2026-05-29 10:21:00,87.74,87.75,87.72,87.74,9
2026-05-29 10:22:00,87.74,87.75,87.72,87.74,16
2026-05-29 10:23:00,87.75,87.76,87.74,87.76,8
2026-05-29 10:24:00,87.75,87.75,87.64,87.66,53
2026-05-29 10:25:00,87.67,87.74,87.67,87.74,30
2026-05-29 10:26:00,87.75,87.82,87.74,87.76,60
2026-05-29 10:27:00,87.76,87.79,87.76,87.79,11
2026-05-29 10:28:00,87.78,87.79,87.76,87.77,17
2026-05-29 10:29:00,87.75,87.75,87.71,87.71,14
2026-05-29 10:30:00,87.72,87.8,87.72,87.79,26
2026-05-29 10:31:00,87.8,87.82,87.78,87.79,26
2026-05-29 10:32:00,87.79,87.79,87.71,87.71,44
2026-05-29 10:33:00,87.74,87.74,87.7,87.72,25
2026-05-29 10:34:00,87.73,87.75,87.71,87.75,33
2026-05-29 10:35:00,87.75,87.78,87.74,87.76,10
2026-05-29 10:36:00,87.78,87.8,87.78,87.79,12
2026-05-29 10:37:00,87.77,87.77,87.75,87.76,40
2026-05-29 10:38:00,87.78,87.79,87.75,87.75,21
2026-05-29 10:39:00,87.75,87.76,87.75,87.75,6
2026-05-29 10:40:00,87.77,87.77,87.75,87.76,6
2026-05-29 10:41:00,87.75,87.76,87.74,87.76,9
2026-05-29 10:42:00,87.77,87.79,87.77,87.77,10
2026-05-29 10:43:00,87.78,87.81,87.78,87.79,37
2026-05-29 10:44:00,87.79,87.82,87.77,87.82,11
2026-05-29 10:45:00,87.82,87.82,87.8,87.8,9
2026-05-29 10:46:00,87.79,87.82,87.79,87.79,8
2026-05-29 10:47:00,87.79,87.8,87.78,87.8,16
2026-05-29 10:48:00,87.79,87.8,87.79,87.8,4
2026-05-29 10:49:00,87.78,87.79,87.78,87.79,3
2026-05-29 10:50:00,87.78,87.79,87.77,87.78,6
2026-05-29 10:51:00,87.78,87.78,87.74,87.74,16
2026-05-29 10:52:00,87.71,87.73,87.7,87.72,47
2026-05-29 10:53:00,87.73,87.78,87.73,87.77,31
2026-05-29 10:54:00,87.78,87.82,87.78,87.82,10
2026-05-29 10:55:00,87.79,87.82,87.79,87.82,11
2026-05-29 10:56:00,87.82,87.82,87.8,87.8,15
2026-05-29 10:57:00,87.79,87.8,87.79,87.8,3
2026-05-29 10:58:00,87.79,87.8,87.78,87.78,11
2026-05-29 10:59:00,87.76,87.77,87.75,87.77,10
2026-05-29 11:00:00,87.8,87.81,87.67,87.7,47
2026-05-29 11:01:00,87.71,87.76,87.71,87.74,44
2026-05-29 11:02:00,87.78,87.84,87.78,87.84,43
2026-05-29 11:03:00,87.85,87.85,87.83,87.83,22
2026-05-29 11:04:00,87.79,87.83,87.79,87.81,7
2026-05-29 11:05:00,87.84,87.85,87.81,87.81,14
2026-05-29 11:06:00,87.8,87.95,87.8,87.85,148
2026-05-29 11:07:00,87.83,87.92,87.83,87.92,28
2026-05-29 11:08:00,87.92,87.96,87.92,87.95,36
2026-05-29 11:09:00,87.95,87.97,87.91,87.95,52
2026-05-29 11:10:00,87.94,87.96,87.92,87.96,24
2026-05-29 11:11:00,87.95,88.0,87.93,87.94,73
2026-05-29 11:12:00,87.95,87.98,87.9,87.9,31
2026-05-29 11:13:00,87.92,87.93,87.88,87.9,12
2026-05-29 11:14:00,87.89,87.9,87.88,87.89,12
2026-05-29 11:15:00,87.9,87.95,87.9,87.9,22
2026-05-29 11:16:00,87.9,87.95,87.9,87.93,26
2026-05-29 11:17:00,87.89,87.9,87.84,87.9,20
2026-05-29 11:18:00,87.91,87.96,87.91,87.95,19
2026-05-29 11:19:00,87.96,87.96,87.92,87.95,23
2026-05-29 11:20:00,87.96,88.07,87.96,87.99,95
2026-05-29 11:21:00,87.97,87.99,87.92,87.96,52
2026-05-29 11:22:00,87.97,87.99,87.95,87.97,40
2026-05-29 11:23:00,87.97,87.98,87.97,87.98,8
2026-05-29 11:24:00,87.98,88.04,87.98,88.02,38
2026-05-29 11:25:00,88.0,88.03,87.99,88.02,15
2026-05-29 11:26:00,88.01,88.03,88.0,88.01,41
2026-05-29 11:27:00,88.02,88.13,88.02,88.11,90
2026-05-29 11:28:00,88.11,88.11,88.05,88.08,34
2026-05-29 11:29:00,88.08,88.09,88.02,88.02,29
2026-05-29 11:30:00,88.01,88.04,87.98,88.01,42
2026-05-29 11:31:00,88.02,88.03,87.98,88.01,21
2026-05-29 11:32:00,88.02,88.03,87.99,87.99,20
2026-05-29 11:33:00,87.98,88.04,87.98,88.01,35
2026-05-29 11:34:00,88.01,88.04,87.99,88.04,19
2026-05-29 11:35:00,88.02,88.02,87.92,87.95,56
2026-05-29 11:36:00,87.95,87.97,87.92,87.93,39
2026-05-29 11:37:00,87.94,87.98,87.93,87.96,21
2026-05-29 11:38:00,87.98,88.02,87.96,88.01,35
2026-05-29 11:39:00,88.0,88.03,87.99,88.01,14
2026-05-29 11:40:00,88.02,88.04,88.01,88.01,8
2026-05-29 11:41:00,88.01,88.01,87.98,87.98,13
2026-05-29 11:42:00,87.96,87.96,87.93,87.93,14
2026-05-29 11:43:00,87.93,87.95,87.9,87.91,41
2026-05-29 11:44:00,87.91,87.93,87.8,87.82,91
2026-05-29 11:45:00,87.82,87.86,87.77,87.86,103
2026-05-29 11:46:00,87.86,87.88,87.83,87.86,33
2026-05-29 11:47:00,87.87,87.88,87.84,87.87,19
2026-05-29 11:48:00,87.9,87.9,87.88,87.88,8
2026-05-29 11:49:00,87.88,87.91,87.84,87.9,31
2026-05-29 11:50:00,87.91,87.91,87.84,87.84,38
2026-05-29 11:51:00,87.84,87.84,87.73,87.74,34
2026-05-29 11:52:00,87.74,87.74,87.48,87.55,143
2026-05-29 11:53:00,87.55,87.55,87.43,87.45,122
2026-05-29 11:54:00,87.44,87.55,87.4,87.54,113
2026-05-29 11:55:00,87.55,87.55,87.47,87.53,61
2026-05-29 11:56:00,87.53,87.55,87.44,87.44,56
2026-05-29 11:57:00,87.43,87.49,87.38,87.49,67
2026-05-29 11:58:00,87.49,87.56,87.37,87.42,168
2026-05-29 11:59:00,87.43,87.44,87.39,87.4,54
2026-05-29 12:00:00,87.42,87.42,87.31,87.37,134
2026-05-29 12:01:00,87.35,87.35,87.22,87.3,101
2026-05-29 12:02:00,87.3,87.33,87.17,87.25,168
2026-05-29 12:03:00,87.24,87.35,87.24,87.29,86
2026-05-29 12:04:00,87.29,87.36,87.27,87.36,52
2026-05-29 12:05:00,87.37,87.41,87.35,87.39,19
2026-05-29 12:06:00,87.38,87.4,87.35,87.38,41
2026-05-29 12:07:00,87.38,87.46,87.36,87.45,55
2026-05-29 12:08:00,87.45,87.45,87.35,87.41,116
2026-05-29 12:09:00,87.4,87.52,87.39,87.48,48
2026-05-29 12:10:00,87.48,87.53,87.45,87.51,58
2026-05-29 12:11:00,87.5,87.59,87.49,87.59,76
2026-05-29 12:12:00,87.59,87.61,87.54,87.54,66
2026-05-29 12:13:00,87.53,87.57,87.51,87.54,110
2026-05-29 12:14:00,87.54,87.57,87.5,87.56,60
2026-05-29 12:15:00,87.58,87.69,87.58,87.65,116
2026-05-29 12:16:00,87.64,87.67,87.61,87.61,48
2026-05-29 12:17:00,87.6,87.61,87.54,87.56,13
2026-05-29 12:18:00,87.56,87.57,87.54,87.54,24
2026-05-29 12:19:00,87.54,87.56,87.52,87.54,30
2026-05-29 12:20:00,87.55,87.63,87.5,87.58,77
2026-05-29 12:21:00,87.57,87.61,87.56,87.56,26
2026-05-29 12:22:00,87.57,87.58,87.54,87.56,15
2026-05-29 12:23:00,87.57,87.59,87.56,87.58,13
2026-05-29 12:24:00,87.56,87.59,87.56,87.56,17
2026-05-29 12:25:00,87.56,87.57,87.49,87.56,94
2026-05-29 12:26:00,87.55,87.56,87.51,87.51,25
2026-05-29 12:27:00,87.51,87.51,87.43,87.49,74
2026-05-29 12:28:00,87.48,87.51,87.47,87.49,64
2026-05-29 12:29:00,87.49,87.54,87.47,87.48,56
2026-05-29 12:30:00,87.48,87.48,87.35,87.37,139
2026-05-29 12:31:00,87.37,87.45,87.34,87.45,85
2026-05-29 12:32:00,87.44,87.7,87.44,87.64,117
2026-05-29 12:33:00,87.64,87.64,87.53,87.56,58
2026-05-29 12:34:00,87.54,87.58,87.51,87.56,77
2026-05-29 12:35:00,87.57,87.58,87.44,87.5,60
2026-05-29 12:36:00,87.51,87.55,87.51,87.54,15
2026-05-29 12:37:00,87.55,87.56,87.5,87.56,33
2026-05-29 12:38:00,87.56,87.58,87.54,87.58,30
2026-05-29 12:39:00,87.58,87.62,87.56,87.61,29
2026-05-29 12:40:00,87.63,87.65,87.58,87.59,26
2026-05-29 12:41:00,87.57,87.58,87.53,87.53,57
2026-05-29 12:42:00,87.53,87.59,87.5,87.59,30
2026-05-29 12:43:00,87.59,87.61,87.56,87.59,27
2026-05-29 12:44:00,87.6,87.63,87.59,87.61,26
2026-05-29 12:45:00,87.62,87.79,87.61,87.73,62
2026-05-29 12:46:00,87.74,87.93,87.74,87.83,189
2026-05-29 12:47:00,87.83,87.88,87.83,87.86,46
2026-05-29 12:48:00,87.88,88.09,87.87,88.04,157
2026-05-29 12:49:00,88.04,88.04,87.98,88.01,76
2026-05-29 12:50:00,88.02,88.12,87.99,88.02,117
2026-05-29 12:51:00,88.03,88.16,88.03,88.1,154
2026-05-29 12:52:00,88.11,88.14,88.05,88.06,95
2026-05-29 12:53:00,88.07,88.07,87.97,88.03,122
2026-05-29 12:54:00,88.04,88.08,88.03,88.04,33
2026-05-29 12:55:00,88.04,88.17,88.03,88.14,176
2026-05-29 12:56:00,88.14,88.16,88.04,88.08,70
2026-05-29 12:57:00,88.07,88.1,88.06,88.08,34
2026-05-29 12:58:00,88.08,88.08,88.04,88.04,28
2026-05-29 12:59:00,88.05,88.07,88.02,88.05,26
2026-05-29 13:00:00,88.03,88.18,88.03,88.15,105
2026-05-29 13:01:00,88.14,88.15,88.11,88.13,36
2026-05-29 13:02:00,88.12,88.36,88.12,88.31,222
2026-05-29 13:03:00,88.3,88.4,88.27,88.32,178
2026-05-29 13:04:00,88.33,88.37,88.3,88.3,75
2026-05-29 13:05:00,88.3,88.53,88.29,88.53,148
2026-05-29 13:06:00,88.51,88.68,88.46,88.63,200
2026-05-29 13:07:00,88.61,88.62,88.52,88.54,120
2026-05-29 13:08:00,88.55,88.68,88.55,88.61,124
2026-05-29 13:09:00,88.62,88.83,88.6,88.73,276
2026-05-29 13:10:00,88.75,88.86,88.73,88.74,110
2026-05-29 13:11:00,88.77,88.88,88.74,88.75,152
2026-05-29 13:12:00,88.74,88.97,88.74,88.97,198
2026-05-29 13:13:00,88.96,89.01,88.86,88.86,209
2026-05-29 13:14:00,88.88,88.88,88.74,88.78,115
2026-05-29 13:15:00,88.79,88.81,88.76,88.8,55
2026-05-29 13:16:00,88.8,88.8,88.68,88.7,135
2026-05-29 13:17:00,88.69,88.72,88.6,88.6,74
2026-05-29 13:18:00,88.61,88.65,88.55,88.57,106
2026-05-29 13:19:00,88.56,88.62,88.54,88.62,64
2026-05-29 13:20:00,88.61,88.64,88.5,88.55,142
2026-05-29 13:21:00,88.55,88.6,88.51,88.56,137
2026-05-29 13:22:00,88.56,88.61,88.56,88.6,59
2026-05-29 13:23:00,88.6,88.62,88.55,88.61,94
2026-05-29 13:24:00,88.64,88.67,88.6,88.63,35
2026-05-29 13:25:00,88.62,88.71,88.57,88.69,88
2026-05-29 13:26:00,88.69,88.78,88.68,88.76,86
2026-05-29 13:27:00,88.78,88.81,88.73,88.76,62
2026-05-29 13:28:00,88.76,88.8,88.72,88.75,75
2026-05-29 13:29:00,88.74,88.78,88.72,88.72,44
2026-05-29 13:30:00,88.72,88.78,88.67,88.75,83
2026-05-29 13:31:00,88.74,88.76,88.67,88.7,41
2026-05-29 13:32:00,88.7,88.72,88.59,88.66,81
2026-05-29 13:33:00,88.64,88.69,88.6,88.69,83
2026-05-29 13:34:00,88.69,88.89,88.68,88.85,83
2026-05-29 13:35:00,88.86,88.86,88.79,88.81,62
2026-05-29 13:36:00,88.79,88.98,88.78,88.95,119
2026-05-29 13:37:00,88.95,89.0,88.89,88.96,117
2026-05-29 13:38:00,88.95,89.02,88.92,88.99,97
2026-05-29 13:39:00,89.0,89.0,88.89,88.93,88
2026-05-29 13:40:00,88.93,88.94,88.86,88.93,100
2026-05-29 13:41:00,88.92,88.94,88.89,88.92,45
2026-05-29 13:42:00,88.93,88.93,88.87,88.91,23
2026-05-29 13:43:00,88.93,88.95,88.91,88.91,13
2026-05-29 13:44:00,88.92,88.92,88.9,88.92,28
2026-05-29 13:45:00,88.9,88.9,88.77,88.83,112
2026-05-29 13:46:00,88.83,88.83,88.74,88.76,74
2026-05-29 13:47:00,88.75,88.75,88.66,88.74,109
2026-05-29 13:48:00,88.73,88.75,88.64,88.64,54
2026-05-29 13:49:00,88.63,88.65,88.58,88.63,91
2026-05-29 13:50:00,88.64,88.68,88.61,88.66,50
2026-05-29 13:51:00,88.66,88.73,88.65,88.7,71
2026-05-29 13:52:00,88.7,88.75,88.67,88.69,47
2026-05-29 13:53:00,88.72,88.83,88.6,88.79,109
2026-05-29 13:54:00,88.8,88.88,88.8,88.88,54
2026-05-29 13:55:00,88.87,88.96,88.82,88.9,100
2026-05-29 13:56:00,88.91,88.91,88.86,88.86,56
2026-05-29 13:57:00,88.84,88.89,88.72,88.72,70
2026-05-29 13:58:00,88.7,88.75,88.66,88.73,106
2026-05-29 13:59:00,88.74,88.8,88.7,88.76,106
2026-05-29 14:00:00,88.74,88.82,88.71,88.8,94
2026-05-29 14:01:00,88.8,88.81,88.75,88.79,58
2026-05-29 14:02:00,88.76,88.81,88.74,88.76,96
2026-05-29 14:03:00,88.77,88.82,88.77,88.79,50
2026-05-29 14:04:00,88.8,88.82,88.77,88.79,42
2026-05-29 14:05:00,88.79,88.83,88.77,88.82,40
2026-05-29 14:06:00,88.82,88.87,88.77,88.86,59
2026-05-29 14:07:00,88.88,88.98,88.87,88.9,66
2026-05-29 14:08:00,88.88,88.91,88.84,88.84,57
2026-05-29 14:09:00,88.84,88.87,88.82,88.82,44
2026-05-29 14:10:00,88.82,88.87,88.81,88.87,56
2026-05-29 14:11:00,88.88,88.89,88.8,88.82,60
2026-05-29 14:12:00,88.81,88.84,88.81,88.84,23
2026-05-29 14:13:00,88.82,88.82,88.76,88.8,45
2026-05-29 14:14:00,88.82,88.86,88.82,88.86,49
2026-05-29 14:15:00,88.87,88.9,88.85,88.87,36
2026-05-29 14:16:00,88.88,88.96,88.87,88.87,42
2026-05-29 14:17:00,88.88,88.89,88.84,88.86,45
2026-05-29 14:18:00,88.88,88.88,88.83,88.87,16
2026-05-29 14:19:00,88.87,88.89,88.83,88.84,33
2026-05-29 14:20:00,88.84,88.86,88.72,88.84,57
2026-05-29 14:21:00,88.82,88.84,88.79,88.8,54
2026-05-29 14:22:00,88.79,88.85,88.79,88.79,33
2026-05-29 14:23:00,88.8,88.8,88.53,88.65,230
2026-05-29 14:24:00,88.67,88.69,88.52,88.61,86
2026-05-29 14:25:00,88.62,88.62,88.56,88.61,33
2026-05-29 14:26:00,88.59,88.66,88.57,88.64,63
2026-05-29 14:27:00,88.64,88.67,88.56,88.57,66
2026-05-29 14:28:00,88.56,88.64,88.56,88.63,51
2026-05-29 14:29:00,88.63,88.71,88.6,88.68,92
2026-05-29 14:30:00,88.69,88.72,88.58,88.6,112
2026-05-29 14:31:00,88.61,88.68,88.47,88.55,89
2026-05-29 14:32:00,88.54,88.54,88.25,88.28,489
2026-05-29 14:33:00,88.26,88.32,88.04,88.08,354
2026-05-29 14:34:00,88.09,88.2,88.06,88.15,271
2026-05-29 14:35:00,88.15,88.17,87.99,88.07,552
2026-05-29 14:36:00,88.07,88.14,88.04,88.12,290
2026-05-29 14:37:00,88.12,88.13,88.06,88.09,115
2026-05-29 14:38:00,88.09,88.09,87.92,88.02,406
2026-05-29 14:39:00,88.0,88.0,87.86,87.93,321
2026-05-29 14:40:00,87.93,88.02,87.83,88.02,260
2026-05-29 14:41:00,88.0,88.01,87.81,87.84,183
2026-05-29 14:42:00,87.83,87.85,87.69,87.79,226
2026-05-29 14:43:00,87.78,87.85,87.77,87.8,237
2026-05-29 14:44:00,87.8,87.85,87.69,87.7,143
2026-05-29 14:45:00,87.69,87.77,87.55,87.6,235
2026-05-29 14:46:00,87.59,87.65,87.2,87.34,860
2026-05-29 14:47:00,87.33,87.43,87.28,87.42,366
2026-05-29 14:48:00,87.42,87.45,87.35,87.4,279
2026-05-29 14:49:00,87.41,87.41,87.03,87.17,898
2026-05-29 14:50:00,87.18,87.2,87.03,87.13,302
2026-05-29 14:51:00,87.14,87.25,87.1,87.25,298
2026-05-29 14:52:00,87.24,87.32,87.2,87.22,221
2026-05-29 14:53:00,87.23,87.4,87.2,87.37,130
2026-05-29 14:54:00,87.37,87.42,87.3,87.38,164
2026-05-29 14:55:00,87.37,87.46,87.36,87.45,111
2026-05-29 14:56:00,87.43,87.49,87.38,87.43,120
2026-05-29 14:57:00,87.43,87.44,87.38,87.41,66
2026-05-29 14:58:00,87.4,87.41,87.22,87.32,236
2026-05-29 14:59:00,87.31,87.31,86.86,87.09,846
2026-05-29 15:00:00,87.07,87.14,87.02,87.09,210
2026-05-29 15:01:00,87.09,87.2,87.07,87.19,104
2026-05-29 15:02:00,87.17,87.19,87.12,87.16,106
2026-05-29 15:03:00,87.14,87.18,87.07,87.15,113
2026-05-29 15:04:00,87.13,87.27,87.12,87.27,115
2026-05-29 15:05:00,87.25,87.28,87.19,87.19,54
2026-05-29 15:06:00,87.2,87.32,87.2,87.32,172
2026-05-29 15:07:00,87.31,87.45,87.3,87.42,180
2026-05-29 15:08:00,87.43,87.44,87.38,87.43,79
2026-05-29 15:09:00,87.44,87.44,87.34,87.35,107
2026-05-29 15:10:00,87.33,87.35,87.27,87.28,85
2026-05-29 15:11:00,87.29,87.29,87.23,87.26,88
2026-05-29 15:12:00,87.27,87.33,87.22,87.32,116
2026-05-29 15:13:00,87.33,87.34,87.28,87.3,75
2026-05-29 15:14:00,87.3,87.32,87.28,87.32,45
2026-05-29 15:15:00,87.31,87.35,87.17,87.18,155
2026-05-29 15:16:00,87.17,87.21,87.14,87.15,96
2026-05-29 15:17:00,87.16,87.17,86.96,86.98,293
2026-05-29 15:18:00,86.99,87.18,86.96,87.1,394
2026-05-29 15:19:00,87.1,87.25,87.1,87.23,82
2026-05-29 15:20:00,87.22,87.28,87.19,87.22,202
2026-05-29 15:21:00,87.24,87.33,87.21,87.33,157
2026-05-29 15:22:00,87.32,87.4,87.28,87.33,111
2026-05-29 15:23:00,87.33,87.39,87.28,87.39,61
2026-05-29 15:24:00,87.4,87.51,87.38,87.4,179
2026-05-29 15:25:00,87.39,87.47,87.39,87.43,72
2026-05-29 15:26:00,87.43,87.5,87.43,87.44,50
2026-05-29 15:27:00,87.44,87.53,87.44,87.5,108
2026-05-29 15:28:00,87.51,87.52,87.45,87.48,79
2026-05-29 15:29:00,87.48,87.51,87.46,87.5,41
2026-05-29 15:30:00,87.5,87.65,87.49,87.59,176
2026-05-29 15:31:00,87.57,87.59,87.5,87.56,115
2026-05-29 15:32:00,87.57,87.57,87.5,87.54,50
2026-05-29 15:33:00,87.54,87.56,87.51,87.56,51
2026-05-29 15:34:00,87.55,87.6,87.54,87.6,56
2026-05-29 15:35:00,87.57,87.59,87.55,87.56,55
2026-05-29 15:36:00,87.57,87.57,87.43,87.45,94
2026-05-29 15:37:00,87.43,87.48,87.41,87.47,79
2026-05-29 15:38:00,87.46,87.51,87.44,87.44,64
2026-05-29 15:39:00,87.46,87.51,87.46,87.5,34
2026-05-29 15:40:00,87.51,87.51,87.44,87.44,21
2026-05-29 15:41:00,87.42,87.42,87.37,87.42,43
2026-05-29 15:42:00,87.43,87.45,87.43,87.43,22
2026-05-29 15:43:00,87.42,87.42,87.36,87.38,37
2026-05-29 15:44:00,87.38,87.45,87.38,87.42,38
2026-05-29 15:45:00,87.41,87.42,87.39,87.41,14
2026-05-29 15:46:00,87.39,87.45,87.39,87.44,24
2026-05-29 15:47:00,87.45,87.71,87.45,87.7,142
2026-05-29 15:48:00,87.69,87.7,87.61,87.68,69
2026-05-29 15:49:00,87.67,87.68,87.64,87.67,37
2026-05-29 15:50:00,87.66,87.76,87.64,87.72,70
2026-05-29 15:51:00,87.73,87.78,87.69,87.75,76
2026-05-29 15:52:00,87.76,87.76,87.69,87.71,38
2026-05-29 15:53:00,87.7,87.75,87.64,87.64,75
2026-05-29 15:54:00,87.63,87.72,87.62,87.7,71
2026-05-29 15:55:00,87.71,87.73,87.67,87.73,39
2026-05-29 15:56:00,87.71,87.79,87.69,87.78,47
2026-05-29 15:57:00,87.79,87.82,87.71,87.71,65
2026-05-29 15:58:00,87.72,87.76,87.72,87.73,26
2026-05-29 15:59:00,87.72,87.73,87.66,87.7,38
2026-05-29 16:00:00,87.71,87.74,87.7,87.7,36
2026-05-29 16:01:00,87.72,87.75,87.69,87.72,39
2026-05-29 16:02:00,87.71,87.71,87.63,87.67,85
2026-05-29 16:03:00,87.68,87.72,87.66,87.68,69
2026-05-29 16:04:00,87.69,87.7,87.5,87.52,75
2026-05-29 16:05:00,87.51,87.51,87.37,87.41,142
2026-05-29 16:06:00,87.4,87.41,87.22,87.23,137
2026-05-29 16:07:00,87.23,87.24,87.08,87.08,202
2026-05-29 16:08:00,87.1,87.17,87.09,87.16,110
2026-05-29 16:09:00,87.16,87.22,87.14,87.18,98
2026-05-29 16:10:00,87.18,87.2,87.16,87.17,37
2026-05-29 16:11:00,87.16,87.22,87.15,87.2,43
2026-05-29 16:12:00,87.22,87.32,87.22,87.31,67
2026-05-29 16:13:00,87.3,87.3,87.19,87.21,75
2026-05-29 16:14:00,87.21,87.24,87.0,87.07,201
2026-05-29 16:15:00,87.07,87.08,86.71,86.88,510
2026-05-29 16:16:00,86.88,87.0,86.87,87.0,60
2026-05-29 16:17:00,87.01,87.04,86.94,86.98,123
2026-05-29 16:18:00,86.96,87.04,86.91,87.0,80
2026-05-29 16:19:00,87.01,87.08,86.9,86.96,116
2026-05-29 16:20:00,86.97,87.02,86.92,87.01,60
2026-05-29 16:21:00,87.03,87.13,87.03,87.12,57
2026-05-29 16:22:00,87.11,87.23,87.1,87.22,82
2026-05-29 16:23:00,87.21,87.26,87.17,87.21,77
2026-05-29 16:24:00,87.21,87.27,87.19,87.26,58
2026-05-29 16:25:00,87.28,87.36,87.28,87.29,90
2026-05-29 16:26:00,87.27,87.28,87.22,87.27,47
2026-05-29 16:27:00,87.27,87.35,87.27,87.35,50
2026-05-29 16:28:00,87.35,87.44,87.3,87.31,87
2026-05-29 16:29:00,87.31,87.37,87.31,87.35,39
2026-05-29 16:30:00,87.34,87.46,87.31,87.43,117
2026-05-29 16:31:00,87.44,87.47,87.35,87.38,72
2026-05-29 16:32:00,87.36,87.44,87.36,87.44,158
2026-05-29 16:33:00,87.41,87.43,87.39,87.39,141
2026-05-29 16:34:00,87.4,87.48,87.4,87.43,61
2026-05-29 16:35:00,87.45,87.45,87.22,87.3,351
2026-05-29 16:36:00,87.3,87.3,87.26,87.28,38
2026-05-29 16:37:00,87.29,87.31,87.27,87.3,37
2026-05-29 16:38:00,87.3,87.33,87.29,87.33,25
2026-05-29 16:39:00,87.31,87.39,87.31,87.33,46
2026-05-29 16:40:00,87.33,87.33,87.2,87.21,102
2026-05-29 16:41:00,87.22,87.24,87.19,87.23,54
2026-05-29 16:42:00,87.24,87.3,87.22,87.22,41
2026-05-29 16:43:00,87.21,87.28,87.21,87.27,50
2026-05-29 16:44:00,87.27,87.29,87.22,87.24,51
2026-05-29 16:45:00,87.23,87.24,87.2,87.23,43
2026-05-29 16:46:00,87.24,87.29,87.23,87.24,45
2026-05-29 16:47:00,87.22,87.26,87.21,87.24,51
2026-05-29 16:48:00,87.25,87.25,87.22,87.25,33
2026-05-29 16:49:00,87.25,87.25,87.19,87.21,48
2026-05-29 16:50:00,87.2,87.23,87.2,87.21,55
2026-05-29 16:51:00,87.22,87.23,87.18,87.22,41
2026-05-29 16:52:00,87.23,87.31,87.23,87.28,95
2026-05-29 16:53:00,87.29,87.36,87.28,87.35,46
2026-05-29 16:54:00,87.33,87.37,87.31,87.32,45
2026-05-29 16:55:00,87.32,87.35,87.25,87.35,76
2026-05-29 16:56:00,87.36,87.5,87.36,87.47,170
2026-05-29 16:57:00,87.47,87.47,87.29,87.36,89
2026-05-29 16:58:00,87.36,87.41,87.29,87.29,83
2026-05-29 16:59:00,87.3,87.31,87.16,87.28,231
2026-05-29 17:00:00,87.29,87.38,87.29,87.37,65
2026-05-29 17:01:00,87.39,87.44,87.34,87.42,56
2026-05-29 17:02:00,87.42,87.42,87.36,87.41,94
2026-05-29 17:03:00,87.4,87.52,87.37,87.49,174
2026-05-29 17:04:00,87.49,87.58,87.49,87.57,127
2026-05-29 17:05:00,87.55,87.62,87.54,87.58,119
2026-05-29 17:06:00,87.58,87.67,87.58,87.63,106
2026-05-29 17:07:00,87.65,87.7,87.61,87.69,119
2026-05-29 17:08:00,87.68,87.72,87.66,87.71,52
2026-05-29 17:09:00,87.7,87.7,87.63,87.65,56
2026-05-29 17:10:00,87.63,87.64,87.59,87.61,70
2026-05-29 17:11:00,87.6,87.61,87.55,87.57,58
2026-05-29 17:12:00,87.57,87.57,87.52,87.54,43
2026-05-29 17:13:00,87.54,87.61,87.54,87.58,68
2026-05-29 17:14:00,87.6,87.66,87.58,87.65,113
2026-05-29 17:15:00,87.65,87.65,87.54,87.56,107
2026-05-29 17:16:00,87.56,87.59,87.54,87.57,94
2026-05-29 17:17:00,87.56,87.62,87.55,87.62,53
2026-05-29 17:18:00,87.61,87.64,87.61,87.63,16
2026-05-29 17:19:00,87.63,87.75,87.6,87.75,290
2026-05-29 17:20:00,87.75,87.8,87.73,87.73,99
2026-05-29 17:21:00,87.72,87.86,87.71,87.82,240
2026-05-29 17:22:00,87.82,88.23,87.73,88.14,847
2026-05-29 17:23:00,88.16,88.31,87.94,87.96,589
2026-05-29 17:24:00,87.97,88.07,87.9,87.92,139
2026-05-29 17:25:00,87.91,87.93,87.81,87.83,187
2026-05-29 17:26:00,87.81,87.83,87.68,87.69,74
2026-05-29 17:27:00,87.68,87.71,87.57,87.61,156
2026-05-29 17:28:00,87.6,87.67,87.6,87.64,58
2026-05-29 17:29:00,87.63,87.66,87.59,87.61,118
2026-05-29 17:30:00,87.62,87.64,87.55,87.58,75
2026-05-29 17:31:00,87.59,87.62,87.58,87.6,59
2026-05-29 17:32:00,87.58,87.62,87.52,87.6,226
2026-05-29 17:33:00,87.61,87.63,87.57,87.61,73
2026-05-29 17:34:00,87.61,87.73,87.56,87.72,140
2026-05-29 17:35:00,87.7,87.81,87.7,87.79,114
2026-05-29 17:36:00,87.78,87.81,87.73,87.77,110
2026-05-29 17:37:00,87.75,87.76,87.69,87.7,49
2026-05-29 17:38:00,87.72,87.8,87.72,87.73,59
2026-05-29 17:39:00,87.73,87.84,87.69,87.76,135
2026-05-29 17:40:00,87.76,87.84,87.74,87.81,126
2026-05-29 17:41:00,87.79,87.84,87.79,87.81,36
2026-05-29 17:42:00,87.82,87.96,87.82,87.95,120
2026-05-29 17:43:00,87.96,88.0,87.89,87.92,237
2026-05-29 17:44:00,87.9,87.93,87.86,87.91,129
2026-05-29 17:45:00,87.9,87.93,87.77,87.78,158
2026-05-29 17:46:00,87.77,87.77,87.67,87.73,188
2026-05-29 17:47:00,87.72,87.79,87.71,87.75,108
2026-05-29 17:48:00,87.75,87.78,87.69,87.72,50
2026-05-29 17:49:00,87.7,87.74,87.64,87.69,114
2026-05-29 17:50:00,87.69,87.7,87.66,87.7,56
2026-05-29 17:51:00,87.69,87.75,87.69,87.72,54
2026-05-29 17:52:00,87.73,87.73,87.7,87.7,34
2026-05-29 17:53:00,87.7,87.72,87.69,87.71,35
2026-05-29 17:54:00,87.72,87.72,87.6,87.66,248
2026-05-29 17:55:00,87.67,87.69,87.64,87.66,76
2026-05-29 17:56:00,87.65,87.66,87.63,87.63,50
2026-05-29 17:57:00,87.65,87.74,87.65,87.72,185
2026-05-29 17:58:00,87.71,87.73,87.67,87.7,66
2026-05-29 17:59:00,87.68,87.7,87.66,87.68,86
2026-05-29 18:00:00,87.67,87.68,87.64,87.65,95
2026-05-29 18:01:00,87.66,87.67,87.46,87.54,315
2026-05-29 18:02:00,87.53,87.62,87.52,87.61,76
2026-05-29 18:03:00,87.6,88.16,87.54,87.79,1287
2026-05-29 18:04:00,87.77,87.92,87.64,87.73,780
2026-05-29 18:05:00,87.72,87.79,87.66,87.71,161
2026-05-29 18:06:00,87.74,87.74,87.67,87.68,113
2026-05-29 18:07:00,87.68,87.68,87.56,87.68,248
2026-05-29 18:08:00,87.63,87.75,87.63,87.71,104
2026-05-29 18:09:00,87.69,87.78,87.67,87.77,137
2026-05-29 18:10:00,87.76,87.83,87.74,87.76,111
2026-05-29 18:11:00,87.74,87.81,87.74,87.8,72
2026-05-29 18:12:00,87.81,87.89,87.79,87.89,107
2026-05-29 18:13:00,87.87,88.03,87.83,87.93,199
2026-05-29 18:14:00,87.94,87.99,87.8,87.82,147
2026-05-29 18:15:00,87.82,87.93,87.81,87.87,69
2026-05-29 18:16:00,87.86,87.92,87.77,87.82,201
2026-05-29 18:17:00,87.82,87.84,87.76,87.76,152
2026-05-29 18:18:00,87.75,87.79,87.69,87.69,246
2026-05-29 18:19:00,87.72,87.75,87.67,87.68,239
2026-05-29 18:20:00,87.68,87.68,87.45,87.45,472
2026-05-29 18:21:00,87.46,87.47,87.27,87.34,283
2026-05-29 18:22:00,87.34,87.38,87.25,87.36,210
2026-05-29 18:23:00,87.36,87.36,87.29,87.33,121
2026-05-29 18:24:00,87.33,87.34,87.21,87.25,389
2026-05-29 18:25:00,87.25,87.31,87.23,87.3,215
2026-05-29 18:26:00,87.3,87.34,87.29,87.31,83
2026-05-29 18:27:00,87.32,87.38,87.32,87.35,174
2026-05-29 18:28:00,87.35,87.44,87.35,87.39,112
2026-05-29 18:29:00,87.4,87.41,87.31,87.33,202
2026-05-29 18:30:00,87.32,87.39,87.05,87.18,909
2026-05-29 18:31:00,87.18,87.27,87.14,87.22,435
2026-05-29 18:32:00,87.2,87.22,87.06,87.06,262
2026-05-29 18:33:00,87.06,87.06,86.88,86.89,696
2026-05-29 18:34:00,86.88,86.92,86.73,86.84,695
2026-05-29 18:35:00,86.84,86.93,86.82,86.93,321
2026-05-29 18:36:00,86.93,87.13,86.91,87.06,320
2026-05-29 18:37:00,87.05,87.09,86.99,87.02,198
2026-05-29 18:38:00,87.02,87.16,87.01,87.16,354
2026-05-29 18:39:00,87.16,87.3,87.16,87.26,352
2026-05-29 18:40:00,87.26,87.26,87.16,87.2,196
2026-05-29 18:41:00,87.2,87.32,87.19,87.27,297
2026-05-29 18:42:00,87.26,87.31,87.2,87.3,347
2026-05-29 18:43:00,87.3,87.52,87.29,87.45,404
2026-05-29 18:44:00,87.46,87.51,87.42,87.47,277
2026-05-29 18:45:00,87.46,87.84,87.43,87.71,1548
2026-05-29 18:46:00,87.71,87.87,87.69,87.77,790
2026-05-29 18:47:00,87.77,87.79,87.61,87.65,456
2026-05-29 18:48:00,87.65,87.66,87.57,87.66,256
2026-05-29 18:49:00,87.64,87.65,87.56,87.57,115
2026-05-29 18:50:00,87.58,87.72,87.54,87.7,176
2026-05-29 18:51:00,87.7,87.71,87.54,87.55,95
2026-05-29 18:52:00,87.55,87.57,87.49,87.54,123
2026-05-29 18:53:00,87.54,87.64,87.53,87.62,115
2026-05-29 18:54:00,87.62,87.64,87.57,87.58,75
2026-05-29 18:55:00,87.58,87.66,87.55,87.55,120
2026-05-29 18:56:00,87.57,87.63,87.57,87.61,167
2026-05-29 18:57:00,87.6,87.72,87.6,87.64,358
2026-05-29 18:58:00,87.65,87.67,87.55,87.6,189
2026-05-29 18:59:00,87.59,87.59,87.46,87.53,195
2026-05-29 19:00:00,87.54,87.65,87.33,87.49,825
2026-05-29 19:01:00,87.5,87.54,87.35,87.41,547
2026-05-29 19:02:00,87.42,87.52,87.42,87.49,415
2026-05-29 19:03:00,87.49,87.7,87.47,87.59,551
2026-05-29 19:04:00,87.59,87.63,87.55,87.58,267
2026-05-29 19:05:00,87.58,87.63,87.48,87.62,543
2026-05-29 19:06:00,87.61,87.61,87.48,87.55,163
2026-05-29 19:07:00,87.55,87.57,87.48,87.53,148
2026-05-29 19:08:00,87.52,87.57,87.52,87.52,99
2026-05-29 19:09:00,87.51,87.57,87.51,87.55,89
2026-05-29 19:10:00,87.54,87.54,87.44,87.44,97
2026-05-29 19:11:00,87.44,87.44,87.3,87.34,253
2026-05-29 19:12:00,87.32,87.38,87.25,87.26,215
2026-05-29 19:13:00,87.28,87.3,87.2,87.25,219
2026-05-29 19:14:00,87.23,87.26,87.2,87.24,126
2026-05-29 19:15:00,87.23,87.42,87.23,87.32,252
2026-05-29 19:16:00,87.31,87.4,87.3,87.31,119
2026-05-29 19:17:00,87.31,87.33,87.24,87.28,247
2026-05-29 19:18:00,87.28,87.3,87.25,87.3,206
2026-05-29 19:19:00,87.3,87.33,87.22,87.28,197
2026-05-29 19:20:00,87.27,87.38,87.24,87.36,165
2026-05-29 19:21:00,87.36,87.5,87.35,87.4,336
2026-05-29 19:22:00,87.4,87.44,87.37,87.38,147
2026-05-29 19:23:00,87.38,87.44,87.33,87.43,455
2026-05-29 19:24:00,87.43,87.48,87.39,87.47,447
2026-05-29 19:25:00,87.46,87.64,87.45,87.64,396
2026-05-29 19:26:00,87.63,87.85,87.58,87.73,894
2026-05-29 19:27:00,87.72,87.79,87.65,87.69,204
2026-05-29 19:28:00,87.67,87.75,87.67,87.72,226
2026-05-29 19:29:00,87.71,87.75,87.69,87.69,90
2026-05-29 19:30:00,87.68,87.98,87.67,87.87,1096
2026-05-29 19:31:00,87.9,88.01,87.87,87.89,437
2026-05-29 19:32:00,87.91,88.02,87.84,88.02,374
2026-05-29 19:33:00,88.03,88.07,87.99,88.06,341
2026-05-29 19:34:00,88.06,88.09,88.03,88.07,304
2026-05-29 19:35:00,88.06,88.21,88.03,88.2,550
2026-05-29 19:36:00,88.19,88.27,88.19,88.24,1031
2026-05-29 19:37:00,88.24,88.38,88.23,88.32,1190
2026-05-29 19:38:00,88.32,88.38,88.31,88.35,316
2026-05-29 19:39:00,88.36,88.38,88.28,88.32,415
2026-05-29 19:40:00,88.32,88.38,88.19,88.34,627
2026-05-29 19:41:00,88.35,88.36,88.08,88.11,411
2026-05-29 19:42:00,88.11,88.14,88.02,88.02,353
2026-05-29 19:43:00,88.04,88.15,88.04,88.14,319
2026-05-29 19:44:00,88.15,88.24,88.12,88.21,679
2026-05-29 19:45:00,88.21,88.33,88.18,88.21,814
2026-05-29 19:46:00,88.22,88.22,88.15,88.15,196
2026-05-29 19:47:00,88.16,88.2,88.13,88.2,237
2026-05-29 19:48:00,88.19,88.23,88.12,88.13,272
2026-05-29 19:49:00,88.13,88.17,88.1,88.11,181
2026-05-29 19:50:00,88.11,88.14,88.06,88.08,378
2026-05-29 19:51:00,88.06,88.14,88.06,88.13,154
2026-05-29 19:52:00,88.14,88.24,88.1,88.24,223
2026-05-29 19:53:00,88.24,88.25,88.18,88.18,247
2026-05-29 19:54:00,88.19,88.24,88.14,88.23,363
2026-05-29 19:55:00,88.23,88.35,88.22,88.28,415
2026-05-29 19:56:00,88.28,88.5,88.28,88.44,762
2026-05-29 19:57:00,88.45,88.55,88.44,88.47,402
2026-05-29 19:58:00,88.48,88.52,88.36,88.39,252
2026-05-29 19:59:00,88.39,88.47,88.39,88.44,163
2026-05-29 20:00:00,88.45,88.51,88.4,88.43,583
2026-05-29 20:01:00,88.44,88.46,88.32,88.34,296
2026-05-29 20:02:00,88.33,88.47,88.28,88.47,335
2026-05-29 20:03:00,88.47,88.58,88.47,88.58,186
2026-05-29 20:04:00,88.57,88.63,88.5,88.52,392
2026-05-29 20:05:00,88.54,88.58,88.5,88.56,215
2026-05-29 20:06:00,88.56,88.7,88.51,88.53,431
2026-05-29 20:07:00,88.53,88.73,88.5,88.69,276
2026-05-29 20:08:00,88.69,88.69,88.63,88.66,249
2026-05-29 20:09:00,88.67,88.87,88.67,88.84,624
2026-05-29 20:10:00,88.85,88.85,88.74,88.85,365
2026-05-29 20:11:00,88.85,88.87,88.76,88.76,657
2026-05-29 20:12:00,88.76,88.89,88.76,88.86,362
2026-05-29 20:13:00,88.86,88.86,88.74,88.77,254
2026-05-29 20:14:00,88.77,88.8,88.65,88.67,387
2026-05-29 20:15:00,88.67,88.72,88.61,88.7,237
2026-05-29 20:16:00,88.71,88.72,88.62,88.65,300
2026-05-29 20:17:00,88.66,88.75,88.61,88.75,207
2026-05-29 20:18:00,88.76,88.81,88.73,88.78,551
2026-05-29 20:19:00,88.78,88.86,88.75,88.81,305
2026-05-29 20:20:00,88.81,88.88,88.8,88.84,210
2026-05-29 20:21:00,88.84,88.95,87.76,88.46,3821
2026-05-29 20:22:00,88.46,88.48,87.6,87.76,2384
2026-05-29 20:23:00,87.79,87.89,87.5,87.74,1256
2026-05-29 20:24:00,87.75,88.12,87.5,88.07,1073
2026-05-29 20:25:00,88.05,88.08,87.63,87.67,740
2026-05-29 20:26:00,87.67,87.79,87.46,87.56,1016
2026-05-29 20:27:00,87.56,87.84,87.56,87.83,667
2026-05-29 20:28:00,87.84,88.08,87.8,87.94,859
2026-05-29 20:29:00,87.93,88.06,87.9,87.96,369
2026-05-29 20:30:00,87.97,88.01,87.69,87.75,713
2026-05-29 20:31:00,87.75,87.86,87.5,87.57,1224
2026-05-29 20:32:00,87.59,87.73,87.55,87.58,646
2026-05-29 20:33:00,87.57,87.69,87.53,87.57,621
2026-05-29 20:34:00,87.56,87.63,87.36,87.41,591
2026-05-29 20:35:00,87.41,87.49,87.32,87.37,615
2026-05-29 20:36:00,87.39,87.47,87.29,87.3,470
2026-05-29 20:37:00,87.31,87.31,86.92,87.03,1766
2026-05-29 20:38:00,87.04,87.08,86.65,86.72,2199
2026-05-29 20:39:00,86.73,86.89,86.67,86.8,966
2026-05-29 20:40:00,86.8,86.85,86.66,86.75,1128
2026-05-29 20:41:00,86.77,86.78,86.5,86.54,1351
2026-05-29 20:42:00,86.56,86.72,86.51,86.68,660
2026-05-29 20:43:00,86.68,86.73,86.37,86.4,979
2026-05-29 20:44:00,86.41,86.55,86.35,86.51,740
2026-05-29 20:45:00,86.51,86.65,86.47,86.59,968
2026-05-29 20:46:00,86.59,86.78,86.55,86.76,1211
2026-05-29 20:47:00,86.74,86.77,86.62,86.72,547
2026-05-29 20:48:00,86.71,87.03,86.69,87.01,782
2026-05-29 20:49:00,87.01,87.08,86.9,87.06,471
2026-05-29 20:50:00,87.06,87.23,87.01,87.21,785
2026-05-29 20:51:00,87.21,87.25,87.12,87.17,577
2026-05-29 20:52:00,87.17,87.2,86.96,87.01,762
2026-05-29 20:53:00,87.02,87.06,86.82,86.9,516
2026-05-29 20:54:00,86.9,87.05,86.86,86.99,446
2026-05-29 20:55:00,86.99,87.1,86.96,86.99,298
2026-05-29 20:56:00,87.0,87.01,86.89,86.96,218
2026-05-29 20:57:00,86.95,87.18,86.95,87.14,622
2026-05-29 20:58:00,87.15,87.17,87.01,87.08,548
2026-05-29 20:59:00,87.1,87.27,86.89,87.25,640
2026-05-29 21:00:00,87.25,87.32,87.12,87.15,813
2026-05-29 21:01:00,87.16,87.16,87.07,87.1,215
2026-05-29 21:02:00,87.1,87.14,87.04,87.1,197
2026-05-29 21:03:00,87.1,87.11,87.01,87.1,215
2026-05-29 21:04:00,87.1,87.26,87.07,87.22,256
2026-05-29 21:05:00,87.22,87.25,87.07,87.09,253
2026-05-29 21:06:00,87.08,87.08,86.94,86.95,306
2026-05-29 21:07:00,86.95,87.49,86.92,87.25,1416
2026-05-29 21:08:00,87.27,87.5,87.25,87.43,842
2026-05-29 21:09:00,87.44,87.44,87.18,87.24,353
2026-05-29 21:10:00,87.24,87.29,87.11,87.15,278
2026-05-29 21:11:00,87.16,87.49,87.07,87.36,1632
2026-05-29 21:12:00,87.36,87.56,87.33,87.46,975
2026-05-29 21:13:00,87.48,87.63,87.44,87.51,425
2026-05-29 21:14:00,87.51,87.67,87.44,87.48,887
2026-05-29 21:15:00,87.5,87.51,87.41,87.44,320
2026-05-29 21:16:00,87.45,87.63,87.41,87.61,319
2026-05-29 21:17:00,87.61,87.79,87.61,87.7,627
2026-05-29 21:18:00,87.71,87.8,87.59,87.62,390
2026-05-29 21:19:00,87.6,87.66,87.56,87.6,194
2026-05-29 21:20:00,87.62,87.79,87.57,87.67,280
2026-05-29 21:21:00,87.68,87.68,87.43,87.48,291
2026-05-29 21:22:00,87.49,87.6,87.45,87.58,318
2026-05-29 21:23:00,87.59,87.65,87.53,87.54,192
2026-05-29 21:24:00,87.53,87.61,87.48,87.58,224
2026-05-29 21:25:00,87.57,87.62,87.54,87.61,172
2026-05-29 21:26:00,87.62,87.62,87.53,87.6,146
2026-05-29 21:27:00,87.59,87.61,87.52,87.58,266
2026-05-29 21:28:00,87.58,87.61,87.54,87.54,216
2026-05-29 21:29:00,87.57,87.61,87.52,87.6,253
2026-05-29 21:30:00,87.6,87.72,87.57,87.7,479
2026-05-29 21:31:00,87.7,87.78,87.67,87.73,439
2026-05-29 21:32:00,87.74,87.79,87.66,87.71,244
2026-05-29 21:33:00,87.72,87.79,87.72,87.75,240
2026-05-29 21:34:00,87.76,87.8,87.73,87.76,145
2026-05-29 21:35:00,87.75,87.91,87.75,87.84,416
2026-05-29 21:36:00,87.84,87.87,87.75,87.76,174
2026-05-29 21:37:00,87.76,87.83,87.75,87.79,186
2026-05-29 21:38:00,87.8,87.84,87.76,87.78,139
2026-05-29 21:39:00,87.78,87.88,87.77,87.82,214
2026-05-29 21:40:00,87.81,87.81,87.71,87.78,334
2026-05-29 21:41:00,87.78,87.78,87.68,87.69,184
2026-05-29 21:42:00,87.7,87.77,87.65,87.74,346
2026-05-29 21:43:00,87.74,87.97,87.72,87.83,473
2026-05-29 21:44:00,87.84,87.86,87.81,87.83,111
2026-05-29 21:45:00,87.82,87.86,87.77,87.8,117
2026-05-29 21:46:00,87.79,87.79,87.71,87.73,203
2026-05-29 21:47:00,87.71,87.77,87.68,87.73,141
2026-05-29 21:48:00,87.74,87.85,87.74,87.76,255
2026-05-29 21:49:00,87.75,87.77,87.68,87.77,209
2026-05-29 21:50:00,87.78,87.84,87.69,87.69,174
2026-05-29 21:51:00,87.68,87.71,87.52,87.56,276
2026-05-29 21:52:00,87.55,87.55,87.44,87.52,393
2026-05-29 21:53:00,87.51,87.51,87.42,87.46,223
2026-05-29 21:54:00,87.46,87.5,87.39,87.47,285
2026-05-29 21:55:00,87.47,87.59,87.45,87.57,242
2026-05-29 21:56:00,87.59,87.61,87.54,87.54,137
2026-05-29 21:57:00,87.53,87.58,87.52,87.54,163
2026-05-29 21:58:00,87.54,87.57,87.44,87.47,126
2026-05-29 21:59:00,87.46,87.49,87.45,87.48,178
2026-05-29 22:00:00,87.44,87.45,87.23,87.31,559
2026-05-29 22:01:00,87.29,87.29,86.81,86.97,1519
2026-05-29 22:02:00,86.96,87.09,86.89,86.93,478
2026-05-29 22:03:00,86.95,86.95,86.79,86.82,595
2026-05-29 22:04:00,86.82,86.89,86.79,86.87,370
2026-05-29 22:05:00,86.85,86.92,86.82,86.87,420
2026-05-29 22:06:00,86.87,86.95,86.78,86.89,879
2026-05-29 22:07:00,86.88,86.97,86.6,86.72,1531
2026-05-29 22:08:00,86.72,86.8,86.63,86.7,485
2026-05-29 22:09:00,86.69,86.72,86.43,86.48,865
2026-05-29 22:10:00,86.48,86.56,86.44,86.48,595
2026-05-29 22:11:00,86.45,86.58,86.45,86.53,438
2026-05-29 22:12:00,86.55,86.67,86.55,86.67,326
2026-05-29 22:13:00,86.67,86.73,86.54,86.57,414
2026-05-29 22:14:00,86.58,86.67,86.55,86.56,270
2026-05-29 22:15:00,86.58,86.72,86.56,86.7,315
2026-05-29 22:16:00,86.7,86.77,86.64,86.71,250
2026-05-29 22:17:00,86.72,86.79,86.68,86.71,221
2026-05-29 22:18:00,86.71,86.71,86.54,86.63,646
2026-05-29 22:19:00,86.64,86.72,86.61,86.7,265
2026-05-29 22:20:00,86.7,86.79,86.68,86.71,325
2026-05-29 22:21:00,86.71,86.71,86.61,86.61,421
2026-05-29 22:22:00,86.62,86.66,86.59,86.61,318
2026-05-29 22:23:00,86.62,86.65,86.56,86.62,450
2026-05-29 22:24:00,86.61,86.64,86.56,86.58,240
2026-05-29 22:25:00,86.57,86.74,86.56,86.73,402
2026-05-29 22:26:00,86.73,86.8,86.7,86.73,322
2026-05-29 22:27:00,86.73,86.76,86.66,86.67,201
2026-05-29 22:28:00,86.67,86.68,86.59,86.6,356
2026-05-29 22:29:00,86.61,86.64,86.52,86.58,650
2026-05-29 22:30:00,86.59,86.75,86.57,86.73,368
2026-05-29 22:31:00,86.73,86.8,86.71,86.73,217
2026-05-29 22:32:00,86.73,86.8,86.7,86.71,343
2026-05-29 22:33:00,86.7,86.8,86.7,86.78,118
2026-05-29 22:34:00,86.77,86.85,86.75,86.83,132
2026-05-29 22:35:00,86.83,86.9,86.82,86.89,249
2026-05-29 22:36:00,86.88,86.9,86.85,86.89,158
2026-05-29 22:37:00,86.89,86.9,86.86,86.87,117
2026-05-29 22:38:00,86.88,86.89,86.84,86.85,141
2026-05-29 22:39:00,86.84,86.89,86.81,86.86,425
2026-05-29 22:40:00,86.86,86.87,86.78,86.81,126
2026-05-29 22:41:00,86.79,86.84,86.78,86.78,166
2026-05-29 22:42:00,86.79,86.99,86.74,86.95,425
2026-05-29 22:43:00,86.93,86.95,86.9,86.91,168
2026-05-29 22:44:00,86.89,86.92,86.87,86.9,95
2026-05-29 22:45:00,86.9,86.9,86.83,86.89,308
2026-05-29 22:46:00,86.86,86.97,86.86,86.96,186
2026-05-29 22:47:00,86.95,86.99,86.95,86.96,167
2026-05-29 22:48:00,86.95,87.04,86.94,86.98,584
2026-05-29 22:49:00,87.0,87.06,86.98,87.04,228
2026-05-29 22:50:00,87.03,87.03,86.99,87.01,142
2026-05-29 22:51:00,87.01,87.29,87.0,87.2,1705
2026-05-29 22:52:00,87.19,87.23,87.15,87.18,179
2026-05-29 22:53:00,87.17,87.2,87.12,87.13,332
2026-05-29 22:54:00,87.12,87.15,86.73,86.95,1338
2026-05-29 22:55:00,86.94,87.22,86.94,87.21,567
2026-05-29 22:56:00,87.19,87.27,87.17,87.27,382
2026-05-29 22:57:00,87.27,87.32,87.17,87.21,304
2026-05-29 22:58:00,87.21,87.25,87.15,87.17,315
2026-05-29 22:59:00,87.17,87.17,87.1,87.1,193
2026-05-29 23:00:00,87.1,87.12,86.95,86.98,350
2026-05-29 23:01:00,86.98,87.02,86.89,86.9,295
2026-05-29 23:02:00,86.9,86.97,86.86,86.94,324
2026-05-29 23:03:00,86.93,86.97,86.88,86.94,214
2026-05-29 23:04:00,86.92,86.95,86.81,86.83,136
2026-05-29 23:05:00,86.82,86.83,86.74,86.79,263
2026-05-29 23:06:00,86.79,86.84,86.75,86.81,335
2026-05-29 23:07:00,86.8,86.86,86.79,86.84,489
2026-05-29 23:08:00,86.84,86.88,86.8,86.85,627
2026-05-29 23:09:00,86.84,86.86,86.79,86.82,303
2026-05-29 23:10:00,86.81,86.81,86.73,86.75,198
2026-05-29 23:11:00,86.75,86.76,86.68,86.72,335
2026-05-29 23:12:00,86.71,86.75,86.67,86.71,248
2026-05-29 23:13:00,86.72,86.78,86.7,86.74,338
2026-05-29 23:14:00,86.74,86.75,86.62,86.64,423
2026-05-29 23:15:00,86.63,86.66,86.6,86.6,303
2026-05-29 23:16:00,86.6,86.65,86.56,86.61,320
2026-05-29 23:17:00,86.61,86.87,86.61,86.83,501
2026-05-29 23:18:00,86.83,86.85,86.81,86.82,194
2026-05-29 23:19:00,86.81,86.84,86.79,86.8,182
2026-05-29 23:20:00,86.81,86.86,86.79,86.8,247
2026-05-29 23:21:00,86.79,86.84,86.77,86.84,229
2026-05-29 23:22:00,86.84,86.96,86.83,86.93,536
2026-05-29 23:23:00,86.92,86.96,86.91,86.94,197
2026-05-29 23:24:00,86.94,87.06,86.94,87.06,399
2026-05-29 23:25:00,87.06,87.18,87.02,87.16,493
2026-05-29 23:26:00,87.16,87.17,87.08,87.12,362
2026-05-29 23:27:00,87.11,87.25,87.09,87.21,504
2026-05-29 23:28:00,87.21,87.27,87.08,87.08,740
2026-05-29 23:29:00,87.09,87.19,87.08,87.19,292
2026-05-29 23:30:00,87.18,87.2,87.1,87.2,287
2026-05-29 23:31:00,87.2,87.2,87.15,87.16,197
2026-05-29 23:32:00,87.16,87.19,87.14,87.17,293
2026-05-29 23:33:00,87.17,87.2,87.13,87.13,246
2026-05-29 23:34:00,87.13,87.13,87.08,87.12,224
2026-05-29 23:35:00,87.12,87.12,87.04,87.07,273
2026-05-29 23:36:00,87.07,87.15,87.06,87.13,277
2026-05-29 23:37:00,87.13,87.16,87.11,87.16,195
2026-05-29 23:38:00,87.16,87.32,87.16,87.28,834
2026-05-29 23:39:00,87.26,87.29,87.2,87.2,349
2026-05-29 23:40:00,87.21,87.31,87.19,87.29,428
2026-05-29 23:41:00,87.3,87.33,87.23,87.24,328
2026-05-29 23:42:00,87.24,87.26,87.13,87.17,466
2026-05-29 23:43:00,87.17,87.28,87.15,87.28,456
2026-05-29 23:44:00,87.29,87.33,87.25,87.29,421
2026-05-29 23:45:00,87.29,87.29,87.19,87.21,315
2026-05-29 23:46:00,87.21,87.5,87.18,87.48,776
2026-05-29 23:47:00,87.48,87.55,87.42,87.51,622
2026-05-29 23:48:00,87.51,87.52,87.24,87.38,1189
2026-05-29 23:49:00,87.36,87.38,87.22,87.28,509
2026-05-29 23:50:00,87.28,87.35,87.21,87.25,382
2026-05-29 23:51:00,87.24,87.28,87.23,87.26,368
2026-05-29 23:52:00,87.26,87.26,87.16,87.19,580
2026-05-29 23:53:00,87.18,87.22,87.12,87.14,1014
2026-05-29 23:54:00,87.14,87.17,87.08,87.15,633
2026-05-29 23:55:00,87.16,87.2,87.08,87.16,707
2026-05-29 23:56:00,87.17,87.17,87.0,87.02,764
2026-05-29 23:57:00,87.01,87.2,87.01,87.12,2109
2026-05-29 23:58:00,87.12,87.44,87.11,87.35,3893
2026-05-29 23:59:00,87.35,87.44,87.32,87.42,4644
2026-05-30 00:00:00,87.42,87.43,87.23,87.23,704
2026-05-30 00:01:00,87.22,87.23,87.12,87.18,695
2026-05-30 00:02:00,87.18,87.26,87.17,87.25,192
2026-05-30 00:03:00,87.25,87.33,87.24,87.26,171
2026-05-30 00:04:00,87.27,87.29,87.19,87.23,90
2026-05-30 00:05:00,87.23,87.28,87.21,87.26,105
2026-05-30 00:06:00,87.26,87.28,87.21,87.21,70
2026-05-30 00:07:00,87.19,87.21,87.17,87.2,46
2026-05-30 00:08:00,87.18,87.19,87.15,87.16,48
2026-05-30 00:09:00,87.16,87.19,87.13,87.17,230
2026-05-30 00:10:00,87.16,87.2,87.15,87.18,158
2026-05-30 00:11:00,87.17,87.21,87.15,87.18,56
2026-05-30 00:12:00,87.19,87.23,87.17,87.21,244
2026-05-30 00:13:00,87.22,87.23,87.18,87.21,110
2026-05-30 00:14:00,87.2,87.21,87.16,87.18,68
2026-05-30 00:15:00,87.19,88.0,87.18,87.61,2342
2026-05-30 00:16:00,87.59,87.94,87.57,87.81,651
2026-05-30 00:17:00,87.81,87.95,87.7,87.81,753
2026-05-30 00:18:00,87.8,87.93,87.76,87.83,526
2026-05-30 00:19:00,87.82,87.93,87.77,87.83,312
2026-05-30 00:20:00,87.83,87.91,87.69,87.74,277
2026-05-30 00:21:00,87.75,87.81,87.72,87.76,91
2026-05-30 00:22:00,87.75,87.76,87.63,87.74,432
2026-05-30 00:23:00,87.75,87.77,87.7,87.73,75
2026-05-30 00:24:00,87.73,87.75,87.64,87.66,110
2026-05-30 00:25:00,87.64,87.66,87.53,87.62,166
2026-05-30 00:26:00,87.61,87.64,87.57,87.59,97
2026-05-30 00:27:00,87.59,87.7,87.59,87.67,230
2026-05-30 00:28:00,87.68,87.73,87.63,87.63,72
2026-05-30 00:29:00,87.66,87.72,87.64,87.64,84
2026-05-30 00:30:00,87.66,87.67,87.59,87.67,72
2026-05-30 00:31:00,87.66,87.66,87.62,87.63,55
2026-05-30 00:32:00,87.64,87.69,87.64,87.69,33
2026-05-30 00:33:00,87.68,87.69,87.65,87.65,24
2026-05-30 00:34:00,87.67,87.74,87.67,87.71,87
2026-05-30 00:35:00,87.72,87.72,87.65,87.67,44
2026-05-30 00:36:00,87.69,87.73,87.67,87.7,107
2026-05-30 00:37:00,87.69,87.69,87.6,87.6,106
2026-05-30 00:38:00,87.61,87.63,87.57,87.62,95
2026-05-30 00:39:00,87.61,87.61,87.5,87.55,112
2026-05-30 00:40:00,87.54,87.58,87.53,87.57,107
2026-05-30 00:41:00,87.56,87.61,87.55,87.57,87
2026-05-30 00:42:00,87.6,87.67,87.59,87.63,83
2026-05-30 00:43:00,87.63,87.67,87.62,87.64,70
2026-05-30 00:44:00,87.63,87.7,87.55,87.58,168
2026-05-30 00:45:00,87.56,87.58,87.52,87.54,65
2026-05-30 00:46:00,87.56,87.6,87.51,87.53,99
2026-05-30 00:47:00,87.53,87.57,87.53,87.55,66
2026-05-30 00:48:00,87.58,87.62,87.56,87.58,62
2026-05-30 00:49:00,87.59,87.66,87.59,87.63,107
2026-05-30 00:50:00,87.65,87.69,87.61,87.61,94
2026-05-30 00:51:00,87.62,87.63,87.54,87.59,169
2026-05-30 00:52:00,87.59,87.65,87.58,87.63,81
2026-05-30 00:53:00,87.64,87.66,87.61,87.63,48
2026-05-30 00:54:00,87.65,87.71,87.63,87.7,241
2026-05-30 00:55:00,87.7,87.77,87.69,87.75,94
2026-05-30 00:56:00,87.74,87.76,87.72,87.74,114
2026-05-30 00:57:00,87.73,87.74,87.63,87.63,82
2026-05-30 00:58:00,87.62,87.64,87.58,87.59,38
2026-05-30 00:59:00,87.6,87.66,87.59,87.63,120
2026-05-30 01:00:00,87.63,87.72,87.6,87.7,141
2026-05-30 01:01:00,87.69,87.7,87.65,87.65,46
2026-05-30 01:02:00,87.65,87.75,87.62,87.74,108
2026-05-30 01:03:00,87.73,87.76,87.7,87.75,25
2026-05-30 01:04:00,87.75,87.84,87.75,87.81,92
2026-05-30 01:05:00,87.8,87.8,87.72,87.75,106
2026-05-30 01:06:00,87.76,87.79,87.69,87.75,99
2026-05-30 01:07:00,87.73,87.74,87.72,87.72,41
2026-05-30 01:08:00,87.71,87.76,87.71,87.73,39
2026-05-30 01:09:00,87.73,87.78,87.7,87.78,71
2026-05-30 01:10:00,87.78,87.82,87.78,87.82,124
2026-05-30 01:11:00,87.82,87.88,87.82,87.85,147
2026-05-30 01:12:00,87.86,87.96,87.85,87.96,124
2026-05-30 01:13:00,87.96,88.07,87.96,88.02,355
2026-05-30 01:14:00,88.04,88.15,88.03,88.07,156
2026-05-30 01:15:00,88.09,88.1,88.06,88.07,65
2026-05-30 01:16:00,88.09,88.17,88.09,88.12,224
2026-05-30 01:17:00,88.13,88.15,88.1,88.11,84
2026-05-30 01:18:00,88.13,88.16,88.08,88.08,49
2026-05-30 01:19:00,88.09,88.09,88.01,88.06,69
2026-05-30 01:20:00,88.06,88.07,87.97,88.04,137
2026-05-30 01:21:00,88.04,88.04,87.89,87.89,72
2026-05-30 01:22:00,87.9,87.95,87.84,87.93,172
2026-05-30 01:23:00,87.92,87.93,87.88,87.92,70
2026-05-30 01:24:00,87.92,88.0,87.91,88.0,93
2026-05-30 01:25:00,88.0,88.0,87.9,87.92,49
2026-05-30 01:26:00,87.93,87.99,87.93,87.97,75
2026-05-30 01:27:00,87.99,88.07,87.98,88.01,269
2026-05-30 01:28:00,88.01,88.07,88.01,88.06,75
2026-05-30 01:29:00,88.08,88.13,88.02,88.08,275
2026-05-30 01:30:00,88.08,88.14,88.04,88.13,95
2026-05-30 01:31:00,88.12,88.14,88.03,88.06,76
2026-05-30 01:32:00,88.02,88.04,88.01,88.03,26
2026-05-30 01:33:00,88.02,88.06,88.0,88.04,74
2026-05-30 01:34:00,88.05,88.06,87.97,87.98,58
2026-05-30 01:35:00,87.98,87.99,87.92,87.97,54
2026-05-30 01:36:00,87.96,87.96,87.94,87.95,16
2026-05-30 01:37:00,87.95,87.95,87.9,87.92,32
2026-05-30 01:38:00,87.91,87.92,87.85,87.85,83
2026-05-30 01:39:00,87.87,87.88,87.84,87.88,35
2026-05-30 01:40:00,87.89,87.91,87.87,87.91,36
2026-05-30 01:41:00,87.93,87.94,87.84,87.85,122
2026-05-30 01:42:00,87.85,87.87,87.77,87.82,113
2026-05-30 01:43:00,87.8,87.8,87.74,87.74,67
2026-05-30 01:44:00,87.74,87.75,87.71,87.72,28
2026-05-30 01:45:00,87.72,87.75,87.72,87.73,14
2026-05-30 01:46:00,87.75,87.75,87.73,87.73,43
2026-05-30 01:47:00,87.74,87.76,87.72,87.74,142
2026-05-30 01:48:00,87.74,87.86,87.74,87.86,146
2026-05-30 01:49:00,87.86,87.87,87.85,87.87,12
2026-05-30 01:50:00,87.88,87.94,87.86,87.93,147
2026-05-30 01:51:00,87.93,87.93,87.91,87.92,129
2026-05-30 01:52:00,87.91,87.93,87.85,87.88,35
2026-05-30 01:53:00,87.89,87.92,87.88,87.91,19
2026-05-30 01:54:00,87.92,87.93,87.9,87.93,21
2026-05-30 01:55:00,87.92,87.97,87.92,87.96,35
2026-05-30 01:56:00,87.97,87.98,87.96,87.97,15
2026-05-30 01:57:00,87.96,87.96,87.93,87.95,22
2026-05-30 01:58:00,87.93,87.93,87.87,87.87,148
2026-05-30 01:59:00,87.89,87.89,87.83,87.87,69
2026-05-30 02:00:00,87.85,87.85,87.82,87.83,30
2026-05-30 02:01:00,87.82,87.83,87.81,87.82,45
2026-05-30 02:02:00,87.83,87.86,87.83,87.86,23
2026-05-30 02:03:00,87.85,87.89,87.85,87.89,32
2026-05-30 02:04:00,87.9,87.92,87.9,87.9,32
2026-05-30 02:05:00,87.88,87.92,87.86,87.9,40
2026-05-30 02:06:00,87.91,87.92,87.9,87.9,19
2026-05-30 02:07:00,87.91,87.95,87.91,87.95,47
2026-05-30 02:08:00,87.95,87.98,87.93,87.93,53
2026-05-30 02:09:00,87.93,87.94,87.89,87.9,46
2026-05-30 02:10:00,87.93,87.93,87.89,87.9,39
2026-05-30 02:11:00,87.89,87.89,87.8,87.8,32
2026-05-30 02:12:00,87.8,87.81,87.7,87.71,42
2026-05-30 02:13:00,87.72,87.75,87.68,87.72,73
2026-05-30 02:14:00,87.7,87.72,87.67,87.69,34
2026-05-30 02:15:00,87.7,87.73,87.65,87.68,158
2026-05-30 02:16:00,87.69,87.72,87.66,87.72,23
2026-05-30 02:17:00,87.71,87.74,87.69,87.72,32
2026-05-30 02:18:00,87.72,87.78,87.71,87.78,22
2026-05-30 02:19:00,87.76,87.8,87.76,87.79,43
2026-05-30 02:20:00,87.79,87.79,87.69,87.7,72
2026-05-30 02:21:00,87.72,87.72,87.62,87.67,96
2026-05-30 02:22:00,87.68,87.75,87.68,87.75,26
2026-05-30 02:23:00,87.73,87.75,87.71,87.75,213
2026-05-30 02:24:00,87.75,87.88,87.73,87.87,96
2026-05-30 02:25:00,87.86,87.89,87.84,87.89,47
2026-05-30 02:26:00,87.86,87.86,87.78,87.8,79
2026-05-30 02:27:00,87.8,87.86,87.8,87.85,55
2026-05-30 02:28:00,87.84,87.89,87.75,87.82,165
2026-05-30 02:29:00,87.81,87.85,87.36,87.36,184
