Datetime,Open,High,Low,Close,Volume
2026-05-21 09:15:00,23830.05,23859.15,23821.75,23834.15,0
2026-05-21 09:16:00,23835.85,23838.15,23811.6,23816.85,0
2026-05-21 09:17:00,23816.9,23817.95,23793.4,23795.45,0
2026-05-21 09:18:00,23795.05,23801.65,23784.2,23786.35,0
2026-05-21 09:19:00,23786.45,23787.3,23765.75,23766.85,0
2026-05-21 09:20:00,23768.45,23771.5,23752.55,23757.5,0
2026-05-21 09:21:00,23757.95,23771.9,23753.7,23768.9,0
2026-05-21 09:22:00,23768.85,23774.2,23761.95,23763.35,0
2026-05-21 09:23:00,23763.85,23787.3,23762.35,23786.45,0
2026-05-21 09:24:00,23786.15,23787.25,23769.15,23774.8,0
2026-05-21 09:25:00,23775.05,23778.45,23766.3,23775.55,0
2026-05-21 09:26:00,23774.35,23780.85,23764.25,23764.25,0
2026-05-21 09:27:00,23766.0,23776.3,23766.0,23772.45,0
2026-05-21 09:28:00,23772.45,23773.8,23750.9,23758.15,0
2026-05-21 09:29:00,23758.15,23760.95,23755.4,23757.35,0
2026-05-21 09:30:00,23758.1,23774.25,23756.9,23772.3,0
2026-05-21 09:31:00,23772.15,23774.7,23762.65,23765.45,0
2026-05-21 09:32:00,23765.85,23766.55,23746.65,23747.15,0
2026-05-21 09:33:00,23747.45,23748.2,23736.85,23737.7,0
2026-05-21 09:34:00,23737.25,23739.65,23728.2,23738.15,0
2026-05-21 09:35:00,23738.3,23741.95,23731.3,23734.25,0
2026-05-21 09:36:00,23735.9,23753.45,23735.55,23747.1,0
2026-05-21 09:37:00,23746.65,23761.15,23745.4,23760.75,0
2026-05-21 09:38:00,23760.65,23766.2,23756.7,23759.35,0
2026-05-21 09:39:00,23759.65,23773.2,23757.1,23769.3,0
2026-05-21 09:40:00,23768.95,23773.6,23764.6,23772.2,0
2026-05-21 09:41:00,23772.45,23774.95,23757.2,23758.4,0
2026-05-21 09:42:00,23757.9,23773.45,23755.8,23769.35,0
2026-05-21 09:43:00,23769.1,23782.1,23768.85,23779.6,0
2026-05-21 09:44:00,23779.65,23794.2,23778.9,23792.6,0
2026-05-21 09:45:00,23793.15,23796.85,23787.85,23792.0,0
2026-05-21 09:46:00,23792.6,23795.85,23786.25,23790.4,0
2026-05-21 09:47:00,23789.5,23795.15,23786.65,23792.45,0
2026-05-21 09:48:00,23791.95,23794.85,23779.25,23781.2,0
2026-05-21 09:49:00,23781.0,23788.15,23777.2,23786.35,0
2026-05-21 09:50:00,23785.55,23791.65,23781.75,23788.75,0
2026-05-21 09:51:00,23787.7,23793.5,23784.2,23791.2,0
2026-05-21 09:52:00,23790.85,23792.45,23786.55,23788.25,0
2026-05-21 09:53:00,23788.05,23807.35,23788.0,23803.9,0
2026-05-21 09:54:00,23804.4,23812.0,23802.65,23808.7,0
2026-05-21 09:55:00,23807.05,23810.3,23805.25,23805.35,0
2026-05-21 09:56:00,23805.5,23806.3,23795.15,23798.25,0
2026-05-21 09:57:00,23798.6,23806.1,23794.1,23794.2,0
2026-05-21 09:58:00,23794.2,23796.05,23776.15,23778.4,0
2026-05-21 09:59:00,23778.7,23781.7,23767.9,23771.35,0
2026-05-21 10:00:00,23768.35,23776.2,23768.3,23774.2,0
2026-05-21 10:01:00,23775.25,23788.9,23775.2,23786.7,0
2026-05-21 10:02:00,23787.0,23789.4,23777.4,23788.15,0
2026-05-21 10:03:00,23788.35,23790.1,23780.05,23781.55,0
2026-05-21 10:04:00,23780.95,23783.85,23778.05,23782.15,0
2026-05-21 10:05:00,23781.85,23785.65,23778.6,23779.15,0
2026-05-21 10:06:00,23778.65,23782.1,23765.0,23765.0,0
2026-05-21 10:07:00,23766.6,23770.85,23755.9,23758.75,0
2026-05-21 10:08:00,23757.65,23761.85,23752.95,23757.95,0
2026-05-21 10:09:00,23757.8,23765.05,23756.1,23763.6,0
2026-05-21 10:10:00,23763.6,23771.15,23760.65,23762.7,0
2026-05-21 10:11:00,23762.5,23766.75,23760.15,23761.35,0
2026-05-21 10:12:00,23760.2,23772.7,23759.65,23766.75,0
2026-05-21 10:13:00,23767.15,23774.1,23762.55,23766.9,0
2026-05-21 10:14:00,23767.2,23771.45,23764.45,23767.5,0
2026-05-21 10:15:00,23767.45,23779.95,23767.45,23777.85,0
2026-05-21 10:16:00,23778.65,23784.1,23775.75,23782.35,0
2026-05-21 10:17:00,23782.3,23784.8,23777.9,23781.3,0
2026-05-21 10:18:00,23781.25,23783.2,23774.15,23778.45,0
2026-05-21 10:19:00,23779.0,23779.95,23774.0,23776.15,0
2026-05-21 10:20:00,23776.5,23783.0,23772.35,23776.1,0
2026-05-21 10:21:00,23775.85,23783.15,23772.4,23773.8,0
2026-05-21 10:22:00,23773.5,23779.1,23766.75,23779.1,0
2026-05-21 10:23:00,23779.45,23782.1,23772.6,23778.15,0
2026-05-21 10:24:00,23778.55,23780.1,23768.75,23770.95,0
2026-05-21 10:25:00,23770.6,23772.55,23765.35,23769.5,0
2026-05-21 10:26:00,23769.85,23774.7,23769.85,23771.9,0
2026-05-21 10:27:00,23771.85,23777.65,23766.45,23774.35,0
2026-05-21 10:28:00,23775.0,23789.15,23774.35,23786.25,0
2026-05-21 10:29:00,23788.4,23790.55,23772.7,23780.05,0
2026-05-21 10:30:00,23780.0,23783.0,23776.1,23781.05,0
2026-05-21 10:31:00,23781.8,23790.0,23779.95,23787.1,0
2026-05-21 10:32:00,23787.25,23789.1,23777.55,23777.7,0
2026-05-21 10:33:00,23778.0,23778.85,23768.05,23771.6,0
2026-05-21 10:34:00,23771.75,23772.85,23761.25,23762.1,0
2026-05-21 10:35:00,23762.25,23766.0,23758.8,23760.65,0
2026-05-21 10:36:00,23760.95,23767.4,23758.9,23758.9,0
2026-05-21 10:37:00,23759.3,23762.85,23747.35,23748.7,0
2026-05-21 10:38:00,23749.0,23750.9,23729.55,23729.55,0
2026-05-21 10:39:00,23729.9,23739.9,23729.4,23734.95,0
2026-05-21 10:40:00,23736.35,23739.2,23734.25,23738.55,0
2026-05-21 10:41:00,23738.5,23754.4,23738.5,23743.35,0
2026-05-21 10:42:00,23743.2,23752.65,23743.05,23752.65,0
2026-05-21 10:43:00,23752.95,23761.55,23752.95,23761.2,0
2026-05-21 10:44:00,23761.35,23764.75,23760.45,23763.75,0
2026-05-21 10:45:00,23764.8,23771.4,23764.8,23771.0,0
2026-05-21 10:46:00,23770.4,23773.95,23769.25,23773.25,0
2026-05-21 10:47:00,23772.95,23774.2,23757.8,23757.8,0
2026-05-21 10:48:00,23758.45,23761.2,23755.75,23757.85,0
2026-05-21 10:49:00,23757.75,23758.9,23746.6,23749.1,0
2026-05-21 10:50:00,23748.95,23753.05,23746.4,23749.2,0
2026-05-21 10:51:00,23749.6,23751.65,23743.15,23743.75,0
2026-05-21 10:52:00,23743.75,23744.6,23735.95,23738.35,0
2026-05-21 10:53:00,23738.75,23739.65,23733.35,23735.5,0
2026-05-21 10:54:00,23735.25,23749.75,23735.25,23748.8,0
2026-05-21 10:55:00,23748.85,23750.9,23731.3,23733.7,0
2026-05-21 10:56:00,23734.25,23735.35,23719.0,23727.75,0
2026-05-21 10:57:00,23727.45,23734.1,23727.45,23730.25,0
2026-05-21 10:58:00,23730.1,23738.1,23729.05,23729.2,0
2026-05-21 10:59:00,23729.5,23729.5,23721.65,23723.8,0
2026-05-21 11:00:00,23723.75,23726.15,23707.45,23711.65,0
2026-05-21 11:01:00,23711.05,23714.9,23707.1,23710.75,0
2026-05-21 11:02:00,23710.55,23717.5,23709.35,23717.5,0
2026-05-21 11:03:00,23717.9,23721.7,23715.1,23715.85,0
2026-05-21 11:04:00,23716.1,23717.85,23711.45,23713.85,0
2026-05-21 11:05:00,23713.4,23717.65,23707.45,23710.4,0
2026-05-21 11:06:00,23710.65,23713.3,23706.8,23708.65,0
2026-05-21 11:07:00,23708.15,23713.45,23704.75,23710.1,0
2026-05-21 11:08:00,23709.45,23713.15,23707.05,23711.55,0
2026-05-21 11:09:00,23712.45,23717.65,23712.1,23717.3,0
2026-05-21 11:10:00,23717.4,23718.9,23710.6,23712.55,0
2026-05-21 11:11:00,23712.9,23718.35,23703.6,23704.8,0
2026-05-21 11:12:00,23704.85,23711.1,23704.5,23709.95,0
2026-05-21 11:13:00,23709.75,23711.15,23699.75,23701.55,0
2026-05-21 11:14:00,23702.45,23705.35,23695.55,23697.55,0
2026-05-21 11:15:00,23697.05,23698.2,23687.15,23687.25,0
2026-05-21 11:16:00,23687.2,23688.7,23671.15,23671.65,0
2026-05-21 11:17:00,23671.7,23671.9,23643.15,23643.95,0
2026-05-21 11:18:00,23641.25,23660.6,23640.05,23660.6,0
2026-05-21 11:19:00,23661.1,23679.3,23660.75,23678.45,0
2026-05-21 11:20:00,23678.65,23687.25,23675.6,23684.7,0
2026-05-21 11:21:00,23685.4,23689.3,23678.25,23688.75,0
2026-05-21 11:22:00,23688.55,23698.95,23685.45,23697.25,0
2026-05-21 11:23:00,23697.1,23702.1,23696.2,23701.15,0
2026-05-21 11:24:00,23700.9,23714.9,23700.9,23713.8,0
2026-05-21 11:25:00,23713.6,23718.15,23706.75,23716.9,0
2026-05-21 11:26:00,23717.3,23722.75,23716.8,23720.55,0
2026-05-21 11:27:00,23720.9,23732.85,23720.9,23730.45,0
2026-05-21 11:28:00,23731.05,23746.0,23730.15,23745.25,0
2026-05-21 11:29:00,23745.6,23746.45,23739.65,23742.95,0
2026-05-21 11:30:00,23742.55,23744.4,23726.55,23735.05,0
2026-05-21 11:31:00,23734.75,23736.5,23727.0,23729.1,0
2026-05-21 11:32:00,23729.85,23732.95,23725.75,23730.65,0
2026-05-21 11:33:00,23731.9,23739.05,23730.35,23736.65,0
2026-05-21 11:34:00,23737.0,23738.1,23733.6,23735.05,0
2026-05-21 11:35:00,23735.05,23737.1,23730.55,23730.6,0
2026-05-21 11:36:00,23731.0,23739.7,23730.3,23737.1,0
2026-05-21 11:37:00,23738.05,23739.1,23733.75,23737.7,0
2026-05-21 11:38:00,23739.2,23740.2,23731.5,23731.75,0
2026-05-21 11:39:00,23732.35,23735.85,23729.15,23730.4,0
2026-05-21 11:40:00,23729.9,23733.95,23726.65,23726.95,0
2026-05-21 11:41:00,23727.45,23731.35,23725.95,23727.9,0
2026-05-21 11:42:00,23728.8,23732.2,23725.8,23729.5,0
2026-05-21 11:43:00,23729.6,23730.8,23721.95,23722.05,0
2026-05-21 11:44:00,23722.35,23730.9,23721.7,23730.45,0
2026-05-21 11:45:00,23731.15,23734.65,23729.4,23732.2,0
2026-05-21 11:46:00,23731.6,23733.65,23725.3,23727.2,0
2026-05-21 11:47:00,23727.55,23729.6,23725.1,23725.1,0
2026-05-21 11:48:00,23725.7,23727.15,23720.25,23720.3,0
2026-05-21 11:49:00,23720.45,23723.7,23716.45,23723.4,0
2026-05-21 11:50:00,23723.55,23726.1,23721.25,23724.25,0
2026-05-21 11:51:00,23724.75,23743.05,23723.9,23742.4,0
2026-05-21 11:52:00,23742.55,23744.8,23732.15,23733.85,0
2026-05-21 11:53:00,23733.3,23734.85,23728.45,23730.0,0
2026-05-21 11:54:00,23730.65,23734.25,23726.55,23726.55,0
2026-05-21 11:55:00,23726.7,23732.25,23718.2,23718.2,0
2026-05-21 11:56:00,23719.0,23723.3,23718.55,23719.5,0
2026-05-21 11:57:00,23719.75,23720.95,23711.65,23714.9,0
2026-05-21 11:58:00,23715.2,23725.55,23715.2,23725.55,0
2026-05-21 11:59:00,23725.25,23726.5,23714.65,23716.05,0
2026-05-21 12:00:00,23717.7,23722.85,23717.35,23722.35,0
2026-05-21 12:01:00,23722.6,23725.75,23720.7,23724.5,0
2026-05-21 12:02:00,23724.85,23735.55,23724.7,23734.95,0
2026-05-21 12:03:00,23735.1,23742.25,23734.85,23739.85,0
2026-05-21 12:04:00,23740.35,23741.7,23729.6,23732.2,0
2026-05-21 12:05:00,23732.05,23735.3,23728.15,23732.2,0
2026-05-21 12:06:00,23732.15,23737.25,23729.3,23729.4,0
2026-05-21 12:07:00,23729.5,23730.6,23725.75,23726.45,0
2026-05-21 12:08:00,23727.0,23737.6,23727.0,23736.2,0
2026-05-21 12:09:00,23736.2,23741.25,23733.4,23733.9,0
2026-05-21 12:10:00,23734.0,23740.9,23734.0,23735.6,0
2026-05-21 12:11:00,23735.5,23736.25,23729.15,23730.7,0
2026-05-21 12:12:00,23730.65,23735.9,23730.1,23731.65,0
2026-05-21 12:13:00,23732.1,23733.05,23714.05,23715.0,0
2026-05-21 12:14:00,23715.05,23715.8,23704.8,23705.7,0
2026-05-21 12:15:00,23705.05,23709.25,23702.85,23708.35,0
2026-05-21 12:16:00,23708.75,23710.55,23705.35,23710.05,0
2026-05-21 12:17:00,23710.2,23718.9,23709.3,23709.6,0
2026-05-21 12:18:00,23709.2,23711.4,23698.7,23698.95,0
2026-05-21 12:19:00,23698.4,23708.8,23692.95,23708.3,0
2026-05-21 12:20:00,23708.5,23714.05,23700.15,23702.8,0
2026-05-21 12:21:00,23702.9,23711.3,23702.85,23709.5,0
2026-05-21 12:22:00,23709.8,23715.8,23708.7,23713.45,0
2026-05-21 12:23:00,23713.7,23716.0,23704.95,23705.2,0
2026-05-21 12:24:00,23705.35,23705.35,23691.0,23692.05,0
2026-05-21 12:25:00,23692.15,23696.25,23690.65,23694.75,0
2026-05-21 12:26:00,23695.05,23697.6,23673.6,23673.6,0
2026-05-21 12:27:00,23673.7,23673.9,23652.3,23654.55,0
2026-05-21 12:28:00,23654.1,23668.5,23649.5,23668.15,0
2026-05-21 12:29:00,23668.3,23675.15,23663.25,23663.6,0
2026-05-21 12:30:00,23663.8,23664.35,23655.0,23655.3,0
2026-05-21 12:31:00,23654.65,23656.85,23652.4,23652.85,0
2026-05-21 12:32:00,23652.9,23659.25,23652.0,23655.8,0
2026-05-21 12:33:00,23655.3,23662.4,23652.2,23660.65,0
2026-05-21 12:34:00,23659.8,23673.95,23659.45,23668.7,0
2026-05-21 12:35:00,23669.6,23669.85,23659.65,23660.0,0
2026-05-21 12:36:00,23659.75,23663.3,23657.0,23659.45,0
2026-05-21 12:37:00,23658.6,23663.35,23641.1,23641.1,0
2026-05-21 12:38:00,23641.05,23645.8,23634.55,23635.45,0
2026-05-21 12:39:00,23634.3,23634.8,23624.6,23632.3,0
2026-05-21 12:40:00,23632.35,23634.3,23618.35,23619.2,0
2026-05-21 12:41:00,23619.25,23619.45,23607.6,23608.15,0
2026-05-21 12:42:00,23608.1,23627.3,23607.45,23625.5,0
2026-05-21 12:43:00,23626.95,23638.75,23626.85,23638.75,0
2026-05-21 12:44:00,23637.8,23648.95,23637.75,23639.8,0
2026-05-21 12:45:00,23640.1,23641.25,23619.85,23623.05,0
2026-05-21 12:46:00,23623.35,23624.15,23614.6,23618.75,0
2026-05-21 12:47:00,23618.6,23631.5,23613.85,23631.5,0
2026-05-21 12:48:00,23631.75,23640.55,23626.0,23627.3,0
2026-05-21 12:49:00,23626.65,23631.35,23624.65,23630.8,0
2026-05-21 12:50:00,23630.9,23636.9,23630.3,23636.1,0
2026-05-21 12:51:00,23635.85,23641.55,23635.3,23638.35,0
2026-05-21 12:52:00,23637.95,23640.65,23635.15,23639.85,0
2026-05-21 12:53:00,23639.9,23646.85,23639.75,23644.45,0
2026-05-21 12:54:00,23644.55,23644.55,23637.8,23641.0,0
2026-05-21 12:55:00,23641.65,23643.3,23635.95,23636.5,0
2026-05-21 12:56:00,23636.4,23638.85,23629.55,23632.65,0
2026-05-21 12:57:00,23632.7,23635.0,23625.8,23626.7,0
2026-05-21 12:58:00,23627.0,23629.85,23622.5,23622.6,0
2026-05-21 12:59:00,23622.65,23628.2,23619.35,23624.35,0
2026-05-21 13:00:00,23624.2,23627.5,23620.25,23620.65,0
2026-05-21 13:01:00,23620.7,23623.55,23609.5,23613.8,0
2026-05-21 13:02:00,23613.3,23618.6,23609.25,23609.5,0
2026-05-21 13:03:00,23609.45,23610.9,23596.85,23603.4,0
2026-05-21 13:04:00,23603.75,23620.55,23603.6,23619.95,0
2026-05-21 13:05:00,23620.0,23625.55,23619.0,23623.0,0
2026-05-21 13:06:00,23624.05,23632.85,23624.05,23625.75,0
2026-05-21 13:07:00,23626.05,23627.6,23621.9,23624.25,0
2026-05-21 13:08:00,23623.75,23631.3,23614.75,23631.25,0
2026-05-21 13:09:00,23631.3,23641.8,23628.75,23637.75,0
2026-05-21 13:10:00,23637.75,23651.15,23637.75,23649.0,0
2026-05-21 13:11:00,23648.9,23653.95,23638.25,23638.75,0
2026-05-21 13:12:00,23639.2,23641.5,23632.45,23640.95,0
2026-05-21 13:13:00,23641.3,23644.0,23639.7,23642.4,0
2026-05-21 13:14:00,23642.9,23647.15,23640.4,23640.55,0
2026-05-21 13:15:00,23640.7,23642.65,23636.3,23639.6,0
2026-05-21 13:16:00,23640.3,23647.95,23639.2,23640.25,0
2026-05-21 13:17:00,23639.85,23647.1,23639.75,23642.7,0
2026-05-21 13:18:00,23642.55,23645.15,23636.2,23636.7,0
2026-05-21 13:19:00,23636.55,23644.55,23635.9,23643.15,0
2026-05-21 13:20:00,23643.4,23651.1,23639.6,23648.6,0
2026-05-21 13:21:00,23648.65,23650.55,23640.35,23640.85,0
2026-05-21 13:22:00,23640.7,23643.2,23637.85,23639.85,0
2026-05-21 13:23:00,23639.95,23644.15,23638.4,23640.6,0
2026-05-21 13:24:00,23640.0,23642.65,23635.6,23636.95,0
2026-05-21 13:25:00,23636.7,23643.3,23636.7,23638.6,0
2026-05-21 13:26:00,23638.75,23641.55,23635.45,23636.1,0
2026-05-21 13:27:00,23635.95,23642.7,23635.65,23641.35,0
2026-05-21 13:28:00,23641.75,23643.4,23635.95,23638.2,0
2026-05-21 13:29:00,23637.9,23640.35,23630.65,23631.7,0
2026-05-21 13:30:00,23631.6,23634.15,23624.55,23625.45,0
2026-05-21 13:31:00,23625.6,23629.6,23623.15,23623.4,0
2026-05-21 13:32:00,23623.5,23634.9,23622.75,23634.9,0
2026-05-21 13:33:00,23634.55,23649.25,23634.55,23642.6,0
2026-05-21 13:34:00,23642.55,23647.45,23640.25,23647.1,0
2026-05-21 13:35:00,23647.35,23651.7,23645.25,23651.25,0
2026-05-21 13:36:00,23651.6,23661.45,23649.15,23661.4,0
2026-05-21 13:37:00,23661.75,23674.55,23661.5,23669.15,0
2026-05-21 13:38:00,23669.2,23670.55,23661.65,23667.3,0
2026-05-21 13:39:00,23667.4,23672.7,23662.35,23663.0,0
2026-05-21 13:40:00,23663.35,23668.95,23662.2,23667.2,0
2026-05-21 13:41:00,23668.4,23687.5,23666.95,23684.45,0
2026-05-21 13:42:00,23684.8,23686.95,23677.9,23679.4,0
2026-05-21 13:43:00,23679.0,23679.4,23671.95,23673.8,0
2026-05-21 13:44:00,23673.65,23687.5,23672.85,23681.3,0
2026-05-21 13:45:00,23681.35,23686.75,23681.35,23683.7,0
2026-05-21 13:46:00,23683.65,23689.2,23681.05,23681.05,0
2026-05-21 13:47:00,23681.25,23691.8,23680.1,23686.0,0
2026-05-21 13:48:00,23685.8,23689.9,23676.6,23677.0,0
2026-05-21 13:49:00,23677.3,23680.1,23664.4,23664.65,0
2026-05-21 13:50:00,23665.15,23666.45,23654.85,23655.8,0
2026-05-21 13:51:00,23656.8,23663.1,23647.65,23648.4,0
2026-05-21 13:52:00,23648.5,23654.7,23646.5,23651.25,0
2026-05-21 13:53:00,23651.7,23657.9,23650.65,23655.35,0
2026-05-21 13:54:00,23655.35,23656.55,23645.85,23651.75,0
2026-05-21 13:55:00,23650.6,23654.0,23648.3,23650.2,0
2026-05-21 13:56:00,23650.0,23651.95,23640.3,23641.15,0
2026-05-21 13:57:00,23641.2,23654.35,23640.35,23652.6,0
2026-05-21 13:58:00,23652.6,23656.3,23650.6,23655.5,0
2026-05-21 13:59:00,23655.5,23675.85,23654.5,23673.3,0
2026-05-21 14:00:00,23673.35,23674.05,23657.7,23658.8,0
2026-05-21 14:01:00,23659.05,23661.25,23650.15,23650.65,0
2026-05-21 14:02:00,23651.35,23655.3,23646.5,23647.0,0
2026-05-21 14:03:00,23647.0,23655.85,23647.0,23651.75,0
2026-05-21 14:04:00,23652.25,23653.3,23644.9,23648.25,0
2026-05-21 14:05:00,23648.6,23651.1,23645.1,23648.5,0
2026-05-21 14:06:00,23648.6,23650.45,23643.4,23644.1,0
2026-05-21 14:07:00,23643.95,23649.1,23639.9,23644.35,0
2026-05-21 14:08:00,23644.35,23647.75,23643.7,23646.85,0
2026-05-21 14:09:00,23647.2,23648.55,23640.7,23642.4,0
2026-05-21 14:10:00,23642.7,23644.55,23638.1,23642.85,0
2026-05-21 14:11:00,23642.2,23650.1,23641.25,23647.45,0
2026-05-21 14:12:00,23647.65,23656.55,23644.4,23652.15,0
2026-05-21 14:13:00,23652.4,23663.3,23652.4,23660.4,0
2026-05-21 14:14:00,23660.1,23662.4,23647.15,23651.6,0
2026-05-21 14:15:00,23652.15,23652.15,23638.4,23647.65,0
2026-05-21 14:16:00,23647.9,23654.1,23644.3,23644.4,0
2026-05-21 14:17:00,23644.6,23655.9,23644.6,23655.3,0
2026-05-21 14:18:00,23655.85,23656.7,23647.4,23650.05,0
2026-05-21 14:19:00,23650.15,23653.95,23648.85,23651.45,0
2026-05-21 14:20:00,23651.55,23663.15,23651.55,23663.1,0
2026-05-21 14:21:00,23663.1,23667.0,23661.7,23665.1,0
2026-05-21 14:22:00,23665.7,23669.55,23665.25,23666.85,0
2026-05-21 14:23:00,23667.0,23669.6,23662.45,23666.3,0
2026-05-21 14:24:00,23666.55,23673.2,23666.25,23673.2,0
2026-05-21 14:25:00,23672.7,23676.2,23669.8,23675.9,0
2026-05-21 14:26:00,23675.6,23678.35,23673.6,23675.2,0
2026-05-21 14:27:00,23675.55,23677.3,23661.15,23662.1,0
2026-05-21 14:28:00,23662.25,23665.1,23647.05,23648.2,0
2026-05-21 14:29:00,23648.45,23653.85,23645.35,23652.5,0
2026-05-21 14:30:00,23652.4,23664.0,23650.4,23659.85,0
2026-05-21 14:31:00,23660.45,23676.7,23659.0,23676.45,0
2026-05-21 14:32:00,23676.65,23682.9,23664.7,23664.75,0
2026-05-21 14:33:00,23668.3,23668.3,23652.25,23656.5,0
2026-05-21 14:34:00,23656.9,23663.6,23651.35,23663.6,0
2026-05-21 14:35:00,23663.6,23676.1,23659.0,23672.05,0
2026-05-21 14:36:00,23672.35,23674.8,23669.15,23672.4,0
2026-05-21 14:37:00,23672.85,23678.05,23665.3,23665.3,0
2026-05-21 14:38:00,23666.0,23668.8,23665.15,23665.15,0
2026-05-21 14:39:00,23665.65,23668.2,23661.9,23663.25,0
2026-05-21 14:40:00,23663.1,23667.2,23660.5,23661.15,0
2026-05-21 14:41:00,23662.25,23682.6,23661.6,23681.85,0
2026-05-21 14:42:00,23681.7,23705.4,23680.95,23696.7,0
2026-05-21 14:43:00,23696.6,23698.75,23678.7,23679.35,0
2026-05-21 14:44:00,23679.05,23681.1,23669.2,23671.85,0
2026-05-21 14:45:00,23671.85,23679.45,23671.1,23675.8,0
2026-05-21 14:46:00,23675.95,23690.5,23669.5,23690.4,0
2026-05-21 14:47:00,23690.35,23691.3,23682.3,23682.55,0
2026-05-21 14:48:00,23682.25,23686.45,23680.3,23683.35,0
2026-05-21 14:49:00,23682.95,23686.8,23678.5,23678.5,0
2026-05-21 14:50:00,23678.3,23686.0,23678.3,23685.8,0
2026-05-21 14:51:00,23685.75,23691.0,23679.95,23684.6,0
2026-05-21 14:52:00,23684.15,23695.3,23684.15,23693.65,0
2026-05-21 14:53:00,23693.3,23696.6,23675.65,23676.7,0
2026-05-21 14:54:00,23676.95,23686.25,23673.55,23686.25,0
2026-05-21 14:55:00,23686.55,23690.85,23675.3,23678.05,0
2026-05-21 14:56:00,23677.4,23683.85,23675.1,23678.65,0
2026-05-21 14:57:00,23678.6,23693.5,23677.5,23687.35,0
2026-05-21 14:58:00,23685.6,23688.55,23679.7,23682.25,0
2026-05-21 14:59:00,23682.45,23682.45,23673.05,23679.3,0
2026-05-21 15:00:00,23679.55,23691.3,23677.95,23679.35,0
2026-05-21 15:01:00,23679.65,23683.65,23662.55,23662.6,0
2026-05-21 15:02:00,23663.35,23664.35,23649.25,23650.7,0
2026-05-21 15:03:00,23650.75,23664.1,23649.25,23663.7,0
2026-05-21 15:04:00,23663.15,23670.45,23655.9,23670.25,0
2026-05-21 15:05:00,23669.4,23673.8,23658.9,23665.1,0
2026-05-21 15:06:00,23663.3,23678.0,23659.75,23670.25,0
2026-05-21 15:07:00,23669.9,23678.25,23664.45,23664.7,0
2026-05-21 15:08:00,23664.45,23665.45,23651.4,23659.85,0
2026-05-21 15:09:00,23657.8,23659.9,23649.45,23654.8,0
2026-05-21 15:10:00,23655.2,23663.35,23654.15,23661.7,0
2026-05-21 15:11:00,23661.15,23668.0,23647.0,23647.8,0
2026-05-21 15:12:00,23647.75,23651.95,23646.7,23647.9,0
2026-05-21 15:13:00,23647.4,23656.85,23647.4,23652.45,0
2026-05-21 15:14:00,23652.1,23657.4,23637.05,23639.2,0
2026-05-21 15:15:00,23639.1,23646.85,23632.45,23646.85,0
2026-05-21 15:16:00,23646.6,23649.75,23636.55,23636.55,0
2026-05-21 15:17:00,23636.8,23639.1,23631.15,23635.0,0
2026-05-21 15:18:00,23635.35,23638.75,23631.1,23637.95,0
2026-05-21 15:19:00,23638.15,23643.6,23635.6,23636.15,0
2026-05-21 15:20:00,23636.6,23650.65,23635.05,23647.4,0
2026-05-21 15:21:00,23646.35,23648.4,23638.7,23638.7,0
2026-05-21 15:22:00,23639.1,23640.2,23633.7,23638.8,0
2026-05-21 15:23:00,23638.85,23648.8,23638.85,23646.9,0
2026-05-21 15:24:00,23647.4,23649.55,23642.4,23644.25,0
2026-05-21 15:25:00,23644.5,23646.35,23636.95,23641.55,0
2026-05-21 15:26:00,23641.15,23645.4,23639.1,23640.25,0
2026-05-21 15:27:00,23640.95,23643.35,23636.05,23641.15,0
2026-05-21 15:28:00,23641.05,23643.8,23636.65,23641.55,0
2026-05-21 15:29:00,23641.3,23652.45,23638.9,23648.8,0
2026-05-22 09:15:00,23676.5,23709.0,23676.5,23692.65,0
2026-05-22 09:16:00,23691.95,23697.15,23679.05,23685.0,0
2026-05-22 09:17:00,23683.8,23696.15,23675.35,23686.7,0
2026-05-22 09:18:00,23687.8,23697.8,23680.6,23681.95,0
2026-05-22 09:19:00,23682.25,23696.05,23681.3,23693.5,0
2026-05-22 09:20:00,23692.85,23717.4,23692.85,23707.1,0
2026-05-22 09:21:00,23706.95,23734.65,23706.95,23732.55,0
2026-05-22 09:22:00,23731.1,23750.35,23731.1,23749.95,0
2026-05-22 09:23:00,23749.75,23750.05,23735.1,23741.5,0
2026-05-22 09:24:00,23742.7,23756.0,23740.6,23752.85,0
2026-05-22 09:25:00,23753.25,23756.25,23737.75,23738.45,0
2026-05-22 09:26:00,23738.3,23751.6,23737.5,23737.5,0
2026-05-22 09:27:00,23736.8,23750.65,23736.0,23750.35,0
2026-05-22 09:28:00,23750.0,23752.35,23736.05,23737.15,0
2026-05-22 09:29:00,23737.55,23745.1,23731.2,23738.6,0
2026-05-22 09:30:00,23738.6,23752.05,23736.75,23749.75,0
2026-05-22 09:31:00,23750.25,23751.7,23745.9,23748.7,0
2026-05-22 09:32:00,23748.5,23750.95,23738.55,23738.75,0
2026-05-22 09:33:00,23738.45,23744.2,23733.1,23743.25,0
2026-05-22 09:34:00,23743.5,23764.6,23743.5,23762.75,0
2026-05-22 09:35:00,23763.65,23778.6,23762.1,23770.65,0
2026-05-22 09:36:00,23769.8,23771.9,23751.0,23751.05,0
2026-05-22 09:37:00,23752.3,23763.15,23749.55,23756.7,0
2026-05-22 09:38:00,23756.5,23762.8,23751.9,23759.9,0
2026-05-22 09:39:00,23759.4,23761.75,23754.55,23755.85,0
2026-05-22 09:40:00,23755.5,23756.6,23740.95,23741.2,0
2026-05-22 09:41:00,23741.0,23742.6,23731.8,23738.45,0
2026-05-22 09:42:00,23737.8,23742.1,23733.3,23735.6,0
2026-05-22 09:43:00,23735.7,23757.0,23729.55,23757.0,0
2026-05-22 09:44:00,23757.0,23765.4,23752.1,23752.95,0
2026-05-22 09:45:00,23753.3,23756.7,23748.15,23752.5,0
2026-05-22 09:46:00,23751.9,23755.55,23745.7,23752.2,0
2026-05-22 09:47:00,23751.95,23761.2,23748.15,23758.9,0
2026-05-22 09:48:00,23758.15,23761.1,23751.4,23753.9,0
2026-05-22 09:49:00,23753.55,23755.15,23739.2,23740.8,0
2026-05-22 09:50:00,23740.95,23756.2,23740.55,23754.3,0
2026-05-22 09:51:00,23753.3,23767.85,23753.3,23767.45,0
2026-05-22 09:52:00,23768.3,23779.9,23766.45,23779.8,0
2026-05-22 09:53:00,23779.8,23784.4,23772.45,23775.3,0
2026-05-22 09:54:00,23775.8,23779.1,23766.1,23774.1,0
2026-05-22 09:55:00,23774.35,23779.65,23771.75,23771.75,0
2026-05-22 09:56:00,23772.0,23775.9,23763.85,23774.3,0
2026-05-22 09:57:00,23773.8,23786.9,23773.55,23785.7,0
2026-05-22 09:58:00,23785.7,23788.7,23783.7,23785.75,0
2026-05-22 09:59:00,23785.8,23787.85,23778.7,23779.65,0
2026-05-22 10:00:00,23778.6,23780.9,23770.75,23772.6,0
2026-05-22 10:01:00,23772.1,23774.5,23769.65,23770.0,0
2026-05-22 10:02:00,23769.6,23779.95,23769.55,23775.8,0
2026-05-22 10:03:00,23775.6,23781.35,23772.15,23772.95,0
2026-05-22 10:04:00,23773.3,23774.7,23767.05,23767.3,0
2026-05-22 10:05:00,23766.5,23769.35,23759.4,23766.3,0
2026-05-22 10:06:00,23766.55,23771.45,23764.45,23770.65,0
2026-05-22 10:07:00,23770.1,23773.7,23769.0,23770.9,0
2026-05-22 10:08:00,23770.4,23784.75,23770.4,23784.75,0
2026-05-22 10:09:00,23784.6,23787.5,23781.9,23785.5,0
2026-05-22 10:10:00,23785.15,23795.1,23785.15,23791.75,0
2026-05-22 10:11:00,23792.0,23795.4,23787.2,23794.35,0
2026-05-22 10:12:00,23793.95,23799.85,23792.7,23793.8,0
2026-05-22 10:13:00,23793.4,23796.85,23790.55,23792.15,0
2026-05-22 10:14:00,23792.45,23794.1,23789.15,23791.7,0
2026-05-22 10:15:00,23791.65,23795.4,23787.05,23790.15,0
2026-05-22 10:16:00,23790.0,23790.85,23773.1,23778.95,0
2026-05-22 10:17:00,23779.45,23786.15,23775.55,23776.35,0
2026-05-22 10:18:00,23776.25,23777.15,23766.0,23766.25,0
2026-05-22 10:19:00,23765.75,23767.75,23759.9,23764.1,0
2026-05-22 10:20:00,23763.5,23768.55,23762.9,23767.15,0
2026-05-22 10:21:00,23767.05,23772.35,23767.05,23768.65,0
2026-05-22 10:22:00,23768.45,23782.15,23768.45,23780.05,0
2026-05-22 10:23:00,23780.55,23785.4,23778.95,23779.55,0
2026-05-22 10:24:00,23779.6,23782.35,23765.2,23765.65,0
2026-05-22 10:25:00,23765.45,23776.1,23762.1,23773.8,0
2026-05-22 10:26:00,23774.05,23775.95,23763.95,23766.55,0
2026-05-22 10:27:00,23766.35,23771.9,23764.9,23767.25,0
2026-05-22 10:28:00,23767.5,23769.65,23763.55,23767.05,0
2026-05-22 10:29:00,23767.25,23769.6,23759.65,23761.45,0
2026-05-22 10:30:00,23761.35,23769.1,23761.35,23764.3,0
2026-05-22 10:31:00,23764.75,23771.2,23764.2,23766.4,0
2026-05-22 10:32:00,23765.85,23770.8,23762.2,23769.8,0
2026-05-22 10:33:00,23769.8,23781.05,23769.8,23777.55,0
2026-05-22 10:34:00,23779.35,23786.6,23778.1,23778.15,0
2026-05-22 10:35:00,23778.3,23782.6,23774.95,23782.1,0
2026-05-22 10:36:00,23780.5,23782.4,23778.0,23780.05,0
2026-05-22 10:37:00,23780.1,23780.2,23766.15,23767.55,0
2026-05-22 10:38:00,23767.55,23770.3,23765.4,23768.8,0
2026-05-22 10:39:00,23769.1,23773.05,23766.6,23773.05,0
2026-05-22 10:40:00,23773.75,23782.8,23773.75,23782.2,0
2026-05-22 10:41:00,23782.9,23790.1,23776.9,23777.65,0
2026-05-22 10:42:00,23777.6,23787.1,23775.75,23786.4,0
2026-05-22 10:43:00,23785.6,23793.45,23785.25,23791.15,0
2026-05-22 10:44:00,23791.3,23795.15,23789.05,23792.7,0
2026-05-22 10:45:00,23793.0,23796.4,23786.65,23786.65,0
2026-05-22 10:46:00,23787.05,23793.9,23785.5,23792.75,0
2026-05-22 10:47:00,23792.75,23797.85,23790.95,23795.7,0
2026-05-22 10:48:00,23796.55,23797.55,23781.45,23781.65,0
2026-05-22 10:49:00,23781.5,23784.05,23775.1,23783.9,0
2026-05-22 10:50:00,23784.3,23785.2,23775.45,23776.85,0
2026-05-22 10:51:00,23776.3,23785.15,23776.3,23782.3,0
2026-05-22 10:52:00,23782.3,23785.95,23778.35,23784.85,0
2026-05-22 10:53:00,23784.85,23787.5,23780.35,23784.7,0
2026-05-22 10:54:00,23784.35,23789.55,23783.9,23785.6,0
2026-05-22 10:55:00,23785.6,23786.45,23779.2,23779.2,0
2026-05-22 10:56:00,23779.8,23784.65,23776.45,23783.1,0
2026-05-22 10:57:00,23783.9,23785.1,23777.5,23779.45,0
2026-05-22 10:58:00,23779.9,23785.05,23778.15,23781.6,0
2026-05-22 10:59:00,23781.75,23783.65,23777.45,23780.75,0
2026-05-22 11:00:00,23781.2,23782.55,23776.8,23779.85,0
2026-05-22 11:01:00,23780.15,23781.9,23777.3,23779.0,0
2026-05-22 11:02:00,23779.1,23780.3,23774.5,23775.15,0
2026-05-22 11:03:00,23775.2,23777.0,23771.45,23773.45,0
2026-05-22 11:04:00,23773.35,23779.4,23773.35,23777.6,0
2026-05-22 11:05:00,23777.6,23782.5,23777.6,23778.7,0
2026-05-22 11:06:00,23778.05,23780.05,23775.2,23778.95,0
2026-05-22 11:07:00,23778.85,23779.8,23770.9,23771.8,0
2026-05-22 11:08:00,23771.5,23776.45,23770.8,23771.65,0
2026-05-22 11:09:00,23772.6,23776.2,23769.5,23775.05,0
2026-05-22 11:10:00,23774.7,23777.75,23774.25,23776.75,0
2026-05-22 11:11:00,23776.6,23779.1,23773.85,23777.85,0
2026-05-22 11:12:00,23778.4,23779.15,23767.75,23767.75,0
2026-05-22 11:13:00,23767.85,23771.4,23765.95,23770.6,0
2026-05-22 11:14:00,23770.45,23774.6,23768.35,23771.6,0
2026-05-22 11:15:00,23772.45,23773.35,23767.65,23769.8,0
2026-05-22 11:16:00,23769.65,23774.65,23769.1,23770.2,0
2026-05-22 11:17:00,23770.0,23772.1,23766.45,23767.1,0
2026-05-22 11:18:00,23767.2,23771.8,23765.45,23769.25,0
2026-05-22 11:19:00,23769.15,23773.55,23765.8,23766.6,0
2026-05-22 11:20:00,23767.0,23768.8,23756.1,23761.75,0
2026-05-22 11:21:00,23761.55,23771.75,23760.95,23770.55,0
2026-05-22 11:22:00,23771.4,23778.55,23771.25,23777.6,0
2026-05-22 11:23:00,23777.35,23789.3,23777.0,23785.45,0
2026-05-22 11:24:00,23785.55,23786.35,23779.55,23785.0,0
2026-05-22 11:25:00,23785.1,23786.7,23768.95,23769.5,0
2026-05-22 11:26:00,23769.75,23770.55,23758.75,23760.05,0
2026-05-22 11:27:00,23760.05,23765.35,23755.95,23756.8,0
2026-05-22 11:28:00,23755.9,23762.55,23750.7,23762.25,0
2026-05-22 11:29:00,23762.7,23764.8,23757.95,23758.9,0
2026-05-22 11:30:00,23758.2,23759.2,23751.05,23751.95,0
2026-05-22 11:31:00,23751.75,23757.85,23750.05,23757.0,0
2026-05-22 11:32:00,23757.6,23763.8,23757.1,23763.6,0
2026-05-22 11:33:00,23763.5,23767.75,23758.45,23759.75,0
2026-05-22 11:34:00,23759.7,23759.7,23754.95,23757.5,0
2026-05-22 11:35:00,23757.25,23759.55,23756.4,23757.2,0
2026-05-22 11:36:00,23756.75,23761.6,23756.05,23761.15,0
2026-05-22 11:37:00,23760.75,23766.2,23759.35,23759.35,0
2026-05-22 11:38:00,23759.55,23765.7,23758.7,23764.65,0
2026-05-22 11:39:00,23764.35,23775.2,23763.7,23774.05,0
2026-05-22 11:40:00,23774.2,23778.15,23771.95,23777.6,0
2026-05-22 11:41:00,23777.35,23784.75,23777.35,23783.55,0
2026-05-22 11:42:00,23783.7,23796.95,23783.7,23792.9,0
2026-05-22 11:43:00,23792.45,23797.95,23790.6,23797.7,0
2026-05-22 11:44:00,23797.3,23808.9,23797.3,23808.25,0
2026-05-22 11:45:00,23807.7,23815.9,23805.3,23814.85,0
2026-05-22 11:46:00,23815.0,23828.25,23814.35,23819.15,0
2026-05-22 11:47:00,23819.15,23821.35,23809.4,23810.65,0
2026-05-22 11:48:00,23810.3,23812.4,23804.1,23809.45,0
2026-05-22 11:49:00,23809.4,23813.6,23808.65,23808.75,0
2026-05-22 11:50:00,23809.25,23810.95,23802.05,23802.6,0
2026-05-22 11:51:00,23803.65,23807.5,23801.9,23802.1,0
2026-05-22 11:52:00,23803.7,23806.85,23801.45,23804.95,0
2026-05-22 11:53:00,23805.0,23807.7,23802.95,23807.15,0
2026-05-22 11:54:00,23807.2,23808.2,23802.95,23804.55,0
2026-05-22 11:55:00,23804.85,23808.15,23803.05,23805.5,0
2026-05-22 11:56:00,23805.45,23807.7,23803.9,23806.4,0
2026-05-22 11:57:00,23807.1,23809.75,23802.7,23803.25,0
2026-05-22 11:58:00,23804.2,23806.25,23801.0,23801.55,0
2026-05-22 11:59:00,23801.5,23806.1,23800.7,23804.85,0
2026-05-22 12:00:00,23804.9,23808.35,23800.5,23801.2,0
2026-05-22 12:01:00,23800.25,23803.2,23794.55,23795.0,0
2026-05-22 12:02:00,23795.0,23799.05,23794.15,23794.3,0
2026-05-22 12:03:00,23793.7,23798.65,23793.3,23795.85,0
2026-05-22 12:04:00,23796.45,23797.5,23794.25,23794.95,0
2026-05-22 12:05:00,23795.1,23797.4,23791.25,23792.2,0
2026-05-22 12:06:00,23791.3,23796.9,23789.8,23795.8,0
2026-05-22 12:07:00,23795.9,23800.8,23795.75,23799.7,0
2026-05-22 12:08:00,23799.6,23801.1,23795.55,23795.85,0
2026-05-22 12:09:00,23795.2,23796.7,23790.45,23791.3,0
2026-05-22 12:10:00,23790.7,23798.55,23790.45,23796.15,0
2026-05-22 12:11:00,23796.0,23804.05,23796.0,23804.05,0
2026-05-22 12:12:00,23803.55,23808.3,23802.9,23805.1,0
2026-05-22 12:13:00,23805.1,23807.1,23800.25,23802.75,0
2026-05-22 12:14:00,23802.45,23804.4,23796.95,23798.6,0
2026-05-22 12:15:00,23798.4,23800.75,23797.5,23797.65,0
2026-05-22 12:16:00,23797.95,23802.45,23797.95,23799.65,0
2026-05-22 12:17:00,23799.25,23801.3,23794.85,23794.9,0
2026-05-22 12:18:00,23795.05,23796.35,23792.2,23793.7,0
2026-05-22 12:19:00,23794.0,23797.4,23793.8,23794.35,0
2026-05-22 12:20:00,23794.75,23796.75,23789.15,23791.25,0
2026-05-22 12:21:00,23791.5,23793.8,23786.3,23790.55,0
2026-05-22 12:22:00,23790.7,23794.95,23789.35,23792.8,0
2026-05-22 12:23:00,23792.75,23794.35,23781.9,23783.7,0
2026-05-22 12:24:00,23783.8,23785.7,23775.6,23775.7,0
2026-05-22 12:25:00,23776.05,23777.65,23771.45,23775.75,0
2026-05-22 12:26:00,23775.55,23780.2,23775.55,23779.6,0
2026-05-22 12:27:00,23780.1,23784.4,23773.7,23773.95,0
2026-05-22 12:28:00,23774.1,23778.6,23772.8,23777.15,0
2026-05-22 12:29:00,23777.1,23778.45,23774.5,23774.75,0
2026-05-22 12:30:00,23774.85,23776.35,23767.2,23768.2,0
2026-05-22 12:31:00,23767.7,23770.05,23764.85,23764.85,0
2026-05-22 12:32:00,23764.5,23766.15,23758.85,23763.45,0
2026-05-22 12:33:00,23763.5,23771.05,23763.5,23768.95,0
2026-05-22 12:34:00,23768.45,23776.9,23767.25,23775.05,0
2026-05-22 12:35:00,23775.3,23776.75,23771.2,23771.55,0
2026-05-22 12:36:00,23771.8,23778.55,23769.25,23777.0,0
2026-05-22 12:37:00,23776.8,23777.6,23770.05,23773.7,0
2026-05-22 12:38:00,23773.4,23779.25,23773.4,23775.2,0
2026-05-22 12:39:00,23775.45,23780.15,23775.05,23778.9,0
2026-05-22 12:40:00,23779.5,23784.55,23777.3,23784.3,0
2026-05-22 12:41:00,23784.65,23788.4,23783.2,23785.7,0
2026-05-22 12:42:00,23786.1,23788.75,23782.9,23785.8,0
2026-05-22 12:43:00,23786.3,23788.55,23783.9,23786.8,0
2026-05-22 12:44:00,23787.1,23798.5,23787.1,23792.6,0
2026-05-22 12:45:00,23792.95,23796.55,23789.25,23792.05,0
2026-05-22 12:46:00,23791.3,23799.1,23791.3,23797.45,0
2026-05-22 12:47:00,23797.45,23808.05,23797.45,23806.15,0
2026-05-22 12:48:00,23806.0,23816.45,23805.6,23815.3,0
2026-05-22 12:49:00,23815.25,23816.85,23811.9,23813.0,0
2026-05-22 12:50:00,23813.0,23828.55,23813.0,23825.3,0
2026-05-22 12:51:00,23826.3,23831.05,23822.9,23825.85,0
2026-05-22 12:52:00,23824.8,23830.2,23824.7,23827.25,0
2026-05-22 12:53:00,23827.35,23830.0,23822.9,23824.25,0
2026-05-22 12:54:00,23824.0,23833.65,23824.0,23831.55,0
2026-05-22 12:55:00,23831.45,23833.75,23826.9,23830.7,0
2026-05-22 12:56:00,23830.85,23831.9,23825.25,23827.4,0
2026-05-22 12:57:00,23826.4,23835.6,23826.4,23830.45,0
2026-05-22 12:58:00,23831.0,23833.2,23828.2,23831.45,0
2026-05-22 12:59:00,23831.25,23832.45,23825.0,23827.45,0
2026-05-22 13:00:00,23828.25,23833.25,23826.8,23829.5,0
2026-05-22 13:01:00,23829.6,23833.2,23826.7,23828.0,0
2026-05-22 13:02:00,23828.35,23829.25,23819.3,23820.1,0
2026-05-22 13:03:00,23819.85,23829.55,23819.4,23828.05,0
2026-05-22 13:04:00,23827.9,23829.95,23823.3,23827.95,0
2026-05-22 13:05:00,23828.5,23829.0,23819.0,23821.8,0
2026-05-22 13:06:00,23821.55,23823.2,23812.95,23813.85,0
2026-05-22 13:07:00,23814.05,23821.6,23813.6,23820.05,0
2026-05-22 13:08:00,23819.5,23826.65,23819.5,23822.85,0
2026-05-22 13:09:00,23822.8,23825.4,23818.85,23819.4,0
2026-05-22 13:10:00,23819.55,23824.2,23818.75,23822.05,0
2026-05-22 13:11:00,23822.1,23824.55,23819.45,23820.65,0
2026-05-22 13:12:00,23820.45,23823.9,23820.45,23821.55,0
2026-05-22 13:13:00,23821.5,23826.45,23820.1,23820.1,0
2026-05-22 13:14:00,23820.8,23822.45,23816.95,23819.1,0
2026-05-22 13:15:00,23819.3,23821.6,23815.4,23815.7,0
2026-05-22 13:16:00,23815.95,23820.65,23815.6,23820.15,0
2026-05-22 13:17:00,23819.85,23822.65,23814.45,23814.45,0
2026-05-22 13:18:00,23814.5,23817.15,23812.7,23812.7,0
2026-05-22 13:19:00,23812.4,23816.6,23807.55,23812.1,0
2026-05-22 13:20:00,23812.5,23820.1,23812.5,23819.25,0
2026-05-22 13:21:00,23819.35,23820.7,23811.7,23813.05,0
2026-05-22 13:22:00,23812.6,23816.4,23807.4,23808.4,0
2026-05-22 13:23:00,23808.45,23810.2,23804.8,23805.05,0
2026-05-22 13:24:00,23804.85,23809.6,23804.85,23809.15,0
2026-05-22 13:25:00,23808.05,23810.85,23806.15,23807.45,0
2026-05-22 13:26:00,23807.3,23816.05,23807.3,23815.6,0
2026-05-22 13:27:00,23815.2,23816.6,23807.8,23808.0,0
2026-05-22 13:28:00,23807.95,23809.7,23803.6,23804.75,0
2026-05-22 13:29:00,23805.25,23814.55,23804.75,23809.4,0
2026-05-22 13:30:00,23809.1,23812.75,23806.25,23807.5,0
2026-05-22 13:31:00,23807.35,23811.2,23805.15,23810.15,0
2026-05-22 13:32:00,23809.55,23815.0,23809.55,23813.2,0
2026-05-22 13:33:00,23813.5,23815.2,23811.1,23813.55,0
2026-05-22 13:34:00,23813.65,23818.2,23812.25,23816.2,0
2026-05-22 13:35:00,23816.15,23817.1,23809.8,23810.2,0
2026-05-22 13:36:00,23809.9,23811.1,23805.5,23806.15,0
2026-05-22 13:37:00,23806.9,23811.55,23805.4,23805.75,0
2026-05-22 13:38:00,23805.65,23810.8,23805.65,23807.8,0
2026-05-22 13:39:00,23807.55,23811.9,23805.9,23809.05,0
2026-05-22 13:40:00,23809.2,23813.7,23808.85,23812.2,0
2026-05-22 13:41:00,23812.3,23813.35,23808.75,23810.05,0
2026-05-22 13:42:00,23810.2,23812.1,23806.95,23807.4,0
2026-05-22 13:43:00,23807.55,23809.65,23802.3,23804.05,0
2026-05-22 13:44:00,23804.15,23806.3,23800.8,23801.25,0
2026-05-22 13:45:00,23801.2,23811.65,23800.5,23810.5,0
2026-05-22 13:46:00,23810.85,23821.9,23810.85,23818.3,0
2026-05-22 13:47:00,23818.5,23822.7,23815.95,23817.6,0
2026-05-22 13:48:00,23818.05,23820.1,23811.0,23811.0,0
2026-05-22 13:49:00,23811.3,23813.1,23803.7,23803.9,0
2026-05-22 13:50:00,23803.9,23811.35,23803.9,23809.55,0
2026-05-22 13:51:00,23810.0,23811.35,23805.55,23806.95,0
2026-05-22 13:52:00,23806.5,23808.5,23796.9,23798.75,0
2026-05-22 13:53:00,23799.05,23801.25,23796.7,23800.05,0
2026-05-22 13:54:00,23799.85,23801.65,23796.65,23798.0,0
2026-05-22 13:55:00,23796.8,23799.2,23782.5,23792.05,0
2026-05-22 13:56:00,23792.75,23795.2,23789.2,23790.8,0
2026-05-22 13:57:00,23790.6,23792.85,23785.25,23787.7,0
2026-05-22 13:58:00,23787.65,23789.45,23784.15,23786.1,0
2026-05-22 13:59:00,23785.9,23793.7,23785.9,23792.15,0
2026-05-22 14:00:00,23792.2,23795.6,23788.95,23789.45,0
2026-05-22 14:01:00,23789.0,23791.8,23787.1,23787.2,0
2026-05-22 14:02:00,23787.6,23788.85,23777.45,23778.7,0
2026-05-22 14:03:00,23778.55,23782.6,23774.55,23777.0,0
2026-05-22 14:04:00,23776.45,23778.05,23758.6,23761.75,0
2026-05-22 14:05:00,23761.75,23762.7,23744.8,23759.4,0
2026-05-22 14:06:00,23759.1,23764.0,23753.75,23763.7,0
2026-05-22 14:07:00,23763.9,23774.85,23763.9,23766.05,0
2026-05-22 14:08:00,23766.15,23779.6,23766.15,23779.6,0
2026-05-22 14:09:00,23779.3,23781.5,23775.55,23778.35,0
2026-05-22 14:10:00,23778.25,23779.45,23774.55,23779.0,0
2026-05-22 14:11:00,23779.15,23780.3,23769.6,23771.05,0
2026-05-22 14:12:00,23770.85,23775.1,23767.25,23773.1,0
2026-05-22 14:13:00,23773.05,23778.2,23771.0,23772.2,0
2026-05-22 14:14:00,23772.25,23781.6,23771.9,23778.2,0
2026-05-22 14:15:00,23778.25,23781.7,23776.25,23777.0,0
2026-05-22 14:16:00,23776.95,23779.95,23771.05,23771.9,0
2026-05-22 14:17:00,23772.0,23774.45,23766.0,23769.25,0
2026-05-22 14:18:00,23769.1,23772.75,23764.5,23765.9,0
2026-05-22 14:19:00,23765.15,23767.7,23761.35,23761.4,0
2026-05-22 14:20:00,23761.4,23763.4,23753.05,23754.35,0
2026-05-22 14:21:00,23755.1,23756.95,23748.6,23750.05,0
2026-05-22 14:22:00,23749.85,23758.0,23749.85,23756.5,0
2026-05-22 14:23:00,23756.6,23766.2,23756.6,23765.65,0
2026-05-22 14:24:00,23765.9,23766.5,23759.35,23760.0,0
2026-05-22 14:25:00,23759.85,23764.65,23757.3,23762.5,0
2026-05-22 14:26:00,23762.35,23765.45,23757.0,23757.0,0
2026-05-22 14:27:00,23757.2,23759.95,23754.65,23758.5,0
2026-05-22 14:28:00,23758.35,23759.25,23751.05,23751.05,0
2026-05-22 14:29:00,23751.1,23752.5,23739.1,23739.3,0
2026-05-22 14:30:00,23739.4,23741.0,23721.2,23740.8,0
2026-05-22 14:31:00,23741.5,23746.25,23737.0,23742.55,0
2026-05-22 14:32:00,23742.25,23751.05,23742.25,23748.95,0
2026-05-22 14:33:00,23749.0,23749.85,23744.35,23748.55,0
2026-05-22 14:34:00,23748.3,23752.5,23744.45,23745.25,0
2026-05-22 14:35:00,23745.1,23746.45,23740.4,23744.25,0
2026-05-22 14:36:00,23743.8,23748.2,23738.5,23741.85,0
2026-05-22 14:37:00,23742.35,23744.35,23728.7,23728.95,0
2026-05-22 14:38:00,23728.35,23731.7,23724.5,23725.6,0
2026-05-22 14:39:00,23725.6,23726.75,23720.65,23723.9,0
2026-05-22 14:40:00,23723.3,23730.65,23723.2,23728.95,0
2026-05-22 14:41:00,23730.0,23731.4,23721.5,23723.8,0
2026-05-22 14:42:00,23723.2,23725.7,23718.85,23721.95,0
2026-05-22 14:43:00,23721.85,23722.95,23717.15,23717.7,0
2026-05-22 14:44:00,23716.85,23718.7,23707.45,23709.05,0
2026-05-22 14:45:00,23709.45,23722.7,23706.9,23721.45,0
2026-05-22 14:46:00,23721.7,23724.3,23720.2,23724.15,0
2026-05-22 14:47:00,23724.05,23725.25,23719.25,23721.65,0
2026-05-22 14:48:00,23722.3,23731.7,23721.65,23729.45,0
2026-05-22 14:49:00,23729.15,23733.65,23726.0,23726.0,0
2026-05-22 14:50:00,23725.8,23728.05,23722.85,23724.75,0
2026-05-22 14:51:00,23725.45,23727.25,23722.55,23723.75,0
2026-05-22 14:52:00,23723.75,23727.9,23723.05,23727.05,0
2026-05-22 14:53:00,23726.9,23728.7,23720.4,23721.95,0
2026-05-22 14:54:00,23721.55,23722.7,23717.75,23720.3,0
2026-05-22 14:55:00,23720.15,23726.3,23719.85,23724.2,0
2026-05-22 14:56:00,23724.1,23725.05,23716.9,23719.95,0
2026-05-22 14:57:00,23720.1,23723.5,23717.05,23718.15,0
2026-05-22 14:58:00,23718.3,23724.0,23714.55,23721.7,0
2026-05-22 14:59:00,23722.4,23726.65,23717.75,23724.45,0
2026-05-22 15:00:00,23724.65,23727.6,23700.0,23707.3,0
2026-05-22 15:01:00,23707.4,23712.55,23704.15,23704.9,0
2026-05-22 15:02:00,23704.5,23708.95,23698.95,23706.85,0
2026-05-22 15:03:00,23707.9,23711.8,23704.5,23710.25,0
2026-05-22 15:04:00,23709.95,23711.8,23706.3,23710.95,0
2026-05-22 15:05:00,23710.9,23712.45,23706.55,23709.65,0
2026-05-22 15:06:00,23709.6,23710.2,23704.7,23707.35,0
2026-05-22 15:07:00,23707.55,23710.15,23706.6,23708.7,0
2026-05-22 15:08:00,23708.4,23717.3,23707.8,23715.5,0
2026-05-22 15:09:00,23715.4,23717.15,23706.95,23708.7,0
2026-05-22 15:10:00,23708.35,23709.3,23703.5,23707.9,0
2026-05-22 15:11:00,23707.7,23709.3,23703.5,23704.7,0
2026-05-22 15:12:00,23704.3,23715.05,23703.25,23712.65,0
2026-05-22 15:13:00,23712.35,23714.25,23708.9,23710.2,0
2026-05-22 15:14:00,23710.0,23719.9,23708.65,23718.15,0
2026-05-22 15:15:00,23717.7,23725.3,23717.7,23721.4,0
2026-05-22 15:16:00,23721.75,23726.9,23720.55,23725.9,0
2026-05-22 15:17:00,23725.75,23726.25,23721.05,23722.9,0
2026-05-22 15:18:00,23722.95,23728.0,23719.05,23726.9,0
2026-05-22 15:19:00,23727.15,23730.2,23723.05,23725.35,0
2026-05-22 15:20:00,23725.35,23727.2,23721.6,23725.75,0
2026-05-22 15:21:00,23727.15,23730.65,23724.6,23725.7,0
2026-05-22 15:22:00,23725.75,23726.8,23722.7,23724.8,0
2026-05-22 15:23:00,23724.3,23733.85,23722.15,23732.95,0
2026-05-22 15:24:00,23732.6,23742.1,23729.9,23740.7,0
2026-05-22 15:25:00,23741.75,23742.45,23733.15,23734.55,0
2026-05-22 15:26:00,23734.35,23741.75,23732.15,23739.85,0
2026-05-22 15:27:00,23740.3,23747.45,23737.8,23747.45,0
2026-05-22 15:28:00,23744.9,23748.9,23742.6,23748.3,0
2026-05-22 15:29:00,23749.6,23751.9,23743.15,23748.85,0
2026-05-25 09:15:00,23928.25,23977.9,23928.25,23964.8,0
2026-05-25 09:16:00,23963.95,23979.25,23960.85,23966.7,0
2026-05-25 09:17:00,23968.2,23982.05,23967.6,23980.4,0
2026-05-25 09:18:00,23982.2,23982.75,23967.9,23969.55,0
2026-05-25 09:19:00,23970.6,23973.4,23959.65,23967.6,0
2026-05-25 09:20:00,23968.75,23969.4,23958.4,23967.3,0
2026-05-25 09:21:00,23970.75,23976.7,23966.85,23972.75,0
2026-05-25 09:22:00,23975.2,23981.4,23965.45,23965.45,0
2026-05-25 09:23:00,23966.9,23978.75,23959.05,23977.15,0
2026-05-25 09:24:00,23979.1,23986.8,23975.65,23978.3,0
2026-05-25 09:25:00,23979.5,23988.05,23975.75,23984.9,0
2026-05-25 09:26:00,23986.7,23987.5,23979.95,23979.95,0
2026-05-25 09:27:00,23982.0,23982.8,23971.25,23981.7,0
2026-05-25 09:28:00,23983.4,23983.4,23971.35,23978.55,0
2026-05-25 09:29:00,23979.9,23982.1,23974.5,23981.6,0
2026-05-25 09:30:00,23981.95,23984.3,23967.6,23970.05,0
2026-05-25 09:31:00,23970.35,23972.35,23958.25,23959.0,0
2026-05-25 09:32:00,23960.5,23964.0,23953.65,23958.9,0
2026-05-25 09:33:00,23960.0,23969.75,23957.15,23963.9,0
2026-05-25 09:34:00,23966.15,23966.15,23953.8,23959.15,0
2026-05-25 09:35:00,23961.6,23961.7,23950.0,23951.45,0
2026-05-25 09:36:00,23952.75,23952.75,23943.9,23945.85,0
2026-05-25 09:37:00,23947.9,23952.05,23941.5,23950.8,0
2026-05-25 09:38:00,23953.2,23953.55,23940.15,23940.15,0
2026-05-25 09:39:00,23942.2,23944.45,23938.55,23940.0,0
2026-05-25 09:40:00,23943.2,23943.2,23931.5,23942.0,0
2026-05-25 09:41:00,23943.8,23944.9,23934.2,23934.2,0
2026-05-25 09:42:00,23936.8,23941.35,23933.65,23938.75,0
2026-05-25 09:43:00,23939.8,23939.8,23927.75,23930.4,0
2026-05-25 09:44:00,23932.55,23948.1,23930.2,23947.5,0
2026-05-25 09:45:00,23951.45,23951.45,23940.3,23947.1,0
2026-05-25 09:46:00,23948.75,23948.75,23941.75,23942.95,0
2026-05-25 09:47:00,23944.55,23944.55,23933.6,23934.95,0
2026-05-25 09:48:00,23936.65,23937.3,23924.4,23925.65,0
2026-05-25 09:49:00,23927.65,23939.3,23926.2,23937.85,0
2026-05-25 09:50:00,23938.2,23941.25,23934.85,23938.3,0
2026-05-25 09:51:00,23939.15,23945.2,23936.55,23941.0,0
2026-05-25 09:52:00,23943.7,23943.7,23928.15,23934.25,0
2026-05-25 09:53:00,23936.6,23939.85,23928.9,23928.95,0
2026-05-25 09:54:00,23930.3,23937.65,23928.85,23936.75,0
2026-05-25 09:55:00,23938.35,23939.1,23927.95,23930.8,0
2026-05-25 09:56:00,23932.9,23936.25,23930.95,23935.25,0
2026-05-25 09:57:00,23936.75,23939.0,23932.35,23937.75,0
2026-05-25 09:58:00,23939.15,23940.5,23935.3,23937.05,0
2026-05-25 09:59:00,23938.3,23939.0,23933.25,23937.15,0
2026-05-25 10:00:00,23938.75,23944.9,23934.75,23936.15,0
2026-05-25 10:01:00,23938.0,23941.8,23936.0,23939.45,0
2026-05-25 10:02:00,23940.4,23940.95,23933.45,23938.1,0
2026-05-25 10:03:00,23939.3,23942.4,23936.0,23942.4,0
2026-05-25 10:04:00,23944.0,23946.9,23942.5,23943.25,0
2026-05-25 10:05:00,23944.95,23946.6,23942.2,23945.1,0
2026-05-25 10:06:00,23947.15,23949.25,23943.3,23949.15,0
2026-05-25 10:07:00,23950.0,23950.0,23942.6,23944.15,0
2026-05-25 10:08:00,23945.65,23947.05,23940.8,23945.3,0
2026-05-25 10:09:00,23946.95,23952.8,23944.05,23952.3,0
2026-05-25 10:10:00,23954.35,23956.45,23950.5,23956.45,0
2026-05-25 10:11:00,23956.95,23959.85,23954.75,23955.4,0
2026-05-25 10:12:00,23956.25,23956.25,23945.2,23951.2,0
2026-05-25 10:13:00,23951.95,23955.2,23951.15,23952.75,0
2026-05-25 10:14:00,23954.4,23954.4,23948.35,23952.05,0
2026-05-25 10:15:00,23953.85,23959.45,23952.6,23957.0,0
2026-05-25 10:16:00,23958.35,23958.45,23952.9,23956.85,0
2026-05-25 10:17:00,23957.6,23971.45,23955.45,23968.65,0
2026-05-25 10:18:00,23970.1,23976.5,23967.65,23976.5,0
2026-05-25 10:19:00,23977.05,23977.9,23970.25,23970.6,0
2026-05-25 10:20:00,23972.6,23973.1,23966.6,23967.6,0
2026-05-25 10:21:00,23968.35,23970.55,23965.55,23968.8,0
2026-05-25 10:22:00,23969.95,23980.95,23968.05,23976.2,0
2026-05-25 10:23:00,23978.1,23978.15,23971.95,23972.35,0
2026-05-25 10:24:00,23973.4,23973.4,23966.15,23966.75,0
2026-05-25 10:25:00,23967.3,23967.95,23960.15,23963.0,0
2026-05-25 10:26:00,23963.95,23965.3,23960.25,23961.95,0
2026-05-25 10:27:00,23963.45,23964.95,23955.65,23956.6,0
2026-05-25 10:28:00,23958.65,23959.85,23954.45,23958.8,0
2026-05-25 10:29:00,23961.4,23962.5,23956.8,23958.55,0
2026-05-25 10:30:00,23960.9,23966.75,23959.2,23965.9,0
2026-05-25 10:31:00,23967.6,23972.2,23963.45,23970.95,0
2026-05-25 10:32:00,23973.4,23973.5,23962.65,23968.05,0
2026-05-25 10:33:00,23969.75,23972.45,23968.15,23971.7,0
2026-05-25 10:34:00,23973.35,23973.75,23969.6,23973.35,0
2026-05-25 10:35:00,23975.05,23980.0,23972.75,23980.0,0
2026-05-25 10:36:00,23980.65,23983.35,23978.85,23982.8,0
2026-05-25 10:37:00,23985.1,23988.35,23981.95,23987.35,0
2026-05-25 10:38:00,23988.35,23989.25,23983.75,23985.0,0
2026-05-25 10:39:00,23986.0,23986.0,23983.05,23985.55,0
2026-05-25 10:40:00,23986.75,23992.35,23985.25,23988.05,0
2026-05-25 10:41:00,23989.35,23990.8,23982.9,23984.2,0
2026-05-25 10:42:00,23984.45,23986.35,23980.9,23985.45,0
2026-05-25 10:43:00,23986.0,23986.35,23982.7,23985.25,0
2026-05-25 10:44:00,23987.0,23988.75,23984.15,23987.4,0
2026-05-25 10:45:00,23989.0,23989.6,23984.85,23987.0,0
2026-05-25 10:46:00,23988.0,23995.55,23985.0,23994.2,0
2026-05-25 10:47:00,23995.55,23995.55,23987.85,23988.85,0
2026-05-25 10:48:00,23990.55,23990.75,23987.1,23988.55,0
2026-05-25 10:49:00,23990.7,23990.7,23984.45,23987.25,0
2026-05-25 10:50:00,23988.5,23989.05,23983.1,23983.35,0
2026-05-25 10:51:00,23985.4,23985.4,23977.85,23979.85,0
2026-05-25 10:52:00,23981.55,23984.3,23976.9,23981.95,0
2026-05-25 10:53:00,23983.3,23984.25,23979.75,23983.8,0
2026-05-25 10:54:00,23984.45,23990.15,23982.65,23988.85,0
2026-05-25 10:55:00,23989.65,23990.55,23980.5,23982.1,0
2026-05-25 10:56:00,23983.55,23985.7,23981.15,23983.85,0
2026-05-25 10:57:00,23984.1,23984.1,23977.1,23977.7,0
2026-05-25 10:58:00,23979.15,23979.15,23972.65,23974.35,0
2026-05-25 10:59:00,23975.75,23979.7,23973.7,23978.15,0
2026-05-25 11:00:00,23979.55,23979.55,23975.4,23976.3,0
2026-05-25 11:01:00,23977.3,23978.6,23973.45,23976.05,0
2026-05-25 11:02:00,23977.35,23977.9,23970.65,23973.65,0
2026-05-25 11:03:00,23974.95,23975.75,23972.0,23975.5,0
2026-05-25 11:04:00,23977.5,23982.85,23975.8,23982.85,0
2026-05-25 11:05:00,23983.75,23985.95,23979.55,23979.55,0
2026-05-25 11:06:00,23981.3,23981.3,23975.35,23980.45,0
2026-05-25 11:07:00,23981.25,23982.8,23977.6,23978.05,0
2026-05-25 11:08:00,23979.2,23980.5,23976.25,23979.25,0
2026-05-25 11:09:00,23980.4,23982.0,23977.85,23979.8,0
2026-05-25 11:10:00,23980.4,23981.5,23975.1,23977.75,0
2026-05-25 11:11:00,23979.35,23981.6,23977.15,23979.95,0
2026-05-25 11:12:00,23981.75,23986.05,23979.25,23986.05,0
2026-05-25 11:13:00,23986.85,23989.9,23984.5,23988.4,0
2026-05-25 11:14:00,23989.15,23989.35,23983.4,23987.6,0
2026-05-25 11:15:00,23989.0,23989.0,23984.55,23987.25,0
2026-05-25 11:16:00,23988.05,23988.2,23984.65,23984.65,0
2026-05-25 11:17:00,23985.2,23985.2,23979.55,23981.2,0
2026-05-25 11:18:00,23981.65,23982.7,23977.05,23981.7,0
2026-05-25 11:19:00,23982.85,23982.85,23977.85,23979.3,0
2026-05-25 11:20:00,23980.55,23980.55,23975.85,23977.6,0
2026-05-25 11:21:00,23978.85,23979.05,23971.2,23974.65,0
2026-05-25 11:22:00,23975.7,23975.7,23971.1,23974.45,0
2026-05-25 11:23:00,23976.0,23977.1,23973.85,23975.2,0
2026-05-25 11:24:00,23976.05,23979.7,23972.55,23979.5,0
2026-05-25 11:25:00,23980.95,23981.9,23974.9,23976.6,0
2026-05-25 11:26:00,23978.4,23978.85,23972.7,23974.3,0
2026-05-25 11:27:00,23975.3,23978.3,23974.3,23976.0,0
2026-05-25 11:28:00,23976.3,23978.8,23973.3,23978.4,0
2026-05-25 11:29:00,23979.45,23979.45,23975.1,23977.15,0
2026-05-25 11:30:00,23978.45,23978.45,23974.2,23975.45,0
2026-05-25 11:31:00,23976.05,23978.65,23971.8,23975.05,0
2026-05-25 11:32:00,23975.95,23975.95,23971.4,23971.85,0
2026-05-25 11:33:00,23972.8,23972.8,23962.9,23963.65,0
2026-05-25 11:34:00,23964.95,23968.85,23959.9,23962.4,0
2026-05-25 11:35:00,23961.45,23968.05,23960.55,23967.45,0
2026-05-25 11:36:00,23968.2,23973.55,23964.3,23971.8,0
2026-05-25 11:37:00,23973.1,23973.15,23969.4,23971.75,0
2026-05-25 11:38:00,23972.4,23973.7,23968.4,23971.85,0
2026-05-25 11:39:00,23973.95,23981.4,23971.6,23981.1,0
2026-05-25 11:40:00,23981.7,23989.35,23979.85,23989.35,0
2026-05-25 11:41:00,23990.45,23990.45,23985.55,23987.0,0
2026-05-25 11:42:00,23988.35,23988.35,23981.55,23984.75,0
2026-05-25 11:43:00,23985.4,23985.65,23981.35,23983.25,0
2026-05-25 11:44:00,23983.7,23983.7,23976.7,23980.95,0
2026-05-25 11:45:00,23982.15,23984.6,23979.8,23982.05,0
2026-05-25 11:46:00,23984.0,23985.4,23980.4,23981.25,0
2026-05-25 11:47:00,23981.95,23986.65,23978.15,23985.8,0
2026-05-25 11:48:00,23987.05,23987.05,23980.45,23982.5,0
2026-05-25 11:49:00,23984.25,23984.25,23978.75,23980.65,0
2026-05-25 11:50:00,23982.85,23985.1,23979.6,23984.1,0
2026-05-25 11:51:00,23984.45,23985.25,23981.5,23983.55,0
2026-05-25 11:52:00,23984.7,23987.8,23983.1,23986.0,0
2026-05-25 11:53:00,23987.85,23988.25,23983.85,23985.7,0
2026-05-25 11:54:00,23987.65,23990.1,23984.8,23987.7,0
2026-05-25 11:55:00,23989.9,23990.95,23987.0,23988.5,0
2026-05-25 11:56:00,23989.3,23989.3,23984.9,23988.2,0
2026-05-25 11:57:00,23989.2,23990.5,23986.7,23990.5,0
2026-05-25 11:58:00,23990.2,23991.25,23986.65,23990.8,0
2026-05-25 11:59:00,23992.7,23992.7,23984.75,23986.6,0
2026-05-25 12:00:00,23988.15,23988.15,23974.75,23976.6,0
2026-05-25 12:01:00,23978.25,23978.25,23971.65,23973.3,0
2026-05-25 12:02:00,23974.55,23978.5,23971.05,23973.6,0
2026-05-25 12:03:00,23975.15,23975.15,23964.5,23965.35,0
2026-05-25 12:04:00,23967.55,23971.65,23965.9,23969.8,0
2026-05-25 12:05:00,23971.75,23971.75,23966.1,23968.2,0
2026-05-25 12:06:00,23970.45,23975.05,23963.5,23973.15,0
2026-05-25 12:07:00,23975.25,23976.4,23970.75,23972.6,0
2026-05-25 12:08:00,23974.5,23974.5,23960.1,23963.55,0
2026-05-25 12:09:00,23965.15,23966.6,23960.85,23963.05,0
2026-05-25 12:10:00,23964.5,23967.4,23961.65,23965.9,0
2026-05-25 12:11:00,23966.4,23971.15,23964.1,23969.05,0
2026-05-25 12:12:00,23970.75,23970.75,23967.6,23967.8,0
2026-05-25 12:13:00,23969.2,23969.2,23962.8,23963.5,0
2026-05-25 12:14:00,23965.15,23965.15,23962.5,23963.9,0
2026-05-25 12:15:00,23965.75,23965.75,23959.85,23960.05,0
2026-05-25 12:16:00,23961.4,23961.4,23957.7,23959.9,0
2026-05-25 12:17:00,23961.35,23961.8,23958.6,23960.4,0
2026-05-25 12:18:00,23962.15,23966.55,23960.9,23965.3,0
2026-05-25 12:19:00,23966.75,23968.65,23965.2,23967.9,0
2026-05-25 12:20:00,23968.7,23968.7,23963.05,23965.95,0
2026-05-25 12:21:00,23966.55,23966.55,23958.95,23959.95,0
2026-05-25 12:22:00,23961.2,23962.95,23958.35,23961.7,0
2026-05-25 12:23:00,23963.3,23965.65,23961.7,23964.9,0
2026-05-25 12:24:00,23966.1,23966.1,23960.95,23961.55,0
2026-05-25 12:25:00,23963.4,23965.05,23960.65,23963.85,0
2026-05-25 12:26:00,23965.25,23968.25,23962.95,23962.95,0
2026-05-25 12:27:00,23965.4,23965.4,23961.1,23961.35,0
2026-05-25 12:28:00,23963.5,23963.5,23958.4,23960.95,0
2026-05-25 12:29:00,23961.8,23961.8,23955.9,23956.5,0
2026-05-25 12:30:00,23957.85,23957.85,23952.9,23955.0,0
2026-05-25 12:31:00,23956.65,23957.4,23952.6,23956.15,0
2026-05-25 12:32:00,23957.35,23957.9,23953.65,23955.05,0
2026-05-25 12:33:00,23956.15,23958.7,23953.8,23956.75,0
2026-05-25 12:34:00,23958.55,23962.3,23956.75,23960.4,0
2026-05-25 12:35:00,23961.35,23966.65,23959.95,23962.6,0
2026-05-25 12:36:00,23963.9,23965.5,23961.1,23963.15,0
2026-05-25 12:37:00,23964.0,23966.25,23961.2,23965.25,0
2026-05-25 12:38:00,23967.05,23967.05,23962.0,23963.2,0
2026-05-25 12:39:00,23964.7,23965.8,23959.45,23960.35,0
2026-05-25 12:40:00,23960.8,23961.3,23955.4,23960.05,0
2026-05-25 12:41:00,23961.0,23961.0,23957.9,23959.85,0
2026-05-25 12:42:00,23960.65,23964.35,23959.65,23964.15,0
2026-05-25 12:43:00,23965.1,23967.65,23962.85,23965.0,0
2026-05-25 12:44:00,23966.35,23966.35,23957.9,23958.55,0
2026-05-25 12:45:00,23960.05,23960.4,23955.2,23958.3,0
2026-05-25 12:46:00,23960.6,23960.6,23950.9,23952.5,0
2026-05-25 12:47:00,23953.3,23953.3,23947.95,23951.65,0
2026-05-25 12:48:00,23954.1,23954.1,23938.15,23938.15,0
2026-05-25 12:49:00,23939.9,23945.05,23936.85,23941.85,0
2026-05-25 12:50:00,23943.9,23943.9,23935.6,23941.65,0
2026-05-25 12:51:00,23943.25,23945.75,23940.9,23942.3,0
2026-05-25 12:52:00,23943.95,23948.6,23941.55,23948.05,0
2026-05-25 12:53:00,23949.3,23949.65,23946.25,23947.15,0
2026-05-25 12:54:00,23947.95,23953.95,23945.05,23952.6,0
2026-05-25 12:55:00,23952.7,23952.7,23943.1,23945.2,0
2026-05-25 12:56:00,23946.7,23949.75,23944.65,23947.8,0
2026-05-25 12:57:00,23949.5,23953.5,23948.2,23952.75,0
2026-05-25 12:58:00,23954.45,23954.5,23950.7,23953.15,0
2026-05-25 12:59:00,23954.85,23954.85,23950.7,23954.4,0
2026-05-25 13:00:00,23955.55,23955.75,23948.2,23952.0,0
2026-05-25 13:01:00,23953.9,23953.9,23948.65,23951.95,0
2026-05-25 13:02:00,23953.0,23960.55,23947.3,23960.55,0
2026-05-25 13:03:00,23961.25,23977.75,23961.25,23975.0,0
2026-05-25 13:04:00,23977.7,23977.7,23969.5,23971.75,0
2026-05-25 13:05:00,23972.7,23974.2,23969.8,23971.35,0
2026-05-25 13:06:00,23972.75,23977.7,23970.15,23975.95,0
2026-05-25 13:07:00,23977.85,23982.3,23975.8,23978.05,0
2026-05-25 13:08:00,23979.65,23979.65,23974.25,23977.65,0
2026-05-25 13:09:00,23979.3,23979.3,23974.0,23978.15,0
2026-05-25 13:10:00,23979.75,23983.55,23976.75,23981.85,0
2026-05-25 13:11:00,23983.6,23983.6,23977.3,23980.45,0
2026-05-25 13:12:00,23981.75,23981.75,23977.6,23979.45,0
2026-05-25 13:13:00,23980.95,23980.95,23977.0,23980.0,0
2026-05-25 13:14:00,23981.3,23981.3,23976.45,23977.2,0
2026-05-25 13:15:00,23979.1,23979.2,23975.15,23977.65,0
2026-05-25 13:16:00,23979.25,23981.25,23975.45,23980.3,0
2026-05-25 13:17:00,23981.65,23981.65,23976.7,23977.75,0
2026-05-25 13:18:00,23978.6,23980.2,23975.45,23979.2,0
2026-05-25 13:19:00,23980.65,23983.25,23978.2,23982.6,0
2026-05-25 13:20:00,23983.35,23983.65,23980.3,23982.15,0
2026-05-25 13:21:00,23983.9,23983.9,23978.65,23979.2,0
2026-05-25 13:22:00,23981.15,23983.3,23977.2,23981.15,0
2026-05-25 13:23:00,23983.05,23983.2,23979.7,23981.4,0
2026-05-25 13:24:00,23983.25,23983.25,23980.25,23981.55,0
2026-05-25 13:25:00,23983.0,23983.0,23980.45,23981.95,0
2026-05-25 13:26:00,23984.05,23984.05,23980.55,23981.95,0
2026-05-25 13:27:00,23983.2,23985.0,23979.9,23982.55,0
2026-05-25 13:28:00,23984.85,23986.25,23982.95,23985.0,0
2026-05-25 13:29:00,23985.5,23985.85,23982.5,23984.1,0
2026-05-25 13:30:00,23986.55,23986.8,23980.5,23981.5,0
2026-05-25 13:31:00,23984.15,23988.9,23982.05,23987.65,0
2026-05-25 13:32:00,23989.2,23990.5,23985.15,23985.75,0
2026-05-25 13:33:00,23987.05,23987.35,23982.45,23986.45,0
2026-05-25 13:34:00,23988.35,23991.0,23985.9,23988.05,0
2026-05-25 13:35:00,23990.1,23990.1,23983.55,23984.95,0
2026-05-25 13:36:00,23986.6,23986.6,23980.15,23980.55,0
2026-05-25 13:37:00,23983.4,23983.4,23978.65,23980.2,0
2026-05-25 13:38:00,23981.75,23982.6,23978.8,23979.4,0
2026-05-25 13:39:00,23981.45,23981.45,23977.0,23980.6,0
2026-05-25 13:40:00,23981.55,23981.55,23976.65,23977.35,0
2026-05-25 13:41:00,23978.9,23978.9,23975.4,23975.8,0
2026-05-25 13:42:00,23976.9,23976.9,23966.4,23967.9,0
2026-05-25 13:43:00,23968.7,23968.7,23964.25,23967.95,0
2026-05-25 13:44:00,23969.75,23969.75,23963.8,23963.95,0
2026-05-25 13:45:00,23965.65,23968.8,23962.2,23967.75,0
2026-05-25 13:46:00,23969.95,23972.45,23968.0,23972.05,0
2026-05-25 13:47:00,23973.0,23974.75,23969.4,23971.6,0
2026-05-25 13:48:00,23974.2,23975.25,23971.0,23973.65,0
2026-05-25 13:49:00,23975.2,23975.2,23970.8,23971.35,0
2026-05-25 13:50:00,23973.25,23975.0,23971.25,23973.15,0
2026-05-25 13:51:00,23974.55,23976.3,23971.0,23975.65,0
2026-05-25 13:52:00,23977.4,23977.4,23972.8,23974.55,0
2026-05-25 13:53:00,23975.7,23975.7,23970.6,23971.55,0
2026-05-25 13:54:00,23973.65,23973.7,23970.95,23972.1,0
2026-05-25 13:55:00,23973.65,23974.55,23968.0,23968.7,0
2026-05-25 13:56:00,23970.1,23970.1,23965.25,23966.5,0
2026-05-25 13:57:00,23968.0,23969.65,23965.0,23968.25,0
2026-05-25 13:58:00,23969.75,23969.75,23964.35,23966.45,0
2026-05-25 13:59:00,23967.95,23968.1,23963.7,23965.35,0
2026-05-25 14:00:00,23966.95,23966.95,23962.5,23964.5,0
2026-05-25 14:01:00,23967.1,23967.2,23963.8,23965.6,0
2026-05-25 14:02:00,23966.95,23971.6,23965.4,23970.8,0
2026-05-25 14:03:00,23972.8,23975.1,23970.8,23975.0,0
2026-05-25 14:04:00,23976.4,23978.55,23974.45,23976.7,0
2026-05-25 14:05:00,23977.75,23977.75,23974.1,23975.55,0
2026-05-25 14:06:00,23976.6,23976.7,23968.95,23969.1,0
2026-05-25 14:07:00,23970.3,23970.5,23963.05,23963.8,0
2026-05-25 14:08:00,23965.35,23965.35,23961.65,23964.1,0
2026-05-25 14:09:00,23965.8,23965.8,23960.9,23962.65,0
2026-05-25 14:10:00,23964.7,23969.65,23961.05,23967.25,0
2026-05-25 14:11:00,23969.45,23971.3,23966.95,23970.35,0
2026-05-25 14:12:00,23972.1,23972.35,23966.35,23967.55,0
2026-05-25 14:13:00,23969.1,23969.75,23961.6,23961.95,0
2026-05-25 14:14:00,23963.4,23963.6,23956.7,23958.55,0
2026-05-25 14:15:00,23959.95,23964.2,23957.3,23963.9,0
2026-05-25 14:16:00,23965.15,23965.15,23961.35,23961.6,0
2026-05-25 14:17:00,23963.45,23965.55,23961.0,23963.25,0
2026-05-25 14:18:00,23965.0,23965.0,23958.1,23958.45,0
2026-05-25 14:19:00,23959.8,23960.75,23955.25,23958.0,0
2026-05-25 14:20:00,23960.65,23962.8,23959.0,23961.1,0
2026-05-25 14:21:00,23963.45,23966.4,23962.5,23964.15,0
2026-05-25 14:22:00,23966.2,23967.8,23962.25,23965.15,0
2026-05-25 14:23:00,23967.0,23967.0,23960.85,23963.55,0
2026-05-25 14:24:00,23965.1,23967.2,23963.0,23965.45,0
2026-05-25 14:25:00,23967.3,23971.35,23964.35,23970.95,0
2026-05-25 14:26:00,23972.05,23976.7,23969.75,23976.05,0
2026-05-25 14:27:00,23978.35,23982.05,23975.2,23978.3,0
2026-05-25 14:28:00,23979.7,23982.6,23977.95,23980.4,0
2026-05-25 14:29:00,23982.85,23982.85,23977.3,23978.15,0
2026-05-25 14:30:00,23979.0,23979.75,23976.7,23977.95,0
2026-05-25 14:31:00,23979.35,23981.45,23976.45,23980.9,0
2026-05-25 14:32:00,23981.75,23984.2,23978.7,23982.0,0
2026-05-25 14:33:00,23983.55,23985.2,23981.25,23984.55,0
2026-05-25 14:34:00,23985.55,23988.2,23983.15,23987.15,0
2026-05-25 14:35:00,23989.3,23989.3,23983.95,23986.05,0
2026-05-25 14:36:00,23987.6,23988.3,23984.15,23986.3,0
2026-05-25 14:37:00,23988.5,23993.15,23985.55,23989.8,0
2026-05-25 14:38:00,23991.1,23996.8,23986.8,23995.55,0
2026-05-25 14:39:00,23997.5,24001.5,23994.65,23996.0,0
2026-05-25 14:40:00,23997.35,23998.6,23993.95,23995.4,0
2026-05-25 14:41:00,23996.7,23996.7,23993.35,23994.6,0
2026-05-25 14:42:00,23996.9,23996.9,23992.8,23994.05,0
2026-05-25 14:43:00,23995.65,23998.5,23992.1,23997.55,0
2026-05-25 14:44:00,23998.3,24009.2,23996.65,24007.8,0
2026-05-25 14:45:00,24009.55,24015.7,24007.4,24013.95,0
2026-05-25 14:46:00,24015.0,24025.45,24012.95,24023.6,0
2026-05-25 14:47:00,24024.8,24029.5,24022.65,24027.65,0
2026-05-25 14:48:00,24028.7,24028.7,24019.45,24019.5,0
2026-05-25 14:49:00,24022.95,24022.95,24018.25,24019.15,0
2026-05-25 14:50:00,24020.85,24021.95,24018.7,24020.25,0
2026-05-25 14:51:00,24021.9,24024.0,24020.0,24021.6,0
2026-05-25 14:52:00,24024.2,24027.0,24019.65,24026.65,0
2026-05-25 14:53:00,24027.0,24029.65,24024.2,24024.8,0
2026-05-25 14:54:00,24026.5,24029.55,24023.8,24029.5,0
2026-05-25 14:55:00,24030.15,24030.65,24027.1,24029.55,0
2026-05-25 14:56:00,24030.0,24031.05,24027.75,24028.7,0
2026-05-25 14:57:00,24030.05,24035.55,24027.95,24035.35,0
2026-05-25 14:58:00,24034.95,24036.45,24031.75,24032.95,0
2026-05-25 14:59:00,24034.55,24035.75,24030.65,24035.0,0
2026-05-25 15:00:00,24035.75,24035.75,24025.25,24026.7,0
2026-05-25 15:01:00,24027.75,24031.8,24025.95,24028.75,0
2026-05-25 15:02:00,24030.1,24035.85,24026.25,24035.3,0
2026-05-25 15:03:00,24036.05,24037.8,24032.6,24034.1,0
2026-05-25 15:04:00,24034.35,24035.2,24030.85,24032.55,0
2026-05-25 15:05:00,24033.25,24034.25,24023.85,24024.65,0
2026-05-25 15:06:00,24025.75,24027.6,24021.9,24024.5,0
2026-05-25 15:07:00,24025.05,24029.6,24024.8,24027.0,0
2026-05-25 15:08:00,24028.75,24029.5,24021.5,24021.9,0
2026-05-25 15:09:00,24023.35,24026.7,24022.45,24026.0,0
2026-05-25 15:10:00,24026.0,24029.25,24024.25,24027.2,0
2026-05-25 15:11:00,24027.85,24032.55,24026.6,24031.85,0
2026-05-25 15:12:00,24031.25,24033.65,24030.05,24032.55,0
2026-05-25 15:13:00,24033.8,24037.35,24032.1,24036.2,0
2026-05-25 15:14:00,24035.9,24037.4,24032.95,24035.25,0
2026-05-25 15:15:00,24035.85,24037.15,24028.35,24029.85,0
2026-05-25 15:16:00,24030.35,24032.65,24027.3,24029.8,0
2026-05-25 15:17:00,24030.8,24031.1,24025.9,24028.0,0
2026-05-25 15:18:00,24028.05,24028.7,24024.2,24027.75,0
2026-05-25 15:19:00,24027.2,24029.55,24023.45,24025.55,0
2026-05-25 15:20:00,24025.2,24027.0,24021.1,24024.2,0
2026-05-25 15:21:00,24024.85,24028.05,24021.25,24024.4,0
2026-05-25 15:22:00,24024.75,24030.45,24022.85,24029.5,0
2026-05-25 15:23:00,24029.8,24033.9,24027.75,24030.65,0
2026-05-25 15:24:00,24031.6,24035.15,24028.75,24032.45,0
2026-05-25 15:25:00,24031.8,24035.65,24026.1,24034.3,0
2026-05-25 15:26:00,24034.4,24044.0,24031.65,24041.15,0
2026-05-25 15:27:00,24042.9,24047.75,24040.9,24045.15,0
2026-05-25 15:28:00,24044.95,24051.55,24044.05,24050.05,0
2026-05-25 15:29:00,24051.0,24054.4,24044.3,24049.9,0
2026-05-26 09:15:00,23999.45,24018.4,23966.8,23970.9,0
2026-05-26 09:16:00,23968.7,23988.0,23966.75,23984.55,0
2026-05-26 09:17:00,23984.05,23995.25,23981.9,23990.8,0
2026-05-26 09:18:00,23991.2,23995.3,23983.8,23995.3,0
2026-05-26 09:19:00,23994.35,24012.55,23993.95,24012.55,0
2026-05-26 09:20:00,24011.55,24023.8,24011.55,24012.4,0
2026-05-26 09:21:00,24014.05,24021.05,24011.4,24019.35,0
2026-05-26 09:22:00,24019.95,24026.0,24018.7,24020.65,0
2026-05-26 09:23:00,24020.65,24024.75,24011.95,24023.75,0
2026-05-26 09:24:00,24022.6,24026.25,24019.0,24020.6,0
2026-05-26 09:25:00,24020.95,24022.65,24013.75,24016.75,0
2026-05-26 09:26:00,24015.7,24026.15,24013.85,24023.65,0
2026-05-26 09:27:00,24022.9,24029.65,24018.5,24028.4,0
2026-05-26 09:28:00,24029.6,24035.7,24029.05,24030.4,0
2026-05-26 09:29:00,24030.25,24041.2,24029.6,24034.1,0
2026-05-26 09:30:00,24034.4,24039.25,24029.8,24031.65,0
2026-05-26 09:31:00,24031.45,24039.2,24031.35,24036.0,0
2026-05-26 09:32:00,24036.15,24040.9,24034.3,24037.2,0
2026-05-26 09:33:00,24037.5,24041.15,24032.9,24038.2,0
2026-05-26 09:34:00,24039.55,24040.4,24030.2,24030.2,0
2026-05-26 09:35:00,24030.3,24032.2,24022.35,24022.5,0
2026-05-26 09:36:00,24023.15,24036.95,24018.95,24035.4,0
2026-05-26 09:37:00,24036.0,24060.55,24035.9,24059.15,0
2026-05-26 09:38:00,24060.15,24069.5,24060.15,24066.5,0
2026-05-26 09:39:00,24065.75,24072.65,24065.75,24069.4,0
2026-05-26 09:40:00,24069.2,24076.9,24068.55,24069.6,0
2026-05-26 09:41:00,24069.75,24072.15,24063.2,24063.2,0
2026-05-26 09:42:00,24062.1,24064.55,24055.4,24056.95,0
2026-05-26 09:43:00,24056.45,24060.3,24052.95,24056.9,0
2026-05-26 09:44:00,24056.75,24065.15,24055.15,24062.3,0
2026-05-26 09:45:00,24062.4,24065.7,24058.15,24059.45,0
2026-05-26 09:46:00,24058.7,24061.2,24056.0,24056.6,0
2026-05-26 09:47:00,24056.75,24059.65,24053.75,24055.75,0
2026-05-26 09:48:00,24055.9,24061.45,24050.95,24052.15,0
2026-05-26 09:49:00,24052.25,24056.5,24050.6,24051.75,0
2026-05-26 09:50:00,24051.8,24057.5,24050.35,24054.9,0
2026-05-26 09:51:00,24055.2,24057.0,24049.15,24049.35,0
2026-05-26 09:52:00,24049.35,24051.25,24044.4,24047.55,0
2026-05-26 09:53:00,24048.15,24052.1,24045.3,24046.45,0
2026-05-26 09:54:00,24046.4,24049.5,24035.9,24035.9,0
2026-05-26 09:55:00,24034.2,24037.3,24031.55,24036.4,0
2026-05-26 09:56:00,24035.5,24037.55,24028.75,24029.55,0
2026-05-26 09:57:00,24029.55,24032.3,24025.05,24026.75,0
2026-05-26 09:58:00,24026.3,24026.8,24014.55,24015.35,0
2026-05-26 09:59:00,24015.0,24030.45,24015.0,24028.75,0
2026-05-26 10:00:00,24029.75,24030.15,24022.9,24024.35,0
2026-05-26 10:01:00,24024.45,24031.35,24023.5,24028.3,0
2026-05-26 10:02:00,24030.8,24031.65,24023.9,24023.9,0
2026-05-26 10:03:00,24023.85,24038.15,24021.2,24038.15,0
2026-05-26 10:04:00,24038.35,24054.4,24038.25,24048.75,0
2026-05-26 10:05:00,24049.25,24050.0,24040.05,24044.25,0
2026-05-26 10:06:00,24044.45,24045.7,24032.9,24032.95,0
2026-05-26 10:07:00,24033.15,24040.3,24033.1,24037.1,0
2026-05-26 10:08:00,24037.3,24047.8,24036.8,24046.25,0
2026-05-26 10:09:00,24047.15,24051.65,24045.3,24048.3,0
2026-05-26 10:10:00,24048.1,24059.1,24048.1,24059.1,0
2026-05-26 10:11:00,24058.95,24060.15,24054.35,24056.7,0
2026-05-26 10:12:00,24055.5,24060.9,24054.85,24055.8,0
2026-05-26 10:13:00,24056.5,24061.8,24056.1,24057.35,0
2026-05-26 10:14:00,24057.95,24064.1,24056.05,24063.0,0
2026-05-26 10:15:00,24063.05,24065.15,24058.95,24063.1,0
2026-05-26 10:16:00,24063.55,24065.7,24059.25,24060.15,0
2026-05-26 10:17:00,24060.4,24062.5,24052.2,24052.9,0
2026-05-26 10:18:00,24053.1,24060.8,24050.8,24058.4,0
2026-05-26 10:19:00,24058.2,24059.25,24050.45,24052.95,0
2026-05-26 10:20:00,24052.9,24054.45,24045.2,24051.0,0
2026-05-26 10:21:00,24051.15,24054.05,24046.35,24052.25,0
2026-05-26 10:22:00,24052.05,24060.05,24052.05,24059.0,0
2026-05-26 10:23:00,24059.8,24068.7,24057.45,24067.9,0
2026-05-26 10:24:00,24067.9,24072.65,24066.85,24071.8,0
2026-05-26 10:25:00,24072.0,24074.05,24069.45,24071.55,0
2026-05-26 10:26:00,24072.25,24076.05,24070.4,24072.45,0
2026-05-26 10:27:00,24072.3,24076.15,24070.35,24073.2,0
2026-05-26 10:28:00,24073.05,24075.75,24069.55,24071.25,0
2026-05-26 10:29:00,24071.25,24075.35,24069.7,24071.4,0
2026-05-26 10:30:00,24070.0,24075.5,24069.15,24070.35,0
2026-05-26 10:31:00,24070.5,24073.15,24068.0,24068.8,0
2026-05-26 10:32:00,24068.75,24074.1,24068.75,24070.05,0
2026-05-26 10:33:00,24069.5,24073.8,24066.85,24071.6,0
2026-05-26 10:34:00,24071.85,24079.25,24070.95,24078.3,0
2026-05-26 10:35:00,24078.65,24085.6,24077.35,24081.95,0
2026-05-26 10:36:00,24083.7,24088.1,24082.05,24087.1,0
2026-05-26 10:37:00,24086.8,24089.55,24081.75,24082.15,0
2026-05-26 10:38:00,24082.3,24085.8,24081.15,24082.4,0
2026-05-26 10:39:00,24082.3,24085.95,24080.75,24085.0,0
2026-05-26 10:40:00,24084.85,24086.05,24082.4,24084.15,0
2026-05-26 10:41:00,24083.85,24086.0,24081.05,24081.9,0
2026-05-26 10:42:00,24082.05,24085.9,24080.75,24082.55,0
2026-05-26 10:43:00,24082.45,24083.95,24076.3,24076.75,0
2026-05-26 10:44:00,24077.0,24078.15,24071.55,24073.15,0
2026-05-26 10:45:00,24073.95,24076.65,24071.55,24073.55,0
2026-05-26 10:46:00,24073.1,24075.8,24067.65,24070.2,0
2026-05-26 10:47:00,24070.4,24073.85,24069.25,24071.3,0
2026-05-26 10:48:00,24070.95,24072.85,24068.6,24071.1,0
2026-05-26 10:49:00,24071.0,24072.2,24068.55,24070.15,0
2026-05-26 10:50:00,24070.0,24072.3,24065.3,24066.85,0
2026-05-26 10:51:00,24066.55,24069.65,24065.55,24068.3,0
2026-05-26 10:52:00,24068.7,24071.25,24066.9,24070.5,0
2026-05-26 10:53:00,24070.5,24079.25,24070.4,24078.2,0
2026-05-26 10:54:00,24078.65,24082.65,24077.7,24078.1,0
2026-05-26 10:55:00,24077.45,24079.5,24071.35,24075.25,0
2026-05-26 10:56:00,24074.9,24081.4,24072.95,24075.45,0
2026-05-26 10:57:00,24075.6,24077.55,24072.3,24075.35,0
2026-05-26 10:58:00,24075.7,24080.95,24073.75,24078.0,0
2026-05-26 10:59:00,24077.85,24080.5,24071.85,24071.85,0
2026-05-26 11:00:00,24070.7,24078.55,24070.7,24077.05,0
2026-05-26 11:01:00,24076.95,24078.7,24071.6,24078.35,0
2026-05-26 11:02:00,24078.65,24082.65,24076.95,24078.5,0
2026-05-26 11:03:00,24078.15,24081.55,24076.65,24077.1,0
2026-05-26 11:04:00,24078.0,24081.0,24074.15,24075.75,0
2026-05-26 11:05:00,24075.35,24077.7,24074.0,24075.3,0
2026-05-26 11:06:00,24075.55,24077.2,24066.35,24066.7,0
2026-05-26 11:07:00,24065.45,24072.35,24065.45,24070.8,0
2026-05-26 11:08:00,24070.7,24076.1,24068.95,24075.15,0
2026-05-26 11:09:00,24075.1,24076.65,24072.85,24074.95,0
2026-05-26 11:10:00,24074.8,24078.85,24071.0,24071.0,0
2026-05-26 11:11:00,24071.05,24077.15,24070.75,24072.85,0
2026-05-26 11:12:00,24072.85,24075.95,24072.0,24075.5,0
2026-05-26 11:13:00,24075.25,24077.1,24070.0,24070.65,0
2026-05-26 11:14:00,24070.95,24072.85,24067.45,24069.3,0
2026-05-26 11:15:00,24068.85,24070.35,24064.35,24066.6,0
2026-05-26 11:16:00,24066.5,24068.9,24065.15,24066.2,0
2026-05-26 11:17:00,24066.75,24069.7,24061.65,24061.95,0
2026-05-26 11:18:00,24061.65,24063.6,24055.05,24061.7,0
2026-05-26 11:19:00,24062.0,24069.6,24061.65,24067.8,0
2026-05-26 11:20:00,24068.0,24070.4,24066.4,24066.6,0
2026-05-26 11:21:00,24066.7,24070.75,24064.15,24064.15,0
2026-05-26 11:22:00,24064.35,24066.5,24062.25,24062.85,0
2026-05-26 11:23:00,24063.0,24065.7,24059.95,24061.35,0
2026-05-26 11:24:00,24061.3,24063.5,24048.9,24050.6,0
2026-05-26 11:25:00,24050.7,24056.2,24049.85,24051.4,0
2026-05-26 11:26:00,24051.35,24060.65,24051.25,24059.3,0
2026-05-26 11:27:00,24059.75,24061.2,24051.55,24052.0,0
2026-05-26 11:28:00,24052.95,24056.15,24051.4,24054.75,0
2026-05-26 11:29:00,24054.35,24057.1,24044.8,24044.8,0
2026-05-26 11:30:00,24044.95,24047.65,24026.2,24028.45,0
2026-05-26 11:31:00,24027.65,24041.25,24027.65,24037.95,0
2026-05-26 11:32:00,24038.75,24044.4,24037.2,24043.35,0
2026-05-26 11:33:00,24042.2,24046.3,24038.5,24042.3,0
2026-05-26 11:34:00,24042.2,24049.35,24042.2,24047.35,0
2026-05-26 11:35:00,24047.45,24055.0,24047.45,24051.25,0
2026-05-26 11:36:00,24051.25,24059.4,24051.25,24057.7,0
2026-05-26 11:37:00,24057.85,24066.65,24057.7,24057.95,0
2026-05-26 11:38:00,24058.85,24069.05,24057.55,24065.55,0
2026-05-26 11:39:00,24065.0,24070.85,24064.2,24069.95,0
2026-05-26 11:40:00,24070.15,24071.9,24065.1,24067.2,0
2026-05-26 11:41:00,24066.5,24069.5,24062.85,24065.75,0
2026-05-26 11:42:00,24065.8,24067.1,24062.5,24066.0,0
2026-05-26 11:43:00,24064.9,24066.85,24061.0,24062.6,0
2026-05-26 11:44:00,24062.55,24064.75,24060.45,24063.15,0
2026-05-26 11:45:00,24062.35,24066.95,24057.5,24058.1,0
2026-05-26 11:46:00,24058.05,24060.55,24054.35,24055.6,0
2026-05-26 11:47:00,24055.2,24061.15,24055.2,24057.9,0
2026-05-26 11:48:00,24057.9,24061.6,24056.5,24060.1,0
2026-05-26 11:49:00,24059.1,24061.3,24052.25,24057.95,0
2026-05-26 11:50:00,24058.05,24060.9,24054.7,24055.65,0
2026-05-26 11:51:00,24056.45,24060.7,24054.35,24056.15,0
2026-05-26 11:52:00,24056.15,24058.2,24052.0,24053.2,0
2026-05-26 11:53:00,24053.15,24057.9,24051.9,24056.85,0
2026-05-26 11:54:00,24057.0,24058.5,24052.85,24055.4,0
2026-05-26 11:55:00,24055.95,24057.45,24052.95,24055.4,0
2026-05-26 11:56:00,24055.9,24057.25,24051.45,24053.9,0
2026-05-26 11:57:00,24053.5,24058.15,24052.65,24056.05,0
2026-05-26 11:58:00,24056.35,24061.55,24033.4,24034.0,0
2026-05-26 11:59:00,24034.5,24043.45,24032.6,24039.95,0
2026-05-26 12:00:00,24040.2,24043.1,24032.9,24032.9,0
2026-05-26 12:01:00,24033.15,24038.0,24028.1,24028.95,0
2026-05-26 12:02:00,24027.8,24032.1,24022.05,24022.1,0
2026-05-26 12:03:00,24022.4,24025.8,24018.5,24025.8,0
2026-05-26 12:04:00,24026.4,24037.35,24026.3,24037.0,0
2026-05-26 12:05:00,24037.15,24039.4,24030.2,24031.5,0
2026-05-26 12:06:00,24031.75,24034.25,24029.25,24033.5,0
2026-05-26 12:07:00,24032.85,24043.2,24031.75,24042.65,0
2026-05-26 12:08:00,24042.8,24043.65,24032.4,24033.85,0
2026-05-26 12:09:00,24034.0,24034.85,24028.05,24029.0,0
2026-05-26 12:10:00,24028.95,24033.85,24028.1,24028.8,0
2026-05-26 12:11:00,24029.6,24031.95,24025.4,24025.5,0
2026-05-26 12:12:00,24025.55,24029.55,24023.9,24024.05,0
2026-05-26 12:13:00,24024.35,24026.0,24019.8,24022.2,0
2026-05-26 12:14:00,24022.3,24026.3,24021.2,24022.1,0
2026-05-26 12:15:00,24022.3,24025.65,24019.0,24020.75,0
2026-05-26 12:16:00,24020.7,24029.85,24019.95,24029.1,0
2026-05-26 12:17:00,24028.7,24031.55,24025.2,24028.5,0
2026-05-26 12:18:00,24028.55,24037.1,24026.95,24033.2,0
2026-05-26 12:19:00,24034.0,24037.45,24032.2,24033.9,0
2026-05-26 12:20:00,24033.95,24040.8,24032.85,24037.9,0
2026-05-26 12:21:00,24037.9,24039.8,24033.35,24035.0,0
2026-05-26 12:22:00,24034.85,24037.2,24032.65,24034.35,0
2026-05-26 12:23:00,24034.1,24036.7,24029.5,24029.8,0
2026-05-26 12:24:00,24030.0,24033.6,24028.1,24029.1,0
2026-05-26 12:25:00,24029.05,24032.1,24027.05,24027.9,0
2026-05-26 12:26:00,24027.95,24031.3,24026.0,24027.8,0
2026-05-26 12:27:00,24027.55,24029.6,24023.4,24025.35,0
2026-05-26 12:28:00,24025.3,24026.6,24019.5,24020.5,0
2026-05-26 12:29:00,24020.65,24022.1,24017.45,24021.9,0
2026-05-26 12:30:00,24021.85,24029.85,24020.1,24029.05,0
2026-05-26 12:31:00,24028.65,24034.75,24028.45,24033.7,0
2026-05-26 12:32:00,24033.7,24036.4,24028.25,24029.15,0
2026-05-26 12:33:00,24029.3,24034.65,24027.05,24028.55,0
2026-05-26 12:34:00,24028.3,24033.0,24022.0,24022.75,0
2026-05-26 12:35:00,24021.9,24024.9,24013.65,24014.55,0
2026-05-26 12:36:00,24015.5,24020.55,24013.55,24017.2,0
2026-05-26 12:37:00,24017.75,24024.5,24015.85,24022.25,0
2026-05-26 12:38:00,24022.8,24025.6,24021.4,24024.5,0
2026-05-26 12:39:00,24024.25,24026.3,24021.15,24021.85,0
2026-05-26 12:40:00,24022.65,24025.35,24016.95,24018.65,0
2026-05-26 12:41:00,24018.3,24020.2,24010.75,24015.7,0
2026-05-26 12:42:00,24015.5,24020.4,24010.25,24011.3,0
2026-05-26 12:43:00,24010.95,24012.75,24006.05,24009.65,0
2026-05-26 12:44:00,24009.95,24014.25,24008.7,24010.15,0
2026-05-26 12:45:00,24010.0,24012.3,23997.9,23998.6,0
2026-05-26 12:46:00,23998.3,24001.0,23994.4,23995.65,0
2026-05-26 12:47:00,23995.75,24000.6,23993.95,23999.35,0
2026-05-26 12:48:00,23999.05,24000.15,23988.4,23990.15,0
2026-05-26 12:49:00,23989.6,24000.1,23985.3,23997.6,0
2026-05-26 12:50:00,23997.7,23998.75,23981.15,23981.6,0
2026-05-26 12:51:00,23980.6,23981.25,23972.8,23973.65,0
2026-05-26 12:52:00,23974.1,23981.1,23971.6,23979.4,0
2026-05-26 12:53:00,23979.25,23988.65,23978.0,23986.5,0
2026-05-26 12:54:00,23986.1,23999.95,23986.05,23997.5,0
2026-05-26 12:55:00,23997.0,23999.05,23994.85,23997.5,0
2026-05-26 12:56:00,23997.45,23999.15,23991.4,23992.8,0
2026-05-26 12:57:00,23992.45,23999.65,23988.95,23997.15,0
2026-05-26 12:58:00,23996.65,24002.0,23992.9,23993.8,0
2026-05-26 12:59:00,23994.35,24000.55,23987.7,23998.55,0
2026-05-26 13:00:00,23998.65,24001.95,23979.9,23980.55,0
2026-05-26 13:01:00,23980.4,23982.7,23972.75,23974.95,0
2026-05-26 13:02:00,23974.75,23982.55,23969.5,23972.9,0
2026-05-26 13:03:00,23972.95,23978.2,23966.2,23971.5,0
2026-05-26 13:04:00,23971.6,23974.1,23966.75,23971.25,0
2026-05-26 13:05:00,23971.3,23976.5,23969.25,23975.1,0
2026-05-26 13:06:00,23975.05,23981.05,23973.55,23974.65,0
2026-05-26 13:07:00,23974.05,23976.3,23968.9,23969.6,0
2026-05-26 13:08:00,23969.95,23977.65,23968.2,23972.6,0
2026-05-26 13:09:00,23973.35,23978.65,23971.05,23972.45,0
2026-05-26 13:10:00,23973.2,23976.65,23970.1,23975.3,0
2026-05-26 13:11:00,23975.4,23983.95,23975.4,23982.3,0
2026-05-26 13:12:00,23981.6,23984.8,23976.5,23978.15,0
2026-05-26 13:13:00,23978.6,23982.45,23976.9,23980.3,0
2026-05-26 13:14:00,23980.1,23982.05,23972.75,23974.35,0
2026-05-26 13:15:00,23974.9,23976.25,23959.2,23963.05,0
2026-05-26 13:16:00,23963.3,23972.3,23962.3,23969.25,0
2026-05-26 13:17:00,23968.7,23975.5,23968.7,23974.0,0
2026-05-26 13:18:00,23974.0,23977.45,23971.65,23974.85,0
2026-05-26 13:19:00,23974.3,23982.7,23974.3,23982.1,0
2026-05-26 13:20:00,23981.45,23984.7,23976.2,23984.5,0
2026-05-26 13:21:00,23984.35,23987.15,23979.15,23984.5,0
2026-05-26 13:22:00,23984.7,23988.15,23981.6,23983.95,0
2026-05-26 13:23:00,23984.4,23987.4,23979.15,23981.8,0
2026-05-26 13:24:00,23981.3,23983.65,23974.45,23976.1,0
2026-05-26 13:25:00,23974.75,23980.9,23972.5,23972.5,0
2026-05-26 13:26:00,23972.4,23980.35,23971.6,23978.05,0
2026-05-26 13:27:00,23978.9,23991.1,23978.9,23986.55,0
2026-05-26 13:28:00,23986.25,23989.7,23982.6,23984.1,0
2026-05-26 13:29:00,23983.6,23991.25,23979.2,23987.5,0
2026-05-26 13:30:00,23987.45,23999.25,23983.0,23983.65,0
2026-05-26 13:31:00,23982.9,23995.95,23982.9,23991.65,0
2026-05-26 13:32:00,23992.35,23992.5,23978.05,23983.15,0
2026-05-26 13:33:00,23983.3,23990.95,23980.9,23984.45,0
2026-05-26 13:34:00,23986.3,23988.2,23981.4,23982.45,0
2026-05-26 13:35:00,23982.05,23985.65,23979.7,23981.3,0
2026-05-26 13:36:00,23981.25,23985.55,23980.2,23982.8,0
2026-05-26 13:37:00,23982.9,23985.55,23981.6,23982.65,0
2026-05-26 13:38:00,23983.8,23985.05,23973.6,23974.15,0
2026-05-26 13:39:00,23973.55,23979.3,23972.2,23974.6,0
2026-05-26 13:40:00,23974.55,23980.85,23969.65,23972.5,0
2026-05-26 13:41:00,23972.85,23980.0,23972.3,23973.65,0
2026-05-26 13:42:00,23973.7,23978.9,23969.75,23971.0,0
2026-05-26 13:43:00,23972.1,23976.0,23967.2,23971.3,0
2026-05-26 13:44:00,23971.85,23973.75,23957.4,23958.5,0
2026-05-26 13:45:00,23957.2,23970.1,23957.2,23966.15,0
2026-05-26 13:46:00,23966.0,23968.65,23957.6,23967.85,0
2026-05-26 13:47:00,23968.1,23969.25,23958.0,23963.1,0
2026-05-26 13:48:00,23962.85,23965.6,23955.8,23958.15,0
2026-05-26 13:49:00,23957.4,23962.3,23955.3,23961.45,0
2026-05-26 13:50:00,23961.4,23963.0,23945.65,23950.7,0
2026-05-26 13:51:00,23950.55,23952.65,23943.3,23943.3,0
2026-05-26 13:52:00,23943.7,23945.75,23939.15,23941.65,0
2026-05-26 13:53:00,23941.9,23946.55,23939.8,23942.85,0
2026-05-26 13:54:00,23942.45,23951.4,23941.35,23949.6,0
2026-05-26 13:55:00,23949.8,23953.15,23945.9,23946.65,0
2026-05-26 13:56:00,23946.75,23948.6,23939.9,23943.9,0
2026-05-26 13:57:00,23942.9,23946.05,23940.65,23944.45,0
2026-05-26 13:58:00,23943.75,23945.15,23934.3,23934.8,0
2026-05-26 13:59:00,23935.1,23941.25,23934.7,23937.2,0
2026-05-26 14:00:00,23937.35,23938.85,23930.75,23931.5,0
2026-05-26 14:01:00,23931.6,23933.65,23923.05,23923.65,0
2026-05-26 14:02:00,23923.85,23930.9,23923.45,23927.35,0
2026-05-26 14:03:00,23928.55,23930.75,23912.55,23914.4,0
2026-05-26 14:04:00,23913.6,23917.5,23911.25,23917.1,0
2026-05-26 14:05:00,23916.5,23918.2,23911.4,23917.75,0
2026-05-26 14:06:00,23918.7,23930.8,23916.9,23928.35,0
2026-05-26 14:07:00,23928.05,23935.4,23927.85,23930.35,0
2026-05-26 14:08:00,23930.9,23939.9,23930.9,23938.9,0
2026-05-26 14:09:00,23939.55,23940.1,23925.4,23925.9,0
2026-05-26 14:10:00,23926.45,23927.55,23912.25,23912.95,0
2026-05-26 14:11:00,23913.3,23918.0,23910.1,23912.95,0
2026-05-26 14:12:00,23913.05,23920.1,23912.45,23916.15,0
2026-05-26 14:13:00,23916.1,23919.2,23913.45,23917.55,0
2026-05-26 14:14:00,23917.7,23924.2,23916.8,23924.2,0
2026-05-26 14:15:00,23924.25,23927.7,23919.4,23920.0,0
2026-05-26 14:16:00,23919.85,23922.05,23914.5,23915.3,0
2026-05-26 14:17:00,23915.2,23921.1,23914.45,23919.05,0
2026-05-26 14:18:00,23918.25,23923.0,23915.9,23917.65,0
2026-05-26 14:19:00,23917.25,23926.6,23916.9,23924.45,0
2026-05-26 14:20:00,23925.15,23927.95,23921.15,23925.95,0
2026-05-26 14:21:00,23926.15,23932.25,23922.25,23923.2,0
2026-05-26 14:22:00,23922.5,23930.15,23921.95,23929.75,0
2026-05-26 14:23:00,23930.15,23937.35,23928.6,23934.1,0
2026-05-26 14:24:00,23933.95,23936.05,23931.75,23934.65,0
2026-05-26 14:25:00,23934.45,23936.95,23933.0,23935.9,0
2026-05-26 14:26:00,23935.9,23940.7,23933.25,23935.1,0
2026-05-26 14:27:00,23934.25,23935.6,23912.95,23913.35,0
2026-05-26 14:28:00,23912.9,23916.3,23910.5,23910.5,0
2026-05-26 14:29:00,23910.35,23922.6,23907.35,23922.6,0
2026-05-26 14:30:00,23923.0,23928.5,23918.3,23926.45,0
2026-05-26 14:31:00,23925.6,23929.4,23922.1,23925.7,0
2026-05-26 14:32:00,23925.75,23928.25,23922.5,23925.0,0
2026-05-26 14:33:00,23924.9,23934.0,23924.05,23924.05,0
2026-05-26 14:34:00,23923.95,23927.45,23919.8,23924.2,0
2026-05-26 14:35:00,23924.0,23927.65,23915.75,23917.15,0
2026-05-26 14:36:00,23917.25,23918.45,23907.6,23908.5,0
2026-05-26 14:37:00,23908.35,23909.25,23899.45,23902.1,0
2026-05-26 14:38:00,23901.05,23909.05,23900.6,23905.5,0
2026-05-26 14:39:00,23905.6,23910.15,23903.55,23904.75,0
2026-05-26 14:40:00,23904.7,23907.2,23895.65,23898.3,0
2026-05-26 14:41:00,23896.5,23900.6,23896.0,23898.25,0
2026-05-26 14:42:00,23897.95,23903.05,23896.3,23899.35,0
2026-05-26 14:43:00,23898.65,23904.35,23896.0,23898.75,0
2026-05-26 14:44:00,23898.05,23902.55,23896.3,23898.2,0
2026-05-26 14:45:00,23898.1,23902.0,23893.3,23897.5,0
2026-05-26 14:46:00,23897.25,23902.4,23896.55,23898.75,0
2026-05-26 14:47:00,23898.95,23903.0,23897.4,23899.5,0
2026-05-26 14:48:00,23898.8,23902.9,23895.45,23897.4,0
2026-05-26 14:49:00,23897.7,23902.5,23894.65,23896.2,0
2026-05-26 14:50:00,23895.9,23899.05,23889.55,23891.35,0
2026-05-26 14:51:00,23891.1,23893.55,23888.05,23889.95,0
2026-05-26 14:52:00,23890.15,23893.75,23888.45,23891.95,0
2026-05-26 14:53:00,23890.5,23893.55,23887.1,23889.3,0
2026-05-26 14:54:00,23888.7,23890.5,23885.45,23889.45,0
2026-05-26 14:55:00,23888.95,23895.75,23887.85,23894.15,0
2026-05-26 14:56:00,23894.15,23901.4,23893.6,23900.7,0
2026-05-26 14:57:00,23899.85,23910.15,23899.15,23910.15,0
2026-05-26 14:58:00,23909.4,23918.75,23908.95,23910.35,0
2026-05-26 14:59:00,23909.15,23916.4,23908.8,23913.05,0
2026-05-26 15:00:00,23913.5,23916.7,23901.65,23906.35,0
2026-05-26 15:01:00,23907.1,23908.35,23901.4,23902.2,0
2026-05-26 15:02:00,23902.05,23914.05,23902.05,23911.2,0
2026-05-26 15:03:00,23912.9,23923.25,23902.8,23903.6,0
2026-05-26 15:04:00,23904.25,23910.8,23896.4,23909.75,0
2026-05-26 15:05:00,23907.6,23913.15,23902.3,23903.15,0
2026-05-26 15:06:00,23902.05,23904.3,23897.1,23903.55,0
2026-05-26 15:07:00,23902.5,23915.2,23900.0,23914.45,0
2026-05-26 15:08:00,23914.95,23926.95,23914.95,23923.55,0
2026-05-26 15:09:00,23923.95,23931.05,23918.95,23928.65,0
2026-05-26 15:10:00,23925.75,23929.65,23904.35,23909.4,0
2026-05-26 15:11:00,23908.95,23911.9,23903.6,23910.0,0
2026-05-26 15:12:00,23911.2,23920.35,23910.4,23912.5,0
2026-05-26 15:13:00,23912.1,23916.3,23910.85,23913.2,0
2026-05-26 15:14:00,23913.0,23914.8,23907.3,23908.8,0
2026-05-26 15:15:00,23907.7,23911.9,23907.15,23911.3,0
2026-05-26 15:16:00,23911.6,23914.05,23909.15,23914.05,0
2026-05-26 15:17:00,23913.4,23916.2,23912.5,23915.1,0
2026-05-26 15:18:00,23915.3,23917.2,23911.8,23913.8,0
2026-05-26 15:19:00,23914.35,23915.5,23907.55,23911.05,0
2026-05-26 15:20:00,23911.7,23914.9,23910.4,23912.85,0
2026-05-26 15:21:00,23912.95,23917.7,23912.0,23913.6,0
2026-05-26 15:22:00,23915.45,23918.45,23912.45,23916.55,0
2026-05-26 15:23:00,23917.05,23919.75,23914.05,23918.25,0
2026-05-26 15:24:00,23918.6,23920.1,23914.3,23918.0,0
2026-05-26 15:25:00,23917.3,23919.8,23913.6,23916.5,0
2026-05-26 15:26:00,23917.15,23926.45,23916.3,23924.3,0
2026-05-26 15:27:00,23922.9,23927.9,23922.7,23923.65,0
2026-05-26 15:28:00,23925.3,23933.45,23922.6,23932.4,0
2026-05-26 15:29:00,23933.1,23940.05,23925.25,23933.75,0
2026-05-27 09:15:00,23880.35,23923.05,23870.45,23892.1,0
2026-05-27 09:16:00,23894.1,23931.5,23894.1,23924.1,0
2026-05-27 09:17:00,23924.4,23927.4,23909.35,23924.5,0
2026-05-27 09:18:00,23925.35,23931.6,23909.55,23915.75,0
2026-05-27 09:19:00,23916.7,23937.4,23916.7,23926.35,0
2026-05-27 09:20:00,23926.0,23945.25,23926.0,23937.1,0
2026-05-27 09:21:00,23937.1,23949.6,23933.75,23947.8,0
2026-05-27 09:22:00,23947.2,23949.7,23932.55,23934.7,0
2026-05-27 09:23:00,23935.25,23937.15,23920.5,23934.75,0
2026-05-27 09:24:00,23934.25,23935.55,23926.35,23932.75,0
2026-05-27 09:25:00,23933.7,23934.45,23918.95,23924.2,0
2026-05-27 09:26:00,23924.7,23925.4,23914.8,23915.85,0
2026-05-27 09:27:00,23914.65,23915.9,23905.6,23908.85,0
2026-05-27 09:28:00,23909.95,23920.55,23905.8,23907.2,0
2026-05-27 09:29:00,23907.45,23907.45,23896.45,23903.25,0
2026-05-27 09:30:00,23903.95,23903.95,23889.8,23893.75,0
2026-05-27 09:31:00,23893.85,23896.3,23886.25,23886.45,0
2026-05-27 09:32:00,23886.1,23886.95,23869.75,23871.7,0
2026-05-27 09:33:00,23872.05,23881.45,23871.15,23875.0,0
2026-05-27 09:34:00,23874.0,23887.35,23874.0,23881.2,0
2026-05-27 09:35:00,23883.1,23891.0,23879.65,23890.4,0
2026-05-27 09:36:00,23890.0,23892.6,23880.3,23880.3,0
2026-05-27 09:37:00,23880.7,23882.75,23874.95,23876.85,0
2026-05-27 09:38:00,23876.75,23892.3,23876.75,23887.5,0
2026-05-27 09:39:00,23887.85,23896.8,23884.65,23885.4,0
2026-05-27 09:40:00,23885.25,23894.65,23884.85,23889.2,0
2026-05-27 09:41:00,23888.5,23895.8,23887.55,23892.05,0
2026-05-27 09:42:00,23891.75,23907.75,23891.05,23907.25,0
2026-05-27 09:43:00,23906.85,23919.05,23900.65,23901.3,0
2026-05-27 09:44:00,23901.65,23909.9,23900.95,23908.3,0
2026-05-27 09:45:00,23909.65,23909.65,23887.1,23890.2,0
2026-05-27 09:46:00,23888.15,23890.5,23871.3,23876.4,0
2026-05-27 09:47:00,23876.2,23895.9,23876.2,23893.85,0
2026-05-27 09:48:00,23894.95,23900.3,23893.55,23898.6,0
2026-05-27 09:49:00,23898.55,23898.55,23884.2,23890.15,0
2026-05-27 09:50:00,23890.45,23895.3,23888.5,23888.5,0
2026-05-27 09:51:00,23888.45,23891.7,23883.3,23888.85,0
2026-05-27 09:52:00,23888.6,23893.65,23887.65,23893.4,0
2026-05-27 09:53:00,23893.85,23895.65,23878.85,23881.1,0
2026-05-27 09:54:00,23880.35,23886.6,23879.4,23884.25,0
2026-05-27 09:55:00,23883.9,23890.65,23881.95,23883.0,0
2026-05-27 09:56:00,23883.65,23894.45,23882.05,23889.95,0
2026-05-27 09:57:00,23889.15,23892.15,23875.65,23878.75,0
2026-05-27 09:58:00,23878.8,23881.7,23875.9,23877.2,0
2026-05-27 09:59:00,23876.6,23879.05,23873.9,23874.95,0
2026-05-27 10:00:00,23874.75,23876.85,23868.8,23875.7,0
2026-05-27 10:01:00,23874.75,23878.95,23872.9,23873.2,0
2026-05-27 10:02:00,23871.75,23885.9,23871.75,23885.15,0
2026-05-27 10:03:00,23884.9,23895.1,23883.95,23892.05,0
2026-05-27 10:04:00,23892.05,23910.0,23892.05,23910.0,0
2026-05-27 10:05:00,23912.95,23924.4,23911.85,23924.4,0
2026-05-27 10:06:00,23924.0,23925.35,23911.5,23912.65,0
2026-05-27 10:07:00,23913.15,23916.8,23908.05,23916.8,0
2026-05-27 10:08:00,23916.95,23939.55,23916.95,23938.65,0
2026-05-27 10:09:00,23938.55,23941.05,23927.65,23933.15,0
2026-05-27 10:10:00,23933.85,23935.15,23927.35,23931.55,0
2026-05-27 10:11:00,23931.5,23936.55,23929.9,23935.35,0
2026-05-27 10:12:00,23935.05,23935.6,23929.55,23931.55,0
2026-05-27 10:13:00,23932.0,23944.4,23930.7,23940.55,0
2026-05-27 10:14:00,23940.75,23946.4,23937.85,23943.25,0
2026-05-27 10:15:00,23942.8,23944.2,23937.5,23938.15,0
2026-05-27 10:16:00,23938.2,23946.9,23934.7,23944.9,0
2026-05-27 10:17:00,23944.7,23954.25,23943.6,23954.05,0
2026-05-27 10:18:00,23953.75,23955.2,23949.2,23952.5,0
2026-05-27 10:19:00,23953.55,23955.45,23947.85,23951.7,0
2026-05-27 10:20:00,23951.95,23956.3,23951.95,23952.7,0
2026-05-27 10:21:00,23952.75,23957.65,23950.0,23951.35,0
2026-05-27 10:22:00,23950.75,23951.45,23942.45,23944.6,0
2026-05-27 10:23:00,23944.1,23947.8,23943.25,23946.15,0
2026-05-27 10:24:00,23945.35,23958.9,23945.35,23953.0,0
2026-05-27 10:25:00,23953.65,23961.0,23952.95,23959.05,0
2026-05-27 10:26:00,23958.8,23964.0,23958.15,23961.45,0
2026-05-27 10:27:00,23961.15,23965.4,23960.3,23965.25,0
2026-05-27 10:28:00,23964.55,23970.35,23962.7,23968.5,0
2026-05-27 10:29:00,23967.3,23970.4,23963.05,23963.2,0
2026-05-27 10:30:00,23963.4,23965.05,23956.2,23957.0,0
2026-05-27 10:31:00,23956.95,23958.3,23947.45,23948.75,0
2026-05-27 10:32:00,23949.0,23958.15,23947.9,23956.35,0
2026-05-27 10:33:00,23956.8,23958.75,23954.95,23956.25,0
2026-05-27 10:34:00,23955.65,23961.95,23954.25,23957.7,0
2026-05-27 10:35:00,23958.05,23966.85,23955.4,23956.15,0
2026-05-27 10:36:00,23955.55,23960.25,23952.15,23957.8,0
2026-05-27 10:37:00,23959.3,23970.5,23957.85,23968.35,0
2026-05-27 10:38:00,23968.2,23970.7,23952.75,23956.2,0
2026-05-27 10:39:00,23955.2,23961.15,23953.95,23954.3,0
2026-05-27 10:40:00,23953.85,23957.8,23952.65,23955.85,0
2026-05-27 10:41:00,23955.75,23959.5,23949.85,23950.2,0
2026-05-27 10:42:00,23950.65,23955.85,23946.8,23947.55,0
2026-05-27 10:43:00,23947.85,23949.35,23940.6,23940.6,0
2026-05-27 10:44:00,23941.1,23943.4,23934.45,23935.95,0
2026-05-27 10:45:00,23936.2,23937.35,23925.95,23928.8,0
2026-05-27 10:46:00,23928.8,23930.0,23923.5,23925.4,0
2026-05-27 10:47:00,23925.75,23929.2,23918.9,23929.2,0
2026-05-27 10:48:00,23929.2,23935.05,23925.3,23930.4,0
2026-05-27 10:49:00,23929.8,23942.05,23929.15,23942.0,0
2026-05-27 10:50:00,23941.75,23943.7,23937.7,23943.5,0
2026-05-27 10:51:00,23943.15,23954.85,23942.65,23954.45,0
2026-05-27 10:52:00,23954.2,23956.55,23951.5,23956.25,0
2026-05-27 10:53:00,23956.85,23959.5,23953.6,23957.55,0
2026-05-27 10:54:00,23957.2,23967.7,23956.1,23966.7,0
2026-05-27 10:55:00,23966.95,23973.6,23965.65,23971.95,0
2026-05-27 10:56:00,23972.2,23976.35,23963.15,23963.8,0
2026-05-27 10:57:00,23962.7,23965.7,23959.65,23963.85,0
2026-05-27 10:58:00,23963.55,23966.35,23958.95,23961.95,0
2026-05-27 10:59:00,23961.35,23969.45,23960.3,23966.9,0
2026-05-27 11:00:00,23966.95,23968.25,23961.05,23963.6,0
2026-05-27 11:01:00,23963.7,23968.2,23963.35,23964.55,0
2026-05-27 11:02:00,23964.2,23965.45,23958.05,23959.25,0
2026-05-27 11:03:00,23959.1,23960.2,23950.85,23958.95,0
2026-05-27 11:04:00,23957.7,23960.2,23950.7,23954.75,0
2026-05-27 11:05:00,23954.4,23960.45,23952.35,23957.65,0
2026-05-27 11:06:00,23957.55,23971.75,23957.1,23971.5,0
2026-05-27 11:07:00,23971.95,23973.2,23952.75,23954.8,0
2026-05-27 11:08:00,23955.4,23967.6,23955.4,23964.4,0
2026-05-27 11:09:00,23964.3,23966.8,23959.9,23965.8,0
2026-05-27 11:10:00,23965.6,23968.55,23964.0,23965.3,0
2026-05-27 11:11:00,23964.75,23965.45,23955.65,23956.3,0
2026-05-27 11:12:00,23956.9,23963.55,23955.05,23961.7,0
2026-05-27 11:13:00,23961.45,23964.55,23959.15,23963.6,0
2026-05-27 11:14:00,23963.75,23966.7,23961.7,23961.95,0
2026-05-27 11:15:00,23961.9,23964.8,23959.65,23960.65,0
2026-05-27 11:16:00,23960.35,23964.15,23959.0,23961.35,0
2026-05-27 11:17:00,23961.0,23966.8,23960.45,23964.3,0
2026-05-27 11:18:00,23964.7,23973.7,23959.6,23973.35,0
2026-05-27 11:19:00,23973.05,23976.4,23971.15,23972.05,0
2026-05-27 11:20:00,23972.5,23974.8,23970.2,23972.1,0
2026-05-27 11:21:00,23972.85,23978.2,23970.3,23976.65,0
2026-05-27 11:22:00,23976.5,23978.65,23972.9,23976.15,0
2026-05-27 11:23:00,23975.7,23979.35,23971.85,23977.15,0
2026-05-27 11:24:00,23977.5,23980.8,23973.5,23973.6,0
2026-05-27 11:25:00,23973.5,23974.8,23970.85,23971.1,0
2026-05-27 11:26:00,23971.6,23973.7,23967.95,23968.65,0
2026-05-27 11:27:00,23968.85,23974.45,23967.0,23973.9,0
2026-05-27 11:28:00,23974.2,23977.35,23973.45,23974.85,0
2026-05-27 11:29:00,23974.6,23976.85,23973.5,23974.05,0
2026-05-27 11:30:00,23974.65,23981.3,23974.65,23980.1,0
2026-05-27 11:31:00,23980.2,23983.0,23975.05,23975.3,0
2026-05-27 11:32:00,23977.65,23981.15,23972.9,23976.0,0
2026-05-27 11:33:00,23976.65,23981.7,23974.65,23980.7,0
2026-05-27 11:34:00,23981.05,23981.05,23969.35,23970.3,0
2026-05-27 11:35:00,23970.55,23972.3,23963.95,23967.65,0
2026-05-27 11:36:00,23966.15,23970.2,23961.9,23963.3,0
2026-05-27 11:37:00,23962.65,23963.95,23953.4,23954.15,0
2026-05-27 11:38:00,23953.65,23957.15,23950.35,23951.25,0
2026-05-27 11:39:00,23950.85,23953.4,23947.0,23950.4,0
2026-05-27 11:40:00,23949.8,23960.0,23949.8,23959.9,0
2026-05-27 11:41:00,23959.75,23965.8,23958.85,23963.2,0
2026-05-27 11:42:00,23963.05,23967.65,23962.45,23964.75,0
2026-05-27 11:43:00,23964.45,23965.3,23957.6,23961.55,0
2026-05-27 11:44:00,23961.3,23962.3,23953.0,23954.3,0
2026-05-27 11:45:00,23953.5,23961.65,23952.8,23960.55,0
2026-05-27 11:46:00,23960.3,23963.0,23958.0,23961.55,0
2026-05-27 11:47:00,23961.3,23963.3,23957.55,23960.35,0
2026-05-27 11:48:00,23960.35,23963.6,23947.8,23950.3,0
2026-05-27 11:49:00,23949.6,23951.9,23945.95,23947.15,0
2026-05-27 11:50:00,23947.3,23949.4,23945.45,23948.75,0
2026-05-27 11:51:00,23948.6,23951.1,23944.6,23946.7,0
2026-05-27 11:52:00,23946.65,23948.55,23939.0,23939.45,0
2026-05-27 11:53:00,23938.5,23946.3,23937.1,23944.85,0
2026-05-27 11:54:00,23944.65,23946.85,23937.05,23939.0,0
2026-05-27 11:55:00,23939.2,23945.6,23937.4,23943.4,0
2026-05-27 11:56:00,23942.9,23950.25,23942.5,23947.7,0
2026-05-27 11:57:00,23948.15,23948.6,23939.85,23941.35,0
2026-05-27 11:58:00,23940.55,23941.7,23928.75,23930.25,0
2026-05-27 11:59:00,23930.75,23935.55,23929.6,23934.05,0
2026-05-27 12:00:00,23933.5,23940.45,23931.9,23939.25,0
2026-05-27 12:01:00,23938.8,23941.75,23930.35,23930.4,0
2026-05-27 12:02:00,23930.2,23932.15,23918.35,23919.0,0
2026-05-27 12:03:00,23918.5,23930.75,23918.35,23929.25,0
2026-05-27 12:04:00,23929.0,23930.95,23926.9,23928.2,0
2026-05-27 12:05:00,23928.05,23933.05,23927.6,23929.95,0
2026-05-27 12:06:00,23929.6,23931.45,23924.95,23926.3,0
2026-05-27 12:07:00,23925.9,23927.25,23924.35,23926.6,0
2026-05-27 12:08:00,23926.4,23927.05,23920.65,23921.25,0
2026-05-27 12:09:00,23921.45,23933.3,23919.85,23930.2,0
2026-05-27 12:10:00,23929.55,23934.25,23927.6,23927.6,0
2026-05-27 12:11:00,23927.25,23933.55,23924.15,23933.3,0
2026-05-27 12:12:00,23933.2,23933.85,23927.7,23928.35,0
2026-05-27 12:13:00,23928.15,23929.45,23922.75,23922.75,0
2026-05-27 12:14:00,23922.6,23924.85,23920.25,23921.9,0
2026-05-27 12:15:00,23922.55,23926.9,23921.85,23923.0,0
2026-05-27 12:16:00,23922.55,23929.95,23922.4,23928.8,0
2026-05-27 12:17:00,23928.5,23931.55,23924.45,23928.35,0
2026-05-27 12:18:00,23929.7,23933.8,23927.0,23931.6,0
2026-05-27 12:19:00,23931.25,23939.0,23930.85,23937.35,0
2026-05-27 12:20:00,23936.85,23938.5,23929.45,23931.55,0
2026-05-27 12:21:00,23930.85,23933.3,23928.95,23932.9,0
2026-05-27 12:22:00,23933.6,23938.0,23932.3,23937.95,0
2026-05-27 12:23:00,23937.5,23940.85,23936.0,23938.85,0
2026-05-27 12:24:00,23937.3,23938.6,23929.9,23932.15,0
2026-05-27 12:25:00,23931.65,23935.0,23926.5,23926.5,0
2026-05-27 12:26:00,23926.7,23929.45,23925.0,23925.15,0
2026-05-27 12:27:00,23925.85,23927.55,23916.8,23919.0,0
2026-05-27 12:28:00,23918.6,23923.95,23915.15,23915.15,0
2026-05-27 12:29:00,23914.75,23916.5,23905.15,23906.45,0
2026-05-27 12:30:00,23906.3,23907.85,23902.45,23905.05,0
2026-05-27 12:31:00,23904.95,23909.5,23904.95,23906.2,0
2026-05-27 12:32:00,23906.15,23912.25,23905.2,23911.35,0
2026-05-27 12:33:00,23911.0,23917.5,23908.5,23915.15,0
2026-05-27 12:34:00,23915.2,23918.1,23913.2,23914.7,0
2026-05-27 12:35:00,23914.45,23918.85,23911.65,23918.85,0
2026-05-27 12:36:00,23918.85,23924.25,23918.85,23923.6,0
2026-05-27 12:37:00,23923.3,23934.35,23922.6,23934.35,0
2026-05-27 12:38:00,23933.6,23938.0,23933.2,23936.5,0
2026-05-27 12:39:00,23935.8,23937.2,23929.8,23929.9,0
2026-05-27 12:40:00,23929.2,23930.85,23925.95,23928.15,0
2026-05-27 12:41:00,23928.25,23933.35,23927.3,23933.35,0
2026-05-27 12:42:00,23934.05,23937.05,23929.65,23935.0,0
2026-05-27 12:43:00,23934.3,23936.95,23930.55,23936.3,0
2026-05-27 12:44:00,23936.3,23938.3,23935.2,23936.3,0
2026-05-27 12:45:00,23936.1,23936.35,23932.1,23934.15,0
2026-05-27 12:46:00,23934.1,23936.3,23931.5,23932.6,0
2026-05-27 12:47:00,23932.5,23933.85,23925.25,23927.65,0
2026-05-27 12:48:00,23926.65,23933.1,23926.65,23932.5,0
2026-05-27 12:49:00,23932.0,23933.4,23930.15,23930.75,0
2026-05-27 12:50:00,23930.5,23931.75,23924.0,23925.55,0
2026-05-27 12:51:00,23924.5,23927.15,23920.0,23920.0,0
2026-05-27 12:52:00,23919.5,23920.8,23913.9,23913.9,0
2026-05-27 12:53:00,23914.5,23915.95,23911.95,23912.2,0
2026-05-27 12:54:00,23912.05,23915.4,23911.9,23912.5,0
2026-05-27 12:55:00,23911.75,23916.1,23910.45,23916.1,0
2026-05-27 12:56:00,23916.1,23920.3,23915.8,23918.1,0
2026-05-27 12:57:00,23916.65,23918.45,23913.3,23917.1,0
2026-05-27 12:58:00,23916.5,23918.85,23911.35,23911.7,0
2026-05-27 12:59:00,23911.4,23912.4,23904.05,23905.25,0
2026-05-27 13:00:00,23905.6,23907.0,23902.25,23902.85,0
2026-05-27 13:01:00,23902.5,23903.0,23895.0,23902.2,0
2026-05-27 13:02:00,23901.5,23905.05,23900.0,23903.2,0
2026-05-27 13:03:00,23902.4,23907.9,23901.65,23906.75,0
2026-05-27 13:04:00,23906.4,23916.3,23905.95,23914.1,0
2026-05-27 13:05:00,23914.35,23915.45,23907.0,23908.3,0
2026-05-27 13:06:00,23906.9,23917.95,23906.45,23916.95,0
2026-05-27 13:07:00,23916.55,23922.9,23914.95,23921.8,0
2026-05-27 13:08:00,23921.2,23923.45,23917.75,23917.8,0
2026-05-27 13:09:00,23918.45,23919.75,23902.7,23902.95,0
2026-05-27 13:10:00,23902.85,23918.6,23901.9,23914.8,0
2026-05-27 13:11:00,23913.35,23914.4,23908.25,23908.25,0
2026-05-27 13:12:00,23908.5,23912.35,23906.8,23910.3,0
2026-05-27 13:13:00,23910.5,23912.15,23900.2,23902.65,0
2026-05-27 13:14:00,23902.6,23903.35,23895.55,23898.15,0
2026-05-27 13:15:00,23897.15,23898.7,23891.15,23894.3,0
2026-05-27 13:16:00,23893.8,23895.6,23890.85,23895.6,0
2026-05-27 13:17:00,23895.35,23896.6,23892.15,23892.35,0
2026-05-27 13:18:00,23891.8,23893.05,23889.5,23891.65,0
2026-05-27 13:19:00,23890.9,23893.3,23888.4,23888.4,0
2026-05-27 13:20:00,23888.4,23895.85,23884.15,23894.75,0
2026-05-27 13:21:00,23894.4,23896.15,23892.3,23894.35,0
2026-05-27 13:22:00,23895.05,23895.85,23890.1,23895.85,0
2026-05-27 13:23:00,23894.8,23900.3,23893.65,23897.8,0
2026-05-27 13:24:00,23896.8,23900.5,23896.1,23899.25,0
2026-05-27 13:25:00,23899.75,23902.3,23894.1,23902.3,0
2026-05-27 13:26:00,23901.1,23905.25,23898.35,23901.95,0
2026-05-27 13:27:00,23901.8,23905.3,23896.55,23897.1,0
2026-05-27 13:28:00,23896.3,23898.1,23889.25,23889.95,0
2026-05-27 13:29:00,23890.0,23893.0,23888.3,23892.3,0
2026-05-27 13:30:00,23892.05,23895.65,23890.95,23895.65,0
2026-05-27 13:31:00,23894.35,23898.1,23891.6,23895.8,0
2026-05-27 13:32:00,23895.3,23900.95,23895.3,23898.3,0
2026-05-27 13:33:00,23896.95,23898.65,23896.1,23896.85,0
2026-05-27 13:34:00,23896.65,23902.35,23896.65,23900.45,0
2026-05-27 13:35:00,23900.4,23906.8,23899.55,23905.1,0
2026-05-27 13:36:00,23905.55,23911.35,23905.3,23907.05,0
2026-05-27 13:37:00,23906.85,23909.55,23904.8,23907.65,0
2026-05-27 13:38:00,23906.85,23911.05,23905.6,23905.6,0
2026-05-27 13:39:00,23907.25,23913.3,23905.75,23911.0,0
2026-05-27 13:40:00,23910.4,23915.15,23910.2,23911.85,0
2026-05-27 13:41:00,23911.5,23912.75,23905.45,23910.15,0
2026-05-27 13:42:00,23909.5,23910.9,23890.15,23892.05,0
2026-05-27 13:43:00,23890.9,23895.9,23890.5,23892.95,0
2026-05-27 13:44:00,23892.9,23894.7,23890.25,23891.55,0
2026-05-27 13:45:00,23891.25,23891.7,23883.1,23884.4,0
2026-05-27 13:46:00,23884.0,23892.8,23882.05,23891.55,0
2026-05-27 13:47:00,23891.65,23898.05,23890.35,23897.0,0
2026-05-27 13:48:00,23898.15,23901.15,23891.05,23893.0,0
2026-05-27 13:49:00,23892.5,23894.85,23888.6,23893.3,0
2026-05-27 13:50:00,23893.15,23897.05,23890.05,23895.15,0
2026-05-27 13:51:00,23895.5,23901.8,23893.6,23900.7,0
2026-05-27 13:52:00,23900.2,23902.85,23898.65,23900.8,0
2026-05-27 13:53:00,23900.75,23912.3,23900.55,23912.3,0
2026-05-27 13:54:00,23911.95,23913.35,23910.15,23911.85,0
2026-05-27 13:55:00,23911.3,23913.35,23907.1,23907.65,0
2026-05-27 13:56:00,23908.0,23912.65,23907.35,23911.05,0
2026-05-27 13:57:00,23910.8,23913.45,23907.65,23909.55,0
2026-05-27 13:58:00,23909.1,23912.2,23906.95,23911.7,0
2026-05-27 13:59:00,23912.35,23916.35,23911.0,23912.5,0
2026-05-27 14:00:00,23912.3,23921.1,23911.75,23916.55,0
2026-05-27 14:01:00,23915.95,23923.8,23915.5,23922.85,0
2026-05-27 14:02:00,23922.1,23923.9,23916.75,23918.55,0
2026-05-27 14:03:00,23916.6,23924.1,23915.4,23921.75,0
2026-05-27 14:04:00,23921.3,23923.4,23916.3,23918.05,0
2026-05-27 14:05:00,23917.9,23921.1,23914.85,23918.8,0
2026-05-27 14:06:00,23918.95,23920.65,23913.85,23919.8,0
2026-05-27 14:07:00,23919.7,23921.85,23915.0,23917.05,0
2026-05-27 14:08:00,23915.65,23922.05,23913.95,23920.95,0
2026-05-27 14:09:00,23921.2,23922.35,23912.95,23914.6,0
2026-05-27 14:10:00,23914.3,23915.5,23907.15,23907.15,0
2026-05-27 14:11:00,23907.45,23908.6,23903.05,23906.7,0
2026-05-27 14:12:00,23906.65,23909.0,23902.8,23904.3,0
2026-05-27 14:13:00,23904.1,23905.1,23894.45,23895.55,0
2026-05-27 14:14:00,23895.5,23900.85,23894.85,23896.0,0
2026-05-27 14:15:00,23895.95,23898.95,23891.85,23897.25,0
2026-05-27 14:16:00,23897.75,23903.25,23896.15,23900.6,0
2026-05-27 14:17:00,23900.7,23906.5,23899.2,23901.6,0
2026-05-27 14:18:00,23902.35,23907.8,23900.45,23901.75,0
2026-05-27 14:19:00,23901.65,23908.05,23901.35,23903.75,0
2026-05-27 14:20:00,23902.25,23904.0,23899.0,23901.35,0
2026-05-27 14:21:00,23901.5,23908.0,23900.35,23906.6,0
2026-05-27 14:22:00,23906.75,23916.45,23906.0,23915.85,0
2026-05-27 14:23:00,23915.3,23921.2,23913.75,23915.4,0
2026-05-27 14:24:00,23915.75,23922.25,23914.65,23920.2,0
2026-05-27 14:25:00,23920.25,23921.2,23902.25,23903.1,0
2026-05-27 14:26:00,23903.4,23905.4,23896.5,23896.5,0
2026-05-27 14:27:00,23896.45,23898.1,23894.2,23895.85,0
2026-05-27 14:28:00,23895.0,23896.65,23886.75,23889.35,0
2026-05-27 14:29:00,23889.25,23891.75,23884.5,23890.35,0
2026-05-27 14:30:00,23890.25,23890.25,23884.9,23885.45,0
2026-05-27 14:31:00,23885.45,23889.6,23883.3,23886.1,0
2026-05-27 14:32:00,23886.0,23886.45,23878.25,23878.25,0
2026-05-27 14:33:00,23878.85,23880.7,23874.75,23875.9,0
2026-05-27 14:34:00,23876.4,23877.75,23870.7,23873.35,0
2026-05-27 14:35:00,23873.95,23879.45,23869.35,23870.2,0
2026-05-27 14:36:00,23870.05,23871.6,23859.85,23860.8,0
2026-05-27 14:37:00,23860.35,23870.3,23858.55,23868.7,0
2026-05-27 14:38:00,23869.7,23885.75,23868.35,23884.85,0
2026-05-27 14:39:00,23885.4,23886.5,23878.0,23881.75,0
2026-05-27 14:40:00,23881.4,23884.65,23876.7,23884.65,0
2026-05-27 14:41:00,23884.35,23887.3,23880.3,23882.5,0
2026-05-27 14:42:00,23882.7,23883.6,23870.15,23870.75,0
2026-05-27 14:43:00,23871.45,23878.05,23868.8,23874.35,0
2026-05-27 14:44:00,23874.85,23879.05,23872.0,23875.05,0
2026-05-27 14:45:00,23875.4,23879.25,23871.75,23873.5,0
2026-05-27 14:46:00,23873.75,23875.05,23868.6,23872.0,0
2026-05-27 14:47:00,23872.9,23874.05,23867.35,23867.6,0
2026-05-27 14:48:00,23868.5,23872.85,23866.95,23869.2,0
2026-05-27 14:49:00,23869.7,23879.6,23869.5,23878.7,0
2026-05-27 14:50:00,23878.9,23880.4,23874.65,23879.55,0
2026-05-27 14:51:00,23879.45,23886.0,23878.8,23878.8,0
2026-05-27 14:52:00,23878.95,23882.25,23872.95,23876.65,0
2026-05-27 14:53:00,23876.95,23883.6,23871.7,23872.15,0
2026-05-27 14:54:00,23871.65,23885.1,23870.4,23881.0,0
2026-05-27 14:55:00,23881.35,23888.6,23881.15,23882.4,0
2026-05-27 14:56:00,23882.75,23889.9,23882.5,23887.95,0
2026-05-27 14:57:00,23888.1,23892.85,23886.6,23892.45,0
2026-05-27 14:58:00,23892.35,23900.75,23892.35,23896.0,0
2026-05-27 14:59:00,23897.25,23901.05,23895.7,23896.55,0
2026-05-27 15:00:00,23896.75,23897.4,23885.3,23885.3,0
2026-05-27 15:01:00,23884.55,23892.6,23883.75,23890.9,0
2026-05-27 15:02:00,23891.25,23892.0,23879.15,23883.35,0
2026-05-27 15:03:00,23883.4,23894.25,23881.65,23893.2,0
2026-05-27 15:04:00,23893.65,23893.9,23886.05,23887.75,0
2026-05-27 15:05:00,23888.2,23892.4,23886.8,23887.35,0
2026-05-27 15:06:00,23887.05,23888.9,23880.7,23888.9,0
2026-05-27 15:07:00,23889.3,23895.2,23887.4,23893.3,0
2026-05-27 15:08:00,23893.2,23897.2,23889.2,23890.85,0
2026-05-27 15:09:00,23890.45,23901.8,23890.45,23899.6,0
2026-05-27 15:10:00,23900.45,23901.6,23897.45,23898.95,0
2026-05-27 15:11:00,23899.35,23900.8,23892.15,23892.75,0
2026-05-27 15:12:00,23892.1,23903.5,23892.1,23902.15,0
2026-05-27 15:13:00,23903.8,23906.45,23899.25,23899.35,0
2026-05-27 15:14:00,23899.65,23902.8,23897.45,23902.8,0
2026-05-27 15:15:00,23903.8,23914.3,23902.5,23911.7,0
2026-05-27 15:16:00,23911.5,23919.75,23905.65,23918.45,0
2026-05-27 15:17:00,23918.45,23920.15,23913.2,23914.45,0
2026-05-27 15:18:00,23914.35,23919.2,23911.4,23917.35,0
2026-05-27 15:19:00,23918.1,23926.85,23917.3,23920.3,0
2026-05-27 15:20:00,23919.85,23923.0,23918.9,23921.75,0
2026-05-27 15:21:00,23921.65,23925.55,23920.35,23924.65,0
2026-05-27 15:22:00,23925.25,23925.55,23921.45,23924.3,0
2026-05-27 15:23:00,23923.8,23926.6,23921.9,23922.1,0
2026-05-27 15:24:00,23922.65,23923.15,23914.3,23916.9,0
2026-05-27 15:25:00,23916.4,23924.25,23914.55,23922.9,0
2026-05-27 15:26:00,23922.4,23926.35,23918.8,23919.45,0
2026-05-27 15:27:00,23921.0,23923.85,23917.95,23921.15,0
2026-05-27 15:28:00,23921.05,23926.7,23918.1,23920.4,0
2026-05-27 15:29:00,23919.9,23924.6,23915.05,23921.6,0
2026-05-29 09:15:00,23903.4,23998.7,23903.4,23971.85,0
2026-05-29 09:16:00,23972.75,23972.75,23932.1,23934.8,0
2026-05-29 09:17:00,23934.8,23959.25,23932.85,23948.0,0
2026-05-29 09:18:00,23949.55,23958.45,23944.35,23950.1,0
2026-05-29 09:19:00,23950.3,23964.9,23950.0,23963.3,0
2026-05-29 09:20:00,23962.05,23976.15,23958.25,23960.45,0
2026-05-29 09:21:00,23960.35,23965.15,23944.7,23947.8,0
2026-05-29 09:22:00,23947.3,23952.95,23943.25,23945.75,0
2026-05-29 09:23:00,23946.45,23948.75,23937.95,23942.65,0
2026-05-29 09:24:00,23942.85,23952.1,23932.4,23933.1,0
2026-05-29 09:25:00,23932.3,23938.35,23924.75,23925.15,0
2026-05-29 09:26:00,23923.6,23928.25,23914.35,23924.15,0
2026-05-29 09:27:00,23923.35,23925.75,23914.85,23917.8,0
2026-05-29 09:28:00,23918.05,23919.8,23892.9,23894.25,0
2026-05-29 09:29:00,23893.7,23906.35,23889.45,23893.4,0
2026-05-29 09:30:00,23892.2,23905.4,23885.6,23898.1,0
2026-05-29 09:31:00,23898.6,23915.55,23897.6,23903.05,0
2026-05-29 09:32:00,23903.2,23912.75,23899.55,23900.25,0
2026-05-29 09:33:00,23900.45,23905.1,23895.75,23904.2,0
2026-05-29 09:34:00,23903.95,23907.35,23892.9,23898.1,0
2026-05-29 09:35:00,23898.65,23918.25,23898.3,23916.05,0
2026-05-29 09:36:00,23916.9,23928.4,23916.2,23922.55,0
2026-05-29 09:37:00,23922.45,23933.6,23922.45,23933.35,0
2026-05-29 09:38:00,23933.45,23933.85,23912.25,23913.4,0
2026-05-29 09:39:00,23913.25,23926.95,23912.1,23922.65,0
2026-05-29 09:40:00,23923.4,23933.0,23917.45,23917.45,0
2026-05-29 09:41:00,23915.75,23918.85,23901.15,23901.9,0
2026-05-29 09:42:00,23902.05,23903.05,23894.35,23900.9,0
2026-05-29 09:43:00,23900.75,23902.75,23880.8,23880.8,0
2026-05-29 09:44:00,23880.95,23880.95,23872.9,23875.75,0
2026-05-29 09:45:00,23875.8,23899.65,23871.2,23898.0,0
2026-05-29 09:46:00,23897.7,23902.95,23896.8,23898.4,0
2026-05-29 09:47:00,23897.85,23909.2,23893.85,23894.3,0
2026-05-29 09:48:00,23894.4,23913.6,23891.95,23911.5,0
2026-05-29 09:49:00,23911.55,23913.1,23905.45,23912.0,0
2026-05-29 09:50:00,23911.2,23912.75,23906.3,23911.65,0
2026-05-29 09:51:00,23911.0,23913.95,23910.05,23913.3,0
2026-05-29 09:52:00,23913.3,23913.9,23904.35,23912.05,0
2026-05-29 09:53:00,23911.8,23921.7,23911.05,23920.5,0
2026-05-29 09:54:00,23920.55,23922.8,23903.05,23904.05,0
2026-05-29 09:55:00,23903.85,23905.1,23890.0,23890.05,0
2026-05-29 09:56:00,23889.75,23894.45,23887.4,23888.95,0
2026-05-29 09:57:00,23888.6,23901.55,23888.45,23897.15,0
2026-05-29 09:58:00,23897.15,23902.05,23892.65,23900.95,0
2026-05-29 09:59:00,23901.85,23907.7,23900.35,23907.45,0
2026-05-29 10:00:00,23907.45,23917.25,23906.7,23907.5,0
2026-05-29 10:01:00,23907.6,23911.3,23901.0,23901.0,0
2026-05-29 10:02:00,23900.4,23913.25,23894.75,23912.8,0
2026-05-29 10:03:00,23912.85,23931.35,23912.45,23925.9,0
2026-05-29 10:04:00,23924.8,23930.1,23922.45,23928.45,0
2026-05-29 10:05:00,23928.2,23943.65,23928.1,23942.3,0
2026-05-29 10:06:00,23941.7,23947.15,23941.7,23942.9,0
2026-05-29 10:07:00,23942.8,23954.5,23941.45,23950.9,0
2026-05-29 10:08:00,23950.3,23953.2,23944.45,23947.5,0
2026-05-29 10:09:00,23947.2,23950.8,23940.55,23943.2,0
2026-05-29 10:10:00,23942.5,23947.4,23941.55,23943.4,0
2026-05-29 10:11:00,23943.35,23948.0,23941.8,23942.1,0
2026-05-29 10:12:00,23941.85,23950.15,23939.95,23949.0,0
2026-05-29 10:13:00,23948.75,23949.85,23933.4,23935.25,0
2026-05-29 10:14:00,23935.5,23947.1,23935.4,23945.7,0
2026-05-29 10:15:00,23946.1,23951.9,23942.05,23942.85,0
2026-05-29 10:16:00,23942.8,23943.85,23934.8,23941.05,0
2026-05-29 10:17:00,23941.0,23941.9,23936.75,23938.55,0
2026-05-29 10:18:00,23937.75,23938.65,23931.45,23935.35,0
2026-05-29 10:19:00,23935.25,23937.85,23932.4,23933.95,0
2026-05-29 10:20:00,23934.4,23939.8,23932.6,23932.6,0
2026-05-29 10:21:00,23933.2,23938.5,23931.1,23931.95,0
2026-05-29 10:22:00,23931.55,23935.15,23929.6,23932.75,0
2026-05-29 10:23:00,23933.65,23944.05,23930.2,23942.95,0
2026-05-29 10:24:00,23943.4,23947.35,23933.8,23936.9,0
2026-05-29 10:25:00,23936.95,23941.55,23928.6,23928.6,0
2026-05-29 10:26:00,23929.2,23929.8,23920.25,23921.4,0
2026-05-29 10:27:00,23921.75,23928.45,23920.0,23920.5,0
2026-05-29 10:28:00,23920.9,23921.25,23914.15,23915.55,0
2026-05-29 10:29:00,23915.4,23916.9,23908.95,23911.65,0
2026-05-29 10:30:00,23911.2,23912.6,23902.4,23903.45,0
2026-05-29 10:31:00,23904.15,23910.65,23903.1,23907.75,0
2026-05-29 10:32:00,23906.85,23916.0,23906.5,23914.35,0
2026-05-29 10:33:00,23914.55,23915.6,23912.2,23912.85,0
2026-05-29 10:34:00,23913.05,23920.65,23911.8,23918.95,0
2026-05-29 10:35:00,23918.65,23921.25,23917.1,23918.9,0
2026-05-29 10:36:00,23918.85,23925.75,23918.8,23921.05,0
2026-05-29 10:37:00,23922.1,23929.65,23921.85,23926.4,0
2026-05-29 10:38:00,23926.8,23927.25,23917.25,23917.95,0
2026-05-29 10:39:00,23919.4,23922.55,23916.4,23916.55,0
2026-05-29 10:40:00,23915.2,23919.45,23907.25,23907.55,0
2026-05-29 10:41:00,23907.85,23917.2,23906.7,23916.65,0
2026-05-29 10:42:00,23916.65,23921.0,23911.1,23913.25,0
2026-05-29 10:43:00,23913.45,23915.0,23908.95,23908.95,0
2026-05-29 10:44:00,23908.6,23909.9,23900.45,23900.65,0
2026-05-29 10:45:00,23900.9,23901.05,23893.0,23900.15,0
2026-05-29 10:46:00,23899.95,23901.25,23893.25,23895.15,0
2026-05-29 10:47:00,23894.95,23895.55,23890.35,23891.85,0
2026-05-29 10:48:00,23891.9,23895.2,23889.35,23891.85,0
2026-05-29 10:49:00,23891.8,23896.4,23889.7,23896.2,0
2026-05-29 10:50:00,23896.0,23896.35,23888.65,23890.7,0
2026-05-29 10:51:00,23890.55,23894.1,23886.7,23886.7,0
2026-05-29 10:52:00,23887.05,23890.55,23885.9,23890.2,0
2026-05-29 10:53:00,23889.6,23891.3,23879.05,23879.75,0
2026-05-29 10:54:00,23879.65,23887.15,23877.65,23883.4,0
2026-05-29 10:55:00,23884.45,23889.35,23879.65,23888.75,0
2026-05-29 10:56:00,23888.7,23903.05,23885.65,23902.9,0
2026-05-29 10:57:00,23902.7,23907.8,23902.05,23903.85,0
2026-05-29 10:58:00,23903.35,23905.2,23902.25,23904.2,0
2026-05-29 10:59:00,23904.85,23905.3,23902.15,23903.1,0
2026-05-29 11:00:00,23902.65,23909.7,23902.65,23907.7,0
2026-05-29 11:01:00,23906.95,23908.4,23903.35,23906.2,0
2026-05-29 11:02:00,23905.85,23905.85,23898.7,23902.5,0
2026-05-29 11:03:00,23902.15,23905.85,23900.65,23903.45,0
2026-05-29 11:04:00,23903.55,23911.1,23902.7,23908.85,0
2026-05-29 11:05:00,23908.85,23911.55,23905.0,23909.55,0
2026-05-29 11:06:00,23910.2,23910.3,23904.75,23906.05,0
2026-05-29 11:07:00,23906.1,23909.2,23904.95,23908.5,0
2026-05-29 11:08:00,23908.65,23911.45,23907.15,23907.15,0
2026-05-29 11:09:00,23907.2,23908.9,23904.85,23908.3,0
2026-05-29 11:10:00,23907.9,23912.7,23906.65,23910.55,0
2026-05-29 11:11:00,23910.65,23911.4,23894.9,23899.55,0
2026-05-29 11:12:00,23899.2,23902.7,23896.35,23897.85,0
2026-05-29 11:13:00,23897.8,23897.8,23892.75,23894.85,0
2026-05-29 11:14:00,23894.4,23899.4,23894.3,23896.85,0
2026-05-29 11:15:00,23895.8,23902.65,23895.35,23896.75,0
2026-05-29 11:16:00,23896.6,23902.1,23896.6,23898.75,0
2026-05-29 11:17:00,23899.0,23910.15,23897.85,23907.15,0
2026-05-29 11:18:00,23907.75,23909.1,23905.6,23906.55,0
2026-05-29 11:19:00,23906.9,23909.2,23903.8,23903.9,0
2026-05-29 11:20:00,23903.55,23905.0,23898.35,23899.3,0
2026-05-29 11:21:00,23898.65,23902.9,23898.65,23901.65,0
2026-05-29 11:22:00,23901.8,23902.45,23896.0,23896.95,0
2026-05-29 11:23:00,23897.05,23905.2,23895.25,23902.1,0
2026-05-29 11:24:00,23902.6,23903.2,23899.05,23902.95,0
2026-05-29 11:25:00,23902.95,23903.55,23899.75,23901.4,0
2026-05-29 11:26:00,23901.3,23902.25,23897.8,23898.6,0
2026-05-29 11:27:00,23898.25,23899.3,23894.4,23895.2,0
2026-05-29 11:28:00,23895.3,23897.4,23894.55,23895.6,0
2026-05-29 11:29:00,23895.1,23896.25,23888.95,23889.55,0
2026-05-29 11:30:00,23889.2,23893.55,23888.7,23889.5,0
2026-05-29 11:31:00,23889.6,23892.55,23887.7,23888.85,0
2026-05-29 11:32:00,23887.9,23892.25,23886.45,23888.6,0
2026-05-29 11:33:00,23888.8,23889.95,23880.65,23881.5,0
2026-05-29 11:34:00,23881.6,23882.45,23875.45,23876.8,0
2026-05-29 11:35:00,23877.3,23882.5,23875.35,23882.15,0
2026-05-29 11:36:00,23882.3,23888.1,23882.3,23887.4,0
2026-05-29 11:37:00,23887.95,23888.85,23883.0,23886.55,0
2026-05-29 11:38:00,23886.35,23888.35,23882.75,23885.75,0
2026-05-29 11:39:00,23885.85,23894.5,23884.9,23886.75,0
2026-05-29 11:40:00,23886.05,23888.9,23884.15,23885.5,0
2026-05-29 11:41:00,23884.5,23886.9,23880.45,23881.6,0
2026-05-29 11:42:00,23882.05,23884.9,23880.0,23880.95,0
2026-05-29 11:43:00,23881.0,23881.0,23876.2,23876.3,0
2026-05-29 11:44:00,23876.35,23888.55,23876.25,23885.9,0
2026-05-29 11:45:00,23885.55,23892.05,23883.35,23890.85,0
2026-05-29 11:46:00,23891.0,23892.35,23886.3,23890.25,0
2026-05-29 11:47:00,23890.6,23893.45,23886.95,23887.45,0
2026-05-29 11:48:00,23887.8,23890.45,23883.75,23885.25,0
2026-05-29 11:49:00,23886.15,23897.0,23884.85,23892.95,0
2026-05-29 11:50:00,23892.55,23898.4,23891.85,23896.3,0
2026-05-29 11:51:00,23896.4,23896.45,23892.25,23893.5,0
2026-05-29 11:52:00,23893.7,23900.4,23893.05,23898.4,0
2026-05-29 11:53:00,23899.25,23907.8,23898.65,23907.6,0
2026-05-29 11:54:00,23908.0,23914.0,23907.05,23907.8,0
2026-05-29 11:55:00,23908.0,23908.15,23896.85,23899.1,0
2026-05-29 11:56:00,23898.4,23899.4,23888.7,23889.2,0
2026-05-29 11:57:00,23888.7,23894.9,23888.1,23890.95,0
2026-05-29 11:58:00,23890.6,23891.35,23888.05,23889.0,0
2026-05-29 11:59:00,23889.4,23892.85,23888.1,23890.8,0
2026-05-29 12:00:00,23890.3,23891.65,23884.5,23885.75,0
2026-05-29 12:01:00,23885.9,23887.5,23882.9,23885.5,0
2026-05-29 12:02:00,23885.45,23886.25,23875.5,23877.55,0
2026-05-29 12:03:00,23877.5,23877.5,23869.45,23870.5,0
2026-05-29 12:04:00,23870.25,23872.95,23865.45,23870.5,0
2026-05-29 12:05:00,23870.3,23871.35,23868.4,23869.1,0
2026-05-29 12:06:00,23868.85,23871.8,23868.25,23869.45,0
2026-05-29 12:07:00,23869.7,23870.75,23865.85,23867.85,0
2026-05-29 12:08:00,23867.55,23873.65,23867.15,23871.85,0
2026-05-29 12:09:00,23872.05,23874.55,23866.6,23867.4,0
2026-05-29 12:10:00,23866.85,23867.1,23861.25,23862.65,0
2026-05-29 12:11:00,23862.45,23863.65,23860.55,23861.3,0
2026-05-29 12:12:00,23861.05,23862.9,23851.4,23851.5,0
2026-05-29 12:13:00,23851.65,23852.55,23831.0,23831.05,0
2026-05-29 12:14:00,23830.65,23841.5,23825.95,23835.7,0
2026-05-29 12:15:00,23835.95,23836.0,23822.55,23822.6,0
2026-05-29 12:16:00,23822.45,23822.75,23815.1,23819.7,0
2026-05-29 12:17:00,23819.85,23834.55,23819.85,23824.35,0
2026-05-29 12:18:00,23824.45,23830.4,23824.1,23828.05,0
2026-05-29 12:19:00,23827.55,23841.15,23826.55,23839.0,0
2026-05-29 12:20:00,23838.55,23839.35,23833.15,23835.75,0
2026-05-29 12:21:00,23835.55,23839.7,23835.0,23838.85,0
2026-05-29 12:22:00,23838.85,23847.05,23838.35,23842.65,0
2026-05-29 12:23:00,23842.0,23845.0,23840.85,23844.2,0
2026-05-29 12:24:00,23844.15,23850.5,23843.55,23849.1,0
2026-05-29 12:25:00,23849.1,23851.9,23848.1,23851.25,0
2026-05-29 12:26:00,23851.05,23853.15,23849.3,23852.8,0
2026-05-29 12:27:00,23853.2,23854.55,23850.8,23853.9,0
2026-05-29 12:28:00,23853.8,23857.75,23853.8,23856.8,0
2026-05-29 12:29:00,23856.6,23857.1,23853.5,23855.8,0
2026-05-29 12:30:00,23856.2,23856.6,23851.95,23852.7,0
2026-05-29 12:31:00,23852.5,23856.4,23851.95,23856.1,0
2026-05-29 12:32:00,23856.05,23858.2,23855.2,23856.45,0
2026-05-29 12:33:00,23856.2,23858.0,23850.7,23850.9,0
2026-05-29 12:34:00,23850.3,23850.7,23844.9,23845.6,0
2026-05-29 12:35:00,23846.15,23846.4,23841.0,23842.5,0
2026-05-29 12:36:00,23842.45,23850.3,23840.95,23848.15,0
2026-05-29 12:37:00,23848.2,23850.0,23846.75,23847.25,0
2026-05-29 12:38:00,23847.2,23847.9,23842.5,23846.7,0
2026-05-29 12:39:00,23846.7,23859.05,23846.65,23856.85,0
2026-05-29 12:40:00,23856.25,23857.5,23851.4,23856.95,0
2026-05-29 12:41:00,23856.4,23857.45,23852.7,23852.8,0
2026-05-29 12:42:00,23852.7,23856.4,23850.55,23851.05,0
2026-05-29 12:43:00,23850.5,23852.1,23846.35,23846.55,0
2026-05-29 12:44:00,23846.3,23853.7,23846.3,23849.9,0
2026-05-29 12:45:00,23849.85,23850.75,23845.6,23846.75,0
2026-05-29 12:46:00,23846.9,23849.2,23844.5,23849.2,0
2026-05-29 12:47:00,23849.55,23852.05,23848.05,23849.25,0
2026-05-29 12:48:00,23850.05,23855.25,23848.7,23850.55,0
2026-05-29 12:49:00,23850.75,23853.4,23849.05,23851.2,0
2026-05-29 12:50:00,23850.7,23851.85,23844.85,23845.45,0
2026-05-29 12:51:00,23845.45,23848.6,23843.2,23847.3,0
2026-05-29 12:52:00,23847.8,23850.4,23846.6,23849.25,0
2026-05-29 12:53:00,23848.55,23851.9,23848.55,23850.8,0
2026-05-29 12:54:00,23850.65,23851.45,23837.5,23838.55,0
2026-05-29 12:55:00,23837.35,23839.45,23833.9,23835.4,0
2026-05-29 12:56:00,23835.45,23836.0,23830.45,23834.15,0
2026-05-29 12:57:00,23834.6,23836.1,23825.6,23825.85,0
2026-05-29 12:58:00,23825.85,23832.25,23821.95,23830.6,0
2026-05-29 12:59:00,23830.3,23838.2,23829.75,23837.55,0
2026-05-29 13:00:00,23837.05,23838.3,23823.95,23826.2,0
2026-05-29 13:01:00,23825.7,23826.1,23821.85,23824.0,0
2026-05-29 13:02:00,23823.7,23824.7,23819.25,23821.3,0
2026-05-29 13:03:00,23821.2,23824.3,23820.05,23821.5,0
2026-05-29 13:04:00,23821.4,23822.15,23817.45,23818.25,0
2026-05-29 13:05:00,23818.35,23818.4,23811.4,23811.75,0
2026-05-29 13:06:00,23811.45,23817.2,23810.3,23811.5,0
2026-05-29 13:07:00,23811.4,23811.55,23805.55,23806.6,0
2026-05-29 13:08:00,23806.55,23808.7,23804.25,23804.75,0
2026-05-29 13:09:00,23804.7,23806.65,23798.4,23798.4,0
2026-05-29 13:10:00,23798.45,23802.8,23796.85,23796.85,0
2026-05-29 13:11:00,23797.35,23798.2,23786.0,23786.1,0
2026-05-29 13:12:00,23786.6,23790.0,23783.9,23784.35,0
2026-05-29 13:13:00,23784.1,23785.4,23775.05,23775.55,0
2026-05-29 13:14:00,23775.2,23776.4,23769.25,23769.25,0
2026-05-29 13:15:00,23769.65,23769.65,23760.4,23761.2,0
2026-05-29 13:16:00,23761.95,23774.45,23759.95,23773.4,0
2026-05-29 13:17:00,23773.65,23781.7,23770.45,23781.4,0
2026-05-29 13:18:00,23780.85,23789.5,23780.85,23788.7,0
2026-05-29 13:19:00,23787.9,23789.4,23779.35,23780.7,0
2026-05-29 13:20:00,23780.45,23782.6,23775.2,23782.35,0
2026-05-29 13:21:00,23781.15,23782.65,23775.95,23780.45,0
2026-05-29 13:22:00,23780.35,23782.0,23769.65,23772.1,0
2026-05-29 13:23:00,23771.25,23773.2,23760.8,23762.6,0
2026-05-29 13:24:00,23762.75,23776.6,23761.6,23772.5,0
2026-05-29 13:25:00,23772.6,23779.45,23771.65,23776.0,0
2026-05-29 13:26:00,23776.8,23778.95,23772.35,23777.95,0
2026-05-29 13:27:00,23777.95,23781.05,23775.7,23776.65,0
2026-05-29 13:28:00,23776.65,23776.85,23765.5,23769.0,0
2026-05-29 13:29:00,23768.4,23776.95,23768.25,23775.6,0
2026-05-29 13:30:00,23775.35,23785.55,23774.85,23785.55,0
2026-05-29 13:31:00,23784.8,23786.05,23778.7,23782.9,0
2026-05-29 13:32:00,23782.85,23783.75,23777.7,23778.3,0
2026-05-29 13:33:00,23778.4,23779.8,23775.05,23776.3,0
2026-05-29 13:34:00,23776.3,23779.05,23771.9,23772.75,0
2026-05-29 13:35:00,23773.05,23777.7,23771.5,23776.55,0
2026-05-29 13:36:00,23776.9,23777.3,23765.95,23767.9,0
2026-05-29 13:37:00,23767.75,23776.65,23767.25,23775.75,0
2026-05-29 13:38:00,23776.0,23779.4,23775.0,23776.25,0
2026-05-29 13:39:00,23776.15,23776.95,23768.9,23769.4,0
2026-05-29 13:40:00,23769.35,23777.8,23767.2,23777.05,0
2026-05-29 13:41:00,23776.1,23778.75,23771.25,23777.3,0
2026-05-29 13:42:00,23776.65,23780.3,23775.0,23777.15,0
2026-05-29 13:43:00,23777.4,23778.05,23773.5,23774.35,0
2026-05-29 13:44:00,23774.65,23777.3,23771.0,23773.4,0
2026-05-29 13:45:00,23773.15,23775.1,23769.1,23771.45,0
2026-05-29 13:46:00,23771.3,23773.55,23765.95,23773.15,0
2026-05-29 13:47:00,23772.9,23773.4,23765.4,23765.95,0
2026-05-29 13:48:00,23765.65,23766.7,23758.35,23763.15,0
2026-05-29 13:49:00,23763.1,23764.95,23752.05,23754.1,0
2026-05-29 13:50:00,23753.9,23762.45,23751.7,23762.3,0
2026-05-29 13:51:00,23762.45,23762.95,23749.9,23749.95,0
2026-05-29 13:52:00,23749.9,23750.9,23741.95,23744.95,0
2026-05-29 13:53:00,23745.15,23749.65,23743.1,23745.75,0
2026-05-29 13:54:00,23745.3,23748.75,23740.0,23746.05,0
2026-05-29 13:55:00,23746.35,23749.4,23743.55,23748.55,0
2026-05-29 13:56:00,23748.5,23753.3,23746.3,23752.25,0
2026-05-29 13:57:00,23752.5,23763.4,23752.0,23763.3,0
2026-05-29 13:58:00,23763.45,23765.35,23755.1,23756.1,0
2026-05-29 13:59:00,23756.05,23759.1,23753.7,23757.65,0
2026-05-29 14:00:00,23758.05,23759.5,23750.75,23751.25,0
2026-05-29 14:01:00,23751.45,23751.6,23742.5,23743.15,0
2026-05-29 14:02:00,23743.55,23753.05,23742.8,23749.45,0
2026-05-29 14:03:00,23749.35,23753.6,23743.2,23744.7,0
2026-05-29 14:04:00,23744.5,23749.15,23743.25,23747.15,0
2026-05-29 14:05:00,23747.5,23748.0,23731.7,23733.0,0
2026-05-29 14:06:00,23732.1,23748.2,23731.5,23742.9,0
2026-05-29 14:07:00,23743.95,23746.45,23742.0,23745.3,0
2026-05-29 14:08:00,23744.95,23751.3,23744.45,23750.95,0
2026-05-29 14:09:00,23751.5,23751.9,23743.9,23744.2,0
2026-05-29 14:10:00,23744.6,23747.15,23742.0,23744.1,0
2026-05-29 14:11:00,23744.0,23746.6,23743.6,23745.85,0
2026-05-29 14:12:00,23746.6,23747.65,23743.5,23745.7,0
2026-05-29 14:13:00,23744.9,23746.65,23743.65,23746.6,0
2026-05-29 14:14:00,23746.3,23751.4,23744.3,23744.45,0
2026-05-29 14:15:00,23743.8,23745.05,23739.7,23740.35,0
2026-05-29 14:16:00,23740.05,23740.95,23736.2,23736.8,0
2026-05-29 14:17:00,23736.45,23744.3,23734.55,23742.95,0
2026-05-29 14:18:00,23743.05,23747.85,23741.7,23742.5,0
2026-05-29 14:19:00,23743.15,23744.05,23734.95,23736.8,0
2026-05-29 14:20:00,23736.0,23742.1,23732.65,23733.95,0
2026-05-29 14:21:00,23733.8,23743.75,23731.55,23742.6,0
2026-05-29 14:22:00,23743.65,23747.9,23741.45,23745.15,0
2026-05-29 14:23:00,23744.8,23752.4,23743.85,23752.1,0
2026-05-29 14:24:00,23752.25,23753.2,23746.35,23749.35,0
2026-05-29 14:25:00,23749.15,23751.05,23742.8,23745.55,0
2026-05-29 14:26:00,23745.55,23751.25,23745.3,23747.25,0
2026-05-29 14:27:00,23746.75,23754.95,23746.75,23754.65,0
2026-05-29 14:28:00,23754.35,23759.55,23749.8,23758.1,0
2026-05-29 14:29:00,23758.1,23762.25,23757.35,23760.1,0
2026-05-29 14:30:00,23759.55,23779.1,23759.55,23775.55,0
2026-05-29 14:31:00,23775.75,23777.1,23768.0,23774.85,0
2026-05-29 14:32:00,23774.65,23786.2,23774.1,23786.2,0
2026-05-29 14:33:00,23785.45,23799.25,23785.45,23798.65,0
2026-05-29 14:34:00,23798.05,23802.05,23791.2,23792.55,0
2026-05-29 14:35:00,23792.65,23798.8,23792.4,23793.15,0
2026-05-29 14:36:00,23793.05,23795.55,23791.25,23794.15,0
2026-05-29 14:37:00,23794.0,23800.05,23787.15,23787.95,0
2026-05-29 14:38:00,23787.3,23788.5,23782.3,23786.6,0
2026-05-29 14:39:00,23786.7,23792.65,23784.2,23789.6,0
2026-05-29 14:40:00,23789.25,23790.1,23782.9,23784.35,0
2026-05-29 14:41:00,23783.85,23788.6,23781.2,23785.15,0
2026-05-29 14:42:00,23785.55,23795.05,23782.3,23791.35,0
2026-05-29 14:43:00,23791.3,23794.25,23786.35,23786.35,0
2026-05-29 14:44:00,23786.2,23788.6,23782.6,23786.1,0
2026-05-29 14:45:00,23786.75,23788.85,23780.5,23782.1,0
2026-05-29 14:46:00,23781.6,23795.3,23778.05,23791.75,0
2026-05-29 14:47:00,23792.25,23793.3,23781.5,23783.35,0
2026-05-29 14:48:00,23783.6,23785.05,23779.35,23783.3,0
2026-05-29 14:49:00,23783.15,23789.25,23783.15,23785.45,0
2026-05-29 14:50:00,23785.75,23787.9,23781.1,23782.35,0
2026-05-29 14:51:00,23781.95,23781.95,23768.3,23776.8,0
2026-05-29 14:52:00,23776.9,23778.35,23772.9,23773.8,0
2026-05-29 14:53:00,23773.3,23781.05,23772.35,23776.6,0
2026-05-29 14:54:00,23777.4,23778.9,23771.7,23776.6,0
2026-05-29 14:55:00,23775.65,23779.05,23765.4,23766.35,0
2026-05-29 14:56:00,23766.2,23770.75,23766.15,23768.7,0
2026-05-29 14:57:00,23769.7,23777.95,23766.85,23776.15,0
2026-05-29 14:58:00,23776.7,23787.25,23773.8,23774.45,0
2026-05-29 14:59:00,23775.0,23775.75,23752.25,23773.35,0
2026-05-29 15:00:00,23773.3,23773.3,23683.0,23684.9,0
2026-05-29 15:01:00,23685.4,23685.4,23639.8,23640.55,0
2026-05-29 15:02:00,23640.65,23640.65,23607.35,23610.45,0
2026-05-29 15:03:00,23611.1,23611.1,23585.9,23588.95,0
2026-05-29 15:04:00,23587.75,23589.55,23566.6,23569.4,0
2026-05-29 15:05:00,23570.6,23571.15,23550.25,23556.5,0
2026-05-29 15:06:00,23556.05,23559.95,23545.2,23547.2,0
2026-05-29 15:07:00,23546.55,23550.6,23530.25,23530.25,0
2026-05-29 15:08:00,23532.85,23533.75,23516.7,23521.1,0
2026-05-29 15:09:00,23522.9,23525.35,23511.55,23512.75,0
2026-05-29 15:10:00,23512.85,23521.15,23506.35,23517.6,0
2026-05-29 15:11:00,23518.4,23528.75,23516.4,23523.15,0
2026-05-29 15:12:00,23522.25,23526.85,23515.05,23522.45,0
2026-05-29 15:13:00,23522.95,23525.25,23513.25,23523.9,0
2026-05-29 15:14:00,23523.65,23529.35,23522.05,23528.7,0
2026-05-29 15:15:00,23527.2,23556.7,23525.4,23556.2,0
2026-05-29 15:16:00,23556.15,23560.8,23541.35,23545.1,0
2026-05-29 15:17:00,23542.95,23549.1,23539.6,23547.35,0
2026-05-29 15:18:00,23547.7,23553.3,23545.1,23547.2,0
2026-05-29 15:19:00,23547.5,23554.05,23538.35,23538.35,0
2026-05-29 15:20:00,23539.7,23540.8,23524.4,23528.7,0
2026-05-29 15:21:00,23527.4,23532.05,23516.9,23524.2,0
2026-05-29 15:22:00,23521.95,23523.8,23514.75,23519.25,0
2026-05-29 15:23:00,23518.85,23523.35,23501.5,23503.15,0
2026-05-29 15:24:00,23502.75,23503.6,23487.55,23490.5,0
2026-05-29 15:25:00,23490.8,23506.55,23486.6,23496.65,0
2026-05-29 15:26:00,23496.25,23502.2,23491.1,23499.35,0
2026-05-29 15:27:00,23499.9,23526.1,23496.4,23525.2,0
2026-05-29 15:28:00,23525.95,23576.75,23514.65,23569.2,0
2026-05-29 15:29:00,23572.65,23618.0,23571.2,23609.3,0
