Datetime,Open,High,Low,Close,Volume
2026-05-21 09:15:00,1370.8,1370.8,1365.0,1365.5,0
2026-05-21 09:16:00,1365.2,1365.9,1364.6,1365.1,65068
2026-05-21 09:17:00,1365.2,1365.6,1362.0,1362.0,85824
2026-05-21 09:18:00,1361.5,1362.7,1361.2,1362.7,59522
2026-05-21 09:19:00,1362.4,1362.5,1361.2,1361.4,60987
2026-05-21 09:20:00,1360.4,1360.6,1358.5,1358.9,84193
2026-05-21 09:21:00,1358.6,1360.9,1358.5,1360.8,58138
2026-05-21 09:22:00,1360.8,1361.5,1358.6,1358.6,46120
2026-05-21 09:23:00,1358.9,1360.9,1358.4,1360.9,22318
2026-05-21 09:24:00,1360.7,1360.8,1360.2,1360.5,29690
2026-05-21 09:25:00,1360.6,1361.0,1360.1,1360.5,19564
2026-05-21 09:26:00,1361.0,1361.4,1360.6,1361.1,38144
2026-05-21 09:27:00,1361.1,1361.2,1360.7,1361.0,21100
2026-05-21 09:28:00,1360.7,1360.7,1359.3,1359.3,41493
2026-05-21 09:29:00,1359.4,1360.0,1359.4,1359.7,32058
2026-05-21 09:30:00,1359.7,1360.3,1359.0,1359.7,32258
2026-05-21 09:31:00,1359.6,1359.9,1358.8,1359.7,27531
2026-05-21 09:32:00,1359.6,1359.9,1358.1,1358.4,29607
2026-05-21 09:33:00,1358.3,1358.3,1357.3,1357.7,38094
2026-05-21 09:34:00,1357.6,1358.4,1357.0,1357.3,39767
2026-05-21 09:35:00,1357.4,1357.6,1357.0,1357.0,35641
2026-05-21 09:36:00,1357.1,1357.9,1357.0,1357.7,33462
2026-05-21 09:37:00,1357.7,1359.0,1357.4,1358.8,41726
2026-05-21 09:38:00,1359.2,1359.2,1358.2,1358.9,27508
2026-05-21 09:39:00,1358.9,1359.6,1358.8,1359.1,34350
2026-05-21 09:40:00,1359.2,1359.2,1358.6,1358.7,44963
2026-05-21 09:41:00,1358.8,1358.8,1356.3,1356.3,27564
2026-05-21 09:42:00,1356.6,1358.0,1356.2,1357.0,43607
2026-05-21 09:43:00,1357.4,1357.7,1356.2,1357.7,93292
2026-05-21 09:44:00,1357.6,1359.0,1357.6,1359.0,38788
2026-05-21 09:45:00,1359.0,1359.5,1358.5,1359.1,43802
2026-05-21 09:46:00,1359.3,1359.5,1358.3,1359.3,35048
2026-05-21 09:47:00,1359.5,1359.5,1358.5,1359.3,37855
2026-05-21 09:48:00,1359.3,1359.4,1358.0,1358.4,39939
2026-05-21 09:49:00,1358.3,1358.9,1357.9,1358.6,58052
2026-05-21 09:50:00,1358.6,1359.0,1357.9,1358.8,22810
2026-05-21 09:51:00,1358.8,1359.2,1358.1,1358.4,39463
2026-05-21 09:52:00,1358.4,1358.6,1358.0,1358.1,19886
2026-05-21 09:53:00,1358.1,1359.3,1358.1,1359.2,23019
2026-05-21 09:54:00,1359.0,1360.4,1358.9,1359.3,58226
2026-05-21 09:55:00,1359.1,1360.0,1359.1,1359.8,37592
2026-05-21 09:56:00,1359.9,1359.9,1358.4,1358.4,28419
2026-05-21 09:57:00,1358.4,1359.0,1358.0,1358.0,42793
2026-05-21 09:58:00,1358.2,1358.4,1357.2,1357.3,24774
2026-05-21 09:59:00,1357.1,1357.1,1356.0,1356.1,77954
2026-05-21 10:00:00,1356.2,1356.3,1355.2,1355.9,75469
2026-05-21 10:01:00,1356.0,1357.2,1356.0,1357.0,16943
2026-05-21 10:02:00,1357.2,1357.8,1356.1,1357.8,53533
2026-05-21 10:03:00,1357.8,1357.8,1356.5,1356.9,14400
2026-05-21 10:04:00,1356.7,1356.7,1356.0,1356.3,16705
2026-05-21 10:05:00,1356.4,1356.5,1355.7,1355.7,11815
2026-05-21 10:06:00,1355.7,1356.0,1354.5,1354.8,49336
2026-05-21 10:07:00,1354.8,1355.5,1354.6,1355.2,28851
2026-05-21 10:08:00,1355.2,1355.2,1354.3,1354.4,27658
2026-05-21 10:09:00,1354.7,1355.0,1354.4,1354.7,19958
2026-05-21 10:10:00,1354.7,1355.1,1354.0,1354.4,25924
2026-05-21 10:11:00,1354.6,1354.9,1354.1,1354.3,11360
2026-05-21 10:12:00,1354.3,1356.1,1354.2,1355.8,51665
2026-05-21 10:13:00,1355.8,1356.5,1355.6,1355.9,27915
2026-05-21 10:14:00,1356.1,1356.6,1355.8,1356.4,15653
2026-05-21 10:15:00,1356.5,1357.5,1356.3,1357.1,26795
2026-05-21 10:16:00,1356.9,1357.7,1356.9,1357.4,14094
2026-05-21 10:17:00,1357.4,1357.7,1357.1,1357.7,21156
2026-05-21 10:18:00,1357.9,1359.0,1357.9,1358.6,34207
2026-05-21 10:19:00,1358.5,1358.7,1358.2,1358.7,14389
2026-05-21 10:20:00,1358.6,1358.8,1358.2,1358.5,21918
2026-05-21 10:21:00,1358.3,1359.3,1358.3,1359.0,38260
2026-05-21 10:22:00,1359.0,1359.0,1358.1,1358.9,27742
2026-05-21 10:23:00,1358.8,1358.9,1358.0,1358.1,33223
2026-05-21 10:24:00,1358.2,1358.3,1356.8,1357.1,39971
2026-05-21 10:25:00,1357.1,1357.6,1356.3,1356.6,39356
2026-05-21 10:26:00,1356.6,1357.2,1356.2,1356.5,13914
2026-05-21 10:27:00,1356.5,1356.5,1355.4,1355.8,21834
2026-05-21 10:28:00,1356.2,1357.0,1355.9,1356.9,17359
2026-05-21 10:29:00,1356.4,1356.9,1355.4,1356.0,37030
2026-05-21 10:30:00,1356.1,1356.4,1355.6,1356.2,35172
2026-05-21 10:31:00,1356.2,1356.7,1355.8,1356.0,38274
2026-05-21 10:32:00,1356.2,1356.4,1355.5,1355.6,32311
2026-05-21 10:33:00,1355.8,1355.8,1354.4,1354.5,68138
2026-05-21 10:34:00,1354.5,1354.5,1353.1,1353.2,37298
2026-05-21 10:35:00,1353.2,1353.6,1352.8,1353.2,48157
2026-05-21 10:36:00,1353.4,1354.0,1353.2,1353.3,23501
2026-05-21 10:37:00,1353.2,1353.6,1352.5,1352.5,40031
2026-05-21 10:38:00,1352.5,1352.7,1351.5,1351.8,54503
2026-05-21 10:39:00,1351.7,1353.5,1351.6,1353.5,41785
2026-05-21 10:40:00,1353.5,1354.0,1352.9,1353.0,32343
2026-05-21 10:41:00,1353.0,1354.0,1353.0,1353.6,22872
2026-05-21 10:42:00,1353.8,1354.1,1353.6,1354.1,24245
2026-05-21 10:43:00,1354.7,1354.7,1354.2,1354.6,15183
2026-05-21 10:44:00,1354.7,1355.5,1354.7,1355.3,22592
2026-05-21 10:45:00,1355.8,1356.2,1355.1,1356.1,42643
2026-05-21 10:46:00,1356.1,1356.3,1355.6,1355.7,40153
2026-05-21 10:47:00,1355.7,1355.7,1353.7,1353.7,50565
2026-05-21 10:48:00,1353.4,1353.9,1353.2,1353.2,35830
2026-05-21 10:49:00,1353.4,1353.4,1352.0,1352.5,51800
2026-05-21 10:50:00,1352.5,1353.3,1352.5,1353.0,12562
2026-05-21 10:51:00,1353.2,1353.4,1352.5,1352.6,16834
2026-05-21 10:52:00,1352.7,1352.7,1352.0,1352.4,32035
2026-05-21 10:53:00,1352.4,1352.7,1352.1,1352.3,14307
2026-05-21 10:54:00,1352.1,1353.0,1352.0,1352.6,23011
2026-05-21 10:55:00,1352.8,1353.4,1351.7,1351.7,44862
2026-05-21 10:56:00,1352.0,1352.0,1351.1,1351.7,15157
2026-05-21 10:57:00,1352.0,1352.5,1351.7,1351.7,20999
2026-05-21 10:58:00,1351.8,1352.5,1351.5,1351.7,29522
2026-05-21 10:59:00,1351.7,1351.7,1351.0,1351.1,35019
2026-05-21 11:00:00,1351.0,1351.2,1350.0,1351.2,80542
2026-05-21 11:01:00,1350.9,1350.9,1350.1,1350.6,27272
2026-05-21 11:02:00,1350.8,1351.0,1350.0,1351.0,36047
2026-05-21 11:03:00,1350.7,1351.0,1350.3,1350.4,27343
2026-05-21 11:04:00,1350.4,1351.0,1350.3,1350.4,26550
2026-05-21 11:05:00,1350.6,1350.9,1349.8,1349.9,34417
2026-05-21 11:06:00,1350.1,1350.3,1349.5,1350.0,25556
2026-05-21 11:07:00,1349.6,1350.6,1349.3,1350.2,35170
2026-05-21 11:08:00,1350.2,1351.0,1349.9,1350.6,16184
2026-05-21 11:09:00,1351.0,1351.3,1350.7,1351.3,33596
2026-05-21 11:10:00,1351.3,1351.3,1350.3,1350.3,28476
2026-05-21 11:11:00,1350.3,1351.6,1350.3,1350.5,41990
2026-05-21 11:12:00,1350.6,1351.4,1350.4,1350.9,29313
2026-05-21 11:13:00,1351.0,1351.0,1350.1,1350.2,18641
2026-05-21 11:14:00,1350.4,1350.5,1350.0,1350.0,10834
2026-05-21 11:15:00,1350.0,1350.3,1349.4,1349.5,22611
2026-05-21 11:16:00,1349.5,1350.0,1349.0,1349.4,15770
2026-05-21 11:17:00,1349.4,1349.6,1348.7,1348.7,33435
2026-05-21 11:18:00,1348.8,1349.9,1348.6,1349.7,24153
2026-05-21 11:19:00,1349.9,1350.9,1349.6,1350.9,40896
2026-05-21 11:20:00,1350.7,1350.9,1350.4,1350.7,15544
2026-05-21 11:21:00,1350.5,1350.7,1350.1,1350.6,21756
2026-05-21 11:22:00,1350.6,1351.1,1350.3,1351.0,43643
2026-05-21 11:23:00,1351.1,1352.4,1351.0,1351.6,89099
2026-05-21 11:24:00,1351.7,1352.2,1351.3,1352.2,23139
2026-05-21 11:25:00,1352.2,1352.2,1351.6,1351.8,21157
2026-05-21 11:26:00,1351.9,1352.5,1351.8,1352.1,21152
2026-05-21 11:27:00,1352.1,1352.6,1352.0,1352.6,15912
2026-05-21 11:28:00,1352.6,1353.5,1352.5,1353.5,41666
2026-05-21 11:29:00,1353.5,1353.9,1353.1,1353.5,33402
2026-05-21 11:30:00,1353.2,1353.6,1351.8,1352.1,74614
2026-05-21 11:31:00,1352.7,1353.2,1352.4,1352.9,53894
2026-05-21 11:32:00,1352.9,1353.2,1352.4,1352.8,10093
2026-05-21 11:33:00,1353.0,1353.3,1352.5,1352.7,24306
2026-05-21 11:34:00,1352.9,1353.1,1352.5,1353.1,69602
2026-05-21 11:35:00,1353.1,1353.1,1352.1,1352.2,25896
2026-05-21 11:36:00,1352.4,1353.6,1352.3,1353.6,27290
2026-05-21 11:37:00,1353.6,1353.8,1352.8,1353.6,26126
2026-05-21 11:38:00,1353.5,1353.9,1353.1,1353.5,11692
2026-05-21 11:39:00,1353.5,1353.9,1353.5,1353.8,12433
2026-05-21 11:40:00,1353.7,1354.0,1353.1,1353.1,29970
2026-05-21 11:41:00,1353.1,1353.6,1352.2,1352.2,30825
2026-05-21 11:42:00,1352.4,1353.1,1352.0,1353.0,25899
2026-05-21 11:43:00,1353.1,1353.5,1353.0,1353.3,23411
2026-05-21 11:44:00,1353.3,1353.6,1352.7,1353.5,29487
2026-05-21 11:45:00,1353.6,1353.9,1353.6,1353.8,17911
2026-05-21 11:46:00,1353.8,1353.9,1353.6,1353.6,13193
2026-05-21 11:47:00,1353.5,1353.9,1353.3,1353.8,34788
2026-05-21 11:48:00,1353.9,1354.2,1353.4,1353.4,55643
2026-05-21 11:49:00,1353.6,1353.9,1353.1,1353.9,27448
2026-05-21 11:50:00,1354.0,1354.8,1353.9,1354.6,27767
2026-05-21 11:51:00,1354.8,1356.0,1354.7,1356.0,60756
2026-05-21 11:52:00,1356.0,1356.9,1356.0,1356.2,36543
2026-05-21 11:53:00,1356.4,1356.8,1356.3,1356.5,25438
2026-05-21 11:54:00,1357.0,1357.0,1355.8,1356.1,34345
2026-05-21 11:55:00,1356.2,1356.5,1355.1,1355.1,37151
2026-05-21 11:56:00,1355.5,1355.5,1355.2,1355.2,10597
2026-05-21 11:57:00,1355.4,1355.7,1354.0,1355.1,35344
2026-05-21 11:58:00,1355.2,1356.1,1355.1,1356.1,35734
2026-05-21 11:59:00,1356.0,1356.1,1355.2,1355.6,15436
2026-05-21 12:00:00,1355.7,1356.4,1355.7,1356.2,40316
2026-05-21 12:01:00,1356.2,1357.7,1356.1,1357.6,53354
2026-05-21 12:02:00,1357.5,1358.7,1357.3,1358.2,61488
2026-05-21 12:03:00,1358.4,1358.7,1358.0,1358.5,13138
2026-05-21 12:04:00,1358.2,1358.6,1357.4,1357.6,35848
2026-05-21 12:05:00,1357.6,1358.3,1357.6,1358.0,14391
2026-05-21 12:06:00,1358.1,1358.6,1357.7,1357.7,44708
2026-05-21 12:07:00,1357.7,1358.0,1357.2,1357.4,11835
2026-05-21 12:08:00,1357.4,1358.5,1357.3,1358.5,37771
2026-05-21 12:09:00,1358.5,1358.9,1357.5,1357.5,61275
2026-05-21 12:10:00,1357.4,1358.0,1356.5,1356.5,31050
2026-05-21 12:11:00,1356.5,1356.7,1356.2,1356.5,9859
2026-05-21 12:12:00,1356.5,1356.8,1356.4,1356.8,14234
2026-05-21 12:13:00,1356.6,1356.8,1354.5,1354.9,30092
2026-05-21 12:14:00,1354.5,1355.0,1354.2,1354.3,13970
2026-05-21 12:15:00,1354.2,1354.5,1354.2,1354.2,13714
2026-05-21 12:16:00,1354.2,1354.4,1353.6,1354.0,38102
2026-05-21 12:17:00,1354.0,1354.5,1353.1,1353.1,34868
2026-05-21 12:18:00,1353.1,1353.2,1352.1,1352.3,56828
2026-05-21 12:19:00,1352.2,1353.6,1351.8,1353.2,56007
2026-05-21 12:20:00,1353.4,1354.1,1353.2,1353.3,134392
2026-05-21 12:21:00,1353.4,1354.2,1353.3,1353.3,121386
2026-05-21 12:22:00,1353.4,1354.8,1353.4,1354.8,40152
2026-05-21 12:23:00,1354.8,1354.8,1353.0,1353.0,54787
2026-05-21 12:24:00,1352.9,1353.1,1352.0,1352.0,193606
2026-05-21 12:25:00,1352.0,1352.4,1351.6,1351.9,29341
2026-05-21 12:26:00,1352.3,1352.3,1349.8,1349.8,62030
2026-05-21 12:27:00,1349.5,1349.6,1348.6,1349.1,106445
2026-05-21 12:28:00,1349.1,1350.0,1348.6,1349.9,43439
2026-05-21 12:29:00,1350.0,1350.9,1349.7,1349.9,20261
2026-05-21 12:30:00,1350.1,1350.1,1349.1,1349.6,29201
2026-05-21 12:31:00,1349.4,1349.8,1349.0,1349.2,17521
2026-05-21 12:32:00,1349.3,1349.6,1349.0,1349.4,23995
2026-05-21 12:33:00,1349.3,1350.2,1349.0,1349.7,19241
2026-05-21 12:34:00,1349.5,1350.9,1348.7,1350.1,29114
2026-05-21 12:35:00,1349.5,1349.9,1349.0,1349.7,28487
2026-05-21 12:36:00,1349.8,1350.1,1349.3,1350.0,24158
2026-05-21 12:37:00,1349.4,1350.2,1348.0,1348.3,56994
2026-05-21 12:38:00,1348.1,1348.5,1347.1,1347.4,40084
2026-05-21 12:39:00,1347.4,1347.5,1346.5,1346.5,39166
2026-05-21 12:40:00,1346.7,1347.0,1346.0,1346.4,23074
2026-05-21 12:41:00,1346.1,1346.4,1345.4,1345.6,34090
2026-05-21 12:42:00,1345.9,1347.4,1345.4,1347.0,30846
2026-05-21 12:43:00,1346.8,1348.9,1346.8,1348.6,179574
2026-05-21 12:44:00,1348.2,1349.0,1347.7,1348.8,94743
2026-05-21 12:45:00,1348.2,1348.2,1346.1,1346.6,72827
2026-05-21 12:46:00,1346.6,1347.5,1345.6,1347.1,27128
2026-05-21 12:47:00,1347.4,1347.5,1345.3,1346.4,43345
2026-05-21 12:48:00,1346.3,1347.3,1346.1,1347.1,28101
2026-05-21 12:49:00,1347.1,1347.2,1346.5,1346.7,49508
2026-05-21 12:50:00,1346.8,1348.2,1346.6,1347.8,11869
2026-05-21 12:51:00,1348.1,1348.6,1347.4,1347.7,13299
2026-05-21 12:52:00,1348.0,1348.0,1347.3,1347.6,14147
2026-05-21 12:53:00,1347.6,1348.3,1347.4,1347.9,10205
2026-05-21 12:54:00,1347.9,1348.2,1347.4,1347.9,20998
2026-05-21 12:55:00,1348.5,1348.5,1347.5,1348.0,36388
2026-05-21 12:56:00,1348.0,1348.6,1347.6,1348.3,24548
2026-05-21 12:57:00,1348.3,1348.9,1347.6,1347.7,12043
2026-05-21 12:58:00,1347.7,1348.3,1347.7,1348.2,8619
2026-05-21 12:59:00,1348.1,1348.6,1347.8,1348.0,11105
2026-05-21 13:00:00,1348.1,1348.5,1347.8,1348.0,12214
2026-05-21 13:01:00,1347.8,1348.3,1347.3,1347.5,56536
2026-05-21 13:02:00,1347.4,1348.1,1347.3,1347.7,10583
2026-05-21 13:03:00,1347.5,1347.7,1346.2,1346.9,26110
2026-05-21 13:04:00,1347.2,1348.0,1346.9,1347.4,32669
2026-05-21 13:05:00,1347.6,1347.9,1347.1,1347.2,26859
2026-05-21 13:06:00,1347.7,1348.9,1347.3,1348.0,21090
2026-05-21 13:07:00,1348.0,1348.9,1348.0,1348.5,9400
2026-05-21 13:08:00,1348.7,1350.0,1347.5,1349.8,58067
2026-05-21 13:09:00,1349.8,1350.6,1349.6,1350.2,23674
2026-05-21 13:10:00,1350.2,1352.2,1350.2,1351.8,71389
2026-05-21 13:11:00,1351.8,1352.2,1350.3,1350.5,68931
2026-05-21 13:12:00,1350.5,1350.5,1348.9,1350.5,120975
2026-05-21 13:13:00,1350.3,1351.2,1350.0,1350.8,28248
2026-05-21 13:14:00,1350.9,1351.7,1350.9,1351.0,30300
2026-05-21 13:15:00,1351.1,1351.9,1350.8,1351.3,31085
2026-05-21 13:16:00,1351.2,1352.3,1351.2,1351.8,32152
2026-05-21 13:17:00,1351.8,1352.3,1351.5,1351.9,28988
2026-05-21 13:18:00,1352.1,1352.1,1351.5,1351.5,9924
2026-05-21 13:19:00,1351.6,1352.0,1351.3,1352.0,9292
2026-05-21 13:20:00,1351.9,1352.9,1351.8,1352.2,36656
2026-05-21 13:21:00,1352.3,1352.7,1351.0,1351.0,47703
2026-05-21 13:22:00,1350.9,1351.0,1350.0,1350.8,106045
2026-05-21 13:23:00,1350.8,1352.0,1350.6,1351.5,92750
2026-05-21 13:24:00,1351.5,1351.9,1351.0,1351.9,40074
2026-05-21 13:25:00,1351.6,1351.9,1351.6,1351.6,19520
2026-05-21 13:26:00,1351.8,1351.9,1351.6,1351.6,9997
2026-05-21 13:27:00,1351.6,1352.5,1351.6,1352.1,15435
2026-05-21 13:28:00,1352.4,1352.5,1351.6,1352.3,8518
2026-05-21 13:29:00,1352.3,1352.5,1351.3,1351.4,20213
2026-05-21 13:30:00,1351.9,1352.0,1350.5,1350.6,20573
2026-05-21 13:31:00,1350.6,1351.0,1350.5,1350.6,21258
2026-05-21 13:32:00,1350.8,1351.0,1350.5,1351.0,34647
2026-05-21 13:33:00,1351.0,1352.4,1350.9,1351.5,12205
2026-05-21 13:34:00,1351.5,1352.7,1351.5,1352.5,44558
2026-05-21 13:35:00,1352.5,1352.9,1351.8,1352.8,19774
2026-05-21 13:36:00,1352.3,1353.6,1352.0,1353.5,18250
2026-05-21 13:37:00,1353.5,1354.3,1353.5,1353.9,24701
2026-05-21 13:38:00,1353.9,1354.0,1352.9,1353.2,19401
2026-05-21 13:39:00,1353.2,1354.0,1352.9,1353.0,11963
2026-05-21 13:40:00,1353.1,1354.0,1352.8,1353.7,9285
2026-05-21 13:41:00,1353.9,1355.0,1353.6,1355.0,30419
2026-05-21 13:42:00,1354.9,1355.0,1354.1,1354.3,16979
2026-05-21 13:43:00,1354.4,1354.6,1353.7,1354.0,9108
2026-05-21 13:44:00,1354.0,1355.0,1354.0,1354.7,13041
2026-05-21 13:45:00,1354.8,1355.0,1354.5,1355.0,14566
2026-05-21 13:46:00,1354.9,1354.9,1354.0,1354.0,20760
2026-05-21 13:47:00,1354.0,1354.9,1354.0,1354.8,21070
2026-05-21 13:48:00,1354.9,1355.0,1353.5,1353.7,24129
2026-05-21 13:49:00,1354.0,1354.8,1353.8,1354.3,16327
2026-05-21 13:50:00,1354.3,1354.3,1353.5,1353.7,16161
2026-05-21 13:51:00,1354.0,1354.3,1352.3,1352.7,23785
2026-05-21 13:52:00,1353.0,1353.2,1352.5,1352.6,12129
2026-05-21 13:53:00,1352.5,1353.0,1352.2,1352.9,25701
2026-05-21 13:54:00,1352.3,1353.8,1352.3,1353.5,20403
2026-05-21 13:55:00,1353.5,1353.5,1352.5,1353.0,9746
2026-05-21 13:56:00,1352.9,1353.0,1351.6,1351.8,11720
2026-05-21 13:57:00,1352.2,1353.0,1351.7,1352.9,17225
2026-05-21 13:58:00,1352.9,1353.3,1352.5,1352.6,10519
2026-05-21 13:59:00,1352.7,1354.7,1352.6,1354.0,13563
2026-05-21 14:00:00,1354.2,1354.2,1353.0,1353.2,11026
2026-05-21 14:01:00,1353.2,1353.3,1352.3,1352.8,11421
2026-05-21 14:02:00,1352.8,1352.9,1351.5,1351.6,8482
2026-05-21 14:03:00,1352.0,1353.0,1351.8,1352.6,21141
2026-05-21 14:04:00,1352.6,1352.6,1351.0,1351.3,75830
2026-05-21 14:05:00,1351.5,1352.4,1351.2,1352.2,25650
2026-05-21 14:06:00,1352.2,1352.4,1351.3,1352.4,36212
2026-05-21 14:07:00,1352.4,1352.5,1351.7,1352.0,22290
2026-05-21 14:08:00,1352.0,1352.7,1351.4,1352.7,50532
2026-05-21 14:09:00,1352.7,1352.9,1352.1,1352.1,24725
2026-05-21 14:10:00,1352.1,1352.5,1351.9,1352.4,14682
2026-05-21 14:11:00,1352.4,1353.1,1352.0,1352.5,33923
2026-05-21 14:12:00,1352.5,1353.0,1352.1,1353.0,36932
2026-05-21 14:13:00,1353.1,1353.5,1352.2,1353.1,98256
2026-05-21 14:14:00,1353.1,1353.1,1351.6,1352.1,108413
2026-05-21 14:15:00,1352.0,1352.3,1351.0,1352.3,16754
2026-05-21 14:16:00,1352.2,1352.5,1351.2,1351.6,9246
2026-05-21 14:17:00,1351.6,1352.2,1351.4,1351.9,10112
2026-05-21 14:18:00,1352.1,1352.5,1351.6,1351.7,11964
2026-05-21 14:19:00,1351.7,1352.2,1351.1,1351.2,11596
2026-05-21 14:20:00,1351.5,1352.1,1351.2,1352.0,7898
2026-05-21 14:21:00,1352.1,1352.4,1351.8,1352.2,10379
2026-05-21 14:22:00,1352.3,1352.5,1351.6,1352.2,44794
2026-05-21 14:23:00,1352.2,1352.4,1351.3,1352.1,15221
2026-05-21 14:24:00,1352.2,1352.9,1352.0,1352.9,10923
2026-05-21 14:25:00,1352.9,1353.7,1352.4,1353.7,9847
2026-05-21 14:26:00,1353.2,1353.6,1352.3,1352.9,14378
2026-05-21 14:27:00,1352.9,1353.2,1351.3,1351.7,29182
2026-05-21 14:28:00,1351.5,1351.7,1350.2,1350.3,181064
2026-05-21 14:29:00,1350.7,1352.0,1350.2,1351.9,77849
2026-05-21 14:30:00,1351.9,1353.6,1351.9,1352.8,216325
2026-05-21 14:31:00,1352.8,1354.5,1352.8,1354.4,176593
2026-05-21 14:32:00,1354.9,1355.1,1352.9,1352.9,99133
2026-05-21 14:33:00,1352.9,1352.9,1351.0,1351.7,166807
2026-05-21 14:34:00,1351.3,1352.2,1350.3,1352.2,162903
2026-05-21 14:35:00,1352.4,1353.4,1351.8,1352.8,16946
2026-05-21 14:36:00,1352.8,1353.4,1352.2,1353.0,17043
2026-05-21 14:37:00,1353.0,1353.3,1351.9,1352.6,14342
2026-05-21 14:38:00,1352.7,1353.1,1352.4,1352.6,10341
2026-05-21 14:39:00,1353.1,1353.1,1352.4,1352.6,45578
2026-05-21 14:40:00,1353.0,1353.1,1352.4,1352.5,22551
2026-05-21 14:41:00,1352.5,1354.0,1352.4,1354.0,18694
2026-05-21 14:42:00,1354.0,1355.6,1354.0,1355.0,57001
2026-05-21 14:43:00,1354.9,1354.9,1354.0,1354.0,18232
2026-05-21 14:44:00,1354.4,1354.4,1353.1,1353.5,11874
2026-05-21 14:45:00,1353.8,1354.3,1353.4,1353.9,16994
2026-05-21 14:46:00,1353.8,1355.5,1352.9,1355.5,71371
2026-05-21 14:47:00,1355.5,1355.5,1354.0,1354.1,126963
2026-05-21 14:48:00,1354.1,1354.7,1354.0,1354.4,32620
2026-05-21 14:49:00,1354.4,1354.7,1353.6,1353.6,68638
2026-05-21 14:50:00,1353.5,1354.4,1353.5,1353.8,17232
2026-05-21 14:51:00,1354.0,1354.5,1353.6,1353.8,86543
2026-05-21 14:52:00,1353.9,1354.7,1353.6,1354.0,134722
2026-05-21 14:53:00,1354.0,1354.1,1352.1,1352.3,77622
2026-05-21 14:54:00,1352.2,1353.3,1352.2,1353.1,65930
2026-05-21 14:55:00,1353.2,1353.5,1351.3,1352.0,107192
2026-05-21 14:56:00,1352.1,1352.5,1351.4,1351.4,64325
2026-05-21 14:57:00,1351.8,1352.9,1351.7,1352.0,63896
2026-05-21 14:58:00,1352.3,1352.8,1351.1,1351.4,49980
2026-05-21 14:59:00,1351.8,1352.0,1351.4,1351.8,26907
2026-05-21 15:00:00,1351.8,1352.6,1351.7,1352.0,48753
2026-05-21 15:01:00,1352.1,1352.1,1350.8,1350.9,42962
2026-05-21 15:02:00,1350.9,1350.9,1349.7,1349.9,118113
2026-05-21 15:03:00,1349.9,1350.4,1349.6,1350.4,103256
2026-05-21 15:04:00,1350.3,1352.9,1349.8,1352.3,462207
2026-05-21 15:05:00,1352.2,1352.9,1350.4,1351.1,274220
2026-05-21 15:06:00,1351.1,1352.8,1350.3,1352.5,190488
2026-05-21 15:07:00,1352.6,1352.8,1351.1,1351.2,56631
2026-05-21 15:08:00,1351.2,1351.2,1349.2,1350.5,645141
2026-05-21 15:09:00,1350.7,1351.3,1350.1,1350.7,131892
2026-05-21 15:10:00,1350.6,1351.0,1349.6,1349.8,191126
2026-05-21 15:11:00,1350.0,1350.5,1348.2,1349.3,152915
2026-05-21 15:12:00,1349.0,1349.5,1348.6,1349.1,154951
2026-05-21 15:13:00,1349.1,1350.0,1348.9,1349.4,126082
2026-05-21 15:14:00,1349.3,1350.0,1347.9,1348.0,159914
2026-05-21 15:15:00,1348.3,1348.9,1347.1,1348.6,222556
2026-05-21 15:16:00,1349.1,1349.3,1347.7,1347.7,104671
2026-05-21 15:17:00,1347.9,1348.1,1347.2,1347.9,100089
2026-05-21 15:18:00,1348.1,1348.6,1347.5,1348.4,48770
2026-05-21 15:19:00,1348.4,1349.0,1347.6,1347.6,52278
2026-05-21 15:20:00,1347.9,1349.3,1347.6,1348.5,120918
2026-05-21 15:21:00,1348.5,1348.6,1347.0,1347.3,89340
2026-05-21 15:22:00,1347.0,1347.3,1346.8,1347.0,67336
2026-05-21 15:23:00,1347.0,1347.1,1346.8,1347.0,44596
2026-05-21 15:24:00,1346.9,1347.2,1346.7,1347.0,46830
2026-05-21 15:25:00,1347.0,1347.3,1346.7,1346.9,68623
2026-05-21 15:26:00,1347.1,1347.1,1346.8,1346.8,51819
2026-05-21 15:27:00,1346.9,1346.9,1346.4,1346.7,51283
2026-05-21 15:28:00,1346.5,1347.0,1346.5,1347.0,54883
2026-05-21 15:29:00,1347.2,1349.0,1346.9,1349.0,27392
2026-05-22 09:15:00,1351.0,1353.7,1349.1,1352.4,0
2026-05-22 09:16:00,1352.4,1353.9,1351.9,1353.5,74333
2026-05-22 09:17:00,1353.2,1353.9,1352.6,1353.0,40100
2026-05-22 09:18:00,1352.4,1353.0,1351.9,1352.6,41064
2026-05-22 09:19:00,1352.4,1352.5,1351.6,1352.5,46470
2026-05-22 09:20:00,1352.0,1354.0,1352.0,1353.1,61191
2026-05-22 09:21:00,1353.1,1354.5,1353.0,1354.5,36713
2026-05-22 09:22:00,1354.7,1355.6,1354.1,1355.6,51195
2026-05-22 09:23:00,1355.0,1355.8,1354.6,1355.8,42747
2026-05-22 09:24:00,1355.8,1355.8,1353.7,1354.7,39312
2026-05-22 09:25:00,1354.8,1355.2,1352.9,1353.4,28237
2026-05-22 09:26:00,1353.1,1355.0,1353.1,1354.5,43329
2026-05-22 09:27:00,1354.5,1357.8,1354.0,1357.7,43453
2026-05-22 09:28:00,1357.7,1357.7,1356.3,1356.7,26901
2026-05-22 09:29:00,1356.6,1357.7,1356.1,1356.8,36315
2026-05-22 09:30:00,1356.7,1357.8,1356.3,1357.4,20243
2026-05-22 09:31:00,1357.4,1357.6,1354.5,1355.9,34189
2026-05-22 09:32:00,1355.7,1355.8,1354.4,1354.5,20920
2026-05-22 09:33:00,1354.4,1354.4,1353.1,1354.3,16481
2026-05-22 09:34:00,1353.9,1355.9,1353.9,1355.9,18473
2026-05-22 09:35:00,1356.0,1356.8,1355.4,1356.4,14930
2026-05-22 09:36:00,1356.3,1356.7,1354.4,1355.0,17628
2026-05-22 09:37:00,1355.0,1356.3,1354.8,1355.7,28014
2026-05-22 09:38:00,1355.3,1356.4,1355.3,1356.3,20481
2026-05-22 09:39:00,1356.2,1356.2,1354.8,1355.0,12969
2026-05-22 09:40:00,1355.0,1355.0,1354.1,1354.2,10376
2026-05-22 09:41:00,1354.2,1354.6,1353.4,1354.3,14649
2026-05-22 09:42:00,1354.7,1354.8,1353.9,1354.5,15719
2026-05-22 09:43:00,1354.6,1354.9,1353.8,1354.9,17926
2026-05-22 09:44:00,1355.0,1355.0,1353.9,1353.9,20567
2026-05-22 09:45:00,1353.5,1354.1,1352.9,1353.0,16585
2026-05-22 09:46:00,1353.0,1353.7,1352.1,1352.1,11301
2026-05-22 09:47:00,1352.5,1353.5,1352.1,1353.2,7952
2026-05-22 09:48:00,1353.3,1353.5,1352.2,1352.6,18401
2026-05-22 09:49:00,1352.5,1352.8,1351.8,1352.0,10367
2026-05-22 09:50:00,1352.0,1353.2,1351.5,1353.1,14571
2026-05-22 09:51:00,1352.8,1353.6,1352.5,1353.2,16934
2026-05-22 09:52:00,1353.6,1354.5,1353.1,1354.5,33783
2026-05-22 09:53:00,1354.5,1355.0,1353.2,1354.0,21599
2026-05-22 09:54:00,1354.2,1354.4,1353.0,1354.2,19911
2026-05-22 09:55:00,1354.1,1354.3,1353.3,1353.8,7291
2026-05-22 09:56:00,1353.8,1355.0,1353.4,1354.6,12072
2026-05-22 09:57:00,1354.7,1356.0,1353.7,1355.8,17698
2026-05-22 09:58:00,1355.8,1356.5,1355.2,1356.4,14560
2026-05-22 09:59:00,1356.5,1356.7,1356.0,1356.1,13151
2026-05-22 10:00:00,1356.1,1356.5,1355.0,1355.5,10412
2026-05-22 10:01:00,1355.5,1356.0,1355.5,1355.7,8150
2026-05-22 10:02:00,1355.8,1356.5,1355.7,1356.2,20334
2026-05-22 10:03:00,1356.1,1356.5,1355.5,1355.8,9843
2026-05-22 10:04:00,1355.8,1356.4,1354.3,1354.6,17760
2026-05-22 10:05:00,1354.8,1354.8,1353.8,1354.0,12372
2026-05-22 10:06:00,1354.3,1354.6,1354.0,1354.5,4322
2026-05-22 10:07:00,1354.5,1354.8,1354.3,1354.5,3093
2026-05-22 10:08:00,1354.7,1355.4,1354.4,1355.2,18963
2026-05-22 10:09:00,1355.1,1355.7,1354.7,1355.6,14436
2026-05-22 10:10:00,1355.6,1356.0,1355.2,1355.3,7896
2026-05-22 10:11:00,1355.3,1356.0,1355.0,1355.4,5087
2026-05-22 10:12:00,1355.4,1355.6,1354.8,1355.2,8527
2026-05-22 10:13:00,1355.3,1355.6,1354.6,1354.9,6244
2026-05-22 10:14:00,1355.3,1355.3,1354.5,1355.2,5053
2026-05-22 10:15:00,1355.0,1355.3,1354.5,1354.7,2728
2026-05-22 10:16:00,1354.4,1354.6,1353.0,1353.3,18430
2026-05-22 10:17:00,1353.3,1353.9,1353.3,1353.9,4764
2026-05-22 10:18:00,1353.8,1353.9,1353.5,1353.7,7535
2026-05-22 10:19:00,1353.2,1353.2,1352.5,1352.5,11733
2026-05-22 10:20:00,1352.8,1353.1,1352.5,1352.9,9388
2026-05-22 10:21:00,1353.2,1353.8,1353.0,1353.4,3917
2026-05-22 10:22:00,1353.5,1354.1,1353.4,1354.0,8186
2026-05-22 10:23:00,1354.0,1355.5,1353.5,1354.1,25060
2026-05-22 10:24:00,1354.1,1354.8,1353.8,1353.9,6743
2026-05-22 10:25:00,1354.0,1354.8,1353.5,1354.1,11645
2026-05-22 10:26:00,1354.6,1354.6,1353.4,1353.6,8763
2026-05-22 10:27:00,1354.0,1354.6,1353.7,1354.0,8003
2026-05-22 10:28:00,1354.2,1354.4,1354.0,1354.0,15063
2026-05-22 10:29:00,1354.0,1354.0,1353.3,1353.5,10709
2026-05-22 10:30:00,1353.5,1354.3,1353.4,1353.4,11312
2026-05-22 10:31:00,1353.8,1354.2,1353.4,1353.5,2050
2026-05-22 10:32:00,1353.8,1353.9,1353.0,1353.8,7115
2026-05-22 10:33:00,1353.7,1354.0,1353.4,1353.8,4093
2026-05-22 10:34:00,1353.9,1354.0,1353.4,1353.4,2690
2026-05-22 10:35:00,1353.5,1353.7,1353.0,1353.6,5561
2026-05-22 10:36:00,1353.6,1353.9,1353.1,1353.8,10818
2026-05-22 10:37:00,1353.8,1353.8,1353.2,1353.5,4354
2026-05-22 10:38:00,1353.8,1354.0,1353.0,1353.8,16917
2026-05-22 10:39:00,1353.8,1353.9,1353.0,1353.7,11082
2026-05-22 10:40:00,1353.7,1354.0,1353.3,1354.0,10359
2026-05-22 10:41:00,1354.1,1354.6,1353.9,1354.2,13569
2026-05-22 10:42:00,1353.8,1354.8,1353.8,1354.5,8127
2026-05-22 10:43:00,1354.6,1355.1,1354.0,1355.0,25564
2026-05-22 10:44:00,1355.2,1355.2,1354.0,1355.0,40093
2026-05-22 10:45:00,1355.1,1355.5,1354.6,1355.2,8944
2026-05-22 10:46:00,1355.4,1355.5,1354.8,1355.5,8475
2026-05-22 10:47:00,1355.5,1355.7,1355.1,1355.6,6993
2026-05-22 10:48:00,1355.3,1355.7,1355.0,1355.0,11660
2026-05-22 10:49:00,1354.8,1354.8,1354.1,1354.5,33024
2026-05-22 10:50:00,1354.6,1354.7,1354.0,1354.0,2808
2026-05-22 10:51:00,1354.3,1354.9,1354.1,1354.9,11759
2026-05-22 10:52:00,1354.7,1356.0,1354.4,1356.0,34260
2026-05-22 10:53:00,1355.8,1355.8,1354.4,1355.0,11493
2026-05-22 10:54:00,1355.0,1355.5,1354.7,1355.0,12051
2026-05-22 10:55:00,1355.2,1355.6,1355.0,1355.4,13500
2026-05-22 10:56:00,1355.5,1355.7,1354.9,1355.7,22168
2026-05-22 10:57:00,1355.5,1356.6,1355.5,1356.4,15034
2026-05-22 10:58:00,1356.6,1357.3,1356.1,1356.4,17647
2026-05-22 10:59:00,1356.6,1357.3,1356.1,1357.1,8790
2026-05-22 11:00:00,1357.2,1357.2,1356.2,1356.6,11681
2026-05-22 11:01:00,1356.7,1357.0,1356.3,1357.0,8493
2026-05-22 11:02:00,1356.9,1357.0,1356.2,1356.6,7076
2026-05-22 11:03:00,1356.8,1356.8,1356.0,1356.5,8072
2026-05-22 11:04:00,1356.5,1356.8,1356.5,1356.6,7046
2026-05-22 11:05:00,1356.4,1356.8,1356.0,1356.5,16279
2026-05-22 11:06:00,1356.5,1356.8,1356.3,1356.6,5975
2026-05-22 11:07:00,1356.7,1356.7,1355.6,1355.6,6315
2026-05-22 11:08:00,1355.7,1356.4,1355.5,1355.9,4980
2026-05-22 11:09:00,1356.0,1356.0,1355.3,1355.9,6408
2026-05-22 11:10:00,1355.4,1356.1,1355.4,1356.1,12969
2026-05-22 11:11:00,1355.9,1356.1,1355.6,1355.9,4279
2026-05-22 11:12:00,1355.9,1356.1,1355.1,1355.1,8341
2026-05-22 11:13:00,1355.3,1355.8,1355.0,1355.5,9891
2026-05-22 11:14:00,1355.8,1355.9,1355.1,1355.1,6481
2026-05-22 11:15:00,1355.5,1355.5,1355.2,1355.3,4875
2026-05-22 11:16:00,1355.4,1355.7,1354.8,1354.9,18877
2026-05-22 11:17:00,1354.8,1355.1,1353.5,1353.6,19529
2026-05-22 11:18:00,1353.6,1354.0,1353.0,1353.5,9638
2026-05-22 11:19:00,1353.5,1354.8,1353.3,1353.9,9367
2026-05-22 11:20:00,1353.8,1354.6,1353.8,1354.5,6525
2026-05-22 11:21:00,1354.5,1355.1,1354.3,1354.8,10903
2026-05-22 11:22:00,1354.8,1355.4,1354.5,1355.3,10092
2026-05-22 11:23:00,1355.3,1355.8,1354.7,1355.7,14966
2026-05-22 11:24:00,1355.7,1355.7,1354.3,1354.7,5442
2026-05-22 11:25:00,1355.0,1355.5,1354.6,1354.9,13822
2026-05-22 11:26:00,1354.9,1355.4,1354.2,1354.7,8902
2026-05-22 11:27:00,1354.6,1354.7,1354.0,1354.0,8362
2026-05-22 11:28:00,1354.1,1354.8,1354.0,1354.8,8917
2026-05-22 11:29:00,1354.8,1355.0,1354.5,1354.7,4578
2026-05-22 11:30:00,1354.6,1354.9,1354.1,1354.6,7445
2026-05-22 11:31:00,1354.4,1355.1,1354.0,1355.1,12159
2026-05-22 11:32:00,1355.1,1355.4,1354.6,1354.9,19328
2026-05-22 11:33:00,1355.3,1355.7,1354.3,1354.4,17455
2026-05-22 11:34:00,1354.9,1355.4,1354.5,1355.0,8688
2026-05-22 11:35:00,1354.9,1355.4,1354.9,1355.0,16801
2026-05-22 11:36:00,1355.4,1355.4,1355.0,1355.1,11020
2026-05-22 11:37:00,1355.3,1356.0,1355.1,1355.3,9810
2026-05-22 11:38:00,1355.6,1356.2,1355.5,1356.1,5911
2026-05-22 11:39:00,1356.0,1356.5,1355.6,1356.4,8920
2026-05-22 11:40:00,1356.4,1357.0,1356.3,1356.6,11047
2026-05-22 11:41:00,1357.0,1357.3,1356.5,1357.0,24850
2026-05-22 11:42:00,1357.0,1358.3,1356.9,1357.7,40948
2026-05-22 11:43:00,1357.9,1358.2,1357.7,1358.2,13917
2026-05-22 11:44:00,1358.2,1358.2,1357.9,1358.2,12354
2026-05-22 11:45:00,1358.2,1358.4,1357.9,1358.4,16574
2026-05-22 11:46:00,1358.3,1359.4,1358.3,1359.3,117082
2026-05-22 11:47:00,1359.0,1359.2,1358.5,1358.7,19056
2026-05-22 11:48:00,1358.7,1358.8,1358.0,1358.4,18390
2026-05-22 11:49:00,1358.4,1358.7,1357.9,1357.9,15899
2026-05-22 11:50:00,1358.4,1358.5,1357.1,1357.1,7840
2026-05-22 11:51:00,1357.4,1357.8,1357.0,1357.3,7520
2026-05-22 11:52:00,1357.7,1358.0,1357.2,1357.8,11815
2026-05-22 11:53:00,1358.0,1358.5,1357.6,1358.5,14136
2026-05-22 11:54:00,1358.5,1358.6,1357.8,1358.2,13280
2026-05-22 11:55:00,1358.2,1358.7,1358.1,1358.5,9459
2026-05-22 11:56:00,1358.5,1359.0,1358.1,1358.7,9542
2026-05-22 11:57:00,1359.0,1359.1,1358.6,1358.8,11007
2026-05-22 11:58:00,1358.7,1359.1,1358.1,1359.1,8537
2026-05-22 11:59:00,1359.1,1359.2,1358.3,1359.2,11075
2026-05-22 12:00:00,1359.0,1359.2,1358.5,1358.8,20107
2026-05-22 12:01:00,1358.8,1359.0,1358.0,1358.3,9847
2026-05-22 12:02:00,1358.2,1358.5,1357.9,1358.3,10861
2026-05-22 12:03:00,1358.1,1358.5,1357.8,1358.4,9689
2026-05-22 12:04:00,1358.4,1358.6,1358.0,1358.5,20541
2026-05-22 12:05:00,1358.1,1359.0,1358.0,1358.7,33572
2026-05-22 12:06:00,1358.8,1359.0,1358.2,1358.9,30214
2026-05-22 12:07:00,1359.0,1360.0,1358.9,1360.0,53824
2026-05-22 12:08:00,1359.8,1360.6,1359.8,1360.0,27272
2026-05-22 12:09:00,1359.9,1360.0,1359.1,1359.3,13612
2026-05-22 12:10:00,1359.2,1359.7,1359.1,1359.6,7323
2026-05-22 12:11:00,1359.6,1360.4,1359.4,1360.2,21126
2026-05-22 12:12:00,1360.6,1360.9,1360.0,1360.5,72394
2026-05-22 12:13:00,1360.5,1360.5,1359.9,1360.1,23162
2026-05-22 12:14:00,1360.2,1360.5,1359.7,1360.1,18169
2026-05-22 12:15:00,1360.1,1360.2,1360.0,1360.2,9298
2026-05-22 12:16:00,1360.0,1360.1,1359.6,1359.6,4058
2026-05-22 12:17:00,1359.7,1359.8,1359.2,1359.2,4250
2026-05-22 12:18:00,1358.8,1359.1,1358.8,1358.8,7023
2026-05-22 12:19:00,1358.9,1359.2,1358.8,1358.9,9646
2026-05-22 12:20:00,1359.1,1359.1,1358.1,1358.5,9132
2026-05-22 12:21:00,1358.6,1358.7,1358.3,1358.3,3688
2026-05-22 12:22:00,1358.6,1359.0,1358.3,1358.9,4671
2026-05-22 12:23:00,1359.0,1359.1,1358.3,1358.4,3783
2026-05-22 12:24:00,1358.7,1358.7,1358.0,1358.2,9206
2026-05-22 12:25:00,1358.3,1358.5,1358.2,1358.5,4254
2026-05-22 12:26:00,1358.4,1358.5,1358.3,1358.3,3484
2026-05-22 12:27:00,1358.6,1359.0,1358.0,1358.0,12856
2026-05-22 12:28:00,1358.0,1358.5,1358.0,1358.5,3416
2026-05-22 12:29:00,1358.4,1358.8,1358.0,1358.7,8051
2026-05-22 12:30:00,1358.8,1358.8,1358.0,1358.0,3984
2026-05-22 12:31:00,1358.0,1358.4,1358.0,1358.2,13507
2026-05-22 12:32:00,1358.2,1358.4,1358.0,1358.0,9252
2026-05-22 12:33:00,1358.3,1358.4,1358.0,1358.0,8626
2026-05-22 12:34:00,1358.1,1358.7,1358.0,1358.7,13344
2026-05-22 12:35:00,1358.7,1359.0,1358.1,1358.5,15743
2026-05-22 12:36:00,1358.5,1359.1,1358.3,1359.1,10576
2026-05-22 12:37:00,1359.1,1359.6,1358.7,1359.5,11477
2026-05-22 12:38:00,1359.8,1359.9,1359.3,1359.3,6600
2026-05-22 12:39:00,1359.2,1360.0,1359.2,1360.0,13961
2026-05-22 12:40:00,1360.0,1360.5,1360.0,1360.3,12130
2026-05-22 12:41:00,1360.4,1360.5,1360.3,1360.3,5366
2026-05-22 12:42:00,1360.3,1360.5,1360.3,1360.4,19750
2026-05-22 12:43:00,1360.5,1360.5,1360.0,1360.3,12840
2026-05-22 12:44:00,1360.5,1361.7,1360.2,1360.5,26352
2026-05-22 12:45:00,1360.8,1360.9,1360.6,1360.8,10352
2026-05-22 12:46:00,1360.8,1361.3,1360.6,1361.2,7909
2026-05-22 12:47:00,1361.2,1361.9,1361.1,1361.7,11382
2026-05-22 12:48:00,1361.6,1365.5,1361.6,1365.2,188099
2026-05-22 12:49:00,1365.0,1365.4,1364.0,1364.3,44544
2026-05-22 12:50:00,1364.4,1364.7,1363.5,1363.8,27868
2026-05-22 12:51:00,1363.8,1364.0,1363.1,1364.0,21877
2026-05-22 12:52:00,1364.0,1364.1,1363.0,1363.6,24495
2026-05-22 12:53:00,1363.8,1363.8,1362.6,1362.9,18449
2026-05-22 12:54:00,1362.9,1364.0,1362.9,1364.0,10122
2026-05-22 12:55:00,1364.0,1364.1,1363.5,1364.1,16322
2026-05-22 12:56:00,1364.2,1364.4,1363.3,1364.3,12086
2026-05-22 12:57:00,1364.3,1364.5,1363.6,1364.3,6868
2026-05-22 12:58:00,1364.4,1364.6,1363.9,1364.5,8602
2026-05-22 12:59:00,1364.6,1364.6,1364.0,1364.0,8487
2026-05-22 13:00:00,1364.2,1366.0,1364.2,1365.4,44334
2026-05-22 13:01:00,1365.0,1365.4,1364.2,1364.9,10812
2026-05-22 13:02:00,1364.8,1364.9,1364.0,1364.0,8516
2026-05-22 13:03:00,1364.4,1367.4,1364.0,1367.1,38714
2026-05-22 13:04:00,1367.0,1367.0,1365.9,1367.0,20297
2026-05-22 13:05:00,1367.0,1367.0,1365.1,1365.7,14697
2026-05-22 13:06:00,1365.7,1365.7,1365.0,1365.1,6542
2026-05-22 13:07:00,1365.1,1365.4,1365.0,1365.4,7762
2026-05-22 13:08:00,1365.3,1365.9,1365.2,1365.7,14415
2026-05-22 13:09:00,1365.7,1365.7,1365.3,1365.3,6673
2026-05-22 13:10:00,1365.4,1365.4,1365.0,1365.0,8692
2026-05-22 13:11:00,1365.1,1365.2,1363.8,1363.8,21869
2026-05-22 13:12:00,1363.8,1364.0,1363.5,1363.8,7378
2026-05-22 13:13:00,1363.9,1364.8,1363.9,1364.1,7463
2026-05-22 13:14:00,1364.3,1364.8,1363.9,1364.3,20312
2026-05-22 13:15:00,1364.8,1364.8,1363.5,1363.5,12133
2026-05-22 13:16:00,1363.6,1364.0,1363.5,1363.8,7035
2026-05-22 13:17:00,1364.0,1364.3,1363.8,1363.8,11366
2026-05-22 13:18:00,1363.9,1364.3,1363.9,1364.1,5967
2026-05-22 13:19:00,1364.1,1364.3,1364.0,1364.2,11137
2026-05-22 13:20:00,1364.2,1364.3,1364.0,1364.3,6900
2026-05-22 13:21:00,1364.3,1364.4,1364.0,1364.0,12456
2026-05-22 13:22:00,1364.0,1364.2,1363.9,1364.1,10434
2026-05-22 13:23:00,1364.1,1364.1,1363.1,1363.3,42995
2026-05-22 13:24:00,1363.2,1364.0,1363.2,1363.6,9684
2026-05-22 13:25:00,1363.9,1364.3,1362.4,1363.6,33692
2026-05-22 13:26:00,1363.5,1364.4,1363.4,1364.2,13047
2026-05-22 13:27:00,1364.2,1364.3,1363.5,1363.8,7966
2026-05-22 13:28:00,1363.8,1363.9,1362.5,1362.8,14154
2026-05-22 13:29:00,1363.0,1363.3,1362.2,1362.2,21955
2026-05-22 13:30:00,1362.6,1363.1,1362.4,1363.0,7527
2026-05-22 13:31:00,1363.1,1363.1,1362.4,1362.6,14252
2026-05-22 13:32:00,1362.5,1363.0,1362.4,1362.4,23529
2026-05-22 13:33:00,1362.6,1363.1,1362.4,1363.1,12885
2026-05-22 13:34:00,1363.1,1363.2,1362.6,1363.2,14059
2026-05-22 13:35:00,1363.0,1363.3,1362.4,1362.8,13785
2026-05-22 13:36:00,1362.7,1362.9,1362.4,1362.7,6538
2026-05-22 13:37:00,1362.7,1362.8,1362.2,1362.6,11654
2026-05-22 13:38:00,1362.4,1362.6,1362.2,1362.5,8042
2026-05-22 13:39:00,1362.2,1362.6,1361.4,1362.4,38405
2026-05-22 13:40:00,1362.4,1362.6,1362.2,1362.5,7123
2026-05-22 13:41:00,1362.1,1362.7,1361.6,1361.7,28701
2026-05-22 13:42:00,1361.7,1362.4,1361.6,1362.3,10883
2026-05-22 13:43:00,1362.3,1362.4,1361.5,1361.9,7980
2026-05-22 13:44:00,1361.9,1362.0,1361.1,1361.3,21877
2026-05-22 13:45:00,1361.7,1362.4,1361.5,1362.4,24243
2026-05-22 13:46:00,1362.4,1362.6,1361.9,1362.4,22216
2026-05-22 13:47:00,1362.4,1362.4,1361.7,1362.2,11320
2026-05-22 13:48:00,1362.3,1362.3,1361.6,1361.6,7112
2026-05-22 13:49:00,1361.8,1362.0,1361.5,1361.8,6723
2026-05-22 13:50:00,1361.8,1362.0,1361.5,1361.9,7549
2026-05-22 13:51:00,1361.9,1362.0,1361.1,1361.5,10471
2026-05-22 13:52:00,1361.6,1361.8,1360.8,1360.8,17499
2026-05-22 13:53:00,1361.2,1361.7,1360.6,1361.2,17266
2026-05-22 13:54:00,1361.3,1361.7,1360.6,1361.3,31221
2026-05-22 13:55:00,1361.3,1361.3,1360.0,1360.4,20266
2026-05-22 13:56:00,1360.6,1361.2,1360.2,1360.6,20314
2026-05-22 13:57:00,1360.8,1360.8,1360.0,1360.5,8415
2026-05-22 13:58:00,1360.6,1360.6,1360.0,1360.3,7347
2026-05-22 13:59:00,1360.2,1360.7,1360.0,1360.4,16099
2026-05-22 14:00:00,1360.4,1361.0,1360.3,1360.5,14302
2026-05-22 14:01:00,1360.3,1360.6,1360.3,1360.3,5638
2026-05-22 14:02:00,1360.3,1360.5,1359.6,1359.8,25272
2026-05-22 14:03:00,1359.6,1360.2,1359.6,1360.1,9784
2026-05-22 14:04:00,1360.0,1360.1,1358.5,1358.5,22248
2026-05-22 14:05:00,1358.9,1358.9,1358.1,1358.6,16077
2026-05-22 14:06:00,1358.8,1359.1,1358.3,1359.1,11932
2026-05-22 14:07:00,1359.1,1359.4,1357.2,1357.2,21146
2026-05-22 14:08:00,1357.2,1358.4,1357.2,1358.1,18976
2026-05-22 14:09:00,1358.4,1358.8,1357.9,1358.8,13233
2026-05-22 14:10:00,1358.9,1358.9,1358.5,1358.9,4908
2026-05-22 14:11:00,1358.9,1358.9,1358.0,1358.0,8353
2026-05-22 14:12:00,1358.3,1358.9,1358.0,1358.6,12233
2026-05-22 14:13:00,1358.3,1359.0,1358.2,1358.7,14406
2026-05-22 14:14:00,1358.8,1359.8,1358.2,1359.6,41014
2026-05-22 14:15:00,1359.5,1359.8,1358.3,1358.7,21763
2026-05-22 14:16:00,1358.7,1359.1,1358.5,1358.8,11550
2026-05-22 14:17:00,1358.7,1358.7,1358.0,1358.4,8701
2026-05-22 14:18:00,1358.5,1358.5,1357.8,1358.1,7416
2026-05-22 14:19:00,1358.1,1358.3,1357.9,1357.9,7025
2026-05-22 14:20:00,1358.0,1358.0,1357.1,1357.3,25550
2026-05-22 14:21:00,1357.4,1357.6,1355.9,1356.2,20098
2026-05-22 14:22:00,1356.6,1357.0,1356.3,1356.9,6733
2026-05-22 14:23:00,1356.9,1357.5,1356.8,1357.5,9261
2026-05-22 14:24:00,1357.5,1357.5,1356.9,1357.1,6167
2026-05-22 14:25:00,1357.3,1358.3,1356.8,1358.1,70695
2026-05-22 14:26:00,1358.3,1359.3,1358.2,1358.6,21748
2026-05-22 14:27:00,1358.6,1359.1,1357.5,1358.9,130384
2026-05-22 14:28:00,1358.9,1359.2,1358.3,1358.6,70131
2026-05-22 14:29:00,1358.6,1358.6,1358.0,1358.0,23476
2026-05-22 14:30:00,1357.5,1358.1,1356.9,1357.6,96909
2026-05-22 14:31:00,1357.6,1358.1,1357.1,1357.7,6382
2026-05-22 14:32:00,1357.9,1358.1,1357.6,1357.9,4434
2026-05-22 14:33:00,1358.0,1358.2,1357.5,1358.0,19012
2026-05-22 14:34:00,1358.0,1358.2,1357.8,1357.8,7837
2026-05-22 14:35:00,1357.7,1357.7,1357.5,1357.5,24609
2026-05-22 14:36:00,1357.6,1357.7,1357.5,1357.5,9866
2026-05-22 14:37:00,1357.6,1357.6,1357.1,1357.1,21831
2026-05-22 14:38:00,1357.2,1357.2,1357.0,1357.0,24742
2026-05-22 14:39:00,1356.7,1356.8,1356.0,1356.8,20782
2026-05-22 14:40:00,1356.6,1357.9,1356.6,1357.9,9417
2026-05-22 14:41:00,1357.9,1357.9,1357.2,1357.4,9486
2026-05-22 14:42:00,1357.8,1357.9,1357.1,1357.4,5853
2026-05-22 14:43:00,1357.6,1358.1,1357.1,1357.9,19179
2026-05-22 14:44:00,1357.8,1357.8,1356.1,1356.3,32133
2026-05-22 14:45:00,1356.3,1357.0,1356.0,1356.5,8690
2026-05-22 14:46:00,1356.9,1357.0,1356.5,1356.8,3641
2026-05-22 14:47:00,1356.8,1356.9,1356.4,1356.9,6451
2026-05-22 14:48:00,1356.9,1357.2,1356.8,1357.1,3736
2026-05-22 14:49:00,1357.1,1357.8,1356.8,1356.8,18536
2026-05-22 14:50:00,1356.7,1356.8,1356.3,1356.4,5793
2026-05-22 14:51:00,1356.6,1357.1,1356.6,1356.7,7332
2026-05-22 14:52:00,1356.8,1356.9,1356.0,1356.2,7463
2026-05-22 14:53:00,1356.0,1356.4,1356.0,1356.0,5015
2026-05-22 14:54:00,1356.1,1356.1,1355.7,1355.9,3954
2026-05-22 14:55:00,1356.0,1356.0,1355.3,1355.9,11084
2026-05-22 14:56:00,1355.7,1355.7,1355.0,1355.0,16527
2026-05-22 14:57:00,1355.1,1355.1,1355.0,1355.0,7196
2026-05-22 14:58:00,1354.9,1355.2,1354.4,1355.2,14848
2026-05-22 14:59:00,1355.2,1355.2,1354.9,1354.9,6026
2026-05-22 15:00:00,1355.0,1355.4,1353.8,1354.1,45294
2026-05-22 15:01:00,1354.4,1354.4,1353.6,1353.6,22348
2026-05-22 15:02:00,1353.8,1354.1,1353.3,1354.1,57195
2026-05-22 15:03:00,1354.1,1354.1,1353.2,1353.7,34300
2026-05-22 15:04:00,1353.8,1353.8,1353.6,1353.7,28264
2026-05-22 15:05:00,1353.8,1354.0,1353.6,1353.8,39198
2026-05-22 15:06:00,1353.8,1353.9,1353.6,1353.8,29992
2026-05-22 15:07:00,1353.9,1354.4,1353.6,1354.4,45431
2026-05-22 15:08:00,1354.4,1355.2,1354.2,1354.6,48465
2026-05-22 15:09:00,1354.7,1354.7,1353.6,1353.8,33660
2026-05-22 15:10:00,1353.8,1354.0,1353.1,1353.8,47604
2026-05-22 15:11:00,1353.6,1353.9,1353.0,1353.2,25193
2026-05-22 15:12:00,1353.2,1353.5,1352.6,1353.0,38907
2026-05-22 15:13:00,1353.0,1353.2,1352.4,1352.6,28240
2026-05-22 15:14:00,1352.5,1353.7,1352.4,1353.3,44526
2026-05-22 15:15:00,1353.3,1354.7,1353.3,1353.9,38770
2026-05-22 15:16:00,1353.9,1353.9,1353.5,1353.8,32005
2026-05-22 15:17:00,1353.8,1353.8,1353.4,1353.8,28331
2026-05-22 15:18:00,1353.8,1354.3,1353.6,1354.2,38629
2026-05-22 15:19:00,1354.2,1354.9,1354.2,1354.6,36841
2026-05-22 15:20:00,1354.9,1355.0,1354.6,1355.0,39040
2026-05-22 15:21:00,1354.9,1355.8,1354.9,1355.6,36098
2026-05-22 15:22:00,1355.6,1355.8,1355.0,1355.3,31350
2026-05-22 15:23:00,1355.2,1355.8,1355.2,1355.8,53489
2026-05-22 15:24:00,1355.6,1356.7,1355.6,1356.1,49361
2026-05-22 15:25:00,1356.4,1356.4,1355.8,1356.0,36169
2026-05-22 15:26:00,1355.8,1356.3,1355.7,1356.2,28081
2026-05-22 15:27:00,1356.2,1356.9,1356.2,1356.9,38801
2026-05-22 15:28:00,1357.9,1357.9,1357.3,1357.7,22364
2026-05-22 15:29:00,1358.0,1358.7,1354.5,1358.0,32970
2026-05-25 09:15:00,1365.5,1368.8,1365.3,1366.3,0
2026-05-25 09:16:00,1367.1,1370.9,1366.7,1367.4,117790
2026-05-25 09:17:00,1368.0,1368.4,1365.8,1366.3,59491
2026-05-25 09:18:00,1366.4,1366.4,1365.6,1366.0,24860
2026-05-25 09:19:00,1365.6,1365.8,1364.6,1364.6,50943
2026-05-25 09:20:00,1364.0,1365.3,1364.0,1365.1,19634
2026-05-25 09:21:00,1365.3,1366.3,1364.6,1364.9,49058
2026-05-25 09:22:00,1364.7,1365.6,1364.3,1365.1,23201
2026-05-25 09:23:00,1365.1,1366.6,1364.4,1366.0,21727
2026-05-25 09:24:00,1366.3,1367.0,1364.5,1364.6,39646
2026-05-25 09:25:00,1364.7,1365.0,1363.1,1363.4,31222
2026-05-25 09:26:00,1363.5,1363.5,1363.0,1363.2,11242
2026-05-25 09:27:00,1362.8,1362.8,1361.6,1362.0,36453
2026-05-25 09:28:00,1362.1,1362.1,1360.3,1360.9,32824
2026-05-25 09:29:00,1360.5,1361.1,1360.3,1360.6,20726
2026-05-25 09:30:00,1360.6,1361.0,1359.5,1359.5,33508
2026-05-25 09:31:00,1359.5,1360.4,1359.5,1359.9,39867
2026-05-25 09:32:00,1359.9,1359.9,1359.1,1359.5,19783
2026-05-25 09:33:00,1360.0,1361.1,1359.5,1360.8,17996
2026-05-25 09:34:00,1360.6,1360.7,1359.5,1360.6,24676
2026-05-25 09:35:00,1360.6,1360.7,1359.8,1360.6,15748
2026-05-25 09:36:00,1360.6,1360.6,1358.3,1359.3,40542
2026-05-25 09:37:00,1359.3,1360.0,1358.1,1359.4,19395
2026-05-25 09:38:00,1359.9,1360.0,1359.2,1359.2,17554
2026-05-25 09:39:00,1358.7,1359.7,1358.7,1359.6,20089
2026-05-25 09:40:00,1359.7,1359.7,1358.1,1359.0,38671
2026-05-25 09:41:00,1359.2,1359.4,1358.4,1358.9,6906
2026-05-25 09:42:00,1358.9,1359.6,1358.4,1359.6,7716
2026-05-25 09:43:00,1359.2,1359.5,1359.1,1359.1,13741
2026-05-25 09:44:00,1359.1,1359.4,1359.1,1359.4,25235
2026-05-25 09:45:00,1359.6,1359.7,1359.3,1359.6,24601
2026-05-25 09:46:00,1359.5,1360.6,1359.5,1360.6,24526
2026-05-25 09:47:00,1360.4,1360.4,1359.8,1360.0,18482
2026-05-25 09:48:00,1359.9,1359.9,1359.2,1359.9,9072
2026-05-25 09:49:00,1359.9,1360.5,1359.9,1360.5,11396
2026-05-25 09:50:00,1360.6,1360.6,1360.0,1360.3,33837
2026-05-25 09:51:00,1360.3,1360.7,1360.0,1360.3,17109
2026-05-25 09:52:00,1360.3,1361.1,1360.3,1361.1,23210
2026-05-25 09:53:00,1361.3,1362.0,1361.1,1361.7,24283
2026-05-25 09:54:00,1361.9,1362.0,1361.5,1361.9,11201
2026-05-25 09:55:00,1361.7,1361.7,1360.6,1360.9,19845
2026-05-25 09:56:00,1360.9,1362.0,1360.9,1361.6,33937
2026-05-25 09:57:00,1361.7,1361.8,1360.4,1360.8,8809
2026-05-25 09:58:00,1360.8,1360.8,1360.4,1360.8,9708
2026-05-25 09:59:00,1360.4,1360.7,1360.0,1360.1,6637
2026-05-25 10:00:00,1360.5,1361.3,1360.5,1360.7,14027
2026-05-25 10:01:00,1360.6,1360.6,1360.1,1360.5,8246
2026-05-25 10:02:00,1360.5,1360.5,1360.0,1360.2,10917
2026-05-25 10:03:00,1360.5,1360.9,1360.3,1360.9,6656
2026-05-25 10:04:00,1360.9,1360.9,1360.3,1360.7,11010
2026-05-25 10:05:00,1360.7,1360.8,1360.3,1360.8,3496
2026-05-25 10:06:00,1360.8,1360.9,1360.5,1360.9,6423
2026-05-25 10:07:00,1361.2,1362.1,1361.1,1361.1,23563
2026-05-25 10:08:00,1361.3,1361.7,1361.1,1361.6,7848
2026-05-25 10:09:00,1361.5,1361.5,1361.2,1361.3,4919
2026-05-25 10:10:00,1361.5,1361.9,1361.3,1361.8,6274
2026-05-25 10:11:00,1363.1,1363.1,1362.4,1362.6,25245
2026-05-25 10:12:00,1362.9,1362.9,1361.4,1362.0,19399
2026-05-25 10:13:00,1362.0,1362.1,1361.7,1362.1,5588
2026-05-25 10:14:00,1362.1,1362.2,1361.7,1362.1,7570
2026-05-25 10:15:00,1362.1,1363.0,1362.1,1362.8,6686
2026-05-25 10:16:00,1362.7,1363.0,1362.0,1362.3,11522
2026-05-25 10:17:00,1362.3,1362.4,1362.0,1362.0,22305
2026-05-25 10:18:00,1362.0,1363.0,1362.0,1362.8,10585
2026-05-25 10:19:00,1363.0,1363.6,1362.9,1363.1,12821
2026-05-25 10:20:00,1363.5,1363.7,1363.2,1363.2,13830
2026-05-25 10:21:00,1363.3,1363.6,1363.2,1363.4,15460
2026-05-25 10:22:00,1363.4,1363.8,1363.3,1363.6,8729
2026-05-25 10:23:00,1363.8,1364.4,1363.4,1363.9,15920
2026-05-25 10:24:00,1363.9,1363.9,1363.2,1363.3,10430
2026-05-25 10:25:00,1363.3,1363.3,1362.1,1362.3,20268
2026-05-25 10:26:00,1362.4,1362.5,1361.5,1361.5,10509
2026-05-25 10:27:00,1361.7,1362.0,1360.5,1360.5,22813
2026-05-25 10:28:00,1360.7,1361.3,1360.5,1361.1,12551
2026-05-25 10:29:00,1361.2,1361.3,1360.8,1361.0,7290
2026-05-25 10:30:00,1360.5,1361.5,1360.5,1361.5,10155
2026-05-25 10:31:00,1360.9,1361.2,1359.6,1359.9,24781
2026-05-25 10:32:00,1360.0,1360.0,1359.5,1360.0,12900
2026-05-25 10:33:00,1360.0,1360.6,1359.7,1360.1,7506
2026-05-25 10:34:00,1360.5,1360.5,1360.2,1360.4,2278
2026-05-25 10:35:00,1360.6,1360.9,1360.0,1360.5,7489
2026-05-25 10:36:00,1360.6,1361.2,1360.5,1361.0,6400
2026-05-25 10:37:00,1361.1,1362.5,1360.6,1362.0,24404
2026-05-25 10:38:00,1361.7,1362.1,1361.6,1361.7,4656
2026-05-25 10:39:00,1361.8,1362.1,1361.6,1362.1,7313
2026-05-25 10:40:00,1362.1,1362.5,1362.1,1362.5,7305
2026-05-25 10:41:00,1362.1,1362.3,1361.6,1361.7,12580
2026-05-25 10:42:00,1361.7,1362.0,1361.5,1361.9,16047
2026-05-25 10:43:00,1361.9,1361.9,1361.6,1361.7,4180
2026-05-25 10:44:00,1361.6,1362.0,1361.6,1362.0,4453
2026-05-25 10:45:00,1362.0,1362.0,1361.6,1361.7,33905
2026-05-25 10:46:00,1361.2,1362.0,1361.2,1362.0,10739
2026-05-25 10:47:00,1362.0,1362.0,1361.3,1361.3,7062
2026-05-25 10:48:00,1361.2,1361.4,1361.0,1361.2,11928
2026-05-25 10:49:00,1361.3,1361.3,1360.4,1360.8,15066
2026-05-25 10:50:00,1361.1,1361.1,1360.2,1360.4,11030
2026-05-25 10:51:00,1360.5,1360.6,1360.3,1360.6,8054
2026-05-25 10:52:00,1360.6,1361.5,1360.6,1361.4,8336
2026-05-25 10:53:00,1361.4,1361.4,1360.8,1361.1,6520
2026-05-25 10:54:00,1361.3,1361.7,1360.8,1361.5,13886
2026-05-25 10:55:00,1361.5,1361.5,1360.5,1360.8,6291
2026-05-25 10:56:00,1360.8,1361.0,1360.5,1360.5,5733
2026-05-25 10:57:00,1360.9,1361.6,1360.9,1361.5,7472
2026-05-25 10:58:00,1361.5,1361.8,1360.9,1361.5,8439
2026-05-25 10:59:00,1361.5,1361.5,1360.9,1361.3,7663
2026-05-25 11:00:00,1361.3,1361.7,1361.0,1361.3,6693
2026-05-25 11:01:00,1361.3,1361.3,1360.8,1361.0,9367
2026-05-25 11:02:00,1361.0,1361.0,1360.8,1360.9,4316
2026-05-25 11:03:00,1360.8,1361.0,1360.8,1361.0,4558
2026-05-25 11:04:00,1361.0,1362.0,1361.0,1361.9,27437
2026-05-25 11:05:00,1361.9,1362.8,1361.8,1362.1,16271
2026-05-25 11:06:00,1362.1,1362.4,1361.7,1362.2,29526
2026-05-25 11:07:00,1362.2,1362.4,1361.8,1362.1,6128
2026-05-25 11:08:00,1362.1,1362.1,1361.1,1361.5,12964
2026-05-25 11:09:00,1361.5,1361.7,1361.1,1361.6,5262
2026-05-25 11:10:00,1361.6,1361.7,1360.9,1361.6,10852
2026-05-25 11:11:00,1361.6,1361.9,1361.2,1361.8,5256
2026-05-25 11:12:00,1361.9,1362.4,1361.4,1362.4,4862
2026-05-25 11:13:00,1362.4,1362.4,1361.8,1362.4,6098
2026-05-25 11:14:00,1362.4,1362.4,1361.7,1362.1,5262
2026-05-25 11:15:00,1362.1,1362.2,1361.7,1361.9,4280
2026-05-25 11:16:00,1361.9,1362.4,1361.7,1362.2,7564
2026-05-25 11:17:00,1361.8,1362.0,1361.6,1362.0,6778
2026-05-25 11:18:00,1362.0,1362.2,1361.3,1361.6,9530
2026-05-25 11:19:00,1361.6,1362.2,1360.7,1361.1,36288
2026-05-25 11:20:00,1361.1,1361.1,1360.5,1360.7,8595
2026-05-25 11:21:00,1360.7,1360.9,1360.5,1360.8,7528
2026-05-25 11:22:00,1360.8,1361.0,1360.5,1360.7,6937
2026-05-25 11:23:00,1360.6,1361.2,1360.4,1361.2,8377
2026-05-25 11:24:00,1360.9,1361.9,1360.9,1361.9,5489
2026-05-25 11:25:00,1361.9,1362.0,1361.0,1361.0,15747
2026-05-25 11:26:00,1361.0,1361.4,1360.7,1361.4,6675
2026-05-25 11:27:00,1361.4,1361.7,1361.0,1361.0,6330
2026-05-25 11:28:00,1361.0,1361.4,1360.7,1361.2,4616
2026-05-25 11:29:00,1361.3,1361.3,1359.4,1360.7,83037
2026-05-25 11:30:00,1360.7,1360.7,1360.0,1360.0,9416
2026-05-25 11:31:00,1360.1,1360.1,1359.1,1359.5,8935
2026-05-25 11:32:00,1359.7,1360.0,1359.3,1359.8,5505
2026-05-25 11:33:00,1359.8,1359.9,1359.1,1359.1,27379
2026-05-25 11:34:00,1359.1,1359.8,1358.3,1358.3,25012
2026-05-25 11:35:00,1358.8,1358.9,1358.2,1358.9,13139
2026-05-25 11:36:00,1358.9,1359.0,1358.5,1359.0,10764
2026-05-25 11:37:00,1359.2,1359.2,1358.5,1358.8,6176
2026-05-25 11:38:00,1358.8,1358.9,1358.4,1358.7,12345
2026-05-25 11:39:00,1358.7,1359.4,1358.7,1359.2,4152
2026-05-25 11:40:00,1359.4,1360.0,1359.2,1359.8,10809
2026-05-25 11:41:00,1360.0,1360.0,1359.6,1359.9,4419
2026-05-25 11:42:00,1359.9,1359.9,1359.0,1359.4,7756
2026-05-25 11:43:00,1359.4,1359.7,1359.1,1359.5,5263
2026-05-25 11:44:00,1359.5,1359.7,1359.0,1359.3,5234
2026-05-25 11:45:00,1359.3,1359.5,1359.3,1359.3,4135
2026-05-25 11:46:00,1359.3,1359.4,1359.1,1359.3,21097
2026-05-25 11:47:00,1359.3,1359.9,1359.0,1359.9,22948
2026-05-25 11:48:00,1359.9,1359.9,1359.4,1359.4,19676
2026-05-25 11:49:00,1359.5,1359.9,1359.4,1359.9,3635
2026-05-25 11:50:00,1359.9,1360.2,1359.7,1360.2,5843
2026-05-25 11:51:00,1360.5,1360.8,1360.2,1360.5,5933
2026-05-25 11:52:00,1360.5,1361.0,1360.3,1361.0,8355
2026-05-25 11:53:00,1361.0,1361.0,1360.4,1360.4,18520
2026-05-25 11:54:00,1360.2,1360.8,1360.1,1360.3,9083
2026-05-25 11:55:00,1360.3,1360.3,1359.6,1359.9,4929
2026-05-25 11:56:00,1359.9,1360.0,1359.6,1359.9,4526
2026-05-25 11:57:00,1359.7,1360.2,1359.7,1359.9,6740
2026-05-25 11:58:00,1360.0,1360.0,1359.6,1360.0,4348
2026-05-25 11:59:00,1360.0,1360.0,1359.4,1359.4,7553
2026-05-25 12:00:00,1359.4,1359.7,1359.0,1359.5,8703
2026-05-25 12:01:00,1359.5,1359.5,1359.0,1359.1,2757
2026-05-25 12:02:00,1359.3,1359.3,1358.9,1358.9,8162
2026-05-25 12:03:00,1358.9,1358.9,1358.0,1358.0,50854
2026-05-25 12:04:00,1358.1,1359.7,1358.1,1359.7,21023
2026-05-25 12:05:00,1359.7,1360.1,1359.4,1359.8,22702
2026-05-25 12:06:00,1360.0,1361.0,1359.3,1360.9,35227
2026-05-25 12:07:00,1361.0,1361.1,1360.2,1360.9,20919
2026-05-25 12:08:00,1360.9,1360.9,1360.0,1360.3,9296
2026-05-25 12:09:00,1360.4,1360.6,1360.1,1360.4,5426
2026-05-25 12:10:00,1360.4,1360.8,1360.3,1360.8,5923
2026-05-25 12:11:00,1360.7,1361.1,1360.6,1361.0,10928
2026-05-25 12:12:00,1361.0,1361.0,1360.8,1360.8,7242
2026-05-25 12:13:00,1360.9,1360.9,1360.4,1360.4,10024
2026-05-25 12:14:00,1360.6,1360.7,1360.4,1360.7,8255
2026-05-25 12:15:00,1360.9,1361.0,1360.5,1360.5,28271
2026-05-25 12:16:00,1360.5,1360.6,1360.0,1360.5,72796
2026-05-25 12:17:00,1360.5,1360.5,1360.3,1360.4,2373
2026-05-25 12:18:00,1360.3,1360.4,1360.3,1360.4,6047
2026-05-25 12:19:00,1360.4,1360.5,1360.3,1360.5,5823
2026-05-25 12:20:00,1360.5,1360.9,1360.0,1360.6,52615
2026-05-25 12:21:00,1360.6,1361.0,1360.2,1361.0,8969
2026-05-25 12:22:00,1361.0,1361.1,1360.5,1361.0,25873
2026-05-25 12:23:00,1361.0,1361.5,1360.7,1361.1,11006
2026-05-25 12:24:00,1361.3,1361.3,1361.0,1361.2,4486
2026-05-25 12:25:00,1361.2,1361.6,1361.1,1361.6,17716
2026-05-25 12:26:00,1361.5,1361.8,1361.4,1361.5,16234
2026-05-25 12:27:00,1361.3,1361.3,1361.0,1361.1,15338
2026-05-25 12:28:00,1361.1,1361.1,1361.0,1361.1,6344
2026-05-25 12:29:00,1361.0,1361.1,1360.9,1360.9,9955
2026-05-25 12:30:00,1361.0,1361.0,1360.9,1361.0,8570
2026-05-25 12:31:00,1361.1,1361.2,1361.0,1361.2,5272
2026-05-25 12:32:00,1361.2,1361.5,1361.0,1361.2,7970
2026-05-25 12:33:00,1361.2,1361.5,1361.1,1361.5,4921
2026-05-25 12:34:00,1361.5,1361.5,1361.1,1361.5,4347
2026-05-25 12:35:00,1361.2,1361.5,1360.9,1360.9,30240
2026-05-25 12:36:00,1360.8,1360.8,1360.2,1360.5,8517
2026-05-25 12:37:00,1360.3,1360.5,1360.2,1360.2,5725
2026-05-25 12:38:00,1360.3,1360.3,1360.2,1360.2,6709
2026-05-25 12:39:00,1360.2,1360.3,1359.5,1359.7,20780
2026-05-25 12:40:00,1359.8,1359.8,1359.1,1359.7,44149
2026-05-25 12:41:00,1359.7,1359.8,1359.0,1359.3,29944
2026-05-25 12:42:00,1359.3,1360.0,1359.2,1359.7,58368
2026-05-25 12:43:00,1360.0,1360.0,1359.6,1360.0,7650
2026-05-25 12:44:00,1360.0,1360.0,1359.4,1359.6,12921
2026-05-25 12:45:00,1359.6,1359.9,1359.4,1359.8,9125
2026-05-25 12:46:00,1359.8,1359.8,1359.0,1359.0,12976
2026-05-25 12:47:00,1358.5,1359.1,1358.4,1359.1,17826
2026-05-25 12:48:00,1359.1,1359.5,1357.5,1357.9,26465
2026-05-25 12:49:00,1357.9,1358.8,1357.8,1358.4,37591
2026-05-25 12:50:00,1358.3,1358.5,1358.0,1358.1,9846
2026-05-25 12:51:00,1358.1,1358.7,1358.1,1358.6,10931
2026-05-25 12:52:00,1358.5,1359.2,1358.2,1359.2,11370
2026-05-25 12:53:00,1359.0,1359.2,1358.9,1359.0,25840
2026-05-25 12:54:00,1359.2,1360.0,1359.0,1360.0,19076
2026-05-25 12:55:00,1360.0,1360.0,1359.1,1359.1,18245
2026-05-25 12:56:00,1359.1,1359.6,1359.0,1359.5,3617
2026-05-25 12:57:00,1359.7,1359.7,1359.4,1359.5,2830
2026-05-25 12:58:00,1359.6,1360.0,1359.5,1359.5,5361
2026-05-25 12:59:00,1359.5,1359.8,1359.4,1359.8,5894
2026-05-25 13:00:00,1359.6,1359.6,1358.3,1359.3,6944
2026-05-25 13:01:00,1359.3,1359.3,1358.5,1358.9,2473
2026-05-25 13:02:00,1358.9,1359.2,1358.7,1359.2,3905
2026-05-25 13:03:00,1360.0,1360.7,1359.6,1360.4,22953
2026-05-25 13:04:00,1360.4,1360.5,1359.7,1360.0,9976
2026-05-25 13:05:00,1360.3,1360.9,1360.1,1360.5,39728
2026-05-25 13:06:00,1360.5,1361.2,1359.9,1361.2,26385
2026-05-25 13:07:00,1361.1,1363.0,1361.1,1362.5,46949
2026-05-25 13:08:00,1362.5,1362.8,1362.0,1362.8,15114
2026-05-25 13:09:00,1362.8,1363.8,1362.2,1363.8,35959
2026-05-25 13:10:00,1363.4,1363.7,1362.7,1363.5,34893
2026-05-25 13:11:00,1363.7,1363.8,1362.5,1363.2,47655
2026-05-25 13:12:00,1363.2,1363.5,1363.0,1363.5,8577
2026-05-25 13:13:00,1363.5,1363.8,1363.1,1363.8,15192
2026-05-25 13:14:00,1363.9,1364.0,1363.6,1363.9,27214
2026-05-25 13:15:00,1363.8,1364.3,1363.6,1364.3,9948
2026-05-25 13:16:00,1364.5,1364.5,1363.9,1364.5,10154
2026-05-25 13:17:00,1364.5,1364.5,1364.3,1364.5,9655
2026-05-25 13:18:00,1364.4,1364.8,1364.4,1364.8,25067
2026-05-25 13:19:00,1364.7,1365.5,1364.7,1365.1,70768
2026-05-25 13:20:00,1365.1,1365.1,1364.8,1364.8,13787
2026-05-25 13:21:00,1364.8,1365.2,1364.4,1364.4,40921
2026-05-25 13:22:00,1364.5,1364.5,1364.0,1364.2,9614
2026-05-25 13:23:00,1364.1,1365.0,1364.1,1365.0,20419
2026-05-25 13:24:00,1365.0,1365.0,1364.7,1364.8,11608
2026-05-25 13:25:00,1364.7,1364.8,1364.5,1364.7,9452
2026-05-25 13:26:00,1364.6,1364.6,1364.3,1364.3,27148
2026-05-25 13:27:00,1364.3,1364.4,1364.2,1364.4,11483
2026-05-25 13:28:00,1364.4,1364.5,1364.4,1364.4,12540
2026-05-25 13:29:00,1364.4,1364.6,1364.3,1364.5,18044
2026-05-25 13:30:00,1364.5,1364.5,1364.3,1364.3,10100
2026-05-25 13:31:00,1364.2,1364.8,1364.1,1364.7,15752
2026-05-25 13:32:00,1364.7,1364.8,1364.2,1364.3,9276
2026-05-25 13:33:00,1364.3,1365.2,1364.2,1365.0,40243
2026-05-25 13:34:00,1365.1,1365.3,1364.7,1365.3,9594
2026-05-25 13:35:00,1365.3,1365.3,1365.0,1365.1,9637
2026-05-25 13:36:00,1365.1,1365.1,1365.0,1365.0,14043
2026-05-25 13:37:00,1365.0,1365.0,1364.9,1365.0,6233
2026-05-25 13:38:00,1365.0,1365.0,1364.9,1364.9,17200
2026-05-25 13:39:00,1364.2,1364.5,1364.0,1364.0,18632
2026-05-25 13:40:00,1364.1,1364.1,1363.6,1363.6,15932
2026-05-25 13:41:00,1363.9,1363.9,1363.5,1363.6,9382
2026-05-25 13:42:00,1363.6,1363.6,1363.1,1363.2,13023
2026-05-25 13:43:00,1363.1,1363.2,1363.0,1363.2,29648
2026-05-25 13:44:00,1362.9,1363.3,1362.7,1362.7,60686
2026-05-25 13:45:00,1363.0,1363.0,1362.6,1363.0,9845
2026-05-25 13:46:00,1363.0,1363.6,1362.9,1363.2,8111
2026-05-25 13:47:00,1363.2,1363.6,1363.1,1363.2,5545
2026-05-25 13:48:00,1363.6,1363.8,1363.5,1363.6,11463
2026-05-25 13:49:00,1363.6,1363.9,1363.5,1363.6,9408
2026-05-25 13:50:00,1363.6,1364.0,1363.4,1363.5,7426
2026-05-25 13:51:00,1363.5,1363.5,1363.4,1363.5,5114
2026-05-25 13:52:00,1363.4,1363.5,1363.4,1363.5,8329
2026-05-25 13:53:00,1363.5,1363.5,1362.8,1362.9,17846
2026-05-25 13:54:00,1363.0,1363.0,1362.8,1363.0,5193
2026-05-25 13:55:00,1362.8,1363.0,1362.8,1362.9,6329
2026-05-25 13:56:00,1363.0,1363.0,1362.3,1362.7,23967
2026-05-25 13:57:00,1362.5,1363.3,1362.3,1363.2,15990
2026-05-25 13:58:00,1363.0,1363.1,1362.5,1363.0,46881
2026-05-25 13:59:00,1363.0,1363.0,1362.7,1363.0,3770
2026-05-25 14:00:00,1362.9,1363.5,1362.9,1363.5,18733
2026-05-25 14:01:00,1363.2,1363.4,1363.0,1363.1,5886
2026-05-25 14:02:00,1363.4,1363.9,1363.3,1363.5,6418
2026-05-25 14:03:00,1363.6,1364.3,1363.6,1364.3,17186
2026-05-25 14:04:00,1364.5,1364.5,1364.0,1364.3,11129
2026-05-25 14:05:00,1364.3,1364.3,1364.0,1364.0,4146
2026-05-25 14:06:00,1364.1,1364.2,1363.7,1363.9,37306
2026-05-25 14:07:00,1363.9,1363.9,1363.6,1363.6,12678
2026-05-25 14:08:00,1363.6,1363.7,1363.6,1363.6,10630
2026-05-25 14:09:00,1363.5,1363.7,1363.4,1363.6,14087
2026-05-25 14:10:00,1363.6,1363.7,1363.2,1363.3,26615
2026-05-25 14:11:00,1363.2,1363.5,1363.2,1363.3,3181
2026-05-25 14:12:00,1363.5,1363.5,1363.4,1363.4,10988
2026-05-25 14:13:00,1363.5,1363.7,1363.2,1363.2,13526
2026-05-25 14:14:00,1363.2,1363.2,1363.0,1363.1,19119
2026-05-25 14:15:00,1363.0,1363.2,1362.9,1363.2,18565
2026-05-25 14:16:00,1363.2,1363.2,1363.0,1363.1,12582
2026-05-25 14:17:00,1363.0,1363.1,1362.8,1362.8,23351
2026-05-25 14:18:00,1362.8,1363.2,1362.8,1363.2,20877
2026-05-25 14:19:00,1363.2,1363.2,1363.0,1363.0,6045
2026-05-25 14:20:00,1363.1,1363.2,1363.0,1363.2,9405
2026-05-25 14:21:00,1363.4,1363.5,1363.3,1363.5,6738
2026-05-25 14:22:00,1363.5,1363.8,1363.5,1363.5,9706
2026-05-25 14:23:00,1363.5,1363.7,1363.5,1363.7,7769
2026-05-25 14:24:00,1363.5,1364.0,1363.5,1363.6,14542
2026-05-25 14:25:00,1363.9,1363.9,1363.7,1363.7,6531
2026-05-25 14:26:00,1363.7,1364.2,1363.7,1364.2,15977
2026-05-25 14:27:00,1364.6,1364.9,1364.0,1364.3,8805
2026-05-25 14:28:00,1364.3,1364.4,1364.1,1364.3,10091
2026-05-25 14:29:00,1364.3,1364.6,1364.3,1364.5,8866
2026-05-25 14:30:00,1364.6,1364.8,1364.3,1364.3,24270
2026-05-25 14:31:00,1364.5,1364.5,1364.1,1364.1,12559
2026-05-25 14:32:00,1364.2,1364.2,1363.7,1363.7,23951
2026-05-25 14:33:00,1363.5,1363.6,1363.5,1363.6,13865
2026-05-25 14:34:00,1363.5,1363.6,1362.6,1363.2,35983
2026-05-25 14:35:00,1363.9,1364.0,1363.4,1364.0,6197
2026-05-25 14:36:00,1364.0,1364.0,1363.5,1364.0,9084
2026-05-25 14:37:00,1363.9,1365.0,1363.9,1364.9,12309
2026-05-25 14:38:00,1364.9,1365.0,1364.5,1364.9,16445
2026-05-25 14:39:00,1364.8,1365.3,1364.8,1365.0,13999
2026-05-25 14:40:00,1365.0,1365.1,1365.0,1365.0,7552
2026-05-25 14:41:00,1365.0,1365.1,1365.0,1365.0,6532
2026-05-25 14:42:00,1365.1,1365.1,1365.0,1365.0,11976
2026-05-25 14:43:00,1365.0,1365.1,1364.7,1365.0,16863
2026-05-25 14:44:00,1365.0,1365.1,1364.8,1365.0,11136
2026-05-25 14:45:00,1365.1,1367.4,1365.1,1366.5,72718
2026-05-25 14:46:00,1366.5,1366.9,1366.2,1366.9,12026
2026-05-25 14:47:00,1366.9,1367.0,1366.6,1367.0,14730
2026-05-25 14:48:00,1367.0,1367.0,1366.1,1366.1,24313
2026-05-25 14:49:00,1365.8,1366.0,1365.8,1366.0,26758
2026-05-25 14:50:00,1366.0,1366.0,1365.8,1365.9,15544
2026-05-25 14:51:00,1365.8,1366.0,1365.8,1366.0,10878
2026-05-25 14:52:00,1365.9,1367.4,1365.8,1367.4,43876
2026-05-25 14:53:00,1367.5,1367.5,1367.0,1367.2,11074
2026-05-25 14:54:00,1367.0,1367.2,1366.8,1367.0,25546
2026-05-25 14:55:00,1367.0,1367.0,1366.8,1366.9,9790
2026-05-25 14:56:00,1366.9,1366.9,1366.3,1366.4,15725
2026-05-25 14:57:00,1366.5,1366.5,1366.3,1366.5,9461
2026-05-25 14:58:00,1366.5,1366.5,1366.3,1366.5,14943
2026-05-25 14:59:00,1366.5,1367.2,1366.5,1366.6,43044
2026-05-25 15:00:00,1366.8,1366.8,1366.2,1366.5,27584
2026-05-25 15:01:00,1366.5,1366.5,1366.2,1366.4,32065
2026-05-25 15:02:00,1366.8,1367.4,1366.6,1367.4,26858
2026-05-25 15:03:00,1367.4,1367.6,1367.0,1367.4,31917
2026-05-25 15:04:00,1367.8,1367.9,1367.4,1367.9,33327
2026-05-25 15:05:00,1367.9,1367.9,1366.6,1367.5,104630
2026-05-25 15:06:00,1367.4,1367.5,1366.5,1366.6,33376
2026-05-25 15:07:00,1366.7,1367.5,1366.7,1367.5,21899
2026-05-25 15:08:00,1367.5,1367.5,1366.8,1366.8,28006
2026-05-25 15:09:00,1366.8,1367.3,1366.8,1367.3,27413
2026-05-25 15:10:00,1367.2,1367.9,1367.2,1367.9,23459
2026-05-25 15:11:00,1367.9,1368.0,1367.5,1368.0,34896
2026-05-25 15:12:00,1367.8,1368.1,1367.8,1368.1,36893
2026-05-25 15:13:00,1368.1,1368.5,1368.0,1368.4,21977
2026-05-25 15:14:00,1368.5,1368.7,1368.2,1368.7,23348
2026-05-25 15:15:00,1368.6,1368.8,1367.8,1367.8,36018
2026-05-25 15:16:00,1367.7,1367.7,1367.0,1367.4,40322
2026-05-25 15:17:00,1367.4,1367.4,1366.9,1367.0,29171
2026-05-25 15:18:00,1367.0,1367.0,1366.6,1366.8,33280
2026-05-25 15:19:00,1366.7,1366.7,1366.4,1366.4,22363
2026-05-25 15:20:00,1366.4,1366.5,1365.3,1365.5,49732
2026-05-25 15:21:00,1365.5,1366.3,1365.5,1366.3,30263
2026-05-25 15:22:00,1366.0,1366.1,1365.8,1365.9,91631
2026-05-25 15:23:00,1366.2,1366.2,1365.8,1366.0,22905
2026-05-25 15:24:00,1366.0,1366.5,1366.0,1366.4,21781
2026-05-25 15:25:00,1366.4,1366.8,1366.0,1366.1,31175
2026-05-25 15:26:00,1366.2,1367.0,1366.2,1366.9,15330
2026-05-25 15:27:00,1366.9,1366.9,1366.8,1366.8,19460
2026-05-25 15:28:00,1366.9,1366.9,1366.0,1366.7,25522
2026-05-25 15:29:00,1366.1,1366.6,1365.8,1366.5,15054
2026-05-26 09:15:00,1360.2,1361.1,1357.7,1357.9,0
2026-05-26 09:16:00,1358.9,1361.8,1358.8,1360.5,44919
2026-05-26 09:17:00,1361.1,1362.4,1360.5,1361.8,40426
2026-05-26 09:18:00,1361.5,1362.2,1360.6,1361.2,33549
2026-05-26 09:19:00,1361.1,1362.9,1360.3,1361.9,45362
2026-05-26 09:20:00,1362.5,1363.4,1362.2,1363.4,31523
2026-05-26 09:21:00,1363.4,1363.6,1362.8,1363.6,21909
2026-05-26 09:22:00,1364.3,1364.4,1362.1,1362.5,38771
2026-05-26 09:23:00,1362.1,1362.9,1361.5,1361.7,61904
2026-05-26 09:24:00,1361.6,1362.5,1361.3,1362.0,40858
2026-05-26 09:25:00,1362.2,1362.6,1361.5,1362.0,28271
2026-05-26 09:26:00,1362.4,1362.4,1361.3,1361.6,29103
2026-05-26 09:27:00,1361.4,1363.0,1361.4,1362.5,25255
2026-05-26 09:28:00,1362.5,1362.5,1361.3,1361.3,18097
2026-05-26 09:29:00,1361.4,1362.4,1361.4,1361.8,26217
2026-05-26 09:30:00,1362.3,1363.0,1362.2,1363.0,15061
2026-05-26 09:31:00,1362.6,1363.0,1362.6,1362.7,29554
2026-05-26 09:32:00,1362.6,1363.8,1362.5,1363.7,18783
2026-05-26 09:33:00,1363.7,1363.8,1363.2,1363.7,10873
2026-05-26 09:34:00,1363.3,1363.3,1362.8,1363.0,25315
2026-05-26 09:35:00,1362.8,1362.8,1361.5,1361.5,13171
2026-05-26 09:36:00,1361.8,1362.3,1361.5,1362.0,12369
2026-05-26 09:37:00,1362.6,1363.0,1362.4,1363.0,36515
2026-05-26 09:38:00,1363.1,1363.2,1362.5,1363.0,31003
2026-05-26 09:39:00,1363.0,1363.4,1362.2,1362.6,14114
2026-05-26 09:40:00,1362.9,1363.1,1362.1,1362.3,14801
2026-05-26 09:41:00,1362.1,1362.6,1362.1,1362.3,8854
2026-05-26 09:42:00,1362.1,1362.5,1362.1,1362.3,7639
2026-05-26 09:43:00,1362.3,1362.5,1361.6,1362.0,18085
2026-05-26 09:44:00,1362.0,1362.8,1361.7,1362.0,13637
2026-05-26 09:45:00,1362.5,1362.7,1361.8,1362.5,14472
2026-05-26 09:46:00,1362.5,1362.8,1361.9,1362.4,15194
2026-05-26 09:47:00,1362.5,1362.7,1361.9,1362.5,5506
2026-05-26 09:48:00,1362.5,1363.0,1362.0,1362.4,23673
2026-05-26 09:49:00,1362.8,1362.8,1362.3,1362.5,8253
2026-05-26 09:50:00,1362.8,1363.0,1362.8,1362.8,8902
2026-05-26 09:51:00,1363.0,1363.2,1362.5,1363.0,17269
2026-05-26 09:52:00,1363.0,1363.7,1362.7,1363.4,15094
2026-05-26 09:53:00,1363.1,1363.9,1363.0,1363.5,14473
2026-05-26 09:54:00,1363.6,1363.9,1363.5,1363.5,28848
2026-05-26 09:55:00,1363.0,1363.4,1362.4,1363.3,29907
2026-05-26 09:56:00,1363.4,1363.5,1362.5,1363.1,12943
2026-05-26 09:57:00,1363.1,1363.2,1362.5,1362.7,4539
2026-05-26 09:58:00,1362.7,1365.5,1362.6,1365.4,80145
2026-05-26 09:59:00,1365.3,1365.5,1365.0,1365.0,17783
2026-05-26 10:00:00,1365.4,1365.5,1364.8,1365.1,14325
2026-05-26 10:01:00,1365.3,1365.4,1365.0,1365.3,22702
2026-05-26 10:02:00,1364.6,1364.8,1364.1,1364.1,60005
2026-05-26 10:03:00,1364.5,1365.1,1363.9,1364.5,36111
2026-05-26 10:04:00,1365.0,1365.5,1364.3,1365.3,14419
2026-05-26 10:05:00,1365.3,1365.4,1364.5,1364.7,23753
2026-05-26 10:06:00,1364.5,1365.5,1364.3,1365.2,26945
2026-05-26 10:07:00,1365.0,1366.6,1365.0,1366.6,27055
2026-05-26 10:08:00,1366.6,1367.0,1365.9,1366.3,27709
2026-05-26 10:09:00,1366.7,1366.8,1365.6,1366.4,43958
2026-05-26 10:10:00,1366.4,1366.9,1365.8,1366.6,18889
2026-05-26 10:11:00,1366.6,1366.8,1365.8,1365.8,14061
2026-05-26 10:12:00,1366.5,1366.6,1365.2,1365.7,53970
2026-05-26 10:13:00,1365.8,1366.5,1365.3,1365.3,55774
2026-05-26 10:14:00,1365.7,1366.2,1365.1,1365.9,14952
2026-05-26 10:15:00,1365.8,1366.2,1365.3,1365.4,19450
2026-05-26 10:16:00,1365.5,1366.1,1365.0,1365.7,23428
2026-05-26 10:17:00,1365.7,1366.0,1365.0,1365.0,25064
2026-05-26 10:18:00,1365.5,1367.4,1365.0,1367.0,47974
2026-05-26 10:19:00,1367.0,1367.2,1366.2,1366.5,83645
2026-05-26 10:20:00,1366.5,1367.3,1366.5,1366.9,21815
2026-05-26 10:21:00,1366.8,1366.8,1366.0,1366.3,18531
2026-05-26 10:22:00,1366.5,1366.6,1365.7,1366.5,15168
2026-05-26 10:23:00,1366.5,1366.8,1366.4,1366.8,12183
2026-05-26 10:24:00,1366.8,1367.0,1366.1,1367.0,13475
2026-05-26 10:25:00,1367.0,1367.0,1366.0,1366.8,12008
2026-05-26 10:26:00,1366.6,1366.9,1366.5,1366.7,15482
2026-05-26 10:27:00,1366.3,1367.1,1366.2,1366.5,23608
2026-05-26 10:28:00,1367.1,1367.4,1366.4,1367.0,10197
2026-05-26 10:29:00,1367.2,1367.3,1366.3,1366.6,11044
2026-05-26 10:30:00,1367.0,1367.3,1366.3,1366.3,18532
2026-05-26 10:31:00,1366.3,1367.2,1366.3,1367.0,18192
2026-05-26 10:32:00,1367.2,1367.3,1367.0,1367.3,5480
2026-05-26 10:33:00,1367.3,1367.3,1366.6,1367.1,8950
2026-05-26 10:34:00,1367.1,1367.4,1367.0,1367.3,10503
2026-05-26 10:35:00,1367.3,1368.1,1367.2,1367.5,48069
2026-05-26 10:36:00,1368.0,1368.1,1367.4,1367.8,21160
2026-05-26 10:37:00,1368.1,1368.2,1368.0,1368.2,13674
2026-05-26 10:38:00,1368.1,1368.5,1367.8,1367.8,10775
2026-05-26 10:39:00,1368.1,1368.1,1367.6,1368.0,6261
2026-05-26 10:40:00,1368.0,1368.0,1367.9,1367.9,9388
2026-05-26 10:41:00,1367.9,1367.9,1367.0,1367.0,9763
2026-05-26 10:42:00,1367.0,1367.4,1367.0,1367.3,26215
2026-05-26 10:43:00,1367.3,1367.3,1366.6,1366.9,11572
2026-05-26 10:44:00,1367.0,1367.0,1366.0,1366.3,5194
2026-05-26 10:45:00,1366.0,1366.3,1365.0,1365.2,14853
2026-05-26 10:46:00,1365.6,1365.6,1364.5,1364.5,13342
2026-05-26 10:47:00,1364.6,1364.6,1363.5,1363.8,21614
2026-05-26 10:48:00,1363.9,1364.0,1363.5,1364.0,10869
2026-05-26 10:49:00,1364.0,1364.0,1363.5,1363.5,6073
2026-05-26 10:50:00,1363.8,1363.8,1363.5,1363.6,6733
2026-05-26 10:51:00,1363.6,1364.0,1363.6,1364.0,8539
2026-05-26 10:52:00,1364.0,1364.0,1363.6,1363.8,2604
2026-05-26 10:53:00,1363.9,1365.0,1363.7,1364.7,21736
2026-05-26 10:54:00,1364.7,1365.2,1364.3,1364.7,36690
2026-05-26 10:55:00,1364.7,1364.7,1363.6,1364.1,24711
2026-05-26 10:56:00,1364.1,1364.9,1363.3,1363.3,55659
2026-05-26 10:57:00,1363.9,1364.4,1363.7,1364.3,3600
2026-05-26 10:58:00,1364.3,1364.4,1363.4,1363.6,6011
2026-05-26 10:59:00,1363.9,1363.9,1363.5,1363.5,2764
2026-05-26 11:00:00,1363.3,1363.8,1363.1,1363.2,6344
2026-05-26 11:01:00,1363.3,1363.5,1362.2,1363.0,34909
2026-05-26 11:02:00,1363.0,1363.4,1362.5,1362.8,31691
2026-05-26 11:03:00,1362.5,1363.1,1362.5,1362.6,6235
2026-05-26 11:04:00,1362.6,1363.0,1362.6,1362.7,2783
2026-05-26 11:05:00,1362.7,1362.9,1362.0,1362.0,10215
2026-05-26 11:06:00,1362.0,1362.5,1361.7,1361.8,22938
2026-05-26 11:07:00,1361.8,1362.7,1361.7,1362.3,7660
2026-05-26 11:08:00,1362.8,1362.9,1362.4,1362.5,3504
2026-05-26 11:09:00,1362.9,1363.0,1362.5,1362.9,2328
2026-05-26 11:10:00,1362.9,1362.9,1362.5,1362.5,6235
2026-05-26 11:11:00,1362.6,1363.5,1362.6,1363.2,22553
2026-05-26 11:12:00,1363.0,1363.2,1362.6,1363.1,6441
2026-05-26 11:13:00,1363.1,1363.2,1362.6,1363.0,3145
2026-05-26 11:14:00,1363.0,1363.0,1362.2,1362.2,20685
2026-05-26 11:15:00,1362.2,1362.5,1361.4,1362.3,32984
2026-05-26 11:16:00,1362.0,1362.5,1361.7,1362.5,4394
2026-05-26 11:17:00,1362.5,1362.6,1362.0,1362.1,8709
2026-05-26 11:18:00,1361.6,1362.0,1361.5,1361.7,10964
2026-05-26 11:19:00,1361.7,1362.4,1361.6,1362.4,10595
2026-05-26 11:20:00,1362.4,1362.4,1362.0,1362.2,3352
2026-05-26 11:21:00,1362.2,1362.4,1361.7,1361.7,7982
2026-05-26 11:22:00,1361.6,1361.8,1361.0,1361.0,10821
2026-05-26 11:23:00,1361.5,1361.5,1360.7,1361.0,22006
2026-05-26 11:24:00,1361.5,1361.5,1360.9,1361.2,9344
2026-05-26 11:25:00,1361.3,1361.3,1360.5,1361.0,16630
2026-05-26 11:26:00,1361.0,1361.1,1360.6,1360.8,3175
2026-05-26 11:27:00,1360.9,1361.7,1360.9,1361.0,13071
2026-05-26 11:28:00,1361.0,1361.6,1361.0,1361.5,3517
2026-05-26 11:29:00,1361.5,1361.6,1361.0,1361.3,4530
2026-05-26 11:30:00,1361.0,1361.5,1360.5,1360.6,6578
2026-05-26 11:31:00,1360.6,1361.4,1360.5,1360.9,4268
2026-05-26 11:32:00,1361.4,1361.8,1360.9,1361.2,3042
2026-05-26 11:33:00,1361.8,1361.9,1360.8,1361.9,12924
2026-05-26 11:34:00,1361.3,1362.2,1361.3,1361.4,11423
2026-05-26 11:35:00,1361.9,1362.6,1361.4,1362.3,16937
2026-05-26 11:36:00,1362.4,1362.6,1361.8,1361.9,16686
2026-05-26 11:37:00,1361.9,1362.7,1361.9,1362.1,16345
2026-05-26 11:38:00,1362.1,1362.8,1361.8,1362.3,15387
2026-05-26 11:39:00,1362.6,1362.8,1361.8,1362.5,26102
2026-05-26 11:40:00,1362.6,1362.7,1362.0,1362.1,8518
2026-05-26 11:41:00,1362.2,1363.3,1361.9,1362.6,32827
2026-05-26 11:42:00,1362.9,1363.2,1362.0,1362.7,19580
2026-05-26 11:43:00,1362.6,1362.6,1361.7,1361.7,3251
2026-05-26 11:44:00,1361.6,1362.0,1361.2,1361.6,3224
2026-05-26 11:45:00,1361.6,1362.4,1361.4,1362.4,40685
2026-05-26 11:46:00,1362.5,1362.6,1361.7,1361.7,34735
2026-05-26 11:47:00,1362.3,1362.6,1362.3,1362.5,7080
2026-05-26 11:48:00,1362.5,1362.5,1362.0,1362.4,9593
2026-05-26 11:49:00,1362.5,1362.5,1361.6,1361.9,10243
2026-05-26 11:50:00,1361.9,1362.4,1361.5,1361.5,5393
2026-05-26 11:51:00,1361.6,1362.8,1361.6,1362.1,62565
2026-05-26 11:52:00,1362.3,1363.3,1362.0,1362.9,32296
2026-05-26 11:53:00,1362.9,1363.1,1361.9,1362.9,21744
2026-05-26 11:54:00,1363.1,1363.1,1362.0,1362.8,22377
2026-05-26 11:55:00,1362.7,1362.8,1362.0,1362.6,3596
2026-05-26 11:56:00,1362.5,1362.7,1362.1,1362.5,8328
2026-05-26 11:57:00,1362.5,1362.6,1362.0,1362.0,18916
2026-05-26 11:58:00,1362.5,1364.0,1361.7,1361.7,69601
2026-05-26 11:59:00,1362.0,1362.9,1361.7,1362.5,2812
2026-05-26 12:00:00,1362.5,1362.6,1361.9,1361.9,14180
2026-05-26 12:01:00,1362.4,1363.1,1361.9,1362.2,59626
2026-05-26 12:02:00,1362.0,1363.0,1361.9,1362.0,51340
2026-05-26 12:03:00,1362.2,1362.2,1361.4,1361.9,10873
2026-05-26 12:04:00,1362.0,1362.4,1362.0,1362.3,2389
2026-05-26 12:05:00,1362.4,1362.9,1362.2,1362.6,38920
2026-05-26 12:06:00,1363.2,1363.3,1362.1,1362.6,8592
2026-05-26 12:07:00,1362.6,1362.9,1362.2,1362.9,16026
2026-05-26 12:08:00,1362.9,1362.9,1362.0,1362.1,4901
2026-05-26 12:09:00,1362.6,1362.6,1362.0,1362.6,4682
2026-05-26 12:10:00,1362.7,1362.7,1362.1,1362.1,3490
2026-05-26 12:11:00,1362.5,1362.5,1362.0,1362.0,2482
2026-05-26 12:12:00,1362.0,1362.4,1362.0,1362.0,6052
2026-05-26 12:13:00,1361.8,1362.0,1361.6,1361.8,10624
2026-05-26 12:14:00,1362.0,1362.0,1361.5,1362.0,3990
2026-05-26 12:15:00,1361.5,1362.1,1361.2,1361.4,6665
2026-05-26 12:16:00,1361.4,1362.2,1361.4,1362.0,6454
2026-05-26 12:17:00,1362.0,1362.2,1361.6,1362.1,6528
2026-05-26 12:18:00,1361.6,1362.5,1361.6,1362.5,16662
2026-05-26 12:19:00,1362.0,1362.5,1361.6,1362.0,3372
2026-05-26 12:20:00,1362.5,1362.8,1361.7,1362.4,10771
2026-05-26 12:21:00,1362.4,1362.8,1362.1,1362.6,8906
2026-05-26 12:22:00,1362.6,1362.7,1361.8,1362.5,12103
2026-05-26 12:23:00,1362.1,1362.6,1361.9,1362.5,3567
2026-05-26 12:24:00,1362.0,1362.6,1361.9,1362.1,3253
2026-05-26 12:25:00,1362.3,1362.4,1361.8,1362.0,2990
2026-05-26 12:26:00,1362.1,1362.3,1361.6,1362.0,2585
2026-05-26 12:27:00,1361.6,1362.1,1361.4,1361.4,2617
2026-05-26 12:28:00,1361.4,1361.6,1361.1,1361.2,6787
2026-05-26 12:29:00,1361.4,1361.4,1360.3,1360.4,16886
2026-05-26 12:30:00,1360.9,1361.4,1360.0,1361.4,51659
2026-05-26 12:31:00,1361.4,1361.7,1360.8,1361.0,10544
2026-05-26 12:32:00,1361.0,1361.5,1360.9,1361.4,3017
2026-05-26 12:33:00,1361.0,1361.4,1361.0,1361.3,4401
2026-05-26 12:34:00,1361.3,1361.3,1360.2,1360.8,4611
2026-05-26 12:35:00,1361.0,1361.1,1360.0,1360.0,6383
2026-05-26 12:36:00,1360.4,1360.9,1360.0,1360.3,5720
2026-05-26 12:37:00,1360.3,1361.0,1360.3,1360.6,14117
2026-05-26 12:38:00,1360.0,1361.1,1360.0,1361.0,15041
2026-05-26 12:39:00,1361.0,1361.3,1360.0,1360.9,26471
2026-05-26 12:40:00,1360.9,1360.9,1360.0,1360.0,30115
2026-05-26 12:41:00,1360.0,1360.1,1359.1,1359.5,32833
2026-05-26 12:42:00,1359.6,1360.4,1358.8,1358.8,27774
2026-05-26 12:43:00,1358.8,1359.0,1358.4,1358.7,13532
2026-05-26 12:44:00,1358.7,1359.6,1358.7,1359.2,9759
2026-05-26 12:45:00,1359.2,1359.6,1358.0,1358.4,43363
2026-05-26 12:46:00,1358.4,1358.6,1357.2,1357.2,21854
2026-05-26 12:47:00,1357.5,1357.8,1357.1,1357.4,25556
2026-05-26 12:48:00,1357.4,1357.5,1356.7,1356.7,58649
2026-05-26 12:49:00,1356.2,1357.0,1355.8,1356.6,44433
2026-05-26 12:50:00,1356.8,1357.0,1355.5,1355.6,8112
2026-05-26 12:51:00,1355.5,1356.1,1355.0,1355.1,30026
2026-05-26 12:52:00,1355.2,1356.1,1355.1,1356.1,24228
2026-05-26 12:53:00,1355.7,1357.5,1355.6,1357.1,34215
2026-05-26 12:54:00,1357.3,1359.2,1357.1,1359.0,28319
2026-05-26 12:55:00,1358.6,1359.0,1358.6,1358.8,7488
2026-05-26 12:56:00,1358.8,1359.0,1358.6,1358.7,8475
2026-05-26 12:57:00,1358.6,1360.5,1358.6,1359.7,66782
2026-05-26 12:58:00,1359.7,1360.5,1359.5,1360.3,23400
2026-05-26 12:59:00,1360.1,1360.8,1360.0,1360.8,19760
2026-05-26 13:00:00,1360.7,1360.8,1358.9,1358.9,37563
2026-05-26 13:01:00,1358.8,1360.0,1358.4,1359.8,113537
2026-05-26 13:02:00,1359.7,1360.0,1359.0,1359.1,9979
2026-05-26 13:03:00,1359.1,1360.0,1358.6,1359.3,25919
2026-05-26 13:04:00,1359.6,1359.6,1358.5,1358.5,7692
2026-05-26 13:05:00,1358.8,1360.1,1358.2,1359.9,68494
2026-05-26 13:06:00,1359.7,1360.6,1359.3,1359.6,48489
2026-05-26 13:07:00,1359.9,1360.2,1359.2,1359.9,35166
2026-05-26 13:08:00,1359.8,1359.8,1358.8,1359.7,10669
2026-05-26 13:09:00,1359.3,1361.0,1359.0,1360.5,66158
2026-05-26 13:10:00,1360.8,1361.2,1360.2,1361.1,21481
2026-05-26 13:11:00,1361.0,1361.8,1361.0,1361.8,15255
2026-05-26 13:12:00,1361.3,1361.8,1361.0,1361.0,5438
2026-05-26 13:13:00,1361.0,1361.6,1361.0,1361.2,3593
2026-05-26 13:14:00,1361.6,1361.6,1361.0,1361.4,7971
2026-05-26 13:15:00,1361.3,1361.7,1361.0,1361.5,64246
2026-05-26 13:16:00,1361.7,1362.0,1361.4,1361.8,24219
2026-05-26 13:17:00,1362.0,1362.5,1362.0,1362.0,8730
2026-05-26 13:18:00,1362.1,1362.5,1361.9,1361.9,24890
2026-05-26 13:19:00,1362.4,1362.5,1362.0,1362.2,21948
2026-05-26 13:20:00,1362.3,1362.9,1362.0,1362.0,43517
2026-05-26 13:21:00,1362.0,1362.5,1361.6,1362.1,44516
2026-05-26 13:22:00,1362.1,1362.3,1361.6,1361.7,8401
2026-05-26 13:23:00,1361.6,1362.0,1360.5,1360.6,65886
2026-05-26 13:24:00,1360.8,1360.9,1359.1,1359.1,144382
2026-05-26 13:25:00,1359.2,1360.1,1359.2,1359.5,71706
2026-05-26 13:26:00,1359.1,1360.9,1359.1,1360.9,67136
2026-05-26 13:27:00,1360.9,1362.4,1360.9,1362.1,185550
2026-05-26 13:28:00,1362.1,1362.8,1361.7,1362.1,234160
2026-05-26 13:29:00,1361.8,1362.9,1361.5,1362.3,68964
2026-05-26 13:30:00,1362.3,1363.4,1362.1,1362.2,83088
2026-05-26 13:31:00,1362.2,1363.0,1361.2,1362.8,69683
2026-05-26 13:32:00,1362.7,1362.9,1360.7,1361.1,35877
2026-05-26 13:33:00,1361.4,1362.1,1360.9,1361.5,39599
2026-05-26 13:34:00,1361.4,1362.1,1361.2,1362.0,28068
2026-05-26 13:35:00,1362.0,1362.2,1361.4,1361.6,8727
2026-05-26 13:36:00,1361.6,1362.1,1361.6,1361.8,18443
2026-05-26 13:37:00,1361.9,1361.9,1361.5,1361.6,12305
2026-05-26 13:38:00,1361.6,1361.7,1360.6,1361.2,16084
2026-05-26 13:39:00,1361.3,1361.5,1361.2,1361.2,9915
2026-05-26 13:40:00,1361.2,1361.9,1360.5,1360.7,17544
2026-05-26 13:41:00,1361.2,1361.5,1360.5,1361.2,10778
2026-05-26 13:42:00,1360.8,1361.6,1360.7,1361.0,18550
2026-05-26 13:43:00,1361.5,1361.6,1360.8,1360.8,7493
2026-05-26 13:44:00,1360.8,1361.4,1360.2,1360.2,8461
2026-05-26 13:45:00,1361.0,1361.5,1360.8,1361.2,38608
2026-05-26 13:46:00,1361.3,1361.4,1360.0,1361.3,54564
2026-05-26 13:47:00,1361.3,1361.4,1360.0,1360.2,32293
2026-05-26 13:48:00,1360.2,1361.0,1359.6,1359.9,29058
2026-05-26 13:49:00,1360.4,1360.4,1359.4,1359.6,23523
2026-05-26 13:50:00,1359.6,1359.8,1357.9,1358.5,23841
2026-05-26 13:51:00,1358.7,1359.0,1358.2,1358.2,13920
2026-05-26 13:52:00,1358.0,1358.4,1357.5,1357.6,12120
2026-05-26 13:53:00,1357.5,1358.2,1357.2,1357.4,15259
2026-05-26 13:54:00,1357.8,1358.8,1357.1,1358.8,16684
2026-05-26 13:55:00,1358.3,1358.9,1358.3,1358.3,14089
2026-05-26 13:56:00,1358.4,1358.7,1358.3,1358.6,4689
2026-05-26 13:57:00,1358.8,1358.8,1358.2,1358.3,6333
2026-05-26 13:58:00,1358.5,1358.5,1357.2,1357.8,17764
2026-05-26 13:59:00,1357.8,1358.5,1357.7,1358.0,10627
2026-05-26 14:00:00,1358.0,1358.3,1357.4,1357.4,10870
2026-05-26 14:01:00,1357.4,1357.7,1357.0,1357.0,6593
2026-05-26 14:02:00,1357.0,1357.4,1357.0,1357.4,10098
2026-05-26 14:03:00,1357.3,1357.6,1356.2,1356.2,10763
2026-05-26 14:04:00,1356.6,1357.2,1356.6,1357.2,30824
2026-05-26 14:05:00,1357.1,1357.2,1356.6,1356.6,35012
2026-05-26 14:06:00,1357.1,1357.9,1356.7,1357.5,17518
2026-05-26 14:07:00,1357.5,1358.8,1357.5,1358.1,48718
2026-05-26 14:08:00,1358.2,1358.7,1358.1,1358.2,89073
2026-05-26 14:09:00,1358.6,1358.6,1356.6,1357.0,21923
2026-05-26 14:10:00,1357.0,1357.0,1355.4,1355.4,33920
2026-05-26 14:11:00,1355.3,1355.8,1355.1,1355.2,27495
2026-05-26 14:12:00,1355.1,1356.5,1355.1,1356.0,682107
2026-05-26 14:13:00,1356.0,1356.3,1355.7,1355.7,6460
2026-05-26 14:14:00,1356.2,1356.3,1355.5,1356.2,4487
2026-05-26 14:15:00,1356.4,1356.5,1356.0,1356.3,5614
2026-05-26 14:16:00,1356.3,1356.4,1356.0,1356.1,5968
2026-05-26 14:17:00,1356.1,1357.4,1356.0,1356.6,12312
2026-05-26 14:18:00,1357.0,1357.4,1356.7,1356.7,6522
2026-05-26 14:19:00,1357.0,1357.9,1356.6,1357.5,56625
2026-05-26 14:20:00,1357.9,1357.9,1357.5,1357.6,6771
2026-05-26 14:21:00,1357.5,1358.0,1357.5,1357.8,10657
2026-05-26 14:22:00,1357.8,1358.0,1357.5,1357.9,13825
2026-05-26 14:23:00,1357.9,1358.2,1357.5,1358.1,17928
2026-05-26 14:24:00,1358.0,1358.6,1357.7,1358.6,59959
2026-05-26 14:25:00,1358.6,1358.9,1358.0,1358.9,33965
2026-05-26 14:26:00,1358.8,1359.1,1358.3,1358.5,46985
2026-05-26 14:27:00,1358.5,1358.7,1356.3,1356.7,89167
2026-05-26 14:28:00,1356.8,1357.0,1356.1,1356.9,34169
2026-05-26 14:29:00,1356.8,1357.9,1356.3,1357.9,70104
2026-05-26 14:30:00,1357.9,1357.9,1357.0,1357.5,85637
2026-05-26 14:31:00,1357.7,1357.8,1357.2,1357.5,62875
2026-05-26 14:32:00,1357.5,1357.6,1357.0,1357.0,21591
2026-05-26 14:33:00,1357.0,1358.0,1357.0,1357.4,44173
2026-05-26 14:34:00,1357.7,1357.8,1357.0,1357.3,24995
2026-05-26 14:35:00,1357.3,1357.7,1356.5,1356.6,186570
2026-05-26 14:36:00,1356.6,1356.6,1355.1,1355.3,156913
2026-05-26 14:37:00,1355.3,1355.4,1354.0,1354.2,121573
2026-05-26 14:38:00,1354.8,1355.6,1354.5,1354.9,14545
2026-05-26 14:39:00,1355.4,1355.9,1354.9,1355.0,17415
2026-05-26 14:40:00,1354.6,1355.5,1354.5,1354.9,25520
2026-05-26 14:41:00,1354.5,1355.5,1354.5,1355.5,16539
2026-05-26 14:42:00,1355.0,1355.5,1355.0,1355.2,15975
2026-05-26 14:43:00,1354.8,1355.9,1354.8,1355.5,46722
2026-05-26 14:44:00,1355.2,1355.9,1355.0,1355.4,36695
2026-05-26 14:45:00,1355.5,1355.5,1354.5,1354.9,13259
2026-05-26 14:46:00,1354.5,1355.5,1354.5,1355.3,14359
2026-05-26 14:47:00,1355.3,1355.4,1354.8,1355.3,12597
2026-05-26 14:48:00,1354.9,1355.4,1354.5,1354.5,8800
2026-05-26 14:49:00,1354.6,1355.2,1354.3,1354.9,29291
2026-05-26 14:50:00,1354.5,1355.0,1354.4,1354.9,7866
2026-05-26 14:51:00,1354.3,1355.2,1354.3,1354.5,29958
2026-05-26 14:52:00,1354.4,1355.0,1354.1,1354.3,16290
2026-05-26 14:53:00,1354.7,1355.0,1354.0,1354.0,22741
2026-05-26 14:54:00,1354.4,1354.8,1354.0,1354.8,15239
2026-05-26 14:55:00,1354.5,1355.0,1354.0,1354.4,30150
2026-05-26 14:56:00,1354.9,1355.2,1354.0,1354.5,65815
2026-05-26 14:57:00,1354.6,1355.7,1354.4,1355.6,21136
2026-05-26 14:58:00,1355.2,1356.1,1355.2,1355.4,19677
2026-05-26 14:59:00,1355.4,1355.4,1355.0,1355.3,9235
2026-05-26 15:00:00,1355.0,1355.1,1354.9,1355.1,84578
2026-05-26 15:01:00,1355.1,1355.3,1355.0,1355.1,29688
2026-05-26 15:02:00,1355.3,1355.5,1355.0,1355.5,153168
2026-05-26 15:03:00,1355.2,1357.4,1354.9,1355.6,320366
2026-05-26 15:04:00,1354.3,1355.6,1353.7,1355.6,195430
2026-05-26 15:05:00,1354.9,1356.4,1354.5,1354.7,228345
2026-05-26 15:06:00,1354.4,1354.8,1353.0,1354.1,375495
2026-05-26 15:07:00,1354.1,1356.4,1353.3,1355.9,283153
2026-05-26 15:08:00,1356.0,1358.2,1356.0,1358.2,393260
2026-05-26 15:09:00,1358.1,1360.0,1358.0,1360.0,494205
2026-05-26 15:10:00,1360.2,1360.2,1356.4,1357.1,284230
2026-05-26 15:11:00,1357.1,1357.9,1355.4,1356.3,248841
2026-05-26 15:12:00,1357.1,1357.7,1356.5,1357.1,110801
2026-05-26 15:13:00,1357.2,1357.8,1356.5,1356.9,68057
2026-05-26 15:14:00,1356.9,1356.9,1354.8,1354.8,71259
2026-05-26 15:15:00,1354.9,1355.7,1354.8,1355.6,71104
2026-05-26 15:16:00,1355.6,1356.1,1355.6,1356.1,81182
2026-05-26 15:17:00,1356.0,1356.1,1356.0,1356.0,63052
2026-05-26 15:18:00,1356.0,1356.4,1356.0,1356.3,79535
2026-05-26 15:19:00,1356.1,1356.1,1354.7,1355.0,56880
2026-05-26 15:20:00,1355.0,1355.2,1354.9,1355.2,32944
2026-05-26 15:21:00,1355.1,1355.9,1355.1,1355.6,46768
2026-05-26 15:22:00,1355.5,1356.2,1355.5,1356.2,88361
2026-05-26 15:23:00,1355.8,1356.1,1355.8,1355.9,73273
2026-05-26 15:24:00,1355.9,1356.0,1355.5,1355.7,68753
2026-05-26 15:25:00,1356.0,1356.2,1355.7,1355.9,67951
2026-05-26 15:26:00,1356.0,1356.8,1356.0,1356.6,89143
2026-05-26 15:27:00,1357.0,1358.4,1356.3,1356.6,93307
2026-05-26 15:28:00,1356.5,1357.3,1356.3,1357.0,68315
2026-05-26 15:29:00,1356.9,1357.0,1356.0,1357.0,29345
2026-05-27 09:15:00,1358.0,1358.0,1354.1,1355.9,0
2026-05-27 09:16:00,1356.5,1357.0,1356.0,1356.0,71348
2026-05-27 09:17:00,1356.7,1356.7,1353.8,1354.3,98941
2026-05-27 09:18:00,1354.5,1354.8,1351.4,1352.0,79339
2026-05-27 09:19:00,1352.3,1354.5,1352.0,1354.1,43499
2026-05-27 09:20:00,1354.1,1357.7,1354.0,1357.1,88791
2026-05-27 09:21:00,1357.5,1357.7,1356.2,1357.3,54020
2026-05-27 09:22:00,1357.1,1357.4,1356.1,1356.9,13551
2026-05-27 09:23:00,1355.9,1356.4,1355.7,1356.4,38970
2026-05-27 09:24:00,1356.1,1356.4,1355.1,1356.0,44514
2026-05-27 09:25:00,1356.0,1356.0,1354.5,1354.8,30266
2026-05-27 09:26:00,1354.8,1355.3,1354.5,1355.2,11317
2026-05-27 09:27:00,1355.0,1355.0,1354.1,1354.1,22339
2026-05-27 09:28:00,1354.1,1354.2,1353.9,1353.9,35003
2026-05-27 09:29:00,1353.5,1356.7,1353.4,1356.7,46157
2026-05-27 09:30:00,1355.8,1356.1,1353.4,1354.0,50217
2026-05-27 09:31:00,1353.4,1354.0,1353.1,1353.1,15509
2026-05-27 09:32:00,1353.1,1353.7,1352.5,1352.5,20542
2026-05-27 09:33:00,1352.5,1353.6,1352.2,1352.7,64754
2026-05-27 09:34:00,1352.8,1353.7,1352.0,1352.1,54225
2026-05-27 09:35:00,1352.0,1352.4,1351.3,1352.2,31915
2026-05-27 09:36:00,1352.0,1352.5,1351.5,1351.5,33968
2026-05-27 09:37:00,1351.3,1351.6,1350.9,1351.6,61165
2026-05-27 09:38:00,1351.6,1352.8,1351.6,1352.8,37283
2026-05-27 09:39:00,1352.9,1354.9,1352.8,1353.5,45955
2026-05-27 09:40:00,1353.7,1354.3,1353.4,1353.5,11677
2026-05-27 09:41:00,1353.5,1355.0,1353.5,1354.6,28475
2026-05-27 09:42:00,1354.9,1356.0,1354.6,1355.5,30357
2026-05-27 09:43:00,1355.5,1356.0,1355.5,1355.8,12782
2026-05-27 09:44:00,1355.8,1357.0,1355.8,1357.0,20505
2026-05-27 09:45:00,1356.7,1357.5,1356.0,1356.0,46854
2026-05-27 09:46:00,1356.0,1356.3,1355.7,1356.1,36009
2026-05-27 09:47:00,1356.3,1358.9,1356.3,1358.5,37946
2026-05-27 09:48:00,1358.5,1359.9,1358.5,1359.5,38309
2026-05-27 09:49:00,1359.4,1359.6,1358.7,1359.2,37496
2026-05-27 09:50:00,1359.4,1359.4,1359.0,1359.3,9415
2026-05-27 09:51:00,1359.3,1359.7,1358.7,1359.0,53177
2026-05-27 09:52:00,1358.8,1359.0,1358.5,1358.5,17885
2026-05-27 09:53:00,1359.0,1359.0,1357.5,1357.5,36886
2026-05-27 09:54:00,1358.0,1358.3,1356.2,1356.9,58450
2026-05-27 09:55:00,1356.4,1357.6,1356.2,1356.3,31828
2026-05-27 09:56:00,1356.3,1357.8,1356.3,1356.5,20594
2026-05-27 09:57:00,1356.5,1356.9,1355.1,1355.1,15460
2026-05-27 09:58:00,1355.5,1355.8,1355.4,1355.5,7403
2026-05-27 09:59:00,1355.5,1355.7,1355.5,1355.5,8567
2026-05-27 10:00:00,1355.4,1355.4,1354.3,1354.9,25060
2026-05-27 10:01:00,1354.8,1354.8,1354.3,1354.6,4977
2026-05-27 10:02:00,1354.7,1354.7,1354.3,1354.6,9653
2026-05-27 10:03:00,1354.6,1355.0,1354.2,1355.0,6388
2026-05-27 10:04:00,1354.8,1355.0,1354.6,1355.0,10535
2026-05-27 10:05:00,1355.2,1355.9,1355.2,1355.7,19413
2026-05-27 10:06:00,1356.0,1356.0,1355.1,1355.5,5623
2026-05-27 10:07:00,1355.0,1355.5,1354.9,1355.5,10619
2026-05-27 10:08:00,1355.8,1357.1,1355.4,1357.1,48337
2026-05-27 10:09:00,1357.1,1357.7,1356.6,1357.2,28039
2026-05-27 10:10:00,1357.7,1357.9,1357.0,1357.9,19779
2026-05-27 10:11:00,1358.3,1358.7,1357.1,1357.6,39677
2026-05-27 10:12:00,1358.0,1358.0,1357.0,1357.1,44698
2026-05-27 10:13:00,1357.1,1357.9,1356.2,1357.3,27813
2026-05-27 10:14:00,1357.5,1358.0,1357.1,1357.5,10732
2026-05-27 10:15:00,1357.8,1357.9,1356.8,1356.8,6983
2026-05-27 10:16:00,1356.5,1356.5,1355.8,1356.0,8286
2026-05-27 10:17:00,1356.0,1357.1,1356.0,1356.7,20173
2026-05-27 10:18:00,1356.7,1357.0,1356.1,1357.0,6870
2026-05-27 10:19:00,1357.0,1357.2,1356.8,1357.2,5698
2026-05-27 10:20:00,1357.2,1357.2,1356.1,1356.1,14733
2026-05-27 10:21:00,1356.1,1356.4,1356.1,1356.1,16153
2026-05-27 10:22:00,1355.4,1355.4,1354.2,1354.3,29032
2026-05-27 10:23:00,1354.3,1354.4,1354.1,1354.4,44094
2026-05-27 10:24:00,1354.2,1355.6,1354.2,1355.3,8901
2026-05-27 10:25:00,1355.3,1355.9,1355.3,1355.7,18719
2026-05-27 10:26:00,1355.7,1355.8,1355.3,1355.5,10458
2026-05-27 10:27:00,1355.5,1355.6,1354.8,1355.0,23877
2026-05-27 10:28:00,1354.9,1355.8,1354.9,1355.5,44701
2026-05-27 10:29:00,1355.5,1355.6,1354.9,1355.0,16119
2026-05-27 10:30:00,1355.5,1355.8,1354.9,1355.5,7774
2026-05-27 10:31:00,1355.8,1356.0,1355.4,1355.4,12293
2026-05-27 10:32:00,1355.4,1356.0,1355.1,1356.0,10434
2026-05-27 10:33:00,1356.0,1357.5,1355.4,1357.1,27523
2026-05-27 10:34:00,1357.5,1359.1,1357.0,1359.1,60379
2026-05-27 10:35:00,1359.1,1359.4,1358.1,1358.6,31005
2026-05-27 10:36:00,1358.7,1359.2,1358.3,1359.0,41571
2026-05-27 10:37:00,1358.9,1359.0,1358.5,1358.9,7706
2026-05-27 10:38:00,1358.6,1358.9,1358.4,1358.5,8883
2026-05-27 10:39:00,1358.4,1358.6,1358.2,1358.5,7571
2026-05-27 10:40:00,1358.1,1358.7,1358.1,1358.1,7499
2026-05-27 10:41:00,1358.4,1358.6,1358.0,1358.2,6541
2026-05-27 10:42:00,1358.1,1358.5,1357.2,1357.7,24836
2026-05-27 10:43:00,1357.7,1357.7,1356.7,1357.1,13390
2026-05-27 10:44:00,1357.1,1357.1,1355.8,1356.2,15892
2026-05-27 10:45:00,1356.1,1356.2,1355.1,1355.3,27487
2026-05-27 10:46:00,1355.8,1355.8,1352.6,1352.8,230879
2026-05-27 10:47:00,1353.1,1355.5,1352.5,1355.5,212478
2026-05-27 10:48:00,1355.5,1356.8,1355.2,1355.9,23338
2026-05-27 10:49:00,1356.3,1356.9,1355.6,1356.0,34365
2026-05-27 10:50:00,1356.6,1357.0,1355.6,1356.3,12337
2026-05-27 10:51:00,1356.3,1356.9,1356.0,1356.9,3758
2026-05-27 10:52:00,1357.0,1357.0,1356.5,1356.7,4967
2026-05-27 10:53:00,1357.1,1357.9,1357.1,1357.9,23014
2026-05-27 10:54:00,1357.9,1358.4,1357.6,1358.4,11563
2026-05-27 10:55:00,1357.8,1358.8,1357.8,1358.8,9540
2026-05-27 10:56:00,1358.8,1359.0,1358.3,1358.7,64220
2026-05-27 10:57:00,1358.7,1358.7,1357.6,1357.8,280305
2026-05-27 10:58:00,1358.0,1358.4,1357.8,1358.0,31549
2026-05-27 10:59:00,1357.9,1358.3,1357.4,1358.0,12828
2026-05-27 11:00:00,1358.3,1358.8,1357.9,1358.1,25120
2026-05-27 11:01:00,1358.1,1358.2,1357.9,1358.1,11407
2026-05-27 11:02:00,1357.9,1358.1,1357.7,1357.7,11861
2026-05-27 11:03:00,1357.4,1358.8,1357.2,1358.6,43412
2026-05-27 11:04:00,1358.7,1358.7,1357.9,1358.3,28225
2026-05-27 11:05:00,1358.3,1358.6,1358.3,1358.4,11315
2026-05-27 11:06:00,1358.4,1358.4,1358.3,1358.4,9364
2026-05-27 11:07:00,1358.3,1358.3,1357.3,1357.3,32450
2026-05-27 11:08:00,1357.3,1358.6,1357.3,1358.0,19981
2026-05-27 11:09:00,1358.2,1358.5,1357.5,1358.1,40146
2026-05-27 11:10:00,1358.3,1358.6,1358.1,1358.4,4783
2026-05-27 11:11:00,1358.4,1358.4,1357.6,1357.9,2835
2026-05-27 11:12:00,1357.9,1358.1,1356.9,1358.1,17079
2026-05-27 11:13:00,1358.0,1358.9,1357.9,1358.2,12876
2026-05-27 11:14:00,1358.5,1358.6,1358.3,1358.3,5158
2026-05-27 11:15:00,1358.4,1358.5,1357.6,1357.8,15065
2026-05-27 11:16:00,1357.8,1358.4,1357.6,1358.1,4479
2026-05-27 11:17:00,1358.1,1358.8,1357.7,1357.7,55100
2026-05-27 11:18:00,1357.7,1358.8,1357.4,1358.8,38938
2026-05-27 11:19:00,1358.8,1359.5,1358.8,1359.0,19559
2026-05-27 11:20:00,1359.0,1359.7,1359.0,1359.5,68294
2026-05-27 11:21:00,1359.5,1360.8,1359.0,1360.8,23463
2026-05-27 11:22:00,1360.4,1360.9,1360.0,1360.5,29885
2026-05-27 11:23:00,1360.7,1360.8,1359.5,1359.9,80890
2026-05-27 11:24:00,1360.0,1360.5,1359.9,1359.9,23708
2026-05-27 11:25:00,1360.0,1360.2,1359.5,1359.6,66141
2026-05-27 11:26:00,1359.6,1360.2,1359.0,1359.1,39523
2026-05-27 11:27:00,1359.4,1359.5,1358.7,1358.8,11854
2026-05-27 11:28:00,1358.8,1359.0,1358.1,1358.8,11245
2026-05-27 11:29:00,1358.8,1358.9,1358.1,1358.2,6346
2026-05-27 11:30:00,1358.6,1358.7,1358.5,1358.6,2971
2026-05-27 11:31:00,1358.2,1358.7,1358.0,1358.0,19839
2026-05-27 11:32:00,1357.8,1358.9,1357.8,1358.2,37314
2026-05-27 11:33:00,1358.8,1359.2,1358.3,1358.8,78399
2026-05-27 11:34:00,1358.7,1359.0,1357.6,1358.2,81817
2026-05-27 11:35:00,1358.3,1358.4,1357.0,1357.3,44542
2026-05-27 11:36:00,1357.9,1358.0,1357.0,1357.2,19360
2026-05-27 11:37:00,1356.9,1357.8,1356.9,1357.2,7287
2026-05-27 11:38:00,1357.5,1357.5,1356.7,1356.7,4431
2026-05-27 11:39:00,1356.4,1356.4,1355.2,1355.8,35760
2026-05-27 11:40:00,1356.0,1356.6,1355.7,1356.5,9018
2026-05-27 11:41:00,1356.5,1357.6,1356.4,1357.1,13405
2026-05-27 11:42:00,1357.2,1357.3,1356.9,1357.0,6864
2026-05-27 11:43:00,1357.0,1357.6,1356.2,1357.4,18322
2026-05-27 11:44:00,1357.4,1357.4,1356.6,1357.1,3212
2026-05-27 11:45:00,1357.5,1358.9,1357.1,1357.6,36728
2026-05-27 11:46:00,1357.5,1358.2,1357.5,1357.7,13461
2026-05-27 11:47:00,1357.8,1358.3,1357.4,1357.9,25861
2026-05-27 11:48:00,1358.2,1358.2,1357.0,1357.1,13443
2026-05-27 11:49:00,1357.0,1358.0,1356.5,1356.7,18930
2026-05-27 11:50:00,1356.8,1356.8,1356.5,1356.6,5095
2026-05-27 11:51:00,1356.6,1356.6,1355.6,1356.0,11682
2026-05-27 11:52:00,1355.9,1356.6,1355.8,1355.9,8285
2026-05-27 11:53:00,1355.8,1357.1,1355.8,1356.9,11720
2026-05-27 11:54:00,1356.7,1356.8,1356.1,1356.1,11040
2026-05-27 11:55:00,1356.3,1357.2,1356.0,1356.9,32035
2026-05-27 11:56:00,1356.9,1357.3,1356.7,1357.1,20863
2026-05-27 11:57:00,1357.4,1357.4,1356.6,1356.7,15710
2026-05-27 11:58:00,1356.7,1357.0,1356.3,1356.3,6334
2026-05-27 11:59:00,1356.6,1356.7,1356.3,1356.5,12671
2026-05-27 12:00:00,1356.1,1356.6,1356.0,1356.3,15751
2026-05-27 12:01:00,1356.3,1356.5,1356.1,1356.2,14066
2026-05-27 12:02:00,1356.1,1356.2,1355.7,1355.7,32391
2026-05-27 12:03:00,1355.9,1356.6,1355.4,1356.6,6079
2026-05-27 12:04:00,1356.6,1356.7,1356.2,1356.3,8672
2026-05-27 12:05:00,1356.2,1356.2,1355.7,1356.0,7730
2026-05-27 12:06:00,1355.5,1355.6,1355.4,1355.4,4022
2026-05-27 12:07:00,1355.2,1355.2,1355.1,1355.2,4846
2026-05-27 12:08:00,1355.0,1355.2,1354.5,1355.0,38227
2026-05-27 12:09:00,1354.8,1355.7,1354.8,1355.7,4204
2026-05-27 12:10:00,1355.7,1355.9,1355.6,1355.6,6345
2026-05-27 12:11:00,1355.4,1355.4,1354.9,1355.4,12548
2026-05-27 12:12:00,1355.4,1355.8,1354.6,1355.2,21146
2026-05-27 12:13:00,1355.2,1355.2,1355.0,1355.1,17700
2026-05-27 12:14:00,1355.1,1355.1,1354.7,1354.8,15561
2026-05-27 12:15:00,1355.0,1355.8,1355.0,1355.6,61600
2026-05-27 12:16:00,1355.5,1355.7,1355.1,1355.4,12762
2026-05-27 12:17:00,1355.4,1356.2,1355.1,1356.1,40158
2026-05-27 12:18:00,1355.8,1356.5,1355.6,1356.4,43733
2026-05-27 12:19:00,1356.5,1357.8,1356.5,1357.6,26954
2026-05-27 12:20:00,1357.8,1357.8,1356.3,1356.6,62956
2026-05-27 12:21:00,1356.5,1357.5,1356.3,1357.4,41822
2026-05-27 12:22:00,1357.7,1358.5,1357.2,1358.0,107482
2026-05-27 12:23:00,1357.4,1358.2,1356.8,1356.8,19681
2026-05-27 12:24:00,1356.7,1357.2,1356.3,1357.0,11483
2026-05-27 12:25:00,1356.5,1357.2,1356.0,1356.4,25027
2026-05-27 12:26:00,1355.8,1356.0,1355.3,1355.6,20325
2026-05-27 12:27:00,1355.4,1355.6,1354.7,1355.2,52468
2026-05-27 12:28:00,1355.4,1355.9,1354.8,1354.9,106985
2026-05-27 12:29:00,1354.7,1355.7,1354.7,1355.2,17432
2026-05-27 12:30:00,1354.8,1355.2,1354.7,1355.0,5083
2026-05-27 12:31:00,1355.0,1355.9,1355.0,1355.5,23164
2026-05-27 12:32:00,1354.8,1355.6,1354.8,1354.9,6871
2026-05-27 12:33:00,1355.0,1355.6,1354.5,1355.5,10645
2026-05-27 12:34:00,1355.5,1355.6,1354.7,1355.0,5743
2026-05-27 12:35:00,1355.0,1355.3,1354.7,1355.0,2974
2026-05-27 12:36:00,1355.0,1355.3,1354.9,1355.3,3025
2026-05-27 12:37:00,1355.1,1355.7,1354.8,1355.4,18816
2026-05-27 12:38:00,1355.8,1355.8,1355.1,1355.1,9339
2026-05-27 12:39:00,1355.2,1355.2,1354.5,1354.6,18552
2026-05-27 12:40:00,1354.6,1354.9,1354.6,1354.7,3326
2026-05-27 12:41:00,1354.7,1354.9,1354.7,1354.7,4664
2026-05-27 12:42:00,1354.9,1355.2,1353.9,1354.1,23434
2026-05-27 12:43:00,1354.5,1354.7,1353.9,1354.7,5832
2026-05-27 12:44:00,1354.7,1354.8,1354.4,1354.4,5042
2026-05-27 12:45:00,1354.4,1354.6,1354.2,1354.5,2025
2026-05-27 12:46:00,1354.5,1354.5,1354.2,1354.2,3049
2026-05-27 12:47:00,1354.4,1354.4,1353.9,1353.9,4899
2026-05-27 12:48:00,1353.8,1354.0,1353.8,1354.0,5709
2026-05-27 12:49:00,1354.0,1354.6,1353.9,1354.3,4465
2026-05-27 12:50:00,1354.3,1354.3,1354.1,1354.3,5921
2026-05-27 12:51:00,1354.3,1354.3,1354.1,1354.1,7435
2026-05-27 12:52:00,1353.9,1354.0,1353.1,1353.1,29241
2026-05-27 12:53:00,1352.7,1352.9,1352.5,1352.8,8870
2026-05-27 12:54:00,1352.8,1352.8,1352.2,1352.6,5220
2026-05-27 12:55:00,1352.6,1352.7,1352.5,1352.7,10176
2026-05-27 12:56:00,1352.9,1353.1,1352.6,1352.8,3930
2026-05-27 12:57:00,1353.1,1353.4,1352.9,1353.3,5653
2026-05-27 12:58:00,1353.3,1353.4,1353.1,1353.2,2607
2026-05-27 12:59:00,1353.2,1353.4,1353.2,1353.3,8170
2026-05-27 13:00:00,1353.3,1353.3,1353.0,1353.0,5533
2026-05-27 13:01:00,1353.0,1353.1,1352.7,1353.0,6530
2026-05-27 13:02:00,1352.8,1353.8,1352.7,1353.8,26380
2026-05-27 13:03:00,1353.8,1354.1,1353.4,1354.1,38867
2026-05-27 13:04:00,1353.8,1355.3,1353.8,1355.1,72433
2026-05-27 13:05:00,1355.0,1355.0,1353.8,1353.8,19169
2026-05-27 13:06:00,1354.2,1354.8,1354.0,1354.8,29296
2026-05-27 13:07:00,1354.8,1355.8,1354.5,1355.5,36870
2026-05-27 13:08:00,1355.8,1355.8,1355.2,1355.4,53469
2026-05-27 13:09:00,1355.8,1355.8,1354.9,1354.9,4349
2026-05-27 13:10:00,1355.0,1355.7,1354.4,1355.3,43997
2026-05-27 13:11:00,1355.1,1355.2,1354.2,1354.3,10466
2026-05-27 13:12:00,1354.4,1354.4,1354.0,1354.1,6151
2026-05-27 13:13:00,1354.1,1354.1,1353.2,1353.6,21469
2026-05-27 13:14:00,1353.4,1353.6,1353.3,1353.6,10281
2026-05-27 13:15:00,1353.6,1353.7,1353.5,1353.5,13696
2026-05-27 13:16:00,1353.5,1353.5,1353.4,1353.5,5510
2026-05-27 13:17:00,1353.5,1353.5,1353.4,1353.4,5427
2026-05-27 13:18:00,1353.3,1353.5,1353.3,1353.5,8093
2026-05-27 13:19:00,1353.5,1353.5,1352.7,1352.7,16488
2026-05-27 13:20:00,1352.7,1353.0,1352.6,1353.0,6982
2026-05-27 13:21:00,1353.0,1353.6,1352.9,1353.6,15576
2026-05-27 13:22:00,1353.5,1353.6,1353.1,1353.6,17226
2026-05-27 13:23:00,1353.6,1353.9,1353.1,1353.7,18587
2026-05-27 13:24:00,1353.7,1354.5,1353.6,1354.3,29417
2026-05-27 13:25:00,1354.3,1354.5,1354.2,1354.5,15723
2026-05-27 13:26:00,1354.5,1354.6,1354.3,1354.6,15257
2026-05-27 13:27:00,1354.6,1355.5,1354.5,1355.1,41733
2026-05-27 13:28:00,1355.1,1355.1,1355.0,1355.1,11589
2026-05-27 13:29:00,1355.0,1355.4,1355.0,1355.4,6137
2026-05-27 13:30:00,1355.4,1355.4,1355.1,1355.3,7653
2026-05-27 13:31:00,1355.3,1355.3,1355.1,1355.3,4474
2026-05-27 13:32:00,1355.4,1355.6,1355.4,1355.5,7207
2026-05-27 13:33:00,1355.5,1356.2,1355.5,1356.0,27289
2026-05-27 13:34:00,1356.0,1356.7,1356.0,1356.7,38093
2026-05-27 13:35:00,1356.7,1357.4,1356.6,1357.1,66255
2026-05-27 13:36:00,1357.1,1357.8,1357.0,1357.8,37222
2026-05-27 13:37:00,1357.8,1358.2,1357.1,1358.0,75465
2026-05-27 13:38:00,1358.0,1359.0,1357.9,1358.0,80923
2026-05-27 13:39:00,1358.6,1359.6,1357.9,1359.1,86042
2026-05-27 13:40:00,1359.0,1359.2,1358.1,1358.2,7843
2026-05-27 13:41:00,1358.1,1358.3,1357.2,1357.7,13015
2026-05-27 13:42:00,1357.7,1357.7,1356.1,1356.1,42512
2026-05-27 13:43:00,1356.2,1356.5,1355.8,1355.8,11569
2026-05-27 13:44:00,1355.7,1355.8,1355.1,1355.1,83897
2026-05-27 13:45:00,1355.1,1355.7,1354.5,1354.5,65783
2026-05-27 13:46:00,1354.8,1355.6,1354.5,1355.4,4871
2026-05-27 13:47:00,1355.4,1356.8,1355.0,1356.8,38315
2026-05-27 13:48:00,1356.9,1356.9,1355.6,1356.4,9528
2026-05-27 13:49:00,1356.1,1357.5,1356.0,1356.7,46967
2026-05-27 13:50:00,1356.6,1356.7,1356.3,1356.5,5271
2026-05-27 13:51:00,1356.7,1357.3,1356.5,1357.3,17228
2026-05-27 13:52:00,1357.3,1357.5,1357.0,1357.4,10313
2026-05-27 13:53:00,1357.4,1357.8,1357.4,1357.8,11943
2026-05-27 13:54:00,1357.8,1357.8,1357.7,1357.8,6177
2026-05-27 13:55:00,1357.8,1357.8,1357.5,1357.7,7453
2026-05-27 13:56:00,1357.7,1358.0,1357.2,1357.8,25992
2026-05-27 13:57:00,1357.8,1357.9,1357.5,1357.7,11501
2026-05-27 13:58:00,1357.8,1357.9,1357.3,1357.9,11365
2026-05-27 13:59:00,1357.8,1357.8,1357.2,1357.3,7949
2026-05-27 14:00:00,1357.4,1357.9,1357.4,1357.4,32868
2026-05-27 14:01:00,1357.2,1357.9,1357.2,1357.9,25112
2026-05-27 14:02:00,1357.6,1358.0,1357.1,1357.5,21868
2026-05-27 14:03:00,1357.5,1357.9,1356.9,1357.6,26890
2026-05-27 14:04:00,1357.6,1357.6,1356.5,1356.8,28773
2026-05-27 14:05:00,1356.8,1356.8,1356.4,1356.6,23708
2026-05-27 14:06:00,1356.2,1357.3,1356.0,1357.3,31125
2026-05-27 14:07:00,1357.3,1357.5,1356.3,1356.3,23591
2026-05-27 14:08:00,1356.8,1357.4,1356.6,1356.9,20685
2026-05-27 14:09:00,1356.9,1357.3,1356.2,1356.6,21839
2026-05-27 14:10:00,1356.9,1356.9,1356.1,1356.2,15844
2026-05-27 14:11:00,1356.2,1356.7,1356.0,1356.1,36395
2026-05-27 14:12:00,1356.0,1356.5,1355.6,1355.9,33664
2026-05-27 14:13:00,1355.9,1355.9,1355.6,1355.7,33109
2026-05-27 14:14:00,1355.7,1355.7,1355.2,1355.2,35842
2026-05-27 14:15:00,1355.2,1355.2,1353.6,1354.2,91917
2026-05-27 14:16:00,1354.4,1355.2,1354.2,1355.2,45257
2026-05-27 14:17:00,1355.2,1356.4,1355.0,1356.1,74543
2026-05-27 14:18:00,1356.5,1356.6,1355.1,1355.1,78289
2026-05-27 14:19:00,1355.1,1356.0,1355.1,1355.7,61492
2026-05-27 14:20:00,1356.0,1356.0,1355.6,1355.7,39649
2026-05-27 14:21:00,1355.7,1356.5,1355.7,1356.3,71635
2026-05-27 14:22:00,1356.5,1357.6,1356.0,1357.0,114120
2026-05-27 14:23:00,1357.0,1358.1,1357.0,1357.1,77561
2026-05-27 14:24:00,1357.0,1358.0,1356.9,1357.9,69779
2026-05-27 14:25:00,1358.0,1358.0,1355.5,1355.5,44533
2026-05-27 14:26:00,1355.5,1355.5,1353.7,1353.8,190219
2026-05-27 14:27:00,1353.6,1353.8,1351.9,1352.3,149880
2026-05-27 14:28:00,1352.0,1352.9,1351.6,1352.4,253897
2026-05-27 14:29:00,1352.9,1352.9,1352.0,1352.6,118615
2026-05-27 14:30:00,1352.6,1352.8,1352.1,1352.2,25674
2026-05-27 14:31:00,1352.2,1352.8,1352.2,1352.6,12227
2026-05-27 14:32:00,1352.7,1352.7,1352.0,1352.6,19799
2026-05-27 14:33:00,1352.6,1352.7,1352.4,1352.5,26042
2026-05-27 14:34:00,1352.5,1352.5,1351.6,1351.6,28220
2026-05-27 14:35:00,1351.6,1352.2,1351.4,1351.9,25980
2026-05-27 14:36:00,1351.9,1352.3,1351.1,1351.1,21277
2026-05-27 14:37:00,1351.1,1352.2,1351.0,1351.8,20741
2026-05-27 14:38:00,1352.0,1353.3,1351.7,1353.1,44967
2026-05-27 14:39:00,1353.2,1353.4,1352.3,1353.4,73858
2026-05-27 14:40:00,1353.3,1354.0,1352.8,1353.4,103671
2026-05-27 14:41:00,1353.6,1354.3,1353.0,1353.9,89922
2026-05-27 14:42:00,1353.6,1353.6,1350.8,1351.2,166433
2026-05-27 14:43:00,1350.9,1351.3,1350.1,1350.4,165300
2026-05-27 14:44:00,1350.6,1351.3,1350.0,1350.9,111453
2026-05-27 14:45:00,1350.8,1351.8,1350.3,1351.0,35501
2026-05-27 14:46:00,1351.3,1351.6,1350.7,1351.0,19619
2026-05-27 14:47:00,1351.3,1351.4,1350.2,1350.3,48809
2026-05-27 14:48:00,1350.3,1351.3,1350.2,1350.7,32094
2026-05-27 14:49:00,1350.8,1351.4,1350.5,1351.2,20947
2026-05-27 14:50:00,1351.2,1351.4,1350.1,1350.9,17729
2026-05-27 14:51:00,1351.1,1351.1,1350.0,1350.5,32299
2026-05-27 14:52:00,1350.5,1350.9,1349.0,1349.8,204255
2026-05-27 14:53:00,1349.7,1351.6,1349.7,1350.0,163730
2026-05-27 14:54:00,1350.1,1350.7,1349.5,1349.7,39045
2026-05-27 14:55:00,1349.8,1350.6,1349.3,1349.8,75506
2026-05-27 14:56:00,1350.0,1350.1,1349.8,1349.8,18176
2026-05-27 14:57:00,1349.9,1350.4,1349.8,1349.9,45108
2026-05-27 14:58:00,1350.0,1350.4,1349.8,1350.0,29656
2026-05-27 14:59:00,1350.0,1350.5,1349.8,1350.5,23207
2026-05-27 15:00:00,1350.3,1350.6,1350.0,1350.0,48499
2026-05-27 15:01:00,1349.8,1350.1,1349.8,1350.0,27885
2026-05-27 15:02:00,1350.0,1350.0,1348.8,1349.9,132511
2026-05-27 15:03:00,1349.8,1350.9,1349.3,1349.9,142628
2026-05-27 15:04:00,1349.8,1350.0,1349.5,1349.6,34858
2026-05-27 15:05:00,1349.5,1349.7,1348.7,1348.8,52180
2026-05-27 15:06:00,1348.9,1349.6,1348.6,1349.6,34334
2026-05-27 15:07:00,1349.6,1349.9,1348.9,1349.5,72670
2026-05-27 15:08:00,1349.5,1349.5,1348.6,1348.9,88254
2026-05-27 15:09:00,1349.3,1350.0,1348.9,1349.7,52125
2026-05-27 15:10:00,1349.8,1350.0,1349.5,1349.8,26375
2026-05-27 15:11:00,1349.9,1350.0,1349.2,1349.3,80581
2026-05-27 15:12:00,1349.4,1351.8,1349.4,1351.8,139586
2026-05-27 15:13:00,1351.7,1352.2,1350.4,1350.4,117174
2026-05-27 15:14:00,1350.7,1350.9,1350.2,1350.7,36060
2026-05-27 15:15:00,1350.6,1351.2,1350.6,1351.0,33341
2026-05-27 15:16:00,1351.1,1351.5,1350.0,1351.5,201965
2026-05-27 15:17:00,1351.1,1351.3,1350.8,1351.0,53954
2026-05-27 15:18:00,1351.0,1351.3,1350.8,1351.1,54898
2026-05-27 15:19:00,1351.2,1352.0,1350.8,1351.1,80897
2026-05-27 15:20:00,1351.1,1351.4,1351.0,1351.3,51402
2026-05-27 15:21:00,1351.4,1351.5,1351.0,1351.5,34938
2026-05-27 15:22:00,1351.5,1351.6,1351.1,1351.6,29657
2026-05-27 15:23:00,1351.7,1351.7,1351.3,1351.5,23334
2026-05-27 15:24:00,1351.6,1351.8,1351.1,1351.3,42366
2026-05-27 15:25:00,1351.3,1351.5,1351.0,1351.4,44501
2026-05-27 15:26:00,1351.5,1351.5,1351.2,1351.3,39425
2026-05-27 15:27:00,1351.4,1352.9,1351.4,1352.7,67424
2026-05-27 15:28:00,1352.7,1354.0,1352.5,1353.0,48231
2026-05-27 15:29:00,1352.4,1353.1,1352.0,1352.9,18298
2026-05-29 09:15:00,1364.0,1368.4,1361.8,1368.4,0
2026-05-29 09:16:00,1368.4,1368.5,1362.3,1364.8,208266
2026-05-29 09:17:00,1364.7,1367.5,1364.3,1365.9,147340
2026-05-29 09:18:00,1366.0,1366.3,1361.7,1362.4,169931
2026-05-29 09:19:00,1362.4,1362.8,1359.4,1359.6,122361
2026-05-29 09:20:00,1359.9,1359.9,1356.4,1356.7,103988
2026-05-29 09:21:00,1357.0,1358.0,1355.7,1355.9,93084
2026-05-29 09:22:00,1355.9,1356.3,1355.6,1355.8,87536
2026-05-29 09:23:00,1355.8,1356.6,1355.2,1355.2,86592
2026-05-29 09:24:00,1354.8,1354.9,1351.5,1351.5,290814
2026-05-29 09:25:00,1351.5,1352.8,1351.4,1352.3,127603
2026-05-29 09:26:00,1351.8,1352.3,1351.0,1352.0,183433
2026-05-29 09:27:00,1351.9,1351.9,1351.0,1351.0,71554
2026-05-29 09:28:00,1350.5,1351.1,1348.7,1349.7,121675
2026-05-29 09:29:00,1349.8,1351.4,1349.4,1351.0,67503
2026-05-29 09:30:00,1351.2,1351.3,1349.6,1349.6,66268
2026-05-29 09:31:00,1349.6,1350.8,1349.2,1350.6,35114
2026-05-29 09:32:00,1350.6,1351.3,1350.1,1350.5,63193
2026-05-29 09:33:00,1350.5,1351.5,1350.5,1350.9,69869
2026-05-29 09:34:00,1350.9,1351.1,1350.2,1350.8,51220
2026-05-29 09:35:00,1350.8,1351.1,1350.6,1351.0,28185
2026-05-29 09:36:00,1351.0,1351.6,1351.0,1351.6,44626
2026-05-29 09:37:00,1351.6,1352.1,1351.5,1352.1,49935
2026-05-29 09:38:00,1352.1,1352.1,1350.9,1351.0,61958
2026-05-29 09:39:00,1351.1,1351.9,1350.9,1351.4,38543
2026-05-29 09:40:00,1351.4,1351.5,1350.6,1351.0,41594
2026-05-29 09:41:00,1351.0,1351.0,1350.0,1350.1,34558
2026-05-29 09:42:00,1350.1,1350.7,1350.0,1350.5,24496
2026-05-29 09:43:00,1350.4,1350.5,1349.7,1349.8,38866
2026-05-29 09:44:00,1349.7,1349.8,1348.6,1349.3,61706
2026-05-29 09:45:00,1349.4,1351.1,1349.0,1350.5,43549
2026-05-29 09:46:00,1350.6,1350.8,1350.3,1350.6,14569
2026-05-29 09:47:00,1350.4,1351.0,1350.4,1350.7,18051
2026-05-29 09:48:00,1350.6,1350.8,1350.4,1350.7,20193
2026-05-29 09:49:00,1350.8,1350.8,1350.7,1350.8,21313
2026-05-29 09:50:00,1350.7,1351.0,1350.6,1350.7,27847
2026-05-29 09:51:00,1350.9,1351.0,1350.7,1351.0,23786
2026-05-29 09:52:00,1350.9,1351.5,1350.9,1351.2,47399
2026-05-29 09:53:00,1351.1,1351.2,1350.8,1351.0,18757
2026-05-29 09:54:00,1351.1,1351.2,1350.8,1351.0,32271
2026-05-29 09:55:00,1350.7,1350.7,1349.6,1349.7,50111
2026-05-29 09:56:00,1349.8,1350.6,1349.7,1350.5,17407
2026-05-29 09:57:00,1350.3,1351.0,1350.3,1350.7,24150
2026-05-29 09:58:00,1350.8,1350.8,1349.7,1350.2,27609
2026-05-29 09:59:00,1350.2,1350.5,1349.8,1350.4,8361
2026-05-29 10:00:00,1350.4,1350.7,1350.2,1350.3,27933
2026-05-29 10:01:00,1350.6,1350.6,1349.9,1349.9,25679
2026-05-29 10:02:00,1349.8,1350.0,1349.2,1350.0,36416
2026-05-29 10:03:00,1350.0,1351.4,1350.0,1351.0,31450
2026-05-29 10:04:00,1350.7,1352.0,1350.7,1352.0,31397
2026-05-29 10:05:00,1352.0,1352.6,1351.8,1352.3,40808
2026-05-29 10:06:00,1352.3,1352.4,1352.1,1352.4,14080
2026-05-29 10:07:00,1352.4,1353.2,1352.3,1352.8,44902
2026-05-29 10:08:00,1352.8,1352.8,1352.7,1352.8,19488
2026-05-29 10:09:00,1352.7,1353.4,1352.6,1352.6,84248
2026-05-29 10:10:00,1352.1,1353.3,1350.2,1350.8,476163
2026-05-29 10:11:00,1350.7,1351.4,1350.0,1350.1,223617
2026-05-29 10:12:00,1350.1,1350.8,1349.8,1349.9,61509
2026-05-29 10:13:00,1350.2,1350.5,1349.9,1350.0,34648
2026-05-29 10:14:00,1350.0,1350.5,1349.9,1350.0,45205
2026-05-29 10:15:00,1350.1,1350.1,1349.9,1349.9,17546
2026-05-29 10:16:00,1349.9,1350.4,1347.5,1348.6,127937
2026-05-29 10:17:00,1348.2,1349.0,1348.2,1348.7,29910
2026-05-29 10:18:00,1348.7,1348.8,1348.5,1348.8,22282
2026-05-29 10:19:00,1348.8,1349.3,1348.7,1349.0,21155
2026-05-29 10:20:00,1349.2,1349.5,1349.0,1349.4,10026
2026-05-29 10:21:00,1349.4,1349.9,1349.2,1349.8,19167
2026-05-29 10:22:00,1349.8,1349.9,1349.2,1349.4,22116
2026-05-29 10:23:00,1349.4,1349.4,1347.4,1348.0,93492
2026-05-29 10:24:00,1347.5,1348.0,1344.5,1345.6,336792
2026-05-29 10:25:00,1345.9,1346.9,1345.0,1345.7,171113
2026-05-29 10:26:00,1345.9,1346.0,1344.9,1345.3,57870
2026-05-29 10:27:00,1345.3,1346.0,1344.9,1345.0,62610
2026-05-29 10:28:00,1345.2,1345.5,1344.9,1345.3,47806
2026-05-29 10:29:00,1345.2,1345.2,1344.7,1345.1,33867
2026-05-29 10:30:00,1345.0,1345.1,1344.2,1344.6,42536
2026-05-29 10:31:00,1344.7,1345.5,1344.6,1345.1,34836
2026-05-29 10:32:00,1345.5,1347.6,1345.5,1347.4,30029
2026-05-29 10:33:00,1347.4,1348.2,1347.3,1348.2,32091
2026-05-29 10:34:00,1348.2,1349.8,1348.1,1349.8,66564
2026-05-29 10:35:00,1349.8,1349.8,1347.7,1348.2,70011
2026-05-29 10:36:00,1348.2,1349.0,1348.0,1348.6,106058
2026-05-29 10:37:00,1348.6,1348.6,1347.9,1348.0,38656
2026-05-29 10:38:00,1348.1,1348.5,1347.5,1348.2,34091
2026-05-29 10:39:00,1348.2,1348.4,1347.9,1348.1,26238
2026-05-29 10:40:00,1347.6,1347.8,1347.3,1347.3,38414
2026-05-29 10:41:00,1347.2,1347.3,1346.7,1347.3,32354
2026-05-29 10:42:00,1347.4,1347.4,1345.3,1345.8,91834
2026-05-29 10:43:00,1345.8,1346.2,1345.0,1345.3,123954
2026-05-29 10:44:00,1345.1,1346.0,1344.9,1345.2,21002
2026-05-29 10:45:00,1345.3,1345.3,1344.9,1345.0,37363
2026-05-29 10:46:00,1345.0,1345.0,1344.5,1344.5,36008
2026-05-29 10:47:00,1344.5,1344.6,1344.4,1344.6,39470
2026-05-29 10:48:00,1344.7,1345.1,1344.7,1345.0,43705
2026-05-29 10:49:00,1344.9,1345.4,1344.6,1345.0,14674
2026-05-29 10:50:00,1345.0,1345.2,1345.0,1345.1,11224
2026-05-29 10:51:00,1345.1,1345.1,1344.4,1344.5,35860
2026-05-29 10:52:00,1344.6,1344.9,1344.5,1344.9,16173
2026-05-29 10:53:00,1345.0,1345.1,1342.3,1342.3,101612
2026-05-29 10:54:00,1342.2,1342.7,1341.2,1341.8,164582
2026-05-29 10:55:00,1342.2,1342.2,1340.4,1341.9,106683
2026-05-29 10:56:00,1341.7,1342.9,1341.7,1342.8,40318
2026-05-29 10:57:00,1342.9,1343.1,1341.1,1341.6,82299
2026-05-29 10:58:00,1341.6,1342.1,1341.5,1342.1,10097
2026-05-29 10:59:00,1342.1,1342.7,1341.9,1342.2,20246
2026-05-29 11:00:00,1342.2,1342.9,1342.1,1342.2,11204
2026-05-29 11:01:00,1342.1,1342.7,1342.0,1342.1,26250
2026-05-29 11:02:00,1342.1,1342.1,1341.5,1341.6,21040
2026-05-29 11:03:00,1341.6,1341.8,1341.3,1341.8,32210
2026-05-29 11:04:00,1341.8,1341.8,1341.3,1341.6,15763
2026-05-29 11:05:00,1341.6,1341.9,1341.6,1341.9,10021
2026-05-29 11:06:00,1341.9,1342.5,1341.8,1341.8,27307
2026-05-29 11:07:00,1341.8,1342.0,1341.5,1341.9,47902
2026-05-29 11:08:00,1341.9,1342.3,1341.7,1342.1,11416
2026-05-29 11:09:00,1342.1,1342.4,1341.5,1341.9,14683
2026-05-29 11:10:00,1341.9,1342.0,1341.7,1342.0,29770
2026-05-29 11:11:00,1342.0,1342.1,1341.6,1341.7,8659
2026-05-29 11:12:00,1341.7,1342.1,1341.7,1342.0,11205
2026-05-29 11:13:00,1341.9,1342.5,1341.9,1342.4,12004
2026-05-29 11:14:00,1342.4,1342.9,1342.3,1342.5,12773
2026-05-29 11:15:00,1342.5,1344.2,1342.3,1342.4,25905
2026-05-29 11:16:00,1342.4,1342.5,1342.3,1342.4,30143
2026-05-29 11:17:00,1342.4,1342.9,1342.2,1342.9,25261
2026-05-29 11:18:00,1342.9,1343.2,1342.5,1342.9,18088
2026-05-29 11:19:00,1342.9,1343.6,1342.6,1342.9,17156
2026-05-29 11:20:00,1342.9,1342.9,1342.5,1342.9,21182
2026-05-29 11:21:00,1342.9,1343.0,1342.8,1342.9,12497
2026-05-29 11:22:00,1343.0,1343.3,1342.9,1343.2,16620
2026-05-29 11:23:00,1343.2,1343.9,1343.1,1343.2,20022
2026-05-29 11:24:00,1343.6,1343.8,1343.2,1343.7,22079
2026-05-29 11:25:00,1343.6,1343.6,1343.0,1343.3,25568
2026-05-29 11:26:00,1343.3,1343.3,1343.0,1343.2,11591
2026-05-29 11:27:00,1343.2,1343.3,1341.5,1341.6,55163
2026-05-29 11:28:00,1341.5,1341.6,1341.5,1341.6,8502
2026-05-29 11:29:00,1341.7,1341.7,1339.5,1339.7,194461
2026-05-29 11:30:00,1339.7,1339.8,1339.6,1339.8,19327
2026-05-29 11:31:00,1339.7,1340.1,1339.7,1339.9,18829
2026-05-29 11:32:00,1340.0,1340.6,1339.9,1340.1,19716
2026-05-29 11:33:00,1340.5,1340.6,1340.0,1340.1,25911
2026-05-29 11:34:00,1340.0,1340.3,1339.9,1340.0,19516
2026-05-29 11:35:00,1339.9,1340.0,1339.9,1340.0,16272
2026-05-29 11:36:00,1340.0,1340.9,1340.0,1340.4,160797
2026-05-29 11:37:00,1340.9,1341.7,1340.3,1341.3,2038712
2026-05-29 11:38:00,1341.3,1341.4,1339.8,1340.0,76722
2026-05-29 11:39:00,1340.1,1341.0,1339.8,1340.0,65466
2026-05-29 11:40:00,1340.3,1340.6,1339.8,1340.0,45829
2026-05-29 11:41:00,1340.6,1340.6,1339.0,1339.1,49576
2026-05-29 11:42:00,1339.0,1339.7,1339.0,1339.0,57034
2026-05-29 11:43:00,1339.3,1339.6,1338.9,1339.5,36689
2026-05-29 11:44:00,1339.0,1339.4,1338.0,1338.0,59630
2026-05-29 11:45:00,1338.1,1338.8,1337.2,1338.5,93465
2026-05-29 11:46:00,1338.8,1338.9,1337.7,1338.7,44226
2026-05-29 11:47:00,1338.5,1339.5,1338.1,1338.1,32632
2026-05-29 11:48:00,1338.1,1338.8,1338.1,1338.7,13948
2026-05-29 11:49:00,1338.8,1339.4,1338.5,1339.1,30488
2026-05-29 11:50:00,1339.1,1339.3,1338.7,1339.0,16622
2026-05-29 11:51:00,1339.1,1339.1,1338.5,1338.5,23939
2026-05-29 11:52:00,1338.7,1338.8,1336.2,1336.6,215869
2026-05-29 11:53:00,1336.9,1337.5,1336.3,1337.4,84477
2026-05-29 11:54:00,1337.5,1338.0,1337.0,1337.1,25988
2026-05-29 11:55:00,1337.1,1337.1,1335.6,1335.9,56642
2026-05-29 11:56:00,1335.7,1335.8,1335.4,1335.8,38953
2026-05-29 11:57:00,1335.8,1336.7,1335.7,1336.7,32613
2026-05-29 11:58:00,1336.6,1336.6,1336.2,1336.3,20412
2026-05-29 11:59:00,1336.2,1336.9,1336.1,1336.8,32498
2026-05-29 12:00:00,1336.2,1336.7,1336.2,1336.6,29296
2026-05-29 12:01:00,1336.4,1336.5,1335.9,1336.1,23926
2026-05-29 12:02:00,1336.1,1336.6,1336.0,1336.6,12456
2026-05-29 12:03:00,1336.5,1336.7,1336.5,1336.6,16154
2026-05-29 12:04:00,1336.5,1336.6,1336.4,1336.6,28431
2026-05-29 12:05:00,1336.6,1336.8,1336.5,1336.7,20017
2026-05-29 12:06:00,1336.6,1336.8,1336.5,1336.8,33774
2026-05-29 12:07:00,1336.8,1336.8,1335.7,1336.2,43552
2026-05-29 12:08:00,1336.4,1336.7,1336.3,1336.6,14124
2026-05-29 12:09:00,1336.7,1336.8,1336.7,1336.8,20361
2026-05-29 12:10:00,1336.8,1336.8,1336.5,1336.7,26506
2026-05-29 12:11:00,1336.7,1336.8,1336.6,1336.8,15141
2026-05-29 12:12:00,1336.7,1336.8,1336.5,1336.5,38345
2026-05-29 12:13:00,1336.5,1336.5,1335.6,1335.6,39467
2026-05-29 12:14:00,1335.2,1335.6,1335.2,1335.5,44774
2026-05-29 12:15:00,1335.5,1335.5,1335.2,1335.2,24963
2026-05-29 12:16:00,1335.1,1335.1,1334.3,1334.8,87604
2026-05-29 12:17:00,1334.9,1335.4,1334.8,1335.4,19715
2026-05-29 12:18:00,1335.3,1336.1,1335.3,1336.1,20772
2026-05-29 12:19:00,1336.0,1336.2,1335.0,1335.6,29367
2026-05-29 12:20:00,1335.6,1335.6,1335.2,1335.4,14346
2026-05-29 12:21:00,1335.5,1335.7,1335.5,1335.6,15864
2026-05-29 12:22:00,1335.6,1335.8,1335.5,1335.6,23388
2026-05-29 12:23:00,1335.6,1335.6,1335.2,1335.4,24687
2026-05-29 12:24:00,1335.3,1336.0,1335.3,1335.5,37932
2026-05-29 12:25:00,1335.9,1336.2,1335.5,1336.2,27683
2026-05-29 12:26:00,1336.2,1336.2,1336.0,1336.1,15338
2026-05-29 12:27:00,1336.1,1336.5,1336.0,1336.4,23957
2026-05-29 12:28:00,1336.5,1336.6,1336.4,1336.5,19511
2026-05-29 12:29:00,1336.4,1336.7,1336.1,1336.6,70072
2026-05-29 12:30:00,1336.6,1336.6,1335.5,1335.7,126706
2026-05-29 12:31:00,1335.8,1335.8,1335.7,1335.8,19231
2026-05-29 12:32:00,1335.8,1335.9,1335.0,1335.1,50543
2026-05-29 12:33:00,1335.1,1335.7,1335.0,1335.4,27943
2026-05-29 12:34:00,1335.4,1335.4,1335.2,1335.3,25621
2026-05-29 12:35:00,1335.3,1335.4,1335.2,1335.4,21023
2026-05-29 12:36:00,1335.4,1335.4,1335.2,1335.3,23489
2026-05-29 12:37:00,1335.3,1335.7,1335.3,1335.7,24169
2026-05-29 12:38:00,1335.7,1335.9,1335.5,1335.6,18658
2026-05-29 12:39:00,1335.5,1336.0,1335.5,1335.8,25458
2026-05-29 12:40:00,1335.9,1335.9,1335.6,1335.6,23269
2026-05-29 12:41:00,1335.7,1335.8,1335.1,1335.5,59810
2026-05-29 12:42:00,1335.6,1335.7,1335.5,1335.7,13842
2026-05-29 12:43:00,1335.6,1335.6,1335.5,1335.6,27349
2026-05-29 12:44:00,1335.6,1335.6,1335.5,1335.5,13056
2026-05-29 12:45:00,1335.6,1335.6,1335.6,1335.6,20869
2026-05-29 12:46:00,1335.6,1335.7,1335.5,1335.6,20403
2026-05-29 12:47:00,1336.7,1336.7,1335.8,1336.0,51740
2026-05-29 12:48:00,1336.1,1336.5,1336.0,1336.2,33769
2026-05-29 12:49:00,1336.1,1336.4,1336.1,1336.3,18340
2026-05-29 12:50:00,1336.3,1336.7,1336.2,1336.5,25998
2026-05-29 12:51:00,1336.4,1336.7,1336.4,1336.7,12640
2026-05-29 12:52:00,1336.6,1336.7,1336.4,1336.5,19043
2026-05-29 12:53:00,1336.6,1336.7,1336.4,1336.6,23777
2026-05-29 12:54:00,1336.5,1336.6,1335.8,1336.2,41811
2026-05-29 12:55:00,1336.0,1336.4,1336.0,1336.3,18148
2026-05-29 12:56:00,1336.3,1336.3,1335.9,1336.2,19686
2026-05-29 12:57:00,1336.2,1336.2,1336.1,1336.2,18460
2026-05-29 12:58:00,1336.1,1336.1,1334.8,1335.7,52285
2026-05-29 12:59:00,1335.2,1335.8,1335.2,1335.8,16537
2026-05-29 13:00:00,1335.8,1335.8,1335.5,1335.6,18530
2026-05-29 13:01:00,1335.6,1335.8,1335.2,1335.3,25393
2026-05-29 13:02:00,1335.1,1335.5,1335.0,1335.3,16208
2026-05-29 13:03:00,1335.2,1335.5,1335.2,1335.4,18325
2026-05-29 13:04:00,1335.3,1335.4,1334.7,1334.9,45116
2026-05-29 13:05:00,1335.0,1335.1,1334.6,1334.7,28737
2026-05-29 13:06:00,1334.6,1334.7,1334.5,1334.5,22000
2026-05-29 13:07:00,1334.6,1334.8,1334.1,1334.1,24378
2026-05-29 13:08:00,1334.2,1334.4,1334.1,1334.4,20588
2026-05-29 13:09:00,1334.3,1334.4,1334.1,1334.1,23927
2026-05-29 13:10:00,1334.0,1334.3,1333.6,1333.8,37241
2026-05-29 13:11:00,1333.8,1334.5,1332.2,1332.5,1503756
2026-05-29 13:12:00,1332.5,1333.2,1332.5,1332.6,74927
2026-05-29 13:13:00,1332.5,1332.6,1331.6,1331.6,77745
2026-05-29 13:14:00,1331.7,1331.8,1331.0,1331.7,111580
2026-05-29 13:15:00,1331.7,1332.3,1331.5,1331.5,27019
2026-05-29 13:16:00,1331.6,1332.9,1331.4,1332.6,28737
2026-05-29 13:17:00,1332.9,1332.9,1331.6,1332.7,23470
2026-05-29 13:18:00,1332.6,1333.5,1332.6,1333.5,20209
2026-05-29 13:19:00,1333.2,1333.5,1333.0,1333.4,14596
2026-05-29 13:20:00,1333.4,1333.8,1333.3,1333.5,15183
2026-05-29 13:21:00,1333.8,1334.0,1332.1,1332.5,92608
2026-05-29 13:22:00,1332.5,1332.5,1331.1,1331.3,47669
2026-05-29 13:23:00,1331.1,1331.4,1330.1,1330.1,42111
2026-05-29 13:24:00,1330.3,1331.0,1330.1,1330.5,109783
2026-05-29 13:25:00,1330.7,1330.7,1330.0,1330.1,28748
2026-05-29 13:26:00,1330.0,1330.3,1330.0,1330.2,22034
2026-05-29 13:27:00,1330.3,1330.3,1330.0,1330.1,37534
2026-05-29 13:28:00,1330.2,1330.2,1329.0,1329.2,99265
2026-05-29 13:29:00,1329.1,1329.4,1329.0,1329.4,25657
2026-05-29 13:30:00,1329.3,1329.4,1329.1,1329.3,33744
2026-05-29 13:31:00,1329.3,1329.9,1329.2,1329.8,29566
2026-05-29 13:32:00,1329.9,1330.1,1329.8,1330.1,21597
2026-05-29 13:33:00,1330.1,1330.2,1330.0,1330.2,27306
2026-05-29 13:34:00,1330.0,1330.2,1329.7,1330.1,39034
2026-05-29 13:35:00,1330.1,1330.5,1330.0,1330.4,32697
2026-05-29 13:36:00,1330.5,1330.5,1330.0,1330.2,26131
2026-05-29 13:37:00,1330.1,1330.3,1330.0,1330.3,12706
2026-05-29 13:38:00,1330.3,1330.5,1330.2,1330.5,14643
2026-05-29 13:39:00,1330.4,1330.8,1329.2,1329.7,66748
2026-05-29 13:40:00,1329.7,1330.3,1329.6,1330.3,19939
2026-05-29 13:41:00,1330.3,1330.3,1330.1,1330.3,23374
2026-05-29 13:42:00,1330.4,1330.6,1330.3,1330.6,13852
2026-05-29 13:43:00,1330.6,1332.0,1330.6,1332.0,56182
2026-05-29 13:44:00,1331.8,1332.5,1331.8,1332.4,61026
2026-05-29 13:45:00,1332.3,1332.6,1331.5,1332.2,45130
2026-05-29 13:46:00,1332.2,1332.3,1331.6,1332.3,34824
2026-05-29 13:47:00,1332.3,1332.4,1332.2,1332.3,15263
2026-05-29 13:48:00,1332.2,1332.2,1331.4,1331.4,53840
2026-05-29 13:49:00,1331.4,1332.0,1330.8,1330.8,100477
2026-05-29 13:50:00,1330.8,1330.9,1330.5,1330.9,51499
2026-05-29 13:51:00,1331.0,1331.1,1329.5,1329.8,53504
2026-05-29 13:52:00,1329.8,1329.8,1326.3,1327.0,245763
2026-05-29 13:53:00,1327.0,1328.0,1326.8,1327.6,61222
2026-05-29 13:54:00,1327.6,1328.9,1327.1,1328.9,55740
2026-05-29 13:55:00,1329.2,1329.2,1328.5,1328.5,31028
2026-05-29 13:56:00,1328.8,1329.4,1328.5,1329.4,25363
2026-05-29 13:57:00,1329.4,1329.9,1329.3,1329.9,37708
2026-05-29 13:58:00,1329.9,1330.0,1329.6,1329.7,16353
2026-05-29 13:59:00,1329.6,1330.2,1329.4,1330.2,19814
2026-05-29 14:00:00,1330.1,1330.4,1329.9,1330.0,21873
2026-05-29 14:01:00,1330.0,1330.0,1328.8,1328.9,38243
2026-05-29 14:02:00,1328.9,1328.9,1328.3,1328.7,29869
2026-05-29 14:03:00,1328.6,1328.8,1328.5,1328.5,22562
2026-05-29 14:04:00,1328.5,1328.6,1328.4,1328.5,27776
2026-05-29 14:05:00,1328.5,1328.5,1327.7,1327.8,36163
2026-05-29 14:06:00,1327.9,1328.1,1327.8,1328.1,14759
2026-05-29 14:07:00,1328.1,1328.1,1327.9,1328.1,16785
2026-05-29 14:08:00,1328.1,1328.1,1328.1,1328.1,13722
2026-05-29 14:09:00,1328.1,1328.4,1328.1,1328.3,13307
2026-05-29 14:10:00,1328.3,1328.4,1328.3,1328.3,16844
2026-05-29 14:11:00,1328.8,1328.8,1328.5,1328.7,27866
2026-05-29 14:12:00,1328.8,1329.1,1328.7,1329.0,17937
2026-05-29 14:13:00,1329.0,1329.2,1328.9,1329.1,16794
2026-05-29 14:14:00,1329.0,1329.4,1329.0,1329.1,24371
2026-05-29 14:15:00,1329.0,1329.2,1329.0,1329.1,21935
2026-05-29 14:16:00,1329.2,1329.2,1328.8,1328.8,31436
2026-05-29 14:17:00,1328.8,1328.8,1328.2,1328.3,24287
2026-05-29 14:18:00,1328.3,1328.3,1328.1,1328.3,19901
2026-05-29 14:19:00,1328.1,1328.2,1327.8,1327.8,25974
2026-05-29 14:20:00,1327.8,1327.8,1327.6,1327.6,21116
2026-05-29 14:21:00,1327.6,1327.6,1327.4,1327.4,26884
2026-05-29 14:22:00,1327.5,1328.6,1327.5,1328.6,59205
2026-05-29 14:23:00,1328.6,1328.8,1328.4,1328.4,25110
2026-05-29 14:24:00,1328.4,1328.4,1328.0,1328.1,29236
2026-05-29 14:25:00,1328.1,1328.7,1328.1,1328.4,28493
2026-05-29 14:26:00,1328.4,1328.7,1328.2,1328.6,16506
2026-05-29 14:27:00,1328.8,1329.6,1328.8,1329.6,35569
2026-05-29 14:28:00,1329.5,1329.7,1329.3,1329.5,29332
2026-05-29 14:29:00,1329.5,1330.7,1329.3,1330.4,100101
2026-05-29 14:30:00,1330.2,1330.5,1330.0,1330.5,22812
2026-05-29 14:31:00,1330.3,1330.6,1330.1,1330.6,14058
2026-05-29 14:32:00,1330.6,1330.9,1330.3,1330.3,31766
2026-05-29 14:33:00,1330.5,1330.6,1330.1,1330.3,14818
2026-05-29 14:34:00,1330.3,1330.3,1330.0,1330.3,11183
2026-05-29 14:35:00,1330.3,1330.4,1330.1,1330.3,15481
2026-05-29 14:36:00,1330.4,1330.9,1330.4,1330.9,14970
2026-05-29 14:37:00,1330.8,1331.1,1330.7,1330.9,33719
2026-05-29 14:38:00,1330.8,1330.8,1330.2,1330.3,26193
2026-05-29 14:39:00,1330.4,1330.5,1330.4,1330.5,10887
2026-05-29 14:40:00,1330.4,1330.8,1330.4,1330.8,20454
2026-05-29 14:41:00,1330.9,1331.3,1330.9,1331.1,30996
2026-05-29 14:42:00,1331.1,1331.3,1331.0,1331.2,13719
2026-05-29 14:43:00,1331.3,1331.5,1331.3,1331.4,23549
2026-05-29 14:44:00,1331.3,1331.3,1330.7,1330.8,16142
2026-05-29 14:45:00,1330.7,1330.8,1330.6,1330.7,18618
2026-05-29 14:46:00,1330.7,1330.8,1330.6,1330.8,27793
2026-05-29 14:47:00,1331.0,1331.0,1330.8,1331.0,18671
2026-05-29 14:48:00,1330.9,1330.9,1330.5,1330.8,16989
2026-05-29 14:49:00,1330.6,1330.7,1330.3,1330.3,14577
2026-05-29 14:50:00,1330.2,1330.3,1330.1,1330.3,29798
2026-05-29 14:51:00,1329.9,1329.9,1327.9,1328.6,251358
2026-05-29 14:52:00,1328.7,1329.5,1328.6,1329.5,38786
2026-05-29 14:53:00,1329.5,1329.6,1329.0,1329.0,13402
2026-05-29 14:54:00,1329.0,1329.2,1328.7,1328.8,21203
2026-05-29 14:55:00,1328.8,1328.8,1328.0,1328.0,28347
2026-05-29 14:56:00,1328.0,1328.1,1327.8,1328.0,24095
2026-05-29 14:57:00,1328.0,1328.0,1327.8,1328.0,26286
2026-05-29 14:58:00,1327.8,1328.1,1327.3,1327.9,70372
2026-05-29 14:59:00,1327.8,1327.8,1326.7,1327.5,112832
2026-05-29 15:00:00,1327.5,1328.5,1323.0,1323.1,1039721
2026-05-29 15:01:00,1323.0,1325.1,1323.0,1324.4,826505
2026-05-29 15:02:00,1324.4,1325.5,1324.2,1325.5,908311
2026-05-29 15:03:00,1325.3,1325.3,1323.6,1323.7,694846
2026-05-29 15:04:00,1323.7,1324.8,1323.6,1324.8,734940
2026-05-29 15:05:00,1324.8,1324.8,1323.8,1323.9,505366
2026-05-29 15:06:00,1323.8,1324.2,1323.8,1324.2,745666
2026-05-29 15:07:00,1324.2,1324.2,1322.1,1322.2,976186
2026-05-29 15:08:00,1322.0,1322.0,1320.3,1320.4,595061
2026-05-29 15:09:00,1320.4,1320.4,1319.2,1319.2,926522
2026-05-29 15:10:00,1319.2,1322.7,1318.8,1321.6,1118089
2026-05-29 15:11:00,1321.5,1322.3,1321.0,1322.2,601884
2026-05-29 15:12:00,1322.1,1322.4,1320.2,1320.6,928008
2026-05-29 15:13:00,1320.5,1320.5,1318.9,1318.9,660497
2026-05-29 15:14:00,1319.0,1320.3,1319.0,1319.6,793775
2026-05-29 15:15:00,1319.7,1322.1,1319.4,1321.1,978729
2026-05-29 15:16:00,1321.2,1322.0,1320.5,1320.9,742710
2026-05-29 15:17:00,1320.9,1320.9,1320.3,1320.5,454726
2026-05-29 15:18:00,1320.4,1320.4,1320.2,1320.2,578420
2026-05-29 15:19:00,1320.3,1320.4,1320.1,1320.1,759983
2026-05-29 15:20:00,1320.1,1320.2,1320.0,1320.1,575231
2026-05-29 15:21:00,1320.1,1321.9,1320.0,1321.2,810220
2026-05-29 15:22:00,1321.2,1321.2,1319.2,1319.2,897776
2026-05-29 15:23:00,1319.2,1319.2,1318.0,1318.4,715919
2026-05-29 15:24:00,1318.4,1321.2,1318.4,1321.2,1083953
2026-05-29 15:25:00,1321.2,1322.0,1318.6,1319.5,749031
2026-05-29 15:26:00,1318.2,1319.0,1317.2,1317.7,833500
2026-05-29 15:27:00,1317.7,1318.2,1317.3,1318.2,1010162
2026-05-29 15:28:00,1318.1,1318.2,1317.6,1318.1,533303
2026-05-29 15:29:00,1318.2,1323.6,1318.1,1321.9,299580
