Datetime,Open,High,Low,Close,Volume
2026-05-21 09:15:00,75714.14,75932.29,75714.14,75873.11,0
2026-05-21 09:16:00,75871.34,75877.0,75800.32,75805.42,0
2026-05-21 09:17:00,75804.87,75812.38,75698.78,75702.3,0
2026-05-21 09:18:00,75700.85,75738.52,75659.24,75707.13,0
2026-05-21 09:19:00,75700.45,75710.88,75636.56,75637.39,0
2026-05-21 09:20:00,75632.0,75651.67,75553.12,75582.93,0
2026-05-21 09:21:00,75586.71,75639.51,75586.71,75616.31,0
2026-05-21 09:22:00,75620.44,75657.39,75608.34,75615.61,0
2026-05-21 09:23:00,75613.85,75700.2,75578.58,75691.28,0
2026-05-21 09:24:00,75692.46,75692.46,75623.81,75645.26,0
2026-05-21 09:25:00,75642.81,75651.78,75618.07,75628.12,0
2026-05-21 09:26:00,75637.61,75670.83,75587.21,75589.52,0
2026-05-21 09:27:00,75583.54,75630.05,75583.13,75615.82,0
2026-05-21 09:28:00,75618.93,75618.93,75526.8,75549.95,0
2026-05-21 09:29:00,75551.22,75577.84,75551.22,75561.28,0
2026-05-21 09:30:00,75566.84,75614.78,75566.84,75614.78,0
2026-05-21 09:31:00,75611.68,75611.68,75581.11,75589.36,0
2026-05-21 09:32:00,75591.55,75594.13,75532.46,75532.77,0
2026-05-21 09:33:00,75528.62,75529.97,75504.15,75505.94,0
2026-05-21 09:34:00,75505.24,75505.24,75476.06,75489.19,0
2026-05-21 09:35:00,75489.37,75510.11,75477.02,75490.19,0
2026-05-21 09:36:00,75491.43,75540.68,75486.92,75522.96,0
2026-05-21 09:37:00,75511.19,75571.16,75511.19,75571.16,0
2026-05-21 09:38:00,75566.56,75577.65,75537.84,75562.46,0
2026-05-21 09:39:00,75554.33,75620.84,75537.68,75592.49,0
2026-05-21 09:40:00,75585.67,75613.73,75558.23,75613.73,0
2026-05-21 09:41:00,75613.75,75614.8,75555.77,75558.01,0
2026-05-21 09:42:00,75557.98,75593.6,75549.52,75568.6,0
2026-05-21 09:43:00,75578.35,75631.99,75573.41,75620.44,0
2026-05-21 09:44:00,75627.74,75680.51,75623.35,75666.99,0
2026-05-21 09:45:00,75665.88,75684.6,75633.81,75659.14,0
2026-05-21 09:46:00,75664.51,75673.82,75624.15,75643.37,0
2026-05-21 09:47:00,75648.13,75666.45,75628.08,75663.14,0
2026-05-21 09:48:00,75667.48,75682.32,75608.05,75610.15,0
2026-05-21 09:49:00,75607.15,75647.93,75603.72,75647.93,0
2026-05-21 09:50:00,75644.97,75655.27,75627.74,75642.79,0
2026-05-21 09:51:00,75643.3,75670.2,75637.96,75661.67,0
2026-05-21 09:52:00,75661.78,75666.14,75649.9,75654.37,0
2026-05-21 09:53:00,75653.14,75720.74,75652.86,75695.79,0
2026-05-21 09:54:00,75695.74,75744.96,75689.23,75722.55,0
2026-05-21 09:55:00,75713.23,75734.46,75710.78,75725.4,0
2026-05-21 09:56:00,75715.93,75715.93,75663.53,75679.81,0
2026-05-21 09:57:00,75681.79,75720.74,75649.77,75660.31,0
2026-05-21 09:58:00,75665.96,75665.96,75614.5,75614.5,0
2026-05-21 09:59:00,75612.46,75612.46,75556.63,75594.74,0
2026-05-21 10:00:00,75580.84,75610.45,75557.37,75588.57,0
2026-05-21 10:01:00,75590.38,75628.21,75590.38,75628.21,0
2026-05-21 10:02:00,75626.58,75653.55,75575.79,75640.31,0
2026-05-21 10:03:00,75636.47,75640.81,75615.64,75615.64,0
2026-05-21 10:04:00,75617.0,75639.17,75581.23,75617.38,0
2026-05-21 10:05:00,75620.7,75630.05,75605.01,75605.01,0
2026-05-21 10:06:00,75604.61,75632.01,75568.57,75573.14,0
2026-05-21 10:07:00,75571.59,75574.56,75546.98,75546.98,0
2026-05-21 10:08:00,75543.03,75543.03,75507.72,75507.8,0
2026-05-21 10:09:00,75506.76,75566.4,75505.14,75551.57,0
2026-05-21 10:10:00,75553.05,75588.57,75540.96,75567.93,0
2026-05-21 10:11:00,75563.58,75563.58,75546.46,75556.41,0
2026-05-21 10:12:00,75556.87,75585.01,75547.17,75547.17,0
2026-05-21 10:13:00,75550.26,75600.38,75546.64,75561.06,0
2026-05-21 10:14:00,75561.3,75569.0,75537.37,75565.86,0
2026-05-21 10:15:00,75566.46,75596.18,75565.06,75571.46,0
2026-05-21 10:16:00,75572.24,75617.1,75572.24,75607.81,0
2026-05-21 10:17:00,75604.31,75623.13,75597.13,75610.58,0
2026-05-21 10:18:00,75612.37,75612.37,75583.2,75587.77,0
2026-05-21 10:19:00,75592.28,75594.73,75559.61,75581.99,0
2026-05-21 10:20:00,75581.02,75635.43,75576.36,75585.11,0
2026-05-21 10:21:00,75583.55,75610.6,75579.0,75592.21,0
2026-05-21 10:22:00,75589.36,75604.75,75565.68,75604.75,0
2026-05-21 10:23:00,75609.13,75611.89,75589.57,75611.14,0
2026-05-21 10:24:00,75606.6,75613.15,75577.4,75596.72,0
2026-05-21 10:25:00,75593.1,75602.72,75554.87,75594.58,0
2026-05-21 10:26:00,75596.83,75600.23,75582.68,75583.08,0
2026-05-21 10:27:00,75584.57,75603.69,75554.56,75592.7,0
2026-05-21 10:28:00,75593.85,75628.57,75575.48,75627.76,0
2026-05-21 10:29:00,75630.58,75630.58,75571.03,75582.23,0
2026-05-21 10:30:00,75579.61,75616.92,75560.53,75609.99,0
2026-05-21 10:31:00,75616.58,75653.08,75603.12,75628.44,0
2026-05-21 10:32:00,75626.55,75649.73,75610.49,75610.49,0
2026-05-21 10:33:00,75610.89,75612.45,75554.16,75557.96,0
2026-05-21 10:34:00,75559.61,75579.85,75548.78,75559.36,0
2026-05-21 10:35:00,75558.79,75563.65,75539.31,75545.01,0
2026-05-21 10:36:00,75547.86,75562.51,75517.56,75518.41,0
2026-05-21 10:37:00,75515.24,75559.69,75512.31,75513.45,0
2026-05-21 10:38:00,75514.65,75514.65,75467.59,75470.55,0
2026-05-21 10:39:00,75466.72,75482.24,75461.41,75476.27,0
2026-05-21 10:40:00,75473.95,75479.28,75465.0,75474.19,0
2026-05-21 10:41:00,75478.42,75540.5,75467.53,75510.9,0
2026-05-21 10:42:00,75508.48,75538.58,75481.65,75535.67,0
2026-05-21 10:43:00,75538.26,75562.65,75534.93,75562.65,0
2026-05-21 10:44:00,75563.2,75569.65,75554.79,75568.66,0
2026-05-21 10:45:00,75568.5,75594.61,75568.5,75588.97,0
2026-05-21 10:46:00,75589.06,75602.94,75589.06,75596.39,0
2026-05-21 10:47:00,75595.54,75612.52,75544.96,75552.8,0
2026-05-21 10:48:00,75554.15,75563.49,75543.62,75559.23,0
2026-05-21 10:49:00,75557.65,75557.65,75516.38,75518.11,0
2026-05-21 10:50:00,75516.55,75521.54,75509.06,75509.06,0
2026-05-21 10:51:00,75508.28,75516.9,75496.71,75496.71,0
2026-05-21 10:52:00,75496.35,75496.35,75469.56,75480.79,0
2026-05-21 10:53:00,75476.34,75477.15,75458.11,75458.11,0
2026-05-21 10:54:00,75458.73,75509.7,75457.86,75504.64,0
2026-05-21 10:55:00,75504.99,75512.2,75452.87,75458.46,0
2026-05-21 10:56:00,75456.32,75460.37,75424.38,75449.56,0
2026-05-21 10:57:00,75448.14,75464.49,75446.02,75454.38,0
2026-05-21 10:58:00,75454.38,75483.29,75431.13,75431.13,0
2026-05-21 10:59:00,75428.19,75436.45,75407.01,75436.45,0
2026-05-21 11:00:00,75435.76,75435.76,75360.92,75399.21,0
2026-05-21 11:01:00,75399.76,75404.1,75378.95,75387.04,0
2026-05-21 11:02:00,75386.79,75398.85,75382.45,75394.37,0
2026-05-21 11:03:00,75395.84,75414.35,75395.84,75399.91,0
2026-05-21 11:04:00,75399.24,75403.85,75386.31,75393.64,0
2026-05-21 11:05:00,75393.64,75401.66,75382.89,75386.91,0
2026-05-21 11:06:00,75387.43,75391.18,75378.85,75382.75,0
2026-05-21 11:07:00,75382.25,75388.61,75371.51,75378.12,0
2026-05-21 11:08:00,75379.26,75391.79,75373.82,75391.79,0
2026-05-21 11:09:00,75390.89,75409.01,75381.34,75400.03,0
2026-05-21 11:10:00,75400.9,75409.12,75389.24,75404.5,0
2026-05-21 11:11:00,75406.09,75415.34,75379.28,75379.28,0
2026-05-21 11:12:00,75378.17,75388.85,75376.0,75388.54,0
2026-05-21 11:13:00,75389.55,75389.55,75363.7,75370.64,0
2026-05-21 11:14:00,75369.94,75373.08,75340.77,75341.29,0
2026-05-21 11:15:00,75341.68,75343.83,75321.47,75321.47,0
2026-05-21 11:16:00,75320.77,75320.77,75270.83,75270.83,0
2026-05-21 11:17:00,75267.66,75267.66,75191.8,75191.8,0
2026-05-21 11:18:00,75186.53,75222.64,75166.61,75217.96,0
2026-05-21 11:19:00,75218.2,75293.1,75217.0,75291.64,0
2026-05-21 11:20:00,75285.52,75305.98,75279.81,75301.75,0
2026-05-21 11:21:00,75301.12,75312.42,75280.15,75311.46,0
2026-05-21 11:22:00,75317.43,75349.37,75313.46,75348.71,0
2026-05-21 11:23:00,75351.05,75357.93,75340.44,75355.85,0
2026-05-21 11:24:00,75361.0,75396.09,75360.45,75395.07,0
2026-05-21 11:25:00,75394.57,75399.93,75365.56,75398.73,0
2026-05-21 11:26:00,75399.74,75435.97,75397.48,75418.83,0
2026-05-21 11:27:00,75419.43,75457.15,75415.23,75454.91,0
2026-05-21 11:28:00,75454.99,75490.81,75453.44,75490.21,0
2026-05-21 11:29:00,75491.28,75498.68,75489.5,75491.56,0
2026-05-21 11:30:00,75493.49,75497.59,75457.77,75471.1,0
2026-05-21 11:31:00,75471.1,75472.57,75447.12,75460.92,0
2026-05-21 11:32:00,75458.19,75466.8,75444.56,75456.31,0
2026-05-21 11:33:00,75457.49,75469.2,75457.49,75464.97,0
2026-05-21 11:34:00,75466.55,75470.65,75462.63,75469.13,0
2026-05-21 11:35:00,75470.45,75473.3,75457.35,75457.45,0
2026-05-21 11:36:00,75458.52,75476.15,75443.73,75473.65,0
2026-05-21 11:37:00,75473.65,75490.49,75461.63,75481.26,0
2026-05-21 11:38:00,75482.06,75483.72,75456.68,75456.8,0
2026-05-21 11:39:00,75456.92,75468.56,75453.79,75455.05,0
2026-05-21 11:40:00,75454.88,75462.64,75443.35,75443.35,0
2026-05-21 11:41:00,75442.66,75446.79,75435.38,75439.31,0
2026-05-21 11:42:00,75440.75,75445.02,75427.12,75438.71,0
2026-05-21 11:43:00,75443.8,75443.8,75419.74,75419.74,0
2026-05-21 11:44:00,75424.31,75444.98,75413.21,75444.32,0
2026-05-21 11:45:00,75444.32,75456.18,75444.32,75451.63,0
2026-05-21 11:46:00,75448.91,75452.74,75426.59,75443.56,0
2026-05-21 11:47:00,75439.89,75443.15,75433.93,75436.62,0
2026-05-21 11:48:00,75432.98,75432.98,75415.58,75420.1,0
2026-05-21 11:49:00,75422.29,75423.2,75402.0,75417.48,0
2026-05-21 11:50:00,75418.11,75424.44,75414.59,75417.35,0
2026-05-21 11:51:00,75417.35,75477.43,75416.87,75477.43,0
2026-05-21 11:52:00,75481.54,75484.46,75454.92,75455.38,0
2026-05-21 11:53:00,75455.38,75460.86,75435.83,75437.22,0
2026-05-21 11:54:00,75442.61,75466.07,75420.97,75456.55,0
2026-05-21 11:55:00,75453.24,75466.26,75412.73,75416.62,0
2026-05-21 11:56:00,75416.53,75424.12,75410.85,75421.82,0
2026-05-21 11:57:00,75418.16,75420.32,75394.99,75397.08,0
2026-05-21 11:58:00,75395.26,75427.15,75394.95,75424.95,0
2026-05-21 11:59:00,75423.95,75426.41,75399.15,75403.81,0
2026-05-21 12:00:00,75402.84,75429.54,75385.27,75428.88,0
2026-05-21 12:01:00,75428.99,75436.1,75416.32,75435.37,0
2026-05-21 12:02:00,75435.12,75459.7,75427.92,75458.33,0
2026-05-21 12:03:00,75459.16,75486.22,75459.16,75485.06,0
2026-05-21 12:04:00,75483.44,75486.36,75451.64,75454.51,0
2026-05-21 12:05:00,75454.06,75467.7,75446.67,75458.86,0
2026-05-21 12:06:00,75457.38,75467.34,75436.77,75438.61,0
2026-05-21 12:07:00,75437.35,75440.11,75429.39,75434.2,0
2026-05-21 12:08:00,75435.42,75458.69,75433.07,75454.66,0
2026-05-21 12:09:00,75459.01,75467.39,75452.35,75455.03,0
2026-05-21 12:10:00,75455.54,75469.57,75452.57,75465.3,0
2026-05-21 12:11:00,75464.82,75464.82,75440.21,75441.92,0
2026-05-21 12:12:00,75441.22,75454.25,75441.16,75451.33,0
2026-05-21 12:13:00,75451.33,75451.33,75400.36,75400.36,0
2026-05-21 12:14:00,75401.42,75401.42,75360.22,75360.74,0
2026-05-21 12:15:00,75361.23,75370.01,75352.7,75368.33,0
2026-05-21 12:16:00,75370.14,75376.41,75358.62,75361.7,0
2026-05-21 12:17:00,75361.45,75399.25,75361.45,75376.03,0
2026-05-21 12:18:00,75376.5,75376.5,75337.15,75359.34,0
2026-05-21 12:19:00,75353.84,75366.77,75306.42,75366.52,0
2026-05-21 12:20:00,75368.25,75384.4,75349.29,75352.86,0
2026-05-21 12:21:00,75352.86,75377.6,75349.39,75377.6,0
2026-05-21 12:22:00,75376.67,75394.94,75372.68,75391.87,0
2026-05-21 12:23:00,75393.21,75395.97,75372.34,75372.92,0
2026-05-21 12:24:00,75362.78,75362.78,75295.16,75295.16,0
2026-05-21 12:25:00,75293.67,75323.82,75293.42,75320.75,0
2026-05-21 12:26:00,75322.49,75325.46,75266.14,75266.14,0
2026-05-21 12:27:00,75265.77,75265.77,75191.56,75191.56,0
2026-05-21 12:28:00,75194.98,75219.41,75177.52,75219.41,0
2026-05-21 12:29:00,75223.37,75252.67,75223.37,75225.98,0
2026-05-21 12:30:00,75218.41,75220.47,75188.61,75193.42,0
2026-05-21 12:31:00,75184.98,75199.53,75181.17,75187.6,0
2026-05-21 12:32:00,75187.6,75199.1,75181.51,75190.27,0
2026-05-21 12:33:00,75190.26,75207.67,75181.05,75206.51,0
2026-05-21 12:34:00,75202.39,75241.03,75202.29,75218.68,0
2026-05-21 12:35:00,75206.15,75237.34,75196.87,75218.73,0
2026-05-21 12:36:00,75218.72,75222.49,75191.29,75213.49,0
2026-05-21 12:37:00,75214.53,75215.64,75158.76,75158.76,0
2026-05-21 12:38:00,75152.77,75162.01,75128.69,75129.29,0
2026-05-21 12:39:00,75121.84,75123.59,75102.59,75116.19,0
2026-05-21 12:40:00,75117.22,75127.51,75086.34,75086.64,0
2026-05-21 12:41:00,75077.73,75077.73,75031.94,75036.43,0
2026-05-21 12:42:00,75040.79,75093.54,75035.85,75093.54,0
2026-05-21 12:43:00,75094.13,75121.87,75094.13,75121.42,0
2026-05-21 12:44:00,75129.39,75157.85,75129.16,75140.69,0
2026-05-21 12:45:00,75141.01,75141.01,75079.66,75090.88,0
2026-05-21 12:46:00,75091.27,75091.27,75058.61,75069.18,0
2026-05-21 12:47:00,75070.51,75093.45,75047.23,75093.45,0
2026-05-21 12:48:00,75099.32,75127.19,75096.04,75098.72,0
2026-05-21 12:49:00,75099.13,75106.13,75091.68,75099.13,0
2026-05-21 12:50:00,75101.43,75126.42,75101.43,75125.48,0
2026-05-21 12:51:00,75125.87,75140.59,75122.31,75137.86,0
2026-05-21 12:52:00,75136.79,75136.92,75126.48,75129.23,0
2026-05-21 12:53:00,75131.81,75154.21,75131.81,75153.14,0
2026-05-21 12:54:00,75153.22,75153.22,75134.48,75143.1,0
2026-05-21 12:55:00,75142.95,75143.21,75124.24,75127.15,0
2026-05-21 12:56:00,75127.63,75127.63,75098.6,75106.4,0
2026-05-21 12:57:00,75106.43,75118.2,75078.07,75082.13,0
2026-05-21 12:58:00,75082.53,75091.7,75071.44,75071.44,0
2026-05-21 12:59:00,75071.62,75078.77,75063.78,75077.64,0
2026-05-21 13:00:00,75077.64,75089.21,75072.13,75076.31,0
2026-05-21 13:01:00,75075.27,75078.95,75039.91,75043.79,0
2026-05-21 13:02:00,75044.51,75052.82,75030.4,75038.75,0
2026-05-21 13:03:00,75041.04,75041.04,74996.78,75012.06,0
2026-05-21 13:04:00,75010.9,75056.16,75010.9,75055.55,0
2026-05-21 13:05:00,75059.6,75075.92,75055.67,75068.21,0
2026-05-21 13:06:00,75068.21,75098.67,75067.92,75089.46,0
2026-05-21 13:07:00,75087.21,75087.71,75057.57,75057.57,0
2026-05-21 13:08:00,75055.47,75114.44,75032.67,75114.44,0
2026-05-21 13:09:00,75116.05,75135.15,75104.19,75124.51,0
2026-05-21 13:10:00,75124.81,75151.48,75124.49,75149.28,0
2026-05-21 13:11:00,75149.28,75169.55,75127.17,75127.74,0
2026-05-21 13:12:00,75126.51,75127.43,75101.63,75112.15,0
2026-05-21 13:13:00,75113.05,75130.09,75113.05,75129.91,0
2026-05-21 13:14:00,75129.68,75138.46,75129.68,75129.7,0
2026-05-21 13:15:00,75129.7,75146.87,75109.3,75112.77,0
2026-05-21 13:16:00,75113.42,75146.11,75100.81,75107.12,0
2026-05-21 13:17:00,75105.11,75155.47,75102.99,75128.17,0
2026-05-21 13:18:00,75133.27,75133.27,75113.89,75116.26,0
2026-05-21 13:19:00,75114.83,75125.52,75100.6,75124.05,0
2026-05-21 13:20:00,75126.63,75169.04,75099.45,75159.69,0
2026-05-21 13:21:00,75158.96,75160.05,75117.52,75117.52,0
2026-05-21 13:22:00,75121.38,75126.17,75110.9,75118.34,0
2026-05-21 13:23:00,75114.94,75125.01,75112.38,75120.8,0
2026-05-21 13:24:00,75118.27,75118.27,75105.15,75106.33,0
2026-05-21 13:25:00,75106.33,75125.01,75104.37,75107.15,0
2026-05-21 13:26:00,75107.42,75112.83,75105.49,75105.74,0
2026-05-21 13:27:00,75098.6,75114.2,75098.13,75112.18,0
2026-05-21 13:28:00,75111.82,75118.96,75103.28,75106.82,0
2026-05-21 13:29:00,75108.47,75109.95,75088.01,75090.59,0
2026-05-21 13:30:00,75090.59,75094.93,75074.69,75075.92,0
2026-05-21 13:31:00,75076.32,75077.87,75062.66,75063.41,0
2026-05-21 13:32:00,75061.56,75092.66,75057.66,75092.66,0
2026-05-21 13:33:00,75091.67,75132.67,75091.67,75117.19,0
2026-05-21 13:34:00,75119.39,75130.81,75115.46,75130.32,0
2026-05-21 13:35:00,75132.0,75151.07,75132.0,75151.07,0
2026-05-21 13:36:00,75153.86,75181.8,75149.47,75181.8,0
2026-05-21 13:37:00,75182.39,75225.07,75182.39,75214.71,0
2026-05-21 13:38:00,75216.74,75220.69,75182.4,75220.69,0
2026-05-21 13:39:00,75220.33,75232.88,75202.73,75204.66,0
2026-05-21 13:40:00,75204.1,75207.59,75194.2,75206.99,0
2026-05-21 13:41:00,75206.41,75259.32,75205.86,75257.7,0
2026-05-21 13:42:00,75258.18,75263.31,75221.54,75253.79,0
2026-05-21 13:43:00,75255.92,75256.22,75225.55,75227.83,0
2026-05-21 13:44:00,75229.05,75271.38,75228.18,75257.3,0
2026-05-21 13:45:00,75240.17,75277.92,75238.93,75264.57,0
2026-05-21 13:46:00,75264.82,75283.32,75262.61,75265.01,0
2026-05-21 13:47:00,75261.32,75282.74,75246.23,75277.53,0
2026-05-21 13:48:00,75277.41,75293.33,75249.62,75249.62,0
2026-05-21 13:49:00,75247.06,75248.86,75211.86,75212.62,0
2026-05-21 13:50:00,75212.13,75212.55,75177.14,75184.64,0
2026-05-21 13:51:00,75182.92,75188.97,75152.64,75152.64,0
2026-05-21 13:52:00,75152.6,75162.67,75146.42,75159.12,0
2026-05-21 13:53:00,75158.06,75173.75,75152.34,75172.47,0
2026-05-21 13:54:00,75171.27,75171.27,75126.79,75134.47,0
2026-05-21 13:55:00,75135.53,75159.46,75130.85,75152.87,0
2026-05-21 13:56:00,75150.7,75150.7,75116.93,75120.07,0
2026-05-21 13:57:00,75118.87,75147.68,75113.42,75147.08,0
2026-05-21 13:58:00,75147.08,75158.32,75140.06,75158.32,0
2026-05-21 13:59:00,75158.31,75235.47,75158.31,75210.4,0
2026-05-21 14:00:00,75215.66,75217.69,75148.55,75170.26,0
2026-05-21 14:01:00,75170.96,75171.86,75126.05,75126.39,0
2026-05-21 14:02:00,75133.01,75148.48,75127.56,75129.67,0
2026-05-21 14:03:00,75129.42,75160.59,75124.04,75151.39,0
2026-05-21 14:04:00,75150.93,75156.79,75125.35,75131.89,0
2026-05-21 14:05:00,75133.49,75139.65,75130.56,75134.28,0
2026-05-21 14:06:00,75132.85,75135.81,75124.65,75125.85,0
2026-05-21 14:07:00,75126.61,75144.01,75116.56,75118.9,0
2026-05-21 14:08:00,75118.19,75131.83,75118.19,75131.83,0
2026-05-21 14:09:00,75131.77,75137.45,75117.55,75122.33,0
2026-05-21 14:10:00,75122.7,75127.89,75107.52,75127.0,0
2026-05-21 14:11:00,75127.84,75131.96,75116.76,75131.96,0
2026-05-21 14:12:00,75131.36,75156.23,75123.38,75149.73,0
2026-05-21 14:13:00,75150.02,75174.81,75150.02,75159.05,0
2026-05-21 14:14:00,75158.19,75173.5,75145.48,75150.57,0
2026-05-21 14:15:00,75149.58,75149.58,75108.37,75135.62,0
2026-05-21 14:16:00,75135.62,75147.91,75103.58,75119.78,0
2026-05-21 14:17:00,75123.74,75172.32,75123.74,75160.83,0
2026-05-21 14:18:00,75159.51,75163.51,75138.8,75154.73,0
2026-05-21 14:19:00,75152.98,75158.65,75141.51,75145.21,0
2026-05-21 14:20:00,75146.53,75189.3,75146.53,75186.43,0
2026-05-21 14:21:00,75187.79,75202.57,75187.74,75195.89,0
2026-05-21 14:22:00,75197.13,75214.31,75197.13,75209.95,0
2026-05-21 14:23:00,75210.16,75213.04,75201.44,75201.69,0
2026-05-21 14:24:00,75202.65,75237.17,75193.32,75237.17,0
2026-05-21 14:25:00,75236.12,75249.62,75221.92,75248.88,0
2026-05-21 14:26:00,75246.1,75249.07,75223.49,75233.79,0
2026-05-21 14:27:00,75238.94,75243.71,75197.27,75200.63,0
2026-05-21 14:28:00,75202.22,75214.82,75159.65,75159.65,0
2026-05-21 14:29:00,75158.95,75185.54,75147.96,75185.54,0
2026-05-21 14:30:00,75185.01,75218.63,75174.61,75204.55,0
2026-05-21 14:31:00,75208.78,75252.24,75205.24,75246.82,0
2026-05-21 14:32:00,75262.0,75268.71,75203.45,75206.91,0
2026-05-21 14:33:00,75200.06,75200.06,75165.05,75188.27,0
2026-05-21 14:34:00,75189.71,75219.42,75184.7,75218.33,0
2026-05-21 14:35:00,75217.22,75248.5,75197.61,75238.48,0
2026-05-21 14:36:00,75237.49,75237.49,75213.92,75233.12,0
2026-05-21 14:37:00,75232.97,75249.56,75223.0,75223.0,0
2026-05-21 14:38:00,75222.95,75227.18,75213.31,75220.59,0
2026-05-21 14:39:00,75218.77,75226.3,75194.62,75197.15,0
2026-05-21 14:40:00,75188.67,75222.76,75181.72,75190.7,0
2026-05-21 14:41:00,75191.1,75281.32,75188.77,75281.32,0
2026-05-21 14:42:00,75280.21,75351.13,75280.21,75325.67,0
2026-05-21 14:43:00,75326.28,75326.28,75276.97,75277.44,0
2026-05-21 14:44:00,75276.81,75279.17,75236.55,75239.26,0
2026-05-21 14:45:00,75235.81,75265.94,75235.81,75249.96,0
2026-05-21 14:46:00,75247.92,75315.7,75228.89,75315.7,0
2026-05-21 14:47:00,75308.77,75313.4,75280.78,75288.5,0
2026-05-21 14:48:00,75286.21,75291.91,75263.55,75280.24,0
2026-05-21 14:49:00,75278.46,75289.79,75262.79,75275.84,0
2026-05-21 14:50:00,75268.57,75303.74,75268.57,75282.83,0
2026-05-21 14:51:00,75284.0,75305.62,75245.88,75276.58,0
2026-05-21 14:52:00,75270.98,75342.08,75270.98,75335.8,0
2026-05-21 14:53:00,75342.08,75342.08,75234.91,75235.16,0
2026-05-21 14:54:00,75234.71,75304.79,75231.38,75304.79,0
2026-05-21 14:55:00,75307.12,75326.69,75264.4,75264.65,0
2026-05-21 14:56:00,75263.18,75278.71,75245.57,75246.9,0
2026-05-21 14:57:00,75248.67,75333.01,75248.67,75300.88,0
2026-05-21 14:58:00,75295.01,75299.78,75250.76,75258.9,0
2026-05-21 14:59:00,75254.31,75280.37,75244.65,75265.28,0
2026-05-21 15:00:00,75268.02,75298.74,75259.25,75259.48,0
2026-05-21 15:01:00,75260.6,75269.96,75209.19,75211.79,0
2026-05-21 15:02:00,75211.18,75214.08,75143.82,75156.79,0
2026-05-21 15:03:00,75154.17,75233.94,75148.61,75233.94,0
2026-05-21 15:04:00,75235.74,75251.88,75197.45,75235.36,0
2026-05-21 15:05:00,75234.41,75244.23,75178.8,75183.24,0
2026-05-21 15:06:00,75187.07,75279.3,75169.15,75267.4,0
2026-05-21 15:07:00,75267.35,75273.22,75189.06,75189.06,0
2026-05-21 15:08:00,75184.17,75213.64,75149.7,75212.36,0
2026-05-21 15:09:00,75217.14,75217.14,75187.73,75204.43,0
2026-05-21 15:10:00,75201.73,75230.12,75196.4,75213.94,0
2026-05-21 15:11:00,75212.68,75242.06,75117.24,75117.24,0
2026-05-21 15:12:00,75124.87,75161.9,75122.4,75161.9,0
2026-05-21 15:13:00,75159.18,75206.77,75159.18,75180.51,0
2026-05-21 15:14:00,75190.48,75209.71,75094.3,75110.38,0
2026-05-21 15:15:00,75123.96,75194.1,75123.96,75189.25,0
2026-05-21 15:16:00,75189.25,75189.25,75186.56,75186.56,0
2026-05-21 15:17:00,75186.56,75186.56,75186.49,75186.49,0
2026-05-21 15:18:00,75186.49,75186.49,75184.74,75184.74,0
2026-05-21 15:19:00,75184.74,75184.79,75183.76,75183.76,0
2026-05-21 15:20:00,75183.76,75183.76,75181.98,75182.13,0
2026-05-21 15:21:00,75182.13,75182.28,75181.17,75181.17,0
2026-05-21 15:22:00,75181.17,75182.23,75181.14,75182.23,0
2026-05-21 15:23:00,75182.23,75187.67,75181.5,75187.63,0
2026-05-21 15:24:00,75187.63,75188.89,75187.63,75188.33,0
2026-05-21 15:25:00,75188.28,75188.28,75186.03,75186.03,0
2026-05-21 15:26:00,75186.03,75186.03,75185.46,75185.46,0
2026-05-21 15:27:00,75185.82,75185.85,75184.92,75184.95,0
2026-05-21 15:28:00,75184.95,75184.95,75184.52,75184.52,0
2026-05-21 15:29:00,75184.58,75184.58,75183.36,75183.36,0
2026-05-22 09:15:00,75246.64,75378.93,75246.64,75329.28,0
2026-05-22 09:16:00,75331.94,75342.15,75296.51,75313.72,0
2026-05-22 09:17:00,75309.9,75344.59,75285.72,75303.32,0
2026-05-22 09:18:00,75300.16,75327.91,75295.3,75295.3,0
2026-05-22 09:19:00,75291.77,75329.87,75288.76,75322.41,0
2026-05-22 09:20:00,75323.59,75393.87,75323.59,75381.56,0
2026-05-22 09:21:00,75392.12,75455.18,75388.96,75444.06,0
2026-05-22 09:22:00,75448.46,75508.89,75448.18,75508.89,0
2026-05-22 09:23:00,75514.19,75521.69,75495.71,75516.64,0
2026-05-22 09:24:00,75511.06,75548.72,75495.84,75538.0,0
2026-05-22 09:25:00,75534.76,75544.57,75493.58,75494.34,0
2026-05-22 09:26:00,75494.57,75530.55,75486.73,75495.0,0
2026-05-22 09:27:00,75493.12,75535.05,75484.71,75530.67,0
2026-05-22 09:28:00,75534.49,75547.01,75506.25,75507.83,0
2026-05-22 09:29:00,75505.39,75515.87,75491.47,75497.77,0
2026-05-22 09:30:00,75498.01,75552.29,75498.01,75546.11,0
2026-05-22 09:31:00,75550.69,75556.12,75539.98,75551.17,0
2026-05-22 09:32:00,75551.99,75556.78,75525.7,75525.7,0
2026-05-22 09:33:00,75525.78,75528.42,75508.51,75523.07,0
2026-05-22 09:34:00,75527.15,75599.36,75527.15,75590.24,0
2026-05-22 09:35:00,75591.77,75641.85,75590.67,75624.47,0
2026-05-22 09:36:00,75619.18,75622.64,75555.17,75555.17,0
2026-05-22 09:37:00,75552.84,75588.38,75552.84,75571.6,0
2026-05-22 09:38:00,75572.17,75586.11,75567.65,75579.8,0
2026-05-22 09:39:00,75578.98,75588.89,75571.39,75574.76,0
2026-05-22 09:40:00,75573.44,75575.88,75532.88,75532.88,0
2026-05-22 09:41:00,75532.8,75535.27,75502.64,75514.31,0
2026-05-22 09:42:00,75518.75,75528.44,75508.13,75516.01,0
2026-05-22 09:43:00,75519.22,75564.61,75505.06,75563.83,0
2026-05-22 09:44:00,75574.63,75603.81,75568.18,75568.18,0
2026-05-22 09:45:00,75568.17,75580.6,75557.92,75570.0,0
2026-05-22 09:46:00,75570.0,75574.57,75550.19,75556.36,0
2026-05-22 09:47:00,75556.69,75591.61,75556.69,75588.13,0
2026-05-22 09:48:00,75583.74,75586.9,75565.91,75571.22,0
2026-05-22 09:49:00,75571.39,75574.43,75525.73,75528.89,0
2026-05-22 09:50:00,75524.56,75568.93,75522.6,75565.46,0
2026-05-22 09:51:00,75567.64,75607.84,75567.64,75607.84,0
2026-05-22 09:52:00,75606.8,75644.92,75606.8,75644.92,0
2026-05-22 09:53:00,75646.9,75660.17,75626.06,75638.12,0
2026-05-22 09:54:00,75638.16,75651.42,75616.41,75627.27,0
2026-05-22 09:55:00,75631.85,75647.26,75631.85,75637.07,0
2026-05-22 09:56:00,75636.1,75637.04,75605.1,75625.61,0
2026-05-22 09:57:00,75630.47,75668.44,75622.28,75665.57,0
2026-05-22 09:58:00,75666.4,75683.2,75666.4,75671.79,0
2026-05-22 09:59:00,75673.95,75681.78,75647.64,75648.61,0
2026-05-22 10:00:00,75647.8,75652.86,75624.69,75625.92,0
2026-05-22 10:01:00,75625.5,75630.82,75619.02,75623.27,0
2026-05-22 10:02:00,75623.68,75652.04,75619.11,75635.53,0
2026-05-22 10:03:00,75637.56,75656.95,75634.77,75635.39,0
2026-05-22 10:04:00,75635.66,75637.93,75617.06,75617.93,0
2026-05-22 10:05:00,75616.69,75620.1,75593.96,75615.22,0
2026-05-22 10:06:00,75617.34,75628.48,75611.35,75628.26,0
2026-05-22 10:07:00,75624.36,75635.78,75621.63,75631.39,0
2026-05-22 10:08:00,75629.26,75669.1,75625.88,75667.48,0
2026-05-22 10:09:00,75668.58,75687.18,75668.58,75673.8,0
2026-05-22 10:10:00,75672.54,75702.14,75672.54,75696.94,0
2026-05-22 10:11:00,75703.44,75704.33,75685.31,75699.19,0
2026-05-22 10:12:00,75700.29,75721.91,75700.29,75709.12,0
2026-05-22 10:13:00,75707.33,75715.66,75697.33,75711.82,0
2026-05-22 10:14:00,75708.74,75708.74,75686.0,75691.5,0
2026-05-22 10:15:00,75689.72,75701.15,75680.03,75690.56,0
2026-05-22 10:16:00,75688.64,75688.64,75646.61,75648.86,0
2026-05-22 10:17:00,75648.86,75666.99,75640.77,75640.77,0
2026-05-22 10:18:00,75642.18,75644.41,75602.11,75610.54,0
2026-05-22 10:19:00,75610.98,75610.98,75588.3,75597.99,0
2026-05-22 10:20:00,75596.61,75604.11,75590.13,75592.07,0
2026-05-22 10:21:00,75594.71,75617.78,75594.71,75610.93,0
2026-05-22 10:22:00,75607.95,75640.27,75607.95,75639.91,0
2026-05-22 10:23:00,75639.47,75656.8,75631.6,75635.39,0
2026-05-22 10:24:00,75634.68,75634.7,75600.02,75603.19,0
2026-05-22 10:25:00,75602.89,75611.58,75579.25,75606.35,0
2026-05-22 10:26:00,75606.88,75607.96,75589.74,75596.93,0
2026-05-22 10:27:00,75596.93,75601.35,75586.28,75594.07,0
2026-05-22 10:28:00,75594.35,75601.71,75587.25,75597.52,0
2026-05-22 10:29:00,75599.38,75605.83,75577.01,75581.6,0
2026-05-22 10:30:00,75584.94,75598.46,75581.76,75582.76,0
2026-05-22 10:31:00,75583.45,75600.71,75580.78,75587.69,0
2026-05-22 10:32:00,75585.94,75595.1,75578.48,75594.44,0
2026-05-22 10:33:00,75591.96,75626.84,75591.24,75621.17,0
2026-05-22 10:34:00,75619.54,75653.15,75619.54,75640.0,0
2026-05-22 10:35:00,75641.18,75641.18,75618.84,75630.92,0
2026-05-22 10:36:00,75623.04,75636.26,75623.04,75629.9,0
2026-05-22 10:37:00,75630.62,75630.62,75590.36,75596.37,0
2026-05-22 10:38:00,75595.15,75604.74,75592.27,75593.81,0
2026-05-22 10:39:00,75594.22,75602.78,75589.69,75598.69,0
2026-05-22 10:40:00,75601.89,75634.3,75601.89,75633.58,0
2026-05-22 10:41:00,75635.1,75651.74,75632.02,75633.34,0
2026-05-22 10:42:00,75633.79,75651.24,75621.84,75651.24,0
2026-05-22 10:43:00,75652.2,75674.67,75645.75,75670.01,0
2026-05-22 10:44:00,75669.41,75674.1,75655.21,75670.46,0
2026-05-22 10:45:00,75671.41,75676.09,75661.89,75662.92,0
2026-05-22 10:46:00,75660.42,75668.21,75654.75,75667.33,0
2026-05-22 10:47:00,75671.15,75689.62,75669.78,75682.23,0
2026-05-22 10:48:00,75675.73,75679.8,75648.49,75648.49,0
2026-05-22 10:49:00,75646.78,75647.34,75630.55,75641.98,0
2026-05-22 10:50:00,75641.98,75647.51,75623.08,75624.26,0
2026-05-22 10:51:00,75624.6,75640.01,75621.91,75636.72,0
2026-05-22 10:52:00,75638.27,75641.41,75626.49,75640.14,0
2026-05-22 10:53:00,75637.5,75654.93,75631.75,75641.36,0
2026-05-22 10:54:00,75641.17,75653.48,75641.17,75649.19,0
2026-05-22 10:55:00,75650.2,75650.2,75635.86,75636.64,0
2026-05-22 10:56:00,75634.37,75644.0,75623.92,75639.6,0
2026-05-22 10:57:00,75640.92,75644.35,75627.21,75635.17,0
2026-05-22 10:58:00,75626.2,75645.6,75623.82,75634.18,0
2026-05-22 10:59:00,75634.03,75644.09,75631.99,75640.78,0
2026-05-22 11:00:00,75640.78,75641.11,75625.42,75633.32,0
2026-05-22 11:01:00,75633.67,75633.69,75624.33,75631.67,0
2026-05-22 11:02:00,75631.67,75631.67,75616.01,75619.05,0
2026-05-22 11:03:00,75620.16,75623.1,75609.76,75609.76,0
2026-05-22 11:04:00,75609.76,75627.88,75608.0,75624.74,0
2026-05-22 11:05:00,75624.74,75638.63,75624.74,75629.24,0
2026-05-22 11:06:00,75629.0,75632.8,75617.28,75624.49,0
2026-05-22 11:07:00,75624.29,75626.0,75604.8,75609.61,0
2026-05-22 11:08:00,75609.23,75610.32,75597.48,75597.48,0
2026-05-22 11:09:00,75598.07,75608.19,75592.66,75607.18,0
2026-05-22 11:10:00,75606.31,75612.97,75602.24,75603.95,0
2026-05-22 11:11:00,75605.16,75621.93,75603.22,75616.75,0
2026-05-22 11:12:00,75618.82,75620.37,75591.37,75591.37,0
2026-05-22 11:13:00,75592.25,75593.28,75575.71,75586.65,0
2026-05-22 11:14:00,75588.73,75602.1,75585.98,75589.63,0
2026-05-22 11:15:00,75588.56,75592.68,75581.28,75585.0,0
2026-05-22 11:16:00,75584.23,75600.24,75581.79,75585.92,0
2026-05-22 11:17:00,75585.32,75593.14,75579.52,75581.37,0
2026-05-22 11:18:00,75580.97,75593.43,75577.17,75590.21,0
2026-05-22 11:19:00,75588.91,75591.16,75582.08,75588.76,0
2026-05-22 11:20:00,75588.07,75589.17,75554.51,75558.82,0
2026-05-22 11:21:00,75560.19,75599.26,75559.78,75592.32,0
2026-05-22 11:22:00,75591.18,75612.89,75591.18,75612.65,0
2026-05-22 11:23:00,75613.97,75649.57,75608.51,75636.54,0
2026-05-22 11:24:00,75636.54,75636.79,75620.39,75636.79,0
2026-05-22 11:25:00,75639.1,75644.34,75589.95,75590.02,0
2026-05-22 11:26:00,75589.86,75593.51,75568.28,75568.41,0
2026-05-22 11:27:00,75568.51,75568.54,75554.2,75555.52,0
2026-05-22 11:28:00,75552.55,75562.84,75531.2,75559.53,0
2026-05-22 11:29:00,75559.41,75571.23,75555.85,75555.85,0
2026-05-22 11:30:00,75557.53,75557.86,75534.66,75536.0,0
2026-05-22 11:31:00,75535.29,75549.62,75527.05,75549.35,0
2026-05-22 11:32:00,75549.43,75571.59,75542.39,75570.95,0
2026-05-22 11:33:00,75570.95,75581.44,75561.28,75562.01,0
2026-05-22 11:34:00,75562.01,75564.64,75551.21,75556.1,0
2026-05-22 11:35:00,75554.92,75557.58,75542.66,75546.6,0
2026-05-22 11:36:00,75545.7,75560.41,75545.7,75559.93,0
2026-05-22 11:37:00,75564.51,75576.74,75562.31,75568.49,0
2026-05-22 11:38:00,75566.49,75577.45,75564.37,75575.46,0
2026-05-22 11:39:00,75574.31,75605.98,75574.31,75605.98,0
2026-05-22 11:40:00,75604.18,75615.29,75604.18,75615.29,0
2026-05-22 11:41:00,75616.61,75635.59,75612.47,75635.59,0
2026-05-22 11:42:00,75635.79,75677.53,75635.79,75676.77,0
2026-05-22 11:43:00,75674.86,75679.08,75664.77,75674.14,0
2026-05-22 11:44:00,75672.03,75704.0,75672.03,75700.63,0
2026-05-22 11:45:00,75703.23,75725.7,75703.23,75725.7,0
2026-05-22 11:46:00,75726.16,75771.3,75724.83,75741.55,0
2026-05-22 11:47:00,75743.46,75745.08,75720.82,75723.65,0
2026-05-22 11:48:00,75724.88,75725.83,75706.23,75716.9,0
2026-05-22 11:49:00,75716.77,75725.94,75712.04,75718.89,0
2026-05-22 11:50:00,75718.59,75720.44,75697.53,75697.88,0
2026-05-22 11:51:00,75697.68,75708.03,75693.44,75696.08,0
2026-05-22 11:52:00,75697.04,75700.67,75690.69,75695.81,0
2026-05-22 11:53:00,75695.9,75706.11,75691.22,75704.46,0
2026-05-22 11:54:00,75704.5,75709.85,75692.56,75699.93,0
2026-05-22 11:55:00,75699.11,75701.49,75692.35,75695.97,0
2026-05-22 11:56:00,75695.97,75704.83,75695.97,75702.09,0
2026-05-22 11:57:00,75702.09,75712.43,75697.3,75704.18,0
2026-05-22 11:58:00,75704.38,75706.08,75686.45,75687.56,0
2026-05-22 11:59:00,75692.24,75700.99,75686.68,75700.99,0
2026-05-22 12:00:00,75702.36,75704.6,75682.76,75687.44,0
2026-05-22 12:01:00,75686.81,75692.91,75667.85,75669.51,0
2026-05-22 12:02:00,75669.72,75671.79,75663.46,75670.27,0
2026-05-22 12:03:00,75668.9,75670.6,75659.71,75668.02,0
2026-05-22 12:04:00,75668.02,75672.53,75660.38,75665.53,0
2026-05-22 12:05:00,75663.55,75673.66,75652.01,75652.01,0
2026-05-22 12:06:00,75653.07,75664.93,75650.45,75662.27,0
2026-05-22 12:07:00,75662.14,75686.22,75661.94,75684.67,0
2026-05-22 12:08:00,75684.67,75688.67,75675.27,75677.33,0
2026-05-22 12:09:00,75677.78,75679.55,75660.0,75661.55,0
2026-05-22 12:10:00,75661.04,75677.39,75657.22,75671.87,0
2026-05-22 12:11:00,75671.57,75690.46,75665.91,75689.11,0
2026-05-22 12:12:00,75689.87,75702.48,75688.83,75702.48,0
2026-05-22 12:13:00,75701.62,75702.17,75683.32,75694.54,0
2026-05-22 12:14:00,75696.41,75697.57,75677.22,75683.5,0
2026-05-22 12:15:00,75682.5,75688.55,75678.28,75684.04,0
2026-05-22 12:16:00,75689.46,75694.55,75680.62,75686.55,0
2026-05-22 12:17:00,75684.18,75690.59,75674.42,75674.42,0
2026-05-22 12:18:00,75674.42,75675.31,75660.76,75670.12,0
2026-05-22 12:19:00,75673.43,75683.51,75671.87,75672.56,0
2026-05-22 12:20:00,75673.28,75677.27,75660.79,75661.8,0
2026-05-22 12:21:00,75661.8,75667.47,75646.26,75653.14,0
2026-05-22 12:22:00,75651.82,75665.74,75648.8,75663.39,0
2026-05-22 12:23:00,75664.15,75669.4,75630.48,75630.96,0
2026-05-22 12:24:00,75631.84,75633.98,75616.39,75617.74,0
2026-05-22 12:25:00,75616.57,75616.57,75598.38,75601.48,0
2026-05-22 12:26:00,75602.92,75621.72,75602.92,75621.72,0
2026-05-22 12:27:00,75622.92,75631.58,75607.93,75614.26,0
2026-05-22 12:28:00,75614.9,75621.79,75608.1,75618.56,0
2026-05-22 12:29:00,75618.46,75619.88,75615.5,75615.6,0
2026-05-22 12:30:00,75616.55,75619.29,75594.98,75594.98,0
2026-05-22 12:31:00,75596.57,75598.18,75582.49,75582.69,0
2026-05-22 12:32:00,75581.72,75583.49,75556.64,75565.03,0
2026-05-22 12:33:00,75570.12,75591.02,75570.12,75591.02,0
2026-05-22 12:34:00,75586.52,75593.89,75582.54,75593.68,0
2026-05-22 12:35:00,75594.82,75610.34,75594.82,75598.27,0
2026-05-22 12:36:00,75597.71,75620.83,75593.87,75618.98,0
2026-05-22 12:37:00,75617.11,75620.1,75596.39,75598.31,0
2026-05-22 12:38:00,75603.1,75624.44,75603.1,75616.8,0
2026-05-22 12:39:00,75616.24,75625.41,75611.81,75615.85,0
2026-05-22 12:40:00,75617.25,75635.15,75615.88,75634.04,0
2026-05-22 12:41:00,75636.91,75654.51,75635.51,75654.51,0
2026-05-22 12:42:00,75655.45,75655.45,75631.38,75648.57,0
2026-05-22 12:43:00,75650.67,75655.71,75640.9,75651.8,0
2026-05-22 12:44:00,75651.8,75689.09,75649.6,75669.65,0
2026-05-22 12:45:00,75671.84,75682.79,75669.36,75672.69,0
2026-05-22 12:46:00,75675.41,75691.36,75674.65,75691.21,0
2026-05-22 12:47:00,75690.83,75713.39,75689.85,75711.05,0
2026-05-22 12:48:00,75711.06,75741.4,75707.36,75740.19,0
2026-05-22 12:49:00,75739.41,75745.3,75735.07,75740.84,0
2026-05-22 12:50:00,75739.63,75787.35,75739.63,75780.55,0
2026-05-22 12:51:00,75777.5,75795.94,75777.5,75784.77,0
2026-05-22 12:52:00,75780.61,75798.24,75778.3,75789.26,0
2026-05-22 12:53:00,75789.54,75794.96,75778.3,75778.38,0
2026-05-22 12:54:00,75782.52,75807.41,75780.46,75803.4,0
2026-05-22 12:55:00,75807.17,75807.17,75784.51,75798.38,0
2026-05-22 12:56:00,75798.13,75800.79,75784.78,75785.19,0
2026-05-22 12:57:00,75786.95,75810.9,75782.37,75797.79,0
2026-05-22 12:58:00,75797.49,75801.02,75782.54,75793.96,0
2026-05-22 12:59:00,75793.96,75798.52,75779.05,75782.01,0
2026-05-22 13:00:00,75783.06,75804.59,75781.97,75791.89,0
2026-05-22 13:01:00,75791.89,75806.58,75786.98,75787.31,0
2026-05-22 13:02:00,75788.36,75797.71,75765.71,75766.14,0
2026-05-22 13:03:00,75766.33,75791.96,75763.65,75789.93,0
2026-05-22 13:04:00,75795.55,75795.73,75777.57,75779.59,0
2026-05-22 13:05:00,75783.44,75791.06,75763.15,75776.93,0
2026-05-22 13:06:00,75770.47,75776.02,75742.76,75746.37,0
2026-05-22 13:07:00,75743.04,75761.41,75739.66,75757.71,0
2026-05-22 13:08:00,75758.92,75781.61,75758.92,75770.74,0
2026-05-22 13:09:00,75770.48,75776.76,75759.16,75759.16,0
2026-05-22 13:10:00,75758.92,75771.51,75758.34,75770.25,0
2026-05-22 13:11:00,75769.14,75777.89,75761.57,75767.58,0
2026-05-22 13:12:00,75767.1,75769.42,75760.93,75767.69,0
2026-05-22 13:13:00,75766.86,75771.8,75759.39,75763.08,0
2026-05-22 13:14:00,75763.08,75764.75,75746.67,75757.45,0
2026-05-22 13:15:00,75757.49,75757.49,75744.3,75744.3,0
2026-05-22 13:16:00,75746.4,75757.93,75744.41,75757.39,0
2026-05-22 13:17:00,75758.04,75766.8,75739.37,75741.3,0
2026-05-22 13:18:00,75741.71,75749.81,75734.96,75735.75,0
2026-05-22 13:19:00,75736.16,75748.08,75714.4,75728.99,0
2026-05-22 13:20:00,75728.51,75749.06,75728.5,75741.27,0
2026-05-22 13:21:00,75742.18,75751.02,75730.95,75731.49,0
2026-05-22 13:22:00,75732.27,75735.29,75721.77,75726.21,0
2026-05-22 13:23:00,75724.35,75725.44,75706.71,75706.71,0
2026-05-22 13:24:00,75707.06,75717.98,75706.44,75714.57,0
2026-05-22 13:25:00,75714.33,75729.36,75710.2,75724.43,0
2026-05-22 13:26:00,75724.6,75736.83,75720.5,75736.83,0
2026-05-22 13:27:00,75736.21,75736.21,75713.22,75720.95,0
2026-05-22 13:28:00,75721.22,75721.78,75704.26,75707.06,0
2026-05-22 13:29:00,75705.55,75735.07,75703.84,75722.66,0
2026-05-22 13:30:00,75725.46,75733.91,75718.37,75718.37,0
2026-05-22 13:31:00,75722.21,75725.92,75711.05,75724.06,0
2026-05-22 13:32:00,75724.06,75736.85,75722.62,75731.14,0
2026-05-22 13:33:00,75730.28,75739.38,75725.33,75737.68,0
2026-05-22 13:34:00,75737.68,75743.2,75723.33,75738.72,0
2026-05-22 13:35:00,75739.49,75746.95,75730.39,75736.67,0
2026-05-22 13:36:00,75735.29,75735.29,75707.44,75708.05,0
2026-05-22 13:37:00,75704.27,75722.57,75704.27,75713.85,0
2026-05-22 13:38:00,75716.02,75723.08,75712.77,75722.05,0
2026-05-22 13:39:00,75722.05,75729.05,75714.57,75725.56,0
2026-05-22 13:40:00,75725.4,75737.65,75725.07,75731.85,0
2026-05-22 13:41:00,75731.31,75733.36,75721.66,75727.33,0
2026-05-22 13:42:00,75727.33,75728.4,75709.57,75722.61,0
2026-05-22 13:43:00,75722.61,75723.73,75702.11,75702.11,0
2026-05-22 13:44:00,75701.73,75704.04,75691.42,75691.42,0
2026-05-22 13:45:00,75691.42,75725.54,75691.42,75725.54,0
2026-05-22 13:46:00,75726.16,75757.12,75724.1,75753.39,0
2026-05-22 13:47:00,75754.18,75760.53,75746.95,75748.6,0
2026-05-22 13:48:00,75748.87,75750.53,75728.45,75728.49,0
2026-05-22 13:49:00,75727.61,75729.51,75707.04,75708.97,0
2026-05-22 13:50:00,75708.45,75719.7,75703.26,75714.87,0
2026-05-22 13:51:00,75714.57,75717.81,75705.04,75705.04,0
2026-05-22 13:52:00,75706.23,75710.47,75679.35,75679.35,0
2026-05-22 13:53:00,75677.63,75693.64,75677.63,75691.04,0
2026-05-22 13:54:00,75688.32,75690.86,75675.53,75679.8,0
2026-05-22 13:55:00,75680.35,75680.35,75643.98,75656.17,0
2026-05-22 13:56:00,75656.47,75660.82,75643.13,75657.61,0
2026-05-22 13:57:00,75655.79,75657.45,75635.49,75636.99,0
2026-05-22 13:58:00,75638.08,75643.4,75633.84,75640.4,0
2026-05-22 13:59:00,75642.91,75663.06,75642.91,75654.05,0
2026-05-22 14:00:00,75654.62,75668.68,75654.62,75655.34,0
2026-05-22 14:01:00,75654.53,75660.68,75643.93,75646.8,0
2026-05-22 14:02:00,75646.5,75649.05,75622.56,75623.64,0
2026-05-22 14:03:00,75623.95,75629.1,75611.69,75613.97,0
2026-05-22 14:04:00,75613.97,75615.1,75570.16,75570.56,0
2026-05-22 14:05:00,75565.54,75568.52,75522.84,75554.85,0
2026-05-22 14:06:00,75554.73,75573.58,75541.17,75571.37,0
2026-05-22 14:07:00,75572.75,75596.57,75567.54,75586.6,0
2026-05-22 14:08:00,75586.37,75610.83,75578.34,75610.83,0
2026-05-22 14:09:00,75610.23,75621.22,75603.63,75603.63,0
2026-05-22 14:10:00,75605.46,75616.56,75604.75,75614.59,0
2026-05-22 14:11:00,75615.95,75620.32,75593.79,75598.02,0
2026-05-22 14:12:00,75598.06,75604.93,75577.27,75604.93,0
2026-05-22 14:13:00,75603.66,75607.73,75597.68,75601.95,0
2026-05-22 14:14:00,75602.62,75621.93,75595.12,75615.64,0
2026-05-22 14:15:00,75606.58,75617.92,75606.52,75613.97,0
2026-05-22 14:16:00,75613.97,75618.54,75598.33,75598.33,0
2026-05-22 14:17:00,75598.93,75598.93,75573.88,75575.29,0
2026-05-22 14:18:00,75575.53,75587.94,75566.39,75567.93,0
2026-05-22 14:19:00,75565.4,75576.21,75562.65,75564.49,0
2026-05-22 14:20:00,75564.49,75564.49,75535.75,75535.75,0
2026-05-22 14:21:00,75538.71,75541.58,75512.35,75512.6,0
2026-05-22 14:22:00,75512.01,75539.76,75512.01,75536.2,0
2026-05-22 14:23:00,75535.06,75569.57,75535.06,75569.57,0
2026-05-22 14:24:00,75569.45,75569.58,75556.32,75557.04,0
2026-05-22 14:25:00,75558.29,75562.91,75544.26,75558.02,0
2026-05-22 14:26:00,75560.14,75563.41,75539.9,75541.2,0
2026-05-22 14:27:00,75541.2,75553.03,75537.62,75548.29,0
2026-05-22 14:28:00,75548.29,75550.43,75533.17,75536.18,0
2026-05-22 14:29:00,75530.0,75534.79,75493.2,75493.2,0
2026-05-22 14:30:00,75494.21,75494.21,75429.83,75478.29,0
2026-05-22 14:31:00,75477.96,75497.11,75477.96,75489.57,0
2026-05-22 14:32:00,75493.66,75518.85,75493.66,75511.49,0
2026-05-22 14:33:00,75511.13,75514.55,75503.75,75509.84,0
2026-05-22 14:34:00,75509.84,75526.93,75509.84,75513.08,0
2026-05-22 14:35:00,75513.06,75513.56,75499.07,75507.04,0
2026-05-22 14:36:00,75507.19,75515.77,75493.31,75498.76,0
2026-05-22 14:37:00,75499.59,75499.59,75464.51,75467.04,0
2026-05-22 14:38:00,75467.03,75467.03,75433.95,75443.01,0
2026-05-22 14:39:00,75442.46,75443.29,75430.31,75440.37,0
2026-05-22 14:40:00,75439.86,75459.52,75435.26,75457.66,0
2026-05-22 14:41:00,75456.98,75458.04,75435.49,75444.27,0
2026-05-22 14:42:00,75439.92,75439.92,75428.15,75433.52,0
2026-05-22 14:43:00,75433.18,75433.7,75421.19,75422.71,0
2026-05-22 14:44:00,75422.01,75423.02,75390.59,75393.72,0
2026-05-22 14:45:00,75394.13,75425.33,75382.4,75424.07,0
2026-05-22 14:46:00,75422.32,75435.74,75422.32,75429.37,0
2026-05-22 14:47:00,75430.8,75438.76,75420.56,75425.86,0
2026-05-22 14:48:00,75431.12,75459.36,75430.88,75454.54,0
2026-05-22 14:49:00,75455.49,75461.62,75442.9,75443.94,0
2026-05-22 14:50:00,75445.11,75450.61,75436.17,75438.09,0
2026-05-22 14:51:00,75437.45,75446.57,75432.88,75433.69,0
2026-05-22 14:52:00,75436.91,75446.29,75426.24,75444.83,0
2026-05-22 14:53:00,75447.19,75447.79,75425.83,75425.83,0
2026-05-22 14:54:00,75426.63,75429.75,75416.75,75424.94,0
2026-05-22 14:55:00,75424.94,75443.5,75424.36,75435.84,0
2026-05-22 14:56:00,75435.84,75435.89,75415.44,75415.44,0
2026-05-22 14:57:00,75416.44,75432.19,75416.34,75419.87,0
2026-05-22 14:58:00,75426.07,75434.39,75408.18,75433.45,0
2026-05-22 14:59:00,75432.49,75442.97,75414.15,75439.91,0
2026-05-22 15:00:00,75434.6,75449.5,75368.87,75388.65,0
2026-05-22 15:01:00,75388.65,75404.24,75383.96,75383.96,0
2026-05-22 15:02:00,75384.15,75387.95,75361.95,75386.59,0
2026-05-22 15:03:00,75386.39,75398.8,75379.77,75385.99,0
2026-05-22 15:04:00,75385.62,75393.4,75383.44,75390.75,0
2026-05-22 15:05:00,75391.03,75399.17,75379.58,75385.08,0
2026-05-22 15:06:00,75388.02,75389.23,75380.9,75383.86,0
2026-05-22 15:07:00,75384.37,75389.76,75377.13,75386.47,0
2026-05-22 15:08:00,75387.85,75408.42,75384.31,75402.29,0
2026-05-22 15:09:00,75400.9,75409.6,75383.9,75386.57,0
2026-05-22 15:10:00,75386.31,75386.31,75366.56,75366.56,0
2026-05-22 15:11:00,75371.89,75378.62,75361.93,75368.49,0
2026-05-22 15:12:00,75367.83,75395.85,75365.63,75393.31,0
2026-05-22 15:13:00,75391.71,75400.09,75380.78,75381.3,0
2026-05-22 15:14:00,75400.35,75410.91,75387.54,75408.62,0
2026-05-22 15:15:00,75406.23,75406.23,75388.8,75391.92,0
2026-05-22 15:16:00,75391.92,75392.2,75390.96,75392.2,0
2026-05-22 15:17:00,75392.2,75392.57,75392.07,75392.07,0
2026-05-22 15:18:00,75392.07,75393.53,75391.93,75393.35,0
2026-05-22 15:19:00,75393.35,75393.46,75392.59,75392.85,0
2026-05-22 15:20:00,75392.85,75393.44,75391.73,75392.35,0
2026-05-22 15:21:00,75392.35,75393.26,75392.24,75393.22,0
2026-05-22 15:22:00,75393.22,75394.12,75392.83,75393.89,0
2026-05-22 15:23:00,75393.89,75395.09,75393.88,75395.09,0
2026-05-22 15:24:00,75395.09,75397.98,75395.07,75397.98,0
2026-05-22 15:25:00,75397.98,75401.95,75397.98,75401.92,0
2026-05-22 15:26:00,75401.92,75404.05,75401.92,75403.96,0
2026-05-22 15:27:00,75403.96,75406.16,75403.94,75406.16,0
2026-05-22 15:28:00,75406.16,75410.28,75406.16,75410.28,0
2026-05-22 15:29:00,75410.28,75415.35,75410.28,75415.35,0
2026-05-25 09:15:00,76121.41,76264.81,76121.41,76237.48,0
2026-05-25 09:16:00,76239.6,76250.49,76205.75,76206.73,0
2026-05-25 09:17:00,76243.21,76256.59,76243.16,76247.91,0
2026-05-25 09:18:00,76248.19,76266.95,76247.96,76256.39,0
2026-05-25 09:19:00,76271.59,76273.49,76247.32,76247.32,0
2026-05-25 09:20:00,76250.4,76255.87,76239.51,76242.64,0
2026-05-25 09:21:00,76243.75,76266.6,76243.75,76258.48,0
2026-05-25 09:22:00,76264.07,76268.24,76259.28,76262.89,0
2026-05-25 09:23:00,76258.45,76285.43,76258.45,76285.43,0
2026-05-25 09:24:00,76299.01,76315.57,76299.01,76306.78,0
2026-05-25 09:25:00,76306.48,76311.58,76280.2,76293.62,0
2026-05-25 09:26:00,76294.35,76313.72,76289.13,76310.45,0
2026-05-25 09:27:00,76311.62,76311.62,76271.29,76271.29,0
2026-05-25 09:28:00,76268.13,76275.32,76263.04,76269.25,0
2026-05-25 09:29:00,76268.98,76295.82,76268.98,76295.82,0
2026-05-25 09:30:00,76296.2,76298.55,76284.47,76292.52,0
2026-05-25 09:31:00,76293.08,76299.38,76283.44,76298.15,0
2026-05-25 09:32:00,76230.49,76231.7,76215.99,76220.19,0
2026-05-25 09:33:00,76218.89,76250.89,76206.5,76247.8,0
2026-05-25 09:34:00,76248.09,76249.06,76208.11,76225.32,0
2026-05-25 09:35:00,76231.81,76231.81,76199.33,76211.09,0
2026-05-25 09:36:00,76209.65,76209.65,76175.61,76185.86,0
2026-05-25 09:37:00,76187.06,76208.42,76176.16,76206.47,0
2026-05-25 09:38:00,76205.43,76214.08,76178.42,76189.09,0
2026-05-25 09:39:00,76185.49,76197.74,76178.76,76184.95,0
2026-05-25 09:40:00,76187.86,76187.97,76153.42,76182.96,0
2026-05-25 09:41:00,76182.16,76198.03,76171.38,76171.74,0
2026-05-25 09:42:00,76173.69,76185.79,76164.98,76178.59,0
2026-05-25 09:43:00,76169.43,76176.45,76151.49,76154.56,0
2026-05-25 09:44:00,76154.56,76200.6,76153.93,76200.6,0
2026-05-25 09:45:00,76200.58,76205.97,76178.63,76187.63,0
2026-05-25 09:46:00,76188.5,76194.97,76177.21,76192.47,0
2026-05-25 09:47:00,76192.23,76192.23,76152.54,76152.54,0
2026-05-25 09:48:00,76149.05,76162.49,76128.75,76128.97,0
2026-05-25 09:49:00,76132.22,76171.0,76132.22,76171.0,0
2026-05-25 09:50:00,76167.66,76180.92,76158.07,76165.13,0
2026-05-25 09:51:00,76164.79,76190.9,76163.32,76178.99,0
2026-05-25 09:52:00,76178.06,76178.06,76136.17,76153.86,0
2026-05-25 09:53:00,76153.02,76166.68,76136.76,76140.43,0
2026-05-25 09:54:00,76139.22,76163.88,76135.05,76163.83,0
2026-05-25 09:55:00,76162.11,76173.61,76135.28,76141.51,0
2026-05-25 09:56:00,76142.33,76166.03,76142.33,76159.67,0
2026-05-25 09:57:00,76162.85,76166.48,76148.7,76162.53,0
2026-05-25 09:58:00,76161.66,76164.29,76151.31,76159.8,0
2026-05-25 09:59:00,76158.14,76163.31,76148.24,76150.68,0
2026-05-25 10:00:00,76151.77,76179.81,76150.19,76163.96,0
2026-05-25 10:01:00,76162.53,76172.12,76152.99,76167.46,0
2026-05-25 10:02:00,76168.36,76172.12,76148.83,76156.91,0
2026-05-25 10:03:00,76160.81,76172.53,76153.07,76168.83,0
2026-05-25 10:04:00,76173.22,76190.72,76173.22,76178.63,0
2026-05-25 10:05:00,76182.38,76195.02,76181.5,76195.02,0
2026-05-25 10:06:00,76194.63,76198.15,76183.07,76198.15,0
2026-05-25 10:07:00,76197.45,76208.61,76181.98,76185.37,0
2026-05-25 10:08:00,76185.86,76193.71,76173.98,76191.66,0
2026-05-25 10:09:00,76192.85,76218.37,76184.12,76216.96,0
2026-05-25 10:10:00,76215.64,76226.08,76205.17,76226.08,0
2026-05-25 10:11:00,76225.59,76239.41,76219.9,76225.3,0
2026-05-25 10:12:00,76226.54,76229.95,76198.09,76211.64,0
2026-05-25 10:13:00,76212.49,76234.81,76212.49,76224.98,0
2026-05-25 10:14:00,76225.14,76227.76,76209.2,76220.66,0
2026-05-25 10:15:00,76220.66,76254.03,76220.66,76245.42,0
2026-05-25 10:16:00,76241.48,76246.87,76227.58,76232.03,0
2026-05-25 10:17:00,76232.56,76288.52,76232.56,76288.52,0
2026-05-25 10:18:00,76288.46,76305.68,76283.47,76305.68,0
2026-05-25 10:19:00,76308.55,76317.24,76299.43,76301.51,0
2026-05-25 10:20:00,76302.11,76308.33,76289.98,76291.0,0
2026-05-25 10:21:00,76287.01,76306.07,76285.18,76306.07,0
2026-05-25 10:22:00,76306.42,76333.74,76296.39,76323.43,0
2026-05-25 10:23:00,76321.66,76325.95,76306.4,76307.34,0
2026-05-25 10:24:00,76307.34,76310.67,76278.75,76278.75,0
2026-05-25 10:25:00,76278.12,76284.59,76259.51,76263.66,0
2026-05-25 10:26:00,76262.29,76272.32,76258.01,76263.32,0
2026-05-25 10:27:00,76261.96,76269.65,76243.5,76250.11,0
2026-05-25 10:28:00,76255.9,76255.9,76239.78,76253.12,0
2026-05-25 10:29:00,76258.27,76263.72,76247.97,76255.53,0
2026-05-25 10:30:00,76251.76,76276.57,76250.85,76270.96,0
2026-05-25 10:31:00,76269.0,76295.27,76266.13,76295.27,0
2026-05-25 10:32:00,76292.77,76299.16,76272.78,76283.34,0
2026-05-25 10:33:00,76287.66,76301.34,76284.07,76298.0,0
2026-05-25 10:34:00,76298.11,76307.06,76288.97,76307.06,0
2026-05-25 10:35:00,76307.41,76329.87,76301.64,76329.87,0
2026-05-25 10:36:00,76331.63,76342.93,76324.09,76337.24,0
2026-05-25 10:37:00,76336.69,76367.53,76336.26,76353.63,0
2026-05-25 10:38:00,76351.95,76361.81,76344.72,76348.41,0
2026-05-25 10:39:00,76351.57,76351.57,76334.35,76346.85,0
2026-05-25 10:40:00,76344.63,76365.27,76340.86,76351.51,0
2026-05-25 10:41:00,76349.83,76360.16,76343.4,76343.4,0
2026-05-25 10:42:00,76345.11,76347.48,76335.93,76344.3,0
2026-05-25 10:43:00,76344.3,76351.79,76337.99,76350.47,0
2026-05-25 10:44:00,76348.59,76365.36,76348.59,76360.41,0
2026-05-25 10:45:00,76361.06,76367.04,76357.33,76362.87,0
2026-05-25 10:46:00,76360.6,76377.57,76358.22,76377.57,0
2026-05-25 10:47:00,76381.37,76386.11,76359.91,76359.91,0
2026-05-25 10:48:00,76358.79,76377.49,76358.79,76360.4,0
2026-05-25 10:49:00,76359.35,76369.3,76351.46,76365.74,0
2026-05-25 10:50:00,76364.46,76370.02,76344.61,76354.26,0
2026-05-25 10:51:00,76349.98,76352.58,76331.56,76336.6,0
2026-05-25 10:52:00,76337.78,76343.21,76330.59,76343.21,0
2026-05-25 10:53:00,76341.09,76348.9,76334.52,76346.55,0
2026-05-25 10:54:00,76344.92,76363.01,76343.15,76363.01,0
2026-05-25 10:55:00,76366.05,76367.53,76339.63,76339.63,0
2026-05-25 10:56:00,76338.89,76347.34,76332.95,76340.61,0
2026-05-25 10:57:00,76341.71,76347.47,76329.7,76334.18,0
2026-05-25 10:58:00,76333.48,76333.48,76314.84,76323.2,0
2026-05-25 10:59:00,76323.7,76336.83,76310.64,76325.98,0
2026-05-25 11:00:00,76326.89,76336.96,76319.59,76319.97,0
2026-05-25 11:01:00,76323.29,76329.75,76315.07,76324.08,0
2026-05-25 11:02:00,76326.1,76327.42,76301.55,76309.61,0
2026-05-25 11:03:00,76302.82,76315.15,76302.82,76312.92,0
2026-05-25 11:04:00,76314.62,76337.78,76314.62,76334.27,0
2026-05-25 11:05:00,76336.75,76351.33,76329.58,76338.57,0
2026-05-25 11:06:00,76337.59,76339.43,76319.72,76336.52,0
2026-05-25 11:07:00,76338.01,76343.82,76327.24,76329.05,0
2026-05-25 11:08:00,76330.4,76331.98,76321.53,76324.52,0
2026-05-25 11:09:00,76329.24,76339.05,76324.2,76327.38,0
2026-05-25 11:10:00,76329.86,76332.08,76318.25,76326.43,0
2026-05-25 11:11:00,76321.62,76341.24,76321.62,76328.85,0
2026-05-25 11:12:00,76328.99,76356.23,76328.69,76354.85,0
2026-05-25 11:13:00,76359.54,76366.45,76353.67,76360.56,0
2026-05-25 11:14:00,76360.56,76369.42,76350.56,76358.64,0
2026-05-25 11:15:00,76359.82,76366.61,76350.53,76359.86,0
2026-05-25 11:16:00,76355.31,76364.63,76351.89,76354.15,0
2026-05-25 11:17:00,76355.8,76358.66,76337.08,76345.43,0
2026-05-25 11:18:00,76344.38,76347.65,76326.4,76331.57,0
2026-05-25 11:19:00,76330.99,76344.17,76330.99,76332.69,0
2026-05-25 11:20:00,76335.53,76339.02,76324.79,76326.66,0
2026-05-25 11:21:00,76326.66,76338.45,76313.11,76316.37,0
2026-05-25 11:22:00,76317.51,76320.22,76310.96,76316.41,0
2026-05-25 11:23:00,76316.1,76329.75,76313.73,76319.39,0
2026-05-25 11:24:00,76319.39,76327.77,76315.98,76327.77,0
2026-05-25 11:25:00,76328.27,76341.55,76323.51,76332.51,0
2026-05-25 11:26:00,76334.16,76336.62,76317.72,76322.22,0
2026-05-25 11:27:00,76322.1,76333.61,76318.69,76330.24,0
2026-05-25 11:28:00,76332.0,76340.55,76319.77,76339.97,0
2026-05-25 11:29:00,76339.97,76339.97,76323.12,76328.03,0
2026-05-25 11:30:00,76327.41,76341.64,76325.28,76334.43,0
2026-05-25 11:31:00,76333.15,76334.45,76320.98,76321.51,0
2026-05-25 11:32:00,76322.78,76333.5,76315.94,76315.94,0
2026-05-25 11:33:00,76313.81,76320.87,76299.11,76299.11,0
2026-05-25 11:34:00,76297.64,76309.22,76285.78,76285.78,0
2026-05-25 11:35:00,76289.59,76303.58,76282.4,76301.33,0
2026-05-25 11:36:00,76299.39,76312.11,76291.31,76307.39,0
2026-05-25 11:37:00,76307.04,76315.63,76300.62,76309.54,0
2026-05-25 11:38:00,76306.33,76313.81,76302.08,76313.67,0
2026-05-25 11:39:00,76313.95,76338.29,76307.75,76336.75,0
2026-05-25 11:40:00,76334.03,76365.97,76327.15,76365.97,0
2026-05-25 11:41:00,76366.12,76372.69,76354.54,76357.54,0
2026-05-25 11:42:00,76355.16,76361.93,76347.59,76358.36,0
2026-05-25 11:43:00,76356.31,76356.31,76333.36,76347.12,0
2026-05-25 11:44:00,76345.46,76347.96,76329.19,76335.16,0
2026-05-25 11:45:00,76336.88,76350.8,76336.88,76347.93,0
2026-05-25 11:46:00,76347.13,76361.69,76347.13,76349.35,0
2026-05-25 11:47:00,76349.54,76359.64,76337.64,76359.64,0
2026-05-25 11:48:00,76359.18,76359.58,76341.41,76347.93,0
2026-05-25 11:49:00,76347.23,76352.06,76334.19,76345.48,0
2026-05-25 11:50:00,76345.67,76355.06,76340.56,76350.04,0
2026-05-25 11:51:00,76349.6,76352.7,76340.78,76341.53,0
2026-05-25 11:52:00,76348.54,76362.37,76346.15,76362.37,0
2026-05-25 11:53:00,76358.81,76362.95,76351.05,76362.71,0
2026-05-25 11:54:00,76356.42,76368.13,76346.78,76367.72,0
2026-05-25 11:55:00,76363.79,76371.6,76361.17,76361.42,0
2026-05-25 11:56:00,76363.65,76367.47,76355.67,76355.67,0
2026-05-25 11:57:00,76357.39,76365.55,76351.91,76351.91,0
2026-05-25 11:58:00,76353.63,76364.48,76352.53,76357.78,0
2026-05-25 11:59:00,76361.13,76365.92,76356.63,76364.04,0
2026-05-25 12:00:00,76360.81,76360.81,76323.77,76324.62,0
2026-05-25 12:01:00,76323.86,76325.46,76304.73,76319.14,0
2026-05-25 12:02:00,76319.14,76329.64,76307.66,76317.62,0
2026-05-25 12:03:00,76318.53,76320.86,76284.74,76287.96,0
2026-05-25 12:04:00,76288.75,76313.67,76287.42,76310.35,0
2026-05-25 12:05:00,76309.13,76309.13,76288.52,76292.26,0
2026-05-25 12:06:00,76292.26,76309.65,76286.75,76309.65,0
2026-05-25 12:07:00,76308.75,76316.98,76301.05,76312.95,0
2026-05-25 12:08:00,76312.95,76312.99,76285.08,76286.52,0
2026-05-25 12:09:00,76286.57,76295.2,76278.55,76287.99,0
2026-05-25 12:10:00,76285.88,76292.68,76280.6,76286.48,0
2026-05-25 12:11:00,76288.62,76303.66,76285.55,76301.94,0
2026-05-25 12:12:00,76305.34,76312.43,76300.95,76304.97,0
2026-05-25 12:13:00,76302.69,76308.32,76289.97,76298.26,0
2026-05-25 12:14:00,76293.76,76301.03,76285.49,76286.96,0
2026-05-25 12:15:00,76286.96,76292.98,76282.98,76288.57,0
2026-05-25 12:16:00,76288.57,76289.44,76275.77,76281.77,0
2026-05-25 12:17:00,76281.77,76287.15,76275.35,76277.35,0
2026-05-25 12:18:00,76277.35,76294.19,76277.35,76292.32,0
2026-05-25 12:19:00,76291.38,76307.98,76286.07,76303.46,0
2026-05-25 12:20:00,76303.58,76307.3,76287.2,76288.7,0
2026-05-25 12:21:00,76291.25,76297.38,76275.94,76286.07,0
2026-05-25 12:22:00,76283.7,76283.77,76270.07,76276.66,0
2026-05-25 12:23:00,76275.97,76289.25,76275.97,76281.36,0
2026-05-25 12:24:00,76286.66,76290.13,76276.99,76277.64,0
2026-05-25 12:25:00,76276.01,76290.39,76276.01,76284.17,0
2026-05-25 12:26:00,76283.87,76304.78,76283.1,76290.43,0
2026-05-25 12:27:00,76289.77,76291.59,76273.17,76275.33,0
2026-05-25 12:28:00,76276.03,76280.25,76269.84,76274.1,0
2026-05-25 12:29:00,76272.69,76275.72,76262.23,76265.16,0
2026-05-25 12:30:00,76264.52,76268.02,76249.24,76253.42,0
2026-05-25 12:31:00,76253.77,76262.76,76247.57,76261.89,0
2026-05-25 12:32:00,76260.42,76261.11,76243.9,76253.73,0
2026-05-25 12:33:00,76253.12,76266.36,76252.91,76264.84,0
2026-05-25 12:34:00,76265.61,76272.45,76257.32,76268.79,0
2026-05-25 12:35:00,76269.02,76276.64,76266.98,76268.27,0
2026-05-25 12:36:00,76270.06,76276.08,76264.54,76274.83,0
2026-05-25 12:37:00,76274.83,76288.89,76270.29,76288.89,0
2026-05-25 12:38:00,76288.89,76290.6,76274.95,76281.5,0
2026-05-25 12:39:00,76280.51,76280.51,76257.91,76257.91,0
2026-05-25 12:40:00,76257.91,76264.56,76244.88,76258.0,0
2026-05-25 12:41:00,76258.0,76262.03,76253.55,76258.99,0
2026-05-25 12:42:00,76263.18,76268.34,76256.59,76268.34,0
2026-05-25 12:43:00,76270.99,76278.09,76265.78,76265.78,0
2026-05-25 12:44:00,76265.78,76274.9,76250.69,76258.03,0
2026-05-25 12:45:00,76258.44,76261.98,76247.66,76257.53,0
2026-05-25 12:46:00,76258.63,76258.63,76230.39,76230.39,0
2026-05-25 12:47:00,76228.02,76233.18,76221.4,76229.39,0
2026-05-25 12:48:00,76229.39,76234.07,76189.28,76189.48,0
2026-05-25 12:49:00,76189.34,76200.29,76183.21,76195.87,0
2026-05-25 12:50:00,76196.17,76199.44,76180.23,76189.02,0
2026-05-25 12:51:00,76190.07,76208.36,76190.07,76196.93,0
2026-05-25 12:52:00,76199.44,76218.94,76191.07,76211.98,0
2026-05-25 12:53:00,76210.93,76221.83,76210.22,76216.91,0
2026-05-25 12:54:00,76218.09,76230.23,76209.08,76226.43,0
2026-05-25 12:55:00,76225.42,76228.09,76208.1,76210.18,0
2026-05-25 12:56:00,76205.6,76221.16,76205.6,76212.21,0
2026-05-25 12:57:00,76212.82,76232.22,76209.58,76230.11,0
2026-05-25 12:58:00,76230.58,76238.0,76223.23,76229.96,0
2026-05-25 12:59:00,76229.38,76240.13,76229.38,76230.2,0
2026-05-25 13:00:00,76234.96,76240.29,76221.29,76240.29,0
2026-05-25 13:01:00,76237.04,76240.39,76221.27,76231.8,0
2026-05-25 13:02:00,76227.86,76233.74,76220.32,76233.74,0
2026-05-25 13:03:00,76244.32,76314.84,76244.32,76314.84,0
2026-05-25 13:04:00,76314.38,76322.13,76291.92,76295.61,0
2026-05-25 13:05:00,76301.13,76306.45,76298.74,76300.88,0
2026-05-25 13:06:00,76300.88,76314.93,76290.03,76305.21,0
2026-05-25 13:07:00,76306.35,76328.1,76306.3,76323.54,0
2026-05-25 13:08:00,76321.73,76325.01,76306.05,76322.45,0
2026-05-25 13:09:00,76316.89,76325.31,76310.38,76321.64,0
2026-05-25 13:10:00,76320.41,76336.02,76320.41,76331.34,0
2026-05-25 13:11:00,76334.22,76339.82,76318.02,76319.2,0
2026-05-25 13:12:00,76317.98,76326.68,76317.63,76324.85,0
2026-05-25 13:13:00,76326.29,76326.73,76313.09,76318.66,0
2026-05-25 13:14:00,76319.84,76327.14,76315.89,76316.38,0
2026-05-25 13:15:00,76316.08,76324.98,76314.14,76318.41,0
2026-05-25 13:16:00,76316.78,76326.73,76316.48,76322.1,0
2026-05-25 13:17:00,76318.23,76329.77,76317.95,76322.43,0
2026-05-25 13:18:00,76322.36,76323.02,76311.4,76318.55,0
2026-05-25 13:19:00,76318.55,76337.02,76316.07,76329.49,0
2026-05-25 13:20:00,76332.92,76332.92,76322.71,76324.14,0
2026-05-25 13:21:00,76320.89,76335.44,76320.89,76326.28,0
2026-05-25 13:22:00,76329.46,76330.63,76308.63,76324.54,0
2026-05-25 13:23:00,76325.51,76333.99,76323.79,76326.73,0
2026-05-25 13:24:00,76326.73,76331.13,76321.2,76325.88,0
2026-05-25 13:25:00,76325.61,76331.76,76320.54,76325.82,0
2026-05-25 13:26:00,76327.65,76332.64,76324.56,76329.9,0
2026-05-25 13:27:00,76328.59,76338.16,76326.75,76327.94,0
2026-05-25 13:28:00,76327.94,76343.14,76326.89,76338.27,0
2026-05-25 13:29:00,76338.93,76343.6,76332.07,76341.4,0
2026-05-25 13:30:00,76341.54,76343.5,76333.92,76337.38,0
2026-05-25 13:31:00,76342.39,76352.75,76337.14,76351.48,0
2026-05-25 13:32:00,76356.22,76361.12,76345.15,76345.15,0
2026-05-25 13:33:00,76348.31,76354.02,76335.03,76349.65,0
2026-05-25 13:34:00,76349.69,76367.16,76349.19,76357.91,0
2026-05-25 13:35:00,76357.91,76363.12,76337.66,76343.5,0
2026-05-25 13:36:00,76343.15,76345.34,76329.27,76332.75,0
2026-05-25 13:37:00,76333.94,76335.44,76325.45,76330.24,0
2026-05-25 13:38:00,76330.19,76332.31,76320.1,76322.86,0
2026-05-25 13:39:00,76325.48,76328.22,76313.92,76325.85,0
2026-05-25 13:40:00,76326.18,76326.18,76307.97,76307.97,0
2026-05-25 13:41:00,76307.97,76317.44,76307.3,76308.49,0
2026-05-25 13:42:00,76306.29,76312.41,76284.75,76285.32,0
2026-05-25 13:43:00,76283.74,76283.89,76273.68,76279.37,0
2026-05-25 13:44:00,76281.4,76282.05,76272.3,76280.4,0
2026-05-25 13:45:00,76281.02,76281.7,76262.68,76274.66,0
2026-05-25 13:46:00,76276.92,76294.69,76276.92,76292.69,0
2026-05-25 13:47:00,76291.11,76303.53,76285.77,76296.9,0
2026-05-25 13:48:00,76295.51,76308.13,76294.74,76301.22,0
2026-05-25 13:49:00,76301.9,76305.18,76295.99,76301.17,0
2026-05-25 13:50:00,76301.17,76304.31,76294.01,76298.66,0
2026-05-25 13:51:00,76297.62,76309.57,76294.99,76307.72,0
2026-05-25 13:52:00,76309.8,76314.13,76303.44,76303.44,0
2026-05-25 13:53:00,76303.44,76311.84,76293.1,76301.41,0
2026-05-25 13:54:00,76303.7,76308.51,76297.45,76299.01,0
2026-05-25 13:55:00,76300.76,76309.97,76294.89,76297.92,0
2026-05-25 13:56:00,76298.94,76299.04,76279.86,76284.36,0
2026-05-25 13:57:00,76284.08,76293.34,76281.68,76284.09,0
2026-05-25 13:58:00,76285.62,76291.16,76278.3,76278.75,0
2026-05-25 13:59:00,76279.37,76288.4,76277.2,76277.72,0
2026-05-25 14:00:00,76277.48,76283.82,76271.44,76274.28,0
2026-05-25 14:01:00,76274.28,76283.77,76273.91,76283.77,0
2026-05-25 14:02:00,76279.16,76298.46,76279.16,76297.53,0
2026-05-25 14:03:00,76298.26,76306.45,76295.78,76306.45,0
2026-05-25 14:04:00,76308.86,76328.68,76308.86,76315.29,0
2026-05-25 14:05:00,76315.01,76324.13,76313.7,76318.56,0
2026-05-25 14:06:00,76317.98,76317.98,76287.24,76287.24,0
2026-05-25 14:07:00,76287.76,76296.38,76269.27,76269.27,0
2026-05-25 14:08:00,76269.7,76278.83,76269.7,76275.87,0
2026-05-25 14:09:00,76277.71,76282.1,76266.8,76270.2,0
2026-05-25 14:10:00,76269.97,76289.03,76269.81,76289.03,0
2026-05-25 14:11:00,76287.44,76298.29,76284.35,76292.84,0
2026-05-25 14:12:00,76291.91,76299.44,76285.98,76286.5,0
2026-05-25 14:13:00,76285.19,76291.02,76267.2,76267.2,0
2026-05-25 14:14:00,76268.47,76268.47,76247.9,76250.8,0
2026-05-25 14:15:00,76253.99,76263.32,76243.44,76263.32,0
2026-05-25 14:16:00,76263.14,76268.32,76257.82,76258.17,0
2026-05-25 14:17:00,76259.08,76273.0,76258.87,76262.95,0
2026-05-25 14:18:00,76264.85,76268.83,76247.88,76254.23,0
2026-05-25 14:19:00,76254.23,76256.38,76235.52,76243.49,0
2026-05-25 14:20:00,76243.08,76260.52,76243.08,76249.82,0
2026-05-25 14:21:00,76249.6,76266.23,76249.6,76257.78,0
2026-05-25 14:22:00,76259.07,76272.52,76257.51,76269.16,0
2026-05-25 14:23:00,76269.45,76269.45,76249.18,76257.82,0
2026-05-25 14:24:00,76259.15,76269.38,76255.29,76266.55,0
2026-05-25 14:25:00,76267.2,76274.27,76261.65,76274.27,0
2026-05-25 14:26:00,76274.27,76300.49,76272.19,76300.49,0
2026-05-25 14:27:00,76300.35,76310.61,76297.24,76309.95,0
2026-05-25 14:28:00,76308.46,76310.53,76302.01,76307.87,0
2026-05-25 14:29:00,76307.83,76312.66,76300.33,76300.33,0
2026-05-25 14:30:00,76302.12,76309.33,76298.07,76299.91,0
2026-05-25 14:31:00,76302.77,76310.41,76299.6,76304.73,0
2026-05-25 14:32:00,76304.73,76316.11,76303.82,76312.78,0
2026-05-25 14:33:00,76313.8,76322.51,76313.21,76320.77,0
2026-05-25 14:34:00,76321.02,76323.97,76314.11,76323.46,0
2026-05-25 14:35:00,76323.46,76333.91,76319.5,76324.53,0
2026-05-25 14:36:00,76322.3,76328.8,76319.2,76323.55,0
2026-05-25 14:37:00,76323.88,76341.88,76319.37,76335.11,0
2026-05-25 14:38:00,76332.73,76349.06,76325.32,76345.37,0
2026-05-25 14:39:00,76346.54,76366.59,76345.61,76358.31,0
2026-05-25 14:40:00,76358.15,76358.94,76349.12,76352.18,0
2026-05-25 14:41:00,76352.66,76356.45,76345.51,76354.82,0
2026-05-25 14:42:00,76354.77,76360.57,76352.66,76355.35,0
2026-05-25 14:43:00,76355.35,76359.99,76345.82,76358.38,0
2026-05-25 14:44:00,76357.24,76399.31,76356.58,76394.06,0
2026-05-25 14:45:00,76394.86,76421.81,76390.27,76412.68,0
2026-05-25 14:46:00,76417.28,76446.43,76411.56,76442.01,0
2026-05-25 14:47:00,76445.96,76466.0,76443.79,76459.58,0
2026-05-25 14:48:00,76464.52,76467.35,76445.44,76445.44,0
2026-05-25 14:49:00,76446.98,76449.97,76432.39,76438.19,0
2026-05-25 14:50:00,76440.49,76442.74,76429.14,76436.3,0
2026-05-25 14:51:00,76437.25,76452.22,76437.25,76446.28,0
2026-05-25 14:52:00,76446.94,76461.14,76436.9,76461.14,0
2026-05-25 14:53:00,76461.34,76471.25,76455.27,76465.58,0
2026-05-25 14:54:00,76464.93,76469.99,76455.34,76469.99,0
2026-05-25 14:55:00,76470.67,76478.73,76465.11,76472.64,0
2026-05-25 14:56:00,76472.64,76480.33,76464.58,76478.56,0
2026-05-25 14:57:00,76478.89,76486.51,76466.99,76485.24,0
2026-05-25 14:58:00,76486.15,76491.91,76479.01,76489.22,0
2026-05-25 14:59:00,76487.93,76495.85,76480.73,76482.63,0
2026-05-25 15:00:00,76482.8,76485.4,76471.35,76471.35,0
2026-05-25 15:01:00,76470.55,76478.42,76463.6,76472.22,0
2026-05-25 15:02:00,76470.88,76485.16,76466.46,76484.65,0
2026-05-25 15:03:00,76490.45,76500.37,76489.36,76491.62,0
2026-05-25 15:04:00,76489.94,76495.41,76485.26,76487.69,0
2026-05-25 15:05:00,76489.89,76491.58,76456.06,76463.6,0
2026-05-25 15:06:00,76464.35,76471.68,76446.02,76455.67,0
2026-05-25 15:07:00,76458.68,76475.2,76455.76,76472.04,0
2026-05-25 15:08:00,76473.85,76474.18,76451.83,76454.83,0
2026-05-25 15:09:00,76453.31,76465.94,76453.31,76455.89,0
2026-05-25 15:10:00,76457.94,76475.54,76457.94,76466.71,0
2026-05-25 15:11:00,76468.72,76488.41,76468.72,76484.87,0
2026-05-25 15:12:00,76482.79,76493.41,76474.92,76491.34,0
2026-05-25 15:13:00,76489.33,76503.53,76489.3,76498.21,0
2026-05-25 15:14:00,76495.11,76502.38,76489.13,76494.37,0
2026-05-25 15:15:00,76498.36,76498.36,76479.09,76480.74,0
2026-05-25 15:16:00,76480.74,76480.91,76479.2,76479.2,0
2026-05-25 15:17:00,76479.2,76479.2,76478.35,76478.36,0
2026-05-25 15:18:00,76478.36,76478.52,76478.24,76478.4,0
2026-05-25 15:19:00,76478.4,76478.4,76477.27,76477.75,0
2026-05-25 15:20:00,76477.75,76477.76,76477.23,76477.51,0
2026-05-25 15:21:00,76477.51,76477.51,76476.0,76476.24,0
2026-05-25 15:22:00,76476.24,76476.83,76476.24,76476.7,0
2026-05-25 15:23:00,76476.7,76477.28,76476.67,76476.71,0
2026-05-25 15:24:00,76476.71,76477.12,76476.59,76477.03,0
2026-05-25 15:25:00,76477.03,76477.67,76476.82,76477.54,0
2026-05-25 15:26:00,76477.54,76480.72,76477.54,76480.72,0
2026-05-25 15:27:00,76480.72,76483.33,76480.72,76483.33,0
2026-05-25 15:28:00,76483.33,76486.05,76483.33,76486.05,0
2026-05-25 15:29:00,76486.05,76489.26,76486.04,76489.25,0
2026-05-26 09:15:00,76268.89,76388.01,76260.4,76261.43,0
2026-05-26 09:16:00,76260.11,76328.55,76260.11,76328.55,0
2026-05-26 09:17:00,76329.04,76354.16,76314.24,76338.61,0
2026-05-26 09:18:00,76339.64,76359.13,76323.0,76359.13,0
2026-05-26 09:19:00,76356.62,76394.99,76348.81,76389.82,0
2026-05-26 09:20:00,76403.47,76441.06,76401.15,76414.81,0
2026-05-26 09:21:00,76418.48,76433.62,76405.59,76426.33,0
2026-05-26 09:22:00,76427.95,76444.69,76420.27,76433.37,0
2026-05-26 09:23:00,76426.85,76438.49,76405.71,76435.76,0
2026-05-26 09:24:00,76440.22,76448.56,76429.91,76429.91,0
2026-05-26 09:25:00,76427.58,76437.58,76403.82,76411.72,0
2026-05-26 09:26:00,76415.72,76437.54,76400.3,76419.62,0
2026-05-26 09:27:00,76416.69,76439.89,76416.69,76438.59,0
2026-05-26 09:28:00,76440.74,76472.61,76439.53,76468.94,0
2026-05-26 09:29:00,76464.0,76490.91,76457.1,76476.49,0
2026-05-26 09:30:00,76477.76,76487.25,76463.38,76464.95,0
2026-05-26 09:31:00,76466.28,76492.74,76466.28,76481.97,0
2026-05-26 09:32:00,76481.33,76500.8,76473.89,76490.97,0
2026-05-26 09:33:00,76487.7,76502.71,76478.98,76498.03,0
2026-05-26 09:34:00,76496.81,76501.78,76474.35,76474.35,0
2026-05-26 09:35:00,76482.16,76482.16,76440.26,76443.98,0
2026-05-26 09:36:00,76444.89,76483.08,76428.68,76483.08,0
2026-05-26 09:37:00,76483.44,76553.85,76480.11,76553.44,0
2026-05-26 09:38:00,76552.57,76592.24,76552.57,76585.83,0
2026-05-26 09:39:00,76583.86,76602.71,76577.24,76586.06,0
2026-05-26 09:40:00,76582.77,76616.02,76582.77,76590.71,0
2026-05-26 09:41:00,76586.11,76596.74,76569.44,76569.44,0
2026-05-26 09:42:00,76563.6,76570.09,76552.17,76552.76,0
2026-05-26 09:43:00,76552.53,76565.24,76542.5,76546.87,0
2026-05-26 09:44:00,76550.66,76574.96,76545.17,76568.63,0
2026-05-26 09:45:00,76570.96,76577.88,76548.96,76553.08,0
2026-05-26 09:46:00,76551.85,76561.39,76539.43,76551.98,0
2026-05-26 09:47:00,76553.2,76553.2,76535.35,76536.05,0
2026-05-26 09:48:00,76543.3,76552.09,76535.38,76536.56,0
2026-05-26 09:49:00,76535.01,76539.38,76522.47,76532.6,0
2026-05-26 09:50:00,76530.9,76538.71,76517.38,76528.74,0
2026-05-26 09:51:00,76527.39,76535.55,76511.86,76522.54,0
2026-05-26 09:52:00,76520.37,76525.62,76512.84,76523.99,0
2026-05-26 09:53:00,76523.54,76523.54,76508.98,76510.88,0
2026-05-26 09:54:00,76511.12,76514.5,76491.55,76491.55,0
2026-05-26 09:55:00,76477.11,76481.88,76460.45,76467.32,0
2026-05-26 09:56:00,76467.09,76467.09,76443.61,76448.66,0
2026-05-26 09:57:00,76449.01,76451.08,76421.79,76437.85,0
2026-05-26 09:58:00,76430.9,76431.2,76395.31,76396.85,0
2026-05-26 09:59:00,76392.64,76418.53,76384.2,76418.53,0
2026-05-26 10:00:00,76420.17,76427.07,76413.21,76423.9,0
2026-05-26 10:01:00,76419.81,76429.03,76411.1,76429.03,0
2026-05-26 10:02:00,76429.39,76435.0,76421.46,76427.74,0
2026-05-26 10:03:00,76429.78,76454.1,76415.86,76454.1,0
2026-05-26 10:04:00,76458.68,76519.63,76455.46,76506.72,0
2026-05-26 10:05:00,76505.49,76505.49,76476.15,76480.03,0
2026-05-26 10:06:00,76480.26,76481.84,76456.06,76456.06,0
2026-05-26 10:07:00,76448.77,76473.42,76444.29,76462.45,0
2026-05-26 10:08:00,76455.21,76498.23,76455.21,76496.4,0
2026-05-26 10:09:00,76497.16,76507.49,76493.67,76501.64,0
2026-05-26 10:10:00,76502.05,76518.81,76500.0,76518.81,0
2026-05-26 10:11:00,76518.52,76532.87,76515.25,76528.91,0
2026-05-26 10:12:00,76530.11,76536.22,76520.36,76527.2,0
2026-05-26 10:13:00,76527.35,76543.55,76527.33,76531.33,0
2026-05-26 10:14:00,76531.73,76547.55,76531.73,76547.55,0
2026-05-26 10:15:00,76542.83,76553.26,76536.03,76547.01,0
2026-05-26 10:16:00,76547.89,76560.88,76540.27,76543.71,0
2026-05-26 10:17:00,76541.01,76547.96,76524.32,76524.32,0
2026-05-26 10:18:00,76522.83,76534.96,76513.13,76534.96,0
2026-05-26 10:19:00,76534.96,76534.96,76518.31,76524.47,0
2026-05-26 10:20:00,76521.6,76521.6,76491.06,76505.64,0
2026-05-26 10:21:00,76504.82,76518.31,76495.03,76514.76,0
2026-05-26 10:22:00,76511.04,76536.83,76510.19,76536.83,0
2026-05-26 10:23:00,76534.74,76556.42,76527.96,76554.59,0
2026-05-26 10:24:00,76558.97,76567.97,76553.48,76567.06,0
2026-05-26 10:25:00,76568.69,76575.45,76565.79,76569.18,0
2026-05-26 10:26:00,76567.21,76585.34,76567.21,76571.35,0
2026-05-26 10:27:00,76568.01,76582.5,76568.01,76580.89,0
2026-05-26 10:28:00,76579.9,76584.39,76571.76,76577.4,0
2026-05-26 10:29:00,76577.4,76586.09,76562.68,76569.51,0
2026-05-26 10:30:00,76569.87,76578.92,76565.89,76568.66,0
2026-05-26 10:31:00,76568.03,76578.56,76549.07,76562.76,0
2026-05-26 10:32:00,76560.84,76576.93,76558.34,76574.67,0
2026-05-26 10:33:00,76567.25,76574.64,76558.85,76568.52,0
2026-05-26 10:34:00,76567.2,76586.32,76562.02,76586.03,0
2026-05-26 10:35:00,76585.01,76606.94,76584.68,76605.72,0
2026-05-26 10:36:00,76607.12,76621.47,76606.64,76616.77,0
2026-05-26 10:37:00,76616.02,76627.04,76608.48,76609.19,0
2026-05-26 10:38:00,76609.69,76614.24,76601.52,76610.14,0
2026-05-26 10:39:00,76609.57,76612.95,76604.33,76607.73,0
2026-05-26 10:40:00,76610.65,76613.9,76602.73,76610.02,0
2026-05-26 10:41:00,76614.69,76615.45,76597.91,76597.91,0
2026-05-26 10:42:00,76598.06,76610.47,76594.21,76603.0,0
2026-05-26 10:43:00,76595.66,76611.74,76595.66,76602.7,0
2026-05-26 10:44:00,76601.06,76601.83,76569.41,76569.41,0
2026-05-26 10:45:00,76567.65,76581.81,76564.91,76576.45,0
2026-05-26 10:46:00,76577.59,76581.18,76554.39,76571.11,0
2026-05-26 10:47:00,76568.77,76574.66,76559.59,76566.65,0
2026-05-26 10:48:00,76563.99,76571.7,76557.67,76564.81,0
2026-05-26 10:49:00,76564.35,76568.57,76555.61,76564.43,0
2026-05-26 10:50:00,76564.23,76572.73,76554.44,76561.41,0
2026-05-26 10:51:00,76560.12,76565.9,76550.7,76557.56,0
2026-05-26 10:52:00,76555.53,76563.94,76551.62,76563.94,0
2026-05-26 10:53:00,76563.8,76588.55,76560.13,76588.53,0
2026-05-26 10:54:00,76588.59,76600.37,76580.26,76590.43,0
2026-05-26 10:55:00,76587.14,76591.07,76562.12,76574.97,0
2026-05-26 10:56:00,76577.27,76592.38,76571.72,76578.38,0
2026-05-26 10:57:00,76577.53,76582.63,76567.61,76570.78,0
2026-05-26 10:58:00,76568.3,76591.31,76568.3,76588.94,0
2026-05-26 10:59:00,76587.67,76587.67,76565.63,76568.45,0
2026-05-26 11:00:00,76568.45,76577.84,76563.3,76576.65,0
2026-05-26 11:01:00,76576.04,76580.41,76559.17,76565.77,0
2026-05-26 11:02:00,76566.7,76585.65,76564.94,76577.08,0
2026-05-26 11:03:00,76579.09,76587.02,76571.24,76578.29,0
2026-05-26 11:04:00,76577.52,76582.5,76558.5,76559.02,0
2026-05-26 11:05:00,76564.15,76572.51,76560.71,76564.92,0
2026-05-26 11:06:00,76564.92,76566.37,76533.61,76533.61,0
2026-05-26 11:07:00,76531.76,76550.43,76531.76,76548.46,0
2026-05-26 11:08:00,76549.52,76561.96,76546.04,76561.71,0
2026-05-26 11:09:00,76559.84,76560.94,76546.22,76555.81,0
2026-05-26 11:10:00,76554.67,76562.88,76538.52,76538.52,0
2026-05-26 11:11:00,76539.9,76555.94,76539.9,76546.94,0
2026-05-26 11:12:00,76547.38,76560.88,76541.83,76560.88,0
2026-05-26 11:13:00,76560.64,76563.14,76548.52,76550.54,0
2026-05-26 11:14:00,76549.81,76553.17,76533.94,76542.36,0
2026-05-26 11:15:00,76536.13,76536.13,76514.59,76518.85,0
2026-05-26 11:16:00,76517.78,76530.02,76515.34,76526.46,0
2026-05-26 11:17:00,76526.67,76532.37,76516.4,76516.4,0
2026-05-26 11:18:00,76516.3,76518.49,76490.67,76511.33,0
2026-05-26 11:19:00,76512.51,76531.82,76509.65,76530.36,0
2026-05-26 11:20:00,76530.25,76533.73,76518.38,76521.54,0
2026-05-26 11:21:00,76522.75,76537.28,76513.83,76523.26,0
2026-05-26 11:22:00,76521.23,76522.54,76507.65,76508.92,0
2026-05-26 11:23:00,76508.81,76513.29,76501.7,76506.21,0
2026-05-26 11:24:00,76506.13,76510.93,76474.5,76474.5,0
2026-05-26 11:25:00,76474.5,76484.11,76466.9,76472.93,0
2026-05-26 11:26:00,76474.36,76500.48,76472.06,76500.48,0
2026-05-26 11:27:00,76500.66,76500.66,76481.3,76481.3,0
2026-05-26 11:28:00,76480.92,76483.96,76473.17,76479.21,0
2026-05-26 11:29:00,76475.35,76476.4,76450.37,76450.37,0
2026-05-26 11:30:00,76447.8,76452.35,76400.06,76402.87,0
2026-05-26 11:31:00,76407.34,76432.95,76400.51,76431.54,0
2026-05-26 11:32:00,76431.54,76438.56,76424.04,76434.71,0
2026-05-26 11:33:00,76437.93,76446.97,76431.78,76442.45,0
2026-05-26 11:34:00,76442.92,76457.28,76442.92,76447.83,0
2026-05-26 11:35:00,76449.82,76474.28,76449.82,76463.93,0
2026-05-26 11:36:00,76460.48,76487.24,76460.03,76486.38,0
2026-05-26 11:37:00,76485.34,76510.44,76485.34,76498.15,0
2026-05-26 11:38:00,76504.44,76523.92,76500.93,76520.63,0
2026-05-26 11:39:00,76521.78,76532.31,76516.64,76532.31,0
2026-05-26 11:40:00,76529.73,76535.24,76518.52,76527.82,0
2026-05-26 11:41:00,76527.82,76537.01,76509.63,76514.19,0
2026-05-26 11:42:00,76514.19,76520.29,76508.61,76511.41,0
2026-05-26 11:43:00,76510.98,76515.21,76501.28,76507.15,0
2026-05-26 11:44:00,76508.63,76517.84,76505.85,76506.57,0
2026-05-26 11:45:00,76503.09,76519.45,76502.24,76502.79,0
2026-05-26 11:46:00,76501.89,76501.89,76487.96,76487.96,0
2026-05-26 11:47:00,76487.69,76500.54,76485.55,76489.5,0
2026-05-26 11:48:00,76491.98,76499.44,76483.98,76489.29,0
2026-05-26 11:49:00,76492.83,76499.11,76480.77,76496.64,0
2026-05-26 11:50:00,76496.64,76505.39,76492.52,76500.67,0
2026-05-26 11:51:00,76498.57,76498.66,76486.87,76494.51,0
2026-05-26 11:52:00,76495.62,76504.69,76476.33,76483.66,0
2026-05-26 11:53:00,76485.66,76488.53,76465.19,76487.28,0
2026-05-26 11:54:00,76490.24,76494.2,76477.19,76481.27,0
2026-05-26 11:55:00,76482.72,76486.58,76469.23,76480.11,0
2026-05-26 11:56:00,76480.3,76480.3,76470.87,76471.45,0
2026-05-26 11:57:00,76472.65,76481.87,76472.24,76479.71,0
2026-05-26 11:58:00,76479.26,76488.33,76431.48,76431.48,0
2026-05-26 11:59:00,76428.65,76440.82,76422.26,76437.61,0
2026-05-26 12:00:00,76429.02,76436.93,76404.89,76404.89,0
2026-05-26 12:01:00,76403.84,76417.91,76393.12,76395.0,0
2026-05-26 12:02:00,76394.87,76399.94,76380.94,76384.83,0
2026-05-26 12:03:00,76383.45,76383.45,76359.66,76370.51,0
2026-05-26 12:04:00,76371.79,76409.89,76370.96,76405.62,0
2026-05-26 12:05:00,76407.31,76415.37,76395.74,76399.07,0
2026-05-26 12:06:00,76399.07,76408.13,76396.62,76408.13,0
2026-05-26 12:07:00,76408.13,76434.08,76403.17,76434.08,0
2026-05-26 12:08:00,76435.57,76436.6,76411.46,76411.57,0
2026-05-26 12:09:00,76411.96,76411.96,76388.07,76393.12,0
2026-05-26 12:10:00,76393.47,76400.51,76388.97,76396.84,0
2026-05-26 12:11:00,76397.66,76397.66,76382.18,76383.29,0
2026-05-26 12:12:00,76372.93,76384.28,76368.76,76369.4,0
2026-05-26 12:13:00,76368.29,76370.56,76353.49,76361.21,0
2026-05-26 12:14:00,76361.21,76369.56,76354.53,76363.49,0
2026-05-26 12:15:00,76362.81,76366.32,76350.23,76353.01,0
2026-05-26 12:16:00,76351.8,76373.94,76350.56,76368.56,0
2026-05-26 12:17:00,76368.56,76387.91,76364.71,76387.91,0
2026-05-26 12:18:00,76386.22,76401.76,76377.34,76401.76,0
2026-05-26 12:19:00,76402.67,76405.05,76387.68,76392.93,0
2026-05-26 12:20:00,76393.99,76404.07,76388.2,76401.41,0
2026-05-26 12:21:00,76399.87,76406.24,76395.94,76402.88,0
2026-05-26 12:22:00,76406.3,76409.04,76396.32,76400.17,0
2026-05-26 12:23:00,76400.99,76402.68,76387.5,76396.88,0
2026-05-26 12:24:00,76397.62,76401.17,76390.96,76390.96,0
2026-05-26 12:25:00,76390.96,76399.66,76384.61,76394.15,0
2026-05-26 12:26:00,76393.03,76396.31,76381.42,76384.99,0
2026-05-26 12:27:00,76385.2,76386.68,76369.52,76369.52,0
2026-05-26 12:28:00,76369.52,76375.86,76364.54,76367.26,0
2026-05-26 12:29:00,76366.05,76366.27,76350.07,76352.83,0
2026-05-26 12:30:00,76353.91,76382.74,76353.91,76382.74,0
2026-05-26 12:31:00,76387.94,76396.55,76380.85,76392.75,0
2026-05-26 12:32:00,76395.73,76408.35,76384.23,76384.27,0
2026-05-26 12:33:00,76384.27,76392.27,76375.9,76375.9,0
2026-05-26 12:34:00,76377.48,76386.62,76360.64,76360.64,0
2026-05-26 12:35:00,76363.36,76365.09,76334.46,76338.0,0
2026-05-26 12:36:00,76338.14,76345.74,76326.51,76343.74,0
2026-05-26 12:37:00,76342.39,76364.89,76335.16,76360.85,0
2026-05-26 12:38:00,76363.46,76367.36,76356.49,76358.54,0
2026-05-26 12:39:00,76358.48,76369.2,76354.5,76362.26,0
2026-05-26 12:40:00,76357.04,76366.89,76343.76,76343.76,0
2026-05-26 12:41:00,76343.98,76345.66,76324.47,76327.3,0
2026-05-26 12:42:00,76327.3,76347.87,76323.84,76330.06,0
2026-05-26 12:43:00,76327.68,76327.68,76309.69,76322.15,0
2026-05-26 12:44:00,76322.43,76328.89,76315.18,76324.97,0
2026-05-26 12:45:00,76326.2,76327.45,76289.73,76298.96,0
2026-05-26 12:46:00,76299.8,76299.8,76272.23,76286.84,0
2026-05-26 12:47:00,76279.63,76291.4,76275.34,76283.14,0
2026-05-26 12:48:00,76283.14,76289.4,76273.45,76273.45,0
2026-05-26 12:49:00,76274.96,76288.07,76258.24,76284.83,0
2026-05-26 12:50:00,76285.44,76285.44,76233.05,76233.41,0
2026-05-26 12:51:00,76235.52,76235.52,76202.18,76203.03,0
2026-05-26 12:52:00,76205.0,76215.25,76196.28,76214.75,0
2026-05-26 12:53:00,76213.17,76246.96,76213.17,76246.96,0
2026-05-26 12:54:00,76246.57,76293.82,76246.16,76292.22,0
2026-05-26 12:55:00,76292.22,76297.7,76285.32,76295.99,0
2026-05-26 12:56:00,76295.85,76300.68,76277.9,76280.65,0
2026-05-26 12:57:00,76275.19,76290.11,76271.57,76288.54,0
2026-05-26 12:58:00,76288.54,76301.54,76288.54,76296.07,0
2026-05-26 12:59:00,76291.36,76295.03,76273.16,76283.72,0
2026-05-26 13:00:00,76282.7,76294.68,76241.61,76242.44,0
2026-05-26 13:01:00,76243.13,76243.13,76214.86,76224.24,0
2026-05-26 13:02:00,76222.43,76232.31,76204.31,76208.77,0
2026-05-26 13:03:00,76208.15,76221.22,76184.65,76192.55,0
2026-05-26 13:04:00,76192.55,76199.58,76185.82,76198.65,0
2026-05-26 13:05:00,76198.65,76218.85,76191.91,76214.0,0
2026-05-26 13:06:00,76214.0,76232.94,76211.97,76230.1,0
2026-05-26 13:07:00,76222.98,76222.98,76201.46,76210.49,0
2026-05-26 13:08:00,76209.99,76216.67,76202.33,76208.23,0
2026-05-26 13:09:00,76209.77,76227.5,76206.42,76218.27,0
2026-05-26 13:10:00,76213.69,76221.82,76210.61,76211.53,0
2026-05-26 13:11:00,76212.54,76240.05,76212.54,76239.14,0
2026-05-26 13:12:00,76237.19,76243.39,76229.11,76235.57,0
2026-05-26 13:13:00,76234.66,76238.05,76228.28,76228.36,0
2026-05-26 13:14:00,76228.36,76232.42,76216.93,76222.15,0
2026-05-26 13:15:00,76222.82,76222.82,76181.39,76186.4,0
2026-05-26 13:16:00,76188.63,76202.4,76182.5,76198.29,0
2026-05-26 13:17:00,76201.25,76211.13,76200.73,76203.26,0
2026-05-26 13:18:00,76211.8,76220.22,76209.54,76215.71,0
2026-05-26 13:19:00,76217.37,76239.79,76217.37,76239.79,0
2026-05-26 13:20:00,76239.83,76243.09,76227.65,76242.39,0
2026-05-26 13:21:00,76243.72,76255.2,76229.59,76249.25,0
2026-05-26 13:22:00,76250.02,76251.66,76239.5,76242.46,0
2026-05-26 13:23:00,76244.04,76255.21,76233.8,76245.62,0
2026-05-26 13:24:00,76244.04,76247.51,76211.2,76216.95,0
2026-05-26 13:25:00,76215.74,76233.77,76212.46,76215.25,0
2026-05-26 13:26:00,76212.56,76228.31,76208.25,76228.31,0
2026-05-26 13:27:00,76230.38,76262.54,76230.38,76258.49,0
2026-05-26 13:28:00,76257.13,76264.54,76246.31,76251.24,0
2026-05-26 13:29:00,76247.24,76267.28,76243.67,76265.65,0
2026-05-26 13:30:00,76265.16,76287.25,76260.25,76260.25,0
2026-05-26 13:31:00,76256.98,76274.63,76256.66,76269.75,0
2026-05-26 13:32:00,76270.84,76270.84,76228.01,76238.14,0
2026-05-26 13:33:00,76241.29,76261.72,76231.84,76250.15,0
2026-05-26 13:34:00,76246.4,76250.1,76240.67,76241.04,0
2026-05-26 13:35:00,76241.04,76243.82,76235.5,76236.83,0
2026-05-26 13:36:00,76237.23,76243.45,76230.32,76239.23,0
2026-05-26 13:37:00,76238.28,76242.85,76233.66,76241.37,0
2026-05-26 13:38:00,76240.73,76242.13,76210.07,76217.98,0
2026-05-26 13:39:00,76217.07,76218.49,76208.0,76208.0,0
2026-05-26 13:40:00,76210.19,76221.36,76195.49,76199.89,0
2026-05-26 13:41:00,76199.8,76217.28,76194.49,76209.99,0
2026-05-26 13:42:00,76209.99,76214.54,76196.9,76204.59,0
2026-05-26 13:43:00,76203.61,76208.25,76192.71,76201.84,0
2026-05-26 13:44:00,76199.26,76199.29,76161.19,76161.19,0
2026-05-26 13:45:00,76150.95,76189.09,76150.95,76185.55,0
2026-05-26 13:46:00,76186.22,76186.49,76159.45,76172.56,0
2026-05-26 13:47:00,76178.14,76192.1,76157.67,76167.99,0
2026-05-26 13:48:00,76169.75,76176.05,76150.39,76157.84,0
2026-05-26 13:49:00,76157.89,76164.55,76148.76,76162.74,0
2026-05-26 13:50:00,76163.95,76167.86,76116.31,76130.5,0
2026-05-26 13:51:00,76130.9,76131.31,76115.35,76121.3,0
2026-05-26 13:52:00,76120.12,76120.12,76089.03,76089.03,0
2026-05-26 13:53:00,76089.58,76108.42,76089.58,76102.39,0
2026-05-26 13:54:00,76096.56,76115.02,76096.12,76113.4,0
2026-05-26 13:55:00,76111.72,76124.01,76106.52,76107.96,0
2026-05-26 13:56:00,76108.02,76109.14,76093.13,76097.55,0
2026-05-26 13:57:00,76099.37,76101.6,76087.88,76095.93,0
2026-05-26 13:58:00,76096.58,76099.38,76068.64,76076.2,0
2026-05-26 13:59:00,76073.48,76077.72,76065.1,76075.46,0
2026-05-26 14:00:00,76069.21,76075.65,76063.94,76066.46,0
2026-05-26 14:01:00,76065.6,76067.05,76035.35,76035.49,0
2026-05-26 14:02:00,76035.55,76049.34,76032.37,76038.83,0
2026-05-26 14:03:00,76039.41,76054.17,76024.96,76024.96,0
2026-05-26 14:04:00,76018.45,76018.72,76001.96,76011.21,0
2026-05-26 14:05:00,76011.21,76017.69,76001.9,76017.69,0
2026-05-26 14:06:00,76020.6,76053.93,76020.6,76051.79,0
2026-05-26 14:07:00,76053.29,76075.78,76053.29,76067.09,0
2026-05-26 14:08:00,76069.17,76097.05,76067.52,76093.07,0
2026-05-26 14:09:00,76093.01,76093.01,76056.39,76059.73,0
2026-05-26 14:10:00,76058.69,76061.05,76012.97,76012.97,0
2026-05-26 14:11:00,76013.57,76017.63,75991.03,75998.01,0
2026-05-26 14:12:00,75998.49,76013.78,75998.49,76005.66,0
2026-05-26 14:13:00,76005.96,76013.57,75995.4,76000.97,0
2026-05-26 14:14:00,76000.97,76029.54,76000.97,76029.54,0
2026-05-26 14:15:00,76027.41,76040.79,76014.28,76020.94,0
2026-05-26 14:16:00,76020.58,76024.56,76006.38,76009.56,0
2026-05-26 14:17:00,76006.13,76021.42,76004.96,76021.42,0
2026-05-26 14:18:00,76022.24,76028.53,76009.81,76014.31,0
2026-05-26 14:19:00,76014.31,76034.87,76008.79,76033.19,0
2026-05-26 14:20:00,76033.19,76041.9,76024.81,76031.47,0
2026-05-26 14:21:00,76030.09,76045.99,76027.57,76029.48,0
2026-05-26 14:22:00,76025.9,76040.17,76023.93,76040.17,0
2026-05-26 14:23:00,76039.47,76062.99,76036.15,76052.5,0
2026-05-26 14:24:00,76051.43,76069.13,76051.43,76065.99,0
2026-05-26 14:25:00,76065.99,76070.47,76060.95,76068.08,0
2026-05-26 14:26:00,76068.08,76074.28,76063.65,76065.66,0
2026-05-26 14:27:00,76066.6,76070.6,75998.57,76001.85,0
2026-05-26 14:28:00,75998.41,76004.78,75981.61,75996.86,0
2026-05-26 14:29:00,75992.09,76021.64,75982.17,76021.64,0
2026-05-26 14:30:00,76020.58,76028.14,76013.21,76024.04,0
2026-05-26 14:31:00,76024.04,76031.3,76015.69,76031.3,0
2026-05-26 14:32:00,76031.3,76036.77,76022.34,76032.14,0
2026-05-26 14:33:00,76034.71,76055.59,76030.49,76036.76,0
2026-05-26 14:34:00,76035.89,76038.28,76016.55,76035.59,0
2026-05-26 14:35:00,76035.59,76036.09,76005.42,76006.23,0
2026-05-26 14:36:00,76006.28,76012.16,75981.96,75982.96,0
2026-05-26 14:37:00,75982.92,75984.23,75948.05,75957.64,0
2026-05-26 14:38:00,75963.31,75976.35,75960.83,75972.31,0
2026-05-26 14:39:00,75972.0,75986.62,75964.16,75975.35,0
2026-05-26 14:40:00,75973.84,75979.53,75943.5,75945.35,0
2026-05-26 14:41:00,75944.47,75947.42,75935.19,75939.43,0
2026-05-26 14:42:00,75939.65,75949.82,75934.56,75947.05,0
2026-05-26 14:43:00,75948.9,75956.9,75935.3,75941.29,0
2026-05-26 14:44:00,75943.02,75956.64,75936.32,75951.75,0
2026-05-26 14:45:00,75951.75,75954.51,75937.4,75941.48,0
2026-05-26 14:46:00,75940.89,75954.33,75936.63,75948.0,0
2026-05-26 14:47:00,75948.34,75951.38,75938.97,75940.55,0
2026-05-26 14:48:00,75942.48,75951.35,75934.12,75944.61,0
2026-05-26 14:49:00,75942.57,75950.85,75937.29,75938.51,0
2026-05-26 14:50:00,75938.51,75944.02,75923.98,75926.93,0
2026-05-26 14:51:00,75927.57,75931.01,75918.78,75919.84,0
2026-05-26 14:52:00,75921.4,75933.54,75916.43,75923.29,0
2026-05-26 14:53:00,75927.68,75933.44,75917.94,75919.41,0
2026-05-26 14:54:00,75922.32,75924.07,75910.71,75916.84,0
2026-05-26 14:55:00,75918.6,75938.28,75917.2,75932.02,0
2026-05-26 14:56:00,75937.4,75953.75,75934.2,75952.2,0
2026-05-26 14:57:00,75950.37,75985.89,75944.63,75982.27,0
2026-05-26 14:58:00,75981.79,76000.32,75977.71,75987.47,0
2026-05-26 14:59:00,75987.06,75998.87,75983.13,75998.87,0
2026-05-26 15:00:00,75998.02,75998.78,75951.31,75961.26,0
2026-05-26 15:01:00,75960.04,75969.68,75956.96,75957.35,0
2026-05-26 15:02:00,75957.83,75998.04,75957.83,75988.16,0
2026-05-26 15:03:00,75988.33,76017.76,75971.6,75977.58,0
2026-05-26 15:04:00,75959.29,75978.05,75945.99,75961.84,0
2026-05-26 15:05:00,75962.26,75993.23,75961.78,75961.78,0
2026-05-26 15:06:00,75961.08,75968.13,75944.17,75968.06,0
2026-05-26 15:07:00,75966.2,76004.48,75952.5,76004.48,0
2026-05-26 15:08:00,76000.15,76030.19,76000.15,76030.19,0
2026-05-26 15:09:00,76035.09,76060.55,76027.25,76053.96,0
2026-05-26 15:10:00,76053.54,76060.36,75979.72,75995.09,0
2026-05-26 15:11:00,75991.77,76001.0,75976.77,76001.0,0
2026-05-26 15:12:00,75994.03,76016.34,75990.37,75999.02,0
2026-05-26 15:13:00,75998.97,76009.67,75994.97,76005.85,0
2026-05-26 15:14:00,76016.21,76016.21,75989.07,75991.95,0
2026-05-26 15:15:00,75987.02,75992.21,75987.02,75992.16,0
2026-05-26 15:16:00,75992.16,75992.82,75992.09,75992.77,0
2026-05-26 15:17:00,75992.77,75994.05,75992.77,75994.05,0
2026-05-26 15:18:00,75994.05,75994.07,75993.82,75994.0,0
2026-05-26 15:19:00,75994.0,75995.38,75994.0,75995.23,0
2026-05-26 15:20:00,75995.23,75996.45,75995.23,75996.12,0
2026-05-26 15:21:00,75996.12,75997.03,75996.12,75997.02,0
2026-05-26 15:22:00,75997.02,75997.83,75997.02,75997.71,0
2026-05-26 15:23:00,75997.71,76000.24,75997.67,75999.87,0
2026-05-26 15:24:00,75999.87,76003.43,75999.87,76003.38,0
2026-05-26 15:25:00,76003.38,76003.7,76003.28,76003.7,0
2026-05-26 15:26:00,76003.7,76006.29,76003.7,76006.14,0
2026-05-26 15:27:00,76006.14,76007.28,76006.01,76007.06,0
2026-05-26 15:28:00,76007.06,76008.42,76007.06,76008.42,0
2026-05-26 15:29:00,76008.42,76009.7,76008.01,76009.7,0
2026-05-27 09:15:00,75939.86,75994.12,75882.12,75957.18,0
2026-05-27 09:16:00,75968.07,76063.41,75968.07,76032.65,0
2026-05-27 09:17:00,76021.99,76038.09,75999.61,76021.17,0
2026-05-27 09:18:00,76027.0,76069.17,75994.87,75997.66,0
2026-05-27 09:19:00,75989.68,76065.2,75989.68,76008.71,0
2026-05-27 09:20:00,76012.45,76111.85,76012.45,76067.56,0
2026-05-27 09:21:00,76067.43,76135.38,76051.62,76133.89,0
2026-05-27 09:22:00,76122.92,76126.98,76060.51,76060.51,0
2026-05-27 09:23:00,76067.52,76074.95,76029.52,76074.95,0
2026-05-27 09:24:00,76073.99,76076.1,76043.33,76071.52,0
2026-05-27 09:25:00,76074.31,76074.31,75996.49,76018.93,0
2026-05-27 09:26:00,76013.38,76014.42,75980.94,76002.65,0
2026-05-27 09:27:00,76002.79,76005.91,75945.55,75962.8,0
2026-05-27 09:28:00,75970.66,75998.99,75930.19,75931.13,0
2026-05-27 09:29:00,75937.21,75940.16,75903.6,75925.61,0
2026-05-27 09:30:00,75917.59,75927.33,75880.64,75888.77,0
2026-05-27 09:31:00,75892.36,75920.38,75870.15,75870.15,0
2026-05-27 09:32:00,75865.2,75875.1,75812.64,75815.79,0
2026-05-27 09:33:00,75819.79,75869.58,75800.02,75816.75,0
2026-05-27 09:34:00,75818.55,75885.0,75818.55,75865.9,0
2026-05-27 09:35:00,75867.36,75889.29,75861.89,75884.56,0
2026-05-27 09:36:00,75889.1,75901.84,75843.19,75843.19,0
2026-05-27 09:37:00,75851.28,75851.67,75830.75,75843.51,0
2026-05-27 09:38:00,75833.55,75923.18,75833.55,75911.19,0
2026-05-27 09:39:00,75915.83,75929.51,75880.41,75916.54,0
2026-05-27 09:40:00,75914.49,75936.37,75896.11,75907.44,0
2026-05-27 09:41:00,75905.77,75949.59,75905.55,75914.47,0
2026-05-27 09:42:00,75905.01,75960.05,75905.01,75953.92,0
2026-05-27 09:43:00,75953.22,75998.84,75951.0,75966.08,0
2026-05-27 09:44:00,75973.79,75976.71,75959.6,75970.34,0
2026-05-27 09:45:00,75964.62,75969.84,75913.74,75931.31,0
2026-05-27 09:46:00,75925.4,75925.4,75837.73,75856.06,0
2026-05-27 09:47:00,75864.79,75925.24,75861.41,75920.66,0
2026-05-27 09:48:00,75925.47,75945.26,75921.53,75943.91,0
2026-05-27 09:49:00,75942.09,75942.09,75906.63,75920.5,0
2026-05-27 09:50:00,75921.7,75936.21,75911.02,75924.52,0
2026-05-27 09:51:00,75924.84,75924.84,75902.1,75915.56,0
2026-05-27 09:52:00,75916.39,75925.76,75910.89,75920.8,0
2026-05-27 09:53:00,75918.65,75927.13,75864.37,75864.93,0
2026-05-27 09:54:00,75865.41,75920.64,75862.82,75900.04,0
2026-05-27 09:55:00,75902.44,75922.58,75870.3,75877.04,0
2026-05-27 09:56:00,75875.73,75911.43,75875.73,75908.25,0
2026-05-27 09:57:00,75905.52,75910.65,75860.5,75871.33,0
2026-05-27 09:58:00,75868.98,75873.84,75858.28,75858.81,0
2026-05-27 09:59:00,75862.25,75865.33,75848.65,75860.69,0
2026-05-27 10:00:00,75858.61,75858.61,75827.45,75847.67,0
2026-05-27 10:01:00,75848.37,75848.37,75834.49,75835.06,0
2026-05-27 10:02:00,75836.81,75875.68,75832.65,75873.53,0
2026-05-27 10:03:00,75872.24,75899.73,75871.36,75899.73,0
2026-05-27 10:04:00,75896.44,75944.59,75896.44,75944.59,0
2026-05-27 10:05:00,75947.17,76026.73,75947.17,76016.71,0
2026-05-27 10:06:00,76017.02,76024.82,75975.4,75975.4,0
2026-05-27 10:07:00,75980.17,75989.39,75948.45,75989.39,0
2026-05-27 10:08:00,75987.81,76085.2,75972.91,76080.72,0
2026-05-27 10:09:00,76078.98,76085.02,76031.59,76062.85,0
2026-05-27 10:10:00,76059.51,76063.42,76027.18,76058.5,0
2026-05-27 10:11:00,76056.88,76071.09,76022.92,76071.09,0
2026-05-27 10:12:00,76072.66,76077.58,76027.4,76063.65,0
2026-05-27 10:13:00,76061.86,76092.75,76031.1,76092.75,0
2026-05-27 10:14:00,76089.19,76099.07,76060.98,76066.14,0
2026-05-27 10:15:00,76070.85,76094.69,76059.7,76059.7,0
2026-05-27 10:16:00,76060.29,76109.76,76046.78,76078.64,0
2026-05-27 10:17:00,76078.74,76144.02,76075.89,76117.56,0
2026-05-27 10:18:00,76111.16,76139.8,76106.83,76138.62,0
2026-05-27 10:19:00,76139.42,76141.89,76096.08,76129.31,0
2026-05-27 10:20:00,76131.88,76136.53,76098.6,76099.96,0
2026-05-27 10:21:00,76104.57,76132.36,76104.57,76119.81,0
2026-05-27 10:22:00,76121.58,76121.58,76065.29,76074.25,0
2026-05-27 10:23:00,76078.03,76095.25,76062.27,76074.3,0
2026-05-27 10:24:00,76069.11,76132.61,76069.11,76126.34,0
2026-05-27 10:25:00,76125.93,76135.51,76107.96,76109.3,0
2026-05-27 10:26:00,76109.21,76131.39,76109.03,76125.98,0
2026-05-27 10:27:00,76130.43,76138.61,76107.62,76119.42,0
2026-05-27 10:28:00,76127.14,76177.66,76103.57,76166.27,0
2026-05-27 10:29:00,76170.17,76177.95,76114.91,76114.91,0
2026-05-27 10:30:00,76129.17,76141.17,76084.95,76084.95,0
2026-05-27 10:31:00,76081.69,76114.61,76075.53,76092.74,0
2026-05-27 10:32:00,76087.04,76110.3,76068.02,76085.01,0
2026-05-27 10:33:00,76089.52,76110.35,76074.74,76086.81,0
2026-05-27 10:34:00,76079.84,76116.03,76076.14,76106.82,0
2026-05-27 10:35:00,76109.37,76159.61,76077.95,76087.08,0
2026-05-27 10:36:00,76087.82,76104.81,76070.9,76102.67,0
2026-05-27 10:37:00,76103.82,76147.51,76099.21,76126.62,0
2026-05-27 10:38:00,76128.22,76132.31,76102.92,76114.46,0
2026-05-27 10:39:00,76117.26,76127.41,76067.89,76067.89,0
2026-05-27 10:40:00,76068.26,76110.6,76064.19,76095.73,0
2026-05-27 10:41:00,76097.2,76105.93,76067.25,76067.56,0
2026-05-27 10:42:00,76067.91,76105.75,76051.18,76089.22,0
2026-05-27 10:43:00,76086.15,76087.88,76039.93,76039.93,0
2026-05-27 10:44:00,76040.62,76041.53,76007.94,76010.13,0
2026-05-27 10:45:00,76010.18,76022.04,75997.41,76021.42,0
2026-05-27 10:46:00,76021.35,76021.35,75970.7,75980.19,0
2026-05-27 10:47:00,75983.69,76021.4,75966.39,76016.69,0
2026-05-27 10:48:00,76016.8,76021.4,75989.63,75991.79,0
2026-05-27 10:49:00,75989.37,76070.57,75989.18,76063.11,0
2026-05-27 10:50:00,76066.24,76078.36,76053.3,76078.36,0
2026-05-27 10:51:00,76078.22,76114.82,76067.11,76092.54,0
2026-05-27 10:52:00,76089.63,76124.59,76088.38,76122.77,0
2026-05-27 10:53:00,76122.58,76135.28,76102.57,76104.3,0
2026-05-27 10:54:00,76104.22,76142.37,76101.48,76142.37,0
2026-05-27 10:55:00,76143.19,76190.96,76143.19,76185.46,0
2026-05-27 10:56:00,76184.39,76186.59,76148.67,76149.62,0
2026-05-27 10:57:00,76143.92,76154.68,76127.57,76136.78,0
2026-05-27 10:58:00,76137.17,76149.26,76134.02,76139.95,0
2026-05-27 10:59:00,76140.12,76159.31,76134.47,76150.94,0
2026-05-27 11:00:00,76149.64,76157.94,76136.15,76139.9,0
2026-05-27 11:01:00,76139.6,76152.04,76138.84,76144.3,0
2026-05-27 11:02:00,76146.12,76148.58,76133.34,76133.34,0
2026-05-27 11:03:00,76132.87,76139.25,76091.05,76136.41,0
2026-05-27 11:04:00,76144.95,76147.53,76093.34,76126.86,0
2026-05-27 11:05:00,76128.44,76131.85,76116.44,76129.5,0
2026-05-27 11:06:00,76128.66,76169.82,76125.99,76169.82,0
2026-05-27 11:07:00,76180.23,76180.67,76132.0,76132.2,0
2026-05-27 11:08:00,76136.36,76159.44,76131.91,76148.26,0
2026-05-27 11:09:00,76146.39,76157.71,76140.13,76155.84,0
2026-05-27 11:10:00,76157.23,76164.41,76150.79,76156.28,0
2026-05-27 11:11:00,76156.86,76156.86,76128.28,76133.7,0
2026-05-27 11:12:00,76133.82,76140.38,76125.89,76137.4,0
2026-05-27 11:13:00,76140.33,76147.33,76131.13,76141.62,0
2026-05-27 11:14:00,76142.73,76150.49,76139.37,76142.46,0
2026-05-27 11:15:00,76147.35,76147.35,76140.65,76143.23,0
2026-05-27 11:16:00,76142.23,76148.88,76130.84,76144.25,0
2026-05-27 11:17:00,76146.14,76153.23,76132.03,76136.27,0
2026-05-27 11:18:00,76136.99,76169.31,76130.04,76169.21,0
2026-05-27 11:19:00,76167.36,76203.87,76166.17,76177.88,0
2026-05-27 11:20:00,76178.33,76185.68,76172.93,76173.54,0
2026-05-27 11:21:00,76173.54,76204.49,76173.2,76204.49,0
2026-05-27 11:22:00,76204.01,76204.25,76158.15,76189.27,0
2026-05-27 11:23:00,76187.72,76222.15,76174.93,76214.54,0
2026-05-27 11:24:00,76214.36,76222.27,76186.28,76186.72,0
2026-05-27 11:25:00,76186.6,76192.28,76173.7,76183.61,0
2026-05-27 11:26:00,76178.15,76179.73,76147.11,76160.95,0
2026-05-27 11:27:00,76160.95,76170.66,76150.76,76163.92,0
2026-05-27 11:28:00,76163.32,76189.16,76163.32,76185.38,0
2026-05-27 11:29:00,76181.18,76190.4,76172.02,76180.88,0
2026-05-27 11:30:00,76179.39,76188.47,76176.89,76186.99,0
2026-05-27 11:31:00,76186.99,76195.73,76152.21,76156.18,0
2026-05-27 11:32:00,76150.5,76172.14,76145.57,76154.97,0
2026-05-27 11:33:00,76164.03,76213.93,76154.0,76200.13,0
2026-05-27 11:34:00,76196.31,76199.99,76160.48,76165.82,0
2026-05-27 11:35:00,76167.77,76168.99,76115.41,76133.73,0
2026-05-27 11:36:00,76138.11,76144.75,76132.31,76137.17,0
2026-05-27 11:37:00,76136.45,76137.89,76104.24,76105.37,0
2026-05-27 11:38:00,76102.14,76110.33,76090.61,76095.26,0
2026-05-27 11:39:00,76095.32,76098.4,76073.3,76080.86,0
2026-05-27 11:40:00,76079.92,76109.48,76078.07,76109.48,0
2026-05-27 11:41:00,76109.56,76156.92,76108.58,76135.39,0
2026-05-27 11:42:00,76135.8,76147.13,76115.91,76120.25,0
2026-05-27 11:43:00,76115.14,76135.04,76115.14,76126.95,0
2026-05-27 11:44:00,76131.46,76131.46,76100.37,76101.35,0
2026-05-27 11:45:00,76101.35,76133.58,76094.52,76133.39,0
2026-05-27 11:46:00,76128.73,76151.89,76122.87,76151.89,0
2026-05-27 11:47:00,76148.07,76155.51,76097.0,76103.53,0
2026-05-27 11:48:00,76105.12,76118.1,76095.07,76109.87,0
2026-05-27 11:49:00,76106.4,76116.25,76061.55,76081.1,0
2026-05-27 11:50:00,76084.04,76086.06,76074.06,76082.08,0
2026-05-27 11:51:00,76084.2,76093.47,76078.03,76082.34,0
2026-05-27 11:52:00,76085.27,76087.61,76058.82,76062.58,0
2026-05-27 11:53:00,76065.85,76106.74,76051.15,76100.21,0
2026-05-27 11:54:00,76100.16,76100.16,76026.42,76040.19,0
2026-05-27 11:55:00,76031.87,76056.66,76027.42,76056.6,0
2026-05-27 11:56:00,76051.18,76114.95,76051.18,76107.41,0
2026-05-27 11:57:00,76108.23,76108.23,76069.64,76072.51,0
2026-05-27 11:58:00,76071.79,76080.23,76037.41,76041.21,0
2026-05-27 11:59:00,76034.61,76052.49,76031.49,76039.48,0
2026-05-27 12:00:00,76045.67,76064.9,76035.92,76062.28,0
2026-05-27 12:01:00,76066.55,76070.86,76033.41,76034.94,0
2026-05-27 12:02:00,76034.06,76034.06,75980.65,76012.24,0
2026-05-27 12:03:00,76013.98,76042.72,75992.96,76042.72,0
2026-05-27 12:04:00,76042.0,76046.27,76028.57,76038.13,0
2026-05-27 12:05:00,76038.03,76050.85,76018.47,76034.3,0
2026-05-27 12:06:00,76034.82,76034.82,75996.82,75996.82,0
2026-05-27 12:07:00,75999.93,76027.33,75993.45,76024.6,0
2026-05-27 12:08:00,76024.59,76024.59,75975.94,75977.32,0
2026-05-27 12:09:00,75988.31,76044.16,75988.31,76022.77,0
2026-05-27 12:10:00,76022.0,76042.71,76010.04,76030.64,0
2026-05-27 12:11:00,76027.94,76045.01,75986.81,76045.01,0
2026-05-27 12:12:00,76044.53,76044.75,76002.05,76002.99,0
2026-05-27 12:13:00,76000.84,76009.19,75989.23,75989.23,0
2026-05-27 12:14:00,75984.24,76014.3,75980.3,76008.02,0
2026-05-27 12:15:00,76013.58,76030.04,75990.61,76022.79,0
2026-05-27 12:16:00,76023.86,76032.65,75997.3,76005.69,0
2026-05-27 12:17:00,76000.43,76037.38,75998.13,76034.1,0
2026-05-27 12:18:00,76033.98,76039.5,76005.38,76027.08,0
2026-05-27 12:19:00,76026.78,76060.49,76026.05,76037.37,0
2026-05-27 12:20:00,76034.86,76058.38,76021.82,76049.3,0
2026-05-27 12:21:00,76049.99,76049.99,76017.37,76026.02,0
2026-05-27 12:22:00,76028.12,76070.88,76026.1,76070.88,0
2026-05-27 12:23:00,76072.81,76081.07,76038.22,76038.51,0
2026-05-27 12:24:00,76037.45,76042.35,76025.46,76035.44,0
2026-05-27 12:25:00,76034.27,76057.24,76011.65,76011.65,0
2026-05-27 12:26:00,76008.72,76038.99,75998.21,76001.19,0
2026-05-27 12:27:00,76000.65,76033.41,75990.14,75991.24,0
2026-05-27 12:28:00,75989.12,76026.25,75988.57,75996.28,0
2026-05-27 12:29:00,75996.18,75996.53,75938.47,75953.35,0
2026-05-27 12:30:00,75951.53,75963.01,75924.93,75963.01,0
2026-05-27 12:31:00,75963.19,75965.35,75933.89,75965.35,0
2026-05-27 12:32:00,75968.87,75971.77,75940.02,75964.26,0
2026-05-27 12:33:00,75965.08,75979.85,75961.98,75979.85,0
2026-05-27 12:34:00,75981.21,75991.58,75973.47,75987.42,0
2026-05-27 12:35:00,75984.85,75991.01,75977.11,75991.01,0
2026-05-27 12:36:00,75991.42,76011.34,75990.79,76010.86,0
2026-05-27 12:37:00,76011.68,76038.92,76006.38,76038.92,0
2026-05-27 12:38:00,76039.76,76059.13,76039.76,76056.2,0
2026-05-27 12:39:00,76059.06,76060.28,76041.9,76043.69,0
2026-05-27 12:40:00,76043.29,76048.11,76027.36,76030.43,0
2026-05-27 12:41:00,76030.57,76042.93,76026.73,76041.78,0
2026-05-27 12:42:00,76042.74,76055.03,76042.07,76050.64,0
2026-05-27 12:43:00,76045.85,76050.01,76040.72,76045.88,0
2026-05-27 12:44:00,76045.27,76055.37,76045.27,76047.62,0
2026-05-27 12:45:00,76047.18,76053.08,76040.62,76049.65,0
2026-05-27 12:46:00,76048.36,76054.65,76028.03,76035.12,0
2026-05-27 12:47:00,76033.03,76040.76,76016.98,76024.73,0
2026-05-27 12:48:00,76025.95,76032.26,76020.09,76032.26,0
2026-05-27 12:49:00,76032.26,76037.71,76024.88,76024.88,0
2026-05-27 12:50:00,76024.68,76032.83,76011.64,76011.64,0
2026-05-27 12:51:00,76012.45,76018.31,75999.31,75999.31,0
2026-05-27 12:52:00,76000.58,76001.06,75970.32,75978.75,0
2026-05-27 12:53:00,75977.31,75979.91,75966.46,75971.4,0
2026-05-27 12:54:00,75971.19,75980.79,75961.35,75972.6,0
2026-05-27 12:55:00,75971.05,75971.05,75956.71,75969.98,0
2026-05-27 12:56:00,75970.34,75987.34,75969.8,75986.74,0
2026-05-27 12:57:00,75984.04,75987.26,75967.7,75980.15,0
2026-05-27 12:58:00,75980.36,75983.15,75967.7,75969.24,0
2026-05-27 12:59:00,75968.57,75969.45,75939.4,75945.26,0
2026-05-27 13:00:00,75945.26,75947.7,75925.34,75925.34,0
2026-05-27 13:01:00,75925.34,75931.96,75908.82,75931.96,0
2026-05-27 13:02:00,75930.81,75937.7,75919.88,75936.77,0
2026-05-27 13:03:00,75932.24,75944.88,75925.85,75944.88,0
2026-05-27 13:04:00,75945.14,75970.59,75940.48,75951.3,0
2026-05-27 13:05:00,75946.86,75955.64,75933.03,75948.65,0
2026-05-27 13:06:00,75950.92,75974.95,75950.92,75963.41,0
2026-05-27 13:07:00,75968.75,75995.09,75966.19,75995.04,0
2026-05-27 13:08:00,75995.45,75995.45,75965.51,75978.13,0
2026-05-27 13:09:00,75976.33,75976.33,75928.56,75934.54,0
2026-05-27 13:10:00,75934.54,76002.16,75930.92,75979.6,0
2026-05-27 13:11:00,75983.35,75983.35,75955.77,75960.42,0
2026-05-27 13:12:00,75957.88,75963.22,75942.32,75949.39,0
2026-05-27 13:13:00,75940.62,75942.42,75914.26,75917.72,0
2026-05-27 13:14:00,75918.77,75937.37,75914.41,75920.34,0
2026-05-27 13:15:00,75915.4,75915.4,75900.76,75909.37,0
2026-05-27 13:16:00,75906.51,75912.44,75897.19,75911.64,0
2026-05-27 13:17:00,75917.41,75920.39,75892.14,75898.48,0
2026-05-27 13:18:00,75894.76,75902.62,75883.15,75887.11,0
2026-05-27 13:19:00,75887.45,75896.89,75885.54,75887.59,0
2026-05-27 13:20:00,75890.65,75901.9,75869.56,75897.34,0
2026-05-27 13:21:00,75897.95,75902.46,75880.63,75882.34,0
2026-05-27 13:22:00,75884.09,75908.78,75877.79,75893.89,0
2026-05-27 13:23:00,75895.81,75909.34,75890.1,75901.05,0
2026-05-27 13:24:00,75907.1,75930.36,75897.76,75907.27,0
2026-05-27 13:25:00,75907.37,75938.03,75899.38,75938.03,0
2026-05-27 13:26:00,75932.9,75937.68,75914.94,75917.52,0
2026-05-27 13:27:00,75916.29,75948.66,75904.05,75928.7,0
2026-05-27 13:28:00,75927.89,75930.86,75874.49,75886.83,0
2026-05-27 13:29:00,75886.83,75914.73,75882.79,75909.94,0
2026-05-27 13:30:00,75913.59,75917.85,75884.68,75891.93,0
2026-05-27 13:31:00,75891.51,75925.22,75885.78,75908.18,0
2026-05-27 13:32:00,75907.12,75919.19,75902.71,75902.71,0
2026-05-27 13:33:00,75905.17,75937.52,75898.79,75905.5,0
2026-05-27 13:34:00,75904.9,75950.75,75904.9,75944.39,0
2026-05-27 13:35:00,75947.29,75968.21,75919.76,75958.39,0
2026-05-27 13:36:00,75958.39,75967.82,75944.8,75951.44,0
2026-05-27 13:37:00,75951.41,75953.17,75942.19,75949.19,0
2026-05-27 13:38:00,75947.24,75964.33,75947.24,75951.67,0
2026-05-27 13:39:00,75951.77,75970.49,75943.94,75964.19,0
2026-05-27 13:40:00,75968.48,75970.13,75956.34,75965.8,0
2026-05-27 13:41:00,75966.41,75966.41,75954.01,75954.87,0
2026-05-27 13:42:00,75958.19,75958.46,75878.8,75903.24,0
2026-05-27 13:43:00,75912.92,75920.9,75884.95,75916.19,0
2026-05-27 13:44:00,75917.61,75919.16,75894.27,75904.53,0
2026-05-27 13:45:00,75901.01,75907.21,75855.0,75855.05,0
2026-05-27 13:46:00,75852.62,75900.96,75849.69,75892.12,0
2026-05-27 13:47:00,75887.87,75921.39,75887.87,75899.29,0
2026-05-27 13:48:00,75901.3,75915.8,75885.61,75914.36,0
2026-05-27 13:49:00,75914.36,75914.36,75897.62,75911.41,0
2026-05-27 13:50:00,75911.41,75911.41,75870.42,75887.29,0
2026-05-27 13:51:00,75888.77,75917.14,75882.07,75903.42,0
2026-05-27 13:52:00,75904.13,75910.48,75895.81,75901.62,0
2026-05-27 13:53:00,75901.58,75953.36,75900.59,75940.43,0
2026-05-27 13:54:00,75938.18,75968.59,75933.58,75968.11,0
2026-05-27 13:55:00,75969.28,75969.34,75931.15,75950.68,0
2026-05-27 13:56:00,75950.68,75968.21,75931.99,75937.32,0
2026-05-27 13:57:00,75937.55,75967.9,75931.94,75951.88,0
2026-05-27 13:58:00,75951.88,75958.23,75942.77,75953.64,0
2026-05-27 13:59:00,75952.55,75976.36,75948.83,75970.65,0
2026-05-27 14:00:00,75971.27,75993.53,75954.25,75974.8,0
2026-05-27 14:01:00,75976.58,75998.49,75964.69,75979.86,0
2026-05-27 14:02:00,75987.5,76001.94,75960.83,75979.09,0
2026-05-27 14:03:00,75981.1,75994.68,75965.63,75994.68,0
2026-05-27 14:04:00,75993.02,75994.0,75963.29,75971.68,0
2026-05-27 14:05:00,75969.51,75986.44,75942.02,75986.06,0
2026-05-27 14:06:00,75970.67,75977.14,75940.8,75966.17,0
2026-05-27 14:07:00,75973.92,75988.61,75949.94,75964.42,0
2026-05-27 14:08:00,75953.13,75991.87,75941.61,75965.36,0
2026-05-27 14:09:00,75966.88,75985.49,75944.74,75972.79,0
2026-05-27 14:10:00,75971.3,75973.38,75931.36,75935.31,0
2026-05-27 14:11:00,75930.19,75956.92,75914.68,75936.99,0
2026-05-27 14:12:00,75936.51,75941.9,75906.55,75937.72,0
2026-05-27 14:13:00,75940.0,75940.0,75876.78,75886.13,0
2026-05-27 14:14:00,75878.59,75923.48,75875.21,75882.35,0
2026-05-27 14:15:00,75878.48,75909.63,75872.14,75883.63,0
2026-05-27 14:16:00,75885.17,75930.75,75881.69,75886.02,0
2026-05-27 14:17:00,75884.56,75940.68,75874.96,75922.97,0
2026-05-27 14:18:00,75918.28,75927.34,75913.0,75915.63,0
2026-05-27 14:19:00,75915.78,75940.68,75898.98,75903.76,0
2026-05-27 14:20:00,75900.66,75921.55,75885.38,75891.36,0
2026-05-27 14:21:00,75889.8,75939.99,75889.8,75937.12,0
2026-05-27 14:22:00,75937.77,75962.0,75916.4,75939.85,0
2026-05-27 14:23:00,75941.1,75984.91,75935.05,75953.06,0
2026-05-27 14:24:00,75952.49,75991.44,75948.7,75985.7,0
2026-05-27 14:25:00,75988.23,75988.23,75924.03,75924.03,0
2026-05-27 14:26:00,75924.67,75925.06,75889.49,75910.93,0
2026-05-27 14:27:00,75910.29,75911.39,75871.43,75882.48,0
2026-05-27 14:28:00,75882.4,75888.45,75853.94,75853.94,0
2026-05-27 14:29:00,75862.59,75887.37,75839.92,75885.82,0
2026-05-27 14:30:00,75885.87,75885.87,75841.86,75850.89,0
2026-05-27 14:31:00,75854.03,75863.28,75836.68,75836.68,0
2026-05-27 14:32:00,75841.46,75863.02,75820.83,75838.3,0
2026-05-27 14:33:00,75840.55,75842.22,75803.88,75809.29,0
2026-05-27 14:34:00,75804.74,75825.7,75791.36,75791.36,0
2026-05-27 14:35:00,75789.76,75813.92,75781.96,75784.48,0
2026-05-27 14:36:00,75784.38,75796.03,75755.07,75777.84,0
2026-05-27 14:37:00,75778.56,75784.12,75748.84,75783.44,0
2026-05-27 14:38:00,75782.18,75824.5,75780.73,75824.5,0
2026-05-27 14:39:00,75820.78,75843.33,75799.99,75818.4,0
2026-05-27 14:40:00,75817.7,75831.61,75811.4,75829.05,0
2026-05-27 14:41:00,75827.94,75846.54,75817.31,75827.02,0
2026-05-27 14:42:00,75826.94,75826.94,75774.47,75778.52,0
2026-05-27 14:43:00,75778.79,75796.61,75768.36,75786.29,0
2026-05-27 14:44:00,75784.61,75795.46,75779.58,75793.82,0
2026-05-27 14:45:00,75791.25,75808.61,75781.93,75792.45,0
2026-05-27 14:46:00,75795.89,75800.17,75765.71,75773.66,0
2026-05-27 14:47:00,75775.36,75788.51,75759.52,75771.28,0
2026-05-27 14:48:00,75770.32,75779.06,75766.05,75771.08,0
2026-05-27 14:49:00,75772.19,75811.46,75767.78,75808.36,0
2026-05-27 14:50:00,75809.54,75813.98,75782.7,75804.53,0
2026-05-27 14:51:00,75804.03,75828.79,75785.13,75785.13,0
2026-05-27 14:52:00,75784.81,75793.79,75752.58,75762.24,0
2026-05-27 14:53:00,75767.25,75840.84,75767.25,75780.31,0
2026-05-27 14:54:00,75783.16,75840.53,75774.52,75799.16,0
2026-05-27 14:55:00,75798.42,75836.42,75791.76,75811.55,0
2026-05-27 14:56:00,75807.36,75832.34,75799.88,75804.74,0
2026-05-27 14:57:00,75809.09,75851.9,75800.89,75850.53,0
2026-05-27 14:58:00,75854.82,75877.54,75834.44,75868.85,0
2026-05-27 14:59:00,75870.98,75881.77,75846.99,75860.08,0
2026-05-27 15:00:00,75862.13,75862.13,75824.5,75824.79,0
2026-05-27 15:01:00,75819.86,75838.71,75816.96,75835.02,0
2026-05-27 15:02:00,75835.3,75839.48,75771.44,75779.74,0
2026-05-27 15:03:00,75780.94,75861.93,75780.94,75852.47,0
2026-05-27 15:04:00,75854.29,75858.93,75809.46,75824.39,0
2026-05-27 15:05:00,75825.03,75837.79,75802.63,75806.53,0
2026-05-27 15:06:00,75806.71,75838.91,75786.57,75838.91,0
2026-05-27 15:07:00,75842.01,75866.8,75825.18,75858.93,0
2026-05-27 15:08:00,75860.15,75871.51,75810.71,75817.66,0
2026-05-27 15:09:00,75816.57,75888.27,75816.57,75868.34,0
2026-05-27 15:10:00,75876.26,75880.16,75849.88,75875.98,0
2026-05-27 15:11:00,75872.65,75879.99,75835.17,75841.95,0
2026-05-27 15:12:00,75840.1,75892.27,75840.1,75892.27,0
2026-05-27 15:13:00,75891.41,75897.17,75868.76,75871.82,0
2026-05-27 15:14:00,75875.98,75875.98,75851.0,75859.05,0
2026-05-27 15:15:00,75869.3,75869.3,75832.14,75835.23,0
2026-05-27 15:16:00,75835.31,75840.01,75835.31,75840.01,0
2026-05-27 15:17:00,75841.2,75843.62,75841.2,75843.62,0
2026-05-27 15:18:00,75843.82,75847.48,75843.82,75847.48,0
2026-05-27 15:19:00,75848.2,75850.6,75848.2,75850.6,0
2026-05-27 15:20:00,75850.64,75851.64,75850.64,75851.64,0
2026-05-27 15:21:00,75851.64,75853.14,75851.64,75853.14,0
2026-05-27 15:22:00,75853.14,75854.03,75853.14,75854.03,0
2026-05-27 15:23:00,75854.03,75856.3,75854.03,75856.3,0
2026-05-27 15:24:00,75856.39,75857.82,75856.39,75857.68,0
2026-05-27 15:25:00,75857.74,75860.78,75857.74,75860.78,0
2026-05-27 15:26:00,75860.94,75862.2,75860.94,75862.2,0
2026-05-27 15:27:00,75863.12,75864.76,75863.12,75864.76,0
2026-05-27 15:28:00,75864.76,75867.37,75864.76,75867.37,0
2026-05-27 15:29:00,75867.38,75868.13,75867.38,75867.8,0
2026-05-29 09:15:00,75988.51,76213.6,75954.73,76143.37,0
2026-05-29 09:16:00,76141.19,76141.19,76037.74,76043.43,0
2026-05-29 09:17:00,76038.78,76116.73,76038.78,76084.73,0
2026-05-29 09:18:00,76090.31,76118.48,76074.72,76080.17,0
2026-05-29 09:19:00,76080.47,76130.97,76080.47,76118.42,0
2026-05-29 09:20:00,76123.95,76171.4,76108.66,76108.66,0
2026-05-29 09:21:00,76105.68,76112.96,76058.63,76059.46,0
2026-05-29 09:22:00,76061.8,76086.48,76056.1,76075.58,0
2026-05-29 09:23:00,76074.01,76074.01,76041.73,76050.09,0
2026-05-29 09:24:00,76048.79,76085.22,76019.06,76022.26,0
2026-05-29 09:25:00,76018.31,76037.42,75984.93,75988.43,0
2026-05-29 09:26:00,75988.68,75989.44,75958.58,75973.72,0
2026-05-29 09:27:00,75982.03,75984.68,75939.9,75942.81,0
2026-05-29 09:28:00,75930.56,75935.09,75856.35,75870.83,0
2026-05-29 09:29:00,75866.4,75878.12,75841.16,75863.21,0
2026-05-29 09:30:00,75865.24,75893.26,75846.75,75872.93,0
2026-05-29 09:31:00,75873.3,75935.92,75866.69,75899.36,0
2026-05-29 09:32:00,75897.82,75919.17,75869.57,75871.01,0
2026-05-29 09:33:00,75873.79,75889.36,75850.43,75889.36,0
2026-05-29 09:34:00,75891.49,75905.77,75869.14,75881.03,0
2026-05-29 09:35:00,75878.33,75942.05,75877.24,75941.5,0
2026-05-29 09:36:00,75941.67,75988.5,75941.67,75978.16,0
2026-05-29 09:37:00,75978.04,76009.08,75977.23,76009.08,0
2026-05-29 09:38:00,76012.35,76014.47,75950.36,75955.05,0
2026-05-29 09:39:00,75955.98,75988.11,75954.43,75977.83,0
2026-05-29 09:40:00,75981.49,76004.96,75981.29,75982.64,0
2026-05-29 09:41:00,75979.81,75992.83,75916.28,75917.2,0
2026-05-29 09:42:00,75917.15,75919.6,75888.92,75912.21,0
2026-05-29 09:43:00,75914.86,75917.09,75856.87,75856.87,0
2026-05-29 09:44:00,75856.72,75859.54,75818.32,75830.57,0
2026-05-29 09:45:00,75831.42,75911.71,75822.48,75905.95,0
2026-05-29 09:46:00,75906.27,75918.98,75900.83,75912.91,0
2026-05-29 09:47:00,75909.14,75943.48,75908.06,75909.89,0
2026-05-29 09:48:00,75910.66,75958.78,75900.76,75955.13,0
2026-05-29 09:49:00,75949.45,75962.88,75944.74,75962.88,0
2026-05-29 09:50:00,75960.56,75962.65,75939.99,75951.49,0
2026-05-29 09:51:00,75951.48,75965.83,75947.57,75965.83,0
2026-05-29 09:52:00,75967.53,75967.53,75945.96,75963.49,0
2026-05-29 09:53:00,75959.67,75988.55,75954.86,75985.88,0
2026-05-29 09:54:00,75987.04,76000.69,75943.98,75943.98,0
2026-05-29 09:55:00,75944.76,75950.08,75900.14,75900.14,0
2026-05-29 09:56:00,75901.65,75908.68,75889.21,75892.35,0
2026-05-29 09:57:00,75887.33,75925.26,75887.33,75916.46,0
2026-05-29 09:58:00,75914.7,75922.92,75905.46,75922.54,0
2026-05-29 09:59:00,75924.25,75954.34,75923.52,75954.34,0
2026-05-29 10:00:00,75953.74,75986.23,75953.74,75970.94,0
2026-05-29 10:01:00,75967.87,75970.45,75948.79,75949.93,0
2026-05-29 10:02:00,75946.89,75974.08,75924.95,75974.08,0
2026-05-29 10:03:00,75972.38,76022.42,75972.38,76006.41,0
2026-05-29 10:04:00,76015.65,76034.6,76015.18,76023.08,0
2026-05-29 10:05:00,76030.19,76064.19,76028.5,76064.19,0
2026-05-29 10:06:00,76065.95,76081.08,76062.17,76075.14,0
2026-05-29 10:07:00,76075.14,76114.56,76066.87,76107.86,0
2026-05-29 10:08:00,76106.5,76114.33,76081.63,76092.13,0
2026-05-29 10:09:00,76090.9,76097.81,76063.6,76073.24,0
2026-05-29 10:10:00,76075.19,76090.91,76063.19,76070.84,0
2026-05-29 10:11:00,76071.86,76084.1,76064.27,76064.27,0
2026-05-29 10:12:00,76063.27,76091.58,76056.68,76089.84,0
2026-05-29 10:13:00,76089.95,76091.77,76052.86,76052.86,0
2026-05-29 10:14:00,76056.28,76085.73,76056.28,76085.73,0
2026-05-29 10:15:00,76087.87,76098.0,76079.89,76082.49,0
2026-05-29 10:16:00,76082.84,76082.84,76036.47,76050.39,0
2026-05-29 10:17:00,76050.29,76069.14,76047.97,76048.21,0
2026-05-29 10:18:00,76048.57,76049.2,76032.54,76041.82,0
2026-05-29 10:19:00,76045.03,76059.82,76041.22,76042.65,0
2026-05-29 10:20:00,76043.17,76058.16,76041.76,76044.08,0
2026-05-29 10:21:00,76042.43,76057.81,76039.55,76044.49,0
2026-05-29 10:22:00,76042.19,76056.77,76034.17,76048.4,0
2026-05-29 10:23:00,76047.77,76077.42,76042.76,76076.33,0
2026-05-29 10:24:00,76078.48,76093.11,76056.11,76061.56,0
2026-05-29 10:25:00,76060.5,76078.46,76042.18,76043.07,0
2026-05-29 10:26:00,76042.83,76047.81,76018.42,76024.44,0
2026-05-29 10:27:00,76023.03,76038.14,76018.61,76018.96,0
2026-05-29 10:28:00,76016.66,76020.98,76002.18,76004.27,0
2026-05-29 10:29:00,76003.81,76005.45,75978.08,75983.65,0
2026-05-29 10:30:00,75984.86,75989.88,75949.28,75950.1,0
2026-05-29 10:31:00,75949.52,75975.93,75947.42,75969.94,0
2026-05-29 10:32:00,75967.77,75987.43,75960.99,75987.43,0
2026-05-29 10:33:00,75984.51,75998.09,75978.93,75993.85,0
2026-05-29 10:34:00,75993.85,76013.61,75983.71,76001.73,0
2026-05-29 10:35:00,76005.73,76014.91,75996.93,76007.25,0
2026-05-29 10:36:00,76008.84,76030.13,76004.59,76018.02,0
2026-05-29 10:37:00,76021.32,76042.65,76019.86,76040.27,0
2026-05-29 10:38:00,76042.05,76045.58,76005.76,76007.25,0
2026-05-29 10:39:00,76006.49,76016.14,75997.38,75998.7,0
2026-05-29 10:40:00,75996.52,75999.88,75971.27,75976.22,0
2026-05-29 10:41:00,75973.89,75987.35,75966.81,75985.6,0
2026-05-29 10:42:00,75987.42,76013.98,75977.91,75992.19,0
2026-05-29 10:43:00,75993.72,75993.72,75972.81,75980.19,0
2026-05-29 10:44:00,75981.63,75982.86,75949.05,75949.05,0
2026-05-29 10:45:00,75948.37,75953.1,75924.01,75949.86,0
2026-05-29 10:46:00,75949.39,75953.04,75931.63,75933.36,0
2026-05-29 10:47:00,75934.78,75934.78,75915.58,75920.44,0
2026-05-29 10:48:00,75922.75,75935.47,75919.5,75920.59,0
2026-05-29 10:49:00,75922.98,75928.74,75917.12,75926.8,0
2026-05-29 10:50:00,75926.04,75929.41,75914.84,75920.88,0
2026-05-29 10:51:00,75920.82,75926.91,75911.71,75916.2,0
2026-05-29 10:52:00,75914.56,75920.99,75906.44,75910.7,0
2026-05-29 10:53:00,75910.4,75926.81,75888.66,75893.6,0
2026-05-29 10:54:00,75893.96,75906.63,75875.55,75906.18,0
2026-05-29 10:55:00,75907.98,75918.91,75886.61,75918.91,0
2026-05-29 10:56:00,75920.57,75962.6,75913.39,75962.6,0
2026-05-29 10:57:00,75969.05,75982.29,75968.59,75973.97,0
2026-05-29 10:58:00,75973.5,75978.39,75960.7,75975.38,0
2026-05-29 10:59:00,75974.82,75981.19,75966.43,75968.24,0
2026-05-29 11:00:00,75966.47,75995.68,75966.47,75985.31,0
2026-05-29 11:01:00,75992.12,75995.81,75973.49,75978.94,0
2026-05-29 11:02:00,75984.36,75985.11,75958.63,75973.3,0
2026-05-29 11:03:00,75970.72,75977.81,75963.72,75977.62,0
2026-05-29 11:04:00,75982.1,76003.35,75974.34,75996.56,0
2026-05-29 11:05:00,75995.21,76006.04,75990.01,75999.6,0
2026-05-29 11:06:00,75995.88,76005.28,75991.84,75995.3,0
2026-05-29 11:07:00,75995.5,76004.95,75983.95,75995.67,0
2026-05-29 11:08:00,75997.75,76005.18,75987.75,75990.09,0
2026-05-29 11:09:00,75988.91,75988.91,75974.82,75987.53,0
2026-05-29 11:10:00,75990.1,76007.49,75986.42,76003.87,0
2026-05-29 11:11:00,76002.82,76006.11,75964.38,75967.4,0
2026-05-29 11:12:00,75966.65,75976.85,75953.93,75971.06,0
2026-05-29 11:13:00,75970.42,75970.42,75944.57,75946.13,0
2026-05-29 11:14:00,75953.1,75962.54,75946.09,75947.31,0
2026-05-29 11:15:00,75948.58,75968.91,75944.26,75954.61,0
2026-05-29 11:16:00,75951.28,75965.99,75946.81,75965.99,0
2026-05-29 11:17:00,75964.54,75992.08,75949.71,75991.35,0
2026-05-29 11:18:00,75991.5,75996.71,75979.71,75987.8,0
2026-05-29 11:19:00,75986.33,75996.45,75979.24,75979.84,0
2026-05-29 11:20:00,75977.82,75982.56,75957.51,75960.84,0
2026-05-29 11:21:00,75959.13,75969.57,75953.42,75967.51,0
2026-05-29 11:22:00,75969.3,75969.96,75946.3,75946.3,0
2026-05-29 11:23:00,75946.05,75976.0,75940.1,75971.45,0
2026-05-29 11:24:00,75968.88,75972.03,75952.27,75970.23,0
2026-05-29 11:25:00,75969.14,75971.63,75956.94,75958.38,0
2026-05-29 11:26:00,75958.25,75967.92,75953.16,75954.56,0
2026-05-29 11:27:00,75955.57,75958.17,75936.77,75944.1,0
2026-05-29 11:28:00,75943.5,75949.61,75937.41,75939.55,0
2026-05-29 11:29:00,75940.64,75947.35,75922.6,75923.8,0
2026-05-29 11:30:00,75922.96,75931.76,75922.19,75929.88,0
2026-05-29 11:31:00,75928.32,75930.88,75913.38,75927.29,0
2026-05-29 11:32:00,75917.88,75923.07,75905.2,75909.38,0
2026-05-29 11:33:00,75912.16,75913.83,75893.94,75893.99,0
2026-05-29 11:34:00,75892.94,75892.94,75872.27,75872.27,0
2026-05-29 11:35:00,75871.6,75901.25,75871.6,75901.25,0
2026-05-29 11:36:00,75900.83,75922.49,75898.72,75911.65,0
2026-05-29 11:37:00,75913.57,75920.51,75903.63,75920.51,0
2026-05-29 11:38:00,75920.51,75921.61,75901.41,75914.87,0
2026-05-29 11:39:00,75914.17,75933.82,75910.26,75916.29,0
2026-05-29 11:40:00,75916.94,75917.56,75905.02,75917.56,0
2026-05-29 11:41:00,75917.96,75919.99,75897.72,75897.72,0
2026-05-29 11:42:00,75899.25,75904.22,75894.22,75894.81,0
2026-05-29 11:43:00,75898.53,75898.53,75878.88,75882.25,0
2026-05-29 11:44:00,75883.67,75912.9,75880.19,75912.9,0
2026-05-29 11:45:00,75913.45,75930.4,75905.73,75920.26,0
2026-05-29 11:46:00,75923.27,75929.31,75912.64,75919.67,0
2026-05-29 11:47:00,75920.87,75931.38,75920.87,75924.47,0
2026-05-29 11:48:00,75925.28,75926.62,75906.7,75906.7,0
2026-05-29 11:49:00,75910.03,75948.81,75909.2,75938.87,0
2026-05-29 11:50:00,75937.2,75959.61,75937.2,75946.12,0
2026-05-29 11:51:00,75946.12,75947.74,75934.69,75938.61,0
2026-05-29 11:52:00,75938.04,75957.73,75938.04,75957.73,0
2026-05-29 11:53:00,75954.34,75978.11,75951.17,75978.11,0
2026-05-29 11:54:00,75976.58,75998.38,75975.77,75982.78,0
2026-05-29 11:55:00,75979.76,75979.76,75953.44,75957.7,0
2026-05-29 11:56:00,75958.84,75961.56,75935.86,75938.83,0
2026-05-29 11:57:00,75938.83,75939.72,75928.79,75932.1,0
2026-05-29 11:58:00,75932.1,75937.18,75923.6,75932.54,0
2026-05-29 11:59:00,75930.7,75938.13,75920.21,75937.13,0
2026-05-29 12:00:00,75937.52,75937.99,75908.1,75921.92,0
2026-05-29 12:01:00,75921.57,75921.57,75902.35,75912.92,0
2026-05-29 12:02:00,75911.56,75915.09,75891.64,75891.64,0
2026-05-29 12:03:00,75892.25,75892.8,75868.05,75868.67,0
2026-05-29 12:04:00,75863.58,75865.61,75849.75,75853.62,0
2026-05-29 12:05:00,75856.43,75866.69,75853.82,75865.64,0
2026-05-29 12:06:00,75864.69,75865.89,75843.76,75854.28,0
2026-05-29 12:07:00,75854.81,75855.21,75843.25,75848.89,0
2026-05-29 12:08:00,75849.04,75857.88,75837.83,75854.5,0
2026-05-29 12:09:00,75854.5,75866.95,75853.86,75855.86,0
2026-05-29 12:10:00,75854.0,75854.86,75830.65,75836.85,0
2026-05-29 12:11:00,75836.85,75837.46,75819.25,75820.98,0
2026-05-29 12:12:00,75820.98,75830.55,75799.56,75799.56,0
2026-05-29 12:13:00,75799.56,75799.98,75741.94,75745.19,0
2026-05-29 12:14:00,75739.75,75763.26,75731.55,75755.58,0
2026-05-29 12:15:00,75754.71,75754.71,75717.61,75717.61,0
2026-05-29 12:16:00,75716.39,75716.39,75682.25,75689.21,0
2026-05-29 12:17:00,75690.52,75734.98,75690.52,75725.04,0
2026-05-29 12:18:00,75721.03,75732.57,75711.64,75729.97,0
2026-05-29 12:19:00,75730.44,75758.21,75723.02,75751.79,0
2026-05-29 12:20:00,75752.89,75754.02,75738.23,75752.56,0
2026-05-29 12:21:00,75751.81,75762.66,75747.31,75756.96,0
2026-05-29 12:22:00,75756.65,75782.98,75756.02,75773.38,0
2026-05-29 12:23:00,75773.38,75773.38,75762.8,75765.61,0
2026-05-29 12:24:00,75769.05,75785.49,75763.96,75785.49,0
2026-05-29 12:25:00,75783.84,75793.05,75781.14,75789.92,0
2026-05-29 12:26:00,75787.58,75795.71,75784.45,75795.28,0
2026-05-29 12:27:00,75790.12,75804.11,75790.12,75800.48,0
2026-05-29 12:28:00,75799.77,75817.08,75799.77,75809.03,0
2026-05-29 12:29:00,75809.79,75812.78,75805.75,75808.93,0
2026-05-29 12:30:00,75809.98,75810.05,75787.51,75803.22,0
2026-05-29 12:31:00,75803.05,75806.85,75794.05,75803.73,0
2026-05-29 12:32:00,75804.29,75819.67,75800.35,75814.92,0
2026-05-29 12:33:00,75814.92,75817.35,75796.06,75796.1,0
2026-05-29 12:34:00,75794.3,75797.88,75784.49,75785.16,0
2026-05-29 12:35:00,75784.38,75786.02,75772.47,75779.81,0
2026-05-29 12:36:00,75780.0,75792.35,75770.87,75792.35,0
2026-05-29 12:37:00,75792.35,75798.87,75783.62,75787.63,0
2026-05-29 12:38:00,75788.31,75788.31,75773.25,75787.04,0
2026-05-29 12:39:00,75788.09,75819.28,75787.26,75816.06,0
2026-05-29 12:40:00,75815.25,75815.25,75802.48,75809.01,0
2026-05-29 12:41:00,75808.29,75809.41,75795.46,75801.29,0
2026-05-29 12:42:00,75802.84,75812.04,75799.01,75799.01,0
2026-05-29 12:43:00,75798.36,75800.75,75775.43,75775.43,0
2026-05-29 12:44:00,75774.9,75790.17,75773.74,75784.66,0
2026-05-29 12:45:00,75783.39,75783.68,75770.18,75777.5,0
2026-05-29 12:46:00,75779.09,75779.09,75764.5,75777.13,0
2026-05-29 12:47:00,75781.46,75787.49,75775.56,75783.73,0
2026-05-29 12:48:00,75783.73,75790.47,75780.8,75789.06,0
2026-05-29 12:49:00,75790.23,75794.75,75786.82,75791.52,0
2026-05-29 12:50:00,75791.47,75793.85,75771.51,75775.43,0
2026-05-29 12:51:00,75776.33,75776.33,75754.97,75767.34,0
2026-05-29 12:52:00,75767.98,75778.98,75767.98,75772.51,0
2026-05-29 12:53:00,75772.54,75791.17,75772.34,75788.37,0
2026-05-29 12:54:00,75788.37,75790.13,75753.94,75753.94,0
2026-05-29 12:55:00,75753.94,75756.76,75737.51,75746.45,0
2026-05-29 12:56:00,75743.91,75745.64,75726.41,75739.32,0
2026-05-29 12:57:00,75740.15,75743.0,75717.65,75719.91,0
2026-05-29 12:58:00,75717.41,75724.38,75697.19,75723.46,0
2026-05-29 12:59:00,75719.72,75747.86,75719.72,75744.41,0
2026-05-29 13:00:00,75744.85,75748.34,75715.61,75715.61,0
2026-05-29 13:01:00,75715.56,75724.73,75701.15,75705.79,0
2026-05-29 13:02:00,75705.79,75710.45,75700.31,75704.32,0
2026-05-29 13:03:00,75704.32,75706.58,75695.35,75702.45,0
2026-05-29 13:04:00,75702.3,75706.18,75694.76,75702.22,0
2026-05-29 13:05:00,75701.57,75701.57,75666.37,75672.84,0
2026-05-29 13:06:00,75673.13,75687.51,75665.82,75665.82,0
2026-05-29 13:07:00,75664.6,75671.37,75647.53,75647.53,0
2026-05-29 13:08:00,75648.39,75661.42,75648.39,75652.86,0
2026-05-29 13:09:00,75651.47,75652.73,75630.18,75630.18,0
2026-05-29 13:10:00,75626.77,75640.85,75625.38,75635.82,0
2026-05-29 13:11:00,75635.72,75635.72,75599.75,75601.52,0
2026-05-29 13:12:00,75596.13,75601.24,75584.36,75584.36,0
2026-05-29 13:13:00,75583.27,75592.99,75552.33,75558.84,0
2026-05-29 13:14:00,75557.35,75566.07,75542.54,75544.44,0
2026-05-29 13:15:00,75541.81,75542.52,75506.77,75513.63,0
2026-05-29 13:16:00,75513.3,75540.62,75504.97,75533.47,0
2026-05-29 13:17:00,75534.04,75566.83,75531.87,75565.61,0
2026-05-29 13:18:00,75568.26,75590.18,75568.26,75586.25,0
2026-05-29 13:19:00,75585.62,75589.34,75563.94,75572.06,0
2026-05-29 13:20:00,75570.57,75570.57,75555.37,75564.81,0
2026-05-29 13:21:00,75567.5,75571.54,75552.44,75553.5,0
2026-05-29 13:22:00,75551.79,75562.82,75530.21,75530.99,0
2026-05-29 13:23:00,75530.99,75537.94,75512.5,75512.5,0
2026-05-29 13:24:00,75511.93,75544.45,75508.22,75537.51,0
2026-05-29 13:25:00,75538.49,75557.85,75538.49,75555.08,0
2026-05-29 13:26:00,75553.18,75562.3,75544.74,75557.19,0
2026-05-29 13:27:00,75561.87,75571.93,75557.01,75565.34,0
2026-05-29 13:28:00,75565.75,75565.75,75536.37,75541.66,0
2026-05-29 13:29:00,75540.83,75556.24,75533.57,75552.4,0
2026-05-29 13:30:00,75552.4,75576.95,75549.97,75576.95,0
2026-05-29 13:31:00,75577.74,75578.26,75561.37,75568.07,0
2026-05-29 13:32:00,75566.31,75574.26,75559.3,75559.3,0
2026-05-29 13:33:00,75554.52,75560.34,75549.99,75552.94,0
2026-05-29 13:34:00,75552.78,75554.19,75539.96,75539.96,0
2026-05-29 13:35:00,75541.14,75545.19,75534.38,75545.19,0
2026-05-29 13:36:00,75543.96,75546.46,75515.27,75515.42,0
2026-05-29 13:37:00,75515.91,75545.47,75515.24,75545.47,0
2026-05-29 13:38:00,75543.13,75551.16,75535.54,75540.73,0
2026-05-29 13:39:00,75540.92,75544.03,75514.54,75519.55,0
2026-05-29 13:40:00,75515.55,75530.07,75510.03,75530.07,0
2026-05-29 13:41:00,75530.07,75541.12,75524.13,75529.77,0
2026-05-29 13:42:00,75528.49,75550.57,75528.49,75545.85,0
2026-05-29 13:43:00,75545.73,75547.54,75536.68,75537.62,0
2026-05-29 13:44:00,75538.34,75540.31,75519.65,75520.21,0
2026-05-29 13:45:00,75520.62,75532.02,75506.54,75517.62,0
2026-05-29 13:46:00,75514.41,75531.0,75505.21,75524.92,0
2026-05-29 13:47:00,75523.43,75524.34,75502.51,75503.66,0
2026-05-29 13:48:00,75504.98,75504.98,75474.71,75485.34,0
2026-05-29 13:49:00,75484.77,75495.29,75467.43,75467.8,0
2026-05-29 13:50:00,75468.73,75477.96,75458.17,75477.96,0
2026-05-29 13:51:00,75477.36,75479.05,75445.19,75445.19,0
2026-05-29 13:52:00,75442.89,75443.31,75417.36,75427.63,0
2026-05-29 13:53:00,75430.52,75438.62,75421.82,75429.42,0
2026-05-29 13:54:00,75428.08,75432.14,75410.86,75432.14,0
2026-05-29 13:55:00,75432.29,75437.23,75419.62,75426.47,0
2026-05-29 13:56:00,75428.04,75438.77,75422.2,75436.92,0
2026-05-29 13:57:00,75437.79,75477.7,75436.58,75477.49,0
2026-05-29 13:58:00,75477.03,75479.41,75456.69,75457.59,0
2026-05-29 13:59:00,75457.56,75464.28,75452.96,75454.31,0
2026-05-29 14:00:00,75462.22,75467.9,75444.63,75452.63,0
2026-05-29 14:01:00,75449.44,75449.44,75412.8,75418.99,0
2026-05-29 14:02:00,75418.2,75447.11,75417.56,75440.3,0
2026-05-29 14:03:00,75439.96,75448.0,75423.15,75423.91,0
2026-05-29 14:04:00,75424.97,75443.73,75420.08,75434.92,0
2026-05-29 14:05:00,75432.28,75438.62,75386.67,75389.76,0
2026-05-29 14:06:00,75385.28,75429.97,75385.28,75426.61,0
2026-05-29 14:07:00,75428.72,75437.48,75416.65,75430.04,0
2026-05-29 14:08:00,75430.06,75445.93,75425.42,75445.59,0
2026-05-29 14:09:00,75444.88,75452.38,75424.99,75425.1,0
2026-05-29 14:10:00,75424.14,75434.07,75417.12,75426.58,0
2026-05-29 14:11:00,75423.21,75434.47,75419.9,75425.48,0
2026-05-29 14:12:00,75423.85,75439.23,75422.13,75438.86,0
2026-05-29 14:13:00,75437.58,75440.32,75430.37,75431.93,0
2026-05-29 14:14:00,75432.8,75444.01,75427.27,75439.21,0
2026-05-29 14:15:00,75434.32,75434.32,75406.65,75409.1,0
2026-05-29 14:16:00,75408.76,75414.52,75401.15,75403.88,0
2026-05-29 14:17:00,75403.54,75419.79,75386.96,75419.79,0
2026-05-29 14:18:00,75422.13,75430.58,75412.41,75420.98,0
2026-05-29 14:19:00,75418.54,75420.56,75397.83,75404.9,0
2026-05-29 14:20:00,75403.68,75412.25,75395.06,75395.06,0
2026-05-29 14:21:00,75395.14,75419.39,75393.97,75415.58,0
2026-05-29 14:22:00,75419.83,75432.53,75410.21,75431.24,0
2026-05-29 14:23:00,75430.33,75452.63,75428.19,75440.42,0
2026-05-29 14:24:00,75445.27,75452.52,75440.5,75448.27,0
2026-05-29 14:25:00,75442.95,75449.65,75429.91,75435.85,0
2026-05-29 14:26:00,75437.64,75452.31,75433.44,75437.89,0
2026-05-29 14:27:00,75437.89,75463.05,75437.89,75459.61,0
2026-05-29 14:28:00,75462.09,75479.07,75441.8,75479.07,0
2026-05-29 14:29:00,75479.6,75494.99,75470.2,75483.46,0
2026-05-29 14:30:00,75488.09,75537.75,75486.86,75537.75,0
2026-05-29 14:31:00,75536.87,75536.87,75510.98,75527.16,0
2026-05-29 14:32:00,75523.83,75564.98,75519.57,75562.53,0
2026-05-29 14:33:00,75573.0,75607.57,75570.43,75598.34,0
2026-05-29 14:34:00,75598.75,75616.61,75585.28,75586.18,0
2026-05-29 14:35:00,75586.18,75615.14,75585.8,75602.84,0
2026-05-29 14:36:00,75598.19,75600.11,75585.85,75588.8,0
2026-05-29 14:37:00,75588.57,75619.63,75581.86,75581.86,0
2026-05-29 14:38:00,75580.2,75585.72,75573.99,75580.02,0
2026-05-29 14:39:00,75580.09,75590.08,75575.58,75587.49,0
2026-05-29 14:40:00,75585.2,75589.55,75567.89,75569.63,0
2026-05-29 14:41:00,75568.55,75574.38,75561.09,75566.38,0
2026-05-29 14:42:00,75567.52,75599.98,75562.87,75588.76,0
2026-05-29 14:43:00,75586.72,75601.97,75586.68,75591.88,0
2026-05-29 14:44:00,75593.69,75593.69,75569.4,75577.83,0
2026-05-29 14:45:00,75576.53,75583.4,75562.12,75568.77,0
2026-05-29 14:46:00,75567.87,75596.3,75545.82,75595.1,0
2026-05-29 14:47:00,75596.85,75596.85,75571.9,75573.68,0
2026-05-29 14:48:00,75573.33,75576.05,75560.9,75561.96,0
2026-05-29 14:49:00,75563.26,75584.79,75559.81,75575.37,0
2026-05-29 14:50:00,75576.67,75579.72,75559.0,75563.33,0
2026-05-29 14:51:00,75566.72,75566.72,75521.71,75542.29,0
2026-05-29 14:52:00,75544.61,75550.69,75531.09,75538.5,0
2026-05-29 14:53:00,75539.22,75547.82,75529.6,75546.59,0
2026-05-29 14:54:00,75544.81,75544.81,75529.57,75536.39,0
2026-05-29 14:55:00,75536.23,75548.48,75505.94,75510.67,0
2026-05-29 14:56:00,75511.34,75525.96,75507.83,75515.56,0
2026-05-29 14:57:00,75516.13,75539.54,75513.41,75539.54,0
2026-05-29 14:58:00,75540.38,75572.06,75537.71,75546.73,0
2026-05-29 14:59:00,75543.2,75543.2,75481.08,75532.35,0
2026-05-29 15:00:00,75529.14,75529.14,75235.5,75235.5,0
2026-05-29 15:01:00,75233.32,75239.9,75091.38,75091.38,0
2026-05-29 15:02:00,75084.24,75084.24,74981.97,75000.82,0
2026-05-29 15:03:00,75015.24,75015.24,74911.01,74934.28,0
2026-05-29 15:04:00,74937.87,74937.87,74841.56,74849.12,0
2026-05-29 15:05:00,74851.12,74857.13,74803.57,74821.92,0
2026-05-29 15:06:00,74818.09,74833.11,74790.9,74809.83,0
2026-05-29 15:07:00,74811.99,74817.43,74735.79,74746.18,0
2026-05-29 15:08:00,74743.73,74750.75,74689.34,74709.16,0
2026-05-29 15:09:00,74716.89,74728.17,74680.9,74687.69,0
2026-05-29 15:10:00,74685.22,74730.1,74676.07,74712.08,0
2026-05-29 15:11:00,74710.95,74740.77,74710.95,74722.79,0
2026-05-29 15:12:00,74715.07,74752.28,74700.93,74730.19,0
2026-05-29 15:13:00,74725.7,74732.29,74692.5,74732.29,0
2026-05-29 15:14:00,74743.52,74752.41,74722.97,74741.73,0
2026-05-29 15:15:00,74903.86,74903.86,74890.58,74890.58,0
2026-05-29 15:16:00,74890.33,74890.33,74881.21,74881.21,0
2026-05-29 15:17:00,74880.87,74880.87,74877.54,74877.54,0
2026-05-29 15:18:00,74877.54,74877.54,74871.29,74871.29,0
2026-05-29 15:19:00,74871.29,74872.35,74870.52,74870.52,0
2026-05-29 15:20:00,74870.52,74870.52,74856.07,74856.07,0
2026-05-29 15:21:00,74856.07,74856.07,74847.01,74847.01,0
2026-05-29 15:22:00,74847.01,74847.01,74840.37,74840.37,0
2026-05-29 15:23:00,74840.37,74840.37,74829.98,74829.98,0
2026-05-29 15:24:00,74829.98,74829.98,74810.48,74810.48,0
2026-05-29 15:25:00,74810.48,74810.48,74791.24,74791.24,0
2026-05-29 15:26:00,74791.24,74791.24,74781.85,74781.85,0
2026-05-29 15:27:00,74781.85,74781.85,74769.37,74769.37,0
2026-05-29 15:28:00,74769.37,74774.2,74769.37,74773.28,0
2026-05-29 15:29:00,74773.28,74775.74,74773.28,74775.74,0
