Datetime,Open,High,Low,Close,Volume,EMA_9,EMA_21,EMA_50,EMA_cross,MACD,MACD_sig,MACD_hist,MACD_cross,ADX,DI_pos,DI_neg,RSI,RSI_zone,STOCH_k,STOCH_d,ROC,BB_upper,BB_lower,BB_mid,BB_width,BB_pos,ATR,VWAP,VWAP_signal,OBV,Vol_avg,Vol_spike,Body_size,Candle_dir,Pct_from_high,Pct_from_low,Target
2026-05-21 13:26:00,1351.8,1351.9,1351.6,1351.6,9997,1351.4742,1350.837,1350.2797,1,0.7252,0.7649,-0.0397,-1,23.5609,25.6902,17.1876,58.4798,0,55.1724,65.8908,-0.0148,1352.8603,1349.3597,1351.11,0.0026,0.64,1.053,1350.9219,1,453222,43758.5,0,0.6667,-1,-1.0179,0.4459,1
2026-05-21 13:27:00,1351.6,1352.5,1351.6,1352.1,15435,1351.5994,1350.9518,1350.351,1,0.7324,0.7584,-0.026,-1,23.8255,28.2181,16.1273,61.6502,0,72.4138,65.0287,0.0148,1352.6195,1349.9605,1351.29,0.002,0.8046,1.042,1350.9682,1,468657,44060.25,0,0.5556,1,-0.9523,0.4831,1
2026-05-21 13:28:00,1352.4,1352.5,1351.6,1352.3,8518,1351.7395,1351.0744,1350.4275,1,0.7456,0.7558,-0.0102,-1,24.0712,26.4602,15.1225,62.8715,0,79.3103,68.9655,0.0592,1352.6254,1350.2046,1351.415,0.0018,0.8656,1.0319,1351.1106,1,477175,41582.8,0,0.1111,-1,-0.7632,0.4979,0
2026-05-21 13:29:00,1352.3,1352.5,1351.3,1351.4,20213,1351.6716,1351.104,1350.4656,1,0.6756,0.7398,-0.0641,-1,23.8354,24.2875,15.9336,54.4659,0,48.2759,66.6667,-0.0444,1352.5499,1350.4001,1351.475,0.0016,0.4651,1.0439,1351.1537,1,456962,41409.75,0,0.75,-1,-0.8292,0.431,0
2026-05-21 13:30:00,1351.9,1352.0,1350.5,1350.6,20573,1351.4573,1351.0581,1350.4709,1,0.5493,0.7017,-0.1524,-1,22.5137,21.8702,19.656,48.2861,0,20.6897,49.4253,-0.1183,1352.5433,1350.2867,1351.415,0.0017,0.1388,1.0765,1351.1279,-1,436389,38868.95,0,0.8667,-1,-0.7933,0.3716,0
2026-05-21 13:31:00,1350.6,1351.0,1350.5,1350.6,21258,1351.2858,1351.0165,1350.4759,1,0.4441,0.6502,-0.2061,-1,21.2865,21.1157,18.9779,48.2861,0,20.6897,29.8851,-0.0296,1352.5328,1350.3072,1351.42,0.0016,0.1316,1.0353,1351.1275,-1,457647,36485.3,0,0.0,1,-0.7714,0.3716,1
2026-05-21 13:32:00,1350.8,1351.0,1350.5,1351.0,34647,1351.2287,1351.015,1350.4965,1,0.3885,0.5978,-0.2093,-1,20.1469,20.3594,18.2982,51.4785,0,34.4828,25.2874,0.0148,1352.4947,1350.3953,1351.445,0.0016,0.288,0.9971,1351.3299,-1,492294,32168.9,0,0.4,1,-0.742,0.4013,1
2026-05-21 13:33:00,1351.0,1352.4,1350.9,1351.5,12205,1351.2829,1351.0591,1350.5358,1,0.3804,0.5544,-0.1739,-1,20.5654,27.9283,16.4003,55.2013,0,51.7241,35.6322,0.0,1352.4872,1350.4728,1351.48,0.0015,0.5099,1.033,1351.3651,1,504499,31366.75,0,0.3333,1,-0.7053,0.4385,1
2026-05-21 13:34:00,1351.5,1352.7,1351.5,1352.5,44558,1351.5263,1351.1901,1350.6129,1,0.4495,0.5334,-0.0839,-1,21.2076,27.6881,15.055,61.5546,0,92.5926,59.5998,0.0444,1352.6292,1350.4808,1351.555,0.0016,0.9399,1.0449,1351.4331,1,549057,32079.65,0,0.8333,1,-0.6318,0.5128,1
2026-05-21 13:35:00,1352.5,1352.9,1351.8,1352.8,19774,1351.7811,1351.3364,1350.6986,1,0.5224,0.5312,-0.0087,-1,21.9714,26.976,13.9272,63.2389,0,96.5517,80.2895,0.0888,1352.8252,1350.4348,1351.63,0.0018,0.9895,1.0489,1351.4715,1,568831,31514.1,0,0.2727,1,-0.6098,0.5351,1
2026-05-21 13:36:00,1352.3,1353.6,1352.0,1353.5,18250,1352.1249,1351.5331,1350.8085,1,0.6295,0.5509,0.0786,1,23.2232,28.7376,12.4645,66.8846,-1,96.7742,95.3062,0.1406,1353.1618,1350.2682,1351.715,0.0021,1.1169,1.0882,1351.5024,1,587081,30819.0,0,0.75,1,-0.5584,0.5871,1
2026-05-21 13:37:00,1353.5,1354.3,1353.5,1353.9,24701,1352.4799,1351.7483,1350.9297,1,0.7381,0.5883,0.1498,1,24.8489,31.8827,11.7974,68.7893,-1,89.4737,94.2665,0.1331,1353.5474,1350.0826,1351.815,0.0026,1.1018,1.0676,1351.5803,1,611782,30604.65,0,0.5,1,-0.529,0.6168,0
2026-05-21 13:38:00,1353.9,1354.0,1352.9,1353.2,19401,1352.6239,1351.8803,1351.0188,1,0.7589,0.6224,0.1365,1,25.4194,29.5414,14.9366,62.0618,0,71.0526,85.7668,0.0666,1353.7265,1350.0735,1351.9,0.0027,0.8559,1.0699,1351.6342,1,592381,31078.5,0,0.6364,-1,-0.5731,0.5648,0
2026-05-21 13:39:00,1353.2,1354.0,1352.9,1353.0,11963,1352.6991,1351.9821,1351.0965,1,0.7506,0.6481,0.1026,1,25.9491,27.3764,13.8419,60.2488,0,65.7895,75.4386,0.1184,1353.8384,1350.0616,1351.95,0.0028,0.778,1.0721,1351.6641,1,580418,31212.05,0,0.1818,-1,-0.5001,0.5499,1
2026-05-21 13:40:00,1353.1,1354.0,1352.8,1353.7,9285,1352.8993,1352.1382,1351.1986,1,0.7914,0.6767,0.1147,1,26.2787,25.2061,13.4052,64.1917,0,84.2105,73.6842,0.2295,1354.0606,1349.9894,1352.025,0.003,0.9114,1.0812,1351.6536,1,589703,29843.5,0,0.5,1,-0.4486,0.602,1
2026-05-21 13:41:00,1353.9,1355.0,1353.6,1355.0,30419,1353.3194,1352.3984,1351.3476,1,0.9181,0.725,0.1931,1,27.3564,29.393,12.191,70.1193,-1,100.0,83.3333,0.3258,1354.5795,1349.8705,1352.225,0.0035,1.0893,1.104,1351.8119,1,620122,28979.3,0,0.7857,1,-0.353,0.6986,0
2026-05-21 13:42:00,1354.9,1355.0,1354.1,1354.3,16979,1353.5156,1352.5713,1351.4634,1,0.951,0.7702,0.1808,1,28.3572,27.6585,11.4716,63.9779,0,84.4444,89.5517,0.2443,1354.824,1349.976,1352.4,0.0036,0.8919,1.0894,1352.1658,1,603143,24526.0,0,0.6667,-1,-0.4045,0.6466,0
2026-05-21 13:43:00,1354.4,1354.6,1353.7,1354.0,9108,1353.6124,1352.7012,1351.5629,1,0.942,0.8046,0.1375,1,28.6067,26.0059,13.4418,61.4922,0,77.7778,87.4074,0.185,1355.0076,1350.0424,1352.525,0.0037,0.7971,1.0759,1352.3913,1,594035,20343.9,0,0.4444,-1,-0.4265,0.6243,1
2026-05-21 13:44:00,1354.0,1355.0,1354.0,1354.7,13041,1353.83,1352.8829,1351.6859,1,0.9801,0.8397,0.1404,1,29.1674,26.9397,12.5448,64.9173,0,93.3333,85.1852,0.1627,1355.3019,1350.0281,1352.665,0.0039,0.8859,1.0705,1352.5494,1,607076,18992.25,0,0.7,1,-0.3751,0.6763,1
2026-05-21 13:45:00,1354.8,1355.0,1354.5,1355.0,14566,1354.064,1353.0753,1351.8159,1,1.0227,0.8763,0.1464,1,29.6881,26.0053,12.1097,66.3008,-1,100.0,90.3704,0.1626,1355.6101,1350.0599,1352.835,0.0041,0.8901,1.0297,1352.6824,1,621642,18744.55,0,0.4,1,-0.353,0.6986,0
2026-05-21 13:46:00,1354.9,1354.9,1354.0,1354.0,20760,1354.0512,1353.1594,1351.9015,1,0.9646,0.8939,0.0707,1,29.3017,24.1977,14.7435,58.0793,0,75.6098,89.6477,0.0369,1355.7136,1350.1964,1352.955,0.0041,0.6894,1.0276,1352.795,1,600882,19282.7,0,1.0,-1,-0.4265,0.6243,1
2026-05-21 13:47:00,1354.0,1354.9,1354.0,1354.8,21070,1354.2009,1353.3085,1352.0152,1,0.972,0.9095,0.0624,1,28.9428,22.6704,13.8129,62.1255,0,94.2857,89.9652,0.0665,1355.9311,1350.2489,1353.09,0.0042,0.8009,1.0185,1352.9191,1,621952,19564.45,0,0.8889,1,-0.3677,0.6837,0
2026-05-21 13:48:00,1354.9,1355.0,1353.5,1353.7,24129,1354.1007,1353.3441,1352.0813,1,0.8789,0.9034,-0.0245,-1,27.777,20.3634,15.7993,54.3566,0,59.375,76.4235,0.0369,1355.9887,1350.3313,1353.16,0.0042,0.5954,1.0529,1353.0036,1,597823,20345.0,0,0.8,-1,-0.4486,0.602,1
2026-05-21 13:49:00,1354.0,1354.8,1353.8,1354.3,16327,1354.1406,1353.431,1352.1683,1,0.8438,0.8915,-0.0477,-1,26.6944,18.8486,14.6241,57.48,0,76.6667,76.7758,0.0961,1356.0542,1350.5558,1353.305,0.0041,0.681,1.0562,1353.1198,1,614150,20150.7,0,0.3,1,-0.4045,0.6466,0
2026-05-21 13:50:00,1354.3,1354.3,1353.5,1353.7,16161,1354.0525,1353.4555,1352.2283,1,0.7589,0.865,-0.1061,-1,25.1963,17.8109,15.8835,53.5347,0,40.9091,58.9836,0.0,1355.9155,1351.0045,1353.46,0.0036,0.5489,1.0379,1353.2564,1,597989,19930.1,0,0.75,-1,-0.4486,0.602,0
2026-05-21 13:51:00,1354.0,1354.3,1352.3,1352.7,23785,1353.782,1353.3868,1352.2468,1,0.6039,0.8127,-0.2089,-1,24.5649,15.5117,21.5784,47.663,0,14.8148,44.1302,-0.1697,1355.6781,1351.4519,1353.565,0.0031,0.2953,1.1067,1353.3826,-1,574204,20056.45,0,0.65,-1,-0.5221,0.5276,0
2026-05-21 13:52:00,1353.0,1353.2,1352.5,1352.6,12129,1353.5456,1353.3153,1352.2607,1,0.4676,0.7437,-0.2761,-1,23.9785,14.792,20.5772,47.1065,0,11.1111,22.2783,-0.1255,1355.4643,1351.8257,1353.645,0.0027,0.2128,1.0776,1353.5962,-1,562075,18930.55,0,0.5714,-1,-0.5295,0.5202,1
2026-05-21 13:53:00,1352.5,1353.0,1352.2,1352.9,25701,1353.4165,1353.2775,1352.2858,1,0.3794,0.6709,-0.2914,-1,23.7752,13.9929,21.4914,49.029,0,25.0,16.9753,-0.0812,1355.2902,1352.1398,1353.715,0.0023,0.2413,1.0578,1353.5996,-1,587776,19605.35,0,0.5,1,-0.5074,0.5425,1
2026-05-21 13:54:00,1352.3,1353.8,1352.3,1353.5,20403,1353.4332,1353.2977,1352.3334,1,0.3539,0.6075,-0.2536,-1,22.3676,17.8622,19.3776,52.7294,0,46.4286,27.5132,-0.0886,1355.2432,1352.2868,1353.765,0.0022,0.4104,1.0894,1353.7429,-1,608179,18397.6,0,0.8,1,-0.4633,0.5871,0
2026-05-21 13:55:00,1353.5,1353.5,1352.5,1353.0,9746,1353.3465,1353.2707,1352.3595,1,0.2899,0.544,-0.254,-1,21.0606,16.6841,18.0996,49.5041,0,28.5714,33.3333,-0.1476,1355.2295,1352.3205,1353.775,0.0021,0.2336,1.083,1353.7913,-1,598433,17896.2,0,0.5,-1,-0.5001,0.5499,0
2026-05-21 13:56:00,1352.9,1353.0,1351.6,1351.8,11720,1353.0372,1353.137,1352.3376,-1,0.1408,0.4633,-0.3225,-1,20.9108,15.1751,22.2769,42.7461,0,5.8824,26.9608,-0.1625,1355.3787,1352.0013,1353.69,0.0025,-0.0596,1.1056,1353.7754,-1,586713,17569.7,0,0.7857,-1,-0.5883,0.4608,1
2026-05-21 13:57:00,1352.2,1353.0,1351.7,1352.9,17225,1353.0098,1353.1154,1352.3596,-1,0.1101,0.3927,-0.2826,-1,20.7716,13.9164,20.4292,49.5455,0,38.2353,24.2297,-0.1402,1355.3598,1351.9202,1353.64,0.0025,0.2849,1.1195,1353.7042,-1,603938,17195.9,0,0.5385,1,-0.5074,0.5425,0
2026-05-21 13:58:00,1352.9,1353.3,1352.5,1352.6,10519,1352.9278,1353.0686,1352.3691,-1,0.0609,0.3263,-0.2654,-1,20.1613,15.1452,19.3647,47.8756,0,29.4118,24.5098,-0.0813,1355.3796,1351.8404,1353.61,0.0026,0.2146,1.0967,1353.6954,-1,593419,16751.8,0,0.375,-1,-0.5295,0.5202,1
2026-05-21 13:59:00,1352.7,1354.7,1352.6,1354.0,13563,1353.1423,1353.1533,1352.433,-1,0.1333,0.2877,-0.1544,-1,19.6236,21.7598,16.8786,55.4259,0,70.5882,46.0784,-0.0222,1355.4143,1351.9057,1353.66,0.0026,0.5969,1.1684,1353.7123,1,606982,16831.8,0,0.619,1,-0.4265,0.6243,0
2026-05-21 14:00:00,1354.2,1354.2,1353.0,1353.2,11026,1353.1538,1353.1575,1352.4631,-1,0.1247,0.2551,-0.1304,-1,19.1242,20.1665,15.6427,50.8896,0,47.0588,49.0196,-0.0369,1355.4005,1351.8695,1353.635,0.0026,0.3768,1.1706,1353.7101,-1,595956,16918.85,0,0.8333,-1,-0.4854,0.5648,0
2026-05-21 14:01:00,1353.2,1353.3,1352.3,1352.8,11421,1353.083,1353.125,1352.4763,-1,0.0847,0.221,-0.1364,-1,17.7717,18.9231,18.9944,48.7416,0,35.2941,50.9804,0.0074,1355.2089,1351.8411,1353.525,0.0025,0.2847,1.1584,1353.5992,-1,584535,15968.95,0,0.4,-1,-0.5148,0.5351,0
2026-05-21 14:02:00,1352.8,1352.9,1351.5,1351.6,8482,1352.7864,1352.9864,1352.4419,-1,-0.0434,0.1681,-0.2116,-1,17.3918,17.3135,22.2392,42.8924,0,3.0303,28.4611,-0.0739,1355.2295,1351.5505,1353.39,0.0027,0.0134,1.1757,1353.5082,-1,576053,15544.1,0,0.8571,-1,-0.603,0.4459,1
2026-05-21 14:03:00,1352.0,1353.0,1351.8,1352.6,21141,1352.7492,1352.9512,1352.4481,-1,-0.0635,0.1218,-0.1853,-1,16.9083,16.4601,20.373,48.4447,0,34.375,24.2331,-0.0222,1355.1678,1351.4722,1353.32,0.0027,0.3052,1.1917,1353.4233,-1,597194,16145.75,0,0.5,1,-0.5295,0.5202,0
2026-05-21 14:04:00,1352.6,1352.6,1351.0,1351.3,75830,1352.4593,1352.8011,1352.4031,-1,-0.1822,0.061,-0.2432,-1,17.2444,14.9192,23.1464,42.6407,0,8.1081,15.1711,-0.1625,1355.0824,1351.2176,1353.15,0.0029,0.0213,1.2209,1353.0327,-1,521364,19285.2,1,0.8125,-1,-0.6251,0.4236,1
2026-05-21 14:05:00,1351.5,1352.4,1351.2,1352.2,25650,1352.4075,1352.7465,1352.3951,-1,-0.2014,0.0085,-0.2099,-1,17.5564,13.8705,21.5193,47.3441,0,32.4324,24.9718,-0.0591,1354.7853,1351.2347,1353.01,0.0026,0.2719,1.2194,1352.8955,-1,547014,19839.4,0,0.5833,1,-0.5589,0.4905,1
2026-05-21 14:06:00,1352.2,1352.4,1351.3,1352.4,36212,1352.406,1352.715,1352.3953,-1,-0.1981,-0.0328,-0.1653,-1,17.8462,12.9705,20.123,48.3575,0,37.8378,26.1261,0.0444,1354.6633,1351.1967,1352.93,0.0026,0.3471,1.2109,1352.7491,-1,583226,20612.0,1,0.1818,1,-0.5442,0.5054,0
2026-05-21 14:07:00,1352.4,1352.5,1351.7,1352.0,22290,1352.3248,1352.65,1352.3798,-1,-0.2252,-0.0713,-0.1539,-1,17.9516,12.9477,19.1497,46.4327,0,27.027,32.4324,-0.0665,1354.3391,1351.2409,1352.79,0.0023,0.245,1.1815,1352.6197,-1,560936,20673.0,0,0.5,-1,-0.5151,0.4756,1
2026-05-21 14:08:00,1352.0,1352.7,1351.4,1352.7,50532,1352.3998,1352.6545,1352.3924,-1,-0.188,-0.0946,-0.0934,-1,18.3801,11.9374,19.4562,50.1706,0,45.9459,36.9369,0.0074,1354.2318,1351.2482,1352.74,0.0022,0.4866,1.19,1352.4997,1,611468,21993.15,1,0.5385,1,-0.4636,0.5276,0
2026-05-21 14:09:00,1352.7,1352.9,1352.1,1352.1,24725,1352.3399,1352.6041,1352.3809,-1,-0.2046,-0.1166,-0.088,-1,18.4278,12.5797,18.4995,47.1346,0,29.7297,34.2342,-0.1403,1353.9613,1351.2987,1352.63,0.002,0.3009,1.1621,1352.4268,-1,586743,22413.05,0,0.75,-1,-0.5077,0.4831,1
2026-05-21 14:10:00,1352.1,1352.5,1351.9,1352.4,14682,1352.3519,1352.5856,1352.3817,-1,-0.1914,-0.1316,-0.0598,-1,18.7083,12.0992,19.0661,48.8028,0,37.8378,37.8378,-0.0591,1353.8048,1351.3252,1352.565,0.0018,0.4335,1.122,1352.3707,1,601425,22339.1,0,0.5,1,-0.4857,0.5054,1
2026-05-21 14:11:00,1352.4,1353.1,1352.0,1352.5,33923,1352.3815,1352.5778,1352.3863,-1,-0.1708,-0.1394,-0.0314,-1,17.9497,15.0758,17.7291,49.3763,0,40.5405,36.036,-0.0222,1353.7935,1351.3165,1352.555,0.0018,0.4778,1.1204,1352.3448,1,635348,22846.0,0,0.0909,1,-0.4783,0.5128,1
2026-05-21 14:12:00,1352.5,1353.0,1352.1,1353.0,36932,1352.5052,1352.6162,1352.4104,-1,-0.1129,-0.1341,0.0212,1,17.2453,14.1985,16.6973,52.2559,0,54.0541,44.1441,0.1036,1353.8286,1351.3214,1352.575,0.0019,0.6695,1.1047,1352.3614,1,672280,24086.15,1,0.5556,1,-0.4415,0.5499,1
2026-05-21 14:13:00,1353.1,1353.5,1352.2,1353.1,98256,1352.6242,1352.6602,1352.4374,-1,-0.0582,-0.1189,0.0607,1,16.2177,16.2126,15.3112,52.8337,0,65.625,53.4065,0.037,1353.8519,1351.3181,1352.585,0.0019,0.7032,1.1186,1352.4471,1,770536,27713.9,1,0.0,1,-0.4341,0.5574,0
2026-05-21 14:14:00,1353.1,1353.1,1351.6,1352.1,108413,1352.5193,1352.6092,1352.4242,-1,-0.0945,-0.1141,0.0195,1,15.7054,14.6966,17.6198,46.7413,0,44.0,54.5597,0.0592,1353.7254,1351.3046,1352.515,0.0018,0.3286,1.1458,1352.3927,-1,662123,32114.4,1,0.6667,-1,-0.5077,0.4831,1
2026-05-21 14:15:00,1352.0,1352.3,1351.0,1352.3,16754,1352.4755,1352.5811,1352.4193,-1,-0.1059,-0.1124,0.0065,1,15.9497,13.517,19.9101,48.032,0,52.0,53.875,0.0074,1353.6726,1351.2874,1352.48,0.0018,0.4245,1.1569,1352.37,-1,678877,32464.8,0,0.2308,1,-0.493,0.4979,0
2026-05-21 14:16:00,1352.2,1352.5,1351.2,1351.6,9246,1352.3004,1352.4919,1352.3872,-1,-0.1695,-0.1238,-0.0456,-1,15.851,13.6656,18.326,44.0117,0,24.0,40.0,-0.0592,1353.6884,1351.2516,1352.47,0.0018,0.143,1.1671,1352.3657,-1,669631,32341.1,0,0.4615,-1,-0.5445,0.4459,1
2026-05-21 14:17:00,1351.6,1352.2,1351.4,1351.9,10112,1352.2203,1352.4381,1352.3681,-1,-0.1934,-0.1378,-0.0557,-1,15.7593,12.9811,17.4081,46.0942,0,36.0,37.3333,-0.0074,1353.6457,1351.1943,1352.42,0.0018,0.2879,1.1409,1352.3528,-1,679743,31985.45,0,0.375,1,-0.5224,0.4682,0
2026-05-21 14:18:00,1352.1,1352.5,1351.6,1351.7,11964,1352.1162,1352.371,1352.3419,-1,-0.2259,-0.1554,-0.0705,-1,15.1635,14.1455,16.4121,44.8953,0,28.0,29.3333,-0.0739,1353.6365,1351.1135,1352.375,0.0019,0.2325,1.1237,1352.3376,-1,667779,32057.7,0,0.4444,-1,-0.5372,0.4533,0
2026-05-21 14:19:00,1351.7,1352.2,1351.1,1351.2,11596,1351.933,1352.2646,1352.2971,-1,-0.2887,-0.1821,-0.1067,-1,15.2763,13.1549,18.446,41.9573,0,8.0,24.0,-0.0666,1353.358,1351.112,1352.235,0.0017,0.0392,1.122,1352.2921,-1,656183,31959.35,0,0.4545,-1,-0.574,0.4162,1
2026-05-21 14:20:00,1351.5,1352.1,1351.2,1352.0,7898,1351.9464,1352.2405,1352.2855,-1,-0.2708,-0.1998,-0.071,-1,15.3811,12.3903,17.3739,47.839,0,40.0,25.3333,-0.0296,1353.2101,1351.1399,1352.175,0.0015,0.4155,1.1061,1352.2652,-1,664081,31802.95,0,0.5556,1,-0.5151,0.4756,1
2026-05-21 14:21:00,1352.1,1352.4,1351.8,1352.2,10379,1351.9971,1352.2368,1352.2821,-1,-0.2377,-0.2074,-0.0303,-1,14.9322,13.8968,16.678,49.2243,0,48.0,32.0,-0.0222,1353.1399,1351.1501,1352.145,0.0015,0.5276,1.07,1352.2534,-1,674460,31750.85,0,0.1667,1,-0.5004,0.4905,0
2026-05-21 14:22:00,1352.3,1352.5,1351.6,1352.2,44794,1352.0377,1352.2335,1352.2789,-1,-0.2091,-0.2077,-0.0014,-1,14.807,13.0523,17.015,49.2243,0,48.0,45.3333,-0.0591,1353.1381,1351.2119,1352.175,0.0014,0.513,1.0578,1352.2464,-1,719254,33566.45,0,0.1111,-1,-0.5004,0.4905,0
2026-05-21 14:23:00,1352.2,1352.4,1351.3,1352.1,15221,1352.0502,1352.2213,1352.2719,-1,-0.1923,-0.2046,0.0124,1,15.1103,12.0855,17.7747,48.4777,0,44.0,46.6667,-0.0739,1353.0934,1351.2066,1352.15,0.0014,0.4735,1.0608,1352.2322,-1,704033,33270.45,0,0.0909,-1,-0.5077,0.4831,1
2026-05-21 14:24:00,1352.2,1352.9,1352.0,1352.9,10923,1352.2201,1352.283,1352.2965,-1,-0.1131,-0.1863,0.0733,1,14.4712,14.7486,16.6858,54.432,0,76.0,56.0,0.0592,1353.1424,1351.3176,1352.23,0.0013,0.8672,1.0493,1352.3145,1,714956,30025.1,0,0.7778,1,-0.4489,0.5425,1
2026-05-21 14:25:00,1352.9,1353.7,1352.4,1353.7,9847,1352.5161,1352.4119,1352.3515,1,0.0141,-0.1462,0.1603,1,14.1896,18.8196,15.234,59.4755,0,100.0,73.3333,0.1035,1353.4194,1351.1906,1352.305,0.0016,1.1259,1.0673,1352.3473,1,724803,29234.95,0,0.6154,1,-0.39,0.602,0
2026-05-21 14:26:00,1353.2,1353.6,1352.3,1352.9,14378,1352.5929,1352.4562,1352.373,1,0.0497,-0.107,0.1568,1,13.7645,17.0947,14.4924,53.1413,0,70.3704,82.1235,0.0962,1353.4739,1351.1861,1352.33,0.0017,0.7492,1.091,1352.3825,1,710425,28143.25,0,0.2308,-1,-0.4489,0.5425,0
2026-05-21 14:27:00,1352.9,1353.2,1351.3,1351.7,29182,1352.4143,1352.3875,1352.3467,1,-0.0186,-0.0894,0.0707,1,13.6037,15.0752,18.998,45.3409,0,25.9259,65.4321,-0.0148,1353.4834,1351.1466,1352.315,0.0017,0.2368,1.1488,1352.3787,-1,681243,28487.85,0,0.6316,-1,-0.5372,0.4533,0
2026-05-21 14:28:00,1351.5,1351.7,1350.2,1350.3,181064,1351.9914,1352.1977,1352.2664,-1,-0.1836,-0.1082,-0.0754,-1,14.5778,13.6992,23.9573,38.2809,0,2.8571,33.0511,-0.1036,1353.6406,1350.7494,1352.195,0.0021,-0.1554,1.1739,1351.9613,-1,500179,35014.45,1,0.8,-1,-0.6402,0.3493,1
2026-05-21 14:29:00,1350.7,1352.0,1350.2,1351.9,77849,1351.9732,1352.1706,1352.252,-1,-0.1832,-0.1232,-0.06,-1,15.0314,14.0123,21.4296,48.2066,0,48.5714,25.7848,0.0518,1353.6359,1350.7341,1352.185,0.0021,0.4018,1.2186,1351.8866,1,578028,37670.65,1,0.6667,1,-0.5224,0.4682,1
2026-05-21 14:30:00,1351.9,1353.6,1351.9,1352.8,216325,1352.1385,1352.2279,1352.2735,-1,-0.109,-0.1204,0.0114,1,14.3784,21.7754,19.3529,52.8045,0,74.2857,41.9048,0.0592,1353.6781,1350.7319,1352.205,0.0022,0.702,1.253,1352.0801,1,794353,47752.8,1,0.5294,1,-0.4562,0.5351,1
2026-05-21 14:31:00,1352.8,1354.5,1352.8,1354.4,176593,1352.5908,1352.4253,1352.3569,1,0.078,-0.0807,0.1587,1,14.5682,24.7206,17.524,59.6604,0,97.6744,73.5105,0.1627,1354.055,1350.545,1352.3,0.0026,1.0983,1.2849,1352.3588,1,970946,54886.3,1,0.9412,1,-0.3385,0.654,0
2026-05-21 14:32:00,1354.9,1355.1,1352.9,1352.9,99133,1352.6527,1352.4685,1352.3782,1,0.104,-0.0438,0.1478,1,15.2089,25.0176,15.4846,52.0296,0,55.102,75.6874,0.0518,1354.0425,1350.5475,1352.295,0.0026,0.6731,1.3503,1352.4569,1,871813,57996.35,1,0.9091,-1,-0.4489,0.5425,0
2026-05-21 14:33:00,1352.9,1352.9,1351.0,1351.7,166807,1352.4621,1352.3986,1352.3516,1,0.0275,-0.0295,0.057,1,14.3022,22.5742,23.739,46.8652,0,30.6122,61.1296,-0.0296,1353.95,1350.5,1352.225,0.0026,0.3478,1.3896,1352.3387,-1,705006,61423.9,1,0.6316,-1,-0.5298,0.4533,1
2026-05-21 14:34:00,1351.3,1352.2,1350.3,1352.2,162903,1352.4097,1352.3806,1352.3457,1,0.007,-0.0222,0.0292,1,13.9979,20.4258,24.986,49.1309,0,40.8163,42.1769,-0.0517,1353.9541,1350.5059,1352.23,0.0025,0.4913,1.426,1352.2467,-1,867909,64148.4,1,0.4737,1,-0.4637,0.4905,1
2026-05-21 14:35:00,1352.4,1353.4,1351.8,1352.8,16946,1352.4878,1352.4187,1352.3635,1,0.0388,-0.01,0.0488,1,13.2614,24.7618,23.0009,51.7875,0,53.0612,41.4966,-0.0665,1353.9968,1350.5132,1352.255,0.0026,0.6564,1.4384,1352.2572,1,884855,64158.0,0,0.25,1,-0.4196,0.5351,1
2026-05-21 14:36:00,1352.8,1353.4,1352.2,1353.0,17043,1352.5902,1352.4715,1352.3884,1,0.0793,0.0079,0.0714,1,12.5775,23.2686,21.6139,52.6748,0,57.1429,50.3401,0.0074,1354.0684,1350.5816,1352.325,0.0026,0.6936,1.4214,1352.2688,1,901898,64547.85,0,0.1667,1,-0.4049,0.5499,0
2026-05-21 14:37:00,1353.0,1353.3,1351.9,1352.6,14342,1352.5922,1352.4832,1352.3967,1,0.0781,0.0219,0.0562,1,11.6839,21.6298,21.6008,50.6665,0,48.9796,53.0612,0.0666,1354.096,1350.624,1352.36,0.0026,0.5691,1.4199,1352.2759,1,887556,64759.35,0,0.2857,-1,-0.4343,0.5202,0
2026-05-21 14:38:00,1352.7,1353.1,1352.4,1352.6,10341,1352.5937,1352.4938,1352.4047,1,0.0763,0.0328,0.0435,1,10.8541,20.8395,20.8116,50.6665,0,48.9796,51.7007,0.1703,1354.1167,1350.6933,1352.405,0.0025,0.557,1.3685,1352.2824,1,897897,64678.2,0,0.1429,-1,-0.4343,0.5202,0
2026-05-21 14:39:00,1353.1,1353.1,1352.4,1352.6,45578,1352.595,1352.5035,1352.4124,1,0.0741,0.0411,0.033,1,10.0836,20.0506,20.0237,50.6665,0,48.9796,48.9796,0.0518,1354.096,1350.854,1352.475,0.0024,0.5386,1.3207,1352.3036,1,943475,66377.3,0,0.7143,-1,-0.4343,0.5202,0
2026-05-21 14:40:00,1353.0,1353.1,1352.4,1352.5,22551,1352.576,1352.5032,1352.4158,1,0.0635,0.0455,0.0179,1,9.3681,19.2651,19.2393,50.0705,0,46.9388,48.2993,-0.0222,1354.1062,1350.8938,1352.5,0.0024,0.5,1.2764,1352.3128,1,920924,67109.95,0,0.7143,-1,-0.4417,0.5128,1
2026-05-21 14:41:00,1352.5,1354.0,1352.4,1354.0,18694,1352.8608,1352.6392,1352.4779,1,0.1741,0.0713,0.1029,1,9.5851,22.5178,17.5473,58.0438,0,77.551,57.8231,-0.0295,1354.3162,1350.8638,1352.59,0.0026,0.9084,1.2995,1352.3302,1,939618,67525.7,0,0.9375,1,-0.3312,0.6243,1
2026-05-21 14:42:00,1354.0,1355.6,1354.0,1355.0,57001,1353.2886,1352.8539,1352.5768,1,0.3386,0.1247,0.2139,1,10.9829,29.2214,16.0291,62.3593,0,88.8889,71.1262,0.1552,1354.7381,1350.7219,1352.73,0.003,1.0652,1.321,1352.4439,1,996619,68136.05,0,0.625,1,-0.2576,0.6986,0
2026-05-21 14:43:00,1354.9,1354.9,1354.0,1354.0,18232,1353.4309,1352.9581,1352.6326,1,0.3838,0.1765,0.2073,1,12.2808,27.6134,15.1471,56.1406,0,69.8113,78.7504,0.1702,1354.884,1350.766,1352.825,0.003,0.7853,1.298,1352.4743,1,978387,68286.6,0,1.0,-1,-0.3312,0.6243,0
2026-05-21 14:44:00,1354.4,1354.4,1353.1,1353.5,11874,1353.4447,1353.0073,1352.6667,1,0.375,0.2162,0.1587,1,12.463,25.6382,19.0156,53.2797,0,60.3774,73.0259,0.0961,1354.9349,1350.7751,1352.855,0.0031,0.6551,1.2982,1352.4837,1,966513,68334.15,0,0.6923,-1,-0.3681,0.5871,1
2026-05-21 14:45:00,1353.8,1354.3,1353.4,1353.9,16994,1353.5358,1353.0885,1352.715,1,0.3957,0.2521,0.1436,1,12.6321,24.3402,18.0529,55.2446,0,67.9245,66.0377,0.0813,1354.9629,1350.7671,1352.865,0.0031,0.7467,1.2697,1352.4952,1,983507,68691.5,0,0.1111,1,-0.3386,0.6168,1
2026-05-21 14:46:00,1353.8,1355.5,1352.9,1355.5,71371,1353.9286,1353.3077,1352.8242,1,0.535,0.3087,0.2263,1,13.6797,27.3086,15.5962,62.1094,0,98.1132,75.4717,0.1848,1355.387,1350.603,1352.995,0.0035,1.0236,1.3648,1352.5974,1,1054878,71541.15,0,0.6538,1,-0.2208,0.7357,0
2026-05-21 14:47:00,1355.5,1355.5,1354.0,1354.1,126963,1353.9629,1353.3797,1352.8743,1,0.5265,0.3522,0.1742,1,14.6525,25.1797,14.3804,54.266,0,71.6981,79.2453,0.1109,1355.4757,1350.7543,1353.115,0.0035,0.7086,1.3744,1352.7684,1,927915,76430.2,1,0.9333,-1,-0.3239,0.6317,1
2026-05-21 14:48:00,1354.1,1354.7,1354.0,1354.4,32620,1354.0503,1353.4725,1352.9341,1,0.5376,0.3893,0.1483,1,15.5558,24.2304,13.8383,55.5611,0,68.4211,79.4108,0.1331,1355.3573,1351.2827,1353.32,0.003,0.7651,1.3262,1353.0731,1,960535,69008.0,0,0.4286,1,-0.3018,0.654,0
2026-05-21 14:49:00,1354.4,1354.7,1353.6,1353.6,68638,1353.9603,1353.4841,1352.9602,1,0.4765,0.4068,0.0697,1,15.8722,22.7772,15.1892,51.3826,0,45.9459,62.0217,0.0739,1355.3373,1351.4727,1353.405,0.0029,0.5505,1.3101,1353.2147,1,891897,68547.45,0,0.7273,-1,-0.3607,0.5945,1
2026-05-21 14:50:00,1353.5,1354.4,1353.5,1353.8,17232,1353.9282,1353.5128,1352.9931,1,0.4391,0.4132,0.0259,1,16.0355,21.634,14.9845,52.3475,0,51.3514,55.2394,0.0961,1355.3738,1351.5362,1353.455,0.0028,0.5899,1.2808,1353.3075,1,909129,58592.8,0,0.3333,1,-0.346,0.6094,0
2026-05-21 14:51:00,1354.0,1354.5,1353.6,1353.8,86543,1353.9026,1353.5389,1353.0248,1,0.4048,0.4115,-0.0068,-1,16.2815,21.0943,14.2161,52.3475,0,43.75,47.0158,-0.0148,1355.3021,1351.5479,1353.425,0.0028,0.5999,1.2536,1353.2635,1,995672,54090.3,1,0.2222,-1,-0.346,0.6094,1
2026-05-21 14:52:00,1353.9,1354.7,1353.6,1354.0,134722,1353.9221,1353.5808,1353.063,1,0.3892,0.4071,-0.0178,-1,16.7031,20.9102,13.3172,53.4196,0,50.0,48.3671,-0.0738,1355.3568,1351.6032,1353.48,0.0028,0.6385,1.2426,1353.3316,1,1130394,55869.75,1,0.0909,1,-0.3312,0.6243,0
2026-05-21 14:53:00,1354.0,1354.1,1352.1,1352.3,77622,1353.5976,1353.4644,1353.0331,1,0.237,0.3731,-0.136,-1,15.7879,18.6065,20.1127,44.2968,0,5.7143,33.1548,-0.1256,1355.2887,1351.7313,1353.51,0.0026,0.1599,1.2967,1353.5316,-1,1052772,51410.5,1,0.85,-1,-0.4564,0.4979,1
2026-05-21 14:54:00,1352.2,1353.3,1352.2,1353.1,65930,1353.4981,1353.4313,1353.0357,1,0.1789,0.3342,-0.1554,-1,14.938,17.4668,18.8807,48.7337,0,28.5714,28.0952,-0.0296,1355.242,1351.868,1353.555,0.0025,0.3651,1.2827,1353.8283,-1,1118702,46561.85,0,0.8182,1,-0.3975,0.5574,0
2026-05-21 14:55:00,1353.2,1353.5,1351.3,1352.0,107192,1353.1985,1353.3011,1352.9951,-1,0.0435,0.2761,-0.2326,-1,15.0365,15.4309,21.4483,43.5921,0,16.2791,16.8549,-0.1403,1355.3064,1351.7236,1353.515,0.0026,0.0771,1.3482,1353.6837,-1,1011510,51074.15,1,0.5455,-1,-0.4785,0.4756,0
2026-05-21 14:56:00,1352.1,1352.5,1351.4,1351.4,64325,1352.8388,1353.1283,1352.9326,-1,-0.1109,0.1987,-0.3096,-1,15.1279,14.5196,20.1816,41.0482,0,2.381,15.7438,-0.3025,1355.4413,1351.4287,1353.435,0.003,-0.0072,1.3305,1353.5813,-1,947185,53438.25,0,0.6364,-1,-0.5226,0.431,1
2026-05-21 14:57:00,1351.8,1352.9,1351.7,1352.0,63896,1352.671,1353.0257,1352.896,-1,-0.1827,0.1224,-0.3051,-1,14.6937,15.489,18.5711,44.534,0,16.6667,11.7756,-0.1551,1355.4772,1351.3328,1353.405,0.0031,0.161,1.3426,1353.515,-1,1011081,55915.95,0,0.1667,1,-0.4785,0.4756,0
2026-05-21 14:58:00,1352.3,1352.8,1351.1,1351.4,49980,1352.4168,1352.8779,1352.8373,-1,-0.2848,0.041,-0.3258,-1,14.8861,14.1142,20.0553,41.8679,0,6.8182,8.6219,-0.2215,1355.5707,1351.1193,1353.345,0.0033,0.0631,1.3681,1353.4468,-1,961101,57897.9,0,0.5294,-1,-0.5226,0.431,1
2026-05-21 14:59:00,1351.8,1352.0,1351.4,1351.8,26907,1352.2935,1352.7799,1352.7966,-1,-0.3296,-0.0331,-0.2964,-1,15.0648,13.6536,19.4008,44.2636,0,15.9091,13.1313,-0.133,1355.6102,1350.9998,1353.305,0.0034,0.1736,1.3132,1353.4362,-1,988008,56964.35,0,0.0,1,-0.4932,0.4608,1
2026-05-21 15:00:00,1351.8,1352.6,1351.7,1352.0,48753,1352.2348,1352.709,1352.7654,-1,-0.345,-0.0955,-0.2495,-1,14.4248,16.3084,18.4293,45.4735,0,20.4545,14.3939,-0.133,1355.63,1350.93,1353.28,0.0035,0.2277,1.2837,1353.3952,-1,1036761,58274.45,0,0.2222,1,-0.4785,0.4756,0
2026-05-21 15:01:00,1352.1,1352.1,1350.8,1350.9,42962,1351.9678,1352.5446,1352.6923,-1,-0.4409,-0.1646,-0.2763,-1,14.7319,15.1298,22.1007,40.2927,0,2.5641,12.9759,-0.2142,1355.6658,1350.5842,1353.125,0.0038,0.0621,1.2849,1353.3172,-1,993799,59487.85,0,0.9231,-1,-0.5594,0.3939,0
2026-05-21 15:02:00,1350.9,1350.9,1349.7,1349.9,118113,1351.5543,1352.3042,1352.5828,-1,-0.5907,-0.2498,-0.3409,-1,15.8895,14.1157,26.7634,36.2494,0,4.0,9.0062,-0.3028,1355.6218,1350.1182,1352.87,0.0041,-0.0396,1.2788,1352.9491,-1,875686,62543.45,1,0.8333,-1,-0.6331,0.3196,1
2026-05-21 15:03:00,1349.9,1350.4,1349.6,1350.4,103256,1351.3234,1352.1311,1352.4972,-1,-0.6615,-0.3322,-0.3294,-1,17.0361,13.4676,26.1085,39.5175,0,15.6863,7.4168,-0.1405,1355.5896,1349.7904,1352.69,0.0043,0.1051,1.2446,1352.7131,-1,978942,66794.65,1,0.625,1,-0.5962,0.3567,1
2026-05-21 15:04:00,1350.3,1352.9,1349.8,1352.3,462207,1351.5187,1352.1464,1352.4894,-1,-0.5579,-0.3773,-0.1806,-1,16.184,24.269,21.9106,50.0056,0,52.9412,24.2092,-0.0591,1355.5097,1349.7503,1352.63,0.0043,0.4427,1.3771,1352.436,-1,1441149,89311.3,1,0.6452,1,-0.4564,0.4979,0
2026-05-21 15:05:00,1352.2,1352.9,1350.4,1351.1,274220,1351.435,1352.0513,1352.4349,-1,-0.5661,-0.4151,-0.151,-1,15.3928,21.2952,19.2259,44.7299,0,29.4118,32.6797,-0.0666,1355.3813,1349.5987,1352.49,0.0043,0.2596,1.4573,1352.294,-1,1166929,102172.6,1,0.44,-1,-0.5447,0.4087,1
2026-05-21 15:06:00,1351.1,1352.8,1350.3,1352.5,190488,1351.648,1352.0921,1352.4375,-1,-0.4543,-0.4229,-0.0314,-1,14.5615,18.8128,17.4509,51.1987,0,64.4444,48.9325,0.0814,1354.8812,1349.7988,1352.34,0.0038,0.5315,1.5318,1352.1791,1,1357417,108128.45,1,0.56,1,-0.4417,0.5128,0
2026-05-21 15:07:00,1352.6,1352.8,1351.1,1351.2,56631,1351.5584,1352.011,1352.389,-1,-0.4653,-0.4314,-0.0339,-1,13.7897,17.3331,16.0783,45.8343,0,41.0256,44.9606,-0.0592,1354.6473,1349.7427,1352.195,0.0036,0.2971,1.5438,1352.0233,-1,1300786,104611.85,0,0.8235,-1,-0.5374,0.4162,0
2026-05-21 15:08:00,1351.2,1351.2,1349.2,1350.5,645141,1351.3467,1351.8736,1352.3149,-1,-0.5245,-0.45,-0.0745,-1,14.1727,15.7623,23.2303,43.209,0,30.2326,45.2342,-0.0666,1354.3375,1349.6625,1352.0,0.0035,0.1791,1.5764,1351.584,-1,655645,135237.9,1,0.35,-1,-0.5889,0.3641,1
2026-05-21 15:09:00,1350.7,1351.3,1350.1,1350.7,131892,1351.2174,1351.7669,1352.2516,-1,-0.5489,-0.4698,-0.0791,-1,14.4232,15.3514,21.9453,44.1925,0,40.5405,37.2662,-0.0814,1354.1366,1349.5734,1351.855,0.0034,0.2469,1.5495,1351.4828,-1,787537,138400.6,0,0.0,1,-0.5742,0.379,0
2026-05-21 15:10:00,1350.6,1351.0,1349.6,1349.8,191126,1350.9339,1351.5881,1352.1554,-1,-0.6336,-0.5025,-0.131,-1,15.0227,14.3538,22.8401,40.7707,0,16.2162,28.9964,-0.1627,1353.9208,1349.3892,1351.655,0.0034,0.0907,1.5389,1351.381,-1,596411,147095.3,0,0.5714,-1,-0.6404,0.3121,0
2026-05-21 15:11:00,1350.0,1350.5,1348.2,1349.3,152915,1350.6071,1351.3801,1352.0434,-1,-0.7326,-0.5485,-0.184,-1,16.4524,12.8737,26.7615,38.9656,0,23.4043,26.7203,-0.1184,1353.6928,1349.1672,1351.43,0.0033,0.0294,1.5932,1351.2025,-1,443496,150413.9,0,0.3043,-1,-0.6772,0.275,0
2026-05-21 15:12:00,1349.0,1349.5,1348.6,1349.1,154951,1350.3057,1351.1728,1351.928,-1,-0.8177,-0.6024,-0.2153,-1,17.7801,12.3376,25.647,38.2363,0,19.1489,19.5898,-0.0593,1353.3402,1349.0298,1351.185,0.0032,0.0163,1.5437,1350.9643,-1,288545,151425.35,0,0.1111,1,-0.6919,0.2601,1
2026-05-21 15:13:00,1349.1,1350.0,1348.9,1349.4,126082,1350.1246,1351.0117,1351.8289,-1,-0.8512,-0.6521,-0.1991,-1,18.4191,14.0585,24.3143,40.0488,0,25.5319,22.695,-0.0741,1353.2648,1348.8152,1351.04,0.0033,0.1314,1.512,1350.8544,-1,414627,153848.35,0,0.2727,1,-0.6699,0.2824,0
2026-05-21 15:14:00,1349.3,1350.0,1347.9,1348.0,159914,1349.6996,1350.7379,1351.6787,-1,-0.9794,-0.7176,-0.2618,-1,19.6252,12.7015,26.5638,34.9015,1,2.0,15.5603,-0.318,1353.1702,1348.3998,1350.785,0.0035,-0.0838,1.554,1350.7006,-1,254713,158547.55,0,0.619,-1,-0.7729,0.1784,1
2026-05-21 15:15:00,1348.3,1348.9,1347.1,1348.6,222556,1349.4797,1350.5435,1351.558,-1,-1.0208,-0.7782,-0.2426,-1,21.1684,11.6624,28.0266,38.5469,0,25.8621,17.798,-0.185,1353.1116,1348.1184,1350.615,0.0037,0.0965,1.5716,1350.4802,-1,477269,164315.75,0,0.1667,1,-0.7287,0.2229,0
2026-05-21 15:16:00,1349.1,1349.3,1347.7,1347.7,104671,1349.1238,1350.285,1351.4067,-1,-1.1135,-0.8453,-0.2682,-1,22.1272,12.6311,25.9911,35.3493,0,10.3448,12.7356,-0.3549,1353.1999,1347.6601,1350.43,0.0041,0.0072,1.5736,1350.3846,-1,372598,166333.05,0,0.875,-1,-0.795,0.1561,1
2026-05-21 15:17:00,1347.9,1348.1,1347.2,1347.9,100089,1348.879,1350.0682,1351.2692,-1,-1.1574,-0.9077,-0.2497,-1,23.2956,12.0988,27.237,36.6077,0,13.7931,16.6667,-0.2442,1353.1045,1347.3455,1350.225,0.0043,0.0963,1.5255,1350.2712,-1,472687,168142.7,0,0.0,1,-0.7803,0.1709,1
2026-05-21 15:18:00,1348.1,1348.6,1347.5,1348.4,48770,1348.7832,1349.9165,1351.1567,-1,-1.1387,-0.9539,-0.1848,-1,23.7847,13.8517,25.8056,39.7645,0,22.4138,15.5172,-0.1555,1353.0061,1347.1439,1350.075,0.0043,0.2143,1.4951,1350.2184,-1,521457,168082.2,0,0.2727,1,-0.7435,0.2081,0
2026-05-21 15:19:00,1348.4,1349.0,1347.6,1347.6,52278,1348.5466,1349.7059,1351.0172,-1,-1.1749,-0.9981,-0.1768,-1,23.7803,14.8407,24.0717,36.6222,0,8.7719,14.9929,-0.2295,1352.8725,1346.8575,1349.865,0.0045,0.1234,1.4883,1350.1732,-1,469179,169350.75,0,0.5714,-1,-0.8024,0.1486,1
2026-05-21 15:20:00,1347.9,1349.3,1347.6,1348.5,120918,1348.5373,1349.5963,1350.9185,-1,-1.1181,-1.0221,-0.096,-1,23.4375,15.0674,22.1275,42.1599,0,24.5614,18.5824,-0.0963,1352.5854,1346.7946,1349.69,0.0043,0.2945,1.5034,1350.0864,-1,590097,172959.0,0,0.3529,1,-0.7361,0.2155,0
2026-05-21 15:21:00,1348.5,1348.6,1347.0,1347.3,89340,1348.2898,1349.3876,1350.7766,-1,-1.1566,-1.049,-0.1076,-1,23.5604,13.9273,23.2907,37.46,0,6.9767,13.4367,-0.1482,1352.5272,1346.4928,1349.51,0.0045,0.1338,1.5103,1350.0094,-1,500757,175277.9,0,0.75,-1,-0.8244,0.1263,0
2026-05-21 15:22:00,1347.0,1347.3,1346.8,1347.0,67336,1348.0318,1349.1705,1350.6285,-1,-1.1975,-1.0787,-0.1188,-1,23.817,13.5814,23.7057,36.3685,0,4.4444,11.9942,-0.1557,1352.5664,1346.1636,1349.365,0.0047,0.1306,1.4382,1349.946,-1,433421,172739.05,0,0.0,1,-0.8465,0.104,0
2026-05-21 15:23:00,1347.0,1347.1,1346.8,1347.0,44596,1347.8255,1348.9732,1350.4862,-1,-1.2159,-1.1061,-0.1097,-1,24.0552,13.3669,23.3313,36.3685,0,4.7619,5.3944,-0.1779,1352.5173,1345.8727,1349.195,0.0049,0.1697,1.3569,1349.9012,-1,478017,169806.05,0,0.0,1,-0.8465,0.104,0
2026-05-21 15:24:00,1346.9,1347.2,1346.7,1347.0,46830,1347.6604,1348.7938,1350.3495,-1,-1.2164,-1.1282,-0.0882,-1,24.1383,13.5497,22.6882,36.3685,0,7.8947,5.7004,-0.0742,1352.0593,1345.8007,1348.93,0.0046,0.1916,1.2957,1349.5813,-1,524847,149037.2,0,0.2,1,-0.8465,0.104,0
2026-05-21 15:25:00,1347.0,1347.3,1346.7,1346.9,68623,1347.5083,1348.6216,1350.2142,-1,-1.211,-1.1448,-0.0662,-1,24.0712,13.657,21.9078,35.9326,0,6.0606,6.2391,-0.1261,1351.8019,1345.6381,1348.72,0.0046,0.2047,1.246,1349.3304,-1,456224,138757.35,0,0.1667,-1,-0.8539,0.0966,0
2026-05-21 15:26:00,1347.1,1347.1,1346.8,1346.8,51819,1347.3666,1348.456,1350.0803,-1,-1.2009,-1.156,-0.0449,-1,24.009,13.4086,21.5094,35.4747,0,3.0303,5.6619,-0.0668,1351.0908,1345.7792,1348.435,0.0039,0.1922,1.1784,1349.0994,-1,404405,131823.9,0,1.0,-1,-0.8612,0.0892,0
2026-05-21 15:27:00,1346.9,1346.9,1346.4,1346.7,51283,1347.2333,1348.2964,1349.9477,-1,-1.1873,-1.1622,-0.025,-1,24.3328,12.9848,23.3581,34.9945,1,8.3333,5.8081,-0.089,1350.6438,1345.7762,1348.21,0.0036,0.1898,1.1299,1348.996,-1,353122,131556.5,0,0.4,-1,-0.8686,0.0817,1
2026-05-21 15:28:00,1346.5,1347.0,1346.5,1347.0,54883,1347.1867,1348.1785,1349.8321,-1,-1.1391,-1.1576,0.0185,1,24.4647,13.2157,22.5892,37.7185,0,20.6897,10.6844,-0.1038,1350.2811,1345.7889,1348.035,0.0033,0.2696,1.0849,1348.5256,-1,408005,102043.6,0,1.0,1,-0.8465,0.104,1
2026-05-21 15:29:00,1347.2,1349.0,1346.9,1349.0,27392,1347.5493,1348.2532,1349.7995,-1,-0.9289,-1.1119,0.183,1,23.4041,23.8454,19.6618,52.1224,0,89.6552,39.5594,0.1039,1349.8947,1346.0053,1347.95,0.0029,0.77,1.1575,1348.3743,1,435397,96818.6,0,0.8571,1,-0.6993,0.2527,1
2026-05-22 09:15:00,1351.0,1353.7,1349.1,1352.4,0,1348.5195,1348.6302,1349.9015,-1,-0.4824,-0.986,0.5036,1,25.1172,41.9712,14.982,66.3641,-1,82.1918,64.1789,0.2892,1350.7239,1345.4361,1348.08,0.0039,1.317,1.4105,1348.1817,1,435397,87262.3,0,0.3043,1,-0.449,0.5054,1
2026-05-22 09:16:00,1352.4,1353.9,1351.9,1353.5,74333,1349.5156,1349.0729,1350.0426,1,-0.0393,-0.7966,0.7573,1,26.7786,38.8269,13.5086,69.5227,-1,94.6667,88.8379,0.4602,1351.8102,1344.7698,1348.29,0.0052,1.24,1.4526,1348.2953,1,509730,83333.2,0,0.55,1,-0.3681,0.5871,0
2026-05-22 09:17:00,1353.2,1353.9,1352.6,1353.0,40100,1350.2125,1349.4299,1350.1586,1,0.2684,-0.5836,0.852,1,28.3214,36.3262,12.6385,66.4673,-1,88.0,88.2861,0.4454,1352.5526,1344.4174,1348.485,0.006,1.055,1.4417,1348.3442,1,469630,77590.65,0,0.1538,-1,-0.4049,0.5499,0
2026-05-22 09:18:00,1352.4,1353.0,1351.9,1352.6,41064,1350.69,1349.7181,1350.2543,1,0.4745,-0.372,0.8465,1,29.0028,34.3123,15.4658,64.0425,0,82.6667,88.4444,0.4157,1353.0792,1344.2108,1348.645,0.0066,0.946,1.4173,1348.3669,1,428566,73339.75,0,0.1818,1,-0.4343,0.5202,0
2026-05-22 09:19:00,1352.4,1352.5,1351.6,1352.5,46470,1351.052,1349.971,1350.3424,1,0.6226,-0.1731,0.7957,1,29.3236,32.5459,16.214,63.4196,0,81.3333,84.0,0.4083,1353.5974,1344.1426,1348.87,0.007,0.8839,1.3875,1348.4671,1,382096,67667.55,0,0.1111,1,-0.4417,0.5128,1
2026-05-22 09:20:00,1352.0,1354.0,1352.0,1353.1,61191,1351.4616,1350.2555,1350.4505,1,0.7794,0.0174,0.762,1,30.3137,36.7834,14.5956,65.5826,-1,88.1579,84.0526,0.4603,1354.1655,1344.0245,1349.095,0.0075,0.8949,1.4312,1348.7513,1,443287,59599.3,0,0.55,1,-0.3975,0.5574,1
2026-05-22 09:21:00,1353.1,1354.5,1353.0,1354.5,36713,1352.0693,1350.6413,1350.6093,1,1.0051,0.215,0.7901,1,31.4348,36.526,13.5067,70.035,-1,100.0,89.8304,0.5717,1354.9759,1343.8941,1349.435,0.0082,0.9571,1.4361,1348.971,1,480000,56201.4,0,0.9333,1,-0.2944,0.6614,1
2026-05-22 09:22:00,1354.7,1355.6,1354.1,1355.6,51195,1352.7754,1351.0921,1350.805,1,1.2582,0.4236,0.8346,1,32.882,39.2633,12.5022,72.9915,-1,100.0,96.0526,0.6609,1355.9223,1343.7177,1349.82,0.009,0.9736,1.4407,1349.3781,1,531195,53756.7,0,0.6,1,-0.2135,0.7432,1
2026-05-22 09:23:00,1355.0,1355.8,1354.6,1355.8,42747,1353.3803,1351.5201,1351.0009,1,1.4581,0.6305,0.8276,1,34.2957,37.9027,11.7494,73.5034,-1,100.0,100.0,0.6533,1356.7809,1343.5991,1350.19,0.0098,0.9256,1.4235,1349.6741,1,573942,53455.55,0,0.6667,1,-0.1987,0.758,0
2026-05-22 09:24:00,1355.8,1355.8,1353.7,1354.7,39312,1353.6443,1351.8092,1351.146,1,1.5103,0.8065,0.7039,1,34.6355,34.0399,14.9197,66.0849,-1,88.2979,96.0993,0.4225,1357.3024,1343.7876,1350.545,0.01,0.8074,1.4718,1349.942,1,534630,52807.25,0,0.5238,-1,-0.2797,0.6763,0
2026-05-22 09:25:00,1354.8,1355.2,1352.9,1353.4,28237,1353.5954,1351.9538,1351.2344,1,1.4303,0.9312,0.4991,1,34.1695,30.3872,17.0512,58.5623,0,74.4681,87.5887,0.0739,1357.5882,1343.9918,1350.79,0.0101,0.692,1.531,1350.2412,1,506393,48173.2,0,0.6087,-1,-0.3754,0.5797,1
2026-05-22 09:26:00,1353.1,1355.0,1353.1,1354.5,43329,1353.7763,1352.1853,1351.3624,1,1.4391,1.0328,0.4063,1,33.7369,27.7391,15.5652,62.4566,0,86.0215,82.9292,0.0739,1357.9334,1344.3666,1351.15,0.01,0.7469,1.5573,1350.6821,1,549722,45872.65,0,0.7368,1,-0.2944,0.6614,1
2026-05-22 09:27:00,1354.5,1357.8,1354.0,1357.7,43453,1354.5611,1352.6866,1351.611,1,1.6849,1.1632,0.5217,1,34.5781,35.0,13.1054,70.9961,-1,99.0826,86.5241,0.3474,1358.7564,1344.6136,1351.685,0.0105,0.9253,1.7175,1351.24,1,593175,44678.5,0,0.8421,1,-0.0589,0.8992,0
2026-05-22 09:28:00,1357.7,1357.7,1356.3,1356.7,26901,1354.9888,1353.0515,1351.8105,1,1.7785,1.2863,0.4922,1,35.3592,32.9349,12.3322,65.9479,-1,87.3563,90.8201,0.3031,1359.2201,1345.1199,1352.17,0.0104,0.8213,1.6949,1351.6314,1,566274,43793.75,0,0.7143,-1,-0.1325,0.8249,1
2026-05-22 09:29:00,1356.6,1357.7,1356.1,1356.8,36315,1355.3511,1353.3922,1352.0062,1,1.8395,1.3969,0.4426,1,35.8802,30.7052,12.3435,66.2067,-1,83.871,90.1033,0.3179,1359.5655,1345.7545,1352.66,0.0102,0.7998,1.6881,1352.1035,1,602589,43268.0,0,0.125,1,-0.1251,0.8323,1
2026-05-22 09:30:00,1356.7,1357.8,1356.3,1357.4,20243,1355.7609,1353.7566,1352.2177,1,1.9142,1.5004,0.4138,1,36.4069,29.1672,11.5538,67.7884,-1,93.5484,88.2586,0.3178,1359.8514,1346.5186,1353.185,0.0099,0.8161,1.6746,1352.6605,1,622832,40849.0,0,0.4667,1,-0.081,0.8769,0
2026-05-22 09:31:00,1357.4,1357.6,1354.5,1355.9,34189,1355.7887,1353.9514,1352.3621,1,1.8313,1.5666,0.2647,1,35.169,25.5316,17.3512,60.2022,0,69.3548,82.2581,0.1034,1359.7173,1347.5627,1353.64,0.009,0.6859,1.7765,1353.1767,1,588643,39967.5,0,0.4839,-1,-0.1914,0.7655,0
2026-05-22 09:32:00,1355.7,1355.8,1354.4,1354.5,20920,1355.531,1354.0013,1352.446,1,1.6337,1.58,0.0537,1,33.9345,23.9744,16.6995,54.1151,0,46.7742,69.8925,-0.0811,1359.2108,1348.8492,1354.03,0.0077,0.5454,1.7567,1353.6578,1,567723,38449.35,0,0.8571,-1,-0.2944,0.6614,0
2026-05-22 09:33:00,1354.4,1354.4,1353.1,1354.3,16481,1355.2848,1354.0285,1352.5187,1,1.4444,1.5529,-0.1085,-1,31.7544,22.5896,21.0986,53.2862,0,39.6552,51.9281,-0.1106,1358.4494,1350.3406,1354.395,0.006,0.4883,1.7312,1354.1767,1,551242,36529.25,0,0.0769,-1,-0.3092,0.6466,1
2026-05-22 09:34:00,1353.9,1355.9,1353.9,1355.9,18473,1355.4078,1354.1986,1352.6513,1,1.4072,1.5237,-0.1165,-1,30.6432,26.867,19.3767,58.7321,0,61.2245,49.218,0.0886,1357.9948,1351.4852,1354.74,0.0048,0.6782,1.7504,1354.4268,1,569715,36083.3,0,1.0,1,-0.1914,0.7655,1
2026-05-22 09:35:00,1356.0,1356.8,1355.4,1356.4,14930,1355.6062,1354.3987,1352.7983,1,1.402,1.4994,-0.0974,-1,30.0829,29.0357,18.2536,60.29,0,71.4286,57.4361,0.2217,1358.0848,1351.7952,1354.94,0.0046,0.7321,1.7254,1354.4627,1,584645,36829.8,0,0.2857,1,-0.1546,0.8026,0
2026-05-22 09:36:00,1356.3,1356.7,1354.4,1355.0,17628,1355.485,1354.4534,1352.8846,1,1.2702,1.4535,-0.1834,-1,28.807,26.3352,20.5996,54.1282,0,42.8571,58.5034,0.0369,1358.0896,1351.9404,1355.015,0.0045,0.4976,1.7664,1354.6351,1,567017,33994.55,0,0.5652,-1,-0.2576,0.6986,1
2026-05-22 09:37:00,1355.0,1356.3,1354.8,1355.7,28014,1355.528,1354.5667,1352.995,1,1.2083,1.4045,-0.1962,-1,27.6223,24.7205,19.3365,56.5209,0,57.1429,57.1429,-0.1473,1358.0931,1352.2069,1355.15,0.0043,0.5934,1.7474,1354.7638,1,595031,33390.25,0,0.4667,1,-0.2061,0.7506,1
2026-05-22 09:38:00,1355.3,1356.4,1355.3,1356.3,20481,1355.6824,1354.7243,1353.1246,1,1.1939,1.3624,-0.1685,-1,26.5842,23.9986,18.4435,58.5183,0,69.3878,56.4626,-0.0295,1358.0716,1352.5984,1355.335,0.004,0.6763,1.7012,1354.9465,1,615512,32361.1,0,0.9091,1,-0.1619,0.7952,0
2026-05-22 09:39:00,1356.2,1356.2,1354.8,1355.0,12969,1355.5459,1354.7494,1353.1982,1,1.0653,1.303,-0.2376,-1,25.2117,22.4742,19.3892,52.8531,0,40.4255,55.652,-0.1327,1357.8769,1353.0431,1355.46,0.0036,0.4048,1.6868,1355.1627,-1,602543,30686.05,0,0.8571,-1,-0.2576,0.6986,0
2026-05-22 09:40:00,1355.0,1355.0,1354.1,1354.2,10376,1355.2767,1354.6994,1353.2375,1,0.8886,1.2201,-0.3315,-1,23.4278,21.5882,21.6912,49.6665,0,23.4043,44.4058,-0.2357,1357.7585,1353.2715,1355.515,0.0033,0.2069,1.6306,1355.3807,-1,592167,28145.3,0,0.8889,-1,-0.3165,0.6391,1
2026-05-22 09:41:00,1354.2,1354.6,1353.4,1354.3,14649,1355.0814,1354.6631,1353.2791,1,0.748,1.1257,-0.3777,-1,22.2766,20.4316,23.6544,50.0717,0,25.5319,29.7872,-0.118,1357.7682,1353.2418,1355.505,0.0033,0.2338,1.5998,1355.4397,-1,606816,27042.1,0,0.0833,1,-0.3092,0.6466,1
2026-05-22 09:42:00,1354.7,1354.8,1353.9,1354.5,15719,1354.9651,1354.6483,1353.327,1,0.6453,1.0296,-0.3843,-1,21.0439,20.5059,22.6732,50.9227,0,29.7872,26.2411,0.0,1357.7543,1353.1457,1355.45,0.0034,0.2939,1.5499,1355.4418,-1,622535,25268.3,0,0.2222,-1,-0.2944,0.6614,1
2026-05-22 09:43:00,1354.6,1354.9,1353.8,1354.9,17926,1354.9521,1354.6712,1353.3887,1,0.5894,0.9416,-0.3522,-1,19.8993,19.4443,21.4994,52.6606,0,38.2979,31.2057,0.0443,1357.7154,1353.0946,1355.405,0.0034,0.3907,1.5177,1355.4116,-1,640461,24027.25,0,0.2727,1,-0.265,0.6911,0
2026-05-22 09:44:00,1355.0,1355.0,1353.9,1353.9,20567,1354.7417,1354.6011,1353.4088,1,0.4591,0.8451,-0.386,-1,18.7448,18.8975,20.3641,48.0771,0,17.7778,28.621,-0.1475,1357.7493,1352.9807,1355.365,0.0035,0.1928,1.4879,1355.4184,-1,619894,23090.0,0,1.0,-1,-0.3386,0.6168,0
2026-05-22 09:45:00,1353.5,1354.1,1352.9,1353.0,16585,1354.3933,1354.4555,1353.3927,-1,0.28,0.732,-0.4521,-1,18.4727,17.7936,24.0425,44.3368,0,2.5641,19.5466,-0.2507,1357.8006,1352.8894,1355.345,0.0036,0.0225,1.4673,1355.441,-1,603309,22507.4,0,0.4167,-1,-0.4049,0.5499,0
2026-05-22 09:46:00,1353.0,1353.7,1352.1,1352.1,11301,1353.9347,1354.2414,1353.342,-1,0.0646,0.5986,-0.5339,-1,18.7737,16.4166,26.0513,40.9093,0,0.0,6.7806,-0.214,1358.042,1352.408,1355.225,0.0042,-0.0547,1.4768,1355.4937,-1,592008,20906.0,0,0.5625,-1,-0.4711,0.4831,1
2026-05-22 09:47:00,1352.5,1353.5,1352.1,1353.2,7952,1353.7877,1354.1467,1353.3365,-1,-0.017,0.4754,-0.4925,-1,19.0533,15.3008,24.2807,46.3666,0,23.4043,8.6561,-0.1844,1357.707,1352.293,1355.0,0.004,0.1675,1.4713,1355.3262,-1,599960,19130.95,0,0.5,1,-0.3901,0.5648,0
2026-05-22 09:48:00,1353.3,1353.5,1352.2,1352.6,18401,1353.5502,1354.0061,1353.3076,-1,-0.1287,0.3546,-0.4833,-1,19.3128,14.3271,22.7354,43.9806,0,10.6383,11.3475,-0.2728,1357.576,1352.014,1354.795,0.0041,0.1054,1.4591,1355.0872,-1,581559,18705.95,0,0.5385,-1,-0.4343,0.5202,0
2026-05-22 09:49:00,1352.5,1352.8,1351.8,1352.0,10367,1353.2402,1353.8237,1353.2563,-1,-0.2626,0.2312,-0.4938,-1,19.8511,13.6096,23.6,41.6713,0,4.0816,12.7081,-0.2214,1357.4294,1351.6806,1354.555,0.0042,0.0556,1.4263,1354.8156,-1,571192,17408.55,0,0.5,-1,-0.4785,0.4756,1
2026-05-22 09:50:00,1352.0,1353.2,1351.5,1353.1,14571,1353.2121,1353.7579,1353.2502,-1,-0.2767,0.1296,-0.4063,-1,19.8544,14.4427,21.618,47.1502,0,32.6531,15.791,-0.0812,1356.9633,1351.7167,1354.34,0.0039,0.2637,1.4458,1354.5824,-1,585763,17124.95,0,0.6471,1,-0.3975,0.5574,1
2026-05-22 09:51:00,1352.8,1353.6,1352.5,1353.2,16934,1353.2097,1353.7072,1353.2482,-1,-0.2767,0.0483,-0.325,-1,19.3803,15.6547,20.4228,47.6318,0,34.6939,23.8095,-0.0812,1356.7705,1351.6395,1354.205,0.0038,0.3041,1.4211,1354.3562,-1,602697,16262.2,0,0.3636,1,-0.3901,0.5648,1
2026-05-22 09:52:00,1353.6,1354.5,1353.1,1354.5,33783,1353.4678,1353.7793,1353.2973,-1,-0.1698,0.0047,-0.1745,-1,18.014,19.0803,18.9842,53.5566,0,63.8298,43.7256,0.0,1356.7705,1351.6395,1354.205,0.0038,0.5575,1.4196,1354.2903,1,636480,16905.35,1,0.6429,1,-0.2944,0.6614,0
2026-05-22 09:53:00,1354.5,1355.0,1353.2,1354.0,21599,1353.5742,1353.7993,1353.3249,-1,-0.124,-0.021,-0.103,-1,17.2188,19.8532,17.2971,51.1592,0,71.4286,56.6507,-0.0664,1356.7566,1351.6234,1354.19,0.0038,0.463,1.4468,1354.2933,-1,614881,17161.25,0,0.2778,-1,-0.3312,0.6243,1
2026-05-22 09:54:00,1354.2,1354.4,1353.0,1354.2,19911,1353.6994,1353.8358,1353.3592,-1,-0.0708,-0.031,-0.0398,-1,16.2679,18.4778,17.0885,52.0832,0,77.1429,70.8004,0.0222,1356.5492,1351.6608,1354.105,0.0036,0.5194,1.4435,1354.2183,-1,634792,17233.15,0,0.0,1,-0.3165,0.6391,0
2026-05-22 09:55:00,1354.1,1354.3,1353.3,1353.8,7291,1353.7195,1353.8325,1353.3765,-1,-0.0602,-0.0368,-0.0233,-1,15.3849,17.5429,16.2239,50.044,0,65.7143,71.4286,0.0591,1356.1821,1351.7679,1353.975,0.0033,0.4604,1.4118,1354.1215,-1,627501,16851.2,0,0.3,-1,-0.346,0.6094,1
2026-05-22 09:56:00,1353.8,1355.0,1353.4,1354.6,12072,1353.8956,1353.9023,1353.4244,-1,0.0127,-0.0269,0.0396,1,15.2616,19.6444,14.9229,53.9291,0,88.5714,77.1429,0.1849,1356.1317,1351.7783,1353.955,0.0032,0.6482,1.4252,1354.063,1,639573,16573.4,0,0.5,1,-0.2871,0.6688,1
2026-05-22 09:57:00,1354.7,1356.0,1353.7,1355.8,17698,1354.2765,1354.0748,1353.5176,1,0.1653,0.0115,0.1538,1,15.98,22.2764,13.275,59.0708,0,95.5556,83.2804,0.1921,1356.1531,1351.7669,1353.96,0.0032,0.9195,1.4877,1353.9897,1,657271,16057.6,0,0.4783,1,-0.1987,0.758,1
2026-05-22 09:58:00,1355.8,1356.5,1355.2,1356.4,14560,1354.7012,1354.2862,1353.6306,1,0.3309,0.0754,0.2555,1,17.0087,23.2958,12.4389,61.3911,0,98.0,94.0423,0.2809,1356.1797,1351.7503,1353.965,0.0033,1.0497,1.4743,1353.9535,1,671831,15761.55,0,0.4615,1,-0.1546,0.8026,0
2026-05-22 09:59:00,1356.5,1356.7,1356.0,1356.1,13151,1354.9809,1354.4511,1353.7275,1,0.4329,0.1469,0.286,1,18.1051,23.4817,12.0006,59.5726,0,88.4615,94.0057,0.3033,1356.3844,1351.6556,1354.02,0.0035,0.9399,1.419,1353.9932,1,658680,15770.65,0,0.5714,-1,-0.1767,0.7803,0
2026-05-22 10:00:00,1356.1,1356.5,1355.0,1355.5,10412,1355.0848,1354.5464,1353.797,1,0.46,0.2095,0.2505,1,17.8701,21.7159,16.1115,55.9999,0,76.9231,87.7949,0.1774,1356.5355,1351.6345,1354.085,0.0036,0.7887,1.4248,1354.034,1,648268,15772.45,0,0.4,-1,-0.2208,0.7357,1
2026-05-22 10:01:00,1355.5,1356.0,1355.5,1355.7,8150,1355.2078,1354.6513,1353.8716,1,0.492,0.266,0.226,1,17.6519,21.145,15.688,56.9272,0,80.7692,82.0513,0.1847,1356.7041,1351.6059,1354.155,0.0038,0.803,1.3587,1354.0757,1,656418,15447.5,0,0.4,1,-0.2061,0.7506,1
2026-05-22 10:02:00,1355.8,1356.5,1355.7,1356.2,20334,1355.4062,1354.7921,1353.9629,1,0.5513,0.3231,0.2282,1,17.8836,22.9369,15.0082,59.2399,0,90.3846,82.6923,0.1255,1356.9384,1351.5416,1354.24,0.004,0.8632,1.3188,1354.1928,1,676752,15678.25,0,0.5,1,-0.1693,0.7878,0
2026-05-22 10:03:00,1356.1,1356.5,1355.5,1355.8,9843,1355.485,1354.8837,1354.035,1,0.5596,0.3704,0.1892,1,17.8411,21.6728,15.2833,56.6207,0,82.6923,84.6154,0.1329,1357.055,1351.515,1354.285,0.0041,0.7735,1.296,1354.2289,1,666909,15274.1,0,0.3,-1,-0.1987,0.758,0
2026-05-22 10:04:00,1355.8,1356.4,1354.3,1354.6,17760,1355.308,1354.8579,1354.0571,1,0.464,0.3891,0.0749,1,16.6855,19.2709,19.9225,49.5438,0,50.0,74.359,0.0295,1357.0874,1351.5526,1354.32,0.0041,0.5506,1.3535,1354.2775,1,649149,15133.75,0,0.5714,-1,-0.2871,0.6688,0
2026-05-22 10:05:00,1354.8,1354.8,1353.8,1354.0,12372,1355.0464,1354.7799,1354.0549,1,0.3359,0.3785,-0.0425,-1,16.0873,18.2345,21.54,46.4196,0,27.027,53.2398,0.0148,1357.0756,1351.6644,1354.37,0.004,0.4316,1.3282,1354.3267,-1,636777,14923.1,0,0.8,-1,-0.2725,0.6243,1
2026-05-22 10:06:00,1354.3,1354.6,1354.0,1354.5,4322,1354.9371,1354.7545,1354.0723,1,0.2716,0.3571,-0.0854,-1,15.5318,17.6222,20.8166,49.2894,0,40.5405,39.1892,-0.0074,1356.9871,1351.9929,1354.49,0.0037,0.502,1.2762,1354.393,1,641099,14574.15,0,0.3333,1,-0.2357,0.6614,0
2026-05-22 10:07:00,1354.5,1354.8,1354.3,1354.5,3093,1354.8497,1354.7314,1354.0891,1,0.2182,0.3293,-0.1111,-1,14.7808,18.2769,20.2076,49.2894,0,40.5405,36.036,-0.0959,1356.9811,1352.1289,1354.555,0.0036,0.4887,1.2208,1354.435,1,644192,14331.2,0,0.0,1,-0.2357,0.6614,1
2026-05-22 10:08:00,1354.7,1355.4,1354.4,1355.2,18963,1354.9198,1354.774,1354.1327,1,0.2297,0.3094,-0.0797,-1,14.0376,20.7501,19.0098,53.3465,0,55.8824,45.6545,-0.0885,1356.9515,1352.4185,1354.685,0.0033,0.6136,1.205,1354.5792,1,663155,14359.3,0,0.5,1,-0.1841,0.7134,1
2026-05-22 10:09:00,1355.1,1355.7,1354.7,1355.6,14436,1355.0558,1354.8491,1354.1902,1,0.268,0.3011,-0.0331,-1,13.6615,21.3052,17.8691,55.5357,0,66.6667,54.3632,-0.0369,1356.7971,1352.9329,1354.865,0.0029,0.6902,1.1903,1354.7013,1,677591,14562.75,0,0.5,1,-0.1547,0.7432,0
2026-05-22 10:10:00,1355.6,1356.0,1355.2,1355.3,7896,1355.1046,1354.89,1354.2337,1,0.271,0.2951,-0.0241,-1,13.6195,22.1012,16.9907,53.5077,0,53.3333,58.6275,-0.0148,1356.7355,1353.2145,1354.975,0.0026,0.5923,1.1625,1354.831,1,669695,14229.0,0,0.375,-1,-0.1768,0.7209,1
2026-05-22 10:11:00,1355.3,1356.0,1355.0,1355.4,5087,1355.1637,1354.9364,1354.2795,1,0.2782,0.2917,-0.0135,-1,13.316,20.7295,17.1775,54.1093,0,55.1724,58.3908,-0.0221,1356.6525,1353.5175,1355.085,0.0023,0.6005,1.1509,1354.9503,1,674782,13636.65,0,0.1,1,-0.1694,0.7283,0
2026-05-22 10:12:00,1355.4,1355.6,1354.8,1355.2,8527,1355.171,1354.9604,1354.3156,1,0.2648,0.2863,-0.0216,-1,12.768,19.6773,17.5745,52.6422,0,48.2759,52.2605,-0.0737,1356.6648,1353.5752,1355.12,0.0023,0.5259,1.1258,1355.0841,1,666255,12373.85,0,0.25,-1,-0.1841,0.7134,0
2026-05-22 10:13:00,1355.3,1355.6,1354.6,1354.9,6244,1355.1168,1354.9549,1354.3385,1,0.2273,0.2745,-0.0472,-1,11.9922,18.4188,17.7296,50.4334,0,40.7407,48.063,-0.0664,1356.6269,1353.7031,1355.165,0.0022,0.4094,1.1168,1355.1774,-1,660011,11606.1,0,0.4,-1,-0.2062,0.6911,1
2026-05-22 10:14:00,1355.3,1355.3,1354.5,1355.2,5053,1355.1334,1354.9772,1354.3723,1,0.2192,0.2635,-0.0442,-1,11.1357,17.4569,17.4565,52.5763,0,51.8519,46.9562,0.0443,1356.6082,1353.8218,1355.215,0.0021,0.4946,1.0942,1355.2934,-1,665064,10863.2,0,0.125,-1,-0.1841,0.7134,0
2026-05-22 10:15:00,1355.0,1355.3,1354.5,1354.7,2728,1355.0467,1354.952,1354.3851,1,0.1706,0.2449,-0.0743,-1,10.3404,16.5274,16.527,48.7903,0,33.3333,41.9753,0.0517,1356.5192,1354.0008,1355.26,0.0019,0.2776,1.0732,1355.3387,-1,662336,10635.05,0,0.375,-1,-0.221,0.6763,0
2026-05-22 10:16:00,1354.4,1354.6,1353.0,1353.3,18430,1354.6974,1354.8018,1354.3426,-1,0.0188,0.1997,-0.1808,-1,11.3548,14.7322,24.3158,40.086,0,8.5714,31.2522,-0.0886,1356.695,1353.695,1355.195,0.0022,-0.1317,1.1179,1355.2506,-1,643906,10952.95,1,0.6875,-1,-0.3241,0.5722,1
2026-05-22 10:17:00,1353.3,1353.9,1353.3,1353.9,4764,1354.5379,1354.7198,1354.3252,-1,-0.0524,0.1492,-0.2017,-1,12.2969,14.1481,23.3517,44.644,0,26.4706,22.7918,-0.0443,1356.6735,1353.5265,1355.1,0.0023,0.1187,1.0809,1355.222,-1,648670,10306.25,0,1.0,1,-0.2799,0.6168,0
2026-05-22 10:18:00,1353.8,1353.9,1353.5,1353.7,7535,1354.3703,1354.6271,1354.3007,-1,-0.1236,0.0947,-0.2183,-1,13.1716,13.7565,22.7054,43.4572,0,23.3333,19.4585,-0.1107,1356.5325,1353.3975,1354.965,0.0023,0.0965,1.0323,1355.1051,-1,641135,9955.0,0,0.25,-1,-0.2946,0.602,0
2026-05-22 10:19:00,1353.2,1353.2,1352.5,1352.5,11733,1353.9963,1354.4337,1354.2301,-1,-0.2737,0.021,-0.2947,-1,14.8984,12.6274,27.6817,37.0869,0,0.0,16.6013,-0.2287,1356.5975,1352.9725,1354.785,0.0027,-0.1304,1.0443,1354.887,-1,629402,9884.1,0,1.0,-1,-0.383,0.5128,1
2026-05-22 10:20:00,1352.8,1353.1,1352.5,1352.9,9388,1353.777,1354.2943,1354.1779,-1,-0.3563,-0.0545,-0.3018,-1,16.5019,12.093,26.5101,40.232,0,11.4286,11.5873,-0.1771,1356.611,1352.699,1354.655,0.0029,0.0514,1.0126,1354.7477,-1,638790,9832.9,0,0.1667,1,-0.3535,0.5425,1
2026-05-22 10:21:00,1353.2,1353.8,1353.0,1353.4,3917,1353.7016,1354.213,1354.1474,-1,-0.377,-0.119,-0.258,-1,16.803,16.2966,24.8135,44.0005,0,25.7143,12.381,-0.1476,1356.5071,1352.5729,1354.54,0.0029,0.2102,1.0045,1354.6785,-1,642707,9621.25,0,0.25,1,-0.3167,0.5797,1
2026-05-22 10:22:00,1353.5,1354.1,1353.4,1354.0,8186,1353.7613,1354.1936,1354.1416,-1,-0.3411,-0.1634,-0.1777,-1,16.6262,17.6479,23.5511,48.2197,0,42.8571,26.6667,-0.0885,1356.2544,1352.6056,1354.43,0.0027,0.3822,0.9828,1354.4761,-1,650893,9013.85,0,0.7143,1,-0.2725,0.6243,1
2026-05-22 10:23:00,1354.0,1355.5,1353.5,1354.1,25060,1353.829,1354.1851,1354.14,-1,-0.3011,-0.1909,-0.1102,-1,16.1309,24.734,20.3633,48.9106,0,45.7143,38.0952,-0.059,1356.0614,1352.6286,1354.345,0.0025,0.4286,1.0554,1354.3887,-1,675953,9774.7,1,0.05,1,-0.2652,0.6317,0
2026-05-22 10:24:00,1354.1,1354.8,1353.8,1353.9,6743,1353.8432,1354.1592,1354.1306,-1,-0.2823,-0.2092,-0.0731,-1,15.671,23.0538,18.98,47.5442,0,40.0,42.8571,-0.0959,1356.0327,1352.5873,1354.31,0.0025,0.381,1.0515,1354.3121,-1,669210,9223.85,0,0.2,-1,-0.2799,0.6168,1
2026-05-22 10:25:00,1354.0,1354.8,1353.5,1354.1,11645,1353.8946,1354.1538,1354.1294,-1,-0.2484,-0.217,-0.0313,-1,14.8551,21.0517,19.3358,49.0763,0,51.6129,45.7757,-0.0443,1356.0346,1352.5954,1354.315,0.0025,0.4375,1.0692,1354.3083,-1,680855,9187.5,0,0.0769,1,-0.2652,0.6317,0
2026-05-22 10:26:00,1354.6,1354.6,1353.4,1353.6,8763,1353.8357,1354.1035,1354.1086,-1,-0.2588,-0.2254,-0.0335,-1,13.9672,19.3787,18.4614,45.4987,0,35.4839,42.3656,0.0222,1356.0148,1352.5252,1354.27,0.0026,0.308,1.0786,1354.2864,-1,672092,9409.55,0,0.8333,-1,-0.302,0.5945,1
2026-05-22 10:27:00,1354.0,1354.6,1353.7,1354.0,8003,1353.8685,1354.0941,1354.1044,-1,-0.2322,-0.2268,-0.0054,-1,13.1427,18.0886,17.2324,48.7193,0,50.0,45.6989,0.0074,1355.9903,1352.4997,1354.245,0.0026,0.4298,1.0729,1354.2747,-1,680095,9655.05,0,0.0,1,-0.2725,0.6243,0
2026-05-22 10:28:00,1354.2,1354.4,1354.0,1354.0,15063,1353.8948,1354.0855,1354.1003,-1,-0.2087,-0.2231,0.0145,1,12.377,17.5843,16.752,48.7193,0,50.0,45.1613,0.0222,1355.8765,1352.4935,1354.185,0.0025,0.4453,1.0249,1354.1908,-1,695158,9460.05,1,0.5,-1,-0.2725,0.6243,0
2026-05-22 10:29:00,1354.0,1354.0,1353.3,1353.5,10709,1353.8159,1354.0323,1354.0767,-1,-0.2278,-0.2241,-0.0037,-1,12.2907,16.7066,20.9074,44.875,0,33.3333,44.4444,0.0739,1355.6644,1352.4956,1354.08,0.0023,0.317,1.0017,1354.0677,-1,684449,9273.7,0,0.7143,-1,-0.3093,0.5871,0
2026-05-22 10:30:00,1353.5,1354.3,1353.4,1353.4,11312,1353.7327,1353.9748,1354.0502,-1,-0.2481,-0.2289,-0.0192,-1,11.7523,17.7814,19.5558,44.125,0,30.0,37.7778,0.037,1355.4914,1352.4786,1353.985,0.0022,0.3058,0.9944,1353.9858,-1,673137,9444.5,0,0.1111,-1,-0.3167,0.5797,1
2026-05-22 10:31:00,1353.8,1354.2,1353.4,1353.5,2050,1353.6862,1353.9316,1354.0286,-1,-0.2532,-0.2337,-0.0195,-1,11.2523,16.7452,18.4162,45.1129,0,33.3333,32.2222,0.0074,1355.261,1352.519,1353.89,0.002,0.3578,0.9805,1353.9421,-1,675187,9292.65,0,0.375,-1,-0.3093,0.5871,1
2026-05-22 10:32:00,1353.8,1353.9,1353.0,1353.8,7115,1353.7089,1353.9197,1354.0197,-1,-0.2304,-0.2331,0.0027,1,11.3454,15.6408,20.1327,48.0784,0,43.3333,35.5556,-0.0148,1355.0522,1352.5878,1353.82,0.0018,0.4919,0.9748,1353.8695,-1,682302,9222.05,0,0.0,1,-0.2873,0.6094,0
2026-05-22 10:33:00,1353.7,1354.0,1353.4,1353.8,4093,1353.7271,1353.9088,1354.011,-1,-0.2099,-0.2284,0.0185,1,11.2584,15.6872,19.2225,48.0784,0,43.3333,40.0,-0.0222,1354.8933,1352.6367,1353.765,0.0017,0.5155,0.948,1353.8266,-1,686395,9114.5,0,0.1667,1,-0.2873,0.6094,0
2026-05-22 10:34:00,1353.9,1354.0,1353.4,1353.4,2690,1353.6617,1353.8625,1353.9871,-1,-0.2234,-0.2274,0.004,1,11.1776,14.9589,18.3301,44.3712,0,16.0,34.2222,-0.0369,1354.5999,1352.7501,1353.675,0.0014,0.3513,0.9231,1353.7902,-1,683705,8996.35,0,0.8333,-1,-0.3167,0.5797,1
2026-05-22 10:35:00,1353.5,1353.7,1353.0,1353.6,5561,1353.6494,1353.8387,1353.9719,-1,-0.2154,-0.225,0.0096,1,11.6868,14.1345,20.4693,46.5888,0,24.0,27.7778,-0.0369,1354.4165,1352.8235,1353.62,0.0012,0.4874,0.9072,1353.7638,-1,689266,9138.0,0,0.1429,1,-0.302,0.5945,1
2026-05-22 10:36:00,1353.6,1353.9,1353.1,1353.8,10818,1353.6795,1353.8352,1353.9652,-1,-0.1908,-0.2182,0.0274,1,11.7649,14.8247,19.169,48.7874,0,32.0,24.0,0.0148,1354.4311,1352.8589,1353.645,0.0012,0.5986,0.8995,1353.7674,1,700084,8757.4,0,0.25,1,-0.2873,0.6094,0
2026-05-22 10:37:00,1353.8,1353.8,1353.2,1353.5,4354,1353.6436,1353.8047,1353.9469,-1,-0.1932,-0.2132,0.02,1,11.8373,14.1012,18.2335,45.7456,0,27.7778,27.9259,-0.0369,1354.4044,1352.8456,1353.625,0.0012,0.4198,0.8782,1353.7626,-1,695730,8736.9,0,0.5,-1,-0.3093,0.5871,1
2026-05-22 10:38:00,1353.8,1354.0,1353.0,1353.8,16917,1353.6749,1353.8043,1353.9412,-1,-0.169,-0.2044,0.0353,1,11.9047,12.9655,16.7649,49.1593,0,44.4444,34.7407,-0.0148,1354.4126,1352.8474,1353.63,0.0012,0.6086,0.8869,1353.7502,1,712647,9206.0,1,0.0,1,-0.2873,0.5496,0
2026-05-22 10:39:00,1353.8,1353.9,1353.0,1353.7,11082,1353.6799,1353.7948,1353.9317,-1,-0.1561,-0.1947,0.0386,1,11.9672,12.0266,15.551,48.0735,0,43.75,38.6574,0.0148,1354.2762,1353.1038,1353.69,0.0009,0.5085,0.8878,1353.8022,-1,701565,9173.45,0,0.1111,-1,-0.2946,0.5422,1
2026-05-22 10:40:00,1353.7,1354.0,1353.3,1354.0,10359,1353.7439,1353.8134,1353.9344,-1,-0.1203,-0.1798,0.0595,1,11.7798,12.1558,14.6617,51.5322,0,62.5,50.2315,0.0443,1354.2203,1353.2697,1353.745,0.0007,0.7683,0.8744,1353.8495,1,711924,9222.0,0,0.4286,1,-0.2725,0.5645,1
2026-05-22 10:41:00,1354.1,1354.6,1353.9,1354.2,13569,1353.8351,1353.8486,1353.9448,-1,-0.0749,-0.1588,0.084,1,11.5554,16.4229,13.8112,53.7442,0,75.0,60.4167,0.0517,1354.2719,1353.2981,1353.785,0.0007,0.9261,0.8619,1353.8854,1,725493,9704.6,0,0.1429,1,-0.2578,0.5793,1
2026-05-22 10:42:00,1353.8,1354.8,1353.8,1354.5,8127,1353.9681,1353.9078,1353.9666,1,-0.0145,-0.13,0.1154,1,11.7108,16.716,12.6796,56.9202,0,83.3333,73.6111,0.0517,1354.3824,1353.2376,1353.81,0.0008,1.1028,0.8718,1353.9077,1,733620,9701.65,0,0.7,1,-0.2357,0.6016,1
2026-05-22 10:43:00,1354.6,1355.1,1354.0,1355.0,25564,1354.1745,1354.0071,1354.0071,1,0.0728,-0.0894,0.1622,1,12.3642,17.65,11.5578,61.6468,0,95.2381,84.5238,0.0886,1354.6204,1353.0896,1353.855,0.0011,1.2479,0.8881,1353.9527,1,759184,9726.85,1,0.3636,1,-0.1989,0.6387,0
2026-05-22 10:44:00,1355.2,1355.2,1354.0,1355.0,40093,1354.3396,1354.0974,1354.046,1,0.1404,-0.0435,0.1839,1,13.1337,16.7728,10.4696,61.6468,0,90.9091,89.8268,0.1182,1354.8241,1352.9959,1353.91,0.0014,1.0962,0.9104,1354.0837,1,799277,11394.35,1,0.1667,-1,-0.1989,0.6163,1
2026-05-22 10:45:00,1355.1,1355.5,1354.6,1355.2,8944,1354.5117,1354.1976,1354.0913,1,0.2077,0.0068,0.2009,1,14.3157,17.9432,9.7297,63.5044,0,88.0,91.3824,0.1182,1355.037,1352.893,1353.965,0.0016,1.076,0.9096,1354.1215,1,808221,11259.3,0,0.1111,1,-0.1841,0.6312,1
2026-05-22 10:46:00,1355.4,1355.5,1354.8,1355.5,8475,1354.7093,1354.316,1354.1465,1,0.282,0.0618,0.2202,1,15.4132,16.9404,9.1859,66.1526,-1,100.0,92.9697,0.1256,1355.308,1352.812,1354.06,0.0018,1.0769,0.8947,1354.1746,1,816696,11244.9,0,0.1429,1,-0.162,0.6534,1
2026-05-22 10:47:00,1355.5,1355.7,1355.1,1355.6,6993,1354.8875,1354.4327,1354.2035,1,0.345,0.1185,0.2265,1,16.7425,17.7446,8.7353,67.0119,-1,96.2963,94.7654,0.1552,1355.5562,1352.7238,1354.14,0.0021,1.0155,0.8736,1354.2176,1,823689,11194.4,0,0.1667,1,-0.1547,0.6609,0
2026-05-22 10:48:00,1355.3,1355.7,1355.0,1355.0,11660,1354.91,1354.4843,1354.2348,1,0.3426,0.1633,0.1793,1,17.6687,16.7143,9.0575,57.5686,0,74.0741,90.1235,0.0886,1355.6527,1352.7273,1354.19,0.0022,0.7769,0.8612,1354.2771,1,812029,11024.25,0,0.4286,-1,-0.1989,0.6163,0
2026-05-22 10:49:00,1354.8,1354.8,1354.1,1354.5,33024,1354.828,1354.4857,1354.2452,1,0.2968,0.19,0.1068,1,16.4874,15.4707,15.8242,51.1054,0,55.5556,75.3086,0.0591,1355.673,1352.807,1354.24,0.0021,0.5907,0.864,1354.3328,1,779005,12140.0,1,0.4286,-1,-0.2357,0.5792,0
2026-05-22 10:50:00,1354.6,1354.7,1354.0,1354.0,2808,1354.6624,1354.4416,1354.2355,1,0.2178,0.1955,0.0222,1,15.5857,14.5631,15.734,45.593,0,37.037,55.5556,0.0,1355.6558,1352.8842,1354.27,0.002,0.4026,0.8523,1354.3621,-1,776197,11714.8,0,0.8571,-1,-0.2725,0.5421,1
2026-05-22 10:51:00,1354.3,1354.9,1354.1,1354.9,11759,1354.7099,1354.4832,1354.2616,1,0.2251,0.2015,0.0237,1,14.6136,15.1385,14.5519,55.0017,0,70.3704,54.321,0.0517,1355.7044,1352.9756,1354.34,0.002,0.7052,0.8557,1354.3808,1,787956,12200.25,0,0.75,1,-0.2062,0.6089,1
2026-05-22 10:52:00,1354.7,1356.0,1354.4,1356.0,34260,1354.9679,1354.6211,1354.3298,1,0.3161,0.2244,0.0917,1,15.4602,21.8801,12.722,63.345,0,100.0,69.1358,0.1107,1355.9686,1352.9314,1354.45,0.0022,1.0104,0.9088,1354.5393,1,822216,13557.5,1,0.8125,1,-0.1252,0.6906,0
2026-05-22 10:53:00,1355.8,1355.8,1354.4,1355.0,11493,1354.9743,1354.6556,1354.3561,1,0.3039,0.2403,0.0636,1,16.2464,19.2704,11.2047,53.6129,0,62.963,77.7778,0.0,1356.0159,1353.0041,1354.51,0.0022,0.6627,0.9582,1354.5729,1,810723,13927.5,0,0.5714,-1,-0.1989,0.6163,0
2026-05-22 10:54:00,1355.0,1355.5,1354.7,1355.0,12051,1354.9795,1354.6869,1354.3813,1,0.291,0.2504,0.0405,1,16.9765,18.1075,10.5285,53.6129,0,54.5455,72.5028,0.0,1356.0195,1353.1605,1354.59,0.0021,0.6434,0.9469,1354.6027,1,822774,14395.55,0,0.0,1,-0.1989,0.6163,1
2026-05-22 10:55:00,1355.2,1355.6,1355.0,1355.4,13500,1355.0636,1354.7517,1354.4213,1,0.3094,0.2622,0.0472,1,17.7992,18.0406,10.0392,56.6991,0,72.7273,63.4119,0.0148,1356.0751,1353.2849,1354.68,0.0021,0.758,0.9221,1354.658,1,836274,14792.5,0,0.3333,1,-0.1694,0.646,1
2026-05-22 10:56:00,1355.5,1355.7,1354.9,1355.7,22168,1355.1909,1354.8379,1354.4714,1,0.3443,0.2786,0.0656,1,18.7106,17.6939,9.4111,58.9073,0,85.0,70.7576,0.0148,1356.1762,1353.3738,1354.775,0.0021,0.8301,0.9134,1354.7512,1,858442,15360.0,0,0.25,1,-0.1473,0.6683,1
2026-05-22 10:57:00,1355.5,1356.6,1355.5,1356.4,15034,1355.4327,1354.9799,1354.547,1,0.4235,0.3076,0.1159,1,20.6407,23.1306,8.6132,63.5749,0,92.3077,83.345,0.059,1356.3631,1353.4769,1354.92,0.0021,1.0128,0.9267,1354.8353,1,873476,15894.0,0,0.8182,1,-0.0958,0.7203,0
2026-05-22 10:58:00,1356.6,1357.3,1356.1,1356.4,17647,1355.6262,1355.109,1354.6197,1,0.4807,0.3422,0.1385,1,23.0328,26.3194,7.833,63.5749,0,72.7273,83.345,0.1033,1356.5339,1353.5661,1355.05,0.0022,0.9549,0.9463,1354.9986,1,891123,15930.5,0,0.1667,-1,-0.0958,0.7203,1
2026-05-22 10:59:00,1356.6,1357.3,1356.1,1357.1,8790,1355.9209,1355.29,1354.717,1,0.5759,0.389,0.187,1,25.2539,23.9801,7.1368,67.8149,-1,93.9394,86.3248,0.192,1356.8207,1353.6193,1355.22,0.0024,1.0872,0.9644,1355.1009,1,899913,15815.9,0,0.4167,1,-0.0442,0.7723,0
2026-05-22 11:00:00,1357.2,1357.2,1356.2,1356.6,11681,1356.0567,1355.4091,1354.7908,1,0.6041,0.432,0.1721,1,27.3164,22.2086,6.6096,62.2418,0,78.7879,81.8182,0.192,1356.9556,1353.7444,1355.35,0.0024,0.8893,0.9669,1355.202,1,888232,15882.0,0,0.6,-1,-0.081,0.7351,1
2026-05-22 11:01:00,1356.7,1357.0,1356.3,1357.0,8493,1356.2454,1355.5537,1354.8775,1,0.6512,0.4758,0.1753,1,29.2316,21.0371,6.2609,64.7384,0,90.9091,87.8788,0.155,1357.1572,1353.8228,1355.49,0.0025,0.9529,0.9479,1355.2866,1,896725,15628.2,0,0.4286,1,-0.0516,0.7648,0
2026-05-22 11:02:00,1356.9,1357.0,1356.2,1356.6,7076,1356.3163,1355.6489,1354.945,1,0.6487,0.5104,0.1383,1,30.6922,19.7546,6.6413,60.435,0,78.7879,82.8283,0.0442,1357.2641,1353.9259,1355.595,0.0025,0.8011,0.9373,1355.3404,1,889649,15575.65,0,0.375,-1,-0.081,0.7351,0
2026-05-22 11:03:00,1356.8,1356.8,1356.0,1356.5,8072,1356.353,1355.7262,1355.006,1,0.6314,0.5346,0.0968,1,31.4225,18.5375,7.7724,59.3724,0,75.7576,81.8182,0.1107,1357.3601,1353.9799,1355.67,0.0025,0.7455,0.9275,1355.4261,1,881577,14701.05,0,0.375,-1,-0.0884,0.7277,1
2026-05-22 11:04:00,1356.5,1356.8,1356.5,1356.6,7046,1356.4024,1355.8057,1355.0685,1,0.6187,0.5514,0.0672,1,32.1006,18.0874,7.5837,60.1274,0,78.125,77.5568,0.1181,1357.457,1354.043,1355.75,0.0025,0.749,0.8827,1355.5651,1,888623,13048.7,0,0.3333,1,-0.081,0.7351,0
2026-05-22 11:05:00,1356.4,1356.8,1356.0,1356.5,16279,1356.422,1355.8688,1355.1246,1,0.5936,0.5599,0.0338,1,31.2697,16.9086,11.1629,58.9477,0,72.4138,75.4321,0.0812,1357.5323,1354.0977,1355.815,0.0025,0.6994,0.8768,1355.6333,1,872344,13415.45,0,0.125,1,-0.0884,0.7277,1
2026-05-22 11:06:00,1356.5,1356.8,1356.3,1356.6,5975,1356.4576,1355.9353,1355.1825,1,0.5753,0.5629,0.0123,1,30.4982,16.198,10.6937,59.7971,0,75.8621,75.467,0.0664,1357.6137,1354.1263,1355.87,0.0026,0.7093,0.8499,1355.666,1,878319,13290.45,0,0.2,1,-0.081,0.7351,0
2026-05-22 11:07:00,1356.7,1356.7,1355.6,1355.6,6315,1356.286,1355.9048,1355.1989,1,0.4745,0.5453,-0.0707,-1,28.4986,14.7313,15.4877,48.9006,0,34.6154,60.9637,-0.059,1357.6137,1354.1263,1355.87,0.0026,0.4226,0.8677,1355.6784,-1,872004,13256.55,0,1.0,-1,-0.1547,0.6609,1
2026-05-22 11:08:00,1355.7,1356.4,1355.5,1355.9,4980,1356.2088,1355.9043,1355.2264,1,0.4141,0.519,-0.1049,-1,26.8402,13.6428,15.1643,51.7417,0,41.6667,50.7147,-0.0369,1357.6124,1354.2176,1355.915,0.0025,0.4956,0.87,1355.7034,1,876984,12922.55,0,0.2222,1,-0.1326,0.6832,0
2026-05-22 11:09:00,1356.0,1356.0,1355.3,1355.9,6408,1356.1471,1355.904,1355.2528,1,0.3621,0.4876,-0.1256,-1,25.6916,12.8477,15.9457,51.7417,0,41.6667,39.3162,-0.0884,1357.5538,1354.4162,1355.985,0.0023,0.4729,0.8579,1355.8804,1,883392,11591.75,0,0.1429,-1,-0.1326,0.6832,1
2026-05-22 11:10:00,1355.4,1356.1,1355.4,1356.1,12969,1356.1377,1355.9218,1355.286,1,0.3331,0.4567,-0.1236,-1,24.3861,12.9326,15.004,53.7307,0,40.0,41.1111,-0.0369,1357.3673,1354.8127,1356.09,0.0019,0.5039,0.8466,1355.8988,1,896361,12099.8,0,1.0,1,-0.1178,0.698,0
2026-05-22 11:11:00,1355.9,1356.1,1355.6,1355.9,4279,1356.0901,1355.9198,1355.3101,1,0.2907,0.4235,-0.1328,-1,23.1738,12.3706,14.3519,51.4471,0,30.0,37.2222,-0.0811,1357.3,1354.98,1356.14,0.0017,0.3966,0.8218,1355.9616,-1,892082,11725.8,0,0.0,1,-0.1326,0.6832,0
2026-05-22 11:12:00,1355.9,1356.1,1355.1,1355.1,8341,1355.8921,1355.8453,1355.3018,1,0.1903,0.3769,-0.1866,-1,23.0337,11.3118,17.403,43.4858,0,0.0,23.3333,-0.1106,1357.3399,1354.8501,1356.095,0.0018,0.1004,0.8346,1356.0218,-1,883741,10429.85,0,0.8,-1,-0.1915,0.6237,1
2026-05-22 11:13:00,1355.3,1355.8,1355.0,1355.5,9891,1355.8137,1355.8139,1355.3096,-1,0.1414,0.3298,-0.1884,-1,23.0786,10.535,17.0663,47.8327,0,22.7273,17.5758,-0.0737,1357.2941,1354.9459,1356.12,0.0017,0.236,0.8321,1356.0467,-1,893632,10349.75,0,0.25,1,-0.162,0.6534,0
2026-05-22 11:14:00,1355.8,1355.9,1355.1,1355.1,6481,1355.6709,1355.749,1355.3014,-1,0.0696,0.2777,-0.2082,-1,22.8341,10.6703,15.891,44.1736,0,5.0,9.2424,-0.1106,1357.2806,1354.9694,1356.125,0.0017,0.0565,0.8298,1356.0835,-1,887151,10071.25,0,0.875,-1,-0.1915,0.6237,1
2026-05-22 11:15:00,1355.5,1355.5,1355.2,1355.3,4875,1355.5968,1355.7082,1355.3013,-1,0.0285,0.2279,-0.1994,-1,22.6071,10.2888,15.3229,46.3822,0,15.0,14.2424,-0.0885,1357.2889,1354.9511,1356.12,0.0017,0.1493,0.7991,1356.117,-1,892026,9640.0,0,0.6667,-1,-0.1768,0.6386,0
2026-05-22 11:16:00,1355.4,1355.7,1354.8,1354.9,18877,1355.4574,1355.6347,1355.2856,-1,-0.036,0.1751,-0.2111,-1,23.1462,9.4685,17.6447,42.7403,0,5.0,8.3333,-0.1253,1357.3537,1354.8063,1356.08,0.0019,0.0368,0.8063,1356.099,-1,873149,9475.45,1,0.5556,-1,-0.2062,0.6089,0
2026-05-22 11:17:00,1354.8,1355.1,1353.5,1353.6,19529,1355.0859,1355.4497,1355.2195,-1,-0.1898,0.1021,-0.2919,-1,25.2127,8.2146,26.0677,33.5268,1,3.0303,7.6768,-0.1475,1357.5994,1354.2806,1355.94,0.0024,-0.2051,0.863,1355.8892,-1,853620,9700.2,1,0.75,-1,-0.302,0.5124,0
2026-05-22 11:18:00,1353.6,1354.0,1353.0,1353.5,9638,1354.7687,1355.2725,1355.1521,-1,-0.3161,0.0185,-0.3346,-1,27.5254,7.5423,28.0263,32.9385,1,13.1579,7.0627,-0.177,1357.7489,1353.8411,1355.795,0.0029,-0.0873,0.8728,1355.698,-1,843982,9299.75,0,0.1,-1,-0.3093,0.5049,1
2026-05-22 11:19:00,1353.5,1354.8,1353.3,1353.9,9367,1354.595,1355.1477,1355.103,-1,-0.3795,-0.0611,-0.3184,-1,27.8106,12.8891,24.7538,37.6507,0,23.6842,13.2908,-0.1475,1357.6581,1353.6119,1355.635,0.003,0.0712,0.9176,1355.5592,-1,853349,9328.6,0,0.2667,1,-0.2799,0.5346,1
2026-05-22 11:20:00,1353.8,1354.6,1353.8,1354.5,6525,1354.576,1355.0888,1355.0793,-1,-0.377,-0.1243,-0.2527,-1,28.0755,12.0791,23.1981,44.0064,0,40.5405,25.7942,-0.118,1357.5599,1353.5001,1355.53,0.003,0.2463,0.9092,1355.4426,-1,859874,9070.8,0,0.875,1,-0.2357,0.5792,1
2026-05-22 11:21:00,1354.5,1355.1,1354.3,1354.8,10903,1354.6208,1355.0626,1355.0684,-1,-0.3469,-0.1688,-0.1781,-1,27.3156,15.2754,21.7274,46.9199,0,52.9412,39.0553,-0.0811,1357.3556,1353.4844,1355.42,0.0029,0.3398,0.9014,1355.3394,-1,870777,9191.3,0,0.375,1,-0.2136,0.6015,1
2026-05-22 11:22:00,1354.8,1355.4,1354.5,1355.3,10092,1354.7566,1355.0842,1355.0774,-1,-0.2794,-0.1909,-0.0885,-1,26.0671,16.5634,20.1777,51.4538,0,74.1935,55.8918,0.0148,1357.2135,1353.4965,1355.355,0.0027,0.4852,0.9013,1355.2769,1,880869,9342.1,0,0.5556,1,-0.1768,0.6386,1
2026-05-22 11:23:00,1355.3,1355.8,1354.7,1355.7,14966,1354.9453,1355.1401,1355.1019,-1,-0.1914,-0.191,-0.0004,-1,24.2408,18.2628,18.446,54.7814,0,87.0968,71.4105,0.0148,1357.1064,1353.5236,1355.315,0.0026,0.6075,0.9155,1355.2382,1,895835,9686.8,1,0.3636,1,-0.1473,0.6683,0
2026-05-22 11:24:00,1355.7,1355.7,1354.3,1354.7,5442,1354.8962,1355.1001,1355.0861,-1,-0.2001,-0.1928,-0.0073,-1,23.1411,16.3406,19.5117,46.2468,0,54.8387,72.043,-0.0295,1356.9283,1353.5117,1355.22,0.0025,0.3478,0.9501,1355.1775,-1,890393,9606.6,0,0.7143,-1,-0.221,0.594,1
2026-05-22 11:25:00,1355.0,1355.5,1354.6,1354.9,13822,1354.897,1355.0819,1355.0788,-1,-0.1887,-0.192,0.0033,1,22.12,15.2308,18.1865,47.992,0,61.2903,67.7419,-0.0295,1356.748,1353.532,1355.14,0.0024,0.4254,0.9465,1355.0568,-1,904215,9483.75,0,0.1111,-1,-0.2062,0.6089,0
2026-05-22 11:26:00,1354.9,1355.4,1354.2,1354.7,8902,1354.8576,1355.0472,1355.0639,-1,-0.1935,-0.1923,-0.0012,-1,21.749,13.8774,19.5324,46.3707,0,58.6207,58.2499,-0.0148,1356.5153,1353.5747,1355.045,0.0022,0.3827,0.9646,1354.9965,-1,895313,9630.1,0,0.1667,-1,-0.221,0.594,0
2026-05-22 11:27:00,1354.6,1354.7,1354.0,1354.0,8362,1354.6861,1354.952,1355.0222,-1,-0.2509,-0.204,-0.0469,-1,21.6749,13.1437,20.0103,41.1331,0,34.4828,51.4646,0.0296,1356.4793,1353.4507,1354.965,0.0022,0.1814,0.9457,1354.9323,-1,886951,9732.45,0,0.8571,-1,-0.2725,0.5421,1
2026-05-22 11:28:00,1354.1,1354.8,1354.0,1354.8,8917,1354.7089,1354.9382,1355.0135,-1,-0.2293,-0.2091,-0.0202,-1,21.3996,13.1044,18.7878,48.3178,0,64.2857,52.4631,0.096,1356.3631,1353.4569,1354.91,0.0021,0.4622,0.9353,1354.8892,-1,895868,9929.3,0,0.875,1,-0.2136,0.6015,0
2026-05-22 11:29:00,1354.8,1355.0,1354.5,1354.7,4578,1354.7071,1354.9165,1355.0012,-1,-0.2176,-0.2108,-0.0068,-1,20.7312,14.1667,18.0457,47.5367,0,60.7143,53.1609,0.0591,1356.232,1353.468,1354.85,0.002,0.4457,0.9042,1354.8581,-1,891290,9837.8,0,0.2,-1,-0.221,0.594,0
2026-05-22 11:30:00,1354.6,1354.9,1354.1,1354.6,7445,1354.6857,1354.8878,1354.9855,-1,-0.214,-0.2114,-0.0026,-1,20.7108,13.264,20.0818,46.7234,0,57.1429,60.7143,0.0074,1356.035,1353.515,1354.775,0.0019,0.4306,0.8968,1354.7771,-1,883845,9561.6,0,0.0,1,-0.2283,0.5866,1
2026-05-22 11:31:00,1354.4,1355.1,1354.0,1355.1,12159,1354.7685,1354.9071,1354.99,-1,-0.1689,-0.2029,0.0341,1,20.2709,13.688,18.3504,51.2177,0,75.0,64.2857,0.0221,1355.8965,1353.5735,1354.735,0.0017,0.6571,0.9113,1354.751,1,896004,9955.6,0,0.6364,1,-0.1915,0.6237,0
2026-05-22 11:32:00,1355.1,1355.4,1354.6,1354.9,19328,1354.7948,1354.9064,1354.9864,-1,-0.1475,-0.1918,0.0443,1,19.2631,15.1943,17.1896,49.4218,0,64.0,65.381,-0.0295,1355.8772,1353.5728,1354.725,0.0017,0.5759,0.9033,1354.7438,1,876676,10504.95,1,0.25,-1,-0.2062,0.6089,0
2026-05-22 11:33:00,1355.3,1355.7,1354.3,1354.4,17455,1354.7159,1354.8604,1354.9634,-1,-0.169,-0.1873,0.0183,1,18.3273,13.5758,15.3586,45.1586,0,30.0,56.3333,-0.0959,1355.7729,1353.5671,1354.67,0.0016,0.3776,0.9388,1354.7169,-1,859221,10883.15,1,0.6429,-1,-0.2431,0.5718,1
2026-05-22 11:34:00,1354.9,1355.4,1354.5,1355.0,8688,1354.7727,1354.8731,1354.9649,-1,-0.136,-0.177,0.041,1,17.4583,12.5477,14.1955,50.6589,0,55.5556,49.8519,0.0221,1355.7609,1353.5691,1354.665,0.0016,0.6528,0.9432,1354.7076,1,867909,10993.5,0,0.1111,1,-0.1989,0.6163,0
2026-05-22 11:35:00,1354.9,1355.4,1354.9,1355.0,16801,1354.8182,1354.8846,1354.9663,-1,-0.1087,-0.1634,0.0547,1,16.6514,12.0561,13.6393,50.6589,0,55.5556,47.037,0.0074,1355.7186,1353.5814,1354.65,0.0016,0.6638,0.9115,1354.7229,1,884710,11589.8,0,0.2,1,-0.1989,0.6163,1
2026-05-22 11:36:00,1355.4,1355.4,1355.0,1355.1,11020,1354.8745,1354.9042,1354.9715,-1,-0.078,-0.1463,0.0683,1,15.9021,11.6624,13.1939,51.5973,0,61.1111,57.4074,0.0295,1355.7415,1353.5785,1354.66,0.0016,0.7034,0.875,1354.7102,1,895730,11196.95,0,0.75,-1,-0.1915,0.6237,1
2026-05-22 11:37:00,1355.3,1356.0,1355.1,1355.3,9810,1354.9596,1354.9402,1354.9844,1,-0.0371,-0.1245,0.0873,1,15.6536,15.6953,12.2266,53.5019,0,65.0,60.5556,0.096,1355.7439,1353.7461,1354.745,0.0015,0.7778,0.8768,1354.8035,1,905540,10711.0,0,0.0,1,-0.1768,0.6386,1
2026-05-22 11:38:00,1355.6,1356.2,1355.5,1356.1,5911,1355.1877,1355.0456,1355.0281,1,0.0591,-0.0877,0.1469,1,15.7927,16.173,11.3318,60.2412,0,95.4545,73.8552,0.096,1355.8687,1353.8813,1354.875,0.0015,1.1164,0.8784,1354.8949,1,911451,10524.65,0,0.7143,1,-0.1178,0.698,1
2026-05-22 11:39:00,1356.0,1356.5,1355.6,1356.4,8920,1355.4302,1355.1687,1355.0819,1,0.1578,-0.0386,0.1964,1,16.4351,17.4266,10.504,62.4397,0,96.0,85.4848,0.1255,1356.0954,1353.9046,1355.0,0.0016,1.139,0.88,1354.9888,1,920371,10502.3,0,0.4444,1,-0.0958,0.7203,1
2026-05-22 11:40:00,1356.4,1357.0,1356.3,1356.6,11047,1355.6641,1355.2989,1355.1415,1,0.2493,0.0189,0.2303,1,17.7585,20.5405,9.8983,63.8739,0,86.6667,92.7071,0.1476,1356.377,1353.833,1355.105,0.0019,1.0877,0.8671,1355.0944,1,931418,10728.4,0,0.2857,1,-0.081,0.7351,1
2026-05-22 11:41:00,1357.0,1357.3,1356.5,1357.0,24850,1355.9313,1355.4535,1355.2143,1,0.35,0.0851,0.2648,1,19.3608,21.6643,9.2424,66.6192,-1,90.9091,91.1919,0.1402,1356.7214,1353.7086,1355.215,0.0022,1.0925,0.8623,1355.3116,1,956268,11425.75,1,0.0,1,-0.0516,0.7648,1
2026-05-22 11:42:00,1357.0,1358.3,1356.9,1357.7,40948,1356.285,1355.6577,1355.3118,1,0.4808,0.1643,0.3165,1,21.8056,27.1892,8.2163,70.801,-1,86.0465,87.8741,0.2067,1357.1911,1353.4789,1355.335,0.0027,1.1371,0.9007,1355.6877,1,997216,12968.55,1,0.5,1,0.0,0.8168,1
2026-05-22 11:43:00,1357.9,1358.2,1357.7,1358.2,13917,1356.668,1355.8888,1355.4251,1,0.6176,0.2549,0.3627,1,24.0757,26.0757,7.8798,73.3674,-1,97.6744,91.5433,0.2806,1357.6955,1353.2245,1355.46,0.0033,1.1128,0.8721,1355.8307,1,1011133,12916.1,0,0.6,1,0.0,0.8539,0
2026-05-22 11:44:00,1358.2,1358.2,1357.9,1358.2,12354,1356.9744,1356.0989,1355.5339,1,0.7178,0.3475,0.3703,1,26.1837,25.4035,7.6767,73.3674,-1,97.6744,93.7984,0.2362,1358.1372,1353.1328,1355.635,0.0037,1.0125,0.8312,1355.9555,1,1023487,13261.7,0,0.0,1,0.0,0.8539,1
2026-05-22 11:45:00,1358.2,1358.4,1357.9,1358.4,16574,1357.2595,1356.3081,1355.6463,1,0.8041,0.4388,0.3653,1,28.3168,26.049,7.3372,74.4108,-1,100.0,98.4496,0.2509,1358.5595,1353.0605,1355.81,0.0041,0.971,0.8076,1356.1457,1,1040061,13399.3,0,0.4,1,0.0,0.8688,1
2026-05-22 11:46:00,1358.3,1359.4,1358.3,1359.3,117082,1357.6676,1356.5801,1355.7896,1,0.9343,0.5379,0.3964,1,30.9944,32.2003,6.6413,78.494,-1,98.0392,98.5712,0.3099,1359.1283,1352.9517,1356.04,0.0046,1.0278,0.8285,1357.0667,1,1157143,18808.3,1,0.9091,1,0.0,0.9356,0
2026-05-22 11:47:00,1359.0,1359.2,1358.5,1358.7,19056,1357.8741,1356.7728,1355.9037,1,0.9778,0.6259,0.3519,1,33.4807,29.9739,6.1821,70.426,-1,85.7143,94.5845,0.2509,1359.4213,1353.1287,1356.275,0.0046,0.8854,0.8264,1357.2133,1,1138087,19343.0,0,0.4286,-1,-0.0441,0.8911,0
2026-05-22 11:48:00,1358.7,1358.8,1358.0,1358.4,18390,1357.9793,1356.9208,1356.0016,1,0.9768,0.6961,0.2807,1,34.4389,27.8966,10.0851,66.7326,-1,77.7778,87.1771,0.1696,1359.6547,1353.2553,1356.455,0.0047,0.8039,0.8245,1357.3287,1,1119697,19816.65,0,0.375,-1,-0.0662,0.8688,0
2026-05-22 11:49:00,1358.4,1358.7,1357.9,1357.9,15899,1357.9634,1357.0098,1356.0761,1,0.9251,0.7419,0.1832,1,35.0771,25.9592,10.2528,60.9916,0,65.9091,76.4671,0.1106,1359.7673,1353.4627,1356.615,0.0046,0.7038,0.8228,1357.3905,1,1103798,20382.7,0,0.625,-1,-0.103,0.8317,0
2026-05-22 11:50:00,1358.4,1358.5,1357.1,1357.1,7840,1357.7907,1357.018,1356.1162,1,0.8101,0.7555,0.0546,1,33.9166,22.9548,15.6797,53.1176,0,46.5116,63.3995,0.0369,1359.7582,1353.7218,1356.74,0.0044,0.5596,0.864,1357.446,-1,1095958,20402.45,0,0.9286,-1,-0.1618,0.7723,1
2026-05-22 11:51:00,1357.4,1357.8,1357.0,1357.3,7520,1357.6926,1357.0436,1356.1626,1,0.7268,0.7498,-0.023,-1,32.6478,21.4285,15.4683,54.6924,0,46.1538,52.8582,0.0221,1359.7802,1353.9198,1356.85,0.0043,0.5768,0.8595,1357.5263,-1,1103478,20170.5,0,0.125,-1,-0.1471,0.7871,1
2026-05-22 11:52:00,1357.7,1358.0,1357.2,1357.8,11815,1357.7141,1357.1124,1356.2268,1,0.6931,0.7384,-0.0453,-1,31.7468,21.6672,14.4347,58.4499,0,57.8947,50.1867,0.0074,1359.8096,1354.1804,1356.995,0.0041,0.643,0.8552,1357.6555,1,1115293,19794.85,0,0.125,1,-0.1104,0.8242,1
2026-05-22 11:53:00,1358.0,1358.5,1357.6,1358.5,14136,1357.8713,1357.2385,1356.316,1,0.7147,0.7337,-0.019,-1,31.5429,24.2051,13.3537,63.0679,0,70.9677,58.3388,0.0221,1359.8192,1354.5808,1357.2,0.0039,0.7482,0.8584,1357.802,1,1129429,19628.9,0,0.5556,1,-0.0589,0.8762,0
2026-05-22 11:54:00,1358.5,1358.6,1357.8,1358.2,13280,1357.937,1357.3259,1356.3899,1,0.6995,0.7268,-0.0274,-1,31.4718,23.4221,12.4605,59.9906,0,58.6207,62.4944,0.0,1359.8074,1354.9126,1357.36,0.0036,0.6716,0.8542,1357.8774,1,1116149,19858.5,0,0.375,-1,-0.0809,0.8539,1
2026-05-22 11:55:00,1358.2,1358.7,1358.1,1358.5,9459,1358.0496,1357.4327,1356.4726,1,0.7035,0.7222,-0.0186,-1,31.5273,23.0758,11.8217,61.988,0,64.0,64.5295,0.0074,1359.774,1355.296,1357.535,0.0033,0.7155,0.8361,1358.0106,1,1125608,19491.4,0,0.5,1,-0.0589,0.8762,1
2026-05-22 11:56:00,1358.5,1359.0,1358.1,1358.7,9542,1358.1797,1357.5479,1356.56,1,0.7147,0.7207,-0.006,-1,31.9336,23.8602,10.9177,63.3033,0,70.8333,64.4847,-0.0441,1359.7073,1355.7227,1357.715,0.0029,0.7472,0.8406,1358.1058,1,1135150,19417.5,0,0.2222,1,-0.0441,0.8911,1
2026-05-22 11:57:00,1359.0,1359.1,1358.6,1358.8,11007,1358.3037,1357.6617,1356.6478,1,0.7232,0.7212,0.002,1,32.4258,23.6913,10.44,63.9746,0,75.0,69.9444,0.0074,1359.5975,1356.1825,1357.89,0.0025,0.7665,0.8163,1358.1928,1,1146157,19477.35,0,0.4,-1,-0.0368,0.8985,1
2026-05-22 11:58:00,1358.7,1359.1,1358.1,1359.1,8537,1358.463,1357.7925,1356.744,1,0.7456,0.7261,0.0195,1,31.68,21.6511,13.8468,65.9847,-1,87.5,77.7778,0.0515,1359.614,1356.466,1358.04,0.0023,0.8367,0.8294,1358.2393,1,1154694,19608.65,0,0.4,1,-0.0147,0.9208,1
2026-05-22 11:59:00,1359.1,1359.2,1358.3,1359.2,11075,1358.6104,1357.9204,1356.8403,1,0.7626,0.7334,0.0292,1,31.1294,20.8391,12.7801,66.6526,-1,91.6667,84.7222,0.0957,1359.6396,1356.7204,1358.18,0.0021,0.8494,0.8345,1358.3048,1,1165769,19716.4,0,0.1111,1,-0.0074,0.9282,0
2026-05-22 12:00:00,1359.0,1359.2,1358.5,1358.8,20107,1358.6483,1358.0004,1356.9171,1,0.7353,0.7338,0.0016,1,30.6181,19.5759,12.0054,61.4543,0,81.8182,86.9949,0.1253,1359.5783,1357.0017,1358.29,0.0019,0.6979,0.8249,1358.3769,1,1145662,20169.4,0,0.2857,-1,-0.0368,0.8985,0
2026-05-22 12:01:00,1358.8,1359.0,1358.0,1358.3,9847,1358.5787,1358.0276,1356.9714,1,0.6657,0.7202,-0.0544,-1,29.0041,17.9061,15.2464,55.6154,0,59.0909,77.5253,0.0737,1359.4995,1357.2105,1358.355,0.0017,0.476,0.8374,1358.4707,-1,1135815,19419.25,0,0.5,-1,-0.0736,0.8614,0
2026-05-22 12:02:00,1358.2,1358.5,1357.9,1358.3,10861,1358.5229,1358.0524,1357.0235,1,0.6036,0.6968,-0.0933,-1,27.2974,16.9707,15.3206,55.6154,0,59.0909,66.6667,0.0368,1359.49,1357.28,1358.385,0.0016,0.4615,0.8204,1358.5592,-1,1146676,17914.9,0,0.1667,1,-0.0736,0.8614,1
2026-05-22 12:03:00,1358.1,1358.5,1357.8,1358.4,9689,1358.4983,1358.084,1357.0775,1,0.556,0.6687,-0.1127,-1,25.5008,15.9255,15.2569,56.5724,0,63.6364,60.6061,-0.0074,1359.4968,1357.2932,1358.395,0.0016,0.5023,0.8118,1358.5709,-1,1156365,17703.5,0,0.4286,1,-0.0662,0.8688,1
2026-05-22 12:04:00,1358.4,1358.6,1358.0,1358.5,20541,1358.4987,1358.1218,1357.1332,1,0.5203,0.639,-0.1187,-1,24.0386,15.9653,14.4361,57.558,0,68.1818,63.6364,0.0221,1359.5089,1357.3111,1358.41,0.0016,0.5409,0.7967,1358.5754,-1,1176906,18112.85,0,0.1667,1,-0.0589,0.8762,1
2026-05-22 12:05:00,1358.1,1359.0,1358.0,1358.7,33572,1358.5389,1358.1744,1357.1947,1,0.5024,0.6117,-0.1092,-1,23.4455,18.0816,13.165,59.536,0,75.0,68.9394,0.0147,1359.5311,1357.3189,1358.425,0.0016,0.6243,0.8112,1358.5896,1,1210478,18962.75,1,0.6,1,-0.0441,0.8911,1
2026-05-22 12:06:00,1358.8,1359.0,1358.2,1358.9,30214,1358.6111,1358.2403,1357.2616,1,0.4986,0.5891,-0.0904,-1,22.8947,16.8067,12.2367,61.4697,0,81.25,74.8106,0.0147,1359.4604,1357.3496,1358.405,0.0016,0.7345,0.8104,1358.4366,1,1240692,14619.35,1,0.125,1,-0.0294,0.9059,1
2026-05-22 12:07:00,1359.0,1360.0,1358.9,1360.0,53824,1358.8889,1358.4003,1357.369,1,0.5777,0.5868,-0.0091,-1,23.8659,23.8123,11.0799,69.9701,-1,100.0,85.4167,0.0883,1359.7303,1357.2097,1358.47,0.0019,1.107,0.8311,1358.6124,1,1294516,16357.75,1,0.9091,1,0.0,0.9876,0
2026-05-22 12:08:00,1359.8,1360.6,1359.8,1360.0,27272,1359.1111,1358.5457,1357.4721,1,0.6331,0.5961,0.037,1,25.3905,27.3412,10.316,69.9701,-1,78.5714,86.6071,0.0662,1359.9748,1357.1252,1358.55,0.0021,1.0089,0.8289,1358.7474,1,1321788,16801.85,1,0.25,1,0.0,0.9876,0
2026-05-22 12:09:00,1359.9,1360.0,1359.1,1359.3,13612,1359.1489,1358.6143,1357.5438,1,0.6135,0.5996,0.0139,1,25.2802,25.2336,15.5163,60.1727,0,53.5714,77.381,0.0074,1360.0477,1357.1923,1358.62,0.0021,0.7381,0.834,1358.8044,1,1308176,16687.5,0,0.6667,-1,-0.0515,0.9356,1
2026-05-22 12:10:00,1359.2,1359.7,1359.1,1359.6,7323,1359.2391,1358.7039,1357.6244,1,0.615,0.6026,0.0124,1,25.1778,23.9103,14.7026,62.5903,0,64.2857,65.4762,0.0589,1360.0511,1357.4389,1358.745,0.0019,0.8273,0.8172,1358.8481,1,1315499,16661.65,0,0.6667,1,-0.0294,0.9579,1
2026-05-22 12:11:00,1359.6,1360.4,1359.4,1360.2,21126,1359.4313,1358.8399,1357.7254,1,0.6571,0.6135,0.0435,1,25.8755,27.8753,13.4378,66.9159,-1,85.7143,67.8571,0.1399,1360.1658,1357.6142,1358.89,0.0019,1.0134,0.8303,1358.9504,1,1336625,17341.95,0,0.6,1,0.0,1.0025,1
2026-05-22 12:12:00,1360.6,1360.9,1360.0,1360.5,72394,1359.645,1358.9908,1357.8343,1,0.7064,0.6321,0.0743,1,26.9919,30.0057,12.4036,68.855,-1,87.0968,79.0323,0.162,1360.3798,1357.6702,1359.025,0.002,1.0444,0.8353,1359.257,1,1409019,20370.9,1,0.1111,-1,0.0,1.0247,0
2026-05-22 12:13:00,1360.5,1360.5,1359.9,1360.1,23162,1359.736,1359.0917,1357.9231,1,0.7052,0.6467,0.0585,1,27.8138,28.4345,12.6268,63.51,0,74.1935,82.3349,0.1251,1360.5142,1357.6958,1359.105,0.0021,0.853,0.8185,1359.3435,1,1385857,20822.2,0,0.6667,-1,-0.0294,0.995,0
2026-05-22 12:14:00,1360.2,1360.5,1359.7,1360.1,18169,1359.8088,1359.1833,1358.0085,1,0.6962,0.6566,0.0396,1,28.1439,26.4461,13.4921,63.51,0,74.1935,78.4946,0.1178,1360.6085,1357.7915,1359.2,0.0021,0.8195,0.8172,1359.4122,1,1404026,21066.65,0,0.125,-1,-0.0294,0.995,1
2026-05-22 12:15:00,1360.1,1360.2,1360.0,1360.2,9298,1359.8871,1359.2758,1358.0944,1,0.6891,0.6631,0.026,1,28.4504,25.9574,13.2427,64.3132,0,77.4194,75.2688,0.1104,1360.7193,1357.8507,1359.285,0.0021,0.819,0.7731,1359.4501,1,1413324,21058.6,0,0.5,1,-0.0221,1.0025,0
2026-05-22 12:16:00,1360.0,1360.1,1359.6,1359.6,4058,1359.8296,1359.3052,1358.1535,1,0.6279,0.6561,-0.0282,-1,27.8631,24.495,16.2526,56.305,0,58.0645,69.8925,0.0515,1360.7444,1357.9156,1359.33,0.0021,0.5954,0.7607,1359.4727,1,1409266,20784.4,0,0.8,-1,-0.0662,0.9579,0
2026-05-22 12:17:00,1359.7,1359.8,1359.2,1359.2,4250,1359.7037,1359.2957,1358.1945,1,0.5409,0.633,-0.0922,-1,26.5423,23.0938,19.1363,51.6845,0,41.3793,58.9544,-0.0588,1360.745,1357.955,1359.35,0.0021,0.4462,0.7492,1359.4891,-1,1405016,20446.55,0,0.8333,-1,-0.0956,0.9282,0
2026-05-22 12:18:00,1358.8,1359.1,1358.8,1358.8,7023,1359.523,1359.2506,1358.2182,1,0.4346,0.5934,-0.1587,-1,24.6694,22.1828,22.3262,47.4877,0,27.5862,42.3433,-0.0882,1360.7468,1357.9232,1359.335,0.0021,0.3105,0.7243,1359.4941,-1,1397993,20370.85,0,0.0,1,-0.125,0.8985,1
2026-05-22 12:19:00,1358.9,1359.2,1358.8,1358.9,9646,1359.3984,1359.2187,1358.245,1,0.3544,0.5456,-0.1912,-1,23.0513,22.2976,21.4164,48.6112,0,25.9259,31.6305,-0.0294,1360.7435,1357.8965,1359.32,0.0021,0.3525,0.7011,1359.4978,-1,1407639,20299.4,0,0.0,1,-0.1176,0.9059,0
2026-05-22 12:20:00,1359.1,1359.1,1358.1,1358.5,9132,1359.2187,1359.1534,1358.255,1,0.2556,0.4876,-0.232,-1,22.3497,20.0931,26.2198,44.5093,0,14.2857,22.5993,-0.0809,1360.7562,1357.8538,1359.305,0.0021,0.2226,0.7225,1359.5101,-1,1398507,19750.65,0,0.6,-1,-0.147,0.8762,0
2026-05-22 12:21:00,1358.6,1358.7,1358.3,1358.3,3688,1359.035,1359.0758,1358.2567,-1,0.1593,0.4219,-0.2626,-1,21.6982,19.2723,25.1487,42.5749,0,7.1429,15.7848,-0.1397,1360.7562,1357.8538,1359.305,0.0021,0.1537,0.6994,1359.5271,-1,1394819,19442.7,0,0.75,-1,-0.1617,0.8614,1
2026-05-22 12:22:00,1358.6,1359.0,1358.3,1358.9,4671,1359.008,1359.0598,1358.282,-1,0.1299,0.3635,-0.2336,-1,20.534,20.9582,23.351,49.6453,0,28.5714,16.6667,-0.1176,1360.7254,1357.9446,1359.335,0.002,0.3436,0.6995,1359.5542,-1,1399490,19133.2,0,0.4286,1,-0.1176,0.9059,0
2026-05-22 12:23:00,1359.0,1359.1,1358.3,1358.4,3783,1358.8864,1358.9998,1358.2866,-1,0.0655,0.3039,-0.2384,-1,19.2707,20.2743,21.4628,44.7055,0,10.7143,15.4762,-0.125,1360.7254,1357.9446,1359.335,0.002,0.1638,0.7067,1359.5786,-1,1395707,18837.9,0,0.75,-1,-0.1544,0.8688,0
2026-05-22 12:24:00,1358.7,1358.7,1358.0,1358.2,9206,1358.7491,1358.9271,1358.2832,-1,-0.0016,0.2428,-0.2444,-1,18.6012,18.8388,22.9776,42.8681,0,6.8966,15.3941,-0.1397,1360.7519,1357.8881,1359.32,0.0021,0.1089,0.7062,1359.6145,-1,1386501,18271.15,0,0.7143,-1,-0.1691,0.8539,1
2026-05-22 12:25:00,1358.3,1358.5,1358.2,1358.5,4254,1358.6993,1358.8883,1358.2917,-1,-0.0303,0.1882,-0.2185,-1,17.9795,18.2426,22.2504,46.4251,0,17.2414,11.6174,-0.125,1360.7618,1357.8582,1359.31,0.0021,0.221,0.6772,1359.7038,-1,1390755,16805.25,0,0.6667,1,-0.147,0.8762,0
2026-05-22 12:26:00,1358.4,1358.5,1358.3,1358.3,3484,1358.6194,1358.8348,1358.292,-1,-0.0683,0.1369,-0.2052,-1,17.4022,17.8374,21.7562,44.4387,0,12.0,12.046,-0.0956,1360.7881,1357.7719,1359.28,0.0022,0.1751,0.6431,1359.7867,-1,1387271,15468.75,0,0.5,-1,-0.1617,0.8614,0
2026-05-22 12:27:00,1358.6,1359.0,1358.0,1358.0,12856,1358.4955,1358.7589,1358.2806,-1,-0.1213,0.0853,-0.2066,-1,16.4824,21.2735,19.4318,41.5658,0,0.0,9.7471,-0.0883,1360.7479,1357.6121,1359.18,0.0023,0.1237,0.6686,1359.7479,-1,1374415,13420.35,0,0.6,-1,-0.1838,0.8391,1
2026-05-22 12:28:00,1358.0,1358.5,1358.0,1358.5,3416,1358.4964,1358.7354,1358.2892,-1,-0.1215,0.0439,-0.1654,-1,15.6283,20.1163,18.3748,47.6413,0,22.7273,11.5758,-0.0221,1360.6522,1357.5578,1359.105,0.0023,0.3045,0.6565,1359.6851,-1,1377831,12227.55,0,1.0,1,-0.147,0.8762,1
2026-05-22 12:29:00,1358.4,1358.8,1358.0,1358.7,8051,1358.5371,1358.7322,1358.3053,-1,-0.1044,0.0142,-0.1186,-1,15.4058,21.6061,16.8001,49.8858,0,33.3333,18.6869,-0.0147,1360.6292,1357.5208,1359.075,0.0023,0.3794,0.6668,1359.6577,-1,1385882,11949.5,0,0.375,1,-0.1323,0.8911,0
2026-05-22 12:30:00,1358.8,1358.8,1358.0,1358.0,3984,1358.4297,1358.6656,1358.2933,-1,-0.1456,-0.0177,-0.1279,-1,15.1992,19.7805,15.3806,42.9466,0,0.0,18.6869,-0.0368,1360.5968,1357.3932,1358.995,0.0024,0.1894,0.6763,1359.6401,-1,1381898,11782.55,0,1.0,-1,-0.1838,0.8391,1
2026-05-22 12:31:00,1358.0,1358.4,1358.0,1358.2,13507,1358.3838,1358.6233,1358.2897,-1,-0.1603,-0.0462,-0.114,-1,15.0074,18.9197,14.7113,45.2883,0,16.6667,16.6667,-0.0074,1360.4318,1357.3582,1358.895,0.0023,0.2739,0.6566,1359.5214,-1,1395405,11401.6,0,0.5,1,-0.1691,0.8539,0
2026-05-22 12:32:00,1358.2,1358.4,1358.0,1358.0,9252,1358.307,1358.5666,1358.2783,-1,-0.1859,-0.0742,-0.1117,-1,14.8293,18.0727,14.0527,43.3712,0,0.0,5.5556,-0.0662,1360.1644,1357.3756,1358.77,0.0021,0.2239,0.6382,1359.0285,-1,1386153,8244.5,0,0.5,-1,-0.1838,0.8391,0
2026-05-22 12:33:00,1358.3,1358.4,1358.0,1358.0,8626,1358.2456,1358.5151,1358.2674,-1,-0.2038,-0.1001,-0.1037,-1,14.6639,17.2415,13.4064,43.3712,0,0.0,5.5556,-0.0294,1359.9554,1357.3746,1358.665,0.0019,0.2423,0.6212,1358.8018,-1,1394779,7517.7,0,0.75,-1,-0.1838,0.8391,1
2026-05-22 12:34:00,1358.1,1358.7,1358.0,1358.7,13344,1358.3365,1358.5319,1358.2844,-1,-0.1598,-0.112,-0.0477,-1,15.1858,19.2847,12.337,51.6747,0,63.6364,21.2121,0.0368,1359.7058,1357.4842,1358.595,0.0016,0.5473,0.6268,1358.609,1,1408123,7276.45,1,0.8571,1,-0.1323,0.8911,0
2026-05-22 12:35:00,1358.7,1359.0,1358.1,1358.5,15743,1358.3692,1358.529,1358.2928,-1,-0.1393,-0.1175,-0.0218,-1,16.2517,20.682,11.11,49.444,0,45.4545,36.3636,0.0,1359.3416,1357.6784,1358.51,0.0012,0.494,0.6464,1358.5079,-1,1392380,7598.7,1,0.2222,-1,-0.147,0.8762,1
2026-05-22 12:36:00,1358.5,1359.1,1358.3,1359.1,10576,1358.5154,1358.5809,1358.3245,-1,-0.0739,-0.1088,0.0349,1,17.4216,19.9707,10.1442,55.632,0,100.0,69.697,0.0589,1359.2069,1357.7631,1358.485,0.0011,0.926,0.6573,1358.4974,1,1402956,7924.6,0,0.75,1,-0.1029,0.9208,1
2026-05-22 12:37:00,1359.1,1359.6,1358.7,1359.5,11477,1358.7123,1358.6645,1358.3706,1,0.0101,-0.085,0.0951,1,19.2908,23.3614,9.1776,59.216,0,93.75,79.7348,0.1105,1359.2899,1357.7101,1358.5,0.0012,1.133,0.6747,1358.5276,1,1414433,8285.95,0,0.4444,1,-0.0735,0.9505,0
2026-05-22 12:38:00,1359.8,1359.9,1359.3,1359.3,6600,1358.8298,1358.7223,1358.407,1,0.0599,-0.056,0.1159,1,21.4097,25.0671,8.59,56.7477,0,68.4211,87.3904,0.0589,1359.3803,1357.6697,1358.525,0.0013,0.9531,0.6693,1358.5506,1,1407833,8264.8,0,0.8333,-1,-0.0882,0.9356,1
2026-05-22 12:39:00,1359.2,1360.0,1359.2,1360.0,13961,1359.0639,1358.8384,1358.4695,1,0.154,-0.014,0.168,1,23.3773,22.9565,7.8667,62.6205,0,100.0,87.3904,0.0957,1359.6413,1357.5187,1358.58,0.0016,1.169,0.6787,1358.6242,1,1421794,8480.55,1,1.0,1,-0.0368,0.9876,1
2026-05-22 12:40:00,1360.0,1360.5,1360.0,1360.3,12130,1359.3111,1358.9713,1358.5413,1,0.25,0.0388,0.2112,1,25.7706,27.0885,7.4448,64.8248,0,92.0,86.807,0.1694,1359.9678,1357.3722,1358.67,0.0019,1.128,0.6659,1358.7427,1,1433924,8630.45,0,0.6,1,-0.0147,1.0099,0
2026-05-22 12:41:00,1360.4,1360.5,1360.3,1360.3,5366,1359.5089,1359.0921,1358.6102,1,0.3223,0.0955,0.2268,1,27.9929,26.4768,7.2767,64.8248,0,92.0,94.6667,0.1546,1360.2357,1357.3043,1358.77,0.0022,1.0219,0.6326,1358.7993,1,1439290,8714.35,0,0.5,-1,-0.0147,1.0099,1
2026-05-22 12:42:00,1360.3,1360.5,1360.3,1360.4,19750,1359.6871,1359.211,1358.6804,1,0.3832,0.153,0.2302,1,30.0565,25.8482,7.1039,65.6089,-1,96.0,93.3333,0.1767,1360.4741,1357.2159,1358.845,0.0024,0.9773,0.6017,1358.9678,1,1459040,9468.3,1,0.5,1,-0.0074,1.0173,0
2026-05-22 12:43:00,1360.5,1360.5,1360.0,1360.3,12840,1359.8097,1359.31,1358.7439,1,0.4187,0.2062,0.2125,1,30.8045,24.2953,10.2818,64.0709,0,92.0,93.3333,0.1694,1360.6725,1357.2075,1358.94,0.0025,0.8925,0.5945,1359.0589,1,1446200,9921.15,0,0.4,-1,-0.0147,1.0099,1
2026-05-22 12:44:00,1360.5,1361.7,1360.2,1360.5,26352,1359.9477,1359.4182,1358.8128,1,0.4576,0.2565,0.2011,1,32.8155,33.3501,8.6105,65.7977,-1,67.5676,85.1892,0.1325,1360.8787,1357.2313,1359.055,0.0027,0.8962,0.6591,1359.3041,1,1472552,10778.45,1,0.0,1,0.0,1.0247,1
2026-05-22 12:45:00,1360.8,1360.9,1360.6,1360.8,10352,1360.1182,1359.5438,1358.8907,1,0.5068,0.3065,0.2003,1,34.6829,31.8627,8.2265,68.2619,-1,75.6757,78.4144,0.1693,1361.1246,1357.2154,1359.17,0.0029,0.917,0.6406,1359.3898,1,1482904,11083.35,0,0.0,1,0.0,1.047,1
2026-05-22 12:46:00,1360.8,1361.3,1360.6,1361.2,7909,1360.3346,1359.6943,1358.9813,1,0.5715,0.3595,0.212,1,36.7306,33.8228,7.5887,71.2374,-1,86.4865,76.5766,0.1545,1361.4148,1357.2152,1359.315,0.0031,0.9489,0.6449,1359.4631,1,1490813,11304.6,0,0.5714,1,0.0,1.0767,1
2026-05-22 12:47:00,1361.2,1361.9,1361.1,1361.7,11382,1360.6076,1359.8767,1359.0879,1,0.6556,0.4187,0.2368,1,39.0177,37.4099,6.9276,74.4606,-1,94.8718,85.678,0.1618,1361.7503,1357.2497,1359.5,0.0033,0.9888,0.656,1359.6343,1,1502195,11230.9,0,0.625,1,0.0,1.1138,1
2026-05-22 12:48:00,1361.6,1365.5,1361.6,1365.2,188099,1361.5261,1360.3606,1359.3276,1,0.9932,0.5336,0.4595,1,42.2302,54.6381,4.7535,86.1558,-1,95.9459,92.4347,0.434,1363.1385,1356.5315,1359.835,0.0049,1.312,0.8877,1361.6974,1,1690294,20465.05,1,0.9231,1,0.0,1.3737,0
2026-05-22 12:49:00,1365.0,1365.4,1364.0,1364.3,44544,1362.0809,1360.7187,1359.5226,1,1.1745,0.6618,0.5127,1,45.2132,48.7266,4.2392,76.4599,-1,83.3333,91.3837,0.3162,1363.9004,1356.3296,1360.115,0.0056,1.0528,0.9243,1362.0419,1,1645750,22289.7,1,0.5,-1,-0.0659,1.3069,0
2026-05-22 12:50:00,1364.4,1364.7,1363.5,1363.8,27868,1362.4247,1360.9989,1359.6903,1,1.2634,0.7821,0.4813,1,47.0259,44.3021,7.6378,71.6365,-1,75.0,84.7598,0.2573,1364.3817,1356.4283,1360.405,0.0058,0.9269,0.944,1362.1901,1,1617882,23483.9,0,0.5,-1,-0.1025,1.2698,1
2026-05-22 12:51:00,1363.8,1364.0,1363.1,1364.0,21877,1362.7398,1361.2717,1359.8593,1,1.3345,0.8926,0.4419,1,47.9895,41.275,10.1527,72.3869,-1,76.1905,78.1746,0.272,1364.829,1356.561,1360.695,0.0061,0.8997,0.9408,1362.3719,1,1639759,23902.4,0,0.2222,1,-0.0879,1.2846,0
2026-05-22 12:52:00,1364.0,1364.1,1363.0,1363.6,24495,1362.9118,1361.4834,1360.006,1,1.3432,0.9827,0.3605,1,48.8843,37.8691,9.315,68.4845,-1,69.8413,73.6772,0.2352,1365.0995,1356.8505,1360.975,0.0061,0.8182,0.9522,1362.5107,1,1615264,24664.55,0,0.3636,-1,-0.1172,1.2549,0
2026-05-22 12:53:00,1363.8,1363.8,1362.6,1362.9,18449,1362.9095,1361.6121,1360.1195,1,1.2788,1.0419,0.2369,1,48.9802,34.5224,11.4376,62.1683,0,52.7273,66.253,0.1911,1365.1877,1357.2523,1361.22,0.0058,0.7117,0.9699,1362.6074,1,1596815,25155.7,0,0.75,-1,-0.1685,1.2029,1
2026-05-22 12:54:00,1362.9,1364.0,1362.9,1364.0,10122,1363.1276,1361.8292,1360.2717,1,1.3015,1.0938,0.2077,1,49.188,33.2112,10.5198,67.2758,-1,72.7273,65.0986,0.2573,1365.452,1357.518,1361.485,0.0058,0.817,0.9792,1362.7387,1,1606937,24994.6,0,1.0,1,-0.0879,1.2846,1
2026-05-22 12:55:00,1364.0,1364.1,1363.5,1364.1,16322,1363.3221,1362.0357,1360.4218,1,1.3125,1.1376,0.1749,1,49.4415,32.4665,10.0463,67.7027,-1,74.5455,66.6667,0.2425,1365.6392,1357.8908,1361.765,0.0057,0.8014,0.9521,1362.9089,1,1623259,25023.55,0,0.1667,1,-0.0806,1.292,1
2026-05-22 12:56:00,1364.2,1364.4,1363.3,1364.3,12086,1363.5176,1362.2415,1360.5739,1,1.3221,1.1745,0.1476,1,49.859,32.0426,9.2263,68.5854,-1,78.1818,75.1515,0.2277,1365.8465,1358.2035,1362.025,0.0056,0.7977,0.9627,1363.021,1,1635345,25099.05,0,0.0909,1,-0.0659,1.3069,0
2026-05-22 12:57:00,1364.3,1364.5,1363.6,1364.3,6868,1363.6741,1362.4286,1360.72,1,1.3145,1.2025,0.112,1,50.3074,30.6383,8.6073,68.5854,-1,77.3585,76.6953,0.1909,1366.0244,1358.5056,1362.265,0.0055,0.7707,0.9582,1363.123,1,1642213,24868.6,0,0.0,1,-0.0659,1.3069,1
2026-05-22 12:58:00,1364.4,1364.6,1363.9,1364.5,8602,1363.8393,1362.6169,1360.8683,1,1.3096,1.2239,0.0857,1,50.7865,29.7682,8.1494,69.5505,-1,79.5918,78.3774,-0.0513,1366.1449,1358.9051,1362.525,0.0053,0.7728,0.9397,1363.1917,1,1650815,24968.7,0,0.1429,1,-0.0513,1.3217,0
2026-05-22 12:59:00,1364.6,1364.6,1364.0,1364.0,8487,1363.8714,1362.7427,1360.9911,1,1.2509,1.2293,0.0216,1,51.2314,28.3746,7.7679,64.2373,0,69.3878,75.446,-0.022,1366.204,1359.246,1362.725,0.0051,0.6832,0.9155,1363.3068,1,1642328,24695.0,0,1.0,-1,-0.0879,1.2846,1
2026-05-22 13:00:00,1364.2,1366.0,1364.2,1365.4,44334,1364.1771,1362.9843,1361.164,1,1.3023,1.2439,0.0584,1,52.3985,34.3634,6.6503,70.933,-1,87.7551,78.9116,0.1173,1366.4583,1359.5017,1362.98,0.0051,0.8479,0.9929,1363.5364,1,1686662,26305.2,1,0.6667,1,0.0,1.3886,0
2026-05-22 13:01:00,1365.0,1365.4,1364.2,1364.9,10812,1364.3217,1363.1584,1361.3105,1,1.2879,1.2527,0.0352,1,53.4822,31.4405,6.0846,66.1682,-1,75.0,77.381,0.066,1366.5548,1359.8652,1363.21,0.0049,0.7526,1.0077,1363.5948,1,1675850,26577.5,0,0.0833,-1,-0.0366,1.3515,0
2026-05-22 13:02:00,1364.8,1364.9,1364.0,1364.0,8516,1364.2574,1363.2349,1361.416,1,1.1901,1.2402,-0.0501,-1,54.0206,29.4194,7.122,58.5449,0,41.1765,67.9772,0.0293,1366.489,1360.291,1363.39,0.0045,0.5984,1.0,1363.7276,1,1667334,26015.8,0,0.8889,-1,-0.1025,1.2846,1
2026-05-22 13:03:00,1364.4,1367.4,1364.0,1367.1,38714,1364.8259,1363.5863,1361.6389,1,1.3473,1.2616,0.0857,1,55.4806,38.5639,5.6455,70.9569,-1,93.75,69.9755,0.3082,1366.8898,1360.5702,1363.73,0.0046,1.0333,1.1715,1363.9819,1,1706048,27309.5,0,0.7941,1,0.0,1.5148,0
2026-05-22 13:04:00,1367.0,1367.0,1365.9,1367.0,20297,1365.2607,1363.8966,1361.8491,1,1.447,1.2987,0.1484,1,56.8362,35.7472,5.2332,70.2264,-1,91.6667,75.531,0.2199,1367.1556,1360.9544,1364.055,0.0045,0.9749,1.1735,1364.2367,1,1685751,27006.75,0,0.0,1,-0.0073,1.5074,0
2026-05-22 13:05:00,1367.0,1367.0,1365.1,1365.7,14697,1365.3486,1364.0606,1362.0001,1,1.405,1.3199,0.0851,1,56.6814,31.7881,9.3168,61.3804,0,64.5833,83.3333,0.1173,1367.0921,1361.5079,1364.3,0.0041,0.7507,1.2254,1364.3485,1,1671054,27224.0,0,0.6842,-1,-0.1024,1.4109,0
2026-05-22 13:06:00,1365.7,1365.7,1365.0,1365.1,6542,1365.2989,1364.1551,1362.1217,1,1.3082,1.3176,-0.0094,-1,56.3714,30.4501,9.526,57.7638,0,52.0833,69.4444,0.0586,1366.9137,1362.0763,1364.495,0.0035,0.6251,1.1879,1364.4078,1,1664512,27155.65,0,0.8571,-1,-0.1463,1.3663,1
2026-05-22 13:07:00,1365.1,1365.4,1365.0,1365.4,7762,1365.3191,1364.2682,1362.2502,1,1.2414,1.3024,-0.061,-1,56.0835,29.6812,9.2854,59.0626,0,55.5556,57.4074,0.0806,1366.7571,1362.6029,1364.68,0.003,0.6733,1.1316,1364.4801,1,1672274,26974.65,0,0.75,1,-0.1244,1.3886,1
2026-05-22 13:08:00,1365.3,1365.9,1365.2,1365.7,14415,1365.3953,1364.3984,1362.3855,1,1.1988,1.2817,-0.0828,-1,56.0894,31.5775,8.8637,60.3749,0,58.5366,55.3918,0.0879,1366.8183,1362.5917,1364.705,0.0031,0.7354,1.1008,1364.7197,1,1686689,18290.45,0,0.5714,1,-0.1024,1.4109,0
2026-05-22 13:09:00,1365.7,1365.7,1365.3,1365.3,6673,1365.3762,1364.4804,1362.4998,1,1.1199,1.2493,-0.1294,-1,56.0948,30.7189,8.6227,57.7182,0,48.7805,54.2909,0.0953,1366.8749,1362.6351,1364.755,0.0031,0.6285,1.0507,1364.7551,1,1680016,16396.9,0,1.0,-1,-0.1317,1.3812,0
2026-05-22 13:10:00,1365.4,1365.4,1365.0,1365.0,8692,1365.301,1364.5276,1362.5979,1,1.0214,1.2037,-0.1823,-1,55.51,29.8449,10.5112,55.7373,0,36.8421,48.0531,-0.0293,1366.8908,1362.7392,1364.815,0.003,0.5446,1.0042,1364.8339,1,1671324,15438.1,0,1.0,-1,-0.1536,1.3589,0
2026-05-22 13:11:00,1365.1,1365.2,1363.8,1363.8,21869,1365.0008,1364.4615,1362.645,1,0.8368,1.1303,-0.2935,-1,53.0071,26.9543,17.7948,48.5584,0,0.0,28.5409,-0.0806,1366.8983,1362.7117,1364.805,0.0031,0.2599,1.0325,1364.874,-1,1649455,15437.7,0,0.9286,-1,-0.2414,1.2698,0
2026-05-22 13:12:00,1363.8,1364.0,1363.5,1363.8,7378,1364.7606,1364.4013,1362.6903,1,0.6827,1.0408,-0.3581,-1,50.2735,25.9863,19.3105,48.5584,0,7.6923,14.8448,-0.0147,1366.887,1362.743,1364.815,0.003,0.2551,0.9945,1364.9558,-1,1656833,14581.85,0,0.0,1,-0.2414,1.2698,1
2026-05-22 13:13:00,1363.9,1364.8,1363.9,1364.1,7463,1364.6285,1364.3739,1362.7456,1,0.5781,0.9483,-0.3702,-1,48.4673,29.8644,17.924,50.4103,0,15.3846,7.6923,-0.2194,1366.7848,1362.9652,1364.875,0.0028,0.2971,0.9949,1365.0595,-1,1664296,14032.55,0,0.2222,1,-0.2194,1.292,1
2026-05-22 13:14:00,1364.3,1364.8,1363.9,1364.3,20312,1364.5628,1364.3672,1362.8065,1,0.5055,0.8597,-0.3542,-1,46.79,27.9214,16.7579,51.6597,0,20.5128,14.5299,-0.1975,1366.7767,1363.0033,1364.89,0.0028,0.3436,0.9881,1365.0584,-1,1684608,14542.05,0,0.0,1,-0.2048,1.3069,0
2026-05-22 13:15:00,1364.8,1364.8,1363.5,1363.5,12133,1364.3502,1364.2884,1362.8337,1,0.379,0.7636,-0.3845,-1,44.6509,25.3553,18.0456,46.6019,0,0.0,11.9658,-0.1611,1366.8139,1362.9061,1364.86,0.0029,0.152,1.0104,1365.0767,-1,1672475,14332.6,0,1.0,-1,-0.2633,1.2475,1
2026-05-22 13:16:00,1363.6,1364.0,1363.5,1363.8,7035,1364.2402,1364.244,1362.8716,-1,0.2996,0.6708,-0.3712,-1,42.6646,24.4255,17.3838,48.6329,0,7.6923,9.4017,-0.0952,1366.8293,1362.8407,1364.835,0.0029,0.2405,0.9739,1365.0902,-1,1679510,14080.05,0,0.4,1,-0.2414,1.2698,0
2026-05-22 13:17:00,1364.0,1364.3,1363.8,1363.8,11366,1364.1522,1364.2036,1362.908,-1,0.2339,0.5834,-0.3495,-1,41.1387,25.777,16.7234,48.6329,0,8.5714,5.4212,-0.1172,1366.8426,1362.7774,1364.81,0.003,0.2516,0.9401,1365.0686,-1,1690876,14304.95,0,0.4,-1,-0.2414,1.2698,1
2026-05-22 13:18:00,1363.9,1364.3,1363.9,1364.1,5967,1364.1417,1364.1942,1362.9548,-1,0.2037,0.5075,-0.3037,-1,39.7218,24.7638,16.0661,50.803,0,17.1429,11.1355,-0.1172,1366.8422,1362.7378,1364.79,0.003,0.3319,0.9086,1365.0705,-1,1696843,14173.2,0,0.5,1,-0.2194,1.292,1
2026-05-22 13:19:00,1364.1,1364.3,1364.0,1364.2,11137,1364.1534,1364.1947,1363.0036,-1,0.1857,0.4431,-0.2574,-1,38.4061,24.1504,15.6681,51.538,0,29.1667,18.2937,-0.0806,1366.8386,1362.7614,1364.8,0.003,0.3528,0.8652,1365.0611,-1,1707980,14305.7,0,0.3333,1,-0.2121,1.2995,1
2026-05-22 13:20:00,1364.2,1364.3,1364.0,1364.3,6900,1364.1827,1364.2043,1363.0545,-1,0.1775,0.39,-0.2125,-1,37.1844,23.523,15.2611,52.3054,0,33.3333,26.5476,-0.0513,1366.7752,1362.7148,1364.745,0.003,0.3904,0.8248,1365.0125,-1,1714880,12434.0,0,0.3333,1,-0.2048,1.3069,0
2026-05-22 13:21:00,1364.3,1364.4,1364.0,1364.0,12456,1364.1462,1364.1857,1363.0915,-1,0.1451,0.341,-0.1959,-1,36.182,23.5761,14.7122,49.7599,0,20.8333,27.7778,0.0147,1366.7543,1362.6457,1364.7,0.003,0.3296,0.7944,1364.9765,-1,1702424,12516.2,0,0.75,-1,-0.2268,1.2846,1
2026-05-22 13:22:00,1364.0,1364.2,1363.9,1364.1,10434,1364.1369,1364.1779,1363.1311,-1,0.126,0.298,-0.172,-1,35.0342,22.9106,15.2379,50.6225,0,27.2727,27.1465,0.022,1366.7529,1362.6571,1364.705,0.003,0.3523,0.7591,1364.9617,-1,1712858,12612.1,0,0.3333,1,-0.2194,1.292,0
2026-05-22 13:23:00,1364.1,1364.1,1363.1,1363.3,42995,1363.9695,1364.0981,1363.1377,-1,0.0458,0.2476,-0.2017,-1,32.5987,20.8026,21.1965,44.0991,0,8.6957,18.9339,-0.0586,1366.3308,1362.6992,1364.515,0.0027,0.1654,0.7763,1364.5348,-1,1669863,12826.15,1,0.8,-1,-0.278,1.2326,1
2026-05-22 13:24:00,1363.2,1364.0,1363.2,1363.6,9684,1363.8956,1364.0528,1363.1558,-1,0.0064,0.1994,-0.1929,-1,30.3372,19.2748,19.6397,46.8643,0,23.8095,19.926,-0.0513,1365.7989,1362.8911,1364.345,0.0021,0.2438,0.778,1364.3248,-1,1679547,12295.5,0,0.5,1,-0.256,1.2324,0
2026-05-22 13:25:00,1363.9,1364.3,1362.4,1363.6,33692,1363.8365,1364.0117,1363.1733,-1,-0.0245,0.1546,-0.1791,-1,29.4326,16.2265,23.1925,46.8643,0,50.0,27.5017,0.0073,1365.5867,1362.8933,1364.24,0.002,0.2624,0.8582,1364.1222,-1,1713239,13245.25,1,0.1579,-1,-0.256,1.0823,1
2026-05-22 13:26:00,1363.5,1364.4,1363.4,1364.2,13047,1363.9092,1364.0288,1363.2135,-1,-0.0007,0.1235,-0.1242,-1,28.4056,15.7143,21.2846,52.3335,0,75.0,49.6032,0.0293,1365.4826,1362.9074,1364.195,0.0019,0.5019,0.8683,1364.0887,1,1726286,13570.5,0,0.7,1,-0.2121,0.9024,0
2026-05-22 13:27:00,1364.2,1364.3,1363.5,1363.8,7966,1363.8874,1364.008,1363.2365,-1,-0.0138,0.0961,-0.1099,-1,27.452,14.6743,19.876,48.7323,0,58.3333,61.1111,0.0,1365.2868,1362.9432,1364.115,0.0017,0.3656,0.8634,1364.0485,-1,1718320,13580.7,0,0.5,-1,-0.2414,0.8728,0
2026-05-22 13:28:00,1363.8,1363.9,1362.5,1362.8,14154,1363.6699,1363.8982,1363.2194,-1,-0.1038,0.0561,-0.1599,-1,27.8104,13.047,25.5929,41.1151,0,16.6667,50.0,-0.0953,1365.0341,1362.9059,1363.97,0.0016,-0.0497,0.9017,1363.9149,-1,1704166,13567.65,0,0.7143,-1,-0.3145,0.7988,0
2026-05-22 13:29:00,1363.0,1363.3,1362.2,1362.2,21955,1363.3759,1363.7438,1363.1794,-1,-0.2209,0.0007,-0.2216,-1,28.4427,11.9277,25.7371,37.3435,0,0.0,25.0,-0.1466,1364.9592,1362.6708,1363.815,0.0017,-0.2058,0.9159,1363.7763,-1,1682211,14331.75,1,0.7273,-1,-0.3584,0.7544,1
2026-05-22 13:30:00,1362.6,1363.1,1362.4,1363.0,7527,1363.3007,1363.6762,1363.1724,-1,-0.2464,-0.0487,-0.1977,-1,29.0299,11.0895,23.9284,44.636,0,36.3636,17.6768,-0.0953,1364.7738,1362.6562,1363.715,0.0016,0.1624,0.9148,1363.7101,-1,1689738,14273.5,0,0.5714,1,-0.2999,0.8136,0
2026-05-22 13:31:00,1363.1,1363.1,1362.4,1362.6,14252,1363.1606,1363.5783,1363.1499,-1,-0.2954,-0.0981,-0.1974,-1,29.5752,10.473,22.5982,42.0036,0,18.1818,18.1818,-0.1026,1364.8186,1362.4914,1363.655,0.0017,0.0467,0.8994,1363.6145,-1,1675486,13892.65,0,0.7143,-1,-0.3292,0.784,0
2026-05-22 13:32:00,1362.5,1363.0,1362.4,1362.4,23529,1363.0085,1363.4712,1363.1205,-1,-0.3464,-0.1477,-0.1987,-1,30.0815,9.9619,21.4952,40.7108,0,9.0909,21.2121,-0.1246,1364.8676,1362.3024,1363.585,0.0019,0.0381,0.878,1363.5295,-1,1651957,14700.2,1,0.1667,-1,-0.3438,0.7692,1
2026-05-22 13:33:00,1362.6,1363.1,1362.4,1363.1,12885,1363.0268,1363.4375,1363.1197,-1,-0.3266,-0.1835,-0.1431,-1,30.2872,10.2117,20.2531,46.874,0,40.9091,22.7273,-0.0147,1364.8114,1362.2586,1363.535,0.0019,0.3296,0.8653,1363.4826,-1,1664842,14971.3,0,0.7143,1,-0.2926,0.821,1
2026-05-22 13:34:00,1363.1,1363.2,1362.6,1363.2,14059,1363.0614,1363.4159,1363.1229,-1,-0.2994,-0.2067,-0.0927,-1,30.2089,10.5386,19.2276,47.7103,0,45.4545,31.8182,-0.0293,1364.7139,1362.2461,1363.48,0.0018,0.3865,0.8464,1363.4005,-1,1678901,14658.65,0,0.1667,1,-0.2853,0.8284,0
2026-05-22 13:35:00,1363.0,1363.3,1362.4,1362.8,13785,1363.0091,1363.3599,1363.1102,-1,-0.3065,-0.2267,-0.0799,-1,30.4273,9.7417,19.454,44.6806,0,27.2727,37.8788,-0.0587,1364.7138,1362.1762,1363.445,0.0019,0.2458,0.8502,1363.3521,-1,1665116,14741.25,0,0.2222,-1,-0.3145,0.7988,0
2026-05-22 13:36:00,1362.7,1362.9,1362.4,1362.7,6538,1362.9473,1363.2999,1363.0941,-1,-0.3166,-0.2447,-0.072,-1,30.63,9.3201,18.612,43.9296,0,22.7273,31.8182,-0.11,1364.6875,1362.0925,1363.39,0.0019,0.2341,0.8252,1363.3269,-1,1658578,14716.4,0,0.0,1,-0.3218,0.7914,0
2026-05-22 13:37:00,1362.7,1362.8,1362.2,1362.6,11654,1362.8778,1363.2363,1363.0747,-1,-0.3289,-0.2615,-0.0674,-1,31.1166,8.8264,19.3918,43.1485,0,18.1818,22.7273,-0.088,1364.6568,1362.0032,1363.33,0.0019,0.2249,0.8091,1363.2708,-1,1646924,14730.8,0,0.1667,-1,-0.3292,0.784,0
2026-05-22 13:38:00,1362.4,1362.6,1362.2,1362.5,8042,1362.8023,1363.1693,1363.0522,-1,-0.3428,-0.2778,-0.065,-1,31.5684,8.503,18.6814,42.3378,0,13.6364,18.1818,-0.022,1364.5744,1361.9256,1363.25,0.0019,0.2169,0.7799,1363.2315,-1,1638882,14834.55,0,0.25,1,-0.3365,0.7766,0
2026-05-22 13:39:00,1362.2,1362.6,1361.4,1362.4,38405,1362.7218,1363.0994,1363.0266,-1,-0.3577,-0.2937,-0.0639,-1,32.9932,7.6031,23.7599,41.4982,0,33.3333,21.7172,0.0147,1364.4583,1361.8617,1363.16,0.0019,0.2073,0.8099,1363.0691,-1,1600477,16197.95,1,0.1667,1,-0.3438,0.7692,1
2026-05-22 13:40:00,1362.4,1362.6,1362.2,1362.5,7123,1362.6775,1363.0449,1363.006,-1,-0.3573,-0.3065,-0.0509,-1,34.3162,7.3248,22.8902,42.7215,0,37.931,28.3002,-0.0367,1364.2867,1361.8533,1363.07,0.0018,0.2658,0.7806,1363.0311,-1,1607600,16209.1,0,0.25,1,-0.3365,0.7766,0
2026-05-22 13:41:00,1362.1,1362.7,1361.6,1361.7,28701,1362.482,1362.9226,1362.9548,-1,-0.4168,-0.3285,-0.0883,-1,36.1115,6.6085,25.986,36.1999,0,12.0,27.7548,-0.0661,1364.2317,1361.6783,1362.955,0.0019,0.0085,0.8034,1362.9038,-1,1578899,17021.35,1,0.3636,-1,-0.395,0.7175,1
2026-05-22 13:42:00,1361.7,1362.4,1361.6,1362.3,10883,1362.4456,1362.866,1362.9291,-1,-0.4108,-0.345,-0.0658,-1,37.7785,6.1383,24.1372,43.2029,0,47.3684,32.4332,-0.0073,1364.0571,1361.6729,1362.865,0.0017,0.263,0.8032,1362.8426,-1,1589782,17043.8,0,0.75,1,-0.3511,0.7618,0
2026-05-22 13:43:00,1362.3,1362.4,1361.5,1361.9,7980,1362.3365,1362.7782,1362.8887,-1,-0.4333,-0.3626,-0.0706,-1,39.4153,5.6512,23.1035,40.047,0,26.3158,28.5614,-0.088,1364.0399,1361.5501,1362.795,0.0018,0.1405,0.8101,1362.7264,-1,1581802,15293.05,0,0.4444,-1,-0.3804,0.7322,0
2026-05-22 13:44:00,1361.9,1362.0,1361.1,1361.3,21877,1362.1292,1362.6438,1362.8264,-1,-0.4938,-0.3889,-0.105,-1,41.2628,5.2063,24.7837,35.8201,0,9.0909,27.5917,-0.1394,1364.027,1361.333,1362.68,0.002,-0.0123,0.8165,1362.6132,-1,1559925,15902.7,0,0.6667,-1,-0.4243,0.6879,1
2026-05-22 13:45:00,1361.7,1362.4,1361.5,1362.4,24243,1362.1833,1362.6217,1362.8097,-1,-0.4479,-0.4007,-0.0472,-1,41.6604,8.1319,22.4565,46.888,0,59.0909,31.4992,-0.0294,1363.9031,1361.3369,1362.62,0.0019,0.4143,0.8368,1362.4833,-1,1584168,15430.25,1,0.7778,1,-0.3438,0.7692,0
2026-05-22 13:46:00,1362.4,1362.6,1361.9,1362.4,22216,1362.2267,1362.6015,1362.7936,-1,-0.4068,-0.4019,-0.0049,-1,41.435,9.3677,21.0988,46.888,0,59.0909,42.4242,-0.022,1363.5904,1361.4696,1362.53,0.0016,0.4387,0.827,1362.4083,-1,1606384,15888.7,0,0.0,1,-0.3438,0.7692,0
2026-05-22 13:47:00,1362.4,1362.4,1361.7,1362.2,11320,1362.2213,1362.565,1362.7704,-1,-0.3859,-0.3987,0.0128,1,41.4785,8.7951,21.5556,45.2428,0,50.0,56.0606,-0.0294,1363.3433,1361.5567,1362.45,0.0013,0.3601,0.8179,1362.3612,-1,1595064,16056.4,0,0.2857,-1,-0.3584,0.7544,0
2026-05-22 13:48:00,1362.3,1362.3,1361.6,1361.6,7112,1362.0971,1362.4773,1362.7245,-1,-0.413,-0.4016,-0.0115,-1,41.6433,8.2518,21.1066,40.6362,0,22.7273,43.9394,-0.0661,1363.3406,1361.4394,1362.39,0.0014,0.0845,0.8095,1362.3175,-1,1587952,15704.3,0,1.0,-1,-0.4023,0.7101,1
2026-05-22 13:49:00,1361.8,1362.0,1361.5,1361.8,6723,1362.0377,1362.4157,1362.6882,-1,-0.4136,-0.404,-0.0096,-1,41.9222,7.8775,21.0564,42.7295,0,38.8889,37.2054,-0.044,1363.352,1361.388,1362.37,0.0014,0.2098,0.7874,1362.2868,-1,1594675,14942.7,0,0.0,1,-0.3877,0.7249,1
2026-05-22 13:50:00,1361.8,1362.0,1361.5,1361.9,7549,1362.0101,1362.3688,1362.6573,-1,-0.4014,-0.4035,0.0021,1,42.1812,7.5107,20.0758,43.7966,0,47.0588,36.225,-0.044,1363.2727,1361.3573,1362.315,0.0014,0.2833,0.7669,1362.2607,-1,1602224,14943.8,0,0.2,1,-0.3804,0.7322,0
2026-05-22 13:51:00,1361.9,1362.0,1361.1,1361.5,10471,1361.9081,1362.2898,1362.6119,-1,-0.4191,-0.4066,-0.0125,-1,42.9156,6.8888,22.0935,40.5424,0,25.0,36.9826,-0.0147,1363.2707,1361.2493,1362.26,0.0015,0.124,0.7764,1362.2137,-1,1591753,14754.75,0,0.4444,-1,-0.4096,0.7027,0
2026-05-22 13:52:00,1361.6,1361.8,1360.8,1360.8,17499,1361.6865,1362.1544,1362.5409,-1,-0.4841,-0.4221,-0.062,-1,43.9133,6.2678,22.8063,35.5626,0,0.0,24.0196,-0.1101,1363.371,1360.989,1362.18,0.0017,-0.0794,0.7923,1362.1168,-1,1574254,14453.25,0,0.8,-1,-0.4608,0.6509,1
2026-05-22 13:53:00,1361.2,1361.7,1360.6,1361.2,17266,1361.5892,1362.0676,1362.4883,-1,-0.4976,-0.4372,-0.0604,-1,45.0326,5.663,22.3601,40.091,0,28.5714,17.8571,-0.0514,1363.2704,1360.8996,1362.085,0.0017,0.1267,0.8143,1362.028,-1,1591520,14672.3,0,0.0,1,-0.4316,0.6805,1
2026-05-22 13:54:00,1361.3,1361.7,1360.6,1361.3,31221,1361.5313,1361.9979,1362.4417,-1,-0.4945,-0.4486,-0.0458,-1,46.072,5.13,20.2554,41.2034,0,33.3333,20.6349,0.0,1363.1052,1360.8748,1361.99,0.0016,0.1906,0.8347,1361.9008,-1,1622741,15530.4,1,0.0,1,-0.4243,0.6879,0
2026-05-22 13:55:00,1361.3,1361.3,1360.0,1360.4,20266,1361.3051,1361.8526,1362.3616,-1,-0.5582,-0.4706,-0.0877,-1,47.5534,4.5811,23.0261,34.9188,1,15.3846,25.7631,-0.1468,1363.1192,1360.6208,1361.87,0.0018,-0.0884,0.868,1361.775,-1,1602475,15854.45,0,0.6923,-1,-0.4901,0.6213,1
2026-05-22 13:56:00,1360.6,1361.2,1360.2,1360.6,20314,1361.1641,1361.7387,1362.2925,-1,-0.5858,-0.4936,-0.0922,-1,48.929,4.2082,21.1515,37.2108,0,23.0769,23.9316,-0.1321,1363.0693,1360.4607,1361.765,0.0019,0.0534,0.8774,1361.6893,-1,1622789,16543.25,0,0.0,1,-0.4755,0.6361,0
2026-05-22 13:57:00,1360.8,1360.8,1360.0,1360.5,8415,1361.0312,1361.6261,1362.2222,-1,-0.6088,-0.5167,-0.0921,-1,50.3597,3.9324,21.4038,36.5183,0,19.2308,19.2308,-0.1248,1363.0156,1360.3044,1361.66,0.002,0.0721,0.8719,1361.627,-1,1614374,16381.3,0,0.375,-1,-0.4828,0.6287,0
2026-05-22 13:58:00,1360.6,1360.6,1360.0,1360.3,7347,1360.885,1361.5056,1362.1469,-1,-0.6358,-0.5405,-0.0953,-1,51.6881,3.7347,20.3277,35.1109,0,11.5385,17.9487,-0.0955,1362.9706,1360.1294,1361.55,0.0021,0.06,0.8524,1361.5774,-1,1607027,16346.55,0,0.5,-1,-0.4974,0.6139,1
2026-05-22 13:59:00,1360.2,1360.7,1360.0,1360.4,16099,1360.788,1361.4051,1362.0783,-1,-0.6417,-0.5607,-0.081,-1,52.4855,4.3616,19.1199,36.4301,0,15.3846,15.3846,-0.1028,1362.8984,1360.0016,1361.45,0.0021,0.1375,0.8416,1361.4433,-1,1623126,15231.25,0,0.2857,1,-0.4901,0.6213,1
2026-05-22 14:00:00,1360.4,1361.0,1360.3,1360.5,14302,1360.7304,1361.3228,1362.0165,-1,-0.6311,-0.5748,-0.0563,-1,52.0095,6.6765,17.9701,37.792,0,20.8333,15.9188,-0.1028,1362.7706,1359.9294,1361.35,0.0021,0.2008,0.8314,1361.382,-1,1637428,15590.2,0,0.1429,1,-0.4828,0.6287,0
2026-05-22 14:01:00,1360.3,1360.6,1360.3,1360.3,5638,1360.6443,1361.2298,1361.9491,-1,-0.6315,-0.5861,-0.0453,-1,51.5676,6.4962,17.4848,36.125,0,13.0435,16.4205,-0.0881,1362.7614,1359.7986,1361.28,0.0022,0.1692,0.7935,1361.3014,-1,1631790,14437.05,0,0.0,1,-0.4974,0.5767,0
2026-05-22 14:02:00,1360.3,1360.5,1359.6,1359.8,25272,1360.4755,1361.0998,1361.8649,-1,-0.6645,-0.6018,-0.0627,-1,52.0107,5.9749,22.3232,32.2904,1,8.3333,14.07,-0.0735,1362.6918,1359.6182,1361.155,0.0023,0.0592,0.8011,1361.1614,-1,1606518,15156.5,1,0.5556,-1,-0.534,0.5397,1
2026-05-22 14:03:00,1359.6,1360.2,1359.6,1360.1,9784,1360.4004,1361.0089,1361.7956,-1,-0.6589,-0.6132,-0.0456,-1,52.4222,5.6494,21.1071,36.6364,0,20.8333,14.07,-0.0808,1362.6274,1359.5026,1361.065,0.0023,0.1912,0.7867,1361.1029,-1,1616302,15246.7,0,0.8333,1,-0.512,0.5619,0
2026-05-22 14:04:00,1360.0,1360.1,1358.5,1358.5,22248,1360.0203,1360.7808,1361.6664,-1,-0.7746,-0.6455,-0.1291,-1,53.6691,4.8852,27.5522,26.7681,1,0.0,9.7222,-0.2057,1362.8401,1359.0099,1360.925,0.0028,-0.1331,0.8448,1360.926,-1,1594054,15265.25,0,0.9375,-1,-0.6291,0.4436,1
2026-05-22 14:05:00,1358.9,1358.9,1358.1,1358.6,16077,1359.7362,1360.5826,1361.5462,-1,-0.8484,-0.6861,-0.1624,-1,55.0442,4.5535,29.0763,28.0721,1,13.5135,11.4489,-0.1323,1362.7768,1358.6932,1360.735,0.003,-0.0228,0.8416,1360.7008,-1,1610131,14856.95,0,0.375,-1,-0.6218,0.451,1
2026-05-22 14:06:00,1358.8,1359.1,1358.3,1359.1,11932,1359.609,1360.4478,1361.4502,-1,-0.8567,-0.7202,-0.1365,-1,55.6843,5.9467,27.0951,34.3655,1,27.7778,13.7638,-0.1102,1362.5801,1358.5599,1360.57,0.003,0.1343,0.8386,1360.4993,-1,1622063,14342.75,0,0.375,1,-0.5852,0.488,0
2026-05-22 14:07:00,1359.1,1359.4,1357.2,1357.2,21146,1359.1272,1360.1525,1361.2836,-1,-1.005,-0.7772,-0.2279,-1,56.88,4.9482,30.941,25.3049,1,0.0,13.7638,-0.2426,1362.6717,1357.9683,1360.32,0.0035,-0.1634,0.9359,1360.2553,-1,1600917,14834.05,0,0.8636,-1,-0.7242,0.3475,1
2026-05-22 14:08:00,1357.2,1358.4,1357.2,1358.1,18976,1358.9218,1359.966,1361.1587,-1,-1.038,-0.8293,-0.2087,-1,57.9904,4.5039,28.1633,34.16,1,21.9512,16.5763,-0.1617,1362.6079,1357.6821,1360.145,0.0036,0.0848,0.9548,1360.0741,-1,1619893,15427.25,0,0.75,1,-0.6583,0.414,1
2026-05-22 14:09:00,1358.4,1358.8,1357.9,1358.8,13233,1358.8974,1359.86,1361.0662,-1,-0.9961,-0.8627,-0.1334,-1,57.9156,7.2043,26.2592,40.1073,0,40.0,20.6504,-0.1176,1362.4012,1357.5888,1359.995,0.0035,0.2517,0.9508,1359.9718,-1,1633126,15752.75,0,0.4444,1,-0.6071,0.4658,1
2026-05-22 14:10:00,1358.9,1358.9,1358.5,1358.9,4908,1358.8979,1359.7727,1360.9813,-1,-0.944,-0.879,-0.0651,-1,57.5814,7.7621,25.436,40.9282,0,44.7368,35.5627,-0.1176,1362.1284,1357.5616,1359.845,0.0034,0.2931,0.9115,1359.9087,-1,1638034,15620.7,0,0.0,1,-0.5998,0.4732,0
2026-05-22 14:11:00,1358.9,1358.9,1358.0,1358.0,8353,1358.7183,1359.6115,1360.8643,-1,-0.9642,-0.896,-0.0682,-1,57.6478,7.2142,27.5622,36.1287,0,21.0526,35.2632,-0.1691,1361.9557,1357.3843,1359.67,0.0034,0.1347,0.9107,1359.8106,-1,1629681,15514.8,0,1.0,-1,-0.6656,0.4067,1
2026-05-22 14:12:00,1358.3,1358.9,1358.0,1358.6,12233,1358.6947,1359.5196,1360.7756,-1,-0.9212,-0.9011,-0.0201,-1,57.7095,6.7045,25.6149,41.0886,0,36.8421,34.2105,-0.0882,1361.8293,1357.2907,1359.56,0.0033,0.2885,0.9099,1359.6822,-1,1641914,15251.5,0,0.3333,1,-0.6218,0.451,1
2026-05-22 14:13:00,1358.3,1359.0,1358.2,1358.7,14406,1358.6957,1359.4451,1360.6942,-1,-0.869,-0.8946,0.0256,1,57.4781,7.0716,23.9923,41.8984,0,39.4737,32.4561,-0.1029,1361.6023,1357.2677,1359.435,0.0032,0.3304,0.9021,1359.5473,-1,1656320,15108.5,0,0.5,1,-0.6144,0.4584,1
2026-05-22 14:14:00,1358.8,1359.8,1358.2,1359.6,41014,1358.8766,1359.4592,1360.6512,-1,-0.7464,-0.865,0.1186,1,55.2765,12.2256,21.1118,48.7293,0,70.5882,48.968,0.081,1361.3445,1357.3555,1359.35,0.0029,0.5627,0.9519,1359.3363,1,1697334,15598.15,1,0.5,1,-0.5486,0.525,0
2026-05-22 14:15:00,1359.5,1359.8,1358.3,1358.7,21763,1358.8413,1359.3901,1360.5747,-1,-0.7137,-0.8347,0.1211,1,53.2322,10.9039,18.8294,43.2529,0,45.4545,51.8388,0.0074,1361.2177,1357.3123,1359.265,0.0029,0.3553,0.9911,1359.2287,-1,1675571,15673.0,0,0.5333,-1,-0.6144,0.4584,1
2026-05-22 14:16:00,1358.7,1359.1,1358.5,1358.8,11550,1358.833,1359.3365,1360.5051,-1,-0.6719,-0.8022,0.1303,1,51.3338,10.4187,17.9916,44.0059,0,53.3333,56.4587,-0.0221,1361.0371,1357.3129,1359.175,0.0027,0.3993,0.9631,1359.1166,-1,1687121,15234.8,0,0.1667,1,-0.6071,0.4658,0
2026-05-22 14:17:00,1358.7,1358.7,1358.0,1358.4,8701,1358.7464,1359.2514,1360.4226,-1,-0.6634,-0.7744,0.111,1,50.2167,9.7929,20.6646,41.6266,0,41.3793,46.7224,0.0884,1360.8567,1357.2833,1359.07,0.0026,0.3125,0.9515,1359.0589,-1,1678420,15249.1,0,0.4286,-1,-0.6364,0.4362,0
2026-05-22 14:18:00,1358.5,1358.5,1357.8,1358.1,7416,1358.6171,1359.1467,1360.3315,-1,-0.6732,-0.7542,0.081,1,49.411,9.2684,21.0881,39.8848,0,34.6154,43.1093,0.0,1360.7006,1357.2194,1358.96,0.0026,0.253,0.9335,1359.0065,-1,1671004,15252.55,0,0.5714,-1,-0.6583,0.414,0
2026-05-22 14:19:00,1358.1,1358.3,1357.9,1357.9,7025,1358.4737,1359.0334,1360.2361,-1,-0.6891,-0.7412,0.0521,1,48.6628,8.9727,20.4152,38.7215,0,26.9231,34.3059,-0.0662,1360.5015,1357.1685,1358.835,0.0025,0.2195,0.8954,1358.9094,-1,1663979,14798.85,0,0.5,-1,-0.673,0.3993,0
2026-05-22 14:20:00,1358.0,1358.0,1357.1,1357.3,25550,1358.239,1358.8758,1360.121,-1,-0.7415,-0.7412,-0.0003,-1,48.7947,8.3287,25.3295,35.3871,0,7.4074,22.982,-0.1177,1360.2848,1357.0652,1358.675,0.0024,0.0729,0.8957,1358.7107,-1,1638429,15361.25,1,0.7778,-1,-0.7168,0.3549,0
2026-05-22 14:21:00,1357.4,1357.6,1355.9,1356.2,20098,1357.8312,1358.6325,1359.9672,-1,-0.862,-0.7654,-0.0966,-1,49.7459,7.2677,31.0951,30.2449,1,7.6923,14.0076,-0.1325,1360.2365,1356.7035,1358.47,0.0026,-0.1425,0.9532,1358.5472,-1,1618331,16084.25,0,0.7059,-1,-0.7973,0.2736,1
2026-05-22 14:22:00,1356.6,1357.0,1356.3,1356.9,6733,1357.6449,1358.475,1359.847,-1,-0.8906,-0.7904,-0.1002,-1,50.6291,6.827,29.2093,36.5623,0,25.641,13.5802,-0.1251,1360.107,1356.543,1358.325,0.0026,0.1002,0.9422,1358.3885,-1,1625064,15157.3,0,0.4286,1,-0.7461,0.3253,1
2026-05-22 14:23:00,1356.9,1357.5,1356.8,1357.5,9261,1357.6159,1358.3864,1359.7549,-1,-0.8551,-0.8034,-0.0517,-1,50.271,10.3192,27.6303,41.4565,0,41.0256,24.7863,-0.0883,1359.8118,1356.5782,1358.195,0.0024,0.2851,0.9249,1358.3032,-1,1634325,15131.15,0,0.8571,1,-0.7022,0.3697,0
2026-05-22 14:24:00,1357.5,1357.5,1356.9,1357.1,6167,1357.5128,1358.2694,1359.6508,-1,-0.8494,-0.8126,-0.0368,-1,49.9385,9.8287,26.3171,39.2808,0,30.7692,32.4786,-0.1839,1359.8029,1356.4471,1358.125,0.0025,0.1946,0.9017,1358.222,-1,1628158,14327.1,0,0.6667,-1,-0.7315,0.3401,1
2026-05-22 14:25:00,1357.3,1358.3,1356.8,1358.1,70695,1357.6302,1358.254,1359.59,-1,-0.7555,-0.8012,0.0457,1,47.9779,14.764,23.3316,46.7981,0,56.4103,42.735,-0.0442,1359.7637,1356.4363,1358.1,0.0025,0.5,0.9445,1358.1061,-1,1698853,17058.0,1,0.5333,1,-0.6583,0.414,1
2026-05-22 14:26:00,1358.3,1359.3,1358.2,1358.6,21748,1357.8242,1358.2855,1359.5512,-1,-0.6334,-0.7676,0.1342,1,44.6163,20.869,21.2543,50.1231,0,69.2308,52.1368,-0.0147,1359.6923,1356.4577,1358.075,0.0024,0.6623,0.9627,1358.1182,1,1720601,17548.8,0,0.2727,1,-0.6218,0.451,1
2026-05-22 14:27:00,1358.6,1359.1,1357.5,1358.9,130384,1358.0393,1358.3414,1359.5256,-1,-0.5066,-0.7154,0.2088,1,42.3243,18.5035,23.8043,52.0591,0,76.9231,67.5214,0.0368,1359.763,1356.557,1358.16,0.0024,0.7308,1.0082,1358.2348,1,1850985,23010.7,1,0.1875,1,-0.5998,0.4732,0
2026-05-22 14:28:00,1358.9,1359.2,1358.3,1358.6,70131,1358.1515,1358.3649,1359.4893,-1,-0.4255,-0.6574,0.232,1,40.0537,18.0285,22.2748,49.9703,0,69.2308,71.7949,0.0368,1359.799,1356.571,1358.185,0.0024,0.6286,1.0005,1358.3111,1,1780854,25568.45,1,0.3333,-1,-0.6218,0.451,0
2026-05-22 14:29:00,1358.6,1358.6,1358.0,1358.0,23476,1358.1212,1358.3317,1359.4309,-1,-0.4049,-0.6069,0.202,1,38.2912,17.2335,23.4973,45.9953,0,61.7647,69.3062,0.0074,1359.7356,1356.5544,1358.145,0.0023,0.4544,0.9719,1358.3013,-1,1757378,26080.6,0,1.0,-1,-0.6656,0.4067,0
2026-05-22 14:30:00,1357.5,1358.1,1356.9,1357.6,96909,1358.0169,1358.2652,1359.3591,-1,-0.416,-0.5687,0.1527,1,37.719,15.7387,29.4103,43.5104,0,50.0,60.3318,0.0221,1359.6479,1356.5121,1358.08,0.0023,0.3469,0.9882,1358.1763,-1,1660469,30680.65,1,0.0833,1,-0.6949,0.3771,1
2026-05-22 14:31:00,1357.6,1358.1,1357.1,1357.7,6382,1357.9536,1358.2138,1359.2941,-1,-0.4121,-0.5374,0.1253,1,37.1878,14.602,27.2862,44.3203,0,52.9412,54.902,0.1106,1359.6414,1356.4886,1358.065,0.0023,0.3842,0.989,1358.1689,-1,1666851,30582.1,0,0.1,1,-0.6876,0.3548,1
2026-05-22 14:32:00,1357.9,1358.1,1357.6,1357.9,4434,1357.9428,1358.1853,1359.2394,-1,-0.3883,-0.5076,0.1193,1,36.6944,14.0554,26.2648,45.9881,0,58.8235,53.9216,0.0737,1359.5883,1356.4717,1358.03,0.0023,0.4583,0.9541,1358.16,-1,1671285,30192.15,0,0.0,1,-0.673,0.3325,1
2026-05-22 14:33:00,1358.0,1358.2,1357.5,1358.0,19012,1357.9543,1358.1684,1359.1908,-1,-0.3573,-0.4775,0.1202,1,36.0539,14.0677,24.8617,46.8455,0,61.7647,57.8431,0.0368,1359.5227,1356.4673,1357.995,0.0022,0.5016,0.936,1358.1407,-1,1690297,30422.45,0,0.0,1,-0.6656,0.3399,0
2026-05-22 14:34:00,1358.0,1358.2,1357.8,1357.8,7837,1357.9234,1358.1349,1359.1362,-1,-0.3449,-0.451,0.1061,1,35.4591,13.62,24.0704,45.2968,0,55.8824,58.8235,0.0516,1359.2444,1356.5656,1357.905,0.002,0.4608,0.8977,1358.0623,-1,1682460,28763.6,0,0.5,-1,-0.6803,0.3251,0
2026-05-22 14:35:00,1357.7,1357.7,1357.5,1357.5,24609,1357.8387,1358.0772,1359.0721,-1,-0.3551,-0.4318,0.0767,1,35.2365,13.2786,25.9735,43.0005,0,40.0,52.549,-0.0442,1359.1434,1356.5466,1357.845,0.0019,0.3671,0.855,1358.0084,-1,1657851,28905.9,0,1.0,-1,-0.7022,0.3029,0
2026-05-22 14:36:00,1357.6,1357.7,1357.5,1357.5,9866,1357.771,1358.0247,1359.0104,-1,-0.3591,-0.4173,0.0581,1,35.0297,13.0439,25.5144,43.0005,0,28.0,41.2941,-0.081,1359.009,1356.551,1357.78,0.0018,0.3861,0.8082,1357.985,-1,1667717,28821.7,0,0.5,-1,-0.7022,0.3029,0
2026-05-22 14:37:00,1357.6,1357.6,1357.1,1357.1,21831,1357.6368,1357.9407,1358.9355,-1,-0.3901,-0.4119,0.0218,1,35.272,12.4514,27.9895,39.8747,0,12.0,26.6667,-0.1325,1358.9435,1356.4865,1357.715,0.0018,0.2497,0.7862,1357.9528,-1,1645886,29478.2,0,1.0,-1,-0.7315,0.2734,0
2026-05-22 14:38:00,1357.2,1357.2,1357.0,1357.0,24742,1357.5094,1357.8552,1358.8596,-1,-0.4179,-0.4131,-0.0048,-1,35.6009,12.2124,28.412,39.1093,0,8.0,16.0,-0.1178,1358.9128,1356.4072,1357.66,0.0018,0.2366,0.7443,1357.9144,-1,1621144,30344.5,0,1.0,-1,-0.7388,0.266,0
2026-05-22 14:39:00,1356.7,1356.8,1356.0,1356.8,20782,1357.3675,1357.7592,1358.7788,-1,-0.4508,-0.4206,-0.0302,-1,36.7773,11.0685,35.1174,37.5565,0,24.2424,14.7475,-0.0884,1358.9065,1356.3035,1357.605,0.0019,0.1907,0.7626,1357.8668,-1,1600362,31032.35,0,0.125,1,-0.7534,0.2512,1
2026-05-22 14:40:00,1356.6,1357.9,1356.6,1357.9,9417,1357.474,1357.772,1358.7444,-1,-0.3838,-0.4132,0.0295,1,35.7655,19.5949,31.0462,49.4451,0,59.375,30.5391,0.0221,1358.9347,1356.3353,1357.635,0.0019,0.602,0.801,1357.8775,1,1609779,30225.7,0,1.0,1,-0.673,0.3325,0
2026-05-22 14:41:00,1357.9,1357.9,1357.2,1357.4,9486,1357.4592,1357.7382,1358.6917,-1,-0.3667,-0.4039,0.0372,1,34.826,18.3606,29.0905,45.2298,0,43.75,42.4558,-0.0221,1358.8237,1356.5663,1357.695,0.0017,0.3693,0.7938,1357.9159,-1,1600293,29695.1,0,0.7143,-1,-0.7095,0.2956,0
2026-05-22 14:42:00,1357.8,1357.9,1357.1,1357.4,5853,1357.4474,1357.7075,1358.641,-1,-0.3492,-0.393,0.0438,1,34.0643,17.0395,27.8968,45.2298,0,53.8462,52.3237,-0.0368,1358.7981,1356.6419,1357.72,0.0016,0.3516,0.7942,1357.9248,-1,1606146,29651.1,0,0.5,-1,-0.7095,0.2956,1
2026-05-22 14:43:00,1357.6,1358.1,1357.1,1357.9,19179,1357.5379,1357.725,1358.6119,-1,-0.2916,-0.3727,0.0811,1,32.9904,17.301,25.4335,50.1578,0,86.3636,61.3199,-0.0074,1358.8159,1356.6641,1357.74,0.0016,0.5744,0.8089,1357.9278,-1,1625325,30147.0,0,0.3,1,-0.673,0.3325,0
2026-05-22 14:44:00,1357.8,1357.8,1356.1,1356.3,32133,1357.2903,1357.5954,1358.5213,-1,-0.3708,-0.3723,0.0015,1,33.046,14.7723,29.836,38.2863,0,13.6364,51.2821,-0.1105,1358.9182,1356.4818,1357.7,0.0018,-0.0746,0.8797,1357.8742,-1,1593192,31445.3,0,0.8824,-1,-0.79,0.2143,1
2026-05-22 14:45:00,1356.3,1357.0,1356.0,1356.5,8690,1357.1323,1357.4958,1358.442,-1,-0.4127,-0.3804,-0.0323,-1,33.1886,13.5845,28.2409,40.1919,0,22.7273,40.9091,-0.0737,1358.9294,1356.3106,1357.62,0.0019,0.0723,0.8883,1357.8707,-1,1601882,28345.05,0,0.2,1,-0.7754,0.2291,1
2026-05-22 14:46:00,1356.9,1357.0,1356.5,1356.8,3641,1357.0658,1357.4326,1358.3776,-1,-0.4168,-0.3877,-0.0291,-1,33.321,13.0207,27.0689,43.0333,0,36.3636,24.2424,-0.0516,1358.8045,1356.2555,1357.53,0.0019,0.2136,0.8605,1357.8306,-1,1605523,27439.7,0,0.2,-1,-0.7534,0.2438,1
2026-05-22 14:47:00,1356.8,1356.9,1356.4,1356.9,6451,1357.0326,1357.3842,1358.3197,-1,-0.4074,-0.3916,-0.0157,-1,33.5451,12.4636,26.7664,43.9886,0,40.9091,33.3333,-0.0147,1358.5651,1356.2949,1357.43,0.0017,0.2665,0.8348,1357.6085,-1,1611974,21243.05,0,0.2,1,-0.7461,0.2512,1
2026-05-22 14:48:00,1356.9,1357.2,1356.8,1357.1,3736,1357.0461,1357.3583,1358.2718,-1,-0.3794,-0.3892,0.0098,1,33.1116,14.6867,25.8149,45.941,0,52.381,43.2179,0.0074,1358.3619,1356.3481,1357.355,0.0015,0.3734,0.8037,1357.3889,-1,1615710,17923.3,0,0.5,1,-0.7315,0.266,0
2026-05-22 14:49:00,1357.1,1357.8,1356.8,1356.8,18536,1356.9969,1357.3076,1358.2141,-1,-0.377,-0.3867,0.0097,1,31.5784,18.6447,23.5601,43.492,0,38.0952,43.7951,0.0,1358.2839,1356.3061,1357.295,0.0015,0.2497,0.8178,1357.3216,-1,1597174,17676.3,0,0.3,-1,-0.7534,0.2438,0
2026-05-22 14:50:00,1356.7,1356.8,1356.3,1356.4,5793,1356.8775,1357.2251,1358.143,-1,-0.4028,-0.3899,-0.0128,-1,30.7875,17.8071,26.9938,40.3997,0,19.0476,36.5079,-0.1105,1358.2862,1356.1838,1357.235,0.0015,0.1028,0.7951,1357.2253,-1,1591381,13120.5,0,0.6,-1,-0.7827,0.2143,1
2026-05-22 14:51:00,1356.6,1357.1,1356.6,1356.7,7332,1356.842,1357.1773,1358.0864,-1,-0.3945,-0.3909,-0.0036,-1,29.5293,19.3961,25.2816,43.6365,0,33.3333,30.1587,-0.0516,1358.2381,1356.1319,1357.185,0.0016,0.2697,0.7883,1357.2036,-1,1598713,13168.0,0,0.2,1,-0.7607,0.2364,0
2026-05-22 14:52:00,1356.8,1356.9,1356.0,1356.2,7463,1356.7136,1357.0885,1358.0124,-1,-0.4233,-0.3973,-0.026,-1,29.0796,17.8301,28.6228,39.7607,0,9.5238,20.6349,-0.0884,1358.1826,1356.0174,1357.1,0.0016,0.0843,0.7963,1357.1691,-1,1591250,13319.45,0,0.6667,-1,-0.7973,0.1995,0
2026-05-22 14:53:00,1356.0,1356.4,1356.0,1356.0,5015,1356.5709,1356.9895,1357.9335,-1,-0.4571,-0.4093,-0.0478,-1,28.662,17.1667,27.5579,38.2955,0,0.0,14.2857,-0.1399,1358.1009,1355.8991,1357.0,0.0016,0.0458,0.7679,1357.0935,-1,1586235,12619.6,0,0.0,1,-0.8119,0.1847,0
2026-05-22 14:54:00,1356.1,1356.1,1355.7,1355.9,3954,1356.4367,1356.8905,1357.8538,-1,-0.4863,-0.4247,-0.0616,-1,28.6195,16.5054,29.3855,37.5504,0,8.3333,5.9524,-0.0295,1358.0407,1355.7693,1356.905,0.0017,0.0576,0.7417,1357.048,-1,1582281,12425.45,0,0.5,-1,-0.8193,0.1773,0
2026-05-22 14:55:00,1356.0,1356.0,1355.3,1355.9,11084,1356.3294,1356.8004,1357.7771,-1,-0.5036,-0.4405,-0.0632,-1,29.006,15.3882,31.2644,37.5504,0,21.4286,9.9206,-0.0442,1358.0063,1355.6437,1356.825,0.0017,0.1085,0.7387,1356.9317,-1,1593365,11749.2,0,0.1429,-1,-0.8193,0.1773,0
2026-05-22 14:56:00,1355.7,1355.7,1355.0,1355.0,16527,1356.0635,1356.6368,1357.6682,-1,-0.5833,-0.469,-0.1142,-1,29.6607,14.0696,31.4416,31.2117,1,0.0,9.9206,-0.1327,1358.0813,1355.3187,1356.7,0.002,-0.1154,0.7502,1356.7896,-1,1576838,12082.25,0,1.0,-1,-0.8851,0.1108,0
2026-05-22 14:57:00,1355.1,1355.1,1355.0,1355.0,7196,1355.8508,1356.488,1357.5636,-1,-0.639,-0.503,-0.136,-1,30.2685,13.9268,31.1225,31.2117,1,0.0,7.1429,-0.14,1358.1474,1355.0426,1356.595,0.0023,-0.0137,0.7038,1356.688,-1,1584034,11350.5,0,1.0,-1,-0.8851,0.1108,1
2026-05-22 14:58:00,1354.9,1355.2,1354.4,1355.2,14848,1355.7206,1356.3709,1357.4709,-1,-0.6595,-0.5343,-0.1251,-1,31.3942,12.8069,34.6507,34.0796,1,23.5294,7.8431,-0.14,1358.1585,1354.8515,1356.505,0.0024,0.1054,0.7106,1356.5249,-1,1598882,10855.8,0,0.375,1,-0.8705,0.1256,0
2026-05-22 14:59:00,1355.2,1355.2,1354.9,1354.9,6026,1355.5565,1356.2372,1357.3701,-1,-0.6919,-0.5658,-0.1261,-1,32.4395,12.4041,33.5609,31.9292,1,14.7059,12.7451,-0.14,1358.1976,1354.6224,1356.41,0.0026,0.0777,0.6813,1356.4786,-1,1592856,10118.0,0,1.0,-1,-0.8924,0.1034,0
2026-05-22 15:00:00,1355.0,1355.4,1353.8,1354.1,45294,1355.2652,1356.0429,1357.2418,-1,-0.7733,-0.6073,-0.1659,-1,34.2302,10.5062,38.9451,27.031,1,7.5,15.2451,-0.1696,1358.1369,1354.3031,1356.22,0.0028,-0.053,0.7469,1356.0507,-1,1547562,11911.85,1,0.5625,-1,-0.9509,0.0443,0
2026-05-22 15:01:00,1354.4,1354.4,1353.6,1353.6,22348,1354.9322,1355.8208,1357.099,-1,-0.8681,-0.6595,-0.2086,-1,36.0143,9.7065,37.8836,24.5012,1,0.0,7.402,-0.2285,1358.1804,1353.8796,1356.03,0.0032,-0.065,0.7507,1355.8016,-1,1525214,12554.95,1,1.0,-1,-0.9875,0.0074,1
2026-05-22 15:02:00,1353.8,1354.1,1353.3,1354.1,57195,1354.7657,1355.6644,1356.9814,-1,-0.8926,-0.7061,-0.1865,-1,37.8477,8.9711,37.8546,31.414,1,17.7778,8.4259,-0.1548,1358.0752,1353.6548,1355.865,0.0033,0.1007,0.7542,1355.3971,-1,1582409,15122.05,1,0.375,1,-0.9509,0.0443,0
2026-05-22 15:03:00,1354.1,1354.1,1353.2,1353.7,34300,1354.5526,1355.4858,1356.8527,-1,-0.9335,-0.7516,-0.1819,-1,39.6086,8.2169,35.6062,29.1171,1,12.8205,10.1994,-0.1696,1357.85,1353.46,1355.655,0.0032,0.0547,0.7647,1355.0712,-1,1548109,15878.1,1,0.4444,-1,-0.9802,0.0148,0
2026-05-22 15:04:00,1353.8,1353.8,1353.6,1353.7,28264,1354.3821,1355.3234,1356.7291,-1,-0.9549,-0.7922,-0.1627,-1,41.2437,8.0548,34.9039,29.1171,1,12.8205,14.4729,-0.1623,1357.8556,1353.1944,1355.525,0.0034,0.1085,0.7243,1354.7773,-1,1576373,15684.65,1,0.5,-1,-0.9802,0.0148,1
2026-05-22 15:05:00,1353.8,1354.0,1353.6,1353.8,39198,1354.2657,1355.1849,1356.6142,-1,-0.9528,-0.8244,-0.1285,-1,42.2151,9.7641,33.4816,30.5886,1,16.2162,13.9524,-0.1549,1357.7907,1352.9893,1355.39,0.0035,0.1689,0.7012,1354.6226,-1,1615571,17210.05,1,0.0,1,-0.9729,0.0222,0
2026-05-22 15:06:00,1353.8,1353.9,1353.6,1353.8,29992,1354.1725,1355.059,1356.5039,-1,-0.9404,-0.8476,-0.0928,-1,43.1171,9.4529,32.4148,30.5886,1,18.75,15.9289,-0.0886,1357.6445,1352.8355,1355.24,0.0035,0.2006,0.6725,1354.5322,-1,1645563,18527.6,1,0.0,1,-0.9729,0.0222,1
2026-05-22 15:07:00,1353.9,1354.4,1353.6,1354.4,45431,1354.218,1354.9991,1356.4214,-1,-0.872,-0.8525,-0.0196,-1,42.6255,13.9002,29.6973,39.3498,0,41.3793,25.4485,-0.0443,1357.4191,1352.8109,1355.115,0.0034,0.3448,0.6816,1354.4533,-1,1690994,20476.6,1,0.625,1,-0.929,0.0665,1
2026-05-22 15:08:00,1354.4,1355.2,1354.2,1354.6,48465,1354.2944,1354.9628,1356.3499,-1,-0.7926,-0.8405,0.0479,1,40.4995,20.6034,26.6856,41.9788,0,50.0,36.7098,-0.0443,1357.1141,1352.8659,1354.99,0.0031,0.4082,0.7044,1354.4548,1,1739459,22713.05,1,0.2,1,-0.9143,0.0813,0
2026-05-22 15:09:00,1354.7,1354.7,1353.6,1353.8,33660,1354.1955,1354.8571,1356.2499,-1,-0.7851,-0.8294,0.0443,1,39.2829,18.3937,29.6736,35.3737,0,24.0,38.4598,-0.0812,1356.8524,1352.8276,1354.84,0.003,0.2416,0.7326,1354.3188,-1,1705799,23469.25,0,0.8182,-1,-0.9729,0.0222,0
2026-05-22 15:10:00,1353.8,1354.0,1353.1,1353.8,47604,1354.1164,1354.761,1356.1539,-1,-0.7703,-0.8176,0.0473,1,38.6915,16.8056,31.9082,35.3737,0,30.4348,34.8116,-0.0222,1356.6366,1352.7834,1354.71,0.0028,0.2638,0.7446,1354.2303,-1,1753403,25559.8,1,0.0,1,-0.9729,0.0222,0
2026-05-22 15:11:00,1353.6,1353.9,1353.0,1353.2,25193,1353.9331,1354.6191,1356.038,-1,-0.7978,-0.8136,0.0158,1,38.2446,15.3759,30.139,31.1153,1,8.3333,20.9227,-0.0296,1356.3386,1352.7314,1354.535,0.0027,0.1299,0.7557,1354.1535,-1,1728210,26452.85,0,0.4444,-1,-1.0168,0.0,0
2026-05-22 15:12:00,1353.2,1353.5,1352.6,1353.0,38907,1353.7465,1354.4719,1355.9189,-1,-0.8262,-0.8161,-0.0101,-1,38.226,14.0855,31.3396,29.8263,1,14.2857,17.6846,-0.0812,1356.1264,1352.6236,1354.375,0.0026,0.1075,0.766,1354.0463,-1,1689303,28025.05,0,0.2222,-1,-1.0314,0.0,0
2026-05-22 15:13:00,1353.0,1353.2,1352.4,1352.6,28240,1353.5172,1354.3017,1355.7887,-1,-0.871,-0.8271,-0.0439,-1,38.3962,13.038,30.8681,27.3831,1,6.6667,9.7619,-0.0813,1355.9525,1352.4575,1354.205,0.0026,0.0408,0.7684,1353.9649,-1,1661063,29186.3,0,0.5,-1,-1.0606,0.0,1
2026-05-22 15:14:00,1352.5,1353.7,1352.4,1353.3,44526,1353.4738,1354.2107,1355.6911,-1,-0.8403,-0.8297,-0.0105,-1,37.5265,15.9656,27.3136,37.0943,0,32.1429,17.6984,-0.0295,1355.6798,1352.4702,1354.075,0.0024,0.2585,0.8064,1353.8933,-1,1705589,31214.9,0,0.6154,1,-1.0094,0.0518,1
2026-05-22 15:15:00,1353.3,1354.7,1353.3,1353.9,38770,1353.559,1354.1824,1355.6209,-1,-0.7588,-0.8155,0.0568,1,35.0907,22.5,24.0956,44.0064,0,53.5714,30.7937,0.0074,1355.3445,1352.6055,1353.975,0.002,0.4726,0.8488,1353.8664,1,1744359,32599.2,0,0.4286,1,-0.9655,0.0961,0
2026-05-22 15:16:00,1353.9,1353.9,1353.5,1353.8,32005,1353.6072,1354.1477,1355.5495,-1,-0.6942,-0.7913,0.097,1,32.8288,21.7129,23.2527,43.1553,0,50.0,45.2381,0.0,1355.2023,1352.6277,1353.915,0.0019,0.4553,0.8167,1353.8262,-1,1712354,33373.1,0,0.25,-1,-0.9729,0.0887,0
2026-05-22 15:17:00,1353.8,1353.8,1353.4,1353.8,28331,1353.6458,1354.1161,1355.4809,-1,-0.6358,-0.7602,0.1244,1,30.87,20.9246,23.3161,43.1553,0,50.0,51.1905,-0.0443,1355.0424,1352.6676,1353.855,0.0018,0.4768,0.787,1353.807,-1,1740685,34429.85,0,0.0,1,-0.9729,0.0887,1
2026-05-22 15:18:00,1353.8,1354.3,1353.6,1354.2,38629,1353.7566,1354.1237,1355.4307,-1,-0.5508,-0.7183,0.1675,1,29.0279,24.1589,21.8229,47.8356,0,64.2857,54.7619,-0.0295,1354.8355,1352.7745,1353.805,0.0015,0.6917,0.7807,1353.7958,1,1779314,35618.9,0,0.5714,1,-0.9436,0.1183,1
2026-05-22 15:19:00,1354.2,1354.9,1354.2,1354.6,36841,1353.9253,1354.167,1355.3981,-1,-0.4461,-0.6639,0.2178,1,28.0897,28.1304,20.4149,52.0842,0,78.5714,64.2857,0.0591,1354.7634,1352.8166,1353.79,0.0014,0.916,0.775,1353.8242,1,1816155,37159.65,0,0.5714,1,-0.9143,0.1479,1
2026-05-22 15:20:00,1354.9,1355.0,1354.6,1355.0,39040,1354.1402,1354.2427,1355.3825,-1,-0.327,-0.5965,0.2695,1,27.3389,28.0108,19.6354,55.9481,0,92.8571,78.5714,0.0886,1354.9364,1352.7336,1353.835,0.0016,1.0289,0.7482,1353.842,1,1855195,36846.95,0,0.25,1,-0.8851,0.1774,1
2026-05-22 15:21:00,1354.9,1355.8,1354.9,1355.6,36098,1354.4322,1354.3661,1355.391,1,-0.1821,-0.5136,0.3315,1,27.5084,33.1668,17.9724,61.0251,0,94.1176,88.5154,0.1774,1355.2711,1352.5989,1353.935,0.002,1.1231,0.759,1353.9178,1,1891293,37534.45,0,0.7778,1,-0.8412,0.2218,0
2026-05-22 15:22:00,1355.6,1355.8,1355.0,1355.3,31350,1354.6057,1354.451,1355.3874,1,-0.0905,-0.429,0.3385,1,27.6658,30.6795,16.6245,57.4593,0,85.2941,90.7563,0.17,1355.4572,1352.5328,1353.995,0.0022,0.9463,0.762,1353.9871,1,1859943,36242.2,0,0.375,-1,-0.8631,0.1996,1
2026-05-22 15:23:00,1355.2,1355.8,1355.2,1355.8,53489,1354.8446,1354.5736,1355.4036,1,0.0222,-0.3387,0.361,1,27.8119,28.9273,15.6751,61.4974,0,100.0,93.1373,0.2366,1355.7517,1352.4483,1354.1,0.0024,1.0146,0.7504,1354.1179,1,1913432,37201.65,0,1.0,1,-0.8266,0.2366,1
2026-05-22 15:24:00,1355.6,1356.7,1355.6,1356.1,49361,1355.0957,1354.7124,1355.4309,1,0.1342,-0.2442,0.3784,1,28.8081,34.287,14.0867,63.7224,0,86.0465,90.4469,0.2069,1356.0743,1352.3657,1354.22,0.0027,1.0069,0.7754,1354.2633,1,1962793,38256.5,0,0.4545,1,-0.8046,0.2588,0
2026-05-22 15:25:00,1356.4,1356.4,1355.8,1356.0,36169,1355.2765,1354.8295,1355.4532,1,0.2125,-0.1528,0.3653,1,29.7332,32.3607,13.2952,62.4274,0,83.7209,89.9225,0.1551,1356.3271,1352.3329,1354.33,0.0029,0.9181,0.7628,1354.3727,1,1926624,38105.05,0,0.6667,-1,-0.8119,0.2514,1
2026-05-22 15:26:00,1355.8,1356.3,1355.7,1356.2,28081,1355.4612,1354.9541,1355.4825,1,0.2873,-0.0648,0.3521,1,30.3734,30.5145,13.4876,64.0031,0,88.3721,86.0465,0.1773,1356.5887,1352.3113,1354.45,0.0032,0.9091,0.7512,1354.4592,1,1954705,38009.5,0,0.6667,1,-0.7973,0.2662,1
2026-05-22 15:27:00,1356.2,1356.9,1356.2,1356.9,38801,1355.749,1355.131,1355.5381,1,0.3985,0.0278,0.3706,1,31.5043,34.2065,12.5855,68.9166,-1,100.0,90.6977,0.229,1356.9649,1352.1851,1354.575,0.0035,0.9864,0.7476,1354.5925,1,1993506,37678.0,0,1.0,1,-0.7461,0.3179,1
2026-05-22 15:28:00,1357.9,1357.9,1357.3,1357.7,22364,1356.1392,1355.3645,1355.6229,1,0.5449,0.1313,0.4136,1,33.2471,40.345,11.4113,73.3874,-1,95.6522,94.6748,0.2585,1357.4811,1351.9789,1354.73,0.0041,1.0398,0.7656,1354.6811,1,2015870,36372.95,0,0.3333,-1,-0.6876,0.3771,1
2026-05-22 15:29:00,1358.0,1358.7,1354.5,1358.0,32970,1356.5114,1355.6041,1355.7161,1,0.6773,0.2405,0.4368,1,30.9439,28.372,27.8092,74.8483,-1,86.7925,94.1482,0.251,1357.999,1351.881,1354.94,0.0045,1.0002,1.0109,1354.8193,1,2048840,36338.45,0,0.0,1,-0.6656,0.3992,1
2026-05-25 09:15:00,1365.5,1368.8,1365.3,1366.3,0,1358.4691,1356.5765,1356.1312,1,1.4354,0.4795,0.956,1,32.8903,57.7593,15.2646,90.4572,-1,83.7662,88.737,0.8339,1361.3395,1349.7905,1355.565,0.0085,1.4295,1.7101,1354.9024,1,2048840,33958.25,0,0.2286,1,-0.0585,1.0129,1
2026-05-25 09:16:00,1367.1,1370.9,1366.7,1367.4,117790,1360.2553,1357.5604,1356.5731,1,2.1008,0.8037,1.2971,1,35.0396,55.6837,12.6476,91.2336,-1,79.7688,83.4425,0.8705,1363.9054,1348.6446,1356.275,0.0113,1.229,1.9165,1357.0024,1,2166630,38588.1,1,0.0714,1,0.0,1.0942,0
2026-05-25 09:17:00,1368.0,1368.4,1365.8,1366.3,59491,1361.4642,1358.3549,1356.9545,1,2.5104,1.1451,1.3654,1,36.451,50.4219,14.7234,83.8833,-1,72.4551,78.6634,0.8116,1365.5661,1348.3139,1356.94,0.0127,1.0425,1.9654,1357.9355,1,2107139,39617.3,1,0.6538,-1,-0.0804,1.0129,0
2026-05-25 09:18:00,1366.4,1366.4,1365.6,1366.0,24860,1362.3714,1359.0499,1357.3092,1,2.7788,1.4718,1.307,1,37.6302,48.8911,15.0354,81.9443,-1,70.122,74.1153,0.7523,1366.8438,1348.3762,1357.61,0.0136,0.9543,1.8821,1358.3758,1,2082279,39448.3,0,0.5,-1,-0.1024,0.9907,0
2026-05-25 09:19:00,1365.6,1365.8,1364.6,1364.6,50943,1362.8171,1359.5545,1357.5952,1,2.8457,1.7466,1.0991,1,38.0687,46.245,18.0875,73.4155,-1,61.5854,68.0541,0.6268,1367.6641,1348.6859,1358.175,0.014,0.8385,1.8477,1359.0935,1,2031336,39769.15,0,0.8333,-1,-0.2048,0.8872,1
2026-05-25 09:20:00,1364.0,1365.3,1364.0,1365.1,19634,1363.2737,1360.0586,1357.8895,1,2.9056,1.9784,0.9272,1,38.092,43.8706,19.5285,74.4388,-1,64.6341,65.4472,0.6711,1368.4677,1349.0023,1358.735,0.0143,0.827,1.8086,1359.4939,1,2050970,38812.35,0,0.8462,1,-0.1682,0.9241,0
2026-05-25 09:21:00,1365.3,1366.3,1364.6,1364.9,49058,1363.5989,1360.4987,1358.1644,1,2.9035,2.1634,0.7401,1,38.3903,44.8789,18.2117,73.2247,-1,63.4146,63.2114,0.6415,1369.0994,1349.4806,1359.29,0.0144,0.786,1.8008,1360.0833,1,2001912,39665.0,0,0.2353,-1,-0.1828,0.9094,1
2026-05-25 09:22:00,1364.7,1365.6,1364.3,1365.1,23201,1363.8992,1360.917,1358.4364,1,2.8846,2.3077,0.577,1,38.465,42.5179,18.4677,73.6869,-1,64.6341,64.2276,0.6043,1369.6361,1350.0739,1359.855,0.0144,0.7681,1.765,1360.4587,1,2025113,39408.5,0,0.3077,1,-0.1682,0.9241,1
2026-05-25 09:23:00,1365.1,1366.6,1364.4,1366.0,21727,1364.3193,1361.3791,1358.733,1,2.9088,2.4279,0.4809,1,38.8228,42.7748,16.8519,75.7181,-1,70.122,66.0569,0.6113,1370.214,1350.676,1360.445,0.0144,0.7843,1.7961,1360.9272,1,2046840,38563.4,0,0.4091,1,-0.1024,0.9907,0
2026-05-25 09:24:00,1366.3,1367.0,1364.5,1364.6,39646,1364.3755,1361.6719,1358.9631,1,2.7829,2.4989,0.284,1,39.2679,40.1853,15.2221,67.0477,-1,61.5854,65.4472,0.486,1370.4872,1351.4028,1360.945,0.014,0.6915,1.8464,1361.4573,1,2007194,38703.65,0,0.68,-1,-0.2048,0.8872,0
2026-05-25 09:25:00,1364.7,1365.0,1363.1,1363.4,31222,1364.1804,1361.829,1359.1371,1,2.5569,2.5105,0.0464,1,38.6944,37.2377,19.5103,60.6383,0,54.2683,61.9919,-0.2123,1370.5566,1352.1734,1361.365,0.0135,0.6107,1.8502,1361.8899,1,1975972,38312.75,0,0.6842,-1,-0.2925,0.7985,0
2026-05-25 09:26:00,1363.5,1363.5,1363.0,1363.2,11242,1363.9843,1361.9537,1359.2964,1,2.3347,2.4753,-0.1407,-1,38.0937,36.4794,19.5203,59.6154,0,53.0488,56.3008,-0.3072,1370.573,1352.917,1361.745,0.013,0.5824,1.7538,1362.2247,1,1964730,37069.95,0,0.6,-1,-0.3072,0.7837,0
2026-05-25 09:27:00,1362.8,1362.8,1361.6,1362.0,36453,1363.5874,1361.9579,1359.4024,1,2.0382,2.3879,-0.3497,-1,36.6162,34.0872,23.9782,53.7561,0,45.7317,51.0163,-0.3147,1370.3981,1353.7619,1362.08,0.0122,0.4952,1.7428,1362.5082,-1,1928277,37325.1,0,0.6667,-1,-0.3949,0.695,0
2026-05-25 09:28:00,1362.1,1362.1,1360.3,1360.9,32824,1363.0499,1361.8617,1359.4611,1,1.695,2.2493,-0.5543,-1,34.4901,31.5783,27.529,49.0017,0,5.6604,34.8136,-0.3734,1370.1658,1354.5042,1362.335,0.0115,0.4084,1.7469,1362.9536,-1,1895453,36291.85,0,0.6667,-1,-0.4754,0.6136,0
2026-05-25 09:29:00,1360.5,1361.1,1360.3,1360.6,20726,1362.56,1361.747,1359.5058,1,1.3829,2.076,-0.6932,-1,32.5159,30.5037,26.5922,47.761,0,2.8302,18.0741,-0.2931,1369.9048,1355.2152,1362.56,0.0108,0.3666,1.6792,1363.3685,-1,1874727,34860.1,0,0.125,1,-0.4973,0.5915,0
2026-05-25 09:30:00,1360.6,1361.0,1359.5,1359.5,33508,1361.948,1361.5427,1359.5056,1,1.0348,1.8678,-0.833,-1,30.2224,28.5425,28.3115,43.42,0,0.0,2.8302,-0.4102,1369.5971,1355.8729,1362.735,0.0101,0.2643,1.6664,1363.5862,-1,1841219,34727.05,0,0.7333,-1,-0.5777,0.5101,1
2026-05-25 09:31:00,1359.5,1360.4,1359.5,1359.9,39867,1361.5384,1361.3934,1359.521,1,0.7822,1.6507,-0.8685,-1,28.0926,27.404,27.1822,45.3647,0,5.3333,2.7212,-0.3663,1369.246,1356.594,1362.92,0.0093,0.2613,1.6117,1363.679,-1,1881086,35316.35,0,0.4444,1,-0.5485,0.5397,0
2026-05-25 09:32:00,1359.9,1359.9,1359.1,1359.5,19783,1361.1307,1361.2213,1359.5202,-1,0.5435,1.4292,-0.8858,-1,26.2994,26.3962,28.0214,43.7455,0,5.0633,3.4655,-0.4102,1368.9696,1357.1304,1363.05,0.0087,0.2002,1.5537,1363.9546,-1,1861303,34365.45,0,0.5,-1,-0.5777,0.5101,1
2026-05-25 09:33:00,1360.0,1361.1,1359.5,1360.8,17996,1361.0646,1361.183,1359.5704,-1,0.4539,1.2342,-0.7802,-1,24.9316,29.9637,25.9647,49.9926,0,21.519,10.6385,-0.3807,1368.7035,1357.7065,1363.205,0.0081,0.2813,1.557,1364.0697,-1,1879299,34147.05,0,0.5,1,-0.4827,0.6062,0
2026-05-25 09:34:00,1360.6,1360.7,1359.5,1360.6,24676,1360.9716,1361.13,1359.6108,-1,0.3627,1.0599,-0.6972,-1,23.6615,28.1554,24.3977,49.0894,0,18.9873,15.1899,-0.2931,1368.4443,1358.2257,1363.335,0.0075,0.2324,1.5387,1364.2728,-1,1854623,33732.35,0,0.0,1,-0.4973,0.5915,0
2026-05-25 09:35:00,1360.6,1360.7,1359.8,1360.6,15748,1360.8973,1361.0818,1359.6496,-1,0.287,0.9053,-0.6183,-1,22.4821,26.9431,23.3472,49.0894,0,18.9873,19.8312,-0.2054,1368.1015,1357.9985,1363.05,0.0074,0.2575,1.493,1364.1837,-1,1870371,34519.75,0,0.0,1,-0.4973,0.5915,0
2026-05-25 09:36:00,1360.6,1360.6,1358.3,1359.3,40542,1360.5779,1360.9198,1359.6359,-1,0.1208,0.7484,-0.6276,-1,21.385,24.0887,27.7831,43.2051,0,11.4943,16.4896,-0.2861,1367.5327,1357.7573,1362.645,0.0072,0.1578,1.5507,1363.0702,-1,1829829,30657.35,0,0.5652,-1,-0.5924,0.4953,1
2026-05-25 09:37:00,1359.3,1360.0,1358.1,1359.4,19395,1360.3423,1360.7816,1359.6266,-1,-0.0028,0.5982,-0.601,-1,20.4907,22.0138,26.2967,43.7636,0,14.6067,15.0294,-0.1909,1367.08,1357.52,1362.3,0.007,0.1967,1.5756,1362.5475,-1,1849224,28652.55,0,0.0526,1,-0.5851,0.5027,0
2026-05-25 09:38:00,1359.9,1360.0,1359.2,1359.2,17554,1360.1138,1360.6379,1359.6099,-1,-0.1156,0.4554,-0.571,-1,19.6603,21.1864,25.3083,42.856,0,15.942,14.0143,-0.1249,1366.6043,1357.3157,1361.96,0.0068,0.2029,1.5202,1362.3002,-1,1831670,28287.25,0,0.875,-1,-0.5997,0.4879,1
2026-05-25 09:39:00,1358.7,1359.7,1358.7,1359.6,20089,1360.0111,1360.5435,1359.6095,-1,-0.1708,0.3302,-0.5009,-1,19.2252,20.166,26.4975,45.2993,0,27.7778,19.4422,-0.0735,1366.2969,1357.1231,1361.71,0.0067,0.27,1.4831,1361.9316,-1,1851759,26744.55,0,0.9,1,-0.5704,0.5175,0
2026-05-25 09:40:00,1359.7,1359.7,1358.1,1359.0,38671,1359.8088,1360.4032,1359.5856,-1,-0.2599,0.2122,-0.472,-1,19.2071,18.6207,27.3406,42.3727,0,19.1489,20.9562,-0.0368,1365.859,1356.951,1361.405,0.0065,0.23,1.4914,1361.6206,-1,1813088,27696.4,0,0.4375,-1,-0.6143,0.4732,0
2026-05-25 09:41:00,1359.2,1359.4,1358.4,1358.9,6906,1359.6271,1360.2665,1359.5587,-1,-0.3347,0.1028,-0.4375,-1,19.1904,17.7074,25.9996,41.8869,0,20.0,22.3089,-0.0735,1365.3817,1356.8283,1361.105,0.0063,0.2422,1.4563,1361.2344,-1,1806182,25588.8,0,0.3,-1,-0.6216,0.4658,1
2026-05-25 09:42:00,1358.9,1359.6,1358.4,1359.6,7716,1359.6217,1360.2059,1359.5603,-1,-0.3337,0.0155,-0.3492,-1,18.9742,17.6454,24.4499,46.5093,0,50.0,29.7163,0.0074,1364.7349,1356.9251,1360.83,0.0057,0.3425,1.438,1361.0267,-1,1813898,24814.55,0,0.5833,1,-0.5704,0.5175,0
2026-05-25 09:43:00,1359.2,1359.5,1359.1,1359.1,13741,1359.5173,1360.1054,1359.5423,-1,-0.369,-0.0614,-0.3076,-1,18.7736,17.1857,23.813,43.8277,0,33.3333,34.4444,-0.1249,1363.6512,1357.3188,1360.485,0.0047,0.2813,1.371,1360.7698,-1,1800157,24415.25,0,0.25,-1,-0.607,0.4806,1
2026-05-25 09:44:00,1359.1,1359.4,1359.1,1359.4,25235,1359.4939,1360.0413,1359.5367,-1,-0.3685,-0.1228,-0.2457,-1,18.5872,16.9012,23.4188,45.8453,0,43.3333,42.2222,-0.0882,1362.7947,1357.6553,1360.225,0.0038,0.3395,1.2945,1360.307,-1,1825392,23694.7,0,1.0,1,-0.5851,0.5027,1
2026-05-25 09:45:00,1359.6,1359.7,1359.3,1359.6,24601,1359.5151,1360.0012,1359.5392,-1,-0.348,-0.1679,-0.1801,-1,18.0628,18.2501,22.8751,47.2066,0,50.0,42.2222,-0.0735,1362.1613,1357.9087,1360.035,0.0031,0.3977,1.2306,1360.0306,-1,1849993,23363.65,0,0.0,1,-0.5704,0.5175,1
2026-05-25 09:46:00,1359.5,1360.6,1359.5,1360.6,24526,1359.7321,1360.0556,1359.5808,-1,-0.2481,-0.1839,-0.0642,-1,16.9255,22.3398,21.4034,53.5009,0,83.3333,58.8889,0.0956,1361.4905,1358.3195,1359.905,0.0023,0.7192,1.2213,1359.966,1,1874519,24027.85,0,1.0,1,-0.4973,0.5915,0
2026-05-25 09:47:00,1360.4,1360.4,1359.8,1360.0,18482,1359.7857,1360.0505,1359.5972,-1,-0.215,-0.1901,-0.0248,-1,15.8695,21.2681,20.3767,49.6741,0,73.0769,68.8034,0.0441,1361.0691,1358.5409,1359.805,0.0019,0.5771,1.1912,1359.7993,1,1856037,23129.3,0,0.6667,-1,-0.5412,0.5471,0
2026-05-25 09:48:00,1359.9,1359.9,1359.2,1359.9,9072,1359.8085,1360.0369,1359.6091,-1,-0.1945,-0.191,-0.0035,-1,15.204,20.2233,23.06,49.0445,0,69.2308,75.2137,0.0515,1360.9169,1358.5931,1359.755,0.0017,0.5624,1.1633,1359.6992,1,1846965,21941.7,0,0.0,1,-0.5485,0.5397,1
2026-05-25 09:49:00,1359.9,1360.5,1359.9,1360.5,11396,1359.9468,1360.079,1359.644,-1,-0.1284,-0.1785,0.0501,1,14.289,23.2678,22.1799,52.9019,0,96.0,79.4359,0.0662,1360.898,1358.602,1359.75,0.0017,0.8266,1.123,1359.6685,1,1858361,21475.2,0,1.0,1,-0.5046,0.5841,0
2026-05-25 09:50:00,1360.6,1360.6,1360.0,1360.3,33837,1360.0175,1360.0991,1359.6698,-1,-0.0911,-0.161,0.0699,1,13.5429,23.0072,21.3044,51.5023,0,88.0,84.4103,0.0957,1360.956,1358.624,1359.79,0.0017,0.7187,1.0857,1359.6924,1,1824524,21491.65,1,0.5,-1,-0.5192,0.5693,0
2026-05-25 09:51:00,1360.3,1360.7,1360.0,1360.3,17109,1360.074,1360.1173,1359.6945,-1,-0.0608,-0.1409,0.0802,1,12.9581,22.5951,20.2977,51.5023,0,84.6154,89.5385,0.103,1360.9964,1358.6236,1359.81,0.0017,0.7065,1.0581,1359.6957,1,1841633,20353.75,0,0.0,1,-0.5192,0.5693,1
2026-05-25 09:52:00,1360.3,1361.1,1360.3,1361.1,23210,1360.2792,1360.2067,1359.7496,1,0.0274,-0.1073,0.1347,1,12.8443,24.1013,19.182,56.8039,0,100.0,90.8718,0.1103,1361.1922,1358.5878,1359.89,0.0019,0.9646,1.0397,1359.7694,1,1864843,20525.1,0,1.0,1,-0.4607,0.6284,1
2026-05-25 09:53:00,1361.3,1362.0,1361.1,1361.7,24283,1360.5633,1360.3424,1359.8261,1,0.1441,-0.057,0.2011,1,13.5828,28.8398,17.9845,60.3084,0,92.3077,92.3077,0.1913,1361.4105,1358.4595,1359.935,0.0022,1.0981,1.0297,1359.846,1,1889126,20839.45,0,0.4444,1,-0.4168,0.6728,1
2026-05-25 09:54:00,1361.9,1362.0,1361.5,1361.9,11201,1360.8307,1360.484,1359.9074,1,0.2498,0.0044,0.2455,1,14.2685,27.8013,17.3369,61.4316,0,97.2222,96.51,0.1839,1361.6864,1358.3136,1360.0,0.0025,1.0633,0.9919,1359.8745,1,1900327,20165.7,0,0.0,1,-0.4022,0.6876,0
2026-05-25 09:55:00,1361.7,1361.7,1360.6,1360.9,19845,1360.8445,1360.5218,1359.9463,1,0.25,0.0535,0.1965,1,13.7269,25.2551,22.0897,53.3084,0,69.4444,86.3248,0.0956,1361.7276,1358.3024,1360.015,0.0025,0.7584,1.0139,1359.9136,1,1880482,20370.55,0,0.7273,-1,-0.4754,0.6136,1
2026-05-25 09:56:00,1360.9,1362.0,1360.9,1361.6,33937,1360.9956,1360.6198,1360.0112,1,0.3032,0.1034,0.1998,1,13.5297,25.4105,20.3881,57.5409,0,86.2069,84.2912,0.0735,1361.9412,1358.3188,1360.13,0.0027,0.9058,1.02,1360.0998,1,1914419,20040.3,1,0.6364,1,-0.4242,0.6654,0
2026-05-25 09:57:00,1361.7,1361.8,1360.4,1360.8,8809,1360.9565,1360.6362,1360.0421,1,0.2776,0.1383,0.1393,1,12.7437,22.9839,21.8517,51.7656,0,58.6207,71.424,0.0588,1362.0011,1358.3989,1360.2,0.0026,0.6666,1.0472,1360.1665,1,1905610,19511.0,0,0.6429,-1,-0.4827,0.6062,0
2026-05-25 09:58:00,1360.8,1360.8,1360.4,1360.8,9708,1360.9252,1360.6511,1360.0718,1,0.2543,0.1615,0.0928,1,12.0138,22.3279,21.228,51.7656,0,57.1429,67.3235,0.0662,1362.038,1358.522,1360.28,0.0026,0.6479,1.0009,1360.2114,1,1915318,19118.7,0,0.0,1,-0.4827,0.6062,0
2026-05-25 09:59:00,1360.4,1360.7,1360.0,1360.1,6637,1360.7602,1360.601,1360.0729,1,0.1774,0.1647,0.0127,1,11.4581,21.0346,22.8944,46.9805,0,32.1429,49.3021,-0.0294,1362.0376,1358.5724,1360.305,0.0025,0.4408,0.9866,1360.2602,-1,1908681,18446.1,0,0.4286,-1,-0.5339,0.5545,1
2026-05-25 10:00:00,1360.5,1361.3,1360.5,1360.7,14027,1360.7481,1360.61,1360.0975,1,0.1629,0.1643,-0.0014,-1,11.0538,23.5129,20.9357,51.1489,0,53.5714,47.619,0.0294,1362.0221,1358.7579,1360.39,0.0024,0.595,1.0018,1360.4326,1,1922708,17213.9,0,0.25,1,-0.49,0.5988,0
2026-05-25 10:01:00,1360.6,1360.6,1360.1,1360.5,8246,1360.6985,1360.6,1360.1133,1,0.1338,0.1582,-0.0244,-1,10.3385,22.4773,22.9497,49.745,0,46.4286,44.0476,0.0147,1361.952,1358.988,1360.47,0.0022,0.5101,0.9731,1360.4624,1,1914462,17280.9,0,0.2,-1,-0.5046,0.5841,0
2026-05-25 10:02:00,1360.5,1360.5,1360.0,1360.2,10917,1360.5988,1360.5636,1360.1167,1,0.0855,0.1437,-0.0581,-1,9.7952,21.6227,22.8375,47.633,0,14.2857,38.0952,-0.0661,1361.9339,1359.0661,1360.5,0.0021,0.3954,0.9393,1360.4832,-1,1903545,17440.95,0,0.6,-1,-0.5265,0.5619,1
2026-05-25 10:03:00,1360.5,1360.9,1360.3,1360.9,6656,1360.659,1360.5942,1360.1474,1,0.1026,0.1355,-0.0329,-1,9.4039,23.5485,21.5994,52.6811,0,45.0,35.2381,-0.0588,1361.8798,1359.3002,1360.59,0.0019,0.6202,0.9222,1360.5377,1,1910201,17086.7,0,0.6667,1,-0.4754,0.6136,0
2026-05-25 10:04:00,1360.9,1360.9,1360.3,1360.7,11010,1360.6672,1360.6038,1360.1691,1,0.0988,0.1281,-0.0293,-1,9.0406,22.4262,20.5699,51.1636,0,35.0,31.4286,-0.0881,1361.8237,1359.4863,1360.655,0.0017,0.5193,0.8992,1360.6362,1,1899191,16375.45,0,0.3333,-1,-0.49,0.5988,1
2026-05-25 10:05:00,1360.7,1360.8,1360.3,1360.8,3496,1360.6938,1360.6217,1360.1938,1,0.1027,0.123,-0.0203,-1,8.7032,21.5063,19.7262,51.9095,0,40.0,40.0,-0.0073,1361.7795,1359.6505,1360.715,0.0016,0.5399,0.8707,1360.7247,1,1902687,15320.2,0,0.2,1,-0.4827,0.6062,1
2026-05-25 10:06:00,1360.8,1360.9,1360.5,1360.9,6423,1360.735,1360.647,1360.2215,1,0.1126,0.1209,-0.0084,-1,8.5333,21.6255,19.0529,52.6878,0,45.0,40.0,-0.0514,1361.796,1359.664,1360.73,0.0016,0.5797,0.8371,1360.7675,1,1909110,14415.05,0,0.25,1,-0.4754,0.6136,1
2026-05-25 10:07:00,1361.2,1362.1,1361.1,1361.1,23563,1360.808,1360.6882,1360.256,1,0.135,0.1237,0.0112,1,9.8025,29.4097,17.1606,54.2813,0,52.381,45.7937,0.022,1361.8073,1359.7627,1360.785,0.0015,0.6541,0.863,1360.8651,1,1932673,14669.1,1,0.1,-1,-0.4607,0.6284,1
2026-05-25 10:08:00,1361.3,1361.7,1361.1,1361.6,7848,1360.9664,1360.7711,1360.3087,1,0.1908,0.1372,0.0537,1,10.9811,27.9167,16.2894,58.0825,0,76.1905,57.8571,0.0588,1361.8662,1359.8738,1360.87,0.0015,0.8664,0.8442,1360.9185,1,1940521,14607.9,0,0.5,1,-0.4242,0.6654,0
2026-05-25 10:09:00,1361.5,1361.5,1361.2,1361.3,4919,1361.0331,1360.8191,1360.3476,1,0.2085,0.1514,0.0571,1,12.0755,26.935,15.7166,55.1212,0,61.9048,63.4921,0.0882,1361.9078,1359.9122,1360.91,0.0015,0.6954,0.8125,1360.9503,1,1935602,14284.05,0,0.6667,-1,-0.4461,0.6432,1
2026-05-25 10:10:00,1361.5,1361.9,1361.3,1361.8,6274,1361.1865,1360.9083,1360.4045,1,0.2599,0.1731,0.0868,1,13.521,29.0707,14.8718,58.8838,0,85.7143,74.6032,0.0808,1362.0132,1359.9568,1360.985,0.0015,0.8963,0.7973,1361.053,1,1941876,12905.9,0,0.5,1,-0.4095,0.6802,1
2026-05-25 10:11:00,1363.1,1363.1,1362.4,1362.6,25245,1361.4692,1361.0621,1360.4906,1,0.361,0.2107,0.1503,1,15.8714,36.1181,13.2144,64.0737,0,83.871,77.1633,0.1544,1362.2967,1359.9033,1361.1,0.0018,1.1267,0.8332,1361.2554,1,1967121,13312.7,1,0.7143,-1,-0.351,0.7393,0
2026-05-25 10:12:00,1362.9,1362.9,1361.4,1362.0,19399,1361.5754,1361.1474,1360.5498,1,0.3882,0.2462,0.142,1,16.4052,31.7248,19.7161,58.1457,0,64.5161,78.0338,0.1323,1362.4043,1359.8857,1361.145,0.0019,0.8395,0.8808,1361.3551,1,1947722,13122.15,0,0.6,-1,-0.3949,0.695,1
2026-05-25 10:13:00,1362.0,1362.1,1361.7,1362.1,5588,1361.6803,1361.234,1360.6106,1,0.4131,0.2796,0.1335,1,16.9009,30.654,19.0507,58.8294,0,67.7419,72.043,0.0882,1362.4708,1359.8592,1361.165,0.0019,0.858,0.8465,1361.3448,1,1953310,12187.4,0,0.25,1,-0.3876,0.7024,0
2026-05-25 10:14:00,1362.1,1362.2,1361.7,1362.1,7570,1361.7642,1361.3127,1360.669,1,0.4279,0.3093,0.1187,1,17.4594,30.191,18.2227,58.8294,0,67.7419,66.6667,0.1029,1362.506,1359.844,1361.175,0.002,0.8475,0.8218,1361.3442,1,1960880,12005.85,0,0.0,1,-0.3876,0.7024,1
2026-05-25 10:15:00,1362.1,1363.0,1362.1,1362.8,6686,1361.9714,1361.4479,1360.7526,1,0.4905,0.3455,0.145,1,18.6984,34.7519,16.8068,63.6498,0,90.3226,75.2688,0.147,1362.7695,1359.7705,1361.27,0.0022,1.0102,0.8273,1361.4064,1,1967566,11347.9,0,0.7778,1,-0.3364,0.7541,0
2026-05-25 10:16:00,1362.7,1363.0,1362.0,1362.3,11522,1362.0371,1361.5254,1360.8133,1,0.494,0.3752,0.1188,1,19.6784,31.7957,16.2277,58.3908,0,71.4286,76.4977,0.1029,1362.8651,1359.7449,1361.305,0.0023,0.8189,0.8397,1361.4487,1,1956044,10227.15,0,0.4,-1,-0.373,0.7171,0
2026-05-25 10:17:00,1362.3,1362.4,1362.0,1362.0,22305,1362.0297,1361.5685,1360.8598,1,0.4672,0.3936,0.0736,1,20.5883,30.6717,15.6541,55.4315,0,60.7143,74.1551,0.0661,1362.9351,1359.7949,1361.365,0.0023,0.7022,0.8083,1361.5369,1,1933739,10901.95,1,0.75,-1,-0.3949,0.695,1
2026-05-25 10:18:00,1362.0,1363.0,1362.0,1362.8,10585,1362.1838,1361.6805,1360.9359,1,0.5047,0.4158,0.0889,1,21.9629,33.2203,14.2938,61.0941,0,89.2857,73.8095,0.0881,1363.1303,1359.7997,1361.465,0.0024,0.9008,0.822,1361.6269,1,1944324,10945.8,0,0.8,1,-0.3364,0.7541,1
2026-05-25 10:19:00,1363.0,1363.6,1362.9,1363.1,12821,1362.367,1361.8095,1361.0208,1,0.5523,0.4431,0.1092,1,23.6936,36.1304,13.2982,62.993,0,83.871,77.957,0.1322,1363.3017,1359.9283,1361.615,0.0025,0.9402,0.8204,1361.7566,1,1957145,11255.0,0,0.1429,1,-0.3145,0.7763,1
2026-05-25 10:20:00,1363.5,1363.7,1363.2,1363.2,13830,1362.5336,1361.9359,1361.1062,1,0.5912,0.4727,0.1185,1,25.3722,35.0937,12.5899,63.6302,0,80.7692,84.642,0.1028,1363.5057,1359.9743,1361.74,0.0026,0.9134,0.8047,1361.9132,1,1970975,11245.15,0,0.6,-1,-0.3072,0.7837,1
2026-05-25 10:21:00,1363.3,1363.6,1363.2,1363.4,15460,1362.7069,1362.069,1361.1962,1,0.6309,0.5044,0.1266,1,26.9309,33.8012,12.1262,64.9308,0,88.4615,84.3672,0.0587,1363.6953,1360.0747,1361.885,0.0027,0.9184,0.7757,1362.066,1,1986435,11605.85,0,0.25,1,-0.2925,0.7985,1
2026-05-25 10:22:00,1363.4,1363.8,1363.3,1363.6,8729,1362.8855,1362.2082,1361.2904,1,0.6708,0.5377,0.1332,1,28.5344,34.094,11.5534,66.2312,-1,92.3077,87.1795,0.1175,1363.8388,1360.2712,1362.055,0.0026,0.9331,0.7561,1362.21,1,1995164,11496.45,0,0.4,1,-0.2779,0.8132,1
2026-05-25 10:23:00,1363.8,1364.4,1363.4,1363.9,15920,1363.0884,1362.362,1361.3928,1,0.7184,0.5738,0.1446,1,30.4499,36.4864,10.4864,68.1397,-1,83.871,88.2134,0.1321,1364.0774,1360.3326,1362.205,0.0027,0.9526,0.7735,1362.3645,1,2011084,11959.65,0,0.1,1,-0.256,0.8354,0
2026-05-25 10:24:00,1363.9,1363.9,1363.2,1363.3,10430,1363.1307,1362.4473,1361.4676,1,0.6996,0.599,0.1006,1,31.7778,34.1117,11.6635,60.7453,0,63.3333,79.8373,0.0881,1364.1309,1360.5391,1362.335,0.0026,0.7687,0.7682,1362.4925,1,2000654,11930.65,0,0.8571,-1,-0.2998,0.7911,0
2026-05-25 10:25:00,1363.3,1363.3,1362.1,1362.3,20268,1362.9646,1362.4339,1361.5002,1,0.5971,0.5986,-0.0015,-1,30.9461,30.4526,20.2453,50.8423,0,30.0,59.0681,-0.0367,1364.0628,1360.7572,1362.41,0.0024,0.4667,0.7991,1362.5238,-1,1980386,12769.25,1,0.8333,-1,-0.373,0.7171,0
2026-05-25 10:26:00,1362.4,1362.5,1361.5,1361.5,10509,1362.6717,1362.349,1361.5002,1,0.4462,0.5681,-0.1219,-1,29.2961,27.7785,23.7362,44.5809,0,0.0,31.1111,-0.0587,1364.0013,1360.8787,1362.44,0.0023,0.199,0.8134,1362.5394,-1,1969877,12973.55,0,0.9,-1,-0.4315,0.658,0
2026-05-25 10:27:00,1361.7,1362.0,1360.5,1360.5,22813,1362.2373,1362.1809,1361.461,1,0.2431,0.5031,-0.26,-1,27.8378,24.3276,29.0694,38.2411,0,0.0,10.0,-0.1101,1364.0915,1360.7285,1362.41,0.0025,-0.0679,0.8625,1362.5044,-1,1947064,12936.05,1,0.8,-1,-0.5046,0.5841,1
2026-05-25 10:28:00,1360.7,1361.3,1360.5,1361.1,12551,1362.0099,1362.0826,1361.4468,-1,0.1291,0.4283,-0.2992,-1,26.4837,22.7074,27.1334,43.4384,0,15.3846,5.1282,-0.1247,1364.1277,1360.6423,1362.385,0.0026,0.1313,0.858,1362.462,-1,1959615,13171.2,0,0.5,1,-0.4607,0.6284,0
2026-05-25 10:29:00,1361.2,1361.3,1360.8,1361.0,7290,1361.8079,1361.9842,1361.4293,-1,0.0303,0.3487,-0.3184,-1,25.2263,21.7331,25.9693,42.7921,0,12.8205,9.4017,-0.1541,1364.1545,1360.5855,1362.37,0.0026,0.1161,0.8324,1362.4437,-1,1952325,13289.75,0,0.4,-1,-0.468,0.621,1
2026-05-25 10:30:00,1360.5,1361.5,1360.5,1361.5,10155,1361.7463,1361.9402,1361.4321,-1,-0.0076,0.2774,-0.285,-1,24.4163,19.8947,26.3102,47.0358,0,25.641,17.9487,-0.1247,1364.1633,1360.5467,1362.355,0.0027,0.2636,0.8444,1362.4137,-1,1962480,13483.8,0,1.0,1,-0.4315,0.658,0
2026-05-25 10:31:00,1360.9,1361.2,1359.6,1359.9,24781,1361.3771,1361.7547,1361.372,-1,-0.1648,0.189,-0.3538,-1,24.591,16.9593,29.4173,37.4597,0,6.25,14.9038,-0.2567,1364.3153,1360.1247,1362.22,0.0031,-0.0536,0.9198,1362.1862,-1,1937699,13460.6,1,0.625,-1,-0.5485,0.5397,1
2026-05-25 10:32:00,1360.0,1360.0,1359.5,1360.0,12900,1361.1016,1361.5952,1361.3182,-1,-0.2781,0.0956,-0.3737,-1,24.8458,16.2786,29.0394,38.3051,0,10.2041,14.0317,-0.264,1364.4279,1359.8121,1362.12,0.0034,0.0407,0.8898,1362.077,-1,1950599,13135.65,0,0.0,1,-0.5412,0.5471,1
2026-05-25 10:33:00,1360.0,1360.6,1359.7,1360.1,7506,1360.9013,1361.4593,1361.2704,-1,-0.3557,0.0053,-0.361,-1,24.1423,19.916,26.9431,39.1904,0,12.2449,9.5663,-0.2786,1364.4903,1359.5497,1362.02,0.0036,0.1114,0.8905,1362.0242,-1,1958105,13231.55,0,0.1111,1,-0.5339,0.5545,1
2026-05-25 10:34:00,1360.5,1360.5,1360.2,1360.4,2278,1360.801,1361.363,1361.2363,-1,-0.3885,-0.0734,-0.3151,-1,23.489,19.2508,26.0433,41.8845,0,18.3673,13.6054,-0.2127,1364.5035,1359.3665,1361.935,0.0038,0.2012,0.8555,1362.0103,-1,1960383,12966.95,0,0.3333,-1,-0.5119,0.5767,1
2026-05-25 10:35:00,1360.6,1360.9,1360.0,1360.5,7489,1360.7408,1361.2845,1361.2074,-1,-0.4019,-0.1391,-0.2627,-1,22.2781,21.137,24.0935,42.7943,0,20.4082,17.0068,-0.1321,1364.4289,1359.2111,1361.82,0.0038,0.247,0.8587,1361.9499,-1,1967872,13007.1,0,0.1111,-1,-0.5046,0.5841,1
2026-05-25 10:36:00,1360.6,1361.2,1360.5,1361.0,6400,1360.7927,1361.2587,1361.1993,-1,-0.3678,-0.1849,-0.183,-1,20.7269,22.4186,22.6718,47.2417,0,30.6122,23.1293,-0.0367,1364.3776,1359.1324,1361.755,0.0039,0.3561,0.8473,1361.9017,-1,1974272,12751.0,0,0.5714,1,-0.468,0.621,1
2026-05-25 10:37:00,1361.1,1362.5,1360.6,1362.0,24404,1361.0341,1361.3261,1361.2307,-1,-0.2572,-0.1993,-0.0579,-1,20.6963,29.186,19.3366,54.8088,0,56.8182,35.9462,0.1103,1364.3776,1359.1324,1361.755,0.0039,0.5467,0.9225,1361.8625,1,1998676,12855.95,1,0.4737,1,-0.3949,0.695,0
2026-05-25 10:38:00,1361.7,1362.1,1361.6,1361.7,4656,1361.1673,1361.36,1361.2491,-1,-0.1915,-0.1978,0.0062,1,20.6679,28.0179,18.5627,52.3815,0,57.8947,48.4417,0.0441,1364.2784,1359.1216,1361.7,0.0038,0.5,0.8924,1361.8302,-1,1994020,12559.5,0,0.0,1,-0.4168,0.6728,1
2026-05-25 10:39:00,1361.8,1362.1,1361.6,1362.1,7313,1361.3538,1361.4273,1361.2824,-1,-0.106,-0.1794,0.0734,1,20.6416,26.8602,17.7956,55.2286,0,86.6667,67.1265,0.0808,1364.1556,1359.1444,1361.65,0.0037,0.5898,0.8643,1361.7618,1,2001333,12284.1,0,0.6,1,-0.3876,0.7024,1
2026-05-25 10:40:00,1362.1,1362.5,1362.1,1362.5,7305,1361.5831,1361.5248,1361.3302,1,-0.0059,-0.1447,0.1388,1,21.0374,29.3744,17.1839,57.9369,0,100.0,81.5205,0.0734,1364.0516,1359.1784,1361.615,0.0036,0.6816,0.8312,1361.6875,1,2008638,11957.85,0,1.0,1,-0.3583,0.7319,0
2026-05-25 10:41:00,1362.1,1362.3,1361.6,1361.7,12580,1361.6065,1361.5408,1361.3447,1,0.0088,-0.114,0.1228,1,20.5901,27.1159,20.1343,51.2583,0,73.3333,86.6667,0.1324,1363.8262,1359.2338,1361.53,0.0034,0.537,0.8361,1361.585,1,1996058,11813.85,0,0.5714,-1,-0.4168,0.6728,1
2026-05-25 10:42:00,1361.7,1362.0,1361.5,1361.9,16047,1361.6652,1361.5734,1361.3665,1,0.0362,-0.084,0.1202,1,20.0182,25.9233,20.1284,52.7255,0,80.0,84.4444,0.1397,1363.5459,1359.3441,1361.445,0.0031,0.6083,0.8121,1361.5281,1,2012105,12179.75,0,0.4,1,-0.4022,0.6876,0
2026-05-25 10:43:00,1361.9,1361.9,1361.6,1361.7,4180,1361.6721,1361.5849,1361.3796,1,0.0413,-0.0589,0.1002,1,19.4872,25.207,19.5722,51.07,0,73.3333,75.5556,0.1176,1363.1163,1359.5537,1361.335,0.0026,0.6025,0.7755,1361.369,1,2007925,11592.75,0,0.6667,-1,-0.4168,0.6728,1
2026-05-25 10:44:00,1361.6,1362.0,1361.6,1362.0,4453,1361.7377,1361.6227,1361.4039,1,0.0687,-0.0334,0.1021,1,19.1294,25.1991,18.8253,53.432,0,83.3333,78.8889,0.1176,1362.8424,1359.6976,1361.27,0.0023,0.7321,0.7487,1361.2819,1,2012378,11293.9,0,1.0,1,-0.3949,0.695,0
2026-05-25 10:45:00,1362.0,1362.0,1361.6,1361.7,33905,1361.7302,1361.6297,1361.4155,1,0.0655,-0.0136,0.0791,1,18.7972,24.2044,18.0821,50.7915,0,73.3333,76.6667,0.0882,1362.7545,1359.7255,1361.24,0.0022,0.6519,0.7238,1361.2418,1,1978473,11975.75,1,0.75,-1,-0.4168,0.6728,1
2026-05-25 10:46:00,1361.2,1362.0,1361.2,1362.0,10739,1361.7841,1361.6634,1361.4384,1,0.0862,0.0064,0.0798,1,17.7417,22.3076,20.5833,53.278,0,82.1429,79.6032,0.0735,1362.812,1359.718,1361.265,0.0023,0.7376,0.7292,1361.2379,1,1989212,11987.25,0,1.0,1,-0.3949,0.695,0
2026-05-25 10:47:00,1362.0,1362.0,1361.3,1361.3,7062,1361.6873,1361.6303,1361.433,1,0.0456,0.0142,0.0314,1,16.7616,20.7737,19.1679,47.2754,0,52.0,69.1587,-0.0514,1362.8116,1359.7984,1361.305,0.0022,0.4983,0.7271,1361.2715,1,1982150,11199.7,0,1.0,-1,-0.4461,0.6432,0
2026-05-25 10:48:00,1361.2,1361.4,1361.0,1361.2,11928,1361.5898,1361.5912,1361.4239,-1,0.0052,0.0124,-0.0072,-1,15.8241,19.9303,21.4346,46.4699,0,48.0,60.7143,-0.0367,1362.8145,1359.8055,1361.31,0.0022,0.4634,0.7038,1361.2848,-1,1970222,11168.55,0,0.0,1,-0.4534,0.6358,0
2026-05-25 10:49:00,1361.3,1361.3,1360.4,1360.8,15066,1361.4319,1361.5193,1361.3994,-1,-0.0583,-0.0017,-0.0566,-1,15.8955,18.1453,25.4856,43.2925,0,19.0476,39.6825,-0.0954,1362.8153,1359.7847,1361.3,0.0022,0.335,0.7178,1361.2633,-1,1955156,11557.35,0,0.5556,-1,-0.4827,0.6062,0
2026-05-25 10:50:00,1361.1,1361.1,1360.2,1360.4,11030,1361.2255,1361.4175,1361.3602,-1,-0.1394,-0.0293,-0.1101,-1,16.24,16.5491,25.1986,40.3233,0,8.6957,25.2478,-0.1541,1362.8064,1359.6836,1361.245,0.0023,0.2294,0.7308,1361.2344,-1,1944126,11601.1,0,0.7778,-1,-0.5119,0.5767,1
2026-05-25 10:51:00,1360.5,1360.6,1360.3,1360.6,8054,1361.1004,1361.3432,1361.3304,-1,-0.1853,-0.0605,-0.1249,-1,16.5598,16.0425,24.4272,42.4487,0,17.3913,15.0449,-0.0808,1362.7478,1359.8122,1361.28,0.0022,0.2684,0.7,1361.3221,-1,1952180,10764.75,0,0.3333,1,-0.4973,0.5915,1
2026-05-25 10:52:00,1360.6,1361.5,1360.6,1361.4,8336,1361.1603,1361.3484,1361.3331,-1,-0.1554,-0.0795,-0.0759,-1,15.5905,23.5985,22.2288,50.1037,0,52.1739,26.087,-0.0367,1362.6954,1360.0046,1361.35,0.002,0.5186,0.7143,1361.4071,-1,1960516,10536.55,0,0.8889,1,-0.4388,0.6506,0
2026-05-25 10:53:00,1361.4,1361.4,1360.8,1361.1,6520,1361.1483,1361.3258,1361.324,-1,-0.1541,-0.0944,-0.0597,-1,14.6904,22.1662,20.8797,47.5495,0,39.1304,36.2319,-0.0441,1362.6247,1360.1753,1361.4,0.0018,0.3775,0.7061,1361.4432,-1,1953996,10487.25,0,0.5,-1,-0.4607,0.6284,1
2026-05-25 10:54:00,1361.3,1361.7,1360.8,1361.5,13886,1361.2186,1361.3416,1361.3309,-1,-0.1195,-0.0994,-0.02,-1,14.3435,23.1633,19.0154,51.127,0,61.9048,51.0697,-0.0367,1362.5907,1360.3193,1361.455,0.0017,0.5198,0.72,1361.4473,1,1967882,11067.65,0,0.2222,1,-0.4315,0.658,0
2026-05-25 10:55:00,1361.5,1361.5,1360.5,1360.8,6291,1361.1349,1361.2924,1361.3101,-1,-0.1468,-0.1089,-0.0379,-1,13.4673,20.9275,20.0757,45.3035,0,33.3333,44.7895,-0.0661,1362.562,1360.378,1361.47,0.0016,0.1932,0.74,1361.466,-1,1961591,11007.75,0,0.7,-1,-0.4827,0.6062,0
2026-05-25 10:56:00,1360.8,1361.0,1360.5,1360.5,5733,1361.0079,1361.2204,1361.2783,-1,-0.1904,-0.1252,-0.0652,-1,12.6537,19.8935,19.0838,43.0409,0,16.6667,37.3016,-0.1101,1362.5999,1360.2901,1361.445,0.0017,0.0909,0.7228,1361.4616,-1,1955858,10974.4,0,0.6,-1,-0.5046,0.5841,1
2026-05-25 10:57:00,1360.9,1361.6,1360.9,1361.5,7472,1361.1063,1361.2458,1361.287,-1,-0.1427,-0.1287,-0.014,-1,12.8828,23.5247,17.084,51.7004,0,72.2222,40.7407,0.0147,1362.5471,1360.2929,1361.42,0.0017,0.5355,0.7498,1361.4282,1,1963330,10127.8,0,0.8571,1,-0.4315,0.658,0
2026-05-25 10:58:00,1361.5,1361.8,1360.9,1361.5,8439,1361.1851,1361.2689,1361.2953,-1,-0.1037,-0.1237,0.02,1,13.3845,23.4146,15.6399,51.7004,0,72.2222,53.7037,0.022,1362.5305,1360.2895,1361.41,0.0016,0.5402,0.7605,1361.4186,1,1971769,10316.95,0,0.0,1,-0.4315,0.658,0
2026-05-25 10:59:00,1361.5,1361.5,1360.9,1361.3,7663,1361.208,1361.2717,1361.2955,-1,-0.0879,-0.1165,0.0287,1,13.8504,22.0749,14.7451,49.9394,0,61.1111,68.5185,0.0367,1362.4454,1360.2946,1361.37,0.0016,0.4675,0.7491,1361.3936,-1,1964106,10334.45,0,0.3333,-1,-0.4461,0.6432,0
2026-05-25 11:00:00,1361.3,1361.7,1361.0,1361.3,6693,1361.2264,1361.2743,1361.2957,-1,-0.0745,-0.1081,0.0336,1,14.5853,22.5106,13.7562,49.9394,0,61.1111,64.8148,0.0662,1362.2521,1360.3679,1361.31,0.0014,0.4947,0.7455,1361.3571,-1,1970799,10303.85,0,0.0,1,-0.4461,0.6432,0
2026-05-25 11:01:00,1361.3,1361.3,1360.8,1361.0,9367,1361.1812,1361.2493,1361.2841,-1,-0.0871,-0.1039,0.0168,1,14.7904,21.4063,15.0437,47.1456,0,50.0,57.4074,0.0294,1362.2085,1360.3415,1361.275,0.0014,0.3527,0.728,1361.3106,-1,1961432,10143.2,0,0.6,-1,-0.468,0.621,0
2026-05-25 11:02:00,1361.0,1361.0,1360.8,1360.9,4316,1361.1249,1361.2176,1361.269,-1,-0.1039,-0.1039,-0.0,-1,14.9808,20.9633,14.7323,46.2175,0,43.75,51.6204,-0.0367,1362.1258,1360.3242,1361.225,0.0013,0.3196,0.6903,1361.2602,-1,1957116,9556.65,0,0.5,-1,-0.4754,0.6136,1
2026-05-25 11:03:00,1360.8,1361.0,1360.8,1361.0,4558,1361.0999,1361.1978,1361.2585,-1,-0.108,-0.1047,-0.0033,-1,15.1575,20.5063,14.4111,47.3341,0,50.0,47.9167,-0.0073,1362.0684,1360.3116,1361.19,0.0013,0.3918,0.6553,1361.2421,-1,1961674,9575.55,0,1.0,1,-0.468,0.621,1
2026-05-25 11:04:00,1361.0,1362.0,1361.0,1361.9,27437,1361.2599,1361.2616,1361.2836,-1,-0.0381,-0.0914,0.0533,1,16.8052,28.8577,12.8971,56.1562,0,94.1176,62.6225,0.0294,1362.0459,1360.3241,1361.185,0.0013,0.9153,0.6799,1361.2792,1,1989111,10724.75,1,0.9,1,-0.4022,0.6876,1
2026-05-25 11:05:00,1361.9,1362.8,1361.8,1362.1,16271,1361.428,1361.3379,1361.3157,1,0.033,-0.0665,0.0995,1,19.1212,34.0558,11.5863,57.8461,0,69.5652,71.2276,0.0955,1362.1291,1360.2809,1361.205,0.0014,0.9843,0.7028,1361.2741,1,2005382,9843.05,1,0.2,1,-0.3876,0.7024,1
2026-05-25 11:06:00,1362.1,1362.4,1361.7,1362.2,29526,1361.5824,1361.4162,1361.3503,1,0.0963,-0.034,0.1303,1,21.0222,31.6321,11.7784,58.7032,0,73.913,79.1986,0.125,1362.1768,1360.2532,1361.215,0.0014,1.012,0.7026,1361.3643,1,2034908,10782.4,1,0.1429,1,-0.3803,0.7097,0
2026-05-25 11:07:00,1362.2,1362.4,1361.8,1362.1,6128,1361.6859,1361.4784,1361.3797,1,0.1369,0.0002,0.1367,1,22.7874,29.6822,11.0523,57.4454,0,69.5652,71.0145,0.0441,1362.2913,1360.2187,1361.255,0.0015,0.9077,0.6952,1361.3797,1,2028780,10735.7,0,0.1667,-1,-0.3876,0.7024,0
2026-05-25 11:08:00,1362.1,1362.1,1361.1,1361.5,12964,1361.6487,1361.4804,1361.3845,1,0.1192,0.024,0.0952,1,22.7635,26.7253,16.9247,50.4593,0,43.4783,62.3188,0.0,1362.3113,1360.2287,1361.27,0.0015,0.6104,0.717,1361.4009,1,2015816,10787.5,0,0.6,-1,-0.4315,0.658,1
2026-05-25 11:09:00,1361.5,1361.7,1361.1,1361.6,5262,1361.639,1361.4912,1361.3929,1,0.112,0.0416,0.0704,1,22.7413,25.109,15.9012,51.5175,0,47.8261,53.6232,0.022,1362.3374,1360.2826,1361.31,0.0015,0.6411,0.7086,1361.4441,1,2021078,10297.3,0,0.1667,1,-0.4242,0.6654,0
2026-05-25 11:10:00,1361.6,1361.7,1360.9,1361.6,10852,1361.6312,1361.5011,1361.401,1,0.105,0.0543,0.0508,1,22.2809,23.1028,16.6282,51.5175,0,40.0,43.7681,0.022,1362.3147,1360.4253,1361.37,0.0014,0.6217,0.7152,1361.4888,1,2031930,10288.4,0,0.0,1,-0.4242,0.6654,1
2026-05-25 11:11:00,1361.6,1361.9,1361.2,1361.8,5256,1361.6649,1361.5283,1361.4167,1,0.1144,0.0663,0.0481,1,22.1605,23.4857,15.4639,53.8064,0,50.0,45.942,0.0588,1362.3224,1360.5376,1361.43,0.0013,0.7073,0.7141,1361.5318,1,2037186,10148.5,0,0.2857,1,-0.4095,0.6802,1
2026-05-25 11:12:00,1361.9,1362.4,1361.4,1362.4,4862,1361.812,1361.6075,1361.4552,1,0.1682,0.0867,0.0815,1,22.7377,26.0641,13.9601,59.9196,0,80.0,56.6667,0.1102,1362.4671,1360.4929,1361.48,0.0015,0.966,0.7345,1361.5601,1,2042048,9974.8,0,0.5,1,-0.3657,0.7245,0
2026-05-25 11:13:00,1362.4,1362.4,1361.8,1362.4,6098,1361.9296,1361.6796,1361.4923,1,0.2085,0.1111,0.0975,1,23.2737,24.5232,13.1347,59.9196,0,80.0,70.0,0.1029,1362.5928,1360.4972,1361.545,0.0015,0.908,0.7249,1361.5948,1,2048146,9953.7,0,0.0,1,-0.3657,0.7245,0
2026-05-25 11:14:00,1362.4,1362.4,1361.7,1362.1,5262,1361.9637,1361.7178,1361.5161,1,0.2138,0.1316,0.0822,1,23.5165,22.8275,13.2143,55.649,0,65.0,75.0,0.0147,1362.6499,1360.5001,1361.575,0.0016,0.7442,0.7231,1361.6268,1,2042884,9522.5,0,0.4286,-1,-0.3876,0.7024,0
2026-05-25 11:15:00,1362.1,1362.2,1361.7,1361.9,4280,1361.9509,1361.7344,1361.5312,1,0.1995,0.1452,0.0543,1,23.7419,21.6747,12.547,52.9401,0,55.0,66.6667,-0.0147,1362.652,1360.608,1361.63,0.0015,0.6321,0.7072,1361.657,1,2038604,9421.95,0,0.4,-1,-0.4022,0.6876,1
2026-05-25 11:16:00,1361.9,1362.4,1361.7,1362.2,7564,1362.0007,1361.7767,1361.5574,1,0.21,0.1581,0.0518,1,24.2643,22.1627,11.6592,56.3709,0,70.0,63.3333,0.0,1362.6234,1360.8066,1361.715,0.0013,0.767,0.7067,1361.7044,1,2046168,9513.5,0,0.4286,1,-0.3803,0.7097,0
2026-05-25 11:17:00,1361.8,1362.0,1361.6,1362.0,6778,1362.0006,1361.797,1361.5748,1,0.1998,0.1665,0.0334,1,24.4575,20.8039,11.9662,53.5672,0,57.8947,60.9649,-0.0073,1362.6508,1360.8292,1361.74,0.0013,0.6427,0.6991,1361.7248,1,2039390,9478.8,0,0.5,1,-0.3949,0.695,0
2026-05-25 11:18:00,1362.0,1362.2,1361.3,1361.6,9530,1361.9205,1361.7791,1361.5757,1,0.1577,0.1647,-0.007,-1,23.8069,18.9293,13.8916,48.384,0,36.8421,54.9123,0.0073,1362.6516,1360.8384,1361.745,0.0013,0.42,0.7134,1361.738,-1,2029860,9533.35,0,0.4444,-1,-0.4242,0.6654,0
2026-05-25 11:19:00,1361.6,1362.2,1360.7,1361.1,36288,1361.7564,1361.7174,1361.5571,1,0.083,0.1484,-0.0654,-1,22.3667,16.2939,17.5264,42.8081,0,23.5294,39.4221,-0.0367,1362.6651,1360.8049,1361.735,0.0014,0.1586,0.7696,1361.6887,-1,1993572,10964.6,1,0.3333,-1,-0.4607,0.6284,0
2026-05-25 11:20:00,1361.1,1361.1,1360.5,1360.7,8595,1361.5451,1361.6249,1361.5235,-1,-0.0084,0.117,-0.1254,-1,21.4135,15.372,18.4208,38.9418,0,10.5263,23.6326,-0.0661,1362.7238,1360.6862,1361.705,0.0015,0.0068,0.7575,1361.6636,-1,1984977,11059.7,0,0.6667,-1,-0.49,0.5988,1
2026-05-25 11:21:00,1360.7,1360.9,1360.5,1360.8,7528,1361.3961,1361.5499,1361.4951,-1,-0.0719,0.0793,-0.1511,-1,20.5283,14.772,17.7017,40.3912,0,15.7895,16.6151,-0.0734,1362.7447,1360.6453,1361.695,0.0015,0.0737,0.7319,1361.6586,-1,1992505,10967.75,0,0.25,1,-0.4827,0.6062,0
2026-05-25 11:22:00,1360.8,1361.0,1360.5,1360.7,6937,1361.2569,1361.4726,1361.4639,-1,-0.1288,0.0376,-0.1664,-1,19.4623,15.033,16.818,39.3844,0,10.5263,12.2807,-0.1248,1362.7681,1360.6019,1361.685,0.0016,0.0453,0.7154,1361.6444,-1,1985568,11098.8,0,0.2,-1,-0.49,0.5988,1
2026-05-25 11:23:00,1360.6,1361.2,1360.4,1361.2,8377,1361.2455,1361.4478,1361.4536,-1,-0.132,0.0037,-0.1357,-1,18.149,15.8225,15.4859,46.5578,0,40.0,22.1053,-0.0881,1362.7561,1360.6339,1361.695,0.0016,0.2667,0.7214,1361.6324,-1,1993945,11289.75,0,0.75,1,-0.4534,0.6358,1
2026-05-25 11:24:00,1360.9,1361.9,1360.9,1361.9,5489,1361.3764,1361.4889,1361.4711,-1,-0.0772,-0.0125,-0.0648,-1,18.2897,21.0426,13.9937,54.6495,0,75.0,41.8421,-0.0147,1362.7561,1360.6339,1361.695,0.0016,0.5966,0.7413,1361.6305,1,1999434,10192.35,0,1.0,1,-0.4022,0.6876,0
2026-05-25 11:25:00,1361.9,1362.0,1361.0,1361.0,15747,1361.3011,1361.4445,1361.4526,-1,-0.1052,-0.031,-0.0742,-1,18.5844,20.0045,12.6782,45.1781,0,30.0,48.3333,-0.0661,1362.7252,1360.5548,1361.64,0.0016,0.2051,0.7598,1361.5592,-1,1983687,10166.15,1,0.9,-1,-0.468,0.621,1
2026-05-25 11:26:00,1361.0,1361.4,1360.7,1361.4,6675,1361.3209,1361.4404,1361.4505,-1,-0.094,-0.0436,-0.0504,-1,18.1147,18.6806,14.6754,49.3774,0,50.0,51.6667,-0.0587,1362.6583,1360.5417,1361.6,0.0016,0.4055,0.7555,1361.4562,-1,1990362,9023.6,0,0.5714,1,-0.4388,0.6506,0
2026-05-25 11:27:00,1361.4,1361.7,1361.0,1361.0,6330,1361.2567,1361.4004,1361.4329,-1,-0.1161,-0.0581,-0.058,-1,18.2057,20.2891,13.6991,45.6146,0,30.0,36.6667,-0.0734,1362.608,1360.482,1361.545,0.0016,0.2436,0.7516,1361.4266,-1,1984032,9033.7,0,0.5714,-1,-0.468,0.621,1
2026-05-25 11:28:00,1361.0,1361.4,1360.7,1361.2,4616,1361.2454,1361.3822,1361.4237,-1,-0.1161,-0.0697,-0.0464,-1,17.5837,18.9326,15.6485,47.7583,0,40.0,40.0,-0.0294,1362.6035,1360.4565,1361.53,0.0016,0.3463,0.7479,1361.4073,-1,1988648,8616.3,0,0.2857,1,-0.4534,0.6358,0
2026-05-25 11:29:00,1361.3,1361.3,1359.4,1360.7,83037,1361.1363,1361.3202,1361.3954,-1,-0.1547,-0.0867,-0.068,-1,17.8302,15.8376,24.2756,43.1764,0,43.3333,37.7778,-0.0294,1362.6169,1360.3531,1361.485,0.0017,0.1532,0.8302,1361.0937,-1,1905611,12505.05,1,0.3158,-1,-0.49,0.5988,0
2026-05-25 11:30:00,1360.7,1360.7,1360.0,1360.0,9416,1360.909,1361.2002,1361.3406,-1,-0.239,-0.1172,-0.1218,-1,18.0592,14.8729,22.7969,37.7203,0,21.4286,34.9206,-0.0514,1362.7065,1360.1035,1361.405,0.0019,-0.0398,0.8209,1361.0478,-1,1896195,12433.25,0,1.0,-1,-0.5412,0.5471,0
2026-05-25 11:31:00,1360.1,1360.1,1359.1,1359.5,8935,1360.6272,1361.0456,1361.2685,-1,-0.3422,-0.1622,-0.18,-1,19.3036,13.5986,28.5549,34.3786,1,12.9032,25.8884,-0.0955,1362.8183,1359.7617,1361.29,0.0022,-0.0856,0.8337,1360.9832,-1,1887260,12617.2,0,0.6,-1,-0.5777,0.5101,1
2026-05-25 11:32:00,1359.7,1360.0,1359.3,1359.8,5505,1360.4618,1360.9324,1361.2109,-1,-0.3952,-0.2088,-0.1864,-1,20.4591,12.7736,26.8224,37.9317,0,22.5806,18.9708,-0.0661,1362.7302,1359.5898,1361.16,0.0023,0.0669,0.8241,1360.9344,-1,1892765,12649.35,0,0.1429,1,-0.5558,0.5323,0
2026-05-25 11:33:00,1359.8,1359.9,1359.1,1359.1,27379,1360.1894,1360.7658,1361.1281,-1,-0.4881,-0.2647,-0.2235,-1,21.7395,11.886,26.6958,33.3888,1,0.0,11.828,-0.1543,1362.6973,1359.2927,1360.995,0.0025,-0.0566,0.8224,1360.7498,-1,1865386,13713.4,1,0.875,-1,-0.607,0.4806,0
2026-05-25 11:34:00,1359.1,1359.8,1358.3,1358.3,25012,1359.8115,1360.5416,1361.0172,-1,-0.6191,-0.3355,-0.2836,-1,23.6434,10.4236,29.9733,29.0995,1,0.0,7.5269,-0.2643,1362.7955,1358.8145,1360.805,0.0029,-0.1293,0.8708,1360.5603,-1,1840374,14700.9,1,0.5333,-1,-0.6655,0.4214,1
2026-05-25 11:35:00,1358.8,1358.9,1358.2,1358.9,13139,1359.6292,1360.3924,1360.9342,-1,-0.6669,-0.4018,-0.2651,-1,25.4902,9.8165,29.0597,35.7646,0,18.4211,6.1404,-0.1543,1362.7426,1358.5674,1360.655,0.0031,0.0797,0.8586,1360.4588,-1,1853513,15143.85,0,0.1429,1,-0.6216,0.4658,1
2026-05-25 11:36:00,1358.9,1359.0,1358.5,1359.0,10764,1359.5034,1360.2658,1360.8583,-1,-0.6887,-0.4592,-0.2295,-1,26.9646,10.2532,27.8138,36.8305,0,21.0526,13.1579,-0.1763,1362.5749,1358.4151,1360.495,0.0031,0.1406,0.833,1360.3611,-1,1864277,15303.85,0,0.2,1,-0.6143,0.4732,0
2026-05-25 11:37:00,1359.2,1359.2,1358.5,1358.8,6176,1359.3627,1360.1325,1360.7776,-1,-0.7139,-0.5101,-0.2038,-1,27.8506,11.3654,26.125,35.5596,0,15.7895,18.4211,-0.1616,1362.4195,1358.2505,1360.335,0.0031,0.1318,0.8235,1360.2968,-1,1858101,15273.75,0,0.5714,-1,-0.6289,0.4584,0
2026-05-25 11:38:00,1358.8,1358.9,1358.4,1358.7,12345,1359.2302,1360.0023,1360.6961,-1,-0.7335,-0.5548,-0.1787,-1,28.7786,10.8583,25.8517,34.911,1,13.1579,16.6667,-0.1837,1362.3056,1358.0744,1360.19,0.0031,0.1478,0.8004,1360.1881,-1,1845756,15414.5,0,0.2,-1,-0.6362,0.451,1
2026-05-25 11:39:00,1358.7,1359.4,1358.7,1359.2,4152,1359.2241,1359.9294,1360.6374,-1,-0.7006,-0.584,-0.1166,-1,28.4759,14.6763,24.2221,40.7323,0,28.5714,19.1729,-0.1102,1362.2092,1357.9808,1360.095,0.0031,0.2883,0.7932,1360.0213,-1,1849908,13807.7,0,0.7143,1,-0.5997,0.4879,1
2026-05-25 11:40:00,1359.4,1360.0,1359.2,1359.8,10809,1359.3393,1359.9176,1360.6046,-1,-0.619,-0.591,-0.028,-1,27.0373,19.0194,22.4782,46.8727,0,45.7143,29.1479,-0.0147,1362.149,1357.951,1360.05,0.0031,0.4404,0.7937,1359.9845,-1,1860717,13918.4,0,0.5,1,-0.5558,0.5323,1
2026-05-25 11:41:00,1360.0,1360.0,1359.6,1359.9,4419,1359.4514,1359.916,1360.577,-1,-0.54,-0.5808,0.0408,1,25.7014,18.3096,21.6393,47.8426,0,53.125,42.4702,0.0294,1362.0762,1357.9338,1360.005,0.003,0.4747,0.7656,1359.9616,-1,1865136,13762.95,0,0.25,-1,-0.5485,0.5397,0
2026-05-25 11:42:00,1359.9,1359.9,1359.0,1359.4,7756,1359.4412,1359.8691,1360.5308,-1,-0.5119,-0.567,0.0551,1,25.3195,16.7911,25.3735,43.5605,0,38.7097,45.8497,-0.0294,1362.0015,1357.8785,1359.94,0.003,0.369,0.7752,1359.9273,-1,1857380,13803.9,0,0.5556,-1,-0.5851,0.5027,1
2026-05-25 11:43:00,1359.4,1359.7,1359.1,1359.5,5263,1359.4529,1359.8355,1360.4904,-1,-0.476,-0.5488,0.0728,1,24.9648,15.8476,23.9476,44.6279,0,52.0,47.9449,0.0294,1361.8404,1357.8696,1359.855,0.0029,0.4106,0.7627,1359.887,-1,1862643,13648.2,0,0.1667,1,-0.5777,0.5101,0
2026-05-25 11:44:00,1359.5,1359.7,1359.0,1359.3,5234,1359.4223,1359.7869,1360.4437,-1,-0.4584,-0.5307,0.0723,1,24.7761,14.8025,23.3105,42.8811,0,57.8947,49.5348,0.0736,1361.4855,1357.9645,1359.725,0.0026,0.3793,0.7582,1359.8425,-1,1857409,13635.45,0,0.2857,-1,-0.5924,0.4953,0
2026-05-25 11:45:00,1359.3,1359.5,1359.3,1359.3,4135,1359.3979,1359.7426,1360.3989,-1,-0.4394,-0.5125,0.073,1,24.6009,14.5081,22.8469,42.8811,0,61.1111,57.0019,0.0294,1361.3078,1357.9722,1359.64,0.0025,0.3981,0.7183,1359.7451,-1,1861544,13054.85,0,0.0,1,-0.5924,0.4953,0
2026-05-25 11:46:00,1359.3,1359.4,1359.1,1359.3,21097,1359.3783,1359.7024,1360.3558,-1,-0.4196,-0.4939,0.0743,1,24.7391,14.0565,24.2108,42.8811,0,61.1111,60.039,0.0221,1360.9982,1358.0718,1359.535,0.0022,0.4197,0.6884,1359.674,-1,1882641,13775.95,1,0.0,1,-0.5924,0.4953,1
2026-05-25 11:47:00,1359.3,1359.9,1359.0,1359.9,22948,1359.4826,1359.7203,1360.3379,-1,-0.3513,-0.4654,0.114,1,23.7159,17.8484,21.9986,50.1868,0,94.4444,72.2222,0.081,1360.7939,1358.1661,1359.48,0.0019,0.6598,0.7035,1359.6344,1,1905589,14606.85,1,0.6667,1,-0.5485,0.5397,0
2026-05-25 11:48:00,1359.9,1359.9,1359.4,1359.4,19676,1359.4661,1359.6912,1360.3011,-1,-0.3338,-0.439,0.1053,1,22.7659,16.9233,20.8583,45.0193,0,66.6667,74.0741,0.0515,1360.4405,1358.3395,1359.39,0.0015,0.5048,0.689,1359.608,-1,1885913,15359.85,0,1.0,-1,-0.5851,0.5027,1
2026-05-25 11:49:00,1359.5,1359.9,1359.4,1359.9,3635,1359.5529,1359.7102,1360.2854,-1,-0.2763,-0.4065,0.1302,1,21.8837,16.0285,19.7555,50.5073,0,93.75,84.9537,0.0515,1360.2478,1358.4522,1359.35,0.0013,0.8063,0.6755,1359.297,1,1889548,11389.75,0,0.8,1,-0.5485,0.5397,1
2026-05-25 11:50:00,1359.9,1360.2,1359.7,1360.2,5843,1359.6823,1359.7547,1360.282,-1,-0.2042,-0.366,0.1618,1,20.3772,18.3973,18.6913,53.506,0,100.0,86.8056,0.0294,1360.2904,1358.4296,1359.36,0.0014,0.9514,0.663,1359.2769,1,1895391,11211.1,0,0.6,1,-0.5265,0.5619,1
2026-05-25 11:51:00,1360.5,1360.8,1360.2,1360.5,5933,1359.8458,1359.8225,1360.2906,1,-0.1215,-0.3171,0.1957,1,20.0029,23.7084,17.4748,56.354,0,87.5,93.75,0.0441,1360.4643,1358.3557,1359.41,0.0016,1.0169,0.6585,1359.298,1,1901324,11061.0,0,0.0,1,-0.5046,0.5841,1
2026-05-25 11:52:00,1360.5,1361.0,1360.3,1361.0,8355,1360.0767,1359.9295,1360.3184,1,-0.0154,-0.2568,0.2414,1,19.9807,24.076,16.1538,60.6772,0,100.0,95.8333,0.1177,1360.724,1358.216,1359.47,0.0018,1.1101,0.6614,1359.3429,1,1909679,11203.5,0,0.7143,1,-0.468,0.621,0
2026-05-25 11:53:00,1361.0,1361.0,1360.4,1360.4,18520,1360.1413,1359.9723,1360.3216,1,0.0201,-0.2014,0.2215,1,19.9601,22.5056,15.1002,53.7916,0,70.0,85.8333,0.0662,1360.8393,1358.2307,1359.535,0.0019,0.8316,0.6571,1359.4481,1,1891159,10760.55,1,1.0,-1,-0.5119,0.5767,0
2026-05-25 11:54:00,1360.2,1360.8,1360.1,1360.3,9083,1360.1731,1360.0021,1360.3208,1,0.0396,-0.1532,0.1928,1,19.2107,20.801,17.2026,52.7178,0,65.0,78.3333,0.0736,1360.8487,1358.4213,1359.635,0.0018,0.774,0.6601,1359.5728,1,1882076,9964.1,0,0.1429,1,-0.5192,0.5693,0
2026-05-25 11:55:00,1360.3,1360.3,1359.6,1359.9,4929,1360.1185,1359.9928,1360.3043,1,0.0226,-0.118,0.1406,1,18.2016,19.2322,21.2922,48.5436,0,45.0,60.0,0.0441,1360.8551,1358.5149,1359.685,0.0017,0.5919,0.663,1359.6444,1,1877147,9553.6,0,0.5714,-1,-0.5485,0.5397,0
2026-05-25 11:56:00,1359.9,1360.0,1359.6,1359.9,4526,1360.0748,1359.9844,1360.2884,1,0.009,-0.0926,0.1016,1,17.2646,18.3792,20.3478,48.5436,0,45.0,51.6667,0.0441,1360.8598,1358.6002,1359.73,0.0017,0.5752,0.6442,1359.6962,1,1881673,9241.7,0,0.0,1,-0.5485,0.5397,0
2026-05-25 11:57:00,1359.7,1360.2,1359.7,1359.9,6740,1360.0398,1359.9767,1360.2732,1,-0.0018,-0.0745,0.0727,1,16.1043,19.5974,19.2014,48.5436,0,45.0,45.0,0.0,1360.8324,1358.7376,1359.785,0.0015,0.5549,0.6339,1359.7336,1,1888413,9269.9,0,0.4,1,-0.5485,0.5397,1
2026-05-25 11:58:00,1360.0,1360.0,1359.6,1360.0,4348,1360.0319,1359.9788,1360.2625,1,-0.0022,-0.06,0.0578,1,15.0999,18.6901,19.4698,49.7851,0,50.0,46.6667,0.0441,1360.7741,1358.9259,1359.85,0.0014,0.5812,0.6172,1359.8111,1,1892761,8870.05,0,0.0,1,-0.5412,0.5471,0
2026-05-25 11:59:00,1360.0,1360.0,1359.4,1359.4,7553,1359.9055,1359.9262,1360.2286,-1,-0.0504,-0.0581,0.0077,1,14.5964,17.3897,20.4344,43.0705,0,20.0,38.3333,-0.0368,1360.7598,1358.9602,1359.86,0.0013,0.2444,0.616,1359.8186,-1,1885208,9040.1,0,1.0,-1,-0.5851,0.5027,1
2026-05-25 12:00:00,1359.4,1359.7,1359.0,1359.5,8703,1359.8244,1359.8875,1360.2001,-1,-0.0796,-0.0624,-0.0172,-1,14.895,15.9917,23.3855,44.4161,0,25.0,31.6667,-0.0515,1360.7582,1358.9318,1359.845,0.0013,0.3111,0.622,1359.8074,-1,1893911,8934.8,0,0.1429,1,-0.5777,0.5101,0
2026-05-25 12:01:00,1359.5,1359.5,1359.0,1359.1,2757,1359.6795,1359.8159,1360.1569,-1,-0.1335,-0.0766,-0.0569,-1,15.1722,15.0604,22.0236,40.3118,0,5.0,16.6667,-0.1029,1360.7735,1358.8365,1359.805,0.0014,0.136,0.6132,1359.7973,-1,1891154,8851.7,0,0.8,-1,-0.607,0.4806,0
2026-05-25 12:02:00,1359.3,1359.3,1358.9,1358.9,8162,1359.5236,1359.7326,1360.1076,-1,-0.1901,-0.0993,-0.0908,-1,15.6195,14.3408,22.1658,38.401,0,0.0,10.0,-0.1543,1360.8127,1358.7473,1359.78,0.0015,0.0739,0.598,1359.7781,-1,1882992,8872.0,0,1.0,-1,-0.6216,0.4658,0
2026-05-25 12:03:00,1358.9,1358.9,1358.0,1358.0,50854,1359.2189,1359.5751,1360.025,-1,-0.3041,-0.1403,-0.1638,-1,17.386,12.8529,30.2416,31.2279,1,0.0,1.6667,-0.1764,1360.9941,1358.4159,1359.705,0.0019,-0.1613,0.6196,1359.4492,-1,1832138,11151.55,1,1.0,-1,-0.6874,0.3992,1
2026-05-25 12:04:00,1358.1,1359.7,1358.1,1359.7,21023,1359.3151,1359.5864,1360.0122,-1,-0.2544,-0.1631,-0.0913,-1,17.1486,18.8142,24.9712,50.1643,0,56.6667,18.8889,-0.0441,1361.0007,1358.4493,1359.725,0.0019,0.4902,0.6968,1359.4269,1,1853161,11941.0,1,1.0,1,-0.5631,0.5249,1
2026-05-25 12:05:00,1359.7,1360.1,1359.4,1359.8,22702,1359.4121,1359.6059,1360.0039,-1,-0.2045,-0.1714,-0.0331,-1,16.1816,21.5638,23.1798,51.0186,0,60.0,38.8889,-0.0074,1361.011,1358.489,1359.75,0.0019,0.5198,0.697,1359.4578,1,1875863,12869.35,1,0.1429,1,-0.5558,0.5323,1
2026-05-25 12:06:00,1360.0,1361.0,1359.3,1360.9,35227,1359.7097,1359.7235,1360.0391,-1,-0.0754,-0.1522,0.0768,1,16.1123,26.5208,19.5178,59.287,0,96.6667,71.1111,0.0735,1361.1673,1358.4927,1359.83,0.002,0.9001,0.7686,1359.5949,1,1911090,13575.85,1,0.5294,1,-0.4754,0.6136,0
2026-05-25 12:07:00,1361.0,1361.1,1360.2,1360.9,20919,1359.9477,1359.8305,1360.0728,1,0.0267,-0.1164,0.1431,1,16.1768,25.2475,17.9051,59.287,0,93.5484,83.405,0.0735,1361.2965,1358.4635,1359.88,0.0021,0.86,0.778,1359.6828,1,1932009,13474.4,1,0.1111,-1,-0.4754,0.6136,0
2026-05-25 12:08:00,1360.9,1360.9,1360.0,1360.3,9296,1360.0182,1359.8732,1360.0817,1,0.0585,-0.0814,0.1399,1,15.8704,23.1845,18.2579,53.5668,0,74.1935,88.1362,0.0221,1361.3348,1358.5152,1359.925,0.0021,0.633,0.7867,1359.7174,1,1922713,12955.4,0,0.6667,-1,-0.5192,0.5693,1
2026-05-25 12:09:00,1360.4,1360.6,1360.1,1360.4,5426,1360.0946,1359.921,1360.0942,1,0.0907,-0.047,0.1377,1,15.586,22.1039,17.4069,54.3572,0,77.4194,81.7204,0.0736,1361.3748,1358.5252,1359.95,0.0021,0.6579,0.7662,1359.7307,1,1928139,13044.95,0,0.0,1,-0.5119,0.5767,1
2026-05-25 12:10:00,1360.4,1360.8,1360.3,1360.8,5923,1360.2356,1360.001,1360.1219,1,0.1468,-0.0082,0.155,1,15.6262,22.9592,16.5749,57.4755,0,90.3226,80.6452,0.0956,1361.4491,1358.5109,1359.98,0.0022,0.7791,0.7472,1359.7444,1,1934062,13048.95,0,0.8,1,-0.4827,0.6062,1
2026-05-25 12:11:00,1360.7,1361.1,1360.6,1361.0,10928,1360.3885,1360.0918,1360.1563,1,0.205,0.0344,0.1706,1,16.0975,24.7725,15.7635,58.9843,0,96.7742,88.172,0.1398,1361.5248,1358.4852,1360.005,0.0022,0.8273,0.7296,1359.775,1,1944990,13298.7,0,0.6,1,-0.468,0.621,0
2026-05-25 12:12:00,1361.0,1361.0,1360.8,1360.8,7242,1360.4708,1360.1562,1360.1816,1,0.2324,0.074,0.1584,1,16.5351,24.2609,15.438,56.8134,0,90.3226,92.4731,0.1398,1361.491,1358.499,1359.995,0.0022,0.7691,0.6917,1359.7736,1,1937748,13243.05,0,1.0,-1,-0.4827,0.6062,0
2026-05-25 12:13:00,1360.9,1360.9,1360.4,1360.4,10024,1360.4566,1360.1783,1360.1901,1,0.2192,0.103,0.1162,1,16.0619,22.983,18.8386,52.6405,0,77.4194,88.172,0.1767,1361.491,1358.499,1359.995,0.0022,0.6354,0.678,1359.7449,1,1927724,12818.25,0,1.0,-1,-0.5119,0.5767,1
2026-05-25 12:14:00,1360.6,1360.7,1360.4,1360.7,8255,1360.5053,1360.2258,1360.2101,1,0.2304,0.1285,0.1019,1,15.6224,22.2265,18.2186,55.2927,0,87.0968,84.9462,0.0735,1361.5372,1358.4928,1360.015,0.0022,0.725,0.651,1359.7492,1,1935979,12776.85,0,0.3333,1,-0.49,0.5988,0
2026-05-25 12:15:00,1360.9,1361.0,1360.5,1360.5,28271,1360.5043,1360.2507,1360.2215,1,0.2205,0.1469,0.0736,1,15.7329,24.3336,17.2023,53.1555,0,80.6452,81.7204,0.0515,1361.5805,1358.5095,1360.045,0.0023,0.6482,0.6403,1359.839,1,1907708,13943.95,1,0.8,-1,-0.5046,0.5841,0
2026-05-25 12:16:00,1360.5,1360.6,1360.0,1360.5,72796,1360.5034,1360.2733,1360.2324,1,0.2103,0.1596,0.0507,1,14.778,22.6974,21.6489,53.1555,0,80.6452,82.7957,-0.0294,1361.6214,1358.5286,1360.075,0.0023,0.6374,0.6374,1359.9497,1,1980504,17357.45,1,0.0,1,-0.5046,0.5841,0
2026-05-25 12:17:00,1360.5,1360.5,1360.3,1360.4,2373,1360.4827,1360.2849,1360.239,1,0.1919,0.166,0.0258,1,13.8913,22.1625,21.1387,51.9902,0,76.6667,79.319,-0.0367,1361.6505,1358.5495,1360.1,0.0023,0.5967,0.6061,1359.9531,1,1978131,17139.1,0,0.5,-1,-0.5119,0.5767,0
2026-05-25 12:18:00,1360.3,1360.4,1360.3,1360.4,6047,1360.4662,1360.2953,1360.2453,1,0.1753,0.1679,0.0074,1,13.0679,21.8847,20.8738,51.9902,0,61.1111,72.8076,0.0074,1361.6751,1358.5649,1360.12,0.0023,0.59,0.57,1359.9615,1,1984178,17224.05,0,1.0,1,-0.5119,0.5767,1
2026-05-25 12:19:00,1360.4,1360.5,1360.3,1360.5,5823,1360.4729,1360.3139,1360.2553,1,0.1683,0.168,0.0003,1,12.5168,22.6236,20.3252,53.1806,0,66.6667,68.1481,0.0074,1361.7019,1358.6481,1360.175,0.0022,0.6064,0.5436,1359.9775,1,1990001,17137.55,0,0.5,1,-0.5046,0.5841,1
2026-05-25 12:20:00,1360.5,1360.9,1360.0,1360.6,52615,1360.4984,1360.3399,1360.2688,1,0.1688,0.1681,0.0007,1,12.7923,25.0889,18.0289,54.3983,0,54.5455,60.7744,-0.0147,1361.7348,1358.7252,1360.23,0.0022,0.6229,0.569,1360.0616,1,2042616,19333.15,1,0.1111,1,-0.4973,0.5915,1
2026-05-25 12:21:00,1360.6,1361.0,1360.2,1361.0,8969,1360.5987,1360.3999,1360.2975,1,0.1993,0.1744,0.0249,1,13.2297,23.8603,16.2694,58.9924,0,90.9091,70.7071,0.0,1361.7712,1358.8788,1360.325,0.0021,0.7334,0.5855,1360.083,1,2051585,19643.75,0,0.5,1,-0.468,0.621,0
2026-05-25 12:22:00,1361.0,1361.1,1360.5,1361.0,25873,1360.6789,1360.4545,1360.325,1,0.2208,0.1837,0.0372,1,13.8194,23.3347,15.0807,58.9924,0,90.9091,78.7879,0.0147,1361.7462,1359.1138,1360.43,0.0019,0.7165,0.5866,1360.1532,1,2077458,20529.3,0,0.0,1,-0.468,0.621,1
2026-05-25 12:23:00,1361.0,1361.5,1360.7,1361.1,11006,1360.7632,1360.5132,1360.3554,1,0.2432,0.1956,0.0476,1,15.0408,25.8666,13.6487,60.1563,0,73.3333,85.0505,0.0515,1361.3233,1359.8467,1360.585,0.0011,0.8488,0.6018,1360.4355,1,2088464,18536.9,0,0.125,1,-0.4607,0.6284,1
2026-05-25 12:24:00,1361.3,1361.3,1361.0,1361.2,4486,1360.8505,1360.5756,1360.3885,1,0.2659,0.2096,0.0563,1,16.175,24.9114,13.1447,61.338,0,80.0,81.4141,0.0367,1361.3245,1359.9955,1360.66,0.001,0.9063,0.5802,1360.5201,1,2092950,17710.05,0,0.3333,-1,-0.4534,0.6358,1
2026-05-25 12:25:00,1361.2,1361.6,1361.1,1361.6,17716,1361.0004,1360.6687,1360.4361,1,0.3126,0.2302,0.0824,1,17.6951,27.0927,12.3275,65.7178,-1,100.0,84.4444,0.0809,1361.4118,1360.0882,1360.75,0.001,1.1422,0.5745,1360.6154,1,2110666,17460.75,0,0.8,1,-0.4242,0.6654,0
2026-05-25 12:26:00,1361.5,1361.8,1361.4,1361.5,16234,1361.1003,1360.7443,1360.4778,1,0.3376,0.2517,0.0859,1,19.3907,28.2571,11.7009,63.7727,0,83.3333,87.7778,0.0735,1361.5165,1360.0435,1360.78,0.0011,0.9888,0.562,1360.6851,1,2094432,16511.1,0,0.0,1,-0.4315,0.658,0
2026-05-25 12:27:00,1361.3,1361.3,1361.0,1361.1,15338,1361.1003,1360.7766,1360.5022,1,0.3215,0.2657,0.0558,1,19.748,26.4473,16.0753,56.5614,0,61.1111,81.4815,0.0515,1361.5381,1360.0419,1360.79,0.0011,0.7072,0.5576,1360.7032,1,2079094,16232.05,0,0.6667,-1,-0.4607,0.6284,0
2026-05-25 12:28:00,1361.1,1361.1,1361.0,1361.1,6344,1361.1002,1360.806,1360.5256,1,0.3052,0.2736,0.0316,1,20.0797,26.0874,15.8566,56.5614,0,61.1111,68.5185,0.0515,1361.5542,1360.1058,1360.83,0.0011,0.6864,0.5249,1360.7191,1,2085438,16084.45,0,0.0,1,-0.4607,0.6284,0
2026-05-25 12:29:00,1361.0,1361.1,1360.9,1360.9,9955,1361.0602,1360.8146,1360.5403,1,0.2729,0.2734,-0.0005,-1,20.0877,25.3446,16.8288,53.0808,0,50.0,57.4074,0.0294,1361.5521,1360.1579,1360.855,0.001,0.5323,0.5017,1360.7326,1,2075483,16310.9,0,0.5,-1,-0.4754,0.6136,1
2026-05-25 12:30:00,1361.0,1361.0,1360.9,1361.0,8570,1361.0481,1360.8314,1360.5583,1,0.2526,0.2693,-0.0167,-1,20.0952,24.9619,16.5746,54.5857,0,55.5556,55.5556,0.0294,1361.5644,1360.1656,1360.865,0.001,0.5965,0.473,1360.7404,1,2084053,16443.25,0,0.0,1,-0.468,0.621,1
2026-05-25 12:31:00,1361.1,1361.2,1361.0,1361.2,5272,1361.0785,1360.8649,1360.5835,1,0.2497,0.2653,-0.0157,-1,20.5161,27.3256,16.0525,57.5201,0,66.6667,57.4074,0.0147,1361.5874,1360.1626,1360.875,0.001,0.7281,0.4535,1360.7415,1,2089325,16160.45,0,0.5,1,-0.4534,0.6358,0
2026-05-25 12:32:00,1361.2,1361.5,1361.0,1361.2,7970,1361.1028,1360.8954,1360.6077,1,0.2446,0.2612,-0.0166,-1,21.462,29.88,14.7976,57.5201,0,66.6667,62.963,0.0147,1361.6202,1360.1698,1360.895,0.0011,0.7103,0.4568,1360.7508,1,2097295,16196.85,0,0.0,1,-0.4534,0.6358,1
2026-05-25 12:33:00,1361.2,1361.5,1361.1,1361.5,4921,1361.1822,1360.9504,1360.6427,1,0.2617,0.2613,0.0004,1,22.3403,27.9945,13.8638,61.8127,0,83.3333,72.2222,0.0294,1361.6835,1360.2165,1360.95,0.0011,0.8749,0.4528,1360.7661,1,2102216,15941.7,0,0.75,1,-0.4315,0.658,0
2026-05-25 12:34:00,1361.5,1361.5,1361.1,1361.5,4347,1361.2458,1361.0003,1360.6763,1,0.2722,0.2635,0.0087,1,23.1558,26.2131,12.9817,61.8127,0,81.25,77.0833,0.022,1361.7513,1360.2287,1360.99,0.0011,0.8349,0.449,1360.7787,1,2106563,15746.3,0,0.0,1,-0.4315,0.658,0
2026-05-25 12:35:00,1361.2,1361.5,1360.9,1360.9,30240,1361.1766,1360.9912,1360.6851,1,0.2294,0.2567,-0.0273,-1,23.1451,23.7698,14.8786,50.0756,0,30.7692,65.1175,-0.0514,1361.7391,1360.2809,1361.01,0.0011,0.4246,0.4598,1360.8194,1,2076323,15844.75,1,0.5,-1,-0.4754,0.6136,0
2026-05-25 12:36:00,1360.8,1360.8,1360.2,1360.5,8517,1361.0413,1360.9466,1360.6778,1,0.1614,0.2376,-0.0762,-1,21.8918,21.278,23.8021,44.0681,0,18.75,43.5897,-0.0734,1361.7391,1360.2809,1361.01,0.0011,0.1503,0.477,1360.939,-1,2067806,12630.8,0,0.5,-1,-0.5046,0.5841,0
2026-05-25 12:37:00,1360.3,1360.5,1360.2,1360.2,5725,1360.873,1360.8787,1360.6591,-1,0.0823,0.2065,-0.1243,-1,20.728,20.296,22.7036,40.1752,0,0.0,16.5064,-0.0661,1361.7668,1360.2332,1361.0,0.0011,-0.0216,0.4643,1360.9297,-1,2062081,12798.4,0,0.3333,-1,-0.5265,0.5619,0
2026-05-25 12:38:00,1360.3,1360.3,1360.2,1360.2,6709,1360.7384,1360.817,1360.6411,-1,0.0194,0.1691,-0.1497,-1,19.6474,19.9652,22.3336,40.1752,0,0.0,6.25,-0.0661,1361.7922,1360.1878,1360.99,0.0012,0.0076,0.4383,1360.9248,-1,2068790,12831.5,0,1.0,-1,-0.5265,0.5619,0
2026-05-25 12:39:00,1360.2,1360.3,1359.5,1359.7,20780,1360.5308,1360.7154,1360.6042,-1,-0.07,0.1213,-0.1913,-1,20.1616,17.5071,30.3568,34.3156,1,8.6957,2.8986,-0.0882,1361.9102,1359.9898,1360.95,0.0014,-0.1509,0.4641,1360.8518,-1,2048010,13579.35,1,0.625,-1,-0.5631,0.5249,0
2026-05-25 12:40:00,1359.8,1359.8,1359.1,1359.7,44149,1360.3646,1360.6231,1360.5687,-1,-0.1392,0.0692,-0.2084,-1,21.2748,15.6872,33.1413,34.3156,1,25.0,11.2319,-0.0955,1362.0013,1359.8087,1360.905,0.0016,-0.0496,0.481,1360.7009,-1,2092159,13156.05,1,0.1429,-1,-0.5631,0.5249,0
2026-05-25 12:41:00,1359.7,1359.8,1359.0,1359.3,29944,1360.1517,1360.5028,1360.5189,-1,-0.2238,0.0106,-0.2344,-1,22.454,13.9077,30.8,30.2255,1,12.0,15.2319,-0.1396,1362.1186,1359.5214,1360.82,0.0019,-0.0852,0.5038,1360.5593,-1,2062215,14204.8,1,0.5,-1,-0.5924,0.4953,1
2026-05-25 12:42:00,1359.3,1360.0,1359.2,1359.7,58368,1360.0613,1360.4299,1360.4868,-1,-0.2556,-0.0426,-0.2129,-1,22.9197,15.1152,27.4471,38.1629,0,28.0,21.6667,-0.1102,1362.1384,1359.3716,1360.755,0.002,0.1187,0.5249,1360.3635,-1,2120583,15829.55,1,0.5,1,-0.5631,0.5249,1
2026-05-25 12:43:00,1360.0,1360.0,1359.6,1360.0,7650,1360.0491,1360.3908,1360.4677,-1,-0.2536,-0.0848,-0.1688,-1,23.3521,14.2783,25.9273,43.3665,0,40.0,26.6667,-0.1102,1362.1114,1359.2886,1360.7,0.0021,0.252,0.516,1360.3254,-1,2128233,15661.75,0,0.0,1,-0.5412,0.5471,0
2026-05-25 12:44:00,1360.0,1360.0,1359.4,1359.6,12921,1359.9593,1360.3189,1360.4337,-1,-0.2811,-0.1241,-0.157,-1,24.1039,13.106,26.5354,38.6914,0,24.0,30.6667,-0.1396,1362.0891,1359.1509,1360.62,0.0022,0.1529,0.522,1360.2873,-1,2115312,16083.5,0,0.6667,-1,-0.5704,0.5175,1
2026-05-25 12:45:00,1359.6,1359.9,1359.4,1359.8,9125,1359.9274,1360.2717,1360.4089,-1,-0.2835,-0.156,-0.1275,-1,24.802,12.2066,24.7144,42.055,0,32.0,32.0,-0.0808,1361.9682,1359.0918,1360.53,0.0021,0.2462,0.5204,1360.2053,-1,2124437,15653.95,0,0.4,1,-0.5558,0.5323,0
2026-05-25 12:46:00,1359.8,1359.8,1359.0,1359.0,12976,1359.7419,1360.1561,1360.3536,-1,-0.346,-0.194,-0.152,-1,26.1021,10.9159,27.3881,34.0158,1,0.0,18.6667,-0.1103,1361.9169,1358.8931,1360.405,0.0022,0.0354,0.5404,1360.0946,-1,2111461,15491.05,0,1.0,-1,-0.6143,0.4732,1
2026-05-25 12:47:00,1358.5,1359.1,1358.4,1359.1,17826,1359.6135,1360.0601,1360.3044,-1,-0.383,-0.2318,-0.1512,-1,28.0516,9.9268,32.6732,35.6712,0,22.5806,18.1935,-0.0809,1361.8829,1358.7271,1360.305,0.0023,0.1182,0.5518,1359.9735,-1,2129287,15615.45,0,0.8571,1,-0.607,0.4806,0
2026-05-25 12:48:00,1359.1,1359.5,1357.5,1357.9,26465,1359.2708,1359.8637,1360.2102,-1,-0.5034,-0.2861,-0.2173,-1,30.6193,7.7625,35.3607,26.9378,1,10.0,10.8602,-0.1691,1361.9938,1358.2962,1360.145,0.0027,-0.1072,0.6552,1359.8194,-1,2102822,16621.5,1,0.6,-1,-0.6947,0.3918,1
2026-05-25 12:49:00,1357.9,1358.8,1357.8,1358.4,37591,1359.0967,1359.7307,1360.1392,-1,-0.552,-0.3393,-0.2128,-1,33.0035,6.947,31.6457,34.1699,1,27.2727,19.9511,-0.0956,1361.9822,1358.0578,1360.02,0.0029,0.0872,0.6799,1359.6326,-1,2140413,18003.3,1,0.5,1,-0.6582,0.4288,0
2026-05-25 12:50:00,1358.3,1358.5,1358.0,1358.1,9846,1358.8973,1359.5824,1360.0592,-1,-0.6078,-0.393,-0.2148,-1,35.2174,6.575,29.9512,32.1158,1,20.0,19.0909,-0.1177,1361.9514,1357.7986,1359.875,0.0031,0.0726,0.667,1359.5619,-1,2130567,18067.1,0,0.4,-1,-0.6801,0.4066,1
2026-05-25 12:51:00,1358.1,1358.7,1358.1,1358.6,10931,1358.8379,1359.4931,1360.002,-1,-0.6047,-0.4353,-0.1694,-1,36.5775,8.3067,28.0129,38.727,0,39.2857,28.8528,-0.0515,1361.7988,1357.6912,1359.745,0.003,0.2212,0.6622,1359.5067,-1,2141498,18350.05,0,0.8333,1,-0.6436,0.4436,1
2026-05-25 12:52:00,1358.5,1359.2,1358.2,1359.2,11370,1358.9103,1359.4665,1359.9705,-1,-0.5475,-0.4578,-0.0897,-1,36.3213,12.6457,25.0976,45.5766,0,60.7143,40.0,-0.0368,1361.5979,1357.6921,1359.645,0.0029,0.3861,0.6864,1359.4499,-1,2152868,18520.05,0,0.7,1,-0.5997,0.4879,0
2026-05-25 12:53:00,1359.0,1359.2,1358.9,1359.0,25840,1358.9282,1359.4241,1359.9325,-1,-0.5124,-0.4687,-0.0437,-1,36.0834,12.2343,24.2813,43.8182,0,60.0,53.3333,-0.0735,1361.2938,1357.7462,1359.52,0.0026,0.3534,0.6588,1359.3983,-1,2127028,19566.0,0,0.0,1,-0.6143,0.4732,1
2026-05-25 12:54:00,1359.2,1360.0,1359.0,1360.0,19076,1359.1426,1359.4764,1359.9351,-1,-0.3993,-0.4548,0.0555,1,33.9275,19.3199,21.7424,53.482,0,100.0,73.5714,0.0294,1360.9896,1357.9004,1359.445,0.0023,0.6797,0.6831,1359.3898,1,2146104,20302.45,0,0.8,1,-0.5412,0.5471,0
2026-05-25 12:55:00,1360.0,1360.0,1359.1,1359.1,18245,1359.1341,1359.4422,1359.9024,-1,-0.3779,-0.4395,0.0615,1,31.9255,17.5421,19.7417,45.8398,0,64.0,74.6667,-0.0515,1360.7528,1357.9572,1359.355,0.0021,0.4088,0.6986,1359.2591,-1,2127859,19702.7,0,1.0,-1,-0.607,0.4806,1
2026-05-25 12:56:00,1359.1,1359.6,1359.0,1359.5,3617,1359.2073,1359.4475,1359.8866,-1,-0.325,-0.4166,0.0916,1,30.2593,16.455,19.5512,49.3069,0,80.0,81.3333,0.0368,1360.6034,1358.0066,1359.305,0.0019,0.5751,0.6916,1359.2329,1,2131476,19457.7,0,0.6667,1,-0.5777,0.5101,0
2026-05-25 12:57:00,1359.7,1359.7,1359.4,1359.5,2830,1359.2658,1359.4522,1359.8714,-1,-0.2798,-0.3892,0.1094,1,28.4797,17.0001,18.9198,49.3069,0,80.0,74.6667,0.0294,1360.5063,1358.0337,1359.27,0.0018,0.593,0.6636,1359.2193,1,2134306,19312.95,0,0.6667,-1,-0.5777,0.5101,0
2026-05-25 12:58:00,1359.6,1360.0,1359.5,1359.5,5361,1359.3126,1359.4566,1359.8569,-1,-0.2412,-0.3596,0.1184,1,26.7278,19.3557,17.8834,49.3069,0,80.0,80.0,0.1178,1360.4017,1358.0683,1359.235,0.0017,0.6136,0.6519,1359.2078,1,2139667,19245.55,0,0.2,-1,-0.5777,0.5101,1
2026-05-25 12:59:00,1359.5,1359.8,1359.4,1359.8,5894,1359.4101,1359.4878,1359.8546,-1,-0.1843,-0.3245,0.1403,1,24.873,18.4833,18.2041,52.1747,0,92.0,84.0,0.1031,1360.4154,1358.0646,1359.24,0.0017,0.7382,0.6339,1359.18,1,2145561,18501.25,0,0.75,1,-0.5558,0.5323,0
2026-05-25 13:00:00,1359.6,1359.6,1358.3,1359.3,6944,1359.3881,1359.4707,1359.8329,-1,-0.1775,-0.2951,0.1177,1,24.962,15.6372,26.6933,47.3652,0,72.0,81.3333,0.0884,1360.3769,1358.0631,1359.22,0.0017,0.5346,0.6958,1359.1308,1,2138617,16641.0,0,0.2308,-1,-0.5924,0.4953,0
2026-05-25 13:01:00,1359.3,1359.3,1358.5,1358.9,2473,1359.2905,1359.4188,1359.7963,-1,-0.202,-0.2765,0.0745,1,25.0446,14.3665,24.5243,43.8803,0,56.0,73.3333,0.0221,1360.3645,1358.0355,1359.2,0.0017,0.3712,0.7032,1359.1058,-1,2136144,15267.45,0,0.5,-1,-0.6216,0.4658,1
2026-05-25 13:02:00,1358.9,1359.2,1358.7,1359.2,3905,1359.2724,1359.3989,1359.7729,-1,-0.195,-0.2602,0.0652,1,25.1213,13.6215,23.2525,47.0282,0,63.6364,63.8788,0.0,1360.3167,1358.0333,1359.175,0.0017,0.5109,0.6887,1358.9819,1,2140049,12544.3,0,0.6,1,-0.5997,0.4879,1
2026-05-25 13:03:00,1360.0,1360.7,1359.6,1360.4,22953,1359.4979,1359.4899,1359.7975,1,-0.0916,-0.2265,0.1349,1,24.2756,26.0164,19.9159,57.3368,0,88.8889,69.5084,0.103,1360.4057,1357.9843,1359.195,0.0018,0.9976,0.7467,1359.0644,1,2163002,13309.45,1,0.3636,1,-0.5119,0.5767,0
2026-05-25 13:04:00,1360.4,1360.5,1359.7,1360.0,9976,1359.5983,1359.5363,1359.8054,1,-0.0414,-0.1895,0.1481,1,23.4903,24.0355,18.3995,53.5929,0,73.0769,75.2007,0.0,1360.4644,1357.9656,1359.215,0.0018,0.8141,0.7505,1359.0728,1,2153026,13162.2,0,0.5,-1,-0.5412,0.5471,1
2026-05-25 13:05:00,1360.3,1360.9,1360.1,1360.5,39728,1359.7787,1359.6239,1359.8327,1,0.0383,-0.1439,0.1822,1,23.3069,25.7592,16.8455,57.3425,0,85.1852,82.3837,0.103,1360.5983,1357.9017,1359.25,0.002,0.9635,0.7612,1359.2463,1,2192754,14692.35,1,0.25,1,-0.5046,0.5841,1
2026-05-25 13:06:00,1360.5,1361.2,1359.9,1361.2,26385,1360.0629,1359.7672,1359.8863,1,0.1561,-0.0839,0.24,1,23.5118,25.4477,14.8893,61.9747,0,100.0,86.0874,0.125,1360.9467,1357.7733,1359.36,0.0023,1.0798,0.7996,1359.376,1,2219139,15362.8,1,0.5385,1,-0.4534,0.6358,1
2026-05-25 13:07:00,1361.1,1363.0,1361.1,1362.5,46949,1360.5503,1360.0156,1359.9888,1,0.3503,0.0029,0.3474,1,25.2858,36.1549,12.5885,68.7595,-1,89.3617,91.5156,0.2207,1361.6182,1357.4418,1359.53,0.0031,1.2112,0.8782,1359.7972,1,2266088,16818.95,1,0.7368,1,-0.3583,0.7319,1
2026-05-25 13:08:00,1362.5,1362.8,1362.0,1362.8,15114,1361.0003,1360.2688,1360.099,1,0.5224,0.1068,0.4156,1,26.9331,33.7874,11.7642,70.0859,-1,95.7447,95.0355,0.2427,1362.1682,1357.3818,1359.775,0.0035,1.132,0.8727,1360.0463,1,2281202,16251.4,0,0.375,1,-0.3364,0.7541,1
2026-05-25 13:09:00,1362.8,1363.8,1362.2,1363.8,35959,1361.5602,1360.5898,1360.2442,1,0.7311,0.2317,0.4994,1,29.0609,37.3364,10.3101,74.0424,-1,100.0,95.0355,0.2942,1362.9256,1357.1644,1360.045,0.0042,1.1518,0.9246,1360.6035,1,2317161,16169.8,1,0.625,1,-0.2633,0.828,0
2026-05-25 13:10:00,1363.4,1363.7,1362.7,1363.5,34893,1361.9482,1360.8543,1360.3719,1,0.8623,0.3578,0.5045,1,31.0367,34.2061,9.4457,71.0082,-1,94.5455,96.7634,0.309,1363.4194,1357.2106,1360.315,0.0046,1.013,0.9371,1360.9414,1,2282268,17422.15,1,0.1,1,-0.2852,0.7537,0
2026-05-25 13:11:00,1363.7,1363.8,1362.5,1363.2,47655,1362.1985,1361.0676,1360.4828,1,0.9314,0.4725,0.4589,1,32.4657,30.9079,10.0183,68.0069,-1,89.0909,94.5455,0.3164,1363.7857,1357.3043,1360.545,0.0048,0.9096,0.9631,1361.287,1,2234613,19258.35,1,0.3846,-1,-0.3072,0.6943,1
2026-05-25 13:12:00,1363.2,1363.5,1363.0,1363.5,8577,1362.4588,1361.2887,1360.6011,1,0.9988,0.5778,0.421,1,33.7926,29.721,9.6336,69.3998,-1,94.5455,92.7273,0.3164,1364.1808,1357.3392,1360.76,0.005,0.9005,0.93,1361.4048,1,2243190,19118.7,0,0.6,1,-0.2852,0.7165,1
2026-05-25 13:13:00,1363.5,1363.8,1363.1,1363.8,15192,1362.7271,1361.517,1360.7265,1,1.0642,0.6751,0.3891,1,35.2321,30.4399,9.1063,70.7702,-1,100.0,94.5455,0.2499,1364.5637,1357.4363,1361.0,0.0052,0.8928,0.9136,1361.658,1,2258382,18586.3,0,0.4286,1,-0.2633,0.7387,1
2026-05-25 13:14:00,1363.9,1364.0,1363.6,1363.9,27214,1362.9617,1361.7337,1360.851,1,1.1112,0.7623,0.3489,1,36.7032,31.0773,8.8096,71.2327,-1,98.1818,97.5758,0.2868,1364.9407,1357.4493,1361.195,0.0055,0.8611,0.8769,1361.9139,1,2285596,18993.2,0,0.0,1,-0.256,0.7163,1
2026-05-25 13:15:00,1363.8,1364.3,1363.6,1364.3,9948,1363.2293,1361.967,1360.9862,1,1.1674,0.8433,0.324,1,38.2645,31.7588,8.2999,73.0683,-1,100.0,99.3939,0.2793,1365.3034,1357.6066,1361.455,0.0057,0.8696,0.8642,1362.095,1,2295544,18578.35,0,0.7143,1,-0.2267,0.7161,1
2026-05-25 13:16:00,1364.5,1364.5,1363.9,1364.5,10154,1363.4835,1362.1972,1361.124,1,1.214,0.9174,0.2965,1,39.8402,31.8386,7.8791,73.9629,-1,100.0,99.3939,0.2424,1365.661,1357.749,1361.705,0.0058,0.8533,0.8454,1362.1803,1,2305698,18905.2,0,0.0,1,-0.2121,0.7011,0
2026-05-25 13:17:00,1364.5,1364.5,1364.3,1364.5,9655,1363.6868,1362.4066,1361.2564,1,1.2367,0.9813,0.2554,1,41.3033,31.2695,7.7383,73.9629,-1,100.0,100.0,0.1468,1365.9537,1357.9563,1361.955,0.0059,0.8182,0.7993,1362.2563,1,2315353,19246.45,0,0.0,1,-0.2121,0.6788,1
2026-05-25 13:18:00,1364.4,1364.8,1364.4,1364.8,25067,1363.9094,1362.6242,1361.3954,1,1.2643,1.0379,0.2264,1,42.8573,32.8906,7.4514,75.3853,-1,100.0,100.0,0.1468,1366.2353,1358.2047,1362.22,0.0059,0.8213,0.7707,1362.4399,1,2340420,20231.75,0,1.0,1,-0.1901,0.701,1
2026-05-25 13:19:00,1364.7,1365.5,1364.7,1365.1,70768,1364.1475,1362.8492,1361.5407,1,1.2954,1.0894,0.206,1,44.6897,36.9284,6.9005,76.753,-1,92.8571,97.619,0.0953,1366.5259,1358.4441,1362.485,0.0059,0.8236,0.7728,1362.8757,1,2411188,23475.45,1,0.5,1,-0.1682,0.6859,0
2026-05-25 13:20:00,1365.1,1365.1,1364.8,1364.8,13787,1364.278,1363.0266,1361.6685,1,1.2812,1.1277,0.1534,1,46.3913,35.8577,6.7004,72.4196,-1,84.0909,92.316,0.0953,1366.642,1358.878,1362.76,0.0057,0.7628,0.7391,1362.9898,1,2397401,23817.6,0,1.0,-1,-0.1901,0.649,0
2026-05-25 13:21:00,1364.8,1365.2,1364.4,1364.4,40921,1364.3024,1363.1514,1361.7756,1,1.2235,1.1469,0.0766,1,46.8988,33.1015,10.0287,66.9889,-1,68.5714,81.8398,0.088,1366.5457,1359.5243,1363.035,0.0052,0.6944,0.7434,1363.1427,1,2356480,25740.0,1,0.5,-1,-0.2194,0.6195,0
2026-05-25 13:22:00,1364.5,1364.5,1364.0,1364.2,9614,1364.2819,1363.2468,1361.8707,1,1.1484,1.1472,0.0012,1,46.41,31.4732,13.4706,64.3889,0,60.6061,71.0895,0.0513,1366.3518,1360.2182,1363.285,0.0045,0.6492,0.726,1363.1937,1,2346866,26025.45,0,0.6,-1,-0.234,0.5899,1
2026-05-25 13:23:00,1364.1,1365.0,1364.1,1365.0,20419,1364.4255,1363.4061,1361.9934,1,1.1402,1.1458,-0.0055,-1,46.4076,33.5696,12.298,69.4899,-1,83.3333,70.8369,0.088,1366.3641,1360.6659,1363.515,0.0042,0.7606,0.7385,1363.3842,1,2367285,25898.75,0,1.0,1,-0.1755,0.5969,0
2026-05-25 13:24:00,1365.0,1365.0,1364.7,1364.8,11608,1364.5004,1363.5329,1362.1035,1,1.1049,1.1376,-0.0327,-1,46.4053,32.5524,11.9253,66.9095,-1,76.6667,73.5354,0.066,1366.1521,1361.3579,1363.755,0.0035,0.718,0.7071,1363.4803,1,2355677,25980.35,0,0.6667,-1,-0.1901,0.5229,0
2026-05-25 13:25:00,1364.7,1364.8,1364.5,1364.7,9452,1364.5404,1363.639,1362.2053,1,1.0567,1.1214,-0.0647,-1,45.9157,31.5236,13.6553,65.5979,-1,68.0,76.0,0.0293,1365.87,1362.06,1363.965,0.0028,0.6929,0.6781,1363.7452,1,2346225,24466.55,0,0.0,1,-0.1975,0.5008,0
2026-05-25 13:26:00,1364.6,1364.6,1364.3,1364.3,27148,1364.4923,1363.6991,1362.2874,1,0.975,1.0922,-0.1172,-1,44.9843,30.1552,15.233,60.49,0,50.0,64.8889,-0.0147,1365.5435,1362.6965,1364.12,0.0021,0.5632,0.6582,1363.9418,1,2319077,24504.7,0,1.0,-1,-0.2267,0.4713,1
2026-05-25 13:27:00,1364.3,1364.4,1364.2,1364.4,11483,1364.4738,1363.7628,1362.3703,1,0.9078,1.0553,-0.1475,-1,43.8813,29.4665,16.0271,61.3013,0,42.1053,53.3684,-0.0073,1365.432,1362.998,1364.215,0.0018,0.576,0.6255,1364.1316,1,2330560,22731.4,0,0.5,1,-0.2194,0.4787,0
2026-05-25 13:28:00,1364.4,1364.5,1364.4,1364.4,12540,1364.4591,1363.8207,1362.4499,1,0.8448,1.0132,-0.1684,-1,42.9895,30.3234,15.8323,61.3013,0,42.1053,44.7368,-0.0293,1365.3255,1363.2645,1364.295,0.0015,0.5509,0.5879,1364.1934,1,2343100,22602.7,0,0.0,1,-0.1391,0.4787,1
2026-05-25 13:29:00,1364.4,1364.6,1364.3,1364.5,18044,1364.4672,1363.8825,1362.5303,1,0.7938,0.9693,-0.1755,-1,41.9026,29.1781,16.4933,62.2014,0,37.5,40.5702,-0.044,1365.3382,1363.3218,1364.33,0.0015,0.5843,0.5674,1364.2815,1,2361144,21706.95,0,0.3333,1,-0.1098,0.486,0
2026-05-25 13:30:00,1364.5,1364.5,1364.3,1364.3,10100,1364.4338,1363.9204,1362.5997,1,0.7289,0.9212,-0.1923,-1,40.8935,28.4078,16.0579,59.2339,0,20.0,33.2018,-0.0366,1365.304,1363.436,1364.37,0.0014,0.4625,0.5411,1364.3673,-1,2351044,20467.3,0,1.0,-1,-0.1245,0.4713,1
2026-05-25 13:31:00,1364.2,1364.8,1364.1,1364.7,15752,1364.487,1363.9913,1362.682,1,0.7016,0.8773,-0.1757,-1,40.4078,29.7155,14.6046,63.0326,0,46.6667,34.7222,0.022,1365.2182,1363.6718,1364.445,0.0011,0.6649,0.5525,1364.5258,1,2366796,18872.15,0,0.7143,1,-0.0952,0.5008,0
2026-05-25 13:32:00,1364.7,1364.8,1364.2,1364.3,9276,1364.4496,1364.0194,1362.7455,1,0.6403,0.8299,-0.1896,-1,39.9569,27.4245,13.4786,57.2841,0,20.0,28.8889,0.0073,1365.1308,1363.8392,1364.485,0.0009,0.3568,0.5559,1364.5506,-1,2357520,18907.1,0,0.6667,-1,-0.1245,0.4713,1
2026-05-25 13:33:00,1364.3,1365.2,1364.2,1365.0,40243,1364.5597,1364.1085,1362.8339,1,0.6409,0.7921,-0.1512,-1,40.0993,28.9532,11.8401,63.5491,0,83.3333,50.0,0.0,1365.1466,1363.9434,1364.545,0.0009,0.8782,0.5876,1364.6125,1,2397763,20159.65,1,0.7,1,-0.0732,0.5229,1
2026-05-25 13:34:00,1365.1,1365.3,1364.7,1365.3,9594,1364.7078,1364.2168,1362.9306,1,0.6579,0.7653,-0.1074,-1,40.3605,28.0584,10.9779,65.8601,-1,100.0,67.7778,0.0366,1365.2258,1364.0042,1364.615,0.0009,1.0607,0.5885,1364.6797,1,2407357,19278.65,0,0.3333,1,-0.0512,0.545,0
2026-05-25 13:35:00,1365.3,1365.3,1365.0,1365.1,9637,1364.7862,1364.2971,1363.0157,1,0.6478,0.7418,-0.094,-1,40.603,26.9996,10.5636,62.9927,0,84.6154,89.3162,0.0293,1365.2826,1364.0274,1364.655,0.0009,0.8545,0.5679,1364.7068,1,2397720,19263.1,0,0.6667,-1,-0.0146,0.5302,0
2026-05-25 13:36:00,1365.1,1365.1,1365.0,1365.0,14043,1364.829,1364.361,1363.0935,1,0.6245,0.7183,-0.0938,-1,40.8282,26.6387,10.4224,61.5498,0,75.0,86.5385,0.0513,1365.3206,1364.0394,1364.68,0.0009,0.7498,0.5345,1364.7292,1,2383677,19457.55,0,1.0,-1,-0.022,0.5229,0
2026-05-25 13:37:00,1365.0,1365.0,1364.9,1365.0,6233,1364.8632,1364.4191,1363.1683,1,0.5992,0.6945,-0.0953,-1,40.6534,26.2608,11.6934,61.5498,0,75.0,78.2051,0.044,1365.3545,1364.0555,1364.705,0.001,0.7271,0.5034,1364.7405,1,2389910,19286.45,0,0.0,1,-0.022,0.5229,0
2026-05-25 13:38:00,1365.0,1365.0,1364.9,1364.9,17200,1364.8705,1364.4628,1363.2362,1,0.5645,0.6685,-0.104,-1,40.4911,25.8655,11.5174,59.9571,0,66.6667,72.2222,0.0366,1365.3639,1364.0561,1364.71,0.001,0.6453,0.4746,1364.7542,1,2372710,18893.1,0,1.0,-1,-0.0293,0.5155,0
2026-05-25 13:39:00,1364.2,1364.5,1364.0,1364.0,18632,1364.6964,1364.4207,1363.2661,1,0.4591,0.6266,-0.1675,-1,37.6317,22.5728,22.7813,47.9344,0,0.0,47.2222,-0.0366,1365.3521,1363.9579,1364.655,0.001,0.0302,0.505,1364.6454,-1,2354078,16286.3,0,0.4,-1,-0.0952,0.4492,0
2026-05-25 13:40:00,1364.1,1364.1,1363.6,1363.6,15932,1364.4771,1364.3461,1363.2792,1,0.3394,0.5692,-0.2298,-1,35.8186,20.9753,26.8308,43.7367,0,0.0,22.2222,-0.0513,1365.4256,1363.7644,1364.595,0.0012,-0.099,0.5046,1364.592,-1,2338146,16393.55,0,1.0,-1,-0.1245,0.4198,0
2026-05-25 13:41:00,1363.9,1363.9,1363.5,1363.6,9382,1364.3017,1364.2783,1363.2918,1,0.2418,0.5037,-0.2619,-1,34.3287,19.7699,26.7256,43.7367,0,5.5556,1.8519,-0.0806,1365.4898,1363.6202,1364.555,0.0014,-0.0108,0.4972,1364.5524,-1,2347528,14816.6,0,0.75,-1,-0.1245,0.4198,0
2026-05-25 13:42:00,1363.6,1363.6,1363.1,1363.2,13023,1364.0814,1364.1803,1363.2882,-1,0.1306,0.4291,-0.2985,-1,33.6588,18.3502,30.5511,39.7042,0,4.5455,3.367,-0.0806,1365.6031,1363.4069,1364.505,0.0016,-0.0942,0.4974,1364.5082,-1,2334505,14987.05,0,0.8,-1,-0.1538,0.3903,0
2026-05-25 13:43:00,1363.1,1363.2,1363.0,1363.2,29648,1363.9051,1364.0912,1363.2847,-1,0.042,0.3517,-0.3097,-1,33.2011,17.7997,31.1347,39.7042,0,8.6957,6.2656,-0.1319,1365.6254,1363.2046,1364.415,0.0018,-0.0019,0.4761,1364.3636,-1,2364153,15448.5,1,0.5,1,-0.1538,0.3903,0
2026-05-25 13:44:00,1362.9,1363.3,1362.7,1362.7,60686,1363.6641,1363.9647,1363.2618,-1,-0.0678,0.2678,-0.3356,-1,33.2444,16.2267,32.8018,35.023,0,0.0,4.4137,-0.1904,1365.717,1362.903,1364.31,0.0021,-0.0721,0.485,1364.1003,-1,2303467,17902.4,1,0.3333,-1,-0.1904,0.3535,1
2026-05-25 13:45:00,1363.0,1363.0,1362.6,1363.0,9845,1363.5313,1363.877,1363.2515,-1,-0.1291,0.1884,-0.3175,-1,33.4328,15.2586,32.3364,39.6227,0,14.8148,7.8368,-0.1538,1365.7295,1362.7205,1364.225,0.0022,0.0929,0.4789,1364.0515,-1,2313312,17922.05,0,0.0,1,-0.1685,0.3756,1
2026-05-25 13:46:00,1363.0,1363.6,1362.9,1363.2,8111,1363.465,1363.8154,1363.2495,-1,-0.1597,0.1188,-0.2785,-1,31.9733,22.3797,29.068,42.5429,0,22.2222,12.3457,-0.1319,1365.7386,1362.6014,1364.17,0.0023,0.1908,0.4947,1364.0041,-1,2321423,16970.2,0,0.2857,1,-0.1538,0.3903,0
2026-05-25 13:47:00,1363.2,1363.6,1363.1,1363.2,5545,1363.412,1363.7595,1363.2476,-1,-0.1818,0.0587,-0.2405,-1,30.6181,20.7653,26.9711,42.5429,0,22.2222,19.7531,-0.1319,1365.7298,1362.4902,1364.11,0.0024,0.2191,0.4951,1363.981,-1,2326968,16673.3,0,0.0,1,-0.1538,0.3903,1
2026-05-25 13:48:00,1363.6,1363.8,1363.5,1363.6,11463,1363.4496,1363.745,1363.2614,-1,-0.1652,0.0139,-0.1791,-1,28.8663,21.837,24.6711,48.3385,0,37.037,27.1605,-0.0952,1365.6986,1362.4414,1364.07,0.0024,0.3557,0.5026,1363.952,-1,2338431,16619.45,0,0.0,1,-0.1245,0.4198,0
2026-05-25 13:49:00,1363.6,1363.9,1363.5,1363.6,9408,1363.4797,1363.7318,1363.2747,-1,-0.1503,-0.019,-0.1314,-1,26.9983,22.0195,23.2478,48.3385,0,40.0,33.0864,-0.0293,1365.6533,1362.3967,1364.025,0.0024,0.3695,0.4952,1363.915,-1,2347839,16187.65,0,0.0,1,-0.1245,0.4198,0
2026-05-25 13:50:00,1363.6,1364.0,1363.4,1363.5,7426,1363.4837,1363.7107,1363.2835,-1,-0.1449,-0.0441,-0.1008,-1,25.2636,20.1424,21.2659,46.965,0,37.5,38.179,-0.0073,1365.6236,1362.3464,1363.985,0.0024,0.352,0.5027,1363.8943,-1,2340413,16053.95,0,0.1667,-1,-0.1318,0.4124,0
2026-05-25 13:51:00,1363.5,1363.5,1363.4,1363.5,5114,1363.487,1363.6916,1363.292,-1,-0.139,-0.0631,-0.0759,-1,23.6529,19.8388,20.9454,46.965,0,37.5,38.3333,-0.0073,1365.5423,1362.3077,1363.925,0.0024,0.3686,0.474,1363.8548,-1,2345527,15522.05,0,0.0,1,-0.1318,0.4124,0
2026-05-25 13:52:00,1363.4,1363.5,1363.4,1363.5,8329,1363.4896,1363.6742,1363.3002,-1,-0.1328,-0.0771,-0.0558,-1,22.1572,19.522,20.6109,46.965,0,47.3684,40.7895,0.022,1365.5027,1362.2673,1363.885,0.0024,0.381,0.4472,1363.827,-1,2353856,15474.7,0,1.0,1,-0.1318,0.4124,0
2026-05-25 13:53:00,1363.5,1363.5,1362.8,1362.9,17846,1363.3717,1363.6038,1363.2845,-1,-0.1743,-0.0965,-0.0778,-1,22.1897,17.4242,27.6067,38.72,0,20.0,34.9561,-0.022,1365.3669,1362.1931,1363.78,0.0023,0.2227,0.4653,1363.6434,-1,2336010,14354.85,0,0.8571,-1,-0.1758,0.3682,1
2026-05-25 13:54:00,1363.0,1363.0,1362.8,1363.0,5193,1363.2973,1363.5489,1363.2733,-1,-0.1968,-0.1166,-0.0803,-1,22.2199,16.8665,26.7232,40.592,0,28.5714,31.9799,0.022,1365.1228,1362.2072,1363.665,0.0021,0.2719,0.4464,1363.5809,-1,2341203,14134.8,0,0.0,1,-0.1685,0.3756,0
2026-05-25 13:55:00,1362.8,1363.0,1362.8,1362.9,6329,1363.2179,1363.4899,1363.2587,-1,-0.2202,-0.1373,-0.0829,-1,22.2479,16.3045,25.8328,39.2991,0,21.4286,23.3333,-0.0073,1364.8899,1362.2201,1363.555,0.002,0.2547,0.4288,1363.5119,-1,2334874,13969.4,0,0.5,1,-0.1758,0.3682,0
2026-05-25 13:56:00,1363.0,1363.0,1362.3,1362.7,23967,1363.1143,1363.4181,1363.2368,-1,-0.252,-0.1602,-0.0918,-1,23.2442,14.4854,30.9201,36.7763,0,23.5294,24.5098,-0.0367,1364.6473,1362.2327,1363.44,0.0018,0.1935,0.4481,1363.3681,-1,2310907,14465.6,1,0.4286,-1,-0.1904,0.3535,1
2026-05-25 13:57:00,1362.5,1363.3,1362.3,1363.2,15990,1363.1314,1363.3983,1363.2353,-1,-0.2341,-0.175,-0.0591,-1,23.1784,16.7583,26.3902,46.0932,0,52.9412,32.6331,0.0,1364.3247,1362.3753,1363.35,0.0014,0.4231,0.4875,1363.3115,-1,2326897,14953.45,0,0.7,1,-0.1538,0.3903,0
2026-05-25 13:58:00,1363.0,1363.1,1362.5,1363.0,46881,1363.1052,1363.3621,1363.2261,-1,-0.2334,-0.1867,-0.0467,-1,23.1172,15.0916,23.7654,43.3419,0,41.1765,39.2157,-0.044,1363.9317,1362.5783,1363.255,0.001,0.3116,0.5027,1363.1632,-1,2280016,16437.5,1,0.0,1,-0.1685,0.3756,0
2026-05-25 13:59:00,1363.0,1363.0,1362.7,1363.0,3770,1363.0841,1363.3291,1363.2172,-1,-0.2302,-0.1954,-0.0348,-1,23.0605,14.4292,22.7224,43.3419,0,41.1765,45.098,-0.044,1363.7965,1362.6135,1363.205,0.0009,0.3267,0.4882,1363.1005,-1,2283786,15694.4,0,0.0,1,-0.1685,0.3756,1
2026-05-25 14:00:00,1362.9,1363.5,1362.9,1363.5,18733,1363.1673,1363.3447,1363.2283,-1,-0.1852,-0.1934,0.0082,1,21.4792,20.3802,20.7599,51.7009,0,70.5882,50.9804,0.0,1363.7797,1362.6203,1363.2,0.0009,0.7588,0.4962,1363.0788,1,2302519,15834.45,0,1.0,1,-0.1318,0.4124,0
2026-05-25 14:01:00,1363.2,1363.4,1363.0,1363.1,5886,1363.1538,1363.3224,1363.2233,-1,-0.1797,-0.1906,0.0109,1,20.0109,18.9142,19.2666,45.8704,0,47.0588,52.9412,-0.0293,1363.7259,1362.6241,1363.175,0.0008,0.4319,0.4965,1363.0628,1,2296633,15659.65,0,0.25,-1,-0.1611,0.3829,1
2026-05-25 14:02:00,1363.4,1363.9,1363.3,1363.5,6418,1363.2231,1363.3386,1363.2341,-1,-0.1415,-0.1808,0.0393,1,19.7315,23.7207,17.142,51.7324,0,70.5882,62.7451,0.0,1363.7589,1362.6211,1363.19,0.0008,0.7725,0.5182,1363.0633,1,2303051,15329.4,0,0.1667,1,-0.1318,0.4124,1
2026-05-25 14:03:00,1363.6,1364.3,1363.6,1364.3,17186,1363.4385,1363.426,1363.2759,1,-0.0461,-0.1539,0.1078,1,20.2325,26.5104,15.3223,60.8615,0,100.0,72.549,0.1027,1363.9919,1362.4981,1363.245,0.0011,1.2062,0.5383,1363.1149,1,2320237,14706.3,0,1.0,1,-0.0732,0.4713,0
2026-05-25 14:04:00,1364.5,1364.5,1364.0,1364.3,11129,1363.6108,1363.5054,1363.3161,1,0.0292,-0.1172,0.1464,1,21.0323,27.4099,14.3005,60.8615,0,90.9091,87.1658,0.0954,1364.159,1362.491,1363.325,0.0012,1.0846,0.5356,1363.2206,1,2331366,12228.45,0,0.4,-1,-0.0732,0.4713,0
2026-05-25 14:05:00,1364.3,1364.3,1364.0,1364.0,4146,1363.6886,1363.5504,1363.3429,1,0.0639,-0.081,0.1449,1,21.7749,26.2776,13.7098,56.2357,0,77.2727,89.3939,0.0807,1364.2442,1362.5058,1363.375,0.0013,0.8595,0.5187,1363.2504,1,2327220,11943.5,0,1.0,-1,-0.0952,0.4492,0
2026-05-25 14:06:00,1364.1,1364.2,1363.7,1363.9,37306,1363.7309,1363.5822,1363.3648,1,0.0824,-0.0483,0.1307,1,21.5247,24.4638,16.905,54.7421,0,72.7273,80.303,0.0881,1364.3042,1362.5158,1363.41,0.0013,0.774,0.5174,1363.346,1,2289914,13403.25,1,0.4,-1,-0.1025,0.4419,0
2026-05-25 14:07:00,1363.9,1363.9,1363.6,1363.6,12678,1363.7047,1363.5838,1363.374,1,0.072,-0.0243,0.0963,1,20.9993,23.4193,17.6064,50.4161,0,59.0909,69.697,0.0293,1364.3224,1362.5376,1363.43,0.0013,0.5952,0.5019,1363.3632,1,2277236,13759.9,0,1.0,-1,-0.1245,0.4198,0
2026-05-25 14:08:00,1363.6,1363.7,1363.6,1363.6,10630,1363.6838,1363.5853,1363.3828,1,0.063,-0.0068,0.0698,1,20.5114,23.0657,17.3407,50.4161,0,59.0909,63.6364,0.044,1364.3224,1362.5376,1363.43,0.0013,0.5952,0.4732,1363.3624,1,2287866,13718.25,0,0.0,1,-0.1245,0.4198,0
2026-05-25 14:09:00,1363.5,1363.7,1363.4,1363.6,14087,1363.667,1363.5866,1363.3914,1,0.0553,0.0056,0.0497,1,19.451,21.9931,19.6345,50.4161,0,59.0909,59.0909,0.044,1364.3224,1362.5376,1363.43,0.0013,0.5952,0.4608,1363.3625,1,2301953,13952.2,0,0.3333,1,-0.1245,0.4198,0
2026-05-25 14:10:00,1363.6,1363.7,1363.2,1363.3,26615,1363.5936,1363.5606,1363.3878,1,0.0247,0.0094,0.0153,1,18.2173,20.2988,21.2034,45.887,0,45.4545,54.5455,-0.0147,1364.3135,1362.5265,1363.42,0.0013,0.4329,0.4636,1363.3591,-1,2275338,14911.65,1,0.6,-1,-0.1465,0.3977,0
2026-05-25 14:11:00,1363.2,1363.5,1363.2,1363.3,3181,1363.5349,1363.5369,1363.3843,-1,0.0004,0.0076,-0.0072,-1,17.0718,19.3363,20.198,45.887,0,40.0,48.1818,0.0147,1364.3042,1362.5158,1363.41,0.0013,0.4385,0.4519,1363.3569,-1,2278519,14815.0,0,0.3333,1,-0.1465,0.3977,1
2026-05-25 14:12:00,1363.5,1363.5,1363.4,1363.4,10988,1363.5079,1363.5244,1363.385,-1,-0.0106,0.004,-0.0146,-1,16.008,18.6997,19.533,47.7032,0,38.8889,41.4478,-0.0073,1364.2983,1362.5117,1363.405,0.0013,0.4972,0.4339,1363.3567,1,2289507,14947.95,0,1.0,-1,-0.1392,0.405,0
2026-05-25 14:13:00,1363.5,1363.7,1363.2,1363.2,13526,1363.4463,1363.4949,1363.3777,-1,-0.0351,-0.0038,-0.0313,-1,15.0203,17.1772,17.9426,44.4872,0,18.75,32.5463,-0.0806,1364.2886,1362.5514,1363.42,0.0013,0.3734,0.4386,1363.3747,-1,2275981,14731.95,0,0.6,-1,-0.1538,0.3903,0
2026-05-25 14:14:00,1363.2,1363.2,1363.0,1363.1,19119,1363.3771,1363.459,1363.3668,-1,-0.0619,-0.0155,-0.0464,-1,14.7375,16.5951,20.7231,42.9289,0,6.6667,21.4352,-0.088,1364.2849,1362.5651,1363.425,0.0013,0.311,0.4216,1363.3651,-1,2256862,15428.25,0,0.5,-1,-0.1611,0.3829,1
2026-05-25 14:15:00,1363.0,1363.2,1362.9,1363.2,18565,1363.3417,1363.4355,1363.3603,-1,-0.0742,-0.0272,-0.047,-1,14.7711,15.7339,21.3775,45.0036,0,18.75,14.7222,-0.0587,1364.2728,1362.6072,1363.44,0.0012,0.3559,0.4129,1363.3589,-1,2275427,16040.05,0,0.6667,1,-0.1538,0.3903,0
2026-05-25 14:16:00,1363.2,1363.2,1363.0,1363.1,12582,1363.2933,1363.405,1363.3501,-1,-0.0909,-0.0399,-0.051,-1,14.8022,15.1687,20.6096,43.3081,0,12.5,12.6389,-0.0587,1364.2382,1362.6818,1363.46,0.0011,0.2687,0.3977,1363.402,-1,2262845,15470.8,0,0.5,-1,-0.1611,0.3829,0
2026-05-25 14:17:00,1363.0,1363.1,1362.8,1362.8,23351,1363.1947,1363.35,1363.3285,-1,-0.127,-0.0573,-0.0696,-1,15.4221,14.3368,23.1356,38.6087,0,0.0,10.4167,-0.0587,1364.2632,1362.6168,1363.44,0.0012,0.1113,0.3907,1363.3887,-1,2239494,15838.85,0,0.6667,-1,-0.1831,0.3609,1
2026-05-25 14:18:00,1362.8,1363.2,1362.8,1363.2,20877,1363.1957,1363.3363,1363.3235,-1,-0.1218,-0.0702,-0.0516,-1,15.5575,15.1152,21.4467,46.8846,0,26.6667,13.0556,-0.0293,1364.2562,1362.6438,1363.45,0.0012,0.345,0.3914,1363.4497,-1,2260371,14538.65,0,1.0,1,-0.1538,0.3903,0
2026-05-25 14:19:00,1363.2,1363.2,1363.0,1363.0,6045,1363.1566,1363.3058,1363.3108,-1,-0.1324,-0.0827,-0.0497,-1,15.6831,14.5436,20.6355,43.7117,0,14.2857,13.6508,-0.044,1364.2562,1362.6438,1363.45,0.0012,0.2209,0.3777,1363.4489,-1,2254326,14652.4,0,1.0,-1,-0.1685,0.3756,1
2026-05-25 14:20:00,1363.1,1363.2,1363.0,1363.2,9405,1363.1653,1363.2962,1363.3064,-1,-0.1232,-0.0908,-0.0324,-1,15.7998,13.9744,19.8279,47.5353,0,36.3636,25.772,-0.0073,1364.2481,1362.6219,1363.435,0.0012,0.3555,0.365,1363.4483,-1,2263731,14186.0,0,0.5,1,-0.1538,0.3903,1
2026-05-25 14:21:00,1363.4,1363.5,1363.3,1363.5,6738,1363.2322,1363.3147,1363.314,-1,-0.0906,-0.0907,0.0001,1,14.7547,19.0896,18.6489,52.7231,0,77.7778,42.809,0.0147,1364.2537,1362.6563,1363.455,0.0012,0.5282,0.3604,1363.4537,1,2270469,14228.6,0,0.5,1,-0.1318,0.4124,0
2026-05-25 14:22:00,1363.5,1363.8,1363.5,1363.5,9706,1363.2858,1363.3315,1363.3213,-1,-0.0641,-0.0854,0.0213,1,14.8083,23.9589,17.5266,52.7231,0,70.0,61.3805,0.0073,1364.2537,1362.6563,1363.455,0.0012,0.5282,0.3561,1363.4562,1,2280175,14393.0,0,0.0,1,-0.1318,0.4124,1
2026-05-25 14:23:00,1363.5,1363.7,1363.5,1363.7,7769,1363.3686,1363.365,1363.3362,1,-0.0266,-0.0737,0.047,1,14.858,22.9666,16.8007,56.0809,0,90.0,79.2593,0.0367,1364.1346,1362.7154,1363.425,0.001,0.6938,0.3449,1363.4234,1,2287944,13922.15,0,1.0,1,-0.1172,0.4271,0
2026-05-25 14:24:00,1363.5,1364.0,1363.5,1363.6,14542,1363.4149,1363.3864,1363.3465,1,-0.0049,-0.0599,0.055,1,15.7734,26.6819,15.1152,54.0152,0,66.6667,75.5556,0.0367,1363.983,1362.797,1363.39,0.0009,0.6771,0.356,1363.4044,1,2273402,14092.8,0,0.2,1,-0.1245,0.4198,1
2026-05-25 14:25:00,1363.9,1363.9,1363.7,1363.7,6531,1363.4719,1363.4149,1363.3604,1,0.0201,-0.0439,0.064,1,16.6234,25.0576,14.195,55.7697,0,75.0,77.2222,0.0367,1363.9186,1362.8314,1363.375,0.0008,0.7989,0.352,1363.4026,1,2279933,14212.05,0,1.0,-1,-0.1172,0.4271,1
2026-05-25 14:26:00,1363.7,1364.2,1363.7,1364.2,15977,1363.6175,1363.4863,1363.3933,1,0.0793,-0.0193,0.0986,1,18.1521,28.4995,12.7967,63.308,0,100.0,80.5556,0.0807,1364.0029,1362.7771,1363.39,0.0009,1.1608,0.3626,1363.3656,1,2295910,13145.6,0,1.0,1,-0.0806,0.464,1
2026-05-25 14:27:00,1364.6,1364.9,1364.0,1364.3,8805,1363.754,1363.5602,1363.4289,1,0.1328,0.0112,0.1217,1,20.7425,36.4004,10.745,64.6072,0,71.4286,82.1429,0.1101,1364.1513,1362.6987,1363.425,0.0011,1.1024,0.401,1363.3844,1,2304715,12951.95,0,0.3333,-1,-0.0732,0.4713,0
2026-05-25 14:28:00,1364.3,1364.4,1364.1,1364.3,10091,1363.8632,1363.6275,1363.463,1,0.1733,0.0436,0.1297,1,23.1479,34.4194,10.1602,64.6072,0,71.4286,80.9524,0.0807,1364.2783,1362.6417,1363.46,0.0012,1.0133,0.3937,1363.4086,1,2314806,12925.0,0,0.0,1,-0.0732,0.4713,1
2026-05-25 14:29:00,1364.3,1364.6,1364.3,1364.5,8866,1363.9906,1363.7068,1363.5037,1,0.2189,0.0786,0.1402,1,25.6438,36.2047,9.5977,67.2934,-1,80.9524,74.6032,0.1101,1364.4398,1362.5702,1363.505,0.0014,1.0322,0.387,1363.4368,1,2323672,12663.95,0,0.6667,1,-0.0586,0.486,0
2026-05-25 14:30:00,1364.6,1364.8,1364.3,1364.3,24270,1364.0525,1363.7607,1363.5349,1,0.2362,0.1102,0.126,1,28.2005,36.5478,8.7302,62.2087,0,71.4286,74.6032,0.0807,1364.5459,1362.5641,1363.555,0.0015,0.8759,0.3951,1363.5403,1,2299402,12546.7,1,0.6,-1,-0.0732,0.4713,0
2026-05-25 14:31:00,1364.5,1364.5,1364.1,1364.1,12559,1364.062,1363.7916,1363.5571,1,0.2311,0.1343,0.0968,1,29.6614,33.9073,11.7119,57.5276,0,61.9048,71.4286,0.044,1364.6059,1362.5841,1363.595,0.0015,0.7498,0.3955,1363.5763,1,2286843,13015.6,0,1.0,-1,-0.0879,0.4566,0
2026-05-25 14:32:00,1364.2,1364.2,1363.7,1363.7,23951,1363.9896,1363.7833,1363.5627,1,0.1926,0.146,0.0466,1,29.4709,30.9019,17.7647,49.5042,0,36.8421,56.7251,0.0147,1364.6178,1362.6022,1363.61,0.0015,0.5447,0.4029,1363.6075,1,2262892,13663.75,1,1.0,-1,-0.1172,0.4271,0
2026-05-25 14:33:00,1363.5,1363.6,1363.5,1363.6,13865,1363.9117,1363.7666,1363.5641,1,0.1522,0.1472,0.005,1,28.6341,29.7654,20.7891,47.7126,0,31.5789,43.4419,-0.0073,1364.6202,1362.6398,1363.63,0.0015,0.4849,0.3884,1363.6173,-1,2249027,13680.7,0,1.0,1,-0.1245,0.4198,0
2026-05-25 14:34:00,1363.5,1363.6,1362.6,1363.2,35983,1363.7693,1363.7151,1363.5499,1,0.087,0.1352,-0.0482,-1,27.513,24.8452,32.2295,41.2775,0,26.087,31.5027,-0.0293,1364.6154,1362.6546,1363.635,0.0014,0.2781,0.4321,1363.5914,-1,2213044,14523.9,1,0.3,-1,-0.1538,0.3903,1
2026-05-25 14:35:00,1363.9,1364.0,1363.4,1364.0,6197,1363.8155,1363.741,1363.5675,1,0.0987,0.1279,-0.0292,-1,25.5771,27.981,28.2118,54.4961,0,60.8696,39.5118,0.022,1364.6463,1362.7037,1363.675,0.0014,0.6673,0.4584,1363.6289,1,2219241,13905.5,0,0.1667,1,-0.0952,0.4492,0
2026-05-25 14:36:00,1364.0,1364.0,1363.5,1364.0,9084,1363.8524,1363.7645,1363.5845,1,0.1067,0.1236,-0.0169,-1,23.7795,25.815,26.028,54.4961,0,60.8696,49.2754,-0.0147,1364.6636,1362.7764,1363.72,0.0014,0.6484,0.4614,1363.6599,1,2228325,13730.6,0,0.0,1,-0.0952,0.4492,1
2026-05-25 14:37:00,1363.9,1365.0,1363.9,1364.9,12309,1364.0619,1363.8678,1363.6361,1,0.1836,0.1356,0.0479,1,23.7969,35.9031,21.9942,64.8265,0,95.8333,72.5242,0.044,1364.8025,1362.8475,1363.825,0.0014,1.0499,0.507,1363.7711,1,2240634,13178.5,0,0.9091,1,-0.0293,0.5155,0
2026-05-25 14:38:00,1364.9,1365.0,1364.5,1364.9,16445,1364.2295,1363.9616,1363.6856,1,0.2417,0.1568,0.0849,1,23.8131,33.3715,20.4433,64.8265,0,95.8333,84.1787,0.044,1364.949,1362.871,1363.91,0.0015,0.9764,0.5065,1363.8932,1,2257079,12956.9,0,0.0,1,-0.0293,0.5155,1
2026-05-25 14:39:00,1364.8,1365.3,1364.8,1365.0,13999,1364.3836,1364.056,1363.7372,1,0.2925,0.184,0.1085,1,24.2517,35.2509,19.0005,65.8263,-1,88.8889,93.5185,0.0366,1365.0643,1362.9557,1364.01,0.0015,0.9695,0.506,1363.9716,1,2271078,13354.6,0,0.4,1,-0.022,0.5229,0
2026-05-25 14:40:00,1365.0,1365.1,1365.0,1365.0,7552,1364.5069,1364.1418,1363.7867,1,0.3289,0.213,0.116,1,24.659,34.723,18.7159,65.8263,-1,88.8889,91.2037,0.0513,1365.1696,1363.0304,1364.1,0.0016,0.9207,0.477,1364.0316,1,2278630,13261.95,0,0.0,1,-0.022,0.5229,0
2026-05-25 14:41:00,1365.0,1365.1,1365.0,1365.0,6532,1364.6055,1364.2198,1363.8343,1,0.3537,0.2411,0.1126,1,25.0372,34.172,18.4189,65.8263,-1,88.8889,88.8889,0.066,1365.2757,1363.0743,1364.175,0.0016,0.8748,0.4501,1364.0715,1,2285162,13251.65,0,0.0,1,-0.022,0.5229,0
2026-05-25 14:42:00,1365.1,1365.1,1365.0,1365.0,11976,1364.6844,1364.2908,1363.88,1,0.3691,0.2667,0.1024,1,25.3884,33.5978,18.1094,65.8263,-1,88.8889,88.8889,0.0953,1365.3609,1363.1391,1364.25,0.0016,0.8376,0.4251,1364.1317,1,2297138,13365.15,0,1.0,-1,-0.022,0.5229,0
2026-05-25 14:43:00,1365.0,1365.1,1364.7,1365.0,16863,1364.7475,1364.3552,1363.9239,1,0.377,0.2888,0.0882,1,24.8326,31.33,21.9494,65.8263,-1,88.8889,88.8889,0.1027,1365.4415,1363.1885,1364.315,0.0017,0.804,0.4233,1364.1946,1,2314001,13819.85,0,0.0,1,-0.022,0.5229,0
2026-05-25 14:44:00,1365.0,1365.1,1364.8,1365.0,11136,1364.798,1364.4139,1363.9661,1,0.3789,0.3068,0.0721,1,24.3164,29.7102,20.8147,65.8263,-1,88.8889,88.8889,0.132,1365.499,1363.271,1364.385,0.0016,0.776,0.4145,1364.2524,1,2325137,13649.55,0,0.0,1,-0.022,0.5229,1
2026-05-25 14:45:00,1365.1,1367.4,1365.1,1366.5,72718,1365.1384,1364.6035,1364.0655,1,0.4957,0.3446,0.1511,1,26.5322,50.0863,14.4005,79.4762,-1,81.25,86.3426,0.1833,1365.9262,1363.1238,1364.525,0.0021,1.2047,0.5563,1364.7079,1,2397855,16958.9,1,0.6087,1,0.0,0.6333,1
2026-05-25 14:46:00,1366.5,1366.9,1366.2,1366.9,12026,1365.4907,1364.8123,1364.1766,1,0.6134,0.3983,0.2151,1,28.5898,45.6662,13.1297,81.5882,-1,89.5833,86.5741,0.2126,1366.3914,1362.9286,1364.66,0.0025,1.1469,0.5666,1364.8103,1,2409881,16761.35,0,0.5714,1,0.0,0.6628,1
2026-05-25 14:47:00,1366.9,1367.0,1366.6,1367.0,14730,1365.7926,1365.0112,1364.2874,1,0.7067,0.46,0.2467,1,30.5724,44.6017,12.4534,82.0845,-1,91.6667,87.5,0.1539,1366.7935,1362.7965,1364.795,0.0029,1.0517,0.5547,1364.9097,1,2424611,17057.6,0,0.25,1,0.0,0.6702,0
2026-05-25 14:48:00,1367.0,1367.0,1366.1,1366.1,24313,1365.8541,1365.1101,1364.3584,1,0.6999,0.508,0.1919,1,31.2032,39.6525,17.2362,65.0801,-1,67.5,82.9167,0.0879,1366.9473,1362.8227,1364.885,0.003,0.7946,0.5793,1365.0299,1,2400298,17768.7,0,1.0,-1,-0.0658,0.6039,0
2026-05-25 14:49:00,1365.8,1366.0,1365.8,1366.0,26758,1365.8833,1365.191,1364.4228,1,0.6786,0.5421,0.1365,1,31.1374,38.1335,20.4066,63.5059,0,64.1026,74.4231,0.0733,1367.0694,1362.8506,1364.96,0.0031,0.7465,0.5594,1365.1081,1,2373540,18663.3,0,1.0,1,-0.0732,0.5965,0
2026-05-25 14:50:00,1366.0,1366.0,1365.8,1365.9,15544,1365.8866,1365.2555,1364.4807,1,0.6463,0.5629,0.0833,1,31.0763,37.1128,19.8604,61.8936,0,57.1429,62.9151,0.0659,1367.1645,1362.9155,1365.04,0.0031,0.7024,0.5337,1365.1846,1,2357996,18227.0,0,0.5,-1,-0.0805,0.5891,1
2026-05-25 14:51:00,1365.8,1366.0,1365.8,1366.0,10878,1365.9093,1365.3232,1364.5403,1,0.6215,0.5747,0.0469,1,31.0195,36.073,19.304,62.9077,0,51.7241,57.6565,0.0733,1367.2528,1363.0172,1365.135,0.0031,0.7042,0.5099,1365.2399,1,2368874,18142.95,0,1.0,1,-0.0732,0.5965,1
2026-05-25 14:52:00,1365.9,1367.4,1365.8,1367.4,43876,1366.2074,1365.512,1364.6525,1,0.7067,0.6011,0.1056,1,32.3417,46.0729,15.5503,73.5291,-1,100.0,69.6223,0.1758,1367.5476,1363.0924,1365.32,0.0033,0.9669,0.5877,1365.5123,1,2412750,19139.2,1,0.9375,1,0.0,0.6996,0
2026-05-25 14:53:00,1367.5,1367.5,1367.0,1367.2,11074,1366.4059,1365.6654,1364.7524,1,0.7495,0.6308,0.1187,1,33.6445,44.4715,14.5952,70.4265,-1,89.2857,80.3366,0.1612,1367.7244,1363.2756,1365.5,0.0033,0.8821,0.5815,1365.6335,1,2401676,18999.65,0,0.6,-1,-0.0146,0.6849,0
2026-05-25 14:54:00,1367.0,1367.2,1366.8,1367.0,25546,1366.5248,1365.7868,1364.8405,1,0.7585,0.6563,0.1022,1,34.3931,42.2365,16.3746,67.3654,-1,82.1429,90.4762,0.1465,1367.7383,1363.6417,1365.69,0.003,0.8198,0.5685,1365.9714,1,2376130,18477.8,0,0.0,1,-0.0293,0.6702,0
2026-05-25 14:55:00,1367.0,1367.0,1366.8,1366.9,9790,1366.5998,1365.888,1364.9213,1,0.7489,0.6748,0.0741,1,35.0882,41.1237,15.9431,65.8248,-1,78.5714,83.3333,0.0293,1367.7928,1363.8772,1365.835,0.0029,0.772,0.5422,1366.0318,1,2366340,18657.45,0,0.5,-1,-0.0366,0.6628,0
2026-05-25 14:56:00,1366.9,1366.9,1366.3,1366.4,15725,1366.5598,1365.9345,1364.9793,1,0.693,0.6784,0.0145,1,34.5955,37.8976,21.2297,58.6077,0,60.7143,73.8095,-0.0366,1367.7343,1364.1757,1365.955,0.0026,0.625,0.5463,1366.1051,1,2350615,18989.5,0,0.8333,-1,-0.0731,0.626,1
2026-05-25 14:57:00,1366.5,1366.5,1366.3,1366.5,9461,1366.5479,1365.9859,1365.0389,1,0.6492,0.6726,-0.0234,-1,34.1379,36.8597,20.6482,59.5627,0,62.963,67.4162,-0.0366,1367.7604,1364.3096,1366.035,0.0025,0.6347,0.5216,1366.1625,1,2360076,18847.1,0,0.0,1,-0.0658,0.6333,0
2026-05-25 14:58:00,1366.5,1366.5,1366.3,1366.5,14943,1366.5383,1366.0327,1365.0962,1,0.6076,0.6596,-0.052,-1,33.7131,35.8036,20.0566,59.5627,0,58.3333,60.6702,0.0293,1367.7694,1364.4606,1366.115,0.0024,0.6164,0.4986,1366.233,1,2375019,18772.0,0,0.0,1,-0.0658,0.6333,1
2026-05-25 14:59:00,1366.5,1367.2,1366.5,1366.6,43044,1366.5506,1366.0842,1365.1552,1,0.576,0.6429,-0.0669,-1,34.1496,42.0606,18.1018,60.6164,0,47.0588,56.1184,0.0439,1367.7793,1364.6107,1366.195,0.0023,0.6278,0.513,1366.3313,1,2418063,20224.25,1,0.1429,1,-0.0585,0.6407,0
2026-05-25 15:00:00,1366.8,1366.8,1366.2,1366.5,27584,1366.5405,1366.122,1365.2079,1,0.5367,0.6216,-0.0849,-1,33.86,38.5888,20.7347,58.9617,0,41.1765,48.8562,0.0439,1367.7601,1364.7799,1366.27,0.0022,0.5772,0.5192,1366.3653,1,2390479,21225.85,0,0.5,-1,-0.0658,0.6333,0
2026-05-25 15:01:00,1366.5,1366.5,1366.2,1366.4,32065,1366.5124,1366.1473,1365.2547,1,0.4918,0.5957,-0.1039,-1,33.5912,36.9467,19.8524,57.278,0,35.2941,41.1765,0.0293,1367.7117,1364.9683,1366.34,0.002,0.5219,0.5036,1366.3848,1,2358414,22502.5,0,0.3333,-1,-0.0731,0.626,1
2026-05-25 15:02:00,1366.8,1367.4,1366.6,1367.4,26858,1366.6899,1366.2612,1365.3388,1,0.5308,0.5827,-0.0519,-1,34.3146,43.9771,17.2216,67.3264,-1,94.1176,56.8627,0.0,1367.7598,1365.1602,1366.46,0.0019,0.8616,0.539,1366.4628,1,2385272,23246.6,0,0.75,1,0.0,0.6996,0
2026-05-25 15:03:00,1367.4,1367.6,1367.0,1367.4,31917,1366.8319,1366.3647,1365.4196,1,0.5553,0.5772,-0.0219,-1,35.1655,43.1376,15.8633,67.3264,-1,88.8889,72.7669,0.0146,1367.7558,1365.4042,1366.58,0.0017,0.8487,0.5434,1366.5744,1,2417189,23999.3,0,0.0,1,0.0,0.6996,1
2026-05-25 15:04:00,1367.8,1367.9,1367.4,1367.9,33327,1367.0456,1366.5043,1365.5169,1,0.6081,0.5834,0.0247,1,36.2135,44.2523,14.8147,71.248,-1,100.0,94.3355,0.0658,1367.7962,1365.6538,1366.725,0.0016,1.0484,0.5403,1366.687,1,2450516,25108.85,0,0.2,1,0.0,0.7364,0
2026-05-25 15:05:00,1367.9,1367.9,1366.6,1367.5,104630,1367.1364,1366.5948,1365.5947,1,0.6106,0.5889,0.0218,1,35.4564,37.3408,22.1121,64.5711,0,80.9524,89.9471,0.0439,1367.8919,1365.6581,1366.775,0.0016,0.8246,0.5945,1366.8618,1,2345886,26704.45,1,0.3077,-1,-0.0292,0.707,0
2026-05-25 15:06:00,1367.4,1367.5,1366.5,1366.6,33376,1367.0292,1366.5953,1365.6341,1,0.5338,0.5778,-0.044,-1,34.5624,33.063,20.7246,52.622,0,23.5294,68.1606,0.0146,1367.8779,1365.6421,1366.76,0.0016,0.4284,0.6235,1366.8663,-1,2312510,27771.95,0,0.8,-1,-0.095,0.6407,1
2026-05-25 15:07:00,1366.7,1367.5,1366.7,1367.5,21899,1367.1233,1366.6775,1365.7073,1,0.5394,0.5701,-0.0308,-1,33.7321,29.7588,18.6534,60.4949,0,76.4706,60.3175,0.0732,1367.9448,1365.6252,1366.785,0.0017,0.8082,0.6433,1366.8806,1,2334409,28130.4,0,1.0,1,-0.0292,0.707,0
2026-05-25 15:08:00,1367.5,1367.5,1366.8,1366.8,28006,1367.0587,1366.6887,1365.7501,1,0.4817,0.5525,-0.0707,-1,32.9612,27.4601,17.2125,53.1036,0,35.2941,45.098,0.022,1367.9364,1365.7036,1366.82,0.0016,0.491,0.6473,1366.9088,-1,2306403,28315.05,0,1.0,-1,-0.0804,0.6554,1
2026-05-25 15:09:00,1366.8,1367.3,1366.8,1367.3,27413,1367.1069,1366.7442,1365.8109,1,0.4709,0.5362,-0.0652,-1,32.2454,25.92,16.2472,57.1325,0,64.7059,58.8235,0.0512,1367.9532,1365.8168,1366.885,0.0016,0.6942,0.6368,1366.9657,1,2333816,28347.8,0,1.0,1,-0.0439,0.6922,1
2026-05-25 15:10:00,1367.2,1367.9,1367.2,1367.9,23459,1367.2655,1366.8493,1365.8928,1,0.505,0.5299,-0.0249,-1,32.388,30.582,14.9804,61.4162,0,100.0,66.6667,0.1025,1368.04,1365.93,1366.985,0.0015,0.9336,0.6413,1367.0231,1,2357275,28743.55,0,1.0,1,0.0,0.7364,1
2026-05-25 15:11:00,1367.9,1368.0,1367.5,1368.0,34896,1367.4124,1366.9539,1365.9755,1,0.5339,0.5307,0.0032,1,32.6409,29.9832,14.1328,62.096,0,100.0,88.2353,0.1171,1368.1267,1366.0433,1367.085,0.0015,0.9392,0.6312,1367.0901,1,2392171,29944.45,0,0.2,1,0.0,0.7438,1
2026-05-25 15:12:00,1367.8,1368.1,1367.8,1368.1,36893,1367.5499,1367.0581,1366.0588,1,0.5585,0.5363,0.0222,1,32.9988,30.1014,13.6343,62.8019,0,100.0,100.0,0.0512,1368.2453,1365.9947,1367.12,0.0016,0.9354,0.6075,1367.1634,1,2429064,29595.3,0,1.0,1,0.0,0.7512,1
2026-05-25 15:13:00,1368.1,1368.5,1368.0,1368.4,21977,1367.72,1367.1801,1366.1506,1,0.5953,0.5481,0.0472,1,33.7933,33.0722,12.8226,64.9128,0,95.6522,98.5507,0.0731,1368.4363,1365.9237,1367.18,0.0018,0.9855,0.5999,1367.2035,1,2451041,30140.45,0,0.6,1,0.0,0.7733,1
2026-05-25 15:14:00,1368.5,1368.7,1368.2,1368.7,23348,1367.916,1367.3183,1366.2506,1,0.6412,0.5667,0.0745,1,34.7423,33.4896,12.05,66.9337,-1,100.0,98.5507,0.0585,1368.681,1365.849,1367.265,0.0021,1.0067,0.5927,1367.2639,1,2474389,30030.55,0,0.4,1,0.0,0.7953,0
2026-05-25 15:15:00,1368.6,1368.8,1367.8,1367.8,36018,1367.8928,1367.3621,1366.3113,1,0.5982,0.573,0.0252,1,34.5485,29.6427,15.2606,56.4329,0,56.5217,84.058,0.0219,1368.7339,1365.8861,1367.31,0.0021,0.6721,0.6218,1367.3195,1,2438371,31341.95,0,0.8,-1,-0.0658,0.7291,0
2026-05-25 15:16:00,1367.7,1367.7,1367.0,1367.4,40322,1367.7942,1367.3655,1366.354,1,0.5257,0.5635,-0.0379,-1,32.6654,26.9733,22.8916,52.4914,0,39.1304,65.2174,0.0585,1368.7215,1365.9985,1367.36,0.002,0.5147,0.6346,1367.3414,1,2398049,32571.8,0,0.4286,-1,-0.095,0.6996,0
2026-05-25 15:17:00,1367.4,1367.4,1366.9,1367.0,29171,1367.6354,1367.3323,1366.3793,1,0.431,0.537,-0.106,-1,30.7334,25.4318,22.7263,48.8194,0,21.7391,39.1304,-0.0366,1368.7,1366.07,1367.385,0.0019,0.3536,0.6249,1367.3437,-1,2368878,33557.3,0,0.8,-1,-0.1242,0.6702,0
2026-05-25 15:18:00,1367.0,1367.0,1366.6,1366.8,33280,1367.4683,1367.2839,1366.3958,1,0.3359,0.4968,-0.1609,-1,28.6742,24.2384,25.1793,47.0472,0,13.0435,24.6377,0.0,1368.6806,1366.1194,1367.4,0.0019,0.2657,0.6089,1367.3372,-1,2335598,34474.15,0,0.5,-1,-0.1388,0.6554,0
2026-05-25 15:19:00,1366.7,1366.7,1366.4,1366.4,22363,1367.2546,1367.2035,1366.396,1,0.2257,0.4426,-0.2169,-1,27.1029,23.0725,26.3733,43.6355,0,0.0,11.5942,-0.0658,1368.6983,1366.0817,1367.39,0.0019,0.1216,0.594,1367.3459,-1,2313235,33440.1,0,1.0,-1,-0.168,0.626,0
2026-05-25 15:20:00,1366.4,1366.5,1365.3,1365.5,49732,1366.9037,1367.0487,1366.3609,-1,0.065,0.3671,-0.3021,-1,27.1348,19.969,35.1558,37.114,0,5.7143,6.2526,-0.1755,1368.8425,1365.8375,1367.34,0.0022,-0.1123,0.6372,1367.266,-1,2263503,34547.5,0,0.75,-1,-0.2338,0.5597,1
2026-05-25 15:21:00,1365.5,1366.3,1365.5,1366.3,30263,1366.783,1366.9806,1366.3585,-1,0.0022,0.2941,-0.2919,-1,27.1644,18.2104,32.0597,44.9848,0,28.5714,11.4286,-0.1243,1368.8506,1365.8194,1367.335,0.0022,0.1586,0.6489,1367.2537,-1,2293766,34457.4,0,1.0,1,-0.1753,0.6186,0
2026-05-25 15:22:00,1366.0,1366.1,1365.8,1365.9,91631,1366.6064,1366.8824,1366.3405,-1,-0.079,0.2195,-0.2985,-1,27.192,17.1914,30.2657,42.1445,0,17.1429,17.1429,-0.1608,1368.8988,1365.6212,1367.26,0.0024,0.0851,0.6382,1367.0975,-1,2202135,37696.05,1,0.3333,-1,-0.2046,0.5891,1
2026-05-25 15:23:00,1366.2,1366.2,1365.8,1366.0,22905,1366.4851,1366.8022,1366.3271,-1,-0.1337,0.1488,-0.2825,-1,26.9919,17.5506,28.8737,43.1116,0,20.0,21.9048,-0.1754,1368.9162,1365.4638,1367.19,0.0025,0.1553,0.6212,1367.0537,-1,2225040,37245.45,0,0.5,-1,-0.1973,0.5965,1
2026-05-25 15:24:00,1366.0,1366.5,1366.0,1366.4,21781,1366.4681,1366.7656,1366.33,-1,-0.1431,0.0905,-0.2336,-1,26.1478,20.0255,27.1903,46.9325,0,31.4286,22.8571,-0.168,1368.8416,1365.3884,1367.115,0.0025,0.2929,0.6126,1367.0004,-1,2246821,36668.15,0,0.8,1,-0.168,0.626,0
2026-05-25 15:25:00,1366.4,1366.8,1366.0,1366.1,31175,1366.3945,1366.7051,1366.321,-1,-0.1728,0.0378,-0.2106,-1,24.7561,21.6208,24.7081,44.5175,0,22.8571,24.7619,-0.1243,1368.8164,1365.2736,1367.045,0.0026,0.2333,0.6259,1366.9146,-1,2215646,32995.4,0,0.375,-1,-0.19,0.6039,1
2026-05-25 15:26:00,1366.2,1367.0,1366.2,1366.9,15330,1366.4956,1366.7228,1366.3437,-1,-0.1303,0.0042,-0.1345,-1,23.08,21.6807,22.2475,51.6609,0,45.7143,33.3333,-0.0366,1368.8211,1365.2989,1367.06,0.0026,0.4546,0.6455,1366.9119,-1,2230976,32093.1,0,0.875,1,-0.1315,0.6628,0
2026-05-25 15:27:00,1366.9,1366.9,1366.8,1366.8,19460,1366.5565,1366.7298,1366.3616,-1,-0.1035,-0.0173,-0.0861,-1,21.5236,21.4253,21.9855,50.7807,0,42.8571,37.1429,-0.0146,1368.7776,1365.2724,1367.025,0.0026,0.4358,0.6066,1366.8985,-1,2211516,31971.15,0,1.0,-1,-0.1388,0.6554,0
2026-05-25 15:28:00,1366.9,1366.9,1366.0,1366.7,25522,1366.5852,1366.7271,1366.3749,-1,-0.0893,-0.0317,-0.0575,-1,21.414,19.2304,28.8394,49.8659,0,40.0,42.8571,-0.0073,1368.7757,1365.2643,1367.02,0.0026,0.4089,0.6275,1366.878,-1,2185994,31846.95,0,0.2222,-1,-0.1461,0.6481,0
2026-05-25 15:29:00,1366.1,1366.6,1365.8,1366.5,15054,1366.5681,1366.7065,1366.3798,-1,-0.093,-0.044,-0.0491,-1,21.5896,17.3196,28.1819,48.0031,0,50.0,44.2857,0.0073,1368.7448,1365.2152,1366.98,0.0026,0.364,0.647,1366.8528,-1,2170940,31229.0,0,0.5,1,-0.1607,0.6333,0
2026-05-26 09:15:00,1360.2,1361.1,1357.7,1357.9,0,1364.8345,1365.9059,1366.0472,-1,-0.781,-0.1914,-0.5896,-1,25.4455,8.464,60.8359,17.5847,1,2.0619,30.6873,-0.5566,1370.7735,1362.1865,1366.48,0.0063,-0.4992,1.2293,1366.8211,-1,2170940,30056.05,0,0.6765,-1,-0.7891,0.0,1
2026-05-26 09:16:00,1358.9,1361.8,1358.8,1360.5,44919,1363.9676,1365.4144,1365.8297,-1,-1.1037,-0.3739,-0.7298,-1,28.2805,10.3245,48.9021,31.68,1,30.1075,27.3898,-0.4245,1371.061,1361.149,1366.105,0.0073,-0.0655,1.4201,1366.2889,-1,2215859,30557.2,0,0.5333,1,-0.5991,0.1915,1
2026-05-26 09:17:00,1361.1,1362.4,1360.5,1361.8,40426,1363.5341,1365.0859,1365.6717,-1,-1.2402,-0.5471,-0.6931,-1,30.2994,12.3079,44.3389,37.4412,0,44.086,25.4185,-0.3002,1370.9934,1360.5866,1365.79,0.0076,0.1166,1.4544,1365.8756,-1,2256285,30733.85,0,0.3684,1,-0.5041,0.2872,0
2026-05-26 09:18:00,1361.5,1362.2,1360.6,1361.2,33549,1363.0673,1364.7326,1365.4963,-1,-1.3809,-0.7139,-0.667,-1,32.1741,11.3476,40.8794,35.935,0,37.6344,37.276,-0.3514,1370.853,1360.007,1365.43,0.0079,0.11,1.4648,1365.5472,-1,2222736,31312.45,0,0.1875,-1,-0.548,0.243,1
2026-05-26 09:19:00,1361.1,1362.9,1360.3,1361.9,45362,1362.8338,1364.4751,1365.3553,-1,-1.4196,-0.855,-0.5646,-1,33.1796,13.2188,35.9683,39.0172,0,45.1613,42.2939,-0.3293,1370.5029,1359.6771,1365.09,0.0079,0.2053,1.5459,1365.1704,-1,2268098,32413.15,0,0.3077,1,-0.4968,0.2946,1
2026-05-26 09:20:00,1362.5,1363.4,1362.2,1363.4,31523,1362.9471,1364.3773,1365.2786,-1,-1.314,-0.9468,-0.3672,-1,33.6103,14.6158,33.4701,45.1112,0,61.2903,48.0287,-0.1976,1370.1812,1359.5588,1364.87,0.0078,0.3616,1.5426,1364.8984,-1,2299621,32188.4,0,0.75,1,-0.3872,0.405,1
2026-05-26 09:21:00,1363.4,1363.6,1362.8,1363.6,21909,1363.0776,1364.3067,1365.2128,-1,-1.2004,-0.9976,-0.2029,-1,33.8082,15.0142,32.1861,45.8877,0,63.4409,56.6308,-0.2414,1369.8864,1359.4736,1364.68,0.0076,0.3963,1.4895,1364.6844,-1,2321530,31267.75,0,0.25,1,-0.3726,0.4198,0
2026-05-26 09:22:00,1364.3,1364.4,1362.1,1362.5,38771,1362.9621,1364.1424,1365.1064,-1,-1.1855,-1.0351,-0.1503,-1,33.208,17.1129,28.769,42.3401,0,51.6129,58.7814,-0.3146,1369.6297,1359.2803,1364.455,0.0076,0.3111,1.5474,1364.4706,-1,2282759,31747.75,0,0.7826,-1,-0.453,0.3388,0
2026-05-26 09:23:00,1362.1,1362.9,1361.5,1361.7,61904,1362.7097,1363.9204,1364.9728,-1,-1.2241,-1.0729,-0.1511,-1,32.9758,15.9995,29.6857,39.9228,0,43.0108,52.6882,-0.3658,1369.39,1359.01,1364.2,0.0076,0.2592,1.5369,1364.1264,-1,2220855,33178.95,1,0.2857,-1,-0.5114,0.2798,1
2026-05-26 09:24:00,1361.6,1362.5,1361.3,1362.0,40858,1362.5678,1363.7458,1364.8562,-1,-1.2164,-1.1016,-0.1148,-1,32.8675,15.093,28.9481,41.2767,0,46.2366,46.9534,-0.3293,1369.1513,1358.8087,1363.98,0.0076,0.3086,1.5128,1363.9172,-1,2261713,34103.7,0,0.3333,1,-0.4895,0.3019,0
2026-05-26 09:25:00,1362.2,1362.6,1361.5,1362.0,28271,1362.4542,1363.5871,1364.7442,-1,-1.1966,-1.1206,-0.076,-1,32.6598,14.7751,27.4147,41.2767,0,46.7391,45.3288,0.3019,1368.9956,1358.6144,1363.805,0.0076,0.3261,1.4834,1363.6973,-1,2289984,33030.65,0,0.1818,-1,-0.4895,0.3019,0
2026-05-26 09:26:00,1362.4,1362.4,1361.3,1361.6,29103,1362.2834,1363.4065,1364.6209,-1,-1.1993,-1.1363,-0.0629,-1,32.5869,13.9777,26.9165,39.8867,0,42.3913,45.1223,0.0809,1368.7128,1358.4272,1363.57,0.0075,0.3085,1.456,1363.5049,-1,2260881,32972.65,0,0.7273,-1,-0.5187,0.2725,1
2026-05-26 09:27:00,1361.4,1363.0,1361.4,1362.5,25255,1362.3267,1363.3241,1364.5377,-1,-1.116,-1.1323,0.0163,1,31.8428,15.8111,24.8185,44.4219,0,53.9326,47.6877,0.0514,1368.4474,1358.3526,1363.4,0.0074,0.4108,1.4663,1363.0784,-1,2286136,29653.85,0,0.6875,1,-0.453,0.3388,0
2026-05-26 09:28:00,1362.5,1362.5,1361.3,1361.3,18097,1362.1214,1363.14,1364.4108,-1,-1.1337,-1.1326,-0.0011,-1,31.2227,14.8747,23.8421,40.08,0,53.7313,50.0184,0.0073,1368.1435,1358.1865,1363.165,0.0073,0.3127,1.4472,1362.9223,-1,2268039,29413.45,0,1.0,-1,-0.5407,0.2504,1
2026-05-26 09:29:00,1361.4,1362.4,1361.4,1361.8,26217,1362.0571,1363.0182,1364.3084,-1,-1.0948,-1.125,0.0302,1,30.6469,14.0531,22.5252,42.5976,0,53.5714,53.7451,-0.0073,1367.7155,1358.1545,1362.935,0.007,0.3813,1.4224,1362.7514,-1,2294256,29635.25,0,0.4,1,-0.5041,0.2872,1
2026-05-26 09:30:00,1362.3,1363.0,1362.2,1363.0,15061,1362.2457,1363.0166,1364.2571,-1,-0.9561,-1.0912,0.1351,1,29.3955,16.2437,21.1525,48.2206,0,65.8537,57.7188,-0.0293,1367.3357,1358.2243,1362.78,0.0067,0.5241,1.4065,1362.5591,1,2309317,28829.55,0,0.875,1,-0.4165,0.3756,0
2026-05-26 09:31:00,1362.6,1363.0,1362.6,1362.7,29554,1362.3365,1362.9878,1364.196,-1,-0.8604,-1.0451,0.1846,1,28.2334,15.8959,20.6997,46.9816,0,58.5366,59.3206,-0.066,1366.7154,1358.4246,1362.57,0.0061,0.5157,1.3347,1362.462,1,2279763,29540.75,0,0.25,1,-0.4384,0.3535,1
2026-05-26 09:32:00,1362.6,1363.8,1362.5,1363.7,18783,1362.6092,1363.0525,1364.1766,-1,-0.6959,-0.9752,0.2793,1,26.2502,19.0774,19.2568,51.459,0,82.9268,69.1057,0.0881,1366.1251,1358.7049,1362.415,0.0054,0.6732,1.3322,1362.3456,1,2298546,29506.9,0,0.8462,1,-0.3653,0.4271,0
2026-05-26 09:33:00,1363.7,1363.8,1363.2,1363.7,10873,1362.8274,1363.1114,1364.1579,-1,-0.5591,-0.892,0.3329,1,24.4086,18.4385,18.612,51.459,0,77.4194,72.9609,0.1469,1365.4795,1359.0505,1362.265,0.0047,0.7232,1.2799,1362.183,1,2309419,28774.45,0,0.0,1,-0.3653,0.4271,0
2026-05-26 09:34:00,1363.3,1363.3,1362.8,1363.0,25315,1362.8619,1363.1013,1364.1125,-1,-0.5014,-0.8139,0.3125,1,23.1318,17.4924,19.9376,48.1574,0,54.8387,71.7283,0.0734,1364.6845,1359.4955,1362.09,0.0038,0.6754,1.2527,1362.1139,1,2284104,29287.5,0,0.6,-1,-0.4165,0.3756,0
2026-05-26 09:35:00,1362.8,1362.8,1361.5,1361.5,13171,1362.5895,1362.9557,1364.01,-1,-0.5701,-0.7651,0.195,1,23.1197,16.0171,25.5654,41.9466,0,6.4516,46.2366,-0.0367,1364.0478,1360.4922,1362.27,0.0026,0.2834,1.2704,1362.1099,-1,2270933,29946.05,0,1.0,-1,-0.526,0.2651,1
2026-05-26 09:36:00,1361.8,1362.3,1361.5,1362.0,12369,1362.4716,1362.8688,1363.9312,-1,-0.5776,-0.7276,0.15,1,23.1084,15.2771,24.3842,44.5153,0,28.0,29.7634,0.0294,1363.9343,1360.7557,1362.345,0.0023,0.3915,1.2368,1362.2444,-1,2283302,28318.55,0,0.25,1,-0.4895,0.3019,1
2026-05-26 09:37:00,1362.6,1363.0,1362.4,1363.0,36515,1362.5773,1362.8807,1363.8947,-1,-0.4971,-0.6815,0.1844,1,22.2292,18.4813,22.9564,49.3431,0,68.0,34.1505,0.0367,1363.9981,1360.8119,1362.405,0.0023,0.6867,1.2199,1362.3291,1,2319817,28123.0,0,0.6667,1,-0.4165,0.3756,0
2026-05-26 09:38:00,1363.1,1363.2,1362.5,1363.0,31003,1362.6618,1362.8916,1363.8596,-1,-0.4283,-0.6309,0.2025,1,21.1791,18.9078,21.986,49.3431,0,68.0,54.6667,0.1249,1364.0069,1360.9831,1362.495,0.0022,0.667,1.1828,1362.4204,1,2350820,27995.7,0,0.1429,-1,-0.4165,0.3756,0
2026-05-26 09:39:00,1363.0,1363.4,1362.2,1362.6,14114,1362.6495,1362.8651,1363.8102,-1,-0.4015,-0.585,0.1835,1,20.5047,17.539,22.2042,47.4286,0,52.0,62.6667,0.0587,1364.0174,1361.0426,1362.53,0.0022,0.5235,1.184,1362.4906,1,2336706,26433.3,0,0.3333,-1,-0.4457,0.3461,0
2026-05-26 09:40:00,1362.9,1363.1,1362.1,1362.3,14801,1362.5796,1362.8137,1363.751,-1,-0.3998,-0.548,0.1481,1,19.98,16.469,21.4597,45.9875,0,40.0,53.3333,-0.0514,1363.9101,1361.0399,1362.475,0.0021,0.439,1.1708,1362.4595,-1,2321905,25597.2,0,0.6,-1,-0.4676,0.324,0
2026-05-26 09:41:00,1362.1,1362.6,1362.1,1362.3,8854,1362.5237,1362.767,1363.6941,-1,-0.394,-0.5172,0.1232,1,19.4927,15.9452,20.7771,45.9875,0,40.0,44.0,-0.0294,1363.75,1361.07,1362.41,0.002,0.459,1.1229,1362.4189,-1,2330759,24944.45,0,0.4,1,-0.4676,0.324,0
2026-05-26 09:42:00,1362.1,1362.5,1362.1,1362.3,7639,1362.4789,1362.7246,1363.6394,-1,-0.3849,-0.4907,0.1058,1,19.0402,15.52,20.223,45.9875,0,37.5,39.1667,-0.1027,1363.7401,1361.0599,1362.4,0.002,0.4627,1.0713,1362.3688,-1,2338398,23387.85,0,0.5,1,-0.4676,0.324,0
2026-05-26 09:43:00,1362.3,1362.5,1361.6,1362.0,18085,1362.3831,1362.6587,1363.5751,-1,-0.3973,-0.472,0.0747,1,19.1862,14.5779,22.3677,44.3061,0,21.7391,33.0797,-0.1247,1363.73,1361.1,1362.415,0.0019,0.3422,1.0591,1362.4034,-1,2320313,21196.9,0,0.3333,-1,-0.4895,0.3019,0
2026-05-26 09:44:00,1362.0,1362.8,1361.7,1362.0,13637,1362.3065,1362.5988,1363.5133,-1,-0.4025,-0.4581,0.0556,1,18.8401,15.5171,20.7128,44.3061,0,21.7391,26.9928,-0.0734,1363.73,1361.1,1362.415,0.0019,0.3422,1.062,1362.4437,-1,2333950,19835.85,0,0.0,1,-0.4895,0.3019,1
2026-05-26 09:45:00,1362.5,1362.7,1361.8,1362.5,14472,1362.3452,1362.5898,1363.4736,-1,-0.3621,-0.4389,0.0768,1,18.5188,14.5675,19.4452,47.9823,0,43.4783,28.9855,0.0734,1363.7414,1361.1386,1362.44,0.0019,0.5231,1.0504,1362.4698,1,2348422,19145.9,0,0.0,1,-0.453,0.3388,0
2026-05-26 09:46:00,1362.5,1362.8,1361.9,1362.4,15194,1362.3562,1362.5726,1363.4315,-1,-0.3343,-0.418,0.0837,1,18.0482,14.3538,18.2428,47.3097,0,39.1304,34.7826,0.0294,1363.7235,1361.2365,1362.48,0.0018,0.4678,1.0397,1362.521,-1,2333228,18450.45,0,0.1111,-1,-0.4603,0.3314,1
2026-05-26 09:47:00,1362.5,1362.7,1361.9,1362.5,5506,1362.3849,1362.566,1363.395,-1,-0.3008,-0.3946,0.0938,1,17.6113,13.5516,17.2234,48.0933,0,52.6316,45.0801,-0.0367,1363.7235,1361.2365,1362.48,0.0018,0.508,1.0225,1362.5346,-1,2338734,17463.0,0,0.0,1,-0.453,0.3388,0
2026-05-26 09:48:00,1362.5,1363.0,1362.0,1362.4,23673,1362.3879,1362.5509,1363.356,-1,-0.279,-0.3715,0.0924,1,16.6593,14.7024,16.0184,47.3352,0,47.3684,46.3768,-0.044,1363.6562,1361.4138,1362.535,0.0016,0.4398,1.0209,1362.5726,-1,2315061,17741.8,0,0.1,-1,-0.4603,0.3314,1
2026-05-26 09:49:00,1362.8,1362.8,1362.3,1362.5,8253,1362.4104,1362.5463,1363.3224,-1,-0.2508,-0.3473,0.0965,1,15.7753,14.1686,15.4368,48.2143,0,52.6316,50.8772,-0.0073,1363.6398,1361.5002,1362.57,0.0016,0.4673,0.9837,1362.6266,-1,2323314,16843.6,0,0.6,-1,-0.453,0.3388,1
2026-05-26 09:50:00,1362.8,1363.0,1362.8,1362.8,8902,1362.4883,1362.5693,1363.3019,-1,-0.202,-0.3183,0.1163,1,14.7163,15.1406,14.856,50.8642,0,66.6667,55.5556,0.0367,1363.6172,1361.5028,1362.56,0.0016,0.6135,0.9492,1362.6282,1,2332216,16535.65,0,0.0,1,-0.4311,0.3609,1
2026-05-26 09:51:00,1363.0,1363.2,1362.5,1363.0,17269,1362.5906,1362.6085,1363.2901,-1,-0.1454,-0.2837,0.1383,1,14.138,14.3278,16.3592,52.6053,0,77.7778,65.692,0.0514,1363.6481,1361.5019,1362.575,0.0016,0.698,0.9314,1362.6301,1,2349485,15921.4,0,0.0,1,-0.4165,0.3756,1
2026-05-26 09:52:00,1363.0,1363.7,1362.7,1363.4,15094,1362.7525,1362.6804,1363.2944,1,-0.0675,-0.2405,0.1729,1,13.5585,17.0492,15.1112,55.9661,0,85.7143,76.7196,0.0807,1363.5767,1361.5433,1362.56,0.0015,0.9131,0.9363,1362.6187,1,2364579,15736.95,0,0.4,1,-0.3872,0.405,1
2026-05-26 09:53:00,1363.1,1363.9,1363.0,1363.5,14473,1362.902,1362.7549,1363.3024,1,0.0022,-0.1919,0.1941,1,13.3468,17.4054,14.0707,56.791,0,82.6087,82.0336,0.1101,1363.5247,1361.5753,1362.55,0.0014,0.9873,0.9337,1362.6248,1,2379052,15916.95,0,0.4444,1,-0.3799,0.4124,0
2026-05-26 09:54:00,1363.6,1363.9,1363.5,1363.5,28848,1363.0216,1362.8227,1363.3102,1,0.0569,-0.1422,0.199,1,13.1502,16.8501,13.6218,56.791,0,82.6087,83.6439,0.1101,1363.6178,1361.5322,1362.575,0.0015,0.9435,0.8956,1362.6831,1,2407900,16093.6,1,0.25,-1,-0.3799,0.4124,0
2026-05-26 09:55:00,1363.0,1363.4,1362.4,1363.3,29907,1363.0773,1362.8661,1363.3098,1,0.0831,-0.0971,0.1802,1,13.3238,15.3955,21.0785,54.4261,0,73.913,79.7101,0.0587,1363.6289,1361.7011,1362.665,0.0014,0.8294,0.9102,1362.7432,1,2377993,16930.4,1,0.3,1,-0.3945,0.3977,0
2026-05-26 09:56:00,1363.4,1363.5,1362.5,1363.1,12943,1363.0818,1362.8873,1363.3016,1,0.0867,-0.0604,0.147,1,13.2981,14.975,19.4359,52.09,0,65.2174,73.913,0.0514,1363.6508,1361.7892,1362.72,0.0014,0.7041,0.9166,1362.7838,1,2365050,16959.1,0,0.3,-1,-0.4091,0.3829,0
2026-05-26 09:57:00,1363.1,1363.2,1362.5,1362.7,4539,1363.0055,1362.8703,1363.278,1,0.0566,-0.037,0.0936,1,13.2742,14.1441,18.3575,47.6819,0,45.4545,61.5283,0.0147,1363.6269,1361.7831,1362.705,0.0014,0.4973,0.9011,1362.7821,-1,2360511,15360.3,0,0.5714,-1,-0.4384,0.3535,1
2026-05-26 09:58:00,1362.7,1365.5,1362.6,1365.4,80145,1363.4844,1363.1003,1363.3612,1,0.2478,0.02,0.2278,1,14.4387,27.0752,14.7147,67.608,-1,97.2973,69.3231,0.2202,1364.3175,1361.3325,1362.825,0.0022,1.3627,1.0439,1363.1582,1,2440656,17817.4,1,0.931,1,-0.2411,0.5523,0
2026-05-26 09:59:00,1365.3,1365.5,1365.0,1365.0,17783,1363.7875,1363.273,1363.4255,1,0.3629,0.0886,0.2743,1,15.5201,26.1131,14.1918,63.7351,0,86.1111,76.2877,0.1835,1364.7074,1361.1826,1362.945,0.0026,1.083,1.005,1363.2741,1,2422873,18000.85,0,0.6,-1,-0.2703,0.5229,1
2026-05-26 10:00:00,1365.4,1365.5,1364.8,1365.1,14325,1364.05,1363.4391,1363.4911,1,0.4569,0.1622,0.2946,1,16.1855,24.7852,14.9231,64.2859,0,88.8889,90.7658,0.1688,1365.053,1361.117,1363.085,0.0029,1.0119,0.9833,1363.38,1,2437198,17977.05,0,0.4286,-1,-0.263,0.5302,1
2026-05-26 10:01:00,1365.3,1365.4,1365.0,1365.3,22702,1364.3,1363.6082,1363.5621,1,0.5412,0.238,0.3032,1,16.8035,24.0332,14.4702,65.4173,-1,94.2857,89.7619,0.1687,1365.3893,1361.0807,1363.235,0.0032,0.9793,0.9416,1363.5175,1,2459900,18669.45,0,0.0,1,-0.2484,0.545,0
2026-05-26 10:02:00,1364.6,1364.8,1364.1,1364.1,60005,1364.26,1363.6529,1363.5832,1,0.5055,0.2915,0.2139,1,15.9475,21.8875,19.8744,54.3025,0,56.25,79.8082,0.0513,1365.4659,1361.1841,1363.325,0.0031,0.681,0.9601,1363.6543,1,2399895,21287.75,1,0.7143,-1,-0.3361,0.4566,1
2026-05-26 10:03:00,1364.5,1365.1,1363.9,1364.5,36111,1364.308,1363.73,1363.6191,1,0.5036,0.3339,0.1697,1,15.5227,22.1605,18.1311,56.9294,0,67.7419,72.7592,0.0733,1365.5586,1361.3414,1363.45,0.0031,0.749,0.9772,1363.7892,1,2436006,22189.05,1,0.0,1,-0.3069,0.486,1
2026-05-26 10:04:00,1365.0,1365.5,1364.3,1365.3,14419,1364.5064,1363.8727,1363.685,1,0.5602,0.3792,0.181,1,15.5943,23.1248,16.5662,61.6747,0,93.5484,72.5134,0.132,1365.76,1361.47,1363.615,0.0031,0.8928,0.9931,1363.8793,1,2450425,22228.15,0,0.25,1,-0.2484,0.545,0
2026-05-26 10:05:00,1365.3,1365.4,1364.5,1364.7,23753,1364.5451,1363.9479,1363.7248,1,0.5503,0.4134,0.1369,1,15.6607,21.6178,15.4866,56.6349,0,74.1935,78.4946,0.1027,1365.8556,1361.5944,1363.725,0.0031,0.7288,0.9865,1363.9803,1,2426672,22692.2,0,0.6667,-1,-0.2922,0.5008,1
2026-05-26 10:06:00,1364.5,1365.5,1364.3,1365.2,26945,1364.6761,1364.0617,1363.7827,1,0.5761,0.446,0.1302,1,15.3866,19.768,15.5876,59.5978,0,90.3226,86.0215,0.1541,1365.9969,1361.7331,1363.865,0.0031,0.8131,1.0017,1364.092,1,2453617,23279.75,0,0.5833,1,-0.2557,0.5376,1
2026-05-26 10:07:00,1365.0,1366.6,1365.0,1366.6,27055,1365.0609,1364.2925,1363.8932,1,0.7015,0.4971,0.2045,1,16.3467,25.1277,13.882,66.4996,-1,100.0,88.172,0.2862,1366.4153,1361.7247,1364.07,0.0034,1.0394,1.0444,1364.2212,1,2480672,24357.2,0,1.0,1,-0.1534,0.6407,0
2026-05-26 10:08:00,1366.6,1367.0,1365.9,1366.3,27709,1365.3087,1364.475,1363.9875,1,0.7678,0.5512,0.2166,1,17.5952,25.9698,12.8416,63.9775,0,84.7826,91.7017,0.0659,1366.6702,1361.8598,1364.265,0.0035,0.923,1.0484,1364.4286,1,2452963,24559.0,0,0.2727,-1,-0.1753,0.6186,1
2026-05-26 10:09:00,1366.7,1366.8,1365.6,1366.4,43958,1365.527,1364.65,1364.0822,1,0.819,0.6048,0.2142,1,18.2415,23.8683,13.8255,64.4614,0,86.6667,90.4831,0.1026,1366.8934,1362.0266,1364.46,0.0036,0.8986,1.0592,1364.6117,1,2496921,26344.25,1,0.25,-1,-0.168,0.626,1
2026-05-26 10:10:00,1366.4,1366.9,1365.8,1366.6,18889,1365.7416,1364.8273,1364.1809,1,0.8657,0.657,0.2087,1,18.9407,22.7752,12.8028,65.4606,-1,91.1111,87.5201,0.1099,1367.1283,1362.1717,1364.65,0.0036,0.8934,1.0622,1364.7047,1,2515810,26843.6,0,0.1818,1,-0.1534,0.6407,0
2026-05-26 10:11:00,1366.6,1366.8,1365.8,1365.8,14061,1365.7533,1364.9157,1364.2444,1,0.8286,0.6913,0.1373,1,19.5899,21.2371,11.9382,58.3887,0,72.7273,83.5017,0.0366,1367.1949,1362.3851,1364.79,0.0035,0.71,1.0577,1364.8007,1,2501749,26683.2,0,0.8,-1,-0.2119,0.5818,0
2026-05-26 10:12:00,1366.5,1366.6,1365.2,1365.7,53970,1365.7426,1364.987,1364.3015,1,0.7821,0.7095,0.0727,1,19.1297,19.2746,14.7953,57.5517,0,58.0645,73.9676,0.1173,1367.2523,1362.5577,1364.905,0.0034,0.6693,1.0822,1364.9385,1,2447779,28627.0,1,0.5714,-1,-0.2192,0.5744,0
2026-05-26 10:13:00,1365.8,1366.5,1365.3,1365.3,55774,1365.6541,1365.0154,1364.3406,1,0.7049,0.7086,-0.0036,-1,18.7024,17.7598,13.6325,54.2046,0,45.1613,58.651,0.0586,1367.2564,1362.7336,1364.995,0.0033,0.5674,1.0906,1365.0424,1,2392005,30692.05,1,0.4167,-1,-0.2484,0.545,1
2026-05-26 10:14:00,1365.7,1366.2,1365.1,1365.9,14952,1365.7033,1365.0959,1364.4018,1,0.6842,0.7037,-0.0195,-1,17.9581,16.481,13.96,58.1375,0,64.5161,55.914,0.0439,1367.2997,1362.9303,1365.115,0.0032,0.6797,1.0913,1365.1274,1,2406957,29997.25,0,0.1818,1,-0.2046,0.5891,0
2026-05-26 10:15:00,1365.8,1366.2,1365.3,1365.4,19450,1365.6426,1365.1235,1364.4409,1,0.6203,0.687,-0.0667,-1,17.2669,15.4978,13.1272,53.9774,0,48.3871,52.6882,0.0513,1367.2415,1363.1985,1365.22,0.003,0.5445,1.0776,1365.2503,1,2387507,29474.4,0,0.4444,-1,-0.2411,0.5523,1
2026-05-26 10:16:00,1365.5,1366.1,1365.0,1365.7,23428,1365.6541,1365.1759,1364.4903,1,0.5872,0.667,-0.0799,-1,16.0867,14.3695,14.1571,56.0113,0,58.0645,56.9892,0.0366,1367.1293,1363.5707,1365.35,0.0026,0.5984,1.0792,1365.3118,1,2410935,29998.65,0,0.1818,1,-0.2192,0.5744,0
2026-05-26 10:17:00,1365.7,1366.0,1365.0,1365.0,25064,1365.5233,1365.1599,1364.5103,1,0.4986,0.6334,-0.1347,-1,14.9908,13.4134,13.2151,50.413,0,25.9259,44.1258,-0.1171,1366.7815,1364.1485,1365.465,0.0019,0.3234,1.0735,1365.331,-1,2385871,31024.9,0,0.7,-1,-0.2703,0.5229,1
2026-05-26 10:18:00,1365.5,1367.4,1365.0,1367.0,47974,1365.8186,1365.3272,1364.6079,1,0.5831,0.6233,-0.0402,-1,15.9132,20.0048,11.276,62.076,0,87.0968,57.0291,0.0512,1367.0208,1364.0692,1365.545,0.0022,0.993,1.1683,1365.5368,1,2433845,29416.35,1,0.625,1,-0.1242,0.6702,0
2026-05-26 10:19:00,1367.0,1367.2,1366.2,1366.5,83645,1365.9549,1365.4338,1364.6821,1,0.6028,0.6192,-0.0164,-1,16.7698,18.769,10.5794,58.3792,0,70.9677,61.3301,0.0073,1367.1294,1364.1106,1365.62,0.0022,0.7915,1.1563,1365.6871,1,2350200,32709.45,1,0.5,-1,-0.1607,0.6333,1
2026-05-26 10:20:00,1366.5,1367.3,1366.5,1366.9,21815,1366.1439,1365.5671,1364.7691,1,0.6432,0.624,0.0192,1,17.6792,18.4522,10.0448,60.4104,0,79.1667,79.0771,0.022,1367.2973,1364.1227,1365.71,0.0023,0.8748,1.1308,1365.7391,1,2372015,33083.95,0,0.5,1,-0.1315,0.6628,0
2026-05-26 10:21:00,1366.8,1366.8,1366.0,1366.3,18531,1366.1751,1365.6337,1364.8291,1,0.6197,0.6232,-0.0034,-1,17.5374,17.3877,12.6703,55.9959,0,54.1667,68.1004,0.0366,1367.3555,1364.1645,1365.76,0.0023,0.6692,1.1143,1365.7742,1,2353484,32875.4,0,0.625,-1,-0.1753,0.6186,1
2026-05-26 10:22:00,1366.5,1366.6,1365.7,1366.5,15168,1366.2401,1365.7125,1364.8947,1,0.6102,0.6206,-0.0104,-1,16.8731,16.3706,13.879,57.1207,0,62.5,65.2778,0.0586,1367.3105,1364.4495,1365.88,0.0021,0.7167,1.099,1365.9275,1,2368652,30633.55,0,0.0,1,-0.1607,0.6333,1
2026-05-26 10:23:00,1366.5,1366.8,1366.4,1366.8,12183,1366.3521,1365.8114,1364.9694,1,0.6197,0.6204,-0.0007,-1,16.5461,17.2865,13.501,58.8211,0,75.0,63.8889,0.1099,1367.3299,1364.6601,1365.995,0.002,0.8015,1.0491,1366.0304,1,2380835,29437.15,0,0.75,1,-0.1388,0.6554,1
2026-05-26 10:24:00,1366.8,1367.0,1366.1,1367.0,13475,1366.4817,1365.9194,1365.049,1,0.6361,0.6235,0.0125,1,15.7076,16.2163,14.7288,59.961,0,83.3333,73.6111,0.0805,1367.4432,1364.7168,1366.08,0.002,0.8374,1.0384,1366.0702,1,2394310,29389.95,0,0.2222,1,-0.1242,0.6702,0
2026-05-26 10:25:00,1367.0,1367.0,1366.0,1366.8,12008,1366.5453,1365.9995,1365.1177,1,0.6257,0.624,0.0017,1,14.754,15.0979,14.4026,58.2252,0,75.0,77.7778,0.1025,1367.4248,1364.9452,1366.185,0.0018,0.748,1.0357,1366.1309,1,2382302,28802.7,0,0.2,-1,-0.1388,0.6554,0
2026-05-26 10:26:00,1366.6,1366.9,1366.5,1366.7,15482,1366.5763,1366.0631,1365.1797,1,0.6024,0.6197,-0.0172,-1,13.8685,14.6623,13.9871,57.3316,0,70.8333,76.3889,0.0732,1367.432,1365.088,1366.26,0.0017,0.6877,0.9903,1366.2005,1,2366820,28229.55,0,0.25,1,-0.1461,0.6481,0
2026-05-26 10:27:00,1366.3,1367.1,1366.2,1366.5,23608,1366.561,1366.1029,1365.2315,1,0.5614,0.608,-0.0466,-1,13.2595,13.7043,15.2512,55.497,0,62.5,69.4444,0.1099,1367.422,1365.088,1366.255,0.0017,0.605,0.9838,1366.2237,1,2343212,28057.2,0,0.2222,1,-0.1607,0.6333,1
2026-05-26 10:28:00,1367.1,1367.4,1366.4,1367.0,10197,1366.6488,1366.1844,1365.3009,1,0.5627,0.599,-0.0362,-1,12.4947,14.886,14.1452,59.0269,0,83.3333,72.2222,0.0,1367.5014,1365.0786,1366.29,0.0018,0.793,0.985,1366.228,1,2353409,27181.6,0,0.1,-1,-0.1242,0.6702,0
2026-05-26 10:29:00,1367.2,1367.3,1366.3,1366.6,11044,1366.639,1366.2222,1365.3518,1,0.5255,0.5843,-0.0588,-1,11.6118,13.8077,13.845,55.2513,0,66.6667,70.8333,0.0073,1367.5182,1365.0818,1366.3,0.0018,0.6231,0.9861,1366.2356,1,2342365,25535.9,0,0.6,-1,-0.1534,0.6407,0
2026-05-26 10:30:00,1367.0,1367.3,1366.3,1366.3,18532,1366.5712,1366.2293,1365.389,1,0.4663,0.5607,-0.0943,-1,10.792,12.8085,12.8431,52.537,0,54.1667,68.0556,-0.0439,1367.4954,1365.0746,1366.285,0.0018,0.5062,0.9871,1366.2428,1,2323833,25518.05,0,0.7,-1,-0.1753,0.6186,1
2026-05-26 10:31:00,1366.3,1367.2,1366.3,1367.0,18192,1366.657,1366.2993,1365.4522,1,0.4705,0.5426,-0.0721,-1,10.0308,11.969,12.0013,57.7523,0,83.3333,68.0556,0.0512,1367.5722,1365.1178,1366.345,0.0018,0.7669,0.9808,1366.2666,1,2342025,25724.6,0,0.7778,1,-0.1242,0.6702,1
2026-05-26 10:32:00,1367.2,1367.3,1367.0,1367.3,5480,1366.7856,1366.3903,1365.5246,1,0.4924,0.5326,-0.0402,-1,9.5313,12.4601,11.7254,59.7914,0,94.1176,77.2059,0.0585,1367.6818,1365.1682,1366.425,0.0018,0.8481,0.9322,1366.3278,1,2347505,23300.1,0,0.3333,1,-0.1023,0.6922,0
2026-05-26 10:33:00,1367.3,1367.3,1366.6,1367.1,8950,1366.8485,1366.4548,1365.5864,1,0.488,0.5237,-0.0357,-1,9.5173,11.7797,14.2056,57.7889,0,82.3529,86.6013,0.0219,1367.6919,1365.3381,1366.515,0.0017,0.7485,0.9156,1366.4257,1,2338555,20958.9,0,0.2857,-1,-0.1169,0.6775,1
2026-05-26 10:34:00,1367.1,1367.4,1367.0,1367.3,10503,1366.9388,1366.5317,1365.6536,1,0.4949,0.5179,-0.023,-1,9.2597,12.2095,13.7437,59.2584,0,94.1176,90.1961,0.0219,1367.7737,1365.3963,1366.585,0.0017,0.8007,0.8788,1366.4711,1,2349058,20736.45,0,0.5,1,-0.1023,0.6922,1
2026-05-26 10:35:00,1367.3,1368.1,1367.2,1367.5,48069,1367.051,1366.6197,1365.726,1,0.5106,0.5165,-0.0058,-1,9.621,16.9977,12.7401,60.7306,0,75.0,83.8235,0.0512,1367.8105,1365.5695,1366.69,0.0016,0.8614,0.8803,1366.6303,1,2397127,22167.4,1,0.2222,1,-0.0877,0.707,1
2026-05-26 10:36:00,1368.0,1368.1,1367.4,1367.8,21160,1367.2008,1366.727,1365.8073,1,0.5411,0.5214,0.0197,1,9.9565,16.0179,12.0057,62.8965,0,85.7143,84.944,0.0805,1367.9183,1365.6717,1366.795,0.0016,0.9473,0.8674,1366.7395,1,2418287,22054.0,0,0.2857,-1,-0.0658,0.7291,1
2026-05-26 10:37:00,1368.1,1368.2,1368.0,1368.2,13674,1367.4007,1366.8609,1365.9012,1,0.5907,0.5352,0.0554,1,10.4557,16.3256,11.5944,65.6193,-1,100.0,86.9048,0.1244,1367.9089,1366.0011,1366.955,0.0014,1.1526,0.834,1366.8659,1,2431961,21484.5,0,0.5,1,-0.0365,0.7585,0
2026-05-26 10:38:00,1368.1,1368.5,1367.8,1367.8,10775,1367.4805,1366.9463,1365.9756,1,0.5909,0.5464,0.0445,1,11.4541,17.9346,10.8913,60.8133,0,72.0,85.9048,0.0585,1368.0177,1365.9723,1366.995,0.0015,0.8936,0.8245,1366.9467,1,2421186,19624.55,0,0.4286,-1,-0.0658,0.7291,1
2026-05-26 10:39:00,1368.1,1368.1,1367.6,1368.0,6261,1367.5844,1367.0421,1366.055,1,0.6003,0.5571,0.0431,1,11.8409,17.1353,12.1887,62.3001,0,78.2609,83.4203,0.1024,1368.1546,1365.9854,1367.07,0.0016,0.9287,0.8013,1367.0488,1,2427447,15755.35,0,0.2,-1,-0.0511,0.7438,0
2026-05-26 10:40:00,1368.0,1368.0,1367.9,1367.9,9388,1367.6475,1367.1201,1366.1274,1,0.5928,0.5643,0.0285,1,12.2,16.9724,12.0728,61.0528,0,73.913,74.7246,0.1171,1368.2595,1365.9805,1367.12,0.0017,0.8423,0.7512,1367.087,1,2418059,15134.0,0,1.0,-1,-0.0584,0.7364,0
2026-05-26 10:41:00,1367.9,1367.9,1367.0,1367.0,9763,1367.518,1367.1091,1366.1616,1,0.5084,0.5531,-0.0447,-1,12.1344,15.5402,19.4924,51.1309,0,31.8182,61.3307,0.0,1368.2329,1366.0771,1367.155,0.0016,0.4281,0.7618,1367.1395,-1,2408296,14695.6,0,1.0,-1,-0.1242,0.6702,1
2026-05-26 10:42:00,1367.0,1367.4,1367.0,1367.3,26215,1367.4744,1367.1265,1366.2062,1,0.4604,0.5346,-0.0741,-1,12.0735,14.9369,18.7357,53.8247,0,45.4545,50.3953,0.0,1368.2313,1366.1587,1367.195,0.0015,0.5507,0.736,1367.191,1,2434511,15247.95,1,0.75,1,-0.1023,0.6922,0
2026-05-26 10:43:00,1367.3,1367.3,1366.6,1366.9,11572,1367.3595,1367.1059,1366.2334,1,0.3857,0.5048,-0.1191,-1,12.7168,13.9186,21.3541,49.8769,0,27.2727,34.8485,-0.0146,1368.2296,1366.1704,1367.2,0.0015,0.3543,0.7334,1367.2022,-1,2422939,15217.4,0,0.5714,-1,-0.1315,0.6628,0
2026-05-26 10:44:00,1367.0,1367.0,1366.0,1366.3,5194,1367.1476,1367.0326,1366.2361,1,0.2748,0.4588,-0.184,-1,14.1677,12.5973,25.0226,44.5935,0,12.0,28.2424,-0.0731,1368.2646,1366.0654,1367.165,0.0016,0.1067,0.7525,1367.2115,-1,2417745,14803.35,0,0.7,-1,-0.1753,0.6186,0
2026-05-26 10:45:00,1366.0,1366.3,1365.0,1365.2,14853,1366.7581,1366.866,1366.1954,-1,0.0971,0.3865,-0.2893,-1,16.537,11.1195,31.111,36.8803,0,5.7143,14.9957,-0.1682,1368.4739,1365.6961,1367.085,0.002,-0.1786,0.7916,1367.1511,-1,2402892,14945.6,0,0.6154,-1,-0.2557,0.5376,0
2026-05-26 10:46:00,1365.6,1365.6,1364.5,1364.5,13342,1366.3065,1366.6509,1366.1289,-1,-0.099,0.2894,-0.3884,-1,19.1253,10.0457,32.4962,32.9719,1,0.0,5.9048,-0.2413,1368.7604,1365.1896,1366.975,0.0026,-0.1931,0.8136,1367.0719,-1,2389550,14838.6,0,1.0,-1,-0.3069,0.486,0
2026-05-26 10:47:00,1364.6,1364.6,1363.5,1363.8,21614,1365.8052,1366.3918,1366.0376,-1,-0.3075,0.17,-0.4775,-1,22.1421,9.0993,37.999,29.5944,1,6.0,3.9048,-0.3216,1369.0951,1364.5849,1366.84,0.0033,-0.174,0.8341,1366.882,-1,2367936,14738.9,0,0.7273,-1,-0.358,0.4345,1
2026-05-26 10:48:00,1363.9,1364.0,1363.5,1364.0,10869,1365.4441,1366.1743,1365.9577,-1,-0.4513,0.0457,-0.497,-1,24.9434,8.6982,36.3239,31.7457,1,10.0,5.3333,-0.2778,1369.2597,1364.1203,1366.69,0.0038,-0.0234,0.8102,1366.7681,-1,2378805,14772.5,0,0.2,1,-0.3434,0.4492,0
2026-05-26 10:49:00,1364.0,1364.0,1363.5,1363.5,6073,1365.0553,1365.9312,1365.8613,-1,-0.5987,-0.0832,-0.5156,-1,27.5446,8.304,34.6777,29.3326,1,0.0,5.3333,-0.3289,1369.4575,1363.6125,1366.535,0.0043,-0.0192,0.788,1366.7045,-1,2372732,14523.95,0,1.0,-1,-0.3799,0.4124,1
2026-05-26 10:50:00,1363.8,1363.8,1363.5,1363.6,6733,1364.7643,1365.7193,1365.7726,-1,-0.6994,-0.2064,-0.493,-1,29.96,8.0678,33.6911,30.4709,1,2.0,4.0,-0.3144,1369.5906,1363.2094,1366.4,0.0047,0.0612,0.7532,1366.6351,-1,2379465,13934.0,0,0.6667,-1,-0.3726,0.4198,1
2026-05-26 10:51:00,1363.6,1364.0,1363.6,1364.0,8539,1364.6114,1365.563,1365.7031,-1,-0.7384,-0.3128,-0.4256,-1,31.6654,9.7136,32.3687,34.9824,1,10.0,4.0,-0.2195,1369.5922,1362.9078,1366.25,0.0049,0.1634,0.7279,1366.5338,-1,2388004,13451.35,0,1.0,1,-0.3434,0.4492,0
2026-05-26 10:52:00,1364.0,1364.0,1363.6,1363.8,2604,1364.4491,1365.4027,1365.6285,-1,-0.7766,-0.4056,-0.371,-1,33.2489,9.3196,31.056,33.8015,1,6.5217,6.1739,-0.256,1369.5431,1362.6069,1366.075,0.0051,0.172,0.7045,1366.4933,-1,2385400,13307.55,0,0.5,-1,-0.358,0.4345,1
2026-05-26 10:53:00,1363.9,1365.0,1363.7,1364.7,21736,1364.4993,1365.3388,1365.5921,-1,-0.7258,-0.4696,-0.2562,-1,32.3804,17.7226,27.1959,43.109,0,26.6667,14.3961,-0.1609,1369.4389,1362.4711,1365.955,0.0051,0.3199,0.7471,1366.3192,-1,2407136,13946.85,1,0.6154,1,-0.2922,0.5008,0
2026-05-26 10:54:00,1364.7,1365.2,1364.3,1364.7,36690,1364.5394,1365.2808,1365.5571,-1,-0.6777,-0.5112,-0.1665,-1,31.1948,18.1042,24.8893,43.109,0,27.2727,20.1537,-0.1171,1369.2925,1362.3575,1365.825,0.0051,0.3378,0.758,1366.097,-1,2443826,15256.2,1,0.0,1,-0.2922,0.5008,0
2026-05-26 10:55:00,1364.7,1364.7,1363.6,1364.1,24711,1364.4516,1365.1734,1365.5,-1,-0.6802,-0.545,-0.1352,-1,30.9469,16.2861,28.7804,38.8822,0,15.3846,23.108,-0.0806,1369.1107,1362.1993,1365.655,0.0051,0.275,0.7824,1365.6684,-1,2419115,14088.3,1,0.5455,-1,-0.3361,0.4566,0
2026-05-26 10:56:00,1364.1,1364.9,1363.3,1363.3,55659,1364.2212,1365.0031,1365.4137,-1,-0.7382,-0.5837,-0.1546,-1,31.0338,14.0725,27.417,34.0836,1,0.0,14.2191,-0.0879,1368.8838,1361.9762,1365.43,0.0051,0.1916,0.8408,1365.205,-1,2363456,15813.25,1,0.5,-1,-0.3945,0.3977,1
2026-05-26 10:57:00,1363.9,1364.4,1363.7,1364.3,3600,1364.237,1364.9392,1365.37,-1,-0.6955,-0.606,-0.0895,-1,31.1145,12.7858,24.9102,43.4744,0,27.027,14.1372,0.0367,1368.4749,1361.9951,1365.235,0.0047,0.3557,0.8593,1365.0617,-1,2367056,15309.55,0,0.5714,1,-0.3215,0.4713,0
2026-05-26 10:58:00,1364.3,1364.4,1363.4,1363.6,6011,1364.1096,1364.8174,1365.3006,-1,-0.7099,-0.6268,-0.0831,-1,31.5117,11.7353,25.3284,39.2582,0,10.0,12.3423,-0.0293,1368.1136,1361.9364,1365.025,0.0045,0.2693,0.8694,1364.9303,-1,2361045,15071.35,0,0.7,-1,-0.3726,0.4198,0
2026-05-26 10:59:00,1363.9,1363.9,1363.5,1363.5,2764,1363.9877,1364.6977,1365.23,-1,-0.7211,-0.6457,-0.0754,-1,31.8805,11.3341,24.4626,38.6811,0,8.6957,15.2409,0.0,1367.6341,1361.9659,1364.8,0.0042,0.2706,0.8358,1364.8558,-1,2358281,14896.5,0,1.0,-1,-0.3799,0.4124,0
2026-05-26 11:00:00,1363.3,1363.8,1363.1,1363.2,6344,1363.8301,1364.5615,1365.1504,-1,-0.7456,-0.6657,-0.0799,-1,32.6448,10.6482,26.4405,36.9272,0,4.7619,7.8192,-0.0293,1367.095,1362.035,1364.565,0.0037,0.2302,0.8261,1364.7258,-1,2351937,14744.3,0,0.1429,-1,-0.4018,0.3903,0
2026-05-26 11:01:00,1363.3,1363.5,1362.2,1363.0,34909,1363.6641,1364.4196,1365.0661,-1,-0.7722,-0.687,-0.0853,-1,34.1103,9.4984,31.0607,35.763,0,26.6667,13.3747,-0.0733,1366.7198,1362.0102,1364.365,0.0035,0.2102,0.86,1364.4481,-1,2317028,16001.6,1,0.2308,-1,-0.4165,0.3756,0
2026-05-26 11:02:00,1363.0,1363.4,1362.5,1362.8,31691,1363.4913,1364.2723,1364.9772,-1,-0.8003,-0.7096,-0.0906,-1,35.4712,8.7908,28.7466,34.5886,1,20.0,17.1429,-0.0733,1366.1672,1362.1128,1364.14,0.003,0.1695,0.8628,1364.0731,-1,2285337,16275.4,1,0.2222,-1,-0.4311,0.3609,0
2026-05-26 11:03:00,1362.5,1363.1,1362.5,1362.6,6235,1363.313,1364.1203,1364.884,-1,-0.8291,-0.7335,-0.0955,-1,36.7349,8.3444,27.287,33.4072,1,13.3333,20.0,-0.1539,1365.6207,1362.2293,1363.925,0.0025,0.1093,0.8441,1363.9436,-1,2279102,16008.55,0,0.1667,1,-0.4457,0.3461,1
2026-05-26 11:04:00,1362.6,1363.0,1362.6,1362.7,2783,1363.1904,1363.9912,1364.7983,-1,-0.8342,-0.7537,-0.0805,-1,37.9083,8.0509,26.3273,34.6099,1,16.6667,16.6667,-0.1466,1365.1299,1362.3601,1363.745,0.002,0.1227,0.8124,1363.8926,-1,2281885,15888.0,0,0.25,1,-0.4384,0.3535,0
2026-05-26 11:05:00,1362.7,1362.9,1362.0,1362.0,10215,1362.9523,1363.8102,1364.6886,-1,-0.8846,-0.7798,-0.1047,-1,39.4724,7.4187,29.4951,30.4627,1,0.0,10.0,-0.1539,1364.9996,1362.1704,1363.585,0.0021,-0.0602,0.8186,1363.7644,-1,2271670,15656.1,0,0.7778,-1,-0.4895,0.3019,0
2026-05-26 11:06:00,1362.0,1362.5,1361.7,1361.8,22938,1362.7219,1363.6274,1364.5753,-1,-0.9299,-0.8098,-0.12,-1,41.1284,6.9,30.0548,29.3795,1,2.8571,6.5079,-0.11,1364.9985,1361.9015,1363.45,0.0023,-0.0328,0.8173,1363.5934,-1,2248732,16135.9,0,0.25,-1,-0.5041,0.2872,1
2026-05-26 11:07:00,1361.8,1362.7,1361.7,1362.3,7660,1362.6375,1363.5067,1364.4861,-1,-0.9149,-0.8309,-0.0841,-1,42.103,8.0269,27.4694,35.5496,0,17.1429,6.6667,-0.1466,1364.9923,1361.7577,1363.375,0.0024,0.1676,0.8303,1363.5336,-1,2256392,15438.2,0,0.5,1,-0.4676,0.324,1
2026-05-26 11:08:00,1362.8,1362.9,1362.4,1362.5,3504,1362.61,1363.4152,1364.4082,-1,-0.8768,-0.84,-0.0368,-1,42.4596,9.3595,26.0229,37.8873,0,25.0,15.0,-0.0807,1364.9334,1361.6666,1363.3,0.0024,0.2551,0.8139,1363.5119,-1,2259896,15069.95,0,0.6,-1,-0.453,0.3388,1
2026-05-26 11:09:00,1362.9,1363.0,1362.5,1362.9,2328,1362.668,1363.3684,1364.349,-1,-0.805,-0.833,0.028,1,42.5174,9.8396,24.8486,42.3881,0,37.5,26.5476,-0.044,1364.9096,1361.6304,1363.27,0.0024,0.3872,0.7915,1363.5032,-1,2262224,14882.7,0,0.0,1,-0.4238,0.3682,0
2026-05-26 11:10:00,1362.9,1362.9,1362.5,1362.5,6235,1362.6344,1363.2894,1364.2765,-1,-0.7716,-0.8207,0.0492,1,42.571,9.4714,23.9188,39.3197,0,29.6296,30.7099,-0.0513,1364.8803,1361.5497,1363.215,0.0024,0.2853,0.7635,1363.482,-1,2255989,14857.8,0,1.0,-1,-0.453,0.3388,1
2026-05-26 11:11:00,1362.6,1363.5,1362.6,1363.2,22553,1362.7475,1363.2813,1364.2343,-1,-0.6807,-0.7927,0.112,1,41.0521,14.0962,21.7295,46.6041,0,55.5556,40.8951,0.0147,1364.8009,1361.5491,1363.175,0.0024,0.5077,0.7804,1363.4437,-1,2278542,15558.5,0,0.6667,1,-0.4018,0.3903,0
2026-05-26 11:12:00,1363.0,1363.2,1362.6,1363.1,6441,1362.818,1363.2648,1364.1898,-1,-0.6097,-0.7561,0.1464,1,39.6418,13.3091,20.5161,45.759,0,63.6364,49.6072,0.022,1364.7405,1361.5395,1363.14,0.0023,0.4875,0.7675,1363.431,-1,2272101,15750.35,0,0.1667,1,-0.4091,0.3829,0
2026-05-26 11:13:00,1363.1,1363.2,1362.6,1363.0,3145,1362.8544,1363.2408,1364.1432,-1,-0.5551,-0.7159,0.1608,1,38.3321,12.5542,19.3524,44.8825,0,61.9048,60.3656,0.0294,1364.4867,1361.6233,1363.055,0.0021,0.4808,0.7555,1363.3498,-1,2268956,14820.8,0,0.1667,-1,-0.4165,0.3756,0
2026-05-26 11:14:00,1363.0,1363.0,1362.2,1362.2,20685,1362.7235,1363.1461,1364.067,-1,-0.5699,-0.6867,0.1169,1,37.7522,11.6087,21.6606,38.525,0,27.7778,51.1063,-0.0367,1364.1919,1361.6681,1362.93,0.0019,0.2108,0.7587,1363.1037,-1,2248271,14020.55,0,1.0,-1,-0.4749,0.3167,1
2026-05-26 11:15:00,1362.2,1362.5,1361.4,1362.3,32984,1362.6388,1363.0692,1363.9977,-1,-0.5669,-0.6628,0.0958,1,38.1908,10.4439,26.7844,39.6753,0,42.8571,44.1799,0.022,1364.0086,1361.6714,1362.84,0.0017,0.269,0.7831,1362.897,-1,2281255,14434.2,1,0.0909,1,-0.4676,0.324,1
2026-05-26 11:16:00,1362.0,1362.5,1361.7,1362.5,4394,1362.6111,1363.0175,1363.9389,-1,-0.5422,-0.6387,0.0964,1,38.5981,9.683,24.8329,42.0122,0,52.381,41.0053,0.0514,1363.9576,1361.6424,1362.8,0.0017,0.3704,0.7843,1362.6653,-1,2285649,11870.95,0,0.625,1,-0.453,0.3388,0
2026-05-26 11:17:00,1362.5,1362.6,1362.0,1362.1,8709,1362.5088,1362.9341,1363.8668,-1,-0.5486,-0.6206,0.072,1,38.6923,10.0711,23.4528,38.7767,0,33.3333,42.8571,-0.0147,1363.6593,1361.7207,1362.69,0.0014,0.1957,0.7711,1362.6279,-1,2276940,12126.4,0,0.6667,-1,-0.4822,0.3093,0
2026-05-26 11:18:00,1361.6,1362.0,1361.5,1361.7,10964,1362.3471,1362.8219,1363.7819,-1,-0.5792,-0.6124,0.0331,1,39.3356,9.5024,26.8343,35.807,0,14.2857,33.3333,-0.0587,1363.5614,1361.6286,1362.595,0.0014,0.0369,0.7589,1362.5598,-1,2265976,12374.05,0,0.2,1,-0.5114,0.2798,1
2026-05-26 11:19:00,1361.7,1362.4,1361.6,1362.4,10595,1362.3577,1362.7835,1363.7277,-1,-0.5408,-0.598,0.0572,1,38.8739,12.5399,24.8216,43.9036,0,47.619,31.746,-0.0367,1363.415,1361.665,1362.54,0.0013,0.42,0.7618,1362.5305,-1,2276571,12765.6,0,0.875,1,-0.4603,0.3314,0
2026-05-26 11:20:00,1362.4,1362.4,1362.0,1362.2,3352,1362.3261,1362.7305,1363.6678,-1,-0.5205,-0.5825,0.062,1,38.4453,12.0531,23.858,42.2634,0,38.0952,33.3333,-0.022,1363.3216,1361.6584,1362.49,0.0012,0.3256,0.736,1362.5051,-1,2273219,12616.0,0,0.5,-1,-0.4749,0.3167,0
2026-05-26 11:21:00,1362.2,1362.4,1361.7,1361.7,7982,1362.2009,1362.6368,1363.5906,-1,-0.5385,-0.5737,0.0352,1,38.4322,11.2314,25.1533,38.401,0,14.2857,33.3333,-0.11,1363.2896,1361.5604,1362.425,0.0013,0.0807,0.7334,1362.4237,-1,2265237,11269.65,0,0.7143,-1,-0.5114,0.2798,0
2026-05-26 11:22:00,1361.6,1361.8,1361.0,1361.0,10821,1361.9607,1362.488,1363.489,-1,-0.6024,-0.5795,-0.0229,-1,39.1605,10.362,29.9795,33.7505,1,0.0,17.4603,-0.1541,1363.3805,1361.2895,1362.335,0.0015,-0.1384,0.7382,1362.2887,-1,2254416,10226.15,0,0.75,-1,-0.5626,0.2283,0
2026-05-26 11:23:00,1361.5,1361.5,1360.7,1361.0,22006,1361.7686,1362.3527,1363.3914,-1,-0.6455,-0.5927,-0.0528,-1,40.1007,9.5647,30.5582,33.7505,1,10.7143,8.3333,-0.1467,1363.4424,1361.0676,1362.255,0.0017,-0.0285,0.7426,1362.154,-1,2276422,11014.7,1,0.625,-1,-0.5626,0.2283,1
2026-05-26 11:24:00,1361.5,1361.5,1360.9,1361.2,9344,1361.6549,1362.2479,1363.3055,-1,-0.656,-0.6053,-0.0507,-1,40.9738,9.005,28.7701,36.3065,0,17.8571,9.5238,-0.0734,1363.4332,1360.9268,1362.18,0.0018,0.109,0.7324,1362.1072,-1,2285766,11342.75,0,0.5,-1,-0.548,0.243,0
2026-05-26 11:25:00,1361.3,1361.3,1360.5,1361.0,16630,1361.5239,1362.1345,1363.215,-1,-0.6727,-0.6188,-0.0539,-1,42.1253,8.307,30.4156,34.8582,1,18.5185,15.6966,-0.0954,1363.4837,1360.7763,1362.13,0.002,0.0826,0.7372,1362.0151,-1,2269136,11663.5,0,0.375,-1,-0.5626,0.2283,0
2026-05-26 11:26:00,1361.0,1361.1,1360.6,1360.8,3175,1361.3791,1362.0132,1363.1203,-1,-0.6941,-0.6339,-0.0602,-1,43.1945,7.8951,28.9075,33.4224,1,11.1111,15.8289,-0.1248,1363.5478,1360.6122,1362.08,0.0022,0.064,0.7203,1361.9991,-1,2265961,10675.35,0,0.4,-1,-0.5772,0.2136,1
2026-05-26 11:27:00,1360.9,1361.7,1360.9,1361.0,13071,1361.3033,1361.9211,1363.0372,-1,-0.687,-0.6445,-0.0425,-1,42.5234,13.0486,26.3727,36.2502,0,20.0,16.5432,-0.0808,1363.5516,1360.4784,1362.015,0.0023,0.1697,0.7331,1361.9432,-1,2279032,10945.9,0,0.125,1,-0.5626,0.2283,1
2026-05-26 11:28:00,1361.0,1361.6,1361.0,1361.5,3517,1361.3426,1361.8828,1362.9769,-1,-0.6337,-0.6423,0.0087,1,41.9003,12.2758,24.8108,42.7921,0,47.619,26.2434,-0.0147,1363.5003,1360.4297,1361.965,0.0023,0.3486,0.7236,1361.9235,-1,2282549,10946.55,0,0.8333,1,-0.526,0.2651,0
2026-05-26 11:29:00,1361.5,1361.6,1361.0,1361.3,4530,1361.3341,1361.8298,1362.9111,-1,-0.6006,-0.634,0.0333,1,41.3216,11.5398,23.3232,40.9806,0,38.0952,35.2381,-0.0807,1363.3834,1360.3866,1361.885,0.0022,0.3048,0.7148,1361.9015,-1,2278019,11056.65,0,0.3333,-1,-0.5407,0.2504,0
2026-05-26 11:30:00,1361.0,1361.5,1360.5,1360.6,6578,1361.1873,1361.718,1362.8205,-1,-0.6238,-0.6319,0.0082,1,41.4166,10.4186,25.9151,35.3413,0,4.7619,30.1587,-0.1175,1363.3596,1360.2204,1361.79,0.0023,0.1209,0.7352,1361.8501,-1,2271441,11073.8,0,0.4,-1,-0.5918,0.1988,1
2026-05-26 11:31:00,1360.6,1361.4,1360.5,1360.9,4268,1361.1298,1361.6436,1362.7452,-1,-0.6109,-0.6277,0.0169,1,41.5047,9.5219,23.6847,39.2026,0,21.0526,21.3033,-0.0588,1363.1486,1360.2014,1361.675,0.0022,0.237,0.7469,1361.6921,-1,2275709,10159.55,0,0.3333,1,-0.5699,0.2209,1
2026-05-26 11:32:00,1361.4,1361.8,1360.9,1361.2,3042,1361.1439,1361.6033,1362.6846,-1,-0.5698,-0.6161,0.0463,1,40.462,12.4841,21.6757,42.8764,0,36.8421,20.8855,0.0147,1362.9121,1360.2479,1361.58,0.002,0.3574,0.7579,1361.6451,-1,2278751,9989.6,0,0.2222,-1,-0.548,0.243,1
2026-05-26 11:33:00,1361.8,1361.9,1360.8,1361.9,12924,1361.2951,1361.6303,1362.6538,-1,-0.4754,-0.588,0.1126,1,39.4939,11.2303,19.4987,50.4066,0,73.6842,43.8596,0.0661,1362.6995,1360.3505,1361.525,0.0017,0.6596,0.7823,1361.6188,1,2291675,10478.55,0,0.0909,1,-0.4968,0.2946,0
2026-05-26 11:34:00,1361.3,1362.2,1361.3,1361.4,11423,1361.3161,1361.6093,1362.6047,-1,-0.4358,-0.5576,0.1217,1,37.8009,13.0273,17.9134,45.7658,0,47.3684,52.6316,0.0147,1362.6186,1360.3514,1361.485,0.0017,0.4625,0.7907,1361.5321,-1,2280252,10015.45,0,0.1111,1,-0.5334,0.2578,1
2026-05-26 11:35:00,1361.9,1362.6,1361.4,1362.3,16937,1361.5129,1361.6721,1362.5927,-1,-0.3281,-0.5117,0.1836,1,35.3048,15.15,16.0408,53.9791,0,85.7143,68.9223,0.0955,1362.6186,1360.3514,1361.485,0.0017,0.8595,0.82,1361.4886,1,2297189,9213.1,1,0.3333,1,-0.4676,0.324,0
2026-05-26 11:36:00,1362.4,1362.6,1361.8,1361.9,16686,1361.5903,1361.6928,1362.5655,-1,-0.2718,-0.4637,0.1919,1,32.987,14.0923,14.921,50.3309,0,66.6667,66.5831,0.0808,1362.5085,1360.4015,1361.455,0.0015,0.7112,0.8185,1361.5239,1,2280503,9827.7,1,0.625,-1,-0.4968,0.2946,1
2026-05-26 11:37:00,1361.9,1362.7,1361.9,1362.1,16345,1361.6922,1361.7299,1362.5473,-1,-0.2087,-0.4127,0.204,1,30.6573,13.981,13.8776,52.075,0,72.7273,75.0361,0.0808,1362.5085,1360.4015,1361.455,0.0015,0.8061,0.8172,1361.5504,1,2296848,10209.5,1,0.25,1,-0.4822,0.3093,1
2026-05-26 11:38:00,1362.1,1362.8,1361.8,1362.3,15387,1361.8138,1361.7817,1362.5376,1,-0.1409,-0.3583,0.2174,1,28.6753,12.7782,13.544,53.8213,0,78.2609,72.5516,0.0588,1362.5972,1360.3728,1361.485,0.0016,0.8664,0.8303,1361.5961,1,2312235,10430.65,0,0.2,1,-0.4676,0.324,1
2026-05-26 11:39:00,1362.6,1362.8,1361.8,1362.5,26102,1361.951,1361.847,1362.5361,1,-0.0703,-0.3007,0.2305,1,26.8349,11.6947,12.3956,55.5649,0,86.9565,79.3149,0.0882,1362.6194,1360.3606,1361.49,0.0017,0.9471,0.8424,1361.6604,1,2338337,11206.0,1,0.1,-1,-0.453,0.3388,0
2026-05-26 11:40:00,1362.6,1362.7,1362.0,1362.1,8518,1361.9808,1361.87,1362.519,1,-0.046,-0.2498,0.2038,1,25.126,10.9921,11.6509,51.3859,0,69.5652,78.2609,0.1102,1362.6026,1360.3674,1361.485,0.0016,0.7751,0.8322,1361.6751,1,2329819,11464.3,0,0.7143,-1,-0.4822,0.3093,1
2026-05-26 11:41:00,1362.2,1363.3,1361.9,1362.6,32827,1362.1047,1361.9364,1362.5222,1,0.0134,-0.1971,0.2106,1,24.5696,14.6431,10.3159,55.8553,0,75.0,77.1739,0.1249,1362.7467,1360.3133,1361.53,0.0018,0.9397,0.8728,1361.7864,1,2362646,12706.55,1,0.2857,1,-0.4457,0.3461,1
2026-05-26 11:42:00,1362.9,1363.2,1362.0,1362.7,19580,1362.2237,1362.0058,1362.5292,1,0.0678,-0.1442,0.2119,1,24.053,13.2425,9.3292,56.7124,0,78.5714,74.3789,0.1102,1362.9069,1360.3231,1361.615,0.0019,0.9199,0.8961,1361.8709,1,2382226,13144.5,0,0.1667,-1,-0.4384,0.3535,0
2026-05-26 11:43:00,1362.6,1362.6,1361.7,1361.7,3251,1362.119,1361.978,1362.4966,1,0.0299,-0.1094,0.1392,1,22.715,12.1957,10.9633,46.9044,0,42.8571,65.4762,-0.0147,1362.911,1360.389,1361.65,0.0019,0.5198,0.9036,1361.9451,-1,2378975,12206.75,0,1.0,-1,-0.5114,0.2798,0
2026-05-26 11:44:00,1361.6,1362.0,1361.2,1361.6,3224,1362.0152,1361.9436,1362.4615,1,-0.0082,-0.0891,0.0809,1,21.8805,11.418,14.2495,46.0468,0,39.2857,53.5714,0.0147,1362.9143,1360.4257,1361.67,0.0018,0.4719,0.8962,1361.9697,-1,2375751,11900.75,0,0.0,1,-0.5187,0.2725,1
2026-05-26 11:45:00,1361.6,1362.4,1361.4,1362.4,40685,1362.0921,1361.9851,1362.4591,1,0.0259,-0.0661,0.092,1,20.4653,13.6774,13.123,53.3891,0,64.0,48.7143,0.0073,1362.9832,1360.4968,1361.74,0.0018,0.7654,0.9036,1362.0505,1,2416436,13103.5,1,0.8,1,-0.4603,0.3314,0
2026-05-26 11:46:00,1362.5,1362.6,1361.7,1361.7,34735,1362.0137,1361.9592,1362.4293,1,-0.0035,-0.0536,0.0501,1,19.5691,14.2855,12.1891,47.3209,0,36.0,46.4286,-0.0147,1362.9517,1360.6183,1361.785,0.0017,0.4636,0.9033,1362.0577,-1,2381701,14681.5,1,0.8889,-1,-0.5114,0.2798,1
2026-05-26 11:47:00,1362.3,1362.6,1362.3,1362.5,7080,1362.111,1362.0084,1362.4321,1,0.0373,-0.0354,0.0727,1,18.7369,13.2686,11.3215,53.7858,0,61.9048,53.9683,0.0294,1363.0079,1360.7121,1361.86,0.0017,0.7788,0.9031,1362.1067,1,2388781,14381.95,0,0.6667,1,-0.453,0.3388,0
2026-05-26 11:48:00,1362.5,1362.5,1362.0,1362.4,9593,1362.1688,1362.044,1362.4308,1,0.0609,-0.0162,0.077,1,17.5586,12.7266,13.3099,52.9117,0,57.1429,51.6825,0.0073,1363.0634,1360.7466,1361.905,0.0017,0.7137,0.8743,1362.1219,1,2379188,14685.75,0,0.2,-1,-0.4603,0.3314,0
2026-05-26 11:49:00,1362.5,1362.5,1361.6,1361.9,10243,1362.115,1362.0309,1362.41,1,0.0388,-0.0052,0.0439,1,17.2959,11.7928,15.5944,48.654,0,33.3333,50.7937,-0.044,1363.0598,1360.8102,1361.935,0.0017,0.4844,0.8761,1362.1302,-1,2368945,14971.4,0,0.6667,-1,-0.4968,0.2946,0
2026-05-26 11:50:00,1361.9,1362.4,1361.5,1361.5,5393,1361.992,1361.9826,1362.3743,1,-0.0109,-0.0063,-0.0046,-1,17.2431,10.9292,15.2661,45.4996,0,14.2857,34.9206,-0.044,1362.9487,1361.0113,1361.98,0.0014,0.2522,0.8778,1362.1521,-1,2363552,14912.15,0,0.4444,-1,-0.526,0.2651,1
2026-05-26 11:51:00,1361.6,1362.8,1361.6,1362.1,62565,1362.0136,1361.9933,1362.3636,1,-0.0018,-0.0054,0.0036,1,16.2115,12.9582,13.7049,50.6663,0,42.8571,30.1587,-0.0367,1362.8728,1361.2072,1362.04,0.0012,0.536,0.908,1362.1692,-1,2426117,17827.0,1,0.4167,1,-0.4822,0.3093,1
2026-05-26 11:52:00,1362.3,1363.3,1362.0,1362.9,32296,1362.1909,1362.0757,1362.3846,1,0.0691,0.0095,0.0596,1,15.8601,15.4883,12.3453,56.5772,0,80.9524,46.0317,0.0147,1362.9445,1361.3055,1362.125,0.0012,0.9729,0.936,1362.2233,1,2458413,19289.7,1,0.4615,1,-0.4238,0.3682,0
2026-05-26 11:53:00,1362.9,1363.1,1361.9,1362.9,21744,1362.3327,1362.1506,1362.4048,1,0.1239,0.0324,0.0915,1,15.3058,14.0979,11.9851,56.5772,0,80.9524,68.254,0.0881,1363.0534,1361.2966,1362.175,0.0013,0.9127,0.9548,1362.2685,1,2480157,19730.7,0,0.0,1,-0.4238,0.3682,0
2026-05-26 11:54:00,1363.1,1363.1,1362.0,1362.8,22377,1362.4262,1362.2097,1362.4203,1,0.1574,0.0574,0.1001,1,14.7912,12.9503,11.0095,55.6112,0,76.1905,79.3651,0.0881,1363.0876,1361.4024,1362.245,0.0012,0.8294,0.9652,1362.3065,1,2457780,20278.4,0,0.2727,-1,-0.4311,0.3609,0
2026-05-26 11:55:00,1362.7,1362.8,1362.0,1362.6,3596,1362.4609,1362.2452,1362.4274,1,0.166,0.0791,0.0869,1,14.3132,12.1742,10.3496,53.6388,0,66.6667,74.6032,0.0147,1363.1165,1361.4035,1362.26,0.0013,0.6985,0.9534,1362.3169,1,2454184,19611.35,0,0.125,-1,-0.4457,0.3461,0
2026-05-26 11:56:00,1362.5,1362.7,1362.1,1362.5,8328,1362.4687,1362.2683,1362.4302,1,0.1628,0.0958,0.0669,1,13.8695,11.612,9.8718,52.6336,0,61.9048,68.254,0.0588,1363.1359,1361.4441,1362.29,0.0012,0.6241,0.9282,1362.3289,1,2445856,19193.45,0,0.0,1,-0.453,0.3388,0
2026-05-26 11:57:00,1362.5,1362.6,1362.0,1362.0,18916,1362.375,1362.2439,1362.4133,1,0.1185,0.1004,0.0182,1,13.1706,11.062,10.1936,47.8092,0,38.0952,55.5556,-0.0367,1363.1365,1361.4335,1362.285,0.0013,0.3327,0.9047,1362.3266,-1,2426940,19322.0,0,0.8333,-1,-0.4895,0.3019,0
2026-05-26 11:58:00,1362.5,1364.0,1361.7,1361.7,69601,1362.24,1362.1945,1362.3854,1,0.0586,0.092,-0.0334,-1,14.981,19.2089,8.5263,45.1359,0,11.5385,37.1795,-0.0514,1363.1438,1361.3662,1362.255,0.0013,0.1878,1.0044,1362.3496,-1,2357339,22032.7,1,0.3478,-1,-0.5114,0.2798,1
2026-05-26 11:59:00,1362.0,1362.9,1361.7,1362.5,2812,1362.292,1362.2223,1362.3899,1,0.0748,0.0886,-0.0138,-1,16.6621,17.5921,7.8087,52.7269,0,40.0,29.8779,0.0441,1363.1438,1361.3662,1362.255,0.0013,0.6378,1.0184,1362.3487,1,2360151,20868.2,0,0.4167,1,-0.453,0.3388,0
2026-05-26 12:00:00,1362.5,1362.6,1361.9,1361.9,14180,1362.2136,1362.193,1362.3706,1,0.0388,0.0786,-0.0399,-1,18.2231,16.7086,7.4165,47.4268,0,16.0,22.5128,0.0294,1363.1449,1361.3451,1362.245,0.0013,0.3083,0.9956,1362.3431,-1,2345971,21151.3,0,0.8571,-1,-0.4968,0.2946,1
2026-05-26 12:01:00,1362.4,1363.1,1361.9,1362.2,59626,1362.2109,1362.1936,1362.364,1,0.034,0.0697,-0.0357,-1,20.2788,18.8262,6.7872,50.1263,0,28.0,28.0,0.0073,1363.1102,1361.3398,1362.225,0.0013,0.4859,1.0102,1362.3319,-1,2405597,22491.25,1,0.1667,-1,-0.4749,0.3167,0
2026-05-26 12:02:00,1362.0,1363.0,1361.9,1362.0,51340,1362.1687,1362.176,1362.3497,-1,0.014,0.0586,-0.0446,-1,22.1876,17.3712,6.2627,48.3441,0,20.0,21.3333,-0.066,1363.0523,1361.3277,1362.19,0.0013,0.3898,1.0166,1362.3163,-1,2354257,24079.25,1,0.0,1,-0.4895,0.3019,0
2026-05-26 12:03:00,1362.2,1362.2,1361.4,1361.9,10873,1362.115,1362.1509,1362.332,-1,-0.0099,0.0449,-0.0547,-1,22.5112,16.3797,9.4725,47.436,0,19.2308,22.4103,-0.0734,1363.0438,1361.3562,1362.2,0.0012,0.3222,1.0012,1362.3076,-1,2343384,24460.35,0,0.375,-1,-0.4968,0.2946,1
2026-05-26 12:04:00,1362.0,1362.4,1362.0,1362.3,2389,1362.152,1362.1645,1362.3308,-1,0.0034,0.0366,-0.0331,-1,23.1054,17.2536,9.1221,51.371,0,34.6154,24.6154,-0.0367,1363.0332,1361.4368,1362.235,0.0012,0.5407,0.9654,1362.3119,-1,2345773,24418.6,0,0.75,1,-0.4676,0.324,1
2026-05-26 12:05:00,1362.4,1362.9,1362.2,1362.6,38920,1362.2416,1362.2041,1362.3413,1,0.0378,0.0368,0.001,1,24.3055,20.1157,8.6401,54.1436,0,46.1538,33.3333,0.0,1363.0561,1361.4339,1362.245,0.0012,0.7188,0.9464,1362.3528,1,2384693,24330.35,1,0.2857,1,-0.4457,0.3461,0
2026-05-26 12:06:00,1363.2,1363.3,1362.1,1362.6,8592,1362.3133,1362.2401,1362.3515,1,0.0643,0.0423,0.022,1,25.8559,21.2903,7.8723,54.1436,0,46.1538,42.3077,0.0073,1363.0746,1361.5054,1362.29,0.0012,0.6976,0.9645,1362.3853,1,2393285,23023.2,0,0.5,-1,-0.4457,0.3461,1
2026-05-26 12:07:00,1362.6,1362.9,1362.2,1362.9,16026,1362.4306,1362.3,1362.373,1,0.1082,0.0555,0.0527,1,27.2955,20.1646,7.4561,56.9878,0,57.6923,50.0,0.0661,1363.1344,1361.4856,1362.31,0.0012,0.8578,0.9456,1362.3937,1,2409311,23470.5,0,0.4286,1,-0.4238,0.3682,0
2026-05-26 12:08:00,1362.9,1362.9,1362.0,1362.1,4901,1362.3645,1362.2819,1362.3623,1,0.0776,0.0599,0.0177,1,28.0522,18.789,8.4634,48.3718,0,26.9231,43.5897,0.0294,1363.1232,1361.4668,1362.295,0.0012,0.3823,0.9424,1362.395,-1,2404410,23235.9,0,0.8889,-1,-0.4822,0.3093,1
2026-05-26 12:09:00,1362.6,1362.6,1362.0,1362.6,4682,1362.4116,1362.3108,1362.3716,1,0.0926,0.0664,0.0261,1,28.7548,17.9118,8.0682,53.1404,0,46.1538,43.5897,0.0073,1363.1476,1361.5124,1362.33,0.0012,0.6651,0.9179,1362.4038,1,2409092,22957.85,0,0.0,1,-0.4457,0.3461,0
2026-05-26 12:10:00,1362.7,1362.7,1362.1,1362.1,3490,1362.3493,1362.2916,1362.361,1,0.0634,0.0658,-0.0024,-1,29.5459,17.8522,7.682,48.3328,0,26.9231,33.3333,0.0147,1363.0932,1361.6268,1362.36,0.0011,0.3227,0.8952,1362.4102,-1,2405602,22862.7,0,1.0,-1,-0.4822,0.3093,0
2026-05-26 12:11:00,1362.5,1362.5,1362.0,1362.0,2482,1362.2794,1362.2651,1362.3468,1,0.0318,0.059,-0.0272,-1,29.9553,17.1168,8.1894,47.409,0,23.0769,32.0513,-0.0147,1363.0966,1361.6134,1362.355,0.0011,0.2606,0.867,1362.447,-1,2403120,19858.55,0,1.0,-1,-0.4895,0.3019,0
2026-05-26 12:12:00,1362.0,1362.4,1362.0,1362.0,6052,1362.2235,1362.241,1362.3332,-1,0.0068,0.0486,-0.0418,-1,30.3355,16.5301,7.9087,47.409,0,31.5789,27.193,0.0,1363.0225,1361.5975,1362.31,0.001,0.2824,0.8336,1362.4169,-1,2409172,18546.35,0,0.0,1,-0.4895,0.3019,0
2026-05-26 12:13:00,1361.8,1362.0,1361.6,1361.8,10624,1362.1388,1362.2009,1362.3123,-1,-0.0289,0.0331,-0.062,-1,29.4206,15.9417,11.1868,45.3964,0,21.0526,25.2362,-0.0073,1362.9463,1361.5637,1362.255,0.001,0.1709,0.8026,1362.3856,-1,2398548,17990.35,0,0.0,1,-0.5041,0.2872,1
2026-05-26 12:14:00,1362.0,1362.0,1361.5,1362.0,3990,1362.1111,1362.1827,1362.3001,-1,-0.0406,0.0183,-0.059,-1,28.2846,15.2127,11.5898,47.7836,0,31.5789,28.0702,-0.022,1362.867,1361.563,1362.215,0.001,0.3351,0.781,1362.363,-1,2402538,17071.0,0,0.0,1,-0.4895,0.3019,0
2026-05-26 12:15:00,1361.5,1362.1,1361.2,1361.4,6665,1361.9688,1362.1115,1362.2648,-1,-0.0972,-0.0048,-0.0924,-1,26.4247,13.9741,13.3602,41.8697,0,9.5238,20.7185,-0.0881,1362.8719,1361.4381,1362.155,0.0011,-0.0266,0.7895,1362.3465,-1,2395873,17224.45,0,0.1111,-1,-0.5334,0.2578,1
2026-05-26 12:16:00,1361.4,1362.2,1361.4,1362.0,6454,1361.9751,1362.1014,1362.2544,-1,-0.0925,-0.0223,-0.0702,-1,24.9379,13.8675,12.3942,48.7063,0,38.0952,26.3993,-0.044,1362.8317,1361.4283,1362.13,0.001,0.4074,0.7903,1362.3353,-1,2402327,17130.75,0,0.75,1,-0.4895,0.3019,1
2026-05-26 12:17:00,1362.0,1362.2,1361.6,1362.1,6528,1362.0001,1362.1012,1362.2483,-1,-0.0798,-0.0338,-0.046,-1,23.5573,13.1023,11.7103,49.7667,0,42.8571,30.1587,-0.0587,1362.8344,1361.4356,1362.135,0.001,0.475,0.7767,1362.3358,-1,2408855,16511.35,0,0.1667,1,-0.4822,0.3093,1
2026-05-26 12:18:00,1361.6,1362.5,1361.6,1362.5,16662,1362.1001,1362.1375,1362.2582,-1,-0.0371,-0.0345,-0.0026,-1,22.9964,14.758,10.7519,53.8743,0,61.9048,47.619,0.0294,1362.8617,1361.4883,1362.175,0.001,0.7367,0.7855,1362.2948,1,2425517,13864.4,0,1.0,1,-0.453,0.3388,0
2026-05-26 12:19:00,1362.0,1362.5,1361.6,1362.0,3372,1362.08,1362.125,1362.2481,-1,-0.043,-0.0362,-0.0068,-1,22.4755,13.5626,9.881,48.5321,0,38.0952,47.619,-0.044,1362.8238,1361.4762,1362.15,0.001,0.3887,0.7937,1362.2909,-1,2422145,13892.4,0,0.0,1,-0.4895,0.3019,1
2026-05-26 12:20:00,1362.5,1362.8,1361.7,1362.4,10771,1362.144,1362.15,1362.254,-1,-0.0153,-0.032,0.0167,1,22.6562,14.8835,8.9291,52.583,0,70.5882,56.8627,0.022,1362.8469,1361.5031,1362.175,0.001,0.6674,0.8156,1362.2994,1,2432916,13721.95,0,0.0909,-1,-0.4603,0.3314,1
2026-05-26 12:21:00,1362.4,1362.8,1362.1,1362.6,8906,1362.2352,1362.1909,1362.2676,1,0.0226,-0.0211,0.0436,1,22.824,13.9617,8.3761,54.5108,0,82.3529,63.6788,0.0441,1362.8921,1361.4979,1362.195,0.001,0.7905,0.8073,1362.2805,1,2441822,11185.95,0,0.2857,1,-0.4457,0.3461,0
2026-05-26 12:22:00,1362.6,1362.7,1361.8,1362.5,12103,1362.2882,1362.219,1362.2767,1,0.044,-0.0081,0.0521,1,21.9668,12.859,10.3473,53.343,0,81.25,78.0637,0.0367,1362.9231,1361.5169,1362.22,0.001,0.6991,0.8139,1362.2786,1,2429719,9224.1,0,0.1111,-1,-0.453,0.3388,0
2026-05-26 12:23:00,1362.1,1362.6,1361.9,1362.5,3567,1362.3305,1362.2445,1362.2855,1,0.0603,0.0056,0.0547,1,21.1709,12.061,9.7052,53.343,0,81.25,81.6176,0.0514,1362.9471,1361.5529,1362.25,0.001,0.6793,0.8058,1362.307,1,2433286,8858.8,0,0.5714,1,-0.453,0.3388,0
2026-05-26 12:24:00,1362.0,1362.6,1361.9,1362.1,3253,1362.2844,1362.2314,1362.2782,1,0.0404,0.0126,0.0279,1,20.4318,11.3055,9.0973,48.5208,0,56.25,72.9167,0.0073,1362.9397,1361.5403,1362.24,0.001,0.4,0.7982,1362.306,-1,2430033,8902.0,0,0.1429,1,-0.4822,0.3093,0
2026-05-26 12:25:00,1362.3,1362.4,1361.8,1362.0,2990,1362.2275,1362.2104,1362.2673,1,0.0164,0.0133,0.0031,1,19.3884,10.6876,9.511,47.3679,0,50.0,62.5,0.0441,1362.8967,1361.5233,1362.21,0.001,0.3471,0.7841,1362.2296,-1,2427043,7105.5,0,0.5,-1,-0.4895,0.3019,0
2026-05-26 12:26:00,1362.1,1362.3,1361.6,1362.0,2585,1362.182,1362.1912,1362.2568,-1,-0.0025,0.0102,-0.0127,-1,18.2567,10.0008,10.7359,47.3679,0,50.0,52.0833,0.0,1362.8481,1361.5119,1362.18,0.001,0.3653,0.7781,1362.197,-1,2429628,6805.15,0,0.1429,-1,-0.4895,0.3019,0
2026-05-26 12:27:00,1361.6,1362.1,1361.4,1361.4,2617,1362.0256,1362.1193,1362.2232,-1,-0.0652,-0.0049,-0.0603,-1,17.8057,9.3535,11.8903,40.6474,0,12.5,37.5,-0.0514,1362.7698,1361.4402,1362.105,0.001,-0.0303,0.7725,1362.1237,-1,2427011,6134.7,0,0.2857,-1,-0.5334,0.2578,0
2026-05-26 12:28:00,1361.4,1361.6,1361.1,1361.2,6787,1361.8605,1362.0357,1362.1831,-1,-0.1296,-0.0298,-0.0997,-1,18.1622,8.9099,14.172,38.6775,0,5.8824,22.7941,-0.0954,1362.833,1361.287,1362.06,0.0011,-0.0562,0.753,1362.0706,-1,2420224,6229.0,0,0.4,-1,-0.548,0.243,0
2026-05-26 12:29:00,1361.4,1361.4,1360.3,1360.4,16886,1361.5684,1361.887,1362.1131,-1,-0.2423,-0.0723,-0.17,-1,19.9352,8.0098,20.0871,31.9976,1,4.0,7.4608,-0.1175,1362.9708,1360.9292,1361.95,0.0015,-0.2592,0.7778,1361.8901,-1,2403338,6839.2,1,0.9091,-1,-0.6064,0.1841,1
2026-05-26 12:30:00,1360.9,1361.4,1360.0,1361.4,51659,1361.5347,1361.8428,1362.0852,-1,-0.2481,-0.1075,-0.1406,-1,21.9706,7.0357,20.2502,44.8253,0,50.0,19.9608,-0.0734,1362.9605,1360.8695,1361.915,0.0015,0.2537,0.8223,1361.6151,-1,2454997,9247.65,1,0.3571,1,-0.5334,0.2578,0
2026-05-26 12:31:00,1361.4,1361.7,1360.8,1361.0,10544,1361.4278,1361.7661,1362.0426,-1,-0.2817,-0.1423,-0.1394,-1,22.8717,9.0779,18.6776,41.4566,0,35.7143,29.9048,-0.1174,1362.9826,1360.7474,1361.865,0.0016,0.113,0.8278,1361.5835,-1,2444453,9650.75,0,0.4444,-1,-0.5626,0.2283,1
2026-05-26 12:32:00,1361.0,1361.5,1360.9,1361.4,3017,1361.4222,1361.7329,1362.0174,-1,-0.273,-0.1685,-0.1045,-1,23.7085,8.5985,17.6913,45.8399,0,50.0,45.2381,-0.0807,1362.9686,1360.7014,1361.835,0.0017,0.3081,0.8115,1361.561,-1,2447470,9499.0,0,0.6667,1,-0.5334,0.2578,0
2026-05-26 12:33:00,1361.0,1361.4,1361.0,1361.3,4401,1361.3978,1361.6935,1361.9893,-1,-0.271,-0.189,-0.082,-1,24.4855,8.2844,17.045,44.9341,0,46.4286,44.0476,-0.0881,1362.9674,1360.6526,1361.81,0.0017,0.2797,0.7821,1361.5393,-1,2443069,9187.85,0,0.75,1,-0.5407,0.2504,0
2026-05-26 12:34:00,1361.3,1361.3,1360.2,1360.8,4611,1361.2782,1361.6123,1361.9427,-1,-0.3062,-0.2124,-0.0938,-1,26.3144,7.4756,22.4809,40.6129,0,28.5714,41.6667,-0.0954,1362.9837,1360.5163,1361.75,0.0018,0.115,0.8048,1361.5136,-1,2438458,9218.9,0,0.4545,-1,-0.5772,0.2136,0
2026-05-26 12:35:00,1361.0,1361.1,1360.0,1360.0,6383,1361.0226,1361.4657,1361.8665,-1,-0.3941,-0.2488,-0.1454,-1,28.2265,6.7645,22.0719,34.8399,1,0.0,25.0,-0.1468,1363.1258,1360.2342,1361.68,0.0021,-0.081,0.8259,1361.4719,-1,2432075,9204.8,0,0.9091,-1,-0.6356,0.1547,1
2026-05-26 12:36:00,1360.4,1360.9,1360.0,1360.3,5720,1360.8781,1361.3597,1361.805,-1,-0.4346,-0.2859,-0.1487,-1,30.002,6.2413,20.3649,38.3774,0,11.5385,13.37,-0.1248,1363.1512,1360.0388,1361.595,0.0023,0.0839,0.8312,1361.4246,-1,2437795,9168.1,0,0.1111,-1,-0.6137,0.1767,1
2026-05-26 12:37:00,1360.3,1361.0,1360.3,1360.6,14117,1360.8224,1361.2907,1361.7578,-1,-0.4374,-0.3162,-0.1212,-1,31.2832,6.7307,19.1259,41.7812,0,23.0769,11.5385,-0.0588,1363.1157,1359.9243,1361.52,0.0023,0.2117,0.8218,1361.3476,-1,2451912,9547.55,0,0.4286,1,-0.5918,0.1988,1
2026-05-26 12:38:00,1360.0,1361.1,1360.0,1361.0,15041,1360.858,1361.2642,1361.7281,-1,-0.4027,-0.3335,-0.0692,-1,32.8371,6.1024,19.8864,46.0594,0,41.6667,25.4274,-0.0147,1362.9896,1359.9004,1361.445,0.0023,0.356,0.8417,1361.2211,-1,2466953,9466.5,1,0.9091,1,-0.5626,0.2283,0
2026-05-26 12:39:00,1361.0,1361.3,1360.0,1360.9,26471,1360.8664,1361.2311,1361.6956,-1,-0.3789,-0.3426,-0.0363,-1,33.5617,7.0881,17.7747,45.1658,0,39.1304,34.6247,0.0368,1362.93,1359.85,1361.39,0.0023,0.3409,0.8744,1361.1474,-1,2440482,10621.45,1,0.0769,-1,-0.5699,0.2209,0
2026-05-26 12:40:00,1360.9,1360.9,1360.0,1360.0,30115,1360.6931,1361.1192,1361.6291,-1,-0.4278,-0.3596,-0.0681,-1,34.2346,6.5681,16.4707,38.0172,0,0.0,26.9324,-0.1028,1362.85,1359.69,1361.27,0.0023,0.0981,0.8763,1360.9838,-1,2410367,11588.65,1,1.0,-1,-0.6356,0.1547,0
2026-05-26 12:41:00,1360.0,1360.1,1359.1,1359.5,32833,1360.4545,1360.972,1361.5456,-1,-0.501,-0.3879,-0.1131,-1,35.8995,6.0381,22.4045,34.7286,1,15.3846,18.1717,-0.1102,1362.75,1359.48,1361.115,0.0024,0.0061,0.8851,1360.749,-1,2377534,12785.0,1,0.5,-1,-0.6722,0.1178,0
2026-05-26 12:42:00,1359.6,1360.4,1358.8,1358.8,27774,1360.1236,1360.7746,1361.4379,-1,-0.6086,-0.432,-0.1765,-1,36.5005,7.5899,19.6694,30.7218,1,0.0,5.1282,-0.191,1362.7257,1359.1343,1360.93,0.0026,-0.0931,0.9362,1360.5334,-1,2349760,13568.55,1,0.5,-1,-0.7233,0.0663,0
2026-05-26 12:43:00,1358.8,1359.0,1358.4,1358.7,13532,1359.8389,1360.586,1361.3306,-1,-0.6939,-0.4844,-0.2095,-1,37.4865,7.2333,21.8775,30.186,1,9.0909,8.1585,-0.191,1362.6325,1358.8475,1360.74,0.0028,-0.039,0.9122,1360.4224,-1,2336228,14066.8,0,0.1667,-1,-0.7306,0.0589,1
2026-05-26 12:44:00,1358.7,1359.6,1358.7,1359.2,9759,1359.7111,1360.46,1361.247,-1,-0.7129,-0.5301,-0.1828,-1,36.8124,11.4259,20.3342,36.1793,0,24.2424,11.1111,-0.1176,1362.4929,1358.6971,1360.595,0.0028,0.1325,0.9113,1360.3598,-1,2345987,14392.1,0,0.5556,1,-0.6941,0.0957,0
2026-05-26 12:45:00,1359.2,1359.6,1358.0,1358.4,43363,1359.4489,1360.2727,1361.1354,-1,-0.7835,-0.5808,-0.2027,-1,36.9926,10.0664,23.1204,31.5173,1,11.4286,14.9206,-0.1176,1362.4252,1358.4048,1360.415,0.003,-0.0012,0.9605,1360.1205,-1,2302624,16410.75,1,0.5,-1,-0.7525,0.0368,0
2026-05-26 12:46:00,1358.4,1358.6,1357.2,1357.2,21854,1358.9991,1359.9934,1360.981,-1,-0.9256,-0.6498,-0.2759,-1,37.8611,9.0515,26.5505,26.0871,1,0.0,11.8903,-0.2279,1362.4935,1357.8565,1360.175,0.0034,-0.1416,0.9919,1359.9525,-1,2280770,17374.2,0,0.8571,-1,-0.8402,0.0,1
2026-05-26 12:47:00,1357.5,1357.8,1357.1,1357.4,25556,1358.6793,1359.7576,1360.8406,-1,-1.0105,-0.7219,-0.2886,-1,38.745,8.5854,25.919,28.3042,1,7.1429,6.1905,-0.2352,1362.5158,1357.4342,1359.975,0.0037,-0.0067,0.971,1359.7668,-1,2306326,18521.15,0,0.1429,-1,-0.8256,0.0147,0
2026-05-26 12:48:00,1357.4,1357.5,1356.7,1356.7,58649,1358.2834,1359.4796,1360.6782,-1,-1.1213,-0.8018,-0.3195,-1,39.8647,8.0738,27.3541,25.4291,1,0.0,2.381,-0.3159,1362.5957,1356.9043,1359.75,0.0042,-0.0359,0.9588,1359.3533,-1,2247677,21114.25,1,0.875,-1,-0.8767,0.0,0
2026-05-26 12:49:00,1356.2,1357.0,1355.8,1356.6,44433,1357.9467,1359.2178,1360.5183,-1,-1.2033,-0.8821,-0.3212,-1,41.4557,7.3647,31.5383,25.0378,1,14.5455,7.2294,-0.316,1362.699,1356.421,1359.56,0.0046,0.0285,0.976,1359.0176,-1,2203244,22491.6,1,0.3333,1,-0.8841,0.0,0
2026-05-26 12:50:00,1356.8,1357.0,1355.5,1355.6,8112,1357.4774,1358.889,1360.3254,-1,-1.3336,-0.9724,-0.3612,-1,43.0879,6.5861,30.3185,21.4786,1,1.7241,5.4232,-0.3235,1362.7307,1355.8093,1359.27,0.0051,-0.0302,1.0135,1358.7144,-1,2195132,20314.25,0,0.8,-1,-0.9571,0.0,0
2026-05-26 12:51:00,1355.5,1356.1,1355.0,1355.1,30026,1357.0019,1358.5445,1360.1205,-1,-1.4604,-1.07,-0.3904,-1,44.8413,6.0786,31.4848,19.9514,1,1.5873,5.9523,-0.3236,1362.7839,1355.1661,1358.975,0.0056,-0.0087,1.0196,1358.4199,-1,2165106,21288.35,0,0.3636,-1,-0.9936,0.0,1
2026-05-26 12:52:00,1355.2,1356.1,1355.1,1356.1,24228,1356.8215,1358.3223,1359.9628,-1,-1.4633,-1.1486,-0.3146,-1,46.4695,5.6522,29.2762,30.5822,1,17.4603,6.9239,-0.1987,1362.5445,1354.8755,1358.71,0.0056,0.1597,1.0182,1358.2569,-1,2189334,22348.9,0,0.9,1,-0.9206,0.0738,1
2026-05-26 12:53:00,1355.7,1357.5,1355.6,1357.1,34215,1356.8772,1358.2112,1359.8506,-1,-1.3691,-1.1927,-0.1764,-1,45.1983,14.1915,25.6015,39.268,0,35.5932,18.2136,-0.1178,1362.2019,1354.7981,1358.5,0.0054,0.3109,1.0812,1358.1201,-1,2223549,23839.6,0,0.7368,1,-0.8475,0.1476,1
2026-05-26 12:54:00,1357.3,1359.2,1357.1,1359.0,28319,1357.3018,1358.2829,1359.8172,-1,-1.1282,-1.1798,0.0516,1,42.0641,22.8693,22.2737,51.6474,0,74.0741,42.3759,-0.0147,1361.9686,1354.8514,1358.41,0.0052,0.5829,1.154,1358.1134,1,2251868,25025.0,0,0.8095,1,-0.7087,0.2878,0
2026-05-26 12:55:00,1358.6,1359.0,1358.6,1358.8,7488,1357.6014,1358.3299,1359.7773,-1,-0.9425,-1.1324,0.1899,1,39.1537,22.2754,21.6953,50.481,0,70.3704,60.0126,0.0294,1361.8391,1354.8609,1358.35,0.0051,0.5645,1.1001,1358.095,1,2244380,25080.25,0,0.5,1,-0.7233,0.273,0
2026-05-26 12:56:00,1358.8,1359.0,1358.6,1358.7,8475,1357.8211,1358.3635,1359.7351,-1,-0.7943,-1.0647,0.2705,1,36.4513,21.6693,21.105,49.8744,0,80.4348,74.9597,0.1105,1361.6482,1354.8918,1358.27,0.005,0.5636,1.0501,1358.0802,1,2235905,25218.0,0,0.25,-1,-0.7306,0.2657,1
2026-05-26 12:57:00,1358.6,1360.5,1358.6,1359.7,66782,1358.1969,1358.485,1359.7337,-1,-0.5893,-0.9697,0.3804,1,35.3824,28.6671,18.5265,55.6172,0,85.4545,78.7532,0.1694,1361.5003,1354.9497,1358.225,0.0048,0.7252,1.1108,1358.1977,1,2302687,27851.25,1,0.5789,1,-0.6576,0.3395,1
2026-05-26 12:58:00,1359.7,1360.5,1359.5,1360.3,23400,1358.6175,1358.65,1359.7559,-1,-0.3741,-0.8506,0.4764,1,34.3899,26.8106,17.3267,58.6764,0,96.3636,87.4177,0.2653,1361.3592,1355.0208,1358.19,0.0047,0.8329,1.1029,1358.2098,1,2326087,28269.2,0,0.6,1,-0.6137,0.3837,1
2026-05-26 12:59:00,1360.1,1360.8,1360.0,1360.8,19760,1359.054,1358.8455,1359.7969,1,-0.1614,-0.7127,0.5513,1,33.7221,27.3755,16.411,61.0836,0,100.0,93.9394,0.3096,1361.3373,1355.0327,1358.185,0.0046,0.9148,1.0813,1358.1724,1,2345847,27933.65,0,0.875,1,-0.5772,0.4206,0
2026-05-26 13:00:00,1360.7,1360.8,1358.9,1358.9,37563,1359.0232,1358.8504,1359.7617,1,-0.1445,-0.5991,0.4546,1,31.7478,24.1158,21.3506,49.325,0,67.2414,87.8683,0.2434,1361.1908,1355.0692,1358.13,0.0045,0.6258,1.1398,1358.1496,1,2308284,28306.05,0,0.9474,-1,-0.716,0.2804,1
2026-05-26 13:01:00,1358.8,1360.0,1358.4,1359.8,113537,1359.1786,1358.9368,1359.7632,1,-0.0578,-0.4908,0.433,1,29.5692,21.7655,22.3154,53.8562,0,82.7586,83.3333,0.3468,1361.2353,1355.0547,1358.145,0.0046,0.7678,1.1726,1358.2971,1,2421821,32341.25,1,0.625,1,-0.6503,0.3468,0
2026-05-26 13:02:00,1359.7,1360.0,1359.0,1359.1,9979,1359.1629,1358.9516,1359.7372,1,-0.045,-0.4017,0.3566,1,27.5462,20.4256,20.9417,50.1036,0,70.6897,73.5632,0.2212,1361.2657,1355.0543,1358.16,0.0046,0.6513,1.1603,1358.2683,1,2411842,31451.5,0,0.6,-1,-0.7014,0.2952,1
2026-05-26 13:03:00,1359.1,1360.0,1358.6,1359.3,25919,1359.1903,1358.9833,1359.72,1,-0.0186,-0.325,0.3065,1,26.0927,18.6908,21.5897,51.1509,0,74.1379,75.8621,0.1621,1361.3275,1355.0525,1358.19,0.0046,0.6769,1.1774,1358.3009,1,2437761,32070.85,0,0.1429,1,-0.6868,0.3099,0
2026-05-26 13:04:00,1359.6,1359.6,1358.5,1358.5,7692,1359.0522,1358.9393,1359.6722,1,-0.0614,-0.2723,0.2109,1,24.8488,17.4377,20.7517,46.9095,0,60.3448,68.3908,-0.0368,1361.2621,1355.0479,1358.155,0.0046,0.5555,1.1719,1358.2945,1,2430069,31967.5,0,1.0,-1,-0.7452,0.2509,1
2026-05-26 13:05:00,1358.8,1360.1,1358.2,1359.9,68494,1359.2218,1359.0267,1359.6811,1,0.0174,-0.2144,0.2317,1,23.0794,18.4221,18.4506,54.0847,0,84.2105,72.8978,0.081,1361.4282,1355.0318,1358.23,0.0047,0.7611,1.2239,1358.3842,1,2498563,33224.05,1,0.5789,1,-0.6429,0.3542,0
2026-05-26 13:06:00,1359.7,1360.6,1359.3,1359.6,48489,1359.2974,1359.0788,1359.6779,1,0.055,-0.1605,0.2155,1,21.9867,19.9358,17.0569,52.4489,0,76.9231,73.8261,0.0662,1361.5647,1355.1353,1358.35,0.0047,0.6944,1.2293,1358.5085,1,2450074,34555.8,0,0.0769,-1,-0.6649,0.3321,1
2026-05-26 13:07:00,1359.9,1360.2,1359.2,1359.9,35166,1359.4179,1359.1534,1359.6866,1,0.1077,-0.1069,0.2146,1,20.8441,18.7618,16.6414,53.9489,0,75.6757,78.9364,0.0147,1361.7264,1355.2236,1358.475,0.0048,0.7191,1.213,1358.6109,1,2485240,35036.3,0,0.0,1,-0.6429,0.3542,0
2026-05-26 13:08:00,1359.8,1359.8,1358.8,1359.7,10669,1359.4744,1359.2031,1359.6872,1,0.1319,-0.0591,0.191,1,19.4336,17.5383,17.9275,52.7542,0,57.6923,70.097,-0.0441,1361.8111,1355.4389,1358.625,0.0047,0.6687,1.2049,1358.7721,1,2474571,32637.3,0,0.1,-1,-0.6576,0.3395,1
2026-05-26 13:09:00,1359.3,1361.0,1359.0,1360.5,66158,1359.6795,1359.321,1359.719,1,0.2131,-0.0047,0.2178,1,19.2499,22.3462,15.8976,56.8688,0,82.1429,71.8369,-0.022,1361.9636,1355.6764,1358.82,0.0046,0.7672,1.2617,1359.0607,1,2540729,33723.55,1,0.6,1,-0.5991,0.3985,1
2026-05-26 13:10:00,1360.8,1361.2,1360.2,1361.1,21481,1359.9636,1359.4828,1359.7732,1,0.3222,0.0607,0.2615,1,19.2628,22.2113,14.984,59.7033,0,96.6667,78.8339,0.1619,1362.0183,1356.1717,1359.095,0.0043,0.8429,1.243,1359.1518,1,2562210,34392.0,0,0.3,1,-0.5553,0.4428,1
2026-05-26 13:11:00,1361.0,1361.8,1361.0,1361.8,15255,1360.3309,1359.6934,1359.8527,1,0.4598,0.1405,0.3193,1,19.7971,24.7015,14.2772,62.7768,0,100.0,92.9365,0.1471,1361.9536,1356.9064,1359.43,0.0037,0.9696,1.2113,1359.3731,1,2577465,33653.45,0,1.0,1,-0.4678,0.4944,0
2026-05-26 13:12:00,1361.3,1361.8,1361.0,1361.0,5438,1360.4647,1359.8122,1359.8977,1,0.4986,0.2121,0.2865,1,20.2933,23.5073,13.5869,57.3895,0,77.7778,91.4815,0.1398,1361.7735,1357.5765,1359.675,0.0031,0.8157,1.182,1359.5224,1,2572027,32713.95,0,0.375,-1,-0.5262,0.4354,1
2026-05-26 13:13:00,1361.0,1361.6,1361.0,1361.2,3593,1360.6118,1359.9384,1359.9487,1,0.5393,0.2776,0.2617,1,20.7541,22.6239,13.0763,58.3517,0,83.3333,87.037,0.1398,1361.717,1358.043,1359.88,0.0027,0.8593,1.1404,1359.6855,1,2575620,31182.85,0,0.3333,1,-0.5116,0.4502,1
2026-05-26 13:14:00,1361.6,1361.6,1361.0,1361.4,7971,1360.7694,1360.0712,1360.0057,1,0.5809,0.3382,0.2427,1,21.1819,21.7439,12.5677,59.3406,0,88.8889,83.3333,0.2135,1361.9037,1358.0963,1360.0,0.0028,0.8677,1.1018,1359.766,1,2583591,30165.45,0,0.3333,-1,-0.497,0.4649,1
2026-05-26 13:15:00,1361.3,1361.7,1361.0,1361.5,64246,1360.9155,1360.2011,1360.0643,1,0.6149,0.3936,0.2213,1,21.6835,21.3964,11.9821,59.8538,0,91.6667,87.963,0.1177,1362.0619,1358.2081,1360.135,0.0028,0.8542,1.0731,1359.936,1,2647837,33003.35,1,0.2857,1,-0.4897,0.4723,1
2026-05-26 13:16:00,1361.7,1362.0,1361.4,1361.8,24219,1361.0924,1360.3465,1360.1323,1,0.6585,0.4466,0.2119,1,22.4597,22.5759,11.488,61.4269,0,94.7368,91.7641,0.1618,1362.229,1358.351,1360.29,0.0029,0.8894,1.0393,1360.0151,1,2672056,33790.55,0,0.1667,1,-0.4678,0.4944,1
2026-05-26 13:17:00,1362.0,1362.5,1362.0,1362.0,8730,1361.2739,1360.4968,1360.2056,1,0.7011,0.4975,0.2036,1,23.6526,24.9823,10.9221,62.4824,0,88.3721,91.5919,0.1544,1362.4597,1358.3503,1360.405,0.003,0.8881,1.0151,1360.0904,1,2680786,30887.95,0,0.0,1,-0.4532,0.5092,0
2026-05-26 13:18:00,1362.1,1362.5,1361.9,1361.9,24890,1361.3991,1360.6244,1360.272,1,0.7184,0.5417,0.1768,1,24.5548,23.8958,11.172,61.5751,0,86.0465,89.7185,0.1618,1362.6393,1358.3307,1360.485,0.0032,0.8284,0.9854,1360.1708,1,2655896,30962.45,0,0.3333,-1,-0.4605,0.5018,1
2026-05-26 13:19:00,1362.4,1362.5,1362.0,1362.2,21948,1361.5593,1360.7676,1360.3476,1,0.7478,0.5829,0.1649,1,25.3925,22.8266,10.6721,63.2969,0,91.8919,88.7702,0.125,1362.8331,1358.2769,1360.555,0.0033,0.861,0.9579,1360.2321,1,2677844,31071.85,0,0.4,-1,-0.4385,0.5239,0
2026-05-26 13:20:00,1362.3,1362.9,1362.0,1362.0,43517,1361.6475,1360.8796,1360.4124,1,0.7464,0.6156,0.1308,1,26.5687,24.2837,9.9528,61.3241,0,78.0488,85.3291,0.0661,1362.9379,1358.4821,1360.71,0.0033,0.7895,0.9538,1360.4174,1,2634327,31369.55,0,0.3333,-1,-0.4532,0.5092,1
2026-05-26 13:21:00,1362.0,1362.5,1361.6,1362.1,44516,1361.738,1360.9906,1360.4786,1,0.7447,0.6414,0.1033,1,26.7882,22.6403,12.287,61.9624,0,80.4878,83.4762,0.022,1363.0903,1358.5597,1360.825,0.0033,0.7814,0.9499,1360.7558,1,2678843,27918.5,1,0.1111,1,-0.4458,0.5166,0
2026-05-26 13:22:00,1362.1,1362.3,1361.6,1361.7,8401,1361.7304,1361.0551,1360.5265,1,0.703,0.6537,0.0493,1,26.9921,21.4258,11.6279,57.8494,0,69.2308,75.9225,0.0514,1363.1049,1358.8051,1360.955,0.0032,0.6733,0.9321,1360.7974,1,2670442,27839.6,0,0.5714,-1,-0.4751,0.487,0
2026-05-26 13:23:00,1361.6,1362.0,1360.5,1360.6,65886,1361.5043,1361.0137,1360.5294,1,0.5745,0.6379,-0.0633,-1,25.1861,19.0656,18.4252,48.3453,0,14.8148,54.8445,-0.0441,1363.0405,1358.9995,1361.02,0.003,0.3961,0.9726,1360.8885,-1,2604556,29837.95,1,0.6667,-1,-0.5555,0.4059,0
2026-05-26 13:24:00,1360.8,1360.9,1359.1,1359.1,144382,1361.0234,1360.8397,1360.4733,1,0.3477,0.5798,-0.2321,-1,24.9215,16.6897,25.8216,38.9484,0,0.0,28.0152,-0.1689,1362.9331,1359.1669,1361.05,0.0028,-0.0178,1.0317,1360.6757,-1,2460174,36672.45,1,0.9444,-1,-0.6651,0.2952,1
2026-05-26 13:25:00,1359.2,1360.1,1359.2,1359.5,71706,1360.7188,1360.7179,1360.4352,1,0.1979,0.5035,-0.3055,-1,24.6757,15.5317,24.03,42.1761,0,10.5263,8.447,-0.1469,1362.9692,1359.0908,1361.03,0.0028,0.1055,1.0295,1360.6896,-1,2531880,36833.05,1,0.3333,1,-0.6359,0.3247,1
2026-05-26 13:26:00,1359.1,1360.9,1359.1,1360.9,67136,1360.755,1360.7345,1360.4534,1,0.19,0.4408,-0.2508,-1,23.3085,18.9594,21.1811,51.7842,0,47.3684,19.2982,-0.0661,1362.922,1359.268,1361.095,0.0027,0.4466,1.0845,1360.71,1,2599016,37765.4,1,1.0,1,-0.5335,0.428,1
2026-05-26 13:27:00,1360.9,1362.4,1360.9,1362.1,185550,1361.024,1360.8586,1360.518,1,0.2774,0.4081,-0.1307,-1,22.8277,26.7525,19.1443,58.196,0,78.9474,45.614,0.0073,1362.9955,1359.4145,1361.205,0.0026,0.7499,1.1142,1360.9699,1,2784566,45284.6,1,0.8,1,-0.4458,0.5166,0
2026-05-26 13:28:00,1362.1,1362.8,1361.7,1362.1,234160,1361.2392,1360.9715,1360.58,1,0.3426,0.395,-0.0524,-1,22.7194,27.4309,17.793,58.196,0,78.9474,68.4211,0.0147,1363.0148,1359.6352,1361.325,0.0025,0.7293,1.1132,1361.2395,1,3018726,56459.15,1,0.0,1,-0.4458,0.5166,1
2026-05-26 13:29:00,1361.8,1362.9,1361.5,1362.3,68964,1361.4514,1361.0923,1360.6475,1,0.4058,0.3972,0.0087,1,22.3619,25.0112,17.4836,59.2437,0,84.2105,80.7018,0.0073,1363.1112,1359.7188,1361.415,0.0025,0.7609,1.1337,1361.3628,1,3087690,56599.45,0,0.3571,1,-0.4312,0.5313,0
2026-05-26 13:30:00,1362.3,1363.4,1362.1,1362.2,83088,1361.6011,1361.193,1360.7083,1,0.4428,0.4063,0.0365,1,22.4644,26.1015,16.0664,58.4549,0,72.093,78.417,0.0147,1363.1929,1359.7471,1361.47,0.0025,0.7119,1.1455,1361.4561,1,3004602,59679.8,0,0.0769,-1,-0.4385,0.5239,1
2026-05-26 13:31:00,1362.2,1363.0,1361.2,1362.8,69683,1361.8409,1361.3391,1360.7904,1,0.5145,0.4279,0.0866,1,21.4512,23.2868,19.7257,61.7459,0,86.0465,80.7834,0.0514,1363.3339,1359.7061,1361.52,0.0027,0.8528,1.1923,1361.5041,1,3074285,62401.2,0,0.3333,1,-0.3947,0.5682,0
2026-05-26 13:32:00,1362.7,1362.9,1360.7,1361.1,35877,1361.6927,1361.3173,1360.8025,1,0.4292,0.4282,0.001,1,19.9708,20.3923,20.0988,49.7264,0,46.5116,68.2171,-0.0441,1363.3337,1359.7163,1361.525,0.0027,0.3825,1.2643,1361.5069,-1,3038408,63923.15,0,0.7273,-1,-0.5189,0.4428,1
2026-05-26 13:33:00,1361.4,1362.1,1360.9,1361.5,39599,1361.6542,1361.3339,1360.8299,1,0.3894,0.4204,-0.031,-1,18.5961,19.0048,18.7312,52.0896,0,55.814,62.7907,0.0661,1363.3427,1359.7373,1361.54,0.0026,0.4889,1.2597,1361.5074,-1,3078007,65723.45,0,0.0833,1,-0.4897,0.4723,1
2026-05-26 13:34:00,1361.4,1362.1,1361.2,1362.0,28068,1361.7233,1361.3945,1360.8757,1,0.3937,0.4151,-0.0214,-1,17.3196,18.0147,17.7553,54.9409,0,67.4419,56.5891,0.2134,1363.3823,1359.7577,1361.57,0.0027,0.6186,1.234,1361.5138,1,3106075,66728.3,0,0.6667,1,-0.4532,0.5092,0
2026-05-26 13:35:00,1362.0,1362.2,1361.4,1361.6,8727,1361.6987,1361.4132,1360.9042,1,0.3607,0.4042,-0.0435,-1,16.2557,17.7527,16.9119,52.2613,0,58.1395,60.4651,0.1545,1363.387,1359.763,1361.575,0.0027,0.5069,1.203,1361.5211,1,3097348,63952.35,0,0.5,-1,-0.4824,0.4797,1
2026-05-26 13:36:00,1361.6,1362.1,1361.6,1361.8,18443,1361.7189,1361.4483,1360.9393,1,0.3466,0.3927,-0.0461,-1,15.2678,17.2027,16.388,53.483,0,62.7907,62.7907,0.0661,1363.387,1359.763,1361.575,0.0027,0.5621,1.1528,1361.5215,1,3115791,63663.55,0,0.4,1,-0.4678,0.4944,0
2026-05-26 13:37:00,1361.9,1361.9,1361.5,1361.6,12305,1361.6951,1361.4621,1360.9652,1,0.3157,0.3773,-0.0616,-1,14.208,16.7555,16.6119,52.0486,0,58.1395,59.6899,-0.0367,1363.3566,1359.7534,1361.555,0.0026,0.5125,1.099,1361.5185,1,3103486,63842.3,0,0.75,-1,-0.4824,0.4797,0
2026-05-26 13:38:00,1361.6,1361.7,1360.6,1361.2,16084,1361.5961,1361.4383,1360.9744,1,0.256,0.353,-0.0971,-1,14.3016,15.5577,21.2734,49.2062,0,48.8372,56.5891,-0.0661,1363.3207,1359.7193,1361.52,0.0026,0.4111,1.0991,1361.5027,-1,3087402,63402.0,0,0.3636,-1,-0.5116,0.4502,0
2026-05-26 13:39:00,1361.3,1361.5,1361.2,1361.2,9915,1361.5169,1361.4166,1360.9832,1,0.2063,0.3237,-0.1174,-1,14.3886,15.2377,20.8359,49.2062,0,48.8372,51.938,-0.0807,1363.2478,1359.6922,1361.47,0.0026,0.4241,1.042,1361.4883,-1,3097317,62800.35,0,0.3333,-1,-0.5116,0.4502,0
2026-05-26 13:40:00,1361.2,1361.9,1360.5,1360.7,17544,1361.3535,1361.3515,1360.9721,1,0.1251,0.2839,-0.1589,-1,15.2254,13.8104,23.5677,45.5964,0,6.8966,34.857,-0.1101,1363.1955,1359.6145,1361.405,0.0026,0.3031,1.0676,1361.4531,-1,3079773,61501.7,0,0.3571,-1,-0.5482,0.4133,1
2026-05-26 13:41:00,1361.2,1361.5,1360.5,1361.2,10778,1361.3228,1361.3377,1360.9811,-1,0.0999,0.2471,-0.1472,-1,16.0025,12.8822,21.9837,49.5798,0,24.1379,26.6239,-0.1174,1363.1234,1359.5966,1361.36,0.0026,0.4546,1.0627,1361.4268,-1,3090551,59814.8,0,0.0,1,-0.5116,0.4502,0
2026-05-26 13:42:00,1360.8,1361.6,1360.7,1361.0,18550,1361.2582,1361.307,1360.9818,-1,0.0631,0.2103,-0.1472,-1,16.5409,12.7739,20.6392,48.0639,0,17.2414,16.092,-0.0073,1363.0878,1359.5622,1361.325,0.0026,0.4078,1.0511,1361.4187,-1,3072001,60322.25,0,0.2222,1,-0.5262,0.4354,0
2026-05-26 13:43:00,1361.5,1361.6,1360.8,1360.8,7493,1361.1666,1361.2609,1360.9747,-1,0.0176,0.1718,-0.1542,-1,17.0408,12.0674,19.4977,46.5317,0,10.3448,17.2414,-0.0514,1363.0835,1359.5865,1361.335,0.0026,0.347,1.0332,1361.4385,-1,3064508,57402.6,0,0.875,-1,-0.5409,0.4206,0
2026-05-26 13:44:00,1360.8,1361.4,1360.2,1360.2,8461,1360.9733,1361.1645,1360.9443,-1,-0.0661,0.1242,-0.1903,-1,18.1821,11.0776,21.9994,42.1868,0,0.0,9.1954,-0.1322,1362.9078,1359.8722,1361.39,0.0022,0.108,1.0451,1361.6795,-1,3056047,50606.55,0,0.5,-1,-0.5847,0.3764,1
2026-05-26 13:45:00,1361.0,1361.5,1360.8,1361.2,38608,1361.0186,1361.1677,1360.9543,-1,-0.0511,0.0892,-0.1403,-1,19.0351,10.782,20.0782,50.4852,0,37.037,15.794,-0.0294,1362.727,1360.223,1361.475,0.0018,0.3902,1.0633,1361.8116,-1,3094655,48951.65,0,0.2857,1,-0.5116,0.4502,1
2026-05-26 13:46:00,1361.3,1361.4,1360.0,1361.3,54564,1361.0749,1361.1797,1360.9679,-1,-0.0309,0.0652,-0.096,-1,20.6153,9.7904,23.4869,51.239,0,59.0909,32.0426,-0.0367,1362.7222,1360.2678,1361.495,0.0018,0.4205,1.0874,1361.8651,-1,3149219,48323.05,0,0.0,1,-0.5043,0.4575,0
2026-05-26 13:47:00,1361.3,1361.4,1360.0,1360.2,32293,1360.8999,1361.0907,1360.9378,-1,-0.1024,0.0316,-0.134,-1,22.0827,8.9082,21.3704,43.4107,0,9.0909,35.073,-0.1028,1362.7161,1360.0839,1361.4,0.0019,0.0441,1.1097,1361.8271,-1,3116926,40660.2,0,0.7857,-1,-0.5847,0.3764,0
2026-05-26 13:48:00,1360.2,1361.0,1359.6,1359.9,29058,1360.6999,1360.9824,1360.8971,-1,-0.1812,-0.0109,-0.1703,-1,23.7978,8.1201,22.0074,41.5464,0,11.5385,26.5734,-0.0955,1362.7167,1359.8633,1361.29,0.0021,0.0129,1.1304,1361.6041,-1,3087868,30405.1,0,0.2143,-1,-0.6066,0.3542,0
2026-05-26 13:49:00,1360.4,1360.4,1359.4,1359.6,23523,1360.4799,1360.8567,1360.8462,-1,-0.2648,-0.0617,-0.2031,-1,25.5569,7.6028,21.8795,39.7099,0,7.4074,9.3456,-0.1175,1362.6814,1359.6286,1361.155,0.0022,-0.0094,1.1211,1361.4516,-1,3064345,28133.05,0,0.8,-1,-0.6286,0.3321,0
2026-05-26 13:50:00,1359.6,1359.8,1357.9,1358.5,23841,1360.084,1360.6425,1360.7542,-1,-0.415,-0.1324,-0.2827,-1,28.1436,6.7259,28.4612,33.8085,1,15.0,11.3153,-0.1617,1362.8097,1359.1303,1360.97,0.0027,-0.1713,1.1767,1361.1388,-1,3040504,25170.7,0,0.5789,-1,-0.709,0.2509,0
2026-05-26 13:51:00,1358.7,1359.0,1358.2,1358.2,13920,1359.7072,1360.4204,1360.654,-1,-0.5519,-0.2163,-0.3357,-1,30.5455,6.3917,27.0467,32.3946,1,7.5,9.9691,-0.2204,1362.7494,1358.7306,1360.74,0.003,-0.132,1.1498,1360.8698,-1,3026584,22382.55,0,0.625,-1,-0.7309,0.2288,0
2026-05-26 13:52:00,1358.0,1358.4,1357.5,1357.6,12120,1359.2857,1360.164,1360.5343,-1,-0.7008,-0.3132,-0.3876,-1,33.1113,6.0287,29.9278,29.7176,1,2.2727,8.2576,-0.2498,1362.986,1358.144,1360.565,0.0036,-0.1124,1.132,1360.724,-1,3014464,21194.7,0,0.4444,-1,-0.7747,0.1845,0
2026-05-26 13:53:00,1357.5,1358.2,1357.2,1357.4,15259,1358.9086,1359.9128,1360.4114,-1,-0.8254,-0.4156,-0.4097,-1,35.6224,5.6451,29.9324,28.8615,1,4.2553,4.676,-0.2499,1363.1026,1357.6174,1360.36,0.004,-0.0396,1.1226,1360.5278,-1,2999205,19977.7,0,0.1,-1,-0.7894,0.1697,1
2026-05-26 13:54:00,1357.8,1358.8,1357.1,1358.8,16684,1358.8869,1359.8116,1360.3482,-1,-0.8019,-0.4929,-0.309,-1,36.709,8.7386,26.8093,41.5546,0,37.7778,14.7686,-0.1029,1362.9144,1357.4856,1360.2,0.004,0.2421,1.1638,1360.3396,-1,3015889,19408.5,0,0.5882,1,-0.687,0.273,0
2026-05-26 13:55:00,1358.3,1358.9,1358.3,1358.3,14089,1358.7695,1359.6742,1360.2679,-1,-0.8142,-0.5571,-0.2571,-1,37.5213,9.041,25.7866,38.886,0,26.6667,22.8999,-0.213,1362.7898,1357.2802,1360.035,0.0041,0.1851,1.1235,1360.2428,-1,3001800,19676.6,0,0.0,1,-0.7236,0.2361,1
2026-05-26 13:56:00,1358.4,1358.7,1358.3,1358.6,4689,1358.7356,1359.5765,1360.2024,-1,-0.7907,-0.6038,-0.1868,-1,38.2756,8.8,25.0993,41.3209,0,33.3333,32.5926,-0.1983,1362.5723,1357.1777,1359.875,0.004,0.2637,1.0719,1360.1445,-1,3006489,18988.9,0,0.5,1,-0.7017,0.2583,0
2026-05-26 13:57:00,1358.8,1358.8,1358.2,1358.3,6333,1358.6485,1359.4605,1360.1278,-1,-0.7872,-0.6405,-0.1467,-1,38.976,8.4367,24.0631,39.6209,0,27.2727,29.0909,-0.1397,1362.3685,1357.0515,1359.71,0.0039,0.2348,1.0381,1360.0654,-1,3000156,18690.3,0,0.8333,-1,-0.7236,0.2361,0
2026-05-26 13:58:00,1358.5,1358.5,1357.2,1357.8,17764,1358.4788,1359.3095,1360.0366,-1,-0.8153,-0.6755,-0.1399,-1,40.3149,7.6955,28.7075,36.8963,0,15.9091,25.5051,-0.1544,1362.2303,1356.8497,1359.54,0.004,0.1766,1.0569,1359.9126,-1,2982392,18774.3,0,0.5385,-1,-0.7601,0.1992,1
2026-05-26 13:59:00,1357.8,1358.5,1357.7,1358.0,10627,1358.383,1359.1905,1359.9567,-1,-0.8121,-0.7028,-0.1093,-1,41.5582,7.272,27.1279,38.7118,0,20.9302,21.3707,-0.1177,1362.0368,1356.7232,1359.38,0.0039,0.2403,1.0385,1359.8239,-1,2993019,18809.9,0,0.25,1,-0.7455,0.214,0
2026-05-26 14:00:00,1358.0,1358.3,1357.4,1357.4,10870,1358.1864,1359.0277,1359.8564,-1,-0.8483,-0.7319,-0.1164,-1,42.8959,6.8175,27.5157,35.4196,0,6.9767,14.6054,-0.081,1361.9326,1356.4974,1359.215,0.004,0.1661,1.0286,1359.704,-1,2982149,18476.2,0,0.6667,-1,-0.7894,0.1697,0
2026-05-26 14:01:00,1357.4,1357.7,1357.0,1357.0,6593,1357.9491,1358.8434,1359.7444,-1,-0.8988,-0.7653,-0.1335,-1,44.3654,6.4784,28.9895,33.3814,1,0.0,9.3023,-0.0884,1361.7256,1356.2844,1359.005,0.004,0.1315,1.0051,1359.6192,-1,2975556,18266.95,0,0.5714,-1,-0.8186,0.1402,1
2026-05-26 14:02:00,1357.0,1357.4,1357.0,1357.4,10098,1357.8393,1358.7122,1359.6525,-1,-0.8962,-0.7915,-0.1048,-1,45.7299,6.286,28.1284,37.2689,0,11.7647,6.2472,-0.0147,1361.4691,1356.1809,1358.825,0.0039,0.2305,0.9619,1359.4757,-1,2985654,17844.35,0,1.0,1,-0.7894,0.1697,0
2026-05-26 14:03:00,1357.3,1357.6,1356.2,1356.2,10763,1357.5114,1358.4838,1359.5171,-1,-0.9797,-0.8291,-0.1506,-1,47.406,5.6531,31.0497,31.3571,1,0.0,3.9216,-0.0884,1361.3112,1355.8788,1358.595,0.004,0.0591,0.9932,1359.3586,-1,2974891,18007.85,0,0.7857,-1,-0.8771,0.0812,1
2026-05-26 14:04:00,1356.6,1357.2,1356.6,1357.2,30824,1357.4492,1358.3671,1359.4262,-1,-0.9542,-0.8541,-0.1001,-1,48.9624,5.2467,28.8178,39.9111,0,35.7143,15.8263,-0.1178,1361.1212,1355.7688,1358.445,0.0039,0.2674,0.9937,1359.1411,-1,3005715,19126.0,1,1.0,1,-0.804,0.155,0
2026-05-26 14:05:00,1357.1,1357.2,1356.6,1356.6,35012,1357.2793,1358.2064,1359.3154,-1,-0.9712,-0.8776,-0.0937,-1,50.4076,5.0139,27.5387,36.9369,0,14.8148,16.843,-0.1252,1360.6875,1355.7425,1358.215,0.0036,0.1734,0.9656,1358.7184,-1,2970703,18946.2,1,0.8333,-1,-0.8478,0.1107,1
2026-05-26 14:06:00,1357.1,1357.9,1356.7,1357.5,17518,1357.3235,1358.1422,1359.2442,-1,-0.9017,-0.8824,-0.0193,-1,49.982,9.5966,24.9543,43.7127,0,48.1481,32.8924,-0.081,1360.0664,1355.9836,1358.025,0.003,0.3714,0.9895,1358.301,-1,2988221,17093.9,0,0.3333,1,-0.782,0.1771,1
2026-05-26 14:07:00,1357.5,1358.8,1357.5,1358.1,48718,1357.4788,1358.1384,1359.1993,-1,-0.7891,-0.8637,0.0747,1,47.8493,15.0703,22.6638,47.7438,0,70.3704,44.4444,-0.0147,1359.7028,1356.1372,1357.92,0.0026,0.5505,1.0116,1358.077,1,3036939,17915.15,1,0.4615,1,-0.7382,0.2214,1
2026-05-26 14:08:00,1358.2,1358.7,1358.1,1358.2,89073,1357.623,1358.144,1359.1601,-1,-0.6839,-0.8278,0.1439,1,45.8689,14.4128,21.6749,48.4069,0,74.0741,64.1975,0.0295,1359.3781,1356.2919,1357.835,0.0023,0.6183,0.9822,1357.9864,1,3126012,20915.9,1,0.0,1,-0.7309,0.2288,0
2026-05-26 14:09:00,1358.6,1358.6,1356.6,1357.0,21923,1357.4984,1358.04,1359.0754,-1,-0.6894,-0.8001,0.1107,1,45.4311,12.461,28.8961,41.5865,0,30.7692,58.4046,-0.0736,1359.0577,1356.3523,1357.705,0.002,0.2394,1.0549,1357.8532,-1,3104089,20835.9,0,0.8,-1,-0.8186,0.1402,0
2026-05-26 14:10:00,1357.0,1357.0,1355.4,1355.4,33920,1357.0787,1357.8,1358.9313,-1,-0.8135,-0.8028,-0.0107,-1,45.7762,11.1591,33.713,34.5887,1,0.0,34.9478,-0.1473,1359.184,1355.916,1357.55,0.0024,-0.1579,1.0939,1357.6514,-1,3070169,21339.85,1,1.0,-1,-0.9355,0.0221,0
2026-05-26 14:11:00,1355.3,1355.8,1355.1,1355.2,27495,1356.703,1357.5636,1358.785,-1,-0.9174,-0.8257,-0.0917,-1,46.2562,10.6356,34.142,33.8226,1,2.7027,11.1573,-0.1326,1359.2974,1355.5026,1357.4,0.0028,-0.0798,1.0657,1357.483,-1,3042674,22018.6,0,0.1429,-1,-0.9502,0.0074,1
2026-05-26 14:12:00,1355.1,1356.5,1355.1,1356.0,682107,1356.5624,1357.4215,1358.6757,-1,-0.9245,-0.8454,-0.0791,-1,45.5974,14.2483,31.0086,39.5869,0,24.3243,9.009,-0.1031,1359.3096,1355.3304,1357.32,0.0029,0.1683,1.0896,1356.4862,-1,3724781,55517.95,1,0.6429,1,-0.8917,0.0664,0
2026-05-26 14:13:00,1356.0,1356.3,1355.7,1355.7,6460,1356.3899,1357.265,1358.5591,-1,-0.9435,-0.8651,-0.0784,-1,44.9857,13.6693,29.7485,38.2417,0,16.2162,14.4144,-0.0369,1359.3452,1355.1248,1357.235,0.0031,0.1363,1.0546,1356.4674,-1,3718321,55078.0,0,0.5,-1,-0.9136,0.0443,1
2026-05-26 14:14:00,1356.2,1356.3,1355.5,1356.2,4487,1356.3519,1357.1682,1358.4665,-1,-0.9077,-0.8736,-0.0341,-1,44.5639,12.9156,29.4867,41.792,0,29.7297,23.4234,-0.0737,1359.1323,1355.0777,1357.105,0.003,0.2768,1.0365,1356.4384,-1,3722808,54468.15,0,0.0,1,-0.8771,0.0812,1
2026-05-26 14:15:00,1356.4,1356.5,1356.0,1356.3,5614,1356.3415,1357.0892,1358.3816,-1,-0.8614,-0.8712,0.0098,1,43.8362,13.8848,28.4316,42.5039,0,32.4324,26.1261,-0.0221,1358.9834,1355.0266,1357.005,0.0029,0.3218,0.9981,1356.4106,-1,3728422,54044.4,0,0.2,-1,-0.8698,0.0886,0
2026-05-26 14:16:00,1356.3,1356.4,1356.0,1356.1,5968,1356.2932,1356.9993,1358.2921,-1,-0.8312,-0.8632,0.0319,1,43.1605,13.4695,27.5814,41.413,0,27.027,29.7297,-0.1031,1358.7525,1355.0075,1356.88,0.0028,0.2917,0.9554,1356.4001,-1,3722454,54108.35,0,0.5,-1,-0.8844,0.0738,1
2026-05-26 14:17:00,1356.1,1357.4,1356.0,1356.6,12312,1356.3546,1356.963,1358.2257,-1,-0.7582,-0.8422,0.0839,1,40.9593,19.3408,24.7874,45.1997,0,40.5405,33.3333,-0.1104,1358.5528,1355.0372,1356.795,0.0026,0.4445,0.9872,1356.3913,1,3734766,54407.3,0,0.3571,1,-0.8478,0.1107,1
2026-05-26 14:18:00,1357.0,1357.4,1356.7,1356.7,6522,1356.4237,1356.9391,1358.1659,-1,-0.6844,-0.8106,0.1262,1,38.9152,18.2059,23.3328,45.9521,0,43.2432,36.9369,-0.1104,1358.4363,1355.0437,1356.74,0.0025,0.4882,0.9738,1356.3708,1,3741288,53845.2,0,0.4286,-1,-0.8405,0.1181,1
2026-05-26 14:19:00,1357.0,1357.9,1356.6,1357.5,56625,1356.6389,1356.9901,1358.1398,-1,-0.555,-0.7595,0.2045,1,36.3204,20.0922,21.1599,51.6692,0,64.8649,49.5495,0.0368,1358.35,1355.08,1356.715,0.0024,0.7401,0.9971,1356.4033,1,3797913,56145.1,0,0.3846,1,-0.782,0.1771,1
2026-05-26 14:20:00,1357.9,1357.9,1357.5,1357.6,6771,1356.8311,1357.0455,1358.1186,-1,-0.4393,-0.6955,0.2562,1,33.911,19.4908,20.5265,52.3477,0,67.5676,58.5586,0.1623,1358.3789,1355.0711,1356.725,0.0024,0.7645,0.9544,1356.3983,1,3804684,55940.15,0,0.75,-1,-0.7747,0.1845,1
2026-05-26 14:21:00,1357.5,1358.0,1357.5,1357.8,10657,1357.0249,1357.1141,1358.1061,-1,-0.3276,-0.6219,0.2942,1,31.529,19.5105,19.7314,53.7463,0,75.0,69.1441,0.1919,1358.4811,1355.0489,1356.765,0.0025,0.8016,0.922,1356.4064,1,3815341,56143.35,0,0.6,1,-0.7601,0.1992,1
2026-05-26 14:22:00,1357.8,1358.0,1357.5,1357.9,13825,1357.1999,1357.1856,1358.0981,1,-0.2285,-0.5432,0.3147,1,29.3171,18.7292,18.9412,54.466,0,80.0,74.1892,0.1401,1358.5562,1355.0238,1356.79,0.0026,0.8142,0.8918,1356.4158,1,3829166,56329.7,0,0.2,1,-0.7528,0.2066,1
2026-05-26 14:23:00,1357.9,1358.2,1357.5,1358.1,17928,1357.3799,1357.2687,1358.0981,1,-0.1322,-0.461,0.3288,1,27.4973,19.2896,17.8627,55.9424,0,96.7742,83.9247,0.177,1358.7172,1355.0528,1356.885,0.0027,0.8316,0.8781,1356.4374,1,3847094,56687.95,0,0.2857,1,-0.7382,0.2214,1
2026-05-26 14:24:00,1358.0,1358.6,1357.7,1358.6,59959,1357.624,1357.3897,1358.1178,1,-0.0154,-0.3719,0.3565,1,26.3995,21.1278,16.5574,59.4797,0,100.0,92.2581,0.177,1358.9313,1354.9787,1356.955,0.0029,0.9162,0.8797,1356.5185,1,3907053,58144.7,0,0.6667,1,-0.7017,0.2583,1
2026-05-26 14:25:00,1358.6,1358.9,1358.0,1358.9,33965,1357.8792,1357.527,1358.1485,1,0.1002,-0.2775,0.3777,1,25.7886,22.0183,15.3494,61.4781,0,100.0,98.9247,0.1917,1359.2111,1354.9289,1357.07,0.0032,0.9273,0.8812,1356.5709,1,3941018,58092.35,0,0.3333,1,-0.6797,0.2804,0
2026-05-26 14:26:00,1358.8,1359.1,1358.3,1358.5,46985,1358.0033,1357.6155,1358.1623,1,0.1577,-0.1904,0.3482,1,25.4833,22.2129,14.3474,57.4123,0,83.3333,94.4444,0.177,1359.3441,1354.8959,1357.12,0.0033,0.8102,0.8754,1356.6405,1,3894033,59565.7,0,0.375,-1,-0.709,0.2509,0
2026-05-26 14:27:00,1358.5,1358.7,1356.3,1356.7,89167,1357.7427,1357.5322,1358.1049,1,0.0574,-0.1409,0.1983,1,24.9442,18.3441,26.3627,43.4778,0,33.3333,72.2222,0.0074,1359.234,1354.866,1357.05,0.0032,0.4199,0.9843,1356.6244,1,3804866,61588.15,0,0.75,-1,-0.8405,0.1181,1
2026-05-26 14:28:00,1356.8,1357.0,1356.1,1356.9,34169,1357.5741,1357.4748,1358.0577,1,-0.0059,-0.1139,0.108,1,24.6416,17.1386,26.0906,45.073,0,29.0323,48.5663,0.0147,1359.1047,1354.8653,1356.985,0.0031,0.4799,0.9782,1356.4963,1,3839035,58842.95,0,0.1111,1,-0.8259,0.1328,1
2026-05-26 14:29:00,1356.8,1357.9,1356.3,1357.9,70104,1357.6393,1357.5134,1358.0515,1,0.0244,-0.0862,0.1106,1,23.1477,21.5095,23.1749,52.319,0,61.2903,41.2186,0.0295,1359.1869,1354.8731,1357.03,0.0032,0.7017,1.0227,1356.5299,1,3909139,61252.0,0,0.6875,1,-0.7528,0.2066,0
2026-05-26 14:30:00,1357.9,1357.9,1357.0,1357.5,85637,1357.6114,1357.5122,1358.0299,1,0.0159,-0.0658,0.0817,1,21.7605,20.1457,21.7055,49.5057,0,48.3871,46.2366,-0.0074,1359.165,1355.105,1357.135,0.003,0.5899,1.0139,1356.6086,1,3823502,63837.85,0,0.4444,-1,-0.782,0.1771,0
2026-05-26 14:31:00,1357.7,1357.8,1357.2,1357.5,62875,1357.5892,1357.5111,1358.0091,1,0.0091,-0.0508,0.0599,1,20.4724,19.2685,20.7604,49.5057,0,46.6667,52.1147,-0.0221,1359.0792,1355.4208,1357.25,0.0027,0.5683,0.9843,1356.6773,1,3886377,65606.85,0,0.3333,-1,-0.782,0.1771,0
2026-05-26 14:32:00,1357.5,1357.6,1357.0,1357.0,21591,1357.4713,1357.4646,1357.9695,1,-0.0363,-0.0479,0.0116,1,19.5347,18.4055,21.3235,45.9257,0,30.0,41.6846,-0.0663,1359.0424,1355.5576,1357.3,0.0026,0.4139,0.9569,1357.5433,-1,3864786,32581.05,0,0.8333,-1,-0.8186,0.1402,1
2026-05-26 14:33:00,1357.0,1358.0,1357.0,1357.4,44173,1357.4571,1357.4588,1357.9472,-1,-0.0395,-0.0462,0.0068,1,18.1889,20.0123,19.7369,49.0971,0,43.3333,40.0,-0.0515,1358.9652,1355.8048,1357.385,0.0023,0.5047,0.96,1357.5538,-1,3908959,34466.7,0,0.4,1,-0.7894,0.1697,0
2026-05-26 14:34:00,1357.7,1357.8,1357.0,1357.3,24995,1357.4256,1357.4443,1357.9218,-1,-0.0495,-0.0469,-0.0026,-1,16.9392,18.8067,18.5479,48.3339,0,40.0,37.7778,-0.0957,1358.9251,1355.9549,1357.44,0.0022,0.4529,0.9485,1357.557,-1,3883964,35492.1,0,0.5,-1,-0.7967,0.1623,0
2026-05-26 14:35:00,1357.3,1357.7,1356.5,1356.6,186570,1357.2605,1357.3676,1357.87,-1,-0.1126,-0.06,-0.0526,-1,16.384,17.1388,20.5982,43.2641,0,16.6667,33.3333,-0.1693,1358.8993,1356.0107,1357.455,0.0021,0.204,0.9665,1357.4345,-1,3697394,44539.9,1,0.5833,-1,-0.8478,0.1107,0
2026-05-26 14:36:00,1356.6,1356.6,1355.1,1355.3,156913,1356.8684,1357.1796,1357.7692,-1,-0.2645,-0.1009,-0.1636,-1,17.3475,15.3109,28.3556,35.7619,0,5.0,20.5556,-0.2356,1359.0401,1355.7899,1357.415,0.0024,-0.1507,1.0046,1357.1755,-1,3540481,52087.15,1,0.8667,-1,-0.9428,0.0148,0
2026-05-26 14:37:00,1355.3,1355.4,1354.0,1354.2,121573,1356.3347,1356.9087,1357.6292,-1,-0.4683,-0.1744,-0.2939,-1,19.0522,13.8285,33.2175,30.8822,1,3.9216,8.5294,-0.1843,1359.4205,1355.1695,1357.295,0.0031,-0.2281,1.0328,1356.9019,-1,3418908,57550.2,1,0.7857,-1,-1.0232,0.0,1
2026-05-26 14:38:00,1354.8,1355.6,1354.5,1354.9,14545,1356.0478,1356.7261,1357.5222,-1,-0.5667,-0.2529,-0.3138,-1,20.3255,13.8717,30.081,36.7928,0,17.6471,8.8562,-0.1474,1359.5634,1354.8466,1357.205,0.0035,0.0113,1.0591,1356.8778,-1,3433453,57951.35,0,0.0909,1,-0.9721,0.0517,1
2026-05-26 14:39:00,1355.4,1355.9,1354.9,1355.0,17415,1355.8382,1356.5692,1357.4233,-1,-0.6294,-0.3282,-0.3012,-1,21.0461,14.9638,28.0441,37.6136,0,19.6078,13.7255,-0.2136,1359.6206,1354.5394,1357.08,0.0037,0.0906,1.0548,1356.8297,-1,3450868,55990.85,0,0.4,-1,-0.9648,0.0591,0
2026-05-26 14:40:00,1354.6,1355.5,1354.5,1354.9,25520,1355.6506,1356.4175,1357.3243,-1,-0.6793,-0.3984,-0.2809,-1,22.0309,13.9468,28.8567,37.0949,0,19.1489,18.8013,-0.1915,1359.6428,1354.2472,1356.945,0.004,0.121,1.0509,1356.783,-1,3425348,56928.3,0,0.3,1,-0.9721,0.0517,1
2026-05-26 14:41:00,1354.5,1355.5,1354.5,1355.5,16539,1355.6205,1356.3341,1357.2528,-1,-0.6628,-0.4513,-0.2115,-1,22.9454,12.9956,26.8886,42.2419,0,37.5,25.4189,-0.1473,1359.568,1354.092,1356.83,0.004,0.2571,1.0473,1356.7505,-1,3441887,57222.4,0,1.0,1,-0.9282,0.096,0
2026-05-26 14:42:00,1355.0,1355.5,1355.0,1355.2,15975,1355.5364,1356.231,1357.1723,-1,-0.6663,-0.4943,-0.172,-1,23.7945,12.5352,25.9361,40.4593,0,30.0,28.883,-0.1326,1359.4746,1353.9154,1356.695,0.0041,0.2311,1.0082,1356.7167,-1,3425912,57329.9,0,0.4,1,-0.9502,0.0738,1
2026-05-26 14:43:00,1354.8,1355.9,1354.8,1355.5,46722,1355.5291,1356.1645,1357.1067,-1,-0.6375,-0.5229,-0.1146,-1,23.8752,14.3802,23.9279,43.0475,0,37.5,35.0,-0.14,1359.3126,1353.8174,1356.565,0.0041,0.3062,1.0148,1356.6458,-1,3472634,58769.6,0,0.6364,1,-0.9282,0.096,0
2026-05-26 14:44:00,1355.2,1355.9,1355.0,1355.4,36695,1355.5033,1356.095,1357.0398,-1,-0.6156,-0.5415,-0.0741,-1,23.95,13.4618,22.3997,42.3861,0,35.0,34.1667,-0.14,1359.0299,1353.7801,1356.405,0.0039,0.3086,1.0066,1356.5211,-1,3435939,57606.4,0,0.2222,1,-0.9355,0.0886,0
2026-05-26 14:45:00,1355.5,1355.5,1354.5,1354.9,13259,1355.3826,1355.9864,1356.9559,-1,-0.6314,-0.5594,-0.0719,-1,24.5359,12.5061,24.3592,39.1473,0,22.5,31.6667,-0.1253,1358.6418,1353.7682,1356.205,0.0036,0.2322,1.0061,1356.4404,-1,3422680,56571.1,0,0.6,-1,-0.9721,0.0517,1
2026-05-26 14:46:00,1354.5,1355.5,1354.5,1355.3,14359,1355.3661,1355.924,1356.8909,-1,-0.6046,-0.5685,-0.0361,-1,25.08,11.6178,22.629,42.9059,0,32.5,30.0,0.0,1358.2689,1353.8211,1356.045,0.0033,0.3325,1.0057,1356.3292,-1,3437039,54939.8,0,0.8,1,-0.9428,0.0812,0
2026-05-26 14:47:00,1355.3,1355.4,1354.8,1355.3,12597,1355.3529,1355.8672,1356.8285,-1,-0.5767,-0.5701,-0.0066,-1,25.5852,11.108,21.6361,42.9059,0,34.2105,29.7368,0.0812,1358.2002,1353.7498,1355.975,0.0033,0.3483,0.9767,1356.236,-1,3449636,51111.3,0,0.0,1,-0.9428,0.0812,0
2026-05-26 14:48:00,1354.9,1355.4,1354.5,1354.5,8800,1355.1823,1355.743,1356.7372,-1,-0.6121,-0.5785,-0.0336,-1,26.3804,10.3727,22.4103,37.5293,0,13.5135,26.7413,-0.0295,1358.1261,1353.5839,1355.855,0.0034,0.2017,0.9712,1356.2085,-1,3440836,49842.85,0,0.4444,-1,-1.0013,0.0222,1
2026-05-26 14:49:00,1354.6,1355.2,1354.3,1354.9,29291,1355.1258,1355.6663,1356.6652,-1,-0.601,-0.583,-0.018,-1,27.3272,9.6825,22.3978,41.4781,0,34.6154,27.4465,-0.0074,1357.8059,1353.6041,1355.705,0.0031,0.3084,0.9661,1356.0805,-1,3470127,47802.2,0,0.3333,1,-0.9576,0.0517,0
2026-05-26 14:50:00,1354.5,1355.0,1354.4,1354.9,7866,1355.0807,1355.5967,1356.5959,-1,-0.5854,-0.5835,-0.0019,-1,28.2064,9.2411,21.3766,41.4781,0,47.3684,31.8324,0.0,1357.5324,1353.6176,1355.575,0.0029,0.3276,0.94,1355.9335,-1,3477993,43913.65,0,0.6667,1,-0.9576,0.0517,0
2026-05-26 14:51:00,1354.3,1355.2,1354.3,1354.5,29958,1354.9645,1355.497,1356.5138,-1,-0.5985,-0.5865,-0.012,-1,28.5167,10.1316,19.9102,38.645,0,12.5,31.4946,-0.0738,1357.2226,1353.6274,1355.425,0.0027,0.2427,0.9371,1355.7721,-1,3448035,42267.8,0,0.2222,1,-0.9796,0.0222,0
2026-05-26 14:52:00,1354.4,1355.0,1354.1,1354.3,16290,1354.8316,1355.3881,1356.4269,-1,-0.6178,-0.5927,-0.025,-1,29.0544,9.4346,20.0692,37.2742,0,11.1111,23.6598,-0.0664,1356.9975,1353.5825,1355.29,0.0025,0.2101,0.9345,1355.7101,-1,3431745,42002.75,0,0.1111,-1,-0.9508,0.0074,0
2026-05-26 14:53:00,1354.7,1355.0,1354.0,1354.0,22741,1354.6653,1355.2619,1356.3318,-1,-0.6498,-0.6042,-0.0457,-1,29.6777,8.717,19.3034,35.254,0,0.0,7.8704,-0.1107,1356.6175,1353.6225,1355.12,0.0022,0.126,0.9391,1355.5771,-1,3409004,40931.15,0,0.7,-1,-0.9727,0.0,1
2026-05-26 14:54:00,1354.4,1354.8,1354.0,1354.8,15239,1354.6922,1355.22,1356.2717,-1,-0.6037,-0.6041,0.0003,1,30.2565,8.1809,18.1163,43.9741,0,42.1053,17.7388,-0.0443,1356.113,1353.877,1354.995,0.0017,0.4128,0.9292,1355.5021,-1,3424243,40443.35,0,0.5,1,-0.8852,0.0591,0
2026-05-26 14:55:00,1354.5,1355.0,1354.0,1354.4,30150,1354.6338,1355.1454,1356.1983,-1,-0.5926,-0.6018,0.0092,1,30.2111,9.0846,16.7312,41.0007,0,21.0526,21.0526,-0.0369,1355.7551,1354.0149,1354.885,0.0013,0.2213,0.9343,1355.045,-1,3394093,32622.35,0,0.1,-1,-0.871,0.0295,1
2026-05-26 14:56:00,1354.9,1355.2,1354.0,1354.5,65815,1354.607,1355.0867,1356.1317,-1,-0.5692,-0.5953,0.0261,1,29.6137,9.7663,15.2268,42.0556,0,26.3158,29.8246,-0.059,1355.7087,1353.9813,1354.845,0.0013,0.3003,0.9532,1354.8151,-1,3459908,28067.45,1,0.3333,-1,-0.7838,0.0369,1
2026-05-26 14:57:00,1354.6,1355.7,1354.4,1355.6,21136,1354.8056,1355.1334,1356.1108,-1,-0.4566,-0.5675,0.1109,1,27.8492,12.4908,13.7811,52.1832,0,84.2105,43.8596,0.0221,1355.7851,1354.0449,1354.915,0.0013,0.8936,0.978,1354.9086,1,3481044,23045.6,0,0.7692,1,-0.6668,0.1182,0
2026-05-26 14:58:00,1355.2,1356.1,1355.2,1355.4,19677,1354.9245,1355.1576,1356.083,-1,-0.3792,-0.5299,0.1507,1,26.3106,14.6032,12.87,50.4564,0,66.6667,59.0643,0.0664,1355.8353,1354.0447,1354.94,0.0013,0.7569,0.9724,1354.9336,1,3461367,23302.2,0,0.2222,1,-0.6815,0.1034,0
2026-05-26 14:59:00,1355.4,1355.4,1355.0,1355.3,9235,1354.9996,1355.1706,1356.0523,-1,-0.3221,-0.4883,0.1662,1,24.4684,14.1553,14.0088,49.5731,0,61.9048,70.9273,0.0295,1355.8638,1354.0462,1354.955,0.0013,0.6898,0.9316,1354.927,1,3452132,22893.2,0,0.25,-1,-0.6888,0.096,0
2026-05-26 15:00:00,1355.0,1355.1,1354.9,1355.1,84578,1355.0197,1355.1642,1356.0149,-1,-0.2897,-0.4486,0.1589,1,22.8881,13.7027,14.3603,47.7719,0,52.381,60.3175,0.0148,1355.8755,1354.0545,1354.965,0.0013,0.5741,0.8936,1354.9424,1,3367554,25846.1,1,0.5,1,-0.7035,0.0812,0
2026-05-26 15:01:00,1355.1,1355.3,1355.0,1355.1,29688,1355.0357,1355.1583,1355.979,-1,-0.261,-0.4111,0.1501,1,21.5084,15.0361,13.9988,47.7719,0,52.381,55.5556,0.0443,1355.8247,1354.0653,1354.945,0.0013,0.5881,0.8512,1354.9461,1,3397242,26503.55,0,0.0,1,-0.7035,0.0812,1
2026-05-26 15:02:00,1355.3,1355.5,1355.0,1355.5,153168,1355.1286,1355.1894,1355.9603,-1,-0.2037,-0.3696,0.1659,1,20.6309,16.1153,13.3936,51.8315,0,71.4286,58.7302,0.0886,1355.8664,1354.0536,1354.96,0.0013,0.7979,0.8261,1355.0281,1,3550410,33363.2,1,0.4,1,-0.6741,0.1108,1
2026-05-26 15:03:00,1355.2,1357.4,1354.9,1355.6,320366,1355.2229,1355.2267,1355.9461,-1,-0.1484,-0.3254,0.1769,1,22.2465,27.4235,10.8644,52.8189,0,47.0588,56.9561,0.1182,1355.8843,1354.0457,1354.965,0.0014,0.8454,0.9457,1355.3292,1,3870776,47045.4,1,0.16,1,-0.6668,0.1182,0
2026-05-26 15:04:00,1354.3,1355.6,1353.7,1355.6,195430,1355.2983,1355.2607,1355.9326,1,-0.1035,-0.281,0.1775,1,21.668,23.7525,17.8646,52.8189,0,51.3514,56.6129,0.059,1355.9171,1354.0329,1354.975,0.0014,0.8317,1.0138,1355.2613,1,4066206,54982.15,1,0.6842,1,-0.6668,0.1182,0
2026-05-26 15:05:00,1354.9,1356.4,1354.5,1354.7,228345,1355.1786,1355.2097,1355.8842,-1,-0.1389,-0.2526,0.1137,1,21.9114,26.0649,15.6137,43.5097,0,27.027,41.8124,0.0222,1355.9143,1354.0157,1354.965,0.0014,0.3604,1.0771,1355.2536,-1,3837861,65736.45,1,0.1053,-1,-0.7328,0.0517,0
2026-05-26 15:06:00,1354.4,1354.8,1353.0,1354.1,375495,1354.9629,1355.1088,1355.8142,-1,-0.2129,-0.2446,0.0318,1,20.3819,23.0959,23.3273,38.6225,0,25.0,34.4595,-0.0295,1355.9119,1353.8981,1354.905,0.0015,0.1003,1.1288,1354.9666,-1,3462366,83793.25,1,0.1667,-1,-0.7476,0.0074,1
2026-05-26 15:07:00,1354.1,1356.4,1353.3,1355.9,283153,1355.1503,1355.1807,1355.8176,-1,-0.1248,-0.2207,0.0958,1,20.2558,28.0697,19.2587,54.9653,0,65.9091,39.312,0.0221,1356.0199,1353.8501,1354.935,0.0016,0.9447,1.2696,1354.9992,1,3745519,97321.05,1,0.5806,1,-0.6157,0.1403,1
2026-05-26 15:08:00,1356.0,1358.2,1356.0,1358.2,393260,1355.7603,1355.4552,1355.911,1,0.1291,-0.1507,0.2798,1,21.2274,34.2087,16.9031,67.0414,-1,100.0,63.6364,0.2066,1356.8904,1353.3496,1355.12,0.0026,1.3698,1.3432,1355.4163,1,4138779,116544.05,1,1.0,1,-0.4471,0.3102,1
2026-05-26 15:09:00,1358.1,1360.0,1358.0,1360.0,494205,1356.6082,1355.8684,1356.0714,1,0.4701,-0.0266,0.4966,1,22.9225,39.9423,15.166,73.1169,-1,100.0,88.6364,0.3468,1358.1368,1352.6132,1355.375,0.0041,1.3373,1.3901,1356.1152,1,4632984,139789.75,1,0.95,1,-0.264,0.4431,0
2026-05-26 15:10:00,1360.2,1360.2,1356.4,1357.1,284230,1356.7066,1355.9803,1356.1117,1,0.5006,0.0789,0.4217,1,23.0633,33.0025,19.8466,55.3985,0,56.9444,85.6481,0.1476,1358.3362,1352.6338,1355.485,0.0042,0.7832,1.5622,1356.2837,1,4348754,153607.95,1,0.8158,-1,-0.4694,0.229,0
2026-05-26 15:11:00,1357.1,1357.9,1355.4,1356.3,248841,1356.6253,1356.0094,1356.1191,1,0.4549,0.1541,0.3008,1,22.4337,29.3852,22.0555,51.6781,0,45.8333,67.5926,0.0886,1358.4097,1352.7403,1355.575,0.0042,0.6279,1.6292,1356.3173,-1,4099913,164552.1,1,0.32,-1,-0.5062,0.1699,1
2026-05-26 15:12:00,1357.1,1357.7,1356.5,1357.1,110801,1356.7202,1356.1085,1356.1576,1,0.4778,0.2188,0.259,1,21.849,27.5632,20.688,54.9372,0,56.9444,53.2407,0.118,1358.5605,1352.8695,1355.715,0.0042,0.7434,1.6128,1356.3519,1,4210714,169277.65,0,0.0,1,-0.4475,0.229,0
2026-05-26 15:13:00,1357.2,1357.8,1356.5,1356.9,68057,1356.7562,1356.1805,1356.1867,1,0.4743,0.2699,0.2044,1,21.3661,26.4031,19.4802,53.9574,0,54.1667,52.3148,0.0959,1358.6359,1353.0841,1355.86,0.0041,0.6873,1.5905,1356.3794,1,4142657,171543.45,0,0.2308,-1,-0.4621,0.2142,0
2026-05-26 15:14:00,1356.9,1356.9,1354.8,1354.8,71259,1356.3649,1356.055,1356.1323,1,0.2987,0.2757,0.023,1,20.0115,23.9687,25.148,44.9021,0,25.0,45.3704,-0.059,1358.6359,1353.0841,1355.86,0.0041,0.3091,1.6269,1356.3695,-1,4071398,174344.45,0,1.0,-1,-0.6162,0.0591,1
2026-05-26 15:15:00,1354.9,1355.7,1354.8,1355.6,71104,1356.2119,1356.0136,1356.1114,1,0.2215,0.2648,-0.0434,-1,18.7536,22.9904,24.1215,48.4513,0,36.1111,38.4259,0.0664,1358.6179,1353.2221,1355.92,0.004,0.4407,1.575,1356.3656,-1,4142502,176392.15,0,0.7778,1,-0.5575,0.1182,1
2026-05-26 15:16:00,1355.6,1356.1,1355.6,1356.1,81182,1356.1896,1356.0215,1356.111,1,0.1983,0.2515,-0.0532,-1,17.5338,24.3494,23.5465,50.5934,0,43.0556,34.7222,0.1477,1358.6184,1353.3816,1356.0,0.0039,0.5191,1.4982,1356.3891,-1,4223684,177160.5,0,1.0,1,-0.5208,0.1551,0
2026-05-26 15:17:00,1356.0,1356.1,1356.0,1356.0,63052,1356.1516,1356.0195,1356.1066,1,0.17,0.2352,-0.0652,-1,16.4011,24.225,23.4262,50.1445,0,41.6667,40.2778,0.0074,1358.632,1353.408,1356.02,0.0039,0.4962,1.3983,1356.3896,-1,4160632,179256.3,0,0.0,1,-0.5282,0.1477,1
2026-05-26 15:18:00,1356.0,1356.4,1356.0,1356.3,79535,1356.1813,1356.045,1356.1142,1,0.1698,0.2221,-0.0524,-1,15.5844,25.3183,22.9218,51.5336,0,45.8333,43.5185,-0.1399,1358.6637,1353.4663,1356.065,0.0038,0.5452,1.327,1356.3907,-1,4240167,182249.2,0,0.75,1,-0.5062,0.1699,0
2026-05-26 15:19:00,1356.1,1356.1,1354.7,1355.0,56880,1355.9451,1355.95,1356.0705,-1,0.064,0.1905,-0.1265,-1,15.1294,23.1693,27.8725,45.6042,0,27.7778,38.4259,-0.3676,1358.6695,1353.4305,1356.05,0.0039,0.2996,1.3465,1356.3762,-1,4183287,184631.45,0,0.7857,-1,-0.6015,0.0739,1
2026-05-26 15:20:00,1355.0,1355.2,1354.9,1355.2,32944,1355.796,1355.8818,1356.0364,-1,-0.0037,0.1517,-0.1554,-1,14.7069,22.7789,27.4029,46.6217,0,27.5362,33.7158,-0.14,1358.6676,1353.4424,1356.055,0.0039,0.3364,1.2718,1356.3959,-1,4216231,182049.75,0,0.6667,1,-0.5869,0.0886,1
2026-05-26 15:21:00,1355.1,1355.9,1355.1,1355.6,46768,1355.7568,1355.8562,1356.0193,-1,-0.0248,0.1164,-0.1412,-1,13.7076,25.7662,26.1381,48.6891,0,16.3636,23.8925,-0.0516,1358.665,1353.495,1356.08,0.0038,0.4072,1.2381,1356.3951,-1,4262999,182903.75,0,0.625,1,-0.5575,0.1182,1
2026-05-26 15:22:00,1355.5,1356.2,1355.5,1356.2,88361,1355.8455,1355.8875,1356.0264,-1,0.0069,0.0945,-0.0876,-1,12.9267,26.4785,25.0486,51.7103,0,27.2727,23.7242,-0.0663,1358.6866,1353.5434,1356.115,0.0038,0.5165,1.1996,1356.4298,-1,4351360,179663.4,0,1.0,1,-0.5135,0.1625,0
2026-05-26 15:23:00,1355.8,1356.1,1355.8,1355.9,73273,1355.8564,1355.8886,1356.0214,-1,0.0076,0.0771,-0.0695,-1,12.2016,25.8164,24.4222,50.1212,0,21.8182,21.8182,-0.0737,1358.6929,1353.5671,1356.13,0.0038,0.4551,1.1425,1356.4633,-1,4278087,167308.75,0,0.3333,1,-0.5282,0.1403,0
2026-05-26 15:24:00,1355.9,1356.0,1355.5,1355.7,68753,1355.8251,1355.8715,1356.0088,-1,-0.0078,0.0601,-0.0679,-1,11.4156,24.9756,25.5809,49.0393,0,31.25,26.7803,0.0664,1358.6941,1353.5759,1356.135,0.0038,0.415,1.0966,1356.5386,-1,4209334,160974.9,0,0.4,-1,-0.5356,0.1256,1
2026-05-26 15:25:00,1356.0,1356.2,1355.7,1355.9,67951,1355.8401,1355.8741,1356.0045,-1,-0.0039,0.0473,-0.0512,-1,10.7098,25.4847,24.7141,50.197,0,38.7097,30.5926,0.0221,1358.6717,1353.7183,1356.195,0.0037,0.4404,1.054,1356.625,-1,4277285,152955.2,0,0.2,-1,-0.5136,0.1403,1
2026-05-26 15:26:00,1356.0,1356.8,1356.0,1356.6,89143,1355.9921,1355.9401,1356.0279,1,0.0551,0.0489,0.0062,1,10.6188,28.0229,23.1909,54.1254,0,61.2903,43.75,0.0369,1358.6061,1354.0339,1356.32,0.0034,0.5612,1.043,1356.9799,-1,4366428,138637.6,0,0.75,1,-0.4622,0.192,0
2026-05-26 15:27:00,1357.0,1358.4,1356.3,1356.6,93307,1356.1137,1356.0,1356.0503,1,0.1007,0.0593,0.0415,1,11.7456,34.4826,20.0808,54.1254,0,51.3514,50.4505,0.0442,1358.6358,1354.0742,1356.355,0.0034,0.5537,1.1185,1357.1794,-1,4459735,129145.3,0,0.1905,-1,-0.4622,0.192,1
2026-05-26 15:28:00,1356.5,1357.3,1356.3,1357.0,68315,1356.2909,1356.091,1356.0876,1,0.1672,0.0808,0.0863,1,12.792,32.2637,18.7886,56.4044,0,62.1622,58.2679,0.0516,1358.4374,1354.1526,1356.295,0.0032,0.6645,1.11,1357.1199,-1,4528050,112898.05,0,0.5,1,-0.4329,0.2216,0
2026-05-26 15:29:00,1356.9,1357.0,1356.0,1357.0,29345,1356.4327,1356.1736,1356.1233,1,0.2174,0.1081,0.1092,1,13.4103,30.1728,19.5152,56.4044,0,62.1622,58.5586,0.1476,1357.5066,1354.7834,1356.145,0.002,0.814,1.1022,1356.5024,1,4557395,89655.05,0,0.1,1,-0.4329,0.2216,0
2026-05-27 09:15:00,1358.0,1358.0,1354.1,1355.9,0,1356.3262,1356.1487,1356.1146,1,0.1664,0.1198,0.0466,1,12.7478,23.7172,25.7632,48.69,0,41.8605,55.3949,0.0517,1357.3769,1354.7931,1356.085,0.0019,0.4284,1.302,1356.2392,-1,4557395,75443.55,0,0.5385,-1,-0.5136,0.1403,1
2026-05-27 09:16:00,1356.5,1357.0,1356.0,1356.0,71348,1356.261,1356.1352,1356.1101,1,0.1326,0.1224,0.0103,1,12.1326,22.27,24.1911,49.3679,0,44.186,49.4029,0.0295,1357.3586,1354.7814,1356.07,0.0019,0.4728,1.2876,1356.1893,-1,4628743,66568.9,0,0.5,-1,-0.5063,0.1477,0
2026-05-27 09:17:00,1356.7,1356.7,1353.8,1354.3,98941,1355.8688,1355.9684,1356.0391,-1,-0.031,0.0917,-0.1227,-1,13.0713,18.9814,31.8212,39.7518,0,10.8696,32.3054,-0.1401,1357.3429,1354.5171,1355.93,0.0021,-0.0768,1.4028,1356.0186,-1,4529802,65975.9,0,0.8276,-1,-0.631,0.0222,0
2026-05-27 09:18:00,1354.5,1354.8,1351.4,1352.0,79339,1355.095,1355.6076,1355.8807,-1,-0.3423,0.0049,-0.3472,-1,15.0411,15.9985,37.9133,30.9641,1,8.5714,21.209,-0.2876,1357.843,1353.527,1355.685,0.0032,-0.3538,1.5454,1355.7691,-1,4450463,66540.0,0,0.7353,-1,-0.7998,0.0,1
2026-05-27 09:19:00,1352.3,1354.5,1352.0,1354.1,43499,1354.896,1355.4705,1355.8109,-1,-0.4148,-0.079,-0.3357,-1,16.8703,14.228,33.7176,43.2909,0,38.5714,19.3375,-0.118,1357.8856,1353.4144,1355.65,0.0033,0.1533,1.6136,1355.7092,-1,4493962,65152.0,0,0.72,1,-0.6457,0.1553,1
2026-05-27 09:20:00,1354.1,1357.7,1354.0,1357.1,88791,1355.3368,1355.6187,1355.8614,-1,-0.2275,-0.1087,-0.1188,-1,16.1439,25.0623,28.6621,55.5118,0,81.4286,42.8571,0.0885,1358.0478,1353.4022,1355.725,0.0034,0.796,1.7626,1355.7651,1,4582753,66036.35,0,0.8108,1,-0.4256,0.3772,1
2026-05-27 09:21:00,1357.5,1357.7,1356.2,1357.3,54020,1355.7294,1355.7715,1355.9178,-1,-0.0623,-0.0994,0.0372,1,15.4693,23.5225,26.9011,56.1896,0,84.2857,68.0952,0.0516,1358.2035,1353.3665,1355.785,0.0036,0.8132,1.7439,1355.8089,1,4636773,64678.25,0,0.1333,-1,-0.4109,0.392,0
2026-05-27 09:22:00,1357.1,1357.4,1356.1,1356.9,13551,1355.9636,1355.8741,1355.9564,1,0.036,-0.0723,0.1084,1,14.9008,22.2468,25.8593,54.4043,0,78.5714,81.4286,0.0221,1358.2958,1353.3642,1355.83,0.0036,0.717,1.7122,1355.8084,1,4623222,62203.2,0,0.1538,-1,-0.4402,0.3624,0
2026-05-27 09:23:00,1355.9,1356.4,1355.7,1356.4,38970,1356.0508,1355.9219,1355.9738,1,0.0727,-0.0433,0.116,1,14.6107,21.1088,26.2416,52.1727,0,71.4286,78.0952,-0.0442,1358.305,1353.365,1355.835,0.0036,0.6144,1.6756,1355.7919,1,4584252,60174.95,0,0.7143,1,-0.4769,0.3254,0
2026-05-27 09:24:00,1356.1,1356.4,1355.1,1356.0,44514,1356.0407,1355.929,1355.9748,1,0.0687,-0.0209,0.0897,1,14.6915,19.9199,27.3631,50.3919,0,65.7143,71.9048,-0.0737,1358.3257,1353.4443,1355.885,0.0036,0.5236,1.6488,1355.8185,1,4539738,59556.65,0,0.0769,-1,-0.5063,0.2959,0
2026-05-27 09:25:00,1356.0,1356.0,1354.5,1354.8,30266,1355.7925,1355.8264,1355.9287,-1,-0.0309,-0.0229,-0.008,-1,15.1029,18.6171,28.1896,45.387,0,48.5714,61.9048,-0.0811,1358.3342,1353.3958,1355.865,0.0036,0.2843,1.6381,1355.8201,-1,4509472,59422.75,0,0.8,-1,-0.5943,0.2071,1
2026-05-27 09:26:00,1354.8,1355.3,1354.5,1355.2,11317,1355.674,1355.7694,1355.9001,-1,-0.0767,-0.0337,-0.043,-1,15.4849,17.943,27.169,47.2671,0,57.5758,57.2872,-0.059,1358.3289,1353.3611,1355.845,0.0037,0.3702,1.5783,1355.8237,-1,4520789,57650.2,0,0.5,1,-0.565,0.2367,0
2026-05-27 09:27:00,1355.0,1355.0,1354.1,1354.1,22339,1355.3592,1355.6177,1355.8295,-1,-0.1995,-0.0668,-0.1326,-1,16.0751,17.03,27.6368,42.8938,0,40.9091,49.0188,-0.0148,1358.3303,1353.1497,1355.74,0.0038,0.1834,1.5441,1355.7828,-1,4498450,54349.1,0,1.0,-1,-0.6457,0.1553,0
2026-05-27 09:28:00,1354.1,1354.2,1353.9,1353.9,35003,1355.0674,1355.4615,1355.7539,-1,-0.3093,-0.1153,-0.194,-1,16.7419,16.7792,28.2116,42.1306,0,37.8788,45.4545,0.1405,1358.3495,1352.9305,1355.64,0.004,0.1789,1.4552,1355.7128,-1,4463447,52435.6,0,0.6667,-1,-0.6604,0.1405,1
2026-05-27 09:29:00,1353.5,1356.7,1353.4,1356.7,46157,1355.3939,1355.5741,1355.791,-1,-0.1685,-0.126,-0.0425,-1,15.7648,25.5391,24.0214,54.3716,0,84.127,54.305,0.192,1358.4387,1352.9413,1355.69,0.0041,0.6837,1.587,1355.7064,1,4509604,51305.8,0,0.9697,1,-0.4549,0.3476,0
2026-05-27 09:30:00,1355.8,1356.1,1353.4,1354.0,50217,1355.1151,1355.431,1355.7207,-1,-0.2716,-0.1551,-0.1165,-1,14.8575,22.0174,20.7089,44.5792,0,41.2698,54.4252,-0.2284,1358.4379,1352.7521,1355.595,0.0042,0.2195,1.7094,1355.631,-1,4459387,50419.1,0,0.6667,-1,-0.653,0.1479,0
2026-05-27 09:31:00,1353.4,1354.0,1353.1,1353.1,15509,1354.7121,1355.2191,1355.618,-1,-0.4211,-0.2083,-0.2128,-1,13.8029,21.1604,21.2003,41.8721,0,26.9841,50.7937,-0.3094,1358.4204,1352.4196,1355.42,0.0044,0.1134,1.6516,1355.5143,-1,4443878,46737.4,0,0.3333,-1,-0.7191,0.0814,0
2026-05-27 09:32:00,1353.1,1353.7,1352.5,1352.5,20542,1354.2697,1354.9719,1355.4957,-1,-0.5813,-0.2829,-0.2984,-1,13.2654,20.0403,22.7248,40.1228,0,8.7719,25.6753,-0.3243,1358.4183,1352.0117,1355.215,0.0047,0.0762,1.6193,1355.2803,-1,4423336,43099.15,0,0.5,-1,-0.7631,0.037,1
2026-05-27 09:33:00,1352.5,1353.6,1352.2,1352.7,64754,1353.9557,1354.7654,1355.3861,-1,-0.6843,-0.3632,-0.3211,-1,12.9821,18.7906,22.6439,41.0075,0,9.0909,14.949,-0.2728,1358.2717,1351.7283,1355.0,0.0048,0.1485,1.6036,1354.9695,-1,4488090,42921.1,1,0.1429,1,-0.7484,0.0518,0
2026-05-27 09:34:00,1352.8,1353.7,1352.0,1352.1,54225,1353.5846,1354.5231,1355.2572,-1,-0.805,-0.4515,-0.3534,-1,12.8657,17.3738,21.8237,39.1392,0,1.7544,6.5391,-0.2876,1358.1234,1351.3866,1354.755,0.005,0.1059,1.6105,1354.7677,-1,4433865,44165.1,0,0.4118,-1,-0.7924,0.0074,1
2026-05-27 09:35:00,1352.0,1352.4,1351.3,1352.2,31915,1353.3077,1354.3119,1355.1373,-1,-0.8824,-0.5377,-0.3447,-1,13.2553,16.5066,23.9108,39.6328,0,14.7541,8.5331,-0.1919,1358.0703,1351.0697,1354.57,0.0052,0.1615,1.5741,1354.67,-1,4465780,45760.85,0,0.1818,1,-0.7851,0.0148,0
2026-05-27 09:36:00,1352.0,1352.5,1351.5,1351.5,33968,1352.9461,1354.0563,1354.9947,-1,-0.9888,-0.6279,-0.3609,-1,13.516,16.2034,22.7968,37.3491,0,3.7037,6.7374,-0.273,1358.0228,1350.6672,1354.345,0.0054,0.1132,1.533,1354.425,-1,4431812,43891.85,0,0.5,-1,-0.8365,0.0,1
2026-05-27 09:37:00,1351.3,1351.6,1350.9,1351.6,61165,1352.6769,1353.833,1354.8615,-1,-1.053,-0.713,-0.34,-1,14.1835,15.6536,24.9317,37.8996,0,12.069,10.1756,-0.1846,1358.0778,1350.3422,1354.21,0.0057,0.1626,1.4735,1354.1425,-1,4492977,42003.05,0,0.4286,1,-0.8291,0.0074,1
2026-05-27 09:38:00,1351.6,1352.8,1351.6,1352.8,37283,1352.7015,1353.7391,1354.7807,-1,-0.9955,-0.7695,-0.2261,-1,13.6299,20.6259,23.4619,44.2324,0,32.7586,16.1771,-0.0812,1358.0413,1350.4587,1354.25,0.0056,0.3088,1.454,1354.2012,-1,4530260,39900.25,0,1.0,1,-0.7411,0.0962,1
2026-05-27 09:39:00,1352.9,1354.9,1352.8,1353.5,45955,1352.8612,1353.7173,1354.7305,-1,-0.8833,-0.7922,-0.0911,-1,13.727,28.5625,21.116,47.5899,0,44.8276,29.8851,-0.2359,1358.025,1350.415,1354.22,0.0056,0.4054,1.5001,1354.2106,-1,4576215,40023.05,0,0.2857,1,-0.6897,0.148,0
2026-05-27 09:40:00,1353.7,1354.3,1353.4,1353.5,11677,1352.989,1353.6976,1354.6822,-1,-0.7853,-0.7909,0.0055,1,13.8172,27.3025,20.1845,47.5899,0,44.8276,40.8046,-0.0369,1357.6168,1350.4632,1354.04,0.0053,0.4245,1.4573,1353.9505,-1,4587892,36167.35,0,0.2222,-1,-0.6897,0.148,1
2026-05-27 09:41:00,1353.5,1355.0,1353.5,1354.6,28475,1353.3112,1353.7796,1354.679,-1,-0.6119,-0.7551,0.1432,1,14.3393,28.7232,18.7036,52.7719,0,63.7931,51.1494,0.1109,1357.1696,1350.6404,1353.905,0.0048,0.6064,1.4603,1353.7263,1,4616367,34890.1,0,0.7333,1,-0.609,0.2294,1
2026-05-27 09:42:00,1354.9,1356.0,1354.6,1355.5,30357,1353.7489,1353.936,1354.7112,-1,-0.3972,-0.6835,0.2863,1,15.3873,31.6563,17.419,56.5566,0,79.3103,62.6437,0.2218,1356.8933,1350.7767,1353.835,0.0045,0.7722,1.456,1353.7377,1,4646724,35730.4,0,0.4286,1,-0.543,0.296,1
2026-05-27 09:43:00,1355.5,1356.0,1355.5,1355.8,12782,1354.1592,1354.1055,1354.7539,1,-0.2006,-0.5869,0.3863,1,16.3604,30.8416,16.9707,57.7715,0,94.2308,79.1114,0.2292,1356.7725,1350.8375,1353.805,0.0044,0.8361,1.3877,1353.6378,1,4659506,34421.0,0,0.6,1,-0.5209,0.3182,1
2026-05-27 09:44:00,1355.8,1357.0,1355.8,1357.0,20505,1354.7273,1354.3686,1354.842,1,0.0515,-0.4592,0.5107,1,17.7908,34.1154,15.9123,62.3113,0,100.0,91.1804,0.3624,1356.9973,1350.7127,1353.855,0.0046,1.0004,1.3743,1353.5822,1,4680011,33220.55,0,1.0,1,-0.4329,0.407,0
2026-05-27 09:45:00,1356.7,1357.5,1356.0,1356.0,46854,1354.9819,1354.5169,1354.8874,1,0.1687,-0.3336,0.5023,1,19.3597,34.0548,14.6798,56.8285,0,77.2727,90.5012,0.281,1357.1709,1350.6591,1353.915,0.0048,0.8202,1.3833,1353.7155,1,4633157,34049.95,0,0.4667,-1,-0.5063,0.333,1
2026-05-27 09:46:00,1356.0,1356.3,1355.7,1356.1,36009,1355.2055,1354.6608,1354.9349,1,0.2665,-0.2136,0.4801,1,20.4862,32.9553,15.8202,57.2337,0,78.7879,85.3535,0.3404,1357.3093,1350.6107,1353.96,0.0049,0.8195,1.3274,1353.8131,1,4669166,35284.55,0,0.1667,1,-0.4989,0.3404,1
2026-05-27 09:47:00,1356.3,1358.9,1356.3,1358.5,37946,1355.8644,1355.0098,1355.0747,1,0.5316,-0.0646,0.5961,1,22.6258,41.3183,13.6115,65.5837,-1,95.0,83.6869,0.5105,1358.0713,1350.2887,1354.18,0.0057,1.0551,1.4325,1354.01,1,4707112,36064.9,0,0.8462,1,-0.3228,0.5179,1
2026-05-27 09:48:00,1358.5,1359.9,1358.5,1359.5,38309,1356.5915,1355.418,1355.2483,1,0.8129,0.1109,0.702,1,24.9278,43.4236,12.6598,68.3561,-1,95.5556,89.7811,0.4953,1358.9848,1349.9352,1354.46,0.0067,1.0569,1.4302,1354.2901,1,4745421,36230.2,0,0.7143,1,-0.2495,0.5919,0
2026-05-27 09:49:00,1359.4,1359.6,1358.7,1359.2,37496,1357.1132,1355.7619,1355.4033,1,1.0002,0.2888,0.7114,1,27.0654,41.4187,12.0753,66.6222,-1,92.2222,94.2593,0.4211,1359.4739,1349.6961,1354.585,0.0072,0.972,1.3923,1354.4611,1,4707925,35797.15,0,0.2222,-1,-0.2715,0.5697,1
2026-05-27 09:50:00,1359.4,1359.4,1359.0,1359.3,9415,1357.5506,1356.0835,1355.5561,1,1.1435,0.4597,0.6838,1,29.0502,40.5232,11.8142,66.9234,-1,93.3333,93.7037,0.4285,1360.1413,1349.5587,1354.85,0.0078,0.9205,1.3215,1354.5247,1,4717340,33757.05,0,0.25,-1,-0.2641,0.5771,0
2026-05-27 09:51:00,1359.3,1359.7,1358.7,1359.0,53177,1357.8405,1356.3486,1355.6911,1,1.2188,0.6115,0.6073,1,30.8933,38.294,11.1643,65.0277,-1,89.1566,91.5707,0.3248,1360.666,1349.624,1355.145,0.0081,0.8491,1.2985,1354.893,1,4664163,35640.45,0,0.3,-1,-0.2862,0.5549,0
2026-05-27 09:52:00,1358.8,1359.0,1358.5,1358.5,17885,1357.9724,1356.5442,1355.8013,1,1.224,0.734,0.49,1,32.346,37.1924,11.9939,61.8816,0,80.2817,87.5905,0.2213,1361.0104,1349.8796,1355.445,0.0082,0.7745,1.2415,1355.0457,1,4646278,35507.6,0,0.6,-1,-0.3228,0.5179,0
2026-05-27 09:53:00,1359.0,1359.0,1357.5,1357.5,36886,1357.8779,1356.6311,1355.8679,1,1.1344,0.8141,0.3203,1,32.4864,34.0296,16.6432,56.0416,0,63.0769,77.5051,0.1254,1361.1696,1350.2004,1355.685,0.0081,0.6655,1.2599,1355.4154,1,4609392,34114.2,0,1.0,-1,-0.3962,0.444,0
2026-05-27 09:54:00,1358.0,1358.3,1356.2,1356.9,58450,1357.6823,1356.6556,1355.9084,1,1.0034,0.852,0.1514,1,31.3175,30.1624,21.7868,52.8207,0,53.125,65.4945,-0.0074,1361.1762,1350.6738,1355.925,0.0077,0.5928,1.3199,1355.784,1,4550942,34325.45,1,0.5238,-1,-0.4402,0.3996,0
2026-05-27 09:55:00,1356.4,1357.6,1356.2,1356.3,31828,1357.4059,1356.6232,1355.9237,1,0.8415,0.8499,-0.0084,-1,30.2322,27.8871,20.1433,49.7419,0,32.0755,49.4258,0.0221,1361.0959,1351.1641,1356.13,0.0073,0.5171,1.3257,1356.004,1,4519114,34321.1,0,0.0714,-1,-0.4843,0.3552,1
2026-05-27 09:56:00,1356.3,1357.8,1356.3,1356.5,20594,1357.2247,1356.612,1355.9463,1,0.7209,0.8241,-0.1031,-1,29.3657,26.7218,18.5304,50.7719,0,22.7273,35.9759,0.0295,1360.8689,1351.8911,1356.38,0.0066,0.5134,1.3381,1356.2409,1,4539708,33652.4,0,0.1333,1,-0.4696,0.37,0
2026-05-27 09:57:00,1356.5,1356.9,1355.1,1355.1,15460,1356.7997,1356.4746,1355.9131,1,0.5066,0.7606,-0.254,-1,27.4453,24.216,23.0443,43.9774,0,0.0,18.2676,-0.2503,1360.5281,1352.5819,1356.555,0.0059,0.3169,1.3711,1356.7028,-1,4524248,31367.15,0,0.7778,-1,-0.5723,0.2664,1
2026-05-27 09:58:00,1355.5,1355.8,1355.4,1355.5,7403,1356.5398,1356.386,1355.8969,1,0.3648,0.6814,-0.3166,-1,25.662,23.301,22.1735,46.193,0,8.3333,10.3535,-0.2942,1360.3115,1353.0685,1356.69,0.0053,0.3357,1.3232,1356.9572,-1,4531651,29873.15,0,0.0,1,-0.543,0.296,0
2026-05-27 09:59:00,1355.5,1355.7,1355.5,1355.5,8567,1356.3318,1356.3054,1355.8814,1,0.2496,0.5951,-0.3455,-1,24.0061,23.0332,21.9186,46.193,0,8.3333,5.5556,-0.2722,1360.1551,1353.4249,1356.79,0.005,0.3083,1.2429,1357.2004,-1,4540218,28003.75,0,0.0,1,-0.543,0.296,0
2026-05-27 10:00:00,1355.4,1355.4,1354.3,1354.9,25060,1356.0455,1356.1777,1355.8429,-1,0.1086,0.4978,-0.3892,-1,23.1522,21.4408,27.3165,43.2195,0,10.7143,9.127,-0.3237,1359.999,1353.721,1356.86,0.0046,0.1878,1.2399,1357.1691,-1,4515158,28672.9,0,0.4545,-1,-0.587,0.2516,0
2026-05-27 10:01:00,1354.8,1354.8,1354.3,1354.6,4977,1355.7564,1356.0342,1355.7941,-1,-0.027,0.3928,-0.4198,-1,22.3592,20.6714,26.3362,41.7716,0,5.3571,8.1349,-0.3238,1359.999,1353.721,1356.86,0.0046,0.14,1.1942,1357.2906,-1,4510181,27498.0,0,0.4,-1,-0.609,0.2294,0
2026-05-27 10:02:00,1354.7,1354.7,1354.3,1354.6,9653,1355.5251,1355.9039,1355.7473,-1,-0.133,0.2877,-0.4206,-1,21.6229,20.1521,25.6746,41.7716,0,5.5556,7.209,-0.2871,1360.0549,1353.5751,1356.815,0.0048,0.1582,1.1374,1357.3507,-1,4519834,26462.8,0,0.25,-1,-0.609,0.2294,1
2026-05-27 10:03:00,1354.6,1355.0,1354.2,1355.0,6388,1355.4201,1355.8217,1355.718,-1,-0.1826,0.1936,-0.3762,-1,20.5999,21.0425,24.3568,44.6394,0,14.5455,8.4861,-0.1842,1360.0831,1353.4669,1356.775,0.0049,0.2317,1.1133,1357.3574,-1,4526222,26143.1,0,0.5,1,-0.5796,0.259,0
2026-05-27 10:04:00,1354.8,1355.0,1354.6,1355.0,10535,1355.3361,1355.747,1355.6899,-1,-0.2193,0.111,-0.3304,-1,19.6499,20.4766,23.7018,44.6394,0,14.5455,11.5488,-0.14,1360.0696,1353.2804,1356.675,0.005,0.2533,1.0624,1357.3365,-1,4536757,25644.6,0,0.5,1,-0.5724,0.259,1
2026-05-27 10:05:00,1355.2,1355.9,1355.2,1355.7,19413,1355.4089,1355.7427,1355.6902,-1,-0.1898,0.0509,-0.2407,-1,18.7101,25.3417,22.2518,49.6704,0,31.25,20.1136,-0.0442,1360.069,1353.251,1356.66,0.005,0.3592,1.0508,1357.3478,-1,4556170,24272.55,0,0.7143,1,-0.521,0.3108,0
2026-05-27 10:06:00,1356.0,1356.0,1355.1,1355.5,5623,1355.4271,1355.7206,1355.6828,-1,-0.1805,0.0046,-0.1851,-1,17.7222,23.7753,21.5631,48.3193,0,27.0833,24.2929,-0.0737,1360.0687,1353.1913,1356.63,0.0051,0.3357,1.04,1357.4294,-1,4550547,22753.25,0,0.5556,-1,-0.5357,0.296,0
2026-05-27 10:07:00,1355.0,1355.5,1354.9,1355.5,10619,1355.4417,1355.7006,1355.6756,-1,-0.1711,-0.0305,-0.1405,-1,16.5681,22.765,22.0633,48.3193,0,31.7073,30.0136,0.0295,1359.8401,1353.1199,1356.48,0.005,0.3542,1.0086,1357.3348,-1,4561166,21386.9,0,0.8333,1,-0.5357,0.296,1
2026-05-27 10:08:00,1355.8,1357.1,1355.4,1357.1,48337,1355.7733,1355.8278,1355.7315,-1,-0.0342,-0.0313,-0.0029,-1,17.0009,30.9545,19.531,58.734,0,80.5556,46.4487,0.118,1359.4399,1353.2801,1356.36,0.0045,0.6201,1.058,1357.0743,1,4609503,21888.3,1,0.7647,1,-0.4183,0.4144,1
2026-05-27 10:09:00,1357.1,1357.7,1356.6,1357.2,28039,1356.0587,1355.9526,1355.7891,1,0.0815,-0.0087,0.0902,1,17.8424,32.7016,18.0846,59.2862,0,83.3333,65.1987,0.1254,1359.0838,1353.4362,1356.26,0.0042,0.6664,1.061,1356.8972,1,4637542,21415.45,0,0.0909,1,-0.4109,0.4218,1
2026-05-27 10:10:00,1357.7,1357.9,1357.0,1357.9,19779,1356.4269,1356.1296,1355.8718,1,0.227,0.0384,0.1886,1,18.765,32.0596,16.9768,63.0171,0,100.0,87.963,0.2214,1358.7675,1353.6125,1356.19,0.0038,0.8317,1.0495,1356.8788,1,4657321,21933.65,0,0.2222,1,-0.3596,0.4735,0
2026-05-27 10:11:00,1358.3,1358.7,1357.1,1357.6,39677,1356.6615,1356.2633,1355.9396,1,0.3145,0.0936,0.2209,1,20.1499,33.9428,15.1948,60.46,0,75.5556,86.2963,0.2215,1358.4529,1353.7871,1356.12,0.0034,0.8172,1.0888,1356.6828,1,4617644,21258.65,1,0.4375,-1,-0.3816,0.4514,0
2026-05-27 10:12:00,1358.0,1358.0,1357.0,1357.1,44698,1356.7492,1356.3393,1355.9851,1,0.3396,0.1428,0.1968,1,21.296,31.703,14.852,56.3555,0,64.4444,80.0,0.1846,1358.1671,1353.9329,1356.05,0.0031,0.748,1.0825,1356.6719,1,4572946,22599.3,1,0.9,-1,-0.4183,0.4144,1
2026-05-27 10:13:00,1357.1,1357.9,1356.2,1357.3,27813,1356.8594,1356.4267,1356.0367,1,0.3713,0.1885,0.1828,1,21.3016,28.2858,18.3235,57.5956,0,68.8889,69.6296,0.1697,1358.1313,1353.9487,1356.04,0.0031,0.8012,1.1266,1356.5903,1,4600759,22145.65,0,0.1176,1,-0.4036,0.4292,1
2026-05-27 10:14:00,1357.5,1358.0,1357.1,1357.5,10732,1356.9875,1356.5242,1356.0941,1,0.4079,0.2324,0.1755,1,21.3879,27.2915,17.2627,58.8546,0,73.3333,68.8889,0.1845,1358.226,1353.914,1356.07,0.0032,0.8316,1.1104,1356.5355,1,4611491,19759.75,0,0.0,1,-0.3889,0.444,0
2026-05-27 10:15:00,1357.8,1357.9,1356.8,1356.8,6983,1356.95,1356.5493,1356.1218,1,0.3761,0.2611,0.1149,1,21.078,25.359,17.9715,52.9311,0,57.7778,66.6667,0.0811,1358.2726,1353.9174,1356.095,0.0032,0.6619,1.1096,1356.5333,1,4604508,18517.5,0,0.9091,-1,-0.4403,0.3922,0
2026-05-27 10:16:00,1356.5,1356.5,1355.8,1356.0,8286,1356.76,1356.4994,1356.117,1,0.283,0.2655,0.0175,1,19.6371,23.715,23.2892,47.0971,0,40.0,57.037,0.0369,1358.2399,1353.9001,1356.07,0.0032,0.4839,1.1018,1356.5041,-1,4596222,17902.1,0,0.7143,-1,-0.499,0.333,1
2026-05-27 10:17:00,1356.0,1357.1,1356.0,1356.7,20173,1356.748,1356.5176,1356.1398,1,0.2628,0.265,-0.0022,-1,18.8783,25.9139,21.6283,52.0746,0,51.2195,49.6658,0.0885,1358.2887,1354.0113,1356.15,0.0032,0.6286,1.1017,1356.5437,1,4616395,18137.75,0,0.6364,1,-0.4476,0.3848,1
2026-05-27 10:18:00,1356.7,1357.0,1356.1,1357.0,6870,1356.7984,1356.5615,1356.1736,1,0.2678,0.2655,0.0023,1,18.1738,24.3817,20.3495,54.0692,0,55.2632,48.8276,-0.0074,1358.3724,1354.0776,1356.225,0.0032,0.6804,1.0873,1356.5666,1,4623265,18111.1,0,0.3333,1,-0.4256,0.407,1
2026-05-27 10:19:00,1357.0,1357.2,1356.8,1357.2,5698,1356.8787,1356.6195,1356.2138,1,0.2847,0.2694,0.0153,1,17.7188,25.0867,19.7894,55.4018,0,60.5263,55.6697,0.0,1358.4705,1354.1495,1356.31,0.0032,0.706,1.0382,1356.5984,1,4628963,17967.65,0,0.5,1,-0.4109,0.4218,0
2026-05-27 10:20:00,1357.2,1357.2,1356.1,1356.1,14733,1356.723,1356.5723,1356.2094,1,0.2069,0.2569,-0.05,-1,16.469,23.1962,23.0938,47.2774,0,31.5789,49.1228,-0.1326,1358.435,1354.305,1356.37,0.003,0.4346,1.0426,1356.7172,-1,4614230,17451.3,0,1.0,-1,-0.4916,0.3404,0
2026-05-27 10:21:00,1356.1,1356.4,1356.1,1356.1,16153,1356.5984,1356.5294,1356.2051,1,0.1436,0.2342,-0.0906,-1,15.3084,22.6938,22.5937,47.2774,0,21.2121,37.7725,-0.1105,1358.3502,1354.5398,1356.445,0.0028,0.4095,0.9896,1356.7237,-1,4630383,18010.1,0,0.0,1,-0.4916,0.3404,0
2026-05-27 10:22:00,1355.4,1355.4,1354.2,1354.3,29032,1356.1387,1356.3267,1356.1304,-1,-0.0512,0.1771,-0.2284,-1,15.9596,19.7734,32.5551,36.9846,0,2.2222,18.3378,-0.2063,1358.3968,1354.4632,1356.43,0.0029,-0.0415,1.0546,1356.6195,-1,4601351,18979.05,1,0.9167,-1,-0.6237,0.2072,1
2026-05-27 10:23:00,1354.3,1354.4,1354.1,1354.4,44094,1355.791,1356.1515,1356.0625,-1,-0.1953,0.1026,-0.2979,-1,16.6386,19.35,32.5717,37.7948,0,6.5217,9.9854,-0.2137,1358.4688,1354.3312,1356.4,0.0031,0.0166,1.0007,1356.4033,-1,4645445,20864.35,1,0.3333,1,-0.6164,0.2146,1
2026-05-27 10:24:00,1354.2,1355.6,1354.2,1355.3,8901,1355.6928,1356.0741,1356.0326,-1,-0.2342,0.0353,-0.2694,-1,15.9171,25.798,29.407,44.688,0,26.087,11.6103,-0.1621,1358.447,1354.383,1356.415,0.003,0.2256,1.0292,1356.4129,-1,4654346,20782.65,0,0.7857,1,-0.5503,0.2812,1
2026-05-27 10:25:00,1355.3,1355.9,1355.3,1355.7,18719,1355.6942,1356.0401,1356.0196,-1,-0.23,-0.0178,-0.2123,-1,14.9501,26.8368,28.1449,47.4739,0,41.0256,24.5448,-0.0811,1358.447,1354.383,1356.415,0.003,0.3241,0.9986,1356.4158,-1,4673065,20747.95,0,0.6667,1,-0.521,0.3108,0
2026-05-27 10:26:00,1355.7,1355.8,1355.3,1355.5,10458,1355.6554,1355.991,1355.9992,-1,-0.2401,-0.0623,-0.1779,-1,14.0522,25.8414,27.101,46.2204,0,35.8974,34.3367,-0.0369,1358.447,1354.383,1356.415,0.003,0.2749,0.9629,1356.4056,-1,4662607,20989.7,0,0.4,-1,-0.5357,0.296,0
2026-05-27 10:27:00,1355.5,1355.6,1354.8,1355.0,23877,1355.5243,1355.9009,1355.96,-1,-0.2852,-0.1068,-0.1783,-1,13.7075,24.2892,29.2274,43.1527,0,23.0769,33.3333,-0.1253,1358.478,1354.302,1356.39,0.0031,0.1671,0.9513,1356.3626,-1,4638730,21652.6,0,0.625,-1,-0.5724,0.259,1
2026-05-27 10:28:00,1354.9,1355.8,1354.9,1355.5,44701,1355.5194,1355.8645,1355.942,-1,-0.2774,-0.1409,-0.1364,-1,13.1587,24.149,27.2446,46.9449,0,36.8421,31.9388,-0.1105,1358.4056,1354.2144,1356.31,0.0031,0.3067,0.9476,1356.2432,-1,4683431,21470.8,1,0.6667,1,-0.5357,0.296,0
2026-05-27 10:29:00,1355.5,1355.6,1354.9,1355.0,16119,1355.4156,1355.7859,1355.905,-1,-0.3079,-0.1743,-0.1336,-1,12.649,22.8506,25.7798,43.7984,0,29.0323,29.6504,-0.1621,1358.3279,1354.0721,1356.2,0.0031,0.218,0.93,1356.1396,-1,4667312,20874.8,0,0.7143,-1,-0.5724,0.259,1
2026-05-27 10:30:00,1355.5,1355.8,1354.9,1355.5,7774,1355.4324,1355.7599,1355.8891,-1,-0.2885,-0.1972,-0.0913,-1,11.9266,22.807,23.9936,47.582,0,45.1613,37.0119,-0.0442,1358.0776,1354.0824,1356.08,0.0029,0.3548,0.9278,1356.0542,-1,4675086,20274.55,0,0.0,1,-0.5357,0.296,0
2026-05-27 10:31:00,1355.8,1356.0,1355.4,1355.4,12293,1355.426,1355.7272,1355.87,-1,-0.278,-0.2133,-0.0646,-1,11.1442,23.3058,22.8566,46.9019,0,41.9355,38.7097,-0.0516,1357.8601,1354.0799,1355.97,0.0028,0.3492,0.9044,1355.8562,-1,4662793,18905.35,0,0.6667,-1,-0.543,0.2886,1
2026-05-27 10:32:00,1355.4,1356.0,1355.1,1356.0,10434,1355.5408,1355.752,1355.8751,-1,-0.2187,-0.2144,-0.0043,-1,10.6565,21.6487,23.6015,51.3911,0,61.2903,49.4624,0.1255,1357.733,1354.097,1355.915,0.0027,0.5234,0.9041,1355.6551,1,4673227,17192.15,0,0.6667,1,-0.499,0.333,1
2026-05-27 10:33:00,1356.0,1357.5,1355.4,1357.1,27523,1355.8526,1355.8745,1355.9231,-1,-0.082,-0.1879,0.1059,1,11.2263,29.1948,20.0238,58.3444,0,88.2353,63.8204,0.1994,1357.6944,1354.1156,1355.905,0.0026,0.8339,0.9895,1355.6165,1,4700750,17177.65,1,0.5238,1,-0.4183,0.4144,1
2026-05-27 10:34:00,1357.5,1359.1,1357.0,1359.1,60379,1356.5021,1356.1677,1356.0477,1,0.1856,-0.1132,0.2988,1,12.9278,35.7903,17.2136,67.4588,-1,100.0,83.1752,0.2804,1358.155,1353.815,1355.985,0.0032,1.2177,1.0688,1355.9916,1,4761129,19660.0,1,0.7619,1,-0.2715,0.5623,0
2026-05-27 10:35:00,1359.1,1359.4,1358.1,1358.6,31005,1356.9217,1356.3889,1356.1478,1,0.3532,-0.0199,0.3731,1,14.6894,34.7026,15.7409,63.706,0,84.9057,91.047,0.2139,1358.5064,1353.6436,1356.075,0.0036,1.0193,1.0853,1356.1732,1,4730124,20861.1,0,0.3846,-1,-0.3082,0.5253,1
2026-05-27 10:36:00,1358.7,1359.2,1358.3,1359.0,41571,1357.3373,1356.6262,1356.2596,1,0.5124,0.0865,0.4259,1,16.3251,32.6217,14.797,65.366,-1,92.4528,92.4528,0.2582,1358.9694,1353.4806,1356.225,0.004,1.0056,1.0721,1356.42,1,4771695,22525.35,1,0.3333,1,-0.2788,0.5549,0
2026-05-27 10:37:00,1358.9,1359.0,1358.5,1358.9,7706,1357.6499,1356.8329,1356.3632,1,0.6233,0.1939,0.4295,1,17.844,31.4919,14.2846,64.5709,0,90.3846,89.2477,0.2878,1359.3131,1353.3569,1356.335,0.0044,0.9306,1.0312,1356.4536,1,4763989,21902.0,0,0.0,1,-0.2862,0.5475,0
2026-05-27 10:38:00,1358.6,1358.9,1358.4,1358.5,8883,1357.8199,1356.9845,1356.447,1,0.6712,0.2894,0.3819,1,19.0969,30.3596,14.4901,61.3559,0,80.4348,87.7574,0.2213,1359.5238,1353.2962,1356.41,0.0046,0.8356,0.9933,1356.4931,1,4755106,22002.65,0,0.2,-1,-0.3155,0.5179,0
2026-05-27 10:39:00,1358.4,1358.6,1358.2,1358.5,7571,1357.9559,1357.1223,1356.5275,1,0.7011,0.3717,0.3294,1,19.9374,29.4474,15.557,61.3559,0,80.4348,83.7514,0.2583,1359.7042,1353.2458,1356.475,0.0048,0.8135,0.9509,1356.5189,1,4762677,22096.3,0,0.25,1,-0.3155,0.5179,0
2026-05-27 10:40:00,1358.1,1358.7,1358.1,1358.1,7499,1357.9847,1357.2112,1356.5891,1,0.6846,0.4343,0.2503,1,20.7179,28.0843,14.8369,58.0064,0,71.7391,77.5362,0.1918,1359.8746,1353.2754,1356.575,0.0049,0.7311,0.9258,1356.5514,1,4755178,21734.6,0,0.0,1,-0.3449,0.4883,1
2026-05-27 10:41:00,1358.4,1358.6,1358.0,1358.2,6541,1358.0278,1357.301,1356.6523,1,0.6719,0.4818,0.1901,1,21.2652,26.7508,14.9238,58.6146,0,73.3333,75.1691,0.2066,1360.0455,1353.3145,1356.68,0.005,0.7258,0.9026,1356.5911,1,4761719,21254.0,0,0.3333,-1,-0.3375,0.4957,0
2026-05-27 10:42:00,1358.1,1358.5,1357.2,1357.7,24836,1357.9622,1357.3373,1356.6934,1,0.6144,0.5083,0.106,1,20.484,24.0826,19.5733,54.3737,0,62.2222,69.0982,0.1254,1360.0572,1353.6428,1356.85,0.0047,0.6325,0.931,1356.7975,1,4736883,21044.2,0,0.3077,-1,-0.3742,0.4587,0
2026-05-27 10:43:00,1357.7,1357.7,1356.7,1357.1,13390,1357.7898,1357.3157,1356.7093,1,0.5144,0.5095,0.0049,1,19.0774,22.2446,21.8955,49.7244,0,48.8889,61.4815,0.0,1359.9892,1353.9808,1356.985,0.0044,0.5191,0.9359,1357.0924,1,4723493,19509.0,0,0.6,-1,-0.4183,0.4144,0
2026-05-27 10:44:00,1357.1,1357.1,1355.8,1356.2,15892,1357.4718,1357.2143,1356.6894,1,0.3585,0.4793,-0.1209,-1,18.6916,20.0972,26.465,43.6897,0,25.5814,45.5642,-0.2134,1359.9579,1354.1021,1357.03,0.0043,0.3583,0.9619,1357.1095,-1,4707601,19858.55,0,0.6923,-1,-0.4843,0.3478,0
2026-05-27 10:45:00,1356.1,1356.2,1355.1,1355.3,27487,1357.0375,1357.0403,1356.6349,-1,0.1604,0.4155,-0.2551,-1,18.9951,18.4722,29.4705,38.6396,0,4.6512,26.3738,-0.2429,1359.9791,1354.0409,1357.01,0.0044,0.212,0.9718,1357.0709,-1,4680114,20296.95,0,0.7273,-1,-0.5503,0.2812,0
2026-05-27 10:46:00,1355.8,1355.8,1352.6,1352.8,230879,1356.19,1356.6548,1356.4845,-1,-0.196,0.2932,-0.4893,-1,20.8851,14.7388,39.3041,28.7116,1,2.9412,11.0579,-0.4562,1360.3147,1353.4353,1356.875,0.0051,-0.0923,1.1309,1355.8663,-1,4449235,31318.0,1,0.9375,-1,-0.7338,0.0962,1
2026-05-27 10:47:00,1353.1,1355.5,1352.5,1355.5,212478,1356.052,1356.5498,1356.4459,-1,-0.2577,0.183,-0.4407,-1,22.6885,12.241,33.208,45.1138,0,43.4783,17.0235,-0.2502,1360.2918,1353.5082,1356.9,0.005,0.2936,1.2644,1355.5316,-1,4661713,40748.05,1,0.8,1,-0.5357,0.296,1
2026-05-27 10:48:00,1355.5,1356.8,1355.2,1355.9,23338,1356.0216,1356.4907,1356.4245,-1,-0.2711,0.0922,-0.3633,-1,22.816,18.3623,30.2623,47.0572,0,49.2754,31.8983,-0.1914,1360.2831,1353.5569,1356.92,0.005,0.3484,1.2884,1355.5518,1,4685051,39679.9,0,0.25,1,-0.5063,0.3256,1
2026-05-27 10:49:00,1356.3,1356.9,1355.6,1356.0,34365,1356.0173,1356.4461,1356.4078,-1,-0.2706,0.0196,-0.2902,-1,22.8265,17.5938,28.0827,47.5571,0,52.2388,48.3308,-0.184,1360.246,1353.694,1356.97,0.0048,0.352,1.2892,1355.5854,1,4719416,40592.2,0,0.2308,-1,-0.499,0.333,1
2026-05-27 10:50:00,1356.6,1357.0,1355.6,1356.3,12337,1356.0738,1356.4328,1356.4036,-1,-0.2432,-0.0329,-0.2103,-1,22.723,16.7881,25.9177,49.1097,0,58.4615,53.3252,-0.1325,1360.2324,1353.7876,1357.01,0.0047,0.3898,1.2971,1355.598,1,4731753,40820.35,0,0.2143,-1,-0.477,0.3552,1
2026-05-27 10:51:00,1356.3,1356.9,1356.0,1356.9,3758,1356.239,1356.4753,1356.4231,-1,-0.171,-0.0605,-0.1105,-1,22.6269,15.9375,24.6045,52.1602,0,68.75,59.8168,-0.0957,1360.2227,1353.9473,1357.085,0.0046,0.4705,1.2688,1355.6026,1,4735511,40393.6,0,0.6667,1,-0.4329,0.3996,0
2026-05-27 10:52:00,1357.0,1357.0,1356.5,1356.7,4967,1356.3312,1356.4957,1356.4339,-1,-0.1285,-0.0741,-0.0544,-1,22.41,16.057,23.8806,51.0615,0,67.7419,64.9845,-0.0737,1360.2239,1354.0161,1357.12,0.0046,0.4323,1.2139,1355.6084,1,4730544,40120.25,0,0.6,-1,-0.4476,0.3848,1
2026-05-27 10:53:00,1357.1,1357.9,1357.1,1357.9,23014,1356.645,1356.6234,1356.4914,1,0.002,-0.0589,0.0609,1,21.1411,20.2226,22.193,56.9245,0,87.0968,74.5296,0.0589,1360.2824,1354.0376,1357.16,0.0046,0.6185,1.2129,1355.6303,1,4753558,39894.8,0,1.0,1,-0.3596,0.4735,1
2026-05-27 10:54:00,1357.9,1358.4,1357.6,1358.4,11563,1356.996,1356.7849,1356.5663,1,0.1441,-0.0183,0.1624,1,19.8192,22.2641,21.1213,59.122,0,96.7213,83.8533,0.1622,1360.1745,1354.0755,1357.125,0.0045,0.7091,1.1834,1355.4457,1,4765121,37454.0,0,0.625,1,-0.3229,0.5105,1
2026-05-27 10:55:00,1357.8,1358.8,1357.8,1358.8,9540,1357.3568,1356.9681,1356.6539,1,0.2857,0.0425,0.2432,1,18.9849,23.3466,19.8322,60.843,0,100.0,94.606,0.2582,1360.205,1354.065,1357.135,0.0045,0.7712,1.1703,1355.3466,1,4774661,36380.75,0,1.0,1,-0.2935,0.5401,0
2026-05-27 10:56:00,1358.8,1359.0,1358.3,1358.7,64220,1357.6254,1357.1255,1356.7341,1,0.3854,0.111,0.2743,1,18.4041,23.5764,18.9598,60.1611,0,95.3846,97.3686,0.4361,1360.1562,1354.0838,1357.12,0.0045,0.7602,1.1367,1355.4376,1,4710441,37513.2,1,0.1429,-1,-0.3009,0.5327,0
2026-05-27 10:57:00,1358.7,1358.7,1357.6,1357.8,280305,1357.6603,1357.1869,1356.7759,1,0.3873,0.1663,0.221,1,17.1077,21.943,22.0551,54.2661,0,81.5385,92.3077,0.1697,1360.0087,1354.1213,1357.065,0.0043,0.6248,1.1341,1356.1236,1,4430136,51143.15,1,0.8182,-1,-0.3669,0.4661,1
2026-05-27 10:58:00,1358.0,1358.4,1357.8,1358.0,31549,1357.7283,1357.2608,1356.8239,1,0.4003,0.2131,0.1872,1,15.9039,21.0849,21.1926,55.314,0,84.6154,87.1795,0.1549,1359.9427,1354.1373,1357.04,0.0043,0.6654,1.0959,1356.1612,1,4461685,52276.45,0,0.0,1,-0.3522,0.4809,0
2026-05-27 10:59:00,1357.9,1358.3,1357.4,1358.0,12828,1357.7826,1357.328,1356.87,1,0.406,0.2517,0.1543,1,15.2298,19.8321,22.5742,55.314,0,84.6154,83.5897,0.1475,1359.8753,1354.1547,1357.015,0.0042,0.6722,1.0819,1356.166,1,4474513,52539.3,0,0.1111,1,-0.3522,0.4809,1
2026-05-27 11:00:00,1358.3,1358.8,1357.9,1358.1,25120,1357.8461,1357.3982,1356.9183,1,0.4138,0.2841,0.1297,1,14.2683,21.9805,21.2166,55.8999,0,86.1538,85.1282,0.1327,1359.8753,1354.1547,1357.015,0.0042,0.6897,1.0689,1356.2005,1,4499633,53420.35,0,0.2222,-1,-0.3449,0.4883,0
2026-05-27 11:01:00,1358.1,1358.2,1357.9,1358.1,11407,1357.8969,1357.462,1356.9646,1,0.4152,0.3103,0.1049,1,13.3754,21.516,20.7682,55.8999,0,76.3158,82.3617,0.0884,1359.8623,1354.1577,1357.01,0.0042,0.6911,1.014,1356.2077,1,4511040,53663.65,0,0.0,1,-0.3449,0.4883,0
2026-05-27 11:02:00,1357.9,1358.1,1357.7,1357.7,11861,1357.8575,1357.4836,1356.9934,1,0.3796,0.3242,0.0554,1,12.5455,20.8823,21.6291,52.6946,0,61.7647,74.7448,0.0737,1359.8623,1354.1577,1357.01,0.0042,0.621,0.9702,1356.1886,1,4499179,53014.9,0,0.5,-1,-0.3742,0.4587,1
2026-05-27 11:03:00,1357.4,1358.8,1357.2,1358.6,43412,1358.006,1357.5851,1357.0565,1,0.4192,0.3432,0.076,1,12.3633,23.4568,19.1941,58.4654,0,88.2353,75.4386,0.0516,1360.0205,1354.1495,1357.085,0.0043,0.758,1.0151,1356.2567,1,4542591,54516.0,0,0.75,1,-0.3082,0.5253,0
2026-05-27 11:04:00,1358.7,1358.7,1357.9,1358.3,28225,1358.0648,1357.6501,1357.1052,1,0.4216,0.3589,0.0627,1,12.1941,22.1161,18.097,56.0125,0,76.6667,75.5556,-0.0074,1360.1415,1354.2385,1357.19,0.0043,0.688,0.9998,1356.3074,1,4514366,55132.65,0,0.5,-1,-0.3302,0.5031,1
2026-05-27 11:05:00,1358.3,1358.6,1358.3,1358.4,11315,1358.1318,1357.7183,1357.156,1,0.4266,0.3724,0.0542,1,12.037,21.6171,17.6887,56.6652,0,76.0,80.3007,-0.0294,1360.2075,1354.4825,1357.345,0.0042,0.6843,0.9498,1356.3491,1,4525681,54324.05,0,0.3333,1,-0.3229,0.5105,0
2026-05-27 11:06:00,1358.4,1358.4,1358.3,1358.4,9364,1358.1855,1357.7802,1357.2048,1,0.4256,0.3831,0.0426,1,11.8911,21.4434,17.5466,56.6652,0,68.4211,73.6959,-0.0221,1359.6179,1355.6321,1357.625,0.0029,0.6944,0.8891,1357.0691,1,4535045,43248.3,0,0.0,1,-0.3229,0.5105,0
2026-05-27 11:07:00,1358.3,1358.3,1357.3,1357.3,32450,1358.0084,1357.7366,1357.2085,1,0.3323,0.3729,-0.0406,-1,11.7546,19.58,23.9218,47.6465,0,5.5556,49.9922,-0.0368,1359.4635,1355.9665,1357.715,0.0026,0.3813,0.9042,1357.8929,-1,4502595,34246.9,0,1.0,-1,-0.4036,0.4292,1
2026-05-27 11:08:00,1357.3,1358.6,1357.3,1358.0,19981,1358.0067,1357.7605,1357.2396,1,0.3112,0.3606,-0.0494,-1,11.1926,19.9282,21.5396,52.7953,0,44.4444,39.4737,0.0,1359.3596,1356.2804,1357.82,0.0023,0.5585,0.9324,1357.961,1,4522576,34079.05,0,0.5385,1,-0.3522,0.4809,1
2026-05-27 11:09:00,1358.2,1358.5,1357.5,1358.1,40146,1358.0254,1357.7914,1357.2733,1,0.2991,0.3483,-0.0492,-1,10.6706,18.4095,19.898,53.4988,0,50.0,33.3333,0.0074,1359.221,1356.629,1357.925,0.0019,0.5675,0.9373,1358.0549,1,4562722,34368.1,0,0.1,-1,-0.3449,0.4883,1
2026-05-27 11:10:00,1358.3,1358.6,1358.1,1358.4,4783,1358.1003,1357.8467,1357.3175,1,0.3102,0.3407,-0.0305,-1,10.0304,18.4722,19.1137,55.6352,0,75.0,56.4815,0.0221,1359.1035,1356.9565,1358.03,0.0016,0.6723,0.906,1358.089,1,4567505,33990.4,0,0.2,1,-0.3229,0.5105,0
2026-05-27 11:11:00,1358.4,1358.4,1357.6,1357.9,2835,1358.0602,1357.8516,1357.3403,1,0.2754,0.3276,-0.0522,-1,10.1483,17.2973,21.8731,51.397,0,43.75,56.25,-0.0147,1359.0236,1357.1364,1358.08,0.0014,0.4046,0.8985,1358.0967,-1,4564670,33944.25,0,0.625,-1,-0.3596,0.4735,1
2026-05-27 11:12:00,1357.9,1358.1,1356.9,1358.1,17079,1358.0682,1357.8741,1357.3701,1,0.261,0.3143,-0.0533,-1,11.095,15.6858,25.2701,52.9413,0,63.1579,60.636,0.0295,1358.85,1357.45,1358.15,0.001,0.4643,0.92,1358.0967,1,4581749,34549.85,0,0.1667,1,-0.3449,0.4883,1
2026-05-27 11:13:00,1358.0,1358.9,1357.9,1358.2,12876,1358.0945,1357.9038,1357.4027,1,0.2547,0.3024,-0.0477,-1,10.7365,20.6483,23.3202,53.7328,0,65.0,57.3026,-0.0294,1358.8557,1357.4743,1358.165,0.001,0.5253,0.9257,1358.1168,1,4594625,34042.95,0,0.2,1,-0.3375,0.4957,1
2026-05-27 11:14:00,1358.5,1358.6,1358.3,1358.3,5158,1358.1356,1357.9398,1357.4378,1,0.2549,0.2929,-0.038,-1,10.4037,19.9841,22.57,54.556,0,70.0,66.0526,0.0,1358.8453,1357.4747,1358.16,0.001,0.6021,0.8882,1358.1187,1,4599783,33722.7,0,0.6667,-1,-0.3302,0.5031,0
2026-05-27 11:15:00,1358.4,1358.5,1357.6,1357.8,15065,1358.0685,1357.9271,1357.4521,1,0.2122,0.2767,-0.0646,-1,10.9312,18.539,26.5622,49.7863,0,45.0,60.0,-0.0442,1358.7453,1357.4747,1358.11,0.0009,0.256,0.889,1358.1105,-1,4584718,33998.95,0,0.6667,-1,-0.3669,0.4661,1
2026-05-27 11:16:00,1357.8,1358.4,1357.6,1358.1,4479,1358.0748,1357.9428,1357.4775,1,0.2003,0.2614,-0.0612,-1,11.4211,17.3388,24.8425,52.4713,0,60.0,58.3333,-0.0221,1358.6548,1357.5052,1358.08,0.0008,0.5174,0.8826,1358.0523,1,4589197,31011.9,0,0.375,1,-0.3449,0.4883,0
2026-05-27 11:17:00,1358.1,1358.8,1357.7,1357.7,55100,1357.9998,1357.9207,1357.4862,1,0.1567,0.2405,-0.0838,-1,11.2337,19.0031,22.6693,48.7299,0,40.0,48.3333,0.0295,1358.6611,1357.4889,1358.075,0.0009,0.1801,0.8982,1358.0678,-1,4534097,19751.65,1,0.3636,-1,-0.3742,0.4587,1
2026-05-27 11:18:00,1357.7,1358.8,1357.4,1358.8,38938,1358.1599,1358.0007,1357.5377,1,0.2086,0.2341,-0.0255,-1,11.438,16.9685,22.5365,57.6689,0,95.0,65.0,0.0589,1358.7792,1357.4508,1358.115,0.001,1.0157,0.934,1358.0936,1,4573035,20121.1,1,0.7857,1,-0.2935,0.5401,1
2026-05-27 11:19:00,1358.8,1359.5,1358.8,1359.0,19559,1358.3279,1358.0915,1357.5951,1,0.2628,0.2398,0.0229,1,10.6521,21.4944,21.3081,59.0663,0,80.7692,71.9231,0.0663,1358.9299,1357.4001,1358.165,0.0011,1.0458,0.9173,1358.1477,1,4592594,20457.65,0,0.2857,1,-0.2788,0.5549,1
2026-05-27 11:20:00,1359.0,1359.7,1359.0,1359.5,68294,1358.5623,1358.2196,1357.6698,1,0.3421,0.2603,0.0818,1,10.1905,21.8868,20.1266,62.4074,0,92.8571,89.5421,0.081,1359.1947,1357.2753,1358.235,0.0014,1.159,0.9018,1358.3302,1,4660888,22616.35,1,0.7143,1,-0.2421,0.5919,1
2026-05-27 11:21:00,1359.5,1360.8,1359.0,1360.8,23463,1359.0099,1358.4541,1357.7925,1,0.5041,0.3091,0.1951,1,11.0113,27.1077,17.4477,69.4007,-1,100.0,91.2088,0.2136,1359.8398,1356.9002,1358.37,0.0022,1.3266,0.9659,1358.4312,1,4684351,23219.15,0,0.7222,1,-0.1468,0.6881,0
2026-05-27 11:22:00,1360.4,1360.9,1360.0,1360.5,29885,1359.3079,1358.6401,1357.8987,1,0.6014,0.3675,0.2338,1,11.8716,26.0379,16.2808,66.334,-1,90.0,94.2857,0.1767,1360.2128,1356.8072,1358.51,0.0025,1.0843,0.9612,1358.5719,1,4654466,24120.35,0,0.1111,1,-0.1688,0.6659,0
2026-05-27 11:23:00,1360.7,1360.8,1359.5,1359.9,80890,1359.4263,1358.7547,1357.9772,1,0.6228,0.4186,0.2042,1,11.9112,23.5843,18.3709,60.5692,0,75.0,88.3333,0.1252,1360.3826,1356.7674,1358.575,0.0027,0.8665,0.9854,1358.8356,1,4573576,25994.25,1,0.6154,-1,-0.2128,0.6215,0
2026-05-27 11:24:00,1360.0,1360.5,1359.9,1359.9,23708,1359.521,1358.8588,1358.0526,1,0.6325,0.4614,0.1712,1,11.948,22.5292,17.549,60.5692,0,75.0,80.0,0.1178,1360.5465,1356.7635,1358.655,0.0028,0.8291,0.9579,1358.9231,1,4597284,25768.4,0,0.1667,-1,-0.2128,0.6215,0
2026-05-27 11:25:00,1360.0,1360.2,1359.5,1359.6,66141,1359.5368,1358.9262,1358.1133,1,0.609,0.4909,0.1181,1,11.3863,21.3301,19.6562,57.6633,0,67.5,72.5,0.1326,1360.6461,1356.7839,1358.715,0.0028,0.7291,0.9395,1359.0306,1,4531143,28509.7,1,0.5714,-1,-0.2348,0.5993,0
2026-05-27 11:26:00,1359.6,1360.2,1359.0,1359.1,39523,1359.4495,1358.942,1358.152,1,0.5438,0.5015,0.0423,1,10.9565,19.4218,21.6253,53.0915,0,48.5714,63.6905,0.0736,1360.6824,1356.8176,1358.75,0.0028,0.5906,0.9581,1359.0675,1,4491620,30017.65,0,0.4167,-1,-0.2715,0.5623,0
2026-05-27 11:27:00,1359.4,1359.5,1358.7,1358.8,11854,1359.3196,1358.9291,1358.1774,1,0.4625,0.4937,-0.0312,-1,10.932,18.2496,22.5835,50.5041,0,40.0,52.0238,0.081,1360.6392,1357.0108,1358.825,0.0027,0.4931,0.9468,1359.1464,-1,4479766,28987.85,0,0.75,-1,-0.2935,0.5401,0
2026-05-27 11:28:00,1358.8,1359.0,1358.1,1358.8,11245,1359.2157,1358.9173,1358.2018,1,0.3936,0.4737,-0.0801,-1,11.5901,17.0061,25.5872,50.5041,0,40.0,42.8571,0.0,1360.6396,1357.0904,1358.865,0.0026,0.4817,0.9434,1359.1776,-1,4491011,28551.05,0,0.0,1,-0.2349,0.5401,0
2026-05-27 11:29:00,1358.8,1358.9,1358.1,1358.2,6346,1359.0125,1358.8521,1358.2017,1,0.2872,0.4364,-0.1492,-1,12.2013,15.9648,24.0205,45.375,0,22.8571,34.2857,-0.0589,1360.6365,1357.1035,1358.87,0.0026,0.3104,0.9332,1359.2539,-1,4484665,26861.05,0,0.75,-1,-0.279,0.4957,1
2026-05-27 11:30:00,1358.6,1358.7,1358.5,1358.6,2971,1358.93,1358.8292,1358.2173,1,0.2325,0.3956,-0.1631,-1,12.7688,15.3329,23.0696,49.0872,0,34.2857,32.381,-0.0662,1360.638,1357.122,1358.88,0.0026,0.4204,0.9023,1359.2582,-1,4487636,26770.45,0,0.0,1,-0.2496,0.5253,0
2026-05-27 11:31:00,1358.2,1358.7,1358.0,1358.0,19839,1358.744,1358.7538,1358.2088,-1,0.1392,0.3443,-0.2052,-1,13.8657,14.4693,25.7931,44.2315,0,17.1429,24.7619,-0.2058,1360.6323,1357.1377,1358.885,0.0026,0.2468,0.8878,1359.228,-1,4467797,27620.65,0,0.2857,-1,-0.279,0.4809,1
2026-05-27 11:32:00,1357.8,1358.9,1357.8,1358.2,37314,1358.6352,1358.7035,1358.2085,-1,0.0804,0.2915,-0.2111,-1,14.8842,13.2103,23.5488,46.1439,0,12.9032,21.4439,-0.1691,1360.6289,1357.1511,1358.89,0.0026,0.3016,0.903,1359.2131,-1,4505111,28632.4,0,0.3636,1,-0.2644,0.4957,1
2026-05-27 11:33:00,1358.8,1359.2,1358.3,1358.8,78399,1358.6682,1358.7122,1358.2317,-1,0.0813,0.2495,-0.1682,-1,15.2351,14.5283,21.7001,51.5155,0,32.2581,20.768,-0.0809,1360.6307,1357.2093,1358.92,0.0025,0.4649,0.9099,1359.176,-1,4583510,31908.55,1,0.0,1,-0.2056,0.5401,0
2026-05-27 11:34:00,1358.7,1359.0,1357.6,1358.2,81817,1358.5745,1358.6657,1358.2304,-1,0.0332,0.2062,-0.173,-1,16.3653,12.9908,24.6951,46.5188,0,18.1818,21.1144,-0.125,1360.6335,1357.1965,1358.915,0.0025,0.292,0.9449,1359.0775,-1,4501693,35741.5,1,0.3571,-1,-0.2277,0.4957,0
2026-05-27 11:35:00,1358.3,1358.4,1357.0,1357.3,44542,1358.3196,1358.5415,1358.1939,-1,-0.0767,0.1496,-0.2263,-1,17.9797,11.6617,26.5533,40.2175,0,7.6923,19.3774,-0.1692,1360.6854,1357.0946,1358.89,0.0026,0.0572,0.9774,1359.0096,-1,4457151,37215.35,0,0.7143,-1,-0.2938,0.4292,0
2026-05-27 11:36:00,1357.9,1358.0,1357.0,1357.2,19360,1358.0957,1358.4196,1358.155,-1,-0.1698,0.0857,-0.2556,-1,19.4789,10.8109,24.616,39.576,0,5.2632,10.3791,-0.1398,1360.7586,1356.9314,1358.845,0.0028,0.0702,0.979,1358.9743,-1,4437791,37959.4,0,0.7,-1,-0.3012,0.4218,0
2026-05-27 11:37:00,1356.9,1357.8,1356.9,1357.2,7287,1357.9166,1358.3087,1358.1175,-1,-0.2409,0.0204,-0.2613,-1,20.9656,10.0969,23.7241,39.576,0,8.3333,7.0963,-0.1178,1360.8045,1356.8355,1358.82,0.0029,0.0918,0.9734,1359.0275,-1,4445078,35568.75,0,0.3333,1,-0.3012,0.4218,0
2026-05-27 11:38:00,1357.5,1357.5,1356.7,1356.7,4431,1357.6733,1358.1625,1358.0619,-1,-0.3337,-0.0504,-0.2833,-1,22.5365,9.4965,23.8,36.2254,0,0.0,4.5322,-0.1545,1360.9043,1356.5257,1358.715,0.0032,0.0398,0.961,1359.0539,-1,4440647,33843.4,0,1.0,-1,-0.3379,0.3848,0
2026-05-27 11:39:00,1356.4,1356.4,1355.2,1355.8,35760,1357.2986,1357.9477,1357.9732,-1,-0.4744,-0.1352,-0.3392,-1,25.075,8.4785,31.9684,31.1185,1,12.0,6.7778,-0.1767,1361.0797,1356.0303,1358.555,0.0037,-0.0456,0.9995,1358.8847,-1,4404887,34653.45,0,0.5,-1,-0.404,0.3182,1
2026-05-27 11:40:00,1356.0,1356.6,1355.7,1356.5,9018,1357.1389,1357.8161,1357.9154,-1,-0.5234,-0.2128,-0.3106,-1,27.0183,9.3688,29.8975,38.3932,0,30.2326,14.0775,-0.1546,1361.0413,1355.7687,1358.405,0.0039,0.1387,0.9924,1358.792,-1,4413905,31689.65,0,0.5556,1,-0.3526,0.37,1
2026-05-27 11:41:00,1356.5,1357.6,1356.4,1357.1,13405,1357.1311,1357.751,1357.8835,-1,-0.508,-0.2719,-0.2361,-1,27.0295,15.6632,27.3532,43.8656,0,47.5,29.9109,-0.0663,1360.6708,1355.7692,1358.22,0.0036,0.2715,1.0072,1358.7012,-1,4427310,31186.75,0,0.5,1,-0.3085,0.4144,0
2026-05-27 11:42:00,1357.2,1357.3,1356.9,1357.0,6864,1357.1049,1357.6827,1357.8488,-1,-0.4981,-0.3171,-0.1809,-1,27.04,15.1989,26.5424,43.1772,0,45.0,40.9109,-0.0884,1360.3126,1355.7774,1358.045,0.0033,0.2696,0.9638,1358.5947,-1,4420446,30035.7,0,0.5,-1,-0.3159,0.407,1
2026-05-27 11:43:00,1357.0,1357.6,1356.2,1357.4,18322,1357.1639,1357.657,1357.8312,-1,-0.4527,-0.3442,-0.1085,-1,27.6637,13.6713,28.8999,46.7754,0,55.0,49.1667,-0.103,1360.0353,1355.8047,1357.92,0.0031,0.3771,0.995,1358.3214,-1,4438768,26907.3,0,0.2857,1,-0.2499,0.4366,0
2026-05-27 11:44:00,1357.4,1357.4,1356.6,1357.1,3212,1357.1511,1357.6064,1357.8025,-1,-0.436,-0.3626,-0.0734,-1,28.2428,12.875,27.2166,44.4995,0,47.5,49.1667,-0.081,1359.7156,1355.8444,1357.78,0.0029,0.3243,0.9811,1358.232,-1,4435556,25882.5,0,0.375,-1,-0.2719,0.4144,1
2026-05-27 11:45:00,1357.5,1358.9,1357.1,1357.6,36728,1357.2409,1357.6058,1357.7946,-1,-0.378,-0.3657,-0.0123,-1,26.581,21.5892,23.8505,48.9571,0,60.0,54.1667,0.0221,1359.4265,1355.9335,1357.68,0.0026,0.4771,1.0396,1357.9966,-1,4472284,24411.85,1,0.0556,1,-0.2352,0.4514,1
2026-05-27 11:46:00,1357.5,1358.2,1357.5,1357.7,13461,1357.3327,1357.6144,1357.7909,-1,-0.3203,-0.3566,0.0363,1,25.0378,20.526,22.676,49.8251,0,62.5,56.6667,0.0368,1359.231,1355.989,1357.61,0.0024,0.5278,1.0153,1357.868,-1,4485745,23108.75,0,0.2857,1,-0.2278,0.4587,1
2026-05-27 11:47:00,1357.8,1358.3,1357.4,1357.9,25861,1357.4462,1357.6403,1357.7952,-1,-0.2554,-0.3363,0.0809,1,23.6049,19.2157,21.2285,51.5978,0,71.0526,64.5175,0.0516,1359.099,1356.031,1357.565,0.0023,0.6092,1.0071,1357.8397,1,4511606,23809.1,0,0.1111,1,-0.2131,0.4735,0
2026-05-27 11:48:00,1358.2,1358.2,1357.0,1357.1,13443,1357.3769,1357.5912,1357.7679,-1,-0.2656,-0.3222,0.0566,1,22.751,17.6023,22.2449,44.7821,0,51.3514,61.6347,0.0295,1358.9161,1356.0439,1357.48,0.0021,0.3677,1.0209,1357.8097,-1,4498163,23919.0,0,0.9167,-1,-0.2719,0.4144,0
2026-05-27 11:49:00,1357.0,1358.0,1356.5,1356.7,18930,1357.2416,1357.5102,1357.726,-1,-0.3024,-0.3182,0.0159,1,22.5033,15.8148,23.3709,41.8084,0,40.5405,54.3148,0.0664,1358.8395,1355.9705,1357.405,0.0021,0.2543,1.0551,1357.7734,-1,4479233,24548.2,0,0.2,-1,-0.3013,0.3848,0
2026-05-27 11:50:00,1356.8,1356.8,1356.5,1356.6,5095,1357.1132,1357.4274,1357.6819,-1,-0.3357,-0.3217,-0.014,-1,22.2732,15.4763,22.8707,41.074,0,37.8378,43.2432,0.0074,1358.6695,1355.9405,1357.305,0.002,0.2417,1.0011,1357.7566,-1,4474138,24654.4,0,0.6667,-1,-0.3086,0.3774,0
2026-05-27 11:51:00,1356.6,1356.6,1355.6,1356.0,11682,1356.8906,1357.2977,1357.6159,-1,-0.4059,-0.3386,-0.0674,-1,22.9405,14.372,27.6605,36.8876,0,21.6216,33.3333,-0.0811,1358.6423,1355.7677,1357.205,0.0021,0.0808,1.0011,1357.6964,-1,4462456,24246.55,0,0.6,-1,-0.3527,0.333,0
2026-05-27 11:52:00,1355.9,1356.6,1355.8,1355.9,8285,1356.6925,1357.1706,1357.5486,-1,-0.4643,-0.3637,-0.1006,-1,23.5601,13.5397,26.0586,36.2249,0,18.9189,26.1261,-0.0811,1358.5582,1355.6218,1357.09,0.0022,0.0947,0.9867,1357.618,-1,4454171,22795.1,0,0.0,1,-0.3601,0.3256,1
2026-05-27 11:53:00,1355.8,1357.1,1355.8,1356.9,11720,1356.734,1357.146,1357.5232,-1,-0.4249,-0.3759,-0.049,-1,23.2929,15.8331,23.6607,46.5634,0,39.3939,26.6448,-0.0368,1358.2367,1355.7533,1356.995,0.0018,0.4617,1.0091,1357.356,-1,4465891,19461.15,0,0.8462,1,-0.2866,0.3996,0
2026-05-27 11:54:00,1356.7,1356.8,1356.1,1356.1,11040,1356.6072,1357.0509,1357.4674,-1,-0.4531,-0.3914,-0.0617,-1,23.0448,14.923,22.3007,40.8572,0,15.1515,24.4881,-0.0737,1358.0594,1355.7206,1356.89,0.0017,0.1622,0.9941,1357.0865,-1,4454851,15922.3,0,0.8571,-1,-0.3454,0.3404,1
2026-05-27 11:55:00,1356.3,1357.2,1356.0,1356.9,32035,1356.6657,1357.0372,1357.4451,-1,-0.4061,-0.3943,-0.0118,-1,22.1575,16.4872,20.4059,47.7525,0,39.3939,31.3131,-0.0516,1358.0243,1355.7157,1356.87,0.0017,0.513,1.0089,1356.9762,-1,4486886,15296.95,1,0.5,1,-0.2866,0.3996,1
2026-05-27 11:56:00,1356.9,1357.3,1356.7,1357.1,20863,1356.7526,1357.0429,1357.4316,-1,-0.3488,-0.3852,0.0364,1,21.1735,16.495,19.5132,49.3426,0,45.4545,33.3333,-0.0442,1358.0144,1355.7156,1356.865,0.0017,0.6022,0.9796,1356.9533,1,4507749,15372.1,0,0.3333,1,-0.2719,0.4144,0
2026-05-27 11:57:00,1357.4,1357.4,1356.6,1356.7,15710,1356.7421,1357.0117,1357.4029,-1,-0.3318,-0.3745,0.0428,1,20.2598,15.5201,18.3599,46.3072,0,33.3333,39.3939,-0.0884,1357.9809,1355.6991,1356.84,0.0017,0.4386,0.9668,1356.9427,-1,4492039,15793.25,0,0.875,-1,-0.3013,0.3848,0
2026-05-27 11:58:00,1356.7,1357.0,1356.3,1356.3,6334,1356.6537,1356.947,1357.3597,-1,-0.3466,-0.3689,0.0224,1,19.8421,14.7013,19.6523,43.43,0,21.2121,33.3333,-0.0589,1357.9838,1355.6562,1356.82,0.0017,0.2766,0.9478,1356.9342,-1,4485705,15888.4,0,0.5714,-1,-0.3307,0.3552,1
2026-05-27 11:59:00,1356.6,1356.7,1356.3,1356.5,12671,1356.6229,1356.9064,1357.3259,-1,-0.3383,-0.3628,0.0245,1,19.4543,14.239,19.0343,45.2613,0,33.3333,29.2929,-0.0147,1357.9329,1355.7771,1356.855,0.0016,0.3353,0.9086,1357.0532,-1,4498376,14733.95,0,0.25,-1,-0.316,0.37,0
2026-05-27 12:00:00,1356.1,1356.6,1356.0,1356.3,15751,1356.5583,1356.8513,1357.2857,-1,-0.3439,-0.359,0.0151,1,19.5276,13.5507,20.5312,43.7365,0,25.9259,26.8238,-0.0221,1357.9395,1355.7505,1356.845,0.0016,0.251,0.8866,1357.0373,-1,4482625,15070.6,0,0.3333,1,-0.3307,0.3552,0
2026-05-27 12:01:00,1356.3,1356.5,1356.1,1356.2,14066,1356.4867,1356.7921,1357.2431,-1,-0.3523,-0.3577,0.0054,1,19.5958,13.0962,19.8426,42.9573,0,23.0769,27.4454,0.0147,1357.9225,1355.6775,1356.8,0.0017,0.2327,0.8518,1357.0016,-1,4468559,15103.65,0,0.25,-1,-0.338,0.3478,0
2026-05-27 12:02:00,1356.1,1356.2,1355.7,1355.7,32391,1356.3293,1356.6928,1357.1826,-1,-0.3948,-0.3651,-0.0297,-1,20.2203,12.5305,22.4414,39.1968,0,4.1667,17.7232,-0.0148,1357.9504,1355.5196,1356.735,0.0018,0.0742,0.8267,1356.888,-1,4436168,16380.0,1,0.8,-1,-0.3748,0.3108,1
2026-05-27 12:03:00,1355.9,1356.6,1355.4,1356.6,6079,1356.3835,1356.6843,1357.1598,-1,-0.3518,-0.3624,0.0106,1,19.9185,14.62,20.1873,48.0178,0,60.0,29.0812,-0.0221,1357.8722,1355.5178,1356.695,0.0017,0.4597,0.8534,1356.8644,-1,4442247,15767.85,0,0.5833,1,-0.3086,0.3774,0
2026-05-27 12:04:00,1356.6,1356.7,1356.2,1356.3,8672,1356.3668,1356.6494,1357.1261,-1,-0.338,-0.3576,0.0195,1,19.4291,14.852,19.3167,45.6409,0,45.0,36.3889,0.0147,1357.8288,1355.4812,1356.655,0.0017,0.3488,0.8281,1356.8502,-1,4433575,16040.85,0,0.6,-1,-0.3307,0.3552,0
2026-05-27 12:05:00,1356.2,1356.2,1355.7,1356.0,7730,1356.2934,1356.5904,1357.0819,-1,-0.3473,-0.3555,0.0082,1,19.7177,14.0679,22.6962,43.331,0,30.0,45.0,-0.0663,1357.6973,1355.4527,1356.575,0.0017,0.2438,0.8118,1356.6988,-1,4425845,14590.95,0,0.4,-1,-0.3527,0.333,0
2026-05-27 12:06:00,1355.5,1355.6,1355.4,1355.4,4022,1356.1147,1356.4822,1357.0159,-1,-0.3985,-0.3641,-0.0344,-1,20.378,13.3112,24.165,39.072,0,0.0,25.0,-0.1253,1357.5689,1355.3511,1356.46,0.0016,0.022,0.7967,1356.6288,-1,4421823,14119.0,0,0.5,-1,-0.3968,0.2886,0
2026-05-27 12:07:00,1355.2,1355.2,1355.1,1355.2,4846,1355.9318,1356.3656,1356.9447,-1,-0.45,-0.3813,-0.0687,-1,21.3552,12.9365,26.2998,37.7403,0,4.3478,11.4493,-0.1106,1357.3543,1355.2957,1356.325,0.0015,-0.0465,0.7612,1356.4792,-1,4416977,13068.25,0,0.0,1,-0.4115,0.2738,0
2026-05-27 12:08:00,1355.0,1355.2,1354.5,1355.0,38227,1355.7454,1356.2414,1356.8685,-1,-0.5012,-0.4053,-0.0959,-1,22.893,12.0818,30.2249,36.4042,0,17.2414,7.1964,-0.0958,1357.3364,1355.1036,1356.22,0.0016,-0.0464,0.7568,1356.2234,-1,4378750,14307.45,1,0.0,1,-0.4262,0.259,1
2026-05-27 12:09:00,1354.8,1355.7,1354.8,1355.7,4204,1355.7363,1356.1922,1356.8226,-1,-0.4797,-0.4202,-0.0596,-1,23.2265,15.7252,27.6919,43.8916,0,41.3793,20.9895,-0.059,1357.2855,1355.0545,1356.17,0.0016,0.2893,0.7671,1356.1518,-1,4382954,13571.15,0,1.0,1,-0.3748,0.3108,0
2026-05-27 12:10:00,1355.7,1355.9,1355.6,1355.6,6345,1355.7091,1356.1384,1356.7747,-1,-0.4654,-0.4292,-0.0362,-1,23.1339,17.213,26.8831,43.1107,0,37.931,32.1839,-0.0516,1357.2436,1354.9964,1356.12,0.0017,0.2686,0.7337,1356.1323,-1,4376609,13633.65,0,0.3333,-1,-0.3821,0.3034,0
2026-05-27 12:11:00,1355.4,1355.4,1354.9,1355.4,12548,1355.6473,1356.0713,1356.7208,-1,-0.4649,-0.4363,-0.0285,-1,23.8435,16.0361,31.8822,41.5197,0,36.0,38.4368,-0.059,1357.256,1354.924,1356.09,0.0017,0.2041,0.7313,1356.0939,-1,4364061,13676.95,0,0.0,1,-0.3968,0.2886,0
2026-05-27 12:12:00,1355.4,1355.8,1354.6,1355.2,21146,1355.5578,1355.9921,1356.6611,-1,-0.4751,-0.4441,-0.031,-1,23.7353,17.9747,28.3089,39.9327,0,31.8182,35.2497,-0.0369,1357.2822,1354.8278,1356.055,0.0018,0.1516,0.7648,1356.0277,-1,4342915,14320.0,0,0.1667,-1,-0.4115,0.2738,0
2026-05-27 12:13:00,1355.2,1355.2,1355.0,1355.1,17700,1355.4662,1355.911,1356.5999,-1,-0.4857,-0.4524,-0.0333,-1,23.6347,17.6203,27.7507,39.1274,0,27.2727,31.697,-0.1106,1357.1951,1354.7349,1355.965,0.0018,0.1484,0.7244,1355.9486,-1,4325215,14619.0,0,0.5,-1,-0.4189,0.2664,0
2026-05-27 12:14:00,1355.1,1355.1,1354.7,1354.8,15561,1355.333,1355.81,1356.5293,-1,-0.5124,-0.4644,-0.048,-1,23.9054,16.9024,29.6757,36.734,0,13.6364,24.2424,-0.1106,1357.2282,1354.5718,1355.9,0.002,0.0859,0.7013,1355.8776,-1,4309654,14845.05,0,0.75,-1,-0.4409,0.2442,1
2026-05-27 12:15:00,1355.0,1355.8,1355.0,1355.6,61600,1355.3864,1355.7909,1356.4929,-1,-0.4636,-0.4643,0.0006,1,22.8686,22.151,26.7423,46.1871,0,50.0,30.303,-0.0295,1357.086,1354.584,1355.835,0.0018,0.4061,0.7226,1355.7194,-1,4371254,16323.3,1,0.75,1,-0.3821,0.3034,0
2026-05-27 12:16:00,1355.5,1355.7,1355.1,1355.4,12762,1355.3891,1355.7553,1356.45,-1,-0.4361,-0.4586,0.0225,1,21.9059,20.8212,25.1368,44.4009,0,40.9091,34.8485,0.0,1356.8698,1354.6302,1355.75,0.0017,0.3437,0.7138,1355.6205,-1,4358492,15918.25,0,0.1667,-1,-0.3968,0.2886,1
2026-05-27 12:17:00,1355.4,1356.2,1355.1,1356.1,40158,1355.5313,1355.7867,1356.4363,-1,-0.3537,-0.4376,0.0839,1,20.4903,23.4316,22.473,51.4743,0,72.7273,54.5455,0.0664,1356.7661,1354.6739,1355.72,0.0015,0.6816,0.7414,1355.5828,1,4398650,17140.65,1,0.6364,1,-0.3454,0.3404,1
2026-05-27 12:18:00,1355.8,1356.5,1355.6,1356.4,43733,1355.705,1355.8424,1356.4349,-1,-0.2612,-0.4024,0.1411,1,19.62,24.2772,20.5538,54.1655,0,95.0,69.5455,0.1033,1356.7831,1354.6669,1355.725,0.0016,0.819,0.7528,1355.6342,1,4442383,19010.6,1,0.6667,1,-0.3233,0.3626,1
2026-05-27 12:19:00,1356.5,1357.8,1356.5,1357.6,26954,1356.084,1356.0022,1356.4806,1,-0.09,-0.3399,0.2499,1,20.309,32.8606,17.9813,63.0041,0,93.9394,87.2222,0.1401,1357.0802,1354.4798,1355.78,0.0019,1.1999,0.799,1355.7202,1,4469337,19724.75,0,0.8462,1,-0.2352,0.4514,0
2026-05-27 12:20:00,1357.8,1357.8,1356.3,1356.6,62956,1356.1872,1356.0566,1356.4853,1,-0.0347,-0.2789,0.2442,1,20.6118,28.7139,17.3948,53.7093,0,63.6364,84.1919,0.0738,1357.1254,1354.4646,1355.795,0.002,0.8025,0.8491,1355.8677,1,4406381,22085.0,1,0.8,-1,-0.3086,0.3774,1
2026-05-27 12:21:00,1356.5,1357.5,1356.3,1357.4,41822,1356.4298,1356.1787,1356.5211,1,0.0729,-0.2085,0.2814,1,20.893,25.8983,15.6891,58.9294,0,87.8788,81.8182,0.1476,1357.351,1354.359,1355.855,0.0022,1.0164,0.8741,1355.9625,1,4448203,23472.8,1,0.75,1,-0.2499,0.4366,1
2026-05-27 12:22:00,1357.7,1358.5,1357.2,1358.0,107482,1356.7438,1356.3443,1356.5791,1,0.2042,-0.126,0.3302,1,22.0954,31.1363,14.0785,62.3579,0,87.1795,79.5649,0.2066,1357.7308,1354.2092,1355.97,0.0026,1.0764,0.9045,1356.3506,1,4555685,27227.35,1,0.2308,1,-0.2058,0.4809,0
2026-05-27 12:23:00,1357.4,1358.2,1356.8,1356.8,19681,1356.7551,1356.3857,1356.5878,1,0.2091,-0.0589,0.268,1,22.5236,27.8237,15.6204,52.8546,0,56.4103,77.1562,0.1255,1357.7572,1354.2028,1355.98,0.0026,0.7307,0.9399,1356.3846,1,4536004,27907.45,0,0.4286,-1,-0.2939,0.3922,1
2026-05-27 12:24:00,1356.7,1357.2,1356.3,1357.0,11483,1356.804,1356.4415,1356.604,1,0.2264,-0.0019,0.2283,1,22.1336,25.915,18.36,54.1099,0,61.5385,68.3761,0.1624,1357.8429,1354.1871,1356.015,0.0027,0.7694,0.9371,1356.3935,1,4547487,28048.0,0,0.3333,1,-0.2792,0.407,0
2026-05-27 12:25:00,1356.5,1357.2,1356.0,1356.4,25027,1356.7232,1356.4378,1356.596,1,0.1896,0.0364,0.1532,1,21.3308,23.5911,18.9555,49.824,0,46.1538,54.7009,0.059,1357.8705,1354.1995,1356.035,0.0027,0.5994,0.9559,1356.4053,-1,4522460,28912.85,0,0.0833,-1,-0.3233,0.3626,0
2026-05-27 12:26:00,1355.8,1356.0,1355.3,1355.6,20325,1356.4986,1356.3616,1356.5569,1,0.0948,0.0481,0.0467,1,19.9551,21.6726,22.5891,44.7361,0,23.6842,43.7922,0.0148,1357.8687,1354.2213,1356.045,0.0027,0.378,0.9662,1356.3852,-1,4502135,29728.0,0,0.2857,-1,-0.3821,0.3034,0
2026-05-27 12:27:00,1355.4,1355.6,1354.7,1355.2,52468,1356.2389,1356.256,1356.5037,-1,-0.0125,0.036,-0.0485,-1,19.3591,20.2235,25.5363,42.4044,0,13.1579,27.6653,-0.0664,1357.8687,1354.2213,1356.045,0.0027,0.2683,0.9614,1356.2949,-1,4449667,32109.1,1,0.2222,-1,-0.4115,0.2738,0
2026-05-27 12:28:00,1355.4,1355.9,1354.8,1354.9,106985,1355.9711,1356.1327,1356.4408,-1,-0.1204,0.0047,-0.1251,-1,18.4082,20.7937,23.4707,40.6914,0,5.2632,14.0351,-0.1106,1357.8756,1354.2044,1356.04,0.0027,0.1895,0.9713,1356.2051,-1,4342682,35547.0,1,0.4545,-1,-0.4336,0.2516,1
2026-05-27 12:29:00,1354.7,1355.7,1354.7,1355.2,17432,1355.8169,1356.0479,1356.3921,-1,-0.1796,-0.0322,-0.1474,-1,17.6433,19.2678,22.4821,43.164,0,13.1579,10.5263,-0.1768,1357.8818,1354.1482,1356.015,0.0028,0.2817,0.9734,1356.1856,-1,4360114,36208.4,0,0.5,1,-0.4115,0.2738,0
2026-05-27 12:30:00,1354.8,1355.2,1354.7,1355.0,5083,1355.6535,1355.9527,1356.3375,-1,-0.2399,-0.0737,-0.1662,-1,16.933,18.5354,21.6276,41.9095,0,7.8947,8.7719,-0.1179,1357.8963,1354.0737,1355.985,0.0028,0.2423,0.9396,1356.1813,-1,4355031,36145.3,0,0.4,1,-0.4262,0.259,1
2026-05-27 12:31:00,1355.0,1355.9,1355.0,1355.5,23164,1355.6228,1355.9115,1356.3047,-1,-0.2445,-0.1079,-0.1366,-1,16.1342,22.601,20.1433,46.1249,0,21.0526,14.0351,-0.14,1357.8957,1354.0843,1355.99,0.0028,0.3714,0.9367,1356.1749,-1,4378195,36676.1,0,0.5556,1,-0.3895,0.296,0
2026-05-27 12:32:00,1354.8,1355.6,1354.8,1354.9,6871,1355.4782,1355.8196,1356.2496,-1,-0.2932,-0.1449,-0.1483,-1,15.113,21.2078,20.4427,42.1703,0,5.2632,11.4035,-0.2283,1357.9098,1354.0402,1355.975,0.0029,0.2222,0.927,1356.1933,-1,4371324,35962.35,0,0.125,1,-0.4336,0.2516,1
2026-05-27 12:33:00,1355.0,1355.6,1354.5,1355.5,10645,1355.4826,1355.7905,1356.2202,-1,-0.2801,-0.172,-0.1082,-1,14.3125,19.4339,21.014,47.0585,0,25.0,17.1053,-0.0958,1357.9013,1354.0887,1355.995,0.0028,0.3702,0.9393,1356.2057,-1,4381969,35609.6,0,0.4545,1,-0.3895,0.296,0
2026-05-27 12:34:00,1355.5,1355.6,1354.7,1355.0,5743,1355.3861,1355.7186,1356.1724,-1,-0.3066,-0.1989,-0.1077,-1,13.5692,18.0999,19.5716,43.7405,0,12.5,14.2544,-0.1474,1357.8881,1354.1219,1356.005,0.0028,0.2331,0.9365,1356.2263,-1,4376226,35118.7,0,0.5556,-1,-0.4262,0.259,0
2026-05-27 12:35:00,1355.0,1355.3,1354.7,1355.0,2974,1355.3089,1355.6533,1356.1264,-1,-0.3238,-0.2239,-0.1,-1,12.8791,17.2497,18.6523,43.7405,0,12.5,16.6667,-0.1032,1357.9015,1354.0485,1355.975,0.0028,0.247,0.9125,1356.2933,-1,4379200,32187.4,0,0.0,1,-0.4262,0.259,1
2026-05-27 12:36:00,1355.0,1355.3,1354.9,1355.3,3025,1355.3071,1355.6212,1356.094,-1,-0.3097,-0.241,-0.0687,-1,12.2382,16.6871,18.0439,46.3717,0,21.6216,15.5405,-0.0221,1357.903,1354.037,1355.97,0.0029,0.3267,0.8759,1356.3059,-1,4382225,31700.55,0,0.75,1,-0.4042,0.2812,1
2026-05-27 12:37:00,1355.1,1355.7,1354.8,1355.4,18816,1355.3257,1355.6011,1356.0668,-1,-0.2871,-0.2503,-0.0369,-1,11.7667,18.7203,16.7221,47.2572,0,33.3333,22.485,0.0148,1357.8826,1353.9874,1355.935,0.0029,0.3627,0.8776,1356.3082,-1,4401041,30633.45,0,0.3333,1,-0.3968,0.2886,0
2026-05-27 12:38:00,1355.8,1355.8,1355.1,1355.1,9339,1355.2805,1355.5555,1356.0289,-1,-0.2901,-0.2582,-0.0319,-1,11.4916,18.464,15.7554,44.8639,0,22.2222,25.7257,0.0148,1357.8378,1353.9022,1355.87,0.0029,0.3044,0.8649,1356.3031,-1,4391702,28913.75,0,1.0,-1,-0.4189,0.2664,0
2026-05-27 12:39:00,1355.2,1355.2,1354.5,1354.6,18552,1355.1444,1355.4687,1355.9728,-1,-0.329,-0.2724,-0.0566,-1,11.1453,17.3818,19.8555,41.1255,0,6.6667,20.7407,-0.0443,1357.5925,1353.8475,1355.72,0.0028,0.2009,0.8531,1356.206,-1,4373150,28493.65,0,0.8571,-1,-0.4556,0.2294,1
2026-05-27 12:40:00,1354.6,1354.9,1354.6,1354.7,3326,1355.0555,1355.3988,1355.9229,-1,-0.3478,-0.2875,-0.0603,-1,10.8237,16.9241,19.3326,42.1635,0,14.2857,14.3915,-0.0221,1357.5021,1353.7479,1355.625,0.0028,0.2536,0.8136,1356.1107,-1,4376476,25512.15,0,0.3333,1,-0.4483,0.2368,0
2026-05-27 12:41:00,1354.7,1354.9,1354.7,1354.7,4664,1354.9844,1355.3353,1355.8749,-1,-0.3585,-0.3017,-0.0568,-1,10.5251,16.61,18.9738,42.1635,0,14.2857,11.746,-0.059,1357.2196,1353.7604,1355.49,0.0026,0.2716,0.7698,1356.013,-1,4381140,23654.25,0,0.0,1,-0.4483,0.2368,0
2026-05-27 12:42:00,1354.9,1355.2,1353.9,1354.1,23434,1354.8075,1355.223,1355.8053,-1,-0.4107,-0.3235,-0.0872,-1,11.4711,14.7003,23.8675,37.556,0,10.0,12.8571,-0.059,1356.6971,1353.8929,1355.295,0.0021,0.0739,0.8077,1355.3945,-1,4357706,19451.85,0,0.6154,-1,-0.4924,0.1924,1
2026-05-27 12:43:00,1354.5,1354.7,1353.9,1354.7,5832,1354.786,1355.1754,1355.762,-1,-0.3991,-0.3386,-0.0605,-1,12.3495,13.6596,22.1777,44.1309,0,40.0,21.4286,-0.059,1356.4308,1353.9492,1355.19,0.0018,0.3025,0.8071,1355.2813,-1,4363538,18759.4,0,0.25,1,-0.4483,0.2368,0
2026-05-27 12:44:00,1354.7,1354.8,1354.4,1354.4,5042,1354.7088,1355.1049,1355.7086,-1,-0.4093,-0.3528,-0.0566,-1,12.9361,14.076,21.3633,41.7631,0,25.0,25.0,-0.0443,1356.0304,1354.0896,1355.06,0.0014,0.1599,0.778,1355.2228,-1,4358496,18437.35,0,0.75,-1,-0.4703,0.2146,1
2026-05-27 12:45:00,1354.4,1354.6,1354.2,1354.5,2025,1354.6671,1355.0499,1355.6612,-1,-0.4047,-0.3631,-0.0416,-1,13.7807,13.5405,22.4527,42.8636,0,31.5789,32.193,-0.0369,1355.7454,1354.1846,1354.965,0.0012,0.2021,0.751,1355.1233,-1,4360521,17287.25,0,0.25,1,-0.463,0.222,0
2026-05-27 12:46:00,1354.5,1354.5,1354.2,1354.2,3049,1354.5737,1354.9727,1355.6039,-1,-0.4204,-0.3746,-0.0458,-1,14.565,13.1369,21.7834,40.3973,0,15.7895,24.1228,-0.0812,1355.6861,1354.1039,1354.895,0.0012,0.0608,0.7188,1355.0841,-1,4357472,16423.45,0,1.0,-1,-0.485,0.1998,0
2026-05-27 12:47:00,1354.4,1354.4,1353.9,1353.9,4899,1354.4389,1354.8752,1355.5371,-1,-0.4519,-0.3901,-0.0618,-1,15.7458,12.4697,23.7243,38.0402,0,0.0,15.7895,-0.1107,1355.7179,1353.9421,1354.83,0.0013,-0.0237,0.7032,1355.0509,-1,4352573,14045.0,0,1.0,-1,-0.5071,0.1776,1
2026-05-27 12:48:00,1353.8,1354.0,1353.8,1354.0,5709,1354.3511,1354.7956,1355.4768,-1,-0.4634,-0.4047,-0.0587,-1,16.9865,12.2027,24.2869,39.3113,0,10.0,8.5965,-0.0812,1355.7427,1353.8273,1354.785,0.0014,0.0901,0.6672,1354.9266,-1,4358282,8981.2,0,1.0,1,-0.4997,0.185,1
2026-05-27 12:49:00,1354.0,1354.6,1353.9,1354.3,4465,1354.3409,1354.7505,1355.4306,-1,-0.4432,-0.4124,-0.0308,-1,16.6235,17.692,22.4733,43.0838,0,25.0,11.6667,-0.0221,1355.7,1353.78,1354.74,0.0014,0.2708,0.6696,1354.8803,-1,4362747,8332.85,0,0.4286,1,-0.4777,0.2072,0
2026-05-27 12:50:00,1354.3,1354.3,1354.1,1354.3,5921,1354.3327,1354.7096,1355.3863,-1,-0.4223,-0.4144,-0.0079,-1,16.2864,17.2947,21.9686,43.0838,0,25.0,20.0,-0.0295,1355.6755,1353.7345,1354.705,0.0014,0.2913,0.636,1354.8548,-1,4368668,8374.75,0,0.0,1,-0.4777,0.2072,0
2026-05-27 12:51:00,1354.3,1354.3,1354.1,1354.1,7435,1354.2862,1354.6542,1355.3359,-1,-0.4171,-0.4149,-0.0022,-1,15.9734,16.8862,21.4497,41.1081,0,15.0,21.6667,-0.0443,1355.5673,1353.7027,1354.635,0.0014,0.2131,0.6049,1354.7277,-1,4361233,7588.3,0,1.0,-1,-0.4924,0.1924,0
2026-05-27 12:52:00,1353.9,1354.0,1353.1,1353.1,29241,1354.0489,1354.5129,1355.2482,-1,-0.488,-0.4296,-0.0585,-1,17.2501,14.9811,30.3118,32.9676,1,0.0,13.3333,-0.0738,1355.6825,1353.4075,1354.545,0.0017,-0.1352,0.6331,1354.4901,-1,4331992,8706.8,1,0.8889,-1,-0.5658,0.1184,0
2026-05-27 12:53:00,1352.7,1352.9,1352.5,1352.8,8870,1353.7992,1354.3572,1355.1522,-1,-0.562,-0.456,-0.1059,-1,19.0908,13.9632,35.0468,30.9852,1,11.1111,8.7037,-0.1403,1355.6936,1353.1264,1354.41,0.0019,-0.1271,0.6308,1354.3558,-1,4323122,8618.05,0,0.25,1,-0.5879,0.0962,0
2026-05-27 12:54:00,1352.8,1352.8,1352.2,1352.6,5220,1353.5593,1354.1974,1355.0521,-1,-0.6295,-0.4907,-0.1387,-1,21.0826,13.0112,36.0664,29.7029,1,13.3333,8.1481,-0.1329,1355.765,1352.815,1354.29,0.0022,-0.0729,0.6286,1354.2756,-1,4317902,8591.9,0,0.3333,-1,-0.6026,0.0814,1
2026-05-27 12:55:00,1352.6,1352.7,1352.5,1352.7,10176,1353.3875,1354.0613,1354.9598,-1,-0.6672,-0.526,-0.1412,-1,22.9323,12.7003,35.2047,31.2352,1,16.6667,13.7037,-0.1329,1355.7648,1352.5852,1354.175,0.0023,0.0361,0.5979,1354.1702,-1,4328078,8952.0,0,0.5,1,-0.5952,0.0888,1
2026-05-27 12:56:00,1352.9,1353.1,1352.6,1352.8,3930,1353.27,1353.9466,1354.8751,-1,-0.6812,-0.5571,-0.1241,-1,23.6314,16.7676,33.0771,32.8124,1,23.0769,17.6923,-0.1034,1355.6593,1352.4407,1354.05,0.0024,0.1116,0.591,1354.1243,-1,4332008,8997.25,0,0.2,-1,-0.5879,0.0962,1
2026-05-27 12:57:00,1353.1,1353.4,1352.9,1353.3,5653,1353.276,1353.8878,1354.8134,-1,-0.6445,-0.5745,-0.0699,-1,23.5919,19.175,30.6809,40.1982,0,42.3077,27.3504,-0.0443,1355.4596,1352.4304,1353.945,0.0022,0.2871,0.5916,1353.9603,-1,4337661,8339.1,0,0.4,1,-0.5511,0.1332,0
2026-05-27 12:58:00,1353.3,1353.4,1353.1,1353.2,2607,1353.2608,1353.8253,1354.7501,-1,-0.6164,-0.5829,-0.0335,-1,23.5552,18.4551,29.529,39.2685,0,41.6667,35.6838,-0.0591,1355.2998,1352.4002,1353.85,0.0021,0.2758,0.5708,1353.8683,-1,4335054,8002.5,0,0.3333,-1,-0.5585,0.1258,1
2026-05-27 12:59:00,1353.2,1353.4,1353.2,1353.3,8170,1353.2686,1353.7776,1354.6932,-1,-0.5793,-0.5822,0.0029,1,23.5211,17.9708,28.754,40.7444,0,45.8333,43.2692,-0.0738,1355.2109,1352.3591,1353.785,0.0021,0.3299,0.5443,1353.726,-1,4343224,7483.4,0,0.5,1,-0.5511,0.1332,0
2026-05-27 13:00:00,1353.3,1353.3,1353.0,1353.0,5533,1353.2149,1353.7069,1354.6268,-1,-0.5676,-0.5793,0.0116,1,23.8029,17.2398,30.296,37.7782,0,33.3333,40.2778,-0.096,1355.1,1352.3,1353.7,0.0021,0.25,0.5268,1353.6811,-1,4337691,7593.75,0,1.0,-1,-0.5732,0.111,0
2026-05-27 13:01:00,1353.0,1353.1,1352.7,1353.0,6530,1353.1719,1353.6426,1354.563,-1,-0.552,-0.5738,0.0218,1,24.5017,16.2885,32.7628,37.7782,0,33.3333,37.5,-0.0812,1354.9674,1352.2626,1353.615,0.002,0.2726,0.5178,1353.6164,-1,4344221,7687.05,0,0.0,1,-0.5732,0.111,1
2026-05-27 13:02:00,1352.8,1353.8,1352.7,1353.8,26380,1353.2975,1353.6569,1354.5331,-1,-0.4697,-0.553,0.0833,1,23.4815,22.9392,28.1608,49.213,0,66.6667,44.4444,0.0517,1354.9372,1352.2628,1353.6,0.002,0.5748,0.5594,1353.4684,1,4370601,7834.35,1,0.9091,1,-0.5144,0.1702,1
2026-05-27 13:03:00,1353.8,1354.1,1353.4,1354.1,38867,1353.458,1353.6972,1354.5161,-1,-0.3759,-0.5176,0.1417,1,21.946,24.6882,25.688,52.7219,0,90.4762,63.4921,0.0961,1354.8319,1352.3081,1353.57,0.0019,0.71,0.5694,1353.5203,1,4409468,9486.1,1,0.4286,1,-0.4924,0.1924,1
2026-05-27 13:04:00,1353.8,1355.3,1353.8,1355.1,72433,1353.7864,1353.8247,1354.539,-1,-0.2183,-0.4577,0.2394,1,22.0101,34.008,21.3597,62.1173,0,93.5484,83.5637,0.1848,1354.9899,1352.2201,1353.605,0.002,1.0398,0.6359,1353.8422,1,4481901,12855.65,1,0.8667,1,-0.4189,0.2664,0
2026-05-27 13:05:00,1355.0,1355.0,1353.8,1353.8,19169,1353.7891,1353.8225,1354.51,-1,-0.1961,-0.4054,0.2093,1,22.0697,29.3866,18.4571,48.5968,0,51.6129,78.5458,0.0813,1354.8968,1352.2432,1353.57,0.002,0.5867,0.6833,1353.8628,-1,4462732,13712.85,0,1.0,-1,-0.5144,0.1702,1
2026-05-27 13:06:00,1354.2,1354.8,1354.0,1354.8,29296,1353.9913,1353.9113,1354.5214,1,-0.0967,-0.3436,0.247,1,22.125,26.4132,16.5895,56.4494,0,83.871,76.3441,0.1478,1355.0071,1352.1929,1353.6,0.0021,0.9264,0.7059,1353.9238,1,4492028,15025.2,1,0.75,1,-0.4409,0.2442,1
2026-05-27 13:07:00,1354.8,1355.8,1354.5,1355.5,36870,1354.293,1354.0558,1354.5598,1,0.0382,-0.2673,0.3054,1,23.2906,32.6804,14.5311,60.9468,0,91.6667,75.7168,0.1626,1355.3105,1352.0495,1353.68,0.0024,1.0581,0.7484,1354.0706,1,4528898,16623.75,1,0.5385,1,-0.3895,0.296,0
2026-05-27 13:08:00,1355.8,1355.8,1355.2,1355.4,53469,1354.5144,1354.178,1354.5927,1,0.1354,-0.1868,0.3221,1,24.3728,30.782,13.687,59.9937,0,87.8788,87.8055,0.1626,1355.5416,1351.9584,1353.75,0.0026,0.9605,0.7378,1354.269,1,4475429,19011.75,1,0.6667,-1,-0.3968,0.2886,0
2026-05-27 13:09:00,1355.8,1355.8,1354.9,1354.9,4349,1354.5916,1354.2436,1354.6048,1,0.1701,-0.1154,0.2855,1,24.728,28.1413,15.3724,55.334,0,71.875,83.8068,0.1182,1355.6267,1351.9333,1353.78,0.0027,0.8032,0.7494,1354.2796,1,4471080,19005.95,0,1.0,-1,-0.4336,0.2516,1
2026-05-27 13:10:00,1355.0,1355.7,1354.4,1355.3,43997,1354.7332,1354.3396,1354.6321,1,0.2273,-0.0468,0.2742,1,24.0829,24.8281,18.0908,58.1354,0,83.871,81.2083,0.17,1355.7815,1351.8785,1353.83,0.0029,0.8766,0.7887,1354.3701,1,4515077,20909.75,1,0.2308,1,-0.4042,0.2812,0
2026-05-27 13:11:00,1355.1,1355.2,1354.2,1354.3,10466,1354.6466,1354.336,1354.619,1,0.1898,0.0005,0.1893,1,23.1247,22.4225,18.0996,49.7369,0,51.6129,69.1196,0.0961,1355.799,1351.881,1353.84,0.0029,0.6174,0.8109,1354.3786,-1,4504611,21061.3,0,0.8,-1,-0.4777,0.2072,0
2026-05-27 13:12:00,1354.4,1354.4,1354.0,1354.1,6151,1354.5373,1354.3146,1354.5987,1,0.1422,0.0288,0.1134,1,21.8814,21.6028,19.2658,48.2361,0,45.1613,60.2151,0.0222,1355.8217,1351.9583,1353.89,0.0029,0.5544,0.7816,1354.4472,-1,4498460,19906.8,0,0.75,-1,-0.4924,0.1924,0
2026-05-27 13:13:00,1354.1,1354.1,1353.2,1353.6,21469,1354.3498,1354.2496,1354.5595,1,0.0635,0.0358,0.0277,1,21.1298,19.8449,24.9311,44.6116,0,29.0323,41.9355,-0.0369,1355.802,1352.058,1353.93,0.0028,0.4119,0.79,1354.4416,-1,4476991,20536.75,0,0.5556,-1,-0.5291,0.1554,0
2026-05-27 13:14:00,1353.4,1353.6,1353.3,1353.6,10281,1354.1999,1354.1906,1354.5219,1,0.001,0.0288,-0.0278,-1,20.4319,19.2817,24.2235,44.6116,0,29.0323,34.4086,-0.1107,1355.7583,1352.2017,1353.98,0.0026,0.3932,0.755,1354.4423,-1,4487272,20789.8,0,0.6667,1,-0.5291,0.1554,0
2026-05-27 13:15:00,1353.6,1353.7,1353.5,1353.5,13696,1354.0599,1354.1278,1354.4818,-1,-0.0559,0.0119,-0.0677,-1,19.6018,19.8951,23.7398,43.8474,0,25.8065,27.957,-0.0222,1355.7154,1352.3246,1354.02,0.0025,0.3466,0.7154,1354.4576,-1,4473576,20965.8,0,0.5,-1,-0.5364,0.148,0
2026-05-27 13:16:00,1353.5,1353.5,1353.4,1353.5,5510,1353.9479,1354.0707,1354.4433,-1,-0.0998,-0.0105,-0.0893,-1,18.9877,19.6835,24.5511,43.8474,0,11.5385,22.1257,-0.096,1355.6755,1352.4345,1354.055,0.0024,0.3288,0.6714,1354.4598,-1,4479086,21044.8,0,0.0,1,-0.5364,0.148,0
2026-05-27 13:17:00,1353.5,1353.5,1353.4,1353.4,5427,1353.8383,1354.0097,1354.4024,-1,-0.1411,-0.0366,-0.1045,-1,18.4174,19.4605,24.273,42.9933,0,7.6923,15.0124,-0.1549,1355.6717,1352.4483,1354.06,0.0024,0.2952,0.6306,1354.4635,-1,4473659,21033.5,0,1.0,-1,-0.5438,0.1406,1
2026-05-27 13:18:00,1353.3,1353.5,1353.3,1353.5,8093,1353.7707,1353.9634,1354.367,-1,-0.1638,-0.062,-0.1018,-1,18.0604,18.9971,24.8857,44.1646,0,11.5385,10.2564,-0.1402,1355.6598,1352.4902,1354.075,0.0023,0.3186,0.5999,1354.4515,-1,4481752,21307.8,0,1.0,1,-0.5364,0.148,0
2026-05-27 13:19:00,1353.5,1353.5,1352.7,1352.7,16488,1353.5565,1353.8485,1354.3016,-1,-0.2436,-0.0983,-0.1452,-1,18.6514,17.2295,29.5485,37.5223,0,0.0,6.4103,-0.1624,1355.7081,1352.3819,1354.045,0.0025,0.0956,0.6142,1354.4168,-1,4465264,21723.7,0,1.0,-1,-0.5952,0.0888,1
2026-05-27 13:20:00,1352.7,1353.0,1352.6,1353.0,6982,1353.4452,1353.7714,1354.2506,-1,-0.2794,-0.1345,-0.1448,-1,19.3375,16.4075,29.3315,41.0998,0,12.5,8.0128,-0.1697,1355.7081,1352.3819,1354.045,0.0025,0.1858,0.5989,1354.4087,-1,4472246,21796.15,0,0.75,1,-0.5732,0.111,1
2026-05-27 13:21:00,1353.0,1353.6,1352.9,1353.6,15576,1353.4762,1353.7558,1354.2251,-1,-0.2564,-0.1589,-0.0975,-1,18.6534,22.1251,26.9117,47.5664,0,31.25,14.5833,-0.0517,1355.6823,1352.4677,1354.075,0.0024,0.3522,0.6061,1354.3938,-1,4487822,22248.45,0,0.8571,1,-0.5291,0.1554,0
2026-05-27 13:22:00,1353.5,1353.6,1353.1,1353.6,17226,1353.5009,1353.7417,1354.2006,-1,-0.2354,-0.1742,-0.0612,-1,18.0183,20.8049,25.3058,47.5664,0,31.25,25.0,-0.0369,1355.6815,1352.4485,1354.065,0.0024,0.3562,0.5985,1354.414,-1,4505048,21790.75,0,0.2,1,-0.5291,0.1554,1
2026-05-27 13:23:00,1353.6,1353.9,1353.1,1353.7,18587,1353.5408,1353.7379,1354.1809,-1,-0.2084,-0.181,-0.0273,-1,16.8235,22.3614,22.9464,48.656,0,35.4839,32.6613,0.0074,1355.6692,1352.4208,1354.045,0.0024,0.3938,0.6129,1354.4273,-1,4523635,20776.75,0,0.125,1,-0.5218,0.1628,1
2026-05-27 13:24:00,1353.7,1354.5,1353.6,1354.3,29417,1353.6926,1353.789,1354.1856,-1,-0.1369,-0.1722,0.0353,1,16.5607,26.8581,20.6176,54.7341,0,65.3846,44.0395,0.0517,1355.5612,1352.4488,1354.005,0.0023,0.5948,0.6334,1354.3446,-1,4553052,18625.95,1,0.6667,1,-0.4777,0.2072,1
2026-05-27 13:25:00,1354.3,1354.5,1354.2,1354.5,15723,1353.8541,1353.8536,1354.1979,1,-0.0634,-0.1505,0.087,1,16.3167,25.9139,19.8928,56.5793,0,100.0,66.9562,0.0739,1355.6077,1352.4723,1354.04,0.0023,0.6467,0.6096,1354.3545,1,4568775,18453.65,0,0.6667,1,-0.463,0.222,1
2026-05-27 13:26:00,1354.5,1354.6,1354.3,1354.6,15257,1354.0033,1353.9215,1354.2137,1,0.0029,-0.1198,0.1227,1,16.2565,26.1846,19.1672,57.5119,0,100.0,88.4615,0.0813,1355.5806,1352.4794,1354.03,0.0023,0.6838,0.5875,1354.3459,1,4584032,17751.7,0,0.3333,1,-0.4556,0.2294,1
2026-05-27 13:27:00,1354.6,1355.5,1354.5,1355.1,41733,1354.2226,1354.0286,1354.2485,1,0.0946,-0.0769,0.1715,1,17.4458,33.573,16.948,61.9162,0,86.2069,95.4023,0.1256,1355.4931,1352.5269,1354.01,0.0022,0.8675,0.6169,1354.3313,1,4625765,17994.85,1,0.5,1,-0.4189,0.2664,0
2026-05-27 13:28:00,1355.1,1355.1,1355.0,1355.1,11589,1354.3981,1354.126,1354.2819,1,0.1655,-0.0284,0.1939,1,18.5502,33.1596,16.7393,61.9162,0,86.2069,90.8046,0.1182,1355.4267,1352.5633,1353.995,0.0021,0.8859,0.58,1354.1672,1,4637354,15900.85,0,0.0,1,-0.4189,0.2664,1
2026-05-27 13:29:00,1355.0,1355.4,1355.0,1355.4,6137,1354.5985,1354.2418,1354.3257,1,0.243,0.0259,0.2172,1,19.9296,35.2674,15.8961,64.4785,0,96.5517,89.6552,0.1996,1355.5294,1352.5106,1354.02,0.0022,0.9571,0.5672,1354.1743,1,4643491,15990.25,0,1.0,1,-0.3968,0.2886,0
2026-05-27 13:30:00,1355.4,1355.4,1355.1,1355.3,7653,1354.7388,1354.338,1354.3639,1,0.293,0.0793,0.2137,1,21.2104,33.8885,15.2746,62.958,0,93.1034,91.954,0.17,1355.5294,1352.5106,1354.02,0.0022,0.924,0.5481,1354.0549,1,4635838,14173.05,0,0.3333,-1,-0.4042,0.2812,0
2026-05-27 13:31:00,1355.3,1355.3,1355.1,1355.3,4474,1354.851,1354.4255,1354.4006,1,0.3289,0.1292,0.1996,1,22.3998,32.9632,14.8575,62.958,0,93.1034,94.2529,0.1256,1355.6764,1352.4636,1354.07,0.0024,0.8829,0.5232,1354.0546,1,4640312,13873.45,0,0.0,1,-0.4042,0.2812,1
2026-05-27 13:32:00,1355.4,1355.6,1355.4,1355.5,7207,1354.9808,1354.5232,1354.4437,1,0.3691,0.1772,0.1919,1,23.879,35.795,14.2299,64.8791,0,96.6667,94.2912,0.1404,1355.8633,1352.4167,1354.14,0.0025,0.8946,0.5073,1354.0896,1,4647519,13926.25,0,0.5,1,-0.3895,0.296,1
2026-05-27 13:33:00,1355.5,1356.2,1355.5,1356.0,27289,1355.1847,1354.6574,1354.5048,1,0.4364,0.229,0.2074,1,25.8779,40.5854,12.8643,69.1822,-1,94.4444,94.7382,0.1699,1356.143,1352.377,1354.26,0.0028,0.962,0.521,1354.2978,1,4674808,14217.25,1,0.7143,1,-0.3527,0.333,1
2026-05-27 13:34:00,1356.0,1356.7,1356.0,1356.7,38093,1355.4877,1354.8431,1354.5908,1,0.5399,0.2912,0.2487,1,28.1513,43.4743,11.6594,73.9875,-1,100.0,97.037,0.1772,1356.5488,1352.2812,1354.415,0.0032,1.0354,0.5338,1354.5887,1,4712901,15607.85,1,1.0,1,-0.3013,0.3848,1
2026-05-27 13:35:00,1356.7,1357.4,1356.6,1357.1,66255,1355.8102,1355.0483,1354.6892,1,0.6468,0.3623,0.2845,1,30.7295,48.025,10.4542,76.2649,-1,93.0233,95.8226,0.192,1356.982,1352.208,1354.595,0.0035,1.0247,0.5528,1355.0712,1,4779156,18235.8,1,0.5,1,-0.2719,0.4144,1
2026-05-27 13:36:00,1357.1,1357.8,1357.0,1357.8,37222,1356.2081,1355.2984,1354.8112,1,0.779,0.4457,0.3334,1,33.3455,48.2228,9.4071,79.6266,-1,100.0,97.6744,0.2362,1357.517,1352.103,1354.81,0.004,1.0523,0.5705,1355.3247,1,4816378,19821.4,1,0.875,1,-0.2205,0.4661,1
2026-05-27 13:37:00,1357.8,1358.2,1357.1,1358.0,75465,1356.5665,1355.544,1354.9363,1,0.8897,0.5345,0.3552,1,35.9742,46.691,8.192,80.4774,-1,95.6522,96.2251,0.214,1357.9986,1352.0814,1355.04,0.0044,1.0002,0.6083,1355.7417,1,4891843,23323.3,1,0.1818,1,-0.2058,0.4809,0
2026-05-27 13:38:00,1358.0,1359.0,1357.9,1358.0,80923,1356.8532,1355.7673,1355.0564,1,0.9662,0.6208,0.3454,1,38.747,49.8704,7.1917,80.4774,-1,79.1667,91.6063,0.214,1358.4001,1352.1299,1355.265,0.0046,0.9362,0.6434,1356.1602,1,4972766,26964.8,1,0.0,1,-0.2058,0.4809,1
2026-05-27 13:39:00,1358.6,1359.6,1357.9,1359.1,86042,1357.3026,1356.0703,1355.215,1,1.103,0.7173,0.3857,1,41.5228,47.4083,5.9769,84.5838,-1,90.566,88.4616,0.273,1358.9084,1352.2616,1355.585,0.0049,1.0288,0.7189,1356.6292,1,5058808,30442.5,1,0.2941,1,-0.1249,0.5623,0
2026-05-27 13:40:00,1359.0,1359.2,1358.1,1358.2,7843,1357.4821,1356.2639,1355.3321,1,1.1257,0.7989,0.3268,1,44.1003,42.4159,5.3475,71.3585,-1,72.549,80.7606,0.214,1359.1322,1352.5578,1355.845,0.0048,0.8582,0.7461,1356.6964,1,5050965,30485.55,0,0.7273,-1,-0.1911,0.4957,0
2026-05-27 13:41:00,1358.1,1358.3,1357.2,1357.7,13015,1357.5256,1356.3944,1355.4249,1,1.0908,0.8573,0.2335,1,44.4302,38.0956,13.1365,65.2541,-1,58.6957,73.9369,0.1771,1359.2622,1352.8378,1356.05,0.0047,0.7568,0.7714,1356.804,1,5037950,30357.5,0,0.3636,-1,-0.2278,0.4587,0
2026-05-27 13:42:00,1357.7,1357.7,1356.1,1356.1,42512,1357.2405,1356.3677,1355.4514,1,0.9234,0.8705,0.0529,1,42.8631,32.8538,20.7888,50.3971,0,23.913,51.7192,0.0443,1359.1842,1353.1658,1356.175,0.0044,0.4875,0.8306,1356.8843,-1,4995438,31621.8,0,1.0,-1,-0.3454,0.3404,0
2026-05-27 13:43:00,1356.2,1356.5,1355.8,1355.8,11569,1356.9524,1356.3161,1355.4651,1,0.7578,0.848,-0.0902,-1,40.9771,30.8536,22.1323,48.1819,0,15.5556,32.7214,-0.0147,1359.0754,1353.4846,1356.28,0.0041,0.4141,0.8213,1356.9672,-1,4983869,31270.9,0,0.5714,-1,-0.3674,0.3182,0
2026-05-27 13:44:00,1355.7,1355.8,1355.1,1355.1,83897,1356.5819,1356.2055,1355.4508,1,0.5636,0.7911,-0.2275,-1,38.3099,28.9551,26.9236,43.3897,0,0.0,13.1562,-0.1179,1359.0223,1353.6177,1356.32,0.004,0.2743,0.8126,1356.8882,-1,4899972,33994.9,1,0.8571,-1,-0.4189,0.2664,0
2026-05-27 13:45:00,1355.1,1355.7,1354.5,1354.5,65783,1356.1655,1356.0505,1355.4135,1,0.3571,0.7043,-0.3472,-1,35.9968,26.0014,29.2776,39.7411,0,0.0,5.1852,-0.1916,1359.0223,1353.6177,1356.32,0.004,0.1632,0.8403,1356.7626,-1,4834189,36497.9,1,0.5,-1,-0.463,0.222,1
2026-05-27 13:46:00,1354.8,1355.6,1354.5,1355.4,4871,1356.0124,1355.9913,1355.4129,1,0.2631,0.6161,-0.353,-1,33.8489,23.6226,26.5991,46.9476,0,17.6471,5.8824,-0.1768,1358.9818,1353.7382,1356.36,0.0039,0.3169,0.8588,1356.7998,-1,4839060,35978.6,0,0.5455,1,-0.3968,0.2886,1
2026-05-27 13:47:00,1355.4,1356.8,1355.0,1356.8,38315,1356.1699,1356.0648,1355.4673,1,0.2981,0.5525,-0.2544,-1,32.3416,29.5988,22.9061,55.8023,0,45.098,20.915,-0.0884,1359.0074,1353.8826,1356.445,0.0038,0.5693,0.926,1356.8706,-1,4877375,35807.7,0,0.7778,1,-0.2939,0.3922,0
2026-05-27 13:48:00,1356.9,1356.9,1355.6,1356.4,9528,1356.216,1356.0953,1355.5039,1,0.2902,0.5,-0.2098,-1,31.0391,27.4638,20.6736,53.0765,0,37.2549,33.3333,-0.1178,1358.9975,1354.0225,1356.51,0.0037,0.4779,0.9528,1356.8923,-1,4867847,35704.65,0,0.3846,-1,-0.3233,0.3551,1
2026-05-27 13:49:00,1356.1,1357.5,1356.0,1356.7,46967,1356.3128,1356.1503,1355.5508,1,0.3047,0.461,-0.1563,-1,30.3905,28.818,18.4404,54.8575,0,43.1373,41.8301,-0.1766,1359.0105,1354.1395,1356.575,0.0036,0.5257,0.9918,1356.8956,-1,4914814,37746.15,0,0.4,1,-0.3013,0.3031,0
2026-05-27 13:50:00,1356.6,1356.7,1356.3,1356.5,5271,1356.3502,1356.1821,1355.588,1,0.2966,0.4281,-0.1315,-1,29.7883,27.9509,17.8855,53.4023,0,39.2157,39.8693,-0.1252,1359.0,1354.27,1356.635,0.0035,0.4715,0.9496,1356.9094,-1,4909543,37627.05,0,0.25,-1,-0.316,0.2883,1
2026-05-27 13:51:00,1356.7,1357.3,1356.5,1357.3,17228,1356.5402,1356.2837,1355.6552,1,0.3507,0.4126,-0.0619,-1,29.7635,30.8144,16.797,58.181,0,54.902,45.7516,-0.0295,1359.0339,1354.4361,1356.735,0.0034,0.6229,0.9389,1356.922,1,4926771,38264.75,0,0.75,1,-0.2572,0.3475,1
2026-05-27 13:52:00,1357.3,1357.5,1357.0,1357.4,10313,1356.7121,1356.3852,1355.7236,1,0.397,0.4095,-0.0125,-1,29.9082,31.1759,16.136,58.7505,0,56.8627,50.3268,0.0959,1359.0733,1354.5867,1356.83,0.0033,0.627,0.9075,1356.9404,1,4937084,38420.05,0,0.2,1,-0.2499,0.3549,1
2026-05-27 13:53:00,1357.4,1357.8,1357.4,1357.8,11943,1356.9297,1356.5138,1355.805,1,0.4607,0.4198,0.041,1,30.291,32.613,15.6068,61.0361,0,70.2128,60.6592,0.1475,1359.1673,1354.6727,1356.92,0.0033,0.6958,0.8713,1356.9896,1,4949027,37652.75,0,1.0,1,-0.2205,0.3844,0
2026-05-27 13:54:00,1357.8,1357.8,1357.7,1357.8,6177,1357.1038,1356.6307,1355.8833,1,0.5054,0.4369,0.0685,1,30.6465,32.3276,15.4703,61.0361,0,86.8421,71.3059,0.1992,1359.2517,1354.6983,1356.975,0.0034,0.6812,0.8162,1357.0239,1,4955204,36056.95,0,0.0,1,-0.2205,0.3844,0
2026-05-27 13:55:00,1357.8,1357.8,1357.5,1357.7,7453,1357.223,1356.7279,1355.9545,1,0.5267,0.4548,0.0718,1,30.6101,31.4387,16.878,60.071,0,96.9697,84.6749,0.2362,1359.3032,1354.7068,1357.005,0.0034,0.6512,0.7793,1357.0302,1,4947751,33116.85,0,0.3333,-1,-0.2278,0.3771,1
2026-05-27 13:56:00,1357.7,1358.0,1357.2,1357.8,25992,1357.3384,1356.8254,1356.0269,1,0.5453,0.4729,0.0724,1,30.0394,29.1378,18.3872,60.7395,0,94.2857,92.6992,0.1771,1359.3032,1354.7068,1357.005,0.0034,0.673,0.7808,1357.0269,1,4973743,32555.35,0,0.125,1,-0.2205,0.3844,0
2026-05-27 13:57:00,1357.8,1357.9,1357.5,1357.7,11501,1357.4107,1356.9049,1356.0925,1,0.5457,0.4875,0.0582,1,29.5095,28.0331,17.6901,59.6638,0,91.4286,94.228,0.0663,1359.2659,1354.7141,1356.99,0.0034,0.656,0.7536,1356.945,1,4962242,29357.15,0,0.25,-1,-0.2278,0.3771,1
2026-05-27 13:58:00,1357.8,1357.9,1357.3,1357.9,11365,1357.5086,1356.9954,1356.1634,1,0.5557,0.5011,0.0546,1,28.6431,26.4153,18.5928,61.1459,0,97.1429,94.2857,0.1106,1359.2524,1354.7176,1356.985,0.0033,0.7018,0.7426,1356.7497,1,4973607,25879.25,0,0.1667,1,-0.2131,0.3918,0
2026-05-27 13:59:00,1357.8,1357.8,1357.2,1357.3,7949,1357.4669,1357.0231,1356.2079,1,0.5094,0.5028,0.0066,1,27.65,24.6295,18.3017,54.6573,0,80.0,89.5238,0.0442,1358.9526,1354.8374,1356.895,0.003,0.5984,0.7396,1356.3476,1,4965658,21974.6,0,0.8333,-1,-0.2572,0.3475,1
2026-05-27 14:00:00,1357.4,1357.9,1357.4,1357.4,32868,1357.4535,1357.0573,1356.2547,1,0.4753,0.4973,-0.022,-1,26.8719,24.1618,17.2266,55.5048,0,80.0,85.7143,0.0663,1358.8394,1354.8706,1356.855,0.0029,0.6373,0.7296,1356.3975,1,4998526,23225.85,0,0.0,1,-0.2499,0.3549,1
2026-05-27 14:01:00,1357.2,1357.9,1357.2,1357.9,25112,1357.5428,1357.1339,1356.3192,1,0.483,0.4944,-0.0114,-1,25.7451,22.5012,18.0063,59.5734,0,95.8333,85.2778,0.0442,1358.8683,1354.8617,1356.865,0.003,0.7583,0.7275,1356.4279,1,5023638,23830.7,0,1.0,1,-0.2131,0.3918,0
2026-05-27 14:02:00,1357.6,1358.0,1357.1,1357.5,21868,1357.5342,1357.1672,1356.3655,1,0.4517,0.4859,-0.0342,-1,24.4969,20.546,17.4072,55.223,0,75.0,83.6111,0.0074,1358.9242,1354.9458,1356.935,0.0029,0.642,0.7398,1356.4618,1,5001770,22798.5,0,0.1111,-1,-0.2425,0.3623,1
2026-05-27 14:03:00,1357.5,1357.9,1356.9,1357.6,26890,1357.5474,1357.2066,1356.4139,1,0.43,0.4747,-0.0448,-1,22.9361,18.6109,17.6514,56.0864,0,76.4706,82.4346,-0.0147,1358.9629,1355.0871,1357.025,0.0029,0.6484,0.7584,1356.5296,1,5028660,23564.55,0,0.1,1,-0.2352,0.3697,0
2026-05-27 14:04:00,1357.6,1357.6,1356.5,1356.8,28773,1357.3979,1357.1696,1356.4291,1,0.3442,0.4486,-0.1044,-1,21.8466,16.7429,19.5296,48.0967,0,20.0,57.1569,-0.0736,1358.8408,1355.3792,1357.11,0.0026,0.4104,0.7828,1356.801,-1,4999887,20808.35,0,0.7273,-1,-0.2939,0.3105,0
2026-05-27 14:05:00,1356.8,1356.8,1356.4,1356.6,23708,1357.2383,1357.1178,1356.4358,1,0.2572,0.4103,-0.1532,-1,21.0088,16.1097,19.7365,46.3201,0,12.5,36.3235,-0.081,1358.4961,1355.9339,1357.215,0.0019,0.26,0.7555,1357.1225,-1,4976179,18704.6,0,0.5,-1,-0.3086,0.2957,1
2026-05-27 14:06:00,1356.2,1357.3,1356.0,1357.3,31125,1357.2507,1357.1344,1356.4697,1,0.2419,0.3766,-0.1348,-1,19.7637,18.7225,17.4293,52.8802,0,65.0,32.5,-0.0368,1358.2834,1356.3366,1357.31,0.0014,0.4949,0.7944,1357.1264,1,5007304,20017.3,1,0.8462,1,-0.2572,0.3475,0
2026-05-27 14:07:00,1357.3,1357.5,1356.3,1356.3,23591,1357.0605,1357.0585,1356.463,1,0.1473,0.3308,-0.1834,-1,18.9577,18.5085,15.6148,44.5115,0,15.0,30.8333,-0.1031,1358.3324,1356.2376,1357.285,0.0015,0.0298,0.8233,1357.1924,-1,4983713,19281.1,0,0.8333,-1,-0.3307,0.2735,1
2026-05-27 14:08:00,1356.8,1357.4,1356.6,1356.9,20685,1357.0284,1357.0441,1356.4801,-1,0.1195,0.2885,-0.169,-1,18.2093,16.7836,14.1596,49.6593,0,45.0,41.6667,-0.0736,1358.2937,1356.3263,1357.31,0.0014,0.2916,0.8431,1357.2021,-1,5004398,19838.95,0,0.125,1,-0.2866,0.3179,0
2026-05-27 14:09:00,1356.9,1357.3,1356.2,1356.6,21839,1356.9427,1357.0037,1356.4848,-1,0.0724,0.2453,-0.1729,-1,17.1204,15.2528,16.1848,47.2967,0,30.0,30.0,-0.0516,1358.3019,1356.3081,1357.305,0.0015,0.1464,0.8614,1357.2318,-1,4982559,18582.55,0,0.2727,-1,-0.3086,0.2957,0
2026-05-27 14:10:00,1356.9,1356.9,1356.1,1356.2,15844,1356.7942,1356.9307,1356.4737,-1,0.0027,0.1968,-0.1941,-1,16.3007,14.2358,15.9391,44.2721,0,10.0,28.3333,-0.0884,1358.3424,1356.2376,1357.29,0.0016,-0.0179,0.8571,1357.2074,-1,4966715,19111.2,0,0.875,-1,-0.338,0.2662,0
2026-05-27 14:11:00,1356.2,1356.7,1356.0,1356.1,36395,1356.6554,1356.8552,1356.459,-1,-0.0599,0.1454,-0.2053,-1,15.7342,13.3943,15.8414,43.5228,0,5.0,15.0,-0.1326,1358.4032,1356.0568,1357.23,0.0017,0.0184,0.8458,1357.1296,-1,4930320,20069.55,1,0.1429,-1,-0.3454,0.2588,0
2026-05-27 14:12:00,1356.0,1356.5,1355.6,1355.9,33664,1356.5043,1356.7683,1356.4371,-1,-0.1242,0.0915,-0.2157,-1,15.9325,12.3809,18.0054,41.992,0,12.5,9.1667,-0.1179,1358.4596,1355.8504,1357.155,0.0019,0.019,0.8497,1357.0359,-1,4896656,21237.1,1,0.1111,-1,-0.3601,0.244,0
2026-05-27 14:13:00,1355.9,1355.9,1355.6,1355.7,33109,1356.3434,1356.6712,1356.4082,-1,-0.1891,0.0354,-0.2245,-1,16.1166,12.0536,17.5293,40.4595,0,4.1667,7.2222,-0.14,1358.4635,1355.6365,1357.05,0.0021,0.0225,0.8104,1356.9223,-1,4863547,22295.4,0,0.6667,-1,-0.3748,0.2292,0
2026-05-27 14:14:00,1355.7,1355.7,1355.2,1355.2,35842,1356.1147,1356.5375,1356.3608,-1,-0.2777,-0.0272,-0.2505,-1,16.9496,11.5075,20.3597,36.8397,0,0.0,5.5556,-0.1179,1358.5019,1355.3381,1356.92,0.0023,-0.0437,0.7883,1356.7941,-1,4827705,23778.65,1,1.0,-1,-0.4115,0.1922,0
2026-05-27 14:15:00,1355.2,1355.2,1353.6,1354.2,91917,1355.7318,1356.325,1356.2761,-1,-0.4237,-0.1065,-0.3172,-1,19.4195,9.9534,31.1151,30.8878,1,13.6364,5.9343,-0.1769,1358.6784,1354.8116,1356.745,0.0029,-0.1582,0.8462,1356.3786,-1,4735788,28001.85,1,0.625,-1,-0.485,0.1183,1
2026-05-27 14:16:00,1354.4,1355.2,1354.2,1355.2,45257,1355.6254,1356.2227,1356.2339,-1,-0.4535,-0.1759,-0.2776,-1,21.7129,9.124,28.5225,41.1306,0,37.2093,16.9486,-0.1547,1358.5962,1354.6338,1356.615,0.0029,0.1429,0.8572,1356.2027,-1,4781045,28965.1,1,0.8,1,-0.4115,0.1922,1
2026-05-27 14:17:00,1355.2,1356.4,1355.0,1356.1,74543,1355.7203,1356.2115,1356.2286,-1,-0.3999,-0.2207,-0.1792,-1,21.4353,17.672,25.3392,48.5247,0,62.5,37.7819,-0.0147,1358.463,1354.607,1356.535,0.0028,0.3872,0.896,1356.133,-1,4855588,32117.2,1,0.6429,1,-0.3454,0.2588,0
2026-05-27 14:18:00,1356.5,1356.6,1355.1,1355.1,78289,1355.5963,1356.1105,1356.1844,-1,-0.4331,-0.2632,-0.1699,-1,20.8544,17.1771,22.4483,42.1846,0,38.4615,46.0569,-0.1327,1358.3128,1354.4772,1356.395,0.0028,0.1624,0.9391,1356.0491,-1,4777299,35463.4,1,0.9333,-1,-0.4189,0.1848,1
2026-05-27 14:19:00,1355.1,1356.0,1355.1,1355.7,61492,1355.617,1356.0732,1356.1654,-1,-0.4063,-0.2918,-0.1145,-1,20.315,15.9978,20.9071,46.6857,0,53.8462,51.6026,-0.0663,1358.2084,1354.4216,1356.315,0.0028,0.3376,0.9363,1355.9985,-1,4838791,38140.55,1,0.6667,1,-0.3748,0.2292,0
2026-05-27 14:20:00,1356.0,1356.0,1355.6,1355.7,39649,1355.6336,1356.0392,1356.1471,-1,-0.3807,-0.3096,-0.0711,-1,19.8141,15.4888,20.2419,46.6857,0,53.8462,48.7179,-0.0369,1358.0729,1354.3871,1356.23,0.0027,0.3562,0.898,1355.9195,-1,4878440,38479.6,0,0.75,-1,-0.3748,0.2292,1
2026-05-27 14:21:00,1355.7,1356.5,1355.7,1356.3,71635,1355.7669,1356.063,1356.1531,-1,-0.3084,-0.3094,0.0009,1,18.4828,18.5037,18.9438,51.1008,0,71.0526,59.5816,0.0147,1357.8275,1354.4725,1356.15,0.0025,0.5447,0.891,1355.8875,1,4950075,40805.75,1,0.75,1,-0.3307,0.2735,1
2026-05-27 14:22:00,1356.5,1357.6,1356.0,1357.0,114120,1356.0135,1356.1481,1356.1863,-1,-0.1925,-0.286,0.0935,1,18.5405,24.6018,16.6447,55.7091,0,85.0,69.9663,0.0811,1357.7348,1354.5152,1356.125,0.0024,0.7718,0.9417,1355.9709,1,5064195,45418.35,1,0.3125,1,-0.2792,0.3253,1
2026-05-27 14:23:00,1357.0,1358.1,1357.0,1357.1,77561,1356.2308,1356.2347,1356.2222,-1,-0.0914,-0.2471,0.1556,1,19.1136,26.321,15.2724,56.3421,0,77.7778,77.9435,0.1033,1357.631,1354.569,1356.1,0.0023,0.8266,0.953,1356.0445,1,5141756,47951.9,1,0.0909,1,-0.2719,0.3327,1
2026-05-27 14:24:00,1357.0,1358.0,1356.9,1357.9,69779,1356.5646,1356.3861,1356.288,1,0.0526,-0.1871,0.2397,1,19.4736,24.1746,14.7683,61.1282,0,95.5556,86.1111,0.1992,1357.8526,1354.4574,1356.155,0.0025,1.014,0.9635,1356.1265,1,5211535,50002.2,0,0.8182,1,-0.2131,0.3918,0
2026-05-27 14:25:00,1358.0,1358.0,1355.5,1355.5,44533,1356.3517,1356.3055,1356.2571,1,-0.0266,-0.155,0.1284,1,18.3351,20.1523,21.6287,45.1403,0,42.2222,71.8519,0.096,1357.8076,1354.3924,1356.1,0.0025,0.3243,1.0732,1356.1245,-1,5167002,51043.45,0,1.0,-1,-0.3895,0.2144,0
2026-05-27 14:26:00,1355.5,1355.5,1353.7,1353.8,190219,1355.8414,1356.0777,1356.1607,-1,-0.224,-0.1688,-0.0552,-1,18.9035,17.8494,30.5842,37.6321,0,4.4444,47.4074,-0.1033,1357.8127,1354.0373,1355.925,0.0028,-0.0628,1.1251,1355.8162,-1,4976783,58998.15,1,0.9444,-1,-0.5144,0.0887,0
2026-05-27 14:27:00,1353.6,1353.8,1351.9,1352.3,149880,1355.1331,1355.7343,1356.0093,-1,-0.4957,-0.2342,-0.2615,-1,20.498,15.7974,37.9595,32.4961,1,6.4516,17.7061,-0.2802,1358.1752,1353.2748,1355.725,0.0036,-0.1989,1.1805,1355.4389,-1,4826903,65312.6,1,0.6842,-1,-0.6246,0.0,1
2026-05-27 14:28:00,1352.0,1352.9,1351.6,1352.4,253897,1354.5865,1355.4312,1355.8678,-1,-0.695,-0.3264,-0.3686,-1,22.1259,14.5637,36.7972,33.1512,1,12.3077,7.7346,-0.1992,1358.2814,1352.7186,1355.5,0.0041,-0.0573,1.189,1354.9007,-1,5080800,76973.2,1,0.3077,1,-0.6173,0.0074,1
2026-05-27 14:29:00,1352.9,1352.9,1352.0,1352.6,118615,1354.1892,1355.1738,1355.7396,-1,-0.8273,-0.4266,-0.4007,-1,23.6376,13.7624,34.7726,34.5197,1,15.3846,11.3813,-0.2287,1358.3027,1352.2973,1355.3,0.0044,0.0504,1.1684,1354.7026,-1,5199415,81812.0,0,0.3333,-1,-0.6026,0.0222,0
2026-05-27 14:30:00,1352.6,1352.8,1352.1,1352.2,25674,1353.7913,1354.9035,1355.6008,-1,-0.9534,-0.5319,-0.4215,-1,25.0412,13.1561,33.2407,33.0619,1,9.2308,12.3077,-0.2582,1358.3582,1351.8418,1355.1,0.0048,0.055,1.1349,1354.6498,-1,5173741,82303.5,0,0.5714,-1,-0.632,0.0,1
2026-05-27 14:31:00,1352.2,1352.8,1352.2,1352.6,12227,1353.5531,1354.6941,1355.4831,-1,-1.0094,-0.6274,-0.382,-1,26.3446,12.642,31.9417,35.9738,0,15.3846,13.3333,-0.2728,1358.3226,1351.5274,1354.925,0.005,0.1578,1.0967,1354.5976,-1,5185968,81095.1,0,0.6667,1,-0.6026,0.0296,0
2026-05-27 14:32:00,1352.7,1352.7,1352.0,1352.6,19799,1353.3625,1354.5037,1355.3701,-1,-1.0418,-0.7103,-0.3315,-1,27.6785,12.0503,31.784,35.9738,0,15.3846,13.3333,-0.3242,1358.2708,1351.2492,1354.76,0.0052,0.1924,1.0684,1354.5416,-1,5205767,80401.85,0,0.1429,-1,-0.6026,0.0296,0
2026-05-27 14:33:00,1352.6,1352.7,1352.4,1352.5,26042,1353.19,1354.3215,1355.2575,-1,-1.0633,-0.7809,-0.2824,-1,28.9171,11.7956,31.112,35.5257,0,13.8462,14.8718,-0.339,1358.215,1350.985,1354.6,0.0053,0.2095,1.0135,1354.4843,-1,5179725,80048.5,0,0.3333,-1,-0.6099,0.0222,0
2026-05-27 14:34:00,1352.5,1352.5,1351.6,1351.6,28220,1352.872,1354.0741,1355.1141,-1,-1.1398,-0.8527,-0.2871,-1,30.554,11.0413,34.8063,31.6989,1,0.0,9.7436,-0.464,1358.2497,1350.5903,1354.42,0.0057,0.1318,1.0054,1354.4187,-1,5151505,79667.4,0,1.0,-1,-0.6761,0.0,1
2026-05-27 14:35:00,1351.6,1352.2,1351.4,1351.9,25980,1352.6776,1353.8765,1354.988,-1,-1.1628,-0.9147,-0.2481,-1,32.1852,10.4045,34.2407,34.2416,1,7.4627,7.1029,-0.2656,1358.2892,1350.3208,1354.305,0.0059,0.1982,0.9907,1354.3798,-1,5177485,76370.55,0,0.375,1,-0.654,0.0222,0
2026-05-27 14:36:00,1351.9,1352.3,1351.1,1351.1,21277,1352.3621,1353.6241,1354.8356,-1,-1.2314,-0.978,-0.2534,-1,33.8649,9.5177,33.4531,30.9343,1,0.0,2.4876,-0.1994,1358.2952,1349.9048,1354.1,0.0062,0.1425,1.0057,1354.3244,-1,5156208,75171.55,0,0.6667,-1,-0.7128,0.0,1
2026-05-27 14:37:00,1351.1,1352.2,1351.0,1351.8,20741,1352.2497,1353.4582,1354.7165,-1,-1.2153,-1.0255,-0.1898,-1,35.48,8.7175,31.3412,36.696,0,11.4286,6.2971,-0.037,1358.0889,1349.6811,1353.885,0.0062,0.252,1.0195,1354.2088,-1,5176949,72481.45,0,0.5833,1,-0.6614,0.0518,1
2026-05-27 14:38:00,1352.0,1353.3,1351.7,1353.1,44967,1352.4197,1353.4257,1354.6531,-1,-1.0851,-1.0374,-0.0477,-1,35.0616,15.1839,27.9653,45.7477,0,30.0,13.8095,0.0518,1357.9636,1349.6064,1353.785,0.0062,0.418,1.061,1354.084,-1,5221916,70815.35,0,0.6875,1,-0.5658,0.148,1
2026-05-27 14:39:00,1353.2,1353.4,1352.3,1353.4,73858,1352.6158,1353.4233,1354.604,-1,-0.9468,-1.0193,0.0725,1,34.52,14.7339,25.8998,47.6094,0,53.3333,31.5873,0.0591,1357.7571,1349.5829,1353.67,0.006,0.467,1.0638,1353.9644,-1,5295774,71433.65,0,0.1818,1,-0.5438,0.1702,0
2026-05-27 14:40:00,1353.3,1354.0,1352.8,1353.4,103671,1352.7726,1353.4212,1354.5568,-1,-0.8277,-0.981,0.1533,1,33.1387,17.5496,23.8319,47.6094,0,80.0,54.4444,0.0887,1357.5352,1349.5748,1353.555,0.0059,0.4805,1.0735,1353.8773,-1,5399445,74634.75,0,0.0833,1,-0.5438,0.1702,1
2026-05-27 14:41:00,1353.6,1354.3,1353.0,1353.9,89922,1352.9981,1353.4647,1354.531,-1,-0.685,-0.9218,0.2368,1,31.4497,18.0206,21.8011,50.8684,0,87.8788,73.7374,0.0961,1357.2167,1349.6533,1353.435,0.0056,0.5615,1.0897,1353.7602,1,5489367,75549.1,0,0.2308,1,-0.5071,0.2072,0
2026-05-27 14:42:00,1353.6,1353.6,1350.8,1351.2,166433,1352.6385,1353.2589,1354.4004,-1,-0.7808,-0.8936,0.1128,1,31.6952,14.7852,30.6286,37.3553,0,11.4286,59.7691,-0.1035,1356.6695,1349.6205,1353.145,0.0052,0.2241,1.2333,1353.3319,-1,5322934,78164.75,1,0.8571,-1,-0.7055,0.0074,0
2026-05-27 14:43:00,1350.9,1351.3,1350.1,1350.4,165300,1352.1908,1352.999,1354.2435,-1,-0.9108,-0.897,-0.0138,-1,32.3311,13.7556,32.5578,34.4363,1,7.1429,35.4834,-0.1553,1356.0274,1349.5926,1352.81,0.0048,0.1255,1.2309,1352.8673,-1,5157634,82551.7,1,0.4167,-1,-0.7643,0.0,1
2026-05-27 14:44:00,1350.6,1351.3,1350.0,1350.9,111453,1351.9326,1352.8081,1354.1124,-1,-0.9624,-0.9101,-0.0523,-1,32.9781,12.7221,30.6895,37.7123,0,20.9302,13.1672,-0.0518,1354.7859,1350.1341,1352.46,0.0034,0.1646,1.2359,1352.5317,-1,5269087,84635.4,0,0.2308,1,-0.7275,0.037,1
2026-05-27 14:45:00,1350.8,1351.8,1350.3,1351.0,35501,1351.7461,1352.6438,1353.9903,-1,-0.9838,-0.9248,-0.059,-1,32.9033,14.4821,28.0689,38.3755,0,23.2558,17.1096,-0.0666,1354.1805,1350.2895,1352.235,0.0029,0.1826,1.2547,1352.3995,-1,5304588,84183.8,0,0.1333,1,-0.7202,0.0444,0
2026-05-27 14:46:00,1351.3,1351.6,1350.7,1351.0,19619,1351.5969,1352.4943,1353.8731,-1,-0.9894,-0.9377,-0.0517,-1,32.8338,13.7248,26.6011,38.3755,0,23.2558,22.4806,-0.0074,1353.9717,1350.2183,1352.095,0.0028,0.2083,1.2294,1352.1395,-1,5324207,75653.8,0,0.3333,-1,-0.7202,0.0444,0
2026-05-27 14:47:00,1351.3,1351.4,1350.2,1350.3,48809,1351.3375,1352.2949,1353.7329,-1,-1.0384,-0.9579,-0.0805,-1,33.1193,12.7663,27.6533,35.3223,0,6.9767,17.8295,-0.111,1354.0243,1349.9657,1351.995,0.003,0.0824,1.2273,1352.0315,-1,5275398,70600.25,0,0.8333,-1,-0.7716,0.0,1
2026-05-27 14:48:00,1350.3,1351.3,1350.2,1350.7,32094,1351.21,1352.1499,1353.614,-1,-1.033,-0.9729,-0.0601,-1,33.3844,11.9429,25.8697,38.3412,0,16.2791,15.5039,-0.1774,1354.0056,1349.8144,1351.91,0.0031,0.2113,1.2182,1351.9392,-1,5307492,59510.1,0,0.3636,1,-0.7422,0.0296,1
2026-05-27 14:49:00,1350.8,1351.4,1350.5,1351.2,20947,1351.208,1352.0635,1353.5193,-1,-0.9771,-0.9737,-0.0034,-1,33.4701,11.8981,24.4786,41.9864,0,27.907,17.0543,-0.1626,1353.9323,1349.7477,1351.84,0.0031,0.3471,1.1955,1351.861,-1,5328439,54626.7,0,0.4444,1,-0.7055,0.0667,0
2026-05-27 14:50:00,1351.2,1351.4,1350.1,1350.9,17729,1351.1464,1351.9577,1353.4166,-1,-0.9461,-0.9682,0.0221,1,33.8584,10.9797,24.9642,40.4415,0,20.9302,21.7054,-0.1847,1353.899,1349.651,1351.775,0.0031,0.294,1.2029,1351.8317,-1,5310710,54229.45,0,0.2308,-1,-0.7275,0.0444,0
2026-05-27 14:51:00,1351.1,1351.1,1350.0,1350.5,32299,1351.0171,1351.8252,1353.3022,-1,-0.943,-0.9632,0.0202,1,34.2953,10.2581,23.921,38.4121,0,11.6279,20.155,-0.2511,1353.8279,1349.5121,1351.67,0.0032,0.2289,1.1956,1351.786,-1,5278411,55233.05,0,0.5455,-1,-0.7569,0.0148,0
2026-05-27 14:52:00,1350.5,1350.9,1349.0,1349.8,204255,1350.7737,1351.6411,1353.1649,-1,-0.9856,-0.9677,-0.0179,-1,35.3802,9.1407,27.0484,35.0932,0,15.0943,15.8842,-0.1036,1353.7893,1349.2707,1351.53,0.0033,0.1171,1.2459,1351.4772,-1,5074156,64455.85,1,0.3684,-1,-0.8083,0.0,1
2026-05-27 14:53:00,1349.7,1351.6,1349.7,1350.0,163730,1350.619,1351.4919,1353.0408,-1,-0.9918,-0.9725,-0.0193,-1,35.2484,12.0491,24.2086,36.7741,0,18.8679,15.1967,-0.0296,1353.7119,1349.0981,1351.405,0.0034,0.1955,1.2926,1351.3381,-1,5237886,71340.25,1,0.1579,1,-0.7937,0.0148,0
2026-05-27 14:54:00,1350.1,1350.7,1349.5,1349.7,39045,1350.4352,1351.329,1352.9098,-1,-1.0093,-0.9799,-0.0295,-1,35.277,11.246,23.7059,35.2975,0,13.2075,15.7233,-0.0888,1353.7307,1348.8893,1351.31,0.0036,0.1674,1.286,1351.2899,-1,5198841,71881.5,0,0.3333,-1,-0.8157,0.0,1
2026-05-27 14:55:00,1349.8,1350.6,1349.3,1349.8,75506,1350.3081,1351.19,1352.7878,-1,-1.0035,-0.9846,-0.019,-1,35.4557,10.4346,23.1055,36.2169,0,17.3913,16.4889,-0.0888,1353.6954,1348.7146,1351.205,0.0037,0.2179,1.287,1351.2098,-1,5274347,74357.8,0,0.0,1,-0.8083,0.0074,0
2026-05-27 14:56:00,1350.0,1350.1,1349.8,1349.8,18176,1350.2065,1351.0636,1352.6707,-1,-0.9876,-0.9852,-0.0024,-1,35.6216,10.2508,22.6985,36.2169,0,28.5714,19.7234,-0.0888,1353.7047,1348.5753,1351.14,0.0038,0.2388,1.2165,1351.1896,-1,5292523,74202.75,0,0.6667,-1,-0.8083,0.0074,1
2026-05-27 14:57:00,1349.9,1350.4,1349.8,1349.9,45108,1350.1452,1350.9579,1352.562,-1,-0.9558,-0.9793,0.0235,1,35.2399,11.7038,21.8688,37.2509,0,32.1429,26.0352,-0.0296,1353.6454,1348.4446,1351.045,0.0038,0.2798,1.1725,1351.1485,-1,5337631,75421.1,0,0.0,1,-0.801,0.0148,1
2026-05-27 14:58:00,1350.0,1350.4,1349.8,1350.0,29656,1350.1162,1350.8708,1352.4615,-1,-0.9121,-0.9659,0.0538,1,34.8854,11.2605,21.0405,38.3277,0,35.7143,32.1429,-0.0518,1353.3476,1348.4324,1350.89,0.0036,0.3189,1.1316,1351.0802,-1,5367287,74655.55,0,0.0,1,-0.7937,0.0222,1
2026-05-27 14:59:00,1350.0,1350.5,1349.8,1350.5,23207,1350.1929,1350.8371,1352.3846,-1,-0.8276,-0.9382,0.1106,1,34.3645,11.3979,20.0848,43.5441,0,57.6923,41.8498,-0.0518,1352.9189,1348.5711,1350.745,0.0032,0.4437,1.1007,1350.9671,-1,5390494,72123.0,0,0.7143,1,-0.7569,0.0593,0
2026-05-27 15:00:00,1350.3,1350.6,1350.0,1350.0,48499,1350.1543,1350.761,1352.2911,-1,-0.7918,-0.9089,0.1171,1,33.6829,11.61,19.2765,39.9088,0,38.4615,43.956,-0.0666,1352.3948,1348.7552,1350.575,0.0027,0.342,1.065,1350.7585,-1,5341995,69364.4,0,0.5,-1,-0.7937,0.0222,0
2026-05-27 15:01:00,1349.8,1350.1,1349.8,1350.0,27885,1350.1235,1350.6918,1352.2012,-1,-0.7547,-0.8781,0.1234,1,33.2899,11.3637,20.2817,39.9088,0,38.4615,44.8718,-0.037,1351.3872,1349.3728,1350.38,0.0015,0.3114,1.0103,1350.54,-1,5369880,66262.55,0,0.6667,1,-0.7937,0.0222,0
2026-05-27 15:02:00,1350.0,1350.0,1348.8,1349.9,132511,1350.0788,1350.6198,1352.111,-1,-0.7251,-0.8475,0.1224,1,33.9198,10.4124,25.56,39.1507,0,39.2857,38.7363,0.0074,1351.2685,1349.3615,1350.315,0.0014,0.2824,1.0239,1350.2691,-1,5237369,64566.45,1,0.0833,-1,-0.801,0.0148,0
2026-05-27 15:03:00,1349.8,1350.9,1349.3,1349.9,142628,1350.043,1350.5544,1352.0243,-1,-0.6936,-0.8167,0.1231,1,32.8987,15.3311,22.8172,39.1507,0,39.2857,39.011,-0.0074,1351.2593,1349.3207,1350.29,0.0014,0.2988,1.065,1350.1995,-1,5379997,63432.85,1,0.0625,1,-0.801,0.0148,0
2026-05-27 15:04:00,1349.8,1350.0,1349.5,1349.6,34858,1349.9544,1350.4676,1351.9292,-1,-0.6849,-0.7903,0.1054,1,31.9505,14.7967,22.022,36.7235,0,28.5714,35.7143,-0.0074,1351.1963,1349.2537,1350.225,0.0014,0.1783,1.0247,1350.135,-1,5345139,59603.1,0,0.4,-1,-0.823,0.0,0
2026-05-27 15:05:00,1349.5,1349.7,1348.7,1348.8,52180,1349.7235,1350.316,1351.8065,-1,-0.7342,-0.7791,0.045,1,31.8751,13.7635,26.0705,31.1733,1,3.4483,23.7685,-0.0741,1351.2018,1349.0282,1350.115,0.0016,-0.105,1.0229,1350.0625,-1,5292959,60437.05,0,0.7,-1,-0.8818,0.0,1
2026-05-27 15:06:00,1348.9,1349.6,1348.6,1349.6,34334,1349.6988,1350.2509,1351.72,-1,-0.7005,-0.7634,0.0629,1,31.8966,12.8009,24.9465,40.8075,0,33.3333,21.7843,-0.0148,1351.0735,1349.0165,1350.045,0.0015,0.2837,1.0213,1350.0235,-1,5327293,61172.8,0,0.7,1,-0.823,0.0593,0
2026-05-27 15:07:00,1349.6,1349.9,1348.9,1349.5,72670,1349.6591,1350.1827,1351.6329,-1,-0.6742,-0.7456,0.0714,1,31.3833,14.0056,23.1991,40.0528,0,39.1304,25.304,-0.0296,1351.0528,1348.9572,1350.005,0.0016,0.259,1.0198,1349.9653,-1,5254623,62365.85,0,0.1,-1,-0.8304,0.0519,0
2026-05-27 15:08:00,1349.5,1349.5,1348.6,1348.9,88254,1349.5073,1350.0661,1351.5258,-1,-0.6937,-0.7352,0.0414,1,31.2151,13.1152,23.8434,35.7772,0,13.0435,28.5024,-0.0815,1351.0164,1348.8136,1349.915,0.0016,0.0392,1.0112,1349.881,-1,5166369,65173.85,0,0.6667,-1,-0.8745,0.0074,1
2026-05-27 15:09:00,1349.3,1350.0,1348.9,1349.7,52125,1349.5458,1350.0328,1351.4542,-1,-0.6373,-0.7156,0.0783,1,30.1988,15.6123,22.0023,44.3129,0,47.8261,33.3333,-0.0592,1350.7725,1348.9075,1349.84,0.0014,0.4249,1.0175,1349.8494,-1,5218494,66732.75,0,0.3636,1,-0.8157,0.0667,1
2026-05-27 15:10:00,1349.8,1350.0,1349.5,1349.8,26375,1349.5966,1350.0116,1351.3893,-1,-0.5779,-0.6881,0.1102,1,29.2552,15.0437,21.2009,45.2917,0,52.1739,37.6812,-0.0148,1350.5807,1348.9893,1349.785,0.0012,0.5094,0.9806,1349.8352,-1,5244869,67165.05,0,0.0,1,-0.8083,0.0741,0
2026-05-27 15:11:00,1349.9,1350.0,1349.2,1349.3,80581,1349.5373,1349.9469,1351.3074,-1,-0.5646,-0.6634,0.0988,1,28.7405,14.1554,22.1634,41.3757,0,30.4348,43.4783,-0.0519,1350.4757,1348.9743,1349.725,0.0011,0.2169,0.9677,1349.7996,-1,5164288,69579.15,0,0.75,-1,-0.8451,0.0371,1
2026-05-27 15:12:00,1349.4,1351.8,1349.4,1351.8,139586,1349.9898,1350.1154,1351.3267,-1,-0.3484,-0.6004,0.252,1,27.5765,23.7451,18.4891,59.9987,0,100.0,60.8696,0.1408,1351.0012,1348.6488,1349.825,0.0017,1.3396,1.0771,1349.9104,1,5303874,66345.7,1,1.0,1,-0.6614,0.2224,0
2026-05-27 15:13:00,1351.7,1352.2,1350.4,1350.4,117174,1350.0719,1350.1413,1351.2903,-1,-0.2866,-0.5376,0.251,1,26.8919,23.5716,16.3831,50.3523,0,50.0,60.1449,0.037,1351.0458,1348.6442,1349.845,0.0018,0.7311,1.1288,1349.9432,1,5186700,64017.9,1,0.7222,-1,-0.7643,0.1186,1
2026-05-27 15:14:00,1350.7,1350.9,1350.2,1350.7,36060,1350.1975,1350.1921,1351.2672,1,-0.2111,-0.4723,0.2612,1,25.9782,22.4984,16.938,52.1285,0,58.3333,69.4444,0.0815,1351.1496,1348.6404,1349.895,0.0019,0.8208,1.0981,1349.9611,1,5222760,63868.65,0,0.0,1,-0.7422,0.1409,1
2026-05-27 15:15:00,1350.6,1351.2,1350.6,1351.0,33341,1350.358,1350.2655,1351.2567,1,-0.1256,-0.403,0.2774,1,25.4401,23.6076,16.2549,53.9044,0,66.6667,58.3333,0.1631,1351.2973,1348.6127,1349.955,0.002,0.8892,1.0626,1349.991,1,5256101,61760.4,0,0.6667,1,-0.7202,0.1631,1
2026-05-27 15:16:00,1351.1,1351.5,1350.0,1351.5,201965,1350.5864,1350.3777,1351.2662,1,-0.0172,-0.3258,0.3086,1,24.1092,21.2952,18.5808,56.7821,0,80.5556,68.5185,0.1408,1351.5385,1348.5415,1350.04,0.0022,0.9871,1.0938,1350.1358,1,5458066,70949.85,1,0.2667,1,-0.6834,0.2002,0
2026-05-27 15:17:00,1351.1,1351.3,1350.8,1351.0,53954,1350.6691,1350.4343,1351.2558,1,0.028,-0.2551,0.283,1,22.8733,20.296,17.709,53.2051,0,66.6667,71.2963,0.1112,1351.6487,1348.5413,1350.095,0.0023,0.7912,1.0657,1350.173,1,5404112,71392.15,0,0.2,-1,-0.7202,0.1631,1
2026-05-27 15:18:00,1351.0,1351.3,1350.8,1351.1,54898,1350.7553,1350.4948,1351.2497,1,0.071,-0.1899,0.2609,1,21.7257,19.589,17.0921,53.8315,0,69.4444,72.2222,0.1631,1351.7631,1348.5369,1350.15,0.0024,0.7945,1.0253,1350.2089,1,5459010,72654.25,0,0.2,1,-0.7128,0.1705,0
2026-05-27 15:19:00,1351.2,1352.0,1350.8,1351.1,80897,1350.8242,1350.5498,1351.2438,1,0.1039,-0.1311,0.235,1,21.4938,22.7892,15.6804,53.8315,0,69.4444,68.5185,0.1037,1351.8396,1348.5204,1350.18,0.0025,0.7772,1.0378,1350.2664,1,5539907,75538.75,0,0.0833,-1,-0.7128,0.1705,1
2026-05-27 15:20:00,1351.1,1351.4,1351.0,1351.3,51402,1350.9194,1350.618,1351.246,1,0.1445,-0.076,0.2205,1,21.2784,22.1329,15.2289,55.2219,0,75.0,71.2963,0.1111,1351.9718,1348.5182,1350.245,0.0026,0.8055,0.9922,1350.3014,1,5591309,75683.9,0,0.5,1,-0.6981,0.1853,1
2026-05-27 15:21:00,1351.4,1351.5,1351.0,1351.5,34938,1351.0355,1350.6982,1351.256,1,0.1906,-0.0227,0.2133,1,21.1969,22.0533,14.6606,56.6285,0,80.5556,75.0,0.163,1352.1262,1348.5138,1350.32,0.0027,0.8267,0.957,1350.3312,1,5626247,76036.55,0,0.2,1,-0.6834,0.2002,1
2026-05-27 15:22:00,1351.5,1351.6,1351.1,1351.6,29657,1351.1484,1350.7802,1351.2695,1,0.2325,0.0284,0.2041,1,21.2433,21.974,14.0941,57.3499,0,81.8182,79.1246,-0.0148,1352.2827,1348.5273,1350.405,0.0028,0.8182,0.9244,1350.4257,1,5655904,70893.85,0,0.2,1,-0.6761,0.2076,0
2026-05-27 15:23:00,1351.7,1351.7,1351.3,1351.5,23334,1351.2187,1350.8456,1351.2785,1,0.2547,0.0737,0.1811,1,21.4123,22.0715,13.6401,56.3407,0,76.6667,79.6801,0.0815,1352.4057,1348.5643,1350.485,0.0028,0.7642,0.8869,1350.4882,1,5632570,64929.15,0,0.5,-1,-0.6834,0.2002,0
2026-05-27 15:24:00,1351.6,1351.8,1351.1,1351.3,42366,1351.235,1350.8869,1351.2794,1,0.2533,0.1096,0.1437,1,21.1603,20.8082,14.4947,54.2832,0,70.0,76.1616,0.0444,1352.4769,1348.6631,1350.57,0.0028,0.6914,0.8736,1350.5388,1,5590204,65304.55,0,0.4286,-1,-0.6981,0.1853,1
2026-05-27 15:25:00,1351.3,1351.5,1351.0,1351.4,44501,1351.268,1350.9336,1351.2841,1,0.2572,0.1391,0.1181,1,20.7213,19.9307,14.7269,55.1648,0,71.4286,72.6984,0.0296,1352.455,1348.945,1350.7,0.0026,0.6994,0.8469,1350.624,1,5634705,64920.6,0,0.2,1,-0.6908,0.1928,0
2026-05-27 15:26:00,1351.5,1351.5,1351.2,1351.3,39425,1351.2744,1350.9669,1351.2847,1,0.2494,0.1612,0.0882,1,20.3137,19.402,14.3362,54.0425,0,59.0909,66.8398,-0.0148,1352.4824,1349.0876,1350.785,0.0025,0.6517,0.8078,1350.6812,1,5595280,65175.15,0,0.6667,-1,-0.6981,0.1853,1
2026-05-27 15:27:00,1351.4,1352.9,1351.4,1352.7,67424,1351.5595,1351.1244,1351.3402,1,0.3521,0.1994,0.1528,1,21.6545,28.4053,12.4408,64.8307,0,93.1034,74.541,0.1258,1352.7288,1349.1612,1350.945,0.0026,0.9919,0.8644,1350.8369,1,5662704,64912.85,0,0.8667,1,-0.5952,0.2891,1
2026-05-27 15:28:00,1352.7,1354.0,1352.5,1353.0,48231,1351.8476,1351.2949,1351.4053,1,0.4525,0.25,0.2025,1,23.7406,33.6962,10.9758,66.6379,-1,75.0,75.7315,0.1406,1352.8884,1349.4116,1351.15,0.0026,1.0321,0.9098,1351.055,1,5710935,62911.7,0,0.2,1,-0.5732,0.3114,0
2026-05-27 15:29:00,1352.4,1353.1,1352.0,1352.9,18298,1352.0581,1351.4409,1351.4639,1,0.5181,0.3036,0.2144,1,24.7462,30.829,13.9095,65.4309,-1,72.5,80.2011,0.1332,1353.074,1349.546,1351.31,0.0026,0.9507,0.9234,1351.1439,1,5692637,61220.35,0,0.4545,1,-0.5805,0.304,1
2026-05-29 09:15:00,1364.0,1368.4,1361.8,1368.4,0,1355.3265,1352.9826,1352.1281,1,1.8,0.6029,1.1971,1,28.9675,69.0831,6.0708,91.4081,-1,100.0,82.5,1.2654,1359.8301,1344.6499,1352.24,0.0112,1.5645,1.9646,1351.1742,1,5692637,59901.6,0,0.6667,1,0.0,1.4531,0
2026-05-29 09:16:00,1368.4,1368.5,1362.3,1364.8,208266,1357.2212,1354.0569,1352.625,1,2.4966,0.9816,1.515,1,32.8933,55.9036,4.8849,76.9456,-1,79.096,83.8653,0.9841,1362.2361,1343.7939,1353.015,0.0136,1.139,2.2671,1353.4794,1,5484371,66285.85,1,0.5806,-1,-0.2631,1.1862,1
2026-05-29 09:17:00,1364.7,1367.5,1364.3,1365.9,147340,1358.9569,1355.1336,1353.1456,1,3.1017,1.4056,1.6961,1,36.5386,50.4283,4.4065,78.0865,-1,85.3107,88.1356,1.058,1364.488,1342.952,1353.72,0.0159,1.0656,2.3338,1355.1113,1,5631711,66673.55,1,0.375,1,-0.1827,1.2678,0
2026-05-29 09:18:00,1366.0,1366.3,1361.7,1362.4,169931,1359.6456,1355.7941,1353.5085,1,3.2612,1.7768,1.4845,1,38.1478,43.7889,11.2679,66.7651,-1,65.1429,76.5165,0.8065,1365.606,1343.034,1354.32,0.0167,0.858,2.4956,1356.4831,1,5461780,69311.4,1,0.7826,-1,-0.4385,1.0083,0
2026-05-29 09:19:00,1362.4,1362.8,1359.4,1359.6,122361,1359.6364,1356.1401,1353.7474,1,3.1257,2.0465,1.0792,1,38.346,39.6352,16.6159,59.3514,0,49.1429,66.5321,0.6142,1366.1464,1343.3836,1354.765,0.0168,0.7124,2.5602,1356.9692,1,5339419,73626.45,1,0.8235,-1,-0.6431,0.8007,0
2026-05-29 09:20:00,1359.9,1359.9,1356.4,1356.7,103988,1359.0492,1356.191,1353.8632,1,2.7526,2.1877,0.5648,1,37.1399,35.8638,23.1908,52.8107,0,32.5714,48.9524,0.3922,1366.325,1343.775,1355.05,0.0166,0.5732,2.6274,1357.1466,-1,5235431,77158.8,0,0.9143,-1,-0.855,0.5857,0
2026-05-29 09:21:00,1357.0,1358.0,1355.7,1355.9,93084,1358.4193,1356.1646,1353.9431,1,2.365,2.2232,0.1418,1,35.7289,33.6011,23.6479,51.1365,0,28.0,36.5714,0.3404,1366.4305,1344.1095,1355.27,0.0165,0.5282,2.604,1357.9724,-1,5142347,71714.75,0,0.4783,-1,-0.9135,0.5264,0
2026-05-29 09:22:00,1355.9,1356.3,1355.6,1355.8,87536,1357.8955,1356.1314,1354.0159,1,2.0265,2.1839,-0.1574,-1,34.3756,32.9204,23.4582,50.9192,0,27.4286,29.3333,0.2292,1366.498,1344.522,1355.51,0.0162,0.5132,2.468,1358.1038,-1,5054811,73393.85,0,0.1429,-1,-0.9208,0.519,0
2026-05-29 09:23:00,1355.8,1356.6,1355.2,1355.2,86592,1357.3564,1356.0468,1354.0623,1,1.6903,2.0851,-0.3949,-1,32.9385,31.544,23.672,49.5584,0,24.0,26.4762,0.1626,1366.5176,1344.9124,1355.715,0.0159,0.4762,2.3917,1358.2207,-1,4968219,74978.55,0,0.4286,-1,-0.9646,0.4745,0
2026-05-29 09:24:00,1354.8,1354.9,1351.5,1351.5,290814,1356.1851,1355.6334,1353.9618,1,1.1124,1.8906,-0.7782,-1,31.0145,28.1894,31.7892,42.0888,0,1.7341,17.7209,-0.1035,1366.5048,1344.9652,1355.735,0.0159,0.3034,2.4851,1357.5977,-1,4677405,85474.4,1,0.9706,-1,-1.235,0.2002,1
2026-05-29 09:25:00,1351.5,1352.8,1351.4,1352.3,127603,1355.4081,1355.3304,1353.8967,1,0.7108,1.6546,-0.9438,-1,29.2624,27.0185,30.7655,44.0523,0,5.2632,10.3324,-1.1766,1366.481,1345.089,1355.785,0.0158,0.3371,2.4076,1357.3928,-1,4805008,89284.45,0,0.5714,1,-1.1766,0.2595,0
2026-05-29 09:26:00,1351.8,1352.3,1351.0,1352.0,183433,1354.7265,1355.0276,1353.8223,-1,0.3642,1.3966,-1.0324,-1,27.7799,25.9411,30.7657,43.4573,0,5.7143,4.2372,-0.9379,1366.4681,1345.1519,1355.81,0.0157,0.3213,2.3285,1356.9687,-1,4621575,96709.2,1,0.1538,1,-1.1985,0.2372,0
2026-05-29 09:27:00,1351.9,1351.9,1351.0,1351.0,71554,1353.9812,1354.6615,1353.7116,-1,0.0087,1.119,-1.1103,-1,26.4033,25.1115,29.7818,41.4475,0,0.0,3.6591,-1.0909,1366.4886,1345.0714,1355.78,0.0158,0.2768,2.2336,1356.8465,-1,4550021,98804.05,0,1.0,-1,-1.2716,0.1631,0
2026-05-29 09:28:00,1350.5,1351.1,1348.7,1349.7,121675,1353.1249,1354.2104,1353.5543,-1,-0.3737,0.8204,-1.1941,-1,25.9492,23.1944,34.8244,38.9271,0,5.0505,3.5883,-0.9322,1366.5699,1344.8101,1355.69,0.0161,0.2247,2.2455,1356.4953,-1,4428346,103721.1,0,0.3333,-1,-1.3666,0.0667,1
2026-05-29 09:29:00,1349.8,1351.4,1349.4,1351.0,67503,1352.6999,1353.9186,1353.4541,-1,-0.5653,0.5433,-1.1086,-1,25.3782,22.669,32.5915,42.6808,0,11.6162,5.5556,-0.6325,1366.5798,1344.7702,1355.675,0.0161,0.2856,2.228,1356.4086,-1,4495849,104977.95,0,0.6,1,-1.2716,0.1631,0
2026-05-29 09:30:00,1351.2,1351.3,1349.6,1349.6,66268,1352.08,1353.526,1353.303,-1,-0.8206,0.2705,-1.0911,-1,24.8481,21.4122,30.7846,39.8409,0,4.7872,7.1513,-0.5233,1366.6579,1344.5121,1355.585,0.0163,0.2297,2.1903,1356.3208,-1,4429581,106066.3,0,0.9412,-1,-1.3739,0.0593,1
2026-05-29 09:31:00,1349.6,1350.8,1349.2,1350.6,35114,1351.784,1353.26,1353.197,-1,-0.9316,0.0301,-0.9617,-1,24.5093,20.273,30.4768,42.7701,0,10.7955,9.0663,-0.3909,1366.6811,1344.4189,1355.55,0.0164,0.2777,2.1481,1356.3121,-1,4464695,105850.75,0,0.625,1,-1.3008,0.1335,0
2026-05-29 09:32:00,1350.6,1351.3,1350.1,1350.5,63193,1351.5272,1353.0091,1353.0912,-1,-1.0158,-0.1791,-0.8367,-1,23.9025,21.1545,29.2211,42.547,0,12.766,9.4495,-0.3909,1366.724,1344.156,1355.44,0.0167,0.2811,2.0804,1356.2692,-1,4401502,105639.2,0,0.0833,-1,-1.3081,0.126,1
2026-05-29 09:33:00,1350.5,1351.5,1350.5,1350.9,69869,1351.4017,1352.8173,1353.0053,-1,-1.0384,-0.3509,-0.6874,-1,23.219,21.1133,28.1792,43.8096,0,19.6429,14.4014,-0.3173,1366.7463,1343.9237,1355.335,0.0168,0.3057,2.0032,1356.1658,-1,4471371,106721.1,0,0.4,1,-1.2789,0.1557,0
2026-05-29 09:34:00,1350.9,1351.1,1350.2,1350.8,51220,1351.2814,1352.6339,1352.9188,-1,-1.0522,-0.4912,-0.561,-1,22.7242,20.408,28.3514,43.5519,0,22.5806,18.3298,-0.0518,1366.7669,1343.6931,1355.23,0.017,0.308,1.9244,1356.0661,-1,4420151,108367.2,0,0.1111,-1,-1.2862,0.1483,1
2026-05-29 09:35:00,1350.8,1351.1,1350.6,1351.0,28185,1351.2251,1352.4854,1352.8436,-1,-1.0351,-0.6,-0.4351,-1,22.2647,20.0081,27.7958,44.2581,0,29.1139,23.7791,-0.0961,1364.3079,1344.4121,1354.36,0.0147,0.3311,1.8227,1355.9998,-1,4448336,109776.45,0,0.4,1,-1.2716,0.1631,1
2026-05-29 09:36:00,1351.0,1351.6,1351.0,1351.6,44626,1351.3001,1352.4049,1352.7948,-1,-0.962,-0.6724,-0.2896,-1,21.4868,21.572,27.1094,46.4235,0,36.7089,29.4678,-0.0296,1362.4718,1344.9282,1353.7,0.013,0.3803,1.7353,1354.9558,-1,4492962,101594.45,0,1.0,1,-1.2277,0.2076,1
2026-05-29 09:37:00,1351.6,1352.1,1351.5,1352.1,49935,1351.4601,1352.3772,1352.7675,-1,-0.8539,-0.7087,-0.1452,-1,20.4181,23.1721,26.407,48.2284,0,54.8387,40.2205,0.0814,1359.7764,1346.2436,1353.01,0.01,0.4328,1.6542,1354.0433,-1,4542897,96724.2,0,0.8333,1,-1.1912,0.2447,0
2026-05-29 09:38:00,1352.1,1352.1,1350.9,1351.0,61958,1351.3681,1352.252,1352.6982,-1,-0.8472,-0.7364,-0.1108,-1,19.7814,21.9474,27.654,44.6635,0,56.0976,49.215,0.0963,1357.699,1347.181,1352.44,0.0078,0.3631,1.6218,1353.0747,-1,4480939,91325.55,0,0.9167,-1,-1.2716,0.1631,1
2026-05-29 09:39:00,1351.1,1351.9,1350.9,1351.4,38543,1351.3744,1352.1745,1352.6473,-1,-0.8004,-0.7492,-0.0512,-1,19.1902,20.9536,26.4017,46.2203,0,75.0,61.9788,0.0296,1356.1468,1347.9132,1352.03,0.0061,0.4235,1.5774,1352.5093,-1,4519482,87134.65,0,0.3,1,-1.2423,0.1928,0
2026-05-29 09:40:00,1351.4,1351.5,1350.6,1351.0,41594,1351.2996,1352.0678,1352.5827,-1,-0.7865,-0.7566,-0.0299,-1,18.8307,20.0726,26.6931,44.8612,0,67.6471,66.2482,0.1037,1355.2768,1348.2132,1351.745,0.0052,0.3945,1.529,1352.1536,-1,4477888,84014.95,0,0.4444,-1,-1.2716,0.1631,0
2026-05-29 09:41:00,1351.0,1351.0,1350.0,1350.1,34558,1351.0596,1351.8889,1352.4854,-1,-0.8385,-0.773,-0.0655,-1,18.8686,19.1111,28.2885,41.8774,0,41.1765,61.2745,-0.037,1354.4924,1348.4176,1351.455,0.0045,0.2769,1.4912,1351.8641,-1,4443330,81088.65,0,0.9,-1,-1.3373,0.0964,1
2026-05-29 09:42:00,1350.1,1350.7,1350.0,1350.5,24496,1350.9477,1351.7626,1352.4075,-1,-0.8377,-0.786,-0.0518,-1,18.9038,18.4451,27.3026,43.6706,0,44.8276,51.217,0.0,1353.5034,1348.8766,1351.19,0.0034,0.3509,1.4347,1351.6145,-1,4467826,77936.65,0,0.5714,1,-1.3081,0.126,0
2026-05-29 09:43:00,1350.4,1350.5,1349.7,1349.8,38866,1350.7182,1351.5842,1352.3052,-1,-0.8834,-0.8054,-0.078,-1,19.1322,17.6865,27.7221,41.2709,0,20.6897,35.5646,-0.0814,1352.4135,1349.4265,1350.92,0.0022,0.125,1.3894,1351.3407,-1,4428960,75550.35,0,0.75,-1,-1.3593,0.0741,0
2026-05-29 09:44:00,1349.7,1349.8,1348.6,1349.3,61706,1350.4345,1351.3765,1352.1874,-1,-0.9491,-0.8342,-0.1149,-1,20.0023,16.5846,31.7058,39.5971,0,20.0,28.5057,-0.111,1352.4347,1349.1853,1350.81,0.0024,0.0353,1.3758,1350.946,-1,4367254,64094.95,0,0.3333,-1,-1.3958,0.0371,1
2026-05-29 09:45:00,1349.4,1351.1,1349.0,1350.5,43549,1350.4476,1351.2969,1352.1212,-1,-0.8939,-0.8461,-0.0478,-1,19.5831,21.3466,28.3743,45.3278,0,54.2857,31.6585,-0.037,1352.1973,1349.2427,1350.72,0.0022,0.4255,1.4276,1350.7889,-1,4410803,59892.25,0,0.5238,1,-1.3081,0.126,1
2026-05-29 09:46:00,1350.6,1350.8,1350.3,1350.6,14569,1350.4781,1351.2335,1352.0616,-1,-0.8326,-0.8434,0.0108,1,19.1939,20.7866,27.6299,45.7894,0,57.1429,43.8095,-0.074,1352.0057,1349.2943,1350.65,0.002,0.4816,1.3613,1350.6114,-1,4425372,51449.05,0,0.0,1,-1.3008,0.1335,1
2026-05-29 09:47:00,1350.4,1351.0,1350.4,1350.7,18051,1350.5225,1351.185,1352.0082,-1,-0.767,-0.8281,0.0611,1,18.6466,21.198,26.7239,46.2778,0,60.0,57.1429,-0.1035,1351.9815,1349.2885,1350.635,0.002,0.5241,1.3069,1350.5625,1,4443423,48773.9,0,0.5,1,-1.2935,0.1409,0
2026-05-29 09:48:00,1350.6,1350.8,1350.4,1350.7,20193,1350.558,1351.1409,1351.9569,-1,-0.707,-0.8039,0.0969,1,18.1383,20.7104,26.1092,46.2778,0,60.0,59.0476,-0.0222,1351.9614,1349.4086,1350.685,0.0019,0.5059,1.2421,1350.6657,1,4463616,43699.8,0,0.25,1,-1.2935,0.1409,1
2026-05-29 09:49:00,1350.8,1350.8,1350.7,1350.8,21313,1350.6064,1351.1099,1351.9115,-1,-0.6438,-0.7719,0.128,1,17.6664,20.5829,25.9485,46.8334,0,62.8571,60.9524,-0.0444,1351.9444,1349.4056,1350.675,0.0019,0.5492,1.1606,1350.6736,1,4484929,41390.3,0,0.0,1,-1.2862,0.1483,0
2026-05-29 09:50:00,1350.7,1351.0,1350.6,1350.7,27847,1350.6251,1351.0727,1351.864,-1,-0.595,-0.7365,0.1415,1,17.0075,21.3427,25.2783,46.3176,0,60.0,60.9524,-0.0222,1351.8998,1349.5602,1350.73,0.0017,0.4872,1.1062,1350.7195,-1,4457082,39469.25,0,0.0,1,-1.2935,0.1409,1
2026-05-29 09:51:00,1350.9,1351.0,1350.7,1351.0,23786,1350.7001,1351.066,1351.8301,-1,-0.5261,-0.6944,0.1683,1,16.3956,20.9066,24.7617,48.1622,0,68.5714,63.8095,0.0667,1351.9239,1349.5761,1350.75,0.0017,0.6065,1.0486,1350.7484,1,4480868,38902.85,0,0.3333,1,-1.2716,0.1631,1
2026-05-29 09:52:00,1350.9,1351.5,1350.9,1351.2,47399,1350.8001,1351.0782,1351.8054,-1,-0.4501,-0.6456,0.1955,1,15.2516,23.5383,23.7179,49.4102,0,78.7879,69.1198,0.0518,1351.9687,1349.6013,1350.785,0.0018,0.6753,1.0166,1350.7861,1,4528267,38113.15,0,0.5,1,-1.2569,0.1779,0
2026-05-29 09:53:00,1351.1,1351.2,1350.8,1351.0,18757,1350.8401,1351.0711,1351.7738,-1,-0.4014,-0.5967,0.1953,1,14.3015,22.8468,23.7555,48.1615,0,82.7586,76.706,0.0889,1351.9764,1349.6036,1350.79,0.0018,0.5885,0.9726,1350.774,1,4509510,35557.55,0,0.25,-1,-1.2716,0.1631,0
2026-05-29 09:54:00,1351.1,1351.2,1350.8,1351.0,32271,1350.872,1351.0647,1351.7435,-1,-0.3587,-0.5491,0.1904,1,13.4192,22.1462,23.027,48.1615,0,82.7586,81.435,0.126,1351.99,1349.61,1350.8,0.0018,0.584,0.9317,1350.79,1,4541781,34610.1,0,0.25,-1,-1.2716,0.1631,0
2026-05-29 09:55:00,1350.7,1350.7,1349.6,1349.7,50111,1350.6376,1350.9406,1351.6633,-1,-0.4248,-0.5243,0.0994,1,13.8598,19.8515,29.5223,40.4543,0,37.931,67.8161,-0.0592,1352.0129,1349.4571,1350.735,0.0019,0.095,0.9651,1350.7302,-1,4491670,35706.4,0,0.9091,-1,-1.3666,0.0667,1
2026-05-29 09:56:00,1349.8,1350.6,1349.7,1350.5,17407,1350.6101,1350.9005,1351.6177,-1,-0.408,-0.501,0.093,1,14.2689,18.5228,27.5463,46.1638,0,65.5172,62.069,-0.0074,1351.8975,1349.4625,1350.68,0.0018,0.4261,0.9605,1350.6749,-1,4509077,34345.45,0,0.7778,1,-1.3081,0.126,1
2026-05-29 09:57:00,1350.3,1351.0,1350.3,1350.7,24150,1350.6281,1350.8823,1351.5817,-1,-0.3742,-0.4757,0.1015,1,14.0934,20.573,26.084,47.5187,0,72.4138,58.6207,0.0,1351.6394,1349.5806,1350.61,0.0015,0.5437,0.9419,1350.5821,1,4533227,33056.2,0,0.5714,1,-1.2935,0.1409,0
2026-05-29 09:58:00,1350.8,1350.8,1349.7,1350.2,27609,1350.5425,1350.8203,1351.5275,-1,-0.3833,-0.4572,0.0738,1,14.5291,18.8771,28.4302,44.5034,0,48.0,61.977,-0.037,1351.5978,1349.5422,1350.57,0.0015,0.32,0.9532,1350.4925,-1,4505618,31338.75,0,0.5455,-1,-1.33,0.1038,1
2026-05-29 09:59:00,1350.2,1350.5,1349.8,1350.4,8361,1350.514,1350.7821,1351.4833,-1,-0.3702,-0.4398,0.0696,1,14.9337,17.8677,26.91,45.98,0,42.1053,54.173,-0.0296,1351.4762,1349.5638,1350.52,0.0014,0.4373,0.9351,1350.4302,-1,4513979,29829.65,0,0.2857,1,-1.3154,0.1186,0
2026-05-29 10:00:00,1350.4,1350.7,1350.2,1350.3,27933,1350.4712,1350.7382,1351.4369,-1,-0.3636,-0.4246,0.0609,1,15.0051,18.7421,25.8468,45.3306,0,36.8421,42.3158,-0.0296,1351.4194,1349.5506,1350.485,0.0014,0.401,0.904,1350.3857,-1,4486046,29146.6,0,0.2,-1,-1.3227,0.1112,0
2026-05-29 10:01:00,1350.6,1350.6,1349.9,1349.9,25679,1350.3569,1350.662,1351.3766,-1,-0.3863,-0.4169,0.0306,1,15.3966,17.6885,26.8031,42.7307,0,15.7895,31.5789,-0.0814,1351.4297,1349.5203,1350.475,0.0014,0.1989,0.8894,1350.3756,-1,4460367,28702.65,0,1.0,-1,-1.3519,0.0816,1
2026-05-29 10:02:00,1349.8,1350.0,1349.2,1350.0,36416,1350.2856,1350.6019,1351.3227,-1,-0.3916,-0.4118,0.0202,1,16.4404,16.5438,30.7309,43.6015,0,34.7826,29.1381,-0.0888,1351.4267,1349.4733,1350.45,0.0014,0.2696,0.883,1350.3347,-1,4496783,29298.65,0,0.25,1,-1.3446,0.089,1
2026-05-29 10:03:00,1350.0,1351.4,1350.0,1351.0,31450,1350.4284,1350.6381,1351.31,-1,-0.3116,-0.3918,0.0802,1,15.5053,25.6155,27.3904,51.5379,0,78.2609,42.9443,0.0,1351.4669,1349.5531,1350.51,0.0014,0.756,0.92,1350.3824,1,4528233,28927.85,0,0.7143,1,-1.2716,0.1631,1
2026-05-29 10:04:00,1350.7,1352.0,1350.7,1352.0,31397,1350.7428,1350.7619,1351.3371,-1,-0.1655,-0.3465,0.181,1,14.7969,27.6292,24.705,57.9156,0,100.0,71.0145,0.074,1351.6419,1349.6481,1350.645,0.0015,1.1796,0.9471,1350.5796,1,4559630,27412.4,0,1.0,1,-1.1985,0.2372,1
2026-05-29 10:05:00,1352.0,1352.6,1351.8,1352.3,40808,1351.0542,1350.9017,1351.3748,1,-0.0253,-0.2823,0.257,1,14.7135,30.5193,23.1977,59.6319,0,91.1765,89.8124,0.1926,1351.9618,1349.5082,1350.735,0.0018,1.1378,0.9366,1350.7336,1,4600438,27275.35,0,0.375,1,-1.1766,0.2595,1
2026-05-29 10:06:00,1352.3,1352.4,1352.1,1352.4,14080,1351.3234,1351.0379,1351.415,1,0.0928,-0.2073,0.3001,1,14.6361,29.7854,22.6399,60.2144,0,94.1176,95.098,0.1407,1352.2475,1349.4025,1350.825,0.0021,1.0536,0.8911,1350.7785,1,4614518,27250.9,0,0.3333,1,-1.1692,0.2669,1
2026-05-29 10:07:00,1352.4,1353.2,1352.3,1352.8,44902,1351.6187,1351.1981,1351.4693,1,0.2162,-0.1226,0.3388,1,15.2823,34.0461,21.0078,62.5426,0,90.0,91.7647,0.1555,1352.5902,1349.2698,1350.93,0.0025,1.0632,0.8918,1350.9371,1,4659420,28593.45,1,0.4444,1,-1.14,0.2966,0
2026-05-29 10:08:00,1352.8,1352.8,1352.7,1352.8,19488,1351.855,1351.3437,1351.5215,1,0.3105,-0.036,0.3464,1,15.8823,33.7549,20.8282,62.5426,0,90.0,91.3725,0.1926,1352.8792,1349.1908,1351.035,0.0027,0.9785,0.8352,1351.0103,1,4678908,28558.2,0,0.0,1,-1.14,0.2966,0
2026-05-29 10:09:00,1352.7,1353.4,1352.6,1352.6,84248,1352.004,1351.4579,1351.5638,1,0.3648,0.0442,0.3206,1,16.9407,36.5853,19.3988,60.4899,0,80.9524,86.9841,0.1629,1353.0865,1349.1635,1351.125,0.0029,0.876,0.8327,1351.2651,1,4594660,31704.95,1,0.125,-1,-1.1546,0.2817,0
2026-05-29 10:10:00,1352.1,1353.3,1350.2,1350.8,476163,1351.7632,1351.3981,1351.5339,1,0.2596,0.0873,0.1723,1,16.1862,28.4407,32.3154,45.8917,0,38.0952,69.6825,0.037,1353.0877,1349.1723,1351.13,0.0029,0.4157,0.9946,1351.3519,-1,4118497,54120.75,1,0.4194,-1,-1.2862,0.1483,0
2026-05-29 10:11:00,1350.7,1351.4,1350.0,1350.1,223617,1351.4305,1351.2801,1351.4776,1,0.1184,0.0935,0.0249,1,15.6516,25.6622,30.554,41.6792,0,21.4286,46.8254,0.0148,1353.0933,1349.0767,1351.085,0.003,0.2548,1.0236,1351.2118,-1,3894880,64112.3,1,0.4286,-1,-1.3373,0.0964,0
2026-05-29 10:12:00,1350.1,1350.8,1349.8,1349.9,61509,1351.1244,1351.1546,1351.4158,-1,-0.0095,0.0729,-0.0824,-1,15.325,23.8685,29.8163,40.5343,0,16.6667,25.3968,-0.0074,1353.0923,1348.9477,1351.02,0.0031,0.2298,1.0219,1351.1626,-1,3833371,64817.8,0,0.2,-1,-1.3519,0.0816,1
2026-05-29 10:13:00,1350.2,1350.5,1349.9,1350.0,34648,1350.8995,1351.0497,1351.3602,-1,-0.1017,0.038,-0.1397,-1,15.0217,22.837,28.5279,41.4011,0,19.0476,19.0476,-0.074,1353.0895,1348.8505,1350.97,0.0031,0.2712,0.9918,1351.1377,-1,3868019,65612.35,0,0.3333,-1,-1.3446,0.089,0
2026-05-29 10:14:00,1350.0,1350.5,1349.9,1350.0,45205,1350.7196,1350.9543,1351.3069,-1,-0.1727,-0.0042,-0.1686,-1,14.7401,21.8215,27.2593,41.4011,0,19.0476,18.254,-0.1479,1353.0811,1348.7589,1350.92,0.0032,0.2871,0.9638,1351.1068,-1,3913224,66259.05,0,0.0,1,-1.3446,0.089,0
2026-05-29 10:15:00,1350.1,1350.1,1349.9,1349.9,17546,1350.5557,1350.8584,1351.2517,-1,-0.2344,-0.0502,-0.1842,-1,14.4786,21.4787,26.831,40.7129,0,16.6667,18.254,-0.1775,1353.0702,1348.7898,1350.93,0.0032,0.2594,0.9092,1351.1343,-1,3895678,64630.8,0,1.0,-1,-1.3519,0.0816,0
2026-05-29 10:16:00,1349.9,1350.4,1347.5,1348.6,127937,1350.1646,1350.6531,1351.1477,-1,-0.3837,-0.1169,-0.2668,-1,16.1153,17.2472,37.8493,33.027,1,18.6441,18.1195,-0.281,1353.2,1348.47,1350.835,0.0035,0.0275,1.0514,1350.9352,-1,3767741,70157.3,1,0.4483,-1,-1.4469,0.0,1
2026-05-29 10:17:00,1348.2,1349.0,1348.2,1348.7,29910,1349.8717,1350.4755,1351.0518,-1,-0.4884,-0.1912,-0.2972,-1,17.6352,16.2935,35.7566,34.0582,1,20.339,18.5499,-0.3031,1353.2769,1348.1931,1350.735,0.0038,0.0997,1.0335,1350.891,-1,3797651,70445.3,0,0.625,1,-1.4396,0.0074,1
2026-05-29 10:18:00,1348.7,1348.8,1348.5,1348.8,22282,1349.6573,1350.3232,1350.9634,-1,-0.5568,-0.2643,-0.2925,-1,19.0464,15.9377,34.9756,35.1339,0,22.0339,20.339,-0.2957,1353.3358,1347.9942,1350.665,0.004,0.1509,0.9811,1350.8691,-1,3819933,70178.95,0,0.3333,1,-1.4323,0.0148,1
2026-05-29 10:19:00,1348.8,1349.3,1348.7,1349.0,21155,1349.5259,1350.2029,1350.8864,-1,-0.5882,-0.3291,-0.2591,-1,19.6553,18.9658,33.4041,37.3355,0,25.4237,22.5989,-0.2662,1353.3616,1347.8284,1350.595,0.0041,0.2117,0.9539,1350.845,-1,3841088,70818.65,0,0.3333,1,-1.4177,0.0297,1
2026-05-29 10:20:00,1349.2,1349.5,1349.0,1349.4,10026,1349.5007,1350.1299,1350.8282,-1,-0.5741,-0.3781,-0.196,-1,19.9483,19.781,32.1094,41.6044,0,32.2034,26.5537,-0.1036,1353.3632,1347.7368,1350.55,0.0042,0.2956,0.9214,1350.8428,-1,3851114,69923.3,0,0.4,1,-1.3885,0.0593,1
2026-05-29 10:21:00,1349.4,1349.9,1349.2,1349.8,19167,1349.5605,1350.0999,1350.7878,-1,-0.5246,-0.4074,-0.1172,-1,19.686,21.8438,30.3366,45.5957,0,38.9831,32.2034,-0.0222,1353.3631,1347.7269,1350.545,0.0042,0.3678,0.9056,1350.8392,-1,3870281,69597.7,0,0.5714,1,-1.3593,0.089,0
2026-05-29 10:22:00,1349.8,1349.9,1349.2,1349.4,22116,1349.5284,1350.0363,1350.7334,-1,-0.5118,-0.4283,-0.0835,-1,19.4424,20.6179,28.6341,42.4697,0,32.2034,34.4633,-0.037,1353.3683,1347.6617,1350.515,0.0042,0.3046,0.8909,1350.8469,-1,3848165,68882.7,0,0.5714,-1,-1.3885,0.0593,0
2026-05-29 10:23:00,1349.4,1349.4,1347.4,1348.0,93492,1349.2228,1349.8512,1350.6262,-1,-0.6076,-0.4642,-0.1435,-1,20.6507,17.5819,37.6703,33.7484,1,10.1695,27.1186,-0.1481,1353.4095,1347.3205,1350.365,0.0045,0.1116,0.9702,1350.6804,-1,3754673,71984.8,0,0.7,-1,-1.4908,0.0,0
2026-05-29 10:24:00,1347.5,1348.0,1344.5,1345.6,336792,1348.4982,1349.4647,1350.4291,-1,-0.8672,-0.5448,-0.3224,-1,23.1085,13.7626,47.4862,24.471,1,15.942,19.4383,-0.3259,1353.6319,1346.4581,1350.045,0.0053,-0.1196,1.1509,1349.7676,-1,3417881,87254.55,1,0.5429,-1,-1.6662,0.0,1
2026-05-29 10:25:00,1345.9,1346.9,1345.0,1345.7,171113,1347.9386,1349.1225,1350.2437,-1,-1.0527,-0.6464,-0.4064,-1,25.3908,12.2118,42.1352,25.3913,1,19.0476,15.053,-0.3111,1353.6123,1345.8177,1349.715,0.0058,-0.0151,1.2044,1349.358,-1,3588994,93769.8,1,0.1053,-1,-1.6589,0.0074,0
2026-05-29 10:26:00,1345.9,1346.0,1344.9,1345.3,57870,1347.4108,1348.775,1350.0498,-1,-1.218,-0.7607,-0.4573,-1,27.5473,11.4101,39.9661,24.1251,1,13.3333,16.1077,-0.2447,1353.5002,1345.2198,1349.36,0.0061,0.0097,1.1969,1349.2171,-1,3531124,95959.3,0,0.5455,-1,-1.6881,0.0,0
2026-05-29 10:27:00,1345.3,1346.0,1344.9,1345.0,62610,1346.9287,1348.4318,1349.8518,-1,-1.3575,-0.88,-0.4775,-1,29.5498,10.6567,37.3272,23.1909,1,8.3333,13.5714,-0.2743,1353.2089,1344.7311,1348.97,0.0063,0.0317,1.19,1349.0082,-1,3468514,96844.7,0,0.2727,-1,-1.71,0.0,1
2026-05-29 10:28:00,1345.2,1345.5,1344.9,1345.3,47806,1346.6029,1348.1471,1349.6733,-1,-1.4274,-0.9895,-0.4379,-1,31.4092,10.2589,35.9335,26.2656,1,13.5593,11.742,-0.2595,1352.7382,1344.4518,1348.595,0.0061,0.1024,1.1479,1348.8791,-1,3516320,98260.6,0,0.1667,1,-1.6881,0.0223,0
2026-05-29 10:29:00,1345.2,1345.2,1344.7,1345.1,33867,1346.3024,1347.8701,1349.4939,-1,-1.4819,-1.088,-0.3939,-1,33.2253,9.8623,35.833,25.5318,1,10.1695,10.6874,-0.2891,1352.1997,1344.2403,1348.22,0.0059,0.108,1.1087,1348.635,-1,3482453,95741.55,0,0.2,-1,-1.7027,0.0074,0
2026-05-29 10:30:00,1345.0,1345.1,1344.2,1344.6,42536,1345.9619,1347.5728,1349.302,-1,-1.5476,-1.1799,-0.3676,-1,35.1292,9.2827,36.9922,23.7458,1,7.0175,10.2488,-0.3557,1352.0019,1343.8181,1347.91,0.0061,0.0955,1.0938,1347.6205,-1,3439917,74060.2,0,0.4444,-1,-1.7393,0.0,1
2026-05-29 10:31:00,1344.7,1345.5,1344.6,1345.1,34836,1345.7895,1347.348,1349.1372,-1,-1.5415,-1.2522,-0.2893,-1,36.2427,11.3757,34.7902,29.0879,1,15.7895,10.9922,-0.3482,1351.7969,1343.5231,1347.66,0.0061,0.1906,1.08,1347.0535,-1,3474753,64621.15,0,0.4444,1,-1.7027,0.0372,1
2026-05-29 10:32:00,1345.5,1347.6,1345.5,1347.4,30029,1346.1116,1347.3527,1349.0691,-1,-1.3357,-1.2689,-0.0668,-1,34.6422,22.3531,29.5316,47.3573,0,56.1404,26.3158,-0.1482,1351.5426,1343.5274,1347.535,0.0059,0.4832,1.1814,1346.8964,1,3504782,63047.15,0,0.9048,1,-1.5346,0.2082,1
2026-05-29 10:33:00,1347.4,1348.2,1347.3,1348.2,32091,1346.5293,1347.4298,1349.035,-1,-1.0954,-1.2342,0.1388,1,32.5866,24.8061,27.8968,51.9904,0,70.1754,47.3684,0.0148,1351.3053,1343.5847,1347.445,0.0057,0.5978,1.1613,1346.8329,1,3536873,62919.3,0,0.8889,1,-1.4762,0.2677,1
2026-05-29 10:34:00,1348.2,1349.8,1348.1,1349.8,66564,1347.1834,1347.6452,1349.065,-1,-0.767,-1.1408,0.3737,1,31.1062,31.8211,25.0734,59.641,0,98.2456,74.8538,0.3121,1351.2697,1343.6003,1347.435,0.0057,0.8084,1.1998,1346.8411,1,3603437,63987.25,0,0.9412,1,-1.3593,0.3867,0
2026-05-29 10:35:00,1349.8,1349.8,1347.7,1348.2,70011,1347.3867,1347.6957,1349.0311,-1,-0.6287,-1.0384,0.4097,1,29.3868,28.0451,24.3583,50.905,0,70.1754,79.5322,0.1858,1351.0348,1343.6652,1347.35,0.0055,0.6153,1.2641,1346.8907,1,3533426,66610.5,0,0.7619,-1,-1.4762,0.2677,1
2026-05-29 10:36:00,1348.2,1349.0,1348.0,1348.6,106058,1347.6294,1347.7779,1349.0142,-1,-0.4812,-0.9269,0.4457,1,27.7903,26.4364,22.9611,52.7677,0,78.5714,82.3308,0.2453,1351.0348,1343.6652,1347.35,0.0055,0.6696,1.2452,1346.8339,1,3639484,65516.55,1,0.4,1,-1.4469,0.2975,0
2026-05-29 10:37:00,1348.6,1348.6,1347.9,1348.0,38656,1347.7035,1347.7981,1348.9744,-1,-0.408,-0.8231,0.4151,1,26.2134,25.3406,22.6015,49.7205,0,67.8571,72.2013,0.223,1350.961,1343.669,1347.315,0.0054,0.5939,1.2063,1346.8322,1,3600828,65953.85,0,0.8571,-1,-1.4908,0.2529,1
2026-05-29 10:38:00,1348.1,1348.5,1347.5,1348.2,34091,1347.8028,1347.8346,1348.944,-1,-0.3301,-0.7245,0.3945,1,24.3676,23.8215,23.6445,50.7416,0,71.4286,72.619,0.2156,1350.8913,1343.6787,1347.285,0.0054,0.6269,1.1915,1346.8325,1,3634919,66544.3,0,0.1,1,-1.4762,0.2677,0
2026-05-29 10:39:00,1348.2,1348.4,1347.9,1348.1,26238,1347.8622,1347.8587,1348.9109,1,-0.2732,-0.6343,0.361,1,22.6537,23.0766,22.9051,50.1927,0,69.6429,69.6429,0.223,1350.7814,1343.6986,1347.24,0.0053,0.6214,1.1421,1346.8238,1,3608681,66798.45,0,0.2,-1,-1.4835,0.2603,0
2026-05-29 10:40:00,1347.6,1347.8,1347.3,1347.3,38414,1347.7498,1347.8079,1348.8478,-1,-0.2894,-0.5653,0.2759,1,21.5881,21.8968,25.5685,45.9137,0,55.3571,65.4762,0.2008,1350.5357,1343.7343,1347.135,0.005,0.5243,1.1177,1346.8237,1,3570267,68217.85,0,0.6,-1,-1.5419,0.2008,0
2026-05-29 10:41:00,1347.2,1347.3,1346.7,1347.3,32354,1347.6598,1347.7618,1348.7871,-1,-0.2988,-0.512,0.2132,1,21.1261,21.0285,28.5201,45.9137,0,55.3571,60.119,0.1636,1350.1861,1343.8339,1347.01,0.0047,0.5457,1.0807,1346.7911,1,3602621,68877.2,0,0.1667,1,-1.5419,0.2008,0
2026-05-29 10:42:00,1347.4,1347.4,1345.3,1345.8,91834,1347.2879,1347.5834,1348.6699,-1,-0.4224,-0.4941,0.0717,1,21.7122,18.294,33.4805,38.7333,0,28.5714,46.4286,-0.1187,1349.848,1343.812,1346.83,0.0045,0.3294,1.1535,1346.71,-1,3510787,72363.1,0,0.7619,-1,-1.6516,0.0892,0
2026-05-29 10:43:00,1345.8,1346.2,1345.0,1345.3,123954,1346.8903,1347.3758,1348.5378,-1,-0.5543,-0.5061,-0.0482,-1,22.4443,16.9386,32.8522,36.6744,0,19.6429,34.5238,-0.2151,1349.7331,1343.6569,1346.695,0.0045,0.2704,1.1568,1346.5101,-1,3386833,73886.2,1,0.4167,-1,-1.6881,0.0521,0
2026-05-29 10:44:00,1345.1,1346.0,1344.9,1345.2,21002,1346.5522,1347.178,1348.4069,-1,-0.6593,-0.5367,-0.1225,-1,23.1881,15.7841,31.2327,36.2592,0,11.5385,19.9176,-0.3408,1349.7467,1343.6033,1346.675,0.0046,0.2599,1.1528,1346.6276,-1,3365831,58096.7,0,0.0909,1,-1.6954,0.0446,0
2026-05-29 10:45:00,1345.3,1345.3,1344.9,1345.0,37363,1346.2418,1346.98,1348.2733,-1,-0.75,-0.5794,-0.1706,-1,23.8788,15.3737,30.4207,35.3963,0,2.0408,11.074,-0.2374,1349.7708,1343.5092,1346.64,0.0046,0.2381,1.099,1346.6975,-1,3328468,51409.2,0,0.75,-1,-1.71,0.0297,0
2026-05-29 10:46:00,1345.0,1345.0,1344.5,1344.5,36008,1345.8934,1346.7546,1348.1253,-1,-0.8524,-0.634,-0.2184,-1,24.7965,14.8539,32.0971,33.2648,1,0.0,4.5264,-0.304,1349.8175,1343.3825,1346.6,0.0048,0.1737,1.0562,1346.6994,-1,3292460,50316.1,0,1.0,-1,-1.7466,0.0,1
2026-05-29 10:47:00,1344.5,1344.6,1344.4,1344.6,39470,1345.6347,1346.5587,1347.9871,-1,-0.9149,-0.6902,-0.2248,-1,25.7176,14.6406,32.3542,34.1192,1,3.7037,1.9148,-0.2522,1349.8417,1343.3183,1346.58,0.0048,0.1965,0.9951,1346.7016,-1,3331930,49159.1,0,0.5,1,-1.7393,0.0074,1
2026-05-29 10:48:00,1344.7,1345.1,1344.7,1345.0,43705,1345.5078,1346.417,1347.8699,-1,-0.9216,-0.7365,-0.1851,-1,25.8255,17.8172,31.1501,37.563,0,11.1111,4.9383,-0.2374,1349.8527,1343.2773,1346.565,0.0049,0.262,0.9597,1346.6944,-1,3375635,48954.05,0,0.75,1,-1.71,0.0372,0
2026-05-29 10:49:00,1344.9,1345.4,1344.6,1345.0,14674,1345.4062,1346.2882,1347.7574,-1,-0.9163,-0.7724,-0.1439,-1,25.5003,19.0032,29.2731,37.563,0,13.0435,9.2861,-0.23,1349.8569,1343.2631,1346.56,0.0049,0.2634,0.9483,1346.7282,-1,3390309,47994.4,0,0.125,1,-1.71,0.0372,1
2026-05-29 10:50:00,1345.0,1345.2,1345.0,1345.1,11224,1345.345,1346.1802,1347.6532,-1,-0.8938,-0.7967,-0.0971,-1,25.1984,18.6999,28.8058,38.4952,0,16.6667,13.6071,-0.1633,1349.8292,1343.3408,1346.585,0.0048,0.2711,0.8949,1346.8045,-1,3401533,46428.8,0,0.5,1,-1.7027,0.0446,0
2026-05-29 10:51:00,1345.1,1345.1,1344.4,1344.5,35860,1345.176,1346.0274,1347.5295,-1,-0.9138,-0.8201,-0.0937,-1,25.4687,17.6385,32.0358,35.1083,0,2.439,10.7164,-0.2078,1349.8641,1343.2459,1346.555,0.0049,0.1895,0.8809,1346.7872,-1,3365673,46480.0,0,0.8571,-1,-1.7466,0.0,1
2026-05-29 10:52:00,1344.6,1344.9,1344.5,1344.9,16173,1345.1208,1345.9249,1347.4264,-1,-0.8871,-0.8335,-0.0536,-1,25.7198,17.0432,30.9546,38.9637,0,12.5,10.5352,-0.0669,1349.7904,1343.0696,1346.43,0.005,0.2723,0.8466,1346.75,-1,3381846,45787.2,0,0.75,1,-1.7173,0.0298,0
2026-05-29 10:53:00,1345.0,1345.1,1342.3,1342.3,101612,1344.5566,1345.5954,1347.2254,-1,-1.0635,-0.8795,-0.184,-1,27.4444,13.5866,40.6121,27.5189,1,0.0,4.9797,-0.223,1349.8403,1342.4297,1346.135,0.0055,-0.0175,0.9861,1346.3498,-1,3280234,49263.25,1,0.9643,-1,-1.9073,0.0,0
2026-05-29 10:54:00,1342.2,1342.7,1341.2,1341.8,164582,1344.0053,1345.2504,1347.0126,-1,-1.2295,-0.9495,-0.28,-1,29.5352,12.1633,44.0397,25.9408,1,9.6774,7.3925,-0.2528,1349.4981,1341.9719,1345.735,0.0056,-0.0228,1.0228,1345.4966,-1,3115652,54164.15,1,0.2667,-1,-1.9439,0.0,1
2026-05-29 10:55:00,1342.2,1342.2,1340.4,1341.9,106683,1343.5842,1344.9458,1346.8121,-1,-1.3376,-1.0271,-0.3105,-1,31.7757,10.7131,44.088,26.8444,1,21.4286,10.3687,-0.2305,1349.3558,1341.4842,1345.42,0.0059,0.0528,1.0783,1344.924,-1,3222335,55997.75,1,0.1667,-1,-1.9366,0.0075,1
2026-05-29 10:56:00,1341.7,1342.9,1341.7,1342.8,40318,1343.4274,1344.7507,1346.6548,-1,-1.3352,-1.0888,-0.2465,-1,32.8964,14.468,40.6115,34.5802,1,41.3793,24.1618,-0.1264,1348.9385,1341.3215,1345.13,0.0057,0.1941,1.087,1344.4669,-1,3262653,52710.75,0,0.9167,1,-1.8708,0.0745,0
2026-05-29 10:57:00,1342.9,1343.1,1341.1,1341.6,82299,1343.0619,1344.4643,1346.4565,-1,-1.4139,-1.1538,-0.2601,-1,34.2056,12.6743,39.2959,30.0217,1,21.4286,28.0788,-0.2231,1348.6752,1340.9448,1344.81,0.0057,0.0848,1.1522,1344.1467,-1,3180354,54892.9,0,0.65,-1,-1.9585,0.0,1
2026-05-29 10:58:00,1341.6,1342.1,1341.5,1342.1,10097,1342.8695,1344.2493,1346.2857,-1,-1.4195,-1.2069,-0.2126,-1,35.4212,12.1861,37.7825,33.9298,1,34.0,32.2693,-0.2156,1348.2115,1340.7985,1344.505,0.0055,0.1756,1.1128,1344.0011,-1,3190451,53693.2,0,0.8333,1,-1.922,0.0373,1
2026-05-29 10:59:00,1342.1,1342.7,1341.9,1342.2,20246,1342.7356,1344.063,1346.1255,-1,-1.3997,-1.2455,-0.1543,-1,35.7222,15.4778,35.8026,34.7151,1,36.0,30.4762,-0.2082,1347.6549,1340.7651,1344.21,0.0051,0.2083,1.0904,1343.8667,-1,3210697,53393.6,0,0.125,1,-1.9146,0.0447,0
2026-05-29 11:00:00,1342.2,1342.9,1342.1,1342.2,11204,1342.6285,1343.8937,1345.9715,-1,-1.3683,-1.27,-0.0983,-1,35.7346,15.9864,33.89,34.7151,1,36.0,35.3333,-0.2156,1347.1963,1340.7137,1343.955,0.0048,0.2293,1.0697,1343.718,-1,3221901,52033.1,0,0.0,1,-1.9146,0.0447,0
2026-05-29 11:01:00,1342.1,1342.7,1342.0,1342.1,26250,1342.5228,1343.7306,1345.8197,-1,-1.3361,-1.2832,-0.0528,-1,35.8112,15.2203,32.9505,34.2431,1,34.0,35.3333,-0.1785,1346.6422,1340.7478,1343.695,0.0044,0.2294,1.0433,1343.5754,-1,3195651,51727.9,0,0.0,1,-1.922,0.0373,0
2026-05-29 11:02:00,1342.1,1342.1,1341.5,1341.6,21040,1342.3382,1343.5369,1345.6542,-1,-1.3355,-1.2937,-0.0418,-1,36.2032,14.5755,35.0849,31.907,1,24.0,31.3333,-0.2454,1346.4007,1340.5693,1343.485,0.0043,0.1767,1.0116,1343.2883,-1,3174611,48188.2,0,0.8333,-1,-1.9585,0.0,1
2026-05-29 11:03:00,1341.6,1341.8,1341.3,1341.8,32210,1342.2306,1343.379,1345.5031,-1,-1.3038,-1.2957,-0.0081,-1,36.6918,14.0416,35.2649,33.851,1,29.1667,29.0556,-0.0372,1346.1888,1340.4312,1343.31,0.0043,0.2377,0.9751,1342.9128,-1,3206821,43601.0,0,0.4,1,-1.9439,0.0149,0
2026-05-29 11:04:00,1341.8,1341.8,1341.3,1341.6,15763,1342.1045,1343.2173,1345.35,-1,-1.2801,-1.2926,0.0125,1,37.1455,13.5088,33.9267,32.8413,1,25.5319,26.2329,-0.0149,1345.9634,1340.2966,1343.13,0.0042,0.23,0.9411,1342.8289,-1,3191058,43339.05,0,0.4,-1,-1.9585,0.0,1
2026-05-29 11:05:00,1341.6,1341.9,1341.6,1341.9,10021,1342.0636,1343.0975,1345.2147,-1,-1.223,-1.2787,0.0556,1,37.3937,13.9833,33.1147,35.9284,0,31.9149,28.8712,0.0,1345.7201,1340.2299,1342.975,0.0041,0.3042,0.8954,1342.717,-1,3201079,41971.95,0,1.0,1,-1.9366,0.0224,0
2026-05-29 11:06:00,1341.9,1342.5,1341.8,1341.8,27307,1342.0109,1342.9796,1345.0808,-1,-1.1724,-1.2574,0.0851,1,36.6333,18.0524,31.2362,35.3452,0,29.7872,29.078,-0.0745,1345.537,1340.143,1342.84,0.004,0.3072,0.8814,1342.61,-1,3173772,41536.9,0,0.1429,-1,-1.9439,0.0149,1
2026-05-29 11:07:00,1341.8,1342.0,1341.5,1341.9,47902,1341.9887,1342.8814,1344.9561,-1,-1.1113,-1.2282,0.1169,1,36.1911,17.2976,32.4389,36.4561,0,55.5556,39.0859,0.0224,1345.3046,1340.1054,1342.705,0.0039,0.3452,0.8542,1342.4733,-1,3221674,41958.5,0,0.2,1,-1.9366,0.0224,1
2026-05-29 11:08:00,1341.9,1342.3,1341.7,1342.1,11416,1342.011,1342.8104,1344.8441,-1,-1.0349,-1.1895,0.1547,1,35.3005,18.9741,30.7759,38.7237,0,62.963,49.4353,0.0,1344.9461,1340.1739,1342.56,0.0036,0.4036,0.836,1342.3338,-1,3233090,40344.05,0,0.3333,1,-1.922,0.0373,0
2026-05-29 11:09:00,1342.1,1342.4,1341.5,1341.9,14683,1341.9888,1342.7276,1344.7286,-1,-0.9791,-1.1475,0.1683,1,34.6679,17.523,30.1218,37.2906,0,40.0,52.8395,-0.0224,1344.5249,1340.2851,1342.405,0.0032,0.3809,0.8406,1342.2781,-1,3218407,40344.5,0,0.2222,-1,-1.9366,0.0224,1
2026-05-29 11:10:00,1341.9,1342.0,1341.7,1342.0,29770,1341.991,1342.6615,1344.6216,-1,-0.9163,-1.1012,0.1849,1,34.0804,17.0547,29.3169,38.5159,0,45.0,49.321,-0.0149,1343.9757,1340.5243,1342.25,0.0026,0.4276,0.802,1342.2261,-1,3248177,41271.8,0,0.3333,1,-1.9293,0.0298,0
2026-05-29 11:11:00,1342.0,1342.1,1341.6,1341.7,8659,1341.9328,1342.5741,1344.507,-1,-0.8806,-1.0571,0.1765,1,33.6413,16.2742,28.8905,36.2289,0,25.0,36.6667,-0.0298,1343.5056,1340.7144,1342.11,0.0021,0.3531,0.7804,1342.1118,-1,3239518,39911.75,0,0.6,-1,-1.9512,0.0075,1
2026-05-29 11:12:00,1341.7,1342.1,1341.7,1342.0,11205,1341.9462,1342.5219,1344.4087,-1,-0.8187,-1.0094,0.1908,1,33.2337,15.6569,27.7946,40.0616,0,43.75,37.9167,0.0298,1342.521,1341.409,1341.965,0.0008,0.5315,0.7532,1342.0551,-1,3250723,39663.35,0,0.75,1,-1.9293,0.0298,1
2026-05-29 11:13:00,1341.9,1342.5,1341.9,1342.4,12004,1342.037,1342.5108,1344.33,-1,-0.7289,-0.9533,0.2244,1,32.0698,18.6021,26.1898,44.8233,0,68.75,45.8333,0.0447,1342.5396,1341.4004,1341.97,0.0008,0.8775,0.7423,1341.8886,1,3262727,35182.95,0,0.8333,1,-1.9,0.0596,1
2026-05-29 11:14:00,1342.4,1342.9,1342.3,1342.5,12773,1342.1296,1342.5098,1344.2582,-1,-0.6423,-0.8911,0.2488,1,30.2816,21.4157,24.6567,45.9787,0,75.0,62.5,0.0671,1342.6132,1341.3968,1342.005,0.0009,0.9069,0.7321,1341.9009,1,3275500,27592.5,0,0.1667,1,-1.8927,0.0671,0
2026-05-29 11:15:00,1342.5,1344.2,1342.3,1342.4,25905,1342.1837,1342.4998,1344.1853,-1,-0.5751,-0.8279,0.2528,1,29.3645,29.238,20.5536,44.9647,0,37.931,60.5603,0.0373,1342.6596,1341.4004,1342.03,0.0009,0.7938,0.8155,1342.0503,1,3249595,23553.6,0,0.0526,-1,-1.9,0.0596,0
2026-05-29 11:16:00,1342.4,1342.5,1342.3,1342.4,30143,1342.2269,1342.4908,1344.1153,-1,-0.5159,-0.7655,0.2496,1,28.5128,28.6966,20.173,44.9647,0,37.931,50.2874,0.0447,1342.561,1341.459,1342.01,0.0008,0.8539,0.7716,1342.0368,1,3279738,23044.85,0,0.0,1,-1.9,0.0596,1
2026-05-29 11:17:00,1342.4,1342.9,1342.2,1342.9,25261,1342.3616,1342.528,1344.0676,-1,-0.4237,-0.6971,0.2734,1,28.1669,30.5523,18.857,51.205,0,55.1724,43.6782,0.0745,1342.7165,1341.4335,1342.075,0.001,1.143,0.7665,1342.0972,1,3304999,20192.95,0,0.7143,1,-1.8635,0.0969,0
2026-05-29 11:18:00,1342.9,1343.2,1342.5,1342.9,18088,1342.4692,1342.5618,1344.0219,-1,-0.3467,-0.627,0.2804,1,28.1589,31.36,17.6192,51.205,0,51.8519,48.3184,0.0596,1342.8506,1341.3794,1342.115,0.0011,1.0336,0.7617,1342.1359,1,3323087,20592.5,0,0.0,1,-1.8635,0.0969,0
2026-05-29 11:19:00,1342.9,1343.6,1342.6,1342.9,17156,1342.5554,1342.5925,1343.9779,-1,-0.2824,-0.5581,0.2757,1,28.5429,32.1525,16.0031,51.205,0,51.8519,52.9587,0.0745,1342.9612,1341.3388,1342.15,0.0012,0.9623,0.7787,1342.1671,1,3340243,20438.0,0,0.0,1,-1.8635,0.0969,0
2026-05-29 11:20:00,1342.9,1342.9,1342.5,1342.9,21182,1342.6243,1342.6205,1343.9356,1,-0.2288,-0.4922,0.2635,1,28.7079,30.9304,16.3451,51.205,0,51.8519,51.8519,0.0671,1343.0597,1341.3103,1342.185,0.0013,0.9087,0.7517,1342.1912,1,3361425,20936.9,0,0.0,1,-1.8635,0.0969,0
2026-05-29 11:21:00,1342.9,1343.0,1342.8,1342.9,12497,1342.6795,1342.6459,1343.895,1,-0.1842,-0.4306,0.2464,1,28.9656,31.3129,16.0172,51.205,0,51.8519,51.8519,0.0894,1343.1521,1341.2979,1342.225,0.0014,0.864,0.7123,1342.2081,1,3373922,20249.25,0,0.0,1,-1.8635,0.0969,1
2026-05-29 11:22:00,1343.0,1343.3,1342.9,1343.2,16620,1342.7836,1342.6963,1343.8677,1,-0.1232,-0.3692,0.2459,1,29.5148,33.1219,15.354,55.5822,0,62.963,55.5556,0.0894,1343.2776,1341.3324,1342.305,0.0014,0.9601,0.69,1342.2715,1,3390542,20028.25,0,0.5,1,-1.8416,0.1193,0
2026-05-29 11:23:00,1343.2,1343.9,1343.1,1343.2,20022,1342.8668,1342.7421,1343.8415,1,-0.074,-0.3101,0.2361,1,30.5733,36.5512,14.0967,55.5822,0,61.5385,58.7844,0.0596,1343.3926,1341.3574,1342.375,0.0015,0.9054,0.6978,1342.3826,1,3410564,19418.85,0,0.0,1,-1.8416,0.1193,1
2026-05-29 11:24:00,1343.6,1343.8,1343.2,1343.7,22079,1343.0335,1342.8291,1343.836,1,0.0052,-0.2471,0.2523,1,31.5563,34.2837,13.2222,62.1459,0,80.7692,68.4236,0.0894,1343.5856,1341.3744,1342.48,0.0016,1.0517,0.6908,1342.4814,1,3432643,19734.65,0,0.1667,1,-1.805,0.1565,0
2026-05-29 11:25:00,1343.6,1343.6,1343.0,1343.3,25568,1343.0868,1342.872,1343.815,1,0.0353,-0.1906,0.2259,1,32.0073,31.8047,14.332,55.1275,0,64.0,68.7692,0.067,1343.6769,1341.4231,1342.55,0.0017,0.8328,0.6915,1342.549,1,3407075,20512.0,0,0.5,-1,-1.8343,0.1267,0
2026-05-29 11:26:00,1343.3,1343.3,1343.0,1343.2,11591,1343.1094,1342.9018,1343.7909,1,0.0506,-0.1423,0.1929,1,32.4262,30.7776,13.8692,53.5008,0,56.5217,67.097,0.0596,1343.7256,1341.5144,1342.62,0.0016,0.7623,0.6635,1342.6029,1,3395484,19726.2,0,0.3333,-1,-1.8416,0.1193,0
2026-05-29 11:27:00,1343.2,1343.3,1341.5,1341.6,55163,1342.8075,1342.7834,1343.7049,1,-0.0657,-0.127,0.0613,1,30.1655,25.4639,25.862,35.4675,0,3.7037,41.4085,-0.0968,1343.7565,1341.4535,1342.605,0.0017,0.0636,0.7447,1342.6341,-1,3340321,20089.25,1,0.8889,-1,-1.9585,0.0,0
2026-05-29 11:28:00,1341.5,1341.6,1341.5,1341.6,8502,1342.566,1342.6758,1343.6224,-1,-0.1561,-0.1328,-0.0232,-1,28.0662,25.2036,25.5976,35.4675,0,3.7037,21.3097,-0.0968,1343.7942,1341.3658,1342.58,0.0018,0.0965,0.6987,1342.6286,-1,3348823,19943.55,0,1.0,1,-1.9585,0.0,0
2026-05-29 11:29:00,1341.7,1341.7,1339.5,1339.7,194461,1341.9928,1342.4053,1343.4686,-1,-0.3767,-0.1816,-0.1951,-1,28.26,20.2891,38.3328,24.2229,1,4.5455,3.9843,-0.2383,1344.1999,1340.7401,1342.47,0.0026,-0.3006,0.8059,1341.8637,-1,3154362,28932.45,1,0.9091,-1,-2.0973,0.0,1
2026-05-29 11:30:00,1339.7,1339.8,1339.6,1339.8,19327,1341.5543,1342.1685,1343.3247,-1,-0.5372,-0.2527,-0.2845,-1,28.44,19.909,37.6147,25.5606,1,6.8182,5.0224,-0.2308,1344.4398,1340.2802,1342.36,0.0031,-0.1154,0.7626,1341.7893,-1,3173689,28410.3,0,0.5,1,-2.09,0.0075,1
2026-05-29 11:31:00,1339.7,1340.1,1339.7,1339.9,18829,1341.2234,1341.9622,1343.1904,-1,-0.6489,-0.332,-0.3169,-1,28.1403,22.0456,36.1559,26.9493,1,9.0909,6.8182,-0.2234,1344.5973,1339.9427,1342.27,0.0035,-0.0092,0.7367,1341.7277,-1,3192518,28918.8,0,0.5,1,-2.0827,0.0149,1
2026-05-29 11:32:00,1340.0,1340.6,1339.9,1340.1,19716,1340.9987,1341.7929,1343.0692,-1,-0.713,-0.4082,-0.3049,-1,27.1314,25.4091,33.6933,29.7712,1,13.6364,9.8485,-0.2308,1344.6865,1339.6635,1342.175,0.0037,0.0869,0.7341,1341.6724,-1,3212234,29344.35,0,0.1429,1,-2.0681,0.0299,0
2026-05-29 11:33:00,1340.5,1340.6,1340.0,1340.1,25911,1340.819,1341.639,1342.9528,-1,-0.7552,-0.4776,-0.2776,-1,26.1947,23.9061,31.7003,29.7712,1,13.6364,12.1212,-0.2308,1344.7256,1339.3944,1342.06,0.004,0.1324,0.7245,1341.5985,-1,3238145,30039.7,0,0.6667,-1,-2.0681,0.0299,0
2026-05-29 11:34:00,1340.0,1340.3,1339.9,1340.0,19516,1340.6552,1341.49,1342.837,-1,-0.7876,-0.5396,-0.248,-1,25.4399,22.9322,31.4273,29.1189,1,11.3636,12.8788,-0.2754,1344.7373,1339.1327,1341.935,0.0042,0.1548,0.7013,1341.5289,-1,3218629,30376.85,0,0.0,1,-2.0754,0.0224,0
2026-05-29 11:35:00,1339.9,1340.0,1339.9,1340.0,16272,1340.5241,1341.3546,1342.7257,-1,-0.804,-0.5925,-0.2115,-1,24.739,22.6834,31.0863,29.1189,1,11.3636,12.1212,-0.2457,1344.7307,1338.8993,1341.815,0.0043,0.1888,0.6584,1341.4241,-1,3234901,29895.2,0,1.0,1,-2.0754,0.0224,1
2026-05-29 11:36:00,1340.0,1340.9,1340.0,1340.4,160797,1340.4993,1341.2678,1342.6345,-1,-0.7757,-0.6291,-0.1466,-1,23.2066,30.0399,28.1285,35.6587,0,20.4545,14.3939,-0.2085,1344.6803,1338.7497,1341.715,0.0044,0.2783,0.6756,1341.1651,-1,3395698,36427.9,1,0.4444,1,-2.0462,0.0523,1
2026-05-29 11:37:00,1340.9,1341.7,1340.3,1341.3,2038712,1340.6595,1341.2707,1342.5822,-1,-0.673,-0.6379,-0.0351,-1,22.719,33.766,24.2614,47.4147,0,41.8605,24.5595,-0.0224,1344.5541,1338.7159,1341.635,0.0044,0.4426,0.7274,1341.1029,1,5434410,137100.45,1,0.2857,1,-1.9804,0.1194,0
2026-05-29 11:38:00,1341.3,1341.4,1339.8,1340.0,76722,1340.5276,1341.1552,1342.4809,-1,-0.6885,-0.648,-0.0405,-1,21.5719,28.8794,25.2728,36.921,0,12.1951,24.8367,-0.1193,1344.4314,1338.5486,1341.49,0.0044,0.2467,0.7897,1341.0722,-1,5357688,140032.15,0,0.8125,-1,-2.0754,0.0224,0
2026-05-29 11:39:00,1340.1,1341.0,1339.8,1340.0,65466,1340.4221,1341.0502,1342.3836,-1,-0.6929,-0.657,-0.0359,-1,20.5068,25.8571,22.6279,36.921,0,13.1579,22.4045,0.0224,1344.2799,1338.4101,1341.345,0.0044,0.2709,0.819,1341.0419,-1,5423154,142447.65,0,0.0833,-1,-2.0754,0.0224,0
2026-05-29 11:40:00,1340.3,1340.6,1339.8,1340.0,45829,1340.3376,1340.9547,1342.2902,-1,-0.6883,-0.6633,-0.0251,-1,19.5178,24.05,21.0465,36.921,0,13.1579,12.837,0.0149,1344.0997,1338.3003,1341.2,0.0043,0.2931,0.8177,1341.0147,-1,5468983,143680.0,0,0.375,-1,-2.0754,0.0224,0
2026-05-29 11:41:00,1340.6,1340.6,1339.0,1339.1,49576,1340.0901,1340.7861,1342.1651,-1,-0.7488,-0.6804,-0.0684,-1,18.7375,20.9035,24.8345,30.9904,1,3.7037,10.0065,-0.0597,1343.937,1338.083,1341.01,0.0044,0.1737,0.8735,1340.9819,-1,5419407,145533.95,0,0.9375,-1,-2.1412,0.0,0
2026-05-29 11:42:00,1339.0,1339.7,1339.0,1339.0,57034,1339.8721,1340.6237,1342.0409,-1,-0.7955,-0.7034,-0.0922,-1,18.013,19.6898,23.3926,30.406,1,0.0,5.6205,-0.0821,1343.6705,1337.9295,1340.8,0.0043,0.1865,0.8611,1340.936,-1,5362373,147554.65,0,0.0,1,-2.1485,0.0,1
2026-05-29 11:43:00,1339.3,1339.6,1338.9,1339.5,36689,1339.7977,1340.5216,1341.9413,-1,-0.7832,-0.7194,-0.0639,-1,17.4729,18.5311,22.8566,36.8214,0,21.4286,8.3774,-0.0448,1343.3148,1337.9152,1340.615,0.004,0.2935,0.8496,1340.8996,-1,5399062,148388.0,0,0.2857,1,-2.112,0.0373,0
2026-05-29 11:44:00,1339.0,1339.4,1338.0,1338.0,59630,1339.4381,1340.2923,1341.7867,-1,-0.8843,-0.7524,-0.132,-1,18.0235,16.3154,27.2978,28.3717,1,0.0,7.1429,-0.1493,1342.8654,1337.7946,1340.33,0.0038,0.0405,0.8961,1340.8317,-1,5339432,150265.55,0,0.7143,-1,-2.2216,0.0,1
2026-05-29 11:45:00,1338.1,1338.8,1337.2,1338.5,93465,1339.2505,1340.1294,1341.6578,-1,-0.9136,-0.7846,-0.129,-1,19.2618,14.3451,30.0393,33.8231,1,28.8889,16.7725,-0.1119,1342.3491,1337.8309,1340.09,0.0034,0.1481,0.9464,1340.7301,-1,5432897,153660.4,0,0.25,1,-2.185,0.0374,1
2026-05-29 11:46:00,1338.8,1338.9,1337.7,1338.7,44226,1339.1404,1339.9995,1341.5418,-1,-0.9101,-0.8097,-0.1004,-1,20.2378,13.8108,27.3697,35.9238,0,33.3333,20.7407,-0.1268,1341.6961,1338.0339,1339.865,0.0027,0.1819,0.9645,1340.6883,-1,5477123,155292.15,0,0.0833,-1,-2.1704,0.0523,0
2026-05-29 11:47:00,1338.5,1339.5,1338.1,1338.1,32632,1338.9323,1339.8268,1341.4069,-1,-0.9449,-0.8368,-0.1082,-1,20.1556,16.7283,24.6206,32.5823,1,20.0,27.4074,-0.2386,1341.4932,1337.8868,1339.69,0.0027,0.0591,0.9956,1340.64,-1,5444491,154165.6,0,0.2857,-1,-2.2143,0.0075,1
2026-05-29 11:48:00,1338.1,1338.8,1338.1,1338.7,13948,1338.8859,1339.7243,1341.3007,-1,-0.9135,-0.8521,-0.0614,-1,20.0793,15.87,23.3574,38.7208,0,33.3333,28.8889,-0.097,1341.1679,1337.9221,1339.545,0.0024,0.2397,0.9745,1340.628,-1,5458439,154437.9,0,0.8571,1,-2.1704,0.0523,1
2026-05-29 11:49:00,1338.8,1339.4,1338.5,1339.1,30488,1338.9287,1339.6676,1341.2144,-1,-0.8466,-0.851,0.0044,1,19.092,19.2394,21.808,42.4809,0,42.2222,31.8519,-0.0672,1341.1475,1337.8825,1339.515,0.0024,0.3729,0.9692,1340.6328,-1,5488927,146239.25,0,0.3333,1,-2.1412,0.0822,0
2026-05-29 11:50:00,1339.1,1339.3,1338.7,1339.0,16622,1338.943,1339.6069,1341.1276,-1,-0.7925,-0.8393,0.0468,1,18.1753,18.3648,20.8167,41.7905,0,40.0,38.5185,-0.0746,1341.1168,1337.8332,1339.475,0.0025,0.3553,0.9428,1340.6294,-1,5472305,146104.0,0,0.1667,-1,-2.1485,0.0747,0
2026-05-29 11:51:00,1339.1,1339.1,1338.5,1338.5,23939,1338.8544,1339.5063,1341.0245,-1,-0.781,-0.8277,0.0466,1,17.5917,17.5078,21.4008,38.4278,0,30.9524,37.7249,-0.0448,1341.0872,1337.7228,1339.405,0.0025,0.231,0.9183,1340.6184,-1,5448366,146359.5,0,1.0,-1,-2.185,0.0374,0
2026-05-29 11:52:00,1338.7,1338.8,1336.2,1336.6,215869,1338.4035,1339.2421,1340.851,-1,-0.9147,-0.8451,-0.0696,-1,19.1787,14.3766,33.3941,28.9084,1,8.3333,26.4286,-0.1792,1341.2756,1337.1844,1339.23,0.0031,-0.1428,1.0384,1340.3847,-1,5232497,156167.15,0,0.8077,-1,-2.3239,0.0,1
2026-05-29 11:53:00,1336.9,1337.5,1336.3,1337.4,84477,1338.2028,1339.0746,1340.7157,-1,-0.9451,-0.8651,-0.08,-1,20.6524,13.203,30.668,36.0875,0,27.2727,22.1861,-0.1568,1341.2467,1336.9433,1339.095,0.0032,0.1061,1.05,1340.2979,-1,5316974,159095.45,0,0.4167,1,-2.2654,0.0599,0
2026-05-29 11:54:00,1337.5,1338.0,1337.0,1337.1,25988,1337.9822,1338.8951,1340.5739,-1,-0.9821,-0.8885,-0.0937,-1,21.2512,15.7148,28.5745,34.6735,1,20.4545,18.6869,-0.0673,1341.2255,1336.6745,1338.95,0.0034,0.0935,1.0464,1340.2754,-1,5290986,159419.05,0,0.4,-1,-2.2873,0.0374,0
2026-05-29 11:55:00,1337.1,1337.1,1335.6,1335.9,56642,1337.5658,1338.6228,1340.3906,-1,-1.0957,-0.9299,-0.1658,-1,22.763,14.1541,35.0062,29.6661,1,7.3171,18.3481,-0.1942,1341.3237,1336.1663,1338.745,0.0039,-0.0516,1.0788,1340.2055,-1,5234344,161437.55,0,0.8,-1,-2.375,0.0,0
2026-05-29 11:56:00,1335.7,1335.8,1335.4,1335.8,38953,1337.2126,1338.3662,1340.2106,-1,-1.1801,-0.98,-0.2002,-1,24.2828,13.6668,35.1781,29.2865,1,9.5238,12.4318,-0.2166,1341.2764,1335.7536,1338.515,0.0041,0.0084,1.0375,1340.1368,-1,5195391,155345.35,0,0.25,1,-2.3823,0.0,1
2026-05-29 11:57:00,1335.8,1336.7,1335.7,1336.7,32613,1337.1101,1338.2147,1340.0729,-1,-1.1611,-1.0162,-0.1449,-1,24.4574,18.9359,32.7498,37.0881,0,31.7073,16.1827,-0.1046,1340.8386,1335.7314,1338.285,0.0038,0.1897,1.0348,1338.2412,-1,5228004,55040.4,0,0.9,1,-2.3166,0.0674,0
2026-05-29 11:58:00,1336.6,1336.6,1336.2,1336.3,20412,1336.9481,1338.0407,1339.925,-1,-1.1648,-1.0459,-0.1189,-1,24.6195,18.2573,31.5762,35.2279,0,21.9512,21.0608,-0.1793,1340.6659,1335.5341,1338.1,0.0038,0.1493,0.9966,1338.046,-1,5207592,52224.9,0,0.75,-1,-2.3458,0.0374,1
2026-05-29 11:59:00,1336.2,1336.9,1336.1,1336.8,32498,1336.9185,1337.9279,1339.8024,-1,-1.1145,-1.0596,-0.0549,-1,24.368,19.3764,29.7398,39.3247,0,34.1463,29.2683,-0.1718,1340.4093,1335.4707,1337.94,0.0037,0.2692,0.9825,1337.8558,-1,5240090,50576.5,0,0.75,1,-2.3093,0.0749,0
2026-05-29 12:00:00,1336.2,1336.7,1336.2,1336.6,29296,1336.8548,1337.8072,1339.6768,-1,-1.0784,-1.0634,-0.015,-1,24.1346,18.5071,28.4054,38.2816,0,29.2683,28.4553,-0.1792,1340.1136,1335.4264,1337.77,0.0035,0.2504,0.9552,1337.711,-1,5210794,49749.85,0,0.8,1,-2.3239,0.0599,0
2026-05-29 12:01:00,1336.4,1336.5,1335.9,1336.1,23926,1336.7038,1337.652,1339.5366,-1,-1.0777,-1.0663,-0.0115,-1,24.1938,17.5195,29.1766,35.7302,0,17.5,26.9715,-0.1793,1339.9878,1335.2522,1337.62,0.0035,0.179,0.937,1337.5779,-1,5186868,48467.35,0,0.5,-1,-2.3604,0.0225,1
2026-05-29 12:02:00,1336.1,1336.6,1336.0,1336.6,12456,1336.6831,1337.5563,1339.4214,-1,-1.025,-1.058,0.033,1,24.0946,17.4795,27.8069,40.0343,0,30.0,25.5894,0.0,1339.8186,1335.1814,1337.5,0.0035,0.3059,0.9129,1337.46,-1,5199324,46238.45,0,0.8333,1,-2.3239,0.0599,0
2026-05-29 12:03:00,1336.5,1336.7,1336.5,1336.6,16154,1336.6664,1337.4694,1339.3108,-1,-0.9721,-1.0408,0.0688,1,23.8422,18.0184,27.3461,40.0343,0,30.7692,26.0897,-0.0598,1339.5123,1335.1977,1337.355,0.0032,0.325,0.862,1337.3686,-1,5215478,45211.7,0,0.5,1,-2.3239,0.0599,0
2026-05-29 12:04:00,1336.5,1336.6,1336.4,1336.6,28431,1336.6532,1337.3904,1339.2044,-1,-0.9195,-1.0166,0.0971,1,23.7174,17.7025,27.7433,40.0343,0,32.4324,31.0672,-0.0374,1339.4449,1335.1251,1337.285,0.0032,0.3414,0.8147,1337.2664,-1,5243909,43651.75,0,0.5,1,-2.3239,0.0599,1
2026-05-29 12:05:00,1336.6,1336.8,1336.5,1336.7,20017,1336.6625,1337.3276,1339.1062,-1,-0.8598,-0.9852,0.1254,1,23.2535,19.0512,26.9791,41.0209,0,38.2353,33.8123,0.0599,1339.294,1335.096,1337.195,0.0031,0.3821,0.7779,1337.1461,-1,5263926,39979.35,0,0.3333,1,-2.3166,0.0674,1
2026-05-29 12:06:00,1336.6,1336.8,1336.5,1336.8,33774,1336.69,1337.2796,1339.0158,-1,-0.7953,-0.9472,0.1519,1,22.8228,18.5023,26.2019,42.0478,0,53.8462,41.5046,0.0749,1339.087,1335.113,1337.1,0.003,0.4245,0.7438,1337.0549,-1,5297700,39456.75,0,0.6667,1,-2.3093,0.0749,0
2026-05-29 12:07:00,1336.8,1336.8,1335.7,1336.2,43552,1336.592,1337.1815,1338.9054,-1,-0.7836,-0.9145,0.1309,1,23.3462,16.6125,30.954,37.7958,0,30.7692,40.9502,-0.0374,1338.9732,1335.0368,1337.005,0.0029,0.2955,0.7692,1336.9485,-1,5254148,40002.75,0,0.5455,-1,-2.3531,0.0299,1
2026-05-29 12:08:00,1336.4,1336.7,1336.3,1336.6,14124,1336.5936,1337.1286,1338.815,-1,-0.7335,-0.8783,0.1448,1,23.8322,15.8214,29.48,42.0062,0,70.5882,51.7345,0.0225,1338.7133,1335.0867,1336.9,0.0027,0.4173,0.75,1336.9136,-1,5268272,40011.55,0,0.5,1,-2.3239,0.0599,1
2026-05-29 12:09:00,1336.7,1336.8,1336.7,1336.8,20361,1336.6349,1337.0987,1338.7359,-1,-0.67,-0.8366,0.1666,1,24.0777,16.5084,28.8875,44.0456,0,93.3333,64.8969,0.0,1338.2914,1335.2786,1336.785,0.0023,0.505,0.7107,1336.8293,-1,5288633,39505.2,0,1.0,1,-2.3093,0.0749,0
2026-05-29 12:10:00,1336.8,1336.8,1336.5,1336.7,26506,1336.6479,1337.0625,1338.6561,-1,-0.6206,-0.7934,0.1729,1,24.5421,15.9893,30.0756,43.2271,0,83.3333,82.4183,0.0075,1337.7819,1335.5581,1336.67,0.0017,0.5135,0.6814,1336.7788,-1,5262127,39999.4,0,0.3333,-1,-2.3166,0.0674,1
2026-05-29 12:11:00,1336.7,1336.8,1336.6,1336.8,15141,1336.6783,1337.0386,1338.5833,-1,-0.5668,-0.7481,0.1813,1,24.9733,15.6362,29.4115,44.3409,0,91.6667,89.4444,0.0524,1337.3206,1335.8494,1336.585,0.0011,0.6461,0.647,1336.7198,1,5277268,39559.5,0,0.5,1,-2.3093,0.0749,0
2026-05-29 12:12:00,1336.7,1336.8,1336.5,1336.5,38345,1336.6427,1336.9897,1338.5016,-1,-0.5421,-0.7069,0.1648,1,25.5012,15.0977,29.5466,41.6978,0,66.6667,80.5556,-0.0075,1337.3165,1335.8435,1336.58,0.0011,0.4457,0.6222,1336.5434,-1,5238923,30683.3,0,0.6667,-1,-2.3312,0.0524,0
2026-05-29 12:13:00,1336.5,1336.5,1335.6,1335.6,39467,1336.4341,1336.8633,1338.3878,-1,-0.5884,-0.6832,0.0948,1,26.9553,13.5861,36.6007,34.9643,1,0.0,52.7778,-0.0748,1337.2434,1335.7366,1336.49,0.0011,-0.0907,0.6421,1336.421,-1,5199456,28432.8,0,1.0,-1,-2.397,0.0,0
2026-05-29 12:14:00,1335.2,1335.6,1335.2,1335.5,44774,1336.2473,1336.7394,1338.2746,-1,-0.626,-0.6718,0.0458,1,28.6426,12.9648,39.5,34.3015,1,18.75,28.4722,-0.0823,1337.2246,1335.5954,1336.41,0.0012,-0.0585,0.6248,1336.3039,-1,5154682,29372.1,1,0.75,1,-2.4043,0.0,0
2026-05-29 12:15:00,1335.5,1335.5,1335.2,1335.2,24963,1336.0378,1336.5994,1338.154,-1,-0.6722,-0.6719,-0.0003,-1,30.2093,12.503,38.0929,32.3219,1,0.0,6.25,-0.1122,1337.3234,1335.4266,1336.375,0.0014,-0.1195,0.6016,1336.2694,-1,5129719,27788.15,0,1.0,-1,-2.4262,0.0,0
2026-05-29 12:16:00,1335.1,1335.1,1334.3,1334.8,87604,1335.7903,1336.4359,1338.0225,-1,-0.7327,-0.684,-0.0486,-1,32.3183,11.2126,44.4821,29.8485,1,20.0,12.9167,-0.1496,1337.4737,1335.1763,1336.325,0.0017,-0.1638,0.6229,1336.0856,-1,5042115,30220.7,1,0.375,-1,-2.4554,0.0,1
2026-05-29 12:17:00,1334.9,1335.4,1334.8,1335.4,19715,1335.7122,1336.3417,1337.9196,-1,-0.7238,-0.692,-0.0318,-1,33.5651,13.8883,41.4135,37.5663,0,44.0,21.3333,-0.0599,1337.4623,1335.0577,1336.26,0.0018,0.1424,0.6213,1336.0406,-1,5061830,29575.8,0,0.8333,1,-2.4116,0.045,1
2026-05-29 12:18:00,1335.3,1336.1,1335.3,1336.1,20772,1335.7898,1336.3197,1337.8483,-1,-0.6528,-0.6841,0.0313,1,33.2732,20.5228,37.681,45.1483,0,72.0,45.3333,-0.0374,1337.4542,1335.0458,1336.25,0.0018,0.4377,0.634,1336.0221,1,5082602,29593.8,0,1.0,1,-2.3604,0.0974,0
2026-05-29 12:19:00,1336.0,1336.2,1335.0,1335.6,29367,1335.7518,1336.2543,1337.7601,-1,-0.6296,-0.6732,0.0436,1,33.2987,17.9146,36.0694,41.2911,0,52.0,56.0,-0.0898,1337.3981,1334.9819,1336.19,0.0018,0.2558,0.6744,1335.9691,-1,5053235,29437.25,0,0.3333,-1,-2.397,0.0599,0
2026-05-29 12:20:00,1335.6,1335.6,1335.2,1335.4,14346,1335.6815,1336.1766,1337.6676,-1,-0.6202,-0.6626,0.0424,1,33.3224,17.133,34.4957,39.8254,0,44.0,56.0,-0.0973,1337.3695,1334.8905,1336.13,0.0019,0.2055,0.6548,1335.9278,-1,5038889,28689.75,0,0.5,-1,-2.4116,0.045,1
2026-05-29 12:21:00,1335.5,1335.7,1335.5,1335.6,15864,1335.6652,1336.1242,1337.5865,-1,-0.5898,-0.6481,0.0582,1,33.132,17.6844,33.3214,42.041,0,52.0,49.3333,-0.0898,1337.3659,1334.8441,1336.105,0.0019,0.2997,0.6295,1335.9085,-1,5054753,28286.65,0,0.5,1,-2.397,0.0599,0
2026-05-29 12:22:00,1335.6,1335.8,1335.5,1335.6,23388,1335.6521,1336.0766,1337.5086,-1,-0.5593,-0.6303,0.071,1,32.7369,18.2378,32.1431,42.041,0,52.0,49.3333,-0.0673,1337.3127,1334.7973,1336.055,0.0019,0.3191,0.606,1335.8867,-1,5078141,28833.25,0,0.0,1,-2.397,0.0599,0
2026-05-29 12:23:00,1335.6,1335.6,1335.2,1335.4,24687,1335.6017,1336.015,1337.4259,-1,-0.545,-0.6132,0.0683,1,32.7334,17.3565,34.2141,40.3193,0,44.0,49.3333,-0.015,1337.2575,1334.7325,1335.995,0.0019,0.2644,0.5913,1335.8465,-1,5053454,29259.9,0,0.5,-1,-2.4116,0.045,1
2026-05-29 12:24:00,1335.3,1336.0,1335.3,1335.5,37932,1335.5814,1335.9682,1337.3504,-1,-0.5195,-0.5945,0.075,1,31.8615,20.6775,31.3582,41.6069,0,48.0,48.0,0.0,1337.188,1334.692,1335.94,0.0019,0.3237,0.599,1335.7979,-1,5091386,29734.95,0,0.2857,1,-2.4043,0.0524,1
2026-05-29 12:25:00,1335.9,1336.2,1335.5,1336.2,27683,1335.7051,1335.9893,1337.3052,-1,-0.4379,-0.5632,0.1253,1,30.6469,21.3285,28.7719,49.7758,0,76.0,56.0,0.0749,1337.1204,1334.7096,1335.915,0.0018,0.6182,0.6062,1335.7768,1,5119069,30118.25,0,0.4286,1,-2.3531,0.1049,0
2026-05-29 12:26:00,1336.2,1336.2,1336.0,1336.1,15338,1335.7841,1335.9994,1337.258,-1,-0.3769,-0.5259,0.1491,1,29.519,20.8007,28.0598,48.7271,0,81.8182,68.6061,0.0974,1337.0195,1334.7405,1335.88,0.0017,0.5965,0.5772,1335.7319,1,5103731,29196.45,0,0.5,-1,-2.3604,0.0974,1
2026-05-29 12:27:00,1336.1,1336.5,1336.0,1336.4,23957,1335.9073,1336.0358,1337.2243,-1,-0.3008,-0.4809,0.1801,1,27.8512,23.2495,26.3069,51.9947,0,95.4545,84.4242,0.0749,1337.0439,1334.7361,1335.89,0.0017,0.721,0.5717,1335.7173,1,5127688,28216.7,0,0.6,1,-2.3385,0.1199,1
2026-05-29 12:28:00,1336.5,1336.6,1336.4,1336.5,19511,1336.0258,1336.078,1337.1959,-1,-0.2299,-0.4307,0.2008,1,26.1021,23.9505,25.6176,53.0684,0,95.6522,90.975,0.0299,1337.0274,1334.7426,1335.885,0.0017,0.7692,0.5452,1335.7239,1,5147199,28486.05,0,0.0,1,-2.3312,0.1274,1
2026-05-29 12:29:00,1336.4,1336.7,1336.1,1336.6,70072,1336.1406,1336.1254,1337.1726,1,-0.1637,-0.3773,0.2136,1,25.021,22.081,27.5207,54.1722,0,95.8333,95.6467,0.0749,1336.9883,1334.7617,1335.875,0.0017,0.8256,0.5491,1335.7736,1,5217271,30971.6,1,0.3333,1,-2.3239,0.1349,0
2026-05-29 12:30:00,1336.6,1336.6,1335.5,1335.7,126706,1336.0525,1336.0868,1337.1148,-1,-0.1817,-0.3382,0.1564,1,24.9386,19.1326,31.1293,44.1156,0,47.3684,79.618,0.0225,1336.8736,1334.7764,1335.825,0.0016,0.4404,0.5884,1335.7689,-1,5090565,35981.6,1,0.8182,-1,-2.3897,0.0674,1
2026-05-29 12:31:00,1335.8,1335.8,1335.7,1335.8,19231,1336.002,1336.0607,1337.0633,-1,-0.1858,-0.3077,0.1219,1,24.8622,18.8857,30.7276,45.33,0,47.0588,63.4202,0.015,1336.7234,1334.8266,1335.775,0.0014,0.5132,0.5535,1335.7486,1,5109796,36186.1,0,0.0,1,-2.3823,0.0749,0
2026-05-29 12:32:00,1335.8,1335.9,1335.0,1335.1,50543,1335.8216,1335.9734,1336.9863,-1,-0.2428,-0.2947,0.0519,1,25.6827,16.7862,35.958,38.9494,0,5.8824,33.4365,-0.0374,1336.6355,1334.7745,1335.705,0.0014,0.1749,0.5783,1335.6757,-1,5059253,36796.0,0,0.7778,-1,-2.4335,0.0225,1
2026-05-29 12:33:00,1335.1,1335.7,1335.0,1335.4,27943,1335.7373,1335.9212,1336.9241,-1,-0.2607,-0.2879,0.0272,1,26.4445,15.3563,32.895,42.6736,0,23.5294,25.4902,0.0,1336.6341,1334.7559,1335.695,0.0014,0.3429,0.587,1335.6516,-1,5087196,36219.8,0,0.4286,1,-2.4116,0.045,0
2026-05-29 12:34:00,1335.4,1335.4,1335.2,1335.3,25621,1335.6498,1335.8648,1336.8604,-1,-0.2797,-0.2863,0.0065,1,27.152,14.9641,32.0549,41.7592,0,17.6471,15.6863,-0.015,1336.6364,1334.7336,1335.685,0.0014,0.2977,0.5593,1335.6527,-1,5061575,35262.15,0,0.5,-1,-2.4189,0.0375,1
2026-05-29 12:35:00,1335.3,1335.4,1335.2,1335.4,21023,1335.5999,1335.8225,1336.8031,-1,-0.2835,-0.2857,0.0022,1,27.8089,14.5635,31.1968,43.0729,0,23.5294,21.5686,-0.0599,1336.6298,1334.7602,1335.695,0.0014,0.3422,0.5337,1335.6557,-1,5082598,35065.15,0,0.5,1,-2.4116,0.045,0
2026-05-29 12:36:00,1335.4,1335.4,1335.2,1335.3,23489,1335.5399,1335.775,1336.7442,-1,-0.2912,-0.2868,-0.0044,-1,28.4189,14.1555,30.3227,42.0514,0,17.6471,19.6078,-0.0599,1336.5816,1334.8584,1335.72,0.0013,0.2563,0.5098,1335.7694,-1,5059109,31859.4,0,0.5,-1,-2.4189,0.0375,1
2026-05-29 12:37:00,1335.3,1335.7,1335.3,1335.7,24169,1335.5719,1335.7682,1336.7032,-1,-0.262,-0.2818,0.0199,1,28.0857,17.6185,28.5968,47.4227,0,41.1765,27.451,-0.0524,1336.5842,1334.8858,1335.735,0.0013,0.4794,0.502,1335.7792,-1,5083278,32082.1,0,1.0,1,-2.3897,0.0674,0
2026-05-29 12:38:00,1335.7,1335.9,1335.5,1335.6,18658,1335.5775,1335.7529,1336.6599,-1,-0.2441,-0.2743,0.0302,1,27.2266,19.4887,26.9452,46.2681,0,35.2941,31.3725,-0.0673,1336.544,1334.876,1335.71,0.0012,0.4341,0.4947,1335.7742,-1,5064620,31976.4,0,0.25,-1,-2.397,0.0599,1
2026-05-29 12:39:00,1335.5,1336.0,1335.5,1335.8,25458,1335.622,1335.7572,1336.6262,-1,-0.2113,-0.2617,0.0504,1,26.1603,19.5256,25.0014,48.9455,0,47.0588,41.1765,-0.0599,1336.5533,1334.8867,1335.72,0.0012,0.548,0.4951,1335.7819,1,5090078,31780.95,0,0.6,1,-2.3823,0.0749,0
2026-05-29 12:40:00,1335.9,1335.9,1335.6,1335.6,23269,1335.6176,1335.7429,1336.586,-1,-0.1992,-0.2492,0.05,1,25.1701,18.656,23.888,46.4528,0,35.2941,39.2157,-0.0075,1336.5524,1334.9076,1335.73,0.0012,0.421,0.4811,1335.7875,-1,5066809,32227.1,0,1.0,-1,-2.397,0.0599,0
2026-05-29 12:41:00,1335.7,1335.8,1335.1,1335.5,59810,1335.5941,1335.7208,1336.5434,-1,-0.1954,-0.2384,0.043,1,25.2415,16.7783,28.6728,45.2129,0,29.4118,37.2549,-0.0225,1336.5517,1334.8983,1335.725,0.0012,0.3639,0.4968,1335.7639,-1,5006999,34424.4,1,0.2857,-1,-2.4043,0.0524,1
2026-05-29 12:42:00,1335.6,1335.7,1335.5,1335.7,13842,1335.6153,1335.7189,1336.5103,-1,-0.1743,-0.2256,0.0513,1,25.3078,16.2743,27.8115,48.1913,0,41.1765,35.2941,0.0449,1336.5549,1334.9051,1335.73,0.0012,0.4818,0.4756,1335.7658,-1,5020841,33947.1,0,0.5,1,-2.3897,0.0674,0
2026-05-29 12:43:00,1335.6,1335.6,1335.5,1335.6,27349,1335.6122,1335.7081,1336.4746,-1,-0.1637,-0.2132,0.0495,1,25.3694,15.7643,26.9401,46.8207,0,37.5,36.0294,0.015,1336.5534,1334.9266,1335.74,0.0012,0.4139,0.4559,1335.771,-1,4993492,34080.2,0,0.0,1,-2.397,0.0599,0
2026-05-29 12:44:00,1335.6,1335.6,1335.5,1335.5,13056,1335.5898,1335.6892,1336.4364,-1,-0.1615,-0.2029,0.0414,1,25.4266,15.5028,26.493,45.4293,0,50.0,42.8922,0.015,1336.5534,1334.9266,1335.74,0.0012,0.3525,0.4305,1335.7762,-1,4980436,32836.4,0,1.0,-1,-2.4043,0.0524,1
2026-05-29 12:45:00,1335.6,1335.6,1335.6,1335.6,20869,1335.5918,1335.6811,1336.4036,-1,-0.15,-0.1923,0.0423,1,25.4797,15.2306,26.0279,47.1216,0,60.0,49.1667,0.015,1336.4971,1334.9229,1335.71,0.0012,0.4301,0.4069,1335.7624,-1,5001305,32495.7,0,0.0,1,-2.397,0.0599,0
2026-05-29 12:46:00,1335.6,1335.7,1335.5,1335.6,20403,1335.5935,1335.6737,1336.3721,-1,-0.1393,-0.1817,0.0424,1,25.1341,16.4974,25.0796,47.1216,0,60.0,56.6667,0.0225,1336.4525,1334.9175,1335.685,0.0011,0.4446,0.3921,1335.7494,-1,5021708,32748.95,0,0.0,1,-2.397,0.0599,1
2026-05-29 12:47:00,1336.7,1336.7,1335.8,1336.0,51740,1335.6748,1335.7034,1336.3575,-1,-0.0974,-0.1648,0.0675,1,24.627,29.7054,20.628,53.772,0,56.25,58.75,0.0225,1336.3757,1334.9543,1335.665,0.0011,0.7357,0.4427,1335.7617,1,5073448,34138.1,1,0.7778,-1,-2.3677,0.0899,1
2026-05-29 12:48:00,1336.1,1336.5,1336.0,1336.2,33769,1335.7798,1335.7485,1336.3513,1,-0.0475,-0.1414,0.0939,1,24.1561,27.3307,18.979,56.7041,0,68.75,61.6667,0.0449,1336.2996,1335.0004,1335.65,0.001,0.9233,0.4468,1335.7639,1,5107217,34851.0,0,0.2,1,-2.3531,0.1049,1
2026-05-29 12:49:00,1336.1,1336.4,1336.1,1336.3,18340,1335.8839,1335.7987,1336.3493,1,0.0001,-0.1131,0.1132,1,23.7189,25.9883,18.0468,58.1339,0,75.0,66.6667,0.0374,1336.2052,1335.0648,1335.635,0.0009,1.0832,0.4363,1335.7019,1,5125557,32264.4,0,0.6667,1,-2.3458,0.1124,1
2026-05-29 12:50:00,1336.3,1336.7,1336.2,1336.5,25998,1336.0071,1335.8624,1336.3552,1,0.0534,-0.0798,0.1332,1,23.9407,28.7438,16.5847,60.9141,0,87.5,77.0833,0.0674,1336.3587,1334.9913,1335.675,0.001,1.1033,0.4408,1335.6846,1,5151555,27229.0,0,0.4,1,-2.3312,0.1274,1
2026-05-29 12:51:00,1336.4,1336.7,1336.4,1336.7,12640,1336.1457,1335.9386,1336.3687,1,0.1105,-0.0417,0.1522,1,24.1467,27.3139,15.7597,63.5228,0,100.0,87.5,0.0899,1336.5363,1334.9037,1335.72,0.0012,1.1002,0.4308,1335.7031,1,5164195,26899.45,0,1.0,1,-2.3166,0.1423,0
2026-05-29 12:52:00,1336.6,1336.7,1336.4,1336.5,19043,1336.2165,1335.9896,1336.3739,1,0.138,-0.0058,0.1438,1,24.3379,25.9251,14.9583,59.2632,0,87.5,91.6667,0.0599,1336.6216,1334.9584,1335.79,0.0012,0.9269,0.4214,1335.7712,1,5145152,25324.45,0,0.3333,-1,-2.3312,0.1274,1
2026-05-29 12:53:00,1336.6,1336.7,1336.4,1336.6,23777,1336.2932,1336.0451,1336.3827,1,0.1659,0.0286,0.1374,1,24.5155,24.5791,14.1817,60.6828,0,93.75,93.75,0.0749,1336.732,1334.968,1335.85,0.0013,0.9251,0.4128,1335.8314,1,5168929,25116.15,0,0.0,1,-2.3239,0.1349,0
2026-05-29 12:54:00,1336.5,1336.6,1335.8,1336.2,41811,1336.2746,1336.0592,1336.3756,1,0.154,0.0536,0.1004,1,22.8766,21.39,22.0728,52.7623,0,68.75,83.3333,0.0524,1336.7517,1335.0383,1335.895,0.0013,0.678,0.4404,1335.8874,1,5127118,25925.65,1,0.375,-1,-2.3531,0.1049,1
2026-05-29 12:55:00,1336.0,1336.4,1336.0,1336.3,18148,1336.2797,1336.0811,1336.3726,1,0.1509,0.0731,0.0778,1,21.3548,19.9932,20.6314,54.3659,0,66.6667,76.3889,0.0524,1336.7824,1335.0976,1335.94,0.0013,0.7137,0.4375,1335.9221,1,5145266,25781.9,0,0.75,1,-2.3458,0.1124,0
2026-05-29 12:56:00,1336.3,1336.3,1335.9,1336.2,19686,1336.2637,1336.0919,1336.3658,1,0.1388,0.0862,0.0525,1,20.2333,18.6796,20.9185,52.4484,0,58.3333,64.5833,0.0449,1336.7807,1335.1893,1335.985,0.0012,0.6351,0.4348,1335.9588,1,5125580,25591.75,0,0.25,-1,-2.3531,0.1049,0
2026-05-29 12:57:00,1336.2,1336.2,1336.1,1336.2,18460,1336.251,1336.1017,1336.3593,1,0.1277,0.0945,0.0332,1,19.192,18.3549,20.5548,52.4484,0,58.3333,61.1111,0.015,1336.7997,1335.2203,1336.01,0.0012,0.6203,0.4109,1335.9851,1,5144040,25306.3,0,0.0,1,-2.3531,0.1049,0
2026-05-29 12:58:00,1336.1,1336.1,1334.8,1335.7,52285,1336.1408,1336.0652,1336.3335,1,0.0777,0.0912,-0.0135,-1,20.818,14.5435,35.5685,43.5428,0,47.3684,54.6784,-0.0374,1336.7954,1335.2346,1336.015,0.0012,0.2982,0.4816,1335.9524,-1,5091755,26987.65,1,0.3077,-1,-2.3897,0.0674,1
2026-05-29 12:59:00,1335.2,1335.8,1335.2,1335.8,16537,1336.0726,1336.0411,1336.3126,1,0.0456,0.082,-0.0365,-1,22.3278,13.2715,32.4578,45.5347,0,52.6316,52.7778,-0.0374,1336.7954,1335.2346,1336.015,0.0012,0.3623,0.49,1335.9503,-1,5108292,26541.6,0,1.0,1,-2.3823,0.0749,0
2026-05-29 13:00:00,1335.8,1335.8,1335.5,1335.6,18530,1335.9781,1336.001,1336.2846,-1,0.004,0.0664,-0.0625,-1,23.7299,12.6746,30.998,42.3189,0,42.1053,47.3684,-0.0673,1336.7954,1335.2346,1336.015,0.0012,0.2341,0.4765,1335.9502,-1,5089762,26304.65,0,0.6667,-1,-2.397,0.0599,0
2026-05-29 13:01:00,1335.6,1335.8,1335.2,1335.3,25393,1335.8425,1335.9373,1336.246,-1,-0.0526,0.0426,-0.0952,-1,25.4456,11.5553,32.6762,37.9854,0,26.3158,40.3509,-0.1047,1336.8161,1335.1939,1336.005,0.0012,0.0654,0.4853,1335.9823,-1,5064369,24583.8,0,0.5,-1,-2.4189,0.0375,0
2026-05-29 13:02:00,1335.1,1335.5,1335.0,1335.3,16208,1335.734,1335.8793,1336.2089,-1,-0.0964,0.0148,-0.1112,-1,27.2885,10.7067,33.214,37.9854,0,26.3158,31.5789,-0.0898,1336.8435,1335.1265,1335.985,0.0013,0.1011,0.4863,1335.9686,-1,5080577,24702.1,0,0.4,1,-2.4189,0.0375,1
2026-05-29 13:03:00,1335.2,1335.5,1335.2,1335.4,18325,1335.6672,1335.8357,1336.1772,-1,-0.1216,-0.0125,-0.1091,-1,28.9997,10.2217,31.7094,40.3469,0,31.5789,28.0702,-0.0898,1336.8556,1335.0944,1335.975,0.0013,0.1735,0.473,1335.9686,-1,5098902,24250.9,0,0.6667,1,-2.4116,0.045,0
2026-05-29 13:04:00,1335.3,1335.4,1334.7,1334.9,45116,1335.5138,1335.7507,1336.1271,-1,-0.1798,-0.0459,-0.1339,-1,31.1542,9.1771,35.7687,33.4816,1,10.0,22.6316,-0.0973,1336.9237,1334.9663,1335.945,0.0015,-0.0339,0.4892,1335.895,-1,5053786,25853.9,1,0.5714,-1,-2.4481,0.0075,0
2026-05-29 13:05:00,1335.0,1335.1,1334.6,1334.7,28737,1335.351,1335.6552,1336.0711,-1,-0.2393,-0.0846,-0.1547,-1,33.2535,8.5082,34.6194,31.1951,1,4.7619,15.447,-0.1197,1337.0118,1334.7882,1335.9,0.0017,-0.0397,0.49,1335.8468,-1,5025049,26247.3,0,0.6,-1,-2.4627,0.0,0
2026-05-29 13:06:00,1334.6,1334.7,1334.5,1334.5,22000,1335.1808,1335.5501,1336.0095,-1,-0.2992,-0.1275,-0.1717,-1,35.3018,8.2492,35.0876,29.058,1,0.0,4.9206,-0.1272,1337.1091,1334.5809,1335.845,0.0019,-0.032,0.4693,1335.8029,-1,5003049,26327.15,0,0.5,-1,-2.4773,0.0,0
2026-05-29 13:07:00,1334.6,1334.8,1334.1,1334.1,24378,1334.9646,1335.4183,1335.9346,-1,-0.3746,-0.1769,-0.1977,-1,37.5612,7.4001,37.3577,25.3217,1,0.0,1.5873,-0.1572,1337.2217,1334.2783,1335.75,0.0022,-0.0606,0.4858,1335.6934,-1,4978671,24959.05,0,0.7143,-1,-2.5066,0.0,1
2026-05-29 13:08:00,1334.2,1334.4,1334.1,1334.4,20588,1334.8517,1335.3257,1335.8745,-1,-0.4055,-0.2226,-0.1828,-1,39.6591,7.0645,35.6635,32.3476,1,13.0435,4.3478,-0.0973,1337.2277,1334.0923,1335.66,0.0023,0.0981,0.4725,1335.5969,-1,4999259,24300.0,0,0.6667,1,-2.4847,0.0225,0
2026-05-29 13:09:00,1334.3,1334.4,1334.1,1334.1,23927,1334.7014,1335.2143,1335.8049,-1,-0.449,-0.2679,-0.1811,-1,41.6072,6.7355,34.0028,29.3717,1,0.0,4.3478,-0.1273,1337.2275,1333.8725,1335.55,0.0025,0.0678,0.4602,1335.5039,-1,4975332,24579.35,0,0.6667,-1,-2.5066,0.0,0
2026-05-29 13:10:00,1334.0,1334.3,1333.6,1333.8,37241,1334.5211,1335.0857,1335.7263,-1,-0.5019,-0.3147,-0.1872,-1,43.8183,6.03,37.9233,26.724,1,7.6923,6.9119,-0.1348,1337.1963,1333.6337,1335.415,0.0027,0.0467,0.4773,1335.3353,-1,4938091,25141.5,0,0.2857,-1,-2.5285,0.0,0
2026-05-29 13:11:00,1333.8,1334.5,1332.2,1332.5,1503756,1334.1169,1334.8507,1335.5997,-1,-0.6413,-0.38,-0.2613,-1,46.5362,4.3993,44.1286,18.8108,1,7.6923,5.1282,-0.2097,1337.2945,1333.1155,1335.205,0.0031,-0.1473,0.6075,1333.6164,-1,3434335,99697.3,1,0.5652,-1,-2.6235,0.0,1
2026-05-29 13:12:00,1332.5,1333.2,1332.5,1332.6,74927,1333.8135,1334.6461,1335.4821,-1,-0.7353,-0.4511,-0.2842,-1,49.06,4.0411,40.5357,20.7546,1,11.1111,8.8319,-0.2022,1337.2981,1332.7219,1335.01,0.0034,-0.0266,0.6141,1333.5582,-1,3509262,102491.5,0,0.1429,1,-2.6162,0.0075,0
2026-05-29 13:13:00,1332.5,1332.6,1331.6,1331.6,77745,1333.3708,1334.3691,1335.3299,-1,-0.8803,-0.5369,-0.3434,-1,51.6649,3.5913,46.0419,16.5002,1,0.0,6.2678,-0.2846,1337.3688,1332.1512,1334.76,0.0039,-0.1057,0.6417,1333.4642,-1,3431517,105189.9,0,0.9,-1,-2.6893,0.0,1
2026-05-29 13:14:00,1331.7,1331.8,1331.0,1331.7,111580,1333.0366,1334.1265,1335.1875,-1,-0.9759,-0.6247,-0.3512,-1,54.2146,3.277,48.576,18.3037,1,14.5833,8.5648,-0.2397,1337.3742,1331.6958,1334.535,0.0043,0.0007,0.653,1333.3107,-1,3543097,108678.35,0,0.0,1,-2.682,0.0075,0
2026-05-29 13:15:00,1331.7,1332.3,1331.5,1331.5,27019,1332.7293,1333.8877,1335.0429,-1,-1.0556,-0.7109,-0.3447,-1,55.217,8.3776,44.3924,17.4901,1,11.1111,8.5648,-0.2398,1337.3033,1331.2867,1334.295,0.0045,0.0355,0.6635,1333.2673,-1,3516078,109121.9,0,0.25,-1,-2.6966,0.0,1
2026-05-29 13:16:00,1331.6,1332.9,1331.4,1332.6,28737,1332.7035,1333.7707,1334.9471,-1,-1.0183,-0.7724,-0.2459,-1,54.7481,13.0623,37.8159,34.6867,1,35.5556,20.4167,-0.1424,1337.0763,1331.1537,1334.115,0.0044,0.2442,0.7232,1333.2289,-1,3544815,109574.45,0,0.6667,1,-2.6162,0.0826,1
2026-05-29 13:17:00,1332.9,1332.9,1331.6,1332.7,23470,1332.7028,1333.6733,1334.859,-1,-0.9695,-0.8118,-0.1577,-1,54.3127,11.4756,33.2223,35.9928,0,38.6364,28.4343,-0.1049,1336.7997,1331.0803,1333.94,0.0043,0.2832,0.7644,1333.1953,-1,3568285,109824.95,0,0.1538,-1,-2.6089,0.0901,1
2026-05-29 13:18:00,1332.6,1333.5,1332.6,1333.5,20209,1332.8622,1333.6576,1334.8057,-1,-0.8564,-0.8207,-0.0357,-1,52.6449,16.0589,30.4634,45.3993,0,60.9756,45.0558,-0.0674,1336.5774,1331.0826,1333.83,0.0041,0.4399,0.7741,1333.1389,1,3588494,108221.15,0,1.0,1,-2.5504,0.1502,0
2026-05-29 13:19:00,1333.2,1333.5,1333.0,1333.4,14596,1332.9698,1333.6342,1334.7506,-1,-0.766,-0.8098,0.0438,1,51.0962,15.2988,29.0215,44.5186,0,63.1579,54.2566,-0.0525,1336.3084,1331.1116,1333.71,0.0039,0.4403,0.7545,1333.1211,1,3573898,108124.1,0,0.4,1,-2.5577,0.1427,1
2026-05-29 13:20:00,1333.4,1333.8,1333.3,1333.5,15183,1333.0758,1333.622,1334.7015,-1,-0.6784,-0.7835,0.1051,1,49.0542,17.4668,27.6139,45.654,0,65.7895,63.3077,-0.0225,1336.0549,1331.1551,1333.605,0.0037,0.4786,0.7364,1333.1025,1,3589081,107956.75,0,0.2,1,-2.5504,0.1502,0
2026-05-29 13:21:00,1333.8,1334.0,1332.1,1332.5,92608,1332.9607,1333.52,1334.6152,-1,-0.6819,-0.7632,0.0813,1,48.3624,14.5741,33.5004,37.4096,0,42.8571,57.2682,0.0,1335.83,1331.1,1333.465,0.0035,0.296,0.8195,1333.0661,-1,3496473,111317.5,0,0.6842,-1,-2.6235,0.0751,0
2026-05-29 13:22:00,1332.5,1332.5,1331.1,1331.3,47669,1332.6285,1333.3181,1334.4852,-1,-0.7726,-0.765,-0.0075,-1,48.4274,12.8813,37.9059,30.3311,1,8.5714,39.0727,-0.0976,1335.6519,1330.8781,1333.265,0.0036,0.0884,0.8609,1333.02,-1,3448804,112890.55,0,0.8571,-1,-2.7112,0.0,0
2026-05-29 13:23:00,1331.1,1331.4,1330.1,1330.1,42111,1332.1228,1333.0256,1334.3132,-1,-0.9305,-0.7981,-0.1324,-1,49.0299,11.5408,41.9662,25.1968,1,0.0,17.1429,-0.1126,1335.5511,1330.4489,1333.0,0.0038,-0.0684,0.8923,1332.9553,-1,3406693,114079.85,0,0.7692,-1,-2.7989,0.0,1
2026-05-29 13:24:00,1330.3,1331.0,1330.1,1330.5,109783,1331.7983,1332.796,1334.1637,-1,-1.0118,-0.8409,-0.1709,-1,49.5894,10.7099,38.9446,29.4819,1,9.0909,5.8874,-0.0901,1335.3958,1330.1642,1332.78,0.0039,0.0642,0.8929,1332.8027,-1,3516476,117313.2,0,0.2222,1,-2.7697,0.0301,0
2026-05-29 13:25:00,1330.7,1330.7,1330.0,1330.1,28748,1331.4586,1332.5509,1334.0043,-1,-1.0958,-0.8918,-0.2039,-1,50.1615,10.1007,37.542,27.7688,1,2.5,3.8636,-0.1051,1335.2574,1329.8426,1332.55,0.0041,0.0475,0.8791,1332.7471,-1,3487728,117313.75,0,0.8571,-1,-2.7989,0.0,1
2026-05-29 13:26:00,1330.0,1330.3,1330.0,1330.2,22034,1331.2069,1332.3372,1333.8551,-1,-1.1412,-0.9417,-0.1994,-1,50.6926,9.8423,36.5817,28.8814,1,5.0,5.5303,-0.1801,1335.0716,1329.5984,1332.335,0.0041,0.1099,0.8377,1332.7058,-1,3509762,117315.45,0,0.6667,1,-2.7916,0.0075,0
2026-05-29 13:27:00,1330.3,1330.3,1330.0,1330.1,37534,1330.9855,1332.1338,1333.7079,-1,-1.1717,-0.9877,-0.184,-1,51.1859,9.5785,35.601,28.4101,1,2.5,3.3333,-0.1951,1334.9108,1329.3592,1332.135,0.0042,0.1334,0.7993,1332.6481,-1,3472228,117973.25,0,0.6667,-1,-2.621,0.0,0
2026-05-29 13:28:00,1330.2,1330.2,1329.0,1329.2,99265,1330.6284,1331.8671,1333.5311,-1,-1.254,-1.041,-0.2131,-1,52.1758,8.5868,40.5427,24.5306,1,4.0,3.8333,-0.3225,1334.7266,1329.0234,1331.875,0.0043,0.031,0.8279,1332.5046,-1,3372963,121907.1,0,0.8333,-1,-2.6869,0.0,1
2026-05-29 13:29:00,1329.1,1329.4,1329.0,1329.4,25657,1330.3827,1331.6428,1333.3691,-1,-1.2883,-1.0904,-0.1979,-1,53.0949,8.2791,39.0899,26.9188,1,8.0,4.8333,-0.3,1334.494,1328.786,1331.64,0.0043,0.1076,0.7974,1332.4539,-1,3398620,121993.6,0,0.75,1,-2.4222,0.015,0
2026-05-29 13:30:00,1329.3,1329.4,1329.1,1329.3,33744,1330.1662,1331.4298,1333.2095,-1,-1.3085,-1.134,-0.1744,-1,53.9485,8.0463,37.9904,26.4678,1,6.0,6.0,-0.315,1334.2619,1328.5681,1331.415,0.0043,0.1285,0.7618,1332.3877,-1,3364876,121818.75,0,0.0,1,-2.2286,0.0075,1
2026-05-29 13:31:00,1329.3,1329.9,1329.2,1329.8,29566,1330.0929,1331.2817,1333.0758,-1,-1.2695,-1.1611,-0.1083,-1,53.576,12.2304,35.4825,32.5527,1,16.0,10.0,-0.2026,1334.1642,1328.3958,1331.28,0.0043,0.2434,0.7574,1331.2419,-1,3394442,48109.25,0,0.7143,1,-1.9828,0.0451,1
2026-05-29 13:32:00,1329.9,1330.1,1329.8,1330.1,21597,1330.0944,1331.1742,1332.9591,-1,-1.2005,-1.169,-0.0315,-1,52.7963,13.8399,34.4334,35.9761,0,22.0,14.6667,-0.0901,1334.0161,1328.2939,1331.155,0.0043,0.3156,0.7247,1331.0867,-1,3416039,45442.75,0,0.6667,1,-1.9028,0.0677,1
2026-05-29 13:33:00,1330.1,1330.2,1330.0,1330.2,27306,1330.1155,1331.0857,1332.8509,-1,-1.1248,-1.1602,0.0354,1,51.853,14.5915,33.7177,37.1217,0,24.0,20.6667,0.0075,1333.9676,1328.2024,1331.085,0.0043,0.3465,0.6873,1330.9797,-1,3443345,42920.8,0,0.5,1,-1.8882,0.0752,0
2026-05-29 13:34:00,1330.0,1330.2,1329.7,1330.1,39034,1330.1124,1330.9961,1332.743,-1,-1.0607,-1.1403,0.0796,1,51.2576,13.8182,35.1106,36.4199,0,22.0,22.6667,-0.0301,1333.9036,1328.1064,1331.005,0.0044,0.3439,0.6739,1330.8572,-1,3404311,39293.5,0,0.2,1,-1.8521,0.0677,1
2026-05-29 13:35:00,1330.1,1330.5,1330.0,1330.4,32697,1330.1699,1330.9419,1332.6511,-1,-0.9744,-1.1071,0.1327,1,50.0342,16.3117,33.2149,40.0799,0,40.0,28.6667,0.0226,1333.8507,1328.0493,1330.95,0.0044,0.4052,0.6615,1330.8031,-1,3437008,39577.4,0,0.6,1,-1.6558,0.0903,0
2026-05-29 13:36:00,1330.5,1330.5,1330.0,1330.2,26131,1330.1759,1330.8744,1332.555,-1,-0.9116,-1.068,0.1563,1,48.8981,15.4154,31.3897,38.4892,0,50.0,37.3333,0.0,1333.645,1328.015,1330.83,0.0042,0.3881,0.6499,1330.7297,-1,3410877,39447.1,0,0.6,-1,-1.6706,0.0752,1
2026-05-29 13:37:00,1330.1,1330.3,1330.0,1330.3,12706,1330.2007,1330.8222,1332.4666,-1,-0.8441,-1.0232,0.1791,1,47.8432,14.8868,30.3134,39.7762,0,65.0,51.6667,0.015,1333.3977,1328.0223,1330.71,0.004,0.4237,0.6249,1330.6707,-1,3423583,38908.9,0,0.6667,1,-1.6632,0.0828,1
2026-05-29 13:38:00,1330.3,1330.5,1330.2,1330.5,14643,1330.2606,1330.7929,1332.3895,-1,-0.7657,-0.9717,0.2061,1,46.3688,16.7307,29.2338,42.3733,0,88.2353,67.7451,0.0978,1332.9234,1328.1966,1330.56,0.0036,0.4873,0.6017,1330.5994,-1,3438226,38630.6,0,0.6667,1,-1.6484,0.0978,0
2026-05-29 13:39:00,1330.4,1330.8,1329.2,1329.7,66748,1330.1485,1330.6936,1332.284,-1,-0.7593,-0.9292,0.17,1,46.1312,13.8897,34.8827,35.7351,0,38.8889,64.0414,0.0226,1332.3709,1328.3791,1330.375,0.003,0.3309,0.673,1330.495,-1,3371478,41238.2,1,0.4375,-1,-1.7076,0.0376,1
2026-05-29 13:40:00,1329.7,1330.3,1329.6,1330.3,19939,1330.1788,1330.6578,1332.2062,-1,-0.6977,-0.8829,0.1852,1,45.9106,12.8608,32.2986,42.9534,0,72.2222,66.4488,0.0752,1331.6039,1328.8261,1330.215,0.0021,0.5306,0.675,1330.4291,-1,3391417,41476.0,0,0.8571,1,-1.6632,0.0828,0
2026-05-29 13:41:00,1330.3,1330.3,1330.1,1330.3,23374,1330.203,1330.6253,1332.1314,-1,-0.6416,-0.8347,0.1931,1,45.7058,12.5742,31.5788,42.9534,0,72.2222,61.1111,0.0376,1331.0204,1329.1896,1330.105,0.0014,0.6065,0.641,1330.1262,1,3414791,38014.3,0,0.0,1,-1.6632,0.0828,1
2026-05-29 13:42:00,1330.4,1330.6,1330.3,1330.6,13852,1330.2824,1330.623,1332.0714,-1,-0.5663,-0.781,0.2146,1,44.7453,15.6121,30.4815,46.4418,0,88.8889,77.7778,0.0376,1330.8423,1329.2977,1330.07,0.0012,0.8431,0.6167,1330.0344,1,3428643,36323.45,0,0.6667,1,-1.641,0.1053,1
2026-05-29 13:43:00,1330.6,1332.0,1330.6,1332.0,56182,1330.6259,1330.7481,1332.0686,-1,-0.3893,-0.7026,0.3134,1,41.8407,28.1582,25.9498,59.0319,0,100.0,87.037,0.1353,1331.3074,1329.0226,1330.165,0.0017,1.3031,0.6726,1330.1197,1,3484825,37027.0,1,1.0,1,-1.5376,0.2107,1
2026-05-29 13:44:00,1331.8,1332.5,1331.8,1332.4,61026,1330.9807,1330.8983,1332.0816,1,-0.2142,-0.605,0.3908,1,39.7985,31.3654,24.0264,61.7953,0,96.9697,95.2862,0.1729,1331.7585,1328.7615,1330.26,0.0023,1.214,0.6746,1330.2406,1,3545851,34589.15,1,0.8571,1,-1.508,0.2407,0
2026-05-29 13:45:00,1332.3,1332.6,1331.5,1332.2,45130,1331.2246,1331.0167,1332.0862,1,-0.0905,-0.5021,0.4115,1,37.4316,27.8696,24.3882,59.6295,0,88.2353,95.0683,0.1353,1332.0823,1328.6477,1330.365,0.0026,1.0343,0.705,1330.358,1,3500721,35408.25,0,0.0909,-1,-1.5228,0.2257,1
2026-05-29 13:46:00,1332.2,1332.3,1331.6,1332.3,34824,1331.4397,1331.1333,1332.0946,1,0.0154,-0.3986,0.414,1,35.2337,25.8919,22.6576,60.3773,0,91.1765,92.1272,0.1579,1332.3801,1328.5599,1330.47,0.0029,0.979,0.7046,1330.4464,1,3535545,36047.75,0,0.1429,1,-1.5154,0.2332,0
2026-05-29 13:47:00,1332.3,1332.4,1332.2,1332.3,15263,1331.6117,1331.2394,1332.1027,1,0.0982,-0.2992,0.3974,1,33.3395,26.4071,22.1735,60.3773,0,91.1765,90.1961,0.1503,1332.6397,1328.5203,1330.58,0.0031,0.9175,0.6686,1330.5037,1,3550808,34934.2,0,0.0,1,-1.5154,0.2332,0
2026-05-29 13:48:00,1332.2,1332.2,1331.4,1331.4,53840,1331.5694,1331.254,1332.0751,1,0.0901,-0.2214,0.3115,1,31.5726,23.9292,28.4336,50.5956,0,64.7059,82.3529,0.0676,1332.6769,1328.7031,1330.69,0.003,0.6787,0.6851,1330.7571,1,3496968,32662.95,1,1.0,-1,-1.5819,0.1655,0
2026-05-29 13:49:00,1331.4,1332.0,1330.8,1330.8,100477,1331.4155,1331.2127,1332.0251,1,0.0349,-0.1701,0.205,1,30.676,21.0879,30.9944,45.3238,0,47.0588,67.6471,0.0827,1332.6567,1328.8633,1330.76,0.0029,0.5105,0.7219,1330.8708,-1,3396491,36403.95,1,0.5,-1,-1.6263,0.1204,1
2026-05-29 13:50:00,1330.8,1330.9,1330.5,1330.9,51499,1331.3124,1331.1843,1331.981,1,-0.0007,-0.1362,0.1355,1,30.178,20.2258,32.7934,46.3275,0,50.0,53.9216,0.0451,1332.6147,1329.0653,1330.84,0.0027,0.5169,0.6989,1330.9361,-1,3447990,37291.7,0,0.25,1,-1.6189,0.1279,0
2026-05-29 13:51:00,1331.0,1331.1,1329.5,1329.8,53504,1331.0099,1331.0584,1331.8955,-1,-0.1164,-0.1323,0.0158,1,30.6524,17.1973,37.2415,38.0521,0,17.6471,38.2353,-0.0376,1332.6147,1329.0653,1330.84,0.0027,0.207,0.7633,1330.9304,-1,3394486,38488.6,0,0.75,-1,-1.7002,0.0451,0
2026-05-29 13:52:00,1329.8,1329.8,1326.3,1327.0,245763,1330.2079,1330.6895,1331.7035,-1,-0.4291,-0.1916,-0.2375,-1,32.7719,12.7129,51.3713,25.544,1,11.1111,26.2527,-0.2706,1333.1126,1328.2574,1330.685,0.0036,-0.259,0.9587,1330.1519,-1,3148723,49696.9,1,0.8,-1,-1.9072,0.0,1
2026-05-29 13:53:00,1327.0,1328.0,1326.8,1327.6,61222,1329.6864,1330.4086,1331.5426,-1,-0.6213,-0.2776,-0.3437,-1,34.7399,11.5964,46.8597,30.7938,1,20.6349,16.4644,-0.3303,1333.3266,1327.7834,1330.555,0.0042,-0.0331,0.976,1329.9924,-1,3209945,51392.7,0,0.5,1,-1.8628,0.0452,1
2026-05-29 13:54:00,1327.6,1328.9,1327.1,1328.9,55740,1329.5291,1330.2715,1331.4389,-1,-0.6611,-0.3543,-0.3068,-1,35.3281,16.3678,41.0376,40.5709,0,41.2698,24.3386,-0.2627,1333.354,1327.636,1330.495,0.0043,0.2211,1.0348,1329.9018,-1,3265685,52228.0,0,0.7222,1,-1.7667,0.1432,0
2026-05-29 13:55:00,1329.2,1329.2,1328.5,1328.5,31028,1329.3233,1330.1104,1331.3237,-1,-0.7167,-0.4268,-0.2899,-1,35.4924,17.678,39.0079,38.7566,0,34.9206,32.2751,-0.2777,1333.3886,1327.4114,1330.4,0.0045,0.1821,1.0109,1329.8546,-1,3234657,52144.55,0,1.0,-1,-1.7963,0.113,1
2026-05-29 13:56:00,1328.8,1329.4,1328.5,1329.4,25363,1329.3386,1330.0459,1331.2482,-1,-0.6803,-0.4775,-0.2028,-1,35.3879,17.9693,36.5077,44.7441,0,49.2063,41.7989,-0.2177,1333.3795,1327.3405,1330.36,0.0045,0.341,1.003,1329.8267,-1,3260020,52106.15,0,0.6667,1,-1.7297,0.1809,1
2026-05-29 13:57:00,1329.4,1329.9,1329.3,1329.9,37708,1329.4509,1330.0326,1331.1954,-1,-0.6041,-0.5028,-0.1013,-1,34.6613,20.8447,34.9017,47.7975,0,57.1429,47.0899,-0.1801,1333.3662,1327.3138,1330.34,0.0045,0.4273,0.9742,1329.8178,1,3297728,53356.25,0,0.8333,1,-1.6928,0.2185,0
2026-05-29 13:58:00,1329.9,1330.0,1329.6,1329.7,16353,1329.5007,1330.0024,1331.1367,-1,-0.5535,-0.5129,-0.0405,-1,33.8618,20.972,33.8331,46.6862,0,53.9683,53.4392,-0.1277,1333.3378,1327.2622,1330.3,0.0046,0.4012,0.9332,1329.809,-1,3281375,53441.75,0,0.5,-1,-1.7076,0.2035,1
2026-05-29 13:59:00,1329.6,1330.2,1329.4,1330.2,19814,1329.6406,1330.0203,1331.1,-1,-0.4676,-0.5039,0.0362,1,32.8617,21.2212,31.74,49.8269,0,63.9344,58.3485,-0.0451,1333.3508,1327.2992,1330.325,0.0045,0.4793,0.9237,1329.8055,1,3301189,51095.05,0,0.75,1,-1.6706,0.2411,0
2026-05-29 14:00:00,1330.1,1330.4,1329.9,1330.0,21873,1329.7125,1330.0185,1331.0569,-1,-0.411,-0.4853,0.0743,1,31.6721,21.9718,30.4712,48.5938,0,60.6557,59.5195,-0.0676,1333.3391,1327.2809,1330.31,0.0046,0.4488,0.8934,1329.8067,1,3279316,51191.75,0,0.2,-1,-1.6854,0.2261,0
2026-05-29 14:01:00,1330.0,1330.0,1328.8,1328.9,38243,1329.55,1329.9168,1330.9723,-1,-0.4497,-0.4782,0.0285,1,31.483,19.9143,36.2018,42.3811,0,44.0678,56.2193,-0.0677,1333.3309,1327.1491,1330.24,0.0046,0.2832,0.9153,1329.776,-1,3241073,51935.2,0,0.9167,-1,-1.7667,0.1432,0
2026-05-29 14:02:00,1328.9,1328.9,1328.3,1328.7,29869,1329.38,1329.8062,1330.8832,-1,-0.4908,-0.4807,-0.0101,-1,31.6606,18.9583,38.4643,41.3461,0,42.1053,48.9429,0.1281,1333.3019,1326.9881,1330.145,0.0047,0.2711,0.8928,1329.7341,-1,3211204,52736.05,0,0.3333,-1,-1.7815,0.1281,0
2026-05-29 14:03:00,1328.6,1328.8,1328.5,1328.5,22562,1329.204,1329.6874,1330.7897,-1,-0.5334,-0.4913,-0.0422,-1,31.8255,18.4806,37.4951,40.2866,0,45.8333,44.0021,0.0678,1333.0839,1326.8561,1329.97,0.0047,0.264,0.8504,1329.6101,-1,3188642,51055.05,0,0.3333,-1,-1.7963,0.113,0
2026-05-29 14:04:00,1328.5,1328.6,1328.4,1328.5,27776,1329.0632,1329.5795,1330.6999,-1,-0.5607,-0.5051,-0.0556,-1,32.0536,18.1523,37.7173,40.2866,0,45.8333,44.5906,-0.0301,1332.7407,1326.8093,1329.775,0.0045,0.285,0.804,1329.4168,-1,3216418,49392.55,0,0.0,1,-1.7963,0.113,0
2026-05-29 14:05:00,1328.5,1328.5,1327.7,1327.8,36163,1328.8105,1329.4177,1330.5862,-1,-0.6316,-0.5304,-0.1011,-1,32.7623,16.8617,41.2569,36.4907,0,36.5854,42.7507,-0.0527,1332.4196,1326.6904,1329.555,0.0043,0.1937,0.8037,1329.2407,-1,3180255,48944.2,0,0.875,-1,-1.848,0.0603,1
2026-05-29 14:06:00,1327.9,1328.1,1327.8,1328.1,14759,1328.6684,1329.2979,1330.4887,-1,-0.6559,-0.5555,-0.1004,-1,33.4203,16.391,40.1053,39.1374,0,36.1111,39.5099,-0.0978,1331.9805,1326.7095,1329.345,0.004,0.2638,0.7677,1329.119,-1,3195014,47940.95,0,0.6667,1,-1.8258,0.0829,0
2026-05-29 14:07:00,1328.1,1328.1,1327.9,1328.1,16785,1328.5547,1329.189,1330.395,-1,-0.6675,-0.5779,-0.0896,-1,34.0313,16.069,39.3174,39.1374,0,30.303,34.3332,-0.1353,1331.4444,1326.8256,1329.135,0.0035,0.2759,0.7272,1329.0495,-1,3211799,48017.05,0,0.0,1,-1.8258,0.0829,0
2026-05-29 14:08:00,1328.1,1328.1,1328.1,1328.1,13722,1328.4638,1329.09,1330.305,-1,-0.669,-0.5962,-0.0729,-1,34.5987,16.069,39.3174,39.1374,0,14.8148,27.0763,-0.1203,1331.0706,1326.8694,1328.97,0.0032,0.2929,0.6752,1328.8822,-1,3225521,46011.15,0,0.0,1,-1.8258,0.0829,1
2026-05-29 14:09:00,1328.1,1328.4,1328.1,1328.3,13307,1328.431,1329.0182,1330.2264,-1,-0.6466,-0.6063,-0.0404,-1,34.5362,18.8427,38.0181,41.1785,0,22.2222,22.4467,-0.1428,1330.7866,1326.9034,1328.845,0.0029,0.3597,0.6484,1328.5928,-1,3238828,41652.65,0,0.6667,1,-1.8111,0.098,0
2026-05-29 14:10:00,1328.3,1328.4,1328.3,1328.3,16844,1328.4048,1328.9529,1330.1508,-1,-0.6217,-0.6093,-0.0124,-1,34.4782,18.6218,37.5724,41.1785,0,22.2222,19.7531,-0.1278,1330.423,1327.007,1328.715,0.0026,0.3785,0.6093,1328.4471,-1,3255672,39919.9,0,0.0,1,-1.8111,0.098,1
2026-05-29 14:11:00,1328.8,1328.8,1328.5,1328.7,27866,1328.4639,1328.9299,1330.0939,-1,-0.5632,-0.6001,0.0369,1,33.6366,22.2664,35.3413,45.4239,0,37.037,27.1605,-0.0151,1330.2939,1327.0261,1328.66,0.0025,0.5122,0.6015,1328.3383,1,3283538,38638.0,0,0.3333,-1,-1.7815,0.1281,1
2026-05-29 14:12:00,1328.8,1329.1,1328.7,1329.0,17937,1328.5711,1328.9363,1330.051,-1,-0.487,-0.5775,0.0905,1,32.3079,24.8329,33.6213,48.4302,0,48.1481,35.8025,0.0226,1330.2097,1327.3103,1328.76,0.0022,0.5828,0.5871,1328.6457,1,3301475,27246.7,0,0.5,1,-1.7593,0.1507,1
2026-05-29 14:13:00,1329.0,1329.2,1328.9,1329.1,16794,1328.6769,1328.9512,1330.0138,-1,-0.4138,-0.5447,0.131,1,30.894,25.1544,32.3497,49.4301,0,51.8519,45.679,0.0452,1330.1889,1327.4811,1328.835,0.002,0.5979,0.5666,1328.8041,1,3318269,25025.3,0,0.3333,1,-1.7519,0.1583,0
2026-05-29 14:14:00,1329.0,1329.4,1329.0,1329.1,24371,1328.7615,1328.9647,1329.9779,-1,-0.3517,-0.5061,0.1545,1,29.2186,26.4342,30.6833,49.4301,0,60.8696,53.6232,0.0452,1330.2036,1327.4864,1328.845,0.002,0.5938,0.5547,1328.8828,1,3342640,23456.85,0,0.25,1,-1.7519,0.1583,0
2026-05-29 14:15:00,1329.0,1329.2,1329.0,1329.1,21935,1328.8292,1328.977,1329.9435,-1,-0.299,-0.4647,0.1657,1,27.663,25.7208,29.8552,49.4301,0,82.3529,65.0248,0.0979,1330.2283,1327.5217,1328.875,0.002,0.5831,0.5293,1328.9032,1,3364575,23002.2,0,0.5,1,-1.7519,0.1583,0
2026-05-29 14:16:00,1329.2,1329.2,1328.8,1328.8,31436,1328.8234,1328.9609,1329.8986,-1,-0.2783,-0.4274,0.1491,1,26.547,24.3078,30.9619,46.0821,0,64.7059,69.3095,0.0527,1330.1769,1327.5131,1328.845,0.002,0.4831,0.5201,1328.8946,-1,3333139,23305.85,0,1.0,-1,-1.7741,0.1356,0
2026-05-29 14:17:00,1328.8,1328.8,1328.2,1328.3,24287,1328.7187,1328.9008,1329.836,-1,-0.2988,-0.4017,0.1029,1,26.3799,22.3265,36.5891,41.0871,0,35.2941,60.7843,0.0151,1330.024,1327.506,1328.765,0.0019,0.3153,0.5258,1328.8027,-1,3308852,22634.8,0,0.8333,-1,-1.8111,0.098,0
2026-05-29 14:18:00,1328.3,1328.3,1328.1,1328.3,19901,1328.635,1328.8462,1329.7757,-1,-0.3114,-0.3836,0.0722,1,26.356,21.6918,36.9703,41.0871,0,35.2941,45.098,0.0151,1329.8925,1327.4975,1328.695,0.0018,0.3351,0.5025,1328.7433,-1,3328753,22812.2,0,0.0,1,-1.8111,0.098,0
2026-05-29 14:19:00,1328.1,1328.2,1327.8,1327.8,25974,1328.468,1328.7511,1329.6982,-1,-0.3576,-0.3784,0.0208,1,26.7173,20.1496,38.6076,36.4988,0,0.0,23.5294,-0.0376,1329.6159,1327.5341,1328.575,0.0016,0.1277,0.5023,1328.6469,-1,3302779,23120.2,0,0.75,-1,-1.848,0.0603,0
2026-05-29 14:20:00,1327.8,1327.8,1327.6,1327.6,21116,1328.2944,1328.6465,1329.616,-1,-0.4057,-0.3839,-0.0218,-1,27.2955,19.5509,40.4319,34.8236,1,0.0,11.7647,-0.0527,1329.3549,1327.5551,1328.455,0.0014,0.025,0.4808,1328.5332,-1,3281663,23082.35,0,1.0,-1,-1.8483,0.0452,0
2026-05-29 14:21:00,1327.6,1327.6,1327.4,1327.4,26884,1328.1155,1328.5331,1329.5291,-1,-0.4548,-0.3981,-0.0567,-1,28.0682,18.9446,42.2791,33.1834,1,0.0,0.0,-0.0978,1329.3651,1327.3949,1328.38,0.0015,0.0026,0.4607,1328.41,-1,3254779,22514.4,0,1.0,-1,-1.7323,0.0301,1
2026-05-29 14:22:00,1327.5,1328.6,1327.5,1328.6,59205,1328.2124,1328.5392,1329.4926,-1,-0.3923,-0.3969,0.0046,1,26.6717,29.6924,35.2218,48.7735,0,60.0,20.0,-0.0301,1329.3545,1327.3955,1328.375,0.0015,0.6148,0.5135,1328.3743,1,3313984,23981.2,1,1.0,1,-1.5925,0.1206,0
2026-05-29 14:23:00,1328.6,1328.8,1328.4,1328.4,25110,1328.2499,1328.5266,1329.4498,-1,-0.3548,-0.3885,0.0337,1,25.0331,30.8405,33.2306,46.813,0,50.0,36.6667,-0.0527,1329.348,1327.392,1328.37,0.0015,0.5153,0.5054,1328.372,1,3288874,24108.6,0,0.5,-1,-1.6,0.1055,0
2026-05-29 14:24:00,1328.4,1328.4,1328.0,1328.1,29236,1328.2199,1328.4878,1329.3968,-1,-0.3453,-0.3798,0.0345,1,24.1082,29.0706,37.0624,43.9587,0,35.0,48.3333,-0.0752,1329.3329,1327.3671,1328.35,0.0015,0.3728,0.4979,1328.3523,-1,3259638,24181.6,0,0.75,-1,-1.6222,0.0829,1
2026-05-29 14:25:00,1328.1,1328.7,1328.1,1328.4,28493,1328.2559,1328.4798,1329.3578,-1,-0.31,-0.3659,0.0559,1,22.7249,30.8462,33.9181,47.4118,0,50.0,45.0,-0.0527,1329.3299,1327.4301,1328.38,0.0014,0.5105,0.5052,1328.3819,1,3288131,23798.1,0,0.5,1,-1.6,0.1055,1
2026-05-29 14:26:00,1328.4,1328.7,1328.2,1328.6,16506,1328.3248,1328.4907,1329.328,-1,-0.2629,-0.3453,0.0824,1,21.4405,28.6638,31.5184,49.6396,0,60.0,48.3333,-0.0151,1329.3505,1327.4595,1328.405,0.0014,0.6031,0.5048,1328.3978,1,3304637,23885.45,0,0.4,1,-1.5779,0.1206,1
2026-05-29 14:27:00,1328.8,1329.6,1328.8,1329.6,35569,1328.5798,1328.5916,1329.3387,-1,-0.1432,-0.3049,0.1617,1,20.9588,36.7746,27.3505,58.9937,0,100.0,70.0,0.0979,1329.547,1327.413,1328.48,0.0016,1.0249,0.5402,1328.4771,1,3340206,24824.65,0,1.0,1,-1.4965,0.1959,0
2026-05-29 14:28:00,1329.5,1329.7,1329.3,1329.5,29332,1328.7638,1328.6742,1329.345,1,-0.0557,-0.255,0.1993,1,20.6439,36.14,25.8765,57.8368,0,91.3043,83.7681,0.0903,1329.6893,1327.4107,1328.55,0.0017,0.9169,0.5302,1328.5458,1,3310874,25605.15,0,0.0,1,-1.5039,0.1884,1
2026-05-29 14:29:00,1329.5,1330.7,1329.3,1330.4,100101,1329.0911,1328.8311,1329.3864,1,0.0852,-0.187,0.2722,1,21.4816,42.0981,21.5076,64.5709,0,90.9091,94.0711,0.1958,1330.0428,1327.2672,1328.655,0.0021,1.1287,0.5923,1328.8174,1,3410975,29944.85,1,0.6429,1,-1.4372,0.2562,1
2026-05-29 14:30:00,1330.2,1330.5,1330.0,1330.5,22812,1329.3729,1328.9828,1329.4301,1,0.2026,-0.1091,0.3117,1,22.2595,39.531,20.1961,65.2353,-1,93.9394,92.0509,0.2184,1330.3566,1327.1734,1328.765,0.0024,1.0451,0.5857,1328.888,1,3433787,30243.25,0,0.6,1,-1.4298,0.2638,1
2026-05-29 14:31:00,1330.3,1330.6,1330.1,1330.6,14058,1329.6183,1329.1298,1329.4759,1,0.3003,-0.0272,0.3275,1,23.0857,38.3275,18.9516,65.9235,-1,96.9697,93.9394,0.2411,1330.6403,1327.0797,1328.86,0.0027,0.9887,0.5796,1328.9352,1,3447845,29552.85,0,0.6,1,-1.4224,0.2713,0
2026-05-29 14:32:00,1330.6,1330.9,1330.3,1330.3,31766,1329.7546,1329.2362,1329.5083,1,0.3495,0.0481,0.3013,1,24.1602,39.1884,17.5537,61.9608,0,82.8571,91.2554,0.128,1330.8127,1327.0373,1328.925,0.0028,0.8642,0.581,1329.0174,1,3416079,30244.3,0,0.5,-1,-1.4447,0.2487,0
2026-05-29 14:33:00,1330.5,1330.6,1330.1,1330.3,14818,1329.8637,1329.3329,1329.5393,1,0.384,0.1153,0.2687,1,24.718,36.7554,18.9473,61.9608,0,82.8571,87.5613,0.143,1330.9652,1327.0048,1328.985,0.003,0.832,0.5752,1329.0484,1,3430897,30145.5,0,0.4,-1,-1.4447,0.2487,0
2026-05-29 14:34:00,1330.3,1330.3,1330.0,1330.3,11183,1329.951,1329.4208,1329.5691,1,0.4067,0.1736,0.2331,1,25.015,35.3378,19.5022,61.9608,0,82.8571,82.8571,0.1657,1331.1065,1326.9835,1329.045,0.0031,0.8044,0.5556,1329.0653,1,3442080,29486.1,0,0.0,1,-1.4447,0.2487,0
2026-05-29 14:35:00,1330.3,1330.4,1330.1,1330.3,15481,1330.0208,1329.5007,1329.5978,1,0.4198,0.2228,0.197,1,25.4159,35.2578,18.7244,61.9608,0,82.3529,82.6891,0.143,1331.238,1326.972,1329.105,0.0032,0.7801,0.5373,1329.0959,1,3457561,29163.4,0,0.0,1,-1.4447,0.2487,1
2026-05-29 14:36:00,1330.4,1330.9,1330.4,1330.9,14970,1330.1966,1329.6279,1329.6489,1,0.4732,0.2729,0.2003,1,26.3683,39.0606,17.2433,67.2557,-1,100.0,88.4034,0.1731,1331.4753,1326.9447,1329.21,0.0034,0.873,0.5418,1329.1482,1,3472531,28340.1,0,1.0,1,-1.4002,0.2939,0
2026-05-29 14:37:00,1330.8,1331.1,1330.7,1330.9,33719,1330.3373,1329.7436,1329.6979,1,0.5096,0.3203,0.1894,1,27.4627,39.6485,16.3167,67.2557,-1,93.5484,91.9671,0.0978,1331.6787,1327.0013,1329.34,0.0035,0.8335,0.5317,1329.2808,1,3506250,28811.7,0,0.25,1,-1.4002,0.2939,0
2026-05-29 14:38:00,1330.8,1330.8,1330.2,1330.3,26193,1330.3298,1329.7942,1329.7215,1,0.4845,0.3531,0.1314,1,27.3205,36.0023,21.3849,57.9074,0,73.3333,88.9606,0.0602,1331.7633,1327.1167,1329.44,0.0035,0.6851,0.5437,1329.3684,1,3480057,29126.3,0,0.8333,-1,-1.4447,0.2487,1
2026-05-29 14:39:00,1330.4,1330.5,1330.4,1330.5,10887,1330.3639,1329.8583,1329.7521,1,0.4752,0.3775,0.0977,1,27.1884,35.0116,20.7965,59.9079,0,79.3103,82.064,0.0075,1331.8136,1327.3364,1329.575,0.0034,0.7066,0.5191,1329.4552,1,3490944,28371.95,0,1.0,1,-1.4298,0.2638,1
2026-05-29 14:40:00,1330.4,1330.8,1330.4,1330.8,20454,1330.4511,1329.9439,1329.7932,1,0.4865,0.3993,0.0872,1,27.4585,37.2491,19.6329,62.7663,0,86.9565,79.8667,0.0225,1331.8395,1327.6305,1329.735,0.0032,0.753,0.5106,1329.5656,1,3511398,28338.85,0,1.0,1,-1.4076,0.2864,1
2026-05-29 14:41:00,1330.9,1331.3,1330.9,1331.1,30996,1330.5809,1330.049,1329.8444,1,0.5137,0.4222,0.0915,1,28.2859,41.6444,18.2577,65.4213,-1,90.0,85.4223,0.0376,1331.8106,1328.0294,1329.92,0.0028,0.8121,0.5099,1329.7477,1,3542394,28544.45,0,0.5,1,-1.3854,0.309,1
2026-05-29 14:42:00,1331.1,1331.3,1331.0,1331.2,13719,1330.7047,1330.1537,1329.8976,1,0.5371,0.4452,0.092,1,29.0541,39.8412,17.4671,66.2843,-1,95.0,90.6522,0.0677,1331.9171,1328.1829,1330.05,0.0028,0.808,0.4949,1329.9554,1,3556113,26270.15,0,0.3333,1,-1.378,0.3165,1
2026-05-29 14:43:00,1331.3,1331.5,1331.3,1331.4,23549,1330.8438,1330.267,1329.9565,1,0.5653,0.4692,0.0961,1,29.9916,41.0364,16.6889,68.0043,-1,93.3333,92.7778,0.0827,1331.9933,1328.4067,1330.2,0.0027,0.8346,0.481,1330.0885,1,3579662,26192.1,0,0.5,1,-1.3632,0.3316,0
2026-05-29 14:44:00,1331.3,1331.3,1330.7,1330.8,16142,1330.835,1330.3154,1329.9896,1,0.5331,0.482,0.0511,1,29.4144,36.9048,23.6385,58.3821,0,53.3333,80.5556,0.0376,1331.8624,1328.8076,1330.335,0.0023,0.6522,0.4966,1330.2252,1,3563520,25537.4,0,0.8333,-1,-1.4076,0.2864,0
2026-05-29 14:45:00,1330.7,1330.8,1330.6,1330.7,18618,1330.808,1330.3504,1330.0174,1,0.4938,0.4844,0.0095,1,28.6613,35.7958,24.4307,56.9361,0,46.6667,64.4444,0.0301,1331.6982,1329.2018,1330.45,0.0019,0.6001,0.4754,1330.3467,1,3544902,25043.65,0,0.0,1,-1.415,0.2788,1
2026-05-29 14:46:00,1330.7,1330.8,1330.6,1330.8,27793,1330.8064,1330.3913,1330.0481,1,0.4654,0.4806,-0.0152,-1,27.962,34.6738,23.6649,58.0549,0,53.3333,51.1111,-0.0075,1331.4817,1329.6383,1330.56,0.0014,0.6302,0.4558,1330.4272,1,3572695,25608.0,0,0.5,1,-1.3199,0.2864,1
2026-05-29 14:47:00,1331.0,1331.0,1330.8,1331.0,18671,1330.8451,1330.4466,1330.0855,1,0.4538,0.4752,-0.0214,-1,27.6296,36.807,22.8921,60.2776,0,66.6667,55.5556,0.0075,1331.4573,1329.8027,1330.63,0.0012,0.7236,0.4375,1330.5248,1,3591366,24763.1,0,0.0,1,-1.3051,0.3014,0
2026-05-29 14:48:00,1330.9,1330.9,1330.5,1330.8,16989,1330.8361,1330.4787,1330.1135,1,0.4235,0.4649,-0.0413,-1,26.6059,33.8326,25.8908,57.0235,0,50.0,56.6667,0.0376,1331.3415,1330.0485,1330.695,0.001,0.5812,0.4419,1330.5944,1,3574377,24145.95,0,0.25,-1,-1.2906,0.2864,0
2026-05-29 14:49:00,1330.6,1330.7,1330.3,1330.3,14577,1330.7289,1330.4625,1330.1208,1,0.3551,0.4429,-0.0878,-1,25.2096,31.124,27.0204,49.787,0,7.6923,41.453,-0.015,1331.347,1330.033,1330.69,0.001,0.2032,0.4461,1330.7047,-1,3559800,19869.75,0,0.75,-1,-1.3277,0.2487,0
2026-05-29 14:50:00,1330.2,1330.3,1330.1,1330.3,29798,1330.6431,1330.4477,1330.1278,1,0.2975,0.4138,-0.1163,-1,23.4848,30.0864,29.4534,49.787,0,14.2857,23.9927,-0.0376,1331.3541,1330.0059,1330.68,0.001,0.2181,0.4285,1330.6909,-1,3589598,20219.05,0,0.5,1,-1.3204,0.2487,0
2026-05-29 14:51:00,1329.9,1329.9,1327.9,1328.6,251358,1330.2345,1330.2797,1330.0679,-1,0.1133,0.3537,-0.2404,-1,24.6101,21.0273,48.1859,33.1825,1,19.4444,13.8075,-0.1878,1331.7107,1329.4493,1330.58,0.0017,-0.3756,0.5693,1329.9558,-1,3338240,32084.05,1,0.65,-1,-1.388,0.1206,1
2026-05-29 14:52:00,1328.7,1329.5,1328.6,1329.5,38786,1330.0876,1330.2089,1330.0456,-1,0.0396,0.2909,-0.2513,-1,25.655,18.7476,42.9618,43.8577,0,44.4444,26.0582,-0.1277,1331.7605,1329.3195,1330.54,0.0018,0.0739,0.593,1329.884,-1,3377026,32435.05,0,0.8889,1,-1.3212,0.1884,0
2026-05-29 14:53:00,1329.5,1329.6,1329.0,1329.0,13402,1329.8701,1330.099,1330.0046,-1,-0.0586,0.221,-0.2796,-1,26.4206,18.5973,39.8593,40.0313,0,30.5556,31.4815,-0.1803,1331.8662,1329.0838,1330.475,0.0021,-0.0301,0.5935,1329.8595,-1,3363624,32364.25,0,0.8333,-1,-1.2483,0.1507,0
2026-05-29 14:54:00,1329.0,1329.2,1328.7,1328.8,21203,1329.6561,1329.9809,1329.9574,-1,-0.1508,0.1467,-0.2974,-1,27.4148,17.4654,41.0851,38.5812,0,25.0,33.3333,-0.1503,1331.971,1328.829,1330.4,0.0024,-0.0092,0.5868,1329.8228,-1,3342421,32865.25,0,0.4,-1,-1.2265,0.1356,0
2026-05-29 14:55:00,1328.8,1328.8,1328.0,1328.0,28347,1329.3248,1329.8008,1329.8806,-1,-0.2851,0.0603,-0.3454,-1,28.9155,15.8076,45.4908,33.3738,1,2.7778,19.4444,-0.2029,1332.1731,1328.3969,1330.285,0.0028,-0.1051,0.602,1329.7467,-1,3314074,33508.55,0,1.0,-1,-1.2786,0.0754,0
2026-05-29 14:56:00,1328.0,1328.1,1327.8,1328.0,24095,1329.0599,1329.6371,1329.8069,-1,-0.3871,-0.0292,-0.3579,-1,30.4564,15.224,46.2726,33.3738,1,5.4054,11.0611,-0.2104,1332.2494,1328.0306,1330.14,0.0032,-0.0073,0.5804,1329.6618,-1,3338169,33964.8,0,0.0,1,-1.2713,0.0754,0
2026-05-29 14:57:00,1328.0,1328.0,1327.8,1328.0,26286,1328.8479,1329.4883,1329.736,-1,-0.4626,-0.1158,-0.3467,-1,31.8873,14.8309,45.0778,33.3738,1,5.7143,4.6325,-0.2254,1332.2679,1327.7221,1329.995,0.0034,0.0611,0.5533,1329.5321,-1,3364455,33593.15,0,0.0,1,-1.2713,0.0754,0
2026-05-29 14:58:00,1327.8,1328.1,1327.3,1327.9,70372,1328.6583,1329.3439,1329.664,-1,-0.5244,-0.1976,-0.3269,-1,33.5836,13.3464,46.8216,32.685,1,16.2162,9.112,-0.2179,1332.3178,1327.4322,1329.875,0.0037,0.0958,0.5709,1329.3256,-1,3294083,35802.1,1,0.125,1,-1.2787,0.0678,0
2026-05-29 14:59:00,1327.8,1327.8,1326.7,1327.5,112832,1328.4267,1329.1762,1329.5792,-1,-0.5988,-0.2778,-0.321,-1,35.5341,11.4888,47.264,30.0166,1,18.6047,13.5117,-0.2105,1332.357,1327.093,1329.725,0.004,0.0773,0.6158,1329.0356,-1,3181251,40899.35,1,0.2727,-1,-1.3085,0.0377,0
2026-05-29 15:00:00,1327.5,1328.5,1323.0,1323.1,1039721,1327.3613,1328.6239,1329.3251,-1,-1.0013,-0.4225,-0.5788,-1,38.5753,6.8102,55.4122,15.259,1,1.25,12.0236,-0.5412,1333.1977,1325.4823,1329.34,0.0058,-0.3088,0.9647,1326.6582,-1,2141530,91862.7,1,0.8,-1,-1.6356,0.0,1
2026-05-29 15:01:00,1323.0,1325.1,1323.0,1324.4,826505,1326.7691,1328.2399,1329.1319,-1,-1.2015,-0.5783,-0.6232,-1,41.3992,5.8334,47.4643,26.7221,1,17.7215,12.5254,-0.3161,1333.3286,1324.6814,1329.005,0.0065,-0.0325,1.0458,1325.8237,-1,2968035,131638.15,1,0.6667,1,-1.5389,0.0983,1
2026-05-29 15:02:00,1324.4,1325.5,1324.2,1325.5,908311,1326.5152,1327.9908,1328.9895,-1,-1.2569,-0.714,-0.5429,-1,43.3559,8.0097,43.3218,34.7635,1,32.4675,17.1464,-0.3009,1333.1767,1324.2633,1328.72,0.0067,0.1387,1.0639,1325.608,-1,3876346,176367.75,1,0.8462,1,-1.4425,0.1814,0
2026-05-29 15:03:00,1325.3,1325.3,1323.6,1323.7,694846,1325.9522,1327.6007,1328.7821,-1,-1.4296,-0.8571,-0.5724,-1,45.3465,7.0423,41.9036,29.1302,1,9.589,19.926,-0.3988,1333.1176,1323.5524,1328.335,0.0072,0.0154,1.1237,1325.3425,-1,3181500,209932.6,1,0.9412,-1,-1.5763,0.0453,1
2026-05-29 15:04:00,1323.7,1324.8,1323.6,1324.8,734940,1325.7218,1327.3461,1328.6259,-1,-1.4608,-0.9779,-0.483,-1,47.1949,6.5077,38.7225,35.9599,0,26.087,22.7145,-0.301,1332.9132,1323.1568,1328.035,0.0073,0.1684,1.1291,1325.1833,-1,3916440,245872.5,1,0.9167,1,-1.4066,0.1285,0
2026-05-29 15:05:00,1324.8,1324.8,1323.8,1323.9,505366,1325.3574,1327.0328,1328.4406,-1,-1.5404,-1.0904,-0.4501,-1,48.9112,6.0926,36.2528,33.1454,1,13.6364,16.4375,-0.3087,1332.7283,1322.6617,1327.695,0.0076,0.123,1.1199,1325.0692,-1,3411074,270209.9,1,0.9,-1,-1.4735,0.0605,1
2026-05-29 15:06:00,1323.8,1324.2,1323.8,1324.2,745666,1325.1259,1326.7753,1328.2743,-1,-1.5613,-1.1846,-0.3768,-1,50.505,5.9297,35.2834,34.9724,1,18.1818,19.3017,-0.2861,1332.4061,1322.3239,1327.365,0.0076,0.1861,1.0685,1324.9214,-1,4156740,306103.55,1,1.0,1,-1.4512,0.0831,0
2026-05-29 15:07:00,1324.2,1324.2,1322.1,1322.2,976186,1324.5407,1326.3594,1328.0361,-1,-1.7195,-1.2916,-0.4279,-1,52.4556,5.1509,41.2811,29.2362,1,1.4085,11.0755,-0.4367,1332.153,1321.697,1326.925,0.0079,0.0481,1.1422,1324.6176,-1,3180554,353979.3,1,0.9524,-1,-1.6001,0.0,0
2026-05-29 15:08:00,1322.0,1322.0,1320.3,1320.4,595061,1323.7126,1325.8176,1327.7366,-1,-1.9674,-1.4267,-0.5406,-1,54.5949,4.5666,47.3455,25.2259,1,1.1765,6.9222,-0.5648,1332.0408,1320.7692,1326.405,0.0085,-0.0328,1.1963,1324.3152,-1,2585493,382882.9,1,0.9412,-1,-1.734,0.0,0
2026-05-29 15:09:00,1320.4,1320.4,1319.2,1319.2,926522,1322.8101,1325.216,1327.4019,-1,-2.2349,-1.5883,-0.6465,-1,56.7322,4.2395,50.5204,22.9644,1,0.0,0.8616,-0.6252,1332.0045,1319.6955,1325.85,0.0093,-0.0403,1.1966,1323.795,-1,1658971,428480.15,1,1.0,-1,-1.8233,0.0,1
2026-05-29 15:10:00,1319.2,1322.7,1318.8,1321.6,1118089,1322.5681,1324.8873,1327.1743,-1,-2.2275,-1.7162,-0.5114,-1,55.9146,15.2117,40.393,35.4321,0,28.866,10.0141,-0.1134,1331.4791,1319.3509,1325.415,0.0092,0.1854,1.3897,1323.4554,-1,2777060,482894.7,1,0.6154,1,-1.6447,0.1819,1
2026-05-29 15:11:00,1321.5,1322.3,1321.0,1322.2,601884,1322.4944,1324.643,1326.9793,-1,-2.1486,-1.8027,-0.3459,-1,55.1554,14.1905,37.6815,38.128,0,35.0515,21.3058,-0.1661,1331.1284,1319.0616,1325.095,0.0091,0.2601,1.3833,1323.2236,-1,3378944,500421.0,0,0.5385,1,-1.6001,0.2274,0
2026-05-29 15:12:00,1322.1,1322.4,1320.2,1320.6,928008,1322.1156,1324.2754,1326.7291,-1,-2.1898,-1.8801,-0.3097,-1,54.7592,12.6437,37.5378,34.0457,1,18.5567,27.4914,-0.3697,1330.6308,1318.6692,1324.65,0.009,0.1614,1.4416,1323.0187,-1,2450936,544882.1,1,0.6818,-1,-1.7191,0.1061,0
2026-05-29 15:13:00,1320.5,1320.5,1318.9,1318.9,660497,1321.4724,1323.7868,1326.4221,-1,-2.3328,-1.9706,-0.3622,-1,54.8284,11.5921,40.7757,30.3299,1,1.0309,18.2131,-0.3626,1330.2751,1318.0149,1324.145,0.0093,0.0722,1.46,1322.8064,-1,1790439,577236.85,0,1.0,-1,-1.8457,0.0,1
2026-05-29 15:14:00,1319.0,1320.3,1319.0,1319.6,793775,1321.098,1323.4061,1326.1545,-1,-2.3624,-2.049,-0.3134,-1,54.8927,10.7958,37.9748,33.5461,1,11.9403,10.5093,-0.3925,1329.7289,1317.6411,1323.685,0.0091,0.1621,1.4558,1322.5914,-1,2584214,615865.45,0,0.4615,1,-1.7936,0.0531,1
2026-05-29 15:15:00,1319.7,1322.1,1319.4,1321.1,978729,1321.0984,1323.1965,1325.9563,-1,-2.239,-2.087,-0.152,-1,53.1371,17.7716,33.2334,39.9439,0,34.3284,15.7665,-0.2115,1329.1422,1317.5378,1323.34,0.0088,0.307,1.5446,1322.452,-1,3562943,663384.55,0,0.5185,1,-1.6819,0.1668,0
2026-05-29 15:16:00,1321.2,1322.0,1320.5,1320.9,742710,1321.0587,1322.9877,1325.758,-1,-2.1328,-2.0962,-0.0366,-1,51.5069,16.5364,30.9234,39.3992,0,32.3077,26.1921,-0.2492,1328.4631,1317.5069,1322.985,0.0083,0.3097,1.5414,1322.3725,-1,2820233,699315.3,0,0.2,-1,-1.6968,0.1516,0
2026-05-29 15:17:00,1320.9,1320.9,1320.3,1320.5,454726,1320.947,1322.7616,1325.5518,-1,-2.0572,-2.0884,0.0312,1,50.0956,16.0556,30.9934,38.2752,0,28.3333,31.6565,-0.1286,1327.6747,1317.5453,1322.61,0.0077,0.2917,1.4742,1322.3054,-1,2365507,720737.3,0,0.6667,-1,-1.7266,0.1213,0
2026-05-29 15:18:00,1320.4,1320.4,1320.2,1320.2,578420,1320.7976,1322.5287,1325.342,-1,-1.9984,-2.0704,0.072,1,48.8387,15.8082,31.0295,37.413,0,23.3333,27.9915,-0.0151,1326.7663,1317.6837,1322.225,0.0069,0.277,1.3903,1322.2006,-1,1787087,746139.7,0,1.0,-1,-1.7489,0.0986,0
2026-05-29 15:19:00,1320.3,1320.4,1320.1,1320.1,759983,1320.6581,1322.3079,1325.1364,-1,-1.9376,-2.0438,0.1062,1,47.7278,15.5501,31.0671,37.1129,0,24.0741,25.2469,0.0682,1325.7811,1317.9289,1321.855,0.0059,0.2765,1.3124,1322.0658,-1,1027104,778497.25,0,0.6667,-1,-1.7563,0.091,0
2026-05-29 15:20:00,1320.1,1320.2,1320.0,1320.1,575231,1320.5464,1322.1072,1324.9389,-1,-1.8678,-2.0086,0.1408,1,46.7554,15.3699,31.2865,37.1129,0,24.0741,23.8272,-0.1135,1325.6585,1317.7515,1321.705,0.006,0.297,1.233,1321.7981,-1,1602335,755272.75,0,0.0,1,-1.7563,0.091,1
2026-05-29 15:21:00,1320.1,1321.9,1320.0,1321.2,810220,1320.6772,1322.0247,1324.7923,-1,-1.7041,-1.9477,0.2436,1,44.0782,23.223,27.9709,42.9507,0,61.5385,36.5622,-0.0756,1325.3034,1317.7866,1321.545,0.0057,0.4541,1.2806,1321.6273,-1,2412555,754458.5,0,0.5789,1,-1.6745,0.1744,0
2026-05-29 15:22:00,1321.2,1321.2,1319.2,1319.2,897776,1320.3817,1321.7679,1324.573,-1,-1.716,-1.9014,0.1854,1,42.1483,20.7324,29.261,36.3446,0,10.2564,31.9563,-0.106,1324.6506,1317.8094,1321.23,0.0052,0.2033,1.332,1321.3153,-1,1514779,753931.75,0,1.0,-1,-1.8233,0.0227,0
2026-05-29 15:23:00,1319.2,1319.2,1318.0,1318.4,715919,1319.9854,1321.4617,1324.3309,-1,-1.7696,-1.875,0.1054,1,41.0774,19.3888,33.8455,34.0862,1,8.5106,26.7685,-0.0379,1324.4003,1317.5297,1320.965,0.0052,0.1267,1.3226,1321.0507,-1,798860,754985.4,0,0.6667,-1,-1.8829,0.0,1
2026-05-29 15:24:00,1318.4,1321.2,1318.4,1321.2,1083953,1320.2283,1321.438,1324.2081,-1,-1.568,-1.8136,0.2456,1,38.4544,26.6767,29.1056,46.5945,0,72.7273,30.4981,0.1212,1323.7415,1317.8285,1320.785,0.0045,0.5702,1.4281,1320.8363,1,1882813,772436.05,0,1.0,1,-1.6745,0.2124,0
2026-05-29 15:25:00,1321.2,1322.0,1318.6,1319.5,749031,1320.0826,1321.2618,1324.0235,-1,-1.5279,-1.7565,0.2286,1,35.9311,26.1895,24.6004,41.4512,0,34.0909,38.4429,-0.1211,1323.1988,1317.9312,1320.565,0.004,0.2978,1.569,1320.6907,-1,1133782,784619.3,0,0.5,-1,-1.801,0.0834,0
2026-05-29 15:26:00,1318.2,1319.0,1317.2,1317.7,833500,1319.6061,1320.938,1323.7755,-1,-1.6226,-1.7297,0.1071,1,34.0181,23.5355,28.2758,36.8172,0,10.2041,39.0074,-0.2423,1322.5881,1317.8919,1320.24,0.0036,-0.0409,1.6212,1320.3873,-1,300282,789011.0,0,0.2778,-1,-1.935,0.0,1
2026-05-29 15:27:00,1317.7,1318.2,1317.3,1318.2,1010162,1319.3249,1320.6891,1323.5568,-1,-1.6384,-1.7114,0.073,1,32.2417,22.5716,27.1178,38.8618,0,20.4082,21.5677,-0.1742,1322.3676,1317.7124,1320.04,0.0035,0.1047,1.5697,1320.0775,-1,1310444,790709.8,0,0.5556,1,-1.8977,0.0379,0
2026-05-29 15:28:00,1318.1,1318.2,1317.6,1318.1,533303,1319.0799,1320.4537,1323.3428,-1,-1.6401,-1.6972,0.0571,1,30.5923,21.9269,26.3432,38.5929,0,18.3673,16.3265,-0.1591,1322.3931,1317.4569,1319.925,0.0037,0.1303,1.5004,1319.9749,-1,777141,787621.9,0,0.0,1,-1.9052,0.0304,1
2026-05-29 15:29:00,1318.2,1323.6,1318.1,1321.9,299580,1319.6439,1320.5852,1323.2863,-1,-1.3196,-1.6217,0.302,1,30.5953,38.6995,20.5489,52.1475,0,73.4375,37.4043,0.1364,1322.6472,1317.4728,1320.06,0.0039,0.8556,1.7861,1320.0222,1,1076721,756274.8,0,0.6727,1,-1.6224,0.3187,0
