Datetime,Open,High,Low,Close,Volume,EMA_9,EMA_21,EMA_50,EMA_cross,MACD,MACD_sig,MACD_hist,MACD_cross,ADX,DI_pos,DI_neg,RSI,RSI_zone,STOCH_k,STOCH_d,ROC,BB_upper,BB_lower,BB_mid,BB_width,BB_pos,ATR,VWAP,VWAP_signal,OBV,Vol_avg,Vol_spike,Body_size,Candle_dir,Pct_from_high,Pct_from_low,Target
2026-05-21 13:26:00,2325.2,2325.2,2323.5,2323.7,8889,2323.1334,2322.4281,2321.5294,1,0.6478,0.4002,0.2477,1,25.1975,19.8467,11.9651,57.2521,0,71.1538,88.4615,0.112,2324.6406,2319.7194,2322.18,0.0021,0.8089,1.7111,2322.5935,1,44658,4487.95,1,0.8824,-1,-0.2575,0.3888,0
2026-05-21 13:27:00,2323.7,2324.0,2322.2,2323.2,4799,2323.1468,2322.4983,2321.5949,1,0.6252,0.4452,0.18,1,23.7842,18.3609,16.476,54.6165,0,61.5385,75.641,0.0474,2324.6268,2319.7232,2322.175,0.0021,0.709,1.7175,2322.6017,1,39859,4591.6,0,0.2778,-1,-0.279,0.3672,1
2026-05-21 13:28:00,2323.2,2324.0,2322.6,2324.0,4610,2323.3174,2322.6348,2321.6892,1,0.6642,0.489,0.1752,1,22.4718,17.2775,15.5038,57.9518,0,76.9231,69.8718,0.1638,2324.8101,2319.6699,2322.24,0.0022,0.8424,1.6948,2322.6601,1,44469,4528.3,0,0.5714,1,-0.2447,0.4018,0
2026-05-21 13:29:00,2323.8,2324.0,2322.1,2323.1,2825,2323.2739,2322.6771,2321.7446,1,0.6154,0.5143,0.1011,1,20.9677,15.9059,16.3622,53.2138,0,59.6154,66.0256,0.0689,2324.8774,2319.6826,2322.28,0.0022,0.6579,1.7094,2322.6793,1,41644,4566.25,0,0.3684,-1,-0.2833,0.3629,0
2026-05-21 13:30:00,2323.3,2323.4,2321.9,2322.8,2613,2323.1791,2322.6883,2321.786,1,0.5462,0.5207,0.0255,1,19.7621,14.9001,16.1707,51.6966,0,53.8462,63.4615,0.0345,2324.927,2319.733,2322.33,0.0022,0.5905,1.6945,2322.7004,1,39031,4603.85,0,0.3333,-1,-0.2962,0.3499,0
2026-05-21 13:31:00,2322.8,2323.4,2320.4,2322.1,5556,2322.9633,2322.6348,2321.7983,1,0.4299,0.5025,-0.0726,-1,19.8741,13.1141,20.2256,48.2403,0,39.2157,50.8924,-0.0344,2324.9266,2319.8134,2322.37,0.0022,0.4472,1.7877,2322.6766,-1,33475,4794.7,0,0.2333,-1,-0.3262,0.3197,1
2026-05-21 13:32:00,2322.2,2324.5,2321.8,2324.5,11627,2323.2706,2322.8043,2321.9042,1,0.5254,0.5071,0.0183,1,18.9007,15.9896,18.1205,58.4878,0,86.2745,59.7788,0.0732,2325.2051,2319.7749,2322.49,0.0023,0.8702,1.8529,2322.8207,1,45102,5175.85,1,0.8519,1,-0.2232,0.4234,0
2026-05-21 13:33:00,2325.0,2325.8,2323.9,2324.3,16497,2323.4765,2322.9403,2321.9982,1,0.5782,0.5213,0.0569,1,18.1412,19.823,16.7956,57.4667,0,73.6842,66.3915,0.0818,2325.373,2319.957,2322.665,0.0023,0.8019,1.8563,2323.1115,1,28605,5888.25,1,0.3684,-1,-0.2318,0.4147,1
2026-05-21 13:34:00,2325.2,2325.2,2324.4,2324.8,2125,2323.7412,2323.1094,2322.108,1,0.6529,0.5476,0.1053,1,17.4359,19.1102,16.1918,59.3761,0,81.4815,80.4801,0.0172,2325.5488,2320.2112,2322.88,0.0023,0.8597,1.788,2323.1802,1,30730,5894.1,0,0.5,-1,-0.2103,0.4363,0
2026-05-21 13:35:00,2325.0,2325.0,2323.5,2324.1,7408,2323.813,2323.1994,2322.1862,1,0.6481,0.5677,0.0804,1,16.3644,17.9517,18.8475,55.6122,0,68.5185,74.5614,-0.0344,2325.5839,2320.5061,2323.045,0.0022,0.7078,1.7674,2323.3139,1,23322,6078.95,0,0.6,-1,-0.2318,0.4061,1
2026-05-21 13:36:00,2324.1,2324.6,2323.5,2324.6,2063,2323.9704,2323.3268,2322.2808,1,0.6769,0.5896,0.0874,1,15.3693,17.1315,17.9864,57.676,0,77.7778,75.9259,0.0387,2325.6798,2320.7602,2323.22,0.0021,0.7805,1.7197,2323.3829,1,25385,5999.45,0,0.4545,1,-0.1589,0.4277,0
2026-05-21 13:37:00,2325.2,2325.7,2324.0,2324.4,7169,2324.0563,2323.4243,2322.3639,1,0.6758,0.6068,0.069,1,14.9968,20.4935,16.7153,56.5435,0,74.0741,73.4568,0.0517,2325.7896,2320.8804,2323.335,0.0021,0.7169,1.7183,2323.64,1,18216,5814.65,0,0.4706,-1,-0.1675,0.4191,0
2026-05-21 13:38:00,2324.4,2324.6,2323.4,2324.3,6591,2324.105,2323.5039,2322.4399,1,0.6592,0.6173,0.0419,1,14.1212,19.4487,18.4122,55.9519,0,72.2222,74.6914,0.0129,2325.5593,2321.5207,2323.54,0.0017,0.6882,1.6813,2323.6922,1,11625,6085.15,0,0.0833,-1,-0.1718,0.4147,0
2026-05-21 13:39:00,2324.5,2325.0,2323.0,2323.0,4028,2323.884,2323.4581,2322.4618,1,0.535,0.6008,-0.0658,-1,13.308,17.8183,16.8687,48.8036,0,48.1481,64.8148,-0.0043,2325.4264,2321.8036,2323.615,0.0016,0.3302,1.7041,2323.7182,-1,7597,6220.35,0,0.75,-1,-0.2276,0.3586,0
2026-05-21 13:40:00,2322.9,2323.4,2322.0,2322.7,876,2323.6472,2323.3892,2322.4712,1,0.4077,0.5622,-0.1545,-1,13.007,16.7591,20.1118,47.3017,0,42.5926,54.321,-0.0043,2325.3594,2321.9406,2323.65,0.0015,0.2221,1.6823,2323.9001,-1,6721,5726.1,0,0.1429,-1,-0.2405,0.3456,1
2026-05-21 13:41:00,2322.7,2323.8,2322.5,2323.3,1687,2323.5778,2323.3811,2322.5037,1,0.3512,0.52,-0.1688,-1,12.3591,17.5452,18.9834,50.5775,0,53.7037,48.1481,0.0517,2325.353,2321.987,2323.67,0.0014,0.3901,1.655,2323.9269,-1,8408,5648.75,0,0.4615,1,-0.2147,0.3715,0
2026-05-21 13:42:00,2323.8,2324.1,2322.0,2322.9,6594,2323.4422,2323.3374,2322.5192,1,0.271,0.4702,-0.1992,-1,12.168,15.985,19.4125,48.4167,0,46.2963,47.5309,-0.0688,2325.3482,2322.0018,2323.675,0.0014,0.2684,1.6868,2323.9043,-1,1814,5813.9,0,0.4286,-1,-0.1504,0.3543,0
2026-05-21 13:43:00,2322.0,2322.8,2321.1,2321.7,1537,2323.0938,2323.1885,2322.4871,-1,0.1093,0.398,-0.2887,-1,12.6608,14.7724,21.7329,42.5445,0,24.0741,41.358,-0.1119,2325.4427,2321.8373,2323.64,0.0016,-0.0381,1.6949,2323.9009,-1,277,5766.7,0,0.1765,-1,-0.202,0.3024,1
2026-05-21 13:44:00,2321.7,2323.1,2321.2,2322.4,1438,2322.955,2323.1168,2322.4837,-1,0.0372,0.3259,-0.2886,-1,12.8126,14.8531,20.0076,46.6122,0,37.037,35.8025,-0.1032,2325.3843,2321.6957,2323.54,0.0016,0.1909,1.7095,2323.8899,-1,1715,5589.05,0,0.3684,1,-0.1719,0.3327,1
2026-05-21 13:45:00,2322.4,2324.0,2322.0,2323.1,1350,2322.984,2323.1153,2322.5078,-1,0.0362,0.2679,-0.2317,-1,12.1002,17.3421,18.3557,50.3943,0,42.5532,34.5548,-0.043,2325.193,2321.707,2323.45,0.0015,0.3996,1.7303,2323.7575,-1,3065,5014.1,0,0.35,1,-0.1419,0.3629,0
2026-05-21 13:46:00,2323.3,2324.0,2321.7,2322.8,1799,2322.9472,2323.0866,2322.5193,-1,0.011,0.2165,-0.2055,-1,11.6886,15.7334,17.8629,48.7988,0,36.1702,38.5868,-0.0774,2325.1662,2321.6438,2323.405,0.0015,0.3282,1.771,2323.7038,-1,1266,4659.6,0,0.2174,-1,-0.1547,0.3499,1
2026-05-21 13:47:00,2322.9,2323.9,2321.7,2323.0,3330,2322.9578,2323.0788,2322.5381,-1,0.0072,0.1747,-0.1675,-1,11.3065,14.3611,16.3049,49.9368,0,41.3043,40.0093,-0.0602,2325.163,2321.627,2323.395,0.0015,0.3883,1.8016,2323.7033,-1,4596,4586.15,0,0.0455,1,-0.1461,0.3586,0
2026-05-21 13:48:00,2323.0,2324.6,2322.3,2323.0,4604,2322.9662,2323.0716,2322.5563,-1,0.004,0.1405,-0.1365,-1,10.7207,15.7984,14.8469,49.9368,0,41.3043,39.593,-0.0559,2325.0983,2321.5917,2323.345,0.0015,0.4016,1.8372,2323.6916,-1,9200,4585.85,0,0.0,1,-0.1461,0.3586,0
2026-05-21 13:49:00,2322.6,2323.9,2322.4,2323.0,1049,2322.973,2323.0651,2322.5737,-1,0.0015,0.1127,-0.1112,-1,10.1767,14.8648,13.9695,49.9368,0,41.3043,41.3043,0.0,2325.0966,2321.5834,2323.34,0.0015,0.4032,1.8131,2323.7043,-1,10249,4497.05,0,0.2667,1,-0.1461,0.3586,0
2026-05-21 13:50:00,2322.9,2323.2,2322.3,2322.7,1306,2322.9184,2323.0319,2322.5786,-1,-0.0244,0.0853,-0.1097,-1,9.5648,14.3181,13.8644,47.9406,0,34.7826,39.1304,0.0,2325.0983,2321.5717,2323.335,0.0015,0.3199,1.7479,2323.7196,-1,8943,4431.7,0,0.2222,-1,-0.159,0.3456,0
2026-05-21 13:51:00,2322.6,2323.2,2321.7,2322.4,2279,2322.8147,2322.9745,2322.5716,-1,-0.0683,0.0546,-0.1229,-1,9.3883,13.4315,15.4828,45.9619,0,33.3333,36.4734,-0.0387,2325.0757,2321.6243,2323.35,0.0015,0.2247,1.7302,2323.7994,-1,6664,4267.85,0,0.1333,-1,-0.1719,0.3327,1
2026-05-21 13:52:00,2322.8,2323.3,2322.1,2323.0,754,2322.8518,2322.9768,2322.5884,-1,-0.0541,0.0329,-0.087,-1,9.1087,13.1733,14.6987,50.3735,0,48.7179,38.9446,0.0043,2324.9229,2321.6271,2323.275,0.0014,0.4166,1.6923,2323.8204,-1,7418,3724.2,0,0.1667,1,-0.1461,0.3586,1
2026-05-21 13:53:00,2323.2,2323.3,2322.9,2323.1,962,2322.9014,2322.988,2322.6085,-1,-0.0344,0.0194,-0.0538,-1,8.849,12.938,14.4362,51.0902,0,57.1429,46.398,0.0603,2324.7952,2321.6348,2323.215,0.0014,0.4636,1.6,2323.5718,-1,8380,2947.45,0,0.25,-1,-0.1419,0.3629,1
2026-05-21 13:54:00,2323.2,2324.3,2322.8,2323.2,2310,2322.9611,2323.0073,2322.6317,-1,-0.0106,0.0134,-0.024,-1,8.9514,16.552,13.4652,51.8392,0,60.0,55.2869,0.0344,2324.5382,2321.7318,2323.135,0.0012,0.5232,1.5929,2323.5222,-1,10690,2956.7,0,0.0,1,-0.1376,0.3672,1
2026-05-21 13:55:00,2323.4,2325.9,2323.4,2324.9,10633,2323.3489,2323.1793,2322.7206,1,0.1438,0.0395,0.1043,1,10.3585,21.4782,11.912,62.3852,0,79.1667,65.4365,0.0775,2324.724,2321.626,2323.175,0.0013,1.0568,1.672,2323.6482,1,21323,3117.95,1,0.6,1,-0.0645,0.4407,1
2026-05-21 13:56:00,2324.9,2325.5,2324.1,2325.0,4565,2323.6791,2323.3448,2322.81,1,0.2711,0.0858,0.1853,1,11.665,20.1785,11.1911,62.8998,0,81.25,73.4722,0.0947,2324.8253,2321.5647,2323.195,0.0014,1.0536,1.6525,2323.7154,1,25888,3243.05,0,0.0714,1,-0.0602,0.445,1
2026-05-21 13:57:00,2325.1,2326.9,2324.9,2326.5,6283,2324.2433,2323.6317,2322.9547,1,0.4875,0.1662,0.3213,1,13.7548,24.4217,10.238,69.6153,-1,92.9825,84.4664,0.1507,2325.4232,2321.1768,2323.3,0.0018,1.2536,1.6774,2323.8392,1,32171,3198.75,1,0.7,1,0.0,0.5098,0
2026-05-21 13:58:00,2326.6,2326.6,2325.4,2326.2,12283,2324.6346,2323.8652,2323.082,1,0.6274,0.2584,0.369,1,15.6954,23.1478,9.704,67.0031,-1,86.5385,86.9236,0.1378,2325.8351,2320.9549,2323.395,0.0021,1.0748,1.6433,2324.2073,1,19888,3483.35,1,0.3333,-1,-0.0129,0.4968,1
2026-05-21 13:59:00,2326.2,2329.9,2326.2,2328.0,23850,2325.3077,2324.241,2323.2748,1,0.8736,0.3814,0.4921,1,18.847,32.8976,8.2714,73.4423,-1,76.8293,85.4501,0.2152,2326.7936,2320.4964,2323.645,0.0027,1.1916,1.7902,2325.2513,1,43738,4474.45,1,0.4865,1,0.0,0.5746,0
2026-05-21 14:00:00,2328.0,2328.0,2325.9,2326.4,4601,2325.5262,2324.4373,2323.3974,1,0.9288,0.4909,0.4379,1,21.4268,30.1748,8.7692,61.8823,0,57.3171,73.5616,0.1593,2327.1641,2320.4959,2323.83,0.0029,0.8854,1.8123,2325.3501,1,39137,4660.7,0,0.7619,-1,-0.0687,0.5055,0
2026-05-21 14:01:00,2326.6,2326.6,2325.0,2325.6,5126,2325.5409,2324.543,2323.4838,1,0.8977,0.5723,0.3254,1,22.8337,28.2559,11.7886,57.0472,0,47.561,60.5691,0.1378,2327.3559,2320.5341,2323.945,0.0029,0.7426,1.7971,2325.4079,1,34011,4832.65,0,0.625,-1,-0.1031,0.4709,0
2026-05-21 14:02:00,2325.6,2326.0,2325.2,2325.4,1774,2325.5127,2324.6209,2323.5589,1,0.8471,0.6272,0.2199,1,24.14,27.3203,11.3983,55.8719,0,45.122,50.0,0.1033,2327.5017,2320.6383,2324.07,0.003,0.6938,1.7259,2325.5832,-1,32237,4591.65,0,0.25,-1,-0.1117,0.4623,0
2026-05-21 14:03:00,2325.4,2326.0,2325.2,2325.4,3812,2325.4902,2324.6917,2323.6311,1,0.7978,0.6613,0.1365,1,25.353,26.3797,11.0059,55.8719,0,45.122,45.935,0.099,2327.552,2320.958,2324.255,0.0028,0.6736,1.6598,2325.6419,-1,36049,4705.4,0,0.0,1,-0.1117,0.4623,1
2026-05-21 14:04:00,2326.0,2327.0,2325.4,2326.4,9550,2325.6722,2324.847,2323.7397,1,0.8299,0.6951,0.1348,1,26.9432,28.8733,10.2461,60.5813,0,57.3171,49.187,0.1377,2327.7629,2321.1471,2324.455,0.0028,0.794,1.6555,2325.7482,1,45599,5111.0,1,0.25,1,-0.0687,0.5055,1
2026-05-21 14:05:00,2326.4,2326.8,2326.0,2326.8,4206,2325.8977,2325.0246,2323.8597,1,0.8775,0.7315,0.1459,1,28.4199,27.8385,9.8789,62.3138,0,60.2564,54.2318,0.0817,2328.0367,2321.2433,2324.64,0.0029,0.818,1.5944,2325.8145,1,49805,5253.8,0,0.5,1,-0.0515,0.5227,0
2026-05-21 14:06:00,2326.7,2327.0,2326.0,2326.8,11225,2326.0782,2325.186,2323.975,1,0.9048,0.7662,0.1386,1,29.8844,27.4777,9.4242,62.3138,0,56.338,57.9705,0.0774,2328.2508,2321.4292,2324.84,0.0029,0.7873,1.5519,2325.9384,1,61030,5725.1,1,0.1,1,-0.0515,0.5227,0
2026-05-21 14:07:00,2326.8,2327.0,2325.3,2325.3,7648,2325.9225,2325.1964,2324.027,1,0.7962,0.7722,0.024,1,30.3301,25.3423,11.8918,52.314,0,35.2113,50.6019,-0.0516,2328.2635,2321.6465,2324.955,0.0028,0.5521,1.5625,2326.0199,-1,53382,5941.0,0,0.8824,-1,-0.116,0.4579,0
2026-05-21 14:08:00,2325.7,2325.9,2324.3,2324.5,10740,2325.638,2325.133,2324.0455,1,0.6382,0.7454,-0.1072,-1,29.6085,23.4919,15.5871,47.8992,0,16.9231,36.1575,-0.0731,2328.2238,2321.8362,2325.03,0.0027,0.417,1.5652,2326.0238,-1,42642,6247.8,1,0.75,-1,-0.1503,0.4234,0
2026-05-21 14:09:00,2324.5,2324.7,2323.5,2323.6,3366,2325.2304,2324.9937,2324.0281,1,0.4353,0.6834,-0.248,-1,28.1534,22.1836,18.4317,43.4561,0,1.5625,17.8989,-0.189,2328.1876,2321.9324,2325.06,0.0027,0.2666,1.5391,2325.9926,-1,39276,6363.65,0,0.75,-1,-0.189,0.3845,1
2026-05-21 14:10:00,2324.0,2325.0,2323.7,2324.7,3664,2325.1243,2324.967,2324.0544,1,0.3592,0.6185,-0.2593,-1,27.0331,22.1342,17.2264,49.6086,0,18.75,12.4119,-0.0731,2328.1017,2322.2183,2325.16,0.0025,0.4218,1.5292,2325.9823,-1,42940,6481.55,0,0.5385,1,-0.1418,0.432,0
2026-05-21 14:11:00,2324.9,2325.0,2323.6,2324.4,5540,2324.9795,2324.9154,2324.068,1,0.2715,0.5491,-0.2776,-1,25.8914,20.678,16.563,48.0723,0,14.0625,11.4583,-0.0516,2327.9443,2322.5757,2325.26,0.0023,0.3398,1.5199,2325.9745,-1,37400,6644.6,0,0.3571,-1,-0.1546,0.4191,0
2026-05-21 14:12:00,2324.4,2325.7,2323.2,2324.2,19076,2324.8236,2324.8504,2324.0731,-1,0.1838,0.4761,-0.2923,-1,25.3832,21.5003,14.7027,47.0267,0,14.9254,15.9126,-0.0516,2327.8487,2322.7913,2325.32,0.0022,0.2785,1.5899,2325.7875,-1,18324,7560.7,1,0.08,-1,-0.1632,0.3454,1
2026-05-21 14:13:00,2324.2,2325.4,2323.9,2324.8,22492,2324.8189,2324.8458,2324.1016,-1,0.1608,0.413,-0.2522,-1,24.9113,20.0456,13.7079,50.5047,0,33.3333,20.7737,-0.0258,2327.7361,2323.0739,2325.405,0.002,0.3702,1.5835,2325.6608,-1,40816,8637.2,1,0.4,1,-0.1375,0.3713,0
2026-05-21 14:14:00,2325.1,2326.1,2324.1,2324.6,33996,2324.7751,2324.8235,2324.1212,-1,0.1251,0.3554,-0.2304,-1,25.004,21.3698,12.4941,49.3418,0,36.8421,28.3669,-0.0774,2327.6131,2323.3369,2325.475,0.0018,0.2954,1.6133,2325.565,-1,6820,10221.5,1,0.25,-1,-0.146,0.3627,1
2026-05-21 14:15:00,2324.1,2324.7,2324.1,2324.7,2275,2324.7601,2324.8122,2324.1439,-1,0.1036,0.3051,-0.2015,-1,25.0902,20.7755,12.1466,49.9622,0,39.4737,36.5497,-0.0903,2327.6156,2323.3144,2325.465,0.0018,0.3221,1.5409,2325.5978,-1,9095,9803.6,0,1.0,1,-0.1418,0.367,0
2026-05-21 14:16:00,2325.4,2325.4,2323.7,2323.7,2153,2324.5481,2324.7111,2324.1265,-1,0.0058,0.2452,-0.2394,-1,25.6759,22.3714,11.1964,44.1406,0,13.1579,29.8246,-0.1332,2327.6777,2323.1223,2325.4,0.002,0.1268,1.5523,2325.6002,-1,6942,9683.0,0,1.0,-1,-0.1847,0.3238,1
2026-05-21 14:17:00,2323.6,2325.0,2323.6,2324.5,6541,2324.5384,2324.6919,2324.1411,-1,-0.0071,0.1948,-0.2018,-1,26.0813,20.92,10.9334,49.2365,0,34.2105,28.9474,-0.0344,2327.5512,2323.0488,2325.3,0.0019,0.3223,1.5414,2325.5424,-1,13483,9695.9,0,0.6429,1,-0.1503,0.3583,0
2026-05-21 14:18:00,2324.5,2324.5,2322.2,2322.2,3161,2324.0708,2324.4654,2324.065,-1,-0.2005,0.1157,-0.3162,-1,24.7701,18.766,16.075,38.3923,0,0.0,15.7895,-0.0989,2327.6822,2322.5178,2325.1,0.0022,-0.0615,1.5956,2325.4635,-1,10322,9239.8,0,1.0,-1,-0.2491,0.259,0
2026-05-21 14:19:00,2322.2,2322.9,2321.3,2321.9,3617,2323.6366,2324.2322,2323.9801,-1,-0.3738,0.0178,-0.3916,-1,23.3012,17.4221,18.9521,37.2402,0,10.5263,14.9123,-0.0732,2327.3761,2322.2139,2324.795,0.0022,-0.0608,1.5959,2325.0157,-1,6705,8228.15,0,0.1875,-1,-0.262,0.2461,1
2026-05-21 14:20:00,2322.3,2323.6,2321.9,2323.6,1234,2323.6293,2324.1747,2323.9652,-1,-0.3696,-0.0597,-0.3099,-1,21.9682,19.2212,17.5167,46.9546,0,40.3509,16.9591,-0.0473,2327.1757,2322.1343,2324.655,0.0022,0.2907,1.6033,2324.9505,-1,7939,8059.8,0,0.7647,1,-0.189,0.3195,0
2026-05-21 14:21:00,2323.6,2324.1,2322.5,2322.8,3998,2323.4634,2324.0497,2323.9195,-1,-0.426,-0.1329,-0.293,-1,21.148,20.0787,16.2679,43.5392,0,31.25,27.3757,-0.0688,2327.1198,2321.9102,2324.515,0.0022,0.1708,1.6031,2324.88,-1,3941,8003.4,0,0.5,-1,-0.2234,0.2849,1
2026-05-21 14:22:00,2322.8,2323.5,2322.7,2323.2,1320,2323.4107,2323.9725,2323.8913,-1,-0.4334,-0.193,-0.2403,-1,20.3863,19.3364,15.6665,45.6672,0,39.5833,37.0614,-0.043,2327.0367,2321.7733,2324.405,0.0023,0.2711,1.5457,2324.8583,-1,5261,7980.7,0,0.5,1,-0.2062,0.3022,1
2026-05-21 14:23:00,2323.2,2323.4,2323.0,2323.3,1151,2323.3886,2323.9114,2323.8681,-1,-0.4262,-0.2397,-0.1866,-1,19.679,18.959,15.3608,46.213,0,41.6667,37.5,-0.0645,2326.9321,2321.6679,2324.3,0.0023,0.31,1.4639,2324.83,-1,6412,7847.65,0,0.25,1,-0.2019,0.3065,1
2026-05-21 14:24:00,2323.5,2324.4,2323.2,2324.4,1666,2323.5909,2323.9558,2323.889,-1,-0.328,-0.2573,-0.0707,-1,19.8713,22.7775,14.4496,51.933,0,64.5833,48.6111,-0.0086,2326.6511,2321.7489,2324.2,0.0021,0.5408,1.445,2324.7287,-1,8078,7453.45,0,0.75,1,-0.1546,0.354,1
2026-05-21 14:25:00,2324.8,2325.0,2323.1,2325.0,6003,2323.8727,2324.0507,2323.9325,-1,-0.1995,-0.2458,0.0463,1,20.4879,23.5859,13.1224,54.7592,0,77.0833,61.1111,0.0129,2326.2898,2321.9302,2324.11,0.0019,0.7041,1.4775,2324.664,1,14081,7543.3,0,0.1053,1,-0.1289,0.3799,0
2026-05-21 14:26:00,2325.0,2325.3,2323.0,2323.4,14534,2323.7782,2323.9915,2323.9116,-1,-0.2242,-0.2414,0.0173,1,21.269,22.4585,11.7191,46.8488,0,43.75,61.8056,-0.0129,2325.7537,2322.1263,2323.94,0.0016,0.3511,1.5363,2324.451,-1,-453,7708.75,1,0.6957,-1,-0.1976,0.3109,1
2026-05-21 14:27:00,2323.5,2323.9,2323.4,2323.9,1390,2323.8025,2323.9832,2323.9112,-1,-0.201,-0.2334,0.0323,1,21.9942,21.91,11.4329,49.313,0,54.1667,58.3333,-0.0258,2325.5731,2322.1669,2323.87,0.0015,0.5088,1.4623,2324.3711,-1,937,7395.85,0,0.8,1,-0.1761,0.3324,0
2026-05-21 14:28:00,2324.0,2325.4,2323.3,2323.8,3246,2323.802,2323.9666,2323.9068,-1,-0.1886,-0.2244,0.0358,1,23.605,26.8362,10.2955,48.8254,0,60.9756,52.9641,0.0689,2325.5134,2322.1566,2323.835,0.0014,0.4896,1.5078,2324.3259,-1,-2309,7021.15,0,0.0952,-1,-0.1804,0.3281,1
2026-05-21 14:29:00,2323.8,2324.5,2322.7,2323.9,12824,2323.8216,2323.9605,2323.9066,-1,-0.1688,-0.2133,0.0445,1,24.3145,24.5791,12.2331,49.3646,0,63.4146,59.519,0.0861,2325.5251,2322.1749,2323.85,0.0014,0.5149,1.5287,2324.2812,-1,10515,7494.05,1,0.0556,1,-0.1761,0.3324,0
2026-05-21 14:30:00,2324.0,2324.5,2322.7,2322.8,2271,2323.6173,2323.855,2323.8632,-1,-0.239,-0.2184,-0.0206,-1,24.9733,22.5377,11.2171,43.8873,0,36.5854,53.6585,-0.0344,2325.442,2322.068,2323.755,0.0015,0.2169,1.5481,2324.2621,-1,8244,7424.4,0,0.6667,-1,-0.2234,0.2849,1
2026-05-21 14:31:00,2322.8,2323.3,2322.3,2323.3,1364,2323.5538,2323.8046,2323.8411,-1,-0.2515,-0.225,-0.0264,-1,25.0546,21.4709,12.5797,46.778,0,48.7805,49.5935,0.0215,2325.3709,2322.0291,2323.7,0.0014,0.3803,1.5089,2324.2471,-1,9608,7215.6,0,0.5,1,-0.2019,0.3065,0
2026-05-21 14:32:00,2323.2,2324.0,2322.7,2323.0,5708,2323.4431,2323.7314,2323.8081,-1,-0.2823,-0.2365,-0.0458,-1,25.6308,23.4831,11.7978,45.2711,0,41.4634,42.2764,-0.0086,2325.321,2321.959,2323.64,0.0014,0.3096,1.494,2324.1855,-1,3900,6547.2,0,0.1538,-1,-0.2148,0.2936,1
2026-05-21 14:33:00,2322.7,2323.8,2321.7,2323.8,5247,2323.5145,2323.7377,2323.8078,-1,-0.2394,-0.2371,-0.0023,-1,24.9548,21.1917,15.293,49.9055,0,56.7568,49.0002,0.0215,2325.1874,2321.9926,2323.59,0.0014,0.5657,1.5373,2324.0336,-1,9147,5684.95,0,0.5238,1,-0.1804,0.3281,0
2026-05-21 14:34:00,2323.2,2324.0,2323.1,2323.8,12300,2323.5716,2323.7433,2323.8075,-1,-0.203,-0.2303,0.0272,1,24.487,21.2361,14.634,49.9055,0,56.7568,51.659,-0.0258,2325.083,2322.017,2323.55,0.0013,0.5815,1.4918,2323.6477,1,21447,4600.15,1,0.6667,1,-0.1804,0.3281,1
2026-05-21 14:35:00,2323.9,2326.0,2323.2,2324.9,18027,2323.8373,2323.8485,2323.8503,-1,-0.0845,-0.2011,0.1166,1,25.3541,27.5688,12.7877,55.8653,0,74.4186,62.644,-0.0043,2325.1251,2321.9949,2323.56,0.0013,0.9281,1.5852,2323.8057,1,39474,5387.75,1,0.3571,1,-0.1332,0.3756,0
2026-05-21 14:36:00,2325.0,2325.0,2323.7,2324.6,8061,2323.9898,2323.9168,2323.8797,1,-0.0146,-0.1638,0.1492,1,26.1593,25.9328,12.0289,53.9791,0,67.4419,66.2057,0.0516,2325.2341,2321.9759,2323.605,0.0014,0.8054,1.5648,2323.8415,1,31413,5683.15,0,0.3077,-1,-0.146,0.3627,0
2026-05-21 14:37:00,2324.8,2325.2,2322.4,2322.4,7422,2323.6718,2323.7789,2323.8217,-1,-0.1352,-0.1581,0.0229,1,25.5008,22.7953,16.1908,42.616,0,16.2791,52.7132,-0.0645,2325.1553,2321.8447,2323.5,0.0014,0.1677,1.6531,2323.7786,-1,23991,5727.2,0,0.8571,-1,-0.2405,0.2677,1
2026-05-21 14:38:00,2322.8,2323.0,2322.1,2322.6,894,2323.4575,2323.6717,2323.7738,-1,-0.2122,-0.1689,-0.0433,-1,24.6006,21.879,16.8799,43.7748,0,20.9302,34.8837,-0.0516,2325.1207,2321.9193,2323.52,0.0014,0.2126,1.5993,2323.7918,-1,24885,5613.85,0,0.2222,-1,-0.232,0.2763,0
2026-05-21 14:39:00,2322.1,2322.7,2322.0,2322.4,4477,2323.246,2323.5561,2323.7199,-1,-0.286,-0.1923,-0.0937,-1,23.6659,21.1663,16.7954,42.8431,0,16.2791,17.8295,-0.0645,2325.0569,2322.0331,2323.545,0.0013,0.1213,1.535,2323.7916,-1,20408,5656.85,0,0.4286,1,-0.2405,0.2677,0
2026-05-21 14:40:00,2323.1,2323.1,2321.3,2321.4,8941,2322.8768,2323.3601,2323.6289,-1,-0.4204,-0.2379,-0.1824,-1,22.1241,19.4151,18.6234,38.4379,0,2.1277,13.1123,-0.0603,2325.2118,2321.6582,2323.435,0.0015,-0.0727,1.554,2323.6619,-1,11467,6042.2,0,0.9444,-1,-0.2835,0.2245,1
2026-05-21 14:41:00,2321.4,2324.9,2321.3,2324.8,11163,2323.2614,2323.491,2323.6749,-1,-0.2496,-0.2403,-0.0094,-1,22.0199,24.0411,15.8066,55.2758,0,74.4681,30.9583,0.0646,2325.3814,2321.6886,2323.535,0.0016,0.8426,1.7001,2323.6788,1,22630,6400.45,1,0.9444,1,-0.1375,0.3713,1
2026-05-21 14:42:00,2324.5,2325.9,2324.3,2324.9,18328,2323.5891,2323.6191,2323.7229,-1,-0.105,-0.2132,0.1082,1,22.5009,26.6373,14.7395,55.6599,0,76.5957,51.0638,0.0818,2325.5514,2321.6886,2323.62,0.0017,0.8314,1.693,2323.855,1,40958,7250.85,1,0.25,1,-0.1332,0.3756,0
2026-05-21 14:43:00,2324.8,2325.1,2323.0,2324.2,9777,2323.7113,2323.6719,2323.7416,1,-0.0464,-0.1798,0.1335,1,21.7988,24.317,18.8479,52.2753,0,61.7021,70.922,0.0172,2325.6064,2321.7236,2323.665,0.0017,0.6378,1.722,2323.8752,1,31181,7682.15,0,0.2857,-1,-0.1632,0.3454,0
2026-05-21 14:44:00,2324.2,2324.2,2322.8,2323.1,2735,2323.5891,2323.6199,2323.7164,-1,-0.0876,-0.1614,0.0738,1,20.9835,22.8858,18.5794,47.3977,0,38.2979,58.8652,-0.0301,2325.5256,2321.6744,2323.6,0.0017,0.3702,1.699,2323.8649,-1,28446,7735.6,0,0.7857,-1,-0.2105,0.2979,1
2026-05-21 14:45:00,2323.1,2324.8,2322.8,2324.1,2582,2323.6912,2323.6636,2323.7315,1,-0.0392,-0.137,0.0978,1,20.6201,23.4765,17.0367,51.8006,0,59.5745,53.1915,-0.0344,2325.3875,2321.7225,2323.555,0.0016,0.6487,1.7205,2323.8456,1,31028,7564.55,0,0.5,1,-0.1675,0.3411,1
2026-05-21 14:46:00,2324.0,2325.8,2323.0,2325.7,14704,2324.093,2323.8487,2323.8087,1,0.1268,-0.0842,0.211,1,20.8797,24.838,15.1413,57.876,0,93.617,63.8298,0.0473,2325.7244,2321.6156,2323.67,0.0018,0.9941,1.7976,2323.9362,1,45732,7573.05,1,0.6071,1,-0.0988,0.4102,0
2026-05-21 14:47:00,2325.7,2325.7,2324.4,2324.7,15737,2324.2144,2323.9261,2323.8436,1,0.1757,-0.0322,0.2079,1,21.1208,23.5291,14.3434,53.3498,0,72.3404,75.1773,0.099,2325.8113,2321.6087,2323.71,0.0018,0.7356,1.7621,2324.0326,1,29995,8290.4,1,0.7692,-1,-0.1418,0.367,0
2026-05-21 14:48:00,2324.0,2324.7,2322.7,2323.0,3856,2323.9715,2323.8419,2323.8106,1,0.0763,-0.0105,0.0869,1,19.8904,21.6398,20.017,46.6682,0,36.1702,67.3759,0.0172,2325.7933,2321.5467,2323.67,0.0018,0.3422,1.7791,2324.0168,-1,26139,8320.9,0,0.5,-1,-0.2148,0.2936,1
2026-05-21 14:49:00,2323.6,2324.9,2322.9,2324.3,3701,2324.0372,2323.8835,2323.8297,1,0.1014,0.0119,0.0895,1,18.8875,20.7134,18.4238,51.6546,0,65.2174,57.9093,0.0818,2325.8291,2321.5509,2323.69,0.0018,0.6426,1.7949,2324.0431,1,29840,7864.75,0,0.35,1,-0.1589,0.3497,0
2026-05-21 14:50:00,2324.2,2325.5,2323.4,2324.0,5131,2324.0298,2323.8941,2323.8364,1,0.0959,0.0287,0.0672,1,18.3709,21.3622,16.9025,50.4816,0,58.6957,53.3611,0.112,2325.8529,2321.6471,2323.75,0.0018,0.5594,1.8167,2324.0614,-1,24709,8007.75,0,0.0952,-1,-0.1718,0.3368,0
2026-05-21 14:51:00,2324.2,2325.4,2323.0,2323.7,19447,2323.9638,2323.8765,2323.8311,1,0.0665,0.0362,0.0303,1,17.5531,19.3915,16.8808,49.2765,0,52.1739,58.6957,-0.0473,2325.8629,2321.6771,2323.77,0.0018,0.4833,1.8583,2324.0667,-1,5262,8911.9,1,0.2083,-1,-0.1847,0.3238,1
2026-05-21 14:52:00,2324.0,2327.2,2324.0,2327.0,37100,2324.5711,2324.1604,2323.9553,1,0.306,0.0902,0.2159,1,17.9267,23.4457,14.7446,60.4583,0,96.6102,69.1599,0.0903,2326.4576,2321.4824,2323.97,0.0021,1.109,1.9756,2324.4433,1,42362,10481.5,1,0.9375,1,-0.043,0.4663,0
2026-05-21 14:53:00,2327.0,2327.7,2323.2,2324.0,24883,2324.4568,2324.1458,2323.9571,1,0.2509,0.1223,0.1286,1,17.6122,19.9501,15.1968,49.7263,0,42.1875,63.6572,-0.0086,2326.4664,2321.4936,2323.98,0.0021,0.504,2.1559,2324.5309,-1,17479,11463.3,1,0.6667,-1,-0.1718,0.3368,1
2026-05-21 14:54:00,2324.1,2326.8,2323.9,2326.8,20944,2324.9255,2324.3871,2324.0686,1,0.4282,0.1835,0.2447,1,17.3202,18.0794,13.7718,57.3381,0,85.9375,74.9117,0.1593,2326.9006,2321.3594,2324.13,0.0024,0.9818,2.2091,2324.6919,1,38423,11895.5,1,0.931,1,-0.0515,0.4576,0
2026-05-21 14:55:00,2327.0,2327.6,2325.3,2325.5,28888,2325.0404,2324.4883,2324.1247,1,0.4585,0.2385,0.22,1,17.5458,19.3179,12.7506,53.3029,0,56.0,61.375,0.0602,2326.976,2321.344,2324.16,0.0024,0.7379,2.2155,2324.8587,1,9535,12438.55,1,0.6522,-1,-0.1074,0.4015,1
2026-05-21 14:56:00,2326.3,2327.4,2325.1,2326.0,18445,2325.2323,2324.6257,2324.1983,1,0.5169,0.2942,0.2227,1,17.573,17.8894,12.4508,54.6255,0,66.0,69.3125,0.0129,2327.1538,2321.3062,2324.23,0.0025,0.8027,2.2216,2324.965,1,27980,12957.75,0,0.1304,-1,-0.0859,0.4231,1
2026-05-21 14:57:00,2326.1,2327.9,2326.1,2327.8,34458,2325.7458,2324.9143,2324.3395,1,0.7004,0.3754,0.325,1,17.9146,18.4095,11.6822,59.1151,0,98.0769,73.359,0.1334,2327.6837,2321.3163,2324.5,0.0027,1.0183,2.1986,2325.2845,1,62438,14309.55,1,0.9444,1,-0.0086,0.5008,1
2026-05-21 14:58:00,2327.0,2329.0,2325.9,2328.5,45759,2326.2967,2325.2403,2324.5027,1,0.892,0.4787,0.4132,1,18.8607,20.0802,10.5391,60.7419,0,92.0635,85.3801,0.2368,2328.2973,2321.2927,2324.795,0.003,1.0289,2.263,2325.6395,1,108197,16552.8,1,0.4839,1,0.0,0.531,1
2026-05-21 14:59:00,2328.9,2330.5,2328.1,2329.8,34478,2326.9973,2325.6548,2324.7104,1,1.1356,0.6101,0.5255,1,20.4412,23.2798,9.7442,63.6357,0,91.0256,93.722,0.2366,2329.1123,2321.2177,2325.165,0.0034,1.0871,2.2728,2326.0456,1,142675,18052.85,1,0.375,1,0.0,0.5872,1
2026-05-21 15:00:00,2328.6,2330.0,2328.6,2330.0,28120,2327.5979,2326.0498,2324.9178,1,1.3296,0.754,0.5755,1,21.9088,22.2266,9.3034,64.0745,0,93.5897,92.2263,0.2582,2329.6793,2321.5107,2325.595,0.0035,1.0393,2.2104,2326.4002,1,170795,19011.8,0,1.0,1,0.0,0.5958,0
2026-05-21 15:01:00,2330.0,2330.0,2328.1,2329.2,18642,2327.9183,2326.3362,2325.0858,1,1.4025,0.8837,0.5188,1,22.7448,20.8481,10.3585,60.9088,0,83.3333,89.3162,0.2367,2330.1694,2321.4606,2325.815,0.0037,0.8887,2.1883,2326.6087,1,152153,19385.75,0,0.4211,-1,-0.0343,0.5613,0
2026-05-21 15:02:00,2329.5,2329.5,2327.4,2328.0,17541,2327.9346,2326.4874,2325.2,1,1.348,0.9766,0.3714,1,22.8236,19.4149,11.9379,56.4069,0,67.1053,81.3428,0.043,2330.4031,2321.5369,2325.97,0.0038,0.729,2.182,2326.76,1,134612,19346.4,0,0.7143,-1,-0.0858,0.5095,1
2026-05-21 15:03:00,2328.3,2329.6,2327.4,2329.5,25509,2328.2477,2326.7613,2325.3687,1,1.4095,1.0631,0.3464,1,22.9573,18.3447,11.0786,60.3518,0,86.6667,79.0351,0.2367,2330.8434,2321.6266,2326.235,0.004,0.8542,2.1832,2326.9559,1,160121,20133.0,0,0.5455,1,-0.0215,0.5742,0
2026-05-21 15:04:00,2329.5,2330.0,2327.7,2327.9,25039,2328.1782,2326.8648,2325.4679,1,1.314,1.1133,0.2007,1,23.3273,18.2732,10.2482,54.6689,0,65.3333,73.0351,0.0473,2330.9017,2322.0483,2326.475,0.0038,0.661,2.1916,2327.072,1,135082,21248.2,0,0.6957,-1,-0.0901,0.5051,0
2026-05-21 15:05:00,2328.5,2328.5,2326.5,2326.6,24028,2327.8625,2326.8408,2325.5123,1,1.1206,1.1148,0.0058,1,22.4931,17.0746,13.5116,50.5075,0,46.5753,66.1918,0.0473,2330.8905,2322.3095,2326.6,0.0037,0.5,2.1779,2327.0972,-1,111054,22320.5,0,0.95,-1,-0.1459,0.449,1
2026-05-21 15:06:00,2326.6,2328.4,2325.6,2327.9,38769,2327.87,2326.9371,2325.606,1,1.0599,1.1038,-0.0439,-1,20.9677,15.538,15.1883,54.2573,0,64.3836,58.7641,0.0817,2331.0153,2322.4047,2326.71,0.0037,0.6382,2.2223,2327.1847,1,149823,23523.75,1,0.4643,1,-0.0901,0.5051,0
2026-05-21 15:07:00,2327.9,2328.3,2327.0,2327.0,32493,2327.696,2326.9428,2325.6606,1,0.9285,1.0687,-0.1402,-1,19.5513,14.8689,14.5343,51.3563,0,46.9697,52.6429,-0.0344,2331.0311,2322.6189,2326.825,0.0036,0.5208,2.1565,2327.274,-1,117330,24361.55,0,0.6923,-1,-0.1288,0.4663,0
2026-05-21 15:08:00,2327.0,2327.2,2325.7,2326.7,35949,2327.4968,2326.9207,2325.7014,1,0.7911,1.0132,-0.2221,-1,19.0576,14.1137,18.1978,50.3892,0,29.6296,46.9943,-0.0773,2330.8351,2323.1849,2327.01,0.0033,0.4595,2.1096,2327.251,-1,81381,25966.2,0,0.2,-1,-0.1416,0.4533,1
2026-05-21 15:09:00,2326.7,2327.2,2325.4,2326.8,45852,2327.3575,2326.9097,2325.7445,1,0.6823,0.947,-0.2647,-1,18.8036,13.2444,18.1035,50.7223,0,31.4815,36.0269,-0.1288,2330.7556,2323.5144,2327.135,0.0031,0.4537,2.0875,2327.2081,-1,127233,28073.75,1,0.0556,1,-0.1373,0.4576,1
2026-05-21 15:10:00,2327.0,2330.3,2326.9,2330.3,49850,2327.946,2327.2179,2325.9231,1,0.8686,0.9313,-0.0628,-1,18.5567,21.8499,16.0353,60.6752,0,96.0784,52.3965,0.0129,2331.0207,2323.8793,2327.45,0.0031,0.8991,2.1884,2327.3938,1,177083,30309.7,1,0.9706,1,0.0,0.6088,0
2026-05-21 15:11:00,2330.3,2332.0,2328.5,2328.9,37183,2328.1368,2327.3709,2326.0399,1,0.8929,0.9237,-0.0307,-1,19.1513,24.7772,14.2787,55.8187,0,53.0303,60.1967,-0.0129,2330.8861,2324.5339,2327.71,0.0027,0.6873,2.282,2327.642,1,139900,31196.5,0,0.4,-1,-0.0601,0.5483,0
2026-05-21 15:12:00,2328.8,2329.2,2326.9,2328.1,36772,2328.1294,2327.4371,2326.1207,1,0.838,0.9065,-0.0685,-1,18.6038,22.9945,18.2565,53.1984,0,40.9091,63.3393,0.0043,2330.9281,2324.6019,2327.765,0.0027,0.553,2.2833,2327.7607,1,103128,31180.1,0,0.3043,-1,-0.0944,0.5138,1
2026-05-21 15:13:00,2328.2,2330.9,2328.2,2330.4,42581,2328.5835,2327.7065,2326.2885,1,0.9689,0.919,0.0499,1,18.8661,26.2459,16.6829,59.1375,0,75.7576,56.5657,0.0386,2330.9397,2325.2303,2328.085,0.0025,0.9055,2.3202,2328.0067,1,145709,32065.0,0,0.8148,1,0.0,0.6131,0
2026-05-21 15:14:00,2330.3,2331.3,2325.9,2326.7,40649,2328.2068,2327.615,2326.3046,1,0.7652,0.8882,-0.123,-1,17.7923,22.2606,20.6171,48.4794,0,19.697,45.4545,-0.0515,2330.944,2325.216,2328.08,0.0025,0.2591,2.5402,2328.0731,-1,105060,33050.25,0,0.6667,-1,-0.1588,0.4533,1
2026-05-21 15:15:00,2326.8,2329.4,2326.0,2329.2,40852,2328.4055,2327.7591,2326.4182,1,0.7964,0.8699,-0.0735,-1,16.7952,20.1826,18.6925,54.4526,0,57.5758,51.0101,0.1118,2330.9079,2325.6221,2328.265,0.0023,0.6769,2.6016,2328.1641,1,145912,33648.45,0,0.7059,1,-0.0515,0.5613,0
2026-05-21 15:16:00,2329.0,2329.2,2326.6,2326.6,21577,2328.0444,2327.6537,2326.4253,1,0.6043,0.8168,-0.2124,-1,15.8694,18.7419,17.3581,48.1945,0,18.1818,31.8182,-0.0558,2330.8465,2325.7435,2328.295,0.0022,0.1678,2.6015,2328.1963,-1,124335,33805.05,0,0.9231,-1,-0.1631,0.449,0
2026-05-21 15:17:00,2326.5,2326.9,2325.1,2325.5,30835,2327.5355,2327.4579,2326.389,1,0.3592,0.7252,-0.3661,-1,15.2736,17.7948,20.6921,45.7965,0,5.7971,27.1849,-0.0645,2331.0032,2325.3568,2328.18,0.0024,0.0254,2.5443,2328.1356,-1,93500,33623.9,0,0.5556,-1,-0.2103,0.4015,0
2026-05-21 15:18:00,2325.5,2325.5,2324.0,2324.5,27507,2326.9284,2327.189,2326.3149,-1,0.0833,0.5968,-0.5136,-1,15.2457,17.0228,22.9759,43.6692,0,6.25,10.0763,-0.0946,2331.2201,2324.7399,2327.98,0.0028,-0.037,2.4697,2328.0133,-1,65993,32711.3,0,0.6667,-1,-0.2532,0.3583,0
2026-05-21 15:19:00,2324.8,2324.8,2324.5,2324.5,17867,2326.4427,2326.9446,2326.2437,-1,-0.1338,0.4507,-0.5846,-1,15.2198,16.8652,22.7632,43.6692,0,6.25,6.099,-0.0988,2331.1758,2324.2542,2327.715,0.003,0.0355,2.3147,2327.839,-1,83860,31880.75,0,1.0,-1,-0.2532,0.3583,1
2026-05-21 15:20:00,2324.5,2326.4,2324.4,2325.7,34209,2326.2942,2326.8314,2326.2224,-1,-0.2067,0.3192,-0.5259,-1,14.225,20.7999,21.3445,47.0897,0,21.25,11.25,-0.1974,2330.9,2324.1,2327.5,0.0029,0.2353,2.2922,2327.6407,-1,118069,32185.2,0,0.6,1,-0.2017,0.4102,0
2026-05-21 15:21:00,2325.3,2327.1,2324.4,2324.5,23100,2325.9353,2326.6195,2326.1549,-1,-0.3571,0.184,-0.5411,-1,13.4986,21.2258,19.5712,44.1994,0,6.25,11.25,-0.1889,2330.8092,2323.7208,2327.265,0.003,0.1099,2.3213,2327.5165,-1,94969,32408.1,0,0.2963,-1,-0.2532,0.3583,0
2026-05-21 15:22:00,2324.5,2325.2,2324.0,2324.2,27957,2325.5883,2326.3995,2326.0782,-1,-0.4949,0.0482,-0.5431,-1,12.5902,20.414,20.0975,43.4809,0,2.5,10.0,-0.1675,2330.8416,2323.3084,2327.075,0.0032,0.1184,2.2412,2327.3662,-1,67012,32928.9,0,0.25,-1,-0.266,0.3454,1
2026-05-21 15:23:00,2324.2,2325.0,2324.2,2324.9,16145,2325.4506,2326.2632,2326.032,-1,-0.5413,-0.0697,-0.4716,-1,11.7467,19.8685,19.5604,45.699,0,11.25,6.6667,-0.236,2330.5525,2323.1375,2326.845,0.0032,0.2377,2.1383,2327.2422,-1,83157,32460.7,0,0.875,1,-0.236,0.3756,1
2026-05-21 15:24:00,2324.9,2325.5,2324.6,2325.2,14167,2325.4005,2326.1665,2325.9994,-1,-0.5476,-0.1653,-0.3823,-1,11.2727,20.9877,18.947,46.6651,0,15.0,9.5833,-0.0645,2330.4505,2322.9695,2326.71,0.0032,0.2982,2.0499,2327.144,-1,97324,31917.1,0,0.3333,1,-0.2231,0.3886,0
2026-05-21 15:25:00,2325.1,2326.6,2325.0,2325.2,23142,2325.3604,2326.0787,2325.968,-1,-0.5463,-0.2415,-0.3048,-1,11.4674,23.693,17.8738,46.6651,0,16.4384,14.2295,-0.1717,2330.4381,2322.8419,2326.64,0.0033,0.3104,2.0177,2327.0859,-1,120466,31872.8,0,0.0625,1,-0.2231,0.3886,0
2026-05-21 15:26:00,2325.0,2326.7,2323.9,2324.0,20758,2325.0883,2325.8897,2325.8909,-1,-0.6347,-0.3201,-0.3146,-1,10.9021,21.4078,19.939,43.1072,0,1.3514,10.9299,-0.1118,2330.3629,2322.5271,2326.445,0.0034,0.188,2.0736,2326.9981,-1,99708,30972.25,0,0.3571,-1,-0.2746,0.3368,1
2026-05-21 15:27:00,2324.0,2324.7,2324.0,2324.2,18128,2324.9107,2325.7361,2325.8246,-1,-0.6809,-0.3923,-0.2886,-1,10.3771,20.8659,19.4343,43.8753,0,4.0541,7.2813,-0.0559,2330.3321,2322.2779,2326.305,0.0035,0.2386,1.9755,2326.8939,-1,117836,30254.0,0,0.2857,1,-0.266,0.3454,1
2026-05-21 15:28:00,2324.9,2325.3,2324.0,2325.1,12564,2324.9485,2325.6783,2325.7961,-1,-0.6374,-0.4413,-0.1961,-1,10.2671,22.0844,18.498,47.3216,0,21.8182,9.0745,0.0258,2330.281,2322.169,2326.225,0.0035,0.3613,1.9272,2326.8709,-1,130400,29084.75,0,0.1538,1,-0.2274,0.3843,1
2026-05-21 15:29:00,2325.0,2326.0,2324.9,2325.4,6717,2325.0388,2325.653,2325.7806,-1,-0.5722,-0.4675,-0.1047,-1,10.5844,23.832,17.72,48.4577,0,28.3019,18.058,0.0387,2330.2173,2322.0927,2326.155,0.0035,0.4071,1.8681,2326.8873,-1,137117,27128.0,0,0.3636,1,-0.2146,0.3972,1
2026-05-22 09:15:00,2330.1,2334.9,2325.9,2327.3,0,2325.4911,2325.8027,2325.8402,-1,-0.3631,-0.4466,0.0836,1,13.7341,43.4732,12.7374,55.0673,0,30.9091,27.0097,0.0688,2329.6434,2322.3666,2326.005,0.0031,0.678,2.4133,2326.6567,1,137117,24635.5,0,0.3111,-1,-0.133,0.4792,1
2026-05-22 09:16:00,2327.0,2329.7,2324.2,2328.0,12868,2325.9928,2326.0025,2325.9249,-1,-0.1392,-0.3851,0.2459,1,15.6873,36.9886,15.448,57.2428,0,37.2727,32.1612,0.1506,2329.4742,2322.4458,2325.96,0.003,0.7903,2.6338,2326.4248,1,149985,23419.75,0,0.1818,1,-0.103,0.5095,0
2026-05-22 09:17:00,2327.1,2327.7,2322.8,2323.5,11043,2325.4943,2325.775,2325.8298,-1,-0.3212,-0.3723,0.0512,1,16.7721,32.1117,16.9609,42.8725,0,5.7851,24.6556,-0.0301,2329.256,2322.204,2325.73,0.003,0.1838,2.8171,2326.2446,-1,138942,22133.3,0,0.7347,-1,-0.2961,0.3152,0
2026-05-22 09:18:00,2321.9,2324.7,2320.6,2320.6,8279,2324.5154,2325.3045,2325.6247,-1,-0.6915,-0.4362,-0.2553,-1,16.7598,28.8786,20.6558,36.5113,0,0.0,14.3526,-0.185,2328.7576,2321.7224,2325.24,0.003,-0.1595,2.9087,2325.7837,-1,130663,20418.2,0,0.3171,-1,-0.4205,0.19,1
2026-05-22 09:19:00,2320.2,2323.3,2319.0,2321.6,9884,2323.9323,2324.9677,2325.4669,-1,-0.8939,-0.5277,-0.3662,-1,16.093,25.9299,22.346,39.8268,0,16.3522,7.3791,-0.1548,2328.7714,2321.1986,2324.985,0.0033,0.053,3.0081,2325.4313,-1,140547,18879.95,0,0.3256,1,-0.3776,0.2331,1
2026-05-22 09:20:00,2321.6,2324.6,2321.6,2322.4,4266,2323.6259,2324.7343,2325.3466,-1,-0.9785,-0.6179,-0.3606,-1,15.8998,27.1699,20.7538,42.4175,0,21.3836,12.5786,-0.1204,2328.0594,2321.2306,2324.645,0.0029,0.1712,3.0075,2325.0675,-1,144813,17050.65,0,0.2667,1,-0.3433,0.2677,0
2026-05-22 09:21:00,2323.1,2323.3,2319.1,2320.0,16310,2322.9007,2324.3039,2325.1369,-1,-1.2251,-0.7393,-0.4858,-1,14.7669,24.5343,24.5146,37.2378,0,6.2893,14.6751,-0.1721,2328.1586,2320.4714,2324.315,0.0033,-0.0613,3.0927,2324.706,-1,128503,16787.3,0,0.7381,-1,-0.4463,0.1641,0
2026-05-22 09:22:00,2320.0,2321.0,2318.1,2318.7,14844,2322.0606,2323.7945,2324.8845,-1,-1.508,-0.8931,-0.615,-1,14.0541,22.8837,25.1853,34.7616,1,3.5714,10.4148,-0.2366,2328.4845,2319.4655,2323.975,0.0039,-0.0849,3.0789,2324.3448,-1,113659,15987.75,0,0.4483,-1,-0.5021,0.1079,0
2026-05-22 09:23:00,2318.1,2318.8,2315.3,2316.9,5508,2321.0284,2323.1677,2324.5714,-1,-1.8561,-1.0857,-0.7704,-1,14.2563,21.0436,29.593,31.6258,1,8.1633,6.008,-0.3527,2329.046,2318.144,2323.595,0.0047,-0.1141,3.109,2324.1792,-1,108151,14887.8,0,0.3429,-1,-0.5793,0.0302,0
2026-05-22 09:24:00,2316.9,2318.6,2316.3,2316.5,3945,2320.1228,2322.5615,2324.2549,-1,-2.1396,-1.2964,-0.8431,-1,14.444,19.9106,27.9997,30.9575,1,6.1224,5.9524,-0.3827,2329.4382,2316.9518,2323.195,0.0054,-0.0362,3.0512,2324.0548,-1,104206,14191.7,0,0.1739,-1,-0.5965,0.013,0
2026-05-22 09:25:00,2316.3,2316.5,2314.9,2316.5,9934,2319.3982,2322.0105,2323.9507,-1,-2.3373,-1.5046,-0.8327,-1,15.0256,19.1386,30.3067,30.9575,1,8.0,7.4286,-0.4641,2329.5056,2315.9644,2322.735,0.0058,0.0396,2.9476,2323.5548,-1,114140,12977.95,0,0.125,1,-0.5965,0.013,0
2026-05-22 09:26:00,2316.5,2317.4,2314.1,2314.1,10018,2318.3386,2321.2914,2323.5644,-1,-2.657,-1.7351,-0.9219,-1,15.1686,19.7835,27.9036,26.9888,1,0.0,4.7075,-0.5971,2329.8993,2314.5307,2322.215,0.0066,-0.028,2.9727,2323.0485,-1,104122,12323.85,0,0.7273,-1,-0.6995,0.0,1
2026-05-22 09:27:00,2313.1,2316.6,2313.1,2315.0,14096,2317.6709,2320.7194,2323.2286,-1,-2.8054,-1.9492,-0.8563,-1,15.6064,18.1406,27.959,30.5827,1,8.7156,5.5719,-0.3658,2329.9906,2313.5194,2321.755,0.0071,0.0899,3.0104,2322.3843,-1,118218,11630.8,0,0.5429,1,-0.6608,0.0389,0
2026-05-22 09:28:00,2316.2,2316.2,2313.2,2313.2,18654,2316.7767,2320.0358,2322.8353,-1,-3.0333,-2.166,-0.8673,-1,16.013,16.849,25.9684,27.6511,1,0.4587,3.0581,-0.3189,2330.0647,2312.2753,2321.17,0.0077,0.052,3.0096,2321.576,-1,99564,11756.25,1,1.0,-1,-0.7381,0.0,0
2026-05-22 09:29:00,2313.4,2313.5,2310.5,2312.0,7732,2315.8213,2319.3053,2322.4104,-1,-3.273,-2.3874,-0.8856,-1,17.1708,15.6491,30.5284,25.8706,1,7.8125,5.6623,-0.4135,2330.0464,2310.9736,2320.51,0.0082,0.0538,3.009,2321.0339,-1,91832,11434.5,0,0.4667,-1,-0.7896,0.0,0
2026-05-22 09:30:00,2312.0,2313.1,2310.8,2310.8,12435,2314.8171,2318.5321,2321.9551,-1,-3.5193,-2.6138,-0.9055,-1,18.2459,14.78,28.8331,24.193,1,1.7442,3.3385,-0.4995,2329.955,2309.625,2319.79,0.0088,0.0578,2.9583,2320.0091,-1,79397,10899.15,0,0.5217,-1,-0.8411,0.0,1
2026-05-22 09:31:00,2310.7,2313.9,2308.1,2313.9,14567,2314.6337,2318.111,2321.6392,-1,-3.4248,-2.776,-0.6488,-1,19.9155,12.8431,31.1551,35.7789,0,34.9398,14.8321,-0.2629,2329.5661,2309.0039,2319.285,0.0089,0.2381,3.1613,2318.9798,-1,93964,10589.6,0,0.5517,1,-0.708,0.1342,1
2026-05-22 09:32:00,2313.7,2315.4,2312.8,2315.4,7231,2314.7869,2317.8645,2321.3945,-1,-3.1921,-2.8592,-0.3329,-1,20.6909,15.5117,29.3014,40.5162,0,44.2424,26.9755,-0.1423,2328.9995,2308.6905,2318.845,0.0088,0.3304,3.1212,2318.3397,-1,101195,10044.75,0,0.6538,1,-0.6437,0.1991,1
2026-05-22 09:33:00,2315.0,2317.2,2314.4,2317.2,7018,2315.2695,2317.8041,2321.23,-1,-2.8298,-2.8533,0.0235,1,20.5696,18.6602,27.4099,45.6932,0,55.1515,44.7779,0.0129,2328.2074,2308.6926,2318.45,0.0084,0.4359,3.0983,2317.8497,-1,108213,9767.45,0,0.7857,1,-0.5664,0.277,1
2026-05-22 09:34:00,2318.0,2318.5,2316.7,2317.6,14030,2315.7356,2317.7856,2321.0877,-1,-2.4818,-2.779,0.2972,1,19.9004,20.9515,26.2373,46.8012,0,62.5,53.9646,0.0475,2327.284,2308.836,2318.06,0.008,0.4751,3.0055,2317.5811,1,122243,10133.1,0,0.2222,-1,-0.5493,0.2943,1
2026-05-22 09:35:00,2317.7,2318.5,2316.9,2318.1,3817,2316.2085,2317.8142,2320.9705,-1,-2.141,-2.6514,0.5104,1,19.2791,20.1272,25.2052,48.2233,0,77.5194,65.057,0.0691,2325.7951,2309.4049,2317.6,0.0071,0.5305,2.9051,2317.5857,1,126060,10323.95,0,0.25,1,-0.5278,0.3159,1
2026-05-22 09:36:00,2317.8,2319.8,2316.6,2318.7,9594,2316.7068,2317.8947,2320.8815,-1,-1.8017,-2.4815,0.6798,1,18.1415,21.7284,23.2363,49.9522,0,90.5983,76.8726,0.1988,2323.8361,2310.4339,2317.135,0.0058,0.6168,2.9262,2317.0075,1,135654,10160.25,0,0.2812,1,-0.5021,0.3419,1
2026-05-22 09:37:00,2319.1,2321.5,2318.7,2319.7,5775,2317.3054,2318.0588,2320.8351,-1,-1.4356,-2.2723,0.8367,1,17.2736,24.4012,21.6433,52.7821,0,86.5672,84.8949,0.203,2323.1073,2310.7827,2316.945,0.0053,0.7235,2.9172,2316.6665,1,141429,9896.85,0,0.2143,1,-0.4591,0.3851,0
2026-05-22 09:38:00,2320.0,2320.5,2318.0,2318.9,12447,2317.6244,2318.1353,2320.7593,-1,-1.1962,-2.0571,0.8609,1,16.1758,22.8921,22.0364,50.3303,0,80.597,85.9208,0.2464,2322.8631,2310.8569,2316.86,0.0052,0.6699,2.8874,2316.6013,1,128982,10105.25,0,0.44,-1,-0.4935,0.3505,0
2026-05-22 09:39:00,2319.0,2320.0,2317.8,2318.0,4018,2317.6995,2318.123,2320.651,-1,-1.0668,-1.859,0.7922,1,15.0711,21.6247,21.3197,47.6486,0,73.8806,80.3483,0.2595,2322.308,2311.052,2316.68,0.0049,0.6173,2.8383,2316.4056,1,124964,9811.95,0,0.4545,-1,-0.5321,0.3116,0
2026-05-22 09:40:00,2318.0,2318.0,2317.2,2317.7,1884,2317.6996,2318.0845,2320.5353,-1,-0.9772,-1.6826,0.7055,1,14.2063,21.1658,22.4589,46.7544,0,71.6418,75.3731,0.2986,2321.4568,2311.4332,2316.445,0.0043,0.6252,2.6927,2316.2753,1,123080,9692.85,0,0.375,-1,-0.545,0.2986,1
2026-05-22 09:41:00,2317.6,2318.9,2317.3,2318.9,1964,2317.9397,2318.1587,2320.4712,-1,-0.8001,-1.5061,0.706,1,13.3892,22.6993,21.4772,50.737,0,80.597,75.3731,0.2161,2321.2668,2311.5132,2316.39,0.0042,0.7573,2.6146,2315.8871,1,125044,8975.55,0,0.8125,1,-0.4935,0.3505,0
2026-05-22 09:42:00,2317.6,2318.5,2315.8,2315.9,8491,2317.5317,2317.9533,2320.2919,-1,-0.8916,-1.3832,0.4916,1,12.9019,20.8021,23.7263,42.2324,0,58.209,70.1493,0.0216,2321.013,2311.487,2316.25,0.0041,0.4633,2.6493,2315.6389,1,116553,8657.9,0,0.6296,-1,-0.6222,0.2207,1
2026-05-22 09:43:00,2316.5,2317.8,2314.6,2317.7,2365,2317.5654,2317.9303,2320.1903,-1,-0.8095,-1.2685,0.459,1,12.9337,19.0336,24.8973,47.8777,0,71.6418,70.1493,0.0216,2321.0875,2311.4925,2316.29,0.0041,0.647,2.6886,2315.6095,1,118918,8500.75,0,0.375,1,-0.545,0.2986,1
2026-05-22 09:44:00,2317.7,2318.0,2317.6,2318.0,1452,2317.6523,2317.9366,2320.1044,-1,-0.712,-1.1572,0.4452,1,12.8591,19.384,24.6155,48.7762,0,73.8806,67.9104,0.0173,2321.2198,2311.5102,2316.365,0.0042,0.6684,2.5252,2315.5932,1,120370,8376.1,0,0.75,1,-0.5321,0.3116,1
2026-05-22 09:45:00,2317.9,2318.7,2317.5,2318.7,3970,2317.8618,2318.006,2320.0493,-1,-0.5717,-1.0401,0.4684,1,12.4205,20.7576,23.7475,50.9029,0,67.8161,71.1128,0.0259,2321.4356,2311.5144,2316.475,0.0043,0.7243,2.4305,2315.6368,1,124340,8077.9,0,0.6667,1,-0.5021,0.3419,0
2026-05-22 09:46:00,2317.1,2317.1,2314.0,2316.1,3973,2317.5095,2317.8328,2319.8944,-1,-0.6627,-0.9646,0.3019,1,13.3411,18.0697,30.3152,43.6534,0,28.0,56.5656,-0.1121,2321.4193,2311.7307,2316.575,0.0042,0.451,2.5926,2315.6674,1,120367,7775.65,0,0.3226,-1,-0.6136,0.2294,1
2026-05-22 09:47:00,2316.5,2318.4,2315.4,2318.2,2102,2317.6476,2317.8661,2319.828,-1,-0.5589,-0.8835,0.3246,1,13.535,20.1346,27.8374,49.8642,0,56.0,50.6054,-0.0647,2321.5721,2311.8979,2316.735,0.0042,0.6514,2.6217,2315.7671,1,122469,7175.95,0,0.5667,1,-0.5235,0.3202,0
2026-05-22 09:48:00,2318.1,2318.2,2317.7,2317.8,770,2317.6781,2317.8601,2319.7485,-1,-0.5031,-0.8074,0.3043,1,13.7152,19.8435,27.4349,48.7616,0,50.6667,44.8889,-0.0474,2321.5381,2312.3919,2316.965,0.0039,0.5913,2.4702,2316.0129,1,121699,6281.75,0,0.6,-1,-0.5407,0.3029,0
2026-05-22 09:49:00,2317.8,2317.8,2316.6,2316.7,2450,2317.4825,2317.7547,2319.6289,-1,-0.5414,-0.7542,0.2128,1,14.2875,19.1287,29.7487,45.7649,0,36.0,47.5556,-0.0561,2321.1719,2313.2281,2317.2,0.0034,0.4371,2.3794,2316.2915,1,119249,6017.65,0,0.9167,-1,-0.5879,0.2553,1
2026-05-22 09:50:00,2316.5,2319.0,2316.5,2319.0,1859,2317.786,2317.8679,2319.6043,-1,-0.3817,-0.6797,0.298,1,14.1796,21.2876,27.5242,52.3579,0,66.6667,51.1111,0.0561,2320.3595,2314.8605,2317.61,0.0024,0.7528,2.3881,2316.8584,1,121108,5488.85,0,1.0,1,-0.4892,0.3549,1
2026-05-22 09:51:00,2319.7,2321.8,2319.2,2321.8,8601,2318.5888,2318.2253,2319.6904,1,-0.0289,-0.5495,0.5206,1,13.5105,27.7996,25.2471,58.9069,0,100.0,67.5556,0.1251,2320.7788,2315.2312,2318.005,0.0024,1.1841,2.4175,2317.8824,1,129709,5190.55,1,0.8077,1,-0.369,0.476,0
2026-05-22 09:52:00,2321.8,2322.4,2319.3,2319.8,49938,2318.831,2318.3685,2319.6947,1,0.0882,-0.422,0.5102,1,13.1253,27.0414,22.9803,53.2737,0,69.0476,78.5714,0.1684,2320.8303,2315.6197,2318.225,0.0022,0.8023,2.4662,2318.9399,1,79771,7325.9,1,0.6452,-1,-0.4549,0.3895,1
2026-05-22 09:53:00,2319.8,2321.0,2319.3,2320.9,4405,2319.2448,2318.5986,2319.7419,1,0.2668,-0.2842,0.551,1,12.7677,25.6797,21.8232,55.7785,0,82.1429,83.7302,0.1381,2321.2156,2315.6044,2318.41,0.0024,0.9437,2.4115,2319.1149,1,84176,7195.25,0,0.6471,1,-0.4077,0.4371,1
2026-05-22 09:54:00,2321.5,2322.8,2320.0,2322.4,6354,2319.8759,2318.9442,2319.8462,1,0.5233,-0.1227,0.646,1,13.1433,28.8451,20.0338,59.0056,0,95.4545,82.215,0.1898,2321.9202,2315.3798,2318.65,0.0028,1.0734,2.4392,2319.3931,1,90530,6811.45,0,0.3214,1,-0.3433,0.502,1
2026-05-22 09:55:00,2323.3,2324.4,2322.4,2323.9,4340,2320.6807,2319.3947,2320.0051,1,0.838,0.0694,0.7685,1,14.04,31.8801,18.8452,61.9927,0,95.1923,90.9299,0.2243,2322.9161,2314.9639,2318.94,0.0034,1.1237,2.4079,2319.5691,1,94870,6837.6,0,0.3,1,-0.2789,0.5669,1
2026-05-22 09:56:00,2323.7,2326.7,2323.7,2326.7,10974,2321.8845,2320.0588,2320.2677,1,1.2983,0.3152,0.9831,1,15.5442,35.797,17.1971,66.8485,-1,100.0,96.8823,0.4577,2324.5555,2314.1245,2319.34,0.0045,1.2056,2.4502,2320.1397,1,105844,6906.6,1,1.0,1,-0.1588,0.6881,1
2026-05-22 09:57:00,2327.0,2330.9,2325.0,2329.6,39448,2323.4276,2320.9262,2320.6337,1,1.8755,0.6273,1.2483,1,17.8646,41.3278,14.5095,70.9835,-1,92.3077,95.8333,0.4918,2326.7088,2312.9612,2319.835,0.0059,1.2103,2.6966,2322.0651,1,145292,8590.25,1,0.4407,1,-0.0343,0.8136,1
2026-05-22 09:58:00,2329.4,2331.1,2328.4,2330.8,20015,2324.9021,2321.8238,2321.0323,1,2.4021,0.9822,1.4199,1,20.0567,38.902,13.4719,72.5114,-1,98.2456,96.8511,0.5609,2328.7789,2312.0811,2320.43,0.0072,1.121,2.6968,2323.1651,1,165307,8968.65,1,0.5185,1,0.0,0.8655,0
2026-05-22 09:59:00,2330.8,2331.0,2327.9,2327.9,21625,2325.5017,2322.3762,2321.3017,1,2.556,1.297,1.259,1,21.811,35.7416,13.6877,63.7721,0,81.2865,90.6133,0.4834,2329.7965,2312.0535,2320.925,0.0076,0.8931,2.7256,2323.8915,1,143682,9849.0,1,0.9355,-1,-0.1244,0.74,0
2026-05-22 10:00:00,2328.2,2328.2,2326.3,2327.2,6594,2325.8413,2322.8147,2321.533,1,2.5915,1.5559,1.0356,1,22.5754,33.9226,17.2769,61.8348,0,75.1592,84.8971,0.3536,2330.5431,2312.2569,2321.4,0.0079,0.8172,2.6667,2324.0592,1,137088,10084.5,0,0.5263,-1,-0.1545,0.7097,1
2026-05-22 10:01:00,2327.4,2329.0,2326.4,2327.9,9895,2326.2531,2323.277,2321.7827,1,2.6457,1.7738,0.8719,1,23.493,33.7026,16.0715,63.0438,0,78.0822,78.176,0.2627,2331.3361,2312.3639,2321.85,0.0082,0.8189,2.6619,2324.2875,1,146983,10481.05,0,0.1923,1,-0.1244,0.74,1
2026-05-22 10:02:00,2326.9,2330.0,2326.9,2329.0,12330,2326.8025,2323.7973,2322.0657,1,2.7457,1.9682,0.7775,1,24.5982,33.5839,14.7501,64.9242,0,85.6164,79.6193,0.3966,2332.0661,2312.9439,2322.505,0.0082,0.8397,2.6932,2324.839,1,159313,10673.0,0,0.6774,1,-0.0772,0.7876,1
2026-05-22 10:03:00,2329.0,2331.0,2329.0,2329.4,20487,2327.322,2324.3066,2322.3533,1,2.8248,2.1395,0.6852,1,25.8677,34.471,13.9531,65.6095,-1,88.3562,84.0183,0.3662,2332.8335,2313.3465,2323.09,0.0084,0.8238,2.6437,2325.361,1,179800,11579.1,1,0.2,1,-0.0601,0.8049,1
2026-05-22 10:04:00,2329.5,2332.3,2329.3,2331.8,10642,2328.2176,2324.9879,2322.7238,1,3.0459,2.3208,0.7251,1,27.3448,35.1825,12.8329,69.4642,-1,96.1832,90.0519,0.4048,2333.93,2313.63,2323.78,0.0087,0.8951,2.6691,2325.6614,1,190442,12038.6,0,0.7667,1,0.0,0.9088,0
2026-05-22 10:05:00,2331.6,2332.0,2330.0,2331.7,6206,2328.9141,2325.5981,2323.0758,1,3.1765,2.4919,0.6845,1,28.7164,33.2651,12.1335,69.1166,-1,95.3846,93.308,0.3356,2334.8567,2314.0033,2324.43,0.009,0.8486,2.6213,2325.9239,1,184236,12150.4,0,0.05,1,-0.0043,0.9044,1
2026-05-22 10:06:00,2331.3,2334.4,2331.3,2333.2,7018,2329.7712,2326.2891,2323.4728,1,3.3623,2.666,0.6963,1,30.5027,36.9468,11.1218,71.4264,-1,92.053,94.5403,0.2794,2335.6434,2314.9266,2325.285,0.0089,0.8821,2.6555,2326.2893,1,191254,12302.65,0,0.6129,1,0.0,0.9694,0
2026-05-22 10:07:00,2333.2,2334.0,2330.5,2331.6,14268,2330.137,2326.7719,2323.7915,1,3.3419,2.8012,0.5407,1,31.6565,33.5458,12.202,65.7753,-1,80.5556,89.3311,0.0859,2336.1254,2315.7846,2325.955,0.0087,0.7775,2.7158,2326.6796,1,176986,12910.95,0,0.4571,-1,-0.0686,0.9001,1
2026-05-22 10:08:00,2331.4,2333.1,2330.0,2332.5,22951,2330.6096,2327.2927,2324.133,1,3.3596,2.9129,0.4467,1,32.4133,30.8381,12.519,67.3406,-1,84.1667,85.5917,0.0729,2336.5157,2316.8643,2326.69,0.0084,0.7957,2.7433,2327.1283,1,199937,14020.0,1,0.3548,1,-0.03,0.9391,1
2026-05-22 10:09:00,2332.7,2334.0,2331.7,2333.0,20618,2331.0877,2327.8115,2324.4807,1,3.3751,3.0053,0.3698,1,33.3429,31.3405,11.7605,68.2104,-1,86.9159,83.8794,0.2191,2336.5543,2318.4557,2327.505,0.0078,0.8036,2.7116,2327.6097,1,220555,14928.4,0,0.1304,1,-0.0086,0.9607,0
2026-05-22 10:10:00,2333.6,2334.0,2331.9,2332.7,48153,2331.4101,2328.2559,2324.8031,1,3.3248,3.0692,0.2556,1,34.2061,29.5784,11.0993,67.0564,-1,81.9149,84.3325,0.2363,2336.6128,2319.7672,2328.19,0.0072,0.7677,2.6679,2328.3946,1,172402,17243.1,1,0.4286,-1,-0.0214,0.9477,0
2026-05-22 10:11:00,2332.2,2333.4,2331.1,2331.9,13584,2331.5081,2328.5872,2325.0814,1,3.1837,3.0921,0.0916,1,34.4503,27.7389,12.5722,63.9493,0,69.1358,79.3222,0.1718,2336.7268,2320.6632,2328.695,0.0069,0.6995,2.6417,2328.7233,1,158818,17492.25,0,0.1304,-1,-0.0557,0.9131,0
2026-05-22 10:12:00,2331.5,2331.7,2327.2,2327.2,16057,2330.6465,2328.4611,2325.1645,1,2.662,3.0061,-0.3441,-1,32.5163,24.3996,21.0481,49.4518,0,11.1111,54.0539,-0.0773,2336.0353,2322.0947,2329.065,0.006,0.3662,2.7887,2330.0218,-1,142761,15798.2,0,0.9556,-1,-0.2572,0.7097,0
2026-05-22 10:13:00,2327.9,2328.1,2326.5,2327.1,4298,2329.9372,2328.3374,2325.2404,1,2.2149,2.8478,-0.633,-1,30.4079,23.3682,22.0077,49.1963,0,9.8765,30.0412,-0.0987,2335.3449,2323.4051,2329.375,0.0051,0.3095,2.7038,2330.118,-1,138463,15792.85,0,0.5,-1,-0.2614,0.7054,0
2026-05-22 10:14:00,2327.2,2327.6,2324.0,2324.7,24313,2328.8898,2328.0067,2325.2192,1,1.6479,2.6078,-0.9599,-1,29.0186,21.1972,26.4148,43.3997,0,6.7308,9.2395,-0.3045,2334.988,2323.992,2329.49,0.0047,0.0644,2.7678,2329.9364,-1,114150,16690.8,0,0.6944,-1,-0.3643,0.6015,1
2026-05-22 10:15:00,2324.7,2326.2,2324.7,2325.1,9714,2328.1318,2327.7425,2325.2145,1,1.2168,2.3296,-1.1128,-1,27.7286,20.3489,25.3577,44.5719,0,10.5769,9.0614,-0.2831,2334.8243,2324.2757,2329.55,0.0045,0.0781,2.6772,2329.8861,-1,123864,16959.5,0,0.2667,1,-0.3472,0.6188,1
2026-05-22 10:16:00,2325.1,2325.7,2323.9,2325.7,6751,2327.6454,2327.5568,2325.2335,1,0.9131,2.0463,-1.1333,-1,26.8353,19.3482,26.2963,46.3662,0,17.1429,11.4835,-0.3214,2334.8989,2324.1011,2329.5,0.0046,0.1481,2.6146,2329.9268,-1,130615,16748.35,0,0.3333,1,-0.3214,0.6448,0
2026-05-22 10:17:00,2326.2,2326.4,2324.0,2324.0,5721,2326.9164,2327.2334,2325.1852,-1,0.5291,1.7429,-1.2138,-1,25.6505,19.9958,24.562,42.198,0,0.9524,9.5574,-0.326,2335.1261,2323.3139,2329.22,0.0051,0.0581,2.5992,2330.0162,-1,124894,15062.0,0,0.9167,-1,-0.3943,0.5712,1
2026-05-22 10:18:00,2324.3,2325.8,2324.0,2325.4,4125,2326.6131,2327.0668,2325.1936,-1,0.3339,1.4611,-1.1272,-1,24.5503,18.9845,23.3197,46.4662,0,14.2857,10.7937,-0.3044,2335.0336,2322.8664,2328.95,0.0052,0.2082,2.5422,2329.9388,-1,129019,14267.5,0,0.6111,1,-0.3343,0.6318,1
2026-05-22 10:19:00,2325.2,2326.3,2324.8,2326.0,4875,2326.4905,2326.9698,2325.2252,-1,0.225,1.2139,-0.9889,-1,23.2568,19.6075,22.3072,48.2305,0,20.0,11.746,-0.3,2335.0593,2322.6507,2328.855,0.0053,0.2699,2.4677,2329.9428,-1,133894,13430.0,0,0.5333,1,-0.3086,0.6578,1
2026-05-22 10:20:00,2326.4,2328.9,2325.7,2328.9,6854,2326.9724,2327.1453,2325.3693,-1,0.3685,1.0448,-0.6763,-1,22.3674,25.1986,20.2839,55.8109,0,49.505,27.9302,-0.1629,2335.0977,2322.7823,2328.94,0.0053,0.4968,2.52,2329.9555,-1,140748,13443.0,0,0.7812,1,-0.1843,0.7833,1
2026-05-22 10:21:00,2328.6,2329.4,2328.0,2329.0,4985,2327.3779,2327.3139,2325.5117,1,0.4847,0.9328,-0.4481,-1,21.7484,25.6296,19.4526,56.0499,0,50.495,40.0,-0.1244,2335.1342,2322.8558,2328.995,0.0053,0.5004,2.44,2330.0157,-1,145733,13197.5,0,0.2857,1,-0.18,0.7876,1
2026-05-22 10:22:00,2329.2,2332.2,2329.1,2331.0,4951,2328.1023,2327.649,2325.7269,1,0.7297,0.8921,-0.1624,-1,22.183,31.2992,17.67,60.6352,0,70.297,56.7657,0.1633,2335.2961,2322.8939,2329.095,0.0053,0.6536,2.4943,2330.0966,1,150684,12828.55,0,0.5806,1,-0.0943,0.8742,1
2026-05-22 10:23:00,2330.9,2332.2,2330.8,2331.2,3916,2328.7219,2327.9718,2325.9416,1,0.9293,0.8996,0.0298,1,22.5865,30.0038,16.9387,61.0726,0,72.2772,64.3564,0.1762,2335.4531,2322.9169,2329.185,0.0054,0.6607,2.4161,2330.1432,1,154600,12000.0,0,0.2143,1,-0.0857,0.8828,0
2026-05-22 10:24:00,2330.8,2330.8,2328.4,2328.4,1891,2328.6575,2328.0107,2326.038,1,0.8518,0.89,-0.0382,-1,21.683,27.548,22.5678,52.3098,0,47.3684,63.3142,0.1592,2335.1737,2322.8563,2329.015,0.0053,0.4501,2.4436,2330.09,-1,152709,11562.45,0,1.0,-1,-0.2057,0.7616,1
2026-05-22 10:25:00,2328.4,2331.5,2328.0,2330.1,7955,2328.946,2328.2007,2326.1973,1,0.9169,0.8954,0.0215,1,21.1149,26.7989,20.3281,56.4001,0,74.6988,64.7815,0.215,2334.9928,2322.8772,2328.935,0.0052,0.5962,2.519,2330.0519,1,160664,11649.9,0,0.4857,1,-0.1329,0.8352,0
2026-05-22 10:26:00,2330.7,2331.5,2329.6,2329.9,2435,2329.1368,2328.3551,2326.3425,1,0.9416,0.9046,0.0369,1,20.5875,25.3293,19.2133,55.7939,0,72.2892,64.7855,0.1806,2334.5264,2323.0136,2328.77,0.0049,0.5982,2.4748,2329.9653,-1,158229,11420.75,0,0.4211,-1,-0.1414,0.8266,0
2026-05-22 10:27:00,2330.2,2330.2,2329.0,2329.6,1436,2329.2294,2328.4683,2326.4702,1,0.9262,0.909,0.0173,1,19.7713,24.4185,20.3203,54.8415,0,68.6747,71.8876,0.241,2334.2943,2323.0457,2328.67,0.0048,0.5827,2.3837,2329.826,-1,156793,10779.15,0,0.5,-1,-0.1543,0.8136,1
2026-05-22 10:28:00,2329.7,2331.7,2329.4,2331.3,2150,2329.6435,2328.7257,2326.6596,1,1.0392,0.935,0.1042,1,19.6468,27.2374,18.9164,59.1016,0,89.1566,76.7068,0.2537,2334.0934,2323.1266,2328.61,0.0047,0.7453,2.3778,2329.5963,1,158943,9739.1,0,0.6957,1,-0.0814,0.8871,0
2026-05-22 10:29:00,2330.6,2331.4,2330.5,2330.8,1986,2329.8748,2328.9143,2326.822,1,1.0761,0.9632,0.1128,1,19.5313,26.4668,18.3812,57.3869,0,83.1325,80.3213,0.2064,2333.7081,2323.2919,2328.5,0.0045,0.7208,2.2722,2329.2243,1,156957,8807.5,0,0.2222,1,-0.1029,0.8655,1
2026-05-22 10:30:00,2331.0,2332.0,2330.7,2332.0,2190,2330.2999,2329.1948,2327.025,1,1.1884,1.0083,0.1801,1,19.6777,27.2967,17.6063,60.3594,0,97.561,89.95,0.1331,2333.568,2323.362,2328.465,0.0044,0.8464,2.2028,2327.9165,1,159147,6509.35,0,0.7692,1,-0.0514,0.9174,0
2026-05-22 10:31:00,2332.0,2332.2,2330.3,2330.6,2561,2330.3599,2329.3226,2327.1652,1,1.1511,1.0368,0.1143,1,19.5516,25.5983,17.8208,55.4956,0,80.4878,87.0604,0.0687,2333.3574,2323.4426,2328.4,0.0043,0.7219,2.1811,2327.5028,1,156586,5958.2,0,0.7368,-1,-0.1114,0.8568,1
2026-05-22 10:32:00,2330.7,2331.9,2330.6,2331.9,1120,2330.6679,2329.5569,2327.3509,1,1.2126,1.072,0.1406,1,19.4345,24.4761,17.0395,58.8144,0,95.9459,91.3316,0.0386,2333.7845,2323.4855,2328.635,0.0044,0.817,2.1182,2327.361,1,157706,5211.35,0,0.9231,1,-0.0557,0.9131,1
2026-05-22 10:33:00,2331.9,2335.9,2331.2,2335.9,16554,2331.7143,2330.1335,2327.6862,1,1.566,1.1708,0.3952,1,20.8456,33.3158,14.5552,66.975,-1,100.0,92.1446,0.2016,2335.0606,2323.0894,2329.075,0.0051,1.0701,2.3026,2328.3566,1,174260,5824.15,1,0.8511,1,0.0,1.0862,0
2026-05-22 10:34:00,2336.4,2338.7,2335.5,2335.5,14186,2332.4715,2330.6214,2327.9926,1,1.7931,1.2952,0.4978,1,22.8659,38.5488,13.1495,65.5757,-1,70.0935,88.6798,0.3049,2335.8671,2323.3629,2329.615,0.0054,0.9706,2.3667,2330.1199,1,160074,5317.8,1,0.2812,-1,-0.0171,1.0689,1
2026-05-22 10:35:00,2334.1,2338.5,2332.9,2338.5,14912,2333.6772,2331.3376,2328.4047,1,2.1899,1.4742,0.7157,1,23.2454,32.6129,18.274,70.546,-1,98.1308,89.4081,0.3605,2337.2854,2323.2846,2330.285,0.006,1.0868,2.5977,2331.4074,1,174986,5577.7,1,0.7857,1,0.0,1.1987,0
2026-05-22 10:36:00,2332.0,2335.8,2331.4,2332.4,184847,2333.4217,2331.4342,2328.5613,1,1.9892,1.5772,0.4121,1,22.8627,26.9473,18.7696,53.5998,0,41.1215,69.7819,0.1073,2337.3465,2323.8935,2330.62,0.0058,0.6323,2.9193,2332.6984,-1,-9861,14482.5,1,0.0909,1,-0.2609,0.9347,0
2026-05-22 10:37:00,2332.5,2333.2,2329.3,2331.0,8892,2332.9374,2331.3947,2328.657,1,1.6977,1.6013,0.0964,1,21.5981,24.4361,22.0383,50.5958,0,28.0374,55.7632,0.0601,2336.9717,2324.9683,2330.97,0.0051,0.5025,2.9893,2332.8062,-1,-18753,14641.05,0,0.3846,-1,-0.3207,0.8742,1
2026-05-22 10:38:00,2332.9,2334.8,2331.6,2334.1,7679,2333.1699,2331.6407,2328.8704,1,1.6972,1.6205,0.0767,1,20.9752,26.0099,20.0753,56.42,0,57.0093,42.0561,0.1201,2336.9744,2325.8356,2331.405,0.0048,0.7419,3.0472,2332.9319,1,-11074,14818.75,0,0.375,1,-0.1882,1.0083,1
2026-05-22 10:39:00,2334.3,2336.4,2333.2,2335.6,6599,2333.6559,2332.0006,2329.1343,1,1.7971,1.6558,0.1413,1,20.8983,27.803,18.5748,58.9423,0,68.0412,51.0293,0.2059,2337.155,2326.615,2331.885,0.0045,0.8525,3.0581,2333.0974,1,-4475,14904.95,0,0.4062,1,-0.124,1.0732,1
2026-05-22 10:40:00,2336.4,2337.4,2336.0,2336.9,4548,2334.3047,2332.446,2329.4389,1,1.9586,1.7164,0.2423,1,21.1212,29.0051,17.7702,61.0464,0,81.4433,68.8313,0.2101,2337.7969,2326.7731,2332.285,0.0047,0.9186,2.9683,2333.2758,1,73,14789.65,0,0.3571,1,-0.0684,1.1295,0
2026-05-22 10:41:00,2337.1,2338.0,2335.4,2336.7,23723,2334.7838,2332.8327,2329.7236,1,2.0469,1.7825,0.2644,1,21.3282,27.1741,16.6485,60.5325,0,78.7234,76.0693,0.2617,2338.285,2327.055,2332.67,0.0048,0.8589,2.942,2333.605,1,-23650,15726.55,1,0.1538,-1,-0.077,1.1208,1
2026-05-22 10:42:00,2336.3,2339.8,2334.6,2339.6,27106,2335.747,2333.4479,2330.1109,1,2.3241,1.8908,0.4333,1,22.0467,28.0648,14.6558,65.1185,-1,98.0952,86.0873,0.3302,2339.4116,2326.7884,2333.1,0.0054,1.0149,3.1032,2334.0006,1,3456,16834.3,1,0.6346,1,0.0,1.2463,0
2026-05-22 10:43:00,2338.6,2339.9,2338.3,2339.5,5466,2336.4976,2333.9981,2330.4791,1,2.5068,2.014,0.4928,1,22.7422,27.2326,14.0967,64.8387,0,96.2264,91.015,0.1541,2340.3427,2326.6873,2333.515,0.0059,0.9383,2.9959,2334.1153,1,-2010,16911.8,0,0.5625,1,-0.0043,1.242,0
2026-05-22 10:44:00,2339.0,2339.9,2336.0,2336.0,4696,2336.3981,2334.1801,2330.6956,1,2.3421,2.0796,0.2625,1,22.2111,24.7538,18.1816,55.8019,0,63.2075,85.8431,0.0214,2340.379,2327.411,2333.895,0.0056,0.6623,3.0605,2334.1864,1,-6706,17052.05,0,0.7692,-1,-0.1539,1.0905,1
2026-05-22 10:45:00,2336.8,2337.8,2336.1,2336.7,2083,2336.4585,2334.4092,2330.9311,1,2.2423,2.1122,0.1301,1,21.718,23.6824,17.3946,57.09,0,69.8113,76.4151,-0.077,2340.5732,2327.8768,2334.225,0.0054,0.6949,2.9704,2334.3055,1,-4623,16758.45,0,0.0588,-1,-0.124,1.1208,1
2026-05-22 10:46:00,2336.7,2337.5,2336.1,2337.5,2903,2336.6668,2334.6902,2331.1887,1,2.2023,2.1302,0.0722,1,21.26,22.8538,16.7861,58.5759,0,77.3585,70.1258,0.2187,2340.7796,2328.4304,2334.605,0.0053,0.7344,2.8582,2334.358,1,-1720,16781.85,0,0.5714,1,-0.0898,1.1554,1
2026-05-22 10:47:00,2337.6,2339.7,2336.6,2337.7,6997,2336.8734,2334.9638,2331.444,1,2.1619,2.1365,0.0254,1,21.621,26.5588,15.4935,58.9585,0,79.2453,75.4717,0.2874,2340.8731,2329.1469,2335.01,0.005,0.7294,2.8755,2334.4527,1,5277,17059.9,0,0.0323,1,-0.0812,1.1641,0
2026-05-22 10:48:00,2337.2,2337.2,2333.8,2333.9,8611,2336.2787,2334.8671,2331.5404,1,1.8024,2.0697,-0.2673,-1,20.5921,24.0497,20.8124,49.5868,0,43.3962,66.6667,-0.0086,2340.7793,2329.5007,2335.14,0.0048,0.3901,2.9487,2334.488,-1,-3334,17382.95,0,0.9706,-1,-0.2436,0.9997,0
2026-05-22 10:49:00,2333.7,2333.7,2332.5,2332.8,2297,2335.583,2334.6792,2331.5898,1,1.4125,1.9383,-0.5258,-1,19.144,23.2023,23.3509,47.2457,0,33.0189,51.8868,-0.1199,2340.6335,2329.8465,2335.24,0.0046,0.2738,2.8381,2334.4986,-1,-5631,17398.5,0,0.75,-1,-0.2906,0.9521,1
2026-05-22 10:50:00,2333.2,2333.2,2332.8,2333.0,1022,2335.0664,2334.5265,2331.6451,1,1.1069,1.772,-0.6651,-1,17.7994,22.9535,23.1005,47.7289,0,34.9057,37.1069,-0.1669,2340.58,2330.0,2335.29,0.0045,0.2836,2.6639,2334.5127,-1,-4609,17340.1,0,0.5,-1,-0.2821,0.9607,0
2026-05-22 10:51:00,2333.0,2334.4,2332.3,2332.5,3344,2334.5531,2334.3423,2331.6786,1,0.8149,1.5806,-0.7657,-1,17.0066,24.9082,21.7798,46.5802,0,10.8434,26.256,-0.1797,2340.3955,2330.3745,2335.385,0.0043,0.2121,2.6236,2334.5245,-1,-7953,17379.25,0,0.2381,-1,-0.3035,0.9391,0
2026-05-22 10:52:00,2332.5,2333.6,2332.3,2332.5,2659,2334.1425,2334.1748,2331.7108,-1,0.5769,1.3798,-0.8029,-1,16.2705,23.9936,20.9801,46.5802,0,2.6316,16.1269,-0.3035,2340.3483,2330.4817,2335.415,0.0042,0.2046,2.5291,2334.5211,-1,-5294,17456.2,0,0.0,1,-0.3035,0.9391,1
2026-05-22 10:53:00,2333.0,2334.0,2331.3,2333.5,3196,2334.014,2334.1135,2331.781,-1,0.4636,1.1966,-0.733,-1,15.1125,22.1728,22.1987,49.4047,0,25.5814,13.0188,-0.2565,2340.2916,2330.2984,2335.295,0.0043,0.3204,2.5413,2334.5153,-1,-2098,16788.3,0,0.1852,1,-0.2607,0.9823,1
2026-05-22 10:54:00,2333.3,2334.4,2332.5,2333.7,7842,2333.9512,2334.0759,2331.8562,-1,0.3855,1.0344,-0.6489,-1,14.2187,22.1119,20.9914,49.9744,0,27.907,18.7067,-0.0985,2340.2482,2330.1618,2335.205,0.0043,0.3508,2.4955,2334.4036,-1,5744,16471.1,0,0.2105,1,-0.2522,0.991,1
2026-05-22 10:55:00,2334.0,2334.4,2333.1,2334.1,1660,2333.981,2334.0781,2331.9442,-1,0.3519,0.8979,-0.546,-1,13.3887,21.2599,20.1827,51.1589,0,32.5581,28.6822,-0.1113,2339.8134,2330.1566,2334.985,0.0041,0.4084,2.4101,2334.2956,-1,7404,15808.5,0,0.0769,1,-0.2351,1.0083,1
2026-05-22 10:56:00,2333.5,2334.2,2332.9,2334.2,4082,2334.0248,2334.0892,2332.0327,-1,0.3294,0.7842,-0.4547,-1,12.5069,20.413,19.9915,51.4682,0,33.7209,31.3953,-0.1412,2339.7726,2330.3774,2335.075,0.004,0.4069,2.3308,2335.7753,-1,11486,6770.25,0,0.5385,1,-0.2308,1.0126,0
2026-05-22 10:57:00,2334.1,2334.2,2330.2,2330.9,3593,2333.3998,2333.7992,2331.9883,-1,0.0449,0.6363,-0.5914,-1,12.8431,18.0325,25.5318,42.0109,0,7.2165,24.4985,-0.2909,2339.7851,2330.3549,2335.07,0.004,0.0578,2.45,2335.9796,-1,7893,6505.3,0,0.8,-1,-0.3719,0.8698,0
2026-05-22 10:58:00,2330.9,2331.8,2330.5,2330.9,1776,2332.8998,2333.5357,2331.9456,-1,-0.1786,0.4733,-0.6519,-1,13.1554,17.3253,24.5305,42.0109,0,7.3684,16.1019,-0.1285,2339.9518,2329.8682,2334.91,0.0043,0.1023,2.3679,2336.0626,-1,9669,6210.15,0,0.0,1,-0.3719,0.8698,0
2026-05-22 10:59:00,2331.0,2331.0,2329.8,2330.2,7062,2332.3599,2333.2324,2331.8771,-1,-0.4075,0.2972,-0.7046,-1,13.75,16.6753,25.7988,40.1939,0,4.0404,6.2084,-0.1115,2340.0686,2329.2114,2334.64,0.0047,0.0911,2.2845,2335.7908,-1,2607,6233.3,0,0.6667,-1,-0.4018,0.8395,0
2026-05-22 11:00:00,2331.0,2331.0,2329.0,2329.2,3136,2331.7279,2332.8658,2331.7721,-1,-0.6619,0.1054,-0.7673,-1,14.6366,15.6232,26.6949,37.6864,0,1.8692,4.426,-0.1629,2340.0665,2328.4435,2334.255,0.005,0.0651,2.2642,2335.6006,-1,-529,6162.7,0,0.9,-1,-0.4445,0.7963,0
2026-05-22 11:01:00,2329.0,2329.2,2327.2,2328.4,8949,2331.0623,2332.4599,2331.6399,-1,-0.9175,-0.0992,-0.8183,-1,16.1259,14.6291,30.7227,35.7641,0,12.0,5.9699,-0.1758,2340.0646,2327.6154,2333.84,0.0053,0.063,2.2453,2334.7552,-1,-9478,5424.0,1,0.3,-1,-0.4787,0.7616,1
2026-05-22 11:02:00,2328.0,2329.2,2327.6,2328.7,7326,2330.5899,2332.118,2331.5246,-1,-1.0834,-0.2961,-0.7874,-1,17.5088,13.8689,29.1261,37.0606,0,20.8333,11.5675,-0.1629,2339.3121,2327.2779,2333.295,0.0052,0.1182,2.1992,2333.247,-1,-2152,4435.0,1,0.4375,1,-0.4659,0.7746,0
2026-05-22 11:03:00,2328.6,2329.1,2327.2,2328.6,4183,2330.1919,2331.7982,2331.4099,-1,-1.209,-0.4786,-0.7304,-1,18.9381,13.0046,28.623,36.794,0,19.4444,17.4259,-0.21,2338.3826,2327.1174,2332.75,0.0048,0.1316,2.1778,2332.636,-1,-6335,4370.85,0,0.0,1,-0.4702,0.7703,1
2026-05-22 11:04:00,2328.6,2329.8,2328.5,2328.7,6552,2329.8935,2331.5166,2331.3036,-1,-1.2857,-0.6401,-0.6456,-1,19.7146,14.7976,27.3664,37.2799,0,20.8333,20.3704,-0.2143,2338.0737,2326.6963,2332.385,0.0049,0.1761,2.1151,2332.1238,-1,217,4463.65,0,0.0769,1,-0.4659,0.7746,1
2026-05-22 11:05:00,2329.2,2329.9,2328.0,2328.8,2480,2329.6748,2331.2696,2331.2055,-1,-1.3231,-0.7767,-0.5464,-1,20.6429,13.8412,27.2985,37.7948,0,22.2222,20.8333,-0.2271,2337.5202,2326.4598,2331.99,0.0047,0.2116,2.0998,2331.9244,-1,2697,4483.5,0,0.2105,-1,-0.4616,0.779,1
2026-05-22 11:06:00,2328.8,2330.6,2328.1,2330.1,4957,2329.7598,2331.1633,2331.1621,-1,-1.2336,-0.8681,-0.3656,-1,20.9487,15.0292,25.0081,44.2078,0,40.2778,27.7778,-0.1756,2336.5877,2326.6523,2331.62,0.0043,0.347,2.1283,2331.6371,-1,7654,4586.2,0,0.52,1,-0.4061,0.8352,0
2026-05-22 11:07:00,2330.0,2330.6,2328.7,2329.1,3541,2329.6279,2330.9757,2331.0812,-1,-1.2293,-0.9403,-0.289,-1,21.2327,14.0634,23.4011,40.7294,0,26.3889,29.6296,-0.0772,2335.4109,2326.9691,2331.19,0.0036,0.2524,2.112,2331.0457,-1,4113,4413.4,0,0.4737,-1,-0.4488,0.7919,0
2026-05-22 11:08:00,2329.1,2330.0,2328.1,2328.7,1850,2329.4423,2330.7688,2330.9879,-1,-1.2437,-1.001,-0.2428,-1,21.7919,13.1532,23.9304,39.3941,0,20.8333,29.1667,-0.0944,2335.0913,2326.7687,2330.93,0.0036,0.2321,2.0969,2330.5835,-1,2263,4075.35,0,0.2105,-1,-0.4659,0.7746,1
2026-05-22 11:09:00,2328.7,2329.5,2328.0,2329.0,3164,2329.3538,2330.608,2330.9099,-1,-1.217,-1.0442,-0.1728,-1,22.3608,12.4672,23.03,40.9575,0,25.7143,24.3122,-0.0515,2334.8894,2326.5906,2330.74,0.0036,0.2903,2.0543,2330.4489,-1,5427,4118.7,0,0.2,1,-0.4531,0.7876,1
2026-05-22 11:10:00,2329.0,2329.9,2328.8,2329.9,1625,2329.4631,2330.5437,2330.8703,-1,-1.1103,-1.0574,-0.0529,-1,22.5138,13.4126,22.1189,45.4996,0,38.5714,28.373,0.0301,2334.615,2326.555,2330.585,0.0035,0.415,1.9861,2330.3995,-1,7052,4148.85,0,0.8182,1,-0.4146,0.8266,0
2026-05-22 11:11:00,2330.0,2330.0,2328.3,2328.9,2405,2329.3505,2330.3942,2330.793,-1,-1.0939,-1.0647,-0.0292,-1,22.9347,12.584,22.5694,41.6643,0,36.9565,33.7474,0.0215,2334.3982,2326.4118,2330.405,0.0034,0.3116,1.9657,2330.2517,-1,4647,4101.9,0,0.6471,-1,-0.4573,0.7833,0
2026-05-22 11:12:00,2329.0,2329.0,2325.2,2325.2,12444,2328.5204,2329.922,2330.5737,-1,-1.3637,-1.1245,-0.2392,-1,24.6374,10.9549,30.2086,31.1888,1,0.0,25.176,-0.1503,2334.5069,2325.5731,2330.04,0.0038,-0.0418,2.0967,2329.665,-1,-7797,4591.15,1,1.0,-1,-0.6155,0.6232,1
2026-05-22 11:13:00,2326.0,2326.0,2324.5,2325.9,8495,2327.9963,2329.5564,2330.3904,-1,-1.5037,-1.2004,-0.3034,-1,26.4419,10.3835,31.0671,34.542,1,21.5385,19.4983,-0.1159,2334.1777,2325.1423,2329.66,0.0039,0.0839,2.0541,2329.1902,-1,698,4856.1,1,0.0667,-1,-0.5856,0.6535,1
2026-05-22 11:14:00,2325.9,2327.0,2325.9,2326.1,2814,2327.617,2329.2422,2330.2222,-1,-1.5804,-1.2764,-0.304,-1,27.2302,13.5694,29.8379,35.509,0,26.2295,15.9227,-0.1117,2333.6506,2324.9094,2329.28,0.0038,0.1362,1.9859,2328.7331,-1,3512,4604.7,0,0.1818,1,-0.577,0.6621,0
2026-05-22 11:15:00,2326.1,2326.2,2325.1,2326.0,2686,2327.2936,2328.9474,2330.0566,-1,-1.6303,-1.3472,-0.2832,-1,28.2598,13.0149,31.5907,35.2287,0,24.5902,24.1194,-0.1202,2332.8689,2324.8811,2328.875,0.0034,0.1401,1.9226,2328.556,-1,826,4656.0,0,0.0909,-1,-0.5813,0.6578,0
2026-05-22 11:16:00,2326.1,2326.2,2325.6,2325.7,1762,2326.9749,2328.6522,2329.8857,-1,-1.6749,-1.4127,-0.2622,-1,29.2159,12.7098,30.8501,34.3529,1,19.6721,23.4973,-0.1888,2331.8521,2325.0479,2328.45,0.0029,0.0958,1.8282,2328.2689,-1,-936,4540.0,0,0.6667,-1,-0.5941,0.6448,1
2026-05-22 11:17:00,2325.7,2326.6,2325.0,2326.6,4445,2326.8999,2328.4656,2329.7569,-1,-1.6189,-1.4539,-0.1649,-1,30.332,11.9081,31.2695,39.2338,0,34.4262,26.2295,-0.1073,2331.5324,2324.9376,2328.235,0.0028,0.2521,1.8119,2328.025,-1,3509,4582.6,0,0.5625,1,-0.5557,0.6837,0
2026-05-22 11:18:00,2326.6,2327.6,2326.3,2326.3,3031,2326.7799,2328.2688,2329.6213,-1,-1.5805,-1.4792,-0.1012,-1,30.4421,15.3087,29.634,38.2139,0,29.5082,27.8689,-0.1031,2331.1657,2324.8443,2328.005,0.0027,0.2303,1.7753,2327.9247,-1,478,4645.35,0,0.2308,-1,-0.5685,0.6708,0
2026-05-22 11:19:00,2326.8,2326.8,2325.8,2326.0,1252,2326.6239,2328.0625,2329.4793,-1,-1.5563,-1.4946,-0.0617,-1,30.7682,14.6729,30.4798,37.1732,0,24.5902,29.5082,-0.1288,2330.9021,2324.6879,2327.795,0.0027,0.2111,1.7199,2327.7046,-1,-774,4354.85,0,0.8,-1,-0.5813,0.6578,1
2026-05-22 11:20:00,2326.5,2327.6,2325.8,2327.6,1311,2326.8192,2328.0205,2329.4056,-1,-1.392,-1.4741,0.0821,1,30.363,16.8911,28.2088,45.6712,0,50.8197,34.9727,-0.0987,2330.7549,2324.6751,2327.715,0.0026,0.4811,1.7256,2327.6192,-1,537,4263.6,0,0.6111,1,-0.5129,0.727,1
2026-05-22 11:21:00,2327.3,2329.0,2327.0,2329.0,3451,2327.2553,2328.1095,2329.3897,-1,-1.1357,-1.4064,0.2707,1,28.9006,21.2384,25.8998,51.813,0,81.8182,52.4093,0.0043,2330.823,2324.667,2327.745,0.0026,0.7039,1.7452,2327.5775,1,3988,3988.7,0,0.85,1,-0.4531,0.7876,0
2026-05-22 11:22:00,2329.0,2329.0,2328.0,2328.6,3096,2327.5243,2328.1541,2329.3587,-1,-0.9539,-1.3159,0.362,1,27.5426,20.3418,24.8064,50.0713,0,74.5455,69.0611,0.1462,2330.8121,2324.6679,2327.74,0.0026,0.64,1.692,2327.5272,1,892,3777.2,0,0.4,-1,-0.4702,0.7703,1
2026-05-22 11:23:00,2328.5,2329.4,2328.0,2329.3,3120,2327.8794,2328.2583,2329.3564,-1,-0.7448,-1.2017,0.4569,1,25.9777,20.8342,23.322,53.0459,0,87.2727,81.2121,0.1462,2330.9009,2324.6491,2327.775,0.0027,0.7439,1.6712,2327.5413,1,4012,3724.05,0,0.5714,1,-0.4402,0.8006,1
2026-05-22 11:24:00,2329.2,2329.5,2328.4,2329.4,1520,2328.1835,2328.3621,2329.3581,-1,-0.5644,-1.0742,0.5098,1,24.4467,20.2683,22.1981,53.4723,0,89.0909,83.6364,0.1419,2330.9918,2324.6282,2327.81,0.0027,0.7499,1.6304,2327.4378,1,5532,3472.45,0,0.1818,1,-0.436,0.8049,0
2026-05-22 11:25:00,2329.8,2329.9,2326.0,2326.1,58170,2327.7668,2328.1564,2329.2304,-1,-0.6799,-0.9954,0.3154,1,24.4605,17.1183,28.312,40.4243,0,29.6296,68.6644,0.0043,2330.906,2324.444,2327.675,0.0028,0.2563,1.7925,2327.3602,-1,-52638,6256.95,1,0.9487,-1,-0.577,0.6621,1
2026-05-22 11:26:00,2326.2,2327.6,2325.9,2326.8,5236,2327.5735,2328.0331,2329.1351,-1,-0.7069,-0.9377,0.2308,1,24.5236,15.9544,26.787,43.5699,0,42.5926,53.771,0.0473,2330.5608,2324.4592,2327.51,0.0026,0.3836,1.7859,2327.2469,-1,-47402,6270.9,0,0.3529,1,-0.5471,0.6924,1
2026-05-22 11:27:00,2326.8,2328.0,2326.4,2327.3,1507,2327.5188,2327.9665,2329.0631,-1,-0.68,-0.8862,0.2061,1,24.2353,16.5376,25.0599,45.7723,0,46.9388,39.7203,0.0301,2330.3828,2324.4572,2327.42,0.0025,0.4797,1.7726,2327.1831,1,-45895,6169.2,0,0.3125,1,-0.5257,0.714,1
2026-05-22 11:28:00,2327.3,2329.1,2327.0,2328.6,2133,2327.735,2328.0241,2329.0449,-1,-0.5475,-0.8184,0.2709,1,23.0817,19.5312,22.9669,51.1146,0,73.4694,54.3336,0.0989,2330.3695,2324.4605,2327.415,0.0025,0.7005,1.796,2327.175,1,-43762,6183.35,0,0.619,1,-0.4702,0.7703,1
2026-05-22 11:29:00,2329.1,2330.3,2328.8,2330.3,5620,2328.248,2328.231,2329.0942,1,-0.3019,-0.7151,0.4132,1,21.6885,22.9965,21.4081,57.0706,0,100.0,73.4694,0.1849,2330.6224,2324.3376,2327.48,0.0027,0.9487,1.7891,2327.2504,1,-38142,6306.15,0,0.8,1,-0.3975,0.8439,0
2026-05-22 11:30:00,2329.3,2329.8,2327.6,2327.6,4254,2328.1184,2328.1736,2329.0356,-1,-0.3214,-0.6364,0.315,1,20.654,20.6046,23.8042,47.2287,0,49.0566,74.1753,0.0,2330.3066,2324.4234,2327.365,0.0025,0.5399,1.8542,2327.2573,1,-42396,6437.6,0,0.7727,-1,-0.5129,0.727,0
2026-05-22 11:31:00,2328.2,2329.0,2327.4,2327.4,2609,2327.9747,2328.1033,2328.9714,-1,-0.3489,-0.5789,0.23,1,19.8149,19.322,23.1005,46.5878,0,35.5556,61.5374,-0.0687,2330.1465,2324.4335,2327.29,0.0025,0.5193,1.836,2327.2373,1,-45005,6447.8,0,0.5,-1,-0.5215,0.7184,1
2026-05-22 11:32:00,2328.0,2329.0,2327.8,2328.5,4002,2328.0798,2328.1393,2328.9529,-1,-0.2788,-0.5189,0.2401,1,19.0357,18.1082,21.6493,50.5615,0,60.0,48.2041,-0.0043,2330.1881,2324.7219,2327.455,0.0023,0.6912,1.8192,2327.3566,1,-41003,6025.7,0,0.4167,1,-0.4744,0.766,0
2026-05-22 11:33:00,2328.6,2329.6,2327.6,2328.0,8421,2328.0638,2328.1267,2328.9156,-1,-0.2605,-0.4672,0.2067,1,17.8456,19.0354,19.9612,48.7848,0,48.8889,48.1481,-0.0558,2330.2061,2324.9139,2327.56,0.0023,0.5831,1.8321,2327.5628,1,-49424,6022.0,0,0.3,-1,-0.4958,0.7443,0
2026-05-22 11:34:00,2328.0,2328.7,2326.5,2327.1,3875,2327.8711,2328.0333,2328.8444,-1,-0.3151,-0.4368,0.1217,1,17.4789,17.4258,22.5013,45.6738,0,27.2727,45.3872,-0.0987,2330.1805,2325.0395,2327.61,0.0022,0.4008,1.8584,2327.5872,-1,-53299,6075.05,0,0.4091,-1,-0.5343,0.7054,1
2026-05-22 11:35:00,2327.1,2328.4,2326.8,2327.5,3118,2327.7968,2327.9849,2328.7916,-1,-0.3223,-0.4139,0.0916,1,17.1384,16.3434,21.1036,47.2829,0,36.3636,37.5084,0.0602,2330.1486,2325.2214,2327.685,0.0021,0.4625,1.8399,2327.6267,-1,-50181,6096.65,0,0.25,1,-0.5172,0.7227,1
2026-05-22 11:36:00,2327.5,2328.5,2325.9,2328.3,3391,2327.8975,2328.0135,2328.7724,-1,-0.2605,-0.3832,0.1227,1,17.3915,14.741,22.4283,50.4442,0,54.5455,39.3939,0.0645,2330.1148,2325.5152,2327.815,0.002,0.6054,1.8942,2327.6507,1,-46790,6178.1,0,0.3077,1,-0.483,0.7573,0
2026-05-22 11:37:00,2328.5,2328.5,2326.5,2327.2,1425,2327.758,2327.9396,2328.7107,-1,-0.2968,-0.3659,0.0691,1,17.6265,13.6337,20.7436,46.3301,0,29.5455,40.1515,-0.0043,2330.0958,2325.5942,2327.845,0.0019,0.3567,1.9018,2327.7061,-1,-48215,6027.1,0,0.65,-1,-0.53,0.7097,1
2026-05-22 11:38:00,2327.2,2327.7,2326.5,2327.6,823,2327.7264,2327.9087,2328.6672,-1,-0.29,-0.3507,0.0607,1,17.8447,13.0026,19.7833,47.9912,0,38.6364,40.9091,-0.0429,2330.0509,2325.7691,2327.91,0.0018,0.4276,1.8516,2327.728,-1,-47392,5916.7,0,0.3333,1,-0.5129,0.727,1
2026-05-22 11:39:00,2327.7,2329.0,2327.4,2329.0,10676,2327.9811,2328.0079,2328.6802,-1,-0.1697,-0.3145,0.1449,1,16.8283,17.2562,18.5503,53.4246,0,70.4545,46.2121,-0.0558,2330.0604,2326.0596,2328.06,0.0017,0.735,1.8337,2327.8047,1,-36716,6387.9,1,0.8125,1,-0.4531,0.7876,0
2026-05-22 11:40:00,2328.5,2329.6,2327.7,2329.0,4853,2328.1849,2328.0981,2328.6927,1,-0.0735,-0.2663,0.1929,1,15.8542,18.3136,17.1809,53.4246,0,70.4545,59.8485,0.0601,2330.1589,2326.1011,2328.13,0.0017,0.7144,1.8384,2327.8483,1,-31863,6565.0,0,0.2632,1,-0.4531,0.7876,0
2026-05-22 11:41:00,2329.0,2329.5,2327.4,2329.0,10044,2328.3479,2328.1801,2328.7048,1,0.0028,-0.2125,0.2153,1,14.7456,16.8343,16.947,53.4246,0,70.4545,70.4545,0.0687,2330.1589,2326.1011,2328.13,0.0017,0.7144,1.8571,2327.8933,1,-21819,6894.65,0,0.0,1,-0.4531,0.7876,0
2026-05-22 11:42:00,2329.0,2330.0,2328.0,2328.0,50451,2328.2783,2328.1637,2328.6772,1,-0.0173,-0.1735,0.1561,1,14.0825,17.459,15.6505,48.8699,0,47.7273,62.8788,-0.0215,2330.1179,2326.0821,2328.1,0.0017,0.4752,1.8673,2328.0932,-1,-72270,9262.4,1,0.5,-1,-0.4958,0.7443,1
2026-05-22 11:43:00,2328.0,2329.5,2328.0,2329.5,9006,2328.5227,2328.2852,2328.7094,1,0.0868,-0.1214,0.2082,1,13.4668,16.443,14.7397,55.0591,0,87.8049,68.6622,0.0644,2330.1534,2326.0666,2328.11,0.0018,0.8401,1.8411,2328.1228,1,-63264,9556.7,0,1.0,1,-0.4317,0.8092,1
2026-05-22 11:44:00,2329.4,2330.9,2328.7,2330.9,6788,2328.9981,2328.5229,2328.7953,1,0.279,-0.0413,0.3204,1,13.9617,20.4158,13.4989,59.934,0,100.0,78.5107,0.1633,2330.5039,2325.8661,2328.185,0.002,1.0854,1.8667,2328.1859,1,-56476,9820.1,0,0.6818,1,-0.3719,0.8698,1
2026-05-22 11:45:00,2330.9,2332.6,2330.2,2331.8,3829,2329.5585,2328.8208,2328.9132,1,0.4983,0.0666,0.4317,1,15.3946,24.9534,12.284,62.7326,0,88.0597,91.9549,0.1847,2331.077,2325.863,2328.47,0.0022,1.1387,1.9048,2328.6252,1,-52647,7103.05,0,0.375,1,-0.3334,0.9088,0
2026-05-22 11:46:00,2331.8,2334.3,2331.2,2331.5,7925,2329.9468,2329.0644,2329.0146,1,0.6405,0.1814,0.4591,1,17.4588,28.2784,10.9173,61.1981,0,66.6667,84.9088,0.1374,2331.5075,2325.9025,2328.705,0.0024,0.9987,1.9902,2328.8954,1,-60572,7237.5,0,0.0968,-1,-0.3462,0.8958,0
2026-05-22 11:47:00,2331.8,2332.5,2328.8,2329.2,4671,2329.7974,2329.0767,2329.0219,1,0.5611,0.2573,0.3038,1,17.4032,24.7403,17.6671,50.9152,0,39.2857,64.6707,0.0859,2331.5335,2326.0665,2328.8,0.0023,0.5732,2.1123,2328.9525,1,-65243,7395.7,0,0.7027,-1,-0.4445,0.7963,1
2026-05-22 11:48:00,2329.6,2329.8,2328.7,2329.8,2711,2329.798,2329.1425,2329.0524,1,0.5403,0.3139,0.2264,1,17.2805,23.7874,17.3367,53.1278,0,46.4286,50.7937,0.0945,2331.6258,2326.0942,2328.86,0.0024,0.6699,2.04,2328.9716,1,-62532,7424.6,0,0.1818,1,-0.4189,0.8222,1
2026-05-22 11:49:00,2329.4,2330.4,2328.7,2330.1,1422,2329.8584,2329.2295,2329.0935,1,0.5419,0.3595,0.1824,1,17.4806,24.4806,16.2924,54.2385,0,50.0,45.2381,0.0472,2331.5963,2326.1037,2328.85,0.0024,0.7276,2.0157,2328.9469,1,-61110,7214.7,0,0.4118,1,-0.4061,0.8352,0
2026-05-22 11:50:00,2328.7,2330.3,2327.6,2327.6,31553,2329.4067,2329.0814,2329.0349,1,0.3375,0.3551,-0.0176,-1,16.8658,22.1938,18.5761,44.7267,0,14.1026,36.8437,-0.0601,2331.5963,2326.1037,2328.85,0.0024,0.2724,2.0646,2328.8799,-1,-92663,8579.65,1,0.4074,-1,-0.5129,0.727,0
2026-05-22 11:51:00,2327.4,2328.3,2325.9,2327.2,5365,2328.9654,2328.9103,2328.9629,1,0.1416,0.3124,-0.1708,-1,16.073,20.3721,22.8654,43.4148,0,15.4762,26.5263,-0.0773,2331.6087,2326.0713,2328.84,0.0024,0.2038,2.0885,2328.8403,-1,-98028,8717.45,0,0.0833,-1,-0.53,0.7097,1
2026-05-22 11:52:00,2327.0,2328.0,2326.2,2327.5,1214,2328.6723,2328.7821,2328.9056,-1,0.0104,0.252,-0.2416,-1,15.3368,19.1055,21.4438,44.7243,0,19.0476,16.2088,-0.0215,2331.6169,2325.9631,2328.79,0.0024,0.2718,2.0679,2328.8384,-1,-96814,8578.05,0,0.2778,1,-0.5172,0.7227,1
2026-05-22 11:53:00,2327.6,2328.0,2326.6,2328.0,2248,2328.5378,2328.711,2328.8701,-1,-0.0526,0.1911,-0.2437,-1,14.6533,18.1598,20.3823,46.9288,0,25.0,19.8413,-0.0644,2331.6169,2325.9631,2328.79,0.0024,0.3603,2.0202,2328.843,-1,-94566,8269.4,0,0.2857,1,-0.4958,0.7443,0
2026-05-22 11:54:00,2327.9,2328.5,2327.0,2327.6,1550,2328.3503,2328.61,2328.8203,-1,-0.1333,0.1262,-0.2595,-1,13.6629,18.9796,19.2811,45.3699,0,20.2381,21.4286,-0.1416,2331.5901,2326.0399,2328.815,0.0024,0.2811,1.9831,2328.8657,-1,-96116,8153.15,0,0.2,-1,-0.5129,0.727,1
2026-05-22 11:55:00,2327.5,2328.1,2327.0,2327.7,3016,2328.2202,2328.5273,2328.7763,-1,-0.187,0.0636,-0.2505,-1,12.7432,18.2029,18.4921,45.8541,0,21.4286,22.2222,-0.1758,2331.5824,2326.0676,2328.825,0.0024,0.296,1.92,2328.8671,-1,-93100,8148.05,0,0.1818,1,-0.5086,0.7313,0
2026-05-22 11:56:00,2327.7,2327.7,2326.0,2326.0,7638,2327.7762,2328.2975,2328.6674,-1,-0.3625,-0.0217,-0.3409,-1,12.5869,17.0422,21.0639,39.4519,0,1.1905,14.2857,-0.2359,2331.7252,2325.6948,2328.71,0.0026,0.0506,1.9043,2328.7884,-1,-100738,8360.4,0,1.0,-1,-0.5813,0.6578,0
2026-05-22 11:57:00,2326.0,2327.4,2325.5,2325.9,14010,2327.4009,2328.0796,2328.5589,-1,-0.5039,-0.1181,-0.3858,-1,12.7633,15.8274,21.4382,39.106,0,4.5455,9.0548,-0.1417,2331.8384,2325.4516,2328.645,0.0027,0.0702,1.904,2328.6029,-1,-114748,8989.65,1,0.0526,-1,-0.5856,0.6535,0
2026-05-22 11:58:00,2325.4,2326.0,2324.0,2325.1,11083,2326.9407,2327.8087,2328.4233,-1,-0.6728,-0.229,-0.4437,-1,13.7757,14.6441,25.4426,36.3597,0,10.6796,5.4718,-0.2017,2332.0457,2324.9943,2328.52,0.003,0.015,1.9108,2328.4005,-1,-125831,9502.65,0,0.15,-1,-0.6198,0.6188,0
2026-05-22 11:59:00,2325.1,2326.0,2324.1,2325.0,4403,2326.5526,2327.5534,2328.289,-1,-0.8054,-0.3443,-0.4611,-1,14.7159,13.6036,23.6348,36.0191,0,9.7087,8.3113,-0.2189,2332.1544,2324.4856,2328.32,0.0033,0.0671,1.9101,2328.316,-1,-130234,9189.0,0,0.0526,-1,-0.624,0.6145,0
2026-05-22 12:00:00,2325.4,2326.0,2322.5,2323.2,11398,2325.8821,2327.1576,2328.0895,-1,-1.0437,-0.4842,-0.5595,-1,16.3587,11.923,26.3626,30.4848,1,7.0,9.1294,-0.189,2332.4477,2323.6123,2328.03,0.0038,-0.0467,2.0236,2328.04,-1,-141632,9516.25,0,0.6286,-1,-0.701,0.5366,0
2026-05-22 12:01:00,2323.2,2323.2,2321.1,2322.3,9545,2325.1657,2326.716,2327.8624,-1,-1.2903,-0.6454,-0.6449,-1,18.4271,11.0416,29.342,28.1554,1,12.9032,9.8707,-0.2106,2332.7394,2322.6506,2327.695,0.0043,-0.0348,2.0291,2327.715,-1,-151177,9491.3,0,0.4286,-1,-0.7394,0.4977,0
2026-05-22 12:02:00,2322.3,2322.8,2321.5,2321.5,1481,2324.4325,2326.2418,2327.6129,-1,-1.5326,-0.8228,-0.7098,-1,20.3478,10.523,27.9639,26.2363,1,4.3011,8.0681,-0.2578,2333.0867,2321.6533,2327.37,0.0049,-0.0134,1.977,2327.3133,-1,-152658,7042.8,0,0.6154,-1,-0.7736,0.463,1
2026-05-22 12:03:00,2322.3,2322.6,2321.8,2322.0,1644,2323.946,2325.8562,2327.3928,-1,-1.6651,-0.9913,-0.6738,-1,22.1313,10.0911,26.8162,29.472,1,9.7826,8.9956,-0.2577,2333.0759,2320.9141,2326.995,0.0052,0.0893,1.9144,2327.1358,-1,-151014,6674.7,0,0.375,-1,-0.7523,0.4847,1
2026-05-22 12:04:00,2322.4,2322.9,2321.6,2322.3,3062,2323.6168,2325.5329,2327.1931,-1,-1.726,-1.1382,-0.5878,-1,23.459,10.7358,25.4849,31.4159,1,16.2162,10.1,-0.2277,2332.6966,2320.4334,2326.565,0.0053,0.1522,1.8705,2326.8623,-1,-147952,6488.4,0,0.0769,-1,-0.7394,0.4977,0
2026-05-22 12:05:00,2322.3,2322.7,2320.5,2321.0,19529,2323.0935,2325.1208,2326.9502,-1,-1.8578,-1.2821,-0.5756,-1,25.1621,9.845,27.5189,27.8356,1,6.25,10.7496,-0.2878,2332.1195,2319.9305,2326.025,0.0052,0.0877,1.894,2326.0061,-1,-167481,7273.4,1,0.5909,-1,-0.795,0.4414,1
2026-05-22 12:06:00,2321.4,2322.1,2320.9,2321.8,6335,2322.8348,2324.8189,2326.7482,-1,-1.876,-1.4009,-0.4751,-1,26.7435,9.3875,26.24,32.9032,1,16.25,12.9054,-0.1806,2331.3518,2319.7282,2325.54,0.005,0.1782,1.8444,2325.4635,-1,-161146,7193.9,0,0.3333,1,-0.7608,0.476,0
2026-05-22 12:07:00,2321.8,2322.6,2320.0,2321.0,19372,2322.4678,2324.4718,2326.5228,-1,-1.9327,-1.5073,-0.4254,-1,28.5707,8.4692,27.0594,30.5898,1,11.7647,11.4216,-0.2107,2331.0078,2319.2522,2325.13,0.0051,0.1487,1.8984,2324.8042,-1,-180518,7928.95,1,0.3077,-1,-0.795,0.4414,0
2026-05-22 12:08:00,2321.0,2321.0,2320.0,2320.7,2893,2322.1142,2324.1289,2326.2945,-1,-1.9791,-1.6016,-0.3774,-1,30.2675,8.1394,26.0056,29.7453,1,8.642,12.2189,-0.1892,2330.4442,2318.9058,2324.675,0.005,0.1555,1.8342,2324.6479,-1,-183411,7938.05,0,0.3,-1,-0.8078,0.4284,0
2026-05-22 12:09:00,2320.4,2320.4,2319.2,2319.4,5464,2321.5714,2323.699,2326.0241,-1,-2.0965,-1.7006,-0.3959,-1,32.1476,7.6577,27.623,26.3502,1,2.3529,7.5865,-0.2409,2329.7807,2318.4993,2324.14,0.0049,0.0798,1.8104,2324.4363,-1,-188875,8140.15,0,0.8333,-1,-0.8634,0.3722,1
2026-05-22 12:10:00,2319.3,2320.2,2318.3,2319.7,4207,2321.1971,2323.3354,2325.7761,-1,-2.1407,-1.7886,-0.3521,-1,34.1967,7.0856,29.098,28.3817,1,15.3846,8.7932,-0.1507,2329.4671,2318.0229,2323.745,0.0049,0.1465,1.8168,2323.3333,-1,-184668,6772.85,0,0.2105,1,-0.8506,0.3851,1
2026-05-22 12:11:00,2319.7,2320.9,2319.5,2320.6,2557,2321.0777,2323.0868,2325.5731,-1,-2.0792,-1.8468,-0.2324,-1,35.2297,9.4871,27.4696,34.2418,1,29.8701,15.8692,-0.0732,2329.0628,2317.7672,2323.415,0.0049,0.2508,1.787,2323.1218,-1,-182111,6632.45,0,0.6429,1,-0.8121,0.4241,0
2026-05-22 12:12:00,2320.6,2321.4,2320.0,2320.6,2851,2320.9822,2322.8607,2325.3781,-1,-2.0073,-1.8789,-0.1284,-1,35.6045,10.9778,25.9083,34.2418,1,29.8701,25.0416,-0.0388,2328.5169,2317.6231,2323.07,0.0047,0.2733,1.7594,2323.0325,-1,-179260,6714.3,0,0.0,1,-0.8121,0.4241,1
2026-05-22 12:13:00,2320.8,2321.1,2320.2,2321.0,3187,2320.9857,2322.6915,2325.2064,-1,-1.8961,-1.8823,-0.0138,-1,35.9526,10.5622,24.9274,36.903,0,35.0649,31.6017,-0.0431,2327.7374,2317.7026,2322.72,0.0043,0.3286,1.698,2322.9043,-1,-176073,6761.25,0,0.2222,1,-0.795,0.4414,1
2026-05-22 12:14:00,2320.7,2321.5,2320.3,2321.5,2054,2321.0886,2322.5832,2325.0611,-1,-1.7476,-1.8554,0.1078,1,35.7883,11.7363,23.6421,40.1628,0,65.3061,43.4137,-0.0344,2326.9247,2317.9053,2322.415,0.0039,0.3986,1.6624,2322.8222,-1,-174019,6786.45,0,0.6667,1,-0.7736,0.463,0
2026-05-22 12:15:00,2321.5,2322.1,2321.0,2321.0,3546,2321.0709,2322.4393,2324.9018,-1,-1.6511,-1.8145,0.1634,1,34.9411,13.8097,22.497,38.046,0,58.6957,53.0222,0.0,2325.9144,2318.2456,2322.08,0.0033,0.3592,1.6222,2322.6786,-1,-177565,6812.95,0,0.4545,-1,-0.795,0.4414,1
2026-05-22 12:16:00,2321.8,2322.1,2321.0,2321.2,1375,2321.0967,2322.3266,2324.7566,-1,-1.5408,-1.7598,0.219,1,34.1544,13.1251,21.3818,39.4214,0,63.0435,62.3484,-0.0258,2325.2391,2318.4409,2321.84,0.0029,0.4059,1.5849,2322.437,-1,-176190,6499.8,0,0.5455,-1,-0.7865,0.4501,0
2026-05-22 12:17:00,2321.5,2321.9,2320.6,2320.6,2928,2320.9974,2322.1697,2324.5936,-1,-1.4847,-1.7048,0.2201,1,33.7134,12.3461,21.9389,36.7832,0,50.0,57.2464,-0.0172,2324.4531,2318.6969,2321.575,0.0025,0.3306,1.5646,2321.9512,-1,-179118,5945.7,0,0.6923,-1,-0.8121,0.4241,0
2026-05-22 12:18:00,2320.7,2320.7,2319.7,2320.0,4317,2320.7979,2321.9724,2324.4135,-1,-1.4717,-1.6581,0.1865,1,33.8918,11.7676,25.1284,34.3104,1,38.6364,50.5599,-0.0302,2323.7765,2318.8635,2321.32,0.0021,0.2313,1.5242,2321.5766,-1,-183435,5607.4,0,0.7,-1,-0.8378,0.3981,1
2026-05-22 12:19:00,2320.8,2321.3,2320.1,2320.1,1697,2320.6583,2321.8022,2324.2443,-1,-1.4367,-1.6139,0.1771,1,33.3197,13.8846,23.5813,35.0936,0,41.8605,43.4989,0.0302,2322.9144,2319.2356,2321.075,0.0016,0.235,1.5082,2321.4209,-1,-181738,5472.1,0,0.5833,-1,-0.8335,0.4025,1
2026-05-22 12:20:00,2320.5,2321.0,2320.1,2320.5,1217,2320.6266,2321.6838,2324.0975,-1,-1.361,-1.5633,0.2023,1,32.7883,13.2753,22.5464,38.2642,0,51.1628,43.8865,0.0345,2322.5128,2319.3672,2320.94,0.0014,0.3601,1.4648,2321.1253,-1,-180521,4963.05,0,0.0,1,-0.8164,0.4198,1
2026-05-22 12:21:00,2320.9,2321.0,2320.3,2320.7,1987,2320.6413,2321.5944,2323.9643,-1,-1.2703,-1.5047,0.2344,1,32.295,12.8046,21.7469,39.8464,0,63.1579,52.0604,0.0043,2322.3055,2319.4145,2320.86,0.0012,0.4447,1.4102,2321.0035,-1,-178534,4585.15,0,0.2857,-1,-0.8078,0.4284,1
2026-05-22 12:22:00,2320.7,2321.6,2320.7,2321.5,1097,2320.8131,2321.5858,2323.8676,-1,-1.1209,-1.4279,0.307,1,31.0588,15.3252,20.7292,45.8272,0,84.2105,66.1771,0.0388,2322.3055,2319.4145,2320.86,0.0012,0.7214,1.3737,2320.9916,1,-177437,4565.95,0,0.8889,1,-0.7736,0.463,1
2026-05-22 12:23:00,2321.6,2321.7,2320.9,2321.6,2508,2320.9704,2321.5871,2323.7787,-1,-0.9831,-1.339,0.3559,1,29.7853,15.204,19.8405,46.5427,0,86.8421,78.0702,0.0259,2322.232,2319.448,2320.84,0.0012,0.773,1.3327,2320.9823,1,-174929,4609.15,0,0.0,1,-0.7694,0.4674,0
2026-05-22 12:24:00,2320.9,2321.0,2319.8,2319.8,2454,2320.7364,2321.4246,2323.6227,-1,-1.0075,-1.2727,0.2652,1,29.5535,13.7731,23.7246,37.0557,0,11.5385,60.8637,-0.0732,2322.0054,2319.4246,2320.715,0.0011,0.1455,1.3661,2320.9184,-1,-177383,4578.75,0,0.9167,-1,-0.8463,0.3895,1
2026-05-22 12:25:00,2319.8,2320.1,2319.1,2320.1,1899,2320.6091,2321.3042,2323.4845,-1,-0.9912,-1.2164,0.2251,1,29.8372,13.0389,26.1914,39.2773,0,33.3333,43.9046,-0.0388,2321.9801,2319.3599,2320.67,0.0011,0.2825,1.34,2320.7617,-1,-175484,3697.25,0,0.3,1,-0.8335,0.4025,0
2026-05-22 12:26:00,2321.0,2321.0,2319.9,2319.9,2887,2320.4673,2321.1766,2323.344,-1,-0.9831,-1.1697,0.1866,1,28.9908,17.1242,24.6357,38.3066,0,26.6667,23.8462,-0.056,2321.8174,2319.3326,2320.575,0.0011,0.2283,1.3228,2320.6661,-1,-178371,3524.85,0,1.0,-1,-0.842,0.3938,1
2026-05-22 12:27:00,2320.0,2320.9,2319.8,2320.6,2355,2320.4938,2321.1241,2323.2363,-1,-0.9098,-1.1177,0.208,1,28.2853,16.0947,23.7012,43.5637,0,50.0,36.6667,0.0,2321.7822,2319.3278,2320.555,0.0011,0.5183,1.3069,2320.4624,1,-176016,2674.0,0,0.5455,1,-0.8121,0.4241,0
2026-05-22 12:28:00,2320.0,2321.0,2320.0,2320.6,1292,2320.5151,2321.0765,2323.133,-1,-0.8419,-1.0626,0.2207,1,27.5062,15.7559,22.3837,43.5637,0,50.0,42.2222,0.0259,2321.7756,2319.3244,2320.55,0.0011,0.5204,1.285,2320.4583,1,-174724,2593.95,0,0.6,1,-0.8121,0.4241,1
2026-05-22 12:29:00,2320.6,2321.0,2320.3,2321.0,2256,2320.612,2321.0695,2323.0493,-1,-0.7472,-0.9995,0.2523,1,26.7827,15.1222,21.4834,46.5804,0,63.3333,54.4444,0.0388,2321.7491,2319.5109,2320.63,0.001,0.6653,1.2432,2320.5615,1,-172468,2433.55,0,0.5714,1,-0.795,0.4414,0
2026-05-22 12:30:00,2321.0,2321.0,2319.1,2319.1,2441,2320.3096,2320.8905,2322.8944,-1,-0.8161,-0.9628,0.1467,1,27.1062,13.5314,25.8674,36.5785,0,0.0,37.7778,-0.0603,2321.8426,2319.3574,2320.6,0.0011,-0.1036,1.2901,2320.6226,-1,-174909,2345.25,0,1.0,-1,-0.8762,0.3592,0
2026-05-22 12:31:00,2319.8,2319.8,2317.4,2318.8,8834,2320.0077,2320.7004,2322.7339,-1,-0.8847,-0.9472,0.0625,1,28.4105,11.8375,31.4965,35.29,0,32.5581,31.9638,-0.0819,2321.9796,2319.0404,2320.51,0.0013,-0.0818,1.3694,2320.3116,-1,-183743,2659.1,1,0.4167,-1,-0.889,0.3462,0
2026-05-22 12:32:00,2318.4,2318.7,2316.0,2318.6,9245,2319.7262,2320.5095,2322.5718,-1,-0.9443,-0.9466,0.0023,1,30.221,10.2287,34.0113,34.4195,1,45.614,26.0574,-0.1249,2322.0975,2318.7225,2320.41,0.0015,-0.0363,1.4716,2319.8997,-1,-192988,2978.8,1,0.0741,1,-0.8976,0.3375,1
2026-05-22 12:33:00,2318.6,2320.0,2318.5,2318.8,2332,2319.5409,2320.3541,2322.4238,-1,-0.9643,-0.9502,-0.0141,-1,30.4399,15.7863,31.5384,36.1165,0,49.1228,42.4317,-0.1206,2322.1022,2318.4978,2320.3,0.0016,0.0838,1.4736,2319.8209,-1,-190656,2936.05,0,0.1333,1,-0.889,0.3462,1
2026-05-22 12:34:00,2318.5,2320.0,2318.0,2320.0,2258,2319.6327,2320.3219,2322.3288,-1,-0.8733,-0.9348,0.0615,1,30.8922,14.294,30.9203,45.2678,0,70.1754,54.9708,0.0086,2321.9442,2318.5058,2320.225,0.0015,0.4346,1.5112,2319.7576,1,-188398,2946.25,0,0.75,1,-0.8378,0.3981,0
2026-05-22 12:35:00,2320.0,2320.6,2319.7,2319.9,3225,2319.6862,2320.2835,2322.2335,-1,-0.7999,-0.9078,0.1079,1,30.6941,16.5882,29.5659,44.6932,0,68.4211,62.5731,-0.0086,2321.8565,2318.4835,2320.17,0.0015,0.42,1.4676,2319.6773,1,-191623,2930.2,0,0.1111,-1,-0.842,0.3938,1
2026-05-22 12:36:00,2319.9,2321.0,2318.6,2320.6,3235,2319.869,2320.3123,2322.1695,-1,-0.6775,-0.8618,0.1842,1,31.0803,14.7346,31.3836,49.523,0,80.7018,73.0994,0.0302,2321.7727,2318.5073,2320.14,0.0014,0.6409,1.5342,2319.6582,1,-188388,3023.2,0,0.2917,1,-0.8121,0.4241,0
2026-05-22 12:37:00,2320.8,2321.0,2320.0,2320.0,1326,2319.8952,2320.2839,2322.0844,-1,-0.6218,-0.8138,0.192,1,31.4389,14.0311,29.8852,45.8288,0,80.0,76.3743,-0.0259,2321.7298,2318.4902,2320.11,0.0014,0.466,1.496,2319.605,1,-189714,2943.1,0,0.8,-1,-0.8378,0.3981,0
2026-05-22 12:38:00,2320.2,2320.3,2319.4,2319.4,1288,2319.7961,2320.2036,2321.9791,-1,-0.6189,-0.7748,0.1559,1,32.0714,13.4105,31.512,42.4209,0,68.0,76.2339,-0.0517,2321.7288,2318.4312,2320.08,0.0014,0.2938,1.4534,2319.5663,-1,-191002,2791.65,0,0.8889,-1,-0.8634,0.3722,0
2026-05-22 12:39:00,2319.0,2320.6,2319.0,2319.1,1889,2319.6569,2320.1032,2321.8662,-1,-0.6335,-0.7465,0.113,1,32.8508,12.3635,31.0036,40.7878,0,62.0,70.0,-0.0819,2321.7331,2318.3269,2320.03,0.0015,0.227,1.4639,2319.538,-1,-192891,2801.25,0,0.0625,1,-0.8762,0.3592,0
2026-05-22 12:40:00,2319.2,2319.3,2319.0,2319.1,769,2319.5455,2320.012,2321.7578,-1,-0.6377,-0.7248,0.0871,1,33.5744,12.1716,30.5225,40.7878,0,62.0,64.0,0.0,2321.6948,2318.2252,2319.96,0.0015,0.2521,1.3808,2319.5106,-1,-192122,2778.85,0,0.3333,-1,-0.8762,0.3592,1
2026-05-22 12:41:00,2319.7,2319.7,2319.0,2319.6,680,2319.5564,2319.9746,2321.6731,-1,-0.5939,-0.6986,0.1047,1,33.7398,13.8596,29.3768,44.8889,0,72.0,65.3333,0.0345,2321.612,2318.198,2319.905,0.0015,0.4107,1.3321,2319.4673,1,-191442,2713.5,0,0.1429,-1,-0.8548,0.3808,1
2026-05-22 12:42:00,2319.6,2321.2,2319.3,2321.2,2564,2319.8851,2320.086,2321.6546,-1,-0.4251,-0.6439,0.2188,1,32.2734,20.2946,26.4725,55.5084,0,100.0,78.0,0.1121,2321.5452,2318.2348,2319.89,0.0014,0.8957,1.3727,2319.4825,1,-188878,2786.85,0,0.8421,1,-0.7865,0.4501,0
2026-05-22 12:43:00,2321.0,2321.2,2320.6,2320.7,635,2320.0481,2320.1418,2321.6171,-1,-0.3279,-0.5807,0.2528,1,30.9117,19.6344,25.6113,52.128,0,90.3846,87.4615,0.0819,2321.3543,2318.3357,2319.845,0.0013,0.7832,1.3175,2319.4091,1,-189513,2693.2,0,0.5,-1,-0.8078,0.4284,0
2026-05-22 12:44:00,2321.0,2321.0,2319.8,2319.8,1819,2319.9985,2320.1107,2321.5459,-1,-0.3199,-0.5285,0.2087,1,30.2274,18.3489,28.2994,46.624,0,73.0769,87.8205,-0.0086,2321.3543,2318.3357,2319.845,0.0013,0.4851,1.3091,2319.3997,1,-191332,2661.45,0,1.0,-1,-0.8463,0.3895,1
2026-05-22 12:45:00,2319.6,2321.2,2319.6,2320.5,2195,2320.0988,2320.1461,2321.5049,-1,-0.2541,-0.4736,0.2196,1,29.73,16.772,26.9417,50.961,0,86.5385,83.3333,0.0259,2321.3977,2318.3323,2319.865,0.0013,0.7072,1.3299,2319.4291,1,-189137,2676.25,0,0.5625,1,-0.8164,0.4198,1
2026-05-22 12:46:00,2321.0,2322.0,2320.8,2321.9,1387,2320.459,2320.3056,2321.5204,1,-0.0879,-0.3965,0.3086,1,28.4254,19.6909,24.7908,58.265,0,97.5,85.7051,0.056,2321.7362,2318.1938,2319.965,0.0015,1.0462,1.342,2319.4396,1,-187750,2601.25,0,0.75,1,-0.7565,0.4804,1
2026-05-22 12:47:00,2322.5,2322.5,2321.8,2322.4,2272,2320.8472,2320.496,2321.5549,1,0.0831,-0.3006,0.3837,1,26.732,21.6867,23.8345,60.5262,0,97.7778,93.9387,0.1034,2322.1068,2318.0032,2320.055,0.0018,1.0714,1.2962,2319.5167,1,-185478,2597.1,0,0.1429,-1,-0.7352,0.502,1
2026-05-22 12:48:00,2322.4,2323.4,2322.2,2323.2,3831,2321.3178,2320.7418,2321.6194,1,0.28,-0.1845,0.4645,1,25.271,25.231,22.2499,63.8968,0,95.8333,97.037,0.1638,2322.6469,2317.7231,2320.185,0.0021,1.1123,1.2893,2319.7329,1,-181647,2724.05,0,0.6667,1,-0.701,0.5366,0
2026-05-22 12:49:00,2323.2,2323.6,2322.2,2322.4,2312,2321.5342,2320.8925,2321.65,1,0.3673,-0.0741,0.4414,1,24.0785,24.3873,20.5347,58.5159,0,76.0,89.8704,0.1423,2322.8799,2317.6301,2320.255,0.0023,0.9086,1.2972,2319.8173,1,-183959,2726.85,0,0.5714,-1,-0.7352,0.502,1
2026-05-22 12:50:00,2322.8,2325.0,2322.8,2323.1,2443,2321.8474,2321.0932,2321.7069,1,0.4873,0.0382,0.4491,1,23.9898,28.3224,17.7917,61.5658,0,68.3333,80.0556,0.1725,2323.2979,2317.6121,2320.455,0.0025,0.9652,1.3903,2319.992,1,-181516,2726.95,0,0.1364,1,-0.7052,0.5323,1
2026-05-22 12:51:00,2323.2,2324.1,2323.2,2323.7,2257,2322.2179,2321.3302,2321.785,1,0.6236,0.1553,0.4684,1,23.9074,26.8375,16.8589,64.0084,0,78.3333,74.2222,0.1768,2323.7659,2317.6341,2320.7,0.0026,0.9892,1.3624,2320.409,1,-179259,2398.1,0,0.5556,1,-0.6796,0.5582,1
2026-05-22 12:52:00,2323.7,2324.1,2323.5,2324.1,2848,2322.5943,2321.582,2321.8758,1,0.7552,0.2753,0.48,1,23.8309,25.9581,16.3065,65.5789,-1,85.0,77.2222,0.1249,2324.2196,2317.7304,2320.975,0.0028,0.9816,1.3079,2321.2359,1,-176411,2078.25,0,0.6667,1,-0.6625,0.5756,0
2026-05-22 12:53:00,2324.1,2324.1,2324.0,2324.0,1690,2322.8755,2321.8018,2321.9591,1,0.8418,0.3886,0.4532,1,23.7598,25.8064,16.2111,64.8174,0,83.3333,82.2222,0.1422,2324.5728,2317.8972,2321.235,0.0029,0.9142,1.2217,2321.4732,1,-178101,2046.15,0,1.0,-1,-0.6668,0.5712,1
2026-05-22 12:54:00,2324.1,2325.0,2323.6,2324.7,7038,2323.2404,2322.0653,2322.0666,1,0.9558,0.502,0.4538,1,24.3489,28.9236,14.8979,67.6492,-1,95.0,87.7778,0.2112,2325.0778,2317.8622,2321.47,0.0031,0.9476,1.2344,2322.0348,1,-171063,2285.15,1,0.4286,1,-0.6369,0.6015,0
2026-05-22 12:55:00,2324.7,2325.0,2324.0,2324.0,2990,2323.3923,2322.2412,2322.1424,1,0.9784,0.5973,0.3811,1,24.8959,27.2269,14.0239,62.2531,0,82.4561,86.9298,0.1508,2325.3676,2317.9824,2321.675,0.0032,0.8148,1.2177,2322.3255,1,-174053,2273.4,0,0.7,-1,-0.6668,0.5712,0
2026-05-22 12:56:00,2324.7,2325.0,2323.6,2323.6,2138,2323.4338,2322.3647,2322.1996,1,0.9531,0.6685,0.2846,1,24.8595,25.0146,15.206,59.3403,0,74.0741,83.8434,0.0732,2325.5741,2318.0759,2321.825,0.0032,0.7367,1.2307,2322.5741,1,-176191,2218.55,0,0.7857,-1,-0.6839,0.5539,1
2026-05-22 12:57:00,2324.3,2325.1,2323.6,2323.8,1937,2323.5071,2322.4952,2322.2623,1,0.9383,0.7224,0.2159,1,24.9084,23.4418,13.9025,60.3395,0,76.3636,77.6313,0.0603,2325.76,2318.27,2322.015,0.0032,0.7383,1.2499,2322.7087,1,-174254,2249.1,0,0.3333,-1,-0.6753,0.5626,0
2026-05-22 12:58:00,2324.5,2324.5,2322.2,2323.7,2279,2323.5457,2322.6047,2322.3187,1,0.9081,0.7596,0.1485,1,23.2727,20.5351,19.7263,59.5515,0,74.5455,74.9944,0.0215,2325.8411,2318.6189,2322.23,0.0031,0.7035,1.3249,2322.8306,1,-176533,2298.65,0,0.3478,-1,-0.6796,0.5582,0
2026-05-22 12:59:00,2323.3,2323.3,2322.0,2322.7,1642,2323.3765,2322.6134,2322.3337,1,0.7943,0.7665,0.0278,1,21.6712,18.6904,19.0111,52.2085,0,44.186,65.0317,0.0129,2325.726,2319.094,2322.41,0.0029,0.5437,1.3517,2322.9595,-1,-178175,2286.3,0,0.4615,-1,-0.7223,0.515,0
2026-05-22 13:00:00,2322.7,2323.4,2322.2,2322.5,930,2323.2012,2322.6031,2322.3402,1,0.6801,0.7492,-0.0691,-1,20.1696,18.0283,17.7958,50.8578,0,21.2121,46.6479,-0.0258,2325.5279,2319.6321,2322.58,0.0025,0.4864,1.3409,2323.0184,-1,-179105,2294.35,0,0.1667,-1,-0.7309,0.5063,0
2026-05-22 13:01:00,2322.7,2323.0,2321.5,2322.2,1515,2323.001,2322.5664,2322.3347,1,0.559,0.7112,-0.1522,-1,19.4072,16.5999,20.0833,48.8177,0,19.4444,28.2809,-0.0646,2325.3321,2320.0879,2322.71,0.0023,0.4028,1.3522,2323.0451,-1,-180620,2336.1,0,0.3333,-1,-0.7437,0.4933,0
2026-05-22 13:02:00,2322.2,2322.2,2321.2,2321.3,878,2322.6608,2322.4513,2322.2941,1,0.3859,0.6461,-0.2602,-1,18.9866,15.7064,20.6171,43.2167,0,2.5641,14.4069,-0.1205,2325.326,2320.104,2322.715,0.0022,0.229,1.3271,2323.1574,-1,-181498,2251.8,0,0.9,-1,-0.7822,0.4544,1
2026-05-22 13:03:00,2321.3,2322.6,2321.2,2322.6,2170,2322.6486,2322.4648,2322.3061,1,0.3496,0.5868,-0.2372,-1,18.1096,16.672,19.0696,51.8162,0,35.8974,19.302,-0.0602,2325.2537,2320.3663,2322.81,0.0021,0.457,1.3323,2323.1414,-1,-179328,2328.55,0,0.9286,1,-0.7266,0.5106,0
2026-05-22 13:04:00,2322.2,2322.2,2321.0,2321.0,2827,2322.3189,2322.3316,2322.2549,-1,0.1896,0.5074,-0.3178,-1,17.5038,15.2621,18.514,43.1539,0,0.0,12.8205,-0.1592,2325.061,2320.679,2322.87,0.0019,0.0733,1.3514,2323.1504,-1,-182155,2378.95,0,1.0,-1,-0.795,0.4414,0
2026-05-22 13:05:00,2321.4,2321.7,2320.8,2321.0,898,2322.0551,2322.2106,2322.2057,-1,0.062,0.4183,-0.3563,-1,17.1517,14.5184,18.6947,43.1539,0,4.6512,13.5162,-0.1291,2324.9864,2320.8036,2322.895,0.0018,0.047,1.3192,2323.2407,-1,-181257,2314.1,0,0.4444,-1,-0.795,0.4414,0
2026-05-22 13:06:00,2321.0,2321.0,2320.2,2320.2,3489,2321.6841,2322.0278,2322.127,-1,-0.1024,0.3142,-0.4166,-1,17.4199,13.8713,21.2043,39.3402,0,0.0,1.5504,-0.1463,2325.1763,2320.4437,2322.81,0.002,-0.0515,1.2821,2323.0887,-1,-184746,2419.2,0,1.0,-1,-0.8292,0.4068,0
2026-05-22 13:07:00,2320.6,2320.6,2319.9,2319.9,4214,2321.3273,2321.8344,2322.0397,-1,-0.2541,0.2005,-0.4546,-1,17.9447,13.3122,22.077,37.9846,0,0.0,1.5504,-0.1678,2325.3677,2320.0023,2322.685,0.0023,-0.0191,1.2405,2322.8798,-1,-188960,2516.3,1,1.0,-1,-0.842,0.3938,1
2026-05-22 13:08:00,2320.6,2322.2,2320.4,2321.1,2023,2321.2818,2321.7676,2322.0028,-1,-0.2742,0.1056,-0.3798,-1,16.8452,20.3337,19.3214,46.0004,0,23.0769,7.6923,-0.1119,2325.3372,2319.8228,2322.58,0.0024,0.2316,1.3162,2322.807,-1,-186937,2425.9,0,0.2778,1,-0.7907,0.4457,0
2026-05-22 13:09:00,2320.9,2321.3,2320.0,2320.0,866,2321.0255,2321.6069,2321.9243,-1,-0.3746,0.0095,-0.3842,-1,15.8675,18.8978,20.1297,40.795,0,1.9231,8.3333,-0.1162,2325.4382,2319.4818,2322.46,0.0026,0.087,1.315,2322.7669,-1,-187803,2353.6,0,0.6923,-1,-0.8378,0.3981,1
2026-05-22 13:10:00,2320.3,2320.5,2319.0,2320.1,3055,2320.8404,2321.4699,2321.8528,-1,-0.4411,-0.0806,-0.3605,-1,15.8612,17.3735,23.8836,41.4437,0,18.0328,14.3443,-0.1033,2325.4423,2319.1777,2322.31,0.0027,0.1472,1.3282,2322.5367,-1,-184748,2384.2,0,0.1333,-1,-0.8335,0.4025,0
2026-05-22 13:11:00,2320.1,2320.8,2319.1,2319.9,2016,2320.6523,2321.3272,2321.7762,-1,-0.5041,-0.1653,-0.3388,-1,15.5212,17.398,21.743,40.4882,0,16.3636,12.1065,-0.099,2325.3515,2318.8885,2322.12,0.0028,0.1565,1.3548,2322.3723,-1,-186764,2372.15,0,0.1176,-1,-0.842,0.3938,1
2026-05-22 13:12:00,2319.9,2321.1,2319.8,2321.0,1311,2320.7218,2321.2975,2321.7457,-1,-0.4599,-0.2242,-0.2357,-1,14.8745,17.7883,20.2484,47.6387,0,45.4545,26.617,-0.0129,2325.0976,2318.8324,2321.965,0.0027,0.346,1.3509,2322.2279,-1,-185453,2295.3,0,0.8462,1,-0.795,0.4414,1
2026-05-22 13:13:00,2321.0,2321.8,2320.3,2321.5,1428,2320.8775,2321.3159,2321.7361,-1,-0.3802,-0.2554,-0.1248,-1,14.0714,20.0609,18.655,50.5473,0,56.8182,39.5455,-0.0474,2324.8343,2318.8457,2321.84,0.0026,0.4432,1.3615,2322.1289,-1,-184025,2282.2,0,0.3333,1,-0.7736,0.463,0
2026-05-22 13:14:00,2321.5,2321.5,2320.0,2320.8,1058,2320.862,2321.269,2321.6994,-1,-0.3692,-0.2782,-0.0911,-1,13.1174,18.4936,18.7601,46.6411,0,45.0,49.0909,-0.0086,2324.3642,2318.9258,2321.645,0.0023,0.3446,1.3714,2321.6836,-1,-185083,1983.2,0,0.4667,-1,-0.8036,0.4328,0
2026-05-22 13:15:00,2320.8,2320.8,2319.5,2319.6,2428,2320.6096,2321.1172,2321.6171,-1,-0.4522,-0.313,-0.1392,-1,12.728,17.2367,20.099,40.8177,0,16.6667,39.4949,-0.0603,2324.057,2318.793,2321.425,0.0023,0.1533,1.3663,2321.3744,-1,-187511,1955.1,0,0.9231,-1,-0.8548,0.3808,1
2026-05-22 13:16:00,2320.0,2321.5,2320.0,2320.7,1026,2320.6277,2321.0793,2321.5811,-1,-0.4243,-0.3352,-0.089,-1,12.0055,19.1312,18.1568,47.3118,0,47.2222,36.2963,0.0215,2323.73,2318.83,2321.28,0.0021,0.3816,1.4044,2321.2056,-1,-186485,1899.5,0,0.4667,1,-0.8078,0.4284,0
2026-05-22 13:17:00,2321.0,2321.8,2319.6,2319.6,1446,2320.4221,2320.9448,2321.5034,-1,-0.4853,-0.3652,-0.1201,-1,11.3681,17.0739,18.1595,42.3118,0,18.75,27.5463,-0.0129,2323.3328,2318.8072,2321.07,0.0019,0.1752,1.4613,2321.019,-1,-187931,1874.95,0,0.6364,-1,-0.8548,0.3808,0
2026-05-22 13:18:00,2319.6,2319.8,2319.0,2319.2,962,2320.1777,2320.7862,2321.4131,-1,-0.5595,-0.4041,-0.1554,-1,11.3457,16.3839,20.4565,40.6303,0,6.25,24.0741,-0.0819,2322.9026,2318.7874,2320.845,0.0018,0.1003,1.414,2320.82,-1,-188893,1809.1,0,0.5,-1,-0.8719,0.3635,0
2026-05-22 13:19:00,2319.3,2319.7,2318.8,2318.9,2975,2319.9222,2320.6147,2321.3145,-1,-0.6352,-0.4503,-0.1849,-1,11.5072,15.6192,20.5389,39.3666,0,2.9412,9.3137,-0.0474,2322.6941,2318.6159,2320.655,0.0018,0.0697,1.3773,2320.6054,-1,-191868,1875.75,1,0.4444,-1,-0.8848,0.3505,1
2026-05-22 13:20:00,2319.0,2320.3,2318.7,2319.5,1971,2319.8377,2320.5134,2321.2434,-1,-0.6394,-0.4881,-0.1513,-1,10.9688,17.4141,18.8541,43.1732,0,22.8571,10.6828,-0.0259,2322.4165,2318.5935,2320.505,0.0016,0.2371,1.3932,2320.4984,-1,-189897,1927.8,0,0.3125,1,-0.8591,0.3765,0
2026-05-22 13:21:00,2319.8,2320.4,2319.3,2319.3,909,2319.7302,2320.4031,2321.1672,-1,-0.6513,-0.5208,-0.1306,-1,10.3576,16.9375,17.7746,42.2217,0,17.1429,14.3137,-0.0259,2322.1726,2318.5474,2320.36,0.0016,0.2076,1.3723,2320.4092,-1,-190806,1897.5,0,0.4545,-1,-0.8677,0.3678,0
2026-05-22 13:22:00,2319.9,2320.1,2318.1,2318.3,1777,2319.4441,2320.2119,2321.0547,-1,-0.7331,-0.5632,-0.1698,-1,10.9215,15.2301,22.0313,37.7426,0,5.4054,15.1351,-0.1163,2322.1766,2318.2434,2320.21,0.0017,0.0144,1.4171,2320.311,-1,-192583,1942.45,0,0.8,-1,-0.9104,0.3246,0
2026-05-22 13:23:00,2319.2,2319.3,2318.0,2318.0,1335,2319.1553,2320.0108,2320.9349,-1,-0.8127,-0.6131,-0.1995,-1,11.529,14.2262,21.0861,36.4918,0,0.0,7.5161,-0.1508,2321.8483,2318.1117,2319.98,0.0016,-0.0299,1.4088,2320.141,-1,-193918,1900.7,0,0.9231,-1,-0.9232,0.3116,1
2026-05-22 13:24:00,2318.2,2319.2,2318.2,2318.4,2790,2319.0043,2319.8644,2320.8355,-1,-0.8339,-0.6573,-0.1766,-1,12.0931,13.3514,19.7894,39.3765,0,10.5263,5.3106,-0.1034,2321.7772,2317.9228,2319.85,0.0017,0.1238,1.3938,2319.9341,-1,-191128,1898.85,0,0.2,1,-0.9061,0.3289,1
2026-05-22 13:25:00,2319.2,2320.4,2318.6,2320.3,1180,2319.2634,2319.904,2320.8145,-1,-0.6894,-0.6637,-0.0257,-1,11.2625,17.9884,17.8223,50.8065,0,60.5263,23.6842,0.0302,2321.6818,2317.9482,2319.815,0.0016,0.6299,1.4371,2319.9,1,-189948,1912.95,0,0.6111,1,-0.8249,0.4111,0
2026-05-22 13:26:00,2320.3,2320.3,2319.1,2319.9,1116,2319.3907,2319.9036,2320.7787,-1,-0.6003,-0.651,0.0507,1,10.4911,16.9028,16.7466,48.7238,0,50.0,40.3509,-0.0345,2321.659,2317.941,2319.8,0.0016,0.5269,1.4202,2319.8407,1,-191064,1794.3,0,0.3333,-1,-0.842,0.3938,0
2026-05-22 13:27:00,2319.9,2319.9,2319.0,2319.4,1671,2319.3926,2319.8578,2320.7246,-1,-0.5635,-0.6335,0.07,1,9.8223,16.1171,16.4847,46.1756,0,36.8421,49.1228,-0.0086,2321.6414,2317.9086,2319.775,0.0016,0.3995,1.383,2319.7833,-1,-192735,1667.15,0,0.5556,-1,-0.8634,0.3722,0
2026-05-22 13:28:00,2319.4,2319.5,2319.0,2319.4,1654,2319.3941,2319.8162,2320.6726,-1,-0.5282,-0.6124,0.0842,1,9.2012,15.681,16.0387,46.1756,0,36.8421,41.2281,0.0086,2321.4596,2317.9204,2319.69,0.0015,0.4181,1.32,2319.6701,-1,-191081,1648.7,0,0.0,1,-0.8634,0.3722,1
2026-05-22 13:29:00,2319.5,2322.3,2319.5,2320.0,1027,2319.5153,2319.8329,2320.6463,-1,-0.4467,-0.5793,0.1326,1,10.9171,27.3724,13.72,49.8274,0,46.5116,40.0653,0.0474,2321.4596,2317.9204,2319.69,0.0015,0.5876,1.4328,2319.679,1,-190054,1656.75,0,0.1786,1,-0.8378,0.3981,0
2026-05-22 13:30:00,2320.4,2320.4,2319.1,2319.8,1253,2319.5722,2319.8299,2320.6131,-1,-0.3938,-0.5422,0.1484,1,12.0379,25.5867,14.8322,48.6427,0,41.8605,41.7381,0.0129,2321.4355,2317.9145,2319.675,0.0015,0.5355,1.4233,2319.6642,1,-191307,1566.65,0,0.4615,-1,-0.8463,0.3895,1
2026-05-22 13:31:00,2319.8,2320.5,2319.7,2320.5,1462,2319.7578,2319.8908,2320.6086,-1,-0.2919,-0.4921,0.2002,1,13.1477,25.0443,14.2175,52.8666,0,58.1395,48.8372,0.0517,2321.5,2317.91,2319.705,0.0015,0.7215,1.3788,2319.6736,1,-189845,1538.95,0,0.875,1,-0.8164,0.4198,0
2026-05-22 13:32:00,2320.5,2321.2,2320.0,2320.3,2297,2319.8662,2319.928,2320.5965,-1,-0.2248,-0.4387,0.2139,1,14.6463,27.1331,13.3254,51.5618,0,53.4884,51.1628,0.0863,2321.3883,2317.9517,2319.67,0.0015,0.6833,1.366,2319.6938,1,-192142,1588.25,0,0.1667,-1,-0.8249,0.4111,0
2026-05-22 13:33:00,2320.4,2320.4,2319.8,2319.8,1215,2319.853,2319.9164,2320.5653,-1,-0.2095,-0.3928,0.1834,1,15.7784,26.2463,13.9793,48.3489,0,41.8605,51.1628,0.0777,2321.0874,2318.0826,2319.585,0.0013,0.5716,1.3113,2319.6374,1,-193357,1577.6,0,1.0,-1,-0.8463,0.3895,1
2026-05-22 13:34:00,2320.0,2320.1,2319.8,2320.1,855,2319.9024,2319.9331,2320.5471,-1,-0.1712,-0.3485,0.1773,1,16.8296,25.7924,13.7376,50.348,0,48.8372,48.062,0.0733,2320.9677,2318.1323,2319.55,0.0012,0.694,1.2391,2319.6092,1,-192502,1567.45,0,0.3333,1,-0.8335,0.4025,0
2026-05-22 13:35:00,2320.1,2320.1,2318.1,2318.2,3916,2319.5619,2319.7755,2320.455,-1,-0.2908,-0.3369,0.0462,1,15.8416,22.9437,21.6084,39.8329,0,4.6512,31.7829,-0.0905,2321.0144,2317.9456,2319.48,0.0013,0.0829,1.2934,2319.4862,-1,-196418,1641.85,1,0.95,-1,-0.9147,0.3202,0
2026-05-22 13:36:00,2316.8,2316.8,2315.0,2315.4,16522,2318.7295,2319.3778,2320.2568,-1,-0.6045,-0.3905,-0.2141,-1,16.6493,19.2754,33.6422,29.9169,1,5.4795,19.6559,-0.194,2321.4744,2316.9556,2319.215,0.0019,-0.3442,1.4296,2318.1769,-1,-212940,2416.65,1,0.7778,-1,-1.0344,0.1991,0
2026-05-22 13:37:00,2315.4,2315.8,2315.1,2315.4,1204,2318.0636,2319.0161,2320.0663,-1,-0.8435,-0.4811,-0.3624,-1,17.3993,18.5758,32.421,29.9169,1,5.4795,5.2034,-0.1725,2321.7996,2316.2104,2319.005,0.0024,-0.145,1.3775,2318.0434,-1,-211736,2404.55,0,0.0,1,-1.0344,0.1991,1
2026-05-22 13:38:00,2315.4,2317.0,2315.2,2316.2,1489,2317.6909,2318.7601,2319.9147,-1,-0.9572,-0.5763,-0.3809,-1,17.0409,22.9682,29.4599,35.2574,0,16.4384,9.1324,-0.138,2321.9023,2315.8077,2318.855,0.0026,0.0644,1.4077,2317.9593,-1,-210247,2430.9,0,0.4444,1,-1.0002,0.2337,1
2026-05-22 13:39:00,2316.3,2316.5,2316.0,2316.4,534,2317.4327,2318.5456,2319.7769,-1,-1.0195,-0.6649,-0.3546,-1,16.7081,22.3573,28.6763,36.559,0,19.1781,13.6986,-0.1552,2321.9593,2315.5007,2318.73,0.0028,0.1392,1.3428,2317.8645,-1,-209713,2308.85,0,0.2,1,-0.9916,0.2423,0
2026-05-22 13:40:00,2316.5,2317.0,2316.2,2316.2,1396,2317.1862,2318.3323,2319.6366,-1,-1.0726,-0.7465,-0.3262,-1,15.9726,24.1163,27.4198,35.7843,0,16.4384,17.3516,-0.1552,2321.9534,2315.1766,2318.565,0.0029,0.151,1.3041,2317.751,-1,-211109,2280.1,0,0.375,-1,-1.0002,0.2337,1
2026-05-22 13:41:00,2316.3,2317.7,2316.3,2317.0,2288,2317.1489,2318.2112,2319.5332,-1,-1.0382,-0.8048,-0.2334,-1,14.9376,25.9494,25.1909,41.1559,0,27.3973,21.0046,-0.1508,2321.8866,2315.0134,2318.45,0.003,0.289,1.3181,2317.6774,-1,-208821,2349.05,0,0.5,1,-0.966,0.2683,1
2026-05-22 13:42:00,2317.3,2317.9,2317.0,2317.6,1764,2317.2391,2318.1557,2319.4574,-1,-0.9515,-0.8342,-0.1174,-1,14.1336,25.7634,23.9338,44.88,0,35.6164,26.484,-0.1164,2321.8712,2314.9588,2318.415,0.003,0.3821,1.2882,2317.627,-1,-207057,2348.4,0,0.3333,1,-0.9403,0.1599,0
2026-05-22 13:43:00,2317.5,2317.6,2316.5,2316.5,1890,2317.0913,2318.0051,2319.3414,-1,-0.9605,-0.8594,-0.1011,-1,13.2808,24.1754,25.2602,39.895,0,24.1935,29.0691,-0.1423,2321.8927,2314.7873,2318.34,0.0031,0.241,1.2748,2317.5741,-1,-208947,2376.15,0,0.9091,-1,-0.9873,0.0475,1
2026-05-22 13:44:00,2316.8,2316.8,2316.5,2316.8,640,2317.0331,2317.8956,2319.2417,-1,-0.9327,-0.8741,-0.0586,-1,12.4889,23.7456,24.8111,41.7939,0,29.0323,29.6141,-0.1422,2321.8752,2314.6448,2318.26,0.0031,0.2981,1.2051,2317.4987,-1,-208307,2268.65,0,0.0,1,-0.9745,0.0605,1
2026-05-22 13:45:00,2316.7,2319.1,2316.7,2319.1,3175,2317.4464,2318.0051,2319.2362,-1,-0.7168,-0.8426,0.1258,1,13.1347,33.3217,21.5152,53.8354,0,66.129,39.7849,0.0388,2321.7162,2314.6838,2318.2,0.003,0.628,1.2905,2317.4959,1,-205132,2368.4,0,1.0,1,-0.8762,0.1598,0
2026-05-22 13:46:00,2318.1,2320.7,2318.1,2319.0,1468,2317.7572,2318.0955,2319.2269,-1,-0.5475,-0.7836,0.2361,1,14.5648,37.108,18.6282,53.319,0,70.1754,55.1122,0.1555,2321.6055,2314.7045,2318.155,0.003,0.6224,1.384,2317.4973,1,-206600,2386.0,0,0.3462,1,-0.8805,0.1555,0
2026-05-22 13:47:00,2319.0,2319.1,2318.0,2318.9,3764,2317.9857,2318.1687,2319.2141,-1,-0.4165,-0.7102,0.2937,1,15.7988,34.97,18.0787,52.7737,0,68.4211,68.2418,0.1512,2321.5512,2314.7088,2318.13,0.003,0.6125,1.3637,2317.5207,1,-210364,2490.65,1,0.0909,-1,-0.8848,0.1512,0
2026-05-22 13:48:00,2318.9,2318.9,2317.4,2317.4,831,2317.8686,2318.0988,2319.143,-1,-0.4289,-0.6539,0.2251,1,16.38,32.242,19.7887,45.292,0,42.1053,60.2339,0.0518,2321.4135,2314.6465,2318.03,0.0029,0.4069,1.3735,2317.467,-1,-211195,2449.5,0,1.0,-1,-0.9489,0.0864,0
2026-05-22 13:49:00,2318.2,2318.2,2317.1,2317.2,1261,2317.7349,2318.0171,2319.0668,-1,-0.4496,-0.6131,0.1635,1,16.6426,30.371,20.223,44.3884,0,38.5965,49.7076,0.0345,2321.1659,2314.6141,2317.89,0.0028,0.3947,1.3539,2317.4025,-1,-212456,2461.2,0,0.9091,-1,-0.9574,0.0777,1
2026-05-22 13:50:00,2317.2,2319.3,2317.2,2318.5,1639,2317.8879,2318.061,2319.0445,-1,-0.357,-0.5618,0.2049,1,17.5144,32.7171,18.0674,51.2031,0,60.7143,47.1387,0.0993,2320.9967,2314.6533,2317.825,0.0027,0.6064,1.4072,2317.3736,1,-210817,2480.5,0,0.619,1,-0.9019,0.1339,0
2026-05-22 13:51:00,2318.5,2318.6,2317.4,2317.5,1473,2317.8103,2318.01,2318.984,-1,-0.3602,-0.5215,0.1614,1,18.3238,30.7031,16.9552,46.4843,0,41.8182,47.043,0.0216,2320.6007,2314.7493,2317.675,0.0025,0.4701,1.3924,2317.303,1,-212290,2481.05,0,0.8333,-1,-0.9446,0.0907,0
2026-05-22 13:52:00,2317.7,2317.8,2316.6,2317.1,2429,2317.6683,2317.9273,2318.9101,-1,-0.3904,-0.4953,0.1049,1,18.2944,28.7942,20.0459,44.7094,0,23.4043,41.9789,-0.0216,2320.188,2314.842,2317.515,0.0023,0.4224,1.3787,2317.1487,-1,-214719,2487.65,0,0.5,-1,-0.9617,0.0734,1
2026-05-22 13:53:00,2317.1,2319.0,2316.9,2318.7,1889,2317.8746,2317.9975,2318.9019,-1,-0.2821,-0.4526,0.1706,1,18.974,31.7674,17.9434,52.5191,0,55.5556,40.2593,0.095,2319.9838,2314.9362,2317.46,0.0022,0.7457,1.4302,2317.1194,1,-212830,2521.35,0,0.7619,1,-0.8933,0.1425,0
2026-05-22 13:54:00,2318.9,2318.9,2317.8,2318.1,632,2317.9197,2318.0068,2318.8704,-1,-0.2418,-0.4105,0.1687,1,19.6051,29.993,16.9411,49.6849,0,40.9091,39.9563,0.0561,2319.6,2315.12,2317.36,0.0019,0.6652,1.4066,2317.0848,1,-213462,2510.2,0,0.7273,-1,-0.919,0.1166,0
2026-05-22 13:55:00,2317.8,2317.8,2316.0,2316.8,2711,2317.6957,2317.8971,2318.7892,-1,-0.3112,-0.3906,0.0794,1,18.6083,26.9033,24.0256,44.1284,0,17.0213,37.8286,-0.0992,2319.508,2315.072,2317.29,0.0019,0.3895,1.4561,2316.9356,-1,-216173,2449.95,0,0.5556,-1,-0.9745,0.0605,1
2026-05-22 13:56:00,2317.4,2318.3,2316.8,2317.8,1724,2317.7166,2317.8883,2318.7504,-1,-0.2823,-0.369,0.0867,1,18.015,27.3754,22.2616,48.8657,0,38.2979,32.0761,-0.0517,2319.4593,2315.3607,2317.41,0.0018,0.5952,1.4593,2317.5516,1,-214449,1710.05,0,0.2667,1,-0.9318,0.1037,0
2026-05-22 13:57:00,2317.3,2317.7,2316.1,2316.6,982,2317.4933,2317.7712,2318.6661,-1,-0.3521,-0.3656,0.0135,1,16.919,25.124,23.8172,44.0401,0,12.766,22.695,-0.0992,2319.3431,2315.5969,2317.47,0.0016,0.2678,1.4765,2317.6049,-1,-215431,1698.95,0,0.4375,-1,-0.9831,0.0518,0
2026-05-22 13:58:00,2316.6,2317.0,2315.2,2316.2,3401,2317.2346,2317.6283,2318.5694,-1,-0.4348,-0.3794,-0.0553,-1,16.1609,22.9699,26.0621,42.5324,0,18.1818,23.0819,-0.0518,2319.3431,2315.5969,2317.47,0.0016,0.161,1.4996,2317.5265,-1,-218832,1794.55,1,0.2222,-1,-1.0002,0.0346,1
2026-05-22 13:59:00,2316.3,2317.7,2316.0,2316.6,1747,2317.1077,2317.5348,2318.4922,-1,-0.4626,-0.3961,-0.0665,-1,15.0743,24.4303,23.9716,44.5758,0,25.4545,18.8008,-0.0259,2319.3321,2315.6279,2317.48,0.0016,0.2624,1.5139,2317.5084,-1,-217085,1855.2,0,0.1765,1,-0.9831,0.0518,0
2026-05-22 14:00:00,2316.7,2317.5,2316.2,2316.5,7783,2316.9862,2317.4408,2318.414,-1,-0.4872,-0.4143,-0.0729,-1,14.0652,22.9165,22.4863,44.1531,0,31.7073,25.1146,-0.0863,2319.3099,2315.6801,2317.495,0.0016,0.2259,1.4986,2317.4031,-1,-224868,2174.55,1,0.1538,-1,-0.9873,0.0475,0
2026-05-22 14:01:00,2316.7,2316.7,2315.8,2316.0,1598,2316.7889,2317.3098,2318.3194,-1,-0.5407,-0.4396,-0.1011,-1,13.3048,21.9046,23.4559,42.0082,0,19.5122,25.558,-0.0647,2319.3638,2315.5262,2317.445,0.0017,0.1235,1.4559,2317.3785,-1,-226466,2140.05,0,0.7778,-1,-1.0087,0.0259,0
2026-05-22 14:02:00,2316.0,2316.0,2313.0,2313.4,16254,2316.1111,2316.9544,2318.1264,-1,-0.7839,-0.5084,-0.2755,-1,14.2954,18.9075,33.0167,33.024,1,6.3492,19.1896,-0.1597,2319.8375,2314.6325,2317.235,0.0022,-0.2368,1.5662,2316.4541,-1,-242720,2864.55,1,0.8667,-1,-1.1198,0.0,1
2026-05-22 14:03:00,2313.6,2314.9,2313.6,2314.7,2134,2315.8289,2316.7494,2317.9921,-1,-0.8618,-0.5791,-0.2827,-1,15.2152,17.6101,30.7512,39.9404,0,26.9841,17.6152,-0.1725,2319.9589,2314.3311,2317.145,0.0024,0.0655,1.5614,2316.3644,-1,-240586,2876.75,0,0.8462,1,-1.0643,0.0562,1
2026-05-22 14:04:00,2314.7,2315.3,2314.7,2314.9,2394,2315.6431,2316.5813,2317.8708,-1,-0.8971,-0.6427,-0.2544,-1,15.7137,19.0186,29.8683,40.9507,0,31.6667,21.6667,-0.138,2320.0276,2314.0724,2317.05,0.0026,0.139,1.4928,2316.3043,-1,-238192,2964.45,0,0.3333,1,-1.0557,0.0648,0
2026-05-22 14:05:00,2314.3,2314.8,2312.7,2314.6,3607,2315.4345,2316.4012,2317.7426,-1,-0.9384,-0.7019,-0.2366,-1,17.1441,17.082,36.0838,39.8674,0,30.1587,29.6032,-0.095,2319.8289,2313.8211,2316.825,0.0026,0.1296,1.5433,2316.061,-1,-241799,2986.05,0,0.1429,1,-1.0686,0.0519,1
2026-05-22 14:06:00,2314.2,2316.7,2314.2,2315.3,1863,2315.4076,2316.3011,2317.6468,-1,-0.9043,-0.7423,-0.1619,-1,17.0065,23.6103,32.0856,43.6155,0,41.2698,34.3651,-0.1079,2319.5392,2313.7408,2316.64,0.0025,0.2689,1.6116,2315.9623,-1,-239936,3005.8,0,0.44,1,-1.0386,0.0821,1
2026-05-22 14:07:00,2315.7,2316.0,2315.2,2315.4,2291,2315.4061,2316.2191,2317.5587,-1,-0.8592,-0.7657,-0.0935,-1,16.8787,22.7419,30.9055,44.1511,0,43.5484,38.3257,-0.0518,2319.2162,2313.7138,2316.465,0.0024,0.3064,1.5536,2315.7719,-1,-237645,2932.15,0,0.375,-1,-1.0344,0.0865,1
2026-05-22 14:08:00,2315.4,2316.0,2315.0,2316.0,1554,2315.5249,2316.1992,2317.4975,-1,-0.7663,-0.7658,-0.0005,-1,16.8697,21.669,30.391,47.3806,0,58.9286,47.9156,-0.0086,2319.1186,2313.6714,2316.395,0.0024,0.4275,1.5141,2315.7394,1,-236091,2968.3,0,0.6,1,-1.0087,0.1124,0
2026-05-22 14:09:00,2315.7,2316.0,2315.1,2315.1,1948,2315.4399,2316.0993,2317.4035,-1,-0.7565,-0.764,0.0074,1,16.8614,20.7216,29.0621,43.3329,0,42.8571,48.4447,-0.0648,2319.0431,2313.5369,2316.29,0.0024,0.2839,1.4702,2315.6914,-1,-238039,3002.65,0,0.6667,-1,-1.0472,0.0735,1
2026-05-22 14:10:00,2315.5,2316.0,2315.3,2315.8,1462,2315.5119,2316.0721,2317.3406,-1,-0.6844,-0.7481,0.0636,1,16.8537,19.7897,27.7552,47.117,0,62.0,54.5952,-0.0302,2318.7197,2313.5903,2316.155,0.0022,0.4308,1.4295,2315.6193,1,-236577,2993.8,0,0.4286,1,-1.0173,0.1037,0
2026-05-22 14:11:00,2315.9,2315.9,2314.5,2314.7,8845,2315.3495,2315.9474,2317.2371,-1,-0.7079,-0.74,0.0321,1,17.3403,18.4033,29.814,42.333,0,40.0,48.2857,-0.0561,2318.5765,2313.4535,2316.015,0.0022,0.2433,1.4274,2315.4937,-1,-245422,3362.4,1,0.8571,-1,-1.0643,0.0562,0
2026-05-22 14:12:00,2314.7,2314.7,2312.0,2314.4,5736,2315.1596,2315.8067,2317.1258,-1,-0.7421,-0.7405,-0.0017,-1,18.9829,16.0656,37.7883,41.1071,0,42.1053,48.0351,0.0432,2318.4828,2313.2772,2315.88,0.0022,0.2157,1.5183,2315.2903,-1,-251158,3527.75,1,0.1111,-1,-1.0771,0.0432,0
2026-05-22 14:13:00,2314.0,2314.5,2313.0,2313.5,1528,2314.8277,2315.597,2316.9836,-1,-0.8323,-0.7588,-0.0735,-1,20.5081,14.931,35.1194,37.5903,0,27.2727,36.4593,-0.0518,2318.0789,2313.1611,2315.62,0.0021,0.0689,1.517,2315.1767,-1,-252686,3509.7,0,0.3333,-1,-1.1156,0.0043,0
2026-05-22 14:14:00,2313.5,2314.8,2313.1,2313.1,8254,2314.4822,2315.37,2316.8313,-1,-0.9254,-0.7921,-0.1332,-1,21.6287,15.1465,32.3322,36.1116,0,23.4043,30.9274,-0.0778,2317.7859,2312.9541,2315.37,0.0021,0.0302,1.5301,2314.9914,-1,-260940,3890.8,1,0.2353,-1,-1.1327,0.0,1
2026-05-22 14:15:00,2313.1,2314.4,2312.5,2314.0,9565,2314.3857,2315.2454,2316.7203,-1,-0.9159,-0.8169,-0.099,-1,22.9415,13.8258,32.2665,41.6713,0,42.5532,31.0767,-0.0259,2317.6226,2312.8374,2315.23,0.0021,0.243,1.5565,2314.7779,-1,-251375,4233.5,1,0.4737,1,-1.0942,0.0389,0
2026-05-22 14:16:00,2313.8,2314.7,2313.2,2313.9,2564,2314.2886,2315.1231,2316.6097,-1,-0.9061,-0.8347,-0.0714,-1,23.8489,14.252,30.0397,41.2419,0,40.4255,35.461,-0.0605,2317.1809,2312.8891,2315.035,0.0019,0.2355,1.5524,2314.695,-1,-253939,4275.5,0,0.0667,1,-1.0985,0.0346,1
2026-05-22 14:17:00,2313.4,2314.4,2312.6,2314.2,2916,2314.2709,2315.0392,2316.5152,-1,-0.8641,-0.8406,-0.0235,-1,24.9806,13.0849,30.3094,43.1352,0,46.8085,43.2624,-0.0518,2316.9637,2312.8663,2314.915,0.0018,0.3255,1.5701,2314.6393,-1,-251023,4372.2,0,0.4444,1,-1.0857,0.0476,0
2026-05-22 14:18:00,2314.0,2314.3,2312.5,2314.0,2707,2314.2167,2314.9447,2316.4166,-1,-0.8374,-0.84,0.0026,1,26.0796,12.0245,28.3034,42.1599,0,42.5532,43.2624,-0.0864,2316.8015,2312.8085,2314.805,0.0017,0.2984,1.5865,2314.5483,-1,-253730,4337.5,0,0.0,1,-1.0942,0.0389,0
2026-05-22 14:19:00,2313.7,2314.6,2312.8,2313.1,4450,2313.9934,2314.777,2316.2865,-1,-0.8786,-0.8477,-0.0309,-1,26.751,12.3971,26.0315,37.9964,0,23.4043,37.5887,-0.0864,2316.5795,2312.6805,2314.63,0.0017,0.1076,1.6018,2314.4529,-1,-258180,4472.65,0,0.3333,-1,-1.1327,0.0,1
2026-05-22 14:20:00,2313.5,2313.8,2312.9,2313.2,2334,2313.8347,2314.6337,2316.1655,-1,-0.893,-0.8568,-0.0362,-1,27.3745,11.8835,24.953,38.7205,0,30.0,31.9858,-0.1123,2316.3092,2312.6208,2314.465,0.0016,0.157,1.5517,2314.2095,-1,-255846,4200.2,0,0.3333,-1,-1.1284,0.0043,1
2026-05-22 14:21:00,2313.2,2313.5,2312.8,2313.5,3116,2313.7677,2314.5306,2316.0609,-1,-0.8701,-0.8594,-0.0107,-1,28.0146,11.485,24.5953,40.9486,0,37.5,30.3014,-0.0518,2316.0875,2312.5925,2314.34,0.0015,0.2597,1.4908,2314.1386,-1,-252730,4276.1,0,0.4286,1,-1.1156,0.0173,1
2026-05-22 14:22:00,2313.6,2314.5,2313.5,2314.3,4972,2313.8742,2314.5096,2315.9919,-1,-0.7785,-0.8432,0.0648,1,27.3906,15.828,23.3885,46.5316,0,57.5,41.6667,-0.0043,2316.0788,2312.6912,2314.385,0.0015,0.4749,1.4558,2314.1372,1,-247758,3712.0,0,0.7,1,-1.0814,0.0519,1
2026-05-22 14:23:00,2314.3,2317.0,2314.3,2317.0,5984,2314.4994,2314.736,2316.0314,-1,-0.4824,-0.7711,0.2887,1,26.2039,25.4125,20.4683,60.2062,0,100.0,65.0,0.1513,2316.5406,2312.4594,2314.5,0.0018,1.1126,1.5446,2314.2804,1,-241774,3904.5,1,1.0,1,-0.966,0.1686,1
2026-05-22 14:24:00,2316.7,2317.1,2315.5,2317.1,3655,2315.0195,2314.9509,2316.0733,1,-0.237,-0.6642,0.4273,1,25.1703,23.9983,18.9578,60.608,0,100.0,85.8333,0.1729,2316.9414,2312.2786,2314.61,0.002,1.034,1.5486,2314.365,1,-238119,3967.55,0,0.25,1,-0.9617,0.1729,1
2026-05-22 14:25:00,2317.0,2318.3,2316.0,2317.5,4149,2315.5156,2315.1827,2316.1293,1,-0.0101,-0.5334,0.5233,1,24.9789,26.8872,17.014,62.2501,0,87.3016,95.7672,0.1513,2317.4049,2312.1051,2314.755,0.0023,1.0179,1.6023,2314.5307,1,-233970,3994.65,0,0.2174,1,-0.9446,0.1902,0
2026-05-22 14:26:00,2318.2,2318.2,2316.3,2317.2,2551,2315.8525,2315.3661,2316.1713,1,0.1439,-0.3979,0.5418,1,24.8011,24.6397,15.5917,60.2225,0,81.0345,89.4454,0.1426,2317.6999,2312.0001,2314.85,0.0025,0.9123,1.6235,2314.5961,1,-236521,4029.05,0,0.5263,-1,-0.9574,0.1773,0
2026-05-22 14:27:00,2316.7,2317.6,2316.0,2317.0,2414,2316.082,2315.5146,2316.2038,1,0.2469,-0.269,0.5159,1,24.3374,22.9034,15.8143,58.8463,0,77.5862,81.9741,0.121,2317.9234,2311.9366,2314.93,0.0026,0.8458,1.6219,2314.6375,1,-238935,4035.2,0,0.1875,1,-0.966,0.1686,0
2026-05-22 14:28:00,2317.8,2317.8,2316.0,2316.4,1877,2316.1456,2315.5951,2316.2115,1,0.277,-0.1598,0.4367,1,24.0464,21.9759,14.5704,54.8006,0,67.2414,75.2874,0.1037,2317.9769,2311.9231,2314.95,0.0026,0.7395,1.6346,2314.6663,1,-240812,4051.35,0,0.7778,-1,-0.9916,0.1427,0
2026-05-22 14:29:00,2315.9,2316.8,2314.1,2315.0,9296,2315.9165,2315.541,2316.1639,1,0.1856,-0.0907,0.2764,1,22.57,19.4984,20.8611,46.7281,0,43.1034,62.6437,0.0821,2317.9712,2311.9188,2314.945,0.0026,0.5091,1.7107,2314.7168,1,-250108,4418.75,1,0.3333,-1,-1.0515,0.0821,1
2026-05-22 14:30:00,2314.9,2315.5,2313.0,2315.5,11771,2315.8332,2315.5373,2316.1379,1,0.1519,-0.0422,0.1941,1,21.9525,17.528,23.1994,49.5844,0,51.7241,54.023,0.0994,2317.942,2311.918,2314.93,0.0026,0.5946,1.7671,2314.6962,1,-238337,4934.2,1,0.24,1,-1.0301,0.1038,0
2026-05-22 14:31:00,2315.5,2315.5,2314.0,2315.4,4215,2315.7465,2315.5248,2316.109,1,0.1157,-0.0106,0.1263,1,21.3791,16.4536,21.7774,49.0184,0,50.0,48.2759,0.0821,2317.9818,2311.9482,2314.965,0.0026,0.5721,1.748,2314.6766,1,-242552,4702.7,0,0.0667,-1,-1.0344,0.0994,1
2026-05-22 14:32:00,2315.5,2316.0,2314.9,2316.0,7787,2315.7972,2315.568,2316.1047,1,0.1339,0.0183,0.1156,1,20.4039,17.7926,20.7719,52.5209,0,58.1818,53.302,0.0735,2318.0824,2312.0076,2315.045,0.0026,0.6572,1.7017,2314.8124,1,-234765,4805.25,1,0.4545,1,-1.0087,0.1254,0
2026-05-22 14:33:00,2316.0,2316.0,2315.1,2315.3,3299,2315.6978,2315.5436,2316.0731,1,0.0908,0.0328,0.058,1,19.4983,17.0971,19.9599,48.3476,0,45.4545,51.2121,-0.0734,2318.0895,2312.1805,2315.135,0.0026,0.5279,1.6444,2314.8524,1,-238064,4893.8,0,0.7778,-1,-1.0386,0.0951,1
2026-05-22 14:34:00,2316.6,2317.0,2316.1,2316.5,3528,2315.8582,2315.6306,2316.0899,1,0.1518,0.0566,0.0952,1,18.4162,20.1708,18.4895,54.9554,0,67.2727,56.9697,-0.0259,2318.1612,2312.4488,2315.305,0.0025,0.7092,1.6484,2315.0211,1,-234536,4657.5,0,0.1111,-1,-0.9873,0.147,1
2026-05-22 14:35:00,2316.2,2317.3,2315.2,2317.3,2968,2316.1466,2315.7823,2316.1373,1,0.2616,0.0976,0.164,1,17.5205,18.3706,20.6644,58.7446,0,81.1321,64.6198,-0.0086,2318.3862,2312.5538,2315.47,0.0025,0.8138,1.6807,2315.2286,1,-231568,4327.65,0,0.5238,1,-0.9532,0.1816,0
2026-05-22 14:36:00,2317.5,2318.5,2317.0,2317.0,6701,2316.3173,2315.893,2316.1712,1,0.3207,0.1422,0.1785,1,16.7821,22.3299,19.3368,56.8145,0,72.7273,73.7107,-0.0086,2318.5204,2312.7296,2315.625,0.0025,0.7374,1.6678,2315.4331,1,-238269,4534.5,0,0.3333,-1,-0.966,0.1686,0
2026-05-22 14:37:00,2317.0,2317.0,2315.2,2315.3,1607,2316.1138,2315.8391,2316.137,1,0.2278,0.1593,0.0684,1,16.3423,20.6181,25.5203,47.3256,0,41.8182,65.2258,-0.0734,2318.506,2312.854,2315.68,0.0024,0.4328,1.6772,2315.4957,-1,-239876,4469.05,0,0.9444,-1,-1.0386,0.0951,0
2026-05-22 14:38:00,2316.0,2316.0,2315.0,2315.0,2232,2315.891,2315.7628,2316.0924,1,0.1284,0.1532,-0.0247,-1,16.0584,19.7139,25.2782,45.8697,0,36.3636,50.303,-0.0604,2318.4694,2312.9906,2315.73,0.0024,0.3668,1.6288,2315.5494,-1,-242108,4445.3,0,1.0,-1,-1.0515,0.0821,0
2026-05-22 14:39:00,2314.6,2315.0,2314.1,2315.0,2628,2315.7128,2315.6935,2316.0496,1,0.0491,0.1324,-0.0832,-1,16.335,18.9102,28.3247,45.8697,0,36.3636,38.1818,0.0,2318.3133,2313.3367,2315.825,0.0021,0.3342,1.5768,2315.6284,-1,-239480,4354.2,0,0.4444,1,-1.0515,0.0821,0
2026-05-22 14:40:00,2314.9,2315.8,2314.0,2314.8,11265,2315.5303,2315.6123,2316.0006,-1,-0.0295,0.1,-0.1295,-1,15.9381,20.9714,26.0382,44.804,0,32.7273,35.1515,-0.0302,2318.1406,2313.6694,2315.905,0.0019,0.2529,1.5927,2315.5957,-1,-250745,4800.75,1,0.0556,-1,-1.06,0.0735,0
2026-05-22 14:41:00,2314.8,2315.1,2314.1,2314.7,3423,2315.3642,2315.5293,2315.9496,-1,-0.0988,0.0602,-0.159,-1,15.5695,20.0052,24.8385,44.2504,0,30.9091,33.3333,-0.0302,2317.9941,2313.9359,2315.965,0.0018,0.1883,1.5504,2315.6368,-1,-254168,4816.1,0,0.1,-1,-1.0643,0.0692,0
2026-05-22 14:42:00,2314.7,2314.7,2313.7,2313.9,2207,2315.0714,2315.3812,2315.8692,-1,-0.2157,0.005,-0.2208,-1,15.4974,19.0596,25.5552,39.9932,0,16.3636,26.6667,-0.0907,2318.0459,2313.8441,2315.945,0.0018,0.0133,1.5111,2315.6822,-1,-256375,4677.85,0,0.8,-1,-1.0985,0.0346,0
2026-05-22 14:43:00,2314.9,2314.9,2313.7,2313.7,3456,2314.7971,2315.2284,2315.7841,-1,-0.3208,-0.0601,-0.2607,-1,15.2478,18.9218,24.084,38.9834,0,12.7273,20.0,-0.0691,2318.0362,2313.5238,2315.78,0.0019,0.039,1.4888,2315.5947,-1,-259831,4551.45,0,1.0,-1,-1.107,0.0259,1
2026-05-22 14:44:00,2314.6,2314.6,2313.9,2314.4,3847,2314.7177,2315.1531,2315.7298,-1,-0.3437,-0.1168,-0.2269,-1,15.0161,18.0811,23.0139,44.2855,0,14.5833,14.5581,-0.0907,2317.8922,2313.3978,2315.645,0.0019,0.223,1.4468,2315.5012,-1,-255984,4561.05,0,0.2857,-1,-1.0771,0.0562,1
2026-05-22 14:45:00,2314.0,2314.9,2313.4,2314.9,6966,2314.7541,2315.1301,2315.6973,-1,-0.3178,-0.157,-0.1608,-1,15.1828,16.7456,23.7761,47.7763,0,29.4118,18.9075,-0.1036,2317.6138,2313.4162,2315.515,0.0018,0.3535,1.4506,2315.3417,-1,-249018,4701.9,0,0.6,1,-1.0557,0.0778,0
2026-05-22 14:46:00,2315.0,2315.0,2314.2,2314.6,5598,2314.7233,2315.0819,2315.6543,-1,-0.3178,-0.1892,-0.1286,-1,15.2293,16.5728,22.8085,45.9174,0,23.5294,22.5082,-0.1036,2317.3692,2313.4008,2315.385,0.0017,0.3022,1.4041,2315.2492,-1,-254616,4854.25,0,0.5,-1,-1.0686,0.0648,1
2026-05-22 14:47:00,2314.8,2315.0,2314.3,2315.0,2009,2314.7787,2315.0744,2315.6286,-1,-0.2823,-0.2078,-0.0745,-1,15.2725,15.9607,21.9661,48.7791,0,31.3725,28.1046,-0.013,2317.1303,2313.4397,2315.285,0.0016,0.4228,1.3538,2315.1988,-1,-252607,4834.0,0,0.2857,1,-1.0515,0.0821,1
2026-05-22 14:48:00,2315.0,2317.0,2315.0,2315.7,8209,2314.9629,2315.1313,2315.6314,-1,-0.1955,-0.2053,0.0099,1,14.9581,24.5363,19.7246,53.4238,0,45.098,33.3333,0.0302,2317.0349,2313.4651,2315.25,0.0015,0.6261,1.4,2315.2267,1,-244398,5150.6,1,0.35,1,-1.0215,0.1124,1
2026-05-22 14:49:00,2315.7,2317.0,2315.0,2316.6,3780,2315.2903,2315.2648,2315.6694,1,-0.0534,-0.175,0.1216,1,14.6662,22.1069,17.7717,58.6194,0,62.7451,46.4052,0.0691,2317.2041,2313.4559,2315.33,0.0016,0.8388,1.4428,2315.2575,1,-240618,4874.8,0,0.45,1,-0.9831,0.1513,0
2026-05-22 14:50:00,2316.4,2317.0,2315.6,2316.0,8735,2315.4323,2315.3317,2315.6824,1,0.0107,-0.1378,0.1485,1,14.3951,20.5715,16.5373,54.2728,0,72.2222,60.0218,0.0518,2317.2508,2313.4592,2315.355,0.0016,0.6701,1.4398,2315.4183,1,-249353,4723.0,1,0.2857,-1,-1.0087,0.1254,1
2026-05-22 14:51:00,2316.0,2317.0,2315.6,2316.4,4379,2315.6258,2315.4288,2315.7105,1,0.0927,-0.0917,0.1844,1,14.1434,19.1399,15.3865,56.5841,0,83.3333,72.7669,0.0734,2317.3548,2313.4552,2315.405,0.0017,0.7551,1.4369,2315.4807,1,-244974,4731.2,0,0.2857,1,-0.9916,0.1427,1
2026-05-22 14:52:00,2316.7,2317.2,2316.1,2317.1,2495,2315.9207,2315.5807,2315.765,1,0.2117,-0.031,0.2427,1,14.1011,19.0866,14.5308,60.3601,0,97.3684,84.308,0.1383,2317.5321,2313.3879,2315.46,0.0018,0.8957,1.4129,2315.5043,1,-242479,4466.6,0,0.3636,1,-0.9617,0.1729,0
2026-05-22 14:53:00,2316.6,2317.1,2316.1,2316.1,2641,2315.9565,2315.6279,2315.7781,1,0.2228,0.0197,0.203,1,14.0619,18.1011,13.7805,53.2368,0,71.0526,83.9181,0.1037,2317.589,2313.411,2315.5,0.0018,0.6436,1.3834,2315.5333,1,-245120,4433.7,0,0.5,-1,-1.0044,0.1297,1
2026-05-22 14:54:00,2316.6,2317.4,2316.1,2316.9,2673,2316.1452,2315.7436,2315.8221,1,0.2927,0.0743,0.2184,1,14.3325,18.4365,12.8515,57.5525,0,87.5,85.307,0.108,2317.6541,2313.3859,2315.52,0.0018,0.8233,1.3774,2315.5317,1,-242447,4390.95,0,0.2308,1,-0.966,0.1643,1
2026-05-22 14:55:00,2316.7,2317.4,2316.7,2317.4,3259,2316.3962,2315.8941,2315.884,1,0.3841,0.1363,0.2478,1,14.5838,17.7429,12.368,60.0351,0,100.0,86.1842,0.108,2317.6762,2313.3738,2315.525,0.0019,0.9358,1.329,2315.5562,1,-239188,4405.5,0,1.0,1,-0.8684,0.1859,0
2026-05-22 14:56:00,2316.9,2317.4,2316.6,2317.4,10320,2316.5969,2316.031,2315.9435,1,0.4513,0.1993,0.252,1,14.6583,16.9577,12.3739,60.0351,0,100.0,95.8333,0.121,2317.7572,2313.3328,2315.545,0.0019,0.9193,1.2912,2315.5916,1,-228868,4586.45,1,0.625,1,-0.8684,0.1859,1
2026-05-22 14:57:00,2317.2,2318.8,2317.1,2318.8,6122,2317.0376,2316.2828,2316.0555,1,0.6104,0.2815,0.3289,1,16.0618,22.9715,11.236,66.4138,-1,100.0,100.0,0.1641,2318.3427,2313.0973,2315.72,0.0023,1.0872,1.3204,2315.7556,1,-222746,4812.2,0,0.9412,1,-0.8085,0.2464,0
2026-05-22 14:58:00,2318.2,2318.7,2317.6,2318.2,3390,2317.27,2316.4571,2316.1396,1,0.6803,0.3613,0.3191,1,17.365,21.4705,10.5018,61.8571,0,88.8889,96.2963,0.108,2318.6911,2313.0689,2315.88,0.0024,0.9126,1.3118,2315.8492,1,-226136,4870.1,0,0.0,1,-0.8342,0.2205,0
2026-05-22 14:59:00,2318.5,2319.5,2317.2,2318.0,7756,2317.416,2316.5973,2316.2125,1,0.7114,0.4313,0.2801,1,19.1755,23.0525,9.2538,60.3702,0,71.6981,86.8623,0.0604,2318.9551,2313.1049,2316.03,0.0025,0.8367,1.3824,2316.059,1,-233892,5126.5,1,0.2174,-1,-0.694,0.2118,0
2026-05-22 15:00:00,2318.1,2318.3,2316.1,2317.8,17403,2317.4928,2316.7067,2316.2748,1,0.7117,0.4874,0.2243,1,19.233,20.5383,13.6978,58.8468,0,67.3077,75.9649,0.0777,2319.1449,2313.2151,2316.18,0.0026,0.7732,1.4408,2316.3974,1,-251295,5433.4,1,0.1364,-1,-0.7026,0.2032,0
2026-05-22 15:01:00,2317.8,2317.9,2315.9,2317.2,19447,2317.4343,2316.7515,2316.3111,1,0.6559,0.5211,0.1348,1,19.0272,18.5569,13.341,54.4111,0,48.8889,62.6316,0.0345,2319.2201,2313.3899,2316.305,0.0025,0.6535,1.4808,2316.5398,1,-270742,6234.6,1,0.3,-1,-0.7283,0.1773,0
2026-05-22 15:02:00,2317.4,2318.1,2316.5,2316.8,10586,2317.3074,2316.7559,2316.3302,1,0.5728,0.5314,0.0414,1,19.0246,18.0921,12.3173,51.6177,0,40.0,52.0655,-0.0129,2319.153,2313.747,2316.45,0.0023,0.5647,1.4893,2316.6275,1,-281328,6653.55,1,0.375,-1,-0.7454,0.16,1
2026-05-22 15:03:00,2317.0,2318.3,2316.5,2318.0,13086,2317.4459,2316.869,2316.3957,1,0.5969,0.5445,0.0524,1,19.2122,17.4983,11.2695,58.5009,0,61.5385,50.1425,0.082,2319.1326,2314.1974,2316.665,0.0021,0.7705,1.5115,2316.7779,1,-268242,7135.05,1,0.5556,1,-0.694,0.2118,1
2026-05-22 15:04:00,2317.9,2318.3,2317.6,2318.2,10109,2317.5967,2316.99,2316.4665,1,0.625,0.5606,0.0644,1,19.3865,16.8963,10.8818,59.5342,0,66.6667,56.0684,0.0561,2319.1766,2314.5334,2316.855,0.002,0.7897,1.4535,2316.9271,1,-258133,7448.15,0,0.4286,1,-0.6855,0.2205,0
2026-05-22 15:05:00,2318.2,2318.2,2316.8,2317.0,13682,2317.4774,2316.9909,2316.4874,1,0.5441,0.5573,-0.0132,-1,18.3991,15.7308,14.0729,51.2833,0,30.5556,52.9202,-0.0173,2319.1014,2314.8186,2316.96,0.0018,0.5093,1.4497,2317.0758,-1,-271815,7783.95,1,0.8571,-1,-0.7369,0.1686,0
2026-05-22 15:06:00,2317.0,2317.0,2316.4,2316.8,10380,2317.3419,2316.9736,2316.4997,1,0.4586,0.5376,-0.079,-1,17.1888,15.2454,15.6957,50.0386,0,25.0,40.7407,-0.0259,2318.9216,2315.2184,2317.07,0.0016,0.4271,1.389,2317.1401,-1,-282195,8023.05,0,0.3333,-1,-0.7454,0.16,1
2026-05-22 15:07:00,2316.9,2319.0,2316.8,2318.9,14113,2317.6535,2317.1487,2316.5938,1,0.5539,0.5408,0.013,1,17.7674,23.4629,13.9911,60.7978,0,83.3333,46.2963,0.0043,2319.0226,2315.5074,2317.265,0.0015,0.9651,1.4469,2317.2571,1,-268082,8628.25,1,0.9091,1,-0.6555,0.2507,1
2026-05-22 15:08:00,2318.6,2319.8,2318.2,2319.5,13539,2318.0228,2317.3625,2316.7078,1,0.6701,0.5667,0.1034,1,18.8489,25.5432,12.8943,63.234,0,92.3077,66.8803,0.0561,2319.3135,2315.5965,2317.455,0.0016,1.0502,1.4579,2317.4651,1,-254543,8894.75,1,0.5625,1,-0.5275,0.2767,0
2026-05-22 15:09:00,2319.8,2320.2,2318.8,2319.3,13223,2318.2783,2317.5386,2316.8094,1,0.7375,0.6009,0.1367,1,20.1025,25.7515,12.0073,61.8542,0,79.0698,84.9036,0.0561,2319.5688,2315.6112,2317.59,0.0017,0.9321,1.4537,2317.6295,1,-267766,9366.9,0,0.3571,-1,-0.5361,0.268,0
2026-05-22 15:10:00,2319.2,2319.2,2318.2,2319.2,13825,2318.4626,2317.6896,2316.9032,1,0.774,0.6355,0.1385,1,20.5109,24.335,14.3471,61.1358,0,76.7442,82.7072,0.0604,2319.706,2315.794,2317.75,0.0017,0.8707,1.4285,2317.7833,1,-281591,9621.4,0,0.0,1,-0.5404,0.2637,0
2026-05-22 15:11:00,2319.0,2319.3,2318.2,2318.4,9605,2318.4501,2317.7542,2316.9619,1,0.73,0.6544,0.0756,1,20.963,23.4826,13.5447,55.5753,0,58.1395,71.3178,0.0518,2319.7224,2315.9776,2317.85,0.0016,0.6469,1.405,2317.8567,1,-291196,9882.7,0,0.5455,-1,-0.5747,0.2291,0
2026-05-22 15:12:00,2318.4,2319.0,2317.8,2318.0,17223,2318.3601,2317.7766,2317.0026,1,0.6552,0.6545,0.0007,1,20.8768,22.0349,14.7647,52.9805,0,48.8372,61.2403,0.0518,2319.7362,2316.0538,2317.895,0.0016,0.5285,1.3904,2317.9024,1,-308419,10619.1,1,0.3333,-1,-0.5918,0.2118,0
2026-05-22 15:13:00,2318.0,2318.0,2317.0,2317.2,9969,2318.1281,2317.7241,2317.0103,1,0.5253,0.6287,-0.1034,-1,19.8783,20.8797,18.1847,48.1396,0,30.2326,45.7364,-0.0345,2319.6323,2316.2677,2317.95,0.0015,0.2771,1.3625,2317.8972,-1,-318388,10985.5,0,0.8,-1,-0.6261,0.1773,0
2026-05-22 15:14:00,2317.0,2317.4,2316.2,2316.2,9354,2317.7424,2317.5856,2316.9785,1,0.3379,0.5705,-0.2327,-1,18.757,19.5548,21.2609,42.8669,0,6.9767,28.6822,-0.0863,2319.7086,2316.1214,2317.915,0.0015,0.0219,1.3509,2317.8566,-1,-327742,11319.55,0,0.6667,-1,-0.669,0.134,0
2026-05-22 15:15:00,2316.4,2316.6,2315.8,2315.8,9613,2317.354,2317.4233,2316.9323,-1,0.1552,0.4875,-0.3323,-1,18.0776,18.7028,22.5131,40.9355,0,0.0,12.4031,-0.0518,2319.8433,2315.8267,2317.835,0.0017,-0.0067,1.3115,2317.7923,-1,-337355,11637.25,0,0.75,-1,-0.6862,0.1167,0
2026-05-22 15:16:00,2316.0,2316.0,2315.0,2315.8,10907,2317.0432,2317.2757,2316.8879,-1,0.0103,0.392,-0.3817,-1,18.1092,17.6667,25.698,40.9355,0,15.3846,7.4538,-0.0432,2319.9454,2315.5646,2317.755,0.0019,0.0537,1.2893,2317.719,-1,-326448,11666.6,0,0.2,-1,-0.6862,0.1167,1
2026-05-22 15:17:00,2315.6,2317.4,2315.6,2317.4,14616,2317.1145,2317.287,2316.908,-1,0.0243,0.3185,-0.2942,-1,16.8601,23.4962,23.2058,51.1467,0,46.1538,20.5128,-0.0647,2319.8263,2315.5437,2317.685,0.0018,0.4335,1.3258,2317.6504,-1,-311832,12091.3,0,1.0,1,-0.6175,0.1859,1
2026-05-22 15:18:00,2317.4,2319.0,2316.8,2318.8,23878,2317.4516,2317.4245,2316.9822,1,0.1467,0.2841,-0.1374,-1,16.8773,29.0692,20.5789,57.9903,0,73.0769,44.8718,-0.0302,2319.9007,2315.5293,2317.715,0.0019,0.7482,1.3882,2317.6938,1,-287954,13115.7,1,0.6364,1,-0.5575,0.2464,0
2026-05-22 15:19:00,2318.7,2318.8,2318.0,2318.4,8772,2317.6413,2317.5132,2317.0378,1,0.209,0.2691,-0.0601,-1,16.8933,27.8352,19.7054,55.594,0,65.3846,61.5385,-0.0388,2319.938,2315.532,2317.735,0.0019,0.6509,1.3462,2317.7014,1,-296726,13166.5,0,0.375,-1,-0.5747,0.2291,0
2026-05-22 15:20:00,2318.3,2318.4,2318.0,2318.1,18053,2317.733,2317.5666,2317.0795,1,0.2315,0.2616,-0.0301,-1,16.9081,27.2132,19.2651,53.7985,0,59.6154,66.0256,-0.0474,2319.9586,2315.5414,2317.75,0.0019,0.5792,1.2786,2317.7531,1,-314779,13199.0,0,0.5,-1,-0.5875,0.2162,0
2026-05-22 15:21:00,2318.1,2318.3,2316.8,2316.8,31352,2317.5464,2317.4969,2317.0685,1,0.1428,0.2378,-0.095,-1,15.7973,24.9607,24.2923,46.7519,0,34.6154,53.2051,-0.069,2319.9653,2315.4947,2317.73,0.0019,0.292,1.2944,2317.7547,-1,-346131,13794.25,1,0.8667,-1,-0.6433,0.16,0
2026-05-22 15:22:00,2316.7,2316.7,2315.1,2315.4,18935,2317.1171,2317.3062,2317.0031,-1,-0.04,0.1823,-0.2223,-1,15.8042,22.6704,31.2389,40.5865,0,7.6923,33.9744,-0.1122,2320.0868,2315.2332,2317.66,0.0021,0.0344,1.3234,2317.6432,-1,-365066,14211.7,0,0.8125,-1,-0.7033,0.0994,1
2026-05-22 15:23:00,2315.2,2316.0,2315.0,2316.0,20304,2316.8937,2317.1875,2316.9637,-1,-0.1349,0.1188,-0.2538,-1,15.8748,21.425,30.0722,43.9953,0,23.2558,21.8545,-0.0518,2320.0854,2315.0346,2317.56,0.0022,0.1911,1.3003,2317.5074,-1,-344762,14572.6,0,0.8,1,-0.6776,0.1254,1
2026-05-22 15:24:00,2316.0,2318.0,2315.4,2318.0,17393,2317.115,2317.2614,2317.0044,-1,-0.0482,0.0854,-0.1336,-1,15.1,28.8234,26.0634,53.5598,0,69.7674,33.5719,0.0777,2320.0667,2315.0333,2317.55,0.0022,0.5894,1.3931,2317.4679,1,-327369,14936.8,0,0.7692,1,-0.5918,0.2118,0
2026-05-22 15:25:00,2317.9,2318.0,2316.0,2317.2,16796,2317.132,2317.2558,2317.012,-1,-0.0435,0.0596,-0.1032,-1,14.3806,25.9569,23.4713,49.8896,0,55.0,49.3411,0.0605,2320.0695,2315.0505,2317.56,0.0022,0.4283,1.4365,2317.4516,-1,-344165,15092.5,0,0.35,-1,-0.6261,0.1773,0
2026-05-22 15:26:00,2316.0,2317.2,2315.9,2317.2,21903,2317.1456,2317.2507,2317.0194,-1,-0.0394,0.0398,-0.0792,-1,13.6322,24.2675,22.4444,49.8896,0,55.0,59.9225,0.0605,2320.0713,2315.0887,2317.58,0.0021,0.4237,1.4267,2317.4275,-1,-322262,15668.65,0,0.9231,1,-0.6261,0.1773,0
2026-05-22 15:27:00,2317.2,2318.0,2316.0,2317.2,19819,2317.1565,2317.2461,2317.0265,-1,-0.0357,0.0247,-0.0604,-1,13.5175,25.7988,20.2597,49.8896,0,55.0,55.0,-0.0086,2319.9153,2315.0747,2317.495,0.0021,0.4391,1.4677,2317.3695,-1,-302443,15953.95,0,0.0,1,-0.6261,0.1773,0
2026-05-22 15:28:00,2317.2,2318.0,2316.5,2317.0,12956,2317.1252,2317.2237,2317.0255,-1,-0.0483,0.0101,-0.0584,-1,13.411,23.9184,18.7831,48.8445,0,50.0,53.3333,-0.0776,2319.6151,2315.1249,2317.37,0.0019,0.4176,1.47,2317.2848,-1,-315399,15924.8,0,0.1333,-1,-0.6347,0.1686,1
2026-05-22 15:29:00,2317.0,2318.0,2315.2,2317.9,16796,2317.2801,2317.2852,2317.0597,-1,0.0141,0.0109,0.0032,1,12.6937,20.8617,22.3161,53.5591,0,72.5,59.1667,-0.0216,2319.3813,2315.2187,2317.3,0.0018,0.6441,1.565,2317.1835,1,-298603,16103.45,0,0.3214,1,-0.5961,0.2075,0
2026-05-25 09:15:00,2318.5,2318.5,2305.6,2307.0,0,2315.2241,2316.3502,2316.6652,-1,-0.8066,-0.1526,-0.654,-1,15.6318,12.7667,42.5335,24.3222,1,10.4478,44.3159,-0.4788,2321.5211,2311.8589,2316.69,0.0042,-0.5029,2.3746,2317.108,-1,-298603,15412.2,0,0.8915,-1,-1.0636,0.0,0
2026-05-25 09:16:00,2306.0,2308.2,2300.9,2301.0,37848,2312.3793,2314.9547,2316.0509,-1,-1.9191,-0.5059,-1.4132,-1,19.072,10.3251,46.7123,18.3758,1,0.5525,27.8334,-0.682,2324.1244,2307.5156,2315.82,0.0072,-0.3923,2.7264,2315.5189,-1,-336451,16824.35,1,0.6849,-1,-1.3209,0.0,0
2026-05-25 09:17:00,2302.0,2302.5,2298.0,2299.9,26812,2309.8834,2313.5861,2315.4176,-1,-2.8566,-0.976,-1.8806,-1,22.591,9.1619,48.71,17.5297,1,9.1346,6.7116,-0.6694,2325.6586,2304.1714,2314.915,0.0093,-0.1988,2.8531,2314.1901,-1,-363263,17303.8,1,0.4667,-1,-1.368,0.0,0
2026-05-25 09:18:00,2300.0,2300.0,2297.4,2299.0,22477,2307.7067,2312.2601,2314.7737,-1,-3.6303,-1.5069,-2.1234,-1,25.9201,8.5617,47.0308,16.8462,1,7.5829,5.7567,-0.734,2326.7221,2301.2879,2314.005,0.011,-0.09,2.835,2313.1362,-1,-385740,17929.2,0,0.3846,-1,-1.4066,0.0,1
2026-05-25 09:19:00,2299.6,2301.0,2297.1,2299.6,17035,2306.0854,2311.1092,2314.1787,-1,-4.1473,-2.035,-2.1123,-1,28.449,10.1961,42.5303,19.1105,1,11.6822,9.4666,-0.7938,2327.2997,2299.0503,2313.175,0.0122,0.0195,2.9111,2312.4011,-1,-368705,18313.25,0,0.0,1,-1.3809,0.0261,1
2026-05-25 09:20:00,2299.0,2300.6,2296.5,2300.1,24476,2304.8883,2310.1083,2313.6266,-1,-4.4652,-2.521,-1.9442,-1,30.8779,9.1994,39.8035,21.0402,1,16.3636,11.8763,-0.738,2327.551,2297.229,2312.39,0.0131,0.0947,2.996,2311.4523,-1,-344229,19056.4,0,0.2683,1,-1.3595,0.0478,1
2026-05-25 09:21:00,2300.3,2306.0,2300.2,2305.4,13640,2304.9907,2309.6803,2313.304,-1,-4.2406,-2.8649,-1.3756,-1,30.5742,20.0298,34.5672,37.9402,0,40.4545,22.8335,-0.5092,2327.2395,2296.5005,2311.87,0.0133,0.2895,3.2035,2311.0649,-1,-330589,19193.05,0,0.8793,1,-1.1322,0.2784,0
2026-05-25 09:22:00,2305.2,2305.5,2301.9,2303.7,13120,2304.7325,2309.1366,2312.9273,-1,-4.1519,-3.1223,-1.0295,-1,30.2923,18.4361,31.8168,35.3283,0,32.7273,29.8485,-0.5826,2326.7278,2295.6422,2311.185,0.0135,0.2592,3.2318,2310.593,-1,-343709,19118.25,0,0.4167,-1,-1.2051,0.2044,0
2026-05-25 09:23:00,2302.2,2303.9,2301.6,2303.5,7150,2304.486,2308.6242,2312.5576,-1,-4.051,-3.308,-0.743,-1,30.1039,17.4792,30.8424,35.0228,0,31.8182,35.0,-0.5826,2325.8942,2294.9458,2310.42,0.0134,0.2764,3.1652,2309.9477,-1,-350859,18281.85,0,0.5652,1,-1.2137,0.1957,0
2026-05-25 09:24:00,2303.1,2303.9,2298.1,2300.0,16557,2303.5888,2307.8402,2312.0652,-1,-4.205,-3.4874,-0.7176,-1,30.7024,15.3198,34.4872,30.1153,1,15.9091,26.8182,-0.7723,2325.1539,2293.8461,2309.5,0.0136,0.1966,3.3534,2309.3377,-1,-367416,18671.1,0,0.5345,-1,-1.3638,0.0435,1
2026-05-25 09:25:00,2301.0,2304.5,2300.1,2302.8,6287,2303.4311,2307.382,2311.7018,-1,-4.0544,-3.6008,-0.4536,-1,30.9922,15.1339,31.2603,37.6431,0,28.6364,25.4545,-0.1821,2324.1262,2293.3438,2308.735,0.0133,0.3072,3.4353,2308.7775,-1,-361129,18082.8,0,0.4091,1,-1.2437,0.1653,1
2026-05-25 09:26:00,2303.8,2306.8,2302.7,2306.7,5899,2304.0848,2307.32,2311.5057,-1,-3.5791,-3.5965,0.0174,1,30.2995,18.5784,28.6318,46.3171,0,46.3636,30.303,0.2477,2323.1862,2293.2738,2308.23,0.013,0.4489,3.4828,2307.9235,-1,-355230,16810.15,0,0.7073,1,-1.0764,0.3349,0
2026-05-25 09:27:00,2305.9,2306.1,2303.1,2304.0,506597,2304.0679,2307.0182,2311.2114,-1,-3.3813,-3.5534,0.1722,1,29.6563,17.21,26.5229,41.965,0,34.0909,36.3636,0.1783,2322.3462,2292.9738,2307.66,0.0127,0.3754,3.4912,2305.5774,-1,-861827,41193.25,1,0.6333,-1,-1.1922,0.2175,1
2026-05-25 09:28:00,2304.1,2305.7,2303.5,2305.0,5547,2304.2543,2306.8347,2310.9678,-1,-3.108,-3.4644,0.3563,1,29.0591,16.4143,25.2967,44.0615,0,38.6364,39.697,0.261,2321.322,2292.898,2307.11,0.0123,0.4258,3.3989,2305.3184,-1,-856280,40455.4,0,0.4091,1,-1.1493,0.261,0
2026-05-25 09:29:00,2305.0,2305.0,2302.7,2303.0,6750,2304.0034,2306.4861,2310.6553,-1,-3.018,-3.3751,0.3571,1,28.7384,15.6022,25.766,40.8807,0,55.5556,42.7609,0.1479,2319.7536,2292.9664,2306.36,0.0116,0.3746,3.3204,2305.0462,-1,-863030,39923.25,0,0.8696,-1,-1.2351,0.174,0
2026-05-25 09:30:00,2303.0,2303.7,2296.7,2298.2,20590,2302.8428,2305.7328,2310.1669,-1,-3.2961,-3.3593,0.0632,1,29.7956,13.4251,34.131,34.4524,1,16.5049,36.8989,-0.0826,2318.2784,2292.5416,2305.41,0.0112,0.2199,3.5833,2304.6531,-1,-883620,40112.95,0,0.6857,-1,-1.4409,0.0,0
2026-05-25 09:31:00,2298.0,2298.7,2296.0,2296.0,15138,2301.4742,2304.848,2309.6113,-1,-3.6518,-3.4178,-0.234,-1,30.9009,12.6896,33.6815,31.971,1,0.0,24.0201,-0.4077,2316.6386,2292.0614,2304.35,0.0107,0.1603,3.5202,2304.172,-1,-898758,39774.7,0,0.7407,-1,-1.5353,0.0,1
2026-05-25 09:32:00,2296.4,2296.9,2294.7,2296.9,16616,2300.5594,2304.1255,2309.1128,-1,-3.8171,-3.4977,-0.3195,-1,32.1529,12.1076,34.847,34.0632,1,18.1818,11.5622,-0.2952,2314.5138,2292.1562,2303.335,0.0097,0.2122,3.4259,2303.6816,-1,-882142,39614.55,0,0.2273,1,-1.4967,0.0392,1
2026-05-25 09:33:00,2296.8,2299.0,2296.0,2298.0,6515,2300.0475,2303.5686,2308.677,-1,-3.8154,-3.5612,-0.2542,-1,32.3479,15.7611,32.6478,36.6286,0,27.2727,15.1515,-0.2388,2311.8561,2292.9139,2302.385,0.0082,0.2685,3.3955,2303.4094,-1,-875627,39292.5,0,0.4,1,-1.4495,0.0871,1
2026-05-25 09:34:00,2297.7,2299.4,2297.2,2298.6,9601,2299.758,2303.1169,2308.2818,-1,-3.7227,-3.5935,-0.1292,-1,32.352,15.876,31.0979,38.0445,0,32.2314,25.8953,-0.0609,2307.7995,2295.0405,2301.42,0.0055,0.279,3.3101,2303.0538,-1,-866026,38932.75,0,0.4091,1,-1.4238,0.1132,1
2026-05-25 09:35:00,2299.8,2301.8,2298.8,2300.9,7054,2299.9864,2302.9154,2307.9924,-1,-3.4242,-3.5596,0.1355,1,31.352,19.9685,28.9454,43.2765,0,51.2397,36.9146,-0.0825,2306.9591,2295.2709,2301.115,0.0051,0.4816,3.3022,2303.0308,-1,-858972,39285.45,0,0.3667,1,-1.3252,0.2134,0
2026-05-25 09:36:00,2300.8,2301.5,2300.0,2300.7,5359,2300.1291,2302.714,2307.7064,-1,-3.1672,-3.4811,0.3139,1,30.4235,19.2943,27.9681,42.937,0,49.5868,44.3526,-0.2601,2306.9467,2295.2533,2301.1,0.0051,0.4658,3.1735,2302.9976,-1,-864331,37661.0,0,0.0667,-1,-1.3337,0.2047,0
2026-05-25 09:37:00,2300.6,2300.9,2298.5,2299.9,8105,2300.0833,2302.4582,2307.4003,-1,-2.9936,-3.3836,0.39,1,29.9779,18.2336,29.8666,41.5332,0,42.9752,47.9339,-0.178,2306.9467,2295.2533,2301.1,0.0051,0.3974,3.1182,2303.0665,-1,-872436,36725.65,0,0.2917,-1,-1.368,0.1699,0
2026-05-25 09:38:00,2299.6,2300.5,2298.4,2299.8,7295,2300.0266,2302.2165,2307.1022,-1,-2.8315,-3.2732,0.4417,1,29.5917,17.3355,28.6301,41.3512,0,42.1488,44.9036,-0.2256,2306.9394,2295.3406,2301.14,0.005,0.3845,3.0455,2303.1643,-1,-879731,35966.55,0,0.0952,1,-1.3723,0.1655,1
2026-05-25 09:39:00,2299.8,2302.7,2299.0,2301.9,6857,2300.4013,2302.1877,2306.8982,-1,-2.5046,-3.1195,0.6149,1,28.2735,20.9357,26.1831,46.6391,0,59.5041,48.2094,-0.0478,2307.0188,2295.4912,2301.255,0.005,0.556,3.0923,2303.2398,-1,-872874,35457.65,0,0.5676,1,-1.2823,0.257,1
2026-05-25 09:40:00,2301.9,2303.0,2301.3,2302.8,6047,2300.881,2302.2434,2306.7375,-1,-2.1482,-2.9252,0.777,1,26.9257,20.8023,25.1208,48.7709,0,71.0526,57.5685,0.2002,2307.1658,2295.6142,2301.39,0.005,0.6221,2.9928,2303.38,-1,-866827,34536.2,0,0.5294,1,-1.2437,0.2962,1
2026-05-25 09:41:00,2304.0,2305.0,2304.0,2304.1,6839,2301.5248,2302.4122,2306.6341,-1,-1.7408,-2.6884,0.9475,1,25.1174,24.5544,23.7763,51.7682,0,85.4545,72.0038,0.3528,2306.946,2295.704,2301.325,0.0049,0.7468,2.9362,2303.3802,1,-859988,34196.15,0,0.1,1,-1.1879,0.3528,1
2026-05-25 09:42:00,2304.1,2305.0,2303.8,2304.7,2798,2302.1599,2302.6202,2306.5582,-1,-1.3539,-2.4215,1.0675,1,23.3604,23.806,23.5596,53.1313,0,97.0874,84.5315,0.3396,2307.0965,2295.6535,2301.375,0.005,0.7906,2.8122,2303.3786,1,-857190,33680.05,0,0.5,1,-1.1495,0.3789,0
2026-05-25 09:43:00,2303.8,2303.9,2301.1,2302.0,5391,2302.1279,2302.5638,2306.3795,-1,-1.2508,-2.1873,0.9366,1,22.6232,21.6719,28.171,46.7314,0,70.8738,84.4719,0.1741,2306.9469,2295.6531,2301.3,0.0049,0.562,2.8684,2303.3742,-1,-862581,33592.1,0,0.6429,-1,-1.206,0.2613,1
2026-05-25 09:44:00,2301.4,2303.8,2301.4,2303.2,2385,2302.3423,2302.6216,2306.2548,-1,-1.0599,-1.9619,0.9019,1,21.9387,20.3614,26.4676,49.6351,0,82.5243,83.4951,0.2001,2307.1318,2295.7882,2301.46,0.0049,0.6534,2.835,2303.4403,-1,-860196,32883.5,0,0.75,1,-1.1545,0.3136,0
2026-05-25 09:45:00,2303.5,2303.7,2302.5,2303.1,30428,2302.4939,2302.6651,2306.1311,-1,-0.9063,-1.7508,0.8444,1,21.303,19.7193,25.633,49.3934,0,81.5534,78.3172,0.0956,2307.1625,2295.7875,2301.475,0.0049,0.6429,2.7182,2303.4341,-1,-890624,34090.55,0,0.3333,-1,-1.1587,0.3092,0
2026-05-25 09:46:00,2303.9,2303.9,2301.5,2301.5,11762,2302.2951,2302.5592,2305.9494,-1,-0.9033,-1.5813,0.678,1,21.0776,18.4652,26.6527,45.5709,0,61.1111,75.0629,0.0348,2306.3742,2296.0558,2301.215,0.0045,0.5276,2.6955,2303.3978,-1,-902386,34383.7,0,1.0,-1,-1.1383,0.2395,0
2026-05-25 09:47:00,2301.9,2302.9,2301.1,2301.5,6870,2302.1361,2302.4629,2305.775,-1,-0.8906,-1.4431,0.5525,1,21.0125,17.563,26.4362,45.5709,0,55.1282,65.9309,0.0696,2306.092,2296.088,2301.09,0.0043,0.541,2.6315,2300.6394,1,-895516,9397.35,0,0.2222,-1,-1.1383,0.2395,0
2026-05-25 09:48:00,2301.1,2302.0,2300.2,2301.1,4087,2301.9289,2302.339,2305.5916,-1,-0.9025,-1.335,0.4325,1,21.2738,16.6851,27.6141,44.5707,0,40.9091,52.3828,0.0565,2305.5651,2296.2249,2300.895,0.0041,0.5219,2.5721,2300.5277,1,-899603,9324.35,0,0.0,1,-1.1555,0.2221,0
2026-05-25 09:49:00,2301.2,2301.5,2300.0,2300.6,2818,2301.6631,2302.1809,2305.3959,-1,-0.9413,-1.2563,0.3149,1,21.5881,15.9687,27.001,43.2918,0,33.3333,43.1235,-0.0565,2305.3448,2296.2052,2300.775,0.004,0.4809,2.4955,2300.418,1,-902421,9127.75,0,0.4,-1,-1.177,0.2003,0
2026-05-25 09:50:00,2300.6,2301.3,2299.6,2300.1,7600,2301.3505,2301.9917,2305.1882,-1,-1.001,-1.2052,0.2043,1,22.0281,15.1736,26.8281,41.9941,0,25.7576,33.3333,-0.1172,2305.2986,2296.4414,2300.87,0.0038,0.4131,2.4387,2300.5216,-1,-910021,8478.25,0,0.2941,-1,-1.1857,0.1786,0
2026-05-25 09:51:00,2299.0,2300.0,2298.3,2298.9,4550,2300.8604,2301.7107,2304.9416,-1,-1.132,-1.1906,0.0586,1,22.8957,14.3584,29.267,38.9744,0,8.9552,22.682,-0.2257,2304.9598,2297.0702,2301.015,0.0034,0.2319,2.3931,2300.8248,-1,-914571,7948.85,0,0.0588,-1,-1.2373,0.1263,0
2026-05-25 09:52:00,2298.9,2299.0,2296.8,2296.8,8408,2300.0483,2301.2642,2304.6223,-1,-1.3893,-1.2303,-0.159,-1,24.1692,13.4101,31.8371,34.3231,1,0.0,11.5709,-0.3428,2304.9758,2297.0442,2301.01,0.0034,-0.0308,2.3793,2301.1546,-1,-922979,7538.45,0,0.9545,-1,-1.2554,0.0348,0
2026-05-25 09:53:00,2297.7,2297.8,2295.8,2295.8,6707,2299.1986,2300.7675,2304.2763,-1,-1.6548,-1.3152,-0.3396,-1,25.6341,12.5956,32.9402,32.3436,1,0.0,2.9851,-0.2693,2305.2927,2296.5073,2300.9,0.0038,-0.0805,2.3522,2301.0969,-1,-929686,7548.05,0,0.95,-1,-1.2941,0.0,1
2026-05-25 09:54:00,2296.3,2296.8,2295.4,2296.4,9532,2298.6389,2300.3705,2303.9675,-1,-1.7961,-1.4114,-0.3847,-1,27.1048,12.0442,32.749,34.7743,1,10.4167,3.4722,-0.2952,2305.5059,2296.0741,2300.79,0.0041,0.0346,2.2842,2300.9591,-1,-920154,7544.6,0,0.0714,1,-1.2344,0.0261,0
2026-05-25 09:55:00,2296.0,2296.4,2295.7,2295.7,6252,2298.0511,2299.9459,2303.6433,-1,-1.9421,-1.5175,-0.4246,-1,28.4704,11.7668,31.9947,33.2724,1,3.125,4.5139,-0.3213,2305.7404,2295.3196,2300.53,0.0045,0.0365,2.171,2300.7714,-1,-926406,7504.5,0,0.4286,-1,-1.2602,0.0,1
2026-05-25 09:56:00,2295.8,2297.5,2295.4,2296.4,5918,2297.7209,2299.6235,2303.3592,-1,-1.9786,-1.6097,-0.3689,-1,28.8843,14.5795,29.779,36.238,0,11.7647,8.4355,-0.2216,2305.8258,2294.8042,2300.315,0.0048,0.1448,2.166,2300.6023,-1,-920488,7532.45,0,0.2857,1,-1.2174,0.0305,1
2026-05-25 09:57:00,2297.2,2298.2,2297.0,2298.1,4330,2297.7967,2299.485,2303.153,-1,-1.849,-1.6576,-0.1914,-1,28.7597,16.0401,27.9897,42.8777,0,31.7647,15.5515,-0.1477,2305.8182,2294.6318,2300.225,0.0049,0.31,2.1398,2300.5648,-1,-916158,7343.7,0,0.75,1,-1.1442,0.1045,0
2026-05-25 09:58:00,2298.2,2298.2,2297.1,2297.5,3119,2297.7374,2299.3046,2302.9313,-1,-1.7743,-1.6809,-0.0934,-1,28.644,15.43,26.925,41.2453,0,24.7059,22.7451,-0.1564,2305.8266,2294.3934,2300.11,0.005,0.2717,2.0655,2300.551,-1,-919277,7134.9,0,0.6364,-1,-1.17,0.0784,0
2026-05-25 09:59:00,2297.9,2298.0,2297.4,2297.4,14258,2297.6699,2299.1314,2302.7144,-1,-1.7035,-1.6855,-0.0181,-1,28.5365,15.0927,26.3365,40.9653,0,23.5294,26.6667,-0.1391,2305.6561,2294.1139,2299.885,0.005,0.2847,1.9609,2300.2411,-1,-933535,7504.95,1,0.8333,-1,-1.1743,0.0741,0
2026-05-25 10:00:00,2297.1,2297.1,2294.3,2294.3,9059,2296.9959,2298.6922,2302.3844,-1,-1.8759,-1.7235,-0.1524,-1,29.6177,13.4563,34.3235,33.3978,1,0.0,16.0784,-0.2522,2305.5527,2293.3673,2299.46,0.0053,0.0765,2.0422,2299.8608,-1,-942594,7655.55,0,1.0,-1,-1.3077,0.0,1
2026-05-25 10:01:00,2294.3,2295.7,2294.1,2295.4,9756,2296.6767,2298.3929,2302.1105,-1,-1.9019,-1.7592,-0.1427,-1,30.6842,12.6914,33.083,37.7893,0,16.4557,13.3284,-0.1522,2304.971,2293.079,2299.025,0.0052,0.1952,2.0106,2299.3636,-1,-932838,7801.4,0,0.6875,1,-1.2604,0.0479,0
2026-05-25 10:02:00,2295.0,2295.5,2294.5,2294.9,2886,2296.3214,2298.0754,2301.8277,-1,-1.9404,-1.7955,-0.145,-1,31.6745,12.2238,31.864,36.6077,0,10.8108,9.0888,-0.0827,2304.1347,2292.9353,2298.535,0.0049,0.1754,1.9385,2299.1902,-1,-935724,7805.8,0,0.1,-1,-1.2819,0.0262,1
2026-05-25 10:03:00,2294.9,2295.4,2294.9,2295.1,4407,2296.0771,2297.8049,2301.5639,-1,-1.9326,-1.8229,-0.1097,-1,32.594,11.986,31.2441,37.4502,0,13.8889,13.7185,-0.0305,2303.7433,2292.6367,2298.19,0.0048,0.2218,1.8357,2298.9658,-1,-931317,7756.6,0,0.4,1,-1.2733,0.0349,0
2026-05-25 10:04:00,2295.1,2295.1,2294.1,2294.5,10786,2295.7617,2297.5044,2301.2869,-1,-1.9522,-1.8487,-0.1035,-1,33.7329,11.5039,33.2049,35.9084,0,6.7797,10.4931,-0.0827,2303.0262,2292.4838,2297.755,0.0046,0.1912,1.776,2298.6197,-1,-942103,8176.65,0,0.6,-1,-1.2991,0.0087,0
2026-05-25 10:05:00,2294.5,2294.5,2294.1,2294.1,3309,2295.4294,2297.1949,2301.005,-1,-1.9773,-1.8745,-0.1029,-1,34.7904,11.308,32.6395,34.8775,1,0.0,6.8895,-0.0697,2302.1972,2292.4128,2297.305,0.0043,0.1724,1.6777,2297.5139,-1,-945412,6820.7,0,1.0,-1,-1.3163,0.0,0
2026-05-25 10:06:00,2293.6,2295.0,2293.6,2294.1,5891,2295.1635,2296.9136,2300.7343,-1,-1.9744,-1.8944,-0.08,-1,35.7724,10.6259,30.6707,34.8775,1,10.8696,5.8831,-0.1002,2301.617,2292.253,2296.935,0.0041,0.1972,1.6579,2296.9347,-1,-939521,6527.15,0,0.3571,1,-1.3163,0.0,0
2026-05-25 10:07:00,2294.0,2294.1,2293.0,2294.1,8321,2294.9508,2296.6578,2300.4741,-1,-1.9497,-1.9055,-0.0442,-1,36.9165,10.1099,31.8301,34.8775,1,21.1538,10.6745,-0.1741,2300.9024,2292.2276,2296.565,0.0038,0.2158,1.618,2296.4779,-1,-931200,6599.7,0,0.0909,1,-1.3163,0.0,1
2026-05-25 10:08:00,2294.8,2299.0,2293.8,2299.0,9404,2295.7606,2296.8707,2300.4163,-1,-1.5172,-1.8278,0.3107,1,34.452,26.7837,25.521,54.7525,0,100.0,44.0078,0.0653,2300.4402,2292.4798,2296.46,0.0035,0.8191,1.8739,2296.3943,1,-921796,6865.55,0,0.8077,1,-1.1055,0.2136,0
2026-05-25 10:09:00,2298.4,2299.5,2297.0,2297.9,4726,2296.1885,2296.9643,2300.3176,-1,-1.2488,-1.712,0.4632,1,32.4268,26.1523,23.1457,50.9903,0,75.3846,65.5128,0.0218,2299.8965,2292.7535,2296.325,0.0031,0.7205,1.9186,2296.3662,1,-926522,6960.95,0,0.2,-1,-1.1528,0.1656,1
2026-05-25 10:10:00,2298.8,2299.4,2298.4,2299.4,3065,2296.8308,2297.1857,2300.2816,-1,-0.9046,-1.5505,0.6459,1,30.5462,24.6688,21.8327,55.4824,0,98.4615,91.2821,0.2223,2299.7239,2292.8561,2296.29,0.003,0.9528,1.8887,2296.2038,1,-923457,6734.2,0,0.6,1,-1.0883,0.231,0
2026-05-25 10:11:00,2299.4,2299.5,2298.8,2299.0,2648,2297.2646,2297.3507,2300.2314,-1,-0.6565,-1.3717,0.7152,1,28.8582,24.381,21.2275,54.0594,0,92.3077,88.7179,0.1568,2299.7443,2292.8457,2296.295,0.003,0.8921,1.8038,2296.1635,1,-926105,6639.1,0,0.5714,-1,-1.1055,0.2136,1
2026-05-25 10:12:00,2299.3,2299.5,2298.1,2299.5,2274,2297.7117,2297.5461,2300.2027,1,-0.4148,-1.1804,0.7655,1,26.8217,23.0073,22.8485,55.5926,0,100.0,96.9231,0.2004,2300.1487,2292.7113,2296.43,0.0032,0.9128,1.775,2296.124,1,-923831,6332.4,0,0.1429,1,-1.084,0.2354,0
2026-05-25 10:13:00,2299.3,2299.5,2299.2,2299.5,2439,2298.0694,2297.7237,2300.1751,1,-0.2207,-0.9884,0.7677,1,24.9306,22.7121,22.5552,55.5926,0,100.0,97.4359,0.1917,2300.5516,2292.6784,2296.615,0.0034,0.8664,1.6696,2296.1706,1,-921392,6119.0,0,0.6667,1,-1.084,0.2354,0
2026-05-25 10:14:00,2299.2,2299.5,2299.2,2299.5,1329,2298.3555,2297.8852,2300.1486,1,-0.0661,-0.804,0.7378,1,23.1746,22.4024,22.2477,55.5926,0,100.0,100.0,0.2179,2300.8999,2292.6401,2296.77,0.0036,0.8305,1.5718,2296.2057,1,-920063,5708.85,0,1.0,1,-1.084,0.2354,1
2026-05-25 10:15:00,2299.6,2299.9,2299.5,2299.9,2267,2298.6644,2298.0683,2300.1389,1,0.0876,-0.6257,0.7133,1,21.843,23.8923,21.8206,57.0256,0,100.0,100.0,0.2528,2301.294,2292.666,2296.98,0.0038,0.8384,1.4881,2296.2944,1,-917796,5509.6,0,0.75,1,-1.0668,0.2528,1
2026-05-25 10:16:00,2299.9,2300.5,2299.6,2300.5,5521,2299.0315,2298.2894,2300.1531,1,0.255,-0.4495,0.7045,1,21.0397,25.7939,20.8505,59.1548,0,100.0,100.0,0.279,2301.7515,2292.6185,2297.185,0.004,0.863,1.4461,2296.4833,1,-912275,5489.75,0,0.6667,1,-1.041,0.279,1
2026-05-25 10:17:00,2300.8,2301.7,2300.3,2301.5,2271,2299.5252,2298.5813,2300.2059,1,0.463,-0.267,0.73,1,21.0626,29.947,19.4054,62.4904,0,97.7011,99.2337,0.3226,2302.2839,2292.4261,2297.355,0.0043,0.9205,1.4428,2296.5304,1,-910004,5386.8,0,0.5,1,-0.998,0.3226,1
2026-05-25 10:18:00,2301.5,2302.3,2301.3,2302.3,3641,2300.0802,2298.9193,2300.288,1,0.6844,-0.0767,0.7612,1,21.4258,31.4682,18.4231,64.956,0,100.0,99.2337,0.1435,2302.9755,2292.2145,2297.595,0.0047,0.9372,1.4112,2296.6825,1,-906363,5412.9,0,0.8,1,-0.9636,0.3574,1
2026-05-25 10:19:00,2303.2,2303.2,2302.4,2302.5,6089,2300.5641,2299.2449,2300.3747,1,0.8661,0.1118,0.7543,1,22.2353,34.6731,17.5616,65.5654,-1,93.1373,96.9461,0.2002,2303.6374,2292.0626,2297.85,0.005,0.9017,1.3746,2296.9178,1,-900274,5004.45,0,0.875,-1,-0.955,0.3662,1
2026-05-25 10:20:00,2303.0,2303.3,2302.4,2302.9,1827,2301.0313,2299.5771,2300.4738,1,1.0305,0.2956,0.7349,1,23.0379,33.5433,16.7195,66.8086,-1,96.1165,96.4179,0.1522,2304.2243,2292.3357,2298.28,0.0052,0.8886,1.3407,2297.1992,1,-898447,4642.85,0,0.1111,-1,-0.9378,0.3836,1
2026-05-25 10:21:00,2302.9,2304.8,2302.2,2304.8,9143,2301.785,2300.0519,2300.6434,1,1.2991,0.4963,0.8028,1,24.4778,36.678,14.5492,71.9827,-1,100.0,96.4179,0.2523,2305.176,2292.324,2298.75,0.0056,0.9707,1.4307,2298.0922,1,-889304,4612.2,1,0.7308,1,-0.856,0.4664,1
2026-05-25 10:22:00,2304.8,2311.0,2304.6,2309.5,31132,2303.328,2300.9109,2300.9907,1,1.8697,0.771,1.0987,1,27.4144,52.0891,10.8245,80.2037,-1,89.2857,95.1341,0.4349,2307.1813,2291.7787,2299.48,0.0067,1.1505,1.7856,2300.8218,1,-858172,6024.5,1,0.7344,1,-0.6538,0.6713,0
2026-05-25 10:23:00,2309.5,2309.8,2305.6,2306.7,6980,2304.0024,2301.4371,2301.2146,1,2.0721,1.0312,1.0409,1,30.1412,44.1085,9.166,67.4971,-1,66.6667,85.3175,0.3131,2308.0945,2292.0255,2300.06,0.007,0.9132,1.9581,2301.3967,1,-865152,6153.15,0,0.6667,-1,-0.7743,0.5492,0
2026-05-25 10:24:00,2306.7,2306.7,2304.4,2305.4,6194,2304.2819,2301.7974,2301.3788,1,2.1033,1.2456,0.8577,1,31.7117,40.4534,12.73,62.5428,0,56.5891,70.8472,0.2566,2308.5351,2292.6749,2300.605,0.0069,0.8023,1.9825,2302.2331,1,-871346,5923.55,0,0.5652,-1,-0.8302,0.4926,0
2026-05-25 10:25:00,2305.8,2305.8,2303.5,2304.6,2771,2304.3456,2302.0522,2301.5051,1,2.04,1.4045,0.6355,1,32.5004,37.139,14.893,59.6416,0,50.3876,57.8811,0.2044,2308.6475,2293.6125,2301.13,0.0065,0.7308,2.0052,2302.5139,1,-874117,5896.65,0,0.5217,-1,-0.8646,0.4577,0
2026-05-25 10:26:00,2304.6,2304.6,2302.1,2303.5,4115,2304.1764,2302.1838,2301.5833,1,1.8794,1.4995,0.3799,1,32.2789,33.8889,18.4903,55.8082,0,36.4407,47.8058,0.1304,2308.446,2294.754,2301.6,0.0059,0.6388,2.0405,2302.9653,1,-878232,5807.85,0,0.44,-1,-0.9119,0.4097,0
2026-05-25 10:27:00,2303.4,2303.7,2302.1,2302.9,2818,2303.9212,2302.2489,2301.635,1,1.6843,1.5364,0.1478,1,32.0731,31.9611,17.4385,53.7778,0,31.3559,39.3947,0.0608,2307.9714,2296.1086,2302.04,0.0052,0.5725,2.0091,2303.6579,-1,-881050,5532.7,0,0.3125,-1,-0.9378,0.3836,1
2026-05-25 10:28:00,2303.0,2303.4,2302.1,2303.1,2775,2303.7569,2302.3263,2301.6924,1,1.5282,1.5348,-0.0066,-1,31.882,30.4457,16.6117,54.3737,0,31.3043,33.0337,0.0347,2308.0234,2296.4666,2302.245,0.005,0.574,1.9584,2304.2145,-1,-878275,5201.25,0,0.0769,1,-0.9292,0.3923,0
2026-05-25 10:29:00,2303.3,2303.3,2302.5,2303.0,2655,2303.6055,2302.3875,2301.7437,1,1.3805,1.5039,-0.1234,-1,31.7046,29.5182,16.1056,53.9989,0,29.8246,30.8283,0.0217,2307.9284,2297.0716,2302.5,0.0047,0.5461,1.8757,2304.463,-1,-880930,5097.7,0,0.375,-1,-0.9335,0.388,0
2026-05-25 10:30:00,2303.9,2304.0,2302.8,2303.0,4803,2303.4844,2302.4432,2301.793,1,1.249,1.4529,-0.2039,-1,31.8384,30.8698,15.3502,53.9989,0,25.2336,28.7875,0.0043,2307.9208,2297.4392,2302.68,0.0046,0.5305,1.8274,2304.5671,-1,-876127,5184.6,0,0.75,-1,-0.9335,0.388,1
2026-05-25 10:31:00,2303.0,2305.0,2303.0,2305.0,2758,2303.7875,2302.6756,2301.9187,1,1.2913,1.4206,-0.1293,-1,32.3587,32.3552,14.1582,60.3406,0,38.1443,31.0675,0.0087,2308.0272,2297.9328,2302.98,0.0044,0.7001,1.8397,2304.7004,1,-873369,5190.1,0,1.0,1,-0.8474,0.4751,0
2026-05-25 10:32:00,2304.9,2304.9,2303.0,2303.6,4079,2303.75,2302.7597,2301.9847,1,1.1981,1.3761,-0.178,-1,32.8418,29.8584,13.0656,54.66,0,16.8539,26.744,-0.2555,2307.9768,2298.3932,2303.185,0.0042,0.5433,1.8512,2304.7889,-1,-877448,5280.35,0,0.6842,-1,-0.9076,0.4141,0
2026-05-25 10:33:00,2303.6,2304.1,2302.6,2303.6,1925,2303.72,2302.8361,2302.048,1,1.1114,1.3232,-0.2118,-1,32.9199,28.1065,13.8636,54.66,0,16.8539,23.9507,-0.1344,2307.8746,2298.9054,2303.39,0.0039,0.5234,1.8261,2304.8892,-1,-875523,5254.65,0,0.0,1,-0.9076,0.4141,1
2026-05-25 10:34:00,2303.6,2303.9,2303.2,2303.9,2540,2303.756,2302.9328,2302.1206,1,1.0547,1.2695,-0.2147,-1,32.9925,27.3015,13.4666,55.6966,0,20.2247,17.9775,-0.0651,2307.7263,2299.4937,2303.61,0.0036,0.5352,1.7457,2304.9286,-1,-872983,5315.2,0,0.4286,1,-0.8947,0.4272,1
2026-05-25 10:35:00,2304.0,2304.5,2303.9,2304.0,3418,2303.8048,2303.0298,2302.1943,1,1.0063,1.2168,-0.2105,-1,33.3472,29.174,13.1197,56.0572,0,21.3483,19.4757,-0.026,2307.5637,2300.0663,2303.815,0.0033,0.5247,1.6638,2305.0122,-1,-869565,5372.75,0,0.0,1,-0.8904,0.4315,0
2026-05-25 10:36:00,2304.4,2304.4,2303.5,2303.9,3311,2303.8239,2303.1089,2302.2612,1,0.9489,1.1633,-0.2144,-1,33.2638,28.0086,14.371,55.5701,0,23.3766,21.6499,0.0174,2307.4115,2300.5585,2303.985,0.003,0.4876,1.6093,2305.2307,-1,-872876,5262.25,0,0.5556,-1,-0.8947,0.4272,0
2026-05-25 10:37:00,2304.0,2304.4,2303.8,2303.8,2226,2303.8191,2303.1717,2302.3216,1,0.8851,1.1076,-0.2225,-1,33.1864,27.2277,13.9703,55.0548,0,36.9565,27.2272,0.0391,2307.3342,2300.8658,2304.1,0.0028,0.4536,1.5372,2305.2924,-1,-875102,5260.0,0,0.3333,-1,-0.899,0.4228,0
2026-05-25 10:38:00,2303.9,2304.2,2302.4,2302.4,5994,2303.5353,2303.1016,2302.3246,1,0.7134,1.0288,-0.3154,-1,31.7423,24.9779,19.2429,48.3028,0,8.1081,22.8138,-0.0304,2307.3283,2300.8817,2304.105,0.0028,0.2355,1.556,2305.2772,-1,-881096,5377.65,0,0.8333,-1,-0.9593,0.3618,1
2026-05-25 10:39:00,2303.0,2303.6,2303.0,2303.3,2766,2303.4882,2303.1196,2302.3629,1,0.6426,0.9515,-0.309,-1,30.4013,23.579,18.1652,52.3487,0,41.3793,28.8146,0.013,2307.3069,2300.9831,2304.145,0.0027,0.3664,1.5305,2305.3753,-1,-878330,5211.5,0,0.5,1,-0.9205,0.401,0
2026-05-25 10:40:00,2303.9,2304.0,2303.0,2303.0,4180,2303.3906,2303.1087,2302.3879,1,0.5558,0.8724,-0.3166,-1,29.4418,24.3648,17.2959,50.9182,0,31.0345,26.8406,0.0,2307.3044,2300.9956,2304.15,0.0027,0.3177,1.4926,2305.3382,-1,-882510,5329.15,0,0.9,-1,-0.9335,0.388,1
2026-05-25 10:41:00,2303.5,2305.0,2303.5,2304.2,2731,2303.5525,2303.208,2302.4589,1,0.5772,0.8133,-0.2362,-1,29.2037,26.7602,15.6798,56.0873,0,72.4138,48.2759,-0.0347,2307.2604,2300.9796,2304.12,0.0027,0.5127,1.5289,2305.4363,-1,-879779,5008.55,0,0.4667,1,-0.8818,0.4403,1
2026-05-25 10:42:00,2303.9,2304.3,2303.7,2304.3,1233,2303.702,2303.3072,2302.5311,1,0.5953,0.7697,-0.1744,-1,28.9826,25.976,15.2203,56.4984,0,73.0769,58.8417,0.0304,2305.8118,2301.9082,2303.86,0.0017,0.6127,1.4625,2304.1147,1,-878546,3513.6,0,0.6667,1,-0.8775,0.4446,1
2026-05-25 10:43:00,2304.0,2306.0,2304.0,2305.9,12351,2304.1416,2303.5429,2302.6632,1,0.7304,0.7619,-0.0315,-1,29.7185,31.5939,13.7717,62.5416,0,97.2222,80.9043,0.0998,2305.5585,2302.0815,2303.82,0.0015,1.0982,1.5009,2304.0081,1,-866195,3782.15,1,0.95,1,-0.8087,0.5144,1
2026-05-25 10:44:00,2305.9,2307.9,2305.5,2307.0,8280,2304.7133,2303.8572,2302.8333,1,0.9157,0.7926,0.123,1,31.1683,36.8045,12.2633,66.035,-1,83.6364,84.6452,0.1346,2306.026,2301.774,2303.9,0.0018,1.2291,1.5651,2304.1866,1,-857915,3886.45,1,0.4583,1,-0.7614,0.5623,1
2026-05-25 10:45:00,2307.0,2308.0,2306.0,2307.2,6557,2305.2106,2304.1611,2303.0046,1,1.0663,0.8474,0.219,1,32.5499,33.9581,11.1657,66.6441,-1,85.7143,88.8576,0.1389,2306.5859,2301.4741,2304.03,0.0022,1.1201,1.5962,2304.4031,1,-851358,4075.75,1,0.1,1,-0.7528,0.571,1
2026-05-25 10:46:00,2307.3,2310.8,2306.5,2310.8,15764,2306.3285,2304.7646,2303.3103,1,1.4594,0.9698,0.4896,1,34.6465,39.3064,9.2491,75.2485,-1,100.0,89.7835,0.2995,2308.2821,2300.5079,2304.395,0.0034,1.3239,1.7893,2305.2873,1,-835594,4658.2,1,0.814,1,-0.5979,0.728,0
2026-05-25 10:47:00,2310.4,2310.4,2306.3,2308.5,15662,2306.7628,2305.1042,2303.5138,1,1.5673,1.0893,0.478,1,36.3922,32.935,8.4703,63.9062,0,72.619,86.1111,0.204,2308.8845,2300.4655,2304.675,0.0037,0.9543,1.9829,2305.8106,1,-851256,5300.4,1,0.4634,-1,-0.6969,0.6277,0
2026-05-25 10:48:00,2308.5,2309.7,2306.9,2307.3,5565,2306.8702,2305.3038,2303.6623,1,1.5382,1.1791,0.3591,1,38.0132,29.7082,7.6404,58.9165,0,58.3333,76.9841,0.2128,2309.1774,2300.5926,2304.885,0.0037,0.7813,2.0413,2305.996,1,-856821,5439.9,0,0.4286,-1,-0.7485,0.5754,0
2026-05-25 10:49:00,2307.6,2307.6,2306.1,2306.3,3782,2306.7562,2305.3944,2303.7657,1,1.4181,1.2269,0.1912,1,38.6697,28.1188,10.085,55.0585,0,46.4286,59.127,0.1302,2309.2933,2300.8067,2305.05,0.0037,0.6473,2.0026,2306.0931,1,-860603,5496.25,0,0.8667,-1,-0.7915,0.5318,0
2026-05-25 10:50:00,2306.8,2307.0,2305.0,2305.3,4522,2306.4649,2305.3858,2303.8259,1,1.2281,1.2271,0.001,1,38.2322,26.1127,13.2893,51.4315,0,34.5238,46.4286,0.0999,2309.3032,2301.0268,2305.165,0.0036,0.5163,2.0025,2306.2034,-1,-865125,5482.2,0,0.75,-1,-0.8345,0.4882,0
2026-05-25 10:51:00,2305.5,2305.5,2304.3,2305.0,26580,2306.172,2305.3507,2303.8719,1,1.0413,1.1899,-0.1487,-1,37.2212,24.9621,15.2742,50.3597,0,30.9524,37.3016,0.0347,2309.3032,2301.0268,2305.165,0.0036,0.4801,1.9451,2305.9891,-1,-891705,6673.3,1,0.4167,-1,-0.8176,0.4751,1
2026-05-25 10:52:00,2305.0,2306.9,2305.0,2306.5,8513,2306.2376,2305.4552,2303.975,1,1.0027,1.1525,-0.1498,-1,36.9383,28.3671,14.2067,55.3679,0,44.8718,36.7827,0.0955,2309.4219,2301.1981,2305.31,0.0036,0.6447,1.9419,2306.0618,1,-883192,6895.0,0,0.7895,1,-0.7445,0.5405,1
2026-05-25 10:53:00,2306.5,2307.0,2305.7,2306.8,2653,2306.3501,2305.5775,2304.0858,1,0.985,1.119,-0.134,-1,36.7195,27.3546,13.511,56.3171,0,48.7179,41.514,0.039,2309.5522,2301.3878,2305.47,0.0035,0.6629,1.8961,2306.1067,1,-880539,6931.4,0,0.2308,1,-0.7316,0.5536,1
2026-05-25 10:54:00,2307.4,2307.8,2306.4,2307.7,4527,2306.62,2305.7704,2304.2275,1,1.0317,1.1015,-0.0698,-1,36.864,28.9556,12.7848,59.1257,0,57.5342,50.3747,0.0303,2309.7857,2301.5343,2305.66,0.0036,0.7472,1.8606,2306.1892,1,-876012,7030.75,0,0.2143,1,-0.6886,0.5928,0
2026-05-25 10:55:00,2307.7,2307.9,2306.5,2307.1,7771,2306.716,2305.8913,2304.3401,1,1.0087,1.083,-0.0743,-1,37.041,27.7621,12.0853,56.5169,0,47.8873,51.3798,-0.0043,2309.9125,2301.7175,2305.815,0.0036,0.6568,1.8277,2306.29,1,-883783,7248.4,0,0.4286,-1,-0.6716,0.5667,1
2026-05-25 10:56:00,2307.1,2309.0,2307.1,2309.0,5024,2307.1728,2306.1739,2304.5229,1,1.1307,1.0925,0.0382,1,37.6563,29.9933,11.1905,62.204,0,73.5294,59.6503,-0.0779,2310.2919,2301.8481,2306.07,0.0037,0.847,1.8329,2306.4144,1,-878759,7334.05,0,1.0,1,-0.5856,0.6495,0
2026-05-25 10:57:00,2309.0,2309.0,2308.2,2308.3,2916,2307.3983,2306.3672,2304.671,1,1.1576,1.1055,0.052,1,38.2277,29.019,10.827,59.1354,0,61.5385,60.9851,-0.0087,2310.4886,2302.1014,2306.295,0.0036,0.7391,1.7591,2306.4921,1,-881675,7368.55,0,0.875,-1,-0.6157,0.619,1
2026-05-25 10:58:00,2308.9,2308.9,2308.4,2308.6,2207,2307.6386,2306.5702,2304.8251,1,1.1894,1.1223,0.0671,1,38.7583,28.2771,10.5502,60.0451,0,66.1538,67.0739,0.0563,2310.5076,2302.7024,2306.605,0.0034,0.7556,1.6763,2306.6708,1,-879468,7179.2,0,0.6,-1,-0.6028,0.6321,1
2026-05-25 10:59:00,2308.3,2310.5,2308.3,2310.4,8967,2308.1909,2306.9183,2305.0437,1,1.3443,1.1667,0.1776,1,39.8683,32.353,9.5827,65.0697,-1,93.8462,73.8462,0.1778,2310.887,2303.033,2306.96,0.0034,0.938,1.7137,2306.9164,1,-870501,7489.25,0,0.9545,1,-0.5253,0.7105,1
2026-05-25 11:00:00,2310.5,2313.8,2310.4,2313.5,16011,2309.2527,2307.5167,2305.3753,1,1.6977,1.2729,0.4248,1,41.751,40.9205,8.3139,71.676,-1,96.8421,85.614,0.3557,2311.9276,2303.0424,2307.485,0.0039,1.177,1.8342,2307.5688,1,-854490,8080.8,1,0.8824,1,-0.3446,0.8456,0
2026-05-25 11:01:00,2313.9,2314.8,2311.4,2312.8,13213,2309.9622,2307.997,2305.6665,1,1.8994,1.3982,0.5012,1,43.6887,39.4842,7.2764,68.5245,-1,80.9524,90.5469,0.3384,2312.6573,2303.1727,2307.915,0.0041,1.015,1.946,2308.0387,1,-867703,8604.9,1,0.3235,-1,-0.3748,0.8151,1
2026-05-25 11:02:00,2313.8,2314.0,2312.2,2313.3,3114,2310.6297,2308.4791,2305.9658,1,2.0756,1.5337,0.5419,1,45.4879,36.8615,6.793,69.5542,-1,85.7143,87.8363,0.2948,2313.3515,2303.3785,2308.365,0.0043,0.9948,1.9356,2308.1584,1,-864589,8698.95,0,0.2778,-1,-0.3532,0.8369,1
2026-05-25 11:03:00,2313.8,2314.7,2313.3,2314.7,4547,2311.4438,2309.0446,2306.3084,1,2.3017,1.6873,0.6144,1,47.2918,37.554,6.435,72.288,-1,99.0476,88.5714,0.3425,2314.3639,2303.2461,2308.805,0.0048,1.0302,1.8973,2308.5371,1,-860042,8308.75,0,0.6429,1,-0.2929,0.898,0
2026-05-25 11:04:00,2314.8,2314.8,2313.2,2314.1,6158,2311.975,2309.5042,2306.6139,1,2.4048,1.8308,0.574,1,48.9669,35.2663,6.043,69.4114,-1,93.3333,92.6984,0.2773,2315.1059,2303.2141,2309.16,0.0051,0.9154,1.8761,2308.8311,1,-866200,8202.65,0,0.4375,-1,-0.3188,0.8718,1
2026-05-25 11:05:00,2314.4,2316.5,2314.1,2316.3,11715,2312.84,2310.122,2306.9938,1,2.6336,1.9913,0.6423,1,50.824,38.4527,5.5016,73.5652,-1,98.2609,96.8806,0.3988,2316.2447,2302.9853,2309.615,0.0057,1.0042,1.9135,2309.3704,1,-854485,8460.55,0,0.7917,1,-0.224,0.9677,1
2026-05-25 11:06:00,2315.5,2317.3,2315.2,2317.2,15833,2313.712,2310.7654,2307.394,1,2.8547,2.164,0.6907,1,52.6704,38.4249,5.0733,75.0575,-1,99.1379,96.9107,0.3551,2317.3356,2302.5344,2309.935,0.0064,0.9908,1.9268,2310.0438,1,-838652,8464.0,1,0.8095,1,-0.1852,1.0069,0
2026-05-25 11:07:00,2317.3,2317.9,2316.7,2316.7,5943,2314.3096,2311.3049,2307.7589,1,2.9555,2.3223,0.6332,1,54.4719,38.954,4.8414,72.6054,-1,89.5652,95.6547,0.3639,2318.272,2302.418,2310.345,0.0069,0.9008,1.8749,2310.468,1,-844595,7978.05,0,0.5,-1,-0.2068,0.9851,1
2026-05-25 11:08:00,2316.7,2317.5,2316.4,2317.2,11332,2314.8877,2311.8409,2308.1292,1,3.0406,2.466,0.5747,1,55.7973,37.2719,5.81,73.5364,-1,93.8596,94.1876,0.3725,2319.1708,2302.5092,2310.84,0.0072,0.8817,1.8196,2311.0022,1,-833263,8266.4,0,0.4545,1,-0.1852,1.0069,0
2026-05-25 11:09:00,2317.1,2317.4,2316.6,2317.2,573,2315.3502,2312.3281,2308.4849,1,3.0727,2.5873,0.4854,1,57.0281,36.0526,5.6199,73.5364,-1,93.5185,92.3145,0.2943,2319.8809,2302.8891,2311.385,0.0074,0.8422,1.7467,2311.1248,1,-832690,8105.95,0,0.125,1,-0.1852,1.0069,0
2026-05-25 11:10:00,2317.2,2317.2,2314.8,2315.3,4334,2315.3401,2312.5982,2308.7522,1,2.9113,2.6521,0.2592,1,56.1957,32.6064,12.2519,63.9567,0,73.1959,86.858,0.0778,2320.0606,2303.7094,2311.885,0.0071,0.7089,1.7934,2311.3986,1,-837024,8096.55,0,0.7917,-1,-0.237,0.9241,1
2026-05-25 11:11:00,2315.8,2316.7,2315.0,2315.5,2757,2315.3721,2312.862,2309.0168,1,2.7675,2.6752,0.0924,1,55.4228,30.3904,11.4192,64.4812,0,75.0,80.5715,0.1167,2320.0828,2304.7372,2312.41,0.0066,0.7014,1.7867,2312.7295,1,-834267,6905.4,0,0.1765,-1,-0.2241,0.9328,1
2026-05-25 11:12:00,2315.3,2315.9,2315.0,2315.8,4797,2315.4577,2313.1291,2309.2828,1,2.6473,2.6696,-0.0223,-1,54.7051,29.2568,10.9933,65.2971,-1,78.125,75.4403,0.1081,2320.177,2305.573,2312.875,0.0063,0.7003,1.7234,2313.2486,1,-829470,6719.6,0,0.5556,1,-0.2111,0.9459,1
2026-05-25 11:13:00,2316.4,2316.9,2315.6,2316.4,10515,2315.6461,2313.4265,2309.5619,1,2.5709,2.6499,-0.079,-1,54.4282,31.871,10.3904,66.9329,-1,80.0,77.7083,0.0734,2320.2472,2306.4628,2313.355,0.006,0.7209,1.6932,2313.6,1,-818955,7112.7,0,0.0,1,-0.1767,0.9721,0
2026-05-25 11:14:00,2316.5,2316.6,2315.0,2315.7,4987,2315.6569,2313.6332,2309.8026,1,2.4258,2.6051,-0.1793,-1,53.5183,29.7112,12.2275,63.1904,0,66.1538,74.7596,0.0691,2320.2022,2307.3078,2313.755,0.0056,0.6508,1.6865,2313.8755,1,-823942,7135.7,0,0.5,-1,-0.2069,0.9415,1
2026-05-25 11:15:00,2316.1,2317.9,2315.3,2317.0,8423,2315.9255,2313.9392,2310.0849,1,2.3882,2.5617,-0.1735,-1,53.1892,31.8622,10.9311,66.8927,-1,84.2105,76.7881,0.0302,2320.0667,2308.4333,2314.25,0.005,0.7364,1.7517,2314.4071,1,-815519,7168.3,0,0.3462,1,-0.1508,0.9982,0
2026-05-25 11:16:00,2317.4,2317.7,2315.5,2315.5,2771,2315.8404,2314.0811,2310.2972,1,2.2119,2.4917,-0.2798,-1,52.8837,29.0552,9.9682,59.4612,0,48.9362,66.4335,-0.0734,2319.8864,2309.2636,2314.575,0.0046,0.5871,1.7838,2314.658,1,-818290,7055.65,0,0.8636,-1,-0.2155,0.9328,0
2026-05-25 11:17:00,2315.2,2315.9,2313.2,2313.7,4741,2315.4123,2314.0465,2310.4307,1,1.9049,2.3744,-0.4694,-1,50.4444,26.025,17.8127,51.9962,0,10.6383,47.9283,-0.1295,2319.3392,2310.3508,2314.845,0.0039,0.3726,1.8492,2314.7706,-1,-823031,7146.9,0,0.5556,-1,-0.293,0.8544,0
2026-05-25 11:18:00,2314.6,2314.7,2313.4,2313.5,2464,2315.0299,2313.9968,2310.551,1,1.6268,2.2248,-0.5981,-1,48.1794,24.6899,16.8988,51.2266,0,6.383,21.9858,-0.1597,2318.6283,2311.5517,2315.09,0.0031,0.2753,1.81,2314.8497,-1,-825495,7159.75,0,0.8462,-1,-0.3017,0.8456,0
2026-05-25 11:19:00,2313.5,2313.5,2311.0,2312.6,15090,2314.5439,2313.8698,2310.6314,1,1.3185,2.0436,-0.7251,-1,45.0702,22.3186,24.496,47.7983,0,23.1884,13.4032,-0.1985,2318.2516,2312.1484,2315.2,0.0026,0.074,1.8593,2314.906,-1,-840585,7465.9,1,0.36,-1,-0.3404,0.8064,0
2026-05-25 11:20:00,2312.6,2313.5,2312.5,2312.5,2802,2314.1351,2313.7453,2310.7047,1,1.054,1.8457,-0.7917,-1,42.1831,21.4319,23.5228,47.4186,0,21.7391,17.1035,-0.1209,2318.3409,2311.9591,2315.15,0.0028,0.0848,1.7979,2315.1385,-1,-843387,6805.45,0,0.1,-1,-0.3448,0.8021,0
2026-05-25 11:21:00,2313.0,2313.3,2312.5,2312.5,1719,2313.8081,2313.6321,2310.7751,1,0.8348,1.6435,-0.8087,-1,39.5023,20.7226,22.7443,47.4186,0,21.7391,22.2222,-0.1296,2318.3725,2311.8975,2315.135,0.0028,0.093,1.7266,2315.3325,-1,-841668,6230.75,0,0.625,-1,-0.3448,0.8021,1
2026-05-25 11:22:00,2312.5,2313.2,2311.9,2312.8,2881,2313.6065,2313.5564,2310.8545,1,0.6774,1.4503,-0.7729,-1,37.4075,19.5881,24.0259,48.8329,0,26.087,23.1884,-0.1295,2318.4108,2311.8092,2315.11,0.0029,0.1501,1.6961,2315.3242,-1,-838787,6219.1,0,0.2308,1,-0.3318,0.8151,0
2026-05-25 11:23:00,2312.8,2312.8,2312.2,2312.6,1802,2313.4052,2313.4695,2310.9229,-1,0.5304,1.2663,-0.7359,-1,35.4623,19.0692,23.3894,47.9078,0,23.1884,23.6715,-0.164,2318.4803,2311.5297,2315.005,0.003,0.154,1.6178,2315.3237,-1,-840589,6081.85,0,0.3333,-1,-0.3404,0.8064,1
2026-05-25 11:24:00,2312.8,2313.2,2312.8,2313.0,2794,2313.3241,2313.4268,2311.0044,-1,0.4412,1.1013,-0.6601,-1,33.3187,20.3894,22.7407,49.95,0,28.9855,26.087,-0.1166,2318.5145,2311.3855,2314.95,0.0031,0.2265,1.5451,2315.336,-1,-837795,5913.65,0,0.5,1,-0.3232,0.8239,0
2026-05-25 11:25:00,2313.4,2313.4,2311.3,2311.6,9876,2312.9793,2313.2607,2311.0277,-1,0.2545,0.9319,-0.6774,-1,32.3249,18.4595,27.349,43.5191,0,8.6957,20.2899,-0.2331,2318.5051,2310.9249,2314.715,0.0033,0.0891,1.5848,2315.0316,-1,-847671,5821.7,1,0.8571,-1,-0.3835,0.7628,0
2026-05-25 11:26:00,2311.8,2312.1,2308.9,2308.9,9340,2312.1635,2312.8643,2310.9443,-1,-0.11,0.7235,-0.8335,-1,32.5693,15.9778,33.7553,34.3374,1,0.0,12.5604,-0.285,2318.6822,2309.9178,2314.3,0.0038,-0.1161,1.7001,2314.3802,-1,-857011,5497.05,1,0.9062,-1,-0.4999,0.6451,1
2026-05-25 11:27:00,2309.0,2310.7,2309.0,2310.1,2700,2311.7508,2312.613,2310.9112,-1,-0.2986,0.5191,-0.8177,-1,32.7962,14.7745,31.2133,40.36,0,13.3333,7.343,-0.1556,2318.5683,2309.3717,2313.97,0.004,0.0792,1.7073,2314.1162,-1,-854311,5334.9,0,0.6471,1,-0.4482,0.6974,1
2026-05-25 11:28:00,2310.7,2312.0,2309.7,2311.9,6014,2311.7806,2312.5482,2310.95,-1,-0.2994,0.3554,-0.6548,-1,31.9114,18.6945,28.2824,48.0562,0,33.3333,15.5556,-0.0692,2318.136,2309.274,2313.705,0.0038,0.2963,1.7496,2313.6171,-1,-848297,5069.0,0,0.5217,1,-0.362,0.7759,0
2026-05-25 11:29:00,2310.9,2311.8,2310.8,2311.1,865,2311.6445,2312.4165,2310.9558,-1,-0.3604,0.2122,-0.5727,-1,31.0899,17.8321,26.9777,45.2607,0,25.0,23.8889,-0.0649,2317.6633,2309.1367,2313.4,0.0037,0.2303,1.7032,2313.5774,-1,-849162,5083.6,0,0.2,1,-0.3879,0.741,0
2026-05-25 11:30:00,2311.1,2312.0,2310.2,2310.9,4438,2311.4956,2312.2787,2310.9537,-1,-0.4201,0.0858,-0.5059,-1,30.6512,16.4915,27.4555,44.5627,0,28.5714,28.9683,-0.0692,2317.4824,2308.8776,2313.18,0.0037,0.235,1.7101,2313.3732,-1,-853600,5088.8,0,0.1111,-1,-0.3965,0.7323,0
2026-05-25 11:31:00,2311.0,2311.2,2310.5,2310.5,1554,2311.2965,2312.117,2310.9359,-1,-0.4939,-0.0302,-0.4638,-1,30.2439,15.988,26.6175,43.1303,0,27.5862,27.0525,-0.0865,2317.2451,2308.6149,2312.93,0.0037,0.2184,1.638,2313.2678,-1,-855154,5028.65,0,0.7143,-1,-0.388,0.7149,0
2026-05-25 11:32:00,2310.1,2310.5,2309.5,2309.5,3130,2310.9372,2311.8791,2310.8796,-1,-0.626,-0.1493,-0.4766,-1,30.3979,15.2709,29.9091,39.6949,0,13.0435,23.067,-0.1427,2316.9658,2308.2642,2312.615,0.0038,0.142,1.5924,2313.0476,-1,-858284,4945.3,0,0.6,-1,-0.4311,0.6713,1
2026-05-25 11:33:00,2310.0,2310.9,2309.6,2310.0,4536,2310.7497,2311.7082,2310.8451,-1,-0.6824,-0.2559,-0.4264,-1,30.153,16.1134,28.0145,42.175,0,23.913,21.5142,-0.1124,2316.4208,2308.1692,2312.295,0.0036,0.2219,1.5787,2312.5389,-1,-853748,4646.35,0,0.0,1,-0.4096,0.6931,1
2026-05-25 11:34:00,2310.1,2312.2,2310.0,2310.1,6191,2310.6198,2311.562,2310.8158,-1,-0.7108,-0.3469,-0.3639,-1,28.7871,20.2745,25.3021,42.6827,0,26.6667,21.2077,-0.1254,2315.9333,2308.0967,2312.015,0.0034,0.2556,1.623,2312.2514,-1,-847557,4706.55,0,0.0,1,-0.4053,0.6974,0
2026-05-25 11:35:00,2310.4,2310.4,2309.0,2309.3,4535,2310.3558,2311.3564,2310.7564,-1,-0.7888,-0.4353,-0.3535,-1,28.1175,19.0129,28.1723,39.6811,0,8.8889,19.8229,-0.0995,2314.9862,2308.2738,2311.63,0.0029,0.1529,1.6071,2311.6981,-1,-852092,4512.15,0,0.7857,-1,-0.4397,0.6626,1
2026-05-25 11:36:00,2309.9,2310.0,2309.0,2310.0,1266,2310.2847,2311.2331,2310.7267,-1,-0.7851,-0.5052,-0.2798,-1,27.4956,18.1445,26.8854,43.4298,0,24.4444,20.0,0.0476,2314.2701,2308.4399,2311.355,0.0025,0.2676,1.5637,2311.5275,-1,-850826,4436.9,0,0.1,1,-0.4096,0.6931,0
2026-05-25 11:37:00,2309.9,2310.0,2309.0,2309.2,3826,2310.0677,2311.0483,2310.6669,-1,-0.837,-0.5716,-0.2654,-1,26.9182,17.2938,25.6249,40.3439,0,6.6667,13.3333,-0.039,2313.9803,2308.2797,2311.13,0.0025,0.1614,1.5235,2311.287,-1,-854652,4391.15,0,0.7,-1,-0.4441,0.6582,1
2026-05-25 11:38:00,2309.3,2310.5,2309.2,2310.5,4032,2310.1542,2310.9984,2310.6603,-1,-0.7645,-0.6102,-0.1543,-1,25.9081,18.5976,24.0465,46.9415,0,35.5556,22.2222,-0.0606,2313.6239,2308.3361,2310.98,0.0023,0.4092,1.5075,2311.1608,-1,-850620,4469.55,0,0.9231,1,-0.388,0.7149,1
2026-05-25 11:39:00,2310.2,2311.8,2310.0,2311.8,2975,2310.4834,2311.0713,2310.705,-1,-0.5953,-0.6072,0.0119,1,24.2292,23.1086,22.0237,52.5883,0,87.8788,43.367,0.0303,2313.5078,2308.3722,2310.94,0.0022,0.6675,1.5284,2310.9268,1,-847645,3863.8,0,0.8889,1,-0.332,0.7715,1
2026-05-25 11:40:00,2311.8,2313.5,2311.5,2313.4,2711,2311.0667,2311.283,2310.8107,-1,-0.3282,-0.5514,0.2232,1,23.7812,28.7687,20.0096,58.4494,0,97.7778,73.7374,0.1082,2313.6885,2308.2815,2310.985,0.0023,0.9466,1.5621,2310.9234,1,-844934,3859.25,0,0.8,1,-0.263,0.8413,0
2026-05-25 11:41:00,2313.4,2313.7,2311.6,2312.0,2200,2311.2533,2311.3482,2310.8573,-1,-0.227,-0.4865,0.2595,1,23.4812,26.9651,18.1343,52.351,0,63.8298,83.1621,0.0649,2313.6159,2308.3041,2310.96,0.0023,0.6958,1.6005,2310.9254,1,-847134,3883.3,0,0.6667,-1,-0.3233,0.7803,0
2026-05-25 11:42:00,2312.1,2312.1,2311.2,2311.4,1749,2311.2827,2311.3529,2310.8786,-1,-0.1929,-0.4278,0.2349,1,22.8534,25.847,19.2252,49.9459,0,51.0638,70.8905,0.0823,2313.419,2308.361,2310.89,0.0022,0.6008,1.5505,2310.8758,1,-848883,3826.7,0,0.7778,-1,-0.3492,0.7541,0
2026-05-25 11:43:00,2311.4,2311.8,2309.8,2310.6,4627,2311.1461,2311.2844,2310.8677,-1,-0.2279,-0.3878,0.16,1,21.2655,23.5139,23.8085,46.8549,0,34.0426,49.6454,0.026,2313.1957,2308.3843,2310.79,0.0021,0.4605,1.5826,2310.8298,-1,-853510,3967.95,0,0.4,-1,-0.3837,0.7192,0
2026-05-25 11:44:00,2310.6,2310.6,2310.1,2310.6,1631,2311.0369,2311.2222,2310.8572,-1,-0.2526,-0.3608,0.1081,1,19.791,22.956,23.2436,46.8549,0,34.0426,39.7163,0.0216,2312.8518,2308.4882,2310.67,0.0019,0.484,1.5053,2310.744,-1,-851879,3909.8,0,0.0,1,-0.3837,0.7192,1
2026-05-25 11:45:00,2310.6,2311.5,2310.4,2311.0,1240,2311.0295,2311.202,2310.8628,-1,-0.2372,-0.3361,0.0988,1,18.9836,26.0887,22.0066,48.696,0,42.5532,36.8794,0.0736,2312.7861,2308.4939,2310.64,0.0019,0.5839,1.4763,2310.5555,1,-850639,3478.0,0,0.3636,1,-0.3665,0.7367,0
2026-05-25 11:46:00,2311.4,2311.4,2310.8,2310.8,1323,2310.9836,2311.1655,2310.8603,-1,-0.2384,-0.3165,0.0781,1,18.2339,25.2978,21.3394,47.8043,0,38.2979,38.2979,0.0346,2312.7273,2308.7427,2310.735,0.0017,0.5163,1.4137,2310.6544,1,-851962,3077.15,0,1.0,-1,-0.3751,0.728,0
2026-05-25 11:47:00,2310.8,2311.1,2310.0,2310.6,2536,2310.9069,2311.1141,2310.8501,-1,-0.2526,-0.3038,0.0511,1,16.9867,23.8692,24.2414,46.8797,0,34.0426,38.2979,0.0606,2312.7322,2308.7878,2310.76,0.0017,0.4594,1.3913,2310.6825,-1,-854498,3068.95,0,0.1818,-1,-0.3837,0.7192,0
2026-05-25 11:48:00,2310.0,2310.3,2309.5,2310.2,2421,2310.7655,2311.031,2310.8246,-1,-0.2928,-0.3016,0.0088,1,16.2138,22.5008,25.4576,45.005,0,25.5319,32.6241,-0.013,2312.589,2308.761,2310.675,0.0017,0.3759,1.3705,2310.6,-1,-856919,2889.3,0,0.25,1,-0.4009,0.7018,0
2026-05-25 11:49:00,2310.1,2310.1,2309.6,2309.6,1121,2310.5324,2310.9009,2310.7766,-1,-0.3687,-0.315,-0.0537,-1,15.496,21.7677,24.6282,42.2742,0,12.766,24.1135,-0.0952,2312.5586,2308.6414,2310.6,0.0017,0.2447,1.3155,2310.5745,-1,-858040,2902.1,0,1.0,-1,-0.4268,0.6756,1
2026-05-25 11:50:00,2310.0,2310.2,2309.7,2309.9,2990,2310.4059,2310.8099,2310.7422,-1,-0.4001,-0.332,-0.0681,-1,14.7352,21.5948,23.7934,44.1006,0,19.1489,19.1489,-0.1513,2312.5264,2308.5736,2310.55,0.0017,0.3356,1.2644,2310.5046,-1,-855050,2829.7,0,0.2,-1,-0.4139,0.6887,0
2026-05-25 11:51:00,2309.9,2309.9,2309.6,2309.6,5866,2310.2447,2310.6999,2310.6974,-1,-0.4441,-0.3544,-0.0897,-1,14.1186,21.2077,23.9644,42.6475,0,8.8889,13.6013,-0.1038,2312.5244,2308.4856,2310.505,0.0017,0.2759,1.1955,2310.4213,-1,-860916,3045.3,1,1.0,-1,-0.4268,0.6756,0
2026-05-25 11:52:00,2309.5,2309.6,2309.5,2309.6,2002,2310.1158,2310.5999,2310.6544,-1,-0.4735,-0.3782,-0.0952,-1,13.6402,21.0721,24.4505,42.6475,0,2.381,10.1396,-0.0779,2312.5199,2308.5001,2310.51,0.0017,0.2736,1.1172,2310.4235,-1,-858914,2988.9,0,1.0,1,-0.4268,0.6756,0
2026-05-25 11:53:00,2309.6,2309.6,2308.5,2308.5,5225,2309.7926,2310.409,2310.5699,-1,-0.5789,-0.4184,-0.1605,-1,14.0648,19.5885,29.1295,37.4061,0,0.0,3.7566,-0.0909,2312.6197,2308.2503,2310.435,0.0019,0.0572,1.116,2310.3082,-1,-864139,3023.35,1,1.0,-1,-0.4742,0.6277,0
2026-05-25 11:54:00,2308.5,2308.9,2308.2,2308.4,2784,2309.5141,2310.2264,2310.4848,-1,-0.6628,-0.4673,-0.1955,-1,14.6929,18.6869,29.7614,36.9614,0,3.6364,2.0058,-0.0952,2312.7058,2307.9942,2310.35,0.002,0.0861,1.0863,2310.1702,-1,-866923,2853.0,0,0.1429,-1,-0.4786,0.6233,1
2026-05-25 11:55:00,2308.9,2308.9,2308.2,2308.7,1205,2309.3513,2310.0876,2310.4148,-1,-0.6971,-0.5132,-0.1839,-1,15.2761,17.8044,28.3558,39.2932,0,12.8205,5.4856,-0.0995,2312.7429,2307.8971,2310.32,0.0021,0.1657,1.0587,2310.186,-1,-865718,2686.5,0,0.2857,-1,-0.4656,0.6364,0
2026-05-25 11:56:00,2308.7,2308.8,2308.6,2308.6,1623,2309.201,2309.9524,2310.3437,-1,-0.724,-0.5554,-0.1686,-1,15.8177,17.5493,27.9496,38.7783,0,11.1111,9.1893,-0.0952,2312.7842,2307.7158,2310.25,0.0022,0.1744,0.9974,2310.1525,-1,-867341,2704.35,0,0.5,-1,-0.4699,0.6321,0
2026-05-25 11:57:00,2308.6,2308.7,2307.1,2307.1,3377,2308.7808,2309.6931,2310.2165,-1,-0.8564,-0.6156,-0.2409,-1,17.4376,15.6216,35.1776,32.0035,1,0.0,7.9772,-0.1515,2312.9984,2307.2916,2310.145,0.0025,-0.0336,1.0404,2310.0476,-1,-870718,2681.9,0,0.9375,-1,-0.5346,0.5667,0
2026-05-25 11:58:00,2307.9,2307.9,2306.7,2306.7,7755,2308.3647,2309.421,2310.0786,-1,-0.9824,-0.6889,-0.2934,-1,19.1835,14.3486,35.0273,30.4746,1,0.0,3.7037,-0.1515,2313.1715,2306.7385,2309.955,0.0028,-0.006,1.0518,2309.6477,-1,-878473,2868.05,1,1.0,-1,-0.5518,0.5492,1
2026-05-25 11:59:00,2307.4,2307.4,2306.6,2307.3,5247,2308.1517,2309.2282,2309.9696,-1,-1.022,-0.7556,-0.2664,-1,20.8653,13.5555,33.7822,35.4557,0,14.5833,4.8611,-0.0996,2313.0273,2306.4327,2309.73,0.0029,0.1315,1.0338,2309.3461,-1,-873226,2981.65,1,0.125,-1,-0.526,0.5754,0
2026-05-25 12:00:00,2307.7,2307.7,2306.7,2307.0,5495,2307.9214,2309.0256,2309.8531,-1,-1.0653,-0.8175,-0.2478,-1,21.9679,14.6943,31.4426,34.1387,1,8.8889,7.8241,-0.1255,2312.453,2306.367,2309.41,0.0026,0.104,1.0314,2309.0013,-1,-878721,3120.85,1,0.7,-1,-0.5389,0.5623,1
2026-05-25 12:01:00,2307.0,2309.0,2306.7,2308.4,1987,2308.0171,2308.9687,2309.7962,-1,-0.9754,-0.8491,-0.1263,-1,21.3011,20.8187,26.8388,44.4995,0,48.6486,24.0403,-0.052,2312.0571,2306.4029,2309.23,0.0024,0.3532,1.122,2308.849,-1,-876734,3110.2,0,0.6087,1,-0.4786,0.6233,0
2026-05-25 12:02:00,2309.0,2309.3,2308.0,2308.2,3435,2308.0537,2308.8988,2309.7336,-1,-0.9099,-0.8612,-0.0486,-1,20.349,21.0035,24.6425,43.448,0,44.4444,33.994,-0.0606,2311.7459,2306.3941,2309.07,0.0023,0.3374,1.1347,2308.7558,-1,-880169,3194.5,0,0.6154,-1,-0.4872,0.6146,0
2026-05-25 12:03:00,2308.2,2308.9,2307.9,2307.9,1465,2308.0229,2308.808,2309.6617,-1,-0.872,-0.8634,-0.0086,-1,19.5612,19.67,23.7129,41.8505,0,36.1111,43.0681,-0.026,2311.5605,2306.3095,2308.935,0.0023,0.3029,1.1251,2308.5926,-1,-881634,3036.4,0,0.3,-1,-0.5001,0.6015,0
2026-05-25 12:04:00,2308.0,2309.0,2307.5,2307.8,2489,2307.9784,2308.7164,2309.5886,-1,-0.8404,-0.8588,0.0184,1,19.2137,17.8404,23.9877,41.3053,0,36.3636,38.9731,-0.026,2311.348,2306.242,2308.795,0.0022,0.3051,1.1519,2308.5239,-1,-884123,3079.3,0,0.1333,-1,-0.5044,0.5972,0
2026-05-25 12:05:00,2307.8,2308.6,2307.0,2307.1,2450,2307.8027,2308.5695,2309.4911,-1,-0.862,-0.8594,-0.0025,-1,19.3415,16.1182,24.6887,37.6117,0,16.6667,29.7138,-0.0693,2311.0429,2306.1571,2308.6,0.0021,0.193,1.1839,2308.4383,-1,-886573,3139.8,0,0.4375,-1,-0.5346,0.5667,1
2026-05-25 12:06:00,2307.6,2307.8,2306.2,2307.2,11170,2307.6821,2308.445,2309.4012,-1,-0.861,-0.8598,-0.0013,-1,20.0977,14.6004,27.0723,38.4584,0,29.4118,27.4807,-0.0606,2310.714,2306.126,2308.42,0.002,0.2341,1.2136,2308.1808,-1,-875403,3632.15,1,0.25,-1,-0.5303,0.571,1
2026-05-25 12:07:00,2307.2,2308.0,2307.0,2308.0,2968,2307.7457,2308.4045,2309.3463,-1,-0.7866,-0.8451,0.0585,1,20.5259,14.9222,25.4586,44.9003,0,58.0645,34.7143,0.039,2310.3587,2306.2213,2308.29,0.0018,0.4299,1.1984,2308.0771,-1,-872435,3653.75,0,0.8,1,-0.4958,0.6059,0
2026-05-25 12:08:00,2307.5,2308.0,2306.9,2306.9,4782,2307.5766,2308.2677,2309.2503,-1,-0.8072,-0.8375,0.0304,1,21.0061,13.9381,24.3791,38.8747,0,22.5806,36.6856,0.0087,2310.0814,2306.1686,2308.125,0.0017,0.1869,1.1913,2307.964,-1,-877217,3771.8,0,0.5455,-1,-0.5432,0.558,1
2026-05-25 12:09:00,2308.3,2308.3,2306.7,2307.7,10096,2307.6013,2308.2161,2309.1895,-1,-0.7502,-0.8201,0.0699,1,21.0146,14.3886,22.0964,44.6884,0,48.3871,43.0108,0.0173,2309.8718,2306.1882,2308.03,0.0016,0.4104,1.2205,2307.8925,-1,-867121,4220.55,1,0.375,-1,-0.5087,0.5928,0
2026-05-25 12:10:00,2307.2,2308.0,2307.0,2307.3,5645,2307.541,2308.1328,2309.1154,-1,-0.729,-0.8019,0.0729,1,21.0226,13.5356,20.7863,42.5112,0,35.4839,35.4839,0.013,2309.5529,2306.2471,2307.9,0.0014,0.3185,1.2048,2307.7927,-1,-872766,4353.3,0,0.1,1,-0.526,0.5754,1
2026-05-25 12:11:00,2307.3,2308.4,2306.8,2308.0,3332,2307.6328,2308.1208,2309.0717,-1,-0.6482,-0.7711,0.1229,1,20.4307,14.5982,18.8596,47.3457,0,58.0645,47.3118,-0.0173,2309.2796,2306.3604,2307.82,0.0013,0.5617,1.233,2307.658,1,-869434,4226.6,0,0.4375,1,-0.4958,0.6059,0
2026-05-25 12:12:00,2308.0,2308.0,2307.5,2307.7,1933,2307.6462,2308.0825,2309.0179,-1,-0.6014,-0.7372,0.1358,1,19.8812,14.1566,18.2891,45.5767,0,48.3871,47.3118,-0.0217,2308.9348,2306.5152,2307.725,0.001,0.4897,1.1806,2307.6145,1,-871367,4223.15,0,0.6,-1,-0.5087,0.5928,0
2026-05-25 12:13:00,2307.6,2308.5,2307.4,2307.7,3055,2307.657,2308.0477,2308.9662,-1,-0.5579,-0.7013,0.1434,1,18.6361,16.2497,17.066,45.5767,0,48.3871,51.6129,-0.0087,2308.8413,2306.5287,2307.685,0.001,0.5065,1.1749,2307.5443,1,-868312,4114.65,0,0.0909,1,-0.5087,0.5928,1
2026-05-25 12:14:00,2307.7,2308.1,2307.7,2308.1,817,2307.7456,2308.0525,2308.9322,-1,-0.4856,-0.6582,0.1726,1,17.48,15.835,16.6305,48.5493,0,61.2903,52.6882,0.013,2308.7962,2306.5438,2307.67,0.001,0.6909,1.1195,2307.5155,1,-867495,4016.3,0,1.0,1,-0.4915,0.6103,0
2026-05-25 12:15:00,2308.1,2308.1,2306.6,2306.6,2304,2307.5165,2307.9204,2308.8408,-1,-0.543,-0.6351,0.0921,1,17.7222,14.3554,21.9285,39.7756,0,12.9032,40.8602,-0.0217,2308.679,2306.451,2307.565,0.001,0.0669,1.1467,2307.4877,-1,-869799,4071.25,0,1.0,-1,-0.5562,0.5449,0
2026-05-25 12:16:00,2306.6,2306.6,2306.0,2306.5,6110,2307.3132,2307.7913,2308.749,-1,-0.5898,-0.6261,0.0363,1,18.5116,13.8,24.9492,39.2661,0,16.6667,30.2867,-0.0303,2308.5598,2306.3602,2307.46,0.001,0.0636,1.1077,2307.3857,-1,-875909,4295.6,0,0.1667,-1,-0.5605,0.5405,0
2026-05-25 12:17:00,2306.0,2306.5,2305.5,2305.7,4624,2306.9905,2307.6012,2308.6294,-1,-0.6836,-0.6376,-0.046,-1,19.6629,12.9039,26.576,35.3638,0,5.7143,11.7614,-0.0997,2308.7255,2306.0545,2307.39,0.0012,-0.1327,1.1,2307.2973,-1,-880533,4357.95,0,0.3,-1,-0.595,0.5056,1
2026-05-25 12:18:00,2306.0,2307.0,2306.0,2306.7,2913,2306.9324,2307.5193,2308.5538,-1,-0.6695,-0.644,-0.0255,-1,19.9496,15.0337,24.3612,42.9907,0,38.7097,20.3635,-0.0087,2308.7255,2306.0545,2307.39,0.0012,0.2417,1.1143,2307.29,-1,-877620,4115.85,0,0.7,1,-0.5518,0.5492,1
2026-05-25 12:19:00,2307.0,2307.8,2307.0,2307.8,992,2307.1059,2307.5448,2308.5242,-1,-0.5631,-0.6278,0.0647,1,19.1297,19.1057,22.6418,49.9823,0,76.6667,40.3635,0.0043,2308.7615,2306.0685,2307.415,0.0012,0.643,1.1132,2307.3059,1,-876628,3903.1,0,1.0,1,-0.5044,0.5972,0
2026-05-25 12:20:00,2307.8,2307.8,2306.4,2306.4,4027,2306.9648,2307.4407,2308.4409,-1,-0.5849,-0.6192,0.0343,1,18.9589,17.4205,24.4249,42.7897,0,30.0,48.4588,-0.039,2308.7925,2305.9775,2307.385,0.0012,0.1501,1.1337,2307.2952,-1,-880655,3829.7,0,1.0,-1,-0.5648,0.5362,1
2026-05-25 12:21:00,2307.1,2307.1,2306.5,2307.1,2491,2306.9918,2307.4097,2308.3883,-1,-0.5396,-0.6033,0.0637,1,18.8003,16.6306,23.3175,46.9039,0,53.3333,53.3333,-0.039,2308.6521,2305.9879,2307.32,0.0012,0.4174,1.1027,2307.2634,-1,-878164,3854.9,0,0.0,1,-0.5346,0.5667,1
2026-05-25 12:22:00,2307.0,2307.2,2306.3,2307.2,5063,2307.0334,2307.3907,2308.3417,-1,-0.4899,-0.5806,0.0907,1,18.8538,15.6482,23.2528,47.4849,0,56.6667,46.6667,-0.0217,2308.5398,2306.0002,2307.27,0.0011,0.4724,1.0883,2307.186,1,-873101,3936.3,0,0.2222,1,-0.5303,0.571,0
2026-05-25 12:23:00,2307.2,2307.4,2306.5,2306.5,2677,2306.9268,2307.3097,2308.2695,-1,-0.5013,-0.5647,0.0635,1,18.604,16.0414,21.862,43.8663,0,33.3333,47.7778,-0.052,2308.4775,2305.9225,2307.2,0.0011,0.226,1.0748,2307.1539,-1,-875778,3996.9,0,0.7778,-1,-0.5605,0.5405,0
2026-05-25 12:24:00,2306.4,2306.7,2305.9,2306.0,2510,2306.7414,2307.1906,2308.1805,-1,-0.5443,-0.5607,0.0163,1,18.9873,15.1727,24.7397,41.4373,0,16.6667,35.5556,-0.091,2308.4574,2305.7626,2307.11,0.0012,0.0881,1.0552,2307.0945,-1,-878288,3997.95,0,0.5,-1,-0.582,0.5187,0
2026-05-25 12:25:00,2306.0,2306.3,2305.7,2305.7,984,2306.5331,2307.0551,2308.0832,-1,-0.5958,-0.5677,-0.0281,-1,19.5346,14.5368,25.0998,40.0059,0,6.6667,18.8889,-0.039,2308.5211,2305.5589,2307.04,0.0013,0.0476,1.0227,2307.0648,-1,-879272,3924.65,0,0.5,-1,-0.595,0.5056,0
2026-05-25 12:26:00,2305.7,2305.9,2305.1,2305.1,10839,2306.2465,2306.8774,2307.9662,-1,-0.6772,-0.5896,-0.0876,-1,20.5783,13.7117,27.9321,37.2355,0,0.0,7.7778,-0.0607,2308.6371,2305.2329,2306.935,0.0015,-0.039,1.0068,2306.8291,-1,-890111,3908.1,1,0.75,-1,-0.6208,0.4795,0
2026-05-25 12:27:00,2305.3,2305.3,2305.0,2305.0,3629,2305.9972,2306.7067,2307.8499,-1,-0.7412,-0.6199,-0.1213,-1,21.6323,13.4045,28.0531,36.7784,0,0.0,2.2222,-0.0304,2308.6096,2304.9604,2306.785,0.0016,0.0108,0.9563,2306.7179,-1,-893740,3941.15,0,1.0,-1,-0.6251,0.4751,1
2026-05-25 12:28:00,2305.1,2305.6,2305.0,2305.6,17023,2305.9178,2306.6061,2307.7617,-1,-0.7351,-0.6429,-0.0921,-1,22.0793,15.0894,26.7615,41.425,0,19.3548,6.4516,-0.0477,2308.6148,2304.8252,2306.72,0.0016,0.2045,0.9308,2306.4427,-1,-876717,4553.2,1,0.8333,1,-0.5993,0.5013,1
2026-05-25 12:29:00,2305.6,2305.9,2305.3,2305.9,677,2305.9142,2306.5419,2307.6887,-1,-0.6979,-0.6539,-0.044,-1,21.9834,16.7386,25.4973,43.6548,0,32.1429,17.1659,-0.0823,2308.5009,2304.7591,2306.63,0.0016,0.3049,0.9072,2306.2976,-1,-876040,4082.25,0,0.5,1,-0.5863,0.5144,1
2026-05-25 12:30:00,2305.9,2306.0,2305.4,2306.0,1012,2305.9314,2306.4926,2307.6224,-1,-0.6529,-0.6537,0.0008,1,21.7247,16.7351,24.2629,44.4145,0,35.7143,29.0707,-0.0173,2308.4286,2304.7014,2306.565,0.0016,0.3484,0.8853,2306.2078,-1,-875028,3850.6,0,0.1667,1,-0.582,0.5187,0
2026-05-25 12:31:00,2305.7,2306.2,2305.7,2305.8,1889,2305.9051,2306.4297,2307.551,-1,-0.6262,-0.6482,0.022,1,21.1406,17.7038,23.2526,43.1612,0,28.5714,32.1429,-0.0563,2308.2242,2304.6858,2306.455,0.0015,0.3149,0.8577,2306.1328,-1,-876917,3778.45,0,0.2,1,-0.5906,0.51,0
2026-05-25 12:32:00,2305.8,2306.0,2305.7,2305.7,1252,2305.8641,2306.3633,2307.4784,-1,-0.6061,-0.6398,0.0337,1,20.5983,17.24,22.6434,42.5152,0,25.0,29.7619,-0.065,2308.0561,2304.6539,2306.355,0.0015,0.3075,0.8179,2306.086,-1,-878169,3744.4,0,0.3333,-1,-0.595,0.5056,1
2026-05-25 12:33:00,2305.9,2306.1,2305.7,2306.1,2226,2305.9113,2306.3394,2307.4243,-1,-0.5515,-0.6221,0.0707,1,19.9079,17.5213,21.8225,45.9969,0,39.2857,30.9524,-0.0173,2307.8623,2304.6877,2306.275,0.0014,0.4449,0.7881,2306.0089,1,-875943,3702.95,0,0.5,1,-0.5777,0.5231,1
2026-05-25 12:34:00,2306.1,2306.7,2305.9,2306.7,2902,2306.069,2306.3722,2307.3959,-1,-0.4546,-0.5886,0.134,1,18.7317,21.6847,20.2418,50.8096,0,70.8333,45.0397,0.0304,2307.5724,2304.8376,2306.205,0.0012,0.681,0.7889,2306.0041,1,-873041,3807.2,0,0.75,1,-0.5518,0.5492,1
2026-05-25 12:35:00,2306.7,2307.6,2306.1,2307.1,1989,2306.2752,2306.4384,2307.3843,-1,-0.3416,-0.5392,0.1977,1,18.8333,26.5736,17.659,53.7677,0,80.7692,63.6294,0.0607,2307.6429,2304.8171,2306.23,0.0012,0.8079,0.8397,2305.9952,1,-871052,3791.45,0,0.2667,1,-0.5346,0.5667,1
2026-05-25 12:36:00,2307.6,2308.4,2307.1,2308.1,2997,2306.6402,2306.5894,2307.4124,1,-0.1693,-0.4652,0.2959,1,19.7383,30.2945,15.7798,60.2099,0,91.1765,80.9263,0.1301,2307.9396,2304.6804,2306.31,0.0014,1.0492,0.8726,2306.0411,1,-868055,3635.8,0,0.3846,1,-0.4915,0.6103,1
2026-05-25 12:37:00,2308.2,2309.8,2308.2,2309.6,3707,2307.2321,2306.8631,2307.4982,1,0.0872,-0.3548,0.4419,1,21.6123,37.0794,13.7232,67.5207,-1,95.8333,89.2597,0.1996,2308.6483,2304.3617,2306.505,0.0019,1.222,0.9317,2306.2133,1,-864348,3589.95,0,0.875,1,-0.4268,0.6756,1
2026-05-25 12:38:00,2309.8,2310.9,2309.3,2310.1,5694,2307.8057,2307.1574,2307.6002,1,0.327,-0.2184,0.5454,1,23.9377,40.775,12.1218,69.5304,-1,86.4407,91.1502,0.1952,2309.3312,2304.0188,2306.675,0.0023,1.1447,0.9794,2306.4962,1,-858654,3729.0,1,0.1875,1,-0.4053,0.6974,1
2026-05-25 12:39:00,2310.8,2311.7,2310.2,2310.9,2390,2308.4246,2307.4976,2307.7296,1,0.575,-0.0597,0.6348,1,26.4446,41.8048,10.7686,72.4659,-1,88.0597,90.1112,0.2168,2310.0357,2303.6243,2306.83,0.0028,1.1348,1.0237,2306.6222,1,-856264,3798.9,0,0.0667,1,-0.3708,0.7323,1
2026-05-25 12:40:00,2311.2,2312.9,2310.9,2312.3,3421,2309.1997,2307.9342,2307.9088,1,0.8745,0.1271,0.7474,1,29.2008,44.1819,9.3617,76.6971,-1,92.4051,88.9685,0.2732,2311.1094,2303.1406,2307.125,0.0035,1.1494,1.0935,2306.8548,1,-852843,3768.6,0,0.55,1,-0.3104,0.7933,0
2026-05-25 12:41:00,2312.8,2312.8,2309.9,2310.0,5295,2309.3597,2308.122,2307.9908,1,0.9156,0.2848,0.6308,1,30.3912,36.6957,13.6183,60.3023,0,63.2911,81.252,0.1821,2311.4466,2303.0934,2307.27,0.0036,0.8268,1.2225,2307.1273,1,-858138,3908.8,0,0.9655,-1,-0.4096,0.6931,1
2026-05-25 12:42:00,2310.6,2310.8,2310.0,2310.2,1553,2309.5278,2308.3109,2308.0775,1,0.9534,0.4185,0.5349,1,31.4966,34.9371,12.9656,61.0814,0,64.4737,73.39,0.1952,2311.787,2303.053,2307.42,0.0038,0.8183,1.1923,2307.2094,1,-856585,3733.3,0,0.5,-1,-0.4009,0.7018,1
2026-05-25 12:43:00,2310.2,2311.0,2310.2,2310.6,2122,2309.7422,2308.519,2308.1764,1,1.0041,0.5357,0.4684,1,32.6245,34.4494,12.3293,62.6597,0,69.3333,65.6994,0.1951,2312.1808,2303.0692,2307.625,0.0039,0.8265,1.1643,2307.3213,1,-854463,3705.55,0,0.5,1,-0.3837,0.7192,0
2026-05-25 12:44:00,2311.0,2311.1,2310.0,2310.0,2365,2309.7938,2308.6536,2308.2479,1,0.9844,0.6254,0.359,1,33.3828,32.1154,12.7258,58.8072,0,59.7222,64.5097,0.1431,2312.4289,2303.2211,2307.825,0.004,0.7362,1.1597,2307.4567,1,-856828,3698.3,0,0.9091,-1,-0.4096,0.6931,0
2026-05-25 12:45:00,2310.0,2310.1,2309.3,2309.9,2135,2309.815,2308.7669,2308.3127,1,0.9498,0.6903,0.2596,1,33.1269,30.4971,16.4936,58.1653,0,58.3333,62.463,0.1214,2312.6151,2303.4549,2308.035,0.004,0.7036,1.134,2307.5428,1,-858963,3755.85,0,0.125,-1,-0.4139,0.6887,0
2026-05-25 12:46:00,2310.0,2310.0,2309.0,2309.0,2549,2309.652,2308.7881,2308.3397,1,0.8401,0.7203,0.1199,1,32.5045,28.5599,17.3516,52.6006,0,45.8333,54.6296,0.039,2312.6219,2303.8381,2308.23,0.0038,0.5877,1.1244,2307.964,1,-861512,3341.35,0,1.0,-1,-0.4527,0.6495,0
2026-05-25 12:47:00,2309.0,2309.0,2307.4,2307.5,3190,2309.2216,2308.671,2308.3067,1,0.6249,0.7012,-0.0763,-1,30.2157,25.7422,25.5054,44.8919,0,22.8571,42.3413,-0.0909,2312.5078,2304.2022,2308.355,0.0036,0.3971,1.1584,2308.1207,-1,-864702,3319.4,0,0.9375,-1,-0.5174,0.5841,0
2026-05-25 12:48:00,2308.1,2308.2,2306.6,2306.6,3202,2308.6973,2308.4827,2308.2398,1,0.3774,0.6364,-0.259,-1,28.6984,23.2699,27.8579,41.0086,0,7.3529,25.3478,-0.1515,2312.4465,2304.3635,2308.405,0.0035,0.2767,1.19,2308.9416,-1,-867904,2628.35,0,0.9375,-1,-0.5562,0.5449,1
2026-05-25 12:49:00,2306.6,2307.5,2306.1,2307.4,1570,2308.4378,2308.3843,2308.2069,1,0.243,0.5578,-0.3147,-1,27.6761,21.3387,28.5099,45.5199,0,19.1176,16.4426,-0.1515,2312.3862,2304.5738,2308.48,0.0034,0.3618,1.205,2308.9257,-1,-866334,2673.0,0,0.5714,1,-0.5217,0.5797,1
2026-05-25 12:50:00,2307.4,2309.2,2307.1,2309.2,3290,2308.5903,2308.4585,2308.2458,1,0.2786,0.5019,-0.2234,-1,26.1325,28.3859,25.1397,54.037,0,45.5882,24.0196,-0.1341,2312.3856,2304.8944,2308.64,0.0032,0.5748,1.2689,2308.9573,1,-863044,2786.9,0,0.8571,1,-0.4441,0.6582,0
2026-05-25 12:51:00,2308.8,2309.1,2307.6,2308.0,1610,2308.4722,2308.4168,2308.2362,1,0.2075,0.443,-0.2356,-1,24.699,25.876,22.9168,48.5839,0,27.9412,30.8824,-0.0866,2312.2785,2305.2215,2308.75,0.0031,0.3937,1.2925,2309.0404,-1,-864654,2772.95,0,0.5333,-1,-0.4958,0.6059,1
2026-05-25 12:52:00,2308.0,2309.4,2308.0,2309.4,1575,2308.6578,2308.5062,2308.2818,1,0.2611,0.4067,-0.1455,-1,23.6049,25.534,21.1543,54.3693,0,48.5294,40.6863,-0.0346,2312.1811,2305.6889,2308.935,0.0028,0.5716,1.3002,2309.1101,1,-863079,2789.1,0,1.0,1,-0.4354,0.6669,1
2026-05-25 12:53:00,2309.0,2311.4,2309.0,2311.1,5173,2309.1462,2308.742,2308.3923,1,0.4358,0.4125,0.0233,1,23.8976,32.7204,18.5241,60.2224,0,73.5294,50.0,0.0216,2312.2861,2306.0839,2309.185,0.0027,0.8088,1.3788,2309.3517,1,-857906,2936.45,1,0.875,1,-0.3621,0.741,0
2026-05-25 12:54:00,2311.4,2311.5,2310.7,2311.0,2405,2309.517,2308.9473,2308.4946,1,0.5597,0.4419,0.1178,1,24.225,31.8564,17.7326,59.737,0,73.1343,65.0644,0.0433,2312.3759,2306.4241,2309.4,0.0026,0.7688,1.3374,2309.5679,1,-860311,2911.6,0,0.5,-1,-0.3665,0.7367,0
2026-05-25 12:55:00,2311.0,2311.0,2310.2,2310.9,1806,2309.7936,2309.1248,2308.5889,1,0.6424,0.482,0.1604,1,24.026,30.4551,19.7019,59.2229,0,88.8889,78.5175,0.0433,2312.4367,2306.7433,2309.59,0.0025,0.7301,1.299,2309.6934,1,-862117,2902.45,0,0.125,-1,-0.3708,0.7323,0
2026-05-25 12:56:00,2310.7,2310.7,2310.0,2310.0,1033,2309.8349,2309.2043,2308.6443,1,0.6281,0.5112,0.1169,1,23.6412,28.9142,19.8294,54.6636,0,72.2222,78.0818,0.0433,2312.4521,2306.9179,2309.685,0.0024,0.5569,1.2705,2309.801,1,-863150,2804.25,0,1.0,-1,-0.4096,0.6931,1
2026-05-25 12:57:00,2310.4,2312.5,2310.4,2312.5,4301,2310.3679,2309.5039,2308.7955,1,0.8091,0.5708,0.2383,1,24.3457,34.5783,17.2226,63.1501,0,100.0,87.037,0.2167,2312.856,2306.804,2309.83,0.0026,0.9412,1.3584,2309.992,1,-858849,2833.95,1,1.0,1,-0.3018,0.8021,1
2026-05-25 12:58:00,2313.1,2313.1,2312.3,2312.9,6655,2310.8743,2309.8127,2308.9564,1,0.9737,0.6514,0.3223,1,25.2923,36.3302,16.4762,64.3015,0,97.1429,89.7884,0.2731,2313.2788,2306.6612,2309.97,0.0029,0.9428,1.3185,2310.3017,1,-852194,2882.0,1,0.25,-1,-0.2845,0.8195,1
2026-05-25 12:59:00,2313.0,2313.4,2312.7,2313.3,1454,2311.3594,2310.1297,2309.1268,1,1.1234,0.7458,0.3776,1,26.3142,36.5863,15.8297,65.4637,-1,98.6301,98.591,0.2557,2313.6866,2306.4934,2310.09,0.0031,0.9463,1.2743,2310.3477,1,-850740,2835.2,0,0.4286,1,-0.2673,0.8369,1
2026-05-25 13:00:00,2313.2,2313.5,2312.7,2313.5,2312,2311.7876,2310.4361,2309.2983,1,1.2439,0.8454,0.3985,1,27.3123,35.4767,15.1005,66.0587,-1,100.0,98.591,0.1862,2313.9276,2306.3724,2310.15,0.0033,0.9434,1.2404,2310.3639,1,-848428,2779.75,0,0.375,1,-0.2587,0.8456,1
2026-05-25 13:01:00,2313.5,2314.8,2313.3,2314.8,3738,2312.39,2310.8328,2309.514,1,1.4278,0.9619,0.4659,1,28.8255,39.8332,13.8154,69.7112,-1,100.0,99.5434,0.2946,2314.6748,2306.1052,2310.39,0.0037,1.0146,1.259,2310.5837,1,-844690,2701.9,0,0.8667,1,-0.2026,0.9023,0
2026-05-25 13:02:00,2314.7,2314.7,2312.7,2313.7,4405,2312.652,2311.0935,2309.6782,1,1.4678,1.0631,0.4048,1,29.5521,35.3034,15.4934,63.4857,0,87.3563,95.7854,0.1862,2315.084,2306.046,2310.565,0.0039,0.8469,1.319,2310.8318,1,-849095,2844.5,1,0.5,-1,-0.2501,0.8544,1
2026-05-25 13:03:00,2314.6,2316.7,2314.5,2316.6,6574,2313.4416,2311.5941,2309.9496,1,1.7138,1.1932,0.5206,1,31.0405,39.9734,13.1864,70.8713,-1,98.9583,95.4382,0.238,2316.0943,2305.6357,2310.865,0.0045,1.0484,1.4391,2311.3866,1,-842521,3067.1,1,0.9091,1,-0.125,0.9808,0
2026-05-25 13:04:00,2316.0,2316.6,2315.7,2316.0,3146,2313.9533,2311.9946,2310.1869,1,1.8392,1.3224,0.5168,1,32.4226,38.1387,12.5812,67.815,-1,92.3077,92.8741,0.2164,2316.8315,2305.4985,2311.165,0.0049,0.9266,1.4006,2311.6641,1,-845667,3106.15,0,0.0,1,-0.1509,0.9546,1
2026-05-25 13:05:00,2316.0,2316.4,2315.9,2316.4,1862,2314.4426,2312.3951,2310.4305,1,1.9483,1.4476,0.5007,1,33.7059,37.1194,12.2449,68.7816,-1,96.5517,95.9392,0.238,2317.5602,2305.4198,2311.49,0.0053,0.9044,1.3363,2311.8671,1,-843805,3092.5,0,0.8,1,-0.125,0.9721,0
2026-05-25 13:06:00,2316.4,2316.4,2315.7,2316.1,3110,2314.7741,2312.7319,2310.6529,1,1.9877,1.5556,0.4321,1,34.6528,35.6815,12.8773,67.1527,-1,92.2078,93.6891,0.2641,2318.1183,2305.5717,2311.845,0.0054,0.8391,1.2908,2312.1799,1,-846915,3120.55,0,0.4286,-1,-0.1337,0.959,0
2026-05-25 13:07:00,2316.3,2316.9,2315.7,2315.8,4407,2314.9793,2313.0108,2310.8547,1,1.972,1.6389,0.3331,1,35.7511,36.081,12.0179,65.4827,-1,84.058,90.9392,0.1427,2318.4258,2306.0942,2312.26,0.0053,0.7871,1.2843,2312.665,1,-851322,3181.4,0,0.4167,-1,-0.1294,0.9459,0
2026-05-25 13:08:00,2316.4,2316.4,2315.2,2315.2,2598,2315.0234,2313.2098,2311.0251,1,1.8893,1.689,0.2004,1,36.1428,33.6617,14.0059,62.1536,0,75.3623,83.876,0.0994,2318.3996,2306.9804,2312.69,0.0049,0.7198,1.2783,2313.067,1,-853920,3151.2,0,1.0,-1,-0.1553,0.9198,0
2026-05-25 13:09:00,2315.6,2315.6,2315.0,2315.2,2539,2315.0587,2313.3908,2311.1888,1,1.803,1.7118,0.0912,1,36.2581,32.4886,14.6795,62.1536,0,75.3623,78.2609,0.0821,2318.3387,2307.8213,2313.08,0.0045,0.7016,1.2299,2313.3031,1,-851381,3199.65,0,0.6667,-1,-0.1553,0.9198,1
2026-05-25 13:10:00,2315.1,2316.0,2315.1,2315.8,7898,2315.207,2313.6098,2311.3697,1,1.7628,1.722,0.0408,1,36.5891,33.1258,13.8972,64.2609,0,83.0769,77.9339,0.0994,2318.4783,2308.3417,2313.41,0.0044,0.7358,1.2063,2313.8017,1,-843483,3430.05,1,0.7778,1,-0.1294,0.9459,1
2026-05-25 13:11:00,2316.4,2316.9,2315.6,2316.0,4046,2315.3656,2313.8271,2311.5513,1,1.7271,1.723,0.004,1,37.3556,35.8897,12.8333,64.9612,0,80.4348,79.6247,0.0518,2318.3416,2309.2784,2313.81,0.0039,0.7416,1.213,2314.0626,1,-839437,3551.85,0,0.3077,-1,-0.1208,0.9546,1
2026-05-25 13:12:00,2316.3,2316.4,2316.0,2316.4,2195,2315.5725,2314.061,2311.7414,1,1.7113,1.7207,-0.0094,-1,38.0675,35.0018,12.5158,66.3802,-1,88.0952,83.869,0.1167,2318.343,2309.977,2314.16,0.0036,0.7677,1.1549,2314.2429,1,-837242,3582.85,0,0.25,1,-0.1035,0.9721,0
2026-05-25 13:13:00,2316.7,2316.7,2315.6,2316.1,3493,2315.678,2314.2463,2311.9123,1,1.6555,1.7076,-0.0521,-1,38.1698,32.6125,14.1438,64.2777,0,80.9524,83.1608,-0.0216,2318.4259,2310.3941,2314.41,0.0035,0.7104,1.151,2314.6139,1,-840735,3498.85,0,0.5455,-1,-0.1164,0.959,0
2026-05-25 13:14:00,2315.6,2315.9,2315.2,2315.5,2082,2315.6424,2314.3603,2312.053,1,1.5451,1.6751,-0.13,-1,37.7259,30.7622,15.8629,60.1727,0,66.6667,78.5714,-0.0216,2318.3548,2310.9152,2314.635,0.0032,0.6163,1.1331,2314.7639,1,-842817,3482.7,0,0.1429,-1,-0.1423,0.9328,1
2026-05-25 13:15:00,2315.5,2316.5,2315.1,2316.0,5230,2315.7139,2314.5094,2312.2078,1,1.4809,1.6363,-0.1554,-1,37.7043,31.812,14.4861,62.3316,0,78.5714,75.3968,-0.0173,2318.2306,2311.5494,2314.89,0.0029,0.6661,1.1521,2314.9433,1,-837587,3653.9,0,0.3571,1,-0.1035,0.9546,1
2026-05-25 13:16:00,2315.8,2316.5,2315.5,2316.5,3705,2315.8711,2314.6903,2312.3761,1,1.4536,1.5997,-0.1462,-1,37.6841,29.8209,13.5794,64.4093,0,83.3333,76.1905,0.0173,2317.7592,2312.6708,2315.215,0.0022,0.7525,1.1413,2315.0673,1,-833882,3787.5,0,0.7,1,-0.069,0.9764,0
2026-05-25 13:17:00,2316.0,2316.2,2314.5,2314.5,2525,2315.5969,2314.673,2312.4594,1,1.2561,1.531,-0.275,-1,36.3459,26.2785,17.9058,52.0439,0,0.0,53.9683,-0.0561,2317.5647,2313.0653,2315.315,0.0019,0.3189,1.2026,2315.2573,-1,-836407,3698.7,0,0.8824,-1,-0.151,0.8892,1
2026-05-25 13:18:00,2314.5,2315.5,2314.4,2315.5,3156,2315.5775,2314.7482,2312.5787,1,1.1668,1.4582,-0.2914,-1,34.9821,24.5511,17.3264,56.5369,0,44.0,42.4444,0.013,2317.403,2313.487,2315.445,0.0017,0.514,1.1953,2315.4869,1,-833251,3523.75,0,0.9091,1,-0.1079,0.9328,1
2026-05-25 13:19:00,2315.1,2315.8,2314.9,2315.6,2254,2315.582,2314.8257,2312.6971,1,1.0915,1.3848,-0.2933,-1,33.9762,25.0319,16.3778,56.971,0,48.0,30.6667,0.0173,2317.2528,2313.8672,2315.56,0.0015,0.5118,1.1742,2315.5332,1,-830997,3563.75,0,0.5556,1,-0.1035,0.9372,1
2026-05-25 13:20:00,2315.7,2316.0,2315.5,2315.7,2402,2315.6056,2314.9051,2312.8149,1,1.0281,1.3135,-0.2854,-1,33.2154,25.5067,15.8583,57.4289,0,52.0,48.0,-0.0043,2317.0744,2314.2656,2315.67,0.0012,0.5107,1.126,2315.6145,1,-828595,3568.25,0,0.0,1,-0.0992,0.9415,1
2026-05-25 13:21:00,2316.0,2316.0,2315.7,2316.0,1294,2315.6845,2315.0047,2312.9398,1,0.9906,1.2489,-0.2583,-1,32.5089,24.9944,15.5398,58.8441,0,64.0,54.6667,0.0,2317.0822,2314.3778,2315.73,0.0012,0.5998,1.067,2315.6911,1,-827301,3446.05,0,0.0,1,-0.082,0.9546,1
2026-05-25 13:22:00,2315.8,2316.5,2315.8,2316.5,3092,2315.8476,2315.1406,2313.0794,1,0.9898,1.1971,-0.2073,-1,32.3002,27.2251,14.7933,61.1613,0,84.0,66.6667,0.0043,2316.892,2314.848,2315.87,0.0009,0.8082,1.0408,2315.8472,1,-824209,3380.4,0,1.0,1,-0.0604,0.9764,0
2026-05-25 13:23:00,2316.5,2316.5,2316.0,2316.0,1523,2315.8781,2315.2187,2313.1939,1,0.938,1.1453,-0.2072,-1,32.1063,26.2549,14.2661,57.6648,0,64.0,70.6667,-0.0043,2316.8083,2314.8717,2315.84,0.0008,0.5826,1.0022,2315.8459,1,-825732,3127.85,0,1.0,-1,-0.082,0.9546,1
2026-05-25 13:24:00,2316.0,2316.2,2316.0,2316.1,1776,2315.9225,2315.2989,2313.3079,1,0.8948,1.0952,-0.2004,-1,31.9263,25.858,14.0504,58.1797,0,68.0,72.0,0.0259,2316.8176,2314.8724,2315.845,0.0008,0.6311,0.9449,2315.8402,1,-823956,3059.35,0,0.5,1,-0.0777,0.959,0
2026-05-25 13:25:00,2316.1,2316.1,2316.0,2316.0,2829,2315.938,2315.3626,2313.4135,1,0.8427,1.0447,-0.202,-1,31.7592,25.6491,13.937,57.4275,0,69.5652,67.1884,0.0,2316.7671,2314.8829,2315.825,0.0008,0.5929,0.8845,2315.8372,1,-826785,3107.7,0,1.0,-1,-0.082,0.9546,0
2026-05-25 13:26:00,2316.1,2316.2,2316.0,2316.0,1726,2315.9504,2315.4205,2313.5149,1,0.7923,0.9942,-0.2019,-1,31.7121,26.0654,13.6987,57.4275,0,69.5652,69.0435,-0.0216,2316.7572,2314.8828,2315.82,0.0008,0.596,0.8356,2315.832,1,-825059,3038.5,0,0.5,-1,-0.0518,0.9546,1
2026-05-25 13:27:00,2316.1,2316.5,2316.1,2316.5,2870,2316.0603,2315.5187,2313.632,1,0.7836,0.9521,-0.1684,-1,31.988,27.5586,13.096,60.3968,0,100.0,79.7101,0.0864,2316.8378,2314.8722,2315.855,0.0008,0.8281,0.8117,2315.8355,1,-822189,2961.65,0,1.0,1,-0.0302,0.9764,0
2026-05-25 13:28:00,2316.2,2316.2,2315.0,2315.6,1804,2315.9682,2315.5261,2313.7092,1,0.6961,0.9009,-0.2047,-1,30.2678,24.1285,20.5934,53.2035,0,57.1429,75.5694,0.0043,2316.8192,2314.9308,2315.875,0.0008,0.3544,0.8608,2315.8387,-1,-823993,2921.95,0,0.5,-1,-0.069,0.9372,0
2026-05-25 13:29:00,2315.6,2315.6,2314.4,2314.6,10371,2315.6946,2315.4419,2313.7441,1,0.5399,0.8287,-0.2888,-1,28.3663,21.7918,23.4413,46.567,0,9.5238,55.5556,-0.0432,2316.9042,2314.7858,2315.845,0.0009,-0.0877,0.8851,2315.7085,-1,-834364,3313.55,1,0.8333,-1,-0.1122,0.8936,1
2026-05-25 13:30:00,2315.3,2315.3,2313.8,2315.3,4118,2315.6157,2315.429,2313.8051,1,0.4672,0.7564,-0.2892,-1,27.312,19.2785,25.351,51.1596,0,55.5556,40.7407,-0.0173,2316.9055,2314.7345,2315.82,0.0009,0.2605,0.929,2315.6581,-1,-830246,3124.55,0,0.0,1,-0.082,0.9241,1
2026-05-25 13:31:00,2315.2,2317.5,2315.2,2317.3,9323,2315.9525,2315.5991,2313.9422,1,0.5644,0.718,-0.1536,-1,26.7414,31.4967,21.2954,61.3746,0,94.5946,53.2247,0.0561,2317.1472,2314.6228,2315.885,0.0011,1.0605,1.0269,2315.7665,1,-820923,3388.4,1,0.913,1,0.0,1.0113,1
2026-05-25 13:32:00,2317.4,2319.0,2317.4,2317.6,15241,2316.282,2315.781,2314.0856,1,0.6581,0.706,-0.0479,-1,27.2228,37.9058,18.8899,62.637,0,73.0769,74.409,0.0475,2317.3989,2314.4911,2315.945,0.0013,1.0691,1.075,2316.1741,1,-805682,4040.7,1,0.125,1,0.0,1.0244,1
2026-05-25 13:33:00,2318.2,2319.5,2316.9,2319.4,11161,2316.9056,2316.11,2314.294,1,0.8676,0.7383,0.1293,1,27.6699,31.9598,15.9268,69.1514,-1,98.2456,88.639,0.1468,2318.2047,2314.0153,2316.11,0.0018,1.2853,1.1839,2316.4817,1,-794521,4424.1,1,0.4615,1,0.0,1.1028,0
2026-05-25 13:34:00,2319.1,2319.7,2319.1,2319.3,5436,2317.3845,2316.4,2314.4903,1,1.0138,0.7934,0.2204,1,28.2105,32.0113,15.3292,68.4375,-1,93.2203,88.181,0.1382,2318.7908,2313.8092,2316.3,0.0022,1.1022,1.1422,2316.674,1,-799957,4591.8,0,0.3333,1,-0.0043,1.0985,0
2026-05-25 13:35:00,2319.2,2319.2,2315.9,2316.1,5176,2317.1276,2316.3727,2314.5535,1,0.8616,0.8071,0.0545,1,26.7002,26.0471,30.0086,50.4785,0,38.9831,76.8163,0.0043,2318.7938,2313.8162,2316.305,0.0021,0.4588,1.3035,2316.7422,-1,-805133,4589.1,0,0.9394,-1,-0.1423,0.959,0
2026-05-25 13:36:00,2316.5,2316.6,2313.7,2313.7,3673,2316.4421,2316.1297,2314.52,1,0.5411,0.7539,-0.2128,-1,26.5462,22.2409,36.7092,41.6507,0,0.0,44.0678,-0.0993,2318.8972,2313.4328,2316.165,0.0024,0.0489,1.4175,2316.6823,-1,-808806,4587.5,0,0.9655,-1,-0.2458,0.8544,1
2026-05-25 13:37:00,2314.4,2314.4,2313.2,2314.1,2356,2315.9737,2315.9452,2314.5035,1,0.3157,0.6662,-0.3505,-1,26.6403,20.8811,37.0123,43.4265,0,13.8462,17.6097,-0.1036,2318.931,2313.359,2316.145,0.0024,0.133,1.402,2316.6553,-1,-806450,4579.05,0,0.25,-1,-0.2285,0.8718,1
2026-05-25 13:38:00,2314.1,2315.5,2314.1,2315.5,3749,2315.8789,2315.9047,2314.5426,-1,0.2472,0.5824,-0.3352,-1,25.8654,24.9964,34.372,49.2484,0,35.3846,16.4103,-0.0043,2318.931,2313.359,2316.145,0.0024,0.3842,1.4018,2316.6414,-1,-802701,4608.7,0,1.0,1,-0.1681,0.9328,1
2026-05-25 13:39:00,2315.7,2316.4,2315.5,2315.8,2876,2315.8631,2315.8952,2314.5919,-1,0.2146,0.5089,-0.2942,-1,24.5107,28.5262,32.7544,50.4256,0,40.0,29.7436,0.0518,2318.9346,2313.3754,2316.155,0.0024,0.4361,1.366,2316.6478,-1,-799825,4639.8,0,0.1111,1,-0.1552,0.9459,0
2026-05-25 13:40:00,2315.5,2315.8,2315.2,2315.6,1591,2315.8105,2315.8684,2314.6314,-1,0.1707,0.4412,-0.2705,-1,23.4312,27.5939,33.3181,49.5996,0,36.9231,37.4359,0.013,2318.9332,2313.3668,2316.15,0.0024,0.4012,1.3113,2316.6524,-1,-801416,4599.25,0,0.1667,1,-0.1638,0.9372,1
2026-05-25 13:41:00,2315.7,2317.1,2315.7,2316.4,4745,2315.9284,2315.9167,2314.7008,1,0.1982,0.3926,-0.1944,-1,21.9558,32.3715,30.6234,52.9217,0,49.2308,42.0513,-0.0388,2318.9543,2313.3857,2316.17,0.0024,0.5413,1.3248,2316.65,-1,-796671,4771.8,0,0.5,1,-0.1293,0.9721,0
2026-05-25 13:42:00,2316.4,2316.4,2315.1,2315.5,1494,2315.8427,2315.8788,2314.7321,-1,0.1456,0.3432,-0.1976,-1,20.574,30.0994,31.7134,49.008,0,35.3846,40.5128,-0.0906,2318.9147,2313.3253,2316.12,0.0024,0.3891,1.323,2316.647,-1,-798165,4691.9,0,0.6923,-1,-0.1681,0.9328,0
2026-05-25 13:43:00,2315.5,2315.5,2315.1,2315.5,2609,2315.7742,2315.8444,2314.7622,-1,0.1028,0.2951,-0.1923,-1,19.2909,29.4153,30.9926,49.008,0,35.3846,40.0,-0.1681,2318.9025,2313.2875,2316.095,0.0024,0.394,1.2571,2316.6195,-1,-795556,4746.2,0,0.0,1,-0.1681,0.9328,0
2026-05-25 13:44:00,2315.4,2315.5,2314.0,2314.3,1807,2315.4793,2315.704,2314.7441,-1,-0.0276,0.2306,-0.2582,-1,18.7969,26.9423,34.5523,43.9787,0,16.9231,29.2308,-0.2156,2318.9194,2313.0906,2316.005,0.0025,0.2075,1.2744,2316.5908,-1,-797363,4747.75,0,0.7333,-1,-0.2199,0.8805,1
2026-05-25 13:45:00,2314.1,2314.8,2312.3,2314.7,4748,2315.3235,2315.6127,2314.7424,-1,-0.0976,0.165,-0.2625,-1,19.2333,23.4098,38.9377,45.9692,0,32.4324,28.2467,-0.0604,2318.9094,2312.9706,2315.94,0.0026,0.2912,1.362,2316.4769,-1,-792615,4843.7,0,0.24,1,-0.2026,0.898,0
2026-05-25 13:46:00,2314.8,2315.0,2314.0,2314.7,2887,2315.1988,2315.5297,2314.7407,-1,-0.1513,0.1017,-0.253,-1,19.4797,23.2275,36.8561,45.9692,0,32.4324,27.2626,0.0432,2318.8929,2312.8571,2315.875,0.0026,0.3053,1.3361,2316.4278,-1,-789728,4901.75,0,0.1,-1,-0.2026,0.898,0
2026-05-25 13:47:00,2314.7,2314.7,2313.2,2313.8,2007,2314.919,2315.3725,2314.7038,-1,-0.2635,0.0287,-0.2921,-1,20.1017,21.3811,38.166,42.0688,0,20.2703,28.3784,-0.013,2318.8733,2312.6067,2315.74,0.0027,0.1904,1.3478,2316.3774,-1,-791735,4858.6,0,0.6,-1,-0.2414,0.8587,0
2026-05-25 13:48:00,2313.8,2314.2,2313.1,2313.5,3424,2314.6352,2315.2023,2314.6566,-1,-0.3723,-0.0515,-0.3207,-1,20.7279,20.1181,36.4485,40.8254,0,17.3913,23.3647,-0.0864,2318.9172,2312.3528,2315.635,0.0028,0.1748,1.3301,2316.2954,-1,-795159,4939.6,0,0.2727,-1,-0.2544,0.8456,1
2026-05-25 13:49:00,2313.8,2313.8,2313.1,2313.8,2904,2314.4682,2315.0748,2314.623,-1,-0.4293,-0.1271,-0.3022,-1,21.3095,19.3353,35.0303,42.6509,0,31.25,22.9705,-0.0864,2318.9455,2312.2445,2315.595,0.0029,0.2321,1.2851,2316.3708,-1,-792255,4566.25,0,0.0,1,-0.2414,0.8587,1
2026-05-25 13:50:00,2313.8,2314.7,2313.3,2313.9,2728,2314.3545,2314.968,2314.5947,-1,-0.4612,-0.1939,-0.2673,-1,21.0196,22.8109,32.3218,43.279,0,33.3333,27.3249,-0.0734,2318.9548,2312.0952,2315.525,0.003,0.2631,1.2933,2316.3698,-1,-789527,4496.75,0,0.0714,1,-0.2371,0.8631,0
2026-05-25 13:51:00,2314.1,2314.1,2311.7,2311.7,5222,2313.8236,2314.6709,2314.4812,-1,-0.6564,-0.2864,-0.37,-1,21.6204,19.9615,36.612,34.3621,1,0.0,21.5278,-0.2029,2318.9525,2311.5375,2315.245,0.0032,0.0219,1.3724,2316.1022,-1,-794749,4291.7,0,1.0,-1,-0.332,0.7672,0
2026-05-25 13:52:00,2312.7,2312.8,2311.2,2311.2,4987,2313.2989,2314.3554,2314.3525,-1,-0.8417,-0.3974,-0.4442,-1,22.4163,18.3186,36.1707,32.7125,1,0.0,11.1111,-0.1857,2318.8619,2310.9881,2314.925,0.0034,0.0269,1.3886,2315.4312,-1,-799736,3779.0,0,0.9375,-1,-0.3535,0.7454,1
2026-05-25 13:53:00,2312.1,2312.2,2310.9,2311.8,6025,2312.9991,2314.1231,2314.2524,-1,-0.9294,-0.5038,-0.4256,-1,23.2974,17.088,35.2911,36.6431,0,14.5161,4.8387,-0.1598,2318.1325,2310.9575,2314.545,0.0031,0.1174,1.3823,2314.6043,-1,-793711,3522.2,1,0.2308,-1,-0.3277,0.7715,0
2026-05-25 13:54:00,2311.8,2312.6,2311.1,2311.8,5558,2312.7593,2313.9119,2314.1562,-1,-0.9876,-0.6006,-0.387,-1,23.7233,17.826,32.5722,36.6431,0,14.5161,9.6774,-0.108,2317.2183,2311.1217,2314.17,0.0026,0.1113,1.3907,2314.0192,-1,-788153,3528.3,1,0.0,1,-0.3277,0.7715,0
2026-05-25 13:55:00,2312.7,2312.9,2311.6,2311.6,3338,2312.5274,2313.7017,2314.056,-1,-1.0379,-0.688,-0.3498,-1,23.8244,18.1783,30.3871,35.8339,0,12.7273,13.9198,-0.1339,2317.054,2310.836,2313.945,0.0027,0.1229,1.3842,2313.6932,-1,-791491,3436.4,0,0.8462,-1,-0.3363,0.7628,1
2026-05-25 13:56:00,2312.0,2312.2,2311.0,2312.1,5776,2312.442,2313.5561,2313.9793,-1,-1.0255,-0.7555,-0.27,-1,24.2618,17.0418,31.6133,39.4349,0,26.087,17.7768,-0.1123,2317.0758,2310.6542,2313.865,0.0028,0.2251,1.3711,2313.4856,-1,-785715,3541.55,1,0.0833,1,-0.3147,0.7846,0
2026-05-25 13:57:00,2312.0,2312.1,2311.2,2311.4,3816,2312.2336,2313.3601,2313.8781,-1,-1.06,-0.8164,-0.2436,-1,24.668,16.2227,30.0937,36.3585,0,10.8696,16.5613,-0.1037,2317.1124,2310.3476,2313.73,0.0029,0.1556,1.3374,2313.3708,-1,-789531,3614.55,0,0.6667,-1,-0.3449,0.7541,1
2026-05-25 13:58:00,2311.4,2312.1,2310.9,2312.1,3167,2312.2068,2313.2455,2313.8084,-1,-1.0191,-0.857,-0.1621,-1,25.2249,15.1753,29.7648,41.2908,0,29.2683,22.0749,-0.0605,2316.9111,2310.2089,2313.56,0.0029,0.2822,1.3276,2313.2101,-1,-786364,3585.45,0,0.5833,1,-0.3147,0.7846,0
2026-05-25 13:59:00,2312.2,2312.2,2310.8,2312.0,6684,2312.1655,2313.1323,2313.7375,-1,-0.9834,-0.8823,-0.1012,-1,25.742,14.0366,27.5315,40.8043,0,28.5714,22.9031,-0.0778,2316.6209,2310.1191,2313.37,0.0028,0.2893,1.3328,2312.9711,-1,-793048,3775.85,1,0.1429,-1,-0.319,0.7803,1
2026-05-25 14:00:00,2312.1,2313.1,2311.6,2312.9,6841,2312.3124,2313.1112,2313.7046,-1,-0.8725,-0.8803,0.0078,1,25.1712,17.6989,25.3379,46.8717,0,53.8462,37.2286,-0.0432,2316.3245,2310.1455,2313.235,0.0027,0.4458,1.3447,2312.8835,1,-786207,4038.35,1,0.5333,1,-0.2802,0.8195,0
2026-05-25 14:01:00,2312.2,2313.0,2312.0,2312.9,8256,2312.4299,2313.092,2313.6731,-1,-0.7756,-0.8594,0.0838,1,24.6411,16.7412,23.9669,46.8717,0,53.8462,45.4212,0.0519,2315.7879,2310.3321,2313.06,0.0024,0.4707,1.3201,2312.661,1,-777951,4213.9,1,0.7,1,-0.2802,0.8195,0
2026-05-25 14:02:00,2313.0,2313.2,2311.7,2312.4,8909,2312.4239,2313.0291,2313.6232,-1,-0.7308,-0.8336,0.1029,1,24.3908,15.3955,23.648,43.968,0,41.0256,49.5726,0.0519,2315.4034,2310.4066,2312.905,0.0022,0.3989,1.3329,2312.5899,-1,-786860,4584.65,1,0.4,-1,-0.3018,0.7977,1
2026-05-25 14:03:00,2312.6,2314.4,2312.6,2313.9,4202,2312.7191,2313.1083,2313.634,-1,-0.5676,-0.7804,0.2128,1,22.8548,20.011,21.201,53.3122,0,79.4872,58.1197,0.0908,2315.0761,2310.5739,2312.825,0.0019,0.7388,1.3806,2312.5593,1,-782658,4664.3,0,0.7222,1,-0.2371,0.8631,0
2026-05-25 14:04:00,2314.4,2314.6,2313.5,2313.7,5405,2312.9153,2313.162,2313.6366,-1,-0.4493,-0.7142,0.2649,1,21.2351,19.9054,19.9767,52.0655,0,76.3158,65.6095,0.0822,2314.9818,2310.6082,2312.795,0.0019,0.7069,1.3605,2312.5979,1,-788063,4844.2,0,0.6364,-1,-0.2458,0.8544,1
2026-05-25 14:05:00,2313.7,2314.3,2313.6,2314.2,1763,2313.1722,2313.2564,2313.6587,-1,-0.3116,-0.6337,0.3221,1,19.7311,19.1476,19.2162,54.9048,0,89.4737,81.7589,0.1125,2314.8791,2310.6609,2312.77,0.0018,0.839,1.3134,2312.5573,1,-786300,4694.95,0,0.7143,1,-0.2242,0.8762,0
2026-05-25 14:06:00,2314.1,2314.1,2312.6,2312.8,7346,2313.0978,2313.2149,2313.625,-1,-0.3118,-0.5693,0.2575,1,19.2789,17.507,22.9248,46.5844,0,52.6316,72.807,0.0303,2314.5901,2310.7599,2312.675,0.0017,0.5326,1.3338,2312.5438,1,-793646,4917.9,0,0.8667,-1,-0.2846,0.8151,0
2026-05-25 14:07:00,2313.6,2313.6,2311.6,2311.7,10843,2312.8182,2313.0772,2313.5495,-1,-0.3962,-0.5347,0.1385,1,19.6311,15.6965,25.7247,41.2899,0,23.6842,55.2632,0.013,2314.4569,2310.6831,2312.57,0.0016,0.2695,1.3814,2312.4938,-1,-804489,5359.7,1,0.95,-1,-0.332,0.7672,1
2026-05-25 14:08:00,2311.1,2312.1,2310.9,2312.1,8727,2312.6746,2312.9884,2313.4927,-1,-0.4259,-0.5129,0.087,1,20.4238,14.7134,27.7672,43.7916,0,34.2105,36.8421,0.0,2314.3472,2310.6528,2312.5,0.0016,0.3917,1.3685,2312.3985,-1,-795762,5624.85,1,0.8333,1,-0.3147,0.7846,1
2026-05-25 14:09:00,2312.1,2312.6,2311.4,2312.6,7316,2312.6597,2312.9531,2313.4577,-1,-0.4044,-0.4912,0.0868,1,20.5804,16.4166,26.0125,46.8409,0,47.3684,35.0877,0.026,2314.1897,2310.6903,2312.44,0.0015,0.5457,1.3564,2312.3571,1,-788446,5845.45,0,0.4167,1,-0.2932,0.8064,0
2026-05-25 14:10:00,2312.2,2312.7,2311.6,2312.6,7198,2312.6477,2312.921,2313.424,-1,-0.383,-0.4696,0.0866,1,20.6104,15.9864,24.4851,46.8409,0,47.3684,42.9825,-0.013,2313.9947,2310.7553,2312.375,0.0014,0.5695,1.3381,2312.3175,1,-781248,6068.95,0,0.3636,1,-0.2932,0.8064,1
2026-05-25 14:11:00,2312.7,2313.8,2312.7,2313.8,1595,2312.8782,2313.0009,2313.4388,-1,-0.2661,-0.4289,0.1628,1,19.4702,20.8702,22.9051,53.8148,0,78.9474,57.8947,0.0389,2314.1813,2310.7787,2312.48,0.0015,0.8879,1.3282,2312.3245,1,-779653,5887.6,0,1.0,1,-0.2414,0.8587,0
2026-05-25 14:12:00,2313.8,2313.8,2311.5,2311.6,8709,2312.6226,2312.8735,2313.3667,-1,-0.347,-0.4125,0.0655,1,19.3446,18.417,26.3454,42.7435,0,21.0526,49.1228,-0.0346,2314.1492,2310.8508,2312.5,0.0014,0.2271,1.3977,2312.3471,-1,-788362,6073.7,0,0.9565,-1,-0.3363,0.7628,0
2026-05-25 14:13:00,2311.6,2311.6,2308.6,2308.9,8769,2311.878,2312.5123,2313.1915,-1,-0.6218,-0.4544,-0.1674,-1,20.773,15.8071,36.3109,33.6058,1,5.0,35.0,-0.2161,2314.6199,2310.0901,2312.355,0.002,-0.2627,1.5121,2312.1948,-1,-797131,6210.9,0,0.9,-1,-0.4527,0.6451,1
2026-05-25 14:14:00,2309.0,2309.1,2308.5,2309.1,1989,2311.3224,2312.2021,2313.0311,-1,-0.8141,-0.5263,-0.2878,-1,22.1411,15.3389,35.729,34.7191,1,9.8361,11.9629,-0.1988,2314.8873,2309.5527,2312.22,0.0023,-0.0849,1.447,2312.1571,-1,-795142,6032.45,0,0.1667,1,-0.4441,0.6539,1
2026-05-25 14:15:00,2309.3,2310.6,2309.3,2310.4,1896,2311.1379,2312.0383,2312.9279,-1,-0.8517,-0.5914,-0.2603,-1,22.0617,21.5914,33.0903,41.5765,0,31.1475,15.3279,-0.1642,2314.9323,2309.3877,2312.16,0.0024,0.1826,1.4507,2312.1279,-1,-793246,5960.35,0,0.8462,1,-0.388,0.7105,0
2026-05-25 14:16:00,2310.0,2310.9,2309.0,2309.4,9495,2310.7904,2311.7984,2312.7895,-1,-0.9513,-0.6634,-0.2879,-1,21.9879,19.6153,30.0618,38.2482,0,14.7541,18.5792,-0.147,2315.0475,2309.0025,2312.025,0.0026,0.0658,1.4828,2311.9625,-1,-802741,6146.3,1,0.3158,-1,-0.4311,0.6669,1
2026-05-25 14:17:00,2309.4,2310.9,2309.0,2310.2,2833,2310.6723,2311.6531,2312.688,-1,-0.9546,-0.7216,-0.233,-1,21.9194,17.8554,27.3646,42.2323,0,27.8689,24.5902,-0.0649,2315.0809,2308.8491,2311.965,0.0027,0.2168,1.5126,2311.93,-1,-799908,6097.15,0,0.4211,1,-0.3967,0.7018,0
2026-05-25 14:18:00,2310.3,2310.3,2309.0,2309.2,1863,2310.3778,2311.4301,2312.5512,-1,-1.0261,-0.7825,-0.2436,-1,21.8558,16.7482,25.6677,38.8575,0,12.069,18.2306,-0.1254,2315.1592,2308.4808,2311.82,0.0029,0.1077,1.4974,2311.8986,-1,-801771,6031.95,0,0.8462,-1,-0.4398,0.6582,1
2026-05-25 14:19:00,2309.2,2310.4,2309.0,2310.4,5251,2310.3823,2311.3364,2312.4668,-1,-0.9748,-0.821,-0.1538,-1,21.6932,16.1038,23.9456,44.5807,0,33.9286,24.6221,-0.0951,2315.1343,2308.3457,2311.74,0.0029,0.3026,1.4905,2311.825,-1,-796520,5960.3,0,0.8571,1,-0.388,0.544,1
2026-05-25 14:20:00,2310.5,2311.0,2310.2,2310.9,2101,2310.4858,2311.2968,2312.4054,-1,-0.8835,-0.8335,-0.05,-1,20.9293,18.439,22.9962,46.8146,0,45.283,30.4269,-0.0735,2315.0095,2308.2705,2311.64,0.0029,0.3902,1.4412,2311.762,-1,-794419,5723.3,0,0.5,1,-0.3665,0.5657,0
2026-05-25 14:21:00,2311.7,2311.7,2310.1,2310.1,3754,2310.4086,2311.188,2312.315,-1,-0.8658,-0.8399,-0.0258,-1,19.5642,20.4305,21.1868,43.7742,0,30.1887,36.4668,-0.1599,2314.8811,2308.1189,2311.5,0.0029,0.293,1.4525,2311.6581,-1,-798173,5498.2,0,1.0,-1,-0.401,0.4828,1
2026-05-25 14:22:00,2310.2,2311.0,2309.0,2310.7,4918,2310.4669,2311.1436,2312.2517,-1,-0.7941,-0.8308,0.0367,1,19.1576,18.4738,24.4252,46.5765,0,41.5094,38.9937,-0.0389,2314.7868,2308.0432,2311.415,0.0029,0.394,1.4916,2311.5268,-1,-793255,5298.65,0,0.25,1,-0.3751,0.5089,1
2026-05-25 14:23:00,2310.7,2312.0,2310.2,2311.8,6198,2310.7335,2311.2033,2312.2339,-1,-0.6412,-0.7929,0.1517,1,17.9073,21.6236,22.3505,51.3626,0,62.2642,44.6541,0.1256,2314.4911,2308.1289,2311.31,0.0028,0.577,1.5136,2311.4337,1,-787057,5398.45,0,0.6111,1,-0.3277,0.5349,1
2026-05-25 14:24:00,2311.8,2312.7,2310.9,2311.9,8494,2310.9668,2311.2666,2312.2208,-1,-0.5061,-0.7355,0.2294,1,17.0536,23.0706,20.4773,51.7855,0,64.1509,55.9748,0.1213,2314.2224,2308.2176,2311.22,0.0026,0.6132,1.5341,2311.3426,1,-778563,5552.9,1,0.0556,1,-0.3234,0.5392,1
2026-05-25 14:25:00,2311.9,2313.2,2311.1,2313.2,3655,2311.4135,2311.4424,2312.2592,-1,-0.2908,-0.6466,0.3558,1,16.6265,23.141,18.5265,57.0175,0,88.6792,71.6981,0.1212,2314.0006,2308.3394,2311.17,0.0024,0.8586,1.5745,2311.338,1,-774908,5647.5,0,0.619,1,-0.2673,0.5958,0
2026-05-25 14:26:00,2312.8,2313.3,2311.4,2312.4,4936,2311.6108,2311.5294,2312.2648,1,-0.1826,-0.5538,0.3712,1,16.3035,21.6225,16.9529,53.1922,0,81.25,78.0267,0.1299,2313.9396,2308.3604,2311.15,0.0024,0.724,1.5978,2311.2625,1,-779844,5527.0,0,0.2105,-1,-0.3018,0.5435,1
2026-05-25 14:27:00,2313.0,2313.3,2311.4,2312.6,4947,2311.8086,2311.6268,2312.2779,1,-0.0798,-0.459,0.3792,1,16.0037,19.8103,15.5321,54.0227,0,85.4167,85.1153,0.1039,2314.047,2308.343,2311.195,0.0025,0.7463,1.6194,2311.2103,1,-774897,5232.2,0,0.2105,-1,-0.2932,0.526,1
2026-05-25 14:28:00,2313.0,2314.7,2312.2,2314.3,5663,2312.3069,2311.8698,2312.3572,1,0.1373,-0.3397,0.477,1,16.7195,23.6518,13.8834,60.4466,0,92.9825,86.5497,0.2209,2314.4435,2308.1665,2311.305,0.0027,0.9771,1.6823,2311.3089,1,-769234,5079.0,0,0.52,1,-0.2199,0.5562,0
2026-05-25 14:29:00,2314.0,2314.1,2312.5,2313.2,4591,2312.4855,2311.9907,2312.3903,1,0.218,-0.2282,0.4462,1,17.3841,21.8532,12.8276,55.0836,0,73.6842,84.0278,0.1212,2314.5333,2308.1367,2311.335,0.0028,0.7916,1.6907,2311.3339,1,-773825,4942.75,0,0.5,-1,-0.2673,0.4734,1
2026-05-25 14:30:00,2313.2,2314.0,2312.7,2314.0,5099,2312.7884,2312.1734,2312.4534,1,0.3426,-0.114,0.4566,1,18.0013,20.6328,12.1112,58.002,0,87.7193,84.7953,0.1341,2314.768,2308.042,2311.405,0.0029,0.8858,1.6628,2311.3797,1,-768726,4837.8,0,0.6154,1,-0.2328,0.5038,0
2026-05-25 14:31:00,2314.1,2314.1,2312.0,2312.9,3722,2312.8107,2312.2394,2312.4709,1,0.3486,-0.0215,0.3701,1,17.7643,18.8058,13.9904,52.9113,0,68.4211,76.6082,0.1212,2314.616,2308.104,2311.36,0.0028,0.7365,1.694,2311.4075,1,-772448,4944.15,0,0.5714,-1,-0.2802,0.456,1
2026-05-25 14:32:00,2312.4,2313.8,2312.0,2313.0,4431,2312.8486,2312.3086,2312.4916,1,0.3573,0.0543,0.303,1,17.5442,17.3848,12.9333,53.3125,0,70.1754,75.4386,0.0995,2314.7629,2308.0971,2311.43,0.0029,0.7355,1.7016,2311.3968,1,-768017,4730.25,0,0.3333,1,-0.2759,0.4604,0
2026-05-25 14:33:00,2313.3,2314.5,2312.4,2313.0,5746,2312.8789,2312.3714,2312.5116,1,0.36,0.1154,0.2446,1,17.9158,18.7676,11.8119,53.3125,0,70.1754,69.5906,0.0519,2314.8214,2308.4486,2311.635,0.0028,0.7142,1.73,2311.6787,1,-762271,4579.1,0,0.1429,-1,-0.2759,0.4604,1
2026-05-25 14:34:00,2312.7,2313.7,2312.7,2313.7,4588,2313.0431,2312.4922,2312.5582,1,0.4139,0.1751,0.2388,1,18.2608,17.9687,11.3091,56.3327,0,82.4561,74.269,0.0779,2314.9487,2308.7813,2311.865,0.0027,0.7975,1.6779,2311.8196,1,-757683,4709.05,0,1.0,1,-0.2458,0.4908,0
2026-05-25 14:35:00,2313.9,2314.0,2313.6,2313.7,3567,2313.1745,2312.602,2312.603,1,0.4514,0.2303,0.221,1,18.8288,18.9957,11.1054,56.3327,0,82.4561,78.3626,0.0216,2315.1355,2308.9245,2312.03,0.0027,0.7689,1.5866,2311.9261,1,-754116,4792.6,0,0.5,-1,-0.2458,0.4908,0
2026-05-25 14:36:00,2313.9,2313.9,2312.6,2313.6,5692,2313.2596,2312.6927,2312.6421,1,0.4676,0.2778,0.1898,1,18.1056,17.8694,15.0078,55.7353,0,75.5556,80.1559,0.0519,2315.1688,2309.3112,2312.24,0.0025,0.7322,1.5661,2312.2379,1,-759808,4602.45,0,0.2308,-1,-0.2501,0.4864,0
2026-05-25 14:37:00,2313.7,2313.9,2312.5,2312.5,4706,2313.1077,2312.6752,2312.6365,1,0.3873,0.2997,0.0876,1,17.3198,16.7197,14.5018,49.5153,0,42.1053,66.7057,-0.0043,2315.131,2309.579,2312.355,0.0024,0.5261,1.5543,2312.3409,1,-764514,4696.1,0,0.8571,-1,-0.2975,0.4387,1
2026-05-25 14:38:00,2312.9,2313.3,2312.6,2313.1,2058,2313.1061,2312.7138,2312.6547,1,0.3678,0.3133,0.0545,1,16.5901,16.0829,13.9495,52.6212,0,55.5556,57.7388,-0.0519,2314.932,2310.168,2312.55,0.0021,0.6154,1.5004,2312.4116,1,-762456,4705.85,0,0.2857,1,-0.2716,0.4647,1
2026-05-25 14:39:00,2313.4,2314.0,2313.2,2313.7,3360,2313.2249,2312.8035,2312.6957,1,0.3962,0.3299,0.0663,1,16.6208,18.8041,13.3342,55.5652,0,69.697,55.7859,0.0216,2314.9297,2310.5003,2312.715,0.0019,0.7224,1.4575,2312.5972,1,-759096,4611.3,0,0.375,1,-0.2458,0.4908,1
2026-05-25 14:40:00,2313.8,2314.4,2313.7,2313.9,5582,2313.3599,2312.9032,2312.7429,1,0.4299,0.3499,0.08,1,17.0146,20.17,12.8591,56.5347,0,75.7576,67.0034,-0.0043,2314.9714,2310.7586,2312.865,0.0018,0.7457,1.4034,2312.7207,1,-753514,4785.35,0,0.1429,1,-0.2371,0.4995,0
2026-05-25 14:41:00,2314.1,2314.1,2313.1,2313.1,9120,2313.3079,2312.9211,2312.7569,1,0.3875,0.3574,0.0301,1,16.5904,19.1219,15.3087,51.6776,0,40.7407,62.0651,0.0086,2314.697,2311.333,2313.015,0.0015,0.5253,1.3746,2312.8625,1,-762634,5053.65,1,1.0,-1,-0.2716,0.4647,0
2026-05-25 14:42:00,2313.8,2314.0,2312.7,2313.0,3628,2313.2464,2312.9282,2312.7664,1,0.342,0.3543,-0.0123,-1,15.7121,17.8251,16.3572,51.0867,0,40.0,52.1661,0.0,2314.4355,2311.8245,2313.13,0.0011,0.4502,1.3693,2313.0056,-1,-766262,4989.15,0,0.6154,-1,-0.2759,0.4604,1
2026-05-25 14:43:00,2313.3,2313.9,2312.5,2313.9,6023,2313.3771,2313.0166,2312.8109,1,0.3742,0.3583,0.0159,1,14.6594,16.5254,16.2062,55.9663,0,76.0,52.2469,0.0389,2314.4288,2312.0412,2313.235,0.001,0.7785,1.3715,2313.1355,1,-760239,4980.4,0,0.4286,1,-0.2371,0.4995,1
2026-05-25 14:44:00,2313.8,2315.0,2313.4,2314.9,11277,2313.6817,2313.1878,2312.8928,1,0.4749,0.3816,0.0933,1,14.8038,20.8262,14.8716,60.662,0,96.6667,70.8889,0.0519,2314.6232,2312.1468,2313.385,0.0011,1.1118,1.3878,2313.3864,1,-748962,5119.55,1,0.6875,1,-0.194,0.5429,0
2026-05-25 14:45:00,2315.0,2315.0,2313.4,2314.3,6982,2313.8053,2313.2889,2312.948,1,0.5006,0.4054,0.0952,1,14.9379,19.1297,13.6601,56.7515,0,76.6667,83.1111,0.0259,2314.7368,2312.1432,2313.44,0.0011,0.8316,1.4029,2313.473,1,-755944,5285.9,0,0.4375,-1,-0.2199,0.5169,0
2026-05-25 14:46:00,2314.4,2314.4,2313.0,2313.9,6039,2313.8243,2313.3445,2312.9853,1,0.4831,0.421,0.0621,1,14.5399,17.7659,14.7231,54.2411,0,57.6923,77.0085,0.013,2314.7336,2312.2964,2313.515,0.0011,0.658,1.4027,2313.5407,1,-761983,5341.05,0,0.3571,-1,-0.2371,0.4995,1
2026-05-25 14:47:00,2314.0,2314.8,2313.9,2314.0,3464,2313.8594,2313.4041,2313.0251,1,0.4718,0.4311,0.0407,1,14.5797,19.0207,14.0306,54.7797,0,60.0,64.7863,0.0649,2314.7448,2312.4252,2313.585,0.001,0.6789,1.3668,2313.6155,1,-758519,5266.9,0,0.0,1,-0.2328,0.5038,0
2026-05-25 14:48:00,2314.0,2314.0,2310.6,2310.7,5969,2313.2275,2313.1582,2312.9339,1,0.1944,0.3838,-0.1894,-1,15.4176,15.9657,27.3662,38.6246,0,2.2727,39.9883,-0.1038,2315.0717,2311.7383,2313.405,0.0014,-0.3115,1.512,2313.5047,-1,-764488,5282.2,0,0.9706,-1,-0.3751,0.3605,1
2026-05-25 14:49:00,2311.7,2312.1,2311.1,2311.7,4287,2312.922,2313.0257,2312.8855,-1,0.0546,0.3179,-0.2634,-1,16.1956,14.9042,25.5467,44.0129,0,25.0,29.0909,-0.0864,2315.1544,2311.5056,2313.33,0.0016,0.0533,1.504,2313.439,-1,-760201,5267.0,0,0.0,1,-0.332,0.4039,1
2026-05-25 14:50:00,2311.9,2312.5,2311.1,2312.1,5614,2312.7576,2312.9415,2312.8547,-1,-0.0237,0.2496,-0.2733,-1,16.4837,15.8174,23.8397,46.053,0,34.0909,20.4545,-0.0778,2315.1072,2311.3628,2313.235,0.0016,0.1969,1.4966,2313.3512,-1,-754587,5292.75,0,0.1429,1,-0.3147,0.3951,0
2026-05-25 14:51:00,2312.1,2312.3,2311.3,2312.1,3661,2312.6261,2312.865,2312.8251,-1,-0.0847,0.1827,-0.2675,-1,16.7513,15.0441,22.6743,46.053,0,34.0909,31.0606,-0.0432,2315.1273,2311.2627,2313.195,0.0017,0.2167,1.4611,2313.3133,-1,-750926,5289.7,0,0.0,1,-0.3147,0.3951,0
2026-05-25 14:52:00,2312.2,2312.2,2311.0,2311.5,4461,2312.4009,2312.7409,2312.7732,-1,-0.1794,0.1103,-0.2897,-1,17.2287,14.1502,22.8125,43.3077,0,20.4545,29.5455,-0.0649,2315.1884,2311.0516,2313.12,0.0018,0.1084,1.4425,2313.2556,-1,-755387,5291.2,0,0.5833,-1,-0.3406,0.3168,1
2026-05-25 14:53:00,2311.0,2312.3,2311.0,2311.8,4579,2312.2807,2312.6554,2312.735,-1,-0.2277,0.0427,-0.2704,-1,17.5466,13.7315,21.3336,45.0709,0,27.2727,27.2727,-0.0908,2315.207,2310.913,2313.06,0.0019,0.2066,1.4323,2313.1851,-1,-750808,5232.85,0,0.6154,1,-0.3277,0.3255,1
2026-05-25 14:54:00,2311.7,2312.1,2311.5,2312.1,4342,2312.2446,2312.6049,2312.7101,-1,-0.2389,-0.0136,-0.2253,-1,17.8419,13.3029,20.6676,46.851,0,34.0909,27.2727,-0.121,2315.1448,2310.8152,2312.98,0.0019,0.2967,1.3729,2313.1237,-1,-746466,5220.55,0,0.6667,1,-0.3147,0.308,1
2026-05-25 14:55:00,2312.0,2313.0,2312.0,2313.0,3786,2312.3956,2312.6408,2312.7215,-1,-0.1732,-0.0455,-0.1277,-1,16.9926,17.3723,19.571,51.8884,0,54.5455,38.6364,-0.0562,2315.0846,2310.8054,2312.945,0.0019,0.5129,1.3462,2313.0852,-1,-742680,5231.5,0,1.0,1,-0.2759,0.3471,0
2026-05-25 14:56:00,2313.0,2313.0,2312.6,2312.7,6480,2312.4565,2312.6462,2312.7206,-1,-0.1437,-0.0652,-0.0786,-1,16.2039,16.9841,19.1337,50.1811,0,47.7273,45.4545,-0.0519,2315.0204,2310.7796,2312.9,0.0018,0.4528,1.2786,2313.0505,-1,-749160,5270.9,0,0.75,-1,-0.2889,0.3341,1
2026-05-25 14:57:00,2312.3,2313.9,2312.3,2313.6,5202,2312.6852,2312.7329,2312.7551,-1,-0.0472,-0.0616,0.0144,1,15.608,20.4318,17.4537,54.9682,0,68.1818,56.8182,-0.0173,2315.088,2310.822,2312.955,0.0018,0.6512,1.3016,2313.0648,1,-743958,5295.7,0,0.8125,1,-0.2501,0.3731,0
2026-05-25 14:58:00,2313.9,2313.9,2312.4,2313.3,3650,2312.8082,2312.7845,2312.7765,1,0.0051,-0.0482,0.0533,1,15.0546,18.7681,16.0324,53.1354,0,61.3636,59.0909,0.1125,2315.1025,2310.8275,2312.965,0.0018,0.5784,1.3158,2313.0706,1,-747608,5375.3,0,0.4,-1,-0.263,0.3601,0
2026-05-25 14:59:00,2313.3,2313.4,2311.8,2313.3,7683,2312.9065,2312.8313,2312.797,1,0.046,-0.0294,0.0754,1,14.1233,17.1627,17.8687,53.1354,0,64.2857,64.6104,0.0692,2315.062,2310.828,2312.945,0.0018,0.5838,1.3361,2313.0374,1,-739925,5591.45,0,0.0,1,-0.263,0.3601,0
2026-05-25 15:00:00,2313.3,2313.3,2311.0,2311.9,8497,2312.7052,2312.7467,2312.7618,-1,-0.0342,-0.0304,-0.0038,-1,14.0717,15.1557,19.8466,45.0123,0,30.9524,52.2006,-0.0087,2314.9611,2310.7289,2312.845,0.0018,0.2767,1.4049,2312.9187,-1,-748422,5737.2,0,0.6087,-1,-0.3234,0.2993,0
2026-05-25 15:01:00,2311.7,2311.7,2310.0,2310.0,14967,2312.1642,2312.497,2312.6535,-1,-0.2482,-0.0739,-0.1743,-1,14.8605,13.7276,22.9358,36.7918,0,0.0,31.746,-0.0908,2315.137,2310.243,2312.69,0.0021,-0.0497,1.4403,2312.5879,-1,-763389,6029.55,1,1.0,-1,-0.4053,0.2169,1
2026-05-25 15:02:00,2310.7,2311.2,2310.2,2311.0,7020,2311.9313,2312.3609,2312.5887,-1,-0.3333,-0.1258,-0.2075,-1,15.593,12.9008,21.5544,42.721,0,25.641,18.8645,-0.0216,2315.1394,2310.0406,2312.59,0.0022,0.1882,1.4231,2312.4677,-1,-756369,6199.15,0,0.3,1,-0.3622,0.2603,0
2026-05-25 15:03:00,2311.6,2311.7,2309.9,2310.5,10837,2311.6451,2312.1917,2312.5068,-1,-0.436,-0.1878,-0.2482,-1,15.6232,14.2199,19.6432,40.6669,0,15.0,13.547,-0.0562,2315.0495,2309.7905,2312.42,0.0023,0.1349,1.45,2312.2739,-1,-767206,6439.85,1,0.6111,-1,-0.3837,0.2386,0
2026-05-25 15:04:00,2310.3,2310.5,2309.8,2310.2,7483,2311.3561,2312.0106,2312.4163,-1,-0.5354,-0.2574,-0.2781,-1,15.7437,13.7108,19.4514,39.4415,0,9.7561,16.799,-0.0822,2314.7245,2309.6455,2312.185,0.0022,0.1092,1.3965,2311.9529,-1,-774689,6250.15,0,0.1429,-1,-0.3967,0.2256,0
2026-05-25 15:05:00,2310.2,2310.4,2309.8,2310.2,8622,2311.1248,2311.846,2312.3294,-1,-0.6073,-0.3273,-0.2799,-1,15.8557,13.2721,18.8291,39.4415,0,9.7561,11.5041,-0.1211,2314.4648,2309.4952,2311.98,0.0021,0.1418,1.3396,2311.7033,-1,-766067,6332.15,0,0.0,1,-0.3967,0.2256,1
2026-05-25 15:06:00,2310.3,2311.0,2310.2,2310.4,7681,2310.9799,2311.7146,2312.2537,-1,-0.6406,-0.39,-0.2506,-1,15.1474,15.9833,18.0021,40.8202,0,14.6341,11.3821,-0.0995,2314.2162,2309.3938,2311.805,0.0021,0.2087,1.301,2311.5361,-1,-758386,6414.25,0,0.125,1,-0.388,0.2343,0
2026-05-25 15:07:00,2310.7,2310.7,2310.0,2310.4,7289,2310.8639,2311.5951,2312.181,-1,-0.6595,-0.4439,-0.2156,-1,14.7157,15.3481,18.4221,40.8202,0,14.6341,13.0081,-0.1383,2313.8867,2309.3633,2311.625,0.002,0.2292,1.2581,2311.4009,-1,-751097,6605.5,0,0.4286,-1,-0.388,0.2343,0
2026-05-25 15:08:00,2310.4,2310.5,2309.5,2310.1,6165,2310.7111,2311.4592,2312.0994,-1,-0.6907,-0.4933,-0.1974,-1,14.8537,14.4637,20.2416,39.2651,0,13.6364,14.3016,-0.1383,2313.9201,2309.2699,2311.595,0.002,0.1785,1.2397,2311.3206,-1,-757262,6615.3,0,0.3,-1,-0.401,0.2213,0
2026-05-25 15:09:00,2310.5,2310.7,2309.3,2309.3,9101,2310.4289,2311.2629,2311.9897,-1,-0.7711,-0.5488,-0.2223,-1,14.9819,13.3077,18.6237,35.3929,0,0.0,9.4235,-0.1729,2314.0047,2308.9453,2311.475,0.0022,0.0701,1.2511,2311.2077,-1,-766363,6856.0,0,0.8571,-1,-0.4355,0.1866,1
2026-05-25 15:10:00,2309.3,2309.9,2308.1,2309.5,10070,2310.2431,2311.1026,2311.892,-1,-0.8093,-0.6009,-0.2084,-1,16.2184,11.9817,23.4109,37.0639,0,24.1379,12.5914,-0.1038,2313.9972,2308.6928,2311.345,0.0023,0.1522,1.2903,2311.0351,-1,-756293,7078.8,0,0.1111,1,-0.4268,0.1952,0
2026-05-25 15:11:00,2309.8,2309.8,2309.1,2309.4,5863,2310.0745,2310.9478,2311.7943,-1,-0.838,-0.6483,-0.1897,-1,17.3666,11.5017,22.4731,36.5548,0,22.4138,15.5172,-0.026,2313.9675,2308.4525,2311.21,0.0024,0.1718,1.2482,2310.9478,-1,-762156,7188.9,0,0.5714,-1,-0.4311,0.1909,0
2026-05-25 15:12:00,2309.2,2309.4,2309.0,2309.3,7144,2309.9196,2310.798,2311.6965,-1,-0.8589,-0.6905,-0.1685,-1,18.5189,11.225,22.5339,36.0219,0,22.6415,23.0644,-0.0736,2313.9754,2308.2246,2311.1,0.0025,0.187,1.1876,2310.8453,-1,-769300,7323.05,0,0.25,1,-0.4355,0.1866,0
2026-05-25 15:13:00,2309.2,2309.2,2308.0,2308.7,13281,2309.6757,2310.6073,2311.579,-1,-0.9134,-0.7351,-0.1784,-1,20.3536,10.3532,26.758,32.9212,1,13.2075,19.4209,-0.0779,2313.9824,2307.9076,2310.945,0.0026,0.1304,1.1956,2310.6307,-1,-782581,7758.15,1,0.4167,-1,-0.4613,0.1605,0
2026-05-25 15:14:00,2308.7,2308.9,2308.0,2308.2,5708,2309.3805,2310.3884,2311.4465,-1,-0.9856,-0.7852,-0.2004,-1,22.0572,9.7865,25.2934,30.5604,1,5.4054,13.7515,-0.0866,2313.9615,2307.5385,2310.75,0.0028,0.103,1.1745,2310.513,-1,-788289,7826.45,0,0.5556,-1,-0.4829,0.1388,0
2026-05-25 15:15:00,2308.1,2308.1,2306.1,2306.5,9286,2308.8044,2310.035,2311.2525,-1,-1.1665,-0.8614,-0.3051,-1,24.6827,8.6032,33.1746,24.2049,1,7.1429,8.5853,-0.1602,2313.9593,2306.8907,2310.425,0.0031,-0.0553,1.2406,2310.2556,-1,-797575,8101.45,0,0.8,-1,-0.5562,0.0651,0
2026-05-25 15:16:00,2306.5,2306.6,2305.6,2306.2,13161,2308.2835,2309.6863,2311.0543,-1,-1.3189,-0.9529,-0.3659,-1,27.3239,8.1009,34.157,23.2846,1,9.8361,7.4614,-0.1818,2313.9215,2306.2785,2310.1,0.0033,-0.0103,1.2234,2309.8375,-1,-810736,8435.5,1,0.3,-1,-0.5691,0.0521,1
2026-05-25 15:17:00,2306.3,2306.5,2306.0,2306.4,9560,2307.9068,2309.3876,2310.8718,-1,-1.4073,-1.0438,-0.3635,-1,29.7765,7.854,33.1159,25.323,1,14.8148,10.5979,-0.1731,2313.5313,2305.9487,2309.74,0.0033,0.0595,1.1717,2309.5391,-1,-801176,8653.4,0,0.2,1,-0.5605,0.0607,0
2026-05-25 15:18:00,2306.5,2306.5,2306.2,2306.4,8581,2307.6055,2309.116,2310.6965,-1,-1.4605,-1.1271,-0.3334,-1,32.0538,7.7023,32.4763,25.323,1,14.8148,13.1552,-0.1602,2313.082,2305.708,2309.395,0.0032,0.0938,1.1095,2309.3111,-1,-792595,8899.95,0,0.3333,-1,-0.5605,0.0607,0
2026-05-25 15:19:00,2306.4,2306.4,2305.7,2305.8,10371,2307.2444,2308.8145,2310.5044,-1,-1.5334,-1.2084,-0.325,-1,34.3861,7.3458,34.2792,23.18,1,3.7037,11.1111,-0.1516,2312.5649,2305.4751,2309.02,0.0031,0.0458,1.0802,2308.9693,-1,-802966,9034.35,0,0.8571,-1,-0.5864,0.0347,1
2026-05-25 15:20:00,2305.2,2306.1,2305.2,2306.1,8114,2307.0155,2308.5677,2310.3317,-1,-1.5491,-1.2765,-0.2726,-1,36.7503,6.9034,35.5607,26.528,1,16.3636,11.6274,-0.1472,2312.2338,2305.2262,2308.73,0.003,0.1247,1.0674,2308.6807,-1,-794852,9015.2,0,1.0,1,-0.5734,0.0477,0
2026-05-25 15:21:00,2306.1,2306.1,2306.0,2306.0,9582,2306.8124,2308.3343,2310.1618,-1,-1.5518,-1.3316,-0.2202,-1,38.9458,6.854,35.3062,26.1194,1,14.5455,11.5376,-0.1472,2312.1748,2304.8852,2308.53,0.0032,0.1529,0.9983,2308.3743,-1,-804434,8745.95,0,1.0,-1,-0.5777,0.0434,1
2026-05-25 15:22:00,2306.1,2306.8,2306.0,2306.4,12679,2306.7299,2308.1585,2310.0143,-1,-1.5042,-1.3661,-0.1381,-1,39.6274,11.5368,33.2561,30.7166,1,21.8182,17.5758,-0.1256,2311.8721,2304.7279,2308.3,0.0031,0.2341,0.9841,2308.1414,-1,-791755,9028.9,0,0.375,1,-0.5605,0.0607,1
2026-05-25 15:23:00,2306.8,2307.4,2306.8,2307.1,14740,2306.8039,2308.0622,2309.9,-1,-1.394,-1.3717,-0.0223,-1,39.255,15.0504,30.8451,37.9888,0,40.4255,25.5964,-0.0693,2311.589,2304.671,2308.13,0.003,0.3511,0.9852,2307.9079,-1,-777015,9224.05,1,0.5,1,-0.5303,0.0911,0
2026-05-25 15:24:00,2307.1,2307.1,2306.0,2306.0,18752,2306.6431,2307.8748,2309.7471,-1,-1.3795,-1.3733,-0.0063,-1,39.4705,13.86,34.1576,32.2587,1,17.3913,26.545,-0.0953,2311.3607,2304.4793,2307.92,0.003,0.221,0.9934,2307.6739,-1,-795767,9787.5,1,1.0,-1,-0.5777,0.0434,1
2026-05-25 15:25:00,2306.6,2307.0,2305.8,2306.4,13269,2306.5945,2307.7407,2309.6158,-1,-1.3205,-1.3627,0.0422,1,39.7993,12.6816,32.6705,36.0369,0,28.5714,28.7961,-0.0043,2311.0641,2304.3959,2307.73,0.0029,0.3005,1.0082,2307.4838,-1,-782498,10019.85,0,0.1667,-1,-0.5605,0.0607,1
2026-05-25 15:26:00,2306.4,2306.7,2306.1,2306.7,11332,2306.6156,2307.6461,2309.5015,-1,-1.2354,-1.3372,0.1019,1,40.1047,12.1265,31.2404,38.7941,0,37.5,27.8209,0.0217,2310.67,2304.42,2307.545,0.0027,0.3648,0.979,2307.3143,-1,-771166,10202.4,0,0.5,1,-0.5476,0.0738,1
2026-05-25 15:27:00,2306.7,2307.1,2306.6,2307.1,7526,2306.7125,2307.5964,2309.4073,-1,-1.1226,-1.2943,0.1717,1,39.6929,14.6922,30.0595,42.3617,0,51.3514,39.1409,0.0304,2310.2201,2304.5399,2307.38,0.0025,0.4507,0.9448,2307.1914,-1,-763640,10214.25,0,0.8,1,-0.5303,0.0911,1
2026-05-25 15:28:00,2307.2,2309.7,2307.2,2309.0,12315,2307.17,2307.724,2309.3913,-1,-0.8699,-1.2094,0.3395,1,37.4863,29.5955,24.8081,55.6003,0,84.4444,57.7653,0.1127,2309.9895,2304.6605,2307.325,0.0023,0.8143,1.063,2307.1925,1,-751325,10521.75,0,0.72,1,-0.4484,0.1735,0
2026-05-25 15:29:00,2309.3,2309.3,2307.1,2308.0,6908,2307.336,2307.7491,2309.3368,-1,-0.7418,-1.1159,0.3741,1,35.3352,25.5311,22.0253,49.1958,0,62.2222,66.006,0.0954,2309.7886,2304.7314,2307.26,0.0022,0.6463,1.1443,2307.1112,1,-758233,10412.1,0,0.5909,-1,-0.4915,0.1302,1
2026-05-26 09:15:00,2311.6,2313.8,2302.9,2313.6,0,2308.5888,2308.281,2309.504,1,-0.1863,-0.93,0.7437,1,35.9103,32.193,12.7111,70.0213,-1,98.1651,81.6106,0.3252,2311.1066,2303.8234,2307.465,0.0032,1.3424,1.8411,2307.0068,1,-758233,9908.6,0,0.1835,1,-0.2501,0.3731,1
2026-05-26 09:16:00,2312.9,2320.8,2311.5,2320.8,37650,2311.031,2309.4191,2309.9469,1,0.8255,-0.5789,1.4044,1,38.0392,44.247,9.1541,80.8758,-1,100.0,86.7958,0.6418,2314.8744,2301.1956,2308.035,0.0059,1.4332,2.3739,2308.6957,1,-720583,11497.95,1,0.8495,1,0.0,0.6855,1
2026-05-26 09:17:00,2319.9,2326.0,2319.9,2325.0,30429,2313.8248,2310.8356,2310.5373,1,1.9438,-0.0744,2.0181,1,40.6035,51.0135,7.6433,84.4197,-1,95.671,97.9454,0.8065,2318.8974,2298.7426,2308.82,0.0087,1.3028,2.64,2310.4753,1,-690154,12662.2,1,0.8361,1,0.0,0.8677,1
2026-05-26 09:18:00,2325.0,2326.0,2322.6,2325.1,21202,2316.0799,2312.1323,2311.1083,1,2.8058,0.5017,2.3041,1,42.9846,46.4153,6.9544,84.4933,-1,96.1039,97.2583,0.7802,2321.9635,2297.3165,2309.64,0.0107,1.1273,2.6943,2311.713,1,-668952,13058.25,1,0.0294,1,0.0,0.872,1
2026-05-26 09:19:00,2325.0,2327.8,2324.4,2327.0,13584,2318.2639,2313.4839,2311.7315,1,3.6007,1.1215,2.4792,1,45.3591,46.9927,6.339,85.8614,-1,96.7871,96.1873,0.9107,2325.0089,2296.1511,2310.58,0.0125,1.069,2.7447,2312.5255,1,-655368,13452.05,0,0.5882,1,0.0,0.9544,0
2026-05-26 09:20:00,2327.0,2327.0,2321.2,2321.5,30753,2318.9111,2314.2127,2312.1146,1,3.7438,1.6459,2.0978,1,45.752,40.4221,13.167,67.3404,-1,74.6988,89.1966,0.6547,2326.3787,2296.2813,2311.33,0.013,0.8379,2.9629,2313.8389,1,-686121,14525.4,1,0.9483,-1,-0.2364,0.7158,1
2026-05-26 09:21:00,2322.4,2323.6,2321.0,2323.2,11811,2319.7689,2315.0297,2312.5493,1,3.9488,2.1065,1.8423,1,46.0134,37.8661,12.8209,69.5284,-1,81.5261,84.3373,0.7153,2327.88,2296.48,2312.18,0.0136,0.851,2.937,2314.5475,1,-674310,14457.9,0,0.3077,1,-0.1633,0.7896,1
2026-05-26 09:22:00,2323.8,2325.6,2323.8,2324.6,12026,2320.7351,2315.8997,2313.0219,1,4.1761,2.5204,1.6557,1,46.5946,40.5551,12.0626,71.2373,-1,87.1486,81.1245,0.7585,2329.4408,2296.7392,2313.09,0.0141,0.852,2.8987,2315.2351,1,-662284,14581.2,0,0.4444,1,-0.1031,0.8503,0
2026-05-26 09:23:00,2324.0,2324.6,2320.4,2322.1,10720,2321.0081,2316.4634,2313.3779,1,4.1071,2.8378,1.2694,1,45.5225,36.4882,18.9709,64.3023,0,77.1084,81.9277,0.5673,2330.3725,2297.3775,2313.875,0.0143,0.7493,2.9916,2315.7544,1,-673004,14688.15,0,0.4524,-1,-0.2106,0.7419,0
2026-05-26 09:24:00,2322.0,2323.5,2321.1,2322.1,2447,2321.2265,2316.9758,2313.72,1,4.0063,3.0715,0.9349,1,44.527,34.3674,17.8682,64.3023,0,77.1084,80.4552,0.6109,2331.1217,2298.2583,2314.69,0.0142,0.7255,2.9494,2316.165,1,-670557,14291.95,0,0.0417,1,-0.2106,0.7419,0
2026-05-26 09:25:00,2322.1,2322.1,2317.0,2317.5,7962,2320.4812,2317.0235,2313.8682,1,3.5147,3.1601,0.3546,1,42.0055,30.3327,25.2085,53.2418,0,58.6345,70.9505,0.1686,2331.245,2299.275,2315.26,0.0138,0.5701,3.103,2316.5347,1,-678519,14284.35,0,0.902,-1,-0.4083,0.5423,0
2026-05-26 09:26:00,2317.0,2317.5,2315.0,2316.6,9369,2319.7049,2316.985,2313.9753,1,3.0177,3.1317,-0.1139,-1,39.0248,28.5625,28.406,51.3796,0,55.0201,63.5877,-0.181,2331.2045,2300.3755,2315.79,0.0133,0.5263,3.0599,2316.8816,-1,-687888,14273.7,0,0.16,-1,-0.4469,0.5033,0
2026-05-26 09:27:00,2315.9,2316.6,2312.9,2314.4,7832,2318.644,2316.75,2313.992,1,2.4185,2.989,-0.5705,-1,36.8251,26.1319,30.8186,47.0479,0,46.1847,53.2798,-0.4559,2331.0129,2301.3671,2316.19,0.0128,0.4396,3.1056,2317.2925,-1,-695720,14031.35,0,0.4054,-1,-0.5415,0.4078,0
2026-05-26 09:28:00,2314.6,2314.6,2312.6,2313.3,7785,2317.5752,2316.4363,2313.9648,1,1.8336,2.7579,-0.9243,-1,34.867,24.8985,30.072,45.0048,0,41.7671,47.6573,-0.5075,2330.7997,2302.2003,2316.5,0.0123,0.3881,3.0267,2317.7336,-1,-703505,13683.6,0,0.65,-1,-0.5887,0.3601,0
2026-05-26 09:29:00,2313.0,2313.0,2310.0,2310.0,23528,2316.0601,2315.8512,2313.8094,1,1.0913,2.4246,-1.3333,-1,33.7431,22.9718,33.8417,39.4676,0,0.0,29.3173,-0.7306,2330.5101,2302.8899,2316.7,0.0119,0.2574,3.0462,2317.9301,-1,-727033,13922.4,1,1.0,-1,-0.7306,0.2169,1
2026-05-26 09:30:00,2310.2,2311.0,2309.8,2311.0,7540,2315.0481,2315.4102,2313.6992,-1,0.577,2.0551,-1.4781,-1,32.7504,22.2962,33.3365,41.8042,0,6.6667,16.1446,-0.4523,2330.1885,2303.6715,2316.93,0.0114,0.2764,2.9143,2318.2884,-1,-719493,13635.95,0,0.6667,1,-0.6876,0.2603,1
2026-05-26 09:31:00,2311.0,2312.7,2311.0,2312.0,9269,2314.4385,2315.1002,2313.6326,-1,0.2473,1.6935,-1.4462,-1,31.1897,25.6331,31.9049,44.127,0,12.2222,6.2963,-0.4821,2329.8219,2304.5681,2317.195,0.0109,0.2943,2.8276,2318.5632,-1,-710224,13532.8,0,0.5882,1,-0.6446,0.3037,0
2026-05-26 09:32:00,2311.1,2311.7,2309.5,2310.0,8539,2313.5508,2314.6365,2313.4901,-1,-0.1734,1.3202,-1.4935,-1,30.1619,24.0008,33.694,40.6339,0,2.7322,7.207,-0.6281,2329.5599,2305.1201,2317.34,0.0105,0.1997,2.8042,2318.6288,-1,-718763,13583.45,0,0.5,-1,-0.7306,0.2169,0
2026-05-26 09:33:00,2309.6,2310.3,2309.0,2309.6,5235,2312.7606,2314.1787,2313.3376,-1,-0.5329,0.9495,-1.4825,-1,29.3455,23.1744,33.8582,39.9527,0,3.3333,6.0959,-0.5383,2329.5105,2305.2295,2317.37,0.0105,0.18,2.6967,2318.9161,-1,-723998,13229.45,0,0.0,1,-0.7477,0.1996,0
2026-05-26 09:34:00,2309.6,2309.8,2306.0,2306.0,8670,2311.4085,2313.4351,2313.0498,-1,-1.0957,0.5405,-1.6362,-1,29.3448,20.9081,38.2676,34.3685,1,0.0,2.0219,-0.6933,2329.7459,2304.7941,2317.27,0.0108,0.0483,2.7755,2318.8165,-1,-732668,13317.55,0,0.9474,-1,-0.9024,0.0434,0
2026-05-26 09:35:00,2306.4,2306.6,2303.7,2304.5,15678,2310.0268,2312.6229,2312.7145,-1,-1.6438,0.1036,-1.7474,-1,29.835,19.3526,41.3209,32.3402,1,3.653,2.3288,-0.5609,2330.4069,2303.2231,2316.815,0.0117,0.047,2.7844,2318.0447,-1,-748346,14101.45,0,0.6552,-1,-0.9669,0.0,0
2026-05-26 09:36:00,2304.3,2305.4,2303.0,2304.3,10591,2308.8814,2311.8662,2312.3845,-1,-2.0705,-0.3312,-1.7393,-1,30.4309,18.1493,40.5651,32.0684,1,6.0185,3.2238,-0.531,2330.4872,2301.4928,2315.99,0.0125,0.0968,2.757,2317.522,-1,-758937,12748.5,0,0.0,1,-0.9755,0.0,1
2026-05-26 09:37:00,2304.5,2307.6,2304.5,2307.1,18026,2308.5252,2311.4329,2312.1773,-1,-2.1578,-0.6965,-1.4613,-1,30.0501,22.2399,37.145,39.707,0,20.0,9.8905,-0.3154,2329.4663,2300.7237,2315.095,0.0124,0.2218,2.7958,2315.9288,-1,-740911,12128.35,0,0.8387,1,-0.8552,0.1215,1
2026-05-26 09:38:00,2307.1,2309.1,2305.8,2307.8,13898,2308.3801,2311.1027,2312.0056,-1,-2.1458,-0.9864,-1.1594,-1,29.1158,24.1722,34.0531,41.4786,0,25.1309,17.0498,-0.2378,2328.1643,2300.2957,2314.23,0.012,0.2693,2.8318,2314.6564,-1,-727013,11763.15,0,0.2121,1,-0.8251,0.1519,1
2026-05-26 09:39:00,2307.8,2309.1,2307.0,2308.5,7903,2308.4041,2310.8661,2311.8682,-1,-2.056,-1.2003,-0.8557,-1,28.2482,22.8677,32.2154,43.2737,0,37.931,27.6873,-0.0649,2326.1383,2300.4717,2313.305,0.0111,0.3128,2.7795,2313.7393,-1,-719110,11479.1,0,0.3333,1,-0.795,0.1823,0
2026-05-26 09:40:00,2308.9,2309.5,2306.6,2307.5,5220,2308.2233,2310.5601,2311.6969,-1,-2.0421,-1.3687,-0.6734,-1,27.4427,21.1688,29.8219,41.3236,0,33.0882,32.0501,-0.1514,2325.0967,2300.1133,2312.605,0.0108,0.2957,2.7881,2312.1581,-1,-724330,10202.45,0,0.4828,-1,-0.838,0.1389,0
2026-05-26 09:41:00,2307.5,2308.8,2306.5,2307.4,3001,2308.0586,2310.2728,2311.5284,-1,-2.0159,-1.4981,-0.5178,-1,26.7265,19.9056,28.3019,41.124,0,37.931,36.3168,-0.199,2323.4989,2300.1311,2311.815,0.0101,0.3111,2.7532,2311.4559,-1,-727331,9761.95,0,0.0435,-1,-0.8423,0.1345,1
2026-05-26 09:42:00,2307.9,2308.2,2306.0,2308.0,5442,2308.0469,2310.0662,2311.39,-1,-1.9245,-1.5834,-0.3411,-1,26.2277,18.753,27.9791,42.9058,0,50.0,40.3398,-0.0866,2321.1819,2300.7881,2310.985,0.0088,0.3536,2.7137,2310.4967,-1,-721889,9432.75,0,0.0455,1,-0.8165,0.1606,0
2026-05-26 09:43:00,2307.8,2308.0,2307.0,2307.8,3701,2307.9975,2309.8601,2311.2492,-1,-1.8469,-1.6361,-0.2108,-1,25.7645,18.2361,27.2079,42.4447,0,49.4845,45.8052,-0.0779,2319.1724,2301.3676,2310.27,0.0077,0.3613,2.5913,2309.7372,-1,-725590,9081.8,0,0.0,1,-0.8251,0.1519,1
2026-05-26 09:44:00,2307.2,2308.0,2307.2,2307.9,4101,2307.978,2309.682,2311.1179,-1,-1.7571,-1.6603,-0.0968,-1,25.3343,17.813,26.5767,42.7758,0,50.5155,50.0,0.0824,2316.6572,2302.4628,2309.56,0.0061,0.3831,2.4634,2309.5248,-1,-721489,9164.5,0,0.875,1,-0.8208,0.1562,0
2026-05-26 09:45:00,2308.0,2308.4,2307.0,2307.0,10564,2307.7824,2309.4381,2310.9564,-1,-1.7385,-1.6759,-0.0626,-1,24.7008,18.2637,25.4635,40.5165,0,45.977,48.659,0.1085,2315.1969,2302.8731,2309.035,0.0053,0.3349,2.3874,2309.0077,-1,-732053,9294.6,0,0.7143,-1,-0.8595,0.1172,1
2026-05-26 09:46:00,2307.4,2307.6,2306.1,2307.2,5000,2307.6659,2309.2347,2310.8091,-1,-1.6882,-1.6784,-0.0098,-1,24.4837,17.4217,27.0557,41.259,0,57.5342,51.3422,0.1259,2313.6946,2303.4354,2308.565,0.0044,0.3669,2.324,2308.5716,-1,-727053,9076.15,0,0.1333,-1,-0.8509,0.1259,0
2026-05-26 09:47:00,2307.3,2307.8,2305.5,2306.6,4784,2307.4527,2308.9952,2310.644,-1,-1.6774,-1.6782,0.0008,1,24.5212,16.1892,26.9872,39.6596,0,52.9412,52.1508,-0.0217,2312.6098,2303.7402,2308.175,0.0038,0.3224,2.3223,2308.2537,-1,-731837,8923.75,0,0.3043,-1,-0.8767,0.0998,0
2026-05-26 09:48:00,2306.5,2307.8,2305.1,2305.3,7150,2307.0222,2308.6592,2310.4344,-1,-1.7535,-1.6933,-0.0603,-1,24.7155,14.8602,25.9879,36.3699,0,35.3846,48.62,-0.1083,2311.7028,2303.8472,2307.775,0.0034,0.1849,2.3493,2307.9361,-1,-738987,8892.0,0,0.4444,-1,-0.9325,0.0434,0
2026-05-26 09:49:00,2306.4,2306.4,2305.0,2305.0,4719,2306.6178,2308.3266,2310.2213,-1,-1.8171,-1.718,-0.0991,-1,24.9373,14.2089,25.1619,35.6353,0,30.7692,39.6983,-0.1516,2311.4908,2303.5592,2307.525,0.0034,0.1817,2.2815,2307.4095,-1,-743706,7951.55,0,1.0,-1,-0.9454,0.0304,0
2026-05-26 09:50:00,2305.3,2306.2,2304.3,2304.8,7900,2306.2542,2308.006,2310.0087,-1,-1.8622,-1.7469,-0.1153,-1,25.4348,13.3534,25.8651,35.126,0,9.6154,25.2564,-0.117,2311.0115,2303.4185,2307.215,0.0033,0.1819,2.2542,2307.1441,-1,-751606,7969.55,0,0.2632,-1,-0.954,0.0217,0
2026-05-26 09:51:00,2304.8,2304.8,2303.3,2303.6,6988,2305.7234,2307.6054,2309.7574,-1,-1.972,-1.7919,-0.1801,-1,26.2861,12.7032,27.8519,32.1561,1,4.8387,15.0744,-0.1647,2310.2216,2303.3684,2306.795,0.003,0.0338,2.2004,2306.7192,-1,-758594,7855.5,0,0.8,-1,-1.0056,0.0,0
2026-05-26 09:52:00,2303.8,2303.8,2303.0,2303.0,4882,2305.1787,2307.1868,2309.4924,-1,-2.0834,-1.8502,-0.2332,-1,27.1894,12.3576,28.1144,30.7558,1,0.0,4.818,-0.2166,2309.9203,2302.9697,2306.445,0.003,0.0044,2.1003,2306.4046,-1,-763476,7672.65,0,1.0,-1,-1.0314,0.0,1
2026-05-26 09:53:00,2303.4,2303.6,2303.4,2303.6,2791,2304.863,2306.8607,2309.2613,-1,-2.0991,-1.9,-0.1991,-1,28.0282,12.0919,27.5099,33.8575,1,9.2308,4.6898,-0.182,2309.5134,2302.7766,2306.145,0.0029,0.1222,1.9932,2306.2396,-1,-760685,7550.45,0,1.0,1,-1.0056,0.0261,1
2026-05-26 09:54:00,2303.5,2304.5,2303.1,2304.0,9080,2304.6904,2306.6006,2309.055,-1,-2.0556,-1.9311,-0.1245,-1,28.0069,14.7674,26.0997,35.9184,0,17.2414,8.824,-0.169,2309.541,2302.549,2306.045,0.003,0.2075,1.9508,2306.0385,-1,-751605,7570.95,0,0.3571,1,-0.9884,0.0434,0
2026-05-26 09:55:00,2303.9,2304.3,2300.3,2300.9,18873,2303.9323,2306.0824,2308.7352,-1,-2.2453,-1.9939,-0.2514,-1,29.0851,12.7555,32.0806,28.5056,1,7.4074,11.2932,-0.2644,2309.9771,2301.7529,2305.865,0.0036,-0.1037,2.0972,2305.6372,-1,-770478,7730.7,1,0.75,-1,-1.1216,0.0,0
2026-05-26 09:56:00,2301.3,2301.3,2297.5,2299.4,16336,2303.0258,2305.4749,2308.3691,-1,-2.4881,-2.0928,-0.3953,-1,30.8437,11.1951,37.17,25.7377,1,17.4312,14.0267,-0.3381,2310.5736,2300.6664,2305.62,0.0043,-0.1278,2.2188,2305.0946,-1,-786814,8017.95,1,0.5,-1,-1.1861,0.0,1
2026-05-26 09:57:00,2300.0,2300.0,2299.0,2299.8,4002,2302.3807,2304.959,2308.0331,-1,-2.618,-2.1978,-0.4202,-1,32.4767,10.82,35.9245,27.7524,1,21.1009,15.3132,-0.2948,2310.7633,2299.7467,2305.255,0.0048,0.0048,2.1317,2304.7835,-1,-782812,7316.75,0,0.2,-1,-1.1689,0.0174,0
2026-05-26 09:58:00,2299.8,2300.0,2299.0,2299.2,5119,2301.7445,2304.4355,2307.6867,-1,-2.7378,-2.3058,-0.432,-1,33.9931,10.4432,34.6734,26.5872,1,15.5963,18.0428,-0.2646,2310.7949,2298.8551,2304.825,0.0052,0.0289,2.0509,2304.302,-1,-787931,6877.8,0,0.6,-1,-1.1947,0.0,0
2026-05-26 09:59:00,2298.9,2299.0,2298.5,2298.5,6547,2301.0956,2303.8959,2307.3264,-1,-2.8563,-2.4159,-0.4404,-1,35.5331,10.176,35.6137,25.2551,1,9.7087,15.4687,-0.282,2310.6448,2298.0052,2304.325,0.0055,0.0391,1.9544,2303.8049,-1,-794478,6810.0,0,0.8,-1,-1.2248,0.0,1
2026-05-26 10:00:00,2299.7,2299.7,2298.9,2298.9,7797,2300.6565,2303.4417,2306.996,-1,-2.8847,-2.5097,-0.375,-1,36.3325,12.3479,34.0075,27.4908,1,13.5922,12.9658,-0.256,2310.4578,2297.3322,2303.895,0.0057,0.1194,1.9005,2303.3915,-1,-786681,6938.85,0,1.0,-1,-1.2076,0.0174,0
2026-05-26 10:01:00,2298.4,2298.9,2297.6,2298.2,9003,2300.1652,2302.9652,2306.651,-1,-2.9299,-2.5937,-0.3362,-1,37.4627,11.7307,37.3063,26.0238,1,6.7961,10.0324,-0.2344,2310.236,2296.634,2303.435,0.0059,0.1151,1.8576,2302.9842,-1,-795684,7238.95,0,0.1538,-1,-1.2376,0.0,0
2026-05-26 10:02:00,2298.3,2299.2,2297.4,2297.6,7018,2299.6522,2302.4774,2306.2961,-1,-2.9798,-2.671,-0.3089,-1,38.2437,12.0731,34.7185,24.8021,1,2.2222,7.5369,-0.2345,2309.8297,2296.0003,2302.915,0.006,0.1157,1.8535,2302.5842,-1,-802702,7317.75,0,0.3889,-1,-1.2634,0.0,1
2026-05-26 10:03:00,2297.5,2298.4,2296.0,2298.4,10499,2299.4017,2302.1068,2305.9864,-1,-2.9212,-2.721,-0.2002,-1,39.376,10.9795,36.8575,29.551,1,23.5294,10.8493,-0.2257,2309.2446,2295.6454,2302.445,0.0059,0.2026,1.8925,2302.1213,-1,-792203,7657.65,0,0.375,1,-1.2291,0.0348,0
2026-05-26 10:04:00,2298.4,2298.9,2297.6,2297.6,5334,2299.0414,2301.6971,2305.6576,-1,-2.9057,-2.7579,-0.1478,-1,39.9789,12.3587,35.0077,27.6692,1,18.1818,14.6445,-0.2778,2308.5569,2295.3031,2301.93,0.0058,0.1733,1.8502,2301.8319,-1,-797537,7719.3,0,0.6154,-1,-1.2634,0.0,1
2026-05-26 10:05:00,2297.5,2298.3,2297.1,2298.3,4179,2298.8931,2301.3882,2305.369,-1,-2.8046,-2.7673,-0.0374,-1,40.6955,11.7714,35.3242,31.7638,1,27.0588,22.9234,-0.113,2307.871,2295.119,2301.495,0.0055,0.2495,1.8038,2301.3187,-1,-793358,7400.05,0,0.6667,1,-1.2333,0.0305,0
2026-05-26 10:06:00,2298.3,2298.5,2295.3,2295.3,8902,2298.1745,2300.8348,2304.9742,-1,-2.9328,-2.8004,-0.1324,-1,41.8613,10.3579,37.8369,25.1839,1,0.0,15.0802,-0.1783,2307.2564,2294.5436,2300.9,0.0055,0.0595,1.9035,2300.8426,-1,-802260,7595.15,0,0.9375,-1,-1.3623,0.0,1
2026-05-26 10:07:00,2295.9,2296.8,2294.3,2295.6,12779,2297.6596,2300.3589,2304.6065,-1,-2.9759,-2.8355,-0.1404,-1,43.1813,9.4075,38.0354,26.8166,1,12.7451,13.268,-0.1826,2306.5398,2294.1602,2300.35,0.0054,0.1163,1.9461,2300.2477,-1,-789481,7994.9,1,0.12,-1,-1.3494,0.0131,1
2026-05-26 10:08:00,2295.8,2296.0,2294.8,2295.8,3107,2297.2877,2299.9444,2304.2612,-1,-2.9598,-2.8603,-0.0994,-1,44.407,8.9815,36.313,27.9454,1,15.0,9.2484,-0.1479,2305.929,2293.821,2299.875,0.0053,0.1634,1.8928,2299.8867,-1,-786374,7792.75,0,0.0,1,-1.3408,0.0218,1
2026-05-26 10:09:00,2295.8,2296.9,2295.1,2296.8,6322,2297.1901,2299.6586,2303.9686,-1,-2.8336,-2.855,0.0214,1,44.6895,11.7775,33.8378,33.4712,1,35.7143,21.1531,-0.074,2305.1761,2293.7539,2299.465,0.005,0.2667,1.8862,2299.5742,-1,-780052,7872.9,0,0.5556,1,-1.2978,0.0654,1
2026-05-26 10:10:00,2296.9,2298.5,2296.4,2298.0,3914,2297.3521,2299.5078,2303.7345,-1,-2.6068,-2.8054,0.1986,1,43.6256,16.8588,31.1684,39.4701,0,64.9123,38.5422,-0.0391,2304.3107,2293.9393,2299.125,0.0045,0.3915,1.9015,2299.2402,-1,-776138,7673.6,0,0.5238,1,-1.2462,0.1176,1
2026-05-26 10:11:00,2297.5,2298.3,2297.0,2298.1,3279,2297.5017,2299.3798,2303.5136,-1,-2.3914,-2.7226,0.3312,1,42.6377,16.0165,29.6111,39.956,0,66.6667,55.7644,-0.0044,2303.6243,2294.0757,2298.85,0.0042,0.4215,1.8585,2298.9913,-1,-772859,7488.15,0,0.4615,1,-1.2419,0.122,0
2026-05-26 10:12:00,2298.3,2298.4,2297.0,2297.8,8332,2297.5613,2299.2362,2303.2895,-1,-2.2193,-2.6219,0.4026,1,41.637,15.5305,27.9893,38.9459,0,64.8148,65.4646,0.0087,2302.9831,2294.1969,2298.59,0.0038,0.4101,1.8258,2298.7866,-1,-781191,7660.65,0,0.3571,-1,-1.2548,0.1089,0
2026-05-26 10:13:00,2297.8,2298.4,2297.0,2297.5,7174,2297.5491,2299.0784,2303.0625,-1,-2.0831,-2.5142,0.431,1,40.7077,14.6654,26.4303,37.9138,0,59.2593,63.5802,-0.0392,2302.046,2294.524,2298.285,0.0033,0.3956,1.7953,2298.65,-1,-788365,7879.8,0,0.2143,-1,-1.2677,0.0958,1
2026-05-26 10:14:00,2297.5,2298.5,2297.0,2298.5,2990,2297.7393,2299.0258,2302.8835,-1,-1.8729,-2.3859,0.513,1,39.7501,14.1824,24.8342,43.3072,0,85.7143,69.9295,0.0392,2300.7155,2295.3045,2298.01,0.0024,0.5906,1.7742,2298.3246,1,-785375,7575.3,0,0.6667,1,-1.2248,0.1394,0
2026-05-26 10:15:00,2297.9,2298.0,2297.0,2297.9,5317,2297.7714,2298.9234,2302.6881,-1,-1.7347,-2.2557,0.5209,1,38.8608,13.3164,23.3178,41.0055,0,73.4694,72.8143,-0.0174,2300.2183,2295.5017,2297.86,0.0021,0.5085,1.7547,2297.8179,1,-790692,6897.5,0,0.0,1,-1.2505,0.1133,0
2026-05-26 10:16:00,2297.8,2297.9,2296.4,2297.0,5915,2297.6171,2298.7486,2302.4651,-1,-1.6785,-2.1402,0.4617,1,38.383,12.4948,24.3471,37.7634,0,58.6957,72.6264,0.0741,2300.0154,2295.4646,2297.74,0.002,0.3374,1.7365,2297.5819,-1,-796607,6376.45,0,0.5333,-1,-1.2892,0.0741,0
2026-05-26 10:17:00,2297.1,2297.2,2296.0,2296.0,6667,2297.2937,2298.4987,2302.2115,-1,-1.6951,-2.0512,0.3561,1,38.1616,11.8641,24.8007,34.4994,1,36.9565,56.3739,0.0174,2299.7386,2295.3614,2297.55,0.0019,0.1459,1.6981,2297.4594,-1,-803274,6509.7,0,0.9167,-1,-1.3322,0.0305,1
2026-05-26 10:18:00,2296.0,2296.1,2295.0,2296.1,4412,2297.055,2298.2806,2301.9719,-1,-1.6808,-1.9771,0.2963,1,38.4643,11.301,27.9384,35.1035,0,42.8571,46.1698,0.0131,2299.5327,2295.2573,2297.395,0.0019,0.1971,1.6554,2297.3239,-1,-798862,6474.35,0,0.0909,1,-1.3279,0.0349,0
2026-05-26 10:19:00,2296.1,2296.2,2295.0,2295.1,4830,2296.664,2297.9915,2301.7024,-1,-1.7302,-1.9277,0.1975,1,38.6264,11.1442,26.4628,31.9321,1,19.0476,32.9538,-0.074,2299.5192,2294.9308,2297.225,0.002,0.0369,1.6229,2297.1836,-1,-803692,6388.5,0,0.8333,-1,-1.3709,0.0,1
2026-05-26 10:20:00,2295.4,2295.7,2294.6,2295.3,12826,2296.3912,2297.7468,2301.4513,-1,-1.7332,-1.8888,0.1556,1,38.9801,10.592,26.9534,33.2314,1,23.8095,28.5714,-0.1175,2299.3502,2294.7398,2297.045,0.002,0.1215,1.5855,2296.8756,-1,-790866,6639.95,1,0.0909,-1,-1.3623,0.0087,0
2026-05-26 10:21:00,2295.3,2295.3,2293.6,2293.6,9229,2295.8329,2297.3698,2301.1434,-1,-1.8515,-1.8814,0.0299,1,39.7696,9.785,29.3817,28.2887,1,0.0,14.2857,-0.1958,2299.5,2294.13,2296.815,0.0023,-0.0987,1.5937,2296.5957,-1,-800095,6651.25,0,1.0,-1,-1.4353,0.0,0
2026-05-26 10:22:00,2294.0,2294.0,2292.0,2293.0,13017,2295.2664,2296.9726,2300.8241,-1,-1.9709,-1.8993,-0.0716,-1,41.0906,8.9235,33.8378,26.7751,1,15.3846,13.0647,-0.2089,2299.7131,2293.4569,2296.585,0.0027,-0.073,1.6227,2296.1848,-1,-813112,6951.2,1,0.5,-1,-1.4611,0.0,1
2026-05-26 10:23:00,2293.0,2295.9,2292.8,2295.1,4864,2295.2331,2296.8023,2300.5996,-1,-1.8745,-1.8943,0.0198,1,40.3505,15.6329,29.5025,39.0646,0,47.6923,21.0256,-0.1045,2299.4955,2293.3445,2296.42,0.0027,0.2854,1.7283,2296.0156,-1,-808248,6669.45,0,0.6774,1,-1.3709,0.0916,1
2026-05-26 10:24:00,2295.8,2296.4,2294.3,2296.4,4761,2295.4665,2296.7658,2300.4349,-1,-1.6739,-1.8502,0.1764,1,39.2245,16.3318,26.9806,45.1965,0,67.6923,43.5897,-0.0914,2299.3875,2293.3325,2296.36,0.0026,0.5066,1.7548,2295.9233,1,-803487,6640.8,0,0.2857,1,-1.315,0.1483,0
2026-05-26 10:25:00,2296.4,2296.5,2295.5,2296.0,3909,2295.5732,2296.6961,2300.261,-1,-1.5295,-1.7861,0.2566,1,38.0897,16.0659,25.8476,43.7381,0,61.5385,58.9744,-0.0827,2299.1408,2293.3492,2296.245,0.0025,0.4577,1.7009,2295.8632,1,-807396,6627.3,0,0.4,-1,-1.3322,0.1308,0
2026-05-26 10:26:00,2296.0,2296.5,2295.7,2296.0,2980,2295.6585,2296.6329,2300.0939,-1,-1.399,-1.7087,0.3097,1,37.036,15.505,24.9451,43.7381,0,61.5385,63.5897,-0.0435,2299.1461,2293.4139,2296.28,0.0025,0.4512,1.6365,2295.8326,1,-804416,6331.2,0,0.0,1,-1.3322,0.1308,1
2026-05-26 10:27:00,2296.5,2297.1,2296.5,2296.5,5231,2295.8268,2296.6208,2299.9529,-1,-1.2409,-1.6151,0.3742,1,35.4833,17.4243,23.7187,46.2524,0,69.2308,64.1026,0.0218,2299.1752,2293.4748,2296.325,0.0025,0.5307,1.5982,2295.8993,1,-799185,5953.8,0,0.0,1,-1.3107,0.1526,1
2026-05-26 10:28:00,2297.0,2297.4,2296.5,2297.2,5936,2296.1015,2296.6734,2299.845,-1,-1.0471,-1.5015,0.4544,1,33.7624,18.0848,22.7339,49.6452,0,86.6667,72.4786,0.0479,2299.2589,2293.5311,2296.395,0.0025,0.6405,1.5483,2295.9638,1,-793249,6095.25,0,0.2222,1,-1.2806,0.1832,0
2026-05-26 10:29:00,2297.0,2297.9,2296.5,2297.0,5280,2296.2812,2296.7031,2299.7334,-1,-0.8992,-1.381,0.4818,1,31.7079,19.2312,21.2555,48.6993,0,84.7458,80.2144,0.0828,2299.2759,2293.5341,2296.405,0.0025,0.6036,1.5378,2295.9991,1,-798529,6043.15,0,0.0,1,-1.2892,0.1744,0
2026-05-26 10:30:00,2296.9,2298.1,2296.5,2297.0,4165,2296.4249,2296.7301,2299.6262,-1,-0.7731,-1.2595,0.4863,1,29.6193,18.7324,19.6804,48.6993,0,81.9672,84.4599,0.0741,2299.1468,2293.5632,2296.355,0.0024,0.6155,1.5422,2295.9876,1,-794364,6055.7,0,0.0625,1,-1.2892,0.1744,1
2026-05-26 10:31:00,2297.4,2298.2,2297.0,2297.8,3910,2296.6999,2296.8274,2299.5546,-1,-0.6017,-1.1279,0.5262,1,27.5861,18.1451,18.569,52.8654,0,93.5484,86.7538,0.1831,2299.0971,2293.5829,2296.34,0.0024,0.7648,1.5178,2295.9927,1,-790454,6087.25,0,0.3333,1,-1.2548,0.2093,1
2026-05-26 10:32:00,2297.8,2298.2,2297.2,2298.2,3223,2297.0,2296.9522,2299.5015,1,-0.4287,-0.9881,0.5594,1,25.6981,17.2699,17.6732,54.8402,0,100.0,91.8385,0.2268,2299.1646,2293.5554,2296.36,0.0024,0.828,1.4808,2295.9201,1,-787231,5831.8,0,0.4,1,-1.2376,0.2268,1
2026-05-26 10:33:00,2298.4,2299.3,2298.2,2298.8,3839,2297.36,2297.1201,2299.474,1,-0.2403,-0.8385,0.5982,1,24.7956,21.7418,16.7179,57.7028,0,93.1507,95.5664,0.1612,2299.388,2293.462,2296.425,0.0026,0.9008,1.4536,2295.9081,1,-783392,5665.05,0,0.3636,1,-1.2119,0.2529,1
2026-05-26 10:34:00,2299.6,2299.8,2299.1,2299.7,4444,2297.828,2297.3547,2299.4828,1,-0.0182,-0.6745,0.6562,1,24.3572,23.162,15.8777,61.6316,0,98.7179,97.2895,0.1437,2299.655,2293.315,2296.485,0.0028,1.0071,1.4212,2295.994,1,-778948,5737.75,0,0.1429,1,-1.1732,0.2922,1
2026-05-26 10:35:00,2299.4,2300.4,2299.0,2299.8,6371,2298.2224,2297.577,2299.4953,1,0.164,-0.5068,0.6707,1,24.3964,24.5493,14.7593,62.0533,0,92.8571,94.9086,0.1655,2300.0166,2293.1434,2296.58,0.003,0.9685,1.4197,2296.1244,1,-772577,5790.45,0,0.2857,1,-1.1689,0.2966,1
2026-05-26 10:36:00,2300.0,2300.0,2299.4,2299.9,4284,2298.5579,2297.7882,2299.5111,1,0.3128,-0.3429,0.6557,1,24.4328,23.7763,14.2945,62.4973,0,93.4211,94.9987,0.1699,2300.4527,2292.9973,2296.725,0.0032,0.9259,1.3611,2296.2105,1,-768293,5708.9,0,0.1667,-1,-1.1646,0.3009,0
2026-05-26 10:37:00,2299.9,2300.0,2298.2,2299.0,6396,2298.6463,2297.8983,2299.4911,1,0.3541,-0.2035,0.5575,1,23.1176,21.581,19.1303,56.1322,0,77.0492,87.7758,0.1089,2300.7137,2293.0363,2296.875,0.0033,0.7768,1.3925,2296.3598,1,-774689,5695.35,0,0.5,-1,-1.2033,0.2617,1
2026-05-26 10:38:00,2299.0,2299.7,2298.3,2299.2,4854,2298.7571,2298.0167,2299.4797,1,0.3983,-0.0831,0.4814,1,21.8963,20.0317,17.7569,57.176,0,75.5102,81.9935,0.0871,2300.9797,2293.0803,2297.03,0.0034,0.7747,1.393,2296.4989,1,-769835,5717.45,0,0.1429,1,-1.1947,0.2704,0
2026-05-26 10:39:00,2299.5,2299.7,2298.6,2299.0,5861,2298.8056,2298.1061,2299.4609,1,0.4125,0.016,0.3965,1,20.7623,18.8846,16.7401,55.7475,0,70.2128,74.2574,0.0871,2301.1594,2293.2906,2297.225,0.0034,0.7256,1.3721,2296.6756,1,-775696,5769.0,0,0.4545,-1,-1.2033,0.2617,0
2026-05-26 10:40:00,2299.1,2299.1,2297.6,2298.4,5406,2298.7245,2298.1328,2299.4193,1,0.371,0.087,0.284,1,19.879,17.4197,20.613,51.5839,0,48.7179,64.8136,0.0609,2301.2424,2293.5176,2297.38,0.0034,0.632,1.3812,2296.9356,1,-781102,5398.0,0,0.4667,-1,-1.2291,0.2355,0
2026-05-26 10:41:00,2298.4,2298.4,2295.8,2296.3,20432,2298.2396,2297.9662,2299.2969,1,0.1668,0.103,0.0638,1,20.4236,15.2164,26.7624,40.2523,0,10.8696,43.2668,-0.0653,2301.0109,2294.0191,2297.515,0.003,0.3262,1.4683,2297.1325,-1,-801534,5958.15,1,0.8077,-1,-1.3193,0.1439,0
2026-05-26 10:42:00,2296.4,2296.5,2295.0,2296.0,11545,2297.7917,2297.7874,2299.1677,1,-0.0191,0.0786,-0.0976,-1,21.3995,14.1077,28.6984,38.9364,0,18.5185,26.0353,-0.0957,2300.5827,2294.7473,2297.665,0.0025,0.2147,1.4705,2297.4622,-1,-813079,5884.55,1,0.2667,-1,-1.3322,0.1308,1
2026-05-26 10:43:00,2296.1,2298.1,2296.1,2296.7,5124,2297.5734,2297.6886,2299.0709,-1,-0.1086,0.0411,-0.1497,-1,20.7393,20.2525,25.8579,43.5718,0,31.4815,20.2899,-0.0914,2300.4575,2295.0325,2297.745,0.0024,0.3074,1.5155,2297.5587,-1,-807955,5897.55,0,0.3,1,-1.3021,0.1614,0
2026-05-26 10:44:00,2296.6,2296.8,2295.8,2296.6,3810,2297.3787,2297.5896,2298.974,-1,-0.1855,-0.0042,-0.1813,-1,20.3268,19.2742,26.058,43.0688,0,29.6296,26.5432,-0.1348,2300.449,2295.061,2297.755,0.0023,0.2856,1.4787,2297.5966,-1,-811765,5850.0,0,0.0,1,-1.3064,0.157,0
2026-05-26 10:45:00,2296.5,2296.6,2293.6,2294.9,19327,2296.8829,2297.3451,2298.8142,-1,-0.3792,-0.0792,-0.3,-1,21.1681,16.6723,32.44,35.5547,0,19.1176,26.7429,-0.2131,2300.574,2294.826,2297.7,0.0025,0.0129,1.5873,2297.2696,-1,-831092,6620.9,1,0.5333,-1,-1.3795,0.0829,0
2026-05-26 10:46:00,2294.8,2295.4,2294.1,2294.9,7279,2296.4864,2297.1228,2298.6607,-1,-0.5267,-0.1687,-0.358,-1,21.9494,15.6842,30.5174,35.5547,0,19.1176,22.6216,-0.2174,2300.6844,2294.6056,2297.645,0.0026,0.0484,1.5668,2297.1643,-1,-823813,6835.85,0,0.0769,1,-1.3795,0.0829,0
2026-05-26 10:47:00,2294.9,2295.3,2294.1,2294.9,5382,2296.1691,2296.9207,2298.5132,-1,-0.6363,-0.2622,-0.374,-1,22.6748,14.8116,28.8196,35.5547,0,19.1176,19.1176,-0.1783,2300.7987,2294.3313,2297.565,0.0028,0.0879,1.5406,2297.0878,-1,-818431,6843.4,0,0.0,1,-1.3795,0.0829,1
2026-05-26 10:48:00,2294.9,2295.3,2294.0,2295.1,5590,2295.9553,2296.7552,2298.3794,-1,-0.6989,-0.3495,-0.3493,-1,23.4033,13.9088,27.5318,37.1655,0,22.0588,20.098,-0.1783,2300.8661,2294.0539,2297.46,0.003,0.1536,1.5234,2296.9965,-1,-812841,6826.1,0,0.1538,1,-1.3709,0.0916,0
2026-05-26 10:49:00,2295.1,2295.4,2294.5,2294.7,2518,2295.7042,2296.5684,2298.2351,-1,-0.7719,-0.434,-0.3379,-1,23.9655,13.7871,26.335,35.2669,0,17.1875,19.4547,-0.187,2300.9547,2293.7353,2297.345,0.0031,0.1336,1.4789,2296.951,-1,-815359,6688.0,0,0.4444,-1,-1.3881,0.0741,1
2026-05-26 10:50:00,2294.8,2295.8,2294.2,2295.7,2813,2295.7034,2296.4894,2298.1357,-1,-0.7405,-0.4953,-0.2452,-1,24.0253,14.6486,24.3117,43.0937,0,32.8125,24.0196,-0.1175,2300.9584,2293.6016,2297.28,0.0032,0.2852,1.4875,2296.9066,-1,-812546,6620.4,0,0.5625,1,-1.3451,0.1177,1
2026-05-26 10:51:00,2295.8,2296.3,2295.7,2296.0,7394,2295.7627,2296.4449,2298.0519,-1,-0.6836,-0.533,-0.1506,-1,23.526,16.7155,23.5801,45.2331,0,39.3443,29.7814,-0.0131,2300.901,2293.479,2297.19,0.0032,0.3397,1.4242,2296.8354,-1,-805152,6794.6,0,0.3333,1,-1.3322,0.1308,0
2026-05-26 10:52:00,2296.3,2296.3,2295.7,2295.9,2537,2295.7902,2296.3954,2297.9675,-1,-0.6391,-0.5542,-0.0849,-1,23.0624,16.1908,22.8399,44.6307,0,37.7049,36.6206,-0.0044,2300.7962,2293.3538,2297.075,0.0032,0.3421,1.3653,2296.7946,-1,-807689,6760.3,0,0.6667,-1,-1.3365,0.1265,1
2026-05-26 10:53:00,2295.9,2296.4,2295.2,2296.4,3436,2295.9121,2296.3958,2297.9061,-1,-0.5571,-0.5548,-0.0024,-1,23.0308,15.1655,24.0322,48.3351,0,50.9091,42.6528,-0.0131,2300.6,2293.31,2296.955,0.0032,0.4239,1.3535,2296.7181,-1,-804253,6740.15,0,0.4167,1,-1.315,0.1483,0
2026-05-26 10:54:00,2296.4,2297.0,2296.0,2296.1,15663,2295.9497,2296.3689,2297.8352,-1,-0.5105,-0.5459,0.0354,1,22.3006,17.5766,22.7398,46.3322,0,52.0833,46.8991,-0.0218,2300.2095,2293.3405,2296.775,0.003,0.4017,1.3282,2296.5948,-1,-819916,7301.1,1,0.3,-1,-1.3279,0.1352,0
2026-05-26 10:55:00,2296.0,2296.6,2293.9,2294.6,13639,2295.6798,2296.2081,2297.7084,-1,-0.5878,-0.5543,-0.0335,-1,23.0658,15.1998,30.1822,37.8801,0,22.2222,41.7382,-0.0131,2299.7771,2293.2529,2296.515,0.0028,0.2065,1.4262,2296.3254,-1,-833555,7664.5,1,0.5185,-1,-1.3924,0.0698,0
2026-05-26 10:56:00,2294.4,2296.1,2293.6,2294.5,20815,2295.4438,2296.0528,2297.5826,-1,-0.6496,-0.5734,-0.0763,-1,23.9411,13.3938,28.0219,37.3903,0,20.0,31.4352,-0.0174,2299.2232,2293.2668,2296.245,0.0026,0.207,1.5029,2296.0434,-1,-854370,8491.05,1,0.04,1,-1.3966,0.0654,1
2026-05-26 10:57:00,2294.5,2295.5,2294.0,2294.7,5292,2295.295,2295.9298,2297.4695,-1,-0.6747,-0.5936,-0.0811,-1,24.7539,12.4388,26.0239,39.0865,0,32.3529,24.8584,-0.0087,2298.7949,2293.2651,2296.03,0.0024,0.2595,1.5027,2295.8877,-1,-849078,8435.85,0,0.1333,1,-1.3881,0.0741,0
2026-05-26 10:58:00,2294.5,2294.9,2294.0,2294.3,3987,2295.096,2295.7817,2297.3452,-1,-0.7186,-0.6186,-0.1,-1,25.5086,11.891,24.8778,36.9316,0,20.5882,24.3137,-0.0349,2298.2331,2293.3369,2295.785,0.0021,0.1967,1.4597,2295.7605,-1,-853065,8392.5,0,0.2222,-1,-1.4052,0.0567,0
2026-05-26 10:59:00,2294.1,2294.3,2292.2,2292.9,11083,2294.6568,2295.5197,2297.1709,-1,-0.8565,-0.6662,-0.1903,-1,27.1569,10.7062,30.9396,30.5775,1,14.5833,22.5082,-0.0784,2297.7644,2293.1956,2295.48,0.002,-0.0647,1.5054,2295.4791,-1,-864148,8653.6,0,0.5714,-1,-1.4654,0.0,0
2026-05-26 11:00:00,2292.9,2293.1,2292.4,2292.5,16328,2294.2255,2295.2452,2296.9877,-1,-0.9866,-0.7303,-0.2563,-1,28.6875,10.3364,29.8712,29.0401,1,6.25,13.8072,-0.1394,2297.4079,2292.9621,2295.185,0.0019,-0.104,1.4479,2295.1447,-1,-880476,9199.7,1,0.5714,-1,-1.4826,0.0,1
2026-05-26 11:01:00,2292.2,2293.0,2292.2,2292.8,7327,2293.9404,2295.0229,2296.8235,-1,-1.0534,-0.7949,-0.2585,-1,30.2033,9.915,29.6726,31.8092,1,12.5,11.1111,-0.1394,2297.3991,2292.6209,2295.01,0.0021,0.0375,1.4016,2294.8366,-1,-873149,8544.45,0,0.75,1,-1.4697,0.0131,0
2026-05-26 11:02:00,2293.1,2294.0,2292.0,2292.6,26801,2293.6723,2294.8026,2296.6579,-1,-1.1097,-0.8579,-0.2519,-1,30.307,13.8798,26.7377,30.9423,1,12.0,10.25,-0.1437,2297.4008,2292.2792,2294.84,0.0022,0.0626,1.4443,2294.4911,-1,-899950,9307.25,1,0.25,-1,-1.4783,0.0044,1
2026-05-26 11:03:00,2292.7,2293.5,2292.6,2293.0,1538,2293.5378,2294.6388,2296.5144,-1,-1.1093,-0.9081,-0.2011,-1,30.4034,13.2449,25.5147,34.7712,1,20.0,14.8333,-0.1481,2297.186,2292.124,2294.655,0.0022,0.1731,1.4055,2294.4094,-1,-898412,9127.95,0,0.3333,1,-1.4611,0.0218,0
2026-05-26 11:04:00,2293.2,2293.3,2292.6,2292.9,3490,2293.4103,2294.4807,2296.3727,-1,-1.1042,-0.9474,-0.1569,-1,30.4929,12.7562,24.5733,34.2598,1,18.0,16.6667,-0.1394,2296.9456,2291.9944,2294.47,0.0022,0.1829,1.3551,2294.3395,-1,-901902,9111.95,0,0.4286,-1,-1.4654,0.0174,0
2026-05-26 11:05:00,2292.8,2292.9,2292.4,2292.5,3820,2293.2282,2294.3006,2296.2208,-1,-1.1196,-0.9818,-0.1378,-1,30.7201,12.4041,24.999,32.2185,1,10.0,16.0,-0.0915,2296.9596,2291.7404,2294.35,0.0023,0.1455,1.294,2294.2192,-1,-905722,8336.6,0,0.6,-1,-1.4826,0.0,0
2026-05-26 11:06:00,2292.4,2292.7,2292.3,2292.4,7633,2293.0626,2294.1278,2296.071,-1,-1.1269,-1.0108,-0.1161,-1,31.0051,12.116,24.9991,31.7099,1,8.0,12.0,-0.0915,2296.954,2291.496,2294.225,0.0024,0.1656,1.2301,2294.1138,-1,-913355,8354.3,0,0.0,1,-1.4869,0.0,1
2026-05-26 11:07:00,2292.3,2292.9,2292.3,2292.9,2010,2293.0301,2294.0162,2295.9466,-1,-1.0799,-1.0247,-0.0552,-1,30.9562,12.8833,24.095,37.0606,0,18.0,12.0,-0.0784,2296.894,2291.356,2294.125,0.0024,0.2788,1.1851,2294.075,-1,-911345,8185.7,0,1.0,1,-1.4654,0.0218,1
2026-05-26 11:08:00,2292.9,2295.2,2292.9,2295.2,7967,2293.464,2294.1238,2295.9173,-1,-0.8473,-0.9892,0.1419,1,29.2565,24.1993,20.9652,54.6593,0,69.5652,31.8551,0.0392,2296.9064,2291.3536,2294.13,0.0024,0.6927,1.2648,2294.0678,1,-903378,8304.55,0,1.0,1,-1.3666,0.1221,1
2026-05-26 11:09:00,2294.7,2295.4,2294.0,2295.3,5533,2293.8312,2294.2308,2295.8931,-1,-0.6474,-0.9208,0.2734,1,27.8522,23.4214,19.3201,55.2452,0,80.4878,56.0177,0.1047,2296.9731,2291.3469,2294.16,0.0025,0.7026,1.2744,2294.0831,1,-897845,8455.3,0,0.4286,1,-1.3623,0.1265,0
2026-05-26 11:10:00,2295.3,2295.3,2294.0,2294.9,3202,2294.045,2294.2916,2295.8542,-1,-0.5153,-0.8397,0.3244,1,26.5481,21.7173,17.9144,52.332,0,82.8571,77.6367,0.1047,2296.8663,2291.3737,2294.12,0.0024,0.642,1.2762,2294.0763,1,-901047,8474.75,0,0.3077,-1,-1.3795,0.1091,1
2026-05-26 11:11:00,2295.0,2295.2,2294.8,2295.2,4163,2294.276,2294.3742,2295.8285,-1,-0.382,-0.7482,0.3662,1,25.3372,21.2061,17.4927,54.2793,0,94.1176,85.8209,0.1047,2296.7375,2291.4225,2294.08,0.0023,0.7107,1.2137,2294.0156,1,-896884,8313.2,0,0.5,1,-1.3666,0.1221,1
2026-05-26 11:12:00,2295.7,2295.7,2294.9,2295.4,5432,2294.5008,2294.4674,2295.8117,1,-0.2573,-0.65,0.3927,1,24.7016,23.1989,16.6485,55.5821,0,91.8919,89.6222,0.1221,2296.6523,2291.4577,2294.055,0.0023,0.7589,1.1841,2294.0286,1,-891452,8457.95,0,0.375,-1,-1.358,0.1309,0
2026-05-26 11:13:00,2295.4,2295.4,2294.8,2295.1,1109,2294.6206,2294.5249,2295.7838,1,-0.1806,-0.5561,0.3755,1,23.978,22.3285,16.6492,53.1363,0,83.7838,89.9311,0.0916,2296.4082,2291.5718,2293.99,0.0021,0.7295,1.1424,2293.9952,1,-892561,8341.6,0,0.5,-1,-1.3709,0.1178,1
2026-05-26 11:14:00,2295.2,2296.5,2295.1,2296.5,5980,2294.9965,2294.7045,2295.8119,1,-0.0067,-0.4462,0.4395,1,24.2804,27.1738,15.2149,61.6232,0,100.0,91.8919,0.157,2296.5031,2291.5169,2294.01,0.0022,0.9994,1.1608,2293.8363,1,-886581,7857.45,0,0.9286,1,-1.3107,0.1789,0
2026-05-26 11:15:00,2296.2,2296.4,2295.2,2296.1,3135,2295.2172,2294.8314,2295.8232,1,0.0977,-0.3374,0.4351,1,24.5613,25.0185,14.0081,58.3706,0,91.1111,91.6316,0.157,2296.7302,2291.4398,2294.085,0.0023,0.8809,1.1707,2293.7691,1,-889716,7332.25,0,0.0833,-1,-1.3279,0.1614,1
2026-05-26 11:16:00,2296.2,2296.2,2295.5,2296.2,1259,2295.4138,2294.9558,2295.838,1,0.1863,-0.2327,0.419,1,24.8221,23.9184,13.3922,58.9539,0,92.8571,94.6561,0.1658,2296.9679,2291.3721,2294.17,0.0024,0.8628,1.1371,2293.633,1,-888457,6354.45,0,0.0,1,-1.3236,0.1658,0
2026-05-26 11:17:00,2296.2,2296.3,2295.6,2296.1,2766,2295.551,2295.0598,2295.8483,1,0.2457,-0.137,0.3827,1,25.1556,23.4829,12.7867,58.0776,0,90.4762,91.4815,0.1396,2297.1551,2291.3249,2294.24,0.0025,0.819,1.1059,2293.6388,1,-891223,6228.15,0,0.1429,-1,-1.3279,0.1614,0
2026-05-26 11:18:00,2296.0,2296.2,2295.2,2296.1,6647,2295.6608,2295.1544,2295.8581,1,0.2894,-0.0517,0.3411,1,24.8063,21.9557,14.5565,58.0776,0,90.4762,91.2698,0.0392,2297.356,2291.304,2294.33,0.0026,0.7925,1.0983,2293.7296,1,-884576,6361.15,0,0.1,1,-1.3279,0.1614,0
2026-05-26 11:19:00,2295.8,2296.4,2295.5,2296.0,4478,2295.7286,2295.2312,2295.8637,1,0.3123,0.0211,0.2913,1,24.6923,21.9715,13.6933,57.0933,0,88.0952,89.6825,0.0305,2297.5196,2291.4504,2294.485,0.0026,0.7496,1.0842,2293.8674,1,-889054,6030.9,0,0.2222,1,-1.3322,0.157,0
2026-05-26 11:20:00,2296.0,2296.1,2295.5,2296.0,1396,2295.7829,2295.3011,2295.869,1,0.3267,0.0822,0.2445,1,24.5865,21.0743,13.1342,57.0933,0,88.0952,88.8889,0.0479,2297.6193,2291.7007,2294.66,0.0026,0.7264,1.0496,2294.0794,1,-887658,5284.3,0,0.0,1,-1.3322,0.157,0
2026-05-26 11:21:00,2295.5,2295.5,2295.0,2295.3,4333,2295.6863,2295.301,2295.8467,1,0.2785,0.1215,0.157,1,23.6367,19.6352,15.6516,50.1882,0,66.6667,80.9524,0.0044,2297.6284,2291.9416,2294.785,0.0025,0.5906,1.046,2294.2303,1,-891991,5134.6,0,0.4,-1,-1.3623,0.1265,0
2026-05-26 11:22:00,2295.4,2295.4,2293.9,2294.2,4311,2295.3891,2295.2009,2295.7821,1,0.1498,0.1271,0.0226,1,22.6244,17.6845,21.3822,41.6612,0,11.5385,55.4335,-0.0523,2297.5433,2292.1867,2294.865,0.0023,0.3759,1.0785,2294.7004,-1,-896302,4010.1,0,0.8,-1,-1.4095,0.0785,0
2026-05-26 11:23:00,2294.2,2294.2,2293.1,2293.4,3385,2294.9913,2295.0372,2295.6887,-1,-0.0166,0.0984,-0.115,-1,22.5086,16.3979,25.1176,36.7685,0,8.8235,29.0096,-0.0741,2297.5128,2292.2572,2294.885,0.0023,0.2174,1.08,2294.6849,-1,-899687,4102.45,0,0.7273,-1,-1.4439,0.0436,1
2026-05-26 11:24:00,2293.9,2294.0,2293.2,2293.9,2012,2294.773,2294.9338,2295.6186,-1,-0.1069,0.0573,-0.1642,-1,22.4011,15.514,23.7635,41.4006,0,23.5294,14.6305,-0.1132,2297.4452,2292.4248,2294.935,0.0022,0.2938,1.06,2294.7362,-1,-897675,4028.55,0,0.0,1,-1.4224,0.0654,0
2026-05-26 11:25:00,2293.9,2294.0,2293.4,2293.9,3445,2294.5984,2294.8398,2295.5512,-1,-0.1764,0.0106,-0.187,-1,22.3013,14.8666,22.772,41.4006,0,23.5294,18.6275,-0.0958,2297.3093,2292.7007,2295.005,0.002,0.2602,1.0271,2294.7963,-1,-894230,4009.8,0,0.0,1,-1.4224,0.0654,1
2026-05-26 11:26:00,2294.0,2295.6,2293.4,2295.3,3621,2294.7387,2294.8817,2295.5413,-1,-0.1172,-0.015,-0.1022,-1,21.2952,23.0512,19.5508,52.6618,0,64.7059,37.2549,-0.0392,2297.1213,2293.1787,2295.15,0.0017,0.538,1.1109,2295.0283,1,-890609,3809.2,0,0.5909,1,-1.3623,0.1265,0
2026-05-26 11:27:00,2295.0,2295.2,2293.0,2293.7,2989,2294.531,2294.7743,2295.4691,-1,-0.1971,-0.0514,-0.1457,-1,19.8892,19.8845,19.2542,42.5887,0,20.0,36.0784,-0.1045,2297.0032,2293.3768,2295.19,0.0016,0.0891,1.1959,2295.0478,-1,-893598,3858.15,0,0.5909,-1,-1.431,0.0567,0
2026-05-26 11:28:00,2293.0,2293.7,2292.1,2292.6,14729,2294.1448,2294.5766,2295.3566,-1,-0.3452,-0.1102,-0.235,-1,19.2887,18.0289,22.7065,37.3055,0,11.6279,32.1113,-0.1524,2297.1958,2292.9242,2295.06,0.0019,-0.0759,1.2247,2294.7116,-1,-908327,4196.25,1,0.25,-1,-1.4783,0.0087,0
2026-05-26 11:29:00,2293.2,2293.2,2288.7,2288.7,37538,2293.0558,2294.0424,2295.0956,-1,-0.7684,-0.2418,-0.5266,-1,20.9057,14.0561,34.3522,25.315,1,0.0,10.5426,-0.3179,2298.2235,2291.2365,2294.73,0.003,-0.363,1.4587,2293.2418,-1,-945865,5796.5,1,1.0,-1,-1.6459,0.0,0
2026-05-26 11:30:00,2288.9,2288.9,2285.8,2286.5,17028,2291.7447,2293.3567,2294.7585,-1,-1.2667,-0.4468,-0.8199,-1,23.4031,12.0811,42.6698,21.1796,1,6.6038,6.0772,-0.4138,2299.314,2289.306,2294.31,0.0044,-0.2804,1.5759,2292.3946,-1,-962893,6487.8,1,0.7742,-1,-1.7404,0.0,1
2026-05-26 11:31:00,2286.5,2289.4,2286.5,2288.8,13120,2291.1557,2292.9424,2294.5248,-1,-1.4592,-0.6493,-0.8099,-1,25.2469,12.721,37.3786,33.4243,1,28.3019,11.6352,-0.2832,2299.5166,2288.4634,2293.99,0.0048,0.0305,1.6705,2291.9208,-1,-949773,6935.65,1,0.7931,1,-1.6416,0.1006,0
2026-05-26 11:32:00,2288.8,2288.8,2288.0,2288.8,5741,2290.6846,2292.5659,2294.3003,-1,-1.5934,-0.8381,-0.7553,-1,26.9591,12.269,36.0506,33.4243,1,28.3019,21.0692,-0.2354,2299.5843,2287.7357,2293.66,0.0052,0.0898,1.6083,2291.6476,-1,-944032,6951.1,0,0.0,1,-1.6416,0.1006,1
2026-05-26 11:33:00,2288.9,2289.2,2288.1,2289.1,4436,2290.3677,2292.2508,2294.0964,-1,-1.6565,-1.0018,-0.6547,-1,28.143,13.4733,34.2487,34.953,1,32.0388,29.5475,-0.1875,2299.5634,2287.1566,2293.36,0.0054,0.1566,1.572,2291.532,-1,-939596,7117.45,0,0.1818,1,-1.6287,0.1137,1
2026-05-26 11:34:00,2288.4,2289.3,2288.4,2289.3,5335,2290.1541,2291.9825,2293.9083,-1,-1.671,-1.1356,-0.5354,-1,29.1384,13.3737,32.804,36.0078,0,35.7143,32.0183,-0.2005,2299.268,2286.732,2293.0,0.0055,0.2049,1.524,2291.2467,-1,-934261,7085.2,0,1.0,1,-1.6201,0.1225,0
2026-05-26 11:35:00,2289.3,2289.6,2288.5,2288.5,6642,2289.8233,2291.6659,2293.6962,-1,-1.7272,-1.2539,-0.4733,-1,29.7404,14.1048,31.0785,33.6566,1,27.551,31.768,-0.2354,2299.0105,2286.2295,2292.62,0.0056,0.1776,1.4937,2291.0374,-1,-940903,7260.55,0,0.7273,-1,-1.6545,0.0875,1
2026-05-26 11:36:00,2289.2,2289.6,2288.5,2289.0,9541,2289.6586,2291.4236,2293.512,-1,-1.7117,-1.3455,-0.3662,-1,30.2994,13.3486,29.4123,36.4497,0,32.6531,31.9728,-0.2745,2298.6143,2285.9057,2292.26,0.0055,0.2435,1.4656,2290.8724,-1,-931362,7674.65,0,0.1818,-1,-1.633,0.1093,1
2026-05-26 11:37:00,2289.0,2289.4,2288.5,2289.3,6595,2289.5869,2291.2305,2293.3469,-1,-1.6561,-1.4076,-0.2484,-1,30.8184,12.7465,28.0856,38.1327,0,35.7143,31.9728,-0.1918,2298.1424,2285.6976,2291.92,0.0054,0.2895,1.4252,2290.7065,-1,-924767,7866.1,0,0.3333,1,-1.6201,0.1225,1
2026-05-26 11:38:00,2289.3,2290.0,2289.0,2289.6,7299,2289.5895,2291.0823,2293.1999,-1,-1.5697,-1.44,-0.1297,-1,30.5784,15.1663,26.6474,39.8482,0,38.7755,35.7143,-0.1309,2297.5848,2285.6052,2291.595,0.0052,0.3335,1.3948,2290.4366,-1,-917468,7898.7,0,0.3,1,-1.6072,0.1356,1
2026-05-26 11:39:00,2289.6,2290.2,2289.0,2289.8,8334,2289.6316,2290.9657,2293.0666,-1,-1.4682,-1.4456,-0.0225,-1,30.1215,15.2595,24.9933,41.0223,0,40.8163,38.4354,0.0481,2296.9645,2285.6055,2291.285,0.005,0.3693,1.3809,2290.2439,-1,-909134,8091.5,0,0.1667,1,-1.5986,0.1443,0
2026-05-26 11:40:00,2289.8,2290.1,2289.1,2289.8,5430,2289.6653,2290.8597,2292.9385,-1,-1.3719,-1.4309,0.059,1,29.6972,14.4543,23.6746,41.0223,0,42.5532,40.715,0.1443,2296.254,2285.696,2290.975,0.0046,0.3887,1.3537,2290.1777,-1,-903704,8293.2,0,0.0,1,-1.5986,0.1443,0
2026-05-26 11:41:00,2289.8,2289.8,2288.5,2289.1,5196,2289.5522,2290.6998,2292.788,-1,-1.3367,-1.412,0.0754,1,29.7478,13.46,25.2209,38.0106,0,41.7722,41.7139,0.0131,2295.6092,2285.7208,2290.665,0.0043,0.3417,1.3499,2290.0129,-1,-908900,8336.35,0,0.5385,-1,-1.6287,0.1137,0
2026-05-26 11:42:00,2289.1,2289.5,2288.0,2288.4,11744,2289.3218,2290.4907,2292.6159,-1,-1.3497,-1.3996,0.0499,1,30.1358,12.4,25.8597,35.2256,0,35.1351,39.8202,-0.0175,2295.1327,2285.6173,2290.375,0.0042,0.2924,1.3606,2289.8088,-1,-920644,8708.0,0,0.4667,-1,-1.6588,0.0831,1
2026-05-26 11:43:00,2288.4,2290.2,2287.4,2289.5,13149,2289.3574,2290.4006,2292.4937,-1,-1.2567,-1.371,0.1143,1,29.5909,14.122,22.3255,42.3713,0,84.0909,53.6661,0.0175,2294.7414,2285.6186,2290.18,0.004,0.4255,1.4634,2289.6842,-1,-907495,9196.2,0,0.3929,1,-1.6115,0.1312,0
2026-05-26 11:44:00,2289.5,2289.5,2287.0,2287.2,4571,2288.9259,2290.1097,2292.2861,-1,-1.3531,-1.3674,0.0143,1,29.3869,12.4818,21.5908,33.9403,1,18.9189,46.0483,-0.0917,2294.2457,2285.4443,2289.845,0.0038,0.1995,1.5374,2289.5971,-1,-912066,9324.15,0,0.92,-1,-1.7104,0.0306,1
2026-05-26 11:45:00,2287.7,2289.3,2287.4,2288.7,5440,2288.8808,2289.9815,2292.1455,-1,-1.2935,-1.3526,0.0591,1,29.1974,11.295,19.538,42.0402,0,53.125,52.0449,0.0087,2293.5936,2285.5764,2289.585,0.0035,0.3896,1.5776,2289.4883,-1,-906626,9423.9,0,0.5263,1,-1.6459,0.0962,0
2026-05-26 11:46:00,2288.7,2288.7,2287.1,2287.9,4700,2288.6846,2289.7923,2291.979,-1,-1.2959,-1.3413,0.0454,1,29.2585,10.4776,19.481,39.2743,0,28.125,33.3896,-0.0481,2292.3065,2286.1235,2289.215,0.0027,0.2873,1.5792,2289.3481,-1,-911326,9477.85,0,0.5,-1,-1.6803,0.0612,1
2026-05-26 11:47:00,2287.5,2289.2,2287.5,2288.6,5169,2288.6677,2289.6839,2291.8465,-1,-1.2271,-1.3185,0.0913,1,28.6168,11.9256,17.9912,42.8193,0,50.0,43.75,-0.0306,2291.2729,2286.6471,2288.96,0.002,0.4222,1.5879,2289.2514,-1,-906157,9586.85,0,0.6471,1,-1.6502,0.0918,1
2026-05-26 11:48:00,2288.2,2288.9,2288.0,2288.7,3609,2288.6741,2289.5945,2291.7231,-1,-1.1513,-1.285,0.1337,1,28.0209,11.4274,17.2395,43.3283,0,53.125,43.75,-0.0393,2290.3653,2287.1647,2288.765,0.0014,0.4797,1.5387,2288.9477,-1,-902548,9030.85,0,0.5556,1,-1.6459,0.0962,1
2026-05-26 11:49:00,2288.3,2289.5,2287.7,2289.5,10190,2288.8393,2289.5859,2291.6359,-1,-1.015,-1.231,0.216,1,26.6539,13.2358,15.8163,47.3647,0,78.125,60.4167,-0.0131,2290.4365,2287.1735,2288.805,0.0014,0.713,1.5574,2288.6378,1,-892358,7663.45,0,0.6667,1,-1.6115,0.1312,1
2026-05-26 11:50:00,2289.5,2290.3,2288.8,2290.0,5451,2289.0715,2289.6235,2291.5717,-1,-0.8567,-1.1562,0.2994,1,25.0467,16.0017,14.7253,49.7726,0,90.9091,74.053,0.0087,2290.3076,2287.6524,2288.98,0.0012,0.8842,1.5533,2288.8675,1,-886907,7084.6,0,0.3333,1,-1.59,0.1531,1
2026-05-26 11:51:00,2290.1,2291.0,2290.0,2290.7,5518,2289.3972,2289.7214,2291.5376,-1,-0.6671,-1.0583,0.3912,1,24.2485,18.5497,14.0305,53.0133,0,92.5,87.178,0.0699,2290.5954,2287.5546,2289.075,0.0013,1.0344,1.5138,2288.9995,1,-881389,6704.5,0,0.6,1,-1.5599,0.1837,0
2026-05-26 11:52:00,2290.5,2290.5,2289.0,2289.8,6198,2289.4777,2289.7285,2291.4694,-1,-0.5827,-0.9632,0.3805,1,22.6231,17.0746,17.5923,48.6657,0,70.0,84.4697,0.0612,2290.6714,2287.5786,2289.125,0.0014,0.7182,1.5271,2289.0547,1,-887587,6727.35,0,0.4667,-1,-1.5986,0.1443,1
2026-05-26 11:53:00,2289.8,2289.9,2289.2,2289.9,2083,2289.5622,2289.7441,2291.4079,-1,-0.502,-0.871,0.369,1,21.1138,16.4931,16.9931,49.1645,0,72.5,78.3333,0.0175,2290.7478,2287.5822,2289.165,0.0014,0.7322,1.468,2289.0729,1,-885504,6609.7,0,0.1429,1,-1.5943,0.1487,0
2026-05-26 11:54:00,2289.8,2289.9,2289.4,2289.9,1796,2289.6297,2289.7583,2291.3487,-1,-0.4331,-0.7834,0.3503,1,19.7124,16.072,16.5593,49.1645,0,72.5,71.6667,0.118,2290.8093,2287.5807,2289.195,0.0014,0.7184,1.3988,2289.0851,1,-883708,6432.75,0,0.2,1,-1.5943,0.1487,1
2026-05-26 11:55:00,2289.9,2290.8,2289.9,2290.8,3429,2289.8638,2289.853,2291.3272,1,-0.3023,-0.6872,0.3849,1,19.1524,20.0298,15.7784,53.8461,0,95.0,80.0,0.0918,2291.0338,2287.5862,2289.31,0.0015,0.9322,1.3632,2289.1354,1,-880279,6272.1,0,1.0,1,-1.5557,0.1881,1
2026-05-26 11:56:00,2290.8,2291.3,2290.6,2291.3,4588,2290.151,2289.9845,2291.3262,1,-0.1565,-0.5811,0.4245,1,19.0922,21.9829,15.1788,56.2563,0,100.0,89.1667,0.1486,2291.3463,2287.5037,2289.425,0.0017,0.9879,1.3158,2289.217,1,-875691,6024.45,0,0.7143,1,-1.5342,0.2099,1
2026-05-26 11:57:00,2291.4,2294.0,2290.9,2294.0,18410,2290.9208,2290.3496,2291.431,1,0.1748,-0.4299,0.6047,1,20.7758,31.9727,12.8501,66.4461,-1,100.0,98.3333,0.236,2292.4265,2286.8935,2289.66,0.0024,1.2844,1.4433,2289.7462,1,-857281,6615.2,1,0.8387,1,-1.4181,0.328,0
2026-05-26 11:58:00,2294.6,2294.9,2292.0,2292.0,22570,2291.1367,2290.4996,2291.4533,1,0.2729,-0.2893,0.5622,1,22.735,31.8471,11.1298,56.0337,0,62.8205,87.6068,0.1442,2292.7279,2286.8321,2289.78,0.0026,0.8765,1.5473,2290.2493,1,-879851,7378.75,1,0.8966,-1,-1.5041,0.2405,1
2026-05-26 11:59:00,2292.3,2293.3,2292.0,2292.7,4425,2291.4493,2290.6996,2291.5022,1,0.4025,-0.151,0.5535,1,24.5544,29.9138,10.4542,58.4858,0,71.7949,78.2051,0.1398,2293.1362,2286.7138,2289.925,0.0028,0.9321,1.5297,2290.3576,1,-875426,7183.3,0,0.3077,1,-1.474,0.2712,0
2026-05-26 12:00:00,2292.7,2292.7,2289.9,2290.3,10621,2291.2195,2290.6633,2291.4551,1,0.308,-0.0592,0.3672,1,24.0486,26.2217,18.4208,48.4987,0,37.8378,57.4844,0.0131,2293.1647,2286.7353,2289.95,0.0028,0.5544,1.6204,2290.4262,-1,-886047,7442.85,0,0.8571,-1,-1.5771,0.1662,1
2026-05-26 12:01:00,2290.6,2292.0,2290.0,2291.1,11847,2291.1956,2290.703,2291.4411,1,0.2942,0.0115,0.2827,1,23.579,23.948,16.8236,51.4733,0,47.2222,52.285,0.0175,2293.2771,2286.8229,2290.05,0.0028,0.6627,1.6475,2290.5157,1,-874200,7775.4,1,0.25,1,-1.5428,0.2012,0
2026-05-26 12:02:00,2291.0,2291.0,2289.7,2290.1,5992,2290.9765,2290.6482,2291.3885,1,0.2004,0.0493,0.1511,1,22.8642,22.4786,17.1061,47.7599,0,33.3333,39.4645,0.0131,2293.2721,2286.9979,2290.135,0.0027,0.4944,1.6298,2290.6533,-1,-880192,7487.8,0,0.6923,-1,-1.5857,0.1574,1
2026-05-26 12:03:00,2290.1,2293.0,2289.4,2292.6,36272,2291.3012,2290.8256,2291.4361,1,0.3239,0.1042,0.2197,1,23.3892,27.2825,14.6217,56.2562,0,62.2951,47.6169,0.1179,2293.5884,2286.9916,2290.29,0.0029,0.8502,1.7706,2290.9892,1,-843920,8643.95,1,0.6944,1,-1.4783,0.2668,0
2026-05-26 12:04:00,2292.6,2292.6,2291.5,2291.6,4044,2291.3609,2290.896,2291.4425,1,0.3373,0.1508,0.1865,1,23.8766,26.0381,13.9548,52.573,0,44.0678,46.5654,0.0742,2293.5299,2287.4901,2290.51,0.0026,0.6805,1.7227,2291.0925,1,-847964,8617.6,0,0.9091,-1,-1.5213,0.223,0
2026-05-26 12:05:00,2291.5,2291.8,2290.5,2291.5,9306,2291.3887,2290.9509,2291.4447,1,0.336,0.1879,0.1481,1,23.3951,24.6095,17.4096,52.2049,0,42.3729,49.5786,0.0306,2293.5795,2287.7205,2290.65,0.0026,0.6451,1.6925,2291.1827,1,-857270,8810.9,0,0.0,1,-1.5256,0.2187,1
2026-05-26 12:06:00,2291.5,2292.6,2291.0,2292.4,3053,2291.591,2291.0827,2291.4822,1,0.4029,0.2309,0.172,1,23.4193,26.3308,16.2294,55.2422,0,56.1404,47.527,0.048,2293.6099,2288.1401,2290.875,0.0024,0.7788,1.6859,2291.2854,1,-854217,8728.55,0,0.5625,1,-1.4869,0.258,1
2026-05-26 12:07:00,2293.1,2294.7,2293.1,2294.1,12709,2292.0928,2291.357,2291.5849,1,0.5863,0.3019,0.2844,1,24.4429,32.5018,14.688,60.3658,0,85.4545,61.3226,0.0044,2294.0174,2288.2826,2291.15,0.0025,1.0144,1.7297,2291.5535,1,-841508,9105.55,0,0.625,1,-1.4138,0.3324,0
2026-05-26 12:08:00,2294.1,2294.4,2292.4,2293.8,11568,2292.4342,2291.5791,2291.6717,1,0.6994,0.3814,0.318,1,24.7845,29.8471,16.347,59.0805,0,80.0,73.865,0.0785,2294.2626,2288.5474,2291.405,0.0025,0.9191,1.749,2291.7313,1,-853076,9503.5,0,0.15,-1,-1.4267,0.3193,1
2026-05-26 12:09:00,2293.3,2294.5,2293.0,2294.5,5768,2292.8474,2291.8446,2291.7826,1,0.8359,0.4723,0.3636,1,25.1493,28.4125,15.3353,61.1586,0,92.7273,86.0606,0.0785,2294.6726,2288.6374,2291.655,0.0026,0.9714,1.7313,2291.9572,1,-847308,9282.4,0,0.8,1,-1.3966,0.3499,0
2026-05-26 12:10:00,2294.5,2294.5,2293.7,2294.0,2294,2293.0779,2292.0406,2291.8696,1,0.8934,0.5565,0.3369,1,25.4881,27.4373,14.8089,58.8592,0,83.6364,85.4545,0.1616,2294.9369,2288.7731,2291.855,0.0027,0.848,1.6647,2292.0511,1,-849602,9124.55,0,0.625,-1,-1.4181,0.328,1
2026-05-26 12:11:00,2294.1,2294.8,2293.9,2294.8,3806,2293.4223,2292.2914,2291.9845,1,0.9921,0.6437,0.3485,1,25.9618,27.6727,14.2177,61.3622,0,98.1818,91.5152,0.1615,2295.346,2288.774,2292.06,0.0029,0.9169,1.6101,2292.148,1,-845796,9038.95,0,0.7778,1,-1.3838,0.363,0
2026-05-26 12:12:00,2294.6,2294.6,2293.5,2294.2,2650,2293.5779,2292.4649,2292.0714,1,1.0103,0.717,0.2933,1,25.9899,26.0545,15.1855,58.4881,0,88.8889,90.2357,0.179,2295.5201,2289.0399,2292.28,0.0028,0.7963,1.588,2292.2605,1,-848446,8861.55,0,0.3636,-1,-1.4095,0.3368,0
2026-05-26 12:13:00,2294.0,2294.0,2292.7,2293.5,4631,2293.5623,2292.559,2292.1274,1,0.9572,0.765,0.1921,1,25.2407,24.2896,17.7697,55.2374,0,75.9259,87.6655,0.0393,2295.5477,2289.3723,2292.46,0.0027,0.6684,1.5817,2292.3199,1,-853077,8988.95,0,0.3846,-1,-1.4396,0.3061,0
2026-05-26 12:14:00,2293.9,2293.9,2292.4,2293.1,5329,2293.4698,2292.6082,2292.1656,1,0.8727,0.7866,0.0862,1,24.2685,22.6381,17.9213,53.4107,0,68.5185,77.7778,0.0655,2295.484,2289.756,2292.62,0.0025,0.5838,1.5758,2292.3689,1,-858406,9165.6,0,0.5333,-1,-1.4568,0.2887,0
2026-05-26 12:15:00,2292.6,2293.1,2291.6,2291.9,6902,2293.1559,2292.5438,2292.1551,1,0.7009,0.7694,-0.0685,-1,22.6654,21.0936,20.3373,48.2549,0,46.2963,63.5802,0.0175,2295.4375,2289.9125,2292.675,0.0024,0.3597,1.5704,2292.3969,-1,-865308,9339.25,0,0.4667,-1,-1.5084,0.2362,1
2026-05-26 12:16:00,2291.7,2292.4,2291.6,2292.4,1777,2293.0047,2292.5307,2292.1647,1,0.5982,0.7352,-0.137,-1,21.1768,20.2982,19.5704,50.4032,0,55.5556,56.7901,0.0,2295.4238,2290.0362,2292.73,0.0023,0.4387,1.5154,2292.4276,-1,-863531,9198.7,0,0.875,1,-1.4869,0.258,1
2026-05-26 12:17:00,2292.4,2293.0,2292.1,2293.0,2120,2293.0038,2292.5734,2292.1975,1,0.5587,0.6999,-0.1412,-1,20.2923,22.324,18.7154,52.9287,0,58.1395,53.3305,-0.0479,2295.3141,2290.0459,2292.68,0.0023,0.5607,1.4714,2292.3718,1,-861411,8384.2,0,0.6667,1,-1.4611,0.2843,1
2026-05-26 12:18:00,2293.0,2294.0,2293.0,2293.9,3754,2293.183,2292.694,2292.2643,1,0.5933,0.6786,-0.0853,-1,20.207,26.183,17.7856,56.5063,0,79.0698,64.255,0.0044,2295.441,2290.109,2292.775,0.0023,0.711,1.4378,2292.3134,1,-857657,7443.4,0,0.9,1,-1.4224,0.3236,1
2026-05-26 12:19:00,2293.9,2294.0,2293.8,2294.0,1597,2293.3464,2292.8127,2292.3323,1,0.6215,0.6672,-0.0456,-1,20.1278,25.9058,17.5973,56.8983,0,78.9474,72.0522,-0.0218,2295.5584,2290.1216,2292.84,0.0024,0.7134,1.3494,2292.3205,1,-856060,7302.0,0,0.5,1,-1.4181,0.328,0
2026-05-26 12:20:00,2293.2,2294.0,2293.2,2293.7,4193,2293.4171,2292.8934,2292.386,1,0.6127,0.6563,-0.0436,-1,19.4342,24.7758,20.101,55.2884,0,65.625,74.5474,-0.0131,2295.4862,2290.5338,2293.01,0.0022,0.6393,1.3101,2292.4629,1,-860253,6980.6,0,0.625,1,-1.431,0.3149,1
2026-05-26 12:21:00,2293.7,2294.6,2293.7,2294.6,8427,2293.6537,2293.0485,2292.4728,1,0.6705,0.6591,0.0114,1,19.2559,26.8784,19.0921,59.0332,0,93.75,79.4408,-0.0087,2295.5902,2290.7798,2293.185,0.0021,0.7942,1.2808,2292.7009,1,-851826,6809.6,0,1.0,1,-1.3924,0.3543,1
2026-05-26 12:22:00,2296.0,2296.0,2295.0,2295.5,7363,2294.023,2293.2714,2292.5915,1,0.78,0.6833,0.0967,1,20.0076,32.5497,17.6114,62.4226,0,88.6364,82.6705,0.0567,2295.6141,2291.2959,2293.455,0.0019,0.9736,1.2893,2292.9568,1,-844463,6878.15,0,0.5,-1,-1.3537,0.3936,0
2026-05-26 12:23:00,2295.5,2295.8,2294.0,2295.0,3694,2294.2184,2293.4285,2292.686,1,0.817,0.7101,0.107,1,19.7203,29.3931,21.291,59.4784,0,77.2727,86.553,0.0654,2295.7966,2291.3534,2293.575,0.0019,0.8207,1.3258,2293.472,1,-848157,5249.25,0,0.2778,-1,-1.3752,0.3717,1
2026-05-26 12:24:00,2295.2,2295.6,2294.6,2295.3,2705,2294.4347,2293.5987,2292.7885,1,0.8607,0.7402,0.1205,1,19.4536,27.7813,20.1235,60.6768,0,84.0909,83.3333,0.0959,2295.9079,2291.6121,2293.76,0.0019,0.8585,1.3025,2293.5776,1,-845452,5182.3,0,0.1,1,-1.3623,0.3849,0
2026-05-26 12:25:00,2295.3,2295.3,2294.5,2295.0,1672,2294.5478,2293.7261,2292.8752,1,0.8611,0.7644,0.0967,1,19.1049,26.5279,19.7796,58.804,0,77.2727,79.5455,0.1353,2295.8785,2291.9915,2293.935,0.0017,0.774,1.2666,2293.8252,1,-847124,4800.6,0,0.375,-1,-1.3752,0.3717,0
2026-05-26 12:26:00,2294.9,2294.9,2293.9,2294.4,3388,2294.5182,2293.7873,2292.935,1,0.8038,0.7722,0.0315,1,18.1843,24.8668,21.9566,55.1383,0,63.6364,75.0,0.0872,2295.8541,2292.2159,2294.035,0.0016,0.6003,1.2547,2293.9032,1,-850512,4817.35,0,0.5,-1,-1.4009,0.3455,1
2026-05-26 12:27:00,2294.4,2295.0,2294.0,2294.9,1448,2294.5946,2293.8885,2293.0121,1,0.7896,0.7757,0.0139,1,17.4159,24.008,20.6883,57.5151,0,75.0,71.9697,0.0829,2295.9328,2292.2172,2294.075,0.0016,0.722,1.2365,2293.9062,1,-849064,4254.3,0,0.5,1,-1.3795,0.3674,0
2026-05-26 12:28:00,2294.9,2295.0,2294.5,2294.7,3012,2294.6157,2293.9623,2293.0782,1,0.7535,0.7713,-0.0178,-1,16.7024,23.2838,20.0642,56.2318,0,70.4545,69.697,0.0349,2295.9925,2292.2475,2294.12,0.0016,0.6549,1.1839,2293.9951,1,-852076,3826.5,0,0.4,-1,-1.3881,0.3586,1
2026-05-26 12:29:00,2294.9,2295.5,2294.7,2295.1,4750,2294.7125,2294.0657,2293.1575,1,0.7485,0.7667,-0.0182,-1,16.5009,25.2214,19.0728,58.2387,0,79.5455,75.0,0.048,2296.0647,2292.2353,2294.15,0.0017,0.7481,1.1565,2294.0642,1,-847326,3775.6,0,0.25,1,-1.3709,0.3761,1
2026-05-26 12:30:00,2295.0,2296.2,2294.8,2296.0,17667,2294.97,2294.2415,2293.269,1,0.8079,0.775,0.033,1,16.8989,27.3322,17.4481,62.4148,0,95.122,81.7073,0.1003,2296.3251,2292.1749,2294.25,0.0018,0.9217,1.1739,2294.3757,1,-829659,4544.25,1,0.7143,1,-1.3322,0.4155,1
2026-05-26 12:31:00,2296.8,2297.9,2296.7,2297.9,6738,2295.556,2294.5741,2293.4506,1,0.9968,0.8193,0.1775,1,18.3773,34.2124,15.5163,69.3768,-1,100.0,91.5558,0.1438,2297.0153,2291.7947,2294.405,0.0023,1.1695,1.2258,2294.595,1,-822921,4690.85,0,0.9167,1,-1.2505,0.4986,0
2026-05-26 12:32:00,2298.5,2298.5,2297.5,2297.9,4341,2296.0248,2294.8765,2293.6251,1,1.1335,0.8822,0.2513,1,20.0638,35.7352,14.6,69.3768,-1,88.6792,94.6004,0.1046,2297.6085,2291.5715,2294.59,0.0026,1.0483,1.2096,2294.762,1,-818580,4775.4,0,0.6,-1,-1.2505,0.4986,0
2026-05-26 12:33:00,2297.7,2297.9,2296.0,2296.3,3849,2296.0798,2295.0059,2293.73,1,1.1,0.9257,0.1742,1,20.0141,31.8829,21.5367,58.7488,0,58.4906,82.3899,0.0566,2297.7927,2291.6673,2294.73,0.0027,0.7563,1.259,2294.9087,1,-822429,4736.3,0,0.7368,-1,-1.3193,0.4286,0
2026-05-26 12:34:00,2296.3,2296.3,2296.0,2296.1,1585,2296.0839,2295.1054,2293.8229,1,1.0452,0.9496,0.0956,1,19.968,31.309,21.149,57.5617,0,50.0,65.7233,0.0349,2297.9023,2291.8577,2294.88,0.0026,0.7018,1.1905,2295.034,1,-824014,4549.1,0,0.6667,-1,-1.3279,0.4199,0
2026-05-26 12:35:00,2296.1,2296.1,2294.5,2294.8,2900,2295.8271,2295.0776,2293.8613,1,0.8867,0.937,-0.0503,-1,18.5954,28.3754,27.9516,50.4291,0,19.5652,42.6853,-0.0087,2297.7223,2292.3277,2295.025,0.0024,0.4583,1.2197,2295.2622,-1,-826914,4349.0,0,0.8125,-1,-1.3838,0.363,1
2026-05-26 12:36:00,2295.0,2295.9,2295.0,2295.9,1397,2295.8417,2295.1524,2293.9412,1,0.8402,0.9177,-0.0775,-1,17.3209,26.5346,26.1383,55.4585,0,43.4783,37.6812,0.0654,2297.6347,2292.7653,2295.2,0.0021,0.6438,1.2112,2295.3318,1,-825517,4330.0,0,1.0,1,-1.3365,0.4111,1
2026-05-26 12:37:00,2295.7,2296.2,2295.7,2296.2,3128,2295.9133,2295.2476,2294.0298,1,0.8181,0.8977,-0.0797,-1,16.3849,27.5646,25.3338,56.7473,0,50.0,37.6812,0.0566,2297.6089,2293.1111,2295.36,0.002,0.6868,1.1604,2295.4206,1,-822389,4380.4,0,1.0,1,-1.3236,0.4242,0
2026-05-26 12:38:00,2296.4,2296.4,2296.0,2296.0,2754,2295.9307,2295.316,2294.107,1,0.7755,0.8733,-0.0978,-1,15.6831,28.1442,24.6794,55.5924,0,45.6522,46.3768,0.0567,2297.6258,2293.3042,2295.465,0.0019,0.6238,1.106,2295.5207,1,-825143,4330.4,0,1.0,-1,-1.3322,0.4155,0
2026-05-26 12:39:00,2296.0,2296.0,2294.8,2294.8,2591,2295.7045,2295.2691,2294.1342,1,0.6375,0.8261,-0.1886,-1,15.1328,25.9763,30.4813,49.1313,0,19.5652,38.4058,-0.0131,2297.5839,2293.4261,2295.505,0.0018,0.3304,1.1128,2295.5402,-1,-827734,4380.1,0,1.0,-1,-1.3838,0.363,0
2026-05-26 12:40:00,2295.3,2295.3,2294.0,2294.2,5150,2295.4036,2295.1719,2294.1368,1,0.4743,0.7558,-0.2814,-1,15.2083,23.8343,33.0421,46.2377,0,4.4444,23.2206,-0.0784,2297.5321,2293.5279,2295.53,0.0017,0.1678,1.1261,2295.57,-1,-832884,4427.95,0,0.8462,-1,-1.4095,0.3368,0
2026-05-26 12:41:00,2294.2,2294.2,2292.4,2294.0,4097,2295.1229,2295.0654,2294.1314,1,0.3251,0.6696,-0.3445,-1,16.2432,21.2247,39.1568,45.2804,0,26.2295,16.7464,-0.1697,2297.5736,2293.4264,2295.5,0.0018,0.1383,1.1743,2295.5979,-1,-836981,4211.45,0,0.1111,-1,-1.4181,0.328,1
2026-05-26 12:42:00,2294.0,2295.7,2293.1,2295.2,25913,2295.1383,2295.0776,2294.1733,1,0.3002,0.5958,-0.2955,-1,15.9077,26.5319,33.4583,51.7371,0,45.9016,25.5252,-0.1175,2297.5628,2293.4072,2295.485,0.0018,0.4314,1.2761,2295.3702,-1,-811068,5138.95,1,0.4615,1,-1.3666,0.3805,1
2026-05-26 12:43:00,2295.0,2295.4,2295.0,2295.4,752,2295.1907,2295.1069,2294.2214,1,0.2933,0.5353,-0.242,-1,15.5961,25.9072,32.6705,52.738,0,49.1803,40.4372,-0.0392,2297.5714,2293.4386,2295.505,0.0018,0.4746,1.2135,2295.3855,1,-810316,4991.85,0,1.0,1,-1.358,0.3892,1
2026-05-26 12:44:00,2295.5,2296.7,2295.5,2296.0,3230,2295.3525,2295.1881,2294.2912,1,0.3323,0.4947,-0.1624,-1,14.64,31.548,30.1833,55.7059,0,59.0164,51.3661,-0.0044,2297.615,2293.465,2295.54,0.0018,0.6108,1.2197,2295.4134,1,-807086,5018.1,0,0.4167,1,-1.3322,0.4155,0
2026-05-26 12:45:00,2296.5,2296.5,2295.0,2295.1,20298,2295.302,2295.1801,2294.3229,1,0.2873,0.4532,-0.1659,-1,13.7912,28.8215,30.4555,50.5755,0,44.2623,50.8197,0.0131,2297.6152,2293.4748,2295.545,0.0018,0.3925,1.2397,2295.4406,-1,-827384,5949.4,1,0.9333,-1,-1.3709,0.3761,1
2026-05-26 12:46:00,2295.1,2296.0,2295.0,2295.8,22294,2295.4016,2295.2364,2294.3808,1,0.3047,0.4235,-0.1188,-1,13.003,27.1376,28.6762,54.1152,0,61.8182,55.0323,-0.0044,2297.6193,2293.6107,2295.615,0.0017,0.5462,1.2226,2295.4919,1,-805090,6894.7,1,0.7,1,-1.3408,0.4067,1
2026-05-26 12:47:00,2295.7,2296.7,2295.7,2296.2,5048,2295.5613,2295.324,2294.4522,1,0.3467,0.4081,-0.0615,-1,12.4142,29.6748,26.9788,56.052,0,88.3721,64.8175,0.0,2297.6716,2293.6884,2295.68,0.0017,0.6305,1.2067,2295.526,1,-800042,7074.7,0,0.5,1,-1.3236,0.4242,0
2026-05-26 12:48:00,2295.9,2296.0,2295.0,2295.5,6884,2295.549,2295.34,2294.4933,1,0.3198,0.3905,-0.0707,-1,11.7339,27.5661,29.2068,51.9215,0,72.093,74.0944,-0.0218,2297.6628,2293.7772,2295.72,0.0017,0.4434,1.2062,2295.5412,-1,-806926,7268.3,0,0.4,-1,-1.3537,0.3936,1
2026-05-26 12:49:00,2295.4,2297.6,2295.0,2297.3,8538,2295.8992,2295.5182,2294.6033,1,0.4387,0.4001,0.0386,1,11.8089,32.3978,25.0529,60.0699,0,94.2308,84.8986,0.1089,2297.8668,2293.7932,2295.83,0.0018,0.8609,1.3058,2295.6177,1,-798388,7457.7,0,0.7308,1,-1.2763,0.4723,0
2026-05-26 12:50:00,2297.3,2297.3,2295.1,2295.4,1152,2295.7994,2295.5075,2294.6346,1,0.3753,0.3951,-0.0199,-1,11.8786,28.6807,22.1785,50.3664,0,57.6923,74.672,0.0523,2297.8435,2293.7565,2295.8,0.0018,0.4021,1.3697,2295.614,-1,-799540,6631.95,0,0.8636,-1,-1.358,0.3892,0
2026-05-26 12:51:00,2295.0,2296.3,2295.0,2295.2,5769,2295.6795,2295.4795,2294.6567,1,0.3054,0.3772,-0.0718,-1,11.8554,26.7292,21.1928,49.4607,0,53.8462,68.5897,0.0523,2297.4797,2293.8503,2295.665,0.0016,0.3719,1.3647,2295.5124,-1,-805309,6583.5,0,0.1538,1,-1.3666,0.3805,1
2026-05-26 12:52:00,2296.0,2296.0,2295.0,2295.6,11071,2295.6636,2295.4905,2294.6937,1,0.279,0.3576,-0.0785,-1,11.8338,25.3029,20.062,51.3452,0,61.5385,57.6923,0.0174,2297.0473,2294.0527,2295.55,0.0013,0.5167,1.3386,2295.4371,1,-794238,6920.0,1,0.4,-1,-1.3494,0.398,1
2026-05-26 12:53:00,2295.6,2296.4,2295.0,2296.0,5490,2295.7309,2295.5368,2294.745,1,0.2871,0.3435,-0.0564,-1,12.1184,25.5463,18.5682,53.2235,0,69.2308,61.5385,0.0261,2297.0078,2294.0622,2295.535,0.0013,0.6579,1.343,2295.4157,1,-788748,7002.05,0,0.2857,1,-1.3322,0.4155,1
2026-05-26 12:54:00,2295.9,2298.6,2295.4,2298.6,19071,2296.3047,2295.8153,2294.8961,1,0.4976,0.3743,0.1233,1,13.7186,32.2384,15.6921,63.1751,0,100.0,76.9231,0.1132,2297.6403,2293.6797,2295.66,0.0017,1.2423,1.4757,2295.6649,1,-769677,7876.35,1,0.8437,1,-1.2205,0.5292,1
2026-05-26 12:55:00,2298.6,2299.1,2297.9,2299.0,21058,2296.8438,2296.1048,2295.0571,1,0.6887,0.4372,0.2515,1,15.4457,32.7934,14.7682,64.4289,0,98.3333,89.188,0.1699,2298.2842,2293.4558,2295.87,0.0021,1.1482,1.456,2296.0335,1,-748619,8784.25,1,0.3333,1,-1.2033,0.5467,0
2026-05-26 12:56:00,2299.0,2299.9,2298.2,2298.9,29235,2297.255,2296.3589,2295.2078,1,0.8226,0.5143,0.3084,1,17.4115,33.9691,13.5511,63.8436,0,79.5918,92.6417,0.135,2298.7722,2293.2678,2296.02,0.0024,1.0232,1.4734,2296.4626,1,-777854,10176.15,1,0.0588,-1,-1.2076,0.5423,0
2026-05-26 12:57:00,2298.9,2299.0,2297.8,2298.9,7348,2297.584,2296.5899,2295.3526,1,0.9182,0.595,0.3231,1,18.807,31.9664,14.7174,63.8436,0,79.5918,85.839,0.1176,2299.1805,2293.1295,2296.155,0.0026,0.9536,1.4539,2296.5434,1,-770506,10387.15,0,0.0,1,-1.2076,0.5423,0
2026-05-26 12:58:00,2298.8,2299.0,2298.0,2298.9,4009,2297.8472,2296.7999,2295.4917,1,0.9826,0.6725,0.31,1,20.1028,30.3601,13.9779,63.8436,0,79.5918,79.5918,0.1481,2299.5515,2293.0485,2296.3,0.0028,0.8998,1.4214,2296.5889,1,-766497,10449.9,0,0.1,1,-1.2076,0.5423,0
2026-05-26 12:59:00,2298.9,2299.1,2298.8,2298.9,2799,2298.0578,2296.9908,2295.6253,1,1.0218,0.7424,0.2794,1,21.3604,30.4076,13.7546,63.8436,0,79.5918,79.5918,0.0696,2299.8674,2293.1426,2296.505,0.0029,0.8561,1.3413,2296.6375,1,-763698,10460.3,0,0.0,1,-1.2076,0.5423,0
2026-05-26 13:00:00,2296.8,2297.7,2295.3,2296.3,7877,2297.7062,2296.928,2295.6518,1,0.8335,0.7606,0.0729,1,20.2148,25.2041,28.0378,48.4523,0,26.5306,61.9048,0.0392,2299.8049,2293.4151,2296.61,0.0028,0.4515,1.5027,2296.6819,-1,-771575,10596.65,0,0.2083,-1,-1.3193,0.4286,0
2026-05-26 13:01:00,2296.5,2296.6,2295.3,2296.0,4524,2297.365,2296.8437,2295.6655,1,0.6526,0.739,-0.0864,-1,19.1511,23.6315,26.2884,47.043,0,20.4082,42.1769,0.0349,2299.6899,2293.7301,2296.71,0.0026,0.3809,1.4882,2296.7274,-1,-776099,10618.0,0,0.3846,-1,-1.3322,0.4155,0
2026-05-26 13:02:00,2295.9,2296.5,2294.8,2295.2,5626,2296.932,2296.6942,2295.6472,1,0.4396,0.6791,-0.2396,-1,18.4962,21.7227,26.5407,43.4165,0,7.8431,18.2606,-0.0174,2299.6899,2293.7301,2296.71,0.0026,0.2466,1.5033,2296.9694,-1,-781725,9603.65,0,0.4118,-1,-1.3666,0.3805,0
2026-05-26 13:03:00,2295.2,2295.7,2293.4,2293.8,5721,2296.3056,2296.4311,2295.5748,-1,0.156,0.5745,-0.4185,-1,18.7191,19.4354,30.1553,37.9091,0,6.1538,11.4684,-0.0958,2299.8244,2293.4356,2296.63,0.0028,0.057,1.5602,2296.8984,-1,-787446,9852.1,0,0.6087,-1,-1.4267,0.3193,1
2026-05-26 13:04:00,2293.8,2294.2,2293.5,2294.2,2881,2295.8845,2296.2283,2295.5209,-1,-0.0361,0.4524,-0.4885,-1,18.9261,18.787,29.1493,40.2415,0,12.3077,8.7682,-0.1914,2299.8976,2293.1824,2296.54,0.0029,0.1515,1.4988,2296.8691,-1,-784565,9834.65,0,0.5714,1,-1.4095,0.3368,1
2026-05-26 13:05:00,2294.0,2294.4,2293.9,2294.4,2107,2295.5876,2296.0621,2295.4769,-1,-0.1702,0.3279,-0.4981,-1,18.9362,19.3178,28.42,41.4263,0,15.3846,11.2821,-0.2001,2299.9357,2293.0743,2296.505,0.003,0.1932,1.4274,2296.9899,-1,-782458,8925.1,0,0.8,1,-1.4009,0.3455,1
2026-05-26 13:06:00,2294.3,2294.8,2293.7,2294.5,8263,2295.3701,2295.9201,2295.4386,-1,-0.2654,0.2092,-0.4746,-1,18.5781,20.2717,26.8296,42.045,0,16.9231,14.8718,-0.1914,2299.9695,2292.9105,2296.44,0.0031,0.2252,1.4041,2297.0449,-1,-774195,8223.55,0,0.1818,1,-1.3966,0.3499,0
2026-05-26 13:07:00,2294.6,2294.6,2292.6,2292.6,4878,2294.816,2295.6183,2295.3273,-1,-0.4884,0.0697,-0.5581,-1,18.943,18.2698,29.6115,34.5727,1,0.0,10.7692,-0.274,2300.1671,2292.3529,2296.26,0.0034,0.0316,1.4466,2296.9587,-1,-779073,8215.05,0,1.0,-1,-1.4783,0.2668,0
2026-05-26 13:08:00,2292.5,2292.5,2290.0,2290.7,27753,2293.9928,2295.1711,2295.1458,-1,-0.8092,-0.1061,-0.7031,-1,20.5032,16.0507,38.161,29.0187,1,7.0707,7.9979,-0.3567,2300.6137,2291.4263,2296.02,0.004,-0.079,1.529,2296.1298,-1,-806826,9258.5,1,0.72,-1,-1.5599,0.1837,0
2026-05-26 13:09:00,2290.2,2290.7,2289.8,2290.6,15199,2293.3143,2294.7556,2294.9675,-1,-1.0593,-0.2967,-0.7626,-1,22.0289,15.3555,37.4705,28.7568,1,7.9208,4.9972,-0.361,2300.8037,2290.5663,2295.685,0.0045,0.0033,1.4841,2295.6508,-1,-822025,9591.55,1,0.4444,1,-1.5642,0.1793,0
2026-05-26 13:10:00,2290.6,2290.6,2289.7,2290.4,9961,2292.7314,2294.3596,2294.7884,-1,-1.2591,-0.4892,-0.7699,-1,23.4861,14.6711,36.2957,28.2086,1,7.4468,7.4794,-0.2569,2301.0494,2289.8206,2295.435,0.0049,0.0516,1.4424,2295.3802,-1,-831986,10032.0,0,0.2222,-1,-1.5728,0.1706,1
2026-05-26 13:11:00,2290.2,2291.7,2290.0,2291.4,13825,2292.4651,2294.0906,2294.6555,-1,-1.3216,-0.6557,-0.6659,-1,23.789,18.8303,33.2786,34.8922,1,18.0851,11.1509,-0.2003,2301.129,2289.361,2295.245,0.0051,0.1733,1.4608,2295.0889,-1,-818161,10434.8,0,0.7059,1,-1.5299,0.2143,1
2026-05-26 13:12:00,2291.8,2292.1,2290.3,2291.8,7691,2292.3321,2293.8823,2294.5436,-1,-1.3235,-0.7893,-0.5343,-1,23.7158,19.124,30.3973,37.4026,0,22.3404,15.9574,-0.1481,2301.1234,2288.9866,2295.055,0.0053,0.2318,1.485,2294.9268,-1,-810470,10265.8,0,0.0,1,-1.5127,0.2318,1
2026-05-26 13:13:00,2291.9,2292.4,2291.5,2292.4,3531,2292.3457,2293.7476,2294.4595,-1,-1.2621,-0.8838,-0.3783,-1,23.3811,19.7569,29.0433,41.0728,0,33.75,24.7252,-0.061,2301.0335,2288.7165,2294.875,0.0054,0.2991,1.4432,2294.8541,-1,-806939,10167.85,0,0.5556,1,-1.4869,0.258,1
2026-05-26 13:14:00,2292.6,2293.3,2292.6,2293.3,2772,2292.5365,2293.7069,2294.414,-1,-1.1278,-0.9326,-0.1952,-1,22.3093,23.43,27.7138,46.1712,0,52.1739,36.0881,-0.0392,2300.5571,2288.6629,2294.61,0.0052,0.3899,1.4044,2294.5545,-1,-804167,9352.9,0,1.0,1,-1.4482,0.2974,0
2026-05-26 13:15:00,2293.3,2293.4,2292.0,2292.4,7720,2292.5092,2293.5881,2294.335,-1,-1.0815,-0.9624,-0.1191,-1,21.7092,21.7613,28.7924,42.2359,0,39.7059,41.8766,-0.0872,2299.9417,2288.6183,2294.28,0.0049,0.334,1.4041,2293.9691,-1,-811887,8686.0,0,0.6429,-1,-1.4869,0.258,1
2026-05-26 13:16:00,2292.5,2293.6,2292.4,2293.6,2106,2292.7274,2293.5892,2294.3062,-1,-0.9372,-0.9574,0.0202,1,20.9794,21.447,27.0163,48.5345,0,65.0,52.2933,-0.0392,2299.2683,2288.7617,2294.015,0.0046,0.4605,1.3895,2292.9548,1,-809781,7329.55,0,0.9167,1,-1.4353,0.3105,0
2026-05-26 13:17:00,2293.7,2293.8,2293.4,2293.5,6766,2292.8819,2293.5811,2294.2746,-1,-0.8214,-0.9302,0.1087,1,20.1238,22.0656,26.431,48.0642,0,74.5098,59.7386,0.0393,2298.4975,2288.9925,2293.745,0.0041,0.4742,1.3188,2292.7007,1,-816547,7300.45,0,0.5,-1,-1.4396,0.3061,1
2026-05-26 13:18:00,2293.7,2293.8,2293.0,2293.7,11844,2293.0455,2293.5919,2294.2521,-1,-0.7054,-0.8852,0.1798,1,19.6277,21.0819,27.4817,49.1261,0,78.4314,72.6471,0.131,2297.6082,2289.3618,2293.485,0.0036,0.5261,1.2818,2292.6077,1,-804703,7692.2,1,0.0,1,-1.431,0.3149,1
2026-05-26 13:19:00,2293.6,2295.2,2293.5,2294.8,12392,2293.3964,2293.7017,2294.2736,-1,-0.5187,-0.8119,0.2932,1,18.4767,26.7542,24.9375,54.6216,0,92.7273,81.8895,0.1834,2296.6437,2289.9163,2293.28,0.0029,0.7259,1.3116,2292.6428,1,-792311,8171.85,1,0.7059,1,-1.3838,0.363,1
2026-05-26 13:20:00,2294.8,2296.4,2294.1,2295.7,3725,2293.8571,2293.8834,2294.3295,-1,-0.2948,-0.7085,0.4137,1,18.2339,29.7754,21.9736,58.5653,0,89.5522,86.9036,0.2314,2296.5147,2289.9853,2293.25,0.0028,0.8752,1.3822,2292.5198,1,-788586,7964.25,0,0.3913,1,-1.3451,0.4024,1
2026-05-26 13:21:00,2296.3,2296.4,2295.9,2295.9,11785,2294.2657,2294.0667,2294.3911,1,-0.1,-0.5868,0.4868,1,18.0083,28.659,21.1497,59.4095,0,92.5373,91.6056,0.1964,2296.4931,2289.9969,2293.245,0.0028,0.9087,1.3335,2292.6772,1,-776801,8327.3,0,0.8,-1,-1.3365,0.4111,1
2026-05-26 13:22:00,2296.0,2296.2,2295.2,2296.1,4964,2294.6326,2294.2515,2294.4581,1,0.0697,-0.4555,0.5252,1,17.1825,27.096,23.8139,60.281,0,95.5224,92.5373,0.1876,2296.6675,2289.9125,2293.29,0.0029,0.916,1.3097,2292.6759,1,-771837,8294.2,0,0.1,1,-1.3279,0.4199,1
2026-05-26 13:23:00,2296.2,2296.6,2295.4,2296.6,9360,2295.0261,2294.465,2294.5421,1,0.2418,-0.316,0.5578,1,16.7104,27.5067,22.246,62.4516,0,100.0,96.0199,0.1832,2297.0999,2289.7601,2293.43,0.0032,0.9319,1.3019,2292.8157,1,-762477,8476.15,0,0.3333,1,-1.3064,0.4417,0
2026-05-26 13:24:00,2296.6,2296.8,2295.4,2295.6,5122,2295.1408,2294.5682,2294.5836,1,0.2941,-0.194,0.4881,1,16.4203,26.4965,20.5464,55.875,0,82.3529,92.6251,0.1003,2297.2778,2289.7222,2293.5,0.0033,0.7779,1.3089,2292.8893,1,-767599,8588.2,0,0.7143,-1,-1.3494,0.398,1
2026-05-26 13:25:00,2296.3,2296.4,2295.1,2295.7,1684,2295.2527,2294.6711,2294.6274,1,0.3396,-0.0873,0.4269,1,15.8602,24.6158,20.726,56.3698,0,83.0769,88.4766,0.144,2297.4459,2289.6841,2293.565,0.0034,0.7751,1.3082,2292.9007,1,-765915,8567.05,0,0.4615,-1,-1.3451,0.4024,0
2026-05-26 13:26:00,2295.7,2295.9,2294.8,2294.8,6237,2295.1621,2294.6828,2294.6341,1,0.2997,-0.0099,0.3096,1,15.0497,23.1204,21.1237,50.8438,0,62.2642,75.898,0.0523,2297.4775,2289.6825,2293.58,0.0034,0.6565,1.2934,2292.9143,1,-772152,8465.75,0,0.8182,-1,-1.3838,0.363,1
2026-05-26 13:27:00,2295.0,2296.8,2294.9,2296.1,11340,2295.3497,2294.8117,2294.6916,1,0.3687,0.0658,0.3028,1,15.0332,25.4464,18.8781,57.3479,0,85.4167,76.9192,0.1134,2297.7732,2289.7368,2293.755,0.0035,0.7918,1.3438,2293.0993,1,-760812,8788.85,0,0.5789,1,-1.3279,0.4199,0
2026-05-26 13:28:00,2296.2,2296.2,2294.2,2294.8,7137,2295.2398,2294.8106,2294.6959,1,0.3148,0.1156,0.1992,1,14.3379,22.8324,20.5342,50.1954,0,58.3333,68.6714,0.048,2297.7454,2290.1746,2293.96,0.0033,0.611,1.3907,2293.5534,1,-767949,7758.05,0,0.7,-1,-1.3838,0.363,0
2026-05-26 13:29:00,2294.8,2294.8,2293.2,2293.6,15694,2294.9118,2294.7005,2294.6529,1,0.1733,0.1271,0.0461,1,13.786,20.9761,23.9462,44.6585,0,27.2727,57.0076,-0.0523,2297.5752,2290.6448,2294.11,0.003,0.4264,1.4057,2293.8961,-1,-783643,7782.8,1,0.75,-1,-1.4353,0.3105,1
2026-05-26 13:30:00,2293.6,2297.7,2293.6,2295.6,19581,2295.0495,2294.7823,2294.69,1,0.22,0.1457,0.0743,1,14.317,30.0939,19.558,53.8046,0,55.3191,46.9751,-0.0044,2297.4406,2291.2994,2294.37,0.0027,0.7003,1.5981,2294.3227,1,-764062,8263.8,1,0.4878,1,-1.3494,0.398,0
2026-05-26 13:31:00,2295.1,2295.9,2294.4,2294.9,24963,2295.0196,2294.793,2294.6983,1,0.1982,0.1562,0.042,1,14.81,28.0674,18.241,50.6495,0,40.4255,41.0058,-0.0436,2297.3014,2291.7886,2294.545,0.0024,0.5644,1.5911,2294.6857,1,-789025,8820.7,1,0.1333,-1,-1.2776,0.3674,0
2026-05-26 13:32:00,2294.9,2295.1,2292.3,2293.9,17329,2294.7956,2294.7118,2294.667,1,0.0992,0.1448,-0.0457,-1,13.7934,24.721,25.0083,46.4582,0,29.6296,41.7914,-0.0958,2297.1259,2292.1741,2294.65,0.0022,0.3485,1.6774,2294.7359,-1,-806354,9302.6,1,0.3571,-1,-1.3207,0.3236,0
2026-05-26 13:33:00,2293.5,2295.2,2292.7,2293.5,10680,2294.5365,2294.6017,2294.6212,-1,-0.0115,0.1135,-0.1251,-1,12.8326,22.5898,22.4362,44.8592,0,22.2222,30.7591,-0.135,2297.0223,2292.3877,2294.705,0.002,0.24,1.7362,2294.7324,-1,-817034,9660.05,0,0.0,1,-1.3379,0.3061,1
2026-05-26 13:34:00,2293.5,2294.9,2292.8,2294.9,3542,2294.6092,2294.6288,2294.6321,-1,0.0136,0.0936,-0.08,-1,11.9403,20.6669,20.5264,51.1913,0,48.1481,33.3333,-0.0305,2297.0115,2292.5585,2294.785,0.0019,0.5258,1.7622,2294.7465,1,-813492,9698.55,0,0.6667,1,-1.1714,0.3674,0
2026-05-26 13:35:00,2294.6,2295.4,2293.7,2294.8,1312,2294.6474,2294.6443,2294.6387,1,0.0251,0.0799,-0.0547,-1,11.47,21.271,19.1084,50.7431,0,46.2963,38.8889,-0.0392,2296.8446,2292.9654,2294.905,0.0017,0.4729,1.7577,2294.834,-1,-814804,9378.15,0,0.1176,1,-1.1757,0.363,0
2026-05-26 13:36:00,2294.8,2294.9,2294.4,2294.4,2452,2294.5979,2294.6221,2294.6294,-1,0.002,0.0643,-0.0623,-1,11.0333,20.8156,18.6992,48.8987,0,38.8889,44.4444,-0.0174,2296.8067,2293.0833,2294.945,0.0016,0.3536,1.6679,2294.8488,-1,-817256,9395.45,0,0.8,-1,-0.9968,0.3455,0
2026-05-26 13:37:00,2294.9,2294.9,2292.7,2293.5,1565,2294.3783,2294.5201,2294.5851,-1,-0.088,0.0338,-0.1218,-1,11.1086,18.8981,24.0948,44.9406,0,22.2222,35.8025,-0.1132,2296.8067,2293.0833,2294.945,0.0016,0.1119,1.7059,2294.8865,-1,-818821,9135.4,0,0.6364,-1,-0.9972,0.3061,0
2026-05-26 13:38:00,2293.2,2293.2,2292.2,2292.8,3874,2294.0627,2294.3637,2294.5151,-1,-0.2133,-0.0156,-0.1977,-1,11.4914,17.8516,24.8903,42.0871,0,10.9091,24.0067,-0.0872,2296.9169,2292.8831,2294.9,0.0018,-0.0206,1.6769,2294.9327,-1,-822695,8736.9,0,0.4,-1,-0.9333,0.2755,0
2026-05-26 13:39:00,2292.7,2292.7,2291.6,2291.6,1753,2293.5701,2294.1125,2294.4008,-1,-0.4048,-0.0934,-0.3113,-1,12.2078,16.9202,26.2004,37.6712,0,0.0,11.0438,-0.0872,2297.2182,2292.2618,2294.74,0.0022,-0.1335,1.6429,2294.9337,-1,-824448,8204.95,0,1.0,-1,-0.9381,0.223,1
2026-05-26 13:40:00,2291.8,2293.5,2291.8,2293.0,3918,2293.4561,2294.0114,2294.3458,-1,-0.4385,-0.1624,-0.2761,-1,12.1793,18.9778,24.0599,44.9307,0,22.9508,11.2866,-0.1133,2297.1525,2292.0575,2294.605,0.0022,0.185,1.6612,2294.8715,-1,-820530,8214.6,0,0.7059,1,-0.8218,0.2843,0
2026-05-26 13:41:00,2293.0,2293.5,2292.6,2292.9,2713,2293.3449,2293.9103,2294.2891,-1,-0.4679,-0.2235,-0.2444,-1,12.1528,18.2185,23.0974,44.5318,0,21.3115,14.7541,-0.0871,2297.033,2291.877,2294.455,0.0022,0.1984,1.6068,2294.748,-1,-823243,7761.0,0,0.1111,-1,-0.8261,0.2799,0
2026-05-26 13:42:00,2293.0,2293.5,2291.9,2291.9,11824,2293.0559,2293.7276,2294.1954,-1,-0.5654,-0.2919,-0.2735,-1,12.6008,16.9223,24.5667,40.645,0,4.918,16.3934,-0.0872,2296.9346,2291.5554,2294.245,0.0023,0.0641,1.6064,2294.5459,-1,-835067,8104.0,0,0.6875,-1,-0.8694,0.2362,0
2026-05-26 13:43:00,2291.9,2291.9,2289.1,2290.1,19149,2292.4647,2293.3978,2294.0348,-1,-0.7789,-0.3893,-0.3896,-1,14.44,14.9216,33.4852,34.7633,1,11.6279,12.6191,-0.1482,2296.943,2290.897,2293.92,0.0026,-0.1318,1.6916,2293.9902,-1,-854216,8593.45,1,0.6429,-1,-0.8615,0.1574,0
2026-05-26 13:44:00,2290.1,2290.1,2288.0,2288.5,7211,2291.6718,2292.9525,2293.8178,-1,-1.0649,-0.5244,-0.5405,-1,16.5602,13.6209,35.1323,30.5336,1,6.3291,7.625,-0.2789,2297.2993,2289.8307,2293.565,0.0033,-0.1782,1.7208,2293.7206,-1,-861427,8697.9,0,0.7619,-1,-0.9136,0.0875,1
2026-05-26 13:45:00,2288.5,2289.9,2288.5,2289.8,8337,2291.2974,2292.6659,2293.6602,-1,-1.1732,-0.6542,-0.519,-1,18.529,12.8187,33.0631,37.2175,0,24.3243,14.0938,-0.2179,2297.2096,2289.3304,2293.27,0.0034,0.0596,1.6979,2293.5024,-1,-853090,9030.55,0,0.9286,1,-0.81,0.1443,0
2026-05-26 13:46:00,2289.8,2289.8,2287.2,2288.1,18903,2290.6579,2292.2509,2293.4422,-1,-1.3803,-0.7994,-0.5809,-1,20.8112,11.4678,34.8479,32.7763,1,10.9756,13.8763,-0.2746,2297.4014,2288.4686,2292.935,0.0039,-0.0413,1.7623,2292.9464,-1,-871993,9663.85,1,0.6538,-1,-0.8837,0.07,1
2026-05-26 13:47:00,2288.2,2288.3,2287.0,2288.3,7544,2290.1864,2291.8917,2293.2405,-1,-1.5108,-0.9417,-0.5691,-1,22.9958,10.852,33.8028,33.7775,1,15.4762,16.9254,-0.2267,2297.1962,2287.8938,2292.545,0.0041,0.0437,1.7293,2292.5654,-1,-864449,9474.05,0,0.0769,1,-0.875,0.0787,0
2026-05-26 13:48:00,2288.3,2288.7,2286.4,2287.7,11730,2289.6891,2291.5106,2293.0232,-1,-1.6438,-1.0821,-0.5617,-1,25.2202,9.8448,33.0867,32.2268,1,14.4444,13.6321,-0.2224,2297.1707,2287.2093,2292.19,0.0043,0.0493,1.7701,2292.1733,-1,-876179,9703.7,0,0.2609,-1,-0.901,0.0525,0
2026-05-26 13:49:00,2287.0,2287.5,2285.0,2285.4,15960,2288.8313,2290.9551,2292.7243,-1,-1.9126,-1.2482,-0.6644,-1,27.6923,8.811,35.0573,27.0922,1,4.0404,11.3203,-0.2706,2297.5209,2286.0391,2291.78,0.005,-0.0557,1.8365,2291.5268,-1,-892139,9717.0,1,0.64,-1,-1.0006,0.0,0
2026-05-26 13:50:00,2285.3,2285.3,2281.0,2283.8,26364,2287.825,2290.3047,2292.3743,-1,-2.2292,-1.4444,-0.7848,-1,30.7809,7.4398,43.7489,24.2032,1,20.1439,12.8762,-0.4012,2297.623,2284.757,2291.19,0.0056,-0.0744,2.0196,2290.0574,-1,-918503,10056.15,1,0.3488,-1,-1.07,0.0,0
2026-05-26 13:51:00,2283.8,2284.0,2282.9,2283.0,9744,2286.86,2289.6406,2292.0067,-1,-2.5155,-1.6586,-0.8569,-1,33.6488,7.1406,41.9896,22.889,1,16.0,13.3948,-0.4318,2297.7105,2283.4795,2290.595,0.0062,-0.0337,1.9539,2289.0305,-1,-928247,9295.2,0,0.7273,-1,-1.0832,0.0,0
2026-05-26 13:52:00,2283.0,2283.1,2282.0,2282.7,10959,2286.028,2289.0096,2291.6417,-1,-2.7352,-1.8739,-0.8612,-1,36.4515,6.8443,43.6428,22.3978,1,13.6,16.5813,-0.4014,2297.7588,2282.3112,2290.035,0.0067,0.0252,1.8929,2288.1809,-1,-939206,8976.7,0,0.2727,-1,-1.0962,0.0,1
2026-05-26 13:53:00,2282.7,2283.5,2282.2,2283.5,3837,2285.5224,2288.5088,2291.3224,-1,-2.8123,-2.0616,-0.7507,-1,38.6689,8.0448,41.4529,26.9024,1,20.0,16.5333,-0.2882,2297.5847,2281.4853,2289.535,0.007,0.1251,1.8506,2287.7197,-1,-935369,8634.55,0,0.6154,1,-1.0615,0.035,0
2026-05-26 13:54:00,2283.5,2283.5,2283.0,2283.1,4222,2285.0379,2288.017,2291.0,-1,-2.8725,-2.2238,-0.6488,-1,40.7278,7.881,40.6089,26.087,1,16.8,16.8,-0.236,2297.0647,2280.8253,2288.945,0.0071,0.1401,1.7541,2287.4773,-1,-939591,8668.55,0,0.8,-1,-1.0746,0.0175,0
2026-05-26 13:55:00,2282.9,2282.9,2282.2,2282.8,10776,2284.5903,2287.5428,2290.6784,-1,-2.911,-2.3612,-0.5497,-1,42.7964,7.5817,42.4421,25.4637,1,14.4,17.0667,-0.3057,2296.4188,2280.2712,2288.345,0.0071,0.1566,1.6931,2287.1404,-1,-950367,9141.75,0,0.1429,-1,-1.0876,0.0044,1
2026-05-26 13:56:00,2282.9,2282.9,2282.4,2282.9,2649,2284.2523,2287.1207,2290.3734,-1,-2.8999,-2.469,-0.4309,-1,44.7172,7.4133,41.4994,26.0976,1,17.4312,16.2104,-0.2273,2295.6732,2279.8668,2287.77,0.0069,0.1919,1.6079,2286.9772,-1,-947718,9151.6,0,0.0,1,-1.0532,0.0088,0
2026-05-26 13:57:00,2282.9,2282.9,2282.5,2282.9,2745,2283.9818,2286.737,2290.0803,-1,-2.8582,-2.5468,-0.3114,-1,46.5008,7.2741,40.7201,26.0976,1,20.8791,17.5701,-0.236,2294.9545,2279.5255,2287.24,0.0067,0.2187,1.5216,2286.8573,-1,-944973,9210.6,0,0.0,1,-1.0532,0.0088,0
2026-05-26 13:58:00,2282.8,2282.9,2280.5,2280.5,18723,2283.2855,2286.17,2289.7046,-1,-2.9844,-2.6343,-0.3501,-1,48.5337,6.487,45.331,21.1021,1,0.0,12.7701,-0.3147,2294.4291,2278.8209,2286.625,0.0068,0.1076,1.5843,2286.2202,-1,-963696,9953.05,1,0.9583,-1,-1.1315,0.0,1
2026-05-26 13:59:00,2280.4,2281.5,2280.4,2281.3,3905,2282.8884,2285.7273,2289.375,-1,-2.9854,-2.7046,-0.2809,-1,50.4381,6.1581,43.4936,26.1749,1,9.5745,10.1512,-0.1794,2293.8923,2278.3277,2286.11,0.0068,0.191,1.5497,2286.0702,-1,-959791,10060.65,0,0.8182,1,-1.0411,0.0351,1
2026-05-26 14:00:00,2281.2,2281.5,2281.0,2281.5,2054,2282.6107,2285.343,2289.0662,-1,-2.9363,-2.7509,-0.1854,-1,52.2064,6.009,42.4403,27.431,1,13.253,7.6092,-0.1007,2292.8833,2278.1867,2285.535,0.0064,0.2254,1.4748,2285.8897,-1,-957737,9967.45,0,0.6,1,-1.0195,0.0439,0
2026-05-26 14:01:00,2281.2,2281.2,2278.1,2279.1,22314,2281.9086,2284.7754,2288.6754,-1,-3.0558,-2.8119,-0.2439,-1,54.27,5.1039,48.8954,22.4864,1,9.434,10.7538,-0.1708,2291.8825,2277.8075,2284.845,0.0062,0.0918,1.6123,2285.147,-1,-980051,10947.5,1,0.6774,-1,-1.1151,0.0,0
2026-05-26 14:02:00,2279.0,2279.4,2277.4,2277.9,17402,2281.1068,2284.1504,2288.2528,-1,-3.2103,-2.8916,-0.3187,-1,56.2648,4.6593,47.685,20.497,1,4.9505,9.2125,-0.2103,2291.0194,2277.2706,2284.145,0.006,0.0458,1.64,2284.2275,-1,-997453,11226.4,1,0.55,-1,-1.1328,0.0,0
2026-05-26 14:03:00,2277.9,2278.1,2276.7,2277.1,10335,2280.3055,2283.5094,2287.8154,-1,-3.3586,-2.985,-0.3736,-1,58.1922,4.3722,47.8276,19.2728,1,4.6512,6.3452,-0.2803,2290.4521,2276.5379,2283.495,0.0061,0.0404,1.6228,2283.3506,-1,-1007788,10785.7,0,0.5714,-1,-1.1675,0.0,1
2026-05-26 14:04:00,2276.8,2277.4,2276.0,2277.2,6783,2279.6844,2282.9359,2287.3991,-1,-3.4285,-3.0737,-0.3548,-1,60.0535,4.1001,47.9628,19.9166,1,15.0,8.2006,-0.2584,2290.0039,2275.8561,2282.93,0.0062,0.095,1.6069,2282.9616,-1,-1001005,10764.3,0,0.2857,1,-1.1632,0.0044,0
2026-05-26 14:05:00,2277.0,2277.0,2275.3,2275.9,13078,2278.9275,2282.2962,2286.9482,-1,-3.5479,-3.1685,-0.3794,-1,61.8498,3.7583,47.0357,17.9161,1,7.3171,8.9894,-0.3023,2289.203,2275.267,2282.235,0.0061,0.0454,1.6278,2282.3078,-1,-1014083,11001.35,0,0.6471,-1,-1.2196,0.0,1
2026-05-26 14:06:00,2276.3,2277.7,2276.3,2276.7,7208,2278.482,2281.7875,2286.5463,-1,-3.5372,-3.2423,-0.295,-1,62.709,6.5122,43.3485,23.0392,1,17.0732,13.1301,-0.2716,2288.4842,2274.8458,2281.665,0.006,0.136,1.6401,2281.5709,-1,-1006875,10416.6,0,0.2857,1,-1.0518,0.0352,1
2026-05-26 14:07:00,2277.5,2278.0,2277.2,2277.5,3764,2278.2856,2281.3977,2286.1916,-1,-3.4247,-3.2788,-0.146,-1,63.1659,7.4641,40.8574,27.8863,1,26.8293,17.0732,-0.2365,2287.4495,2274.8005,2281.125,0.0055,0.2134,1.6158,2281.2651,-1,-1003111,10227.6,0,0.0,1,-0.974,0.0703,1
2026-05-26 14:08:00,2277.6,2277.9,2277.2,2277.9,2314,2278.2085,2281.0797,2285.8664,-1,-3.2657,-3.2761,0.0105,1,63.5903,7.2234,39.5398,30.2517,1,34.2105,26.0377,-0.114,2286.3335,2274.9365,2280.635,0.005,0.26,1.5504,2280.8416,-1,-1000797,9756.8,0,0.4286,1,-0.9566,0.0879,0
2026-05-26 14:09:00,2277.7,2277.9,2277.5,2277.5,4227,2278.0668,2280.7543,2285.5383,-1,-3.1357,-3.2481,0.1123,1,63.9843,7.0828,38.7704,29.2195,1,28.9474,29.9957,-0.1666,2285.6505,2274.8295,2280.24,0.0047,0.2468,1.4683,2280.3216,-1,-1005024,9170.15,0,0.5,-1,-0.974,0.0703,0
2026-05-26 14:10:00,2277.6,2277.6,2276.1,2276.5,7493,2277.7534,2280.3676,2285.1839,-1,-3.0779,-3.214,0.1361,1,64.6545,6.5668,42.7459,26.7613,1,15.7895,26.3158,-0.2192,2285.2605,2274.4895,2279.875,0.0047,0.1867,1.4705,2279.6703,-1,-1012517,8226.6,0,0.7333,-1,-1.0174,0.0264,1
2026-05-26 14:11:00,2276.5,2276.8,2276.2,2276.7,2461,2277.5427,2280.0341,2284.8512,-1,-2.9817,-3.1676,0.1859,1,65.2768,6.3669,41.4451,28.0648,1,18.4211,21.0526,-0.1053,2284.9144,2274.2056,2279.56,0.0047,0.2329,1.4083,2279.3968,-1,-1010056,7862.45,0,0.3333,1,-1.0087,0.0352,0
2026-05-26 14:12:00,2276.4,2276.6,2276.2,2276.5,3109,2277.3342,2279.7129,2284.5237,-1,-2.8882,-3.1117,0.2235,1,65.8547,6.1977,40.3433,27.537,1,19.3548,17.8551,-0.0615,2284.559,2273.941,2279.25,0.0047,0.241,1.3435,2279.1002,-1,-1013165,7469.95,0,0.25,1,-1.0174,0.0264,1
2026-05-26 14:13:00,2276.9,2277.0,2276.2,2276.8,5749,2277.2274,2279.4481,2284.2208,-1,-2.7581,-3.041,0.2829,1,65.8104,8.1162,38.5763,29.6735,1,24.1935,20.6565,-0.0132,2283.9474,2273.8826,2278.915,0.0044,0.2899,1.3046,2278.9071,-1,-1007416,7565.55,0,0.125,-1,-1.0044,0.0395,0
2026-05-26 14:14:00,2276.8,2276.8,2276.1,2276.7,3416,2277.1219,2279.1982,2283.9258,-1,-2.6328,-2.9593,0.3266,1,65.8003,7.7945,37.6135,29.3627,1,23.7288,22.4257,-0.022,2283.3272,2273.8628,2278.595,0.0042,0.2998,1.2615,2278.7328,-1,-1010832,7525.25,0,0.1429,-1,-1.0087,0.0352,0
2026-05-26 14:15:00,2276.4,2276.4,2276.2,2276.4,2698,2276.9775,2278.9438,2283.6307,-1,-2.5285,-2.8732,0.3447,1,65.791,7.5639,36.5006,28.4017,1,26.8293,24.9172,0.022,2282.6808,2273.8692,2278.275,0.0039,0.2872,1.2071,2278.3923,-1,-1013530,7121.35,0,0.0,1,-1.0218,0.022,0
2026-05-26 14:16:00,2275.9,2276.0,2275.0,2275.5,8873,2276.682,2278.6308,2283.3119,-1,-2.4897,-2.7965,0.3067,1,66.1449,6.9443,40.5317,25.6857,1,16.129,22.229,-0.0527,2281.9207,2273.8893,2277.905,0.0035,0.2006,1.2208,2278.1423,-1,-1022403,7432.55,0,0.4,-1,-1.0609,0.0,1
2026-05-26 14:17:00,2275.8,2276.0,2275.1,2275.7,8397,2276.4856,2278.3643,2283.0134,-1,-2.4151,-2.7202,0.3051,1,66.4736,6.5716,38.3566,27.3484,1,23.3333,22.0972,-0.079,2280.9494,2274.1406,2277.545,0.003,0.229,1.1979,2277.9217,-1,-1014006,7715.15,0,0.1111,-1,-1.0522,0.0088,1
2026-05-26 14:18:00,2275.7,2276.3,2275.4,2276.0,5700,2276.3885,2278.1494,2282.7383,-1,-2.3051,-2.6372,0.3321,1,66.2773,8.0338,36.261,29.8825,1,33.3333,24.2652,-0.0834,2280.5009,2274.1391,2277.32,0.0028,0.2925,1.1766,2277.3924,-1,-1008306,7064.0,0,0.3333,1,-1.0392,0.022,0
2026-05-26 14:19:00,2275.9,2276.3,2275.5,2276.0,3025,2276.3108,2277.954,2282.4741,-1,-2.1927,-2.5483,0.3556,1,66.0951,7.6345,34.4588,29.8825,1,33.3333,30.0,-0.0659,2279.7041,2274.4059,2277.055,0.0023,0.3009,1.1497,2277.2588,-1,-1005281,7020.0,0,0.125,1,-1.0392,0.022,0
2026-05-26 14:20:00,2276.0,2276.2,2275.8,2276.0,1835,2276.2486,2277.7764,2282.2202,-1,-2.0796,-2.4545,0.3749,1,65.9258,7.4355,33.5607,29.8825,1,33.3333,33.3333,-0.022,2278.5081,2275.0519,2276.78,0.0015,0.2743,1.0962,2277.1826,-1,-1003446,7009.05,0,0.0,1,-1.0392,0.022,1
2026-05-26 14:21:00,2276.0,2276.7,2275.9,2276.3,6472,2276.2589,2277.6421,2281.988,-1,-1.9434,-2.3523,0.4089,1,64.8467,10.3624,31.7768,32.8096,1,44.8276,37.1648,-0.0176,2278.0103,2275.2697,2276.64,0.0012,0.3759,1.075,2276.7267,-1,-996974,6216.95,0,0.375,1,-1.0261,0.0352,0
2026-05-26 14:22:00,2276.3,2276.4,2274.0,2275.9,43253,2276.1871,2277.4838,2281.7493,-1,-1.8465,-2.2511,0.4047,1,64.7016,8.8437,38.7223,30.9541,1,48.7179,42.293,-0.0264,2277.8166,2275.2634,2276.54,0.0011,0.2493,1.1697,2276.1797,-1,-1040227,7509.5,1,0.1667,-1,-1.0435,0.0176,0
2026-05-26 14:23:00,2275.9,2276.1,2274.7,2275.6,9092,2276.0697,2277.3125,2281.5081,-1,-1.7734,-2.1556,0.3822,1,64.5668,8.0981,35.4577,29.602,1,44.4444,45.9967,-0.0527,2277.7769,2275.1531,2276.465,0.0012,0.1703,1.1861,2276.0584,-1,-1049319,7447.35,0,0.2143,-1,-1.0566,0.0044,0
2026-05-26 14:24:00,2275.5,2275.9,2274.6,2275.0,12978,2275.8558,2277.1023,2281.2529,-1,-1.7438,-2.0732,0.3295,1,64.4807,7.4684,33.2988,27.0564,1,33.3333,42.1652,-0.0747,2277.7671,2274.9429,2276.355,0.0012,0.0202,1.1943,2275.9485,-1,-1062297,7757.1,1,0.3846,-1,-1.0827,0.0,1
2026-05-26 14:25:00,2274.8,2276.0,2274.6,2275.9,22403,2275.8646,2276.993,2281.043,-1,-1.6289,-1.9844,0.3554,1,64.2192,7.4415,30.5445,35.9534,0,63.3333,47.037,-0.022,2277.7671,2274.9429,2276.355,0.0012,0.3389,1.209,2275.878,1,-1039894,8223.35,1,0.7857,1,-1.0435,0.0396,0
2026-05-26 14:26:00,2275.7,2275.8,2274.8,2275.7,13563,2275.8317,2276.8754,2280.8335,-1,-1.5363,-1.8948,0.3584,1,63.9764,6.9547,28.5465,34.9337,1,56.6667,51.1111,0.0088,2277.7353,2274.8747,2276.305,0.0013,0.2885,1.2012,2275.7996,-1,-1053457,8541.1,1,0.0,1,-1.0522,0.0308,0
2026-05-26 14:27:00,2275.7,2275.7,2275.0,2275.6,12221,2275.7853,2276.7595,2280.6282,-1,-1.4542,-1.8067,0.3524,1,63.7509,6.6564,27.3217,34.4082,1,57.1429,59.0476,-0.0044,2277.5604,2274.8596,2276.21,0.0012,0.2741,1.1654,2275.7375,-1,-1065678,8963.95,0,0.1429,-1,-1.0566,0.0264,0
2026-05-26 14:28:00,2275.7,2275.7,2274.3,2274.6,28695,2275.5483,2276.5632,2280.3918,-1,-1.4531,-1.736,0.2828,1,63.8765,6.0933,29.2402,29.6114,1,22.2222,45.3439,-0.0615,2277.3341,2274.7559,2276.045,0.0011,-0.0604,1.1821,2275.5943,-1,-1094373,10283.0,1,0.7857,-1,-1.1,0.0,1
2026-05-26 14:29:00,2274.7,2274.8,2273.8,2274.8,7919,2275.3986,2276.4029,2280.1725,-1,-1.4198,-1.6727,0.253,1,64.2009,5.721,30.5085,31.6633,1,34.4828,37.9493,-0.0527,2277.1247,2274.6953,2275.91,0.0011,0.0431,1.1691,2275.5105,-1,-1086454,10467.6,0,0.1,1,-1.0914,0.0088,1
2026-05-26 14:30:00,2274.4,2275.1,2273.1,2274.9,15863,2275.2989,2276.2663,2279.9658,-1,-1.3694,-1.6121,0.2426,1,64.7566,5.0557,31.0308,32.7194,1,50.0,35.5683,-0.0483,2277.0887,2274.5713,2275.83,0.0011,0.1306,1.2285,2275.385,-1,-1070591,10886.1,0,0.25,1,-1.087,0.0132,1
2026-05-26 14:31:00,2274.8,2275.4,2274.4,2275.4,6042,2275.3191,2276.1875,2279.7867,-1,-1.2745,-1.5446,0.27,1,64.6647,6.5256,29.2023,37.888,0,63.8889,49.4572,-0.0395,2276.9704,2274.5596,2275.765,0.0011,0.3486,1.2122,2275.3632,1,-1064549,11065.15,0,0.6,1,-1.0653,0.0352,1
2026-05-26 14:32:00,2274.8,2276.0,2274.8,2276.0,10899,2275.4553,2276.1705,2279.6382,-1,-1.1378,-1.4632,0.3254,1,63.4549,9.602,27.1358,43.4974,0,80.5556,64.8148,0.0044,2276.9034,2274.5766,2275.74,0.001,0.6117,1.2113,2275.36,1,-1053650,11454.65,0,1.0,1,-1.0392,0.0615,0
2026-05-26 14:33:00,2275.8,2276.0,2275.5,2275.8,5054,2275.5242,2276.1368,2279.4877,-1,-1.0336,-1.3773,0.3436,1,62.3314,9.3065,26.3007,42.1316,0,75.0,73.1481,0.0088,2276.7481,2274.6319,2275.69,0.0009,0.552,1.1605,2275.3361,1,-1058704,11419.9,0,0.0,1,-1.0479,0.0528,0
2026-05-26 14:34:00,2275.7,2276.0,2274.9,2275.7,2551,2275.5594,2276.0971,2279.3392,-1,-0.9482,-1.2915,0.3432,1,61.6634,8.674,28.2202,41.431,0,72.2222,75.9259,0.0308,2276.5916,2274.6884,2275.64,0.0008,0.5315,1.1562,2275.3203,1,-1061255,11376.65,0,0.0,1,-1.0522,0.0484,1
2026-05-26 14:35:00,2275.7,2276.7,2275.6,2276.7,9897,2275.7875,2276.1519,2279.2357,-1,-0.7908,-1.1913,0.4006,1,59.8183,12.4222,26.2957,50.3259,0,100.0,82.4074,0.0352,2276.6619,2274.6481,2275.655,0.0009,1.0189,1.1521,2275.3514,1,-1051358,11736.6,0,0.9091,1,-1.0087,0.0923,0
2026-05-26 14:36:00,2276.7,2277.0,2276.1,2276.1,8804,2275.85,2276.1472,2279.1127,-1,-0.7062,-1.0943,0.3881,1,57.6278,13.6075,24.8052,45.8286,0,76.9231,83.0484,0.0176,2276.7073,2274.6627,2275.685,0.0009,0.703,1.1341,2275.3851,1,-1060162,11733.15,0,0.6667,-1,-1.0348,0.0659,0
2026-05-26 14:37:00,2276.1,2276.1,2273.0,2274.1,13269,2275.5,2275.9611,2278.9161,-1,-0.7915,-1.0337,0.2423,1,57.3839,11.2435,37.8688,34.698,1,27.5,68.141,-0.0659,2276.8387,2274.3713,2275.605,0.0011,-0.11,1.2746,2275.323,-1,-1073431,11976.75,0,0.6452,-1,-1.1218,0.0,1
2026-05-26 14:38:00,2273.5,2275.6,2273.5,2275.6,2760,2275.52,2275.9282,2278.7861,-1,-0.7296,-0.9729,0.2433,1,57.1574,9.9788,33.6091,45.4074,0,65.0,56.4744,0.044,2276.8053,2274.3647,2275.585,0.0011,0.5061,1.3335,2275.3042,1,-1070671,11829.75,0,1.0,1,-1.0566,0.066,0
2026-05-26 14:39:00,2275.6,2276.0,2275.0,2275.5,3295,2275.516,2275.8893,2278.6572,-1,-0.6808,-0.9145,0.2337,1,56.3933,11.6161,31.7761,44.8789,0,62.5,51.6667,0.0308,2276.7657,2274.3543,2275.56,0.0011,0.4751,1.3097,2275.2988,1,-1073966,11843.25,0,0.1,-1,-1.0609,0.0616,0
2026-05-26 14:40:00,2275.6,2275.6,2273.8,2274.6,5339,2275.3328,2275.7721,2278.4981,-1,-0.7066,-0.8729,0.1663,1,56.2182,10.5054,35.1121,40.3301,0,40.0,55.8333,-0.0132,2276.7468,2274.2332,2275.49,0.0011,0.1459,1.3447,2275.2794,-1,-1079305,12018.45,0,0.5556,-1,-1.1,0.022,0
2026-05-26 14:41:00,2274.6,2274.7,2273.6,2273.9,14196,2275.0462,2275.6019,2278.3178,-1,-0.7746,-0.8532,0.0787,1,56.136,9.8835,34.1098,37.1741,0,22.5,41.6667,-0.0659,2276.7471,2273.9929,2275.37,0.0012,-0.0337,1.3272,2275.1834,-1,-1093501,12404.65,0,0.6364,-1,-1.1305,0.0,1
2026-05-26 14:42:00,2273.8,2274.7,2273.0,2274.6,5813,2274.957,2275.5108,2278.172,-1,-0.7632,-0.8352,0.0721,1,56.2948,8.9971,34.2161,42.0572,0,40.0,34.1667,-0.0615,2276.6985,2273.9115,2275.305,0.0012,0.247,1.3539,2275.1022,-1,-1087688,10532.65,0,0.4706,1,-1.1,0.0308,1
2026-05-26 14:43:00,2274.5,2275.9,2274.3,2275.7,13804,2275.1056,2275.528,2278.0751,-1,-0.6578,-0.7997,0.1419,1,54.9008,14.4972,31.3648,48.7926,0,67.5,43.3333,-0.0044,2276.7084,2273.9116,2275.31,0.0012,0.6394,1.3714,2275.0995,1,-1073884,10768.25,0,0.75,1,-1.0522,0.0792,0
2026-05-26 14:44:00,2275.5,2275.9,2275.1,2275.2,8491,2275.1245,2275.4982,2277.9623,-1,-0.6076,-0.7613,0.1537,1,53.6064,13.8747,30.0178,46.1657,0,55.0,54.1667,-0.022,2276.7123,2273.9277,2275.32,0.0012,0.4569,1.3306,2275.1075,1,-1082375,10543.9,0,0.375,-1,-1.074,0.0572,0
2026-05-26 14:45:00,2275.2,2275.4,2274.7,2274.7,7063,2275.0396,2275.4256,2277.8344,-1,-0.6013,-0.7293,0.128,1,52.6304,13.335,31.0728,43.6357,0,42.5,55.0,-0.0878,2276.6505,2273.8695,2275.26,0.0012,0.2986,1.2856,2275.0562,-1,-1089438,9776.9,0,0.7143,-1,-1.0957,0.0352,1
2026-05-26 14:46:00,2275.0,2275.6,2274.5,2275.1,5943,2275.0517,2275.396,2277.7271,-1,-0.5576,-0.695,0.1374,1,51.7242,12.5115,29.1539,46.1769,0,52.5,50.0,-0.0439,2276.6071,2273.8529,2275.23,0.0012,0.4528,1.2723,2275.0293,1,-1083495,9395.9,0,0.0909,1,-1.0783,0.0528,1
2026-05-26 14:47:00,2275.3,2275.6,2274.7,2275.6,3250,2275.1613,2275.4146,2277.6437,-1,-0.4771,-0.6514,0.1743,1,50.8827,11.8659,27.6494,49.2567,0,65.0,53.3333,0.066,2276.6071,2273.8529,2275.23,0.0012,0.6343,1.2457,2275.0067,1,-1080245,8947.35,0,0.3333,1,-1.0566,0.0748,1
2026-05-26 14:48:00,2275.6,2276.0,2275.1,2276.0,2977,2275.3291,2275.4678,2277.5793,-1,-0.3766,-0.5964,0.2198,1,49.5132,13.5811,26.1937,51.6407,0,75.0,64.1667,0.0176,2276.6842,2273.9158,2275.3,0.0012,0.7529,1.221,2275.0463,1,-1077268,7661.45,0,0.4444,1,-1.009,0.0924,1
2026-05-26 14:49:00,2275.9,2277.0,2275.9,2276.7,11607,2275.6033,2275.5798,2277.5448,1,-0.2378,-0.5247,0.2869,1,46.9552,18.5925,24.4962,55.5742,0,92.5,77.5,0.0527,2276.8856,2273.9044,2275.395,0.0013,0.9377,1.2124,2275.1856,1,-1065661,7845.85,0,0.7273,1,-0.9786,0.1231,1
2026-05-26 14:50:00,2276.7,2277.0,2276.0,2277.0,2755,2275.8826,2275.7089,2277.5234,1,-0.1024,-0.4403,0.3378,1,44.5799,17.4832,23.0347,57.1816,0,100.0,89.1667,0.1055,2277.126,2273.874,2275.5,0.0014,0.9612,1.1972,2275.3043,1,-1062906,7190.45,0,0.3,1,-0.9569,0.1363,1
2026-05-26 14:51:00,2276.8,2277.5,2276.4,2277.3,2237,2276.1661,2275.8536,2277.5147,1,0.0287,-0.3465,0.3752,1,41.7777,19.3297,21.5141,58.7875,0,95.5556,96.0185,0.1495,2277.3989,2273.7911,2275.595,0.0016,0.9726,1.1903,2275.3427,1,-1060669,7000.2,0,0.4545,1,-0.9439,0.1495,0
2026-05-26 14:52:00,2277.3,2277.4,2275.4,2276.7,4347,2276.2729,2275.9305,2277.4827,1,0.0833,-0.2605,0.3438,1,40.0992,17.1172,24.7746,54.3936,0,82.2222,92.5926,0.0923,2277.4902,2273.7698,2275.63,0.0016,0.7876,1.2481,2275.3594,1,-1065016,6672.6,0,0.3,-1,-0.97,0.1231,0
2026-05-26 14:53:00,2276.0,2277.1,2275.7,2276.7,2362,2276.3583,2276.0005,2277.452,1,0.1251,-0.1834,0.3085,1,38.5406,15.7576,22.8067,54.3936,0,82.2222,86.6667,0.0439,2277.5922,2273.7578,2275.675,0.0017,0.7673,1.259,2275.3642,1,-1062654,6538.0,0,0.5,1,-0.97,0.1231,0
2026-05-26 14:54:00,2276.4,2276.5,2275.1,2275.1,13784,2276.1066,2275.9186,2277.3598,1,0.0288,-0.1409,0.1698,1,37.6001,14.3543,24.1152,44.181,0,46.6667,70.3704,-0.0044,2277.5784,2273.7116,2275.645,0.0017,0.3591,1.2833,2275.3809,-1,-1076438,7099.65,1,0.9286,-1,-1.0396,0.0528,1
2026-05-26 14:55:00,2275.6,2275.6,2274.8,2275.3,6181,2275.9453,2275.8624,2277.279,1,-0.031,-0.1189,0.088,1,36.9648,13.6975,24.7277,45.557,0,51.1111,60.0,0.0264,2277.451,2273.699,2275.575,0.0016,0.4267,1.2488,2275.3061,-1,-1070257,6913.85,0,0.375,-1,-1.0309,0.0616,1
2026-05-26 14:56:00,2275.2,2275.9,2275.0,2275.6,3714,2275.8762,2275.8385,2277.2132,1,-0.0536,-0.1059,0.0523,1,35.953,14.7289,23.4289,47.642,0,40.625,46.1343,0.022,2277.4106,2273.6894,2275.55,0.0016,0.5134,1.2239,2275.2392,1,-1066543,6659.35,0,0.4444,1,-1.0178,0.0748,1
2026-05-26 14:57:00,2275.5,2276.0,2275.4,2275.8,4364,2275.861,2275.835,2277.1577,1,-0.0547,-0.0956,0.0409,1,34.8714,14.7993,22.5774,49.0431,0,43.3333,45.0231,0.0088,2277.3743,2273.8957,2275.635,0.0015,0.5474,1.1793,2275.3461,1,-1062179,6214.1,0,0.5,1,-1.0091,0.0836,1
2026-05-26 14:58:00,2275.8,2276.5,2275.5,2276.4,5887,2275.9688,2275.8864,2277.128,1,-0.0071,-0.0779,0.0708,1,33.1745,16.9547,21.195,53.0979,0,63.3333,49.0972,0.0176,2277.4457,2273.9043,2275.675,0.0016,0.7047,1.1665,2275.3922,1,-1056292,6370.45,0,0.6,1,-0.983,0.1099,0
2026-05-26 14:59:00,2276.1,2276.5,2275.4,2276.0,5566,2275.975,2275.8967,2277.0838,1,-0.0016,-0.0627,0.061,1,31.7067,15.808,20.3764,50.2284,0,50.0,52.2222,-0.0307,2277.4743,2273.9257,2275.7,0.0016,0.5845,1.1618,2275.4141,1,-1061858,6484.0,0,0.0909,-1,-1.0004,0.0924,0
2026-05-26 15:00:00,2275.8,2275.9,2274.9,2275.0,13578,2275.78,2275.8152,2277.0021,-1,-0.0771,-0.0656,-0.0115,-1,30.8668,14.7349,22.0789,43.8485,0,10.7143,41.3492,-0.0878,2277.4527,2273.9873,2275.72,0.0015,0.2922,1.1574,2275.4285,-1,-1075436,6895.95,1,0.8,-1,-1.0439,0.0484,0
2026-05-26 15:01:00,2275.2,2275.2,2273.1,2273.1,10972,2275.244,2275.5684,2276.8491,-1,-0.2869,-0.1098,-0.1771,-1,31.4894,12.9301,29.873,34.8032,1,0.0,20.2381,-0.1844,2277.6052,2273.7548,2275.68,0.0017,-0.1701,1.2247,2275.4394,-1,-1086408,6734.75,1,1.0,-1,-1.1266,0.0,1
2026-05-26 15:02:00,2273.1,2274.5,2273.0,2273.8,15577,2274.9552,2275.4076,2276.7295,-1,-0.3922,-0.1663,-0.2259,-1,32.13,11.8168,27.8748,39.7356,0,17.7778,9.4974,-0.1274,2277.6829,2273.5971,2275.64,0.0018,0.0497,1.2443,2275.3129,-1,-1070831,7222.95,1,0.4667,1,-1.0961,0.0308,1
2026-05-26 15:03:00,2273.9,2275.5,2272.8,2275.0,31849,2274.9642,2275.3705,2276.6617,-1,-0.3745,-0.2079,-0.1665,-1,31.3728,15.4242,23.8878,47.1211,0,46.8085,21.5288,-0.0747,2277.6665,2273.5435,2275.605,0.0018,0.3533,1.3483,2275.1416,-1,-1038982,8125.2,1,0.4074,1,-1.0439,0.0836,0
2026-05-26 15:04:00,2274.9,2275.3,2273.5,2275.0,20229,2274.9713,2275.3369,2276.5965,-1,-0.3563,-0.2376,-0.1187,-1,30.6697,13.9877,21.6632,47.1211,0,46.8085,37.1316,-0.0044,2277.6662,2273.5238,2275.595,0.0018,0.3564,1.3806,2275.0662,-1,-1018753,8712.1,1,0.0556,1,-1.0439,0.0836,0
2026-05-26 15:05:00,2274.9,2275.6,2274.3,2274.5,9896,2274.8771,2275.2608,2276.5143,-1,-0.3779,-0.2657,-0.1123,-1,29.628,14.6016,20.2,44.4865,0,36.9565,43.5245,-0.0352,2277.6752,2273.4948,2275.585,0.0018,0.2405,1.3748,2275.0566,-1,-1028649,8853.75,0,0.3077,-1,-1.0657,0.0616,1
2026-05-26 15:06:00,2274.8,2275.1,2274.2,2274.9,23016,2274.8817,2275.228,2276.451,-1,-0.3587,-0.2843,-0.0744,-1,28.7556,13.9016,19.7643,47.0377,0,48.8372,44.2007,-0.0308,2277.6763,2273.4737,2275.575,0.0018,0.3394,1.3409,2275.0179,-1,-1005633,9707.4,1,0.1111,1,-1.0483,0.0792,1
2026-05-26 15:07:00,2275.0,2276.5,2274.8,2275.9,29192,2275.0853,2275.2891,2276.4294,-1,-0.2597,-0.2794,0.0197,1,27.0731,19.984,18.0081,52.869,0,83.7838,56.5258,0.0044,2277.6961,2273.4839,2275.59,0.0019,0.5736,1.3666,2275.1087,1,-976441,11004.5,1,0.5294,1,-1.0048,0.1232,1
2026-05-26 15:08:00,2276.2,2276.6,2275.4,2276.1,10812,2275.2883,2275.3628,2276.4165,-1,-0.1632,-0.2561,0.0929,1,25.6097,19.2468,16.8686,53.9608,0,86.8421,73.1544,-0.0132,2277.7054,2273.4846,2275.595,0.0019,0.6196,1.3547,2275.1448,1,-965629,11396.25,0,0.0833,-1,-0.9961,0.132,0
2026-05-26 15:09:00,2276.2,2276.4,2275.0,2275.5,39857,2275.3306,2275.3753,2276.3805,-1,-0.1337,-0.2316,0.098,1,23.8003,17.8294,17.7305,50.2035,0,71.0526,80.5595,-0.022,2277.5837,2273.4863,2275.535,0.0018,0.4915,1.3579,2275.1579,1,-1005486,12808.75,1,0.5,-1,-1.0222,0.1056,0
2026-05-26 15:10:00,2275.5,2275.8,2274.5,2274.9,17943,2275.2445,2275.3321,2276.3225,-1,-0.1568,-0.2167,0.0598,1,22.6088,16.6065,19.1524,46.7015,0,55.2632,71.0526,-0.0044,2277.3805,2273.4795,2275.43,0.0017,0.3641,1.3538,2275.1366,-1,-1023429,13568.15,0,0.4615,-1,-1.0483,0.0792,0
2026-05-26 15:11:00,2274.8,2275.0,2273.9,2274.6,31973,2275.1156,2275.2655,2276.2549,-1,-0.1971,-0.2128,0.0156,1,22.08,15.6296,21.2345,45.0109,0,47.3684,57.8947,0.066,2277.0754,2273.5146,2275.295,0.0016,0.3048,1.3356,2275.0546,-1,-1055402,15054.95,1,0.1818,-1,-1.0613,0.066,1
2026-05-26 15:12:00,2274.2,2275.2,2274.1,2275.0,33916,2275.0925,2275.2414,2276.2057,-1,-0.1946,-0.2091,0.0146,1,21.3395,15.7816,19.9694,47.728,0,57.8947,53.5088,0.0528,2276.8724,2273.5476,2275.21,0.0015,0.4368,1.3188,2275.0061,-1,-1021486,16533.4,1,0.7273,1,-1.0439,0.0836,0
2026-05-26 15:13:00,2275.0,2275.0,2274.2,2274.5,19438,2274.974,2275.174,2276.1388,-1,-0.2302,-0.2133,-0.0169,-1,20.652,15.078,19.0791,44.7513,0,44.7368,50.0,-0.022,2276.6401,2273.5599,2275.1,0.0014,0.3052,1.2818,2274.9714,-1,-1040924,17387.2,0,0.625,-1,-1.0657,0.0616,1
2026-05-26 15:14:00,2274.6,2275.2,2274.2,2275.2,34864,2275.0192,2275.1763,2276.102,-1,-0.1997,-0.2106,0.0109,1,19.7426,15.3567,17.9989,49.4999,0,63.1579,55.2632,0.0088,2276.6457,2273.5643,2275.105,0.0014,0.5308,1.2616,2274.9392,1,-1006060,18441.2,1,0.6,1,-1.0352,0.0924,0
2026-05-26 15:15:00,2275.4,2275.8,2274.4,2275.2,30624,2275.0553,2275.1785,2276.0666,-1,-0.1735,-0.2032,0.0297,1,18.5285,17.5195,16.5834,49.4999,0,63.1579,57.0175,0.0308,2276.6388,2273.5612,2275.1,0.0014,0.5325,1.2715,2274.9497,1,-975436,19663.35,1,0.1429,-1,-1.0352,0.0924,0
2026-05-26 15:16:00,2275.2,2275.5,2274.4,2275.1,22739,2275.0643,2275.1714,2276.0287,-1,-0.159,-0.1943,0.0354,1,17.4011,16.4264,15.5487,48.805,0,60.5263,62.2807,0.0088,2276.5967,2273.5533,2275.075,0.0013,0.5082,1.2593,2274.9475,1,-998175,20614.6,0,0.0909,-1,-1.0396,0.088,1
2026-05-26 15:17:00,2275.2,2275.8,2274.3,2275.8,25213,2275.2114,2275.2285,2276.0197,-1,-0.0899,-0.1735,0.0835,1,16.7308,16.7264,14.2435,53.7049,0,74.1935,65.9593,-0.0044,2276.5967,2273.5533,2275.075,0.0013,0.7382,1.2765,2274.9601,1,-972962,21657.05,0,0.4,1,-1.0091,0.1188,1
2026-05-26 15:18:00,2275.8,2277.9,2274.8,2276.1,52592,2275.3891,2275.3077,2276.0229,1,-0.0109,-0.1409,0.1301,1,18.0144,24.7567,12.0015,55.6635,0,55.0,63.24,0.0,2276.5343,2273.5857,2275.06,0.0013,0.8527,1.4067,2275.0889,1,-920370,23992.3,1,0.0968,1,-0.9961,0.132,1
2026-05-26 15:19:00,2276.2,2276.9,2275.4,2276.3,28842,2275.5713,2275.3979,2276.0338,1,0.0671,-0.0993,0.1665,1,19.2062,22.8799,11.0917,56.9704,0,60.0,63.0645,0.0352,2276.5927,2273.5573,2275.075,0.0013,0.9036,1.4134,2275.1429,1,-891528,25156.1,0,0.0667,1,-0.9874,0.1408,1
2026-05-26 15:20:00,2276.1,2277.0,2276.0,2276.5,17651,2275.757,2275.4981,2276.052,1,0.1434,-0.0508,0.1942,1,20.3865,22.2151,10.5192,58.2944,0,65.0,60.0,0.0703,2276.7889,2273.5111,2275.15,0.0014,0.9119,1.3838,2275.1868,1,-873877,25359.75,0,0.4,1,-0.9787,0.1496,1
2026-05-26 15:21:00,2276.5,2278.8,2276.1,2277.0,47284,2276.0056,2275.6347,2276.0892,1,0.2415,0.0077,0.2338,1,22.5571,28.016,9.1465,61.485,0,63.2653,62.7551,0.1055,2276.887,2273.803,2275.345,0.0014,1.0366,1.4779,2275.3987,1,-826593,27175.35,1,0.1852,1,-0.9569,0.1716,1
2026-05-26 15:22:00,2278.0,2278.8,2277.0,2278.1,17118,2276.4245,2275.8588,2276.1681,1,0.4033,0.0868,0.3165,1,24.5728,25.616,8.3629,67.3947,-1,85.7143,71.3265,0.1363,2277.3582,2273.7618,2275.56,0.0016,1.2063,1.5009,2275.526,1,-809475,27252.4,0,0.0556,1,-0.9091,0.22,0
2026-05-26 15:23:00,2278.0,2278.7,2277.2,2277.2,19773,2276.5796,2275.9807,2276.2085,1,0.4537,0.1602,0.2935,1,26.4444,23.7873,7.7659,59.3682,0,67.3469,72.1088,0.1187,2277.5832,2273.7568,2275.67,0.0017,0.8999,1.5008,2275.6719,1,-829248,26648.6,0,0.5333,-1,-0.9482,0.1804,1
2026-05-26 15:24:00,2277.2,2278.8,2277.1,2277.9,23588,2276.8437,2276.1552,2276.2749,1,0.5438,0.2369,0.3069,1,28.2386,22.3522,7.1435,63.0538,0,81.6327,78.2313,0.1187,2277.9319,2273.6981,2275.815,0.0019,0.9925,1.515,2275.8118,1,-805660,26816.55,0,0.4118,1,-0.9178,0.2112,1
2026-05-26 15:25:00,2277.2,2278.8,2277.2,2278.3,30546,2277.1349,2276.3502,2276.3543,1,0.6401,0.3175,0.3226,1,29.9046,20.6728,6.6067,65.0071,-1,89.3617,79.4471,0.1363,2278.291,2273.719,2276.005,0.002,1.002,1.5211,2275.9553,1,-775114,27849.05,0,0.6875,1,-0.9004,0.2288,0
2026-05-26 15:26:00,2278.7,2279.0,2277.4,2278.0,25502,2277.308,2276.5002,2276.4188,1,0.6844,0.3909,0.2935,1,31.5753,20.061,6.1122,62.3449,0,79.1667,83.387,0.1275,2278.5436,2273.7764,2276.16,0.0021,0.886,1.5267,2276.1048,1,-800616,27973.35,0,0.4375,-1,-0.9134,0.2156,1
2026-05-26 15:27:00,2278.0,2279.9,2277.1,2279.9,22422,2277.8264,2276.8092,2276.5553,1,0.8628,0.4853,0.3775,1,33.6193,21.5547,5.3565,70.5663,-1,100.0,89.5095,0.1802,2279.2419,2273.4781,2276.36,0.0025,1.1142,1.6177,2276.2405,1,-778194,27634.85,0,0.6786,1,-0.8308,0.2992,0
2026-05-26 15:28:00,2279.8,2279.9,2278.6,2279.0,9940,2278.0611,2277.0084,2276.6512,1,0.921,0.5724,0.3486,1,35.5172,20.2999,5.0447,63.4945,0,83.9286,87.6984,0.1274,2279.6037,2273.4063,2276.505,0.0027,0.9026,1.595,2276.2973,1,-788134,27591.25,0,0.6154,-1,-0.8699,0.2596,1
2026-05-26 15:29:00,2278.8,2281.4,2278.8,2281.4,26789,2278.7289,2277.4076,2276.8374,1,1.1475,0.6874,0.4601,1,37.9111,24.4662,4.4826,71.6528,-1,100.0,94.6429,0.224,2280.5208,2273.0792,2276.8,0.0033,1.1182,1.6668,2276.5571,1,-761345,26937.85,0,1.0,1,-0.7656,0.3651,1
2026-05-27 09:15:00,2276.0,2287.3,2275.9,2284.3,0,2279.8431,2278.0342,2277.1301,1,1.5433,0.8586,0.6847,1,41.2061,33.8736,2.9373,78.0392,-1,76.9231,86.9505,0.3426,2282.1165,2272.4235,2277.27,0.0043,1.2253,2.362,2276.6084,1,-761345,26040.7,0,0.7281,1,-0.6394,0.4927,1
2026-05-27 09:16:00,2285.0,2291.3,2283.9,2289.3,26446,2281.7345,2279.0584,2277.6073,1,2.2346,1.1338,1.1008,1,44.5637,37.7925,2.3669,84.5163,-1,87.8788,88.2673,0.5402,2284.994,2271.016,2278.005,0.0061,1.3081,2.7219,2277.3324,1,-734899,25764.35,0,0.5811,1,-0.4219,0.7127,0
2026-05-27 09:17:00,2289.3,2289.5,2286.1,2286.7,14792,2282.7276,2279.7531,2277.9639,1,2.5434,1.4157,1.1276,1,47.6815,34.4795,2.1594,72.5359,-1,71.0692,78.6237,0.3775,2286.3869,2270.7931,2278.59,0.0068,1.0201,2.7703,2277.809,1,-749691,24808.15,0,0.7647,-1,-0.535,0.5983,0
2026-05-27 09:18:00,2287.3,2287.3,2280.7,2281.3,16495,2282.4421,2279.8937,2278.0947,1,2.3255,1.5977,0.7278,1,46.6725,29.1393,14.4968,55.0742,0,35.0649,64.671,0.18,2286.5754,2271.2846,2278.93,0.0067,0.655,3.0439,2278.1137,1,-766186,24661.0,0,0.9091,-1,-0.7699,0.3607,0
2026-05-27 09:19:00,2281.4,2285.0,2279.8,2279.8,28733,2281.9137,2279.8852,2278.1616,1,2.0087,1.6799,0.3288,1,45.263,25.7548,14.8233,51.3745,0,25.3247,43.8196,0.0834,2286.6172,2271.7028,2279.16,0.0065,0.5429,3.1979,2278.5478,1,-794919,24354.45,0,0.3077,-1,-0.8351,0.2948,0
2026-05-27 09:20:00,2279.7,2282.0,2277.1,2278.1,20444,2281.1509,2279.7229,2278.1592,1,1.602,1.6643,-0.0623,-1,42.7032,23.0392,19.0703,47.4815,0,14.2857,24.8918,-0.0088,2286.5585,2272.0515,2279.305,0.0064,0.4169,3.3194,2278.7893,-1,-815363,23845.45,0,0.3265,-1,-0.9091,0.22,1
2026-05-27 09:21:00,2278.3,2283.1,2278.1,2283.1,9835,2281.5407,2280.0299,2278.353,1,1.6639,1.6642,-0.0003,-1,40.6955,22.9313,17.0901,57.6469,0,46.7532,28.7879,0.2239,2286.8687,2272.5413,2279.705,0.0063,0.737,3.4395,2279.0311,1,-805528,23200.25,0,0.96,1,-0.6916,0.4399,0
2026-05-27 09:22:00,2282.9,2283.1,2280.3,2282.6,7537,2281.7526,2280.2635,2278.5195,1,1.6536,1.6621,-0.0085,-1,38.8312,21.58,16.083,56.4698,0,43.5065,34.8485,0.1184,2287.0793,2273.0107,2280.045,0.0062,0.6816,3.3938,2279.292,1,-813065,22316.45,0,0.1071,-1,-0.7134,0.4179,0
2026-05-27 09:23:00,2280.0,2282.5,2279.8,2282.5,6809,2281.9021,2280.4669,2278.6756,1,1.6187,1.6534,-0.0347,-1,36.8609,20.2922,16.1888,56.2226,0,42.8571,44.3723,0.1536,2287.2327,2273.4973,2280.365,0.006,0.6554,3.3514,2279.7284,1,-819874,20027.3,0,0.9259,1,-0.7177,0.4135,0
2026-05-27 09:24:00,2282.6,2283.0,2281.3,2281.8,8601,2281.8817,2280.5881,2278.7981,1,1.517,1.6261,-0.1091,-1,35.2248,20.6346,15.5809,54.426,0,38.3117,41.5584,0.0175,2287.271,2274.009,2280.64,0.0058,0.5875,3.2334,2280.0481,1,-828475,19015.25,0,0.4706,-1,-0.7482,0.3827,1
2026-05-27 09:25:00,2281.6,2282.5,2281.3,2282.4,6357,2281.9853,2280.7528,2278.9394,1,1.468,1.5945,-0.1265,-1,33.7055,20.0619,15.1484,55.7318,0,42.2078,41.1255,-0.0832,2287.3235,2274.5465,2280.935,0.0056,0.6147,3.0882,2280.2526,1,-822118,18450.55,0,0.6667,1,-0.7221,0.4091,0
2026-05-27 09:26:00,2281.4,2281.4,2279.4,2279.4,9331,2281.4683,2280.6298,2278.9574,1,1.1735,1.5103,-0.3368,-1,31.3303,18.667,18.4987,48.283,0,22.7273,34.4156,-0.4324,2287.2299,2274.8801,2281.055,0.0054,0.366,3.0819,2280.6691,-1,-831449,16552.9,0,1.0,-1,-0.8525,0.2772,0
2026-05-27 09:27:00,2278.0,2279.4,2278.0,2279.2,6243,2281.0146,2280.4998,2278.967,1,0.9135,1.3909,-0.4775,-1,29.6767,18.0367,21.2505,47.8241,0,21.4286,28.7879,-0.328,2287.1977,2275.0223,2281.11,0.0053,0.3431,2.9618,2280.7784,-1,-837692,16009.15,0,0.8571,1,-0.8612,0.2684,0
2026-05-27 09:28:00,2279.0,2279.1,2278.8,2279.0,3936,2280.6117,2280.3635,2278.9682,1,0.6834,1.2494,-0.5661,-1,28.1413,17.8513,21.032,47.3395,0,20.1299,21.4286,-0.1008,2287.1042,2275.2958,2281.2,0.0052,0.3137,2.7788,2280.955,-1,-841628,15217.3,0,0.0,1,-0.8699,0.2596,0
2026-05-27 09:29:00,2278.2,2278.5,2276.1,2276.5,9501,2279.7893,2280.0122,2278.8715,-1,0.2959,1.0587,-0.7628,-1,27.7729,16.5247,26.3879,41.6577,0,2.6316,14.73,-0.1447,2287.2194,2275.0406,2281.13,0.0053,0.1198,2.7874,2281.0722,-1,-851129,14512.95,0,0.7083,-1,-0.9787,0.1496,0
2026-05-27 09:30:00,2275.8,2276.6,2274.7,2274.7,17202,2278.7715,2279.5293,2278.7079,-1,-0.1547,0.816,-0.9707,-1,27.8852,15.7014,28.7442,38.111,0,0.0,7.5871,-0.1492,2287.5544,2274.3456,2280.95,0.0058,0.0268,2.724,2281.0436,-1,-868331,13845.75,0,0.5789,-1,-1.057,0.0704,0
2026-05-27 09:31:00,2273.2,2274.6,2273.2,2274.1,12741,2277.8372,2279.0357,2278.5272,-1,-0.5538,0.5421,-1.0959,-1,28.4287,15.0634,31.6398,36.9808,0,6.383,3.0049,-0.3942,2287.9041,2273.6059,2280.755,0.0063,0.0346,2.6366,2280.9832,-1,-881072,13207.7,0,0.6429,1,-1.0831,0.044,0
2026-05-27 09:32:00,2274.2,2274.6,2271.4,2271.5,14917,2276.5697,2278.3507,2278.2516,-1,-1.0676,0.2201,-1.2877,-1,29.399,13.7771,33.7412,32.485,1,0.7353,2.3728,-0.4863,2288.5441,2272.1259,2280.335,0.0072,-0.0381,2.6769,2280.6663,-1,-895989,12832.45,0,0.8437,-1,-1.1962,0.0,0
2026-05-27 09:33:00,2271.4,2272.1,2270.0,2271.5,15012,2275.5558,2277.7279,2277.9868,-1,-1.458,-0.1155,-1.3425,-1,30.6233,12.993,35.6151,32.485,1,11.4504,6.1896,-0.4819,2289.0199,2270.9001,2279.96,0.0079,0.0331,2.6357,2280.1803,-1,-880977,13086.05,0,0.0476,1,-1.1962,0.0,0
2026-05-27 09:34:00,2271.5,2271.5,2269.1,2270.4,17614,2274.5246,2277.0617,2277.6893,-1,-1.8349,-0.4594,-1.3756,-1,31.956,12.1425,35.7385,30.6563,1,9.2857,7.1571,-0.4996,2289.3466,2269.4734,2279.41,0.0087,0.0466,2.6188,2279.456,-1,-898591,12627.3,0,0.4583,-1,-1.244,0.0,1
2026-05-27 09:35:00,2270.0,2272.9,2269.8,2271.3,22535,2273.8797,2276.5379,2277.4387,-1,-2.0376,-0.775,-1.2626,-1,32.3501,14.8982,32.7558,33.9333,1,15.7143,12.1501,-0.4863,2289.0273,2268.4927,2278.76,0.009,0.1367,2.6532,2278.7906,-1,-876056,13754.05,1,0.4194,1,-1.2049,0.0396,1
2026-05-27 09:36:00,2271.6,2272.0,2270.1,2271.9,17990,2273.4838,2276.1163,2277.2215,-1,-2.1253,-1.0451,-1.0802,-1,32.7161,14.1203,31.0456,36.1012,0,20.1439,15.048,-0.329,2287.3549,2268.4251,2277.89,0.0083,0.1836,2.5994,2277.3575,-1,-858066,13331.25,0,0.1579,1,-1.1788,0.0661,0
2026-05-27 09:37:00,2272.0,2272.0,2270.2,2270.5,8338,2272.887,2275.6057,2276.9579,-1,-2.2814,-1.2923,-0.9891,-1,33.0559,13.4062,29.4756,33.3512,1,10.0719,15.31,-0.3817,2286.1552,2268.0048,2277.08,0.008,0.1375,2.5423,2276.5777,-1,-866404,13008.55,0,0.8333,-1,-1.2397,0.0044,1
2026-05-27 09:38:00,2270.5,2272.3,2270.5,2272.0,11942,2272.7096,2275.2779,2276.7635,-1,-2.2581,-1.4855,-0.7726,-1,33.1679,13.5746,27.9532,38.736,0,21.6418,17.2859,-0.3072,2285.7305,2267.4995,2276.615,0.008,0.2469,2.4893,2275.9242,-1,-854462,12780.9,0,0.8333,1,-1.1744,0.0705,0
2026-05-27 09:39:00,2272.0,2272.3,2271.0,2271.6,11872,2272.4877,2274.9436,2276.561,-1,-2.246,-1.6376,-0.6084,-1,33.2719,13.0504,26.8736,37.8576,0,20.3252,17.3463,-0.2152,2285.4474,2266.9626,2276.205,0.0081,0.2509,2.4043,2275.0358,-1,-866334,11937.85,0,0.3077,-1,-1.1918,0.0529,0
2026-05-27 09:40:00,2270.8,2272.0,2270.5,2271.6,14045,2272.3102,2274.6396,2276.3665,-1,-2.211,-1.7523,-0.4587,-1,33.5483,12.4528,27.1694,37.8576,0,24.2718,22.0796,-0.1363,2285.2886,2266.4714,2275.88,0.0083,0.2725,2.3397,2274.4594,-1,-852289,11617.9,0,0.5333,1,-1.1918,0.0529,0
2026-05-27 09:41:00,2271.9,2272.9,2271.0,2271.5,21224,2272.1481,2274.3542,2276.1756,-1,-2.1663,-1.8351,-0.3312,-1,33.1244,14.5056,25.572,37.6104,0,24.0,22.8657,-0.1143,2284.2771,2266.3229,2275.3,0.0079,0.2883,2.3083,2273.9464,-1,-873513,12187.35,1,0.2105,-1,-1.1962,0.0484,0
2026-05-27 09:42:00,2271.5,2271.5,2270.0,2270.0,9938,2271.7185,2273.9584,2275.9335,-1,-2.2262,-1.9133,-0.3129,-1,33.1276,13.815,27.5284,34.0207,1,9.5745,19.2821,-0.066,2283.27,2266.07,2274.67,0.0076,0.2285,2.2506,2273.5607,-1,-883451,12307.4,0,1.0,-1,-1.2614,0.0,0
2026-05-27 09:43:00,2270.0,2270.0,2269.2,2269.2,4317,2271.2148,2273.5258,2275.6694,-1,-2.3117,-1.993,-0.3187,-1,33.4267,13.4473,29.4573,32.2526,1,1.3333,11.6359,-0.1013,2282.1237,2265.8863,2274.005,0.0071,0.2041,2.147,2273.2635,-1,-887768,12182.8,0,1.0,-1,-1.2962,0.0,0
2026-05-27 09:44:00,2269.2,2269.2,2268.0,2268.8,9703,2270.7318,2273.0962,2275.4,-1,-2.3841,-2.0712,-0.3129,-1,34.1123,12.893,32.3652,31.3746,1,12.1212,7.6763,-0.0705,2280.9372,2265.7728,2273.355,0.0067,0.1996,2.0793,2272.7731,-1,-897471,12237.9,0,0.3333,-1,-1.3136,0.0,0
2026-05-27 09:45:00,2268.4,2268.7,2266.8,2266.8,9004,2269.9455,2272.5238,2275.0628,-1,-2.5733,-2.1716,-0.4017,-1,35.1124,12.0048,34.269,27.3636,1,0.0,4.4848,-0.1981,2279.4516,2265.6984,2272.575,0.0061,0.0801,2.0737,2272.34,-1,-906475,12370.25,0,0.8421,-1,-1.4006,0.0,0
2026-05-27 09:46:00,2266.7,2266.7,2265.0,2265.0,19320,2268.9564,2271.8398,2274.6681,-1,-2.8358,-2.3045,-0.5313,-1,36.5084,11.2534,38.3832,24.3469,1,0.0,4.0404,-0.3037,2278.7379,2264.9721,2271.855,0.0061,0.002,2.0541,2271.5514,-1,-925795,12869.7,1,1.0,-1,-1.4789,0.0,0
2026-05-27 09:47:00,2265.1,2265.9,2264.0,2264.1,14806,2267.9851,2271.1362,2274.2537,-1,-3.0809,-2.4598,-0.6212,-1,38.032,10.5059,39.3297,22.9825,1,1.1236,0.3745,-0.2819,2277.9068,2264.2932,2271.1,0.006,-0.0142,2.0431,2270.9965,-1,-940601,13297.85,0,0.5263,-1,-1.5181,0.0,0
2026-05-27 09:48:00,2263.5,2264.0,2261.9,2262.1,17642,2266.8081,2270.3147,2273.7771,-1,-3.3974,-2.6473,-0.7501,-1,39.859,9.7022,43.6229,20.2649,1,1.8182,0.9806,-0.4357,2277.1248,2263.3852,2270.255,0.0061,-0.0935,2.0543,2270.3588,-1,-958243,13983.15,0,0.6667,-1,-1.605,0.0,1
2026-05-27 09:49:00,2262.7,2263.2,2261.0,2263.2,14948,2266.0865,2269.6679,2273.3623,-1,-3.5189,-2.8216,-0.6973,-1,41.7101,8.9638,43.4164,25.4839,1,18.4874,7.1431,-0.3698,2276.4878,2262.6922,2269.59,0.0061,0.0368,2.0647,2269.7226,-1,-943295,14255.5,0,0.2273,1,-1.5572,0.0486,1
2026-05-27 09:50:00,2263.5,2265.5,2263.5,2265.5,5309,2265.9692,2269.289,2273.054,-1,-3.3905,-2.9354,-0.4551,-1,41.7642,16.1489,39.9897,35.056,0,37.8151,19.3736,-0.2685,2275.8275,2262.4325,2269.13,0.0059,0.229,2.0815,2269.2744,-1,-937986,13660.85,0,1.0,1,-1.4572,0.1503,1
2026-05-27 09:51:00,2265.0,2266.0,2265.0,2266.0,4130,2265.9753,2268.99,2272.7773,-1,-3.2114,-2.9906,-0.2208,-1,41.4902,17.3553,38.5645,36.952,0,42.0168,32.7731,-0.2421,2275.1452,2262.3048,2268.725,0.0057,0.2878,2.0043,2268.9921,-1,-933856,13230.3,0,1.0,1,-1.4354,0.1724,1
2026-05-27 09:52:00,2266.2,2268.5,2266.2,2268.0,10266,2266.3803,2268.9,2272.59,-1,-2.8749,-2.9674,0.0925,1,39.7929,24.5907,35.1883,43.9954,0,58.8235,46.2185,-0.0881,2274.8478,2262.2522,2268.55,0.0056,0.4563,2.0397,2268.7345,-1,-923590,12997.75,0,0.7826,1,-1.3484,0.2608,0
2026-05-27 09:53:00,2268.0,2268.1,2265.0,2265.9,5133,2266.2842,2268.6273,2272.3276,-1,-2.746,-2.9232,0.1771,1,38.6304,22.0167,35.5569,39.0611,0,41.1765,47.3389,-0.1454,2274.516,2262.024,2268.27,0.0055,0.3103,2.1154,2268.5372,-1,-928723,12503.8,0,0.6774,-1,-1.4398,0.168,1
2026-05-27 09:54:00,2266.0,2267.1,2265.1,2267.1,3746,2266.4474,2268.4884,2272.1226,-1,-2.518,-2.8421,0.3241,1,37.5509,20.5241,33.1463,42.9955,0,51.2605,50.4202,-0.0749,2274.2913,2261.9187,2268.105,0.0055,0.4188,2.1072,2268.3699,-1,-924977,11810.4,0,0.55,1,-1.3876,0.221,1
2026-05-27 09:55:00,2267.1,2269.5,2267.0,2268.5,6025,2266.8579,2268.4895,2271.9806,-1,-2.1991,-2.7135,0.5145,1,35.3105,26.8362,30.3742,47.2726,0,71.4286,54.6218,0.075,2273.9801,2261.9499,2267.965,0.0053,0.5445,2.1352,2268.065,1,-918952,10984.9,0,0.56,1,-1.3267,0.2829,1
2026-05-27 09:56:00,2268.8,2269.0,2267.9,2268.8,6007,2267.2463,2268.5177,2271.8558,-1,-1.9001,-2.5508,0.6507,1,33.23,25.8133,29.2164,48.17,0,86.6667,69.7852,0.1678,2273.5657,2262.0543,2267.81,0.0051,0.586,2.0613,2267.7964,1,-912945,10385.75,0,0.0,1,-1.3136,0.2962,0
2026-05-27 09:57:00,2268.8,2268.9,2267.5,2267.9,2099,2267.3771,2268.4616,2271.7007,-1,-1.7161,-2.3839,0.6678,1,31.4751,24.5316,29.1844,45.6593,0,81.1765,79.7572,0.1678,2273.3027,2262.0573,2267.68,0.005,0.5196,2.0141,2267.6711,1,-915044,10073.8,0,0.6429,-1,-1.3528,0.2564,1
2026-05-27 09:58:00,2268.0,2268.6,2267.9,2268.2,3952,2267.5416,2268.4378,2271.5634,-1,-1.5284,-2.2128,0.6844,1,29.8456,23.8928,28.4245,46.6573,0,84.7059,84.183,0.2697,2272.7618,2262.2182,2267.49,0.0046,0.5673,1.9202,2267.4401,1,-911092,9674.3,0,0.2857,1,-1.3397,0.2697,0
2026-05-27 09:59:00,2268.0,2268.0,2266.4,2266.4,2792,2267.3133,2268.2525,2271.3609,-1,-1.5075,-2.0717,0.5642,1,29.0046,22.2858,32.1175,41.7076,0,63.5294,76.4706,0.1414,2272.1677,2262.2923,2267.23,0.0044,0.416,1.9116,2267.1625,-1,-913884,9220.3,0,1.0,-1,-1.418,0.1901,0
2026-05-27 10:00:00,2266.0,2266.5,2265.9,2265.9,3623,2267.0307,2268.0387,2271.1468,-1,-1.5139,-1.9602,0.4463,1,28.4324,21.7605,33.3249,40.4247,0,57.6471,68.6275,0.0177,2271.4826,2262.4074,2266.945,0.004,0.3849,1.8179,2266.801,-1,-917507,8699.2,0,0.1667,-1,-1.4398,0.168,0
2026-05-27 10:01:00,2265.8,2266.0,2265.8,2265.8,2262,2266.7845,2267.8352,2270.9371,-1,-1.5096,-1.87,0.3605,1,27.9441,21.5778,33.4649,40.1586,0,56.4706,59.2157,-0.0088,2270.7069,2262.6131,2266.66,0.0036,0.3937,1.7024,2266.1029,-1,-919769,7751.1,0,0.0,1,-1.4441,0.1636,0
2026-05-27 10:02:00,2265.8,2265.9,2265.8,2265.8,1683,2266.5876,2267.6501,2270.7357,-1,-1.489,-1.7938,0.3048,1,27.4907,21.4808,33.3143,40.1586,0,56.4706,56.8627,-0.097,2270.2074,2262.6926,2266.45,0.0033,0.4135,1.5879,2265.8021,-1,-918086,7338.35,0,0.0,1,-1.4441,0.1636,1
2026-05-27 10:03:00,2266.0,2267.1,2266.0,2267.1,1980,2266.6901,2267.6001,2270.5931,-1,-1.3522,-1.7055,0.3533,1,26.2366,25.6769,31.3406,45.5606,0,60.0,57.6471,0.053,2269.9011,2262.7889,2266.345,0.0031,0.6062,1.5673,2265.7053,1,-916106,7221.5,0,1.0,1,-1.3876,0.221,1
2026-05-27 10:04:00,2267.0,2267.8,2266.9,2267.8,6886,2266.9121,2267.6183,2270.4835,-1,-1.1738,-1.5992,0.4254,1,24.6258,27.8809,30.0148,48.2685,0,62.2222,59.5643,0.0309,2269.7379,2262.8521,2266.295,0.003,0.7186,1.5197,2265.5897,1,-909220,7080.65,0,0.8889,1,-1.3571,0.252,1
2026-05-27 10:05:00,2267.7,2269.0,2267.7,2268.9,7129,2267.3097,2267.7348,2270.4214,-1,-0.9329,-1.4659,0.533,1,23.3068,31.8587,28.1617,52.2852,0,86.6667,69.6296,0.0176,2270.0216,2262.7784,2266.4,0.0032,0.8452,1.504,2265.6211,1,-902091,6986.9,0,0.9231,1,-1.3093,0.3006,0
2026-05-27 10:06:00,2269.0,2269.0,2267.2,2267.5,3969,2267.3477,2267.7135,2270.3069,-1,-0.8452,-1.3418,0.4966,1,21.7721,29.1729,28.1293,47.2561,0,55.5556,68.1481,-0.0573,2270.1171,2262.9329,2266.525,0.0032,0.6357,1.5251,2265.7022,1,-906060,6219.35,0,0.8333,-1,-1.3702,0.2387,1
2026-05-27 10:07:00,2267.3,2268.7,2267.3,2268.6,3774,2267.5982,2267.7941,2270.2399,-1,-0.6791,-1.2092,0.5301,1,20.347,27.2488,26.2741,51.2257,0,79.5455,73.9226,0.0309,2270.2694,2263.2306,2266.75,0.0031,0.7628,1.5162,2265.9207,1,-902286,5667.75,0,0.9286,1,-1.3223,0.2873,1
2026-05-27 10:08:00,2269.4,2270.0,2269.0,2269.5,11381,2267.9785,2267.9491,2270.2109,1,-0.4694,-1.0613,0.5918,1,19.7931,31.5998,24.5316,54.259,0,88.0952,74.3987,0.0573,2270.1244,2264.1156,2267.12,0.0027,0.8961,1.5079,2266.8371,1,-890905,5354.7,1,0.1,1,-1.2832,0.3271,0
2026-05-27 10:09:00,2269.5,2269.6,2267.5,2268.6,2647,2268.1028,2268.0083,2270.1478,1,-0.3716,-0.9233,0.5517,1,18.4447,28.5422,29.0695,50.8532,0,66.6667,78.1025,0.0971,2269.8597,2264.9203,2267.39,0.0022,0.745,1.5502,2267.5745,1,-893552,4739.65,0,0.4286,-1,-1.3223,0.2873,1
2026-05-27 10:10:00,2268.7,2269.0,2268.0,2269.0,5344,2268.2823,2268.0985,2270.1027,1,-0.2588,-0.7904,0.5316,1,17.1926,27.1928,27.6952,52.2867,0,76.1905,76.9841,0.1368,2269.9694,2265.1606,2267.565,0.0021,0.7984,1.5109,2267.7896,1,-888208,4741.4,0,0.3,1,-1.3049,0.305,0
2026-05-27 10:11:00,2268.5,2269.3,2268.5,2268.9,4044,2268.4058,2268.1713,2270.0556,1,-0.1755,-0.6674,0.492,1,16.0944,27.5962,26.6113,51.8793,0,73.8095,72.2222,0.1368,2270.0687,2265.3513,2267.71,0.0021,0.7523,1.4601,2267.9295,1,-892252,4737.1,0,0.5,1,-1.3093,0.3006,0
2026-05-27 10:12:00,2269.0,2269.4,2268.5,2268.6,5243,2268.4447,2268.2103,2269.9985,1,-0.1321,-0.5604,0.4283,1,15.142,26.8499,25.4067,50.6054,0,66.6667,72.2222,0.1236,2270.1278,2265.3522,2267.74,0.0021,0.6801,1.4201,2268.0238,1,-897495,4485.95,0,0.4444,-1,-1.3223,0.2873,1
2026-05-27 10:13:00,2269.0,2270.0,2269.0,2270.0,10599,2268.7557,2268.373,2269.9986,1,0.015,-0.4453,0.4603,1,14.6644,27.9783,23.6158,56.0313,0,100.0,80.1587,0.1279,2270.3694,2265.5206,2267.945,0.0021,0.9238,1.4187,2268.2979,1,-886896,4759.25,1,1.0,1,-1.2614,0.3492,0
2026-05-27 10:14:00,2270.0,2270.0,2268.8,2269.9,4641,2268.9846,2268.5118,2269.9947,1,0.1222,-0.3318,0.454,1,14.0614,26.269,23.1912,55.5618,0,97.619,88.0952,0.0926,2270.619,2265.551,2268.085,0.0022,0.8581,1.403,2268.4319,1,-891537,4804.0,0,0.0833,-1,-1.2658,0.3448,1
2026-05-27 10:15:00,2269.9,2270.0,2269.9,2270.0,4355,2269.1877,2268.6471,2269.9949,1,0.2127,-0.2229,0.4356,1,13.5015,26.1258,23.0648,55.9592,0,100.0,99.2063,0.0485,2270.8241,2265.4959,2268.16,0.0023,0.8453,1.31,2268.509,1,-887182,4720.5,0,1.0,1,-1.2614,0.3492,1
2026-05-27 10:16:00,2270.0,2273.0,2269.9,2272.3,27135,2269.8101,2268.9792,2270.0853,1,0.4647,-0.0854,0.5501,1,14.7479,37.0058,19.5128,63.9456,0,90.0,95.873,0.2117,2271.5476,2265.1224,2268.335,0.0028,1.1171,1.4378,2269.2633,1,-860047,5776.9,1,0.7419,1,-1.1614,0.4509,1
2026-05-27 10:17:00,2272.4,2272.9,2271.4,2272.5,11552,2270.3481,2269.2993,2270.18,1,0.6728,0.0663,0.6065,1,15.9053,34.2567,18.0632,64.5477,0,91.8033,93.9344,0.1719,2272.2448,2264.8852,2268.565,0.0032,1.0347,1.4423,2269.5604,1,-848495,6249.55,1,0.0667,1,-1.1527,0.4597,1
2026-05-27 10:18:00,2272.5,2276.0,2272.4,2276.0,19945,2271.4785,2269.9084,2270.4082,1,1.1073,0.2745,0.8329,1,18.1643,42.6093,15.1536,73.0338,-1,100.0,93.9344,0.2864,2273.8501,2264.0599,2268.955,0.0043,1.2196,1.5964,2270.3388,1,-828550,7049.2,1,0.9722,1,-1.0004,0.6145,0
2026-05-27 10:19:00,2276.0,2276.0,2275.3,2276.0,27220,2272.3828,2270.4622,2270.6275,1,1.4352,0.5066,0.9286,1,20.262,41.219,14.6592,73.0338,-1,100.0,97.2678,0.3262,2275.0618,2263.8082,2269.435,0.005,1.0834,1.5324,2271.2895,1,-801330,8270.6,1,0.0,1,-1.0004,0.6145,0
2026-05-27 10:20:00,2276.0,2277.3,2275.1,2275.4,5944,2272.9862,2270.9111,2270.8147,1,1.6278,0.7309,0.897,1,22.6017,42.9964,13.2013,69.716,-1,81.0,93.6667,0.2821,2275.8577,2263.9623,2269.91,0.0052,0.9615,1.5801,2271.5662,1,-807274,8386.65,0,0.2727,-1,-1.0265,0.5879,0
2026-05-27 10:21:00,2275.4,2275.6,2272.9,2272.9,2895,2272.969,2271.0919,2270.8964,1,1.5608,0.8968,0.6639,1,23.0247,38.0013,21.1338,57.9111,0,55.102,78.7007,0.1763,2276.034,2264.496,2270.265,0.0051,0.7284,1.66,2271.6811,1,-810169,8418.3,0,0.9259,-1,-1.1353,0.4774,0
2026-05-27 10:22:00,2272.9,2272.9,2271.3,2271.3,4085,2272.6352,2271.1108,2270.9123,1,1.3628,0.99,0.3728,1,22.3947,35.3783,26.5774,51.8588,0,38.7755,58.2925,0.119,2275.9442,2265.1358,2270.54,0.0048,0.5703,1.6558,2271.7424,-1,-814254,8538.4,0,1.0,-1,-1.2049,0.4067,0
2026-05-27 10:23:00,2271.3,2271.3,2270.7,2270.7,5971,2272.2481,2271.0735,2270.9039,1,1.1443,1.0209,0.1234,1,21.4586,34.4189,28.5685,49.7587,0,29.0323,40.9699,0.0308,2275.8886,2265.5514,2270.72,0.0046,0.4981,1.5803,2271.7704,-1,-820225,8737.95,0,1.0,-1,-1.231,0.3802,1
2026-05-27 10:24:00,2270.8,2272.1,2270.8,2271.8,7218,2272.1585,2271.1395,2270.9391,1,1.0479,1.0263,0.0216,1,20.9665,35.8686,26.7459,53.4784,0,37.5,35.1026,0.0837,2275.9282,2265.9118,2270.92,0.0044,0.5879,1.5675,2271.9299,-1,-813007,8754.55,0,0.7692,1,-1.1831,0.4288,0
2026-05-27 10:25:00,2271.5,2271.5,2269.1,2269.1,8324,2271.5468,2270.9541,2270.867,1,0.745,0.97,-0.2251,-1,19.5474,31.672,30.9833,44.7255,0,6.8182,24.4501,-0.0396,2275.9228,2265.9372,2270.93,0.0044,0.3167,1.6484,2271.9714,-1,-821331,8814.3,0,1.0,-1,-1.3006,0.3094,0
2026-05-27 10:26:00,2269.3,2269.8,2268.6,2268.6,2069,2270.9575,2270.7401,2270.7781,1,0.4593,0.8679,-0.4086,-1,18.3319,29.9924,31.5498,43.3118,0,0.0,14.7727,-0.1628,2275.848,2266.122,2270.985,0.0043,0.2548,1.6163,2272.0289,-1,-823400,8719.3,0,0.5833,-1,-1.3223,0.2873,1
2026-05-27 10:27:00,2268.7,2269.6,2268.7,2269.6,1945,2270.686,2270.6365,2270.7319,1,0.31,0.7563,-0.4463,-1,17.2033,28.6299,30.1165,46.9252,0,11.4943,6.1041,-0.1276,2275.8188,2266.2512,2271.035,0.0042,0.35,1.5723,2272.0818,-1,-821455,8627.85,0,1.0,1,-1.2788,0.3316,0
2026-05-27 10:28:00,2269.7,2269.7,2268.5,2269.5,1959,2270.4488,2270.5331,2270.6836,-1,0.1815,0.6413,-0.4598,-1,16.2693,27.0423,29.3707,46.6053,0,11.3636,7.6193,-0.2856,2275.8188,2266.2512,2271.035,0.0042,0.3396,1.5457,2272.2278,-1,-823414,8156.75,0,0.1667,-1,-1.2832,0.3271,1
2026-05-27 10:29:00,2270.0,2270.6,2269.7,2270.0,3480,2270.359,2270.4847,2270.6568,-1,0.1186,0.5368,-0.4182,-1,15.3594,29.8852,27.8463,48.496,0,17.0455,13.3011,-0.2636,2275.7841,2266.4259,2271.105,0.0041,0.3819,1.5139,2272.2417,-1,-819934,8198.4,0,0.0,1,-1.2614,0.3492,0
2026-05-27 10:30:00,2269.4,2269.4,2268.9,2269.0,4277,2270.0872,2270.3497,2270.5918,-1,-0.0117,0.4271,-0.4388,-1,14.4965,28.3033,30.2221,45.0594,0,5.6818,11.3636,-0.2813,2275.7841,2266.4259,2271.105,0.0041,0.2751,1.4843,2272.2765,-1,-824211,8145.05,0,0.8,-1,-1.3049,0.305,1
2026-05-27 10:31:00,2268.9,2269.3,2268.9,2269.3,663,2269.9298,2270.2543,2270.5411,-1,-0.0898,0.3237,-0.4135,-1,13.6952,27.7285,29.6083,46.289,0,9.0909,10.6061,-0.1584,2275.7695,2266.4805,2271.125,0.0041,0.3035,1.4069,2272.3492,-1,-823548,7976.0,0,1.0,1,-1.2919,0.3183,1
2026-05-27 10:32:00,2269.4,2270.2,2269.3,2269.9,1678,2269.9238,2270.2221,2270.516,-1,-0.1021,0.2386,-0.3406,-1,13.0659,31.1181,28.2197,48.7593,0,15.9091,10.2273,-0.0616,2275.7265,2266.6535,2271.19,0.004,0.3578,1.3707,2272.4399,-1,-821870,7797.75,0,0.5556,1,-1.2658,0.3448,0
2026-05-27 10:33:00,2269.9,2270.1,2269.3,2269.3,1941,2269.7991,2270.1382,2270.4683,-1,-0.1584,0.1592,-0.3176,-1,12.4815,29.781,27.0071,46.4582,0,9.0909,11.3636,-0.0617,2275.7382,2266.5718,2271.155,0.004,0.2976,1.3299,2272.6016,-1,-823811,7364.85,0,0.75,-1,-1.2919,0.3183,0
2026-05-27 10:34:00,2269.3,2270.5,2269.2,2269.2,6533,2269.6792,2270.0529,2270.4186,-1,-0.2087,0.0856,-0.2943,-1,12.2049,29.8501,25.1184,46.068,0,9.8592,11.6197,-0.1144,2275.7515,2266.4885,2271.12,0.0041,0.2927,1.3278,2272.5661,-1,-830344,7459.45,0,0.0769,-1,-1.2962,0.3139,0
2026-05-27 10:35:00,2269.8,2269.8,2268.4,2269.0,5295,2269.5434,2269.9572,2270.3629,-1,-0.2617,0.0161,-0.2778,-1,11.3447,27.6107,27.5209,45.2495,0,13.3333,10.7611,-0.0044,2275.7698,2266.3702,2271.07,0.0041,0.2798,1.3329,2272.518,-1,-835639,7506.45,0,0.5714,-1,-1.3049,0.305,1
2026-05-27 10:36:00,2269.1,2270.0,2268.5,2270.0,1070,2269.6347,2269.9611,2270.3487,-1,-0.2204,-0.0312,-0.1893,-1,10.6922,26.4732,25.3284,50.0305,0,43.2432,22.1452,0.0617,2275.6414,2266.2686,2270.955,0.0041,0.3981,1.3449,2272.6636,-1,-834569,6203.2,0,0.6,1,-1.2614,0.3492,1
2026-05-27 10:37:00,2270.0,2270.4,2270.0,2270.3,1947,2269.7678,2269.9919,2270.3468,-1,-0.1617,-0.0573,-0.1044,-1,10.3818,28.1178,24.7619,51.4015,0,51.3514,35.976,0.0308,2275.4842,2266.2058,2270.845,0.0041,0.4413,1.2774,2272.6624,-1,-832622,5722.95,0,0.75,1,-1.2484,0.3625,0
2026-05-27 10:38:00,2270.1,2270.1,2269.7,2269.9,4186,2269.7942,2269.9836,2270.3293,-1,-0.1457,-0.075,-0.0707,-1,9.8426,27.1373,25.642,49.4532,0,48.3871,47.6606,0.0176,2274.5417,2266.5383,2270.54,0.0035,0.42,1.229,2272.1132,-1,-836808,4935.0,0,0.5,-1,-1.2658,0.3448,0
2026-05-27 10:39:00,2269.9,2270.1,2269.3,2269.7,3290,2269.7754,2269.9578,2270.3046,-1,-0.1475,-0.0895,-0.058,-1,9.2699,25.8433,26.8035,48.464,0,59.0909,52.9431,-0.0132,2273.3548,2267.0952,2270.225,0.0028,0.4161,1.1983,2270.677,-1,-840098,3738.5,0,0.25,-1,-1.2745,0.336,1
2026-05-27 10:40:00,2270.0,2270.0,2269.7,2270.0,1335,2269.8203,2269.9616,2270.2926,-1,-0.1233,-0.0962,-0.027,-1,8.738,25.355,26.2971,50.0771,0,72.7273,60.0684,0.0441,2271.9941,2267.9159,2269.955,0.0018,0.511,1.1342,2270.2169,-1,-838763,3508.05,0,0.0,1,-1.2614,0.3492,0
2026-05-27 10:41:00,2269.9,2269.9,2269.3,2269.5,1244,2269.7562,2269.9197,2270.2616,-1,-0.1428,-0.1055,-0.0372,-1,8.5941,24.2058,27.6951,47.4134,0,50.0,60.6061,0.0088,2271.3177,2268.2523,2269.785,0.0014,0.407,1.1032,2270.0537,-1,-840007,3425.5,0,0.6667,-1,-1.2832,0.3271,0
2026-05-27 10:42:00,2269.3,2269.7,2269.0,2269.0,7175,2269.605,2269.8361,2270.2121,-1,-0.1963,-0.1237,-0.0726,-1,8.7186,23.0793,28.4008,44.8446,0,27.2727,50.0,-0.0396,2271.0701,2268.2699,2269.67,0.0012,0.2607,1.0744,2269.87,-1,-847182,3580.0,1,0.4286,-1,-1.3049,0.305,1
2026-05-27 10:43:00,2269.7,2269.7,2269.0,2269.6,2796,2269.604,2269.8146,2270.1881,-1,-0.1882,-0.1366,-0.0516,-1,8.8342,21.9778,27.0453,48.4537,0,57.1429,44.8052,0.0132,2270.933,2268.297,2269.615,0.0012,0.4943,1.0476,2269.7622,-1,-844386,3421.25,0,0.1429,-1,-1.2788,0.3316,0
2026-05-27 10:44:00,2269.2,2269.6,2268.6,2269.2,3085,2269.5232,2269.7587,2270.1493,-1,-0.2116,-0.1516,-0.06,-1,9.3035,20.4744,27.9314,46.2795,0,38.0952,40.8369,0.0,2270.3505,2268.6195,2269.485,0.0008,0.3354,1.0442,2269.5295,-1,-847471,3214.6,0,0.0,1,-1.2962,0.3139,0
2026-05-27 10:45:00,2269.2,2269.2,2268.7,2268.9,1383,2269.3986,2269.6807,2270.1003,-1,-0.2514,-0.1715,-0.0798,-1,9.7394,19.7471,26.9392,44.6609,0,23.8095,39.6825,-0.0044,2270.3624,2268.5876,2269.475,0.0008,0.176,1.0054,2269.4613,-1,-848854,2867.55,0,0.6,-1,-1.3093,0.3006,1
2026-05-27 10:46:00,2268.7,2269.1,2268.5,2269.1,3407,2269.3388,2269.6279,2270.0611,-1,-0.2638,-0.19,-0.0738,-1,10.3358,18.8803,27.2198,46.0165,0,33.3333,31.746,-0.0396,2270.3124,2268.6876,2269.5,0.0007,0.2538,0.9764,2269.445,-1,-845447,2934.45,0,0.6667,1,-1.3006,0.3094,1
2026-05-27 10:47:00,2269.4,2270.4,2269.3,2269.4,20201,2269.3511,2269.6072,2270.0352,-1,-0.2466,-0.2013,-0.0453,-1,9.8387,26.4165,24.691,48.0712,0,47.619,34.9206,-0.0396,2270.3022,2268.6778,2269.49,0.0007,0.4446,0.9995,2269.5156,-1,-825246,3847.25,1,0.0,1,-1.2875,0.3227,1
2026-05-27 10:48:00,2270.0,2270.0,2269.4,2269.6,1121,2269.4009,2269.6065,2270.0181,-1,-0.2143,-0.2039,-0.0104,-1,9.3771,25.2506,23.6012,49.4525,0,60.0,46.9841,-0.0132,2270.3086,2268.6814,2269.495,0.0007,0.5645,0.971,2269.5251,1,-824125,3805.35,0,0.6667,-1,-1.2788,0.3316,1
2026-05-27 10:49:00,2269.6,2270.0,2269.6,2270.0,6749,2269.5207,2269.6423,2270.0174,-1,-0.1547,-0.1941,0.0394,1,8.9485,24.475,22.8763,52.1915,0,78.9474,62.1888,0.0132,2270.3086,2268.6814,2269.495,0.0007,0.8104,0.9302,2269.5289,1,-817376,3968.8,1,1.0,1,-1.2614,0.3492,1
2026-05-27 10:50:00,2270.0,2270.1,2270.0,2270.1,2008,2269.6366,2269.6839,2270.0206,-1,-0.0982,-0.1749,0.0767,1,8.6689,25.0944,22.6887,52.879,0,84.2105,74.386,0.0044,2270.371,2268.729,2269.55,0.0007,0.835,0.8709,2269.5667,1,-815368,3855.35,0,1.0,1,-1.2571,0.3537,0
2026-05-27 10:51:00,2270.0,2270.1,2269.5,2269.9,2627,2269.6892,2269.7035,2270.0159,-1,-0.0688,-0.1537,0.0849,1,8.3248,23.8314,25.7408,51.2905,0,73.6842,78.9474,0.0176,2270.4061,2268.7539,2269.58,0.0007,0.6937,0.8515,2269.579,1,-817995,3953.55,0,0.1667,-1,-1.2658,0.3448,0
2026-05-27 10:52:00,2270.0,2270.7,2269.5,2269.5,2492,2269.6514,2269.685,2269.9957,-1,-0.0769,-0.1383,0.0614,1,8.1862,26.3907,23.2234,48.1736,0,45.4545,67.7831,0.022,2270.3734,2268.7466,2269.56,0.0007,0.4631,0.8764,2269.5843,-1,-820487,3994.25,0,0.4167,-1,-1.2789,0.3271,1
2026-05-27 10:53:00,2270.0,2272.4,2269.4,2272.0,6616,2270.1211,2269.8955,2270.0743,1,0.1171,-0.0872,0.2043,1,9.6035,32.701,18.3831,63.2183,0,89.7436,69.6274,0.1057,2271.0239,2268.3661,2269.695,0.0012,1.3673,1.0281,2269.7164,1,-813871,4228.0,1,0.6667,1,-1.1701,0.4376,1
2026-05-27 10:54:00,2272.0,2274.0,2270.4,2274.0,7344,2270.8969,2270.2686,2270.2282,1,0.4272,0.0157,0.4116,1,11.8955,35.1929,14.4823,70.5769,-1,100.0,78.3994,0.2115,2272.2138,2267.6562,2269.935,0.002,1.3919,1.2118,2269.988,1,-806527,4268.55,1,0.5556,1,-1.0831,0.5261,0
2026-05-27 10:55:00,2273.7,2274.8,2273.3,2274.0,1943,2271.5175,2270.6078,2270.3761,1,0.6654,0.1456,0.5198,1,14.4101,36.77,13.2232,70.5769,-1,87.3016,92.3484,0.2248,2273.0263,2267.3437,2270.185,0.0025,1.1713,1.2324,2270.1433,1,-804584,4100.95,0,0.2,1,-1.0831,0.5261,0
2026-05-27 10:56:00,2274.0,2274.4,2272.4,2273.0,2251,2271.814,2270.8253,2270.479,1,0.7646,0.2694,0.4952,1,15.6837,32.6893,16.7498,63.2403,0,71.4286,86.2434,0.1719,2273.4271,2267.2429,2270.335,0.0027,0.9309,1.2872,2270.2361,1,-806835,4160.0,0,0.5,-1,-1.0276,0.4819,0
2026-05-27 10:57:00,2273.0,2273.0,2270.7,2271.6,20749,2271.7712,2270.8957,2270.523,1,0.722,0.3599,0.362,1,15.2563,28.7392,23.6572,54.6717,0,49.2063,69.3122,0.0969,2273.5407,2267.2593,2270.4,0.0028,0.691,1.3596,2270.5475,1,-827584,5100.1,1,0.6087,-1,-1.0886,0.42,0
2026-05-27 10:58:00,2271.5,2272.9,2271.1,2271.3,3738,2271.677,2270.9325,2270.5535,1,0.6564,0.4192,0.2372,1,14.8593,26.0829,21.4706,53.014,0,44.4444,55.0265,0.0749,2273.6254,2267.3146,2270.47,0.0028,0.6315,1.391,2270.619,1,-831322,5077.7,0,0.1111,-1,-1.1016,0.4067,1
2026-05-27 10:59:00,2272.0,2273.4,2271.1,2273.4,1422,2272.0216,2271.1568,2270.6651,1,0.7651,0.4884,0.2767,1,14.8452,25.5928,19.0479,61.7553,0,77.7778,57.1429,0.1498,2274.034,2267.276,2270.655,0.003,0.9062,1.456,2270.6781,1,-829900,4984.3,0,0.6087,1,-1.0102,0.4995,0
2026-05-27 11:00:00,2273.0,2273.4,2272.7,2272.7,2324,2272.1573,2271.2971,2270.7449,1,0.7856,0.5478,0.2378,1,14.832,24.68,18.3686,57.8893,0,61.8182,61.3468,0.1145,2274.2679,2267.3121,2270.79,0.0031,0.7746,1.402,2270.7405,1,-832224,5033.75,0,0.4286,-1,-1.0407,0.4686,1
2026-05-27 11:01:00,2274.8,2275.7,2274.8,2275.2,7981,2272.7658,2271.6519,2270.9196,1,0.9922,0.6367,0.3555,1,16.2017,32.0278,15.7724,66.0611,-1,92.0635,77.2198,0.2335,2274.99,2267.16,2271.075,0.0034,1.0268,1.5161,2271.0879,1,-824243,5370.6,0,0.4444,1,-0.9318,0.5791,0
2026-05-27 11:02:00,2275.6,2275.9,2274.9,2275.2,2386,2273.2526,2271.9745,2271.0875,1,1.1428,0.7379,0.4049,1,17.5715,31.447,15.0108,66.0611,-1,89.2308,81.0375,0.2512,2275.5665,2267.2035,2271.385,0.0037,0.9562,1.4792,2271.3163,1,-821857,5131.15,0,0.4,-1,-0.9318,0.5791,1
2026-05-27 11:03:00,2275.1,2275.9,2273.5,2275.7,5303,2273.7421,2272.3131,2271.2684,1,1.2876,0.8479,0.4397,1,17.5334,27.9577,19.8177,67.523,-1,96.9231,92.7391,0.1629,2276.1844,2267.1956,2271.69,0.004,0.9461,1.545,2271.5539,1,-816554,5256.5,0,0.25,1,-0.91,0.6012,1
2026-05-27 11:04:00,2275.4,2276.5,2273.7,2275.9,9257,2274.1737,2272.6392,2271.45,1,1.4024,0.9588,0.4436,1,17.8467,27.1589,17.393,68.1146,-1,91.5493,92.5677,0.0836,2276.7213,2267.3287,2272.025,0.0041,0.9126,1.6347,2271.9381,1,-807297,5565.1,1,0.1786,1,-0.9013,0.6101,1
2026-05-27 11:05:00,2275.9,2279.0,2275.9,2278.3,10103,2274.999,2273.1538,2271.7186,1,1.6677,1.1006,0.5672,1,19.3028,33.9681,15.1787,74.1905,-1,92.7083,93.7269,0.1891,2277.7002,2267.2898,2272.495,0.0046,1.0576,1.7393,2272.4605,1,-797194,6001.1,1,0.7742,1,-0.7968,0.7161,1
2026-05-27 11:06:00,2278.3,2283.2,2278.3,2281.4,22706,2276.2792,2273.9035,2272.0983,1,2.1039,1.3012,0.8027,1,21.8649,43.1846,12.4752,79.5983,-1,86.9565,90.4047,0.3696,2279.3658,2266.8542,2273.11,0.0055,1.1626,1.9651,2273.9339,1,-774488,6966.05,1,0.6327,1,-0.6618,0.8532,0
2026-05-27 11:07:00,2281.4,2283.0,2279.2,2280.1,30843,2277.0433,2274.4668,2272.4121,1,2.318,1.5046,0.8134,1,24.2441,37.5926,10.8598,72.7174,-1,75.7813,85.1487,0.3742,2280.3539,2266.9361,2273.645,0.0059,0.9811,2.0961,2275.9095,1,-805331,7498.15,1,0.3421,-1,-0.7185,0.7957,1
2026-05-27 11:08:00,2280.3,2281.5,2279.4,2280.3,16173,2277.6947,2274.9971,2272.7214,1,2.4753,1.6987,0.7765,1,26.4533,34.9029,10.0828,73.1026,-1,76.8,79.8459,0.3962,2281.2121,2267.1479,2274.18,0.0062,0.9351,2.0964,2276.392,1,-789158,8250.75,1,0.0,1,-0.7097,0.8046,1
2026-05-27 11:09:00,2280.3,2281.7,2279.6,2281.7,5949,2278.4957,2275.6065,2273.0735,1,2.6819,1.8954,0.7866,1,28.5561,33.0872,9.3615,75.6902,-1,88.0,80.1938,0.3651,2282.2414,2267.2886,2274.765,0.0066,0.9638,2.0967,2276.8271,1,-783209,8210.75,0,0.6667,1,-0.6488,0.8665,0
2026-05-27 11:10:00,2281.1,2281.5,2279.9,2279.9,2984,2278.7766,2275.9968,2273.3412,1,2.6697,2.0502,0.6195,1,30.5088,31.0375,8.7816,66.7931,-1,73.6,79.4667,0.3168,2282.7288,2267.7812,2275.255,0.0066,0.8108,2.0755,2276.9745,1,-786193,8259.55,0,0.75,-1,-0.7272,0.7869,1
2026-05-27 11:11:00,2279.9,2280.3,2279.6,2280.3,1586,2279.0813,2276.388,2273.6141,1,2.6616,2.1725,0.4891,1,32.0194,30.2527,9.6432,67.7017,-1,76.0331,79.211,0.2242,2283.1324,2268.4176,2275.775,0.0065,0.8075,1.9772,2277.1186,1,-784607,8207.5,0,0.5714,1,-0.7097,0.8046,1
2026-05-27 11:12:00,2280.0,2282.7,2280.0,2281.6,12048,2279.585,2276.8618,2273.9273,1,2.7287,2.2837,0.4449,1,34.077,35.8264,8.7266,70.5244,-1,86.7769,78.8033,0.2813,2283.5618,2269.1982,2276.38,0.0063,0.8634,2.0289,2277.5214,1,-772559,8685.3,0,0.5926,1,-0.6531,0.862,0
2026-05-27 11:13:00,2281.7,2282.9,2280.3,2281.2,6927,2279.908,2277.2562,2274.2125,1,2.7182,2.3706,0.3475,1,36.0345,33.3019,7.9435,68.5395,-1,80.9524,81.2541,0.2417,2284.0192,2269.6608,2276.84,0.0063,0.8037,2.0697,2277.9163,1,-779486,8700.85,0,0.1923,-1,-0.6706,0.8443,0
2026-05-27 11:14:00,2281.1,2281.6,2280.2,2280.2,3645,2279.9664,2277.5238,2274.4473,1,2.5992,2.4163,0.1829,1,37.7491,31.6548,7.9039,63.7119,0,69.0722,78.9338,0.1889,2284.3474,2269.9526,2277.15,0.0063,0.7119,2.0218,2278.1958,1,-783131,8515.9,0,0.6429,-1,-0.7141,0.8001,0
2026-05-27 11:15:00,2279.6,2279.8,2278.0,2278.8,5455,2279.7331,2277.6398,2274.618,1,2.3647,2.406,-0.0413,-1,37.345,29.2099,15.0172,57.5955,0,54.6392,68.2212,0.0219,2284.4704,2270.3096,2277.39,0.0062,0.5996,2.0346,2278.2633,1,-788586,8691.5,0,0.4444,-1,-0.7751,0.7383,0
2026-05-27 11:16:00,2278.0,2278.8,2277.3,2278.6,1905,2279.5065,2277.7271,2274.7741,1,2.1381,2.3524,-0.2144,-1,36.4369,27.6422,16.7158,56.7572,0,52.5773,58.7629,-0.1227,2284.4712,2270.8688,2277.67,0.006,0.5684,1.9964,2278.3278,1,-790491,8674.2,0,0.4,1,-0.7838,0.7294,0
2026-05-27 11:17:00,2278.5,2278.7,2277.9,2278.0,2700,2279.2052,2277.7519,2274.9006,1,1.8883,2.2596,-0.3713,-1,35.5938,26.8156,16.2159,54.2083,0,45.2632,50.8266,-0.0921,2284.1948,2271.7852,2277.99,0.0054,0.5008,1.9109,2279.2015,-1,-793191,7771.75,0,0.625,-1,-0.8099,0.7029,0
2026-05-27 11:18:00,2277.8,2278.0,2277.0,2277.1,3526,2278.7842,2277.6927,2274.9869,1,1.5993,2.1275,-0.5283,-1,34.1195,25.7779,19.0711,50.5416,0,16.4384,38.0929,-0.1403,2283.6994,2272.8606,2278.28,0.0048,0.3911,1.8459,2279.3388,-1,-796717,7761.15,0,0.7,-1,-0.8491,0.6631,0
2026-05-27 11:19:00,2277.1,2277.9,2276.0,2276.0,5124,2278.2273,2277.5388,2275.0266,1,1.2668,1.9554,-0.6885,-1,32.0525,23.8866,21.5334,46.4097,0,0.0,20.5672,-0.2498,2283.4676,2273.3524,2278.41,0.0044,0.2617,1.8497,2279.3116,-1,-801841,7946.25,0,0.5789,-1,-0.897,0.6145,1
2026-05-27 11:20:00,2276.0,2276.8,2276.0,2276.8,1730,2277.9419,2277.4716,2275.0962,1,1.0558,1.7755,-0.7197,-1,30.1331,23.1175,20.8401,49.6346,0,11.4286,9.289,-0.136,2283.0206,2274.2094,2278.615,0.0039,0.294,1.7747,2279.3749,-1,-800111,7916.55,0,1.0,1,-0.8406,0.6498,1
2026-05-27 11:21:00,2276.7,2277.5,2276.5,2277.3,1771,2277.8135,2277.456,2275.1826,1,0.9183,1.604,-0.6857,-1,28.788,25.0651,19.9744,51.5952,0,18.8406,10.0897,-0.1316,2282.8887,2274.5513,2278.72,0.0037,0.3297,1.7194,2279.5657,-1,-798340,7606.05,0,0.6,1,-0.8188,0.6719,0
2026-05-27 11:22:00,2277.3,2277.8,2276.1,2277.0,2675,2277.6508,2277.4146,2275.2539,1,0.7762,1.4385,-0.6623,-1,27.2353,23.2935,20.2256,50.3293,0,14.4928,14.9206,-0.2016,2282.7419,2274.8781,2278.81,0.0035,0.2698,1.718,2279.5863,-1,-801015,7620.5,0,0.1765,-1,-0.8318,0.6587,0
2026-05-27 11:23:00,2277.3,2277.5,2276.5,2276.7,3690,2277.4606,2277.3496,2275.3106,1,0.632,1.2772,-0.6451,-1,25.7935,22.2953,19.3588,49.0337,0,10.1449,14.4928,-0.1973,2282.6555,2275.0645,2278.86,0.0033,0.2155,1.6667,2279.6807,-1,-804705,7539.85,0,0.6,-1,-0.8449,0.6454,0
2026-05-27 11:24:00,2276.7,2277.3,2276.6,2276.7,1672,2277.3085,2277.2905,2275.3651,1,0.5119,1.1241,-0.6122,-1,24.4546,21.5975,18.753,49.0337,0,10.1449,11.5942,-0.1535,2282.5851,2275.2149,2278.9,0.0032,0.2015,1.5977,2279.9267,-1,-803033,7160.6,0,0.0,1,-0.8233,0.6454,0
2026-05-27 11:25:00,2276.7,2276.9,2276.5,2276.5,1628,2277.1468,2277.2187,2275.4096,-1,0.396,0.9785,-0.5825,-1,23.1212,21.1895,18.871,48.0768,0,7.2464,9.1787,-0.1009,2282.6346,2274.9854,2278.81,0.0034,0.198,1.5121,2280.0514,-1,-804661,6736.85,0,0.5,-1,-0.832,0.6366,1
2026-05-27 11:26:00,2276.6,2276.6,2276.0,2276.6,5557,2277.0374,2277.1624,2275.4563,-1,0.3087,0.8445,-0.5359,-1,21.5075,20.5619,20.7803,48.6167,0,8.6957,8.6957,-0.0878,2282.316,2274.824,2278.57,0.0033,0.2371,1.447,2279.7021,-1,-799104,5879.4,0,0.0,1,-0.8277,0.641,1
2026-05-27 11:27:00,2276.8,2277.0,2276.8,2277.0,1246,2277.03,2277.1477,2275.5168,-1,0.2686,0.7293,-0.4607,-1,20.2847,22.2159,20.3476,50.8197,0,17.8571,11.2664,-0.0439,2282.1515,2274.6785,2278.415,0.0033,0.3106,1.3722,2279.2897,-1,-797858,4399.55,0,1.0,1,-0.78,0.6587,0
2026-05-27 11:28:00,2276.8,2277.0,2275.8,2275.8,2936,2276.784,2277.0251,2275.5279,-1,0.1385,0.6112,-0.4727,-1,19.3901,20.8156,24.3176,44.6367,0,0.0,8.8509,-0.0571,2281.9868,2274.3932,2278.19,0.0033,0.1853,1.3599,2278.9281,-1,-800794,3737.7,0,0.8333,-1,-0.8323,0.6056,0
2026-05-27 11:29:00,2275.5,2275.5,2275.0,2275.0,6663,2276.4272,2276.841,2275.5072,-1,-0.0289,0.4831,-0.5121,-1,19.1597,19.9145,27.5942,41.051,0,0.0,5.9524,-0.0439,2281.5344,2274.1756,2277.855,0.0032,0.112,1.3199,2278.4327,-1,-807457,3773.4,1,1.0,-1,-0.8671,0.5703,1
2026-05-27 11:30:00,2275.1,2276.5,2274.3,2276.5,4823,2276.4417,2276.81,2275.5461,-1,-0.0401,0.3785,-0.4186,-1,18.0391,22.8169,24.4583,49.2785,0,50.0,16.6667,-0.0132,2281.284,2274.086,2277.685,0.0032,0.3354,1.3828,2278.1892,-1,-802634,3865.35,0,0.6364,1,-0.8018,0.6366,0
2026-05-27 11:31:00,2276.6,2276.6,2275.0,2275.0,2530,2276.1534,2276.6455,2275.5247,-1,-0.168,0.2692,-0.4372,-1,16.9127,21.4629,22.4592,42.8394,0,18.9189,22.973,-0.101,2280.9902,2273.8498,2277.42,0.0031,0.1611,1.3983,2278.0652,-1,-805164,3912.55,0,1.0,-1,-0.8628,0.5703,0
2026-05-27 11:32:00,2275.0,2276.7,2273.4,2275.0,5531,2275.9227,2276.4959,2275.5041,-1,-0.2663,0.1621,-0.4284,-1,17.0321,18.1651,26.458,42.8394,0,35.5556,34.8248,-0.0878,2280.2503,2273.9297,2277.09,0.0028,0.1693,1.5341,2277.2658,-1,-799633,3586.7,1,0.0,1,-0.8455,0.5703,0
2026-05-27 11:33:00,2275.0,2275.7,2274.4,2274.9,2674,2275.7182,2276.3508,2275.4804,-1,-0.3483,0.06,-0.4083,-1,17.1429,17.0535,24.8389,42.411,0,34.0909,29.5218,-0.0791,2279.453,2274.097,2276.775,0.0024,0.1499,1.5174,2276.7448,-1,-802307,3374.05,0,0.0769,-1,-0.811,0.5658,0
2026-05-27 11:34:00,2274.9,2275.1,2273.5,2273.6,3898,2275.2945,2276.1007,2275.4067,-1,-0.5122,-0.0544,-0.4578,-1,17.817,15.7741,27.1955,37.2018,0,4.5455,24.7306,-0.1362,2278.976,2273.914,2276.445,0.0022,-0.062,1.5233,2276.3796,-1,-806205,3386.7,0,0.8125,-1,-0.8461,0.5084,1
2026-05-27 11:35:00,2273.9,2275.0,2273.6,2274.0,1243,2275.0356,2275.9098,2275.3515,-1,-0.6029,-0.1641,-0.4388,-1,18.443,14.7325,25.3998,39.6577,0,13.6364,17.4242,-0.1098,2278.7074,2273.7026,2276.205,0.0022,0.0594,1.5145,2276.1234,-1,-804962,3176.1,0,0.0714,1,-0.8286,0.5261,1
2026-05-27 11:36:00,2274.8,2275.1,2274.5,2275.0,3616,2275.0285,2275.8271,2275.3377,-1,-0.5874,-0.2488,-0.3386,-1,18.9112,14.434,24.0558,45.406,0,39.0244,19.0687,-0.0703,2278.3218,2273.7282,2276.025,0.002,0.2769,1.4849,2275.9921,-1,-801346,3261.65,0,0.3333,1,-0.785,0.5703,0
2026-05-27 11:37:00,2275.0,2275.0,2273.7,2274.3,2605,2274.8828,2275.6882,2275.2971,-1,-0.6243,-0.3239,-0.3004,-1,19.8668,13.5233,26.4208,42.3638,0,23.0769,25.2459,-0.1186,2278.0657,2273.6143,2275.84,0.002,0.154,1.4717,2275.8342,-1,-803951,3256.9,0,0.5385,-1,-0.8112,0.5393,0
2026-05-27 11:38:00,2274.3,2274.3,2272.3,2272.3,5059,2274.3662,2275.3802,2275.1795,-1,-0.8057,-0.4202,-0.3854,-1,21.5029,12.2434,30.5453,35.123,0,0.0,20.7004,-0.1538,2278.2291,2272.9709,2275.6,0.0023,-0.1276,1.5094,2275.5356,-1,-809010,3333.55,1,1.0,-1,-0.8552,0.4509,1
2026-05-27 11:39:00,2271.7,2272.9,2271.7,2272.9,9177,2274.073,2275.1547,2275.0901,-1,-0.8908,-0.5143,-0.3764,-1,23.2948,11.5378,31.6665,38.518,0,22.6415,15.2395,-0.0923,2278.3159,2272.5741,2275.445,0.0025,0.0568,1.4873,2275.0622,-1,-799833,3536.2,1,1.0,1,-0.7511,0.4774,1
2026-05-27 11:40:00,2273.0,2274.2,2272.6,2273.7,1166,2273.9984,2275.0225,2275.0356,-1,-0.8834,-0.5882,-0.2953,-1,23.5487,16.8657,29.2464,42.815,0,37.7358,20.1258,-0.123,2278.1861,2272.3939,2275.29,0.0025,0.2255,1.4954,2274.9999,-1,-798667,3508.0,0,0.4375,1,-0.7031,0.5128,1
2026-05-27 11:41:00,2274.2,2276.5,2273.7,2275.7,5671,2274.3387,2275.0841,2275.0617,-1,-0.7081,-0.6121,-0.0959,-1,21.9344,25.0841,25.5642,51.8711,0,75.4717,45.283,0.0308,2277.9646,2272.4554,2275.21,0.0024,0.5889,1.5886,2274.9727,1,-792996,3703.0,1,0.5357,1,-0.6158,0.6012,1
2026-05-27 11:42:00,2275.7,2277.0,2275.7,2276.5,2806,2274.771,2275.2128,2275.1181,-1,-0.4988,-0.5895,0.0907,1,20.6289,25.8764,24.0502,54.9447,0,90.566,67.9245,0.0659,2277.8826,2272.4874,2275.185,0.0024,0.7437,1.5679,2274.9548,1,-790190,3709.55,0,0.6154,1,-0.5591,0.6366,0
2026-05-27 11:43:00,2276.3,2276.3,2275.0,2275.1,3617,2274.8368,2275.2025,2275.1174,-1,-0.4408,-0.5597,0.1189,1,19.3706,24.1027,25.6005,49.0422,0,64.1509,76.7296,0.0088,2277.7115,2272.4985,2275.105,0.0023,0.499,1.5631,2274.8829,1,-793807,3705.9,0,0.9231,-1,-0.6203,0.5747,0
2026-05-27 11:44:00,2275.3,2275.5,2274.5,2275.0,899,2274.8694,2275.1841,2275.1128,-1,-0.3984,-0.5275,0.1291,1,18.5291,22.9721,26.7449,48.6403,0,62.2642,72.327,0.0616,2277.5217,2272.5183,2275.02,0.0022,0.496,1.5229,2274.8391,1,-794706,3667.25,0,0.3,-1,-0.6246,0.5703,1
2026-05-27 11:45:00,2275.0,2276.5,2274.6,2276.5,3213,2275.1955,2275.3038,2275.1672,-1,-0.2409,-0.4702,0.2292,1,17.3723,25.5694,24.4029,54.645,0,90.566,72.327,0.1099,2277.5217,2272.5183,2275.02,0.0022,0.7958,1.5498,2274.8442,1,-791493,3746.5,0,0.7895,1,-0.5591,0.6366,0
2026-05-27 11:46:00,2276.1,2276.9,2275.1,2276.4,5430,2275.4364,2275.4034,2275.2155,1,-0.1228,-0.4007,0.2779,1,16.5647,25.2949,22.4015,54.1901,0,88.6792,80.5031,0.0615,2277.4878,2272.5322,2275.01,0.0022,0.7805,1.5677,2274.8222,1,-796923,3740.15,0,0.1667,1,-0.5635,0.6322,0
2026-05-27 11:47:00,2276.2,2276.9,2275.4,2275.9,4894,2275.5291,2275.4486,2275.2424,1,-0.0687,-0.3343,0.2656,1,15.8148,23.5607,20.8658,51.8654,0,79.2453,86.1635,0.0704,2277.2989,2272.6111,2274.955,0.0021,0.7016,1.5628,2274.8663,1,-801817,3922.55,0,0.2,-1,-0.5853,0.6101,1
2026-05-27 11:48:00,2275.9,2276.9,2275.6,2276.0,5028,2275.6233,2275.4987,2275.2721,1,-0.0176,-0.2709,0.2534,1,15.1185,22.1438,19.6109,52.3061,0,81.1321,83.0189,0.1628,2277.3249,2272.6051,2274.965,0.0021,0.7193,1.5441,2274.8989,1,-796789,4027.15,0,0.0769,1,-0.581,0.6145,0
2026-05-27 11:49:00,2276.0,2276.1,2275.3,2275.8,4339,2275.6587,2275.5261,2275.2928,1,0.0067,-0.2154,0.2221,1,14.2101,21.2951,20.2966,51.2946,0,77.3585,79.2453,0.1276,2277.3929,2272.6171,2275.005,0.0021,0.6665,1.4909,2274.9224,1,-801128,3910.95,0,0.25,-1,-0.5897,0.6056,0
2026-05-27 11:50:00,2275.8,2275.8,2274.5,2274.7,1102,2275.4669,2275.451,2275.2695,1,-0.0621,-0.1847,0.1227,1,13.6839,19.9566,22.8889,46.0232,0,56.6038,71.6981,0.044,2277.2043,2272.6257,2274.915,0.002,0.453,1.4773,2274.8688,-1,-802230,3724.9,0,0.8462,-1,-0.6377,0.557,1
2026-05-27 11:51:00,2274.7,2275.0,2274.7,2275.0,2836,2275.3735,2275.41,2275.259,-1,-0.0913,-0.1661,0.0747,1,13.1954,19.6496,22.5369,47.6047,0,62.2642,65.4088,-0.0308,2277.2043,2272.6257,2274.915,0.002,0.5186,1.3932,2274.8475,1,-799394,3740.2,0,1.0,1,-0.6246,0.5703,0
2026-05-27 11:52:00,2275.0,2275.0,2274.2,2274.5,1551,2275.1988,2275.3273,2275.2292,-1,-0.1531,-0.1635,0.0104,1,13.1504,18.8184,24.2274,45.2263,0,52.8302,57.2327,-0.0879,2277.186,2272.594,2274.89,0.002,0.4151,1.3508,2274.8269,-1,-800945,3541.2,0,0.625,-1,-0.6465,0.5482,1
2026-05-27 11:53:00,2274.7,2275.0,2274.7,2275.0,5776,2275.1591,2275.2975,2275.2202,-1,-0.1599,-0.1627,0.0029,1,13.1086,18.2974,23.5567,48.0229,0,54.5455,56.5466,-0.0044,2277.1915,2272.5985,2274.895,0.002,0.5229,1.29,2274.8263,1,-795169,3696.3,1,1.0,1,-0.6246,0.5703,0
2026-05-27 11:54:00,2274.9,2275.4,2273.7,2274.0,4538,2274.9273,2275.1796,2275.1724,-1,-0.2431,-0.1788,-0.0643,-1,13.8486,16.6134,26.8026,43.2651,0,9.0909,38.8222,-0.044,2277.1727,2272.6573,2274.915,0.002,0.2974,1.3193,2274.8381,-1,-799707,3728.3,0,0.5294,-1,-0.6683,0.5261,1
2026-05-27 11:55:00,2274.6,2275.0,2274.0,2275.0,3859,2274.9418,2275.1632,2275.1656,-1,-0.2258,-0.1882,-0.0376,-1,14.5358,15.6981,25.3259,48.7348,0,39.3939,34.3434,-0.0659,2277.1834,2272.7466,2274.965,0.002,0.5079,1.2965,2274.8398,1,-795848,3859.1,0,0.4,1,-0.6246,0.5703,0
2026-05-27 11:56:00,2275.0,2275.6,2273.9,2274.4,4406,2274.8334,2275.0938,2275.1356,-1,-0.2575,-0.2021,-0.0554,-1,14.4697,17.4935,23.0056,45.8769,0,21.875,23.4533,-0.0879,2277.1668,2272.7032,2274.935,0.002,0.3801,1.3253,2274.8269,-1,-800254,3898.6,0,0.3529,-1,-0.6509,0.5437,0
2026-05-27 11:57:00,2274.5,2275.0,2273.0,2274.0,1582,2274.6668,2274.9944,2275.091,-1,-0.3113,-0.2239,-0.0874,-1,15.1133,15.6741,25.2931,44.0235,0,25.641,28.97,-0.0835,2277.1726,2272.6674,2274.92,0.002,0.2958,1.3735,2274.8266,-1,-801836,3847.45,0,0.25,-1,-0.6683,0.5261,0
2026-05-27 11:58:00,2274.0,2274.0,2273.0,2273.0,1498,2274.3334,2274.8131,2275.009,-1,-0.4297,-0.2651,-0.1646,-1,15.7109,14.8428,23.9517,39.7047,0,0.0,15.8387,-0.1318,2277.0607,2272.8493,2274.955,0.0019,0.0358,1.3468,2274.9243,-1,-803334,3669.4,0,1.0,-1,-0.712,0.4819,1
2026-05-27 11:59:00,2273.1,2273.9,2272.9,2273.9,1152,2274.2467,2274.7301,2274.9655,-1,-0.4458,-0.3012,-0.1446,-1,16.3451,14.0409,23.198,44.94,0,25.0,16.8803,-0.0835,2276.9548,2273.0552,2275.005,0.0017,0.2166,1.3221,2275.2408,-1,-802182,3268.15,0,0.8,1,-0.6727,0.5216,0
2026-05-27 12:00:00,2274.3,2274.3,2273.0,2273.6,1825,2274.1174,2274.6274,2274.912,-1,-0.4772,-0.3364,-0.1408,-1,16.4106,15.2172,21.5667,43.5816,0,17.5,14.1667,-0.0484,2276.9637,2273.0363,2275.0,0.0017,0.1435,1.3205,2275.2271,-1,-804007,3301.1,0,0.5385,-1,-0.6858,0.5084,1
2026-05-27 12:01:00,2273.6,2274.5,2273.6,2274.5,3756,2274.1939,2274.6158,2274.8958,-1,-0.4246,-0.3541,-0.0706,-1,16.2142,15.5662,20.4923,48.6009,0,40.0,27.5,-0.022,2276.8877,2272.9923,2274.94,0.0017,0.387,1.2905,2275.1604,-1,-800251,3205.35,0,1.0,1,-0.6465,0.5482,1
2026-05-27 12:02:00,2274.1,2274.9,2273.7,2274.9,3450,2274.3351,2274.6416,2274.896,-1,-0.3467,-0.3526,0.0059,1,15.5283,16.7522,19.1243,50.7002,0,62.5,40.0,0.0176,2276.6715,2273.0485,2274.86,0.0016,0.511,1.284,2275.0715,-1,-796801,3237.55,0,0.6667,1,-0.629,0.5658,1
2026-05-27 12:03:00,2274.6,2275.0,2274.6,2275.0,2016,2274.4681,2274.6742,2274.9001,-1,-0.2737,-0.3368,0.0631,1,14.7664,16.9453,18.6768,51.2364,0,72.4138,58.3046,0.0,2276.6644,2273.0456,2274.855,0.0016,0.5401,1.2209,2275.0424,-1,-794785,3157.5,0,1.0,1,-0.6246,0.5703,0
2026-05-27 12:04:00,2275.0,2275.0,2274.0,2274.2,2537,2274.4145,2274.6311,2274.8726,-1,-0.2772,-0.3249,0.0477,1,14.7108,15.9409,21.1261,46.8466,0,48.1481,61.0206,0.0088,2276.6451,2272.9849,2274.815,0.0016,0.332,1.2051,2275.0178,-1,-797322,3239.4,0,0.8,-1,-0.6596,0.5349,1
2026-05-27 12:05:00,2274.3,2275.0,2274.3,2274.7,863,2274.4716,2274.6374,2274.8659,-1,-0.2369,-0.3073,0.0704,1,14.6593,15.1664,20.0997,49.7447,0,66.6667,62.4095,-0.0132,2276.3838,2273.0662,2274.725,0.0015,0.4925,1.1761,2274.9693,-1,-796459,3121.9,0,0.5714,1,-0.6377,0.557,0
2026-05-27 12:06:00,2275.0,2275.0,2274.2,2274.6,1357,2274.4973,2274.634,2274.8554,-1,-0.2106,-0.2879,0.0774,1,14.7233,14.4123,19.7219,49.1673,0,62.963,59.2593,0.0088,2276.1051,2273.1649,2274.635,0.0013,0.4881,1.1493,2274.8524,-1,-797816,2918.25,0,0.5,-1,-0.6421,0.5526,1
2026-05-27 12:07:00,2274.6,2275.0,2274.2,2275.0,2681,2274.5978,2274.6672,2274.8611,-1,-0.1557,-0.2615,0.1058,1,14.7827,13.6798,18.7195,51.5879,0,77.7778,69.1358,0.044,2275.9537,2273.2263,2274.59,0.0012,0.6503,1.1243,2274.7409,1,-795135,2807.6,0,0.5,1,-0.6246,0.5703,0
2026-05-27 12:08:00,2275.0,2275.0,2274.9,2275.0,2106,2274.6783,2274.6975,2274.8665,-1,-0.1109,-0.2314,0.1205,1,14.8378,13.5868,18.5923,51.5879,0,77.7778,72.8395,0.088,2275.7589,2273.3211,2274.54,0.0011,0.6887,1.0512,2274.6151,1,-793029,2661.5,0,0.0,1,-0.6246,0.5703,0
2026-05-27 12:09:00,2275.0,2275.1,2274.9,2275.0,1973,2274.7426,2274.725,2274.8718,1,-0.0745,-0.2,0.1255,1,14.7055,14.1121,18.3241,51.5879,0,77.7778,77.7778,0.0484,2275.5973,2273.4027,2274.5,0.001,0.7278,0.9904,2274.5346,1,-791056,2543.2,0,0.0,1,-0.6246,0.5703,1
2026-05-27 12:10:00,2275.0,2276.8,2275.0,2275.1,2904,2274.8141,2274.7591,2274.8807,1,-0.0372,-0.1674,0.1302,1,15.0624,23.9656,16.0765,52.2972,0,56.4103,70.6553,0.066,2275.6453,2273.3947,2274.52,0.001,0.7577,1.0482,2274.5855,1,-788152,2633.3,0,0.0556,1,-0.6203,0.5747,1
2026-05-27 12:11:00,2275.9,2276.4,2275.3,2275.5,2980,2274.9513,2274.8264,2274.905,1,0.0244,-0.1291,0.1534,1,15.3938,21.8784,14.6763,55.1291,0,66.6667,66.9516,0.044,2275.7324,2273.3576,2274.545,0.001,0.9021,1.0662,2274.6334,1,-785172,2640.5,0,0.3636,-1,-0.6028,0.5924,1
2026-05-27 12:12:00,2276.2,2277.0,2275.5,2276.7,4767,2275.301,2274.9968,2274.9754,1,0.1681,-0.0696,0.2377,1,16.3089,23.648,13.2431,62.3502,0,92.6829,71.9199,0.0791,2276.1682,2273.1418,2274.655,0.0013,1.1757,1.0972,2274.7855,1,-780405,2801.3,1,0.3333,1,-0.5504,0.6454,0
2026-05-27 12:13:00,2276.7,2276.8,2274.0,2274.5,2114,2275.1408,2274.9516,2274.9568,1,0.1032,-0.0351,0.1383,1,15.1608,19.7675,19.8608,47.3162,0,37.5,65.6165,-0.022,2276.1361,2273.1239,2274.63,0.0013,0.4568,1.2188,2274.7856,-1,-782519,2618.2,0,0.7857,-1,-0.6465,0.5482,0
2026-05-27 12:14:00,2274.0,2274.5,2273.8,2274.0,2007,2274.9126,2274.8651,2274.9192,1,0.0114,-0.0258,0.0371,1,14.3147,18.9311,20.2294,44.6795,0,11.7647,47.3159,-0.0088,2276.1361,2273.1239,2274.63,0.0013,0.2909,1.1817,2274.7961,-1,-784526,2491.65,0,0.0,1,-0.6683,0.5261,0
2026-05-27 12:15:00,2273.8,2274.1,2273.0,2273.9,1498,2274.7101,2274.7774,2274.8793,-1,-0.0687,-0.0344,-0.0344,-1,14.3395,17.6662,23.7372,44.1495,0,22.5,23.9216,-0.0352,2276.1032,2273.0468,2274.575,0.0013,0.2792,1.1759,2274.771,-1,-786024,2373.6,0,0.0909,1,-0.6727,0.5216,1
2026-05-27 12:16:00,2273.7,2274.8,2273.5,2274.8,1730,2274.7281,2274.7794,2274.8762,-1,-0.0589,-0.0393,-0.0196,-1,13.547,20.5018,21.8768,49.9078,0,45.0,26.4216,0.0088,2276.124,2273.066,2274.595,0.0013,0.567,1.1848,2274.769,1,-784294,2239.8,0,0.8462,1,-0.6334,0.5614,0
2026-05-27 12:17:00,2275.6,2275.6,2274.8,2274.8,5530,2274.7425,2274.7813,2274.8732,-1,-0.0505,-0.0415,-0.009,-1,13.1528,24.4272,20.7966,49.9078,0,45.0,37.5,-0.0088,2276.1414,2273.1286,2274.635,0.0013,0.5548,1.1573,2274.8277,-1,-778764,2437.2,1,1.0,-1,-0.6334,0.5614,0
2026-05-27 12:18:00,2274.9,2275.0,2272.9,2273.8,3299,2274.554,2274.6921,2274.8311,-1,-0.1231,-0.0578,-0.0653,-1,13.3243,21.4352,29.3314,44.0547,0,21.9512,37.3171,-0.0527,2276.0416,2273.3084,2274.675,0.0012,0.1799,1.2246,2274.8114,-1,-782063,2527.25,0,0.5238,-1,-0.6771,0.5172,1
2026-05-27 12:19:00,2273.8,2274.7,2273.7,2274.4,3996,2274.5232,2274.6655,2274.8142,-1,-0.1308,-0.0724,-0.0583,-1,13.4836,20.1683,27.5979,47.9956,0,36.5854,34.5122,-0.0264,2276.0266,2273.3734,2274.7,0.0012,0.3869,1.2086,2274.7975,-1,-778067,2669.45,0,0.6,1,-0.6509,0.5437,0
2026-05-27 12:20:00,2274.4,2274.4,2272.3,2273.4,11084,2274.2985,2274.5505,2274.7587,-1,-0.215,-0.1009,-0.1141,-1,14.5798,17.7904,32.2041,42.6085,0,23.4043,27.3136,-0.0747,2276.0522,2273.3278,2274.69,0.0012,0.0265,1.2723,2274.5783,-1,-789151,3132.4,1,0.4762,-1,-0.6945,0.4995,0
2026-05-27 12:21:00,2273.4,2273.4,2272.1,2272.1,1802,2273.8588,2274.3277,2274.6545,-1,-0.3823,-0.1572,-0.2251,-1,15.7178,16.494,30.9784,36.8222,0,0.0,19.9965,-0.1494,2276.3399,2272.8001,2274.57,0.0016,-0.1978,1.2742,2274.541,-1,-790953,3034.7,0,1.0,-1,-0.7513,0.4421,0
2026-05-27 12:22:00,2272.1,2272.3,2271.9,2271.9,7316,2273.4671,2274.107,2274.5464,-1,-0.525,-0.2308,-0.2942,-1,16.8975,16.1051,31.4269,36.012,0,0.0,7.8014,-0.2108,2276.5286,2272.3114,2274.42,0.0019,-0.0975,1.2118,2274.259,-1,-798269,3228.0,1,0.5,-1,-0.7601,0.4332,0
2026-05-27 12:23:00,2271.3,2271.8,2271.0,2271.5,1630,2273.0737,2273.87,2274.427,-1,-0.6627,-0.3171,-0.3455,-1,18.5124,15.2347,35.1329,34.3824,1,8.3333,2.7778,-0.1319,2276.6867,2271.8033,2274.245,0.0021,-0.0621,1.1895,2274.1681,-1,-799899,3208.7,0,0.25,1,-0.7775,0.4155,0
2026-05-27 12:24:00,2271.5,2271.5,2270.9,2271.0,2429,2272.6589,2273.6091,2274.2926,-1,-0.8029,-0.4143,-0.3886,-1,20.0667,14.6657,34.4431,32.4084,1,1.6393,3.3242,-0.1319,2276.9073,2271.2627,2274.085,0.0025,-0.0465,1.1474,2274.0439,-1,-802328,3203.3,0,0.8333,-1,-0.7994,0.3934,0
2026-05-27 12:25:00,2271.0,2271.1,2270.2,2270.4,2836,2272.2071,2273.3174,2274.1399,-1,-0.9514,-0.5217,-0.4297,-1,21.8821,13.8312,36.909,30.1698,1,2.9412,4.3046,-0.1539,2277.0981,2270.6419,2273.87,0.0028,-0.0375,1.1297,2273.8864,-1,-805164,3301.95,0,0.6667,-1,-0.8256,0.3669,0
2026-05-27 12:26:00,2270.0,2270.4,2269.6,2269.6,4379,2271.6857,2272.9794,2273.9619,-1,-1.1208,-0.6415,-0.4793,-1,23.858,13.1167,38.8767,27.4475,1,0.0,1.5268,-0.2286,2277.3228,2269.9172,2273.62,0.0033,-0.0428,1.1062,2273.6175,-1,-809543,3453.05,0,0.5,-1,-0.8605,0.3316,0
2026-05-27 12:27:00,2269.7,2269.8,2268.8,2269.1,3184,2271.1686,2272.6267,2273.7712,-1,-1.2806,-0.7694,-0.5113,-1,26.0411,12.2639,41.5504,25.876,1,4.4118,2.451,-0.2506,2277.4563,2269.1937,2273.325,0.0036,-0.0113,1.0986,2273.3738,-1,-812727,3478.2,0,0.6,-1,-0.8824,0.3094,1
2026-05-27 12:28:00,2269.2,2270.0,2269.2,2269.7,1407,2270.8749,2272.3607,2273.6116,-1,-1.3434,-0.8842,-0.4592,-1,27.7886,12.8542,39.0873,30.9827,1,13.2353,5.8824,-0.1803,2277.4021,2268.7179,2273.06,0.0038,0.1131,1.0844,2273.2487,-1,-811320,3443.25,0,0.625,1,-0.8562,0.336,0
2026-05-27 12:29:00,2268.7,2269.0,2268.0,2268.0,5215,2270.2999,2271.9643,2273.3915,-1,-1.5128,-1.0099,-0.5029,-1,29.909,11.4709,42.4772,25.601,1,0.0,5.8824,-0.2814,2277.4778,2267.9422,2272.71,0.0042,0.0061,1.1284,2272.8453,-1,-816535,3605.35,0,0.7,-1,-0.9304,0.2608,0
2026-05-27 12:30:00,2268.0,2268.7,2266.8,2266.8,6352,2269.5999,2271.4948,2273.133,-1,-1.7241,-1.1527,-0.5714,-1,32.2779,10.1555,44.8487,22.6148,1,0.0,4.4118,-0.2903,2277.5757,2267.0143,2272.295,0.0046,-0.0203,1.1835,2272.2831,-1,-822887,3777.75,1,0.6316,-1,-0.9828,0.2078,1
2026-05-27 12:31:00,2268.1,2269.9,2268.1,2269.8,6158,2269.6399,2271.3407,2273.0023,-1,-1.6307,-1.2483,-0.3823,-1,33.031,14.944,37.3276,41.1089,0,36.5854,12.1951,-0.1012,2277.1822,2266.8378,2272.01,0.0046,0.2864,1.3204,2271.9166,-1,-816729,3936.65,1,0.9444,1,-0.8518,0.3404,1
2026-05-27 12:32:00,2269.9,2270.0,2269.8,2270.0,880,2269.7119,2271.2188,2272.8846,-1,-1.5229,-1.3032,-0.2197,-1,33.6179,15.3478,36.8977,42.1023,0,40.5063,25.6972,-0.0836,2276.4407,2266.9093,2271.675,0.0042,0.3243,1.2404,2271.6078,-1,-815849,3742.3,0,0.5,1,-0.8431,0.3492,0
2026-05-27 12:33:00,2269.9,2270.0,2269.9,2270.0,1545,2269.7696,2271.108,2272.7715,-1,-1.4211,-1.3268,-0.0943,-1,34.1628,15.2532,36.6703,42.1023,0,42.1053,39.7323,-0.066,2276.084,2266.816,2271.45,0.0041,0.3435,1.1589,2271.4742,-1,-814304,3713.85,0,1.0,1,-0.8431,0.3492,0
2026-05-27 12:34:00,2270.0,2270.0,2269.9,2270.0,1098,2269.8156,2271.0073,2272.6628,-1,-1.3252,-1.3265,0.0013,1,34.6689,15.1526,36.4285,42.1023,0,48.4848,43.6988,-0.044,2275.7704,2266.7296,2271.25,0.004,0.3617,1.0833,2271.3798,-1,-813206,3668.4,0,0.0,1,-0.8431,0.3492,1
2026-05-27 12:35:00,2270.0,2271.1,2270.0,2271.1,1957,2270.0725,2271.0157,2272.6015,-1,-1.1472,-1.2906,0.1434,1,33.8119,21.2999,33.7892,48.1146,0,78.1818,56.2573,0.0308,2275.4638,2266.7562,2271.11,0.0038,0.4989,1.0845,2271.3163,-1,-811249,3691.35,0,1.0,1,-0.795,0.3979,1
2026-05-27 12:36:00,2270.9,2272.0,2270.9,2271.6,3862,2270.378,2271.0688,2272.5622,-1,-0.9548,-1.2235,0.2687,1,32.1062,25.6801,31.3436,50.6245,0,92.3077,72.9915,0.0881,2274.9722,2266.9278,2270.95,0.0035,0.5808,1.0856,2271.2562,1,-807387,3797.95,0,0.6364,1,-0.7732,0.42,0
2026-05-27 12:37:00,2272.0,2272.0,2271.3,2271.5,2447,2270.6024,2271.108,2272.5206,-1,-0.8011,-1.139,0.3379,1,30.5223,24.4665,29.8624,50.1025,0,90.3846,86.958,0.1058,2274.4134,2267.1566,2270.785,0.0032,0.5985,1.058,2270.9786,1,-809834,3643.8,0,0.7143,-1,-0.7775,0.4155,1
2026-05-27 12:38:00,2271.5,2272.7,2271.5,2272.4,1290,2270.9619,2271.2255,2272.5158,-1,-0.5998,-1.0311,0.4314,1,28.379,27.1841,27.4661,54.6363,0,94.9153,92.5359,0.119,2274.1573,2267.2727,2270.715,0.003,0.7448,1.0682,2270.8648,1,-808544,3543.35,0,0.75,1,-0.7382,0.4553,1
2026-05-27 12:39:00,2272.6,2273.7,2272.4,2273.5,1840,2271.4695,2271.4323,2272.5544,1,-0.3475,-0.8944,0.5469,1,27.151,31.442,25.1149,59.482,0,97.1014,94.1338,0.2425,2273.9375,2267.4025,2270.67,0.0029,0.9331,1.0847,2270.7295,1,-806704,3435.55,0,0.6923,1,-0.6902,0.504,1
2026-05-27 12:40:00,2273.0,2274.0,2273.0,2273.7,1570,2271.9156,2271.6384,2272.5994,1,-0.1299,-0.7415,0.6116,1,26.2407,31.3465,23.4519,60.3121,0,95.8333,95.95,0.3044,2274.0048,2267.3652,2270.685,0.0029,0.9541,1.0787,2270.311,1,-805134,2959.85,0,0.7,1,-0.6814,0.5128,1
2026-05-27 12:41:00,2273.7,2274.0,2273.7,2274.0,1213,2272.3325,2271.8531,2272.6543,1,0.066,-0.58,0.646,1,25.3954,30.6899,22.9606,61.5835,0,100.0,97.6449,0.185,2274.3552,2267.2048,2270.78,0.0031,0.9503,1.0231,2270.3169,1,-803921,2930.4,0,1.0,1,-0.6683,0.5261,0
2026-05-27 12:42:00,2274.0,2274.3,2273.1,2273.1,4776,2272.486,2271.9665,2272.6718,1,0.147,-0.4346,0.5816,1,23.9766,28.15,25.1984,55.8076,0,84.0,93.2778,0.1366,2274.5269,2267.1531,2270.84,0.0032,0.8065,1.0357,2270.3641,1,-808697,2803.4,1,0.75,-1,-0.7076,0.4863,1
2026-05-27 12:43:00,2273.4,2274.3,2273.4,2274.3,1421,2272.8488,2272.1786,2272.7356,1,0.3044,-0.2868,0.5912,1,22.6592,25.8464,23.1364,61.0527,0,100.0,94.6667,0.1894,2274.9577,2267.0023,2270.98,0.0035,0.9173,1.0474,2270.4254,1,-807276,2792.95,0,1.0,1,-0.6552,0.5393,0
2026-05-27 12:44:00,2274.0,2274.6,2274.0,2274.3,1770,2273.139,2272.3715,2272.797,1,0.4243,-0.1446,0.5689,1,21.7263,26.8658,22.1599,61.0527,0,95.3846,93.1282,0.1894,2275.378,2266.912,2271.145,0.0037,0.8727,1.0155,2270.5185,1,-805506,2760.0,0,0.5,1,-0.6552,0.5393,1
2026-05-27 12:45:00,2273.6,2274.5,2273.0,2274.5,2090,2273.4112,2272.565,2272.8637,1,0.5294,-0.0098,0.5392,1,20.5365,24.1246,26.7011,61.9262,0,97.9167,97.7671,0.1497,2275.8098,2266.8902,2271.35,0.0039,0.8532,1.0501,2270.6496,1,-803416,2722.7,0,0.6,1,-0.6465,0.5482,0
2026-05-27 12:46:00,2274.5,2274.5,2271.6,2273.4,4503,2273.409,2272.6409,2272.8848,1,0.5179,0.0957,0.4221,1,20.5702,19.8976,30.4813,54.6647,0,74.4681,89.2565,0.0792,2276.0092,2267.0708,2271.54,0.0039,0.7081,1.1822,2270.9201,1,-807919,2728.9,1,0.3793,-1,-0.6945,0.4995,1
2026-05-27 12:47:00,2273.6,2274.1,2273.3,2273.8,1312,2273.4872,2272.7462,2272.9207,1,0.5349,0.1836,0.3513,1,20.6015,18.9131,28.9731,56.6551,0,82.9787,85.1212,0.1013,2276.2003,2267.3497,2271.775,0.0039,0.7288,1.1549,2271.092,1,-806607,2635.3,0,0.25,1,-0.6771,0.5172,0
2026-05-27 12:48:00,2273.8,2273.8,2273.0,2273.0,1429,2273.3898,2272.7693,2272.9238,1,0.4783,0.2425,0.2358,1,20.8565,17.9564,29.4045,51.7604,0,65.2174,74.2214,0.0264,2276.289,2267.591,2271.94,0.0038,0.6219,1.1296,2271.1899,1,-808036,2636.4,0,1.0,-1,-0.712,0.4819,0
2026-05-27 12:49:00,2272.6,2272.6,2271.6,2272.4,1255,2273.1918,2272.7357,2272.9032,1,0.3807,0.2702,0.1105,1,22.001,16.3934,35.5492,48.3842,0,40.5405,62.9122,-0.0484,2276.117,2268.203,2272.16,0.0035,0.5303,1.1489,2271.5213,1,-809291,2438.4,0,0.2,-1,-0.7382,0.4553,1
2026-05-27 12:50:00,2272.4,2272.9,2272.2,2272.5,2123,2273.0534,2272.7143,2272.8874,1,0.3078,0.2777,0.0301,1,22.6997,17.5782,33.9577,48.9815,0,36.3636,47.3739,-0.0528,2275.545,2269.345,2272.445,0.0027,0.5089,1.1168,2272.1526,1,-807168,2226.95,0,0.1429,1,-0.7338,0.4597,0
2026-05-27 12:51:00,2272.5,2272.7,2271.5,2271.5,1710,2272.7428,2272.6039,2272.833,1,0.1674,0.2556,-0.0882,-1,23.7653,16.2362,35.8185,43.5537,0,0.0,25.6347,-0.1099,2275.4214,2269.6386,2272.53,0.0025,0.3219,1.1228,2272.5851,-1,-808878,2004.55,0,0.8333,-1,-0.7775,0.4155,0
2026-05-27 12:52:00,2271.2,2271.4,2271.0,2271.0,833,2272.3942,2272.4581,2272.7611,-1,0.0157,0.2076,-0.192,-1,25.0299,15.6985,37.9443,41.1013,0,0.0,12.1212,-0.0924,2275.3256,2269.8344,2272.58,0.0024,0.2123,1.0783,2272.6131,-1,-809711,2002.2,0,0.5,-1,-0.7994,0.3934,1
2026-05-27 12:53:00,2271.6,2271.9,2271.6,2271.8,803,2272.2754,2272.3983,2272.7234,-1,-0.0396,0.1582,-0.1978,-1,25.5742,18.1031,35.6551,46.3105,0,22.2222,7.4074,-0.1099,2275.1793,2270.1607,2272.67,0.0022,0.3266,1.0655,2272.6999,-1,-808908,1965.1,0,0.6667,1,-0.7644,0.4288,1
2026-05-27 12:54:00,2271.8,2272.0,2271.3,2272.0,4094,2272.2203,2272.3621,2272.6951,-1,-0.0665,0.1133,-0.1797,-1,26.2659,17.2323,36.0015,47.5592,0,27.7778,16.6667,-0.1011,2274.9882,2270.5518,2272.77,0.002,0.3264,1.0394,2272.6805,-1,-804814,2114.9,1,0.2857,1,-0.7557,0.4376,0
2026-05-27 12:55:00,2272.0,2272.0,2271.7,2271.7,1045,2272.1162,2272.3019,2272.656,-1,-0.1107,0.0685,-0.1792,-1,26.9082,16.858,35.2196,45.837,0,19.4444,23.1481,-0.1231,2274.942,2270.658,2272.8,0.0019,0.2432,0.9866,2272.7503,-1,-805859,2069.3,0,1.0,-1,-0.7688,0.4244,1
2026-05-27 12:56:00,2271.7,2272.0,2271.5,2272.0,1139,2272.093,2272.2744,2272.6303,-1,-0.1202,0.0307,-0.1509,-1,27.6391,16.2255,35.399,47.8699,0,27.7778,25.0,-0.0616,2274.9239,2270.7161,2272.82,0.0019,0.3051,0.9519,2272.8482,-1,-804720,1933.15,0,0.6,1,-0.7557,0.4376,0
2026-05-27 12:57:00,2271.6,2272.0,2271.5,2272.0,1194,2272.0744,2272.2495,2272.6056,-1,-0.1263,-0.0007,-0.1256,-1,28.3178,15.5953,34.0242,47.8699,0,27.7778,25.0,-0.0792,2274.8968,2270.7932,2272.845,0.0018,0.2941,0.9196,2272.8975,-1,-803526,1870.5,0,0.8,1,-0.7557,0.4376,0
2026-05-27 12:58:00,2271.6,2272.0,2271.5,2271.5,2046,2271.9595,2272.1814,2272.5622,-1,-0.1694,-0.0344,-0.135,-1,28.9479,14.9693,32.6582,44.632,0,14.2857,23.2804,-0.066,2274.927,2270.673,2272.8,0.0019,0.1944,0.8896,2272.8551,-1,-805572,1908.3,0,0.2,-1,-0.7775,0.4155,0
2026-05-27 12:59:00,2271.2,2271.2,2270.8,2271.0,1108,2271.7676,2272.074,2272.501,-1,-0.2412,-0.0758,-0.1654,-1,30.0394,14.1149,36.5016,41.6016,0,5.4054,15.823,-0.0616,2274.9136,2270.4364,2272.675,0.002,0.1259,0.8761,2272.7832,-1,-806680,1871.7,0,0.5,-1,-0.7994,0.3934,1
2026-05-27 13:00:00,2271.4,2271.9,2271.3,2271.8,793,2271.7741,2272.0491,2272.4735,-1,-0.2309,-0.1068,-0.1241,-1,29.9373,18.7774,33.8284,47.7181,0,30.303,16.6647,-0.0308,2274.7977,2270.3623,2272.58,0.002,0.3241,0.8778,2272.7255,-1,-805887,1832.85,0,0.6667,1,-0.7644,0.4288,0
2026-05-27 13:01:00,2271.6,2271.6,2271.0,2271.5,1564,2271.7193,2271.9991,2272.4353,-1,-0.2441,-0.1343,-0.1099,-1,30.0853,17.5472,34.0689,45.7817,0,23.3333,19.6806,0.0,2274.6197,2270.2903,2272.455,0.0019,0.2794,0.8722,2272.6296,-1,-807451,1850.4,0,0.1667,-1,-0.7775,0.4155,0
2026-05-27 13:02:00,2271.0,2271.5,2270.7,2271.0,1558,2271.5754,2271.9083,2272.379,-1,-0.2916,-0.1657,-0.1259,-1,30.4595,16.3908,34.295,42.6734,0,13.6364,22.4242,0.0,2274.582,2270.118,2272.35,0.002,0.1976,0.8671,2272.4345,-1,-809009,1689.5,0,0.0,1,-0.7994,0.3934,0
2026-05-27 13:03:00,2270.6,2271.0,2270.6,2271.0,2190,2271.4603,2271.8257,2272.3249,-1,-0.3254,-0.1977,-0.1278,-1,30.8864,15.829,33.9765,42.6734,0,17.3913,18.1203,-0.0352,2274.3009,2270.0691,2272.185,0.0019,0.22,0.8337,2272.2708,-1,-806819,1727.95,0,1.0,1,-0.7994,0.3934,1
2026-05-27 13:04:00,2271.5,2272.0,2271.5,2272.0,1035,2271.5683,2271.8416,2272.3122,-1,-0.2685,-0.2118,-0.0567,-1,29.7597,22.9392,31.1064,50.4729,0,66.6667,32.5648,0.0,2273.9505,2270.1895,2272.07,0.0017,0.4814,0.8456,2272.1512,-1,-805784,1691.2,0,1.0,1,-0.7557,0.4376,0
2026-05-27 13:05:00,2272.4,2272.4,2271.9,2272.0,1539,2271.6546,2271.856,2272.3,-1,-0.2208,-0.2136,-0.0072,-1,28.1947,25.4217,29.7531,50.4729,0,77.7778,53.9452,0.0132,2273.4596,2270.4304,2271.945,0.0013,0.5182,0.8209,2272.0327,-1,-804245,1663.65,0,0.8,-1,-0.7557,0.4376,0
2026-05-27 13:06:00,2271.9,2272.0,2271.7,2272.0,1721,2271.7237,2271.8691,2272.2882,-1,-0.1809,-0.2071,0.0262,1,26.9578,24.7266,30.7624,50.4729,0,77.7778,74.0741,0.0,2273.2357,2270.5143,2271.875,0.0012,0.5459,0.7837,2271.8577,1,-802524,1524.55,0,0.3333,1,-0.7557,0.4376,0
2026-05-27 13:07:00,2272.0,2272.0,2272.0,2272.0,1193,2271.779,2271.881,2272.2769,-1,-0.1476,-0.1952,0.0476,1,25.8092,24.7266,30.7624,50.4729,0,77.7778,77.7778,0.0,2272.8248,2270.7452,2271.785,0.0009,0.6034,0.7277,2271.7823,1,-801331,1518.6,0,0.0,1,-0.7557,0.4376,0
2026-05-27 13:08:00,2272.0,2272.0,2271.6,2271.7,5316,2271.7632,2271.8645,2272.2543,-1,-0.1438,-0.1849,0.0411,1,25.1934,23.7235,33.5712,47.8462,0,61.1111,72.2222,0.0088,2272.5977,2270.8423,2271.72,0.0008,0.4886,0.7043,2271.718,-1,-806647,1712.95,1,0.75,-1,-0.7688,0.4244,1
2026-05-27 13:09:00,2271.4,2272.0,2271.4,2271.8,994,2271.7705,2271.8587,2272.2365,-1,-0.1312,-0.1742,0.043,1,24.8388,22.2645,33.5565,48.8026,0,66.6667,68.5185,0.0352,2272.5119,2270.8681,2271.69,0.0007,0.5669,0.6969,2271.7006,1,-805653,1699.9,0,0.6667,1,-0.7644,0.4288,1
2026-05-27 13:10:00,2271.7,2272.0,2271.7,2272.0,1371,2271.8164,2271.8715,2272.2272,-1,-0.1038,-0.1601,0.0563,1,24.5095,21.5508,32.4809,50.7481,0,77.7778,68.5185,0.0088,2272.4141,2270.9159,2271.665,0.0007,0.7236,0.6685,2271.6557,1,-804282,1662.3,0,1.0,1,-0.7557,0.4376,0
2026-05-27 13:11:00,2272.0,2272.0,2271.4,2271.4,4349,2271.7331,2271.8286,2272.1947,-1,-0.1291,-0.1539,0.0248,1,24.5459,20.159,33.6123,45.1991,0,44.4444,62.963,-0.0044,2272.4147,2270.9053,2271.66,0.0007,0.3278,0.6636,2271.6373,-1,-808631,1794.25,1,1.0,-1,-0.7819,0.4111,0
2026-05-27 13:12:00,2271.4,2271.5,2271.0,2271.1,1214,2271.6065,2271.7624,2272.1518,-1,-0.1713,-0.1574,-0.0139,-1,25.0049,19.0547,36.1536,42.6859,0,27.7778,50.0,0.0044,2272.4033,2270.9267,2271.665,0.0007,0.1174,0.6519,2271.6342,-1,-809845,1813.3,0,0.6,-1,-0.795,0.3979,0
2026-05-27 13:13:00,2271.5,2271.5,2270.1,2271.0,3724,2271.4852,2271.6931,2272.1066,-1,-0.2105,-0.168,-0.0425,-1,26.2265,16.3533,40.1419,41.8506,0,39.1304,37.1176,0.0,2272.4146,2270.8354,2271.625,0.0007,0.1042,0.7054,2271.5586,-1,-813569,1959.35,1,0.3571,-1,-0.7994,0.3934,1
2026-05-27 13:14:00,2270.4,2271.6,2270.4,2271.6,4172,2271.5082,2271.6846,2272.0868,-1,-0.1909,-0.1726,-0.0183,-1,27.1686,15.4252,35.4966,48.3781,0,65.2174,44.0419,-0.0176,2272.3756,2270.8344,2271.605,0.0007,0.4968,0.7407,2271.4988,1,-809397,1963.25,1,1.0,1,-0.7732,0.42,0
2026-05-27 13:15:00,2270.8,2271.3,2270.8,2271.2,4236,2271.4465,2271.6406,2272.052,-1,-0.2052,-0.1791,-0.0261,-1,28.0435,14.2419,32.7737,44.77,0,47.8261,50.7246,-0.0352,2272.3689,2270.7911,2271.58,0.0007,0.2592,0.7449,2271.4516,-1,-813633,2122.8,1,0.8,1,-0.7906,0.4023,0
2026-05-27 13:16:00,2271.0,2271.1,2270.0,2271.0,1760,2271.3572,2271.5823,2272.0107,-1,-0.2301,-0.1893,-0.0408,-1,29.5025,12.6717,36.5105,43.0414,0,41.6667,51.57,-0.044,2272.3327,2270.7273,2271.53,0.0007,0.1699,0.7774,2271.4108,-1,-815393,2153.85,0,0.0,1,-0.7994,0.3934,0
2026-05-27 13:17:00,2270.8,2271.0,2270.8,2270.8,1408,2271.2458,2271.5112,2271.9633,-1,-0.2629,-0.204,-0.0589,-1,30.8574,12.4258,35.802,41.3233,0,33.3333,40.942,-0.0528,2272.3021,2270.6379,2271.47,0.0007,0.0974,0.7362,2271.3814,-1,-816801,2164.55,0,0.0,1,-0.8081,0.3846,0
2026-05-27 13:18:00,2270.7,2270.7,2268.9,2270.0,6540,2270.9966,2271.3738,2271.8863,-1,-0.3495,-0.2331,-0.1163,-1,33.1887,10.3676,46.4359,35.2599,0,31.4286,35.4762,-0.0748,2272.4447,2270.3453,2271.395,0.0009,-0.1645,0.8193,2271.1619,-1,-823341,2389.25,1,0.3889,-1,-0.8431,0.3492,0
2026-05-27 13:19:00,2269.9,2270.0,2269.5,2269.7,2844,2270.7373,2271.2217,2271.8005,-1,-0.4372,-0.2739,-0.1633,-1,35.3536,9.9027,44.3538,33.2875,1,25.8065,30.1895,-0.0924,2272.6061,2270.0539,2271.33,0.0011,-0.1387,0.7965,2271.0835,-1,-826185,2476.05,0,0.4,-1,-0.8562,0.336,1
2026-05-27 13:20:00,2268.7,2270.0,2268.7,2270.0,1283,2270.5898,2271.1106,2271.7299,-1,-0.477,-0.3146,-0.1625,-1,37.6888,8.7981,46.2707,37.0781,0,39.3939,32.2097,-0.088,2272.6204,2269.8596,2271.24,0.0012,0.0509,0.8325,2271.0353,-1,-824902,2500.55,0,1.0,1,-0.8431,0.3492,1
2026-05-27 13:21:00,2270.0,2270.3,2269.8,2270.3,1693,2270.5319,2271.0369,2271.6739,-1,-0.4789,-0.3474,-0.1315,-1,39.282,11.0593,44.2273,40.7064,0,48.4848,37.8951,-0.0484,2272.6133,2269.7467,2271.18,0.0013,0.193,0.8087,2270.9945,-1,-823209,2507.0,0,0.6,1,-0.8299,0.3625,1
2026-05-27 13:22:00,2270.8,2271.2,2270.5,2271.2,843,2270.6655,2271.0517,2271.6553,-1,-0.4031,-0.3586,-0.0445,-1,39.2291,18.0726,40.7398,50.0179,0,75.7576,54.5455,0.0044,2272.6209,2269.7591,2271.19,0.0013,0.5035,0.8152,2270.9918,1,-822366,2471.25,0,0.5714,1,-0.7906,0.4023,1
2026-05-27 13:23:00,2271.8,2272.2,2271.5,2272.0,4366,2270.9324,2271.1379,2271.6688,-1,-0.2753,-0.3419,0.0666,1,37.8118,25.1364,37.2272,56.5498,0,94.2857,72.8427,0.044,2272.7102,2269.7698,2271.24,0.0013,0.7585,0.8284,2271.0739,1,-818000,2580.05,1,0.2857,1,-0.7557,0.4376,0
2026-05-27 13:24:00,2271.8,2272.0,2271.7,2272.0,648,2271.1459,2271.2163,2271.6818,-1,-0.172,-0.3079,0.1359,1,36.4958,24.4552,36.2183,56.5498,0,94.2857,88.1097,0.0176,2272.7102,2269.7698,2271.24,0.0013,0.7585,0.7907,2271.069,1,-817352,2560.7,0,0.6667,1,-0.7557,0.4376,1
2026-05-27 13:25:00,2272.0,2272.7,2272.0,2272.7,2498,2271.4567,2271.3512,2271.7217,1,-0.0333,-0.253,0.2197,1,34.4132,29.2718,33.9091,61.6373,0,100.0,96.1905,0.066,2272.8458,2269.7042,2271.275,0.0014,0.9536,0.7842,2271.1055,1,-814854,2608.65,0,1.0,1,-0.7251,0.4686,0
2026-05-27 13:26:00,2272.1,2272.7,2272.1,2272.4,1366,2271.6454,2271.4465,2271.7483,1,0.0518,-0.192,0.2439,1,32.4794,27.6448,32.0243,58.4772,0,92.5,95.5952,0.0616,2272.9118,2269.6782,2271.295,0.0014,0.8417,0.7711,2271.1133,1,-816220,2590.9,0,0.5,1,-0.7382,0.4553,1
2026-05-27 13:27:00,2272.7,2272.9,2272.1,2272.9,2461,2271.8963,2271.5787,2271.7935,1,0.1578,-0.1221,0.2799,1,30.4356,27.4493,29.6574,61.9763,0,100.0,97.5,0.0925,2273.0783,2269.6017,2271.34,0.0015,0.9487,0.7731,2271.1638,1,-813759,2654.3,0,0.25,1,-0.7164,0.4774,0
2026-05-27 13:28:00,2272.9,2273.0,2272.7,2272.9,1634,2272.097,2271.6988,2271.8369,1,0.2391,-0.0498,0.2889,1,28.4108,27.6199,28.7978,61.9763,0,97.6744,96.7248,0.1278,2273.2623,2269.5377,2271.4,0.0016,0.9027,0.7393,2271.1553,1,-812125,2470.2,0,0.0,1,-0.6035,0.4774,1
2026-05-27 13:29:00,2272.9,2273.3,2272.7,2273.1,1846,2272.2976,2271.8262,2271.8864,1,0.3159,0.0233,0.2926,1,26.6146,28.9349,27.1057,63.4068,0,95.6522,97.7755,0.1498,2273.4643,2269.4657,2271.465,0.0018,0.9089,0.7294,2271.2128,1,-810279,2512.8,0,0.3333,1,-0.438,0.4863,1
2026-05-27 13:30:00,2273.0,2273.3,2273.0,2273.3,1495,2272.4981,2271.9602,2271.9418,1,0.3885,0.0964,0.2922,1,24.9467,28.0475,26.2744,64.8317,0,100.0,97.7755,0.1454,2273.6739,2269.3861,2271.53,0.0019,0.9128,0.6987,2271.2531,1,-808784,2519.0,0,1.0,1,-0.4292,0.4951,0
2026-05-27 13:31:00,2273.0,2273.3,2273.0,2273.3,1429,2272.6585,2272.082,2271.9951,1,0.441,0.1653,0.2757,1,23.3979,27.1508,25.4343,64.8317,0,100.0,98.5507,0.1321,2273.9017,2269.3483,2271.625,0.002,0.8679,0.6702,2271.2799,1,-807355,2373.0,0,1.0,1,-0.4292,0.4951,1
2026-05-27 13:32:00,2273.0,2273.5,2273.0,2273.4,3340,2272.8068,2272.2018,2272.0502,1,0.485,0.2292,0.2558,1,22.2488,27.8481,24.054,65.6082,-1,97.9167,99.3056,0.0969,2274.1286,2269.3514,2271.74,0.0021,0.8475,0.6581,2271.4179,1,-804015,2479.3,0,0.8,1,-0.4249,0.4995,0
2026-05-27 13:33:00,2273.4,2273.4,2272.9,2273.0,1677,2272.8454,2272.2744,2272.0874,1,0.4821,0.2798,0.2023,1,21.0129,26.3104,23.8301,59.9097,0,89.5833,95.8333,0.044,2274.2636,2269.4164,2271.84,0.0021,0.7393,0.6468,2271.5205,1,-805692,2376.95,0,0.8,-1,-0.4206,0.4819,0
2026-05-27 13:34:00,2273.0,2273.2,2272.9,2273.0,2714,2272.8763,2272.3403,2272.1232,1,0.4743,0.3187,0.1556,1,19.8653,25.404,23.0092,59.9097,0,86.4865,91.3288,0.044,2274.3822,2269.4378,2271.91,0.0022,0.7205,0.622,2271.6386,1,-802978,2304.05,0,0.0,1,-0.4162,0.4819,0
2026-05-27 13:35:00,2273.0,2273.0,2272.9,2273.0,974,2272.9011,2272.4003,2272.1576,1,0.4628,0.3475,0.1153,1,18.7997,25.0936,22.7281,59.9097,0,83.3333,86.4677,0.0132,2274.4932,2269.5068,2272.0,0.0022,0.7005,0.5847,2271.7221,1,-802004,2140.95,0,0.0,1,-0.4118,0.4819,0
2026-05-27 13:36:00,2273.0,2273.0,2272.4,2272.7,1752,2272.8609,2272.4275,2272.1789,1,0.4246,0.3629,0.0616,1,18.0099,23.2578,27.1619,55.4021,0,60.0,76.6066,0.0132,2274.5518,2269.6182,2272.085,0.0022,0.6247,0.5858,2271.8041,1,-803756,2140.55,0,0.5,-1,-0.425,0.4686,0
2026-05-27 13:37:00,2272.6,2272.7,2272.6,2272.7,538,2272.8287,2272.4523,2272.1993,1,0.3898,0.3683,0.0215,1,17.2766,22.9564,26.8098,55.4021,0,55.5556,66.2963,-0.0088,2274.5872,2269.7728,2272.18,0.0021,0.608,0.5511,2271.8466,1,-803218,2097.05,0,1.0,1,-0.3944,0.4686,0
2026-05-27 13:38:00,2272.7,2272.7,2272.6,2272.7,1373,2272.803,2272.4748,2272.219,1,0.3581,0.3662,-0.0082,-1,16.5956,22.6404,26.4408,55.4021,0,46.6667,54.0741,-0.0088,2274.5116,2270.1184,2272.315,0.0019,0.5876,0.5189,2272.2294,1,-801845,1838.7,0,0.0,1,-0.3944,0.4686,0
2026-05-27 13:39:00,2272.6,2272.7,2272.0,2272.3,2324,2272.7024,2272.4589,2272.2221,1,0.2973,0.3525,-0.0552,-1,16.9743,20.5118,32.0134,49.2333,0,20.0,40.7407,-0.0352,2274.2862,2270.6038,2272.445,0.0016,0.4606,0.5318,2272.4318,-1,-804169,1812.7,0,0.4286,-1,-0.412,0.4509,0
2026-05-27 13:40:00,2272.0,2272.3,2272.0,2272.3,818,2272.6219,2272.4445,2272.2252,1,0.2462,0.3312,-0.085,-1,17.326,19.6588,30.6821,49.2333,0,20.0,28.8889,-0.044,2274.0248,2271.0952,2272.56,0.0013,0.4112,0.5153,2272.5293,-1,-803351,1789.45,0,1.0,1,-0.412,0.4509,0
2026-05-27 13:41:00,2271.9,2272.3,2271.8,2272.3,1033,2272.5575,2272.4313,2272.2281,1,0.2034,0.3056,-0.1022,-1,17.9648,18.2933,31.3293,49.2333,0,29.4118,23.1373,-0.044,2273.7077,2271.6123,2272.66,0.0009,0.3282,0.5142,2272.6331,-1,-802318,1756.45,0,0.8,1,-0.412,0.4509,0
2026-05-27 13:42:00,2272.2,2272.8,2271.9,2271.9,2750,2272.426,2272.383,2272.2152,1,0.1357,0.2717,-0.136,-1,17.3766,22.7151,27.6116,43.2224,0,5.8824,18.4314,-0.066,2273.5793,2271.8107,2272.695,0.0008,0.0505,0.5417,2272.6389,-1,-805068,1851.8,0,0.3333,-1,-0.4295,0.4332,1
2026-05-27 13:43:00,2272.5,2272.6,2271.7,2272.6,547,2272.4608,2272.4028,2272.2303,1,0.1369,0.2447,-0.1078,-1,17.1748,20.1412,27.0009,53.8428,0,50.0,28.4314,-0.0176,2273.5517,2271.8983,2272.725,0.0007,0.4244,0.5673,2272.7304,-1,-804521,1660.85,0,0.1111,1,-0.3988,0.4642,0
2026-05-27 13:44:00,2272.5,2272.5,2271.0,2271.5,2100,2272.2686,2272.3207,2272.2017,-1,0.0485,0.2055,-0.1569,-1,18.0103,16.5506,29.9867,40.8969,0,20.0,25.2941,-0.066,2273.6359,2271.7641,2272.7,0.0008,-0.1411,0.6411,2272.6815,-1,-806621,1733.45,0,0.6667,-1,-0.447,0.4155,0
2026-05-27 13:45:00,2271.5,2271.5,2270.9,2271.0,1252,2272.0149,2272.2006,2272.1546,-1,-0.0612,0.1521,-0.2133,-1,18.9138,15.4391,29.0922,36.5903,0,3.8462,24.6154,-0.088,2273.8088,2271.4212,2272.615,0.0011,-0.1764,0.6382,2272.6395,-1,-807873,1671.15,0,0.8333,-1,-0.4689,0.3934,1
2026-05-27 13:46:00,2271.0,2271.5,2270.8,2271.5,877,2271.9119,2272.1369,2272.1289,-1,-0.1065,0.1004,-0.2069,-1,19.8833,14.2378,27.94,43.0488,0,26.9231,16.9231,-0.0528,2273.857,2271.283,2272.57,0.0011,0.0843,0.6426,2272.6129,-1,-806996,1646.7,0,0.7143,1,-0.447,0.4155,1
2026-05-27 13:47:00,2271.5,2272.0,2271.5,2271.9,1037,2271.9095,2272.1154,2272.1199,-1,-0.1089,0.0586,-0.1674,-1,19.6075,19.0812,26.3621,47.6431,0,45.8333,25.5342,-0.0352,2273.8294,2271.2106,2272.52,0.0012,0.2632,0.6324,2272.5846,-1,-805959,1575.5,0,0.8,1,-0.4295,0.4332,1
2026-05-27 13:48:00,2271.9,2272.1,2271.9,2272.1,3397,2271.9476,2272.114,2272.1191,-1,-0.0936,0.0281,-0.1217,-1,19.1353,19.8155,25.736,49.8228,0,59.0909,43.9491,-0.0264,2273.7894,2271.1706,2272.48,0.0012,0.3549,0.6015,2272.5144,-1,-802562,1663.65,1,1.0,1,-0.4207,0.4421,0
2026-05-27 13:49:00,2271.8,2272.1,2271.8,2271.8,1216,2271.9181,2272.0855,2272.1066,-1,-0.1044,0.0016,-0.1061,-1,18.8666,19.0834,26.0167,46.6834,0,45.4545,50.1263,-0.022,2273.7239,2271.1061,2272.415,0.0012,0.2651,0.58,2272.4622,-1,-803778,1632.15,0,0.0,1,-0.4339,0.4288,1
2026-05-27 13:50:00,2272.0,2272.4,2272.0,2272.4,965,2272.0145,2272.114,2272.1181,-1,-0.0639,-0.0115,-0.0524,-1,17.9489,21.3624,24.0989,53.0546,0,80.0,61.5152,0.0044,2273.6143,2271.1257,2272.37,0.0011,0.5121,0.5814,2272.422,-1,-802813,1605.65,0,1.0,1,-0.4076,0.4553,0
2026-05-27 13:51:00,2272.5,2272.5,2272.2,2272.3,2006,2272.0716,2272.131,2272.1253,-1,-0.0394,-0.0171,-0.0223,-1,16.8827,21.8194,23.1789,51.9406,0,75.0,66.8182,0.0,2273.4889,2271.1511,2272.32,0.001,0.4914,0.5613,2272.3825,-1,-804819,1634.5,0,0.6667,-1,-0.412,0.4509,0
2026-05-27 13:52:00,2272.3,2272.3,2271.1,2271.8,2482,2272.0173,2272.1009,2272.1125,-1,-0.0596,-0.0256,-0.034,-1,17.6309,18.7379,32.8513,46.6644,0,50.0,68.3333,-0.0044,2273.3178,2271.1622,2272.24,0.0009,0.2959,0.6069,2272.2357,-1,-807301,1591.6,1,0.4167,-1,-0.4339,0.4288,1
2026-05-27 13:53:00,2271.7,2273.0,2271.5,2273.0,3985,2272.2138,2272.1826,2272.1473,1,0.0209,-0.0163,0.0372,1,16.9907,23.1994,27.6035,57.7556,0,100.0,75.0,0.0176,2273.3178,2271.1622,2272.24,0.0009,0.8526,0.6707,2272.2241,1,-803316,1707.0,1,0.8667,1,-0.3813,0.4819,0
2026-05-27 13:54:00,2272.9,2273.0,2272.4,2272.9,2343,2272.3511,2272.2478,2272.1768,1,0.0758,0.0021,0.0737,1,16.3963,21.7057,25.8263,56.6975,0,95.4545,81.8182,0.0616,2273.2995,2271.1705,2272.235,0.0009,0.8124,0.6657,2272.1967,1,-805659,1688.45,0,0.0,1,-0.3857,0.4774,0
2026-05-27 13:55:00,2272.8,2272.9,2272.5,2272.8,2246,2272.4408,2272.298,2272.2013,1,0.11,0.0237,0.0863,1,15.8444,20.7467,24.6852,55.6005,0,90.9091,95.4545,0.0793,2273.264,2271.186,2272.225,0.0009,0.7767,0.6467,2272.2097,1,-807905,1752.05,0,0.0,1,-0.3901,0.473,1
2026-05-27 13:56:00,2272.6,2272.9,2272.5,2272.9,846,2272.5327,2272.3527,2272.2287,1,0.1435,0.0477,0.0958,1,15.3318,19.8044,23.5641,56.5067,0,95.4545,93.9394,0.0616,2273.2957,2271.1743,2272.235,0.0009,0.8135,0.6291,2272.1983,1,-807059,1706.75,0,0.75,1,-0.3857,0.4774,1
2026-05-27 13:57:00,2272.9,2273.0,2271.9,2273.0,2949,2272.6261,2272.4116,2272.2589,1,0.1761,0.0734,0.1027,1,15.7999,17.4564,27.2373,57.4422,0,100.0,95.4545,0.0484,2273.3445,2271.1555,2272.25,0.001,0.8426,0.6627,2272.2265,1,-804110,1827.3,1,0.0909,1,-0.3813,0.4819,0
2026-05-27 13:58:00,2273.0,2273.5,2272.6,2273.0,2796,2272.7009,2272.4651,2272.288,1,0.1996,0.0986,0.101,1,15.2339,21.06,24.661,57.4422,0,81.4815,92.312,0.0396,2273.3915,2271.1385,2272.265,0.001,0.8262,0.6797,2272.27,1,-801314,1898.45,0,0.0,1,-0.3813,0.4819,0
2026-05-27 13:59:00,2273.0,2273.2,2272.9,2272.9,2110,2272.7407,2272.5046,2272.312,1,0.2078,0.1204,0.0873,1,14.7083,20.3684,23.8512,56.0442,0,77.7778,86.4198,0.0484,2273.4551,2271.1349,2272.295,0.001,0.7607,0.6525,2272.3069,1,-803424,1887.75,0,0.3333,-1,-0.3857,0.4774,0
2026-05-27 14:00:00,2272.9,2273.0,2272.5,2272.5,3883,2272.6926,2272.5042,2272.3194,1,0.1799,0.1323,0.0476,1,14.8544,19.2347,26.9765,50.7262,0,58.3333,72.5309,0.0044,2273.4686,2271.1414,2272.305,0.001,0.5838,0.6416,2272.3433,1,-807307,2041.0,1,0.8,-1,-0.4032,0.4109,0
2026-05-27 14:01:00,2272.4,2272.5,2271.4,2272.1,1079,2272.5741,2272.4675,2272.3108,1,0.1241,0.1307,-0.0066,-1,16.3101,16.9937,35.4844,46.0231,0,41.6667,59.2593,-0.0088,2273.462,2271.128,2272.295,0.001,0.4165,0.6744,2272.3395,-1,-808386,2043.3,0,0.2727,-1,-0.4207,0.2913,1
2026-05-27 14:02:00,2272.1,2273.0,2272.1,2273.0,5413,2272.6593,2272.5159,2272.3378,1,0.1508,0.1347,0.0161,1,16.715,20.5838,32.1808,55.9248,0,79.1667,59.7222,0.0528,2273.5408,2271.1592,2272.35,0.001,0.7729,0.6905,2272.3931,1,-802973,2176.45,1,1.0,1,-0.3813,0.3178,0
2026-05-27 14:03:00,2272.9,2273.0,2271.6,2272.7,6620,2272.6674,2272.5326,2272.352,1,0.146,0.137,0.0091,1,17.6231,17.8066,32.6575,52.4696,0,66.6667,62.5,-0.0132,2273.5508,2271.1592,2272.355,0.0011,0.6443,0.7412,2272.3995,1,-809593,2480.1,1,0.1429,-1,-0.3944,0.3045,1
2026-05-27 14:04:00,2272.7,2273.1,2272.5,2272.9,3000,2272.7139,2272.566,2272.3735,1,0.1566,0.1409,0.0157,1,18.2801,17.7398,30.7431,54.4884,0,75.0,73.6111,0.0,2273.5754,2271.2746,2272.425,0.001,0.7064,0.7311,2272.4558,1,-806593,2525.1,0,0.3333,1,-0.3857,0.3134,0
2026-05-27 14:05:00,2272.9,2272.9,2272.4,2272.4,3013,2272.6511,2272.5509,2272.3745,1,0.1232,0.1374,-0.0142,-1,19.0011,16.8532,30.2062,48.897,0,54.1667,65.2778,-0.0176,2273.4426,2271.5474,2272.495,0.0008,0.4499,0.7146,2272.4939,-1,-809606,2613.15,0,1.0,-1,-0.4076,0.2913,0
2026-05-27 14:06:00,2272.3,2272.3,2271.2,2271.7,1714,2272.4609,2272.4736,2272.3481,-1,0.0398,0.1178,-0.0781,-1,20.7726,14.9252,38.1905,42.3456,0,21.7391,50.3019,-0.0528,2273.4138,2271.5962,2272.505,0.0008,0.0571,0.7493,2272.4896,-1,-811320,2655.0,0,0.5455,-1,-0.4383,0.2604,1
2026-05-27 14:07:00,2272.0,2272.9,2272.0,2272.3,9176,2272.4287,2272.4578,2272.3462,-1,0.0218,0.0986,-0.0768,-1,21.35,18.7724,34.0016,48.6913,0,47.8261,41.244,-0.0308,2273.3965,2271.6535,2272.525,0.0008,0.3709,0.7815,2272.4878,-1,-802144,3061.95,1,0.3333,1,-0.412,0.2869,0
2026-05-27 14:08:00,2272.3,2272.3,2270.9,2271.0,4257,2272.143,2272.3253,2272.2934,-1,-0.0962,0.0597,-0.1558,-1,22.7514,16.4987,39.3998,38.7417,0,3.8462,24.4705,-0.088,2273.5546,2271.3854,2272.47,0.001,-0.1777,0.8256,2272.4381,-1,-806401,3104.95,0,0.9286,-1,-0.4689,0.2295,0
2026-05-27 14:09:00,2271.0,2271.0,2270.0,2270.0,2160,2271.7144,2272.1139,2272.2035,-1,-0.2673,-0.0057,-0.2616,-1,24.6027,15.0926,43.7124,33.1331,1,0.0,17.2241,-0.1276,2273.8881,2270.8719,2272.38,0.0013,-0.2891,0.8381,2272.3764,-1,-808561,3152.15,0,1.0,-1,-0.5128,0.1854,0
2026-05-27 14:10:00,2270.1,2270.4,2270.0,2270.0,3656,2271.3715,2271.9217,2272.117,-1,-0.3983,-0.0842,-0.3141,-1,26.3217,14.5581,42.1644,33.1331,1,0.0,1.2821,-0.11,2274.0902,2270.4298,2272.26,0.0016,-0.1174,0.8068,2272.2532,-1,-804905,3286.7,0,0.25,-1,-0.5128,0.1854,0
2026-05-27 14:11:00,2270.2,2270.2,2269.8,2269.8,2683,2271.0572,2271.7288,2272.0262,-1,-0.5124,-0.1699,-0.3425,-1,28.0372,14.0233,42.4522,32.0566,1,0.0,0.0,-0.1012,2274.2556,2270.0144,2272.135,0.0019,-0.0505,0.7777,2272.1571,-1,-807588,3320.55,0,1.0,-1,-0.5215,0.1765,1
2026-05-27 14:12:00,2269.6,2271.3,2269.6,2271.3,5753,2271.1058,2271.6898,2271.9977,-1,-0.4763,-0.2312,-0.2451,-1,27.8956,21.3184,36.3417,46.1796,0,47.2222,15.7407,-0.0748,2274.2575,2269.9625,2272.11,0.0019,0.3114,0.8436,2272.0546,-1,-801835,3484.1,1,1.0,1,-0.4558,0.2427,0
2026-05-27 14:13:00,2271.3,2271.3,2270.2,2270.3,3577,2270.9446,2271.5635,2271.9311,-1,-0.5223,-0.2894,-0.2329,-1,27.7641,19.3751,33.0289,40.1829,0,20.0,22.4074,-0.1056,2274.219,2269.731,2271.975,0.002,0.1268,0.8619,2271.9539,-1,-805412,3463.7,0,0.9091,-1,-0.4996,0.1986,1
2026-05-27 14:14:00,2270.6,2271.4,2270.3,2270.4,3565,2270.8357,2271.4577,2271.8711,-1,-0.5445,-0.3404,-0.2041,-1,27.4912,18.4558,30.0763,41.0079,0,22.8571,30.0265,-0.11,2274.1517,2269.5483,2271.85,0.002,0.185,0.8789,2271.8635,-1,-801847,3524.8,0,0.1818,-1,-0.4952,0.1588,0
2026-05-27 14:15:00,2270.3,2271.0,2269.4,2270.1,2923,2270.6886,2271.3343,2271.8016,-1,-0.5795,-0.3882,-0.1913,-1,27.9965,16.1888,33.2912,39.2586,0,18.9189,20.592,-0.1012,2274.0935,2269.3365,2271.715,0.0021,0.1605,0.9304,2271.7664,-1,-804770,3558.65,0,0.125,-1,-0.5084,0.1456,1
2026-05-27 14:16:00,2270.1,2271.0,2269.9,2270.9,1704,2270.7308,2271.2948,2271.7663,-1,-0.5366,-0.4179,-0.1187,-1,28.4656,14.8393,30.516,45.8875,0,40.5405,27.4389,-0.0352,2273.9536,2269.2764,2271.615,0.0021,0.3471,0.9426,2271.727,-1,-803066,3601.55,0,0.7273,1,-0.4733,0.1809,0
2026-05-27 14:17:00,2270.6,2271.8,2270.3,2270.3,5170,2270.6447,2271.2044,2271.7088,-1,-0.5447,-0.4433,-0.1014,-1,27.6917,19.0377,27.1878,42.1703,0,24.3243,27.9279,-0.088,2273.7948,2269.1652,2271.48,0.002,0.2451,0.9824,2271.6265,-1,-808236,3712.6,0,0.2,-1,-0.4996,0.1544,0
2026-05-27 14:18:00,2269.6,2270.0,2269.2,2270.0,5143,2270.5157,2271.0949,2271.6418,-1,-0.5688,-0.4684,-0.1004,-1,27.8972,17.528,32.962,40.4078,0,21.6216,28.8288,-0.044,2273.6201,2269.0399,2271.33,0.002,0.2096,0.9908,2271.448,-1,-813379,3829.95,0,0.5,1,-0.5128,0.1412,0
2026-05-27 14:19:00,2270.0,2270.0,2269.4,2269.4,1929,2270.2926,2270.9408,2271.5538,-1,-0.629,-0.5005,-0.1285,-1,28.088,16.7478,31.4949,37.0707,0,5.4054,17.1171,-0.0264,2273.4732,2268.8368,2271.155,0.002,0.1215,0.9629,2271.3585,-1,-815308,3820.9,0,1.0,-1,-0.5391,0.1147,1
2026-05-27 14:20:00,2269.2,2270.4,2269.2,2270.0,1716,2270.2341,2270.8553,2271.4929,-1,-0.6212,-0.5246,-0.0966,-1,27.6858,18.1987,28.7397,42.2104,0,21.6216,16.2162,0.0,2273.3139,2268.7461,2271.03,0.002,0.2745,0.9798,2271.2556,-1,-813592,3712.55,0,0.6667,1,-0.5128,0.1412,0
2026-05-27 14:21:00,2270.0,2270.0,2269.5,2269.8,4752,2270.1473,2270.7593,2271.4265,-1,-0.6239,-0.5445,-0.0794,-1,27.3123,17.5113,27.6541,41.0081,0,19.3548,15.4606,0.0,2273.2035,2268.6265,2270.915,0.002,0.2564,0.9455,2271.1545,-1,-818344,3896.2,0,0.4,-1,-0.5215,0.1323,0
2026-05-27 14:22:00,2269.8,2270.0,2269.5,2269.5,5552,2270.0178,2270.6449,2271.351,-1,-0.6429,-0.5642,-0.0787,-1,26.9655,16.8268,26.5732,39.2042,0,11.5385,17.505,-0.0792,2272.8954,2268.5846,2270.74,0.0019,0.2123,0.9137,2270.9415,-1,-823896,3903.15,0,0.6,-1,-0.5347,0.1191,0
2026-05-27 14:23:00,2269.1,2269.1,2268.3,2268.3,7436,2269.6742,2270.4317,2271.2313,-1,-0.7462,-0.6006,-0.1456,-1,27.6893,15.2829,33.3106,32.9588,1,0.0,10.2978,-0.0881,2272.7278,2268.3122,2270.52,0.0019,-0.0028,0.9342,2270.5924,-1,-831332,3943.95,1,1.0,-1,-0.5873,0.0662,1
2026-05-27 14:24:00,2269.0,2269.8,2268.5,2269.6,3440,2269.6594,2270.3561,2271.1674,-1,-0.7149,-0.6234,-0.0914,-1,27.323,18.7332,29.6484,43.4659,0,37.1429,16.2271,-0.0352,2272.3048,2268.4052,2270.355,0.0017,0.3064,0.9746,2270.4516,-1,-827892,3965.95,0,0.4615,1,-0.5303,0.1235,0
2026-05-27 14:25:00,2269.6,2269.9,2268.8,2268.8,2415,2269.4875,2270.2146,2271.0745,-1,-0.746,-0.6479,-0.0981,-1,26.8423,17.9629,27.2799,39.3761,0,14.2857,17.1429,-0.0573,2271.9969,2268.3531,2270.175,0.0016,0.1227,0.9835,2270.3313,-1,-830307,3936.05,0,0.7273,-1,-0.5654,0.0882,1
2026-05-27 14:26:00,2268.8,2270.0,2268.6,2270.0,2059,2269.59,2270.1951,2271.0324,-1,-0.6662,-0.6516,-0.0146,-1,26.5855,16.1901,25.9975,47.3749,0,48.5714,33.3333,-0.0396,2271.7727,2268.4073,2270.09,0.0015,0.4733,1.0133,2270.2801,-1,-828248,3953.3,0,0.8571,1,-0.5128,0.1412,0
2026-05-27 14:27:00,2270.2,2270.2,2269.8,2269.9,6281,2269.652,2270.1683,2270.988,-1,-0.604,-0.6421,0.0381,1,26.0412,17.1865,25.2313,46.8205,0,45.7143,36.1905,-0.0176,2271.3133,2268.6267,2269.97,0.0012,0.4739,0.9695,2269.9989,-1,-834529,3808.55,1,0.75,-1,-0.5172,0.1368,0
2026-05-27 14:28:00,2269.9,2269.9,2268.6,2268.6,2426,2269.4416,2270.0257,2270.8943,-1,-0.6521,-0.6441,-0.008,-1,26.5969,15.5795,31.5033,40.2296,0,8.5714,34.2857,-0.0617,2271.232,2268.468,2269.85,0.0012,0.0478,0.9931,2269.8871,-1,-836955,3717.0,0,1.0,-1,-0.5741,0.0794,1
2026-05-27 14:29:00,2268.6,2269.5,2268.6,2269.3,3052,2269.4133,2269.9597,2270.8318,-1,-0.6266,-0.6406,0.014,1,27.1129,14.5642,29.4502,44.7404,0,28.5714,27.619,-0.0044,2271.2154,2268.4146,2269.815,0.0012,0.3161,0.9864,2269.8437,-1,-833903,3761.6,0,0.7778,1,-0.5435,0.1103,0
2026-05-27 14:30:00,2268.9,2269.2,2268.2,2269.2,2625,2269.3706,2269.8907,2270.7678,-1,-0.6074,-0.6339,0.0266,1,27.9048,13.4136,29.9964,44.2269,0,27.7778,21.6402,-0.0352,2271.1975,2268.3525,2269.775,0.0013,0.2979,0.9945,2269.7949,-1,-836528,3710.05,0,0.3,1,-0.5478,0.1059,0
2026-05-27 14:31:00,2269.1,2269.4,2268.6,2268.6,7499,2269.2165,2269.7733,2270.6828,-1,-0.6333,-0.6338,0.0005,1,28.3006,14.0887,28.2485,41.1734,0,18.1818,24.8437,-0.0529,2271.2267,2268.2033,2269.715,0.0013,0.1312,0.9806,2269.7021,-1,-844027,3950.85,1,0.625,-1,-0.5741,0.0794,0
2026-05-27 14:32:00,2268.9,2268.9,2268.2,2268.6,3079,2269.0932,2269.6667,2270.6011,-1,-0.6463,-0.6363,-0.01,-1,28.9961,13.3554,29.7524,41.1734,0,18.1818,21.3805,-0.0397,2270.9794,2268.1806,2269.58,0.0012,0.1499,0.9606,2269.5786,-1,-840948,3817.15,0,0.4286,-1,-0.5741,0.0794,0
2026-05-27 14:33:00,2268.6,2268.9,2268.1,2268.3,4882,2268.9346,2269.5424,2270.5109,-1,-0.6732,-0.6437,-0.0295,-1,29.7226,12.5513,28.7137,39.5885,0,8.6957,15.0198,0.0,2270.9437,2268.0163,2269.48,0.0013,0.0969,0.9491,2269.4595,-1,-845830,3882.4,0,0.375,-1,-0.5873,0.0662,0
2026-05-27 14:34:00,2268.3,2268.3,2267.4,2267.4,2716,2268.6276,2269.3477,2270.3889,-1,-0.7583,-0.6666,-0.0917,-1,30.9224,11.6981,32.0492,35.2095,0,0.0,8.9592,-0.0969,2270.9878,2267.6722,2269.33,0.0015,-0.0821,0.9456,2269.3397,-1,-848546,3839.95,0,1.0,-1,-0.6267,0.0265,0
2026-05-27 14:35:00,2268.0,2268.7,2267.2,2267.2,4225,2268.3421,2269.1524,2270.2638,-1,-0.8323,-0.6997,-0.1326,-1,31.3119,13.3259,28.5639,34.3015,1,0.0,2.8986,-0.0705,2271.0433,2267.3267,2269.185,0.0016,-0.0341,0.9852,2269.2201,-1,-852771,3905.05,0,0.5333,-1,-0.6355,0.0176,1
2026-05-27 14:36:00,2267.3,2267.5,2266.4,2267.5,2797,2268.1737,2269.0022,2270.1554,-1,-0.8569,-0.7312,-0.1257,-1,32.2634,12.2719,32.0569,36.929,0,28.9474,9.6491,-0.1101,2270.8363,2267.1937,2269.015,0.0016,0.0841,0.9934,2269.1167,-1,-849974,3959.7,0,0.1818,1,-0.6223,0.0309,0
2026-05-27 14:37:00,2266.1,2266.1,2265.2,2266.0,8504,2267.739,2268.7293,2269.9925,-1,-0.986,-0.7821,-0.2039,-1,33.8322,10.4168,35.098,30.3857,1,16.0,14.9825,-0.1718,2270.9494,2266.6506,2268.8,0.0019,-0.1513,1.0867,2268.666,-1,-858478,4126.4,1,0.1111,-1,-0.6881,0.0,1
2026-05-27 14:38:00,2266.0,2267.2,2265.9,2267.0,5443,2267.5912,2268.5721,2269.8751,-1,-0.9962,-0.8249,-0.1712,-1,33.6797,16.669,32.1405,38.2419,0,36.0,26.9825,-0.0705,2270.8613,2266.4387,2268.65,0.0019,0.1269,1.102,2268.4706,-1,-853035,4141.4,0,0.7692,1,-0.6443,0.0441,0
2026-05-27 14:39:00,2267.0,2267.0,2265.7,2266.9,6977,2267.4529,2268.4201,2269.7585,-1,-1.0008,-0.8601,-0.1407,-1,33.6738,15.2822,30.7465,37.7828,0,34.0,28.6667,-0.1058,2270.8331,2266.2169,2268.525,0.002,0.148,1.1161,2268.292,-1,-860012,4393.8,1,0.0769,-1,-0.6486,0.0397,0
2026-05-27 14:40:00,2266.5,2266.9,2265.6,2265.6,5340,2267.0823,2268.1637,2269.5954,-1,-1.0967,-0.9074,-0.1892,-1,33.7383,14.0256,28.8508,32.3453,1,8.0,26.0,-0.1586,2270.8368,2265.7732,2268.305,0.0022,-0.0342,1.1293,2268.1306,-1,-865352,4575.0,0,0.6923,-1,-0.7056,0.0,1
2026-05-27 14:41:00,2265.7,2267.4,2265.7,2267.4,7136,2267.1459,2268.0943,2269.5093,-1,-1.0157,-0.9291,-0.0866,-1,33.0908,15.5276,25.6996,44.2985,0,46.8085,29.6028,-0.0529,2270.6486,2265.7214,2268.185,0.0022,0.3407,1.1772,2267.9492,-1,-858216,4694.2,1,1.0,1,-0.6267,0.0794,0
2026-05-27 14:42:00,2267.1,2268.0,2266.4,2267.1,5154,2267.1367,2268.0039,2269.4148,-1,-0.9646,-0.9362,-0.0285,-1,31.7162,17.6075,23.267,42.9369,0,44.186,32.9982,-0.0661,2270.4942,2265.6358,2268.065,0.0021,0.3014,1.2074,2267.8041,-1,-863370,4674.3,0,0.0,1,-0.6399,0.0662,1
2026-05-27 14:43:00,2267.7,2269.2,2266.9,2269.1,5847,2267.5294,2268.1035,2269.4025,-1,-0.7541,-0.8998,0.1457,1,29.7431,22.0253,20.2933,53.2528,0,92.8571,61.2839,0.0353,2270.5744,2265.6356,2268.105,0.0022,0.7015,1.2854,2267.7803,1,-857523,4594.85,0,0.6087,1,-0.5522,0.1545,1
2026-05-27 14:44:00,2269.1,2269.8,2269.1,2269.4,3458,2267.9035,2268.2214,2269.4024,-1,-0.5566,-0.8311,0.2745,1,28.4467,24.586,19.4774,54.5793,0,91.3043,76.1158,0.0882,2270.5416,2265.6484,2268.095,0.0022,0.7667,1.2436,2267.7856,1,-854065,4595.75,0,0.4286,1,-0.5391,0.1677,1
2026-05-27 14:45:00,2269.3,2269.9,2268.8,2269.6,4996,2268.2428,2268.3467,2269.4101,-1,-0.3796,-0.7408,0.3612,1,26.9208,23.0197,19.974,55.4861,0,93.617,92.5928,0.1059,2270.6516,2265.6184,2268.135,0.0022,0.7911,1.2333,2267.8374,1,-849069,4724.8,0,0.2727,1,-0.5303,0.1766,0
2026-05-27 14:46:00,2269.2,2269.3,2268.6,2268.9,5576,2268.3742,2268.397,2269.3901,-1,-0.2924,-0.6511,0.3587,1,25.2882,21.6683,19.9755,51.6029,0,78.7234,87.8816,0.0617,2270.4763,2265.6837,2268.08,0.0021,0.6711,1.2167,2267.8641,1,-854645,4900.65,0,0.4286,-1,-0.561,0.1457,0
2026-05-27 14:47:00,2268.9,2268.9,2267.5,2268.7,5432,2268.4394,2268.4246,2269.363,1,-0.2367,-0.5683,0.3315,1,24.2553,19.9063,24.7403,50.5151,0,74.4681,82.2695,0.1192,2270.2877,2265.7523,2268.02,0.002,0.6499,1.2298,2267.7563,1,-860077,4858.2,0,0.1429,-1,-0.5698,0.1368,1
2026-05-27 14:48:00,2268.0,2268.9,2268.0,2268.9,1877,2268.5315,2268.4678,2269.3449,1,-0.1745,-0.4895,0.315,1,23.2962,18.8454,23.4218,51.6135,0,78.7234,77.305,0.0838,2270.3217,2265.7483,2268.035,0.002,0.6891,1.2062,2267.7406,1,-858200,4830.75,0,1.0,1,-0.561,0.1457,1
2026-05-27 14:49:00,2268.9,2270.0,2268.8,2269.9,15170,2268.8052,2268.598,2269.3667,1,-0.0439,-0.4004,0.3565,1,21.9856,24.022,21.7568,56.7795,0,97.9167,83.7027,0.1323,2270.4317,2265.6983,2268.065,0.0021,0.8877,1.2058,2267.9563,1,-843030,5436.65,1,0.8333,1,-0.5172,0.1898,1
2026-05-27 14:50:00,2269.9,2271.0,2269.1,2271.0,18113,2269.2442,2268.8163,2269.4307,1,0.1466,-0.291,0.4376,1,21.599,27.1149,19.4047,61.6321,0,100.0,92.2134,0.2383,2270.8072,2265.5028,2268.155,0.0023,1.0364,1.2554,2268.2885,1,-824917,6211.05,1,0.5789,1,-0.4689,0.2383,0
2026-05-27 14:51:00,2271.0,2271.7,2270.0,2270.5,10770,2269.4953,2268.9694,2269.4726,1,0.2544,-0.1819,0.4363,1,21.7432,28.4415,17.574,58.4212,0,80.3279,92.7482,0.1367,2271.0887,2265.4113,2268.25,0.0025,0.8963,1.2871,2268.4611,1,-835687,6374.6,1,0.2941,-1,-0.4909,0.2163,1
2026-05-27 14:52:00,2270.5,2272.5,2270.1,2272.1,17060,2270.0163,2269.254,2269.5757,1,0.4635,-0.0528,0.5163,1,22.3906,29.0551,15.3695,64.7498,0,94.2029,91.5103,0.2205,2271.7228,2265.1272,2268.425,0.0029,1.0572,1.3666,2268.8333,1,-818627,7073.65,1,0.6667,1,-0.4207,0.2869,1
2026-05-27 14:53:00,2272.4,2273.4,2272.1,2273.0,41360,2270.613,2269.5945,2269.71,1,0.6938,0.0965,0.5973,1,23.4976,31.7945,14.3216,67.7256,-1,94.8718,89.8009,0.1719,2272.512,2264.808,2268.66,0.0034,1.0633,1.3619,2269.7739,1,-777267,8897.55,1,0.4615,1,-0.3813,0.3266,0
2026-05-27 14:54:00,2273.1,2274.3,2273.0,2273.0,11780,2271.0904,2269.9041,2269.839,1,0.8664,0.2505,0.6159,1,24.966,34.3554,13.3419,67.7256,-1,84.8837,91.3195,0.1586,2273.1795,2264.7005,2268.94,0.0037,0.9788,1.3574,2270.0346,1,-765487,9350.75,0,0.0769,-1,-0.3813,0.3266,1
2026-05-27 14:55:00,2273.4,2274.4,2272.9,2273.5,18536,2271.5723,2270.231,2269.9826,1,1.0316,0.4067,0.6249,1,26.3296,31.6639,12.2966,69.3905,-1,88.75,89.5018,0.1718,2273.8517,2264.6583,2269.255,0.0041,0.9617,1.3676,2270.4118,1,-746951,10066.3,1,0.0667,1,-0.3594,0.3487,1
2026-05-27 14:56:00,2273.3,2274.2,2273.1,2274.2,7116,2272.0979,2270.5918,2270.1479,1,1.2052,0.5664,0.6388,1,27.5958,29.819,11.5802,71.5994,-1,97.3333,90.3224,0.2336,2274.5856,2264.5944,2269.59,0.0044,0.9614,1.3485,2270.5748,1,-739835,10282.25,0,0.8182,1,-0.3287,0.3796,0
2026-05-27 14:57:00,2274.2,2274.7,2273.8,2273.9,10869,2272.4583,2270.8926,2270.2951,1,1.3035,0.7138,0.5896,1,29.0291,31.0757,11.0147,69.2915,-1,88.8889,91.6574,0.2292,2275.0317,2264.9383,2269.985,0.0044,0.8879,1.3165,2270.9573,1,-750704,10400.5,0,0.3333,-1,-0.3419,0.3663,0
2026-05-27 14:58:00,2273.9,2274.3,2273.2,2273.2,9905,2272.6066,2271.1024,2270.409,1,1.3098,0.833,0.4768,1,29.549,29.199,13.6436,64.0998,0,79.1667,88.463,0.1895,2275.3319,2265.2581,2270.295,0.0044,0.7884,1.301,2271.188,1,-760609,10623.6,0,0.6364,-1,-0.3725,0.3355,1
2026-05-27 14:59:00,2273.1,2273.9,2273.1,2273.8,10619,2272.8453,2271.3476,2270.542,1,1.3477,0.9359,0.4117,1,29.8992,27.8802,13.592,66.4221,-1,87.5,85.1852,0.1718,2275.6446,2265.6354,2270.64,0.0044,0.8157,1.2652,2271.4568,1,-749990,10805.7,0,0.875,1,-0.3462,0.3619,1
2026-05-27 15:00:00,2273.8,2276.9,2273.8,2274.7,22862,2273.2162,2271.6524,2270.705,1,1.4338,1.0355,0.3983,1,31.6546,38.8058,11.4365,69.5989,-1,76.5957,81.0875,0.1629,2275.8314,2266.3586,2271.095,0.0042,0.8806,1.3963,2271.9405,1,-727128,11681.8,1,0.2903,1,-0.3068,0.4017,0
2026-05-27 15:01:00,2275.1,2275.6,2273.9,2273.9,41841,2273.353,2271.8567,2270.8303,1,1.4211,1.1126,0.3085,1,33.2846,35.4826,10.4571,63.819,0,66.2921,76.796,0.1497,2275.9867,2266.8533,2271.42,0.004,0.7715,1.418,2272.4702,1,-768969,13417.05,1,0.7059,-1,-0.3419,0.3663,1
2026-05-27 15:02:00,2274.0,2274.5,2273.0,2274.1,22110,2273.5024,2272.0606,2270.9586,1,1.4109,1.1723,0.2386,1,33.7382,32.8126,14.1852,64.6103,0,65.4321,69.44,0.088,2276.0207,2267.5193,2271.77,0.0037,0.7741,1.4238,2272.6743,1,-746859,14264.85,1,0.0667,1,-0.3331,0.3752,1
2026-05-27 15:03:00,2274.0,2274.6,2273.7,2274.6,11324,2273.7219,2272.2915,2271.1014,1,1.4268,1.2232,0.2036,1,34.2084,31.8063,13.5275,66.5782,-1,70.5128,67.4124,0.0704,2276.2808,2267.8092,2272.045,0.0037,0.8016,1.3864,2272.8235,1,-735535,14538.7,0,0.6667,1,-0.3112,0.3972,0
2026-05-27 15:04:00,2274.6,2274.7,2273.9,2273.9,7663,2273.7575,2272.4377,2271.2111,1,1.3671,1.252,0.1151,1,34.6965,30.9858,12.9526,61.4282,0,56.5217,64.1556,0.0396,2276.3965,2268.1435,2272.27,0.0036,0.6975,1.3445,2272.8982,1,-743198,14748.95,0,0.875,-1,-0.3419,0.3663,0
2026-05-27 15:05:00,2273.9,2274.0,2273.8,2273.8,10073,2273.766,2272.5616,2271.3126,1,1.2967,1.2609,0.0358,1,35.0203,30.6352,13.3717,60.7058,0,54.4118,60.4821,0.0132,2276.4668,2268.4932,2272.48,0.0035,0.6655,1.2628,2272.9884,1,-753271,15002.8,0,0.5,-1,-0.3462,0.3619,1
2026-05-27 15:06:00,2273.9,2273.9,2273.8,2273.9,3883,2273.7928,2272.6832,2271.4141,1,1.2348,1.2557,-0.0209,-1,35.3209,30.4498,13.2907,61.1973,0,37.5,49.4778,-0.0132,2276.4021,2269.0579,2272.73,0.0032,0.6593,1.1797,2273.0756,1,-749388,14918.15,0,0.0,1,-0.3419,0.3663,1
2026-05-27 15:07:00,2273.9,2275.7,2273.9,2275.7,13514,2274.1743,2272.9575,2271.5822,1,1.3159,1.2677,0.0481,1,36.5184,37.7553,11.8947,68.7688,-1,70.0,53.9706,0.0792,2276.4727,2269.6873,2273.08,0.003,0.8861,1.224,2273.2483,1,-735874,15322.25,0,1.0,1,-0.263,0.4458,0
2026-05-27 15:08:00,2275.7,2275.8,2275.0,2275.0,24287,2274.3394,2273.1432,2271.7162,1,1.3085,1.2759,0.0326,1,37.6732,36.5464,11.3253,63.5735,0,52.5,53.3333,0.0792,2276.28,2270.49,2273.385,0.0025,0.7789,1.1937,2273.4239,1,-760161,16442.75,0,0.875,-1,-0.2936,0.4149,1
2026-05-27 15:09:00,2275.0,2275.9,2275.0,2275.6,20512,2274.5915,2273.3665,2271.8685,1,1.3357,1.2878,0.0478,1,38.7903,35.1521,10.7045,65.9481,-1,66.6667,63.0556,0.0792,2276.2407,2271.0993,2273.67,0.0023,0.8754,1.1728,2273.7264,1,-739649,16709.85,0,0.6667,1,-0.2673,0.4414,1
2026-05-27 15:10:00,2275.7,2276.8,2275.4,2276.6,35365,2274.9932,2273.6605,2272.0541,1,1.4215,1.3146,0.107,1,40.208,37.6024,9.8042,69.5151,-1,92.3077,70.4915,0.0835,2276.5163,2271.3837,2273.95,0.0023,1.0163,1.189,2274.1552,1,-704284,17572.45,1,0.6429,1,-0.2235,0.4855,0
2026-05-27 15:11:00,2276.6,2276.8,2275.5,2275.6,7908,2275.1146,2273.8368,2272.1931,1,1.3928,1.3302,0.0626,1,41.5244,34.6852,9.0436,62.4682,0,66.6667,75.2137,0.0748,2276.3239,2272.0861,2274.205,0.0019,0.8292,1.1969,2274.302,1,-712192,17429.35,0,0.7692,-1,-0.2673,0.4414,1
2026-05-27 15:12:00,2275.9,2278.8,2275.9,2278.8,45893,2275.8517,2274.288,2272.4522,1,1.6097,1.3861,0.2236,1,43.418,39.4297,7.5009,72.1851,-1,100.0,86.3248,0.2067,2277.2562,2271.8238,2274.54,0.0024,1.2842,1.34,2274.8551,1,-666299,18871.0,1,1.0,1,-0.1271,0.5826,1
2026-05-27 15:13:00,2278.8,2279.2,2278.2,2279.0,16626,2276.4813,2274.7164,2272.709,1,1.7773,1.4644,0.3129,1,45.2828,39.4607,7.0937,72.6615,-1,96.7742,87.8136,0.1934,2278.0837,2271.5963,2274.84,0.0029,1.1412,1.3157,2275.2781,1,-649673,17634.3,0,0.2,1,-0.1183,0.5915,0
2026-05-27 15:14:00,2278.8,2279.3,2278.2,2278.8,6562,2276.9451,2275.0876,2272.9479,1,1.8723,1.546,0.3264,1,47.0413,37.6256,6.6651,71.3456,-1,92.0635,96.2792,0.2155,2278.6859,2271.5741,2275.13,0.0031,1.016,1.3003,2275.4065,1,-656235,17373.4,0,0.0,1,-0.1271,0.5826,1
2026-05-27 15:15:00,2278.7,2280.4,2278.2,2280.1,34043,2277.5761,2275.5433,2273.2283,1,2.0292,1.6426,0.3866,1,48.9497,39.0506,5.8975,74.5695,-1,95.9459,94.9279,0.2771,2279.5365,2271.3835,2275.46,0.0036,1.0691,1.3646,2275.889,1,-622192,18148.75,1,0.6364,1,-0.0701,0.64,1
2026-05-27 15:16:00,2280.1,2285.3,2280.0,2285.3,56273,2279.1208,2276.4302,2273.7017,1,2.5438,1.8228,0.7209,1,51.4352,51.3353,4.5409,82.8713,-1,100.0,96.0031,0.5013,2281.883,2270.147,2276.015,0.0052,1.2912,1.6457,2276.9682,1,-565919,20606.6,1,0.9811,1,0.0,0.8695,1
2026-05-27 15:17:00,2286.0,2289.0,2286.0,2288.9,57461,2281.0767,2277.5639,2274.2977,1,3.2051,2.0993,1.1058,1,54.0176,58.5108,3.8713,86.2242,-1,99.3421,98.4294,0.58,2284.7958,2268.7342,2276.765,0.0071,1.2555,1.7924,2278.4131,1,-508458,22936.2,1,0.9667,1,0.0,1.0284,0
2026-05-27 15:18:00,2288.5,2288.6,2286.3,2287.1,21281,2282.2813,2278.4308,2274.7998,1,3.5431,2.3881,1.1551,1,56.4155,52.6374,3.4827,78.0026,-1,87.5,95.614,0.5319,2286.4812,2268.4388,2277.46,0.0079,1.0343,1.8501,2278.919,1,-529739,23505.0,0,0.6087,-1,-0.0786,0.949,1
2026-05-27 15:19:00,2287.0,2291.1,2285.7,2291.1,39786,2284.0451,2279.5825,2275.439,1,4.0867,2.7278,1.3589,1,58.7807,51.4748,2.8441,82.0896,-1,100.0,95.614,0.6811,2288.9514,2267.6986,2278.325,0.0093,1.1011,2.1037,2279.8594,1,-489953,24963.35,1,0.7593,1,0.0,1.1255,1
2026-05-27 15:20:00,2291.1,2292.2,2291.0,2291.9,29027,2285.6161,2280.7023,2276.0845,1,4.5298,3.0882,1.4416,1,61.0285,53.1642,2.7246,82.7787,-1,98.3607,95.2869,0.6721,2291.1929,2267.1771,2279.185,0.0105,1.0294,2.0391,2280.7532,1,-460926,25271.6,0,0.6667,1,0.0,1.1608,1
2026-05-27 15:21:00,2291.2,2292.6,2289.6,2292.6,35464,2287.0128,2281.7839,2276.7322,1,4.8812,3.4468,1.4344,1,61.9425,47.7592,7.192,83.3813,-1,100.0,99.4536,0.7471,2293.2005,2267.0395,2280.12,0.0115,0.977,2.1077,2282.051,1,-425462,24952.75,0,0.4667,1,0.0,1.1917,0
2026-05-27 15:22:00,2291.7,2293.0,2288.6,2290.5,25724,2287.7103,2282.5763,2277.2721,1,4.9333,3.7441,1.1892,1,62.0179,41.1512,9.3415,74.913,-1,86.1111,94.8239,0.5134,2294.457,2267.423,2280.94,0.0119,0.8536,2.2715,2282.8536,1,-451186,25133.45,0,0.2727,-1,-0.0916,1.099,1
2026-05-27 15:23:00,2290.0,2294.6,2290.0,2291.8,58065,2288.5282,2283.4148,2277.8418,1,5.0217,3.9996,1.0221,1,62.3441,40.2928,8.0824,76.5039,-1,85.4167,90.5093,0.5616,2295.775,2267.825,2281.8,0.0122,0.8578,2.4378,2284.0107,1,-393121,27470.5,1,0.3913,1,-0.0349,1.1564,1
2026-05-27 15:24:00,2291.6,2295.5,2291.6,2295.5,58438,2289.9226,2284.5135,2278.5343,1,5.3288,4.2655,1.0634,1,62.7793,38.4063,7.1968,80.3276,-1,100.0,90.5093,0.7328,2297.5664,2268.1936,2282.88,0.0129,0.9296,2.5422,2285.1285,1,-334683,30009.25,1,1.0,1,0.0,1.3197,0
2026-05-27 15:25:00,2295.2,2295.6,2293.4,2294.0,31206,2290.7381,2285.3759,2279.1408,1,5.3891,4.4902,0.8989,1,63.1983,36.293,6.7476,74.9989,-1,91.8782,92.4316,0.6096,2298.7174,2269.0626,2283.89,0.013,0.8409,2.5178,2285.7734,1,-365889,31065.9,0,0.5455,-1,-0.0653,1.2535,0
2026-05-27 15:26:00,2293.7,2294.5,2293.0,2293.4,7969,2291.2704,2286.1053,2279.7,1,5.327,4.6575,0.6695,1,63.2548,34.7027,7.6204,72.9153,-1,87.3563,93.0782,0.3544,2299.4998,2270.2302,2284.865,0.0128,0.7916,2.4451,2285.9474,1,-373858,31270.2,0,0.2,-1,-0.0915,1.227,0
2026-05-27 15:27:00,2293.5,2293.5,2289.0,2290.0,19360,2291.0164,2286.4594,2280.1039,1,4.9464,4.7153,0.2311,1,60.6227,30.399,17.6989,62.3453,0,67.8161,82.3502,0.0481,2299.7436,2271.4164,2285.58,0.0124,0.656,2.5919,2286.3295,1,-393218,31562.5,0,0.7778,-1,-0.2396,1.077,0
2026-05-27 15:28:00,2290.0,2290.0,2283.5,2286.6,20404,2290.1331,2286.4722,2280.3587,1,4.3207,4.6364,-0.3157,-1,56.6942,25.4831,28.5202,53.9266,0,48.2759,67.8161,-0.0219,2299.4672,2272.8528,2286.16,0.0116,0.5165,2.871,2286.7698,-1,-413622,31368.35,0,0.5231,-1,-0.3877,0.9269,1
2026-05-27 15:29:00,2286.0,2290.0,2284.4,2287.0,6362,2289.5065,2286.5202,2280.6191,1,3.8131,4.4717,-0.6586,-1,53.0463,22.1584,24.7993,54.7015,0,44.8718,53.6546,-0.179,2299.1244,2274.3356,2286.73,0.0108,0.5109,3.066,2287.1506,-1,-407260,30660.85,0,0.1786,1,-0.3703,0.9446,1
2026-05-29 09:15:00,2310.0,2316.9,2304.2,2315.3,0,2294.6652,2289.1365,2281.9791,1,5.6295,4.7033,0.9262,1,53.3046,51.2229,14.1696,80.1462,-1,95.2096,62.7857,1.021,2305.4391,2271.8909,2288.665,0.0147,1.2939,4.9827,2287.8167,1,-407260,28892.6,0,0.4173,1,0.0,2.1937,0
2026-05-29 09:16:00,2318.1,2321.5,2312.0,2312.3,81889,2298.1921,2291.2423,2283.1682,1,6.7491,5.1125,1.6367,1,53.8478,50.8645,12.3573,75.3164,-1,75.7895,71.9569,0.8593,2309.0872,2271.9128,2290.5,0.0162,1.0864,5.3053,2291.409,1,-489149,32591.65,1,0.6105,-1,-0.1296,2.0613,1
2026-05-29 09:17:00,2313.0,2322.6,2312.0,2319.9,113224,2302.5337,2293.8475,2284.6087,1,8.1557,5.7211,2.4346,1,54.4208,45.471,10.7111,78.8016,-1,93.0946,88.0312,1.2836,2314.3285,2270.7815,2292.555,0.019,1.1279,5.6835,2296.488,1,-375925,35958.2,1,0.6509,1,0.0,2.3967,0
2026-05-29 09:18:00,2320.9,2323.3,2318.0,2318.0,72453,2305.627,2296.0432,2285.9181,1,9.0132,6.3795,2.6337,1,54.998,43.3115,9.9942,75.9158,-1,86.6834,85.1892,1.1432,2317.9915,2271.0185,2294.505,0.0205,1.0002,5.6561,2299.0437,1,-448378,38749.55,1,0.5472,-1,-0.0819,2.3129,1
2026-05-29 09:19:00,2318.0,2325.0,2317.7,2322.9,72728,2309.0816,2298.4847,2287.3684,1,9.9732,7.0983,2.8749,1,55.6454,41.5031,9.0916,78.1392,-1,94.9398,91.5726,1.1936,2322.089,2271.331,2296.71,0.0221,1.016,5.7736,2301.1752,1,-375650,42057.85,1,0.6712,1,0.0,2.5291,0
2026-05-29 09:20:00,2322.8,2324.7,2319.3,2319.9,37216,2311.2453,2300.4316,2288.6441,1,10.3724,7.7531,2.6193,1,56.2465,38.7175,8.4814,73.6558,-1,87.7108,89.778,1.129,2324.7889,2272.6111,2298.7,0.0227,0.9063,5.7469,2302.9335,1,-412866,42216.5,0,0.537,-1,-0.1291,2.3967,0
2026-05-29 09:21:00,2319.7,2319.7,2313.2,2314.1,37020,2311.8162,2301.6742,2289.6424,1,10.1042,8.2233,1.8809,1,55.0765,35.5311,15.2764,65.7956,-1,73.7349,85.4618,0.9026,2326.2907,2273.9893,2300.14,0.0227,0.7669,5.815,2304.828,1,-449886,41253.85,0,0.8615,-1,-0.3788,2.1407,1
2026-05-29 09:22:00,2314.5,2314.5,2313.0,2314.5,23147,2312.353,2302.8401,2290.6172,1,9.8109,8.5408,1.2701,1,53.9382,34.8398,15.2385,66.0646,-1,74.6988,78.7149,1.0699,2327.7502,2275.0898,2301.42,0.0229,0.7484,5.5067,2306.3217,1,-426739,39538.15,0,0.0,1,-0.3616,2.1584,1
2026-05-29 09:23:00,2315.9,2319.0,2315.1,2319.0,24297,2313.6824,2304.3092,2291.7303,1,9.8283,8.7983,1.0299,1,53.3661,38.6935,14.3373,69.0164,-1,85.5422,77.992,1.417,2329.5461,2276.4839,2303.015,0.023,0.8012,5.4348,2307.1791,1,-402442,39688.95,0,0.7949,1,-0.1679,2.357,1
2026-05-29 09:24:00,2319.0,2321.3,2316.0,2321.3,37211,2315.2059,2305.8538,2292.8899,1,9.9133,9.0213,0.892,1,53.0582,39.0216,13.3368,70.432,-1,91.0843,83.7751,1.4998,2331.6037,2277.4463,2304.525,0.0235,0.8097,5.4252,2308.6592,1,-365231,39560.2,0,0.434,1,-0.0689,2.4585,0
2026-05-29 09:25:00,2320.9,2324.0,2318.2,2318.9,49391,2315.9447,2307.0399,2293.9099,1,9.6756,9.1522,0.5234,1,53.0203,39.5938,12.3234,66.9924,-1,85.3012,87.3092,0.1555,2332.9935,2278.7565,2305.875,0.0235,0.7401,5.452,2309.9782,1,-414622,40578.4,0,0.3448,-1,-0.1722,2.3526,0
2026-05-29 09:26:00,2318.9,2318.9,2313.4,2315.0,22593,2315.7558,2307.7635,2294.7369,1,9.0679,9.1353,-0.0674,-1,51.7278,36.7426,17.7207,61.7178,0,75.9036,84.0964,0.1168,2333.6747,2280.3153,2306.995,0.0231,0.65,5.4554,2310.958,1,-437215,39934.85,0,0.7091,-1,-0.3401,2.1804,0
2026-05-29 09:27:00,2315.3,2315.7,2313.0,2313.8,54572,2315.3646,2308.3123,2295.4845,1,8.3927,8.9868,-0.5941,-1,50.4289,35.3951,17.6141,60.1485,0,72.4138,77.8729,-0.2629,2333.8742,2282.4458,2308.16,0.0223,0.6097,5.2586,2311.7993,1,-491787,41377.25,0,0.5556,-1,-0.3918,2.1275,0
2026-05-29 09:28:00,2313.3,2314.3,2310.1,2311.7,19952,2314.6317,2308.6203,2296.1204,1,7.6006,8.7096,-1.109,-1,48.516,33.3463,20.5912,57.3981,0,36.0577,61.4584,-0.2718,2333.7769,2284.5331,2309.155,0.0213,0.5517,5.183,2313.2517,-1,-511739,39471.6,0,0.381,-1,-0.4822,2.0348,0
2026-05-29 09:29:00,2311.7,2311.8,2310.0,2310.7,19026,2313.8454,2308.8093,2296.6922,1,6.8136,8.3304,-1.5168,-1,46.7155,32.4787,20.2,56.083,0,4.6667,37.7127,-0.5252,2333.7291,2286.1009,2309.915,0.0206,0.5165,4.9413,2314.6748,-1,-530765,37501.0,0,0.5556,-1,-0.5252,1.9906,0
2026-05-29 09:30:00,2310.7,2310.7,2306.5,2308.0,29625,2312.6763,2308.7357,2297.1356,1,5.904,7.8451,-1.9411,-1,44.218,30.4855,24.0745,52.5799,0,8.1081,16.2775,-0.513,2333.3137,2287.9163,2310.615,0.0196,0.4424,4.8884,2315.2745,-1,-560390,37421.95,0,0.6429,-1,-0.6414,1.8715,0
2026-05-29 09:31:00,2308.8,2308.8,2304.4,2306.8,27593,2311.501,2308.5598,2297.5146,1,5.0283,7.2817,-2.2534,-1,41.443,28.5114,25.6061,51.0536,0,11.6505,8.1418,-0.3155,2332.6643,2289.9057,2311.285,0.0185,0.3951,4.8535,2315.1898,-1,-587983,38403.15,0,0.4545,-1,-0.6931,1.8185,0
2026-05-29 09:32:00,2306.6,2307.0,2303.0,2303.4,22792,2309.8808,2308.0907,2297.7454,1,4.0137,6.6281,-2.6144,-1,38.5698,26.8116,26.1661,46.8996,0,1.8182,7.1923,-0.4796,2331.3741,2292.5359,2311.955,0.0168,0.2797,4.7925,2315.4843,-1,-610775,38574.75,0,0.8,-1,-0.8395,1.6684,1
2026-05-29 09:33:00,2303.4,2305.9,2299.8,2305.8,36342,2309.0647,2307.8825,2298.0613,1,3.3645,5.9754,-2.6109,-1,36.3668,24.4206,28.5109,49.9927,0,24.0964,12.5217,-0.5692,2328.8026,2297.0274,2312.915,0.0137,0.2761,4.8859,2315.6924,-1,-574433,39371.65,0,0.3934,1,-0.7361,1.7744,0
2026-05-29 09:34:00,2305.7,2306.5,2303.9,2305.0,18551,2308.2517,2307.6204,2298.3334,1,2.7537,5.3311,-2.5774,-1,34.1862,24.3678,27.3897,48.9687,0,21.4876,15.8007,-0.7022,2325.1017,2302.5283,2313.815,0.0098,0.1095,4.7226,2315.6747,-1,-592984,39981.1,0,0.2692,-1,-0.7706,1.7391,1
2026-05-29 09:35:00,2305.3,2307.6,2304.7,2307.6,16217,2308.1214,2307.6186,2298.6968,1,2.4512,4.7551,-2.3039,-1,31.9084,24.9796,26.1543,52.3823,0,32.2314,25.9385,-0.4873,2325.0093,2301.8507,2313.43,0.01,0.2483,4.5925,2315.4949,-1,-576767,40791.95,0,0.7931,1,-0.6587,1.8538,1
2026-05-29 09:36:00,2307.4,2308.8,2306.6,2308.5,11381,2308.1971,2307.6987,2299.0812,1,2.258,4.2557,-1.9976,-1,29.7415,26.0304,25.2247,53.5408,0,35.9504,29.8898,-0.2808,2325.0104,2301.4696,2313.24,0.0102,0.2986,4.4216,2315.4051,-1,-565386,37266.55,0,0.5,1,-0.6199,1.8935,1
2026-05-29 09:37:00,2308.6,2309.9,2308.6,2309.9,9034,2308.5377,2307.8988,2299.5055,1,2.1926,3.8431,-1.6504,-1,27.9824,27.2796,24.625,55.3602,0,41.7355,36.6391,-0.1686,2324.1812,2301.2988,2312.74,0.0099,0.3759,4.2057,2314.8337,-1,-556352,32057.05,0,1.0,1,-0.5596,1.9553,1
2026-05-29 09:38:00,2312.3,2314.9,2311.2,2311.6,20889,2309.1501,2308.2353,2299.9798,1,2.252,3.5249,-1.2728,-1,27.3643,33.3727,22.5617,57.5349,0,48.7603,42.1488,-0.0043,2323.6101,2301.2299,2312.42,0.0097,0.4634,4.2625,2314.1472,-1,-535463,29478.85,0,0.1892,-1,-0.4865,2.0304,1
2026-05-29 09:39:00,2311.6,2313.7,2311.6,2313.1,8774,2309.9401,2308.6775,2300.4943,1,2.3926,3.2984,-0.9058,-1,26.7902,32.1541,21.7379,59.4136,0,69.6335,53.3765,0.1039,2322.0485,2301.8115,2311.93,0.0088,0.5578,4.108,2313.0566,1,-526689,26281.15,0,0.7143,1,-0.4219,2.0966,1
2026-05-29 09:40:00,2313.2,2317.4,2313.2,2317.4,19558,2311.4321,2309.4705,2301.1573,1,2.8184,3.2024,-0.384,-1,26.9136,36.1701,20.118,64.291,0,100.0,72.7979,0.4073,2321.5826,2302.0274,2311.805,0.0085,0.7861,4.1217,2312.5659,1,-507131,25398.25,0,1.0,1,-0.2368,2.2864,1
2026-05-29 09:41:00,2319.8,2322.2,2316.9,2317.7,96439,2312.6857,2310.2186,2301.806,1,3.1439,3.1907,-0.0468,-1,27.7292,41.0663,18.3072,64.6105,0,79.9107,83.1814,0.4725,2322.0532,2301.9168,2311.985,0.0087,0.7838,4.2059,2313.4459,1,-410692,28369.2,1,0.3962,-1,-0.2239,2.2996,1
2026-05-29 09:42:00,2317.6,2321.0,2315.0,2320.7,16297,2314.2885,2311.1715,2302.5469,1,3.6024,3.273,0.3293,1,27.9403,37.0054,19.6282,67.7211,-1,93.3036,91.0714,0.7511,2323.0146,2301.5754,2312.295,0.0093,0.892,4.334,2313.5816,1,-394395,28026.7,0,0.5167,1,-0.0947,2.432,0
2026-05-29 09:43:00,2321.1,2321.4,2317.0,2319.0,8318,2315.2308,2311.8832,2303.1922,1,3.7849,3.3754,0.4095,1,28.1975,34.9834,18.2064,64.2735,0,85.7143,86.3095,0.5725,2323.0146,2301.5754,2312.295,0.0093,0.8127,4.3387,2313.4826,1,-402713,27227.75,0,0.4773,-1,-0.1679,2.357,1
2026-05-29 09:44:00,2318.8,2321.1,2318.5,2319.1,21992,2316.0047,2312.5392,2303.816,1,3.8928,3.4789,0.4139,1,28.4364,33.4418,17.4042,64.3884,0,86.1607,88.3929,0.6117,2322.5727,2301.7973,2312.185,0.009,0.8328,4.2146,2313.3101,1,-380721,26466.8,0,0.1154,1,-0.1636,2.3614,1
2026-05-29 09:45:00,2319.3,2321.0,2318.0,2321.0,16636,2317.0037,2313.3084,2304.4899,1,4.0845,3.6,0.4845,1,28.4925,31.7058,17.3659,66.5862,-1,94.6429,88.8393,0.5807,2322.985,2301.595,2312.29,0.0093,0.9072,4.1278,2312.8323,1,-364085,24829.05,0,0.5667,1,-0.0818,2.4453,0
2026-05-29 09:46:00,2321.8,2322.8,2319.4,2319.4,23331,2317.483,2313.8622,2305.0746,1,4.0605,3.6921,0.3684,1,28.8681,32.9711,16.3311,63.0569,0,85.2174,88.6737,0.4722,2323.5929,2301.4271,2312.51,0.0096,0.8108,4.0758,2313.0603,1,-387416,24865.95,0,0.7059,-1,-0.1507,2.3746,1
2026-05-29 09:47:00,2319.3,2322.0,2319.1,2322.0,7325,2318.3864,2314.602,2305.7383,1,4.2028,3.7943,0.4086,1,29.1084,31.2602,16.0205,66.1927,-1,95.7672,91.8758,0.5238,2324.7453,2301.0947,2312.92,0.0102,0.8839,3.9918,2313.0559,1,-380091,22503.6,0,0.931,1,-0.0387,2.4894,1
2026-05-29 09:48:00,2321.8,2324.5,2321.5,2324.2,17247,2319.5491,2315.4745,2306.4623,1,4.442,3.9238,0.5182,1,29.7791,34.106,15.145,68.6199,-1,98.4848,93.1565,0.5451,2326.3288,2300.7612,2313.545,0.0111,0.9167,3.921,2313.5003,1,-362844,22368.35,0,0.8,1,0.0,2.5865,0
2026-05-29 09:49:00,2324.0,2324.4,2321.5,2324.0,11234,2320.4393,2316.2496,2307.1501,1,4.5628,4.0516,0.5112,1,30.402,32.2701,14.3297,68.1409,-1,97.2067,97.1529,0.4712,2327.697,2300.723,2314.21,0.0117,0.8629,3.8481,2313.8662,1,-374078,21978.75,0,0.0,1,-0.0086,2.5777,1
2026-05-29 09:50:00,2324.0,2324.9,2322.5,2324.9,28247,2321.3314,2317.036,2307.8461,1,4.6772,4.1767,0.5005,1,31.0726,31.7465,13.6737,69.1833,-1,100.0,98.5639,0.3236,2328.9901,2301.1199,2315.055,0.012,0.8532,3.7446,2314.8954,1,-345831,21909.85,0,0.375,1,0.0,2.6174,0
2026-05-29 09:51:00,2324.9,2324.9,2323.0,2324.5,20687,2321.9651,2317.7145,2308.4992,1,4.6816,4.2777,0.4039,1,31.6953,30.554,13.16,68.1166,-1,97.0803,98.0957,0.2934,2329.9137,2301.9663,2315.94,0.0121,0.8063,3.6129,2315.865,1,-366518,21564.55,0,0.2105,-1,-0.0172,2.5998,0
2026-05-29 09:52:00,2324.4,2324.4,2321.0,2324.2,19202,2322.4121,2318.3041,2309.115,1,4.6078,4.3437,0.2641,1,31.3872,28.435,16.2103,67.2787,-1,94.7368,97.2724,0.1508,2330.1381,2303.8219,2316.98,0.0114,0.7744,3.6048,2316.8017,1,-385720,21385.05,0,0.0588,-1,-0.0301,2.5865,1
2026-05-29 09:53:00,2324.2,2326.5,2323.2,2324.9,24811,2322.9097,2318.9037,2309.734,1,4.5533,4.3856,0.1677,1,31.5742,30.7508,15.1439,68.2598,-1,87.9699,93.2624,0.2544,2330.4663,2305.4037,2317.935,0.0108,0.7779,3.583,2318.415,1,-360909,20808.5,0,0.2121,1,0.0,2.6174,0
2026-05-29 09:54:00,2325.3,2326.0,2322.9,2324.1,13470,2323.1478,2319.3761,2310.2973,1,4.3949,4.3875,0.0074,1,31.6154,28.8319,14.8028,65.8306,-1,79.1304,87.2791,0.2156,2330.1826,2307.5974,2318.89,0.0097,0.7307,3.5485,2319.2082,1,-374379,20554.45,0,0.3871,-1,-0.0344,2.5821,1
2026-05-29 09:55:00,2324.1,2326.3,2323.3,2325.7,18231,2323.6582,2319.951,2310.9014,1,4.3484,4.3797,-0.0313,-1,31.7249,27.682,13.8989,68.2632,-1,93.0435,86.7146,0.2025,2330.1887,2309.4013,2319.795,0.009,0.7841,3.5093,2319.9619,1,-356148,20655.15,0,0.5333,1,0.0,2.6527,0
2026-05-29 09:56:00,2325.3,2326.3,2324.0,2325.3,19869,2323.9866,2320.4373,2311.466,1,4.2304,4.3498,-0.1194,-1,31.8265,26.3534,13.2319,66.9794,-1,87.3684,86.5141,0.2544,2329.8953,2311.3747,2320.635,0.008,0.7519,3.423,2320.5326,1,-376017,21079.55,0,0.0,1,-0.0172,2.6351,0
2026-05-29 09:57:00,2326.0,2326.0,2323.6,2324.1,16490,2324.0093,2320.7703,2311.9615,1,3.9941,4.2787,-0.2846,-1,31.7097,25.0048,13.4076,63.1428,0,71.7647,84.0589,0.0904,2329.2879,2313.4021,2321.345,0.0068,0.6734,3.3499,2320.9206,1,-392507,21452.35,0,0.7917,-1,-0.0688,2.5821,1
2026-05-29 09:58:00,2324.1,2326.1,2323.2,2324.7,14808,2324.1474,2321.1275,2312.461,1,3.8113,4.1852,-0.3739,-1,31.384,23.4436,13.4317,64.2456,0,78.8235,79.3189,0.0215,2328.6807,2315.3193,2322.0,0.0058,0.7021,3.3178,2321.4644,1,-377699,21148.3,0,0.2069,1,-0.043,2.6086,0
2026-05-29 09:59:00,2324.7,2324.9,2323.3,2323.5,5312,2324.0179,2321.3432,2312.8939,1,3.5289,4.0539,-0.5251,-1,31.0817,22.6051,12.9512,60.356,0,59.4595,70.0159,-0.0215,2327.8264,2317.2136,2322.52,0.0046,0.5923,3.1951,2321.6764,1,-383011,20975.2,0,0.75,-1,-0.0946,2.5556,1
2026-05-29 10:00:00,2324.9,2326.3,2323.4,2324.4,20177,2324.0943,2321.6211,2313.3451,1,3.3392,3.911,-0.5718,-1,31.2514,24.2804,12.106,62.2042,0,71.6216,69.9682,-0.0215,2327.6796,2318.0604,2322.87,0.0041,0.6591,3.174,2322.0859,1,-362834,21006.15,0,0.1724,-1,-0.0559,2.5953,1
2026-05-29 10:01:00,2324.9,2327.0,2323.5,2326.9,27367,2324.6555,2322.101,2313.8767,1,3.352,3.7992,-0.4472,-1,31.6208,23.9457,11.1594,66.8301,-1,98.3333,76.4715,0.1032,2327.8232,2318.8368,2323.33,0.0039,0.8973,3.1973,2323.2415,1,-335467,17552.55,1,0.5714,1,0.0,2.7057,1
2026-05-29 10:02:00,2326.9,2333.6,2326.1,2330.6,83653,2325.8444,2322.8736,2314.5325,1,3.6189,3.7631,-0.1442,-1,33.3782,33.737,9.4536,72.2445,-1,76.1905,82.0485,0.2754,2329.1537,2318.4963,2323.825,0.0046,1.1357,3.5046,2324.7818,1,-251814,20920.35,1,0.4933,1,0.0,2.869,1
2026-05-29 10:03:00,2330.5,2333.2,2330.0,2332.5,21420,2327.1755,2323.7487,2315.2371,1,3.9384,3.7982,0.1402,1,35.01,31.523,8.8332,74.5425,-1,91.2698,88.5979,0.3269,2330.5801,2318.4199,2324.5,0.0052,1.1579,3.4829,2325.244,1,-230394,21575.45,0,0.625,1,0.0,2.9529,0
2026-05-29 10:04:00,2332.0,2333.5,2331.3,2331.7,25761,2328.0804,2324.4716,2315.8827,1,4.08,3.8546,0.2255,1,36.5758,30.6941,8.4239,71.8452,-1,84.9206,84.127,0.327,2331.4479,2318.8121,2325.13,0.0054,1.0199,3.3912,2325.9406,1,-256155,21763.9,0,0.1364,-1,-0.0343,2.9175,0
2026-05-29 10:05:00,2331.8,2332.0,2329.8,2329.9,10010,2328.4443,2324.9651,2316.4324,1,4.0009,3.8838,0.1171,1,37.1328,29.2352,11.2642,66.0538,-1,70.6349,82.2751,0.1806,2331.9204,2319.2296,2325.575,0.0055,0.8408,3.3061,2326.2792,1,-266165,21432.6,0,0.8636,-1,-0.1115,2.8381,0
2026-05-29 10:06:00,2329.6,2329.6,2327.0,2328.0,24296,2328.3555,2325.241,2316.8861,1,3.7417,3.8554,-0.1137,-1,36.221,27.3873,16.6551,60.5091,0,47.6636,67.7397,0.1161,2331.756,2320.254,2326.005,0.0049,0.6734,3.2771,2326.6998,1,-290461,21480.85,0,0.6154,-1,-0.1929,2.7542,1
2026-05-29 10:07:00,2328.3,2330.9,2327.3,2329.7,16464,2328.6244,2325.6463,2317.3886,1,3.6317,3.8107,-0.179,-1,35.7244,28.067,15.3574,63.4643,0,63.5514,60.6166,0.241,2332.0472,2320.7328,2326.39,0.0049,0.7925,3.3002,2326.892,1,-273997,21937.8,0,0.3889,1,-0.12,2.8293,0
2026-05-29 10:08:00,2330.0,2332.0,2326.8,2327.9,15401,2328.4795,2325.8512,2317.8008,1,3.3604,3.7206,-0.3602,-1,35.5449,27.3197,13.6972,58.4748,0,45.1923,52.1358,0.1377,2332.1753,2320.9747,2326.575,0.0048,0.6183,3.4359,2327.1006,1,-289398,21845.5,0,0.4038,-1,-0.1972,2.7498,0
2026-05-29 10:09:00,2327.9,2328.7,2321.9,2324.0,20700,2327.5836,2325.6829,2318.0439,1,2.7985,3.5362,-0.7377,-1,33.3704,23.7101,21.4082,49.4107,0,17.9487,42.2308,0.0215,2332.1753,2320.9747,2326.575,0.0048,0.2701,3.6762,2327.0927,-1,-310098,22318.8,0,0.5735,-1,-0.3644,2.5777,1
2026-05-29 10:10:00,2324.1,2328.9,2323.5,2326.7,19856,2327.4069,2325.7754,2318.3833,1,2.5418,3.3373,-0.7955,-1,31.4135,21.679,19.2348,54.6515,0,41.0256,34.7222,0.099,2332.2124,2321.1176,2326.665,0.0048,0.5032,3.7993,2327.2528,-1,-290242,21899.25,0,0.4815,1,-0.2487,2.6969,0
2026-05-29 10:11:00,2326.4,2327.5,2324.4,2324.4,10970,2326.8055,2325.6504,2318.6193,1,2.1282,3.0955,-0.9673,-1,29.5964,20.3987,18.0989,49.9084,0,21.3675,26.7806,-0.1074,2332.2153,2321.1047,2326.66,0.0048,0.2966,3.7494,2327.3569,-1,-301212,21413.4,0,0.6452,-1,-0.3473,2.5953,0
2026-05-29 10:12:00,2325.2,2325.3,2323.1,2323.8,3559,2326.2044,2325.4821,2318.8225,1,1.7321,2.8228,-1.0908,-1,27.5461,19.5177,19.8692,48.7205,0,16.2393,26.2108,-0.2918,2332.2334,2321.0466,2326.64,0.0048,0.2461,3.6387,2327.5219,-1,-304771,20631.25,0,0.6364,-1,-0.373,2.5689,0
2026-05-29 10:13:00,2324.3,2324.6,2316.9,2318.7,30046,2324.7035,2324.8656,2318.8177,-1,0.9951,2.4573,-1.4622,-1,27.4098,16.7854,28.3597,40.0044,0,10.7784,16.1284,-0.5916,2332.8801,2319.7799,2326.33,0.0056,-0.0824,3.9288,2327.1435,-1,-334817,20893.0,0,0.7273,-1,-0.5916,2.3437,1
2026-05-29 10:14:00,2319.3,2323.2,2319.3,2322.5,10031,2324.2628,2324.6505,2318.9621,-1,0.7095,2.1077,-1.3982,-1,27.2833,15.4262,26.0634,47.5357,0,33.5329,20.1836,-0.3946,2332.9446,2319.5554,2326.25,0.0058,0.2199,3.9696,2327.1023,-1,-324786,20721.05,0,0.8205,1,-0.4287,2.5115,1
2026-05-29 10:15:00,2323.0,2324.6,2321.7,2322.9,21208,2323.9903,2324.4914,2319.1165,-1,0.5096,1.7881,-1.2785,-1,26.615,17.1741,24.6766,48.2718,0,35.9281,26.7465,-0.3004,2332.9601,2319.2599,2326.11,0.0059,0.2657,3.8932,2326.9847,-1,-303578,20869.9,0,0.0345,-1,-0.4116,2.5291,0
2026-05-29 10:16:00,2322.1,2323.2,2320.2,2322.1,6364,2323.6122,2324.274,2319.2335,-1,0.2833,1.4871,-1.2038,-1,26.3821,16.213,26.0937,46.8559,0,31.3253,33.5955,-0.2534,2333.0144,2318.8856,2325.95,0.0061,0.2275,3.8294,2326.9913,-1,-309942,20194.65,0,0.0,1,-0.4459,2.4938,1
2026-05-29 10:17:00,2322.6,2323.9,2321.9,2323.3,5356,2323.5498,2324.1854,2319.393,-1,0.1985,1.2294,-1.0309,-1,25.8824,16.9386,25.0859,49.2601,0,38.5542,35.2692,-0.2747,2333.0247,2318.7953,2325.91,0.0061,0.3166,3.6987,2327.0392,-1,-304586,19637.95,0,0.35,1,-0.3944,2.5468,1
2026-05-29 10:18:00,2323.2,2323.8,2321.5,2323.8,7495,2323.5998,2324.1504,2319.5658,-1,0.1697,1.0175,-0.8477,-1,25.5302,16.1654,24.7346,50.2697,0,45.6954,38.525,-0.1761,2333.0211,2318.7089,2325.865,0.0062,0.3557,3.5988,2327.0524,-1,-297091,19272.3,0,0.2609,1,-0.373,2.5689,0
2026-05-29 10:19:00,2323.9,2325.4,2321.4,2322.1,34299,2323.2998,2323.964,2319.6652,-1,0.0096,0.8159,-0.8063,-1,24.5365,18.0427,22.7864,46.8561,0,34.4371,39.5622,-0.0818,2333.0686,2318.5214,2325.795,0.0063,0.246,3.6275,2326.7547,-1,-331390,20721.65,1,0.45,-1,-0.4459,2.4938,0
2026-05-29 10:20:00,2322.8,2322.8,2318.9,2319.5,23047,2322.5399,2323.5582,2319.6587,-1,-0.3233,0.5881,-0.9114,-1,24.3393,16.6645,25.9423,42.1428,0,17.2185,32.4503,-0.3095,2333.309,2317.791,2325.55,0.0067,0.1101,3.6469,2326.5031,-1,-354437,20865.15,0,0.8462,-1,-0.5573,2.3791,0
2026-05-29 10:21:00,2319.4,2320.5,2316.1,2316.1,47168,2321.2519,2322.8802,2319.5191,-1,-0.8517,0.3001,-1.1518,-1,24.8364,15.2493,29.1435,36.9135,0,0.0,17.2185,-0.3571,2333.7582,2316.2618,2325.01,0.0075,-0.0092,3.7007,2325.5827,-1,-401605,21855.2,1,0.75,-1,-0.7031,2.229,1
2026-05-29 10:22:00,2316.1,2318.0,2315.1,2317.7,10193,2320.5415,2322.4092,2319.4478,-1,-1.1284,0.0144,-1.1428,-1,25.5175,14.3823,29.4471,40.6459,0,18.8406,12.0197,-0.2625,2333.2703,2315.4597,2324.365,0.0077,0.1258,3.6435,2324.3011,-1,-391412,18182.2,0,0.5517,1,-0.6345,2.2996,1
2026-05-29 10:23:00,2317.7,2319.3,2316.5,2318.2,9353,2320.0732,2322.0266,2319.3989,-1,-1.2924,-0.247,-1.0454,-1,25.5843,16.171,27.8035,41.8047,0,22.4638,13.7681,-0.0216,2332.1132,2315.1868,2323.65,0.0073,0.178,3.5833,2323.6706,-1,-382059,17578.85,0,0.1786,1,-0.6131,2.3217,0
2026-05-29 10:24:00,2317.8,2319.0,2316.2,2316.7,5675,2319.3986,2321.5424,2319.293,-1,-1.5258,-0.5027,-1.0231,-1,25.7221,15.2541,26.8345,39.3244,0,12.9032,18.0692,-0.2497,2331.0287,2314.7713,2322.9,0.007,0.1186,3.5273,2322.9012,-1,-387734,16574.55,0,0.3929,-1,-0.6774,2.2555,0
2026-05-29 10:25:00,2316.2,2316.7,2313.0,2313.9,27417,2318.2989,2320.8476,2319.0815,-1,-1.9147,-0.7851,-1.1296,-1,26.5865,14.1151,31.2884,35.134,0,7.2581,14.2084,-0.3874,2330.4616,2313.7384,2322.1,0.0072,0.0097,3.5397,2322.0238,-1,-415151,17444.9,1,0.6216,-1,-0.7974,2.1319,1
2026-05-29 10:26:00,2313.9,2315.8,2313.6,2315.4,5631,2317.7191,2320.3524,2318.9372,-1,-2.0779,-1.0437,-1.0342,-1,27.3892,13.4711,29.8608,38.8908,0,19.3548,13.172,-0.2885,2329.8572,2313.0828,2321.47,0.0072,0.1381,3.444,2321.4484,-1,-409520,16511.65,0,0.6818,1,-0.7331,2.1981,0
2026-05-29 10:27:00,2315.6,2316.2,2313.0,2313.5,3605,2316.8753,2319.7294,2318.7239,-1,-2.3336,-1.3017,-1.0319,-1,28.2677,12.5725,29.1196,36.0433,0,4.0323,10.2151,-0.4218,2328.8379,2312.4821,2320.66,0.007,0.0622,3.4265,2320.9592,-1,-413125,15868.7,0,0.6562,-1,-0.8146,2.1142,0
2026-05-29 10:28:00,2313.5,2313.6,2311.3,2312.0,10450,2315.9002,2319.0267,2318.4603,-1,-2.627,-1.5667,-1.0603,-1,29.4448,11.9552,31.3189,33.931,1,4.9645,9.4505,-0.5078,2328.1635,2311.5665,2319.865,0.0072,0.0261,3.3461,2320.2781,-1,-423575,15621.15,0,0.6522,-1,-0.8789,2.048,0
2026-05-29 10:29:00,2313.0,2313.0,2309.6,2311.0,18639,2314.9202,2318.297,2318.1677,-1,-2.9067,-1.8347,-1.072,-1,30.8647,11.0885,32.6732,32.5611,1,8.8608,5.9525,-0.478,2328.1298,2310.3002,2319.215,0.0077,0.0392,3.3499,2319.4269,-1,-442214,15518.1,0,0.5882,-1,-0.9218,2.0039,0
2026-05-29 10:30:00,2310.5,2311.7,2310.0,2310.8,5213,2314.0961,2317.6155,2317.8788,-1,-3.1087,-2.0895,-1.0192,-1,32.1832,10.6719,31.4457,32.2804,1,7.5949,7.1401,-0.3751,2327.3588,2309.4812,2318.42,0.0077,0.0738,3.2321,2318.8094,-1,-447427,14785.95,0,0.1765,1,-0.9303,1.9951,1
2026-05-29 10:31:00,2310.7,2313.8,2310.7,2312.9,10999,2313.8569,2317.1868,2317.6835,-1,-3.064,-2.2844,-0.7796,-1,32.276,14.5932,29.285,38.2956,0,20.8861,12.4473,-0.1382,2326.6497,2309.0403,2317.845,0.0076,0.2192,3.2226,2318.3278,-1,-436428,14787.4,0,0.7097,1,-0.8403,2.0877,1
2026-05-29 10:32:00,2312.7,2316.4,2312.0,2315.5,14040,2314.1855,2317.0335,2317.5979,-1,-2.7867,-2.3849,-0.4018,-1,31.1808,18.8224,26.5016,44.8297,0,37.3418,21.9409,-0.0949,2325.8467,2309.0133,2317.43,0.0073,0.3853,3.3067,2318.0917,-1,-422388,15311.45,0,0.6364,1,-0.7288,2.2025,0
2026-05-29 10:33:00,2315.5,2316.1,2314.3,2314.5,7390,2314.2484,2316.8031,2317.4764,-1,-2.6174,-2.4314,-0.186,-1,30.1638,18.066,25.4366,42.9461,0,37.1212,31.783,-0.1596,2325.7087,2308.7313,2317.22,0.0073,0.3398,3.1991,2317.8011,-1,-429778,14178.65,0,0.5556,-1,-0.7717,2.1584,1
2026-05-29 10:34:00,2314.1,2315.5,2313.9,2315.4,5413,2314.4787,2316.6756,2317.395,-1,-2.3832,-2.4217,0.0386,1,29.3478,17.3967,25.4204,45.1787,0,53.211,42.558,-0.0561,2325.0284,2308.7016,2316.865,0.007,0.4103,3.0849,2317.6064,-1,-424365,13947.75,0,0.8125,1,-0.7331,2.1981,0
2026-05-29 10:35:00,2315.6,2315.6,2312.3,2312.3,14169,2314.043,2316.2778,2317.1952,-1,-2.4198,-2.4214,0.0016,1,29.0848,16.074,27.174,39.452,0,27.8351,39.3891,-0.0691,2324.2344,2308.4356,2316.335,0.0068,0.2446,3.1003,2316.9613,-1,-438534,13595.8,0,1.0,-1,-0.866,2.0613,1
2026-05-29 10:36:00,2313.0,2316.6,2313.0,2315.9,14863,2314.4144,2316.2435,2317.1444,-1,-2.1337,-2.3638,0.2301,1,28.3535,16.7664,24.5543,47.737,0,64.9485,48.6648,0.0216,2323.4686,2308.5814,2316.025,0.0064,0.4916,3.186,2316.7557,-1,-423671,14020.75,0,0.8056,1,-0.7117,2.2202,0
2026-05-29 10:37:00,2315.0,2315.5,2313.4,2314.4,4449,2314.4115,2316.0759,2317.0368,-1,-2.0049,-2.292,0.2871,1,27.6745,15.8119,23.1565,44.9755,0,51.0638,47.9491,0.0389,2322.2552,2308.9048,2315.58,0.0058,0.4116,3.137,2316.5984,-1,-428120,13975.4,0,0.2857,-1,-0.776,2.154,0
2026-05-29 10:38:00,2314.6,2314.8,2312.4,2312.4,3467,2314.0092,2315.7417,2316.8549,-1,-2.0407,-2.2418,0.2011,1,27.3872,14.9331,24.1853,41.5262,0,39.4366,51.8163,0.0173,2320.6463,2309.3737,2315.01,0.0049,0.2685,3.0843,2316.3805,-1,-431587,13774.0,0,0.9167,-1,-0.8617,2.0657,0
2026-05-29 10:39:00,2312.2,2313.4,2307.0,2308.4,29420,2312.8874,2315.0743,2316.5234,-1,-2.3646,-2.2663,-0.0982,-1,28.5171,12.8776,32.4702,35.6392,0,14.5833,35.0279,-0.1125,2319.6706,2308.9794,2314.325,0.0046,-0.0542,3.3212,2314.8086,-1,-461007,13530.05,1,0.5937,-1,-1.0332,1.8891,1
2026-05-29 10:40:00,2307.8,2308.8,2307.5,2308.8,25839,2312.0699,2314.5039,2316.2205,-1,-2.5595,-2.325,-0.2345,-1,29.5662,12.5012,31.5211,36.607,0,18.75,24.2567,-0.0866,2319.0984,2308.4816,2313.79,0.0046,0.03,3.1768,2313.7284,-1,-435168,13669.65,1,0.7692,1,-1.0161,1.9068,1
2026-05-29 10:41:00,2308.8,2311.4,2308.8,2311.3,3847,2311.9159,2314.2126,2316.0275,-1,-2.4836,-2.3567,-0.1269,-1,29.2606,17.6836,29.6542,42.4336,0,44.7917,26.0417,-0.0692,2318.853,2308.247,2313.55,0.0046,0.2879,3.1356,2312.8875,-1,-431321,11503.6,0,0.9615,1,-0.9089,2.0171,0
2026-05-29 10:42:00,2311.1,2311.2,2306.7,2306.7,9858,2310.8727,2313.5297,2315.6617,-1,-2.7628,-2.4379,-0.3249,-1,29.5006,15.8904,31.2764,35.896,0,0.0,21.1806,-0.38,2318.7317,2307.2683,2313.0,0.005,-0.0496,3.2402,2312.5068,-1,-441179,11486.85,0,0.9778,-1,-1.1061,1.8141,1
2026-05-29 10:43:00,2306.6,2310.2,2306.0,2308.3,22824,2310.3582,2313.0542,2315.373,-1,-2.8224,-2.5148,-0.3076,-1,29.8872,14.4496,29.9518,39.3936,0,21.6981,22.1633,-0.2679,2318.0621,2306.9479,2312.505,0.0048,0.1217,3.3087,2311.8883,-1,-418355,12160.4,1,0.4048,1,-1.0375,1.8847,1
2026-05-29 10:44:00,2308.8,2310.4,2308.3,2309.5,9624,2310.1865,2312.7311,2315.1427,-1,-2.7412,-2.5601,-0.1811,-1,30.1464,14.2203,28.5576,41.9517,0,33.0189,18.239,-0.2548,2317.4976,2306.7924,2312.145,0.0046,0.2529,3.2224,2311.6671,-1,-408731,12357.85,0,0.3333,1,-0.9861,1.9377,1
2026-05-29 10:45:00,2309.4,2310.7,2308.5,2310.0,4166,2310.1492,2312.4828,2314.9411,-1,-2.6064,-2.5693,-0.0371,-1,30.23,14.1912,27.1326,43.0307,0,37.7358,30.8176,-0.0995,2317.3167,2306.5833,2311.95,0.0046,0.3183,3.1494,2311.2802,-1,-404565,11195.3,0,0.2727,1,-0.9646,1.9597,0
2026-05-29 10:46:00,2310.4,2311.1,2310.0,2310.0,5480,2310.1194,2312.2571,2314.7473,-1,-2.4712,-2.5497,0.0785,1,30.091,14.7713,26.4227,43.0307,0,37.7358,36.1635,-0.2548,2316.8656,2306.4944,2311.68,0.0045,0.338,3.003,2311.1659,-1,-399085,11187.75,0,0.3636,-1,-0.9646,1.9597,1
2026-05-29 10:47:00,2309.3,2310.9,2308.4,2310.8,8029,2310.2555,2312.1247,2314.5925,-1,-2.2732,-2.4944,0.2212,1,30.4255,13.8823,28.6843,44.9302,0,45.283,40.2516,-0.1555,2316.6743,2306.4157,2311.545,0.0044,0.4274,2.9671,2311.0776,-1,-391056,11408.95,0,0.6,1,-0.9303,1.9951,0
2026-05-29 10:48:00,2310.6,2311.0,2309.3,2309.3,5543,2310.0644,2311.8679,2314.3849,-1,-2.2119,-2.4379,0.226,1,30.6778,13.5446,27.4734,42.0961,0,31.1321,38.0503,-0.1341,2316.6257,2306.1943,2311.41,0.0045,0.2977,2.8766,2310.9903,-1,-396599,11163.6,0,0.7647,-1,-0.9946,1.9288,1
2026-05-29 10:49:00,2309.0,2310.0,2309.0,2310.0,1663,2310.0515,2311.6981,2314.213,-1,-2.0828,-2.3669,0.2841,1,31.0026,13.1918,27.5392,43.8753,0,37.7358,38.0503,0.0693,2316.6095,2306.1105,2311.36,0.0045,0.3705,2.7425,2310.9607,-1,-394936,10314.8,0,1.0,1,-0.9646,1.9597,0
2026-05-29 10:50:00,2310.1,2310.1,2309.3,2309.7,3963,2309.9812,2311.5164,2314.036,-1,-1.9818,-2.2899,0.308,1,31.2381,13.1767,26.9349,43.2618,0,38.9474,35.9384,0.039,2316.5997,2306.0103,2311.305,0.0046,0.3484,2.6038,2310.9395,-1,-398899,10252.3,0,0.5,-1,-0.9775,1.9465,0
2026-05-29 10:51:00,2309.8,2309.8,2309.3,2309.3,2371,2309.845,2311.3149,2313.8503,-1,-1.9121,-2.2143,0.3023,1,31.4568,12.9849,26.5428,42.4102,0,37.5,38.0611,-0.0865,2316.4353,2305.8147,2311.125,0.0046,0.3282,2.4535,2310.8362,-1,-401270,9820.9,0,1.0,-1,-0.9946,1.9288,0
2026-05-29 10:52:00,2309.6,2309.6,2307.3,2307.8,2780,2309.436,2310.9954,2313.613,-1,-1.9553,-2.1625,0.2072,1,32.3024,12.1115,30.6062,39.2872,0,24.3243,33.5906,0.0477,2315.838,2305.642,2310.74,0.0044,0.2117,2.4425,2310.5092,-1,-404050,9257.9,0,0.7826,-1,-1.0589,1.8626,0
2026-05-29 10:53:00,2307.8,2307.8,2307.0,2307.0,2715,2308.9488,2310.6322,2313.3537,-1,-2.0306,-2.1361,0.1055,1,33.1753,11.8138,30.7757,37.693,0,18.5185,26.7809,-0.0563,2315.4046,2305.3254,2310.365,0.0044,0.1661,2.3252,2310.2779,-1,-406765,9024.15,0,1.0,-1,-1.0932,1.8273,0
2026-05-29 10:54:00,2306.5,2307.2,2306.5,2306.6,6893,2308.479,2310.2656,2313.0888,-1,-2.0985,-2.1286,0.0301,1,34.1339,11.5465,31.6958,36.8871,0,11.1111,17.9847,-0.1256,2314.6565,2305.1935,2309.925,0.0041,0.1486,2.2091,2310.0064,-1,-413658,9098.15,0,0.1429,1,-1.1104,1.8097,0
2026-05-29 10:55:00,2306.7,2306.7,2306.0,2306.0,4452,2307.9832,2309.8778,2312.8108,-1,-2.1756,-2.138,-0.0376,-1,35.1717,11.2717,32.6412,35.6555,0,0.0,9.8765,-0.1732,2314.5032,2304.7168,2309.61,0.0042,0.1311,2.1013,2309.6298,-1,-418110,8612.3,0,1.0,-1,-1.1361,1.7832,1
2026-05-29 10:56:00,2306.3,2308.2,2306.3,2307.6,8111,2307.9066,2309.6708,2312.6065,-1,-2.0835,-2.1271,0.0436,1,34.9552,15.5134,30.2084,41.2852,0,31.3725,14.1612,-0.1039,2313.2137,2305.1763,2309.195,0.0035,0.3016,2.1084,2309.0216,-1,-409999,8274.7,0,0.6842,1,-1.0675,1.8538,1
2026-05-29 10:57:00,2308.1,2309.6,2308.1,2309.6,26420,2308.2453,2309.6643,2312.4886,-1,-1.8281,-2.0673,0.2392,1,33.8056,19.2188,28.154,47.472,0,70.5882,33.9869,-0.0519,2312.2006,2305.7094,2308.955,0.0028,0.5994,2.1006,2308.9042,1,-383579,9373.25,1,1.0,1,-0.9818,1.9421,1
2026-05-29 10:58:00,2309.8,2311.0,2308.9,2310.9,15214,2308.7762,2309.7767,2312.4263,-1,-1.5035,-1.9546,0.451,1,31.9091,22.607,26.1436,51.0802,0,96.0784,66.0131,0.0693,2311.8623,2305.8977,2308.88,0.0026,0.8387,2.1006,2308.9335,1,-368365,9960.6,1,0.5238,1,-0.926,1.9995,1
2026-05-29 10:59:00,2310.9,2311.8,2309.9,2311.1,4818,2309.241,2309.897,2312.3743,-1,-1.2161,-1.8069,0.5908,1,29.7138,23.8754,24.4429,51.6307,0,87.931,84.8659,0.0476,2312.1393,2305.8907,2309.015,0.0027,0.8337,2.0863,2308.8764,1,-363547,8730.5,0,0.1053,1,-0.9175,2.0083,1
2026-05-29 11:00:00,2311.5,2312.5,2311.0,2311.8,6784,2309.7528,2310.07,2312.3518,-1,-0.9212,-1.6297,0.7085,1,27.8739,25.0698,23.1619,53.5988,0,89.2308,91.0801,0.0909,2312.5136,2305.8164,2309.165,0.0029,0.8934,2.0444,2309.0871,1,-356763,7777.75,0,0.2,1,-0.8875,2.0392,0
2026-05-29 11:01:00,2312.0,2313.3,2311.4,2311.4,6892,2310.0822,2310.1909,2312.3144,-1,-0.7116,-1.4461,0.7345,1,26.5685,26.2065,21.6165,52.2895,0,73.9726,83.7115,0.0909,2312.5316,2305.8084,2309.17,0.0029,0.8317,2.0341,2309.1809,1,-363655,7930.0,0,0.3158,-1,-0.9046,2.0215,0
2026-05-29 11:02:00,2311.4,2311.4,2308.8,2308.8,7754,2309.8258,2310.0644,2312.1766,-1,-0.7466,-1.3062,0.5596,1,25.3202,23.8604,28.6336,44.654,0,38.3562,67.1865,0.0433,2312.4473,2306.1027,2309.275,0.0027,0.4251,2.0745,2309.2667,-1,-371409,7824.8,0,1.0,-1,-1.0161,1.9068,0
2026-05-29 11:03:00,2307.8,2309.3,2306.4,2308.8,4836,2309.6206,2309.9495,2312.0442,-1,-0.7656,-1.1981,0.4325,1,25.1024,21.5437,33.8887,44.654,0,38.3562,50.2283,0.078,2312.449,2306.151,2309.3,0.0027,0.4206,2.1335,2309.4096,-1,-366573,6925.4,0,0.3448,1,-1.0161,1.9068,0
2026-05-29 11:04:00,2307.7,2308.6,2307.7,2308.4,2433,2309.3765,2309.8086,2311.9013,-1,-0.8036,-1.1192,0.3156,1,24.9001,20.7219,32.5959,43.5201,0,32.8767,36.5297,0.078,2312.4164,2306.0736,2309.245,0.0027,0.3668,2.0596,2309.3885,-1,-369006,6565.85,0,0.7778,1,-1.0332,1.8891,0
2026-05-29 11:05:00,2308.4,2308.4,2306.8,2307.5,5674,2309.0012,2309.5987,2311.7287,-1,-0.8961,-1.0746,0.1785,1,25.0415,19.5534,33.9297,40.9976,0,20.5479,30.5936,0.065,2312.3589,2305.8811,2309.12,0.0028,0.2499,2.0268,2309.2998,-1,-374680,6641.25,0,0.5625,-1,-1.0718,1.8494,0
2026-05-29 11:06:00,2307.5,2307.5,2306.2,2306.9,2951,2308.581,2309.3534,2311.5393,-1,-1.0061,-1.0609,0.0547,1,25.3861,18.634,34.5045,39.3597,0,12.3288,21.9178,-0.0303,2312.3154,2305.6146,2308.965,0.0029,0.1918,1.9749,2309.1999,-1,-377631,6514.8,0,0.4615,-1,-1.0975,1.8229,1
2026-05-29 11:07:00,2306.8,2308.2,2306.2,2308.2,3689,2308.5048,2309.2486,2311.4084,-1,-0.9772,-1.0441,0.0669,1,25.2534,19.8168,32.0108,44.5305,0,30.137,21.0046,-0.0606,2312.0909,2305.5791,2308.835,0.0028,0.4025,1.9767,2309.0979,-1,-373942,6297.8,0,0.7,1,-1.0418,1.8803,1
2026-05-29 11:08:00,2308.9,2308.9,2308.0,2308.5,2666,2308.5038,2309.1805,2311.2943,-1,-0.9195,-1.0192,0.0997,1,24.6896,21.7781,30.9276,45.6816,0,34.2466,25.5708,-0.1039,2312.0468,2305.5432,2308.795,0.0028,0.4546,1.8998,2309.0496,-1,-371276,6153.95,0,0.4444,-1,-1.0289,1.8935,1
2026-05-29 11:09:00,2308.6,2308.9,2307.1,2308.9,5382,2308.5831,2309.155,2311.2004,-1,-0.8319,-0.9817,0.1499,1,24.5477,20.2987,32.2232,47.2533,0,38.0282,34.1372,-0.0952,2311.9452,2305.5348,2308.74,0.0028,0.525,1.8927,2309.0097,-1,-365894,6339.9,0,0.1667,1,-1.0118,1.9112,1
2026-05-29 11:10:00,2309.5,2310.4,2308.7,2310.4,5019,2308.9464,2309.2682,2311.169,-1,-0.6341,-0.9122,0.2781,1,23.5045,24.6893,30.1407,52.7721,0,59.1549,43.8099,-0.0606,2312.0362,2305.5138,2308.775,0.0028,0.7491,1.8789,2309.0207,1,-360875,6392.7,0,0.5294,1,-0.9475,1.9774,1
2026-05-29 11:11:00,2310.4,2311.6,2309.8,2311.6,4602,2309.4772,2309.4802,2311.1859,-1,-0.3762,-0.805,0.4288,1,21.89,27.5704,28.072,56.6773,0,76.0563,57.7465,0.0087,2312.3719,2305.4081,2308.89,0.003,0.8892,1.8733,2309.0825,1,-356273,6504.25,0,0.6667,1,-0.896,2.0304,0
2026-05-29 11:12:00,2311.3,2311.3,2308.7,2308.7,3451,2309.3217,2309.4092,2311.0884,-1,-0.4011,-0.7242,0.3231,1,20.9223,24.6366,29.1211,46.6403,0,35.2113,56.8075,-0.0043,2312.3825,2305.4875,2308.935,0.003,0.4659,1.9466,2309.1134,-1,-359724,6537.8,0,1.0,-1,-1.0204,1.9024,1
2026-05-29 11:13:00,2309.1,2310.3,2309.1,2310.1,3721,2309.4774,2309.472,2311.0497,1,-0.3045,-0.6403,0.3358,1,20.0237,23.1715,27.3894,51.1388,0,54.9296,55.3991,0.0563,2312.4533,2305.7267,2309.09,0.0029,0.6502,1.9218,2309.1718,1,-356003,6588.1,0,0.8333,1,-0.9603,1.9642,1
2026-05-29 11:14:00,2310.1,2311.5,2310.1,2311.4,3950,2309.8619,2309.6473,2311.0634,1,-0.1215,-0.5365,0.415,1,18.6689,26.4902,25.936,54.9379,0,73.2394,54.4601,0.13,2312.6328,2306.0272,2309.33,0.0029,0.8134,1.8846,2309.3565,1,-352053,6440.95,0,0.9286,1,-0.9046,2.0215,0
2026-05-29 11:15:00,2311.4,2311.4,2310.2,2310.2,3257,2309.9295,2309.6976,2311.0296,1,-0.0726,-0.4437,0.3712,1,17.4109,25.2533,24.725,50.9963,0,74.0741,67.4144,0.117,2312.4837,2306.5963,2309.54,0.0025,0.6121,1.8357,2309.4972,1,-355310,6381.2,0,1.0,-1,-0.9561,1.9686,1
2026-05-29 11:16:00,2310.3,2311.5,2310.0,2311.1,19202,2310.1636,2309.825,2311.0323,1,0.0384,-0.3473,0.3857,1,16.2109,23.7598,24.0513,53.6805,0,90.7407,79.3514,0.1821,2312.592,2306.838,2309.715,0.0025,0.7407,1.8117,2309.8114,1,-336108,6935.75,1,0.5333,1,-0.9175,2.0083,0
2026-05-29 11:17:00,2310.0,2310.2,2310.0,2310.1,4621,2310.1509,2309.85,2310.9958,1,0.0452,-0.2688,0.314,1,15.0965,22.6996,22.9781,50.3785,0,72.2222,79.0123,0.0823,2312.6212,2306.8588,2309.74,0.0025,0.5625,1.7609,2309.9835,1,-340729,5845.8,0,0.5,1,-0.9603,1.9642,1
2026-05-29 11:18:00,2310.1,2311.7,2310.1,2311.0,6764,2310.3207,2309.9546,2310.9959,1,0.1217,-0.1907,0.3124,1,14.8762,27.3413,21.4769,53.1704,0,87.2727,83.4119,0.1083,2312.6346,2306.8554,2309.745,0.0025,0.7172,1.7494,2310.003,1,-333965,5423.3,0,0.5625,1,-0.9218,2.0039,0
2026-05-29 11:19:00,2310.9,2310.9,2310.3,2310.5,2746,2310.3566,2310.0042,2310.9765,1,0.1404,-0.1245,0.2649,1,14.6717,26.5249,20.8356,51.4389,0,78.1818,79.2256,0.0693,2312.5598,2306.8702,2309.715,0.0025,0.638,1.6744,2309.9754,1,-336711,5319.7,0,0.6667,-1,-0.9432,1.9818,0
2026-05-29 11:20:00,2310.5,2310.5,2310.0,2310.4,3722,2310.3653,2310.0402,2310.9539,1,0.1455,-0.0705,0.216,1,14.2555,25.9293,21.715,51.0806,0,76.3636,80.6061,0.0,2312.3465,2306.9435,2309.645,0.0023,0.6397,1.5905,2309.8695,1,-340433,5166.6,0,0.2,-1,-0.9475,1.9774,0
2026-05-29 11:21:00,2310.4,2310.4,2310.0,2310.1,6225,2310.3122,2310.0456,2310.9204,1,0.1239,-0.0316,0.1555,1,13.869,25.4372,21.3029,49.9564,0,65.2174,73.2543,-0.0649,2312.1697,2306.9903,2309.58,0.0022,0.6004,1.5055,2309.7423,1,-346658,5133.25,0,0.75,-1,-0.9603,1.9642,0
2026-05-29 11:22:00,2310.0,2310.1,2310.0,2310.0,11388,2310.2498,2310.0414,2310.8843,1,0.0976,-0.0058,0.1034,1,13.5102,25.3079,21.1946,49.5648,0,63.0435,68.2082,0.0563,2312.2101,2307.0699,2309.64,0.0022,0.57,1.4051,2309.779,1,-358046,5314.95,1,0.0,1,-0.9646,1.9597,0
2026-05-29 11:23:00,2309.8,2309.8,2309.0,2309.1,5923,2310.0198,2309.9559,2310.8143,1,0.0041,-0.0038,0.0079,1,12.7323,23.9943,25.285,46.0652,0,13.3333,47.1981,-0.0433,2312.2088,2307.1012,2309.655,0.0022,0.3913,1.3762,2309.8252,-1,-363969,5369.3,0,0.875,-1,-1.0032,1.92,0
2026-05-29 11:24:00,2309.1,2309.1,2308.3,2309.0,3409,2309.8158,2309.869,2310.7432,-1,-0.0772,-0.0185,-0.0587,-1,12.5216,22.9672,27.948,45.6792,0,20.5882,32.3217,-0.1038,2312.1928,2307.1772,2309.685,0.0022,0.3634,1.335,2309.8287,-1,-367378,5418.1,0,0.125,-1,-1.0075,1.9156,1
2026-05-29 11:25:00,2309.1,2309.2,2309.0,2309.1,24293,2309.6727,2309.7991,2310.6787,-1,-0.1321,-0.0412,-0.0909,-1,12.2382,23.2752,27.6296,46.165,0,23.5294,19.1503,-0.0476,2312.0839,2307.4461,2309.765,0.002,0.3566,1.2539,2309.7903,-1,-343085,6349.05,1,0.0,1,-1.0032,1.92,0
2026-05-29 11:26:00,2309.0,2309.1,2308.0,2309.1,6180,2309.5581,2309.7355,2310.6168,-1,-0.1735,-0.0677,-0.1059,-1,12.6775,21.8039,31.6297,46.165,0,29.7297,24.6158,-0.0865,2311.8181,2307.9319,2309.875,0.0017,0.3006,1.2429,2309.8064,-1,-336905,6510.5,0,0.0909,1,-1.0032,1.92,0
2026-05-29 11:27:00,2309.1,2309.1,2308.2,2309.0,22014,2309.4465,2309.6686,2310.5534,-1,-0.212,-0.0965,-0.1155,-1,13.0854,20.6535,29.9609,45.6911,0,27.027,26.7621,-0.0476,2311.7483,2308.0817,2309.915,0.0016,0.2505,1.2184,2309.7088,-1,-358919,7426.75,1,0.1111,-1,-1.0075,1.9156,1
2026-05-29 11:28:00,2309.1,2309.1,2308.2,2309.1,3733,2309.3772,2309.6169,2310.4964,-1,-0.2318,-0.1236,-0.1082,-1,13.4643,19.5431,28.3501,46.2849,0,29.7297,28.8288,-0.0822,2311.7028,2308.1872,2309.945,0.0015,0.2596,1.1957,2309.7082,-1,-355186,7480.1,0,0.0,1,-1.0032,1.92,0
2026-05-29 11:29:00,2309.1,2309.1,2308.9,2309.0,5613,2309.3018,2309.5609,2310.4377,-1,-0.2526,-0.1494,-0.1032,-1,13.816,19.2948,27.99,45.7463,0,27.027,27.9279,-0.0649,2311.6964,2308.2036,2309.95,0.0015,0.228,1.1246,2309.7323,-1,-360799,7491.65,0,0.5,-1,-1.0075,1.9156,1
2026-05-29 11:30:00,2309.1,2310.0,2308.3,2310.0,6912,2309.4414,2309.6008,2310.4206,-1,-0.1862,-0.1567,-0.0295,-1,13.1685,22.7998,25.0743,51.7881,0,54.0541,36.9369,-0.0173,2311.6645,2308.1955,2309.93,0.0015,0.5202,1.1657,2309.7153,1,-353887,7586.3,0,0.5294,1,-0.9646,1.9597,0
2026-05-29 11:31:00,2309.2,2309.6,2306.5,2306.9,10056,2308.9331,2309.3553,2310.2825,-1,-0.3794,-0.2013,-0.1781,-1,13.9197,18.5219,30.0191,37.7525,0,7.6923,29.5911,-0.1385,2311.7114,2307.6786,2309.695,0.0017,-0.1931,1.3324,2309.5467,-1,-363943,7859.0,0,0.7419,-1,-1.0975,1.8229,0
2026-05-29 11:32:00,2306.5,2307.2,2305.5,2306.9,8415,2308.5265,2309.1321,2310.1499,-1,-0.5265,-0.2663,-0.2601,-1,15.1967,16.8665,32.5934,37.7525,0,25.9259,29.2241,-0.1342,2311.9283,2307.2817,2309.605,0.002,-0.0821,1.3587,2309.3898,-1,-355528,8107.2,0,0.2353,1,-1.0975,1.8229,0
2026-05-29 11:33:00,2306.3,2306.8,2304.0,2304.7,7981,2307.7612,2308.7291,2309.9361,-1,-0.8112,-0.3753,-0.4359,-1,17.0964,14.4878,35.2915,30.8672,1,10.7692,14.7958,-0.1906,2312.4765,2306.1935,2309.335,0.0027,-0.2377,1.4688,2309.1774,-1,-363509,8320.2,0,0.5714,-1,-1.1919,1.7258,1
2026-05-29 11:34:00,2304.8,2305.7,2303.8,2305.7,6948,2307.349,2308.4538,2309.77,-1,-0.9452,-0.4893,-0.4559,-1,18.946,13.1766,33.0502,36.5333,0,28.7879,21.8277,-0.1429,2312.4166,2305.6834,2309.05,0.0029,0.0025,1.4996,2308.9663,-1,-356561,8470.1,0,0.4737,1,-1.149,1.77,1
2026-05-29 11:35:00,2305.7,2306.9,2304.8,2306.9,4119,2307.2592,2308.3125,2309.6575,-1,-0.9437,-0.5802,-0.3636,-1,19.4633,17.4522,29.8361,42.6118,0,49.2063,29.5878,-0.0953,2312.3325,2305.4375,2308.885,0.003,0.2121,1.5425,2308.8681,-1,-352442,8513.2,0,0.5714,1,-1.0975,1.8229,1
2026-05-29 11:36:00,2306.3,2309.2,2306.3,2307.7,22313,2307.3473,2308.2568,2309.5807,-1,-0.868,-0.6377,-0.2303,-1,18.1841,25.2681,26.0663,46.3039,0,62.9032,46.9658,-0.0606,2312.042,2305.388,2308.715,0.0029,0.3475,1.6394,2308.5007,-1,-330129,8668.75,1,0.4828,1,-1.0632,1.8582,1
2026-05-29 11:37:00,2308.5,2309.9,2307.7,2308.6,25167,2307.5979,2308.288,2309.5422,-1,-0.727,-0.6556,-0.0714,-1,17.2104,25.8809,23.6274,50.1867,0,77.4194,63.1763,-0.0173,2311.9058,2305.3742,2308.64,0.0028,0.4939,1.6795,2308.4928,1,-304962,9696.05,1,0.0455,1,-1.0247,1.898,1
2026-05-29 11:38:00,2308.3,2311.0,2307.8,2308.9,12663,2307.8583,2308.3437,2309.5171,-1,-0.5843,-0.6413,0.057,1,16.9359,26.9667,20.607,51.447,0,70.8333,70.3853,-0.0087,2311.6206,2305.4494,2308.535,0.0027,0.5591,1.7881,2308.4571,1,-292299,9991.0,0,0.1875,1,-1.0118,1.9112,0
2026-05-29 11:39:00,2308.1,2309.1,2307.3,2307.8,21650,2307.8466,2308.2942,2309.4497,-1,-0.5536,-0.6238,0.0702,1,16.3308,25.0286,21.1224,46.774,0,55.5556,67.9361,-0.052,2311.3638,2305.4362,2308.4,0.0026,0.3988,1.7889,2308.392,-1,-313949,10936.2,1,0.1667,-1,-1.0589,1.8626,0
2026-05-29 11:40:00,2308.5,2308.5,2306.7,2307.6,10594,2307.7973,2308.2311,2309.3772,-1,-0.5391,-0.6068,0.0677,1,15.3587,23.2306,21.9996,45.9567,0,52.7778,59.7222,-0.1039,2311.0944,2305.4256,2308.26,0.0025,0.3836,1.7897,2308.3233,-1,-324543,11279.8,0,0.5,-1,-1.0675,1.8538,0
2026-05-29 11:41:00,2307.6,2307.6,2306.5,2306.5,3840,2307.5378,2308.0737,2309.2644,-1,-0.6094,-0.6074,-0.0021,-1,14.3192,22.1819,21.8273,41.6462,0,37.5,48.6111,-0.0173,2310.8811,2305.2789,2308.08,0.0024,0.218,1.7405,2308.2468,-1,-328383,11160.55,0,1.0,-1,-1.1147,1.8053,0
2026-05-29 11:42:00,2306.6,2307.0,2306.4,2306.4,4456,2307.3103,2307.9216,2309.152,-1,-0.6656,-0.619,-0.0466,-1,13.3105,21.6088,21.694,41.2673,0,36.1111,42.1296,-0.0217,2310.6466,2305.1534,2307.9,0.0024,0.2269,1.659,2308.1188,-1,-332839,10813.95,0,0.3333,-1,-1.119,1.8008,0
2026-05-29 11:43:00,2306.4,2306.4,2305.0,2305.2,4453,2306.8882,2307.6742,2308.997,-1,-0.7977,-0.6547,-0.1429,-1,13.3031,20.2916,26.4673,36.9253,0,19.4444,31.0185,0.0217,2310.6311,2304.7789,2307.705,0.0025,0.072,1.6405,2308.0327,-1,-337292,10740.45,0,0.8571,-1,-1.1704,1.7479,1
2026-05-29 11:44:00,2305.3,2307.5,2305.3,2307.5,5938,2307.0106,2307.6583,2308.9383,-1,-0.7086,-0.6655,-0.0431,-1,12.4929,22.9721,23.8907,48.1795,0,51.3889,35.6481,0.0781,2310.4957,2304.7643,2307.63,0.0025,0.4773,1.6876,2307.986,-1,-331354,10866.9,0,1.0,1,-1.0718,1.8494,1
2026-05-29 11:45:00,2307.4,2308.1,2307.4,2308.1,3717,2307.2285,2307.6985,2308.9055,-1,-0.5829,-0.649,0.0661,1,11.8621,24.9121,23.152,50.6531,0,59.7222,43.5185,0.052,2310.3754,2304.7846,2307.58,0.0024,0.593,1.6171,2307.8463,1,-327637,9838.1,0,1.0,1,-1.0461,1.8759,0
2026-05-29 11:46:00,2307.9,2308.7,2307.0,2307.1,5335,2307.2028,2307.6441,2308.8347,-1,-0.5575,-0.6307,0.0732,1,11.6621,25.6888,21.4198,46.6558,0,45.8333,52.3148,-0.026,2310.1926,2304.7674,2307.48,0.0024,0.43,1.623,2307.8116,-1,-332972,9795.85,0,0.4706,-1,-1.089,1.8317,0
2026-05-29 11:47:00,2307.0,2307.2,2305.1,2305.1,4162,2306.7822,2307.4128,2308.6882,-1,-0.6908,-0.6427,-0.0481,-1,11.432,23.3634,27.671,39.8778,0,18.0556,41.2037,-0.1516,2310.0916,2304.4784,2307.285,0.0024,0.1107,1.6571,2307.6465,-1,-337134,8903.25,0,0.9048,-1,-1.1747,1.7435,0
2026-05-29 11:48:00,2305.2,2305.2,2303.1,2303.6,6818,2306.1458,2307.0662,2308.4887,-1,-0.9071,-0.6956,-0.2115,-1,12.2249,21.2882,33.6727,35.6899,0,6.3291,23.406,-0.2295,2310.1135,2303.9065,2307.01,0.0027,-0.0494,1.6887,2307.4842,-1,-343952,9057.5,0,0.7619,-1,-1.239,1.6773,0
2026-05-29 11:49:00,2303.5,2303.5,2300.0,2301.6,28855,2305.2366,2306.5693,2308.2185,-1,-1.2257,-0.8016,-0.4241,-1,14.0923,18.289,41.0604,31.0133,1,14.5455,12.9767,-0.2687,2310.4011,2302.8789,2306.64,0.0033,-0.17,1.8252,2306.626,-1,-372807,10219.6,1,0.5429,-1,-1.3248,1.589,0
2026-05-29 11:50:00,2302.1,2303.2,2301.0,2301.1,5298,2304.4093,2306.0721,2307.9394,-1,-1.5013,-0.9415,-0.5597,-1,15.8263,16.7372,37.5764,29.9565,1,10.0,10.2915,-0.2817,2310.3464,2302.0436,2306.195,0.0036,-0.1137,1.852,2306.4033,-1,-378105,10138.9,0,0.4545,-1,-1.3462,1.5669,0
2026-05-29 11:51:00,2301.2,2301.2,2300.0,2300.3,6275,2303.5874,2305.5473,2307.6398,-1,-1.7638,-1.106,-0.6578,-1,17.7492,15.9425,39.7487,28.2951,1,2.7273,9.0909,-0.2688,2310.728,2301.002,2305.865,0.0042,-0.0722,1.8054,2306.1534,-1,-384380,9949.85,0,0.75,-1,-1.3805,1.5316,0
2026-05-29 11:52:00,2300.2,2301.4,2300.1,2300.1,6377,2302.8899,2305.0521,2307.3441,-1,-1.9654,-1.2779,-0.6875,-1,19.3811,15.9133,37.6627,27.8789,1,1.0989,4.6087,-0.2732,2310.9674,2300.0826,2305.525,0.0047,0.0016,1.7693,2305.9552,-1,-390757,9847.95,0,0.0769,-1,-1.3891,1.5228,1
2026-05-29 11:53:00,2300.5,2301.9,2300.0,2301.9,5564,2302.692,2304.7656,2307.1306,-1,-1.9574,-1.4138,-0.5436,-1,20.5048,16.707,34.7889,36.8793,0,21.8391,8.5551,-0.1432,2311.0448,2299.7252,2305.385,0.0049,0.1921,1.7786,2305.8534,-1,-385193,9727.1,0,0.7368,1,-1.3119,1.6022,0
2026-05-29 11:54:00,2301.3,2303.0,2300.8,2300.8,4739,2302.3136,2304.405,2306.8824,-1,-2.0165,-1.5343,-0.4822,-1,20.7321,19.5995,31.7665,34.0803,1,9.1954,10.7111,-0.2904,2311.1381,2299.1419,2305.14,0.0052,0.1382,1.8087,2305.7754,-1,-389932,9616.65,0,0.2273,-1,-1.3591,1.5537,0
2026-05-29 11:55:00,2300.8,2300.8,2300.3,2300.3,6507,2301.9109,2304.0319,2306.6242,-1,-2.0798,-1.6434,-0.4363,-1,21.1599,19.1914,33.1872,32.8595,1,3.4483,11.4943,-0.3379,2311.1035,2298.5165,2304.81,0.0055,0.1417,1.7153,2305.589,-1,-396439,9736.05,0,1.0,-1,-1.3805,1.5316,0
2026-05-29 11:56:00,2300.0,2300.0,2295.5,2297.1,74670,2300.9487,2303.4017,2306.2507,-1,-2.3609,-1.7869,-0.574,-1,23.0816,15.792,45.0219,26.353,1,12.1212,8.255,-0.4334,2311.2587,2297.3013,2304.28,0.0061,-0.0144,1.9356,2302.9608,-1,-471109,12353.9,1,0.6444,-1,-1.5177,1.3904,1
2026-05-29 11:57:00,2296.5,2297.7,2296.1,2297.4,7374,2300.2389,2302.8561,2305.9036,-1,-2.5303,-1.9356,-0.5947,-1,24.8661,14.8479,42.3303,27.7965,1,14.3939,9.9878,-0.334,2311.0126,2296.4274,2303.72,0.0063,0.0667,1.9116,2302.1377,-1,-463735,11464.25,0,0.5625,1,-1.5048,1.4036,1
2026-05-29 11:58:00,2297.4,2298.1,2297.0,2298.1,5984,2299.8112,2302.4237,2305.5976,-1,-2.5784,-2.0641,-0.5142,-1,26.2336,15.7599,40.536,31.1856,1,19.697,15.404,-0.2388,2310.4578,2295.9022,2303.18,0.0063,0.151,1.8537,2301.6156,-1,-457751,11130.3,0,0.6364,1,-1.4748,1.4345,0
2026-05-29 11:59:00,2298.1,2298.2,2297.3,2297.7,7780,2299.3889,2301.9943,2305.2879,-1,-2.6185,-2.175,-0.4435,-1,27.4281,15.5925,39.0766,30.31,1,16.6667,16.9192,-0.1694,2310.0019,2295.3481,2302.675,0.0064,0.1605,1.7855,2300.8018,-1,-465531,10436.8,0,0.4444,-1,-1.492,1.4168,0
2026-05-29 12:00:00,2297.9,2297.9,2297.0,2297.0,5895,2298.9111,2301.5403,2304.9629,-1,-2.676,-2.2752,-0.4008,-1,28.6314,15.0105,38.8622,28.787,1,12.8205,16.3947,-0.1782,2309.5037,2294.7863,2302.145,0.0064,0.1504,1.7223,2300.3477,-1,-471426,10201.85,0,1.0,-1,-1.522,1.3859,1
2026-05-29 12:01:00,2297.0,2297.8,2296.8,2297.1,5437,2298.5489,2301.1366,2304.6545,-1,-2.6826,-2.3567,-0.3259,-1,29.8137,14.3687,38.0558,29.3333,1,16.4948,15.3273,-0.1391,2309.0617,2294.2883,2301.675,0.0064,0.1903,1.6707,2300.1436,-1,-465989,10281.7,0,0.1,1,-1.5177,1.3904,0
2026-05-29 12:02:00,2297.0,2297.4,2296.5,2296.5,7453,2298.1391,2300.7151,2304.3347,-1,-2.705,-2.4264,-0.2786,-1,31.012,13.797,37.8679,27.9479,1,12.5,13.9385,-0.1565,2308.5607,2293.7993,2301.18,0.0064,0.183,1.6156,2299.8863,-1,-473442,10431.55,0,0.5556,-1,-1.5434,1.3639,0
2026-05-29 12:03:00,2296.6,2297.2,2296.0,2296.4,9027,2297.7913,2300.3228,2304.0236,-1,-2.6997,-2.481,-0.2187,-1,32.2928,13.0513,38.0732,27.713,1,11.6883,13.5611,-0.2389,2308.1587,2293.3213,2300.74,0.0064,0.2075,1.586,2299.6264,-1,-482469,10660.25,0,0.1667,-1,-1.5477,1.3595,1
2026-05-29 12:04:00,2296.4,2297.3,2296.0,2297.3,5955,2297.693,2300.048,2303.7599,-1,-2.593,-2.5034,-0.0896,-1,33.3821,12.7335,35.8149,33.1586,1,24.0,16.0628,-0.1521,2307.102,2293.358,2300.23,0.006,0.2868,1.5655,2299.3504,-1,-476514,10661.1,0,0.6923,1,-1.5091,1.3992,0
2026-05-29 12:05:00,2296.6,2296.6,2295.6,2295.7,7797,2297.2944,2299.6527,2303.4438,-1,-2.6075,-2.5242,-0.0833,-1,34.5394,11.7518,34.8678,28.979,1,2.6667,12.785,-0.2,2305.7258,2293.4942,2299.61,0.0053,0.1803,1.5751,2299.0833,-1,-484311,10865.1,0,0.9,-1,-1.5777,1.3286,0
2026-05-29 12:06:00,2295.6,2295.6,2294.3,2295.0,10945,2296.8355,2299.2298,2303.1127,-1,-2.645,-2.5484,-0.0966,-1,36.0456,10.9998,38.5788,27.3545,1,8.046,11.5709,-0.0914,2304.3874,2293.6226,2299.005,0.0047,0.128,1.5626,2298.6774,-1,-495256,11145.6,0,0.4615,-1,-1.6077,1.2977,1
2026-05-29 12:07:00,2295.0,2295.4,2294.6,2295.4,5596,2296.5484,2298.8816,2302.8102,-1,-2.6123,-2.5612,-0.0511,-1,37.4443,10.583,37.1171,29.777,1,12.6437,7.7854,-0.0871,2303.3365,2293.7035,2298.52,0.0042,0.1761,1.5082,2298.4568,-1,-489660,11217.3,0,0.5,1,-1.5906,1.3153,0
2026-05-29 12:08:00,2295.4,2295.4,2294.3,2294.9,4726,2296.2188,2298.5196,2302.5,-1,-2.5968,-2.5683,-0.0285,-1,38.8416,10.0208,36.5941,28.4977,1,9.2308,9.9735,-0.1392,2302.5461,2293.6239,2298.085,0.0039,0.143,1.479,2298.2115,-1,-494386,11112.7,0,0.4545,-1,-1.612,1.2933,0
2026-05-29 12:09:00,2294.7,2295.1,2294.6,2294.6,6505,2295.895,2298.1633,2302.1902,-1,-2.579,-2.5704,-0.0086,-1,40.139,9.7668,35.6666,27.728,1,5.2632,9.0459,-0.1349,2302.136,2293.334,2297.735,0.0038,0.1438,1.4091,2297.5958,-1,-500891,9995.2,0,0.2,-1,-1.6249,1.28,0
2026-05-29 12:10:00,2294.5,2294.6,2294.0,2294.2,6397,2295.556,2297.803,2301.8769,-1,-2.5676,-2.5699,0.0023,1,41.5503,9.457,37.707,26.6928,1,4.7619,6.4186,-0.1219,2301.7635,2293.0165,2297.39,0.0038,0.1353,1.3513,2297.38,-1,-507288,10050.15,0,0.5,-1,-1.642,1.2624,0
2026-05-29 12:11:00,2295.2,2295.2,2294.0,2294.1,20762,2295.2648,2297.4664,2301.5719,-1,-2.5374,-2.5634,0.026,1,42.0896,12.0495,35.2959,26.4271,1,2.381,4.1353,-0.1306,2301.4634,2292.6966,2297.08,0.0038,0.1601,1.3405,2297.0052,-1,-528050,10774.5,1,0.9167,-1,-1.6463,1.2579,0
2026-05-29 12:12:00,2294.1,2294.2,2294.0,2294.1,6259,2295.0318,2297.1603,2301.2789,-1,-2.4848,-2.5476,0.0629,1,42.5903,11.9128,34.8954,26.4271,1,2.381,3.1746,-0.1045,2301.1166,2292.4434,2296.78,0.0038,0.191,1.259,2296.8163,-1,-521791,10768.6,0,0.0,1,-1.6463,1.2579,0
2026-05-29 12:13:00,2294.2,2296.1,2294.0,2294.1,12826,2294.8455,2296.8821,2300.9974,-1,-2.4152,-2.5212,0.1059,1,40.9389,20.8466,30.9273,26.4271,1,2.5641,2.442,-0.1002,2300.1836,2292.5964,2296.39,0.0033,0.1982,1.3191,2296.5851,-1,-508965,11131.7,0,0.0476,-1,-1.6463,1.2579,0
2026-05-29 12:14:00,2294.0,2294.1,2293.5,2294.1,7156,2294.6964,2296.6292,2300.7269,-1,-2.3332,-2.4836,0.1504,1,39.7121,20.1419,32.6989,26.4271,1,13.9535,6.2995,-0.1393,2299.387,2292.723,2296.055,0.0029,0.2066,1.2677,2296.3955,-1,-501809,11252.55,0,0.1667,1,-1.6463,1.2579,0
2026-05-29 12:15:00,2294.1,2294.2,2293.3,2293.3,7805,2294.4171,2296.3265,2300.4356,-1,-2.3062,-2.4481,0.1419,1,38.6952,19.0989,32.1564,23.8709,1,0.0,5.5059,-0.1045,2298.6249,2292.7851,2295.705,0.0025,0.0882,1.2415,2296.1821,-1,-509614,11317.45,0,0.8889,-1,-1.6806,1.2226,0
2026-05-29 12:16:00,2293.0,2293.0,2292.7,2292.7,10729,2294.0737,2295.9969,2300.1323,-1,-2.3066,-2.4198,0.1132,1,38.1109,18.4143,34.5882,22.1411,1,0.0,4.6512,-0.1002,2298.6074,2292.3626,2295.485,0.0027,0.054,1.1956,2295.3374,-1,-520343,8120.4,0,1.0,-1,-1.7063,1.1962,1
2026-05-29 12:17:00,2293.4,2294.6,2293.4,2294.0,7238,2294.0589,2295.8153,2299.8918,-1,-2.177,-2.3712,0.1943,1,36.0523,25.5811,30.8207,33.4018,1,28.2609,9.4203,-0.061,2298.3713,2292.2587,2295.315,0.0027,0.2849,1.2459,2295.1991,-1,-513105,8113.6,0,0.5,1,-1.6506,1.2535,0
2026-05-29 12:18:00,2293.8,2294.4,2293.4,2294.0,3676,2294.0472,2295.6503,2299.6607,-1,-2.0506,-2.3071,0.2565,1,34.1407,24.0936,29.0286,33.4018,1,33.3333,20.5314,-0.0392,2297.9327,2292.2873,2295.11,0.0025,0.3034,1.2284,2295.0753,-1,-509429,7998.2,0,0.2,1,-1.6506,1.2535,1
2026-05-29 12:19:00,2294.0,2294.4,2294.0,2294.3,3249,2294.0977,2295.5275,2299.4505,-1,-1.9042,-2.2265,0.3223,1,32.3656,23.5049,28.3192,35.8837,0,47.0588,36.2177,-0.0131,2297.5171,2292.3629,2294.94,0.0022,0.3758,1.1692,2294.9246,-1,-506180,7771.65,0,0.75,1,-1.6377,1.2668,0
2026-05-29 12:20:00,2294.8,2294.8,2294.3,2294.3,8044,2294.1382,2295.4159,2299.2485,-1,-1.7679,-2.1348,0.3669,1,30.3401,25.3041,27.4173,35.8837,0,47.0588,42.4837,0.0044,2297.2137,2292.3963,2294.805,0.0021,0.3952,1.1214,2294.8124,-1,-498136,7879.1,0,1.0,-1,-1.6377,1.2668,1
2026-05-29 12:21:00,2294.0,2294.5,2293.2,2294.5,5038,2294.2105,2295.3327,2299.0623,-1,-1.625,-2.0328,0.4079,1,29.3177,23.2324,32.1003,37.6793,0,52.9412,49.0196,0.0174,2296.8428,2292.5072,2294.675,0.0019,0.4596,1.1342,2294.7047,-1,-493098,7859.15,0,0.3846,1,-1.6292,1.2756,0
2026-05-29 12:22:00,2294.4,2294.4,2293.7,2293.7,6290,2294.1084,2295.1843,2298.852,-1,-1.5583,-1.9379,0.3796,1,28.3683,22.0367,30.4482,33.623,1,29.4118,43.1373,-0.0174,2296.571,2292.499,2294.535,0.0018,0.2949,1.1103,2294.5735,-1,-499388,7801.0,0,1.0,-1,-1.6635,1.2403,0
2026-05-29 12:23:00,2293.7,2293.7,2293.0,2293.0,7125,2293.8867,2294.9857,2298.6225,-1,-1.5441,-1.8592,0.315,1,27.9941,21.0174,33.6652,30.5263,1,8.8235,30.3922,-0.0479,2296.3157,2292.4143,2294.365,0.0017,0.1501,1.081,2294.3968,-1,-506513,7705.9,0,1.0,-1,-1.6935,1.2094,1
2026-05-29 12:24:00,2292.9,2293.4,2292.6,2293.4,7755,2293.7894,2294.8415,2298.4177,-1,-1.4835,-1.784,0.3005,1,27.9183,19.8854,34.545,34.2527,1,22.8571,20.3641,-0.0305,2295.6248,2292.7152,2294.17,0.0013,0.2354,1.0609,2294.2396,-1,-498758,7795.9,0,0.625,1,-1.6763,1.227,1
2026-05-29 12:25:00,2293.5,2293.6,2293.3,2293.6,5019,2293.7515,2294.7287,2298.2288,-1,-1.4032,-1.7079,0.3047,1,27.6126,20.8813,33.8096,36.0983,0,28.5714,20.084,0.0131,2295.3569,2292.7731,2294.065,0.0011,0.32,1.0066,2294.1275,-1,-493739,7657.0,0,0.3333,1,-1.6677,1.2359,1
2026-05-29 12:26:00,2293.9,2293.9,2293.5,2293.7,4615,2293.7412,2294.6352,2298.0512,-1,-1.3163,-1.6295,0.3133,1,26.9735,22.4865,32.8068,37.0498,0,31.4286,27.619,0.0436,2295.2264,2292.7736,2294.0,0.0011,0.3777,0.9632,2294.0514,-1,-489124,7340.5,0,0.5,-1,-1.6635,1.2403,0
2026-05-29 12:27:00,2293.7,2293.7,2292.6,2292.8,7249,2293.553,2294.4683,2297.8453,-1,-1.305,-1.5646,0.2597,1,27.0483,20.6707,36.7645,32.3771,1,9.0909,23.0303,-0.0523,2295.0243,2292.7157,2293.87,0.001,0.0365,0.973,2293.961,-1,-496373,7423.15,0,0.8182,-1,-1.702,1.2006,1
2026-05-29 12:28:00,2293.0,2293.7,2292.8,2293.1,6641,2293.4624,2294.3439,2297.6592,-1,-1.2573,-1.5032,0.2458,1,27.1177,19.2977,34.3224,35.306,0,22.7273,21.0823,-0.0392,2294.8784,2292.6816,2293.78,0.001,0.1904,0.9678,2293.8989,-1,-489732,7518.9,0,0.1111,1,-1.6892,1.2138,1
2026-05-29 12:29:00,2293.5,2293.5,2293.0,2293.4,3561,2293.4499,2294.2581,2297.4922,-1,-1.1817,-1.4389,0.2572,1,27.1822,18.5601,33.0105,38.1891,0,36.3636,22.7273,-0.0392,2294.7623,2292.6777,2293.72,0.0009,0.3465,0.9344,2293.8461,-1,-486171,7371.7,0,0.2,-1,-1.6763,1.227,0
2026-05-29 12:30:00,2293.1,2293.1,2291.7,2291.7,13367,2293.0999,2294.0256,2297.265,-1,-1.2446,-1.4,0.1554,1,28.1257,16.2814,38.3461,30.0238,1,0.0,19.697,-0.1133,2294.9344,2292.2556,2293.595,0.0012,-0.2074,0.9891,2293.6833,-1,-499538,7720.2,1,1.0,-1,-1.7492,1.152,0
2026-05-29 12:31:00,2291.6,2291.7,2291.1,2291.5,13239,2292.7799,2293.796,2297.0389,-1,-1.2957,-1.3792,0.0835,1,29.3369,15.5556,41.0949,29.2319,1,10.8108,15.7248,-0.1307,2295.0628,2291.8672,2293.465,0.0014,-0.1149,0.9613,2293.3745,-1,-512777,7344.05,1,0.1667,-1,-1.7578,1.1432,0
2026-05-29 12:32:00,2291.5,2291.5,2290.2,2291.1,21117,2292.4439,2293.5509,2296.806,-1,-1.3529,-1.3739,0.021,1,30.904,14.0898,43.746,27.6606,1,19.5652,10.1253,-0.1134,2295.1861,2291.4439,2293.315,0.0016,-0.0919,0.9855,2293.0277,-1,-533894,8086.95,1,0.3077,-1,-1.7749,1.1255,0
2026-05-29 12:33:00,2291.0,2291.1,2290.3,2290.7,4757,2292.0952,2293.2917,2296.5666,-1,-1.4141,-1.3819,-0.0322,-1,32.3592,13.2617,41.1748,26.147,1,10.8696,13.7485,-0.1003,2295.2967,2290.9933,2293.145,0.0019,-0.0682,0.9722,2292.8133,-1,-538651,7683.5,0,0.375,-1,-1.7921,1.1079,1
2026-05-29 12:34:00,2290.7,2291.9,2290.6,2291.1,6958,2291.8961,2293.0925,2296.3522,-1,-1.4141,-1.3884,-0.0257,-1,32.5849,17.7642,37.3347,30.257,1,20.9302,17.1217,-0.1003,2295.274,2290.716,2292.995,0.002,0.0842,0.9956,2292.6895,-1,-531693,7673.6,0,0.3077,1,-1.7749,1.1255,1
2026-05-29 12:35:00,2291.4,2293.2,2291.4,2293.0,5821,2292.1169,2293.0841,2296.2208,-1,-1.2464,-1.36,0.1136,1,31.302,23.9261,32.1229,45.7116,0,66.6667,32.8222,-0.0262,2295.2547,2290.7053,2292.98,0.002,0.5044,1.0745,2292.6366,1,-525872,7574.4,0,0.8889,1,-1.6935,1.2094,1
2026-05-29 12:36:00,2293.0,2295.2,2292.9,2293.3,22855,2292.3535,2293.1037,2296.1062,-1,-1.0769,-1.3034,0.2265,1,29.6875,32.837,27.5815,47.6829,0,62.0,49.8656,-0.0174,2295.285,2290.735,2293.01,0.002,0.5637,1.1621,2292.7884,1,-503017,8180.7,1,0.1304,1,-1.6806,1.2226,0
2026-05-29 12:37:00,2294.1,2294.1,2293.0,2293.2,7365,2292.5228,2293.1124,2295.9922,-1,-0.9398,-1.2306,0.2909,1,28.1883,30.6083,25.7094,47.0693,0,60.0,62.8889,0.0174,2295.2017,2290.7383,2292.97,0.0019,0.5515,1.1576,2292.7638,1,-510382,8187.05,0,0.8182,-1,-1.6849,1.1513,0
2026-05-29 12:38:00,2293.2,2293.2,2292.2,2293.2,6662,2292.6583,2293.1204,2295.8827,-1,-0.8216,-1.1488,0.3272,1,26.2232,28.7011,29.0922,47.0693,0,60.0,60.6667,0.0044,2295.1146,2290.7454,2292.93,0.0019,0.5618,1.1464,2292.7421,1,-503720,8336.35,0,0.0,1,-1.6849,1.1513,1
2026-05-29 12:39:00,2293.3,2293.8,2293.3,2293.7,4132,2292.8666,2293.1731,2295.7971,-1,-0.6798,-1.055,0.3752,1,24.7701,31.4606,27.9663,50.7445,0,70.0,63.3333,0.0131,2295.0241,2290.7759,2292.9,0.0019,0.6883,1.1073,2292.7344,1,-499588,8380.5,0,0.8,1,-1.6635,1.102,0
2026-05-29 12:40:00,2293.7,2293.8,2293.2,2293.2,7499,2292.9333,2293.1755,2295.6953,-1,-0.6009,-0.9642,0.3633,1,23.3334,30.2018,27.5142,47.2141,0,60.0,63.3333,0.0655,2294.8762,2290.8138,2292.845,0.0018,0.5874,1.0711,2292.6808,1,-507087,8353.25,0,0.8333,-1,-1.6849,1.0799,1
2026-05-29 12:41:00,2293.0,2294.5,2293.0,2294.3,7863,2293.2066,2293.2778,2295.6406,-1,-0.4444,-0.8602,0.4158,1,22.545,31.803,24.8384,54.6837,0,82.0,70.6667,0.1222,2294.8353,2290.8347,2292.835,0.0017,0.8662,1.1017,2292.6977,1,-499224,8494.5,0,0.8667,1,-1.6377,1.1284,0
2026-05-29 12:42:00,2293.3,2293.3,2292.0,2292.2,7287,2293.0053,2293.1798,2295.5057,-1,-0.4843,-0.785,0.3008,1,20.9366,27.4025,27.4175,42.3598,0,40.0,60.6667,0.048,2294.7373,2290.7827,2292.76,0.0017,0.3584,1.1873,2292.6438,-1,-506511,8544.35,0,0.8462,-1,-1.7278,1.0358,0
2026-05-29 12:43:00,2292.2,2292.2,2291.2,2291.2,3654,2292.6442,2292.9998,2295.3368,-1,-0.5898,-0.746,0.1562,1,20.0599,25.7352,30.6169,37.9714,0,20.0,47.3333,0.0218,2294.7562,2290.5838,2292.67,0.0018,0.1477,1.1739,2292.5945,-1,-510165,8370.8,0,1.0,-1,-1.7706,0.9918,1
2026-05-29 12:44:00,2291.6,2292.4,2291.6,2292.2,5287,2292.5554,2292.9271,2295.2138,-1,-0.5859,-0.714,0.1281,1,19.0694,25.0741,28.385,44.1972,0,40.0,33.3333,0.048,2294.6778,2290.5422,2292.61,0.0018,0.4009,1.1758,2292.5522,-1,-504878,8247.4,0,0.75,1,-1.7278,1.0269,0
2026-05-29 12:45:00,2292.2,2292.2,2292.0,2292.1,4571,2292.4643,2292.8519,2295.0917,-1,-0.5842,-0.688,0.1038,1,18.1497,24.7503,28.0184,43.7246,0,38.0,32.6667,-0.0392,2294.5621,2290.5079,2292.535,0.0018,0.3927,1.1061,2292.5107,-1,-509449,8225.0,0,0.5,-1,-1.732,0.978,1
2026-05-29 12:46:00,2292.1,2293.3,2292.0,2292.8,7247,2292.5315,2292.8472,2295.0018,-1,-0.5204,-0.6545,0.1341,1,17.3713,29.7138,25.6954,47.9227,0,51.0204,43.0068,-0.0218,2294.4505,2290.5295,2292.49,0.0017,0.5791,1.12,2292.4861,1,-502202,8356.6,0,0.5385,1,-1.702,0.9822,1
2026-05-29 12:47:00,2293.5,2294.0,2293.3,2293.9,8839,2292.8052,2292.9429,2294.9586,-1,-0.3767,-0.5989,0.2223,1,17.1775,31.893,23.7388,53.7602,0,71.7391,53.5865,0.0305,2294.5968,2290.4932,2292.545,0.0018,0.8302,1.1257,2292.5279,1,-493363,8436.1,0,0.5714,1,-1.6549,1.0306,0
2026-05-29 12:48:00,2293.8,2294.6,2293.1,2293.1,7046,2292.8641,2292.9572,2294.8857,-1,-0.3236,-0.5439,0.2202,1,17.4159,32.6468,21.5317,49.4213,0,47.5,56.7532,-0.0044,2294.5968,2290.4932,2292.545,0.0018,0.6352,1.1524,2292.5462,1,-500409,8456.35,0,0.4667,-1,-1.6892,0.9243,1
2026-05-29 12:49:00,2293.4,2295.0,2293.4,2294.3,5767,2293.1513,2293.0793,2294.8628,1,-0.1826,-0.4716,0.289,1,17.904,31.3418,19.1083,55.2549,0,77.5,65.5797,0.0262,2294.7514,2290.4286,2292.59,0.0019,0.8956,1.2058,2292.5873,1,-494642,8566.65,0,0.5625,1,-1.6377,0.9371,0
2026-05-29 12:50:00,2294.5,2294.6,2293.3,2293.9,6956,2293.301,2293.1539,2294.825,1,-0.102,-0.3977,0.2957,1,18.2464,28.9416,18.2341,53.0582,0,71.0526,65.3509,0.0305,2294.8927,2290.5073,2292.7,0.0019,0.7736,1.2125,2292.6782,1,-501598,8246.1,0,0.4615,-1,-1.6549,0.9195,0
2026-05-29 12:51:00,2293.3,2293.6,2292.6,2292.7,7759,2293.1808,2293.1126,2294.7417,1,-0.1334,-0.3448,0.2114,1,17.8103,26.7366,20.9473,47.0188,0,39.4737,62.6754,-0.0697,2294.8826,2290.6374,2292.76,0.0019,0.4859,1.2188,2292.7956,-1,-509357,7972.1,0,0.6,-1,-1.7063,0.8578,0
2026-05-29 12:52:00,2293.0,2293.0,2291.2,2291.7,5483,2292.8847,2292.9842,2294.6224,-1,-0.2363,-0.3231,0.0869,1,16.9231,24.0091,26.7449,42.6609,0,13.1579,41.2281,-0.0218,2294.8334,2290.7466,2292.79,0.0018,0.2333,1.2603,2293.0375,-1,-514840,7190.4,0,0.7222,-1,-1.7492,0.8138,1
2026-05-29 12:53:00,2292.2,2292.7,2292.2,2292.7,3846,2292.8477,2292.9584,2294.547,-1,-0.2344,-0.3054,0.071,1,16.0994,22.6279,25.2065,47.8647,0,39.4737,30.7018,0.0655,2294.6965,2291.0835,2292.89,0.0016,0.4474,1.2417,2293.1017,-1,-510994,7144.85,0,1.0,1,-1.7063,0.8578,0
2026-05-29 12:54:00,2292.7,2292.7,2291.1,2291.1,4396,2292.4982,2292.7894,2294.4118,-1,-0.3579,-0.3159,-0.042,-1,16.1771,20.5873,29.1332,41.392,0,0.0,17.5439,-0.048,2294.6965,2291.0835,2292.89,0.0016,0.0046,1.2673,2293.15,-1,-515390,7016.75,0,1.0,-1,-1.7749,0.7874,1
2026-05-29 12:55:00,2291.2,2291.4,2290.4,2291.4,6897,2292.2785,2292.6631,2294.2937,-1,-0.4266,-0.338,-0.0886,-1,16.715,19.4092,31.4718,42.9498,0,21.7391,20.4043,-0.0305,2294.7282,2290.8918,2292.81,0.0017,0.1325,1.2482,2293.0738,-1,-508493,7070.55,0,0.2,1,-1.7621,0.774,0
2026-05-29 12:56:00,2291.0,2291.2,2291.0,2291.2,4863,2292.0628,2292.5301,2294.1724,-1,-0.4915,-0.3687,-0.1228,-1,17.2145,18.9423,30.7147,42.1455,0,17.3913,13.0435,-0.0698,2294.7313,2290.6787,2292.705,0.0018,0.1286,1.1876,2292.8628,-1,-513356,6170.95,0,1.0,1,-1.7706,0.7652,0
2026-05-29 12:57:00,2291.1,2292.0,2291.0,2291.1,6817,2291.8703,2292.4001,2294.0519,-1,-0.5448,-0.4039,-0.1409,-1,16.8433,22.6565,28.8463,41.7248,0,15.2174,18.1159,-0.1221,2294.7279,2290.4721,2292.6,0.0019,0.1475,1.1742,2292.7456,-1,-520173,6143.55,0,0.0,1,-1.7749,0.7608,0
2026-05-29 12:58:00,2291.0,2291.0,2290.3,2291.0,7812,2291.6962,2292.2728,2293.9322,-1,-0.5883,-0.4408,-0.1475,-1,17.0125,21.5282,31.7671,41.281,0,14.8936,15.8341,-0.0916,2294.708,2290.272,2292.49,0.0019,0.1641,1.1475,2292.6145,-1,-527985,6201.05,0,0.0,1,-1.7792,0.7564,0
2026-05-29 12:59:00,2290.6,2290.9,2290.6,2290.7,3001,2291.497,2292.1298,2293.8055,-1,-0.6396,-0.4806,-0.159,-1,17.1696,20.966,30.9376,39.9096,0,8.5106,12.8739,-0.1569,2294.6154,2290.0646,2292.34,0.002,0.1396,1.0941,2292.5354,-1,-530986,6144.5,0,0.3333,1,-1.7921,0.7432,0
2026-05-29 13:00:00,2289.5,2289.5,2287.6,2288.8,26013,2290.9576,2291.8271,2293.6092,-1,-0.8241,-0.5493,-0.2748,-1,18.9828,17.2142,42.719,32.5372,1,16.2162,13.2068,-0.2223,2294.8297,2289.4103,2292.12,0.0024,-0.1126,1.2374,2291.7717,-1,-556999,7070.2,1,0.3684,-1,-1.8735,0.6597,1
2026-05-29 13:01:00,2288.7,2290.3,2288.4,2290.3,14777,2290.8261,2291.6883,2293.4794,-1,-0.8396,-0.6073,-0.2322,-1,19.8864,19.8436,38.2063,41.6944,0,36.4865,20.4044,-0.1047,2294.5457,2289.2943,2291.92,0.0023,0.1915,1.2847,2291.4474,-1,-542222,7415.9,1,0.8421,1,-1.8092,0.7257,0
2026-05-29 13:02:00,2289.9,2290.0,2289.0,2289.1,19331,2290.4809,2291.453,2293.3077,-1,-0.9379,-0.6734,-0.2644,-1,20.7254,18.4106,35.4471,37.329,0,20.2703,24.3243,-0.1135,2294.6586,2288.8714,2291.765,0.0025,0.0395,1.2858,2291.1487,-1,-561553,8018.1,1,0.8,-1,-1.8607,0.6685,1
2026-05-29 13:03:00,2289.0,2290.0,2289.0,2290.0,4104,2290.3847,2291.3209,2293.1779,-1,-0.9324,-0.7252,-0.2072,-1,21.5045,17.3713,33.4462,42.2156,0,34.2857,30.3475,-0.1178,2294.6913,2288.7187,2291.705,0.0026,0.2145,1.2654,2291.1022,-1,-557449,8040.6,0,1.0,1,-1.8221,0.6593,0
2026-05-29 13:04:00,2289.7,2289.8,2289.2,2289.5,3346,2290.2077,2291.1554,2293.0337,-1,-0.9573,-0.7716,-0.1857,-1,22.2279,16.5657,31.8951,40.334,0,31.6667,28.7409,-0.0698,2294.6954,2288.4446,2291.57,0.0027,0.1688,1.2321,2291.0363,-1,-560795,7943.55,0,0.3333,-1,-1.8435,0.6374,0
2026-05-29 13:05:00,2289.4,2289.4,2287.6,2287.7,6094,2289.7062,2290.8412,2292.8245,-1,-1.1096,-0.8392,-0.2704,-1,23.7342,14.8091,37.4426,34.3913,1,1.8519,22.6014,-0.1615,2294.8875,2287.8125,2291.35,0.0031,-0.0159,1.2798,2290.8995,-1,-566889,8019.7,0,0.9444,-1,-1.9207,0.5317,1
2026-05-29 13:06:00,2287.8,2288.0,2287.8,2288.0,3728,2289.365,2290.5829,2292.6353,-1,-1.1923,-0.9098,-0.2824,-1,25.133,14.5468,36.7794,36.0817,0,7.8431,13.7872,-0.1397,2294.866,2287.354,2291.11,0.0033,0.086,1.2099,2290.7459,-1,-563161,7843.75,0,1.0,1,-1.9078,0.5449,1
2026-05-29 13:07:00,2288.0,2288.6,2287.9,2288.6,4836,2289.212,2290.4027,2292.4771,-1,-1.1956,-0.967,-0.2286,-1,25.7236,17.5792,35.2122,39.4421,0,19.6078,9.7676,-0.1091,2294.5233,2287.1667,2290.845,0.0032,0.1948,1.1734,2290.4979,-1,-558325,7643.6,0,0.8571,1,-1.8821,0.5713,1
2026-05-29 13:08:00,2288.8,2290.6,2288.8,2289.9,10026,2289.3496,2290.357,2292.376,-1,-1.0809,-0.9898,-0.0911,-1,24.3763,27.1326,31.1308,46.0591,0,52.2727,26.5746,-0.048,2294.2331,2287.1369,2290.685,0.0031,0.3894,1.2325,2290.3106,-1,-548299,7792.6,0,0.6111,1,-1.8264,0.4871,0
2026-05-29 13:09:00,2290.3,2290.3,2289.2,2289.2,4560,2289.3197,2290.2518,2292.2515,-1,-1.0346,-0.9988,-0.0358,-1,23.1253,25.3895,29.1308,43.3146,0,36.3636,36.0814,-0.0655,2293.6169,2287.2431,2290.43,0.0028,0.307,1.223,2290.1424,-1,-552859,7732.25,0,1.0,-1,-1.8564,0.4564,1
2026-05-29 13:10:00,2289.2,2289.4,2289.1,2289.4,4543,2289.3357,2290.1744,2292.1397,-1,-0.9705,-0.9931,0.0226,1,22.0395,24.9193,29.2086,44.3352,0,40.9091,43.1818,0.0262,2292.9903,2287.4197,2290.205,0.0024,0.3555,1.1571,2289.944,-1,-548316,7611.6,0,0.6667,1,-1.8478,0.4652,0
2026-05-29 13:11:00,2289.3,2289.3,2288.1,2288.1,9577,2289.0886,2289.9858,2291.9812,-1,-1.013,-0.9971,-0.0159,-1,21.7507,22.937,33.0043,39.373,0,14.7059,30.6595,-0.0961,2292.656,2287.294,2289.975,0.0023,0.1503,1.1673,2289.702,-1,-557893,7702.5,0,1.0,-1,-1.9035,0.3509,0
2026-05-29 13:12:00,2287.1,2288.8,2287.0,2288.0,11778,2288.8709,2289.8053,2291.8251,-1,-1.0427,-1.0062,-0.0365,-1,22.1544,20.5048,35.9847,39.0113,0,25.641,27.0853,-0.0481,2292.4799,2287.1001,2289.79,0.0023,0.1673,1.2125,2289.4946,-1,-569671,8017.25,0,0.5,1,-1.9078,0.1181,0
2026-05-29 13:13:00,2288.1,2288.5,2287.9,2288.0,4084,2288.6967,2289.6411,2291.6751,-1,-1.0541,-1.0158,-0.0383,-1,22.5294,19.7529,34.6652,39.0113,0,27.7778,22.7082,-0.0873,2291.9967,2287.1133,2289.555,0.0021,0.1816,1.1687,2289.3872,-1,-565587,8029.15,0,0.1667,-1,-1.9078,0.0612,0
2026-05-29 13:14:00,2288.0,2288.0,2287.1,2287.2,5380,2288.3974,2289.4192,2291.4996,-1,-1.1148,-1.0356,-0.0792,-1,23.335,18.6483,37.6975,35.9473,0,5.5556,19.6581,-0.1005,2291.898,2286.822,2289.36,0.0022,0.0745,1.1495,2289.2611,-1,-570967,8078.35,0,0.8889,-1,-1.9421,0.0262,0
2026-05-29 13:15:00,2287.2,2287.2,2285.5,2285.9,13341,2287.8979,2289.0993,2291.28,-1,-1.2534,-1.0791,-0.1742,-1,24.838,16.7436,43.4602,31.6036,1,7.8431,13.7255,-0.0787,2291.8601,2286.3099,2289.085,0.0024,-0.0739,1.1889,2288.9439,-1,-584308,8400.55,1,0.7647,-1,-1.9979,0.0,1
2026-05-29 13:16:00,2285.9,2287.9,2285.8,2287.4,3878,2287.7983,2288.9448,2291.1279,-1,-1.228,-1.1089,-0.1191,-1,25.5121,18.7281,38.2614,40.5327,0,37.2549,16.8845,-0.0262,2291.5838,2286.2062,2288.895,0.0023,0.222,1.2539,2288.8358,-1,-580430,8351.3,0,0.7143,1,-1.9335,0.0656,0
2026-05-29 13:17:00,2287.5,2287.5,2287.2,2287.3,4621,2287.6986,2288.7953,2290.9778,-1,-1.2021,-1.1275,-0.0746,-1,26.138,18.3896,37.5699,40.1563,0,35.2941,26.7974,-0.0568,2291.2783,2286.1317,2288.705,0.0022,0.227,1.1858,2288.689,-1,-585051,8241.5,0,0.6667,-1,-1.9378,0.0612,1
2026-05-29 13:18:00,2287.3,2288.0,2287.2,2287.6,5878,2287.6789,2288.6866,2290.8453,-1,-1.1442,-1.1309,-0.0133,-1,26.1938,20.5658,35.7164,41.8994,0,41.1765,37.9085,-0.1004,2290.9219,2286.1481,2288.535,0.0021,0.3041,1.1582,2288.55,-1,-579173,8144.8,0,0.375,1,-1.925,0.0744,1
2026-05-29 13:19:00,2287.9,2287.9,2287.6,2287.7,3592,2287.6831,2288.5969,2290.722,-1,-1.0778,-1.1203,0.0425,1,26.2456,20.1641,35.0187,42.5006,0,43.1373,39.8693,-0.0655,2290.578,2286.192,2288.385,0.0019,0.3438,1.0969,2288.492,-1,-575581,8174.35,0,0.6667,-1,-1.9207,0.0787,0
2026-05-29 13:20:00,2287.7,2287.7,2285.7,2285.7,9031,2287.2865,2288.3336,2290.525,-1,-1.173,-1.1308,-0.0422,-1,27.3089,17.6839,42.3963,34.7548,1,3.9216,29.4118,-0.1616,2290.7039,2285.7561,2288.23,0.0022,-0.0113,1.1614,2288.3359,-1,-584612,7325.25,0,1.0,-1,-2.0064,0.0,1
2026-05-29 13:21:00,2285.7,2286.3,2285.7,2286.3,7790,2287.0892,2288.1487,2290.3593,-1,-1.1864,-1.1419,-0.0445,-1,28.2963,17.0081,40.776,38.3829,0,15.6863,20.915,-0.0787,2290.4483,2285.6117,2288.03,0.0021,0.1423,1.1213,2288.0701,-1,-576822,6975.9,0,1.0,1,-1.9807,0.0263,0
2026-05-29 13:22:00,2286.9,2287.4,2284.5,2285.1,13128,2286.6914,2287.8715,2290.1531,-1,-1.2791,-1.1694,-0.1097,-1,29.7375,14.1859,40.8761,34.2775,1,10.3448,9.9842,-0.1267,2290.5089,2285.1511,2287.83,0.0023,-0.0095,1.2484,2287.6454,-1,-589950,6665.75,1,0.6207,-1,-2.0322,0.0,0
2026-05-29 13:23:00,2284.5,2285.6,2282.4,2282.9,12016,2285.9331,2287.4196,2289.8686,-1,-1.5127,-1.238,-0.2746,-1,31.7761,11.8495,44.9523,28.3011,1,7.1429,11.058,-0.2229,2290.7295,2284.2205,2287.475,0.0028,-0.2029,1.3878,2287.2453,-1,-601966,7061.35,1,0.5,-1,-2.1265,0.0,1
2026-05-29 13:24:00,2282.9,2284.6,2282.5,2284.5,11680,2285.6465,2287.1542,2289.6581,-1,-1.5508,-1.3006,-0.2502,-1,33.669,10.614,40.2654,36.9157,0,30.4348,15.9742,-0.118,2290.5853,2283.8647,2287.225,0.0029,0.0945,1.4387,2286.931,-1,-590286,7478.05,1,0.7619,1,-2.0579,0.0701,0
2026-05-29 13:25:00,2284.6,2284.6,2284.0,2284.3,5578,2285.3772,2286.8947,2289.448,-1,-1.5789,-1.3562,-0.2227,-1,35.4268,10.2841,39.0138,36.3281,0,29.6875,22.4217,-0.07,2290.6386,2283.4714,2287.055,0.0031,0.1156,1.3788,2286.7793,-1,-595864,7452.25,0,0.5,-1,-2.0665,0.0613,1
2026-05-29 13:26:00,2284.1,2284.8,2284.0,2284.7,7091,2285.2417,2286.6952,2289.2618,-1,-1.551,-1.3952,-0.1558,-1,36.8088,10.9129,37.3469,38.4386,0,37.7049,32.6091,-0.118,2290.5864,2283.1936,2286.89,0.0032,0.2038,1.3374,2286.645,-1,-588773,7620.4,0,0.75,1,-2.0493,0.0788,1
2026-05-29 13:27:00,2284.7,2286.2,2284.5,2285.8,13081,2285.3534,2286.6138,2289.126,-1,-1.4238,-1.4009,-0.0229,-1,36.5112,17.2759,34.0204,43.9414,0,60.7143,42.7022,-0.0656,2290.3884,2283.1116,2286.75,0.0032,0.3694,1.3633,2286.5,-1,-575692,8032.65,1,0.6471,1,-2.0021,0.127,0
2026-05-29 13:28:00,2285.4,2285.6,2284.4,2284.9,4609,2285.2627,2286.458,2288.9603,-1,-1.3797,-1.3967,0.017,1,36.2872,16.0111,32.0527,40.7332,0,44.6429,47.6874,-0.118,2289.9188,2283.0812,2286.5,0.003,0.266,1.3659,2286.2435,-1,-580301,7761.8,0,0.4167,-1,-2.0407,0.0876,0
2026-05-29 13:29:00,2284.9,2284.9,2284.3,2284.5,5330,2285.1102,2286.28,2288.7854,-1,-1.3613,-1.3896,0.0283,1,36.1344,15.4878,31.5499,39.3579,0,37.5,47.619,-0.1399,2289.5527,2282.9773,2286.265,0.0029,0.2316,1.3112,2286.0891,-1,-585631,7800.3,0,0.6667,-1,-2.0579,0.0701,1
2026-05-29 13:30:00,2284.9,2285.8,2284.6,2285.3,3932,2285.1481,2286.1909,2288.6487,-1,-1.2675,-1.3652,0.0976,1,35.0254,19.2961,29.3142,43.4691,0,51.7857,44.6429,-0.0175,2289.0368,2283.0832,2286.06,0.0026,0.3723,1.3104,2285.9735,-1,-581699,7769.75,0,0.3333,1,-2.0236,0.1051,0
2026-05-29 13:31:00,2285.7,2285.7,2285.1,2285.2,5011,2285.1585,2286.1008,2288.5135,-1,-1.1876,-1.3297,0.142,1,33.9957,18.6396,28.3169,43.076,0,50.0,46.4286,-0.0481,2288.7598,2283.0702,2285.915,0.0025,0.3743,1.2597,2285.7918,-1,-586710,7541.45,0,0.8333,-1,-2.0279,0.1007,0
2026-05-29 13:32:00,2285.3,2285.3,2284.6,2284.6,5041,2285.0468,2285.9644,2288.36,-1,-1.1594,-1.2956,0.1363,1,33.3857,17.8755,30.0842,40.6977,0,40.0,47.2619,-0.0219,2288.4752,2283.0148,2285.745,0.0024,0.2903,1.2197,2285.5833,-1,-591751,7204.6,0,1.0,-1,-2.0536,0.0745,0
2026-05-29 13:33:00,2284.0,2284.7,2284.0,2284.6,4753,2284.9574,2285.8404,2288.2125,-1,-1.124,-1.2613,0.1373,1,33.2087,17.1197,32.4363,40.6977,0,41.5094,43.8365,0.0745,2288.1408,2283.0092,2285.575,0.0022,0.31,1.1826,2285.4736,-1,-586998,7238.05,0,0.8571,1,-2.0536,0.0745,0
2026-05-29 13:34:00,2284.6,2284.7,2284.5,2284.6,3287,2284.886,2285.7276,2288.0709,-1,-1.0835,-1.2257,0.1423,1,33.0444,16.8998,32.0197,40.6977,0,44.0,41.8365,0.0044,2287.9305,2282.9595,2285.445,0.0022,0.33,1.1124,2285.3795,-1,-583711,7133.4,0,0.0,1,-2.0536,0.0745,1
2026-05-29 13:35:00,2284.5,2285.3,2284.4,2284.9,3783,2284.8888,2285.6524,2287.9465,-1,-1.0154,-1.1837,0.1682,1,32.1607,19.8156,30.1437,42.6742,0,50.0,45.1698,0.0263,2287.8821,2282.9079,2285.395,0.0022,0.4005,1.0972,2285.2827,-1,-579928,6655.5,0,0.4444,1,-2.0407,0.0876,0
2026-05-29 13:36:00,2284.4,2284.7,2283.3,2283.3,5960,2284.571,2285.4385,2287.7643,-1,-1.0782,-1.1626,0.0844,1,32.0978,17.8171,34.0374,35.8177,0,23.6842,39.2281,-0.0613,2287.6581,2282.7219,2285.19,0.0022,0.1171,1.1331,2285.1657,-1,-585888,6759.6,0,0.7857,-1,-2.1093,0.0175,1
2026-05-29 13:37:00,2283.9,2284.3,2283.9,2284.2,6561,2284.4968,2285.3259,2287.6245,-1,-1.0433,-1.1387,0.0954,1,32.0394,16.6845,31.8737,41.5105,0,45.9459,39.8767,-0.07,2287.3374,2282.7326,2285.035,0.002,0.3187,1.1236,2285.0432,-1,-579327,6856.6,0,0.75,1,-2.0707,0.0569,1
2026-05-29 13:38:00,2284.1,2284.3,2284.1,2284.3,6165,2284.4574,2285.2327,2287.4942,-1,-0.9961,-1.1102,0.1141,1,31.9852,16.4591,31.4432,42.1247,0,34.4828,34.7043,-0.0263,2286.8661,2282.8739,2284.87,0.0017,0.3572,1.0577,2284.8975,-1,-573162,6870.95,0,1.0,1,-2.0665,0.0613,1
2026-05-29 13:39:00,2284.9,2284.9,2284.7,2284.8,6617,2284.526,2285.1933,2287.3885,-1,-0.9079,-1.0697,0.1619,1,31.152,19.9522,30.1284,45.2223,0,51.7241,44.0509,0.0131,2286.2414,2283.2086,2284.725,0.0013,0.5247,1.025,2284.8204,-1,-566545,7022.2,0,0.5,-1,-2.045,0.0832,1
2026-05-29 13:40:00,2284.7,2285.7,2284.7,2285.6,5269,2284.7408,2285.2303,2287.3184,-1,-0.7646,-1.0087,0.2441,1,29.4582,24.1442,28.0252,49.8475,0,79.3103,55.1724,0.0131,2286.2241,2283.2159,2284.72,0.0013,0.7925,1.0232,2284.738,1,-561276,6834.1,0,0.9,1,-2.0107,0.1183,1
2026-05-29 13:41:00,2285.5,2286.4,2285.5,2286.4,9759,2285.0726,2285.3366,2287.2824,-1,-0.5798,-0.9229,0.3431,1,27.5259,27.5431,26.2491,54.0277,0,100.0,77.0115,0.0525,2286.2506,2283.1994,2284.725,0.0013,1.049,1.0144,2284.7574,1,-551517,6932.55,0,1.0,1,-1.9764,0.1533,0
2026-05-29 13:42:00,2286.3,2287.8,2286.1,2286.3,13440,2285.3181,2285.4242,2287.2438,-1,-0.4364,-0.8256,0.3892,1,26.8806,33.8021,23.2516,53.4282,0,66.6667,81.9923,0.0744,2286.4527,2283.1173,2284.785,0.0015,0.9542,1.0634,2284.8626,1,-564957,6948.15,1,0.0,1,-1.9807,0.1489,0
2026-05-29 13:43:00,2286.3,2286.3,2285.5,2285.8,6623,2285.4145,2285.4584,2287.1872,-1,-0.3589,-0.7323,0.3733,1,25.6831,31.9529,26.0826,50.416,0,55.5556,74.0741,0.0525,2286.4107,2283.4493,2284.93,0.0013,0.7938,1.0445,2285.0229,1,-571580,6678.5,0,0.625,-1,-2.0021,0.127,0
2026-05-29 13:44:00,2284.8,2284.9,2284.5,2284.9,5232,2285.3116,2285.4076,2287.0975,-1,-0.366,-0.659,0.2931,1,24.0117,29.1611,30.5245,45.449,0,35.5556,52.5926,0.0131,2286.4177,2283.4823,2284.95,0.0013,0.483,1.0628,2285.1186,-1,-576812,6356.1,0,0.25,1,-2.0407,0.0876,1
2026-05-29 13:45:00,2284.9,2285.6,2284.0,2285.6,14225,2285.3693,2285.4251,2287.0388,-1,-0.3114,-0.5895,0.278,1,22.7051,30.6753,27.3565,49.6075,0,51.1111,47.4074,0.0306,2286.4769,2283.5531,2285.015,0.0013,0.7001,1.1012,2285.1468,1,-562587,6788.45,1,0.4375,1,-2.0107,0.1183,0
2026-05-29 13:46:00,2285.4,2285.4,2284.6,2285.3,2829,2285.3554,2285.4137,2286.9706,-1,-0.2891,-0.5294,0.2403,1,21.4918,28.6723,25.5703,47.9215,0,44.4444,43.7037,0.0876,2286.5044,2283.5856,2285.045,0.0013,0.5874,1.0939,2285.1807,1,-565416,6575.35,0,0.125,-1,-2.0236,0.1051,0
2026-05-29 13:47:00,2285.2,2285.3,2285.0,2285.2,5511,2285.3243,2285.3943,2286.9012,-1,-0.2763,-0.4788,0.2025,1,20.3652,28.08,25.042,47.3438,0,42.2222,45.9259,0.0438,2286.4352,2283.5948,2285.015,0.0012,0.5651,1.0372,2285.1464,1,-570927,6196.85,0,0.0,1,-2.0279,0.1007,0
2026-05-29 13:48:00,2285.2,2285.2,2284.9,2284.9,5552,2285.2395,2285.3494,2286.8227,-1,-0.2871,-0.4405,0.1534,1,19.215,27.4688,25.2225,45.5693,0,35.5556,40.7407,0.0263,2286.4352,2283.5948,2285.015,0.0012,0.4595,0.9846,2285.1465,-1,-576479,6244.0,0,1.0,-1,-2.0407,0.0876,0
2026-05-29 13:49:00,2285.2,2285.2,2283.0,2283.0,6282,2284.7916,2285.1358,2286.6728,-1,-0.4438,-0.4411,-0.0027,-1,19.1749,23.4399,34.1902,36.2913,0,0.0,25.9259,-0.0788,2286.5994,2283.2806,2284.94,0.0015,-0.0845,1.0714,2285.1005,-1,-582761,6291.6,0,1.0,-1,-2.1222,0.0044,0
2026-05-29 13:50:00,2282.9,2282.9,2282.0,2282.6,15902,2284.3533,2284.9053,2286.5131,-1,-0.5934,-0.4716,-0.1218,-1,19.7814,21.8697,38.5987,34.69,1,10.3448,15.3001,-0.1313,2286.7415,2282.8685,2284.805,0.0017,-0.0693,1.0663,2284.7966,-1,-598663,6890.1,1,0.3333,-1,-2.1393,0.0,0
2026-05-29 13:51:00,2282.6,2282.6,2281.1,2281.1,8777,2283.7026,2284.5593,2286.3008,-1,-0.8236,-0.542,-0.2816,-1,20.8456,19.7342,40.6884,29.4434,1,0.0,3.4483,-0.2318,2287.1092,2282.0908,2284.6,0.0022,-0.1974,1.0973,2284.5794,-1,-607440,7078.4,0,1.0,-1,-2.2036,0.0,0
2026-05-29 13:52:00,2280.5,2280.9,2280.0,2280.6,41991,2283.0821,2284.1994,2286.0772,-1,-1.0344,-0.6405,-0.3939,-1,22.3618,18.3214,44.9347,27.9272,1,7.6923,6.0124,-0.2493,2287.4555,2281.3445,2284.4,0.0027,-0.1218,1.0975,2283.6127,-1,-649431,8925.9,1,0.1111,1,-2.2251,0.0,1
2026-05-29 13:53:00,2280.6,2282.4,2280.3,2282.4,6840,2282.9457,2284.0358,2285.933,-1,-1.0441,-0.7212,-0.3229,-1,22.3234,25.1354,39.1693,39.9216,0,30.7692,12.8205,-0.1487,2287.4648,2281.1152,2284.29,0.0028,0.2023,1.1691,2283.5187,-1,-642591,9030.25,0,0.8571,1,-2.1479,0.0789,0
2026-05-29 13:54:00,2282.0,2282.0,2280.3,2281.4,6939,2282.6365,2283.7962,2285.7553,-1,-1.1197,-0.8009,-0.3188,-1,22.2877,22.0839,34.4141,36.3067,0,17.9487,18.8034,-0.1532,2287.54,2280.72,2284.13,0.003,0.0997,1.2356,2283.4133,-1,-649530,9212.85,0,0.3529,-1,-2.1908,0.0351,0
2026-05-29 13:55:00,2281.4,2281.4,2280.8,2280.8,2289,2282.2692,2283.5238,2285.5609,-1,-1.214,-0.8835,-0.3305,-1,22.2546,21.2887,33.1749,34.2998,1,10.2564,19.6581,-0.21,2287.6073,2280.2427,2283.925,0.0032,0.0757,1.1902,2283.353,-1,-651819,9138.15,0,1.0,-1,-2.2165,0.0088,1
2026-05-29 13:56:00,2280.9,2281.8,2280.9,2281.5,3422,2282.1154,2283.3398,2285.4017,-1,-1.2182,-0.9504,-0.2677,-1,21.8295,22.4246,31.1609,38.5663,0,23.8095,17.3382,-0.1663,2287.6593,2280.0107,2283.835,0.0033,0.1947,1.1766,2283.3022,-1,-648397,9011.25,0,0.6667,1,-2.1865,0.0395,1
2026-05-29 13:57:00,2281.5,2282.7,2281.5,2282.6,6548,2282.2123,2283.2726,2285.2918,-1,-1.1198,-0.9843,-0.1355,-1,20.6128,26.2493,28.894,44.6492,0,46.4286,26.8315,-0.1138,2287.6122,2279.8978,2283.755,0.0034,0.3503,1.1783,2283.2344,-1,-641849,9010.6,0,0.9167,1,-2.1393,0.0877,1
2026-05-29 13:58:00,2283.0,2283.0,2282.4,2283.0,5076,2282.3698,2283.2478,2285.2019,-1,-0.9981,-0.9871,-0.011,-1,19.2263,27.1446,27.8049,46.7154,0,53.5714,41.2698,-0.0832,2287.5521,2279.8279,2283.69,0.0034,0.4107,1.137,2283.1877,-1,-636773,8956.15,0,0.0,1,-2.1222,0.1052,1
2026-05-29 13:59:00,2282.9,2283.8,2282.7,2283.8,4597,2282.6559,2283.298,2285.147,-1,-0.8275,-0.9552,0.1276,1,18.4153,30.302,25.8789,50.6806,0,70.3704,56.7901,0.035,2287.469,2279.811,2283.64,0.0034,0.5209,1.1343,2283.1338,1,-632176,8855.15,0,0.8182,1,-2.0879,0.1403,0
2026-05-29 14:00:00,2282.9,2282.9,2281.2,2281.5,6874,2282.4247,2283.1345,2285.0039,-1,-0.868,-0.9377,0.0698,1,17.7188,25.76,30.6474,41.1902,0,28.3019,50.7479,-0.0482,2287.2614,2279.6086,2283.435,0.0034,0.2471,1.239,2283.0202,-1,-639050,8935.4,0,0.8235,-1,-2.1865,0.0395,1
2026-05-29 14:01:00,2281.4,2282.0,2281.4,2281.8,6706,2282.2998,2283.0132,2284.8783,-1,-0.8658,-0.9233,0.0575,1,17.0721,24.8349,29.5468,42.6975,0,34.6154,44.4292,0.0307,2286.839,2279.571,2283.205,0.0032,0.3067,1.1934,2282.8,-1,-632344,8782.75,0,0.6667,1,-2.1736,0.0526,1
2026-05-29 14:02:00,2281.7,2282.8,2281.6,2282.2,11815,2282.2798,2282.9393,2284.7733,-1,-0.8223,-0.9031,0.0808,1,15.906,27.8383,27.4254,44.7315,0,42.3077,35.075,0.0702,2286.3651,2279.6349,2283.0,0.0029,0.3811,1.1938,2282.4555,-1,-620529,8701.5,0,0.4167,1,-2.1565,0.0702,1
2026-05-29 14:03:00,2282.2,2283.2,2282.1,2282.9,5358,2282.4038,2282.9357,2284.6998,-1,-0.7231,-0.8671,0.1441,1,15.1392,28.4026,25.6102,48.1969,0,76.3158,51.0796,0.0219,2285.9653,2279.7447,2282.855,0.0027,0.5072,1.1871,2282.3333,1,-615171,8638.25,0,0.6364,1,-2.1265,0.1009,0
2026-05-29 14:04:00,2282.8,2282.9,2280.7,2280.7,8198,2282.0631,2282.7325,2284.5429,-1,-0.8126,-0.8562,0.0437,1,14.7688,24.8589,30.3546,39.7592,0,18.4211,45.6815,-0.0307,2285.7418,2279.5482,2282.645,0.0027,0.186,1.2595,2282.2189,-1,-623369,8786.55,0,0.9545,-1,-2.2208,0.0044,0
2026-05-29 14:05:00,2280.9,2280.9,2280.1,2280.1,4881,2281.6705,2282.4932,2284.3687,-1,-0.9213,-0.8692,-0.052,-1,14.8252,23.7008,32.4344,37.8149,0,2.6316,32.4561,-0.0307,2285.3426,2279.3974,2282.37,0.0026,0.1182,1.2267,2281.9211,-1,-628250,8319.35,0,1.0,-1,-2.2465,0.0,1
2026-05-29 14:06:00,2280.3,2282.8,2280.2,2281.0,10528,2281.5364,2282.3574,2284.2366,-1,-0.9241,-0.8802,-0.0439,-1,14.1001,30.4585,27.738,42.3677,0,24.3243,15.1257,-0.0219,2284.8587,2279.4513,2282.155,0.0024,0.2864,1.3319,2281.8339,-1,-617722,8704.3,0,0.2692,1,-2.2079,0.0395,1
2026-05-29 14:07:00,2281.1,2282.2,2281.1,2281.5,4204,2281.5291,2282.2795,2284.1293,-1,-0.876,-0.8794,0.0034,1,13.4269,28.4844,25.9402,44.7862,0,37.8378,21.5979,-0.0482,2284.2947,2279.6453,2281.97,0.002,0.3989,1.3225,2281.7219,-1,-613518,8638.95,0,0.3636,1,-2.1865,0.0614,1
2026-05-29 14:08:00,2281.6,2282.5,2281.6,2282.3,10079,2281.6833,2282.2813,2284.0576,-1,-0.7645,-0.8564,0.0919,1,13.0133,28.5677,24.5143,48.5095,0,59.4595,40.5405,-0.0307,2283.7483,2279.9317,2281.84,0.0017,0.6205,1.2994,2281.6426,1,-603439,8865.3,0,0.7778,1,-2.1522,0.0965,1
2026-05-29 14:09:00,2282.4,2283.0,2282.2,2282.8,5581,2281.9066,2282.3285,2284.0082,-1,-0.6285,-0.8108,0.1823,1,12.9776,30.102,23.4058,50.745,0,72.973,56.7568,-0.0438,2283.7158,2279.9442,2281.83,0.0017,0.7572,1.2638,2281.6006,1,-597858,8830.25,0,0.5,1,-2.1308,0.1184,1
2026-05-29 14:10:00,2282.8,2283.1,2282.1,2283.0,7063,2282.1253,2282.3895,2283.9687,-1,-0.4988,-0.7484,0.2496,1,12.9445,28.3749,22.0629,51.6493,0,78.3784,70.2703,0.0657,2283.7761,2279.9239,2281.85,0.0017,0.7985,1.2449,2281.5631,1,-590795,8388.3,0,0.2,1,-2.1222,0.1272,1
2026-05-29 14:11:00,2283.0,2283.5,2282.5,2283.5,3740,2282.4002,2282.4905,2283.9503,-1,-0.3517,-0.6691,0.3174,1,13.2057,29.0514,20.779,53.9267,0,91.8919,81.0811,0.0745,2283.991,2279.949,2281.97,0.0018,0.8785,1.2274,2281.5979,1,-587055,8136.45,0,0.5,1,-2.1008,0.1491,1
2026-05-29 14:12:00,2283.2,2284.2,2282.8,2284.2,7507,2282.7602,2282.6459,2283.9601,1,-0.1765,-0.5705,0.394,1,13.9303,30.7411,19.1029,56.9816,0,100.0,90.0901,0.0876,2284.2887,2280.0113,2282.15,0.0019,0.9793,1.2398,2282.0824,1,-579548,6412.25,0,0.7143,1,-2.0707,0.1798,1
2026-05-29 14:13:00,2284.2,2284.7,2284.1,2284.7,6535,2283.1482,2282.8326,2283.9891,1,0.0026,-0.4559,0.4585,1,14.9238,32.6287,18.4173,59.0692,0,100.0,97.2973,0.0788,2284.6752,2279.8548,2282.265,0.0021,1.0051,1.1941,2282.2264,1,-573013,6397.0,0,0.8333,1,-2.0493,0.2017,0
2026-05-29 14:14:00,2284.7,2284.8,2283.9,2283.9,11205,2283.2985,2282.9297,2283.9856,1,0.0791,-0.3489,0.428,1,15.6216,30.8406,18.6258,54.5111,0,80.8511,93.617,0.1403,2284.8662,2279.9138,2282.39,0.0022,0.8049,1.1731,2282.4458,1,-584218,6610.3,1,0.8889,-1,-2.0836,0.1667,0
2026-05-29 14:15:00,2283.6,2283.6,2282.3,2282.9,9128,2283.2188,2282.927,2283.9431,1,0.0583,-0.2675,0.3258,1,14.7111,27.9121,26.3529,49.3814,0,59.5745,80.1418,0.1228,2284.8686,2280.1214,2282.495,0.0021,0.5853,1.2036,2282.5016,1,-593346,6952.25,0,0.5385,-1,-2.0929,0.1228,0
2026-05-29 14:16:00,2282.8,2282.9,2282.0,2282.8,6034,2283.1351,2282.9154,2283.8982,1,0.0334,-0.2073,0.2407,1,13.7058,26.3939,26.7325,48.886,0,57.4468,65.9574,0.0789,2284.8919,2280.2281,2282.56,0.002,0.5515,1.1819,2282.5309,1,-599380,7082.85,0,0.0,1,-2.0215,0.1184,0
2026-05-29 14:17:00,2282.7,2282.7,2282.0,2282.0,3953,2282.908,2282.8322,2283.8238,1,-0.0503,-0.1759,0.1256,1,12.7724,25.0876,25.4095,44.9968,0,40.4255,52.4823,0.0219,2284.8744,2280.1856,2282.53,0.0021,0.387,1.1546,2282.5349,-1,-603333,6953.1,0,1.0,-1,-2.0475,0.0833,1
2026-05-29 14:18:00,2282.1,2282.7,2282.1,2282.7,6444,2282.8664,2282.8202,2283.7797,1,-0.0595,-0.1526,0.0932,1,11.9056,23.9697,24.2773,48.8327,0,55.3191,51.0638,0.0175,2284.851,2280.179,2282.515,0.002,0.5396,1.1221,2282.5237,1,-596889,7021.5,0,1.0,1,-2.0174,0.114,0
2026-05-29 14:19:00,2282.7,2282.8,2281.7,2281.7,8303,2282.6331,2282.7184,2283.6982,-1,-0.1457,-0.1512,0.0055,1,11.4824,22.289,25.1248,44.101,0,32.6087,42.7845,-0.0482,2284.6938,2280.1262,2282.41,0.002,0.3446,1.1205,2282.4684,-1,-605192,7206.8,0,0.9091,-1,-1.9846,0.0702,0
2026-05-29 14:20:00,2281.7,2282.6,2281.6,2281.6,6784,2282.4265,2282.6167,2283.6159,-1,-0.2196,-0.1649,-0.0547,-1,11.1853,20.8572,24.1532,43.6456,0,13.5135,33.8138,-0.0613,2284.6912,2280.1388,2282.415,0.002,0.321,1.1119,2282.4719,-1,-611976,7202.3,0,0.1,-1,-1.9384,0.0658,1
2026-05-29 14:21:00,2281.7,2283.9,2281.7,2283.1,8333,2282.5612,2282.6606,2283.5957,-1,-0.1554,-0.163,0.0076,1,11.1399,25.7529,20.8377,51.7027,0,46.875,30.9991,-0.0175,2284.7565,2280.2035,2282.48,0.002,0.6362,1.1968,2282.5304,1,-603643,7283.65,0,0.6364,1,-1.8739,0.1316,0
2026-05-29 14:22:00,2283.1,2283.9,2282.6,2282.9,7027,2282.629,2282.6824,2283.5684,-1,-0.1192,-0.1543,0.035,1,11.0977,23.767,19.2308,50.6626,0,40.625,33.6712,-0.0569,2284.7947,2280.2353,2282.515,0.002,0.5844,1.2042,2282.5882,1,-610670,7044.25,0,0.1538,-1,-1.7854,0.1228,1
2026-05-29 14:23:00,2283.0,2284.9,2283.0,2284.6,7401,2283.0232,2282.8567,2283.6088,1,0.0461,-0.1142,0.1603,1,11.8851,26.7389,17.0522,58.3349,0,90.9091,59.4697,-0.0044,2285.0511,2280.1489,2282.6,0.0021,0.908,1.261,2282.6645,1,-603269,7146.4,0,0.8421,1,-1.6869,0.1974,0
2026-05-29 14:24:00,2284.6,2284.6,2283.4,2283.4,10207,2283.0985,2282.9061,2283.6006,1,0.0793,-0.0755,0.1548,1,12.6162,24.9151,15.8891,52.1679,0,54.5455,62.0265,-0.0219,2285.0461,2280.4239,2282.735,0.002,0.6439,1.2567,2282.8141,1,-613476,7246.85,0,1.0,-1,-1.7385,0.1447,0
2026-05-29 14:25:00,2283.5,2284.4,2282.8,2283.0,11343,2283.0788,2282.9146,2283.5771,1,0.0726,-0.0459,0.1184,1,12.5747,22.6926,17.8169,50.2606,0,42.4242,62.6263,0.0044,2284.8504,2280.9096,2282.88,0.0017,0.5305,1.2812,2282.9369,1,-624819,7569.95,0,0.3125,-1,-1.7557,0.1272,0
2026-05-29 14:26:00,2283.1,2283.1,2281.8,2281.9,10121,2282.8431,2282.8224,2283.5113,1,-0.0213,-0.041,0.0197,1,11.8498,21.0496,22.0963,45.3501,0,9.0909,35.3535,-0.0394,2284.7579,2281.0921,2282.925,0.0016,0.2204,1.2825,2283.0038,-1,-634940,7549.6,0,0.9231,-1,-1.8031,0.0789,1
2026-05-29 14:27:00,2281.8,2283.8,2281.7,2282.7,11338,2282.8145,2282.8113,2283.4795,1,-0.0308,-0.0389,0.0081,1,11.4789,22.4237,19.6245,49.2347,0,33.3333,28.2828,0.0307,2284.7023,2281.2677,2282.985,0.0015,0.417,1.3409,2283.0217,-1,-623602,7906.3,0,0.4286,1,-1.7687,0.114,0
2026-05-29 14:28:00,2282.7,2283.8,2282.0,2282.1,5947,2282.6716,2282.7466,2283.4254,-1,-0.0857,-0.0483,-0.0374,-1,11.1345,20.325,17.7877,46.5615,0,15.1515,19.1919,-0.0263,2284.7104,2281.2396,2282.975,0.0015,0.2479,1.3737,2283.0648,-1,-629549,7699.7,0,0.3333,-1,-1.7945,0.0877,1
2026-05-29 14:29:00,2282.1,2283.9,2282.0,2283.9,8096,2282.9173,2282.8515,2283.444,1,0.0158,-0.0355,0.0513,1,10.9112,18.8766,16.0772,54.5364,0,69.697,39.3939,0.0964,2284.8089,2281.2511,2283.03,0.0016,0.7445,1.4113,2283.0895,1,-621453,7825.45,0,0.9474,1,-1.717,0.1667,1
2026-05-29 14:30:00,2282.8,2284.4,2282.8,2284.0,11586,2283.1338,2282.9559,2283.4658,1,0.1031,-0.0078,0.1109,1,11.1792,19.8691,14.7876,54.9388,0,72.7273,52.5253,0.1052,2284.9082,2281.2518,2283.08,0.0016,0.7516,1.4248,2283.1514,1,-609867,8051.6,0,0.75,1,-1.6408,0.171,1
2026-05-29 14:31:00,2283.9,2286.4,2283.6,2286.4,9394,2283.787,2283.269,2283.5809,1,0.3618,0.0662,0.2957,1,12.876,26.6398,12.8457,63.3269,0,100.0,80.8081,0.1445,2285.5547,2280.8953,2283.225,0.002,1.1814,1.523,2283.2816,1,-600473,8334.3,0,0.8929,1,-1.427,0.2763,1
2026-05-29 14:32:00,2287.7,2290.8,2287.7,2288.9,36051,2284.8096,2283.7809,2283.7895,1,0.7598,0.2049,0.5549,1,16.1253,39.9785,10.51,69.6622,-1,79.3478,84.025,0.2628,2286.8449,2280.0751,2283.46,0.003,1.3036,1.7285,2284.3448,1,-564422,9761.5,1,0.3871,1,-1.2639,0.3859,1
2026-05-29 14:33:00,2289.0,2292.3,2288.4,2291.9,27589,2286.2277,2284.519,2284.1075,1,1.3023,0.4244,0.8779,1,19.4898,39.7542,8.9557,75.1989,-1,96.2617,91.8698,0.3195,2288.8078,2278.8322,2283.82,0.0044,1.31,1.8836,2285.172,1,-536833,10814.2,1,0.7436,1,-1.1345,0.5175,1
2026-05-29 14:34:00,2292.0,2294.7,2292.0,2293.6,12957,2287.7022,2285.3445,2284.4798,1,1.8481,0.7091,1.139,1,23.054,44.4703,8.0367,77.6842,-1,91.5385,89.0493,0.4467,2290.8675,2277.7425,2284.305,0.0057,1.2082,1.9491,2285.7129,1,-523876,10901.8,0,0.5926,1,-1.0612,0.5921,1
2026-05-29 14:35:00,2293.6,2296.0,2293.5,2295.6,15612,2289.2817,2286.2769,2284.9159,1,2.4142,1.0501,1.3641,1,26.5582,45.1465,7.315,80.1984,-1,97.2028,95.001,0.5519,2293.0993,2276.7807,2284.94,0.0071,1.1532,1.9884,2286.474,1,-508264,11226.0,0,0.8,1,-0.9108,0.6798,0
2026-05-29 14:36:00,2295.6,2295.7,2294.3,2294.3,7748,2290.2854,2287.0062,2285.2839,1,2.7265,1.3854,1.3411,1,29.8121,42.827,6.9392,74.336,-1,88.1119,92.2844,0.5434,2294.5625,2276.4675,2285.515,0.0079,0.9855,1.9464,2286.8622,1,-516012,11311.7,0,0.9286,-1,-0.9327,0.6228,1
2026-05-29 14:37:00,2294.8,2295.5,2294.0,2294.4,9002,2291.1083,2287.6784,2285.6414,1,2.9481,1.6979,1.2501,1,32.5475,40.4302,7.6701,74.4905,-1,88.8112,91.3753,0.5126,2295.8116,2276.4584,2286.135,0.0085,0.9271,1.9145,2287.2438,1,-507010,11564.15,0,0.2667,-1,-0.9284,0.6272,0
2026-05-29 14:38:00,2294.4,2294.5,2292.1,2292.8,7599,2291.4466,2288.144,2285.9221,1,2.9605,1.9504,1.01,1,33.4428,36.8745,13.9581,67.4908,-1,77.6224,84.8485,0.4689,2296.597,2276.683,2286.64,0.0087,0.8093,1.9492,2287.5679,1,-514609,11621.9,0,0.6667,-1,-0.9975,0.557,0
2026-05-29 14:39:00,2292.7,2292.8,2292.4,2292.8,4313,2291.7173,2288.5673,2286.1918,1,2.9364,2.1476,0.7888,1,34.2742,36.3014,13.7412,67.4908,-1,77.6224,81.352,0.3897,2297.2258,2277.1642,2287.195,0.0088,0.7794,1.8385,2287.8641,1,-510296,11422.4,0,0.25,1,-0.9975,0.557,0
2026-05-29 14:40:00,2292.9,2293.2,2291.2,2291.7,9948,2291.7139,2288.8521,2286.4078,1,2.7964,2.2774,0.519,1,34.1013,33.4983,17.3132,62.7867,0,69.9301,75.0583,0.3371,2297.5689,2277.8311,2287.7,0.0086,0.7027,1.8501,2288.2169,1,-520244,11580.6,0,0.6,-1,-1.045,0.5087,0
2026-05-29 14:41:00,2291.8,2291.8,2291.0,2291.0,7086,2291.5711,2289.0473,2286.5879,1,2.5989,2.3417,0.2572,1,33.789,32.4199,17.5607,59.9242,0,64.2857,70.6127,0.2012,2297.8273,2278.3627,2288.095,0.0085,0.6492,1.7751,2288.503,1,-527330,11518.25,0,1.0,-1,-1.0752,0.478,1
2026-05-29 14:42:00,2290.4,2291.8,2290.4,2291.5,10635,2291.5569,2289.2703,2286.7805,1,2.4545,2.3643,0.0903,1,33.0409,30.5655,19.0076,61.282,0,67.8571,67.3576,0.1136,2298.0591,2278.9909,2288.525,0.0083,0.656,1.7483,2288.7884,1,-516695,11698.65,0,0.7857,1,-1.0536,0.5,1
2026-05-29 14:43:00,2291.4,2292.4,2291.3,2292.4,6241,2291.7255,2289.5548,2287.0009,1,2.3852,2.3684,0.0168,1,32.6231,31.6726,18.1301,63.6682,0,72.7273,68.29,0.0218,2298.4131,2279.4169,2288.915,0.0083,0.6835,1.702,2289.0223,1,-510454,11640.65,0,0.9091,1,-1.0147,0.5395,1
2026-05-29 14:44:00,2292.1,2293.8,2292.1,2293.3,16677,2292.0404,2289.8953,2287.2479,1,2.3755,2.3699,0.0056,1,32.8215,35.2887,16.8365,65.9294,-1,78.2258,72.9367,-0.0131,2298.7371,2280.0829,2289.41,0.0081,0.7085,1.7018,2289.5269,1,-493777,11964.15,0,0.7059,1,-0.9759,0.5789,0
2026-05-29 14:45:00,2293.3,2293.3,2291.5,2293.0,28326,2292.2323,2290.1775,2287.4735,1,2.3169,2.3593,-0.0424,-1,32.5273,32.6336,18.0777,64.4886,0,63.8554,71.6028,-0.1133,2298.8741,2280.9459,2289.91,0.0078,0.6724,1.7088,2290.1378,1,-522103,12813.3,1,0.1667,-1,-0.9888,0.5658,1
2026-05-29 14:46:00,2293.1,2293.6,2293.0,2293.6,7005,2292.5059,2290.4887,2287.7138,1,2.2925,2.3459,-0.0535,-1,32.3863,33.0903,17.6023,66.085,-1,68.4211,70.1674,-0.0305,2298.7943,2282.1957,2290.495,0.0072,0.6871,1.6296,2290.5428,1,-515098,12657.5,0,0.8333,1,-0.9629,0.5921,0
2026-05-29 14:47:00,2293.5,2293.7,2293.5,2293.5,4695,2292.7047,2290.7624,2287.9407,1,2.2392,2.3246,-0.0854,-1,32.3011,33.2485,17.4377,65.556,-1,55.3571,62.5445,-0.0392,2298.609,2283.461,2291.035,0.0066,0.6627,1.5275,2290.9595,1,-519793,12325.35,0,0.0,1,-0.9672,0.5877,0
2026-05-29 14:48:00,2293.5,2293.8,2293.4,2293.5,8725,2292.8637,2291.0113,2288.1587,1,2.1719,2.294,-0.1221,-1,32.2703,33.0856,17.0933,65.556,-1,55.3571,59.7118,0.0305,2298.0326,2285.1774,2291.605,0.0056,0.6474,1.447,2291.2494,1,-511068,12464.25,0,0.0,1,-0.903,0.5877,0
2026-05-29 14:49:00,2293.5,2293.5,2293.0,2293.5,5053,2292.991,2291.2375,2288.3682,1,2.0945,2.2541,-0.1596,-1,31.8588,32.2289,18.7221,65.556,-1,58.4906,56.4016,0.0305,2297.4921,2286.6779,2292.085,0.0047,0.6308,1.3793,2291.5546,1,-506015,12312.1,0,0.0,1,-0.8173,0.5877,1
2026-05-29 14:50:00,2295.5,2295.7,2294.0,2294.3,22430,2293.2528,2291.5159,2288.6008,1,2.0738,2.2181,-0.1443,-1,32.4954,39.6351,16.6762,68.1067,-1,73.5849,62.4775,0.1135,2296.6105,2288.5895,2292.6,0.0035,0.7119,1.438,2292.1786,1,-483585,12854.3,1,0.7059,-1,-0.757,0.6228,1
2026-05-29 14:51:00,2294.1,2295.7,2293.6,2295.7,25426,2293.7422,2291.8963,2288.8792,1,2.1456,2.2036,-0.058,-1,32.7185,35.6322,16.9157,72.0126,-1,100.0,77.3585,0.2052,2296.1396,2289.9904,2293.065,0.0027,0.9285,1.4852,2292.6722,1,-458159,13655.9,1,0.7619,1,-0.6964,0.6842,0
2026-05-29 14:52:00,2295.6,2295.7,2295.1,2295.2,5753,2294.0338,2292.1966,2289.1271,1,2.1375,2.1904,-0.0528,-1,32.9256,34.5583,16.4058,68.7732,-1,90.566,88.0503,0.1615,2295.9292,2290.8308,2293.38,0.0022,0.857,1.422,2293.2606,1,-463912,12141.0,0,0.6667,-1,-0.7181,0.6623,1
2026-05-29 14:53:00,2294.7,2296.4,2294.7,2296.2,12502,2294.467,2292.5606,2289.4044,1,2.1866,2.1896,-0.003,-1,33.436,35.1157,15.0242,71.5315,-1,96.6667,95.7442,0.1658,2296.3274,2290.8626,2293.595,0.0024,0.9767,1.4419,2293.6882,1,-451410,11386.65,0,0.8824,1,-0.6748,0.7061,1
2026-05-29 14:54:00,2296.3,2297.7,2296.0,2297.7,11843,2295.1136,2293.0278,2289.7297,1,2.3198,2.2157,0.1042,1,34.4301,38.5544,13.7749,75.0864,-1,100.0,95.7442,0.1919,2297.0662,2290.5338,2293.8,0.0028,1.097,1.4603,2293.8828,1,-439567,11330.95,0,0.8235,1,-0.6099,0.7719,0
2026-05-29 14:55:00,2297.4,2298.1,2297.0,2297.0,20640,2295.4909,2293.3889,2290.0148,1,2.3419,2.2409,0.101,1,35.4987,38.4345,13.0205,70.6525,-1,85.7143,94.127,0.1744,2297.3411,2290.3989,2293.87,0.003,0.9509,1.4346,2294.1157,1,-460207,11582.35,1,0.3636,-1,-0.6402,0.7412,1
2026-05-29 14:56:00,2297.0,2298.2,2296.8,2298.1,15612,2296.0127,2293.8172,2290.3319,1,2.4203,2.2768,0.1435,1,36.2731,35.7507,13.1088,73.3188,-1,98.5507,94.755,0.1962,2297.9901,2290.1299,2294.06,0.0034,1.014,1.4321,2294.3283,1,-444595,11975.55,0,0.7857,1,-0.5926,0.7894,0
2026-05-29 14:57:00,2297.9,2298.1,2297.3,2297.5,12861,2296.3102,2294.152,2290.613,1,2.4062,2.3027,0.1035,1,36.9922,34.2777,12.5687,69.6042,-1,89.5522,91.2724,0.1744,2298.4213,2290.0087,2294.215,0.0037,0.8905,1.387,2294.4916,1,-457456,12168.5,0,0.5,-1,-0.6186,0.7631,0
2026-05-29 14:58:00,2297.5,2298.1,2297.5,2297.5,17277,2296.5481,2294.4564,2290.8831,1,2.3678,2.3157,0.0521,1,37.66,33.1738,12.1639,69.6042,-1,89.5522,92.5517,0.1744,2298.8352,2290.0648,2294.45,0.0038,0.8478,1.3307,2294.7515,1,-440179,12652.4,0,0.0,1,-0.6186,0.7631,0
2026-05-29 14:59:00,2295.0,2297.5,2295.0,2297.5,30310,2296.7385,2294.7331,2291.1426,1,2.3107,2.3147,-0.004,-1,35.7535,28.9851,23.2546,69.6042,-1,86.5385,88.5476,0.1744,2299.1933,2290.1767,2294.685,0.0039,0.8122,1.4143,2294.9917,1,-409869,13952.25,1,1.0,1,-0.6186,0.7631,0
2026-05-29 15:00:00,2295.0,2298.4,2292.8,2294.5,783932,2296.2908,2294.7119,2291.2742,1,2.0003,2.2518,-0.2515,-1,33.8934,22.2178,26.9974,52.8751,0,30.3571,68.8159,0.0087,2299.1228,2290.5272,2294.825,0.0037,0.4622,1.7132,2295.1995,-1,-1193801,52651.45,1,0.0893,-1,-0.7483,0.6316,0
2026-05-29 15:01:00,2294.0,2294.0,2285.6,2286.1,329411,2294.2526,2293.929,2291.0713,1,1.0642,2.0143,-0.95,-1,34.7229,15.8744,42.3869,30.6569,1,3.9062,40.2673,-0.4182,2300.1054,2289.0546,2294.58,0.0048,-0.2674,2.2266,2293.6312,-1,-1523212,68767.7,1,0.9405,-1,-1.1117,0.2631,0
2026-05-29 15:02:00,2286.1,2286.1,2276.9,2276.9,356425,2290.7821,2292.3809,2290.5156,-1,-0.4152,1.5284,-1.9436,-1,36.8178,12.0458,54.9714,20.4978,1,0.0,11.4211,-0.7973,2303.2849,2284.4151,2293.85,0.0082,-0.3983,2.7247,2290.8163,-1,-1879637,86057.2,1,1.0,-1,-1.5096,0.0,0
2026-05-29 15:03:00,2276.8,2276.8,2267.3,2267.3,569368,2286.0857,2290.1008,2289.6052,-1,-2.3353,0.7557,-3.091,-1,39.5025,9.4772,64.573,14.9358,1,0.0,1.3021,-1.2586,2307.5375,2277.6525,2292.595,0.013,-0.3464,3.2158,2285.7407,-1,-2449005,114213.55,1,1.0,-1,-1.9249,0.0,0
2026-05-29 15:04:00,2267.3,2269.6,2261.1,2263.7,500399,2281.6086,2287.7007,2288.5893,-1,-4.1003,-0.2155,-3.8848,-1,42.3005,7.8758,65.987,13.4608,1,6.9705,2.3235,-1.4797,2310.6445,2271.5855,2291.115,0.017,-0.2019,3.5932,2281.9109,-1,-2949404,138399.65,1,0.4235,-1,-2.0806,0.0,0
2026-05-29 15:05:00,2264.3,2264.5,2260.5,2261.4,554699,2277.5668,2285.3098,2287.523,-1,-5.6198,-1.2964,-4.3235,-1,44.9247,7.2546,61.9653,12.6043,1,2.3747,3.1151,-1.5498,2312.9295,2266.1405,2289.535,0.0204,-0.1013,3.6223,2278.4889,-1,-3504103,164718.3,1,0.725,-1,-2.1801,0.0,0
2026-05-29 15:06:00,2261.5,2261.5,2259.9,2261.1,400535,2274.2735,2283.1089,2286.4868,-1,-6.7703,-2.3912,-4.3791,-1,47.3885,7.0162,61.1613,12.4927,1,3.1169,4.154,-1.61,2314.2756,2261.5444,2287.91,0.023,-0.0084,3.4778,2276.543,-1,-3904638,184394.8,1,0.25,-1,-2.1931,0.0,0
2026-05-29 15:07:00,2261.1,2261.6,2255.4,2255.4,441644,2270.4988,2280.5899,2285.2678,-1,-8.0491,-3.5228,-4.5264,-1,49.8636,6.1701,62.5384,10.5758,1,0.0,1.8305,-1.8324,2315.7667,2256.2433,2286.005,0.026,-0.0142,3.6723,2274.4811,-1,-4346282,206242.25,1,0.9194,-1,-2.4397,0.0,0
2026-05-29 15:08:00,2255.5,2256.8,2250.6,2254.2,499625,2267.239,2278.1908,2284.0494,-1,-9.0551,-4.6292,-4.4259,-1,52.3256,5.4609,64.2489,10.2202,1,7.5314,3.5494,-1.8847,2316.619,2251.461,2284.04,0.0285,0.042,3.8528,2272.2137,-1,-4845907,230787.25,1,0.2097,-1,-2.4916,0.0,0
2026-05-29 15:09:00,2254.2,2255.0,2251.5,2251.7,335027,2264.1312,2275.7825,2282.7808,-1,-9.9395,-5.6913,-4.2482,-1,54.6118,5.1042,60.0525,9.5034,1,2.3013,3.2775,-1.9935,2317.0953,2246.8047,2281.95,0.0308,0.0696,3.8276,2270.8725,-1,-5180934,247285.95,0,0.7143,-1,-2.5997,0.0,0
2026-05-29 15:10:00,2250.9,2252.0,2247.7,2250.3,509455,2261.365,2273.466,2281.507,-1,-10.6308,-6.6792,-3.9516,-1,56.8521,4.6982,62.3051,9.1177,1,5.1282,4.9869,-1.9263,2316.9746,2242.5254,2279.75,0.0327,0.1044,3.8614,2268.8169,-1,-5690389,271637.2,1,0.1395,-1,-2.6603,0.0,1
2026-05-29 15:11:00,2250.5,2253.9,2250.3,2252.9,508628,2259.672,2271.5963,2280.3852,-1,-10.8439,-7.5121,-3.3317,-1,58.2221,7.9156,58.1358,15.9403,1,10.2564,5.8953,-1.4523,2315.8286,2239.3914,2277.61,0.0336,0.1767,3.8427,2267.2901,-1,-5181761,295797.3,1,0.6667,1,-2.5478,0.1155,0
2026-05-29 15:12:00,2253.0,2253.4,2251.0,2251.0,616561,2257.9376,2269.7239,2279.2328,-1,-11.0388,-8.2175,-2.8213,-1,59.4943,7.5527,55.4708,15.0511,1,6.5089,7.2978,-1.1375,2314.3982,2236.4018,2275.4,0.0343,0.1872,3.7396,2265.8021,-1,-5798322,326337.7,1,0.8333,-1,-2.6216,0.0311,0
2026-05-29 15:13:00,2253.6,2253.6,2248.2,2249.5,384027,2256.2501,2267.8854,2278.0668,-1,-11.1854,-8.811,-2.3743,-1,60.8189,6.7977,55.109,14.3696,1,3.5503,6.7719,-0.7851,2312.3929,2233.7371,2273.065,0.0346,0.2004,3.8582,2264.8922,-1,-6182349,344913.95,0,0.7593,-1,-2.6865,0.0,1
2026-05-29 15:14:00,2249.5,2253.7,2249.1,2253.5,443026,2255.7001,2266.5776,2277.1034,-1,-10.8537,-9.2196,-1.6341,-1,62.0081,6.4092,50.4795,24.2231,1,12.527,7.5287,-0.4506,2309.356,2232.354,2270.855,0.0339,0.2746,3.9112,2264.0669,-1,-5739323,366473.1,0,0.8696,1,-2.5134,0.1778,1
2026-05-29 15:15:00,2254.2,2258.4,2254.2,2257.6,334705,2256.08,2265.7615,2276.3386,-1,-10.143,-9.4043,-0.7388,-1,61.3405,14.277,46.0424,32.7635,1,25.7813,13.9528,-0.168,2305.8341,2231.9359,2268.885,0.0326,0.3473,3.9818,2263.6558,-1,-5404618,382176.35,0,0.8095,1,-2.336,0.3601,0
2026-05-29 15:16:00,2257.7,2257.7,2255.1,2256.2,339729,2256.104,2264.8923,2275.5489,-1,-9.5823,-9.4399,-0.1425,-1,60.7206,13.5942,43.8404,31.4596,1,29.2096,22.506,-0.2167,2301.5629,2232.0171,2266.79,0.0307,0.3477,3.8831,2263.2769,-1,-5744347,398382.2,0,0.5769,-1,-2.3966,0.2978,0
2026-05-29 15:17:00,2256.4,2256.7,2253.8,2254.7,421388,2255.8232,2263.9657,2274.7312,-1,-9.1535,-9.3826,0.2291,1,60.2901,12.8556,43.894,30.0785,1,31.9635,28.9848,-0.031,2296.7662,2232.5338,2264.65,0.0284,0.3451,3.8129,2262.8111,-1,-6165735,418808.55,0,0.5862,-1,-2.4615,0.2312,0
2026-05-29 15:18:00,2254.6,2254.7,2253.4,2254.5,434639,2255.5586,2263.1052,2273.9379,-1,-8.7292,-9.2519,0.5227,1,59.9357,12.5271,43.5586,29.8901,1,40.4762,33.8831,0.0133,2291.0962,2233.9038,2262.5,0.0253,0.3601,3.6334,2262.3169,-1,-6600374,439676.65,0,0.0769,-1,-2.4702,0.2223,1
2026-05-29 15:19:00,2254.5,2255.6,2254.1,2255.5,283828,2255.5469,2262.4138,2273.2148,-1,-8.2175,-9.045,0.8276,1,59.2421,13.9883,42.2179,32.1778,1,56.1151,42.8516,0.1688,2284.1676,2236.6324,2260.4,0.021,0.3969,3.481,2261.9744,-1,-6316546,452352.55,0,0.6667,1,-2.4269,0.2667,0
2026-05-29 15:20:00,2255.4,2255.7,2252.7,2253.7,263775,2255.1775,2261.6216,2272.4495,-1,-7.8665,-8.8093,0.9428,1,58.7835,13.1186,42.4945,30.2635,1,43.1655,46.5856,0.1511,2276.3786,2240.3414,2258.36,0.016,0.3707,3.4467,2258.671,-1,-6580321,426344.7,0,0.5667,-1,-2.5048,0.1867,0
2026-05-29 15:21:00,2253.6,2253.6,2251.5,2251.6,294947,2254.462,2260.7106,2271.6319,-1,-7.6694,-8.5813,0.9119,1,58.5125,12.5046,43.0585,28.1588,1,36.4486,45.2431,-0.0577,2269.5967,2243.6733,2256.635,0.0115,0.3058,3.3576,2257.2878,-1,-6875268,424621.5,0,0.9524,-1,-2.5956,0.0934,0
2026-05-29 15:22:00,2251.6,2251.7,2251.1,2251.3,282982,2253.8296,2259.8551,2270.8346,-1,-7.4515,-8.3554,0.9039,1,58.313,12.3351,43.3786,27.8607,1,33.6449,37.753,0.0133,2264.5751,2246.1349,2255.355,0.0082,0.2801,3.1607,2256.1287,-1,-7158250,420949.35,0,0.5,-1,-2.6086,0.08,0
2026-05-29 15:23:00,2251.2,2251.4,2249.9,2250.7,351083,2253.2037,2259.0228,2270.045,-1,-7.2437,-8.133,0.8893,1,58.2853,11.9006,44.6684,27.2397,1,28.0374,32.7103,0.0533,2262.1442,2246.9058,2254.525,0.0068,0.249,3.042,2254.8994,-1,-7509333,410035.1,0,0.3333,-1,-2.6261,0.0533,0
2026-05-29 15:24:00,2250.8,2250.9,2250.3,2250.4,277034,2252.6429,2258.2389,2269.2746,-1,-7.0224,-7.9109,0.8886,1,58.2596,11.7228,44.0009,26.9166,1,21.5686,27.7503,-0.1376,2260.406,2247.314,2253.86,0.0058,0.2357,2.8676,2254.1267,-1,-7786367,398866.85,0,0.6667,-1,-2.6391,0.04,0
2026-05-29 15:25:00,2250.2,2250.2,2245.3,2246.8,370857,2251.4744,2257.199,2268.3932,-1,-7.056,-7.7399,0.6839,1,58.8188,10.312,50.504,23.339,1,11.4504,20.3521,-0.4784,2259.4003,2246.8597,2253.13,0.0056,-0.0048,3.0271,2253.2383,-1,-8157224,389674.75,0,0.6939,-1,-2.7948,0.0,0
2026-05-29 15:26:00,2246.7,2246.7,2235.9,2240.3,367724,2249.2395,2255.6627,2267.2915,-1,-7.5205,-7.6961,0.1755,1,60.0211,8.0753,58.2551,18.546,1,19.5556,17.5249,-0.7047,2259.5202,2244.6598,2252.09,0.0066,-0.2934,3.5894,2252.2649,-1,-8524948,388034.2,0,0.5926,-1,-3.0635,0.0,1
2026-05-29 15:27:00,2240.4,2241.7,2240.4,2241.5,383946,2247.6916,2254.3752,2266.2801,-1,-7.703,-7.6975,-0.0056,-1,61.1376,7.84,56.5582,21.7413,1,24.8889,18.6316,-0.5854,2259.969,2242.821,2251.395,0.0076,-0.077,3.433,2251.4151,-1,-8141002,385149.3,0,0.8462,1,-3.0116,0.0536,1
2026-05-29 15:28:00,2241.5,2256.0,2241.5,2255.6,104019,2249.2733,2254.4865,2265.8613,-1,-6.6335,-7.4847,0.8512,1,58.0057,30.1017,42.6887,47.7016,0,87.5556,44.0,0.0488,2260.1516,2242.7784,2251.465,0.0077,0.738,4.2235,2251.2421,1,-8036983,365369.0,0,0.9724,1,-2.3972,0.6829,1
2026-05-29 15:29:00,2255.8,2259.4,2250.0,2256.0,70944,2250.6186,2254.6241,2265.4746,-1,-5.688,-7.1253,1.4374,1,54.4408,30.9888,36.4486,48.2263,0,85.5319,65.9921,0.0222,2260.5892,2242.7708,2251.68,0.0079,0.7424,4.5933,2251.2103,1,-7966039,352164.85,0,0.0213,1,-2.3799,0.7008,0
